response_id,survey_date,month,region,region_code,service_category,channel,respondent_type,age_band,csat_1_5,ease_of_use_1_5,nps_0_10,resolved_first_contact,would_recommend,sentiment,comment_en,comment_ar
CS-00001,2026-03-16,2026-03-01,Jazan,JZN,Municipal Services,Web Portal,Citizen,25-34,5,4,10,1,Yes,Positive,Much easier than going to the branch.,أنهيت المعاملة عبر الجوال خلال دقيقتين.
CS-00002,2026-06-10,2026-06-01,Qassim,QSM,Education & Training,Call Center,Citizen,18-24,4,4,6,1,Yes,Positive,The Nafath login worked first time.,أنهيت المعاملة عبر الجوال خلال دقيقتين.
CS-00003,2026-05-22,2026-05-01,Tabuk,TBK,Labour & HR Services,Web Portal,Citizen,35-44,4,5,6,1,Yes,Positive,The Nafath login worked first time.,أنهيت المعاملة عبر الجوال خلال دقيقتين.
CS-00004,2026-05-18,2026-05-01,Madinah,MAD,Identity & Civil Affairs,Mobile App,Citizen,55-64,5,5,10,1,Yes,Positive,Clear steps and instant confirmation.,الخطوات واضحة والتأكيد فوري.
CS-00005,2026-04-05,2026-04-01,Eastern Province,EAS,Identity & Civil Affairs,Mobile App,Citizen,25-34,4,4,7,1,Yes,Positive,The Nafath login worked first time.,تسجيل الدخول عبر نفاذ عمل من أول مرة.
CS-00006,2026-05-21,2026-05-01,Riyadh,RIY,Identity & Civil Affairs,Mobile App,Resident,55-64,5,5,10,0,Yes,Positive,Finished it on my phone in two minutes.,أنهيت المعاملة عبر الجوال خلال دقيقتين.
CS-00007,2026-06-26,2026-06-01,Makkah,MAK,Health Services,Call Center,Citizen,18-24,3,2,8,0,Maybe,Neutral,"Fine, though I had to call to confirm.",مقبولة لكن اضطررت للاتصال للتأكيد.
CS-00008,2026-02-26,2026-02-01,Riyadh,RIY,Education & Training,Mobile App,Resident,25-34,4,3,10,1,Yes,Positive,"No paperwork needed, very good service.",أنهيت المعاملة عبر الجوال خلال دقيقتين.
CS-00009,2026-04-24,2026-04-01,Asir,ASR,Labour & HR Services,Mobile App,Resident,35-44,4,4,7,1,Yes,Positive,Finished it on my phone in two minutes.,أنهيت المعاملة عبر الجوال خلال دقيقتين.
CS-00010,2026-02-04,2026-02-01,Riyadh,RIY,Business & Licensing,Mobile App,Resident,25-34,5,4,8,1,Yes,Positive,Finished it on my phone in two minutes.,تسجيل الدخول عبر نفاذ عمل من أول مرة.
CS-00011,2026-02-09,2026-02-01,Makkah,MAK,Health Services,Branch,Citizen,18-24,4,5,7,1,Yes,Positive,Finished it on my phone in two minutes.,الخطوات واضحة والتأكيد فوري.
CS-00012,2026-03-24,2026-03-01,Eastern Province,EAS,Justice & Notary,Mobile App,Resident,35-44,5,5,8,1,Yes,Positive,The Nafath login worked first time.,أسهل بكثير من زيارة الفرع.
CS-00013,2026-05-24,2026-05-01,Makkah,MAK,Education & Training,Mobile App,Business,35-44,4,5,8,1,Yes,Positive,"No paperwork needed, very good service.",أسهل بكثير من زيارة الفرع.
CS-00014,2026-01-27,2026-01-01,Riyadh,RIY,Labour & HR Services,Web Portal,Citizen,25-34,5,5,8,1,Yes,Positive,Finished it on my phone in two minutes.,الخطوات واضحة والتأكيد فوري.
CS-00015,2026-05-01,2026-05-01,Eastern Province,EAS,Municipal Services,Call Center,Resident,18-24,3,2,5,0,Maybe,Neutral,It worked but the wording was confusing.,مقبولة لكن اضطررت للاتصال للتأكيد.
CS-00016,2026-05-08,2026-05-01,Makkah,MAK,Traffic & Transport,Web Portal,Citizen,65+,4,4,8,0,Yes,Positive,Much easier than going to the branch.,الخطوات واضحة والتأكيد فوري.
CS-00017,2026-01-22,2026-01-01,Riyadh,RIY,Identity & Civil Affairs,Branch,Citizen,65+,2,1,3,1,No,Negative,The document upload kept rejecting my file.,انتظرت أربعين دقيقة ثم أُغلق الشباك.
CS-00018,2026-03-06,2026-03-01,Qassim,QSM,Justice & Notary,Web Portal,Citizen,18-24,3,3,4,1,Maybe,Neutral,Acceptable but the receipt was hard to find.,مقبولة لكن اضطررت للاتصال للتأكيد.
CS-00019,2026-05-16,2026-05-01,Makkah,MAK,Business & Licensing,Mobile App,Citizen,25-34,3,3,4,1,Maybe,Neutral,It worked but the wording was confusing.,استغرقت وقتاً أطول مما توقعت.
CS-00020,2026-02-14,2026-02-01,Riyadh,RIY,Labour & HR Services,Mobile App,Citizen,35-44,4,5,10,1,Yes,Positive,Much easier than going to the branch.,الخطوات واضحة والتأكيد فوري.
CS-00021,2026-05-14,2026-05-01,Eastern Province,EAS,Municipal Services,Mobile App,Resident,25-34,5,5,10,1,Yes,Positive,"No paperwork needed, very good service.",تسجيل الدخول عبر نفاذ عمل من أول مرة.
CS-00022,2026-05-20,2026-05-01,Riyadh,RIY,Traffic & Transport,Mobile App,Citizen,25-34,5,4,10,1,Yes,Positive,Finished it on my phone in two minutes.,أنهيت المعاملة عبر الجوال خلال دقيقتين.
CS-00023,2026-04-23,2026-04-01,Riyadh,RIY,Identity & Civil Affairs,Mobile App,Resident,25-34,5,5,9,1,Yes,Positive,Much easier than going to the branch.,أنهيت المعاملة عبر الجوال خلال دقيقتين.
CS-00024,2026-03-08,2026-03-01,Eastern Province,EAS,Social Support & Subsidies,Branch,Citizen,55-64,4,5,10,1,Yes,Positive,Finished it on my phone in two minutes.,تسجيل الدخول عبر نفاذ عمل من أول مرة.
CS-00025,2026-03-20,2026-03-01,Makkah,MAK,Labour & HR Services,Branch,Business,25-34,3,3,5,0,Maybe,Neutral,Took longer than I expected.,مقبولة لكن اضطررت للاتصال للتأكيد.
CS-00026,2026-05-01,2026-05-01,Makkah,MAK,Education & Training,Mobile App,Resident,45-54,5,4,8,1,Yes,Positive,Much easier than going to the branch.,الخطوات واضحة والتأكيد فوري.
CS-00027,2026-01-14,2026-01-01,Makkah,MAK,Health Services,Mobile App,Citizen,45-54,5,4,8,1,Yes,Positive,Clear steps and instant confirmation.,تسجيل الدخول عبر نفاذ عمل من أول مرة.
CS-00028,2026-02-27,2026-02-01,Qassim,QSM,Justice & Notary,Mobile App,Citizen,25-34,5,5,9,1,Yes,Positive,Finished it on my phone in two minutes.,تسجيل الدخول عبر نفاذ عمل من أول مرة.
CS-00029,2026-05-08,2026-05-01,Eastern Province,EAS,Labour & HR Services,Call Center,Resident,25-34,4,4,6,1,Yes,Positive,Clear steps and instant confirmation.,أسهل بكثير من زيارة الفرع.
CS-00030,2026-02-07,2026-02-01,Madinah,MAD,Health Services,Web Portal,Citizen,65+,4,4,9,1,Yes,Positive,Much easier than going to the branch.,الخطوات واضحة والتأكيد فوري.
CS-00031,2026-02-26,2026-02-01,Riyadh,RIY,Social Support & Subsidies,Branch,Resident,55-64,3,3,4,0,Maybe,Neutral,It worked but the wording was confusing.,مقبولة لكن اضطررت للاتصال للتأكيد.
CS-00032,2026-01-21,2026-01-01,Najran,NJR,Labour & HR Services,Web Portal,Citizen,55-64,3,3,5,0,Maybe,Neutral,Took longer than I expected.,مقبولة لكن اضطررت للاتصال للتأكيد.
CS-00033,2026-03-20,2026-03-01,Eastern Province,EAS,Social Support & Subsidies,Web Portal,Citizen,65+,5,5,10,1,Yes,Positive,Much easier than going to the branch.,الخطوات واضحة والتأكيد فوري.
CS-00034,2026-04-16,2026-04-01,Qassim,QSM,Municipal Services,Web Portal,Citizen,35-44,3,3,6,0,Maybe,Neutral,Took longer than I expected.,مقبولة لكن اضطررت للاتصال للتأكيد.
CS-00035,2026-06-25,2026-06-01,Makkah,MAK,Health Services,Call Center,Citizen,35-44,5,5,8,1,Yes,Positive,The Nafath login worked first time.,أنهيت المعاملة عبر الجوال خلال دقيقتين.
CS-00036,2026-04-16,2026-04-01,Qassim,QSM,Business & Licensing,Mobile App,Business,25-34,5,5,8,1,Yes,Positive,"No paperwork needed, very good service.",تسجيل الدخول عبر نفاذ عمل من أول مرة.
CS-00037,2026-06-03,2026-06-01,Makkah,MAK,Traffic & Transport,Web Portal,Citizen,35-44,4,4,9,0,Yes,Positive,"No paperwork needed, very good service.",الخطوات واضحة والتأكيد فوري.
CS-00038,2026-05-07,2026-05-01,Makkah,MAK,Education & Training,Call Center,Citizen,25-34,2,3,5,0,No,Negative,No Arabic option on one of the screens.,فشل التحقق ثلاث مرات فاضطررت للتوقف.
CS-00039,2026-04-21,2026-04-01,Qassim,QSM,Traffic & Transport,Branch,Citizen,25-34,3,4,4,0,Maybe,Neutral,Took longer than I expected.,استغرقت وقتاً أطول مما توقعت.
CS-00040,2026-04-17,2026-04-01,Eastern Province,EAS,Health Services,Call Center,Citizen,18-24,5,5,8,1,Yes,Positive,Clear steps and instant confirmation.,الخطوات واضحة والتأكيد فوري.
CS-00041,2026-03-21,2026-03-01,Riyadh,RIY,Health Services,Mobile App,Citizen,18-24,4,4,7,1,Yes,Positive,Clear steps and instant confirmation.,تسجيل الدخول عبر نفاذ عمل من أول مرة.
CS-00042,2026-02-22,2026-02-01,Al-Jouf,JOF,Business & Licensing,Mobile App,Resident,65+,5,4,10,1,Yes,Positive,The Nafath login worked first time.,تسجيل الدخول عبر نفاذ عمل من أول مرة.
CS-00043,2026-02-09,2026-02-01,Riyadh,RIY,Traffic & Transport,Web Portal,Citizen,25-34,3,4,7,1,Maybe,Neutral,"Fine, though I had to call to confirm.",مقبولة لكن اضطررت للاتصال للتأكيد.
CS-00044,2026-01-09,2026-01-01,Makkah,MAK,Education & Training,Web Portal,Citizen,35-44,5,4,10,0,Yes,Positive,The Nafath login worked first time.,الخطوات واضحة والتأكيد فوري.
CS-00045,2026-01-07,2026-01-01,Riyadh,RIY,Traffic & Transport,Branch,Citizen,35-44,4,4,6,1,Yes,Positive,Finished it on my phone in two minutes.,الخطوات واضحة والتأكيد فوري.
CS-00046,2026-05-17,2026-05-01,Riyadh,RIY,Business & Licensing,Branch,Citizen,18-24,3,2,6,1,Maybe,Neutral,Acceptable but the receipt was hard to find.,استغرقت وقتاً أطول مما توقعت.
CS-00047,2026-03-17,2026-03-01,Makkah,MAK,Identity & Civil Affairs,Branch,Citizen,25-34,3,2,7,0,Maybe,Neutral,Took longer than I expected.,تمت الخدمة لكن الصياغة غير واضحة.
CS-00048,2026-01-10,2026-01-01,Makkah,MAK,Business & Licensing,Branch,Citizen,35-44,4,4,9,1,Yes,Positive,Much easier than going to the branch.,أسهل بكثير من زيارة الفرع.
CS-00049,2026-02-11,2026-02-01,Makkah,MAK,Health Services,Mobile App,Citizen,25-34,5,4,9,1,Yes,Positive,Much easier than going to the branch.,الخطوات واضحة والتأكيد فوري.
CS-00050,2026-01-12,2026-01-01,Makkah,MAK,Identity & Civil Affairs,Mobile App,Resident,55-64,4,4,7,1,Yes,Positive,Finished it on my phone in two minutes.,أسهل بكثير من زيارة الفرع.
CS-00051,2026-05-28,2026-05-01,Asir,ASR,Identity & Civil Affairs,Mobile App,Resident,25-34,5,4,10,1,Yes,Positive,The Nafath login worked first time.,الخطوات واضحة والتأكيد فوري.
CS-00052,2026-04-22,2026-04-01,Makkah,MAK,Labour & HR Services,Call Center,Citizen,45-54,5,5,10,1,Yes,Positive,"No paperwork needed, very good service.",تسجيل الدخول عبر نفاذ عمل من أول مرة.
CS-00053,2026-05-09,2026-05-01,Madinah,MAD,Business & Licensing,Branch,Citizen,35-44,4,5,8,1,Yes,Positive,"No paperwork needed, very good service.",أسهل بكثير من زيارة الفرع.
CS-00054,2026-04-03,2026-04-01,Riyadh,RIY,Social Support & Subsidies,Web Portal,Citizen,45-54,3,3,5,1,Maybe,Neutral,Acceptable but the receipt was hard to find.,مقبولة لكن اضطررت للاتصال للتأكيد.
CS-00055,2026-05-19,2026-05-01,Riyadh,RIY,Social Support & Subsidies,Mobile App,Resident,55-64,5,4,10,1,Yes,Positive,"No paperwork needed, very good service.",الخطوات واضحة والتأكيد فوري.
CS-00056,2026-04-15,2026-04-01,Asir,ASR,Traffic & Transport,Branch,Citizen,45-54,4,5,8,1,Yes,Positive,The Nafath login worked first time.,الخطوات واضحة والتأكيد فوري.
CS-00057,2026-06-26,2026-06-01,Eastern Province,EAS,Traffic & Transport,Mobile App,Citizen,25-34,4,5,10,1,Yes,Positive,Clear steps and instant confirmation.,الخطوات واضحة والتأكيد فوري.
CS-00058,2026-01-23,2026-01-01,Makkah,MAK,Labour & HR Services,Mobile App,Citizen,25-34,3,2,6,0,Maybe,Neutral,Took longer than I expected.,مقبولة لكن اضطررت للاتصال للتأكيد.
CS-00059,2026-05-17,2026-05-01,Eastern Province,EAS,Labour & HR Services,Branch,Citizen,35-44,5,4,10,1,Yes,Positive,Much easier than going to the branch.,تسجيل الدخول عبر نفاذ عمل من أول مرة.
CS-00060,2026-05-25,2026-05-01,Asir,ASR,Social Support & Subsidies,Mobile App,Citizen,45-54,5,5,8,1,Yes,Positive,"No paperwork needed, very good service.",الخطوات واضحة والتأكيد فوري.
CS-00061,2026-03-18,2026-03-01,Eastern Province,EAS,Business & Licensing,Web Portal,Resident,65+,4,4,10,1,Yes,Positive,"No paperwork needed, very good service.",أسهل بكثير من زيارة الفرع.
CS-00062,2026-05-24,2026-05-01,Qassim,QSM,Education & Training,Call Center,Resident,35-44,4,5,9,1,Yes,Positive,"No paperwork needed, very good service.",الخطوات واضحة والتأكيد فوري.
CS-00063,2026-04-04,2026-04-01,Makkah,MAK,Education & Training,Call Center,Citizen,55-64,3,2,8,1,Maybe,Neutral,Acceptable but the receipt was hard to find.,تمت الخدمة لكن الصياغة غير واضحة.
CS-00064,2026-06-06,2026-06-01,Riyadh,RIY,Social Support & Subsidies,Mobile App,Citizen,25-34,4,3,10,1,Yes,Positive,The Nafath login worked first time.,الخطوات واضحة والتأكيد فوري.
CS-00065,2026-03-09,2026-03-01,Riyadh,RIY,Business & Licensing,Call Center,Citizen,25-34,4,4,10,1,Yes,Positive,Finished it on my phone in two minutes.,تسجيل الدخول عبر نفاذ عمل من أول مرة.
CS-00066,2026-04-14,2026-04-01,Eastern Province,EAS,Business & Licensing,Mobile App,Citizen,25-34,4,4,8,1,Yes,Positive,Much easier than going to the branch.,تسجيل الدخول عبر نفاذ عمل من أول مرة.
CS-00067,2026-06-28,2026-06-01,Makkah,MAK,Identity & Civil Affairs,Mobile App,Citizen,25-34,5,4,10,0,Yes,Positive,The Nafath login worked first time.,أنهيت المعاملة عبر الجوال خلال دقيقتين.
CS-00068,2026-06-02,2026-06-01,Riyadh,RIY,Social Support & Subsidies,Mobile App,Citizen,55-64,5,4,9,1,Yes,Positive,Clear steps and instant confirmation.,أسهل بكثير من زيارة الفرع.
CS-00069,2026-03-11,2026-03-01,Jazan,JZN,Social Support & Subsidies,Mobile App,Citizen,25-34,5,4,8,1,Yes,Positive,Finished it on my phone in two minutes.,أسهل بكثير من زيارة الفرع.
CS-00070,2026-05-15,2026-05-01,Makkah,MAK,Social Support & Subsidies,Branch,Citizen,18-24,3,4,5,0,Maybe,Neutral,Took longer than I expected.,تمت الخدمة لكن الصياغة غير واضحة.
CS-00071,2026-02-28,2026-02-01,Tabuk,TBK,Labour & HR Services,Mobile App,Citizen,25-34,4,3,6,1,Yes,Positive,Clear steps and instant confirmation.,أنهيت المعاملة عبر الجوال خلال دقيقتين.
CS-00072,2026-02-06,2026-02-01,Makkah,MAK,Municipal Services,Mobile App,Citizen,25-34,4,3,7,0,Yes,Positive,"No paperwork needed, very good service.",أسهل بكثير من زيارة الفرع.
CS-00073,2026-04-03,2026-04-01,Qassim,QSM,Business & Licensing,Call Center,Citizen,65+,5,5,10,0,Yes,Positive,Much easier than going to the branch.,الخطوات واضحة والتأكيد فوري.
CS-00074,2026-05-18,2026-05-01,Eastern Province,EAS,Traffic & Transport,Branch,Citizen,18-24,4,3,10,1,Yes,Positive,The Nafath login worked first time.,تسجيل الدخول عبر نفاذ عمل من أول مرة.
CS-00075,2026-03-14,2026-03-01,Makkah,MAK,Social Support & Subsidies,Mobile App,Citizen,18-24,5,4,8,1,Yes,Positive,Much easier than going to the branch.,أنهيت المعاملة عبر الجوال خلال دقيقتين.
CS-00076,2026-02-21,2026-02-01,Riyadh,RIY,Identity & Civil Affairs,Mobile App,Citizen,55-64,5,4,8,1,Yes,Positive,Clear steps and instant confirmation.,أسهل بكثير من زيارة الفرع.
CS-00077,2026-05-10,2026-05-01,Makkah,MAK,Traffic & Transport,Call Center,Citizen,18-24,4,4,8,1,Yes,Positive,Finished it on my phone in two minutes.,الخطوات واضحة والتأكيد فوري.
CS-00078,2026-01-07,2026-01-01,Al-Jouf,JOF,Social Support & Subsidies,Mobile App,Citizen,18-24,5,4,10,1,Yes,Positive,"No paperwork needed, very good service.",الخطوات واضحة والتأكيد فوري.
CS-00079,2026-04-20,2026-04-01,Riyadh,RIY,Labour & HR Services,Call Center,Citizen,18-24,2,2,2,0,No,Negative,The authentication failed three times and I gave up.,فشل التحقق ثلاث مرات فاضطررت للتوقف.
CS-00080,2026-02-22,2026-02-01,Makkah,MAK,Traffic & Transport,Mobile App,Citizen,18-24,5,5,10,1,Yes,Positive,Finished it on my phone in two minutes.,تسجيل الدخول عبر نفاذ عمل من أول مرة.
CS-00081,2026-01-13,2026-01-01,Asir,ASR,Traffic & Transport,Web Portal,Citizen,45-54,4,4,7,1,Yes,Positive,Much easier than going to the branch.,أسهل بكثير من زيارة الفرع.
CS-00082,2026-01-06,2026-01-01,Makkah,MAK,Health Services,Mobile App,Citizen,25-34,4,4,7,1,Yes,Positive,Finished it on my phone in two minutes.,الخطوات واضحة والتأكيد فوري.
CS-00083,2026-05-21,2026-05-01,Madinah,MAD,Identity & Civil Affairs,Web Portal,Business,35-44,5,4,10,1,Yes,Positive,Much easier than going to the branch.,تسجيل الدخول عبر نفاذ عمل من أول مرة.
CS-00084,2026-05-20,2026-05-01,Riyadh,RIY,Social Support & Subsidies,Call Center,Citizen,25-34,5,5,9,1,Yes,Positive,Clear steps and instant confirmation.,أسهل بكثير من زيارة الفرع.
CS-00085,2026-05-07,2026-05-01,Riyadh,RIY,Labour & HR Services,Mobile App,Citizen,18-24,5,5,9,1,Yes,Positive,Clear steps and instant confirmation.,أسهل بكثير من زيارة الفرع.
CS-00086,2026-02-04,2026-02-01,Madinah,MAD,Business & Licensing,Mobile App,Citizen,45-54,5,4,9,1,Yes,Positive,Clear steps and instant confirmation.,تسجيل الدخول عبر نفاذ عمل من أول مرة.
CS-00087,2026-04-14,2026-04-01,Riyadh,RIY,Health Services,Branch,Citizen,18-24,4,4,6,1,Yes,Positive,The Nafath login worked first time.,تسجيل الدخول عبر نفاذ عمل من أول مرة.
CS-00088,2026-05-21,2026-05-01,Madinah,MAD,Education & Training,Mobile App,Citizen,35-44,5,5,10,1,Yes,Positive,The Nafath login worked first time.,أسهل بكثير من زيارة الفرع.
CS-00089,2026-04-21,2026-04-01,Makkah,MAK,Social Support & Subsidies,Mobile App,Citizen,65+,4,5,8,1,Yes,Positive,"No paperwork needed, very good service.",أنهيت المعاملة عبر الجوال خلال دقيقتين.
CS-00090,2026-01-17,2026-01-01,Eastern Province,EAS,Identity & Civil Affairs,Mobile App,Citizen,18-24,5,4,10,1,Yes,Positive,Clear steps and instant confirmation.,أنهيت المعاملة عبر الجوال خلال دقيقتين.
CS-00091,2026-02-22,2026-02-01,Madinah,MAD,Justice & Notary,Web Portal,Citizen,45-54,5,5,9,1,Yes,Positive,The Nafath login worked first time.,تسجيل الدخول عبر نفاذ عمل من أول مرة.
CS-00092,2026-06-21,2026-06-01,Riyadh,RIY,Business & Licensing,Mobile App,Business,25-34,5,5,9,1,Yes,Positive,The Nafath login worked first time.,أسهل بكثير من زيارة الفرع.
CS-00093,2026-05-09,2026-05-01,Makkah,MAK,Business & Licensing,Mobile App,Business,25-34,3,4,5,0,Maybe,Neutral,It worked but the wording was confusing.,استغرقت وقتاً أطول مما توقعت.
CS-00094,2026-06-13,2026-06-01,Makkah,MAK,Business & Licensing,Mobile App,Resident,18-24,5,5,10,1,Yes,Positive,Finished it on my phone in two minutes.,أسهل بكثير من زيارة الفرع.
CS-00095,2026-01-26,2026-01-01,Makkah,MAK,Identity & Civil Affairs,Branch,Citizen,35-44,3,3,7,0,Maybe,Neutral,"Fine, though I had to call to confirm.",مقبولة لكن اضطررت للاتصال للتأكيد.
CS-00096,2026-05-07,2026-05-01,Riyadh,RIY,Education & Training,Mobile App,Citizen,45-54,4,4,6,1,Yes,Positive,Much easier than going to the branch.,أنهيت المعاملة عبر الجوال خلال دقيقتين.
CS-00097,2026-04-11,2026-04-01,Asir,ASR,Health Services,Branch,Citizen,35-44,4,5,8,1,Yes,Positive,The Nafath login worked first time.,الخطوات واضحة والتأكيد فوري.
CS-00098,2026-06-02,2026-06-01,Najran,NJR,Education & Training,Mobile App,Citizen,45-54,4,5,8,1,Yes,Positive,Clear steps and instant confirmation.,الخطوات واضحة والتأكيد فوري.
CS-00099,2026-02-02,2026-02-01,Makkah,MAK,Labour & HR Services,Mobile App,Citizen,25-34,3,3,5,1,Maybe,Neutral,Took longer than I expected.,استغرقت وقتاً أطول مما توقعت.
CS-00100,2026-05-12,2026-05-01,Riyadh,RIY,Business & Licensing,Mobile App,Citizen,18-24,3,2,6,0,Maybe,Neutral,"Fine, though I had to call to confirm.",تمت الخدمة لكن الصياغة غير واضحة.
CS-00101,2026-01-05,2026-01-01,Eastern Province,EAS,Education & Training,Branch,Citizen,18-24,4,4,9,1,Yes,Positive,"No paperwork needed, very good service.",أسهل بكثير من زيارة الفرع.
CS-00102,2026-04-02,2026-04-01,Qassim,QSM,Health Services,Branch,Citizen,35-44,5,5,9,1,Yes,Positive,"No paperwork needed, very good service.",الخطوات واضحة والتأكيد فوري.
CS-00103,2026-03-19,2026-03-01,Eastern Province,EAS,Municipal Services,Mobile App,Citizen,45-54,5,5,8,1,Yes,Positive,Finished it on my phone in two minutes.,أسهل بكثير من زيارة الفرع.
CS-00104,2026-06-07,2026-06-01,Eastern Province,EAS,Health Services,Mobile App,Citizen,45-54,5,5,8,1,Yes,Positive,Clear steps and instant confirmation.,أسهل بكثير من زيارة الفرع.
CS-00105,2026-05-15,2026-05-01,Eastern Province,EAS,Labour & HR Services,Mobile App,Citizen,25-34,3,2,7,1,Maybe,Neutral,Took longer than I expected.,تمت الخدمة لكن الصياغة غير واضحة.
CS-00106,2026-04-11,2026-04-01,Riyadh,RIY,Labour & HR Services,Call Center,Business,25-34,5,5,8,1,Yes,Positive,Finished it on my phone in two minutes.,أسهل بكثير من زيارة الفرع.
CS-00107,2026-05-16,2026-05-01,Riyadh,RIY,Health Services,Mobile App,Citizen,35-44,5,4,10,1,Yes,Positive,The Nafath login worked first time.,تسجيل الدخول عبر نفاذ عمل من أول مرة.
CS-00108,2026-02-16,2026-02-01,Riyadh,RIY,Justice & Notary,Mobile App,Resident,35-44,4,5,10,1,Yes,Positive,Much easier than going to the branch.,أسهل بكثير من زيارة الفرع.
CS-00109,2026-03-06,2026-03-01,Riyadh,RIY,Health Services,Branch,Citizen,18-24,4,5,6,1,Yes,Positive,Finished it on my phone in two minutes.,تسجيل الدخول عبر نفاذ عمل من أول مرة.
CS-00110,2026-04-16,2026-04-01,Riyadh,RIY,Municipal Services,Branch,Citizen,45-54,4,4,9,1,Yes,Positive,Much easier than going to the branch.,أسهل بكثير من زيارة الفرع.
CS-00111,2026-04-13,2026-04-01,Eastern Province,EAS,Identity & Civil Affairs,Mobile App,Citizen,25-34,5,4,10,1,Yes,Positive,Clear steps and instant confirmation.,تسجيل الدخول عبر نفاذ عمل من أول مرة.
CS-00112,2026-02-10,2026-02-01,Makkah,MAK,Identity & Civil Affairs,Web Portal,Resident,18-24,5,4,10,1,Yes,Positive,Clear steps and instant confirmation.,الخطوات واضحة والتأكيد فوري.
CS-00113,2026-06-21,2026-06-01,Makkah,MAK,Social Support & Subsidies,Call Center,Business,25-34,5,5,10,1,Yes,Positive,Much easier than going to the branch.,أنهيت المعاملة عبر الجوال خلال دقيقتين.
CS-00114,2026-02-21,2026-02-01,Asir,ASR,Health Services,Branch,Citizen,35-44,5,5,9,1,Yes,Positive,"No paperwork needed, very good service.",أسهل بكثير من زيارة الفرع.
CS-00115,2026-06-11,2026-06-01,Riyadh,RIY,Education & Training,Mobile App,Citizen,45-54,5,4,10,1,Yes,Positive,Much easier than going to the branch.,الخطوات واضحة والتأكيد فوري.
CS-00116,2026-03-20,2026-03-01,Madinah,MAD,Identity & Civil Affairs,Call Center,Citizen,25-34,5,4,10,1,Yes,Positive,Much easier than going to the branch.,أسهل بكثير من زيارة الفرع.
CS-00117,2026-02-17,2026-02-01,Jazan,JZN,Business & Licensing,Branch,Resident,25-34,3,4,8,0,Maybe,Neutral,Took longer than I expected.,مقبولة لكن اضطررت للاتصال للتأكيد.
CS-00118,2026-05-28,2026-05-01,Makkah,MAK,Identity & Civil Affairs,Call Center,Resident,25-34,4,5,8,1,Yes,Positive,The Nafath login worked first time.,الخطوات واضحة والتأكيد فوري.
CS-00119,2026-01-09,2026-01-01,Jazan,JZN,Labour & HR Services,Mobile App,Citizen,35-44,4,3,7,0,Yes,Positive,The Nafath login worked first time.,أسهل بكثير من زيارة الفرع.
CS-00120,2026-04-13,2026-04-01,Asir,ASR,Traffic & Transport,Call Center,Citizen,25-34,2,3,3,1,No,Negative,The document upload kept rejecting my file.,انتظرت أربعين دقيقة ثم أُغلق الشباك.
CS-00121,2026-04-03,2026-04-01,Makkah,MAK,Municipal Services,Mobile App,Citizen,25-34,4,3,9,0,Yes,Positive,The Nafath login worked first time.,الخطوات واضحة والتأكيد فوري.
CS-00122,2026-01-21,2026-01-01,Riyadh,RIY,Education & Training,Call Center,Citizen,35-44,4,3,8,1,Yes,Positive,Much easier than going to the branch.,أسهل بكثير من زيارة الفرع.
CS-00123,2026-01-25,2026-01-01,Eastern Province,EAS,Labour & HR Services,Branch,Citizen,25-34,3,4,8,0,Maybe,Neutral,Acceptable but the receipt was hard to find.,تمت الخدمة لكن الصياغة غير واضحة.
CS-00124,2026-05-07,2026-05-01,Makkah,MAK,Social Support & Subsidies,Mobile App,Citizen,25-34,5,4,8,1,Yes,Positive,"No paperwork needed, very good service.",تسجيل الدخول عبر نفاذ عمل من أول مرة.
CS-00125,2026-05-23,2026-05-01,Hail,HAL,Labour & HR Services,Call Center,Resident,25-34,4,3,9,1,Yes,Positive,"No paperwork needed, very good service.",أنهيت المعاملة عبر الجوال خلال دقيقتين.
CS-00126,2026-03-27,2026-03-01,Eastern Province,EAS,Municipal Services,Web Portal,Citizen,25-34,3,2,4,1,Maybe,Neutral,"Fine, though I had to call to confirm.",مقبولة لكن اضطررت للاتصال للتأكيد.
CS-00127,2026-03-10,2026-03-01,Eastern Province,EAS,Education & Training,Web Portal,Resident,25-34,5,5,10,1,Yes,Positive,The Nafath login worked first time.,أسهل بكثير من زيارة الفرع.
CS-00128,2026-03-08,2026-03-01,Makkah,MAK,Labour & HR Services,Branch,Resident,35-44,3,2,8,0,Maybe,Neutral,Took longer than I expected.,مقبولة لكن اضطررت للاتصال للتأكيد.
CS-00129,2026-06-10,2026-06-01,Eastern Province,EAS,Business & Licensing,Web Portal,Resident,45-54,5,5,10,1,Yes,Positive,"No paperwork needed, very good service.",تسجيل الدخول عبر نفاذ عمل من أول مرة.
CS-00130,2026-05-17,2026-05-01,Riyadh,RIY,Education & Training,Mobile App,Citizen,55-64,5,5,10,0,Yes,Positive,The Nafath login worked first time.,الخطوات واضحة والتأكيد فوري.
CS-00131,2026-01-10,2026-01-01,Madinah,MAD,Social Support & Subsidies,Branch,Citizen,25-34,4,3,10,1,Yes,Positive,"No paperwork needed, very good service.",تسجيل الدخول عبر نفاذ عمل من أول مرة.
CS-00132,2026-04-15,2026-04-01,Makkah,MAK,Identity & Civil Affairs,Mobile App,Citizen,18-24,4,4,10,0,Yes,Positive,Finished it on my phone in two minutes.,أنهيت المعاملة عبر الجوال خلال دقيقتين.
CS-00133,2026-02-23,2026-02-01,Riyadh,RIY,Traffic & Transport,Mobile App,Resident,65+,5,4,10,1,Yes,Positive,Finished it on my phone in two minutes.,تسجيل الدخول عبر نفاذ عمل من أول مرة.
CS-00134,2026-02-19,2026-02-01,Makkah,MAK,Education & Training,Mobile App,Citizen,18-24,4,5,9,1,Yes,Positive,Clear steps and instant confirmation.,أنهيت المعاملة عبر الجوال خلال دقيقتين.
CS-00135,2026-06-26,2026-06-01,Makkah,MAK,Traffic & Transport,Mobile App,Resident,45-54,3,2,8,1,Maybe,Neutral,"Fine, though I had to call to confirm.",مقبولة لكن اضطررت للاتصال للتأكيد.
CS-00136,2026-03-28,2026-03-01,Makkah,MAK,Municipal Services,Web Portal,Business,65+,4,4,7,1,Yes,Positive,"No paperwork needed, very good service.",أسهل بكثير من زيارة الفرع.
CS-00137,2026-06-16,2026-06-01,Al-Jouf,JOF,Health Services,Mobile App,Citizen,18-24,5,4,10,1,Yes,Positive,The Nafath login worked first time.,الخطوات واضحة والتأكيد فوري.
CS-00138,2026-02-17,2026-02-01,Makkah,MAK,Identity & Civil Affairs,Mobile App,Citizen,45-54,5,4,9,1,Yes,Positive,Finished it on my phone in two minutes.,أسهل بكثير من زيارة الفرع.
CS-00139,2026-01-23,2026-01-01,Riyadh,RIY,Education & Training,Mobile App,Citizen,25-34,3,2,6,1,Maybe,Neutral,Took longer than I expected.,استغرقت وقتاً أطول مما توقعت.
CS-00140,2026-03-07,2026-03-01,Eastern Province,EAS,Business & Licensing,Call Center,Citizen,65+,3,4,4,1,Maybe,Neutral,It worked but the wording was confusing.,استغرقت وقتاً أطول مما توقعت.
CS-00141,2026-04-22,2026-04-01,Asir,ASR,Municipal Services,Mobile App,Citizen,45-54,2,3,4,0,No,Negative,Waited 40 minutes and the counter closed.,رفع المستند يُرفض باستمرار.
CS-00142,2026-02-12,2026-02-01,Eastern Province,EAS,Business & Licensing,Mobile App,Business,55-64,5,5,9,1,Yes,Positive,"No paperwork needed, very good service.",أنهيت المعاملة عبر الجوال خلال دقيقتين.
CS-00143,2026-03-17,2026-03-01,Makkah,MAK,Education & Training,Branch,Citizen,25-34,3,3,7,0,Maybe,Neutral,It worked but the wording was confusing.,تمت الخدمة لكن الصياغة غير واضحة.
CS-00144,2026-02-26,2026-02-01,Riyadh,RIY,Justice & Notary,Mobile App,Resident,35-44,4,5,8,0,Yes,Positive,Clear steps and instant confirmation.,أسهل بكثير من زيارة الفرع.
CS-00145,2026-06-06,2026-06-01,Riyadh,RIY,Municipal Services,Call Center,Business,25-34,4,5,7,0,Yes,Positive,The Nafath login worked first time.,الخطوات واضحة والتأكيد فوري.
CS-00146,2026-04-09,2026-04-01,Najran,NJR,Traffic & Transport,Mobile App,Resident,35-44,5,5,10,1,Yes,Positive,Much easier than going to the branch.,الخطوات واضحة والتأكيد فوري.
CS-00147,2026-06-07,2026-06-01,Asir,ASR,Education & Training,Web Portal,Resident,55-64,5,5,10,1,Yes,Positive,The Nafath login worked first time.,الخطوات واضحة والتأكيد فوري.
CS-00148,2026-02-18,2026-02-01,Riyadh,RIY,Health Services,Mobile App,Citizen,18-24,5,4,8,1,Yes,Positive,Clear steps and instant confirmation.,أنهيت المعاملة عبر الجوال خلال دقيقتين.
CS-00149,2026-05-02,2026-05-01,Riyadh,RIY,Traffic & Transport,Mobile App,Citizen,55-64,5,5,10,1,Yes,Positive,Clear steps and instant confirmation.,تسجيل الدخول عبر نفاذ عمل من أول مرة.
CS-00150,2026-06-07,2026-06-01,Makkah,MAK,Labour & HR Services,Web Portal,Citizen,45-54,5,5,8,1,Yes,Positive,"No paperwork needed, very good service.",أنهيت المعاملة عبر الجوال خلال دقيقتين.
CS-00151,2026-02-04,2026-02-01,Riyadh,RIY,Health Services,Mobile App,Citizen,35-44,4,5,7,1,Yes,Positive,Much easier than going to the branch.,أسهل بكثير من زيارة الفرع.
CS-00152,2026-03-24,2026-03-01,Eastern Province,EAS,Business & Licensing,Mobile App,Citizen,45-54,3,3,6,1,Maybe,Neutral,Took longer than I expected.,مقبولة لكن اضطررت للاتصال للتأكيد.
CS-00153,2026-04-01,2026-04-01,Riyadh,RIY,Traffic & Transport,Mobile App,Citizen,25-34,5,5,10,1,Yes,Positive,"No paperwork needed, very good service.",أنهيت المعاملة عبر الجوال خلال دقيقتين.
CS-00154,2026-06-25,2026-06-01,Hail,HAL,Health Services,Web Portal,Citizen,35-44,3,2,7,1,Maybe,Neutral,"Fine, though I had to call to confirm.",تمت الخدمة لكن الصياغة غير واضحة.
CS-00155,2026-06-23,2026-06-01,Eastern Province,EAS,Business & Licensing,Mobile App,Resident,25-34,4,4,9,1,Yes,Positive,Much easier than going to the branch.,أنهيت المعاملة عبر الجوال خلال دقيقتين.
CS-00156,2026-02-15,2026-02-01,Najran,NJR,Identity & Civil Affairs,Branch,Citizen,35-44,5,4,10,1,Yes,Positive,"No paperwork needed, very good service.",تسجيل الدخول عبر نفاذ عمل من أول مرة.
CS-00157,2026-03-26,2026-03-01,Asir,ASR,Social Support & Subsidies,Mobile App,Citizen,25-34,5,5,10,0,Yes,Positive,"No paperwork needed, very good service.",أنهيت المعاملة عبر الجوال خلال دقيقتين.
CS-00158,2026-03-12,2026-03-01,Makkah,MAK,Identity & Civil Affairs,Web Portal,Citizen,35-44,2,1,5,0,No,Negative,Waited 40 minutes and the counter closed.,رفع المستند يُرفض باستمرار.
CS-00159,2026-06-28,2026-06-01,Jazan,JZN,Health Services,Branch,Citizen,25-34,3,2,8,1,Maybe,Neutral,It worked but the wording was confusing.,استغرقت وقتاً أطول مما توقعت.
CS-00160,2026-02-16,2026-02-01,Makkah,MAK,Justice & Notary,Mobile App,Citizen,45-54,5,5,8,1,Yes,Positive,"No paperwork needed, very good service.",أسهل بكثير من زيارة الفرع.
CS-00161,2026-06-10,2026-06-01,Eastern Province,EAS,Education & Training,Branch,Resident,45-54,3,2,4,1,Maybe,Neutral,Acceptable but the receipt was hard to find.,تمت الخدمة لكن الصياغة غير واضحة.
CS-00162,2026-04-20,2026-04-01,Riyadh,RIY,Traffic & Transport,Web Portal,Citizen,45-54,4,3,7,0,Yes,Positive,Clear steps and instant confirmation.,أسهل بكثير من زيارة الفرع.
CS-00163,2026-06-11,2026-06-01,Makkah,MAK,Identity & Civil Affairs,Branch,Resident,35-44,3,3,8,1,Maybe,Neutral,Took longer than I expected.,استغرقت وقتاً أطول مما توقعت.
CS-00164,2026-06-02,2026-06-01,Eastern Province,EAS,Education & Training,Branch,Citizen,18-24,3,3,7,0,Maybe,Neutral,Took longer than I expected.,مقبولة لكن اضطررت للاتصال للتأكيد.
CS-00165,2026-01-11,2026-01-01,Asir,ASR,Labour & HR Services,Mobile App,Resident,65+,4,4,8,1,Yes,Positive,Finished it on my phone in two minutes.,أنهيت المعاملة عبر الجوال خلال دقيقتين.
CS-00166,2026-03-13,2026-03-01,Riyadh,RIY,Traffic & Transport,Mobile App,Citizen,25-34,4,4,7,1,Yes,Positive,"No paperwork needed, very good service.",أسهل بكثير من زيارة الفرع.
CS-00167,2026-06-21,2026-06-01,Riyadh,RIY,Health Services,Mobile App,Business,55-64,4,5,8,1,Yes,Positive,Clear steps and instant confirmation.,أسهل بكثير من زيارة الفرع.
CS-00168,2026-01-16,2026-01-01,Qassim,QSM,Traffic & Transport,Web Portal,Citizen,25-34,4,5,9,1,Yes,Positive,Clear steps and instant confirmation.,أسهل بكثير من زيارة الفرع.
CS-00169,2026-04-06,2026-04-01,Makkah,MAK,Labour & HR Services,Web Portal,Citizen,35-44,4,5,9,1,Yes,Positive,Clear steps and instant confirmation.,تسجيل الدخول عبر نفاذ عمل من أول مرة.
CS-00170,2026-05-04,2026-05-01,Riyadh,RIY,Traffic & Transport,Mobile App,Resident,35-44,5,5,8,1,Yes,Positive,"No paperwork needed, very good service.",الخطوات واضحة والتأكيد فوري.
CS-00171,2026-01-13,2026-01-01,Riyadh,RIY,Justice & Notary,Web Portal,Citizen,35-44,5,5,10,1,Yes,Positive,The Nafath login worked first time.,أنهيت المعاملة عبر الجوال خلال دقيقتين.
CS-00172,2026-03-02,2026-03-01,Asir,ASR,Identity & Civil Affairs,Branch,Resident,35-44,4,4,7,1,Yes,Positive,Much easier than going to the branch.,أسهل بكثير من زيارة الفرع.
CS-00173,2026-06-12,2026-06-01,Makkah,MAK,Traffic & Transport,Branch,Citizen,18-24,3,3,5,1,Maybe,Neutral,Acceptable but the receipt was hard to find.,تمت الخدمة لكن الصياغة غير واضحة.
CS-00174,2026-04-04,2026-04-01,Makkah,MAK,Municipal Services,Branch,Resident,45-54,5,5,8,1,Yes,Positive,Finished it on my phone in two minutes.,تسجيل الدخول عبر نفاذ عمل من أول مرة.
CS-00175,2026-06-13,2026-06-01,Al-Baha,BAH,Identity & Civil Affairs,Branch,Citizen,25-34,4,3,7,1,Yes,Positive,The Nafath login worked first time.,أسهل بكثير من زيارة الفرع.
CS-00176,2026-03-18,2026-03-01,Riyadh,RIY,Traffic & Transport,Mobile App,Citizen,65+,5,5,9,1,Yes,Positive,Much easier than going to the branch.,أنهيت المعاملة عبر الجوال خلال دقيقتين.
CS-00177,2026-06-15,2026-06-01,Riyadh,RIY,Municipal Services,Branch,Citizen,25-34,5,5,10,1,Yes,Positive,"No paperwork needed, very good service.",أنهيت المعاملة عبر الجوال خلال دقيقتين.
CS-00178,2026-05-03,2026-05-01,Makkah,MAK,Traffic & Transport,Call Center,Business,45-54,4,5,8,1,Yes,Positive,Much easier than going to the branch.,أنهيت المعاملة عبر الجوال خلال دقيقتين.
CS-00179,2026-05-01,2026-05-01,Makkah,MAK,Identity & Civil Affairs,Mobile App,Citizen,25-34,4,4,10,1,Yes,Positive,Finished it on my phone in two minutes.,أسهل بكثير من زيارة الفرع.
CS-00180,2026-03-13,2026-03-01,Riyadh,RIY,Health Services,Mobile App,Citizen,25-34,4,3,8,0,Yes,Positive,The Nafath login worked first time.,الخطوات واضحة والتأكيد فوري.
CS-00181,2026-03-07,2026-03-01,Makkah,MAK,Labour & HR Services,Mobile App,Citizen,65+,5,4,9,1,Yes,Positive,Finished it on my phone in two minutes.,أسهل بكثير من زيارة الفرع.
CS-00182,2026-03-03,2026-03-01,Asir,ASR,Health Services,Call Center,Business,55-64,5,4,9,1,Yes,Positive,"No paperwork needed, very good service.",أسهل بكثير من زيارة الفرع.
CS-00183,2026-02-05,2026-02-01,Riyadh,RIY,Health Services,Web Portal,Citizen,25-34,4,5,6,1,Yes,Positive,Much easier than going to the branch.,الخطوات واضحة والتأكيد فوري.
CS-00184,2026-06-05,2026-06-01,Riyadh,RIY,Health Services,Web Portal,Citizen,55-64,5,5,9,1,Yes,Positive,Much easier than going to the branch.,تسجيل الدخول عبر نفاذ عمل من أول مرة.
CS-00185,2026-01-24,2026-01-01,Hail,HAL,Municipal Services,Mobile App,Citizen,35-44,3,2,8,0,Maybe,Neutral,Took longer than I expected.,تمت الخدمة لكن الصياغة غير واضحة.
CS-00186,2026-04-04,2026-04-01,Riyadh,RIY,Business & Licensing,Branch,Citizen,35-44,3,2,6,0,Maybe,Neutral,Took longer than I expected.,تمت الخدمة لكن الصياغة غير واضحة.
CS-00187,2026-02-21,2026-02-01,Madinah,MAD,Social Support & Subsidies,Mobile App,Citizen,25-34,5,5,9,1,Yes,Positive,Finished it on my phone in two minutes.,أسهل بكثير من زيارة الفرع.
CS-00188,2026-01-07,2026-01-01,Jazan,JZN,Identity & Civil Affairs,Web Portal,Citizen,35-44,4,5,6,1,Yes,Positive,The Nafath login worked first time.,تسجيل الدخول عبر نفاذ عمل من أول مرة.
CS-00189,2026-04-24,2026-04-01,Najran,NJR,Traffic & Transport,Branch,Citizen,35-44,3,4,6,0,Maybe,Neutral,Took longer than I expected.,تمت الخدمة لكن الصياغة غير واضحة.
CS-00190,2026-01-02,2026-01-01,Jazan,JZN,Education & Training,Mobile App,Citizen,45-54,5,5,10,1,Yes,Positive,Clear steps and instant confirmation.,الخطوات واضحة والتأكيد فوري.
CS-00191,2026-01-10,2026-01-01,Jazan,JZN,Justice & Notary,Mobile App,Citizen,25-34,3,3,7,1,Maybe,Neutral,Acceptable but the receipt was hard to find.,استغرقت وقتاً أطول مما توقعت.
CS-00192,2026-06-03,2026-06-01,Riyadh,RIY,Municipal Services,Mobile App,Citizen,35-44,2,2,6,1,No,Negative,Waited 40 minutes and the counter closed.,رفع المستند يُرفض باستمرار.
CS-00193,2026-04-02,2026-04-01,Eastern Province,EAS,Education & Training,Branch,Citizen,18-24,4,4,7,1,Yes,Positive,The Nafath login worked first time.,الخطوات واضحة والتأكيد فوري.
CS-00194,2026-06-25,2026-06-01,Al-Baha,BAH,Education & Training,Call Center,Resident,35-44,4,3,7,1,Yes,Positive,Clear steps and instant confirmation.,أسهل بكثير من زيارة الفرع.
CS-00195,2026-05-21,2026-05-01,Makkah,MAK,Identity & Civil Affairs,Web Portal,Citizen,55-64,5,5,10,1,Yes,Positive,Much easier than going to the branch.,تسجيل الدخول عبر نفاذ عمل من أول مرة.
CS-00196,2026-03-27,2026-03-01,Eastern Province,EAS,Identity & Civil Affairs,Mobile App,Citizen,35-44,5,4,10,1,Yes,Positive,"No paperwork needed, very good service.",الخطوات واضحة والتأكيد فوري.
CS-00197,2026-02-04,2026-02-01,Riyadh,RIY,Health Services,Mobile App,Citizen,18-24,5,5,8,1,Yes,Positive,Finished it on my phone in two minutes.,أسهل بكثير من زيارة الفرع.
CS-00198,2026-03-16,2026-03-01,Eastern Province,EAS,Health Services,Mobile App,Citizen,18-24,5,4,10,1,Yes,Positive,Clear steps and instant confirmation.,أسهل بكثير من زيارة الفرع.
CS-00199,2026-01-23,2026-01-01,Riyadh,RIY,Labour & HR Services,Mobile App,Citizen,35-44,3,2,7,1,Maybe,Neutral,Took longer than I expected.,استغرقت وقتاً أطول مما توقعت.
CS-00200,2026-05-12,2026-05-01,Asir,ASR,Labour & HR Services,Mobile App,Resident,18-24,3,2,4,1,Maybe,Neutral,Acceptable but the receipt was hard to find.,استغرقت وقتاً أطول مما توقعت.
CS-00201,2026-04-12,2026-04-01,Asir,ASR,Municipal Services,Mobile App,Citizen,18-24,5,4,9,0,Yes,Positive,Finished it on my phone in two minutes.,أسهل بكثير من زيارة الفرع.
CS-00202,2026-05-09,2026-05-01,Makkah,MAK,Justice & Notary,Call Center,Citizen,45-54,3,3,5,0,Maybe,Neutral,"Fine, though I had to call to confirm.",استغرقت وقتاً أطول مما توقعت.
CS-00203,2026-04-10,2026-04-01,Eastern Province,EAS,Traffic & Transport,Mobile App,Business,45-54,4,3,9,1,Yes,Positive,Finished it on my phone in two minutes.,تسجيل الدخول عبر نفاذ عمل من أول مرة.
CS-00204,2026-03-05,2026-03-01,Qassim,QSM,Justice & Notary,Mobile App,Citizen,18-24,5,5,10,0,Yes,Positive,The Nafath login worked first time.,أنهيت المعاملة عبر الجوال خلال دقيقتين.
CS-00205,2026-03-23,2026-03-01,Makkah,MAK,Traffic & Transport,Web Portal,Citizen,45-54,5,4,9,1,Yes,Positive,Finished it on my phone in two minutes.,أنهيت المعاملة عبر الجوال خلال دقيقتين.
CS-00206,2026-02-14,2026-02-01,Makkah,MAK,Municipal Services,Call Center,Citizen,65+,2,2,6,0,No,Negative,Waited 40 minutes and the counter closed.,فشل التحقق ثلاث مرات فاضطررت للتوقف.
CS-00207,2026-01-05,2026-01-01,Eastern Province,EAS,Traffic & Transport,Mobile App,Citizen,25-34,4,5,8,1,Yes,Positive,Finished it on my phone in two minutes.,أنهيت المعاملة عبر الجوال خلال دقيقتين.
CS-00208,2026-06-28,2026-06-01,Makkah,MAK,Social Support & Subsidies,Call Center,Citizen,35-44,3,4,6,0,Maybe,Neutral,"Fine, though I had to call to confirm.",مقبولة لكن اضطررت للاتصال للتأكيد.
CS-00209,2026-01-26,2026-01-01,Najran,NJR,Health Services,Mobile App,Resident,25-34,3,3,6,0,Maybe,Neutral,It worked but the wording was confusing.,مقبولة لكن اضطررت للاتصال للتأكيد.
CS-00210,2026-04-04,2026-04-01,Makkah,MAK,Health Services,Web Portal,Citizen,25-34,4,4,10,1,Yes,Positive,"No paperwork needed, very good service.",أسهل بكثير من زيارة الفرع.
CS-00211,2026-06-20,2026-06-01,Makkah,MAK,Social Support & Subsidies,Mobile App,Resident,25-34,4,5,8,1,Yes,Positive,Much easier than going to the branch.,تسجيل الدخول عبر نفاذ عمل من أول مرة.
CS-00212,2026-03-28,2026-03-01,Makkah,MAK,Justice & Notary,Branch,Citizen,55-64,2,2,2,0,No,Negative,Waited 40 minutes and the counter closed.,فشل التحقق ثلاث مرات فاضطررت للتوقف.
CS-00213,2026-03-28,2026-03-01,Tabuk,TBK,Justice & Notary,Branch,Citizen,45-54,3,4,4,1,Maybe,Neutral,Acceptable but the receipt was hard to find.,استغرقت وقتاً أطول مما توقعت.
CS-00214,2026-02-19,2026-02-01,Eastern Province,EAS,Business & Licensing,Call Center,Citizen,18-24,5,5,10,0,Yes,Positive,Much easier than going to the branch.,الخطوات واضحة والتأكيد فوري.
CS-00215,2026-05-10,2026-05-01,Hail,HAL,Municipal Services,Mobile App,Citizen,25-34,4,5,8,1,Yes,Positive,Much easier than going to the branch.,الخطوات واضحة والتأكيد فوري.
CS-00216,2026-02-25,2026-02-01,Eastern Province,EAS,Justice & Notary,Branch,Citizen,18-24,4,4,8,1,Yes,Positive,The Nafath login worked first time.,أسهل بكثير من زيارة الفرع.
CS-00217,2026-06-12,2026-06-01,Riyadh,RIY,Social Support & Subsidies,Web Portal,Citizen,35-44,5,5,10,1,Yes,Positive,"No paperwork needed, very good service.",تسجيل الدخول عبر نفاذ عمل من أول مرة.
CS-00218,2026-02-21,2026-02-01,Riyadh,RIY,Identity & Civil Affairs,Mobile App,Citizen,65+,5,5,10,0,Yes,Positive,Much easier than going to the branch.,تسجيل الدخول عبر نفاذ عمل من أول مرة.
CS-00219,2026-04-15,2026-04-01,Riyadh,RIY,Identity & Civil Affairs,Web Portal,Citizen,35-44,5,5,10,1,Yes,Positive,Finished it on my phone in two minutes.,الخطوات واضحة والتأكيد فوري.
CS-00220,2026-04-28,2026-04-01,Jazan,JZN,Identity & Civil Affairs,Branch,Business,25-34,4,3,7,1,Yes,Positive,Finished it on my phone in two minutes.,الخطوات واضحة والتأكيد فوري.
CS-00221,2026-03-28,2026-03-01,Riyadh,RIY,Traffic & Transport,Call Center,Citizen,45-54,4,5,7,1,Yes,Positive,Much easier than going to the branch.,أنهيت المعاملة عبر الجوال خلال دقيقتين.
CS-00222,2026-01-01,2026-01-01,Makkah,MAK,Education & Training,Call Center,Citizen,25-34,3,3,6,1,Maybe,Neutral,Took longer than I expected.,مقبولة لكن اضطررت للاتصال للتأكيد.
CS-00223,2026-05-01,2026-05-01,Eastern Province,EAS,Labour & HR Services,Mobile App,Citizen,18-24,4,3,6,1,Yes,Positive,Much easier than going to the branch.,أسهل بكثير من زيارة الفرع.
CS-00224,2026-06-22,2026-06-01,Riyadh,RIY,Municipal Services,Mobile App,Citizen,25-34,5,5,10,0,Yes,Positive,Finished it on my phone in two minutes.,الخطوات واضحة والتأكيد فوري.
CS-00225,2026-04-19,2026-04-01,Riyadh,RIY,Municipal Services,Mobile App,Resident,18-24,4,3,9,0,Yes,Positive,Clear steps and instant confirmation.,أنهيت المعاملة عبر الجوال خلال دقيقتين.
CS-00226,2026-06-24,2026-06-01,Riyadh,RIY,Traffic & Transport,Mobile App,Citizen,25-34,5,4,9,1,Yes,Positive,Finished it on my phone in two minutes.,أنهيت المعاملة عبر الجوال خلال دقيقتين.
CS-00227,2026-01-21,2026-01-01,Hail,HAL,Education & Training,Mobile App,Resident,45-54,5,5,10,1,Yes,Positive,The Nafath login worked first time.,أسهل بكثير من زيارة الفرع.
CS-00228,2026-04-24,2026-04-01,Eastern Province,EAS,Justice & Notary,Mobile App,Citizen,35-44,4,5,6,1,Yes,Positive,Finished it on my phone in two minutes.,الخطوات واضحة والتأكيد فوري.
CS-00229,2026-04-20,2026-04-01,Makkah,MAK,Municipal Services,Web Portal,Citizen,35-44,4,5,6,1,Yes,Positive,The Nafath login worked first time.,أنهيت المعاملة عبر الجوال خلال دقيقتين.
CS-00230,2026-02-23,2026-02-01,Riyadh,RIY,Health Services,Branch,Citizen,35-44,3,3,7,1,Maybe,Neutral,Acceptable but the receipt was hard to find.,تمت الخدمة لكن الصياغة غير واضحة.
CS-00231,2026-01-19,2026-01-01,Madinah,MAD,Social Support & Subsidies,Mobile App,Citizen,35-44,5,4,10,0,Yes,Positive,Finished it on my phone in two minutes.,أسهل بكثير من زيارة الفرع.
CS-00232,2026-02-24,2026-02-01,Qassim,QSM,Identity & Civil Affairs,Mobile App,Citizen,65+,5,4,9,1,Yes,Positive,Much easier than going to the branch.,أنهيت المعاملة عبر الجوال خلال دقيقتين.
CS-00233,2026-04-21,2026-04-01,Hail,HAL,Social Support & Subsidies,Branch,Citizen,25-34,3,3,7,0,Maybe,Neutral,"Fine, though I had to call to confirm.",تمت الخدمة لكن الصياغة غير واضحة.
CS-00234,2026-02-18,2026-02-01,Eastern Province,EAS,Identity & Civil Affairs,Web Portal,Citizen,25-34,4,4,7,1,Yes,Positive,"No paperwork needed, very good service.",أسهل بكثير من زيارة الفرع.
CS-00235,2026-06-28,2026-06-01,Eastern Province,EAS,Health Services,Mobile App,Citizen,18-24,5,5,10,1,Yes,Positive,Much easier than going to the branch.,أنهيت المعاملة عبر الجوال خلال دقيقتين.
CS-00236,2026-01-21,2026-01-01,Riyadh,RIY,Education & Training,Mobile App,Business,35-44,5,5,9,0,Yes,Positive,Clear steps and instant confirmation.,الخطوات واضحة والتأكيد فوري.
CS-00237,2026-02-04,2026-02-01,Madinah,MAD,Health Services,Mobile App,Citizen,18-24,5,5,9,1,Yes,Positive,Clear steps and instant confirmation.,أنهيت المعاملة عبر الجوال خلال دقيقتين.
CS-00238,2026-03-08,2026-03-01,Qassim,QSM,Municipal Services,Web Portal,Citizen,18-24,3,4,4,1,Maybe,Neutral,It worked but the wording was confusing.,استغرقت وقتاً أطول مما توقعت.
CS-00239,2026-06-01,2026-06-01,Makkah,MAK,Social Support & Subsidies,Mobile App,Citizen,45-54,5,5,8,1,Yes,Positive,Clear steps and instant confirmation.,أنهيت المعاملة عبر الجوال خلال دقيقتين.
CS-00240,2026-01-03,2026-01-01,Makkah,MAK,Labour & HR Services,Web Portal,Business,18-24,4,5,7,1,Yes,Positive,Finished it on my phone in two minutes.,أسهل بكثير من زيارة الفرع.
CS-00241,2026-01-23,2026-01-01,Riyadh,RIY,Education & Training,Web Portal,Resident,55-64,4,4,6,1,Yes,Positive,The Nafath login worked first time.,أنهيت المعاملة عبر الجوال خلال دقيقتين.
CS-00242,2026-03-09,2026-03-01,Jazan,JZN,Traffic & Transport,Branch,Citizen,35-44,2,2,6,0,No,Negative,I had to visit the branch anyway.,اضطررت لزيارة الفرع رغم ذلك.
CS-00243,2026-05-17,2026-05-01,Makkah,MAK,Health Services,Mobile App,Citizen,25-34,5,4,8,1,Yes,Positive,The Nafath login worked first time.,تسجيل الدخول عبر نفاذ عمل من أول مرة.
CS-00244,2026-03-25,2026-03-01,Makkah,MAK,Identity & Civil Affairs,Web Portal,Citizen,55-64,3,3,5,0,Maybe,Neutral,It worked but the wording was confusing.,استغرقت وقتاً أطول مما توقعت.
CS-00245,2026-01-15,2026-01-01,Makkah,MAK,Justice & Notary,Call Center,Business,18-24,5,5,8,1,Yes,Positive,Finished it on my phone in two minutes.,تسجيل الدخول عبر نفاذ عمل من أول مرة.
CS-00246,2026-03-18,2026-03-01,Riyadh,RIY,Health Services,Mobile App,Citizen,35-44,4,5,8,1,Yes,Positive,"No paperwork needed, very good service.",الخطوات واضحة والتأكيد فوري.
CS-00247,2026-04-16,2026-04-01,Makkah,MAK,Identity & Civil Affairs,Mobile App,Citizen,35-44,4,4,8,1,Yes,Positive,The Nafath login worked first time.,أسهل بكثير من زيارة الفرع.
CS-00248,2026-01-08,2026-01-01,Eastern Province,EAS,Justice & Notary,Mobile App,Resident,55-64,4,3,9,1,Yes,Positive,Finished it on my phone in two minutes.,أسهل بكثير من زيارة الفرع.
CS-00249,2026-05-06,2026-05-01,Hail,HAL,Labour & HR Services,Mobile App,Resident,35-44,3,2,7,1,Maybe,Neutral,"Fine, though I had to call to confirm.",تمت الخدمة لكن الصياغة غير واضحة.
CS-00250,2026-03-09,2026-03-01,Makkah,MAK,Labour & HR Services,Call Center,Citizen,25-34,4,5,8,0,Yes,Positive,The Nafath login worked first time.,أسهل بكثير من زيارة الفرع.
CS-00251,2026-02-21,2026-02-01,Asir,ASR,Labour & HR Services,Mobile App,Citizen,25-34,4,3,8,1,Yes,Positive,"No paperwork needed, very good service.",أسهل بكثير من زيارة الفرع.
CS-00252,2026-04-21,2026-04-01,Makkah,MAK,Municipal Services,Branch,Citizen,25-34,3,3,8,0,Maybe,Neutral,Acceptable but the receipt was hard to find.,تمت الخدمة لكن الصياغة غير واضحة.
CS-00253,2026-01-10,2026-01-01,Makkah,MAK,Business & Licensing,Mobile App,Citizen,45-54,4,4,10,1,Yes,Positive,Finished it on my phone in two minutes.,أسهل بكثير من زيارة الفرع.
CS-00254,2026-02-09,2026-02-01,Tabuk,TBK,Health Services,Web Portal,Citizen,65+,4,5,10,1,Yes,Positive,Finished it on my phone in two minutes.,الخطوات واضحة والتأكيد فوري.
CS-00255,2026-03-01,2026-03-01,Makkah,MAK,Business & Licensing,Mobile App,Citizen,45-54,3,2,6,0,Maybe,Neutral,It worked but the wording was confusing.,استغرقت وقتاً أطول مما توقعت.
CS-00256,2026-04-05,2026-04-01,Makkah,MAK,Health Services,Mobile App,Resident,35-44,5,5,10,1,Yes,Positive,Much easier than going to the branch.,الخطوات واضحة والتأكيد فوري.
CS-00257,2026-01-16,2026-01-01,Asir,ASR,Social Support & Subsidies,Call Center,Citizen,65+,4,5,10,1,Yes,Positive,Finished it on my phone in two minutes.,تسجيل الدخول عبر نفاذ عمل من أول مرة.
CS-00258,2026-06-25,2026-06-01,Makkah,MAK,Education & Training,Web Portal,Business,25-34,5,4,10,1,Yes,Positive,The Nafath login worked first time.,الخطوات واضحة والتأكيد فوري.
CS-00259,2026-05-08,2026-05-01,Makkah,MAK,Traffic & Transport,Branch,Citizen,25-34,4,3,9,1,Yes,Positive,Clear steps and instant confirmation.,أسهل بكثير من زيارة الفرع.
CS-00260,2026-01-07,2026-01-01,Asir,ASR,Identity & Civil Affairs,Web Portal,Citizen,25-34,3,4,4,1,Maybe,Neutral,Took longer than I expected.,مقبولة لكن اضطررت للاتصال للتأكيد.
CS-00261,2026-06-17,2026-06-01,Makkah,MAK,Traffic & Transport,Mobile App,Citizen,45-54,3,2,6,1,Maybe,Neutral,It worked but the wording was confusing.,تمت الخدمة لكن الصياغة غير واضحة.
CS-00262,2026-06-02,2026-06-01,Riyadh,RIY,Social Support & Subsidies,Mobile App,Citizen,25-34,5,4,10,1,Yes,Positive,Finished it on my phone in two minutes.,أسهل بكثير من زيارة الفرع.
CS-00263,2026-01-10,2026-01-01,Eastern Province,EAS,Business & Licensing,Branch,Citizen,45-54,1,1,1,0,No,Negative,The document upload kept rejecting my file.,اضطررت لزيارة الفرع رغم ذلك.
CS-00264,2026-04-10,2026-04-01,Qassim,QSM,Municipal Services,Branch,Citizen,35-44,4,3,10,0,Yes,Positive,The Nafath login worked first time.,تسجيل الدخول عبر نفاذ عمل من أول مرة.
CS-00265,2026-03-26,2026-03-01,Makkah,MAK,Municipal Services,Mobile App,Citizen,25-34,5,4,8,1,Yes,Positive,Much easier than going to the branch.,أسهل بكثير من زيارة الفرع.
CS-00266,2026-06-27,2026-06-01,Makkah,MAK,Identity & Civil Affairs,Web Portal,Citizen,25-34,4,5,10,1,Yes,Positive,"No paperwork needed, very good service.",أنهيت المعاملة عبر الجوال خلال دقيقتين.
CS-00267,2026-06-06,2026-06-01,Makkah,MAK,Identity & Civil Affairs,Mobile App,Citizen,25-34,4,4,6,0,Yes,Positive,Much easier than going to the branch.,تسجيل الدخول عبر نفاذ عمل من أول مرة.
CS-00268,2026-01-09,2026-01-01,Makkah,MAK,Business & Licensing,Call Center,Citizen,18-24,5,5,8,1,Yes,Positive,Much easier than going to the branch.,الخطوات واضحة والتأكيد فوري.
CS-00269,2026-01-28,2026-01-01,Al-Jouf,JOF,Traffic & Transport,Branch,Citizen,35-44,4,5,10,1,Yes,Positive,The Nafath login worked first time.,تسجيل الدخول عبر نفاذ عمل من أول مرة.
CS-00270,2026-05-16,2026-05-01,Eastern Province,EAS,Traffic & Transport,Mobile App,Business,35-44,5,5,10,1,Yes,Positive,Clear steps and instant confirmation.,الخطوات واضحة والتأكيد فوري.
CS-00271,2026-02-24,2026-02-01,Riyadh,RIY,Education & Training,Mobile App,Citizen,35-44,5,5,10,1,Yes,Positive,Much easier than going to the branch.,الخطوات واضحة والتأكيد فوري.
CS-00272,2026-05-23,2026-05-01,Riyadh,RIY,Education & Training,Mobile App,Citizen,18-24,5,5,9,1,Yes,Positive,The Nafath login worked first time.,الخطوات واضحة والتأكيد فوري.
CS-00273,2026-04-18,2026-04-01,Makkah,MAK,Municipal Services,Web Portal,Citizen,25-34,3,2,8,0,Maybe,Neutral,Took longer than I expected.,استغرقت وقتاً أطول مما توقعت.
CS-00274,2026-05-19,2026-05-01,Riyadh,RIY,Education & Training,Mobile App,Citizen,25-34,5,4,10,1,Yes,Positive,Clear steps and instant confirmation.,تسجيل الدخول عبر نفاذ عمل من أول مرة.
CS-00275,2026-02-27,2026-02-01,Makkah,MAK,Identity & Civil Affairs,Branch,Resident,55-64,3,2,7,1,Maybe,Neutral,"Fine, though I had to call to confirm.",مقبولة لكن اضطررت للاتصال للتأكيد.
CS-00276,2026-06-04,2026-06-01,Northern Borders,NBR,Identity & Civil Affairs,Call Center,Resident,18-24,5,5,10,1,Yes,Positive,The Nafath login worked first time.,أنهيت المعاملة عبر الجوال خلال دقيقتين.
CS-00277,2026-05-03,2026-05-01,Eastern Province,EAS,Identity & Civil Affairs,Call Center,Citizen,35-44,2,1,2,1,No,Negative,No Arabic option on one of the screens.,انتظرت أربعين دقيقة ثم أُغلق الشباك.
CS-00278,2026-06-16,2026-06-01,Hail,HAL,Education & Training,Mobile App,Resident,45-54,3,3,4,0,Maybe,Neutral,Took longer than I expected.,استغرقت وقتاً أطول مما توقعت.
CS-00279,2026-05-28,2026-05-01,Jazan,JZN,Justice & Notary,Web Portal,Business,65+,4,5,6,1,Yes,Positive,Clear steps and instant confirmation.,تسجيل الدخول عبر نفاذ عمل من أول مرة.
CS-00280,2026-03-02,2026-03-01,Makkah,MAK,Traffic & Transport,Call Center,Citizen,45-54,4,3,9,1,Yes,Positive,Finished it on my phone in two minutes.,أنهيت المعاملة عبر الجوال خلال دقيقتين.
CS-00281,2026-06-23,2026-06-01,Riyadh,RIY,Labour & HR Services,Mobile App,Citizen,18-24,4,4,6,1,Yes,Positive,Much easier than going to the branch.,الخطوات واضحة والتأكيد فوري.
CS-00282,2026-05-13,2026-05-01,Al-Baha,BAH,Social Support & Subsidies,Mobile App,Citizen,18-24,5,5,8,1,Yes,Positive,The Nafath login worked first time.,الخطوات واضحة والتأكيد فوري.
CS-00283,2026-02-26,2026-02-01,Eastern Province,EAS,Business & Licensing,Mobile App,Resident,45-54,4,4,7,0,Yes,Positive,The Nafath login worked first time.,أسهل بكثير من زيارة الفرع.
CS-00284,2026-05-17,2026-05-01,Eastern Province,EAS,Education & Training,Mobile App,Citizen,18-24,5,4,10,1,Yes,Positive,"No paperwork needed, very good service.",أسهل بكثير من زيارة الفرع.
CS-00285,2026-05-12,2026-05-01,Jazan,JZN,Health Services,Call Center,Citizen,18-24,5,4,8,1,Yes,Positive,Clear steps and instant confirmation.,أنهيت المعاملة عبر الجوال خلال دقيقتين.
CS-00286,2026-01-15,2026-01-01,Riyadh,RIY,Identity & Civil Affairs,Call Center,Resident,65+,3,4,6,1,Maybe,Neutral,Acceptable but the receipt was hard to find.,تمت الخدمة لكن الصياغة غير واضحة.
CS-00287,2026-04-28,2026-04-01,Madinah,MAD,Identity & Civil Affairs,Mobile App,Citizen,18-24,5,4,8,0,Yes,Positive,Clear steps and instant confirmation.,الخطوات واضحة والتأكيد فوري.
CS-00288,2026-05-15,2026-05-01,Asir,ASR,Labour & HR Services,Branch,Citizen,35-44,4,5,7,1,Yes,Positive,Finished it on my phone in two minutes.,أسهل بكثير من زيارة الفرع.
CS-00289,2026-05-22,2026-05-01,Makkah,MAK,Justice & Notary,Mobile App,Resident,25-34,3,2,7,1,Maybe,Neutral,Took longer than I expected.,تمت الخدمة لكن الصياغة غير واضحة.
CS-00290,2026-03-19,2026-03-01,Riyadh,RIY,Labour & HR Services,Call Center,Resident,35-44,4,4,6,1,Yes,Positive,Finished it on my phone in two minutes.,تسجيل الدخول عبر نفاذ عمل من أول مرة.
CS-00291,2026-04-01,2026-04-01,Makkah,MAK,Identity & Civil Affairs,Mobile App,Resident,45-54,4,4,10,1,Yes,Positive,Much easier than going to the branch.,الخطوات واضحة والتأكيد فوري.
CS-00292,2026-02-05,2026-02-01,Asir,ASR,Traffic & Transport,Branch,Business,35-44,5,5,10,1,Yes,Positive,"No paperwork needed, very good service.",أنهيت المعاملة عبر الجوال خلال دقيقتين.
CS-00293,2026-03-05,2026-03-01,Riyadh,RIY,Health Services,Branch,Citizen,35-44,4,5,10,1,Yes,Positive,Clear steps and instant confirmation.,تسجيل الدخول عبر نفاذ عمل من أول مرة.
CS-00294,2026-03-19,2026-03-01,Makkah,MAK,Labour & HR Services,Branch,Business,45-54,3,4,4,1,Maybe,Neutral,It worked but the wording was confusing.,تمت الخدمة لكن الصياغة غير واضحة.
CS-00295,2026-04-26,2026-04-01,Qassim,QSM,Business & Licensing,Web Portal,Citizen,25-34,5,5,10,1,Yes,Positive,Finished it on my phone in two minutes.,أنهيت المعاملة عبر الجوال خلال دقيقتين.
CS-00296,2026-04-19,2026-04-01,Makkah,MAK,Labour & HR Services,Call Center,Citizen,25-34,4,4,6,1,Yes,Positive,Clear steps and instant confirmation.,أنهيت المعاملة عبر الجوال خلال دقيقتين.
CS-00297,2026-05-26,2026-05-01,Riyadh,RIY,Identity & Civil Affairs,Mobile App,Citizen,25-34,4,5,9,1,Yes,Positive,Clear steps and instant confirmation.,أسهل بكثير من زيارة الفرع.
CS-00298,2026-01-04,2026-01-01,Riyadh,RIY,Labour & HR Services,Branch,Citizen,25-34,4,4,7,1,Yes,Positive,Clear steps and instant confirmation.,أسهل بكثير من زيارة الفرع.
CS-00299,2026-05-06,2026-05-01,Al-Baha,BAH,Business & Licensing,Mobile App,Citizen,55-64,4,5,9,1,Yes,Positive,Finished it on my phone in two minutes.,أسهل بكثير من زيارة الفرع.
CS-00300,2026-01-18,2026-01-01,Makkah,MAK,Traffic & Transport,Mobile App,Citizen,45-54,4,5,9,0,Yes,Positive,The Nafath login worked first time.,أسهل بكثير من زيارة الفرع.
CS-00301,2026-06-15,2026-06-01,Eastern Province,EAS,Traffic & Transport,Mobile App,Citizen,25-34,5,4,10,1,Yes,Positive,"No paperwork needed, very good service.",أسهل بكثير من زيارة الفرع.
CS-00302,2026-01-20,2026-01-01,Riyadh,RIY,Labour & HR Services,Mobile App,Resident,35-44,5,5,10,1,Yes,Positive,Finished it on my phone in two minutes.,أسهل بكثير من زيارة الفرع.
CS-00303,2026-02-08,2026-02-01,Riyadh,RIY,Social Support & Subsidies,Mobile App,Resident,25-34,5,5,8,1,Yes,Positive,The Nafath login worked first time.,تسجيل الدخول عبر نفاذ عمل من أول مرة.
CS-00304,2026-05-14,2026-05-01,Riyadh,RIY,Justice & Notary,Mobile App,Resident,18-24,4,4,6,1,Yes,Positive,Finished it on my phone in two minutes.,تسجيل الدخول عبر نفاذ عمل من أول مرة.
CS-00305,2026-05-23,2026-05-01,Makkah,MAK,Health Services,Mobile App,Citizen,45-54,4,5,10,0,Yes,Positive,The Nafath login worked first time.,الخطوات واضحة والتأكيد فوري.
CS-00306,2026-05-27,2026-05-01,Riyadh,RIY,Social Support & Subsidies,Mobile App,Citizen,35-44,5,4,10,0,Yes,Positive,Much easier than going to the branch.,تسجيل الدخول عبر نفاذ عمل من أول مرة.
CS-00307,2026-04-05,2026-04-01,Madinah,MAD,Social Support & Subsidies,Mobile App,Citizen,25-34,5,5,10,1,Yes,Positive,Clear steps and instant confirmation.,أنهيت المعاملة عبر الجوال خلال دقيقتين.
CS-00308,2026-06-23,2026-06-01,Al-Jouf,JOF,Identity & Civil Affairs,Web Portal,Citizen,18-24,4,3,7,1,Yes,Positive,"No paperwork needed, very good service.",أنهيت المعاملة عبر الجوال خلال دقيقتين.
CS-00309,2026-03-20,2026-03-01,Riyadh,RIY,Business & Licensing,Web Portal,Resident,25-34,5,4,10,1,Yes,Positive,Much easier than going to the branch.,أسهل بكثير من زيارة الفرع.
CS-00310,2026-04-03,2026-04-01,Riyadh,RIY,Traffic & Transport,Web Portal,Resident,35-44,3,3,8,0,Maybe,Neutral,"Fine, though I had to call to confirm.",تمت الخدمة لكن الصياغة غير واضحة.
CS-00311,2026-02-08,2026-02-01,Eastern Province,EAS,Labour & HR Services,Web Portal,Citizen,25-34,3,4,8,0,Maybe,Neutral,"Fine, though I had to call to confirm.",مقبولة لكن اضطررت للاتصال للتأكيد.
CS-00312,2026-05-24,2026-05-01,Makkah,MAK,Municipal Services,Call Center,Citizen,25-34,4,5,7,1,Yes,Positive,"No paperwork needed, very good service.",الخطوات واضحة والتأكيد فوري.
CS-00313,2026-06-28,2026-06-01,Madinah,MAD,Municipal Services,Call Center,Business,35-44,3,2,5,1,Maybe,Neutral,Acceptable but the receipt was hard to find.,مقبولة لكن اضطررت للاتصال للتأكيد.
CS-00314,2026-02-05,2026-02-01,Tabuk,TBK,Justice & Notary,Branch,Citizen,35-44,2,2,5,1,No,Negative,I had to visit the branch anyway.,رفع المستند يُرفض باستمرار.
CS-00315,2026-06-15,2026-06-01,Eastern Province,EAS,Education & Training,Mobile App,Resident,18-24,5,4,10,1,Yes,Positive,Much easier than going to the branch.,أسهل بكثير من زيارة الفرع.
CS-00316,2026-03-05,2026-03-01,Makkah,MAK,Education & Training,Web Portal,Citizen,25-34,3,4,7,0,Maybe,Neutral,Took longer than I expected.,استغرقت وقتاً أطول مما توقعت.
CS-00317,2026-02-23,2026-02-01,Riyadh,RIY,Municipal Services,Branch,Citizen,35-44,4,5,9,1,Yes,Positive,"No paperwork needed, very good service.",تسجيل الدخول عبر نفاذ عمل من أول مرة.
CS-00318,2026-05-18,2026-05-01,Riyadh,RIY,Traffic & Transport,Mobile App,Citizen,35-44,4,3,10,1,Yes,Positive,Much easier than going to the branch.,أنهيت المعاملة عبر الجوال خلال دقيقتين.
CS-00319,2026-06-18,2026-06-01,Eastern Province,EAS,Labour & HR Services,Mobile App,Citizen,35-44,4,4,8,1,Yes,Positive,Finished it on my phone in two minutes.,الخطوات واضحة والتأكيد فوري.
CS-00320,2026-02-03,2026-02-01,Riyadh,RIY,Identity & Civil Affairs,Mobile App,Citizen,35-44,4,4,8,1,Yes,Positive,Clear steps and instant confirmation.,أسهل بكثير من زيارة الفرع.
CS-00321,2026-05-23,2026-05-01,Makkah,MAK,Identity & Civil Affairs,Branch,Citizen,45-54,4,5,9,1,Yes,Positive,"No paperwork needed, very good service.",تسجيل الدخول عبر نفاذ عمل من أول مرة.
CS-00322,2026-03-10,2026-03-01,Riyadh,RIY,Municipal Services,Call Center,Citizen,25-34,4,3,7,1,Yes,Positive,Much easier than going to the branch.,أسهل بكثير من زيارة الفرع.
CS-00323,2026-04-14,2026-04-01,Riyadh,RIY,Identity & Civil Affairs,Call Center,Citizen,65+,3,2,5,0,Maybe,Neutral,Took longer than I expected.,مقبولة لكن اضطررت للاتصال للتأكيد.
CS-00324,2026-04-24,2026-04-01,Makkah,MAK,Municipal Services,Call Center,Resident,18-24,3,2,5,0,Maybe,Neutral,It worked but the wording was confusing.,مقبولة لكن اضطررت للاتصال للتأكيد.
CS-00325,2026-02-13,2026-02-01,Asir,ASR,Labour & HR Services,Branch,Citizen,25-34,3,3,7,0,Maybe,Neutral,It worked but the wording was confusing.,مقبولة لكن اضطررت للاتصال للتأكيد.
CS-00326,2026-06-05,2026-06-01,Riyadh,RIY,Identity & Civil Affairs,Mobile App,Citizen,45-54,5,5,10,1,Yes,Positive,Much easier than going to the branch.,الخطوات واضحة والتأكيد فوري.
CS-00327,2026-02-23,2026-02-01,Makkah,MAK,Health Services,Mobile App,Resident,25-34,5,4,10,1,Yes,Positive,Finished it on my phone in two minutes.,تسجيل الدخول عبر نفاذ عمل من أول مرة.
CS-00328,2026-03-21,2026-03-01,Makkah,MAK,Education & Training,Mobile App,Citizen,35-44,5,4,10,0,Yes,Positive,The Nafath login worked first time.,أسهل بكثير من زيارة الفرع.
CS-00329,2026-01-27,2026-01-01,Riyadh,RIY,Education & Training,Branch,Citizen,18-24,4,4,6,1,Yes,Positive,The Nafath login worked first time.,تسجيل الدخول عبر نفاذ عمل من أول مرة.
CS-00330,2026-04-20,2026-04-01,Tabuk,TBK,Health Services,Branch,Citizen,35-44,4,5,9,1,Yes,Positive,Clear steps and instant confirmation.,الخطوات واضحة والتأكيد فوري.
CS-00331,2026-01-25,2026-01-01,Al-Jouf,JOF,Labour & HR Services,Mobile App,Citizen,25-34,2,3,5,1,No,Negative,Waited 40 minutes and the counter closed.,رفع المستند يُرفض باستمرار.
CS-00332,2026-06-15,2026-06-01,Hail,HAL,Health Services,Web Portal,Citizen,45-54,5,5,10,1,Yes,Positive,Finished it on my phone in two minutes.,تسجيل الدخول عبر نفاذ عمل من أول مرة.
CS-00333,2026-03-07,2026-03-01,Makkah,MAK,Education & Training,Web Portal,Citizen,45-54,5,5,9,1,Yes,Positive,"No paperwork needed, very good service.",أنهيت المعاملة عبر الجوال خلال دقيقتين.
CS-00334,2026-02-10,2026-02-01,Makkah,MAK,Social Support & Subsidies,Web Portal,Citizen,45-54,5,4,8,1,Yes,Positive,Finished it on my phone in two minutes.,الخطوات واضحة والتأكيد فوري.
CS-00335,2026-05-23,2026-05-01,Najran,NJR,Justice & Notary,Mobile App,Citizen,25-34,3,4,5,0,Maybe,Neutral,Acceptable but the receipt was hard to find.,مقبولة لكن اضطررت للاتصال للتأكيد.
CS-00336,2026-06-03,2026-06-01,Madinah,MAD,Municipal Services,Mobile App,Citizen,25-34,4,3,9,1,Yes,Positive,Much easier than going to the branch.,تسجيل الدخول عبر نفاذ عمل من أول مرة.
CS-00337,2026-03-21,2026-03-01,Qassim,QSM,Identity & Civil Affairs,Mobile App,Business,45-54,5,5,10,1,Yes,Positive,Clear steps and instant confirmation.,أسهل بكثير من زيارة الفرع.
CS-00338,2026-02-01,2026-02-01,Riyadh,RIY,Identity & Civil Affairs,Web Portal,Citizen,35-44,5,5,10,1,Yes,Positive,"No paperwork needed, very good service.",تسجيل الدخول عبر نفاذ عمل من أول مرة.
CS-00339,2026-04-12,2026-04-01,Madinah,MAD,Health Services,Mobile App,Citizen,18-24,3,3,4,1,Maybe,Neutral,Took longer than I expected.,استغرقت وقتاً أطول مما توقعت.
CS-00340,2026-02-13,2026-02-01,Qassim,QSM,Social Support & Subsidies,Branch,Citizen,65+,4,3,10,1,Yes,Positive,Clear steps and instant confirmation.,تسجيل الدخول عبر نفاذ عمل من أول مرة.
CS-00341,2026-03-04,2026-03-01,Riyadh,RIY,Social Support & Subsidies,Mobile App,Citizen,55-64,3,2,4,0,Maybe,Neutral,Acceptable but the receipt was hard to find.,تمت الخدمة لكن الصياغة غير واضحة.
CS-00342,2026-01-02,2026-01-01,Makkah,MAK,Business & Licensing,Mobile App,Citizen,25-34,5,4,9,1,Yes,Positive,Finished it on my phone in two minutes.,أنهيت المعاملة عبر الجوال خلال دقيقتين.
CS-00343,2026-03-01,2026-03-01,Eastern Province,EAS,Justice & Notary,Web Portal,Citizen,25-34,4,5,6,1,Yes,Positive,Finished it on my phone in two minutes.,أنهيت المعاملة عبر الجوال خلال دقيقتين.
CS-00344,2026-06-20,2026-06-01,Madinah,MAD,Identity & Civil Affairs,Call Center,Business,18-24,3,2,4,0,Maybe,Neutral,Acceptable but the receipt was hard to find.,مقبولة لكن اضطررت للاتصال للتأكيد.
CS-00345,2026-01-03,2026-01-01,Makkah,MAK,Municipal Services,Mobile App,Business,18-24,5,5,9,1,Yes,Positive,"No paperwork needed, very good service.",تسجيل الدخول عبر نفاذ عمل من أول مرة.
CS-00346,2026-04-23,2026-04-01,Riyadh,RIY,Health Services,Branch,Citizen,25-34,4,3,7,0,Yes,Positive,Finished it on my phone in two minutes.,تسجيل الدخول عبر نفاذ عمل من أول مرة.
CS-00347,2026-06-22,2026-06-01,Eastern Province,EAS,Education & Training,Call Center,Business,45-54,5,4,10,1,Yes,Positive,Finished it on my phone in two minutes.,أسهل بكثير من زيارة الفرع.
CS-00348,2026-03-07,2026-03-01,Riyadh,RIY,Identity & Civil Affairs,Web Portal,Citizen,18-24,4,3,8,1,Yes,Positive,The Nafath login worked first time.,الخطوات واضحة والتأكيد فوري.
CS-00349,2026-02-15,2026-02-01,Eastern Province,EAS,Social Support & Subsidies,Call Center,Citizen,25-34,4,4,6,1,Yes,Positive,"No paperwork needed, very good service.",أنهيت المعاملة عبر الجوال خلال دقيقتين.
CS-00350,2026-03-05,2026-03-01,Eastern Province,EAS,Labour & HR Services,Branch,Citizen,25-34,4,3,7,1,Yes,Positive,Finished it on my phone in two minutes.,تسجيل الدخول عبر نفاذ عمل من أول مرة.
CS-00351,2026-04-19,2026-04-01,Riyadh,RIY,Health Services,Mobile App,Citizen,55-64,5,4,10,1,Yes,Positive,"No paperwork needed, very good service.",الخطوات واضحة والتأكيد فوري.
CS-00352,2026-04-08,2026-04-01,Riyadh,RIY,Social Support & Subsidies,Mobile App,Citizen,25-34,3,4,4,0,Maybe,Neutral,Acceptable but the receipt was hard to find.,استغرقت وقتاً أطول مما توقعت.
CS-00353,2026-02-27,2026-02-01,Makkah,MAK,Traffic & Transport,Web Portal,Resident,45-54,4,3,7,1,Yes,Positive,Much easier than going to the branch.,الخطوات واضحة والتأكيد فوري.
CS-00354,2026-03-16,2026-03-01,Riyadh,RIY,Health Services,Mobile App,Citizen,45-54,4,3,7,1,Yes,Positive,The Nafath login worked first time.,الخطوات واضحة والتأكيد فوري.
CS-00355,2026-04-12,2026-04-01,Makkah,MAK,Education & Training,Mobile App,Citizen,25-34,3,2,4,1,Maybe,Neutral,It worked but the wording was confusing.,مقبولة لكن اضطررت للاتصال للتأكيد.
CS-00356,2026-06-10,2026-06-01,Eastern Province,EAS,Traffic & Transport,Branch,Citizen,35-44,5,5,10,1,Yes,Positive,Finished it on my phone in two minutes.,تسجيل الدخول عبر نفاذ عمل من أول مرة.
CS-00357,2026-06-08,2026-06-01,Al-Baha,BAH,Justice & Notary,Branch,Citizen,25-34,3,2,5,0,Maybe,Neutral,"Fine, though I had to call to confirm.",مقبولة لكن اضطررت للاتصال للتأكيد.
CS-00358,2026-03-20,2026-03-01,Riyadh,RIY,Identity & Civil Affairs,Call Center,Citizen,65+,4,5,9,1,Yes,Positive,Much easier than going to the branch.,أنهيت المعاملة عبر الجوال خلال دقيقتين.
CS-00359,2026-05-28,2026-05-01,Madinah,MAD,Identity & Civil Affairs,Branch,Citizen,25-34,4,5,7,1,Yes,Positive,"No paperwork needed, very good service.",أسهل بكثير من زيارة الفرع.
CS-00360,2026-06-27,2026-06-01,Jazan,JZN,Social Support & Subsidies,Branch,Citizen,45-54,4,4,9,1,Yes,Positive,The Nafath login worked first time.,الخطوات واضحة والتأكيد فوري.
CS-00361,2026-06-22,2026-06-01,Qassim,QSM,Health Services,Mobile App,Citizen,25-34,5,5,10,1,Yes,Positive,Much easier than going to the branch.,تسجيل الدخول عبر نفاذ عمل من أول مرة.
CS-00362,2026-04-09,2026-04-01,Eastern Province,EAS,Identity & Civil Affairs,Branch,Citizen,25-34,3,3,5,1,Maybe,Neutral,Took longer than I expected.,تمت الخدمة لكن الصياغة غير واضحة.
CS-00363,2026-04-28,2026-04-01,Makkah,MAK,Municipal Services,Mobile App,Citizen,25-34,5,4,8,1,Yes,Positive,Clear steps and instant confirmation.,أنهيت المعاملة عبر الجوال خلال دقيقتين.
CS-00364,2026-03-03,2026-03-01,Qassim,QSM,Education & Training,Web Portal,Business,25-34,3,3,5,0,Maybe,Neutral,Acceptable but the receipt was hard to find.,استغرقت وقتاً أطول مما توقعت.
CS-00365,2026-03-01,2026-03-01,Madinah,MAD,Social Support & Subsidies,Call Center,Citizen,18-24,4,3,9,1,Yes,Positive,Much easier than going to the branch.,أسهل بكثير من زيارة الفرع.
CS-00366,2026-03-01,2026-03-01,Qassim,QSM,Municipal Services,Web Portal,Citizen,35-44,4,4,6,1,Yes,Positive,The Nafath login worked first time.,تسجيل الدخول عبر نفاذ عمل من أول مرة.
CS-00367,2026-01-02,2026-01-01,Al-Jouf,JOF,Social Support & Subsidies,Web Portal,Resident,25-34,5,5,10,1,Yes,Positive,"No paperwork needed, very good service.",تسجيل الدخول عبر نفاذ عمل من أول مرة.
CS-00368,2026-03-27,2026-03-01,Makkah,MAK,Traffic & Transport,Branch,Business,25-34,3,3,7,0,Maybe,Neutral,"Fine, though I had to call to confirm.",تمت الخدمة لكن الصياغة غير واضحة.
CS-00369,2026-01-19,2026-01-01,Eastern Province,EAS,Traffic & Transport,Mobile App,Citizen,18-24,5,5,8,1,Yes,Positive,Much easier than going to the branch.,أسهل بكثير من زيارة الفرع.
CS-00370,2026-02-21,2026-02-01,Riyadh,RIY,Traffic & Transport,Mobile App,Citizen,55-64,5,5,10,1,Yes,Positive,Clear steps and instant confirmation.,الخطوات واضحة والتأكيد فوري.
CS-00371,2026-04-20,2026-04-01,Riyadh,RIY,Traffic & Transport,Mobile App,Citizen,35-44,4,5,9,1,Yes,Positive,The Nafath login worked first time.,الخطوات واضحة والتأكيد فوري.
CS-00372,2026-01-19,2026-01-01,Eastern Province,EAS,Business & Licensing,Branch,Citizen,25-34,4,5,10,1,Yes,Positive,Clear steps and instant confirmation.,أنهيت المعاملة عبر الجوال خلال دقيقتين.
CS-00373,2026-02-12,2026-02-01,Makkah,MAK,Identity & Civil Affairs,Branch,Citizen,18-24,4,5,9,1,Yes,Positive,The Nafath login worked first time.,تسجيل الدخول عبر نفاذ عمل من أول مرة.
CS-00374,2026-03-16,2026-03-01,Qassim,QSM,Traffic & Transport,Call Center,Resident,25-34,5,5,8,0,Yes,Positive,Clear steps and instant confirmation.,الخطوات واضحة والتأكيد فوري.
CS-00375,2026-05-09,2026-05-01,Makkah,MAK,Education & Training,Branch,Resident,55-64,3,2,6,0,Maybe,Neutral,"Fine, though I had to call to confirm.",تمت الخدمة لكن الصياغة غير واضحة.
CS-00376,2026-03-11,2026-03-01,Makkah,MAK,Education & Training,Mobile App,Citizen,35-44,5,5,10,1,Yes,Positive,"No paperwork needed, very good service.",أنهيت المعاملة عبر الجوال خلال دقيقتين.
CS-00377,2026-03-26,2026-03-01,Makkah,MAK,Business & Licensing,Call Center,Business,25-34,3,3,6,0,Maybe,Neutral,Acceptable but the receipt was hard to find.,مقبولة لكن اضطررت للاتصال للتأكيد.
CS-00378,2026-05-19,2026-05-01,Makkah,MAK,Health Services,Mobile App,Citizen,45-54,5,4,10,1,Yes,Positive,Clear steps and instant confirmation.,الخطوات واضحة والتأكيد فوري.
CS-00379,2026-02-22,2026-02-01,Riyadh,RIY,Business & Licensing,Web Portal,Resident,25-34,5,4,10,1,Yes,Positive,The Nafath login worked first time.,أسهل بكثير من زيارة الفرع.
CS-00380,2026-05-11,2026-05-01,Eastern Province,EAS,Education & Training,Call Center,Citizen,18-24,5,5,8,1,Yes,Positive,"No paperwork needed, very good service.",أسهل بكثير من زيارة الفرع.
CS-00381,2026-01-04,2026-01-01,Eastern Province,EAS,Justice & Notary,Branch,Business,65+,3,4,6,0,Maybe,Neutral,It worked but the wording was confusing.,تمت الخدمة لكن الصياغة غير واضحة.
CS-00382,2026-03-23,2026-03-01,Eastern Province,EAS,Health Services,Mobile App,Citizen,45-54,5,4,9,1,Yes,Positive,"No paperwork needed, very good service.",الخطوات واضحة والتأكيد فوري.
CS-00383,2026-04-19,2026-04-01,Madinah,MAD,Justice & Notary,Branch,Resident,45-54,5,4,10,1,Yes,Positive,Much easier than going to the branch.,أسهل بكثير من زيارة الفرع.
CS-00384,2026-01-28,2026-01-01,Riyadh,RIY,Social Support & Subsidies,Mobile App,Citizen,55-64,4,4,9,1,Yes,Positive,The Nafath login worked first time.,الخطوات واضحة والتأكيد فوري.
CS-00385,2026-05-07,2026-05-01,Riyadh,RIY,Labour & HR Services,Mobile App,Citizen,35-44,5,5,10,1,Yes,Positive,The Nafath login worked first time.,أنهيت المعاملة عبر الجوال خلال دقيقتين.
CS-00386,2026-05-06,2026-05-01,Makkah,MAK,Health Services,Mobile App,Citizen,25-34,4,5,8,1,Yes,Positive,Clear steps and instant confirmation.,أسهل بكثير من زيارة الفرع.
CS-00387,2026-06-23,2026-06-01,Riyadh,RIY,Identity & Civil Affairs,Mobile App,Citizen,25-34,5,5,10,1,Yes,Positive,Much easier than going to the branch.,أنهيت المعاملة عبر الجوال خلال دقيقتين.
CS-00388,2026-05-20,2026-05-01,Makkah,MAK,Justice & Notary,Call Center,Citizen,45-54,5,5,10,1,Yes,Positive,Finished it on my phone in two minutes.,أسهل بكثير من زيارة الفرع.
CS-00389,2026-06-15,2026-06-01,Tabuk,TBK,Business & Licensing,Mobile App,Citizen,18-24,4,5,8,1,Yes,Positive,"No paperwork needed, very good service.",الخطوات واضحة والتأكيد فوري.
CS-00390,2026-06-07,2026-06-01,Makkah,MAK,Health Services,Web Portal,Business,45-54,5,4,10,0,Yes,Positive,Clear steps and instant confirmation.,تسجيل الدخول عبر نفاذ عمل من أول مرة.
CS-00391,2026-06-02,2026-06-01,Riyadh,RIY,Identity & Civil Affairs,Branch,Citizen,25-34,5,5,10,1,Yes,Positive,Finished it on my phone in two minutes.,أسهل بكثير من زيارة الفرع.
CS-00392,2026-06-14,2026-06-01,Qassim,QSM,Identity & Civil Affairs,Mobile App,Citizen,65+,5,5,10,1,Yes,Positive,"No paperwork needed, very good service.",أسهل بكثير من زيارة الفرع.
CS-00393,2026-05-28,2026-05-01,Makkah,MAK,Labour & HR Services,Mobile App,Citizen,18-24,4,5,7,1,Yes,Positive,The Nafath login worked first time.,أسهل بكثير من زيارة الفرع.
CS-00394,2026-06-23,2026-06-01,Madinah,MAD,Municipal Services,Call Center,Citizen,25-34,5,5,10,1,Yes,Positive,"No paperwork needed, very good service.",أنهيت المعاملة عبر الجوال خلال دقيقتين.
CS-00395,2026-05-15,2026-05-01,Makkah,MAK,Municipal Services,Web Portal,Citizen,18-24,5,5,10,1,Yes,Positive,"No paperwork needed, very good service.",أنهيت المعاملة عبر الجوال خلال دقيقتين.
CS-00396,2026-05-27,2026-05-01,Makkah,MAK,Identity & Civil Affairs,Web Portal,Citizen,65+,3,4,6,0,Maybe,Neutral,Acceptable but the receipt was hard to find.,تمت الخدمة لكن الصياغة غير واضحة.
CS-00397,2026-03-25,2026-03-01,Madinah,MAD,Municipal Services,Web Portal,Resident,45-54,5,4,10,1,Yes,Positive,Much easier than going to the branch.,الخطوات واضحة والتأكيد فوري.
CS-00398,2026-04-04,2026-04-01,Asir,ASR,Identity & Civil Affairs,Web Portal,Business,35-44,4,3,9,0,Yes,Positive,Clear steps and instant confirmation.,أسهل بكثير من زيارة الفرع.
CS-00399,2026-06-11,2026-06-01,Najran,NJR,Identity & Civil Affairs,Branch,Citizen,45-54,3,4,5,1,Maybe,Neutral,Took longer than I expected.,استغرقت وقتاً أطول مما توقعت.
CS-00400,2026-01-08,2026-01-01,Eastern Province,EAS,Identity & Civil Affairs,Branch,Citizen,25-34,5,4,8,1,Yes,Positive,Clear steps and instant confirmation.,الخطوات واضحة والتأكيد فوري.
CS-00401,2026-04-13,2026-04-01,Makkah,MAK,Business & Licensing,Mobile App,Resident,45-54,3,4,5,1,Maybe,Neutral,It worked but the wording was confusing.,استغرقت وقتاً أطول مما توقعت.
CS-00402,2026-04-18,2026-04-01,Qassim,QSM,Municipal Services,Web Portal,Resident,35-44,4,4,8,1,Yes,Positive,Much easier than going to the branch.,أنهيت المعاملة عبر الجوال خلال دقيقتين.
CS-00403,2026-05-06,2026-05-01,Tabuk,TBK,Education & Training,Mobile App,Resident,35-44,4,4,7,1,Yes,Positive,Much easier than going to the branch.,أسهل بكثير من زيارة الفرع.
CS-00404,2026-05-17,2026-05-01,Riyadh,RIY,Traffic & Transport,Branch,Citizen,35-44,5,5,8,1,Yes,Positive,Finished it on my phone in two minutes.,الخطوات واضحة والتأكيد فوري.
CS-00405,2026-03-05,2026-03-01,Al-Jouf,JOF,Social Support & Subsidies,Mobile App,Citizen,25-34,4,4,8,1,Yes,Positive,The Nafath login worked first time.,أسهل بكثير من زيارة الفرع.
CS-00406,2026-01-25,2026-01-01,Jazan,JZN,Labour & HR Services,Branch,Citizen,45-54,2,1,6,0,No,Negative,I had to visit the branch anyway.,رفع المستند يُرفض باستمرار.
CS-00407,2026-01-01,2026-01-01,Riyadh,RIY,Traffic & Transport,Mobile App,Business,35-44,4,3,9,0,Yes,Positive,Finished it on my phone in two minutes.,أسهل بكثير من زيارة الفرع.
CS-00408,2026-06-05,2026-06-01,Makkah,MAK,Labour & HR Services,Mobile App,Resident,25-34,5,5,10,1,Yes,Positive,Much easier than going to the branch.,أسهل بكثير من زيارة الفرع.
CS-00409,2026-06-20,2026-06-01,Qassim,QSM,Business & Licensing,Mobile App,Citizen,35-44,5,4,8,1,Yes,Positive,"No paperwork needed, very good service.",الخطوات واضحة والتأكيد فوري.
CS-00410,2026-06-08,2026-06-01,Makkah,MAK,Municipal Services,Mobile App,Business,35-44,5,5,10,1,Yes,Positive,Much easier than going to the branch.,تسجيل الدخول عبر نفاذ عمل من أول مرة.
CS-00411,2026-05-05,2026-05-01,Eastern Province,EAS,Traffic & Transport,Branch,Resident,35-44,5,5,10,1,Yes,Positive,Clear steps and instant confirmation.,أسهل بكثير من زيارة الفرع.
CS-00412,2026-02-07,2026-02-01,Jazan,JZN,Identity & Civil Affairs,Branch,Citizen,25-34,4,3,9,1,Yes,Positive,Clear steps and instant confirmation.,أنهيت المعاملة عبر الجوال خلال دقيقتين.
CS-00413,2026-01-01,2026-01-01,Riyadh,RIY,Municipal Services,Call Center,Business,65+,5,4,9,1,Yes,Positive,The Nafath login worked first time.,أنهيت المعاملة عبر الجوال خلال دقيقتين.
CS-00414,2026-04-05,2026-04-01,Makkah,MAK,Traffic & Transport,Web Portal,Citizen,35-44,3,4,8,1,Maybe,Neutral,Took longer than I expected.,تمت الخدمة لكن الصياغة غير واضحة.
CS-00415,2026-04-28,2026-04-01,Makkah,MAK,Education & Training,Mobile App,Business,25-34,5,5,8,1,Yes,Positive,Much easier than going to the branch.,الخطوات واضحة والتأكيد فوري.
CS-00416,2026-02-09,2026-02-01,Makkah,MAK,Health Services,Call Center,Citizen,35-44,4,4,10,0,Yes,Positive,Much easier than going to the branch.,تسجيل الدخول عبر نفاذ عمل من أول مرة.
CS-00417,2026-03-11,2026-03-01,Asir,ASR,Labour & HR Services,Mobile App,Citizen,18-24,5,4,8,1,Yes,Positive,Much easier than going to the branch.,الخطوات واضحة والتأكيد فوري.
CS-00418,2026-03-04,2026-03-01,Riyadh,RIY,Business & Licensing,Mobile App,Resident,45-54,5,5,10,0,Yes,Positive,Much easier than going to the branch.,أسهل بكثير من زيارة الفرع.
CS-00419,2026-03-22,2026-03-01,Makkah,MAK,Health Services,Branch,Citizen,25-34,4,3,8,1,Yes,Positive,"No paperwork needed, very good service.",أنهيت المعاملة عبر الجوال خلال دقيقتين.
CS-00420,2026-04-20,2026-04-01,Eastern Province,EAS,Traffic & Transport,Mobile App,Citizen,25-34,5,5,10,1,Yes,Positive,Clear steps and instant confirmation.,أسهل بكثير من زيارة الفرع.
CS-00421,2026-05-17,2026-05-01,Makkah,MAK,Identity & Civil Affairs,Mobile App,Resident,55-64,5,5,10,1,Yes,Positive,The Nafath login worked first time.,تسجيل الدخول عبر نفاذ عمل من أول مرة.
CS-00422,2026-06-23,2026-06-01,Riyadh,RIY,Municipal Services,Mobile App,Business,18-24,5,5,10,1,Yes,Positive,"No paperwork needed, very good service.",أنهيت المعاملة عبر الجوال خلال دقيقتين.
CS-00423,2026-03-09,2026-03-01,Riyadh,RIY,Labour & HR Services,Mobile App,Citizen,25-34,5,5,9,1,Yes,Positive,Much easier than going to the branch.,تسجيل الدخول عبر نفاذ عمل من أول مرة.
CS-00424,2026-01-05,2026-01-01,Madinah,MAD,Identity & Civil Affairs,Mobile App,Resident,35-44,4,5,8,1,Yes,Positive,"No paperwork needed, very good service.",أسهل بكثير من زيارة الفرع.
CS-00425,2026-01-02,2026-01-01,Makkah,MAK,Municipal Services,Mobile App,Citizen,25-34,4,5,7,1,Yes,Positive,The Nafath login worked first time.,تسجيل الدخول عبر نفاذ عمل من أول مرة.
CS-00426,2026-01-24,2026-01-01,Qassim,QSM,Municipal Services,Call Center,Citizen,55-64,3,4,8,0,Maybe,Neutral,Acceptable but the receipt was hard to find.,استغرقت وقتاً أطول مما توقعت.
CS-00427,2026-04-01,2026-04-01,Jazan,JZN,Identity & Civil Affairs,Web Portal,Resident,18-24,5,5,10,1,Yes,Positive,"No paperwork needed, very good service.",تسجيل الدخول عبر نفاذ عمل من أول مرة.
CS-00428,2026-05-12,2026-05-01,Makkah,MAK,Justice & Notary,Call Center,Business,18-24,4,5,9,1,Yes,Positive,"No paperwork needed, very good service.",أنهيت المعاملة عبر الجوال خلال دقيقتين.
CS-00429,2026-03-25,2026-03-01,Makkah,MAK,Identity & Civil Affairs,Web Portal,Resident,55-64,5,5,10,0,Yes,Positive,"No paperwork needed, very good service.",تسجيل الدخول عبر نفاذ عمل من أول مرة.
CS-00430,2026-01-22,2026-01-01,Makkah,MAK,Labour & HR Services,Branch,Citizen,35-44,3,3,5,1,Maybe,Neutral,Took longer than I expected.,تمت الخدمة لكن الصياغة غير واضحة.
CS-00431,2026-02-07,2026-02-01,Eastern Province,EAS,Identity & Civil Affairs,Call Center,Citizen,25-34,4,5,7,1,Yes,Positive,"No paperwork needed, very good service.",تسجيل الدخول عبر نفاذ عمل من أول مرة.
CS-00432,2026-04-01,2026-04-01,Riyadh,RIY,Labour & HR Services,Mobile App,Resident,25-34,4,5,8,1,Yes,Positive,The Nafath login worked first time.,تسجيل الدخول عبر نفاذ عمل من أول مرة.
CS-00433,2026-05-09,2026-05-01,Qassim,QSM,Business & Licensing,Web Portal,Resident,18-24,4,5,8,1,Yes,Positive,The Nafath login worked first time.,تسجيل الدخول عبر نفاذ عمل من أول مرة.
CS-00434,2026-05-28,2026-05-01,Makkah,MAK,Identity & Civil Affairs,Web Portal,Citizen,25-34,4,4,7,1,Yes,Positive,Much easier than going to the branch.,الخطوات واضحة والتأكيد فوري.
CS-00435,2026-06-18,2026-06-01,Asir,ASR,Business & Licensing,Mobile App,Citizen,45-54,4,4,10,1,Yes,Positive,Finished it on my phone in two minutes.,أسهل بكثير من زيارة الفرع.
CS-00436,2026-02-07,2026-02-01,Eastern Province,EAS,Health Services,Mobile App,Citizen,18-24,3,3,7,1,Maybe,Neutral,Took longer than I expected.,تمت الخدمة لكن الصياغة غير واضحة.
CS-00437,2026-04-09,2026-04-01,Tabuk,TBK,Business & Licensing,Web Portal,Citizen,35-44,3,3,8,1,Maybe,Neutral,"Fine, though I had to call to confirm.",مقبولة لكن اضطررت للاتصال للتأكيد.
CS-00438,2026-03-06,2026-03-01,Riyadh,RIY,Identity & Civil Affairs,Branch,Citizen,55-64,5,4,9,1,Yes,Positive,The Nafath login worked first time.,الخطوات واضحة والتأكيد فوري.
CS-00439,2026-06-27,2026-06-01,Makkah,MAK,Health Services,Branch,Citizen,45-54,4,3,6,1,Yes,Positive,Finished it on my phone in two minutes.,الخطوات واضحة والتأكيد فوري.
CS-00440,2026-03-13,2026-03-01,Hail,HAL,Identity & Civil Affairs,Branch,Citizen,35-44,3,2,8,1,Maybe,Neutral,Acceptable but the receipt was hard to find.,تمت الخدمة لكن الصياغة غير واضحة.
CS-00441,2026-04-12,2026-04-01,Makkah,MAK,Traffic & Transport,Mobile App,Citizen,35-44,5,5,10,1,Yes,Positive,"No paperwork needed, very good service.",الخطوات واضحة والتأكيد فوري.
CS-00442,2026-03-20,2026-03-01,Riyadh,RIY,Health Services,Mobile App,Citizen,45-54,5,4,10,1,Yes,Positive,"No paperwork needed, very good service.",أسهل بكثير من زيارة الفرع.
CS-00443,2026-02-27,2026-02-01,Riyadh,RIY,Health Services,Mobile App,Citizen,25-34,5,5,9,1,Yes,Positive,Clear steps and instant confirmation.,تسجيل الدخول عبر نفاذ عمل من أول مرة.
CS-00444,2026-05-16,2026-05-01,Makkah,MAK,Business & Licensing,Branch,Resident,25-34,2,3,3,1,No,Negative,The document upload kept rejecting my file.,فشل التحقق ثلاث مرات فاضطررت للتوقف.
CS-00445,2026-04-21,2026-04-01,Riyadh,RIY,Social Support & Subsidies,Mobile App,Resident,18-24,4,4,10,1,Yes,Positive,Much easier than going to the branch.,أنهيت المعاملة عبر الجوال خلال دقيقتين.
CS-00446,2026-02-13,2026-02-01,Makkah,MAK,Justice & Notary,Mobile App,Citizen,25-34,5,5,10,1,Yes,Positive,Clear steps and instant confirmation.,أسهل بكثير من زيارة الفرع.
CS-00447,2026-04-26,2026-04-01,Makkah,MAK,Labour & HR Services,Mobile App,Resident,18-24,5,4,10,1,Yes,Positive,Finished it on my phone in two minutes.,أسهل بكثير من زيارة الفرع.
CS-00448,2026-01-22,2026-01-01,Tabuk,TBK,Municipal Services,Branch,Citizen,35-44,4,3,6,1,Yes,Positive,"No paperwork needed, very good service.",تسجيل الدخول عبر نفاذ عمل من أول مرة.
CS-00449,2026-01-25,2026-01-01,Riyadh,RIY,Education & Training,Mobile App,Citizen,45-54,4,4,10,1,Yes,Positive,Clear steps and instant confirmation.,أنهيت المعاملة عبر الجوال خلال دقيقتين.
CS-00450,2026-04-15,2026-04-01,Eastern Province,EAS,Business & Licensing,Web Portal,Business,18-24,5,5,8,1,Yes,Positive,"No paperwork needed, very good service.",أسهل بكثير من زيارة الفرع.
CS-00451,2026-06-13,2026-06-01,Makkah,MAK,Social Support & Subsidies,Mobile App,Resident,25-34,4,5,6,1,Yes,Positive,The Nafath login worked first time.,أنهيت المعاملة عبر الجوال خلال دقيقتين.
CS-00452,2026-05-25,2026-05-01,Makkah,MAK,Business & Licensing,Mobile App,Citizen,35-44,5,5,9,1,Yes,Positive,The Nafath login worked first time.,أسهل بكثير من زيارة الفرع.
CS-00453,2026-02-02,2026-02-01,Jazan,JZN,Municipal Services,Mobile App,Resident,45-54,5,4,10,1,Yes,Positive,Finished it on my phone in two minutes.,أسهل بكثير من زيارة الفرع.
CS-00454,2026-02-08,2026-02-01,Al-Baha,BAH,Health Services,Web Portal,Citizen,18-24,5,5,10,1,Yes,Positive,Clear steps and instant confirmation.,أنهيت المعاملة عبر الجوال خلال دقيقتين.
CS-00455,2026-04-15,2026-04-01,Jazan,JZN,Social Support & Subsidies,Web Portal,Business,55-64,5,4,10,0,Yes,Positive,Finished it on my phone in two minutes.,تسجيل الدخول عبر نفاذ عمل من أول مرة.
CS-00456,2026-01-16,2026-01-01,Qassim,QSM,Labour & HR Services,Branch,Citizen,35-44,3,3,7,0,Maybe,Neutral,Acceptable but the receipt was hard to find.,تمت الخدمة لكن الصياغة غير واضحة.
CS-00457,2026-05-22,2026-05-01,Makkah,MAK,Identity & Civil Affairs,Mobile App,Citizen,45-54,5,4,10,1,Yes,Positive,"No paperwork needed, very good service.",أسهل بكثير من زيارة الفرع.
CS-00458,2026-03-28,2026-03-01,Asir,ASR,Traffic & Transport,Call Center,Citizen,25-34,3,4,7,0,Maybe,Neutral,Took longer than I expected.,مقبولة لكن اضطررت للاتصال للتأكيد.
CS-00459,2026-02-15,2026-02-01,Najran,NJR,Traffic & Transport,Web Portal,Citizen,18-24,5,5,10,1,Yes,Positive,Finished it on my phone in two minutes.,الخطوات واضحة والتأكيد فوري.
CS-00460,2026-03-03,2026-03-01,Jazan,JZN,Health Services,Web Portal,Business,18-24,3,2,5,0,Maybe,Neutral,"Fine, though I had to call to confirm.",استغرقت وقتاً أطول مما توقعت.
CS-00461,2026-03-25,2026-03-01,Jazan,JZN,Justice & Notary,Call Center,Resident,18-24,3,4,6,1,Maybe,Neutral,Took longer than I expected.,مقبولة لكن اضطررت للاتصال للتأكيد.
CS-00462,2026-01-03,2026-01-01,Makkah,MAK,Identity & Civil Affairs,Branch,Resident,35-44,3,4,5,0,Maybe,Neutral,It worked but the wording was confusing.,تمت الخدمة لكن الصياغة غير واضحة.
CS-00463,2026-02-02,2026-02-01,Riyadh,RIY,Traffic & Transport,Mobile App,Citizen,25-34,4,3,10,1,Yes,Positive,The Nafath login worked first time.,تسجيل الدخول عبر نفاذ عمل من أول مرة.
CS-00464,2026-01-19,2026-01-01,Makkah,MAK,Health Services,Mobile App,Citizen,65+,4,4,8,0,Yes,Positive,Finished it on my phone in two minutes.,الخطوات واضحة والتأكيد فوري.
CS-00465,2026-06-09,2026-06-01,Riyadh,RIY,Identity & Civil Affairs,Mobile App,Citizen,45-54,4,5,8,1,Yes,Positive,Finished it on my phone in two minutes.,تسجيل الدخول عبر نفاذ عمل من أول مرة.
CS-00466,2026-03-04,2026-03-01,Madinah,MAD,Justice & Notary,Web Portal,Citizen,25-34,4,3,7,1,Yes,Positive,Clear steps and instant confirmation.,أنهيت المعاملة عبر الجوال خلال دقيقتين.
CS-00467,2026-01-13,2026-01-01,Hail,HAL,Health Services,Web Portal,Citizen,25-34,5,4,10,0,Yes,Positive,Much easier than going to the branch.,الخطوات واضحة والتأكيد فوري.
CS-00468,2026-06-22,2026-06-01,Eastern Province,EAS,Health Services,Branch,Citizen,55-64,4,3,6,1,Yes,Positive,The Nafath login worked first time.,أنهيت المعاملة عبر الجوال خلال دقيقتين.
CS-00469,2026-05-14,2026-05-01,Eastern Province,EAS,Education & Training,Mobile App,Citizen,35-44,3,2,8,0,Maybe,Neutral,Acceptable but the receipt was hard to find.,تمت الخدمة لكن الصياغة غير واضحة.
CS-00470,2026-04-16,2026-04-01,Al-Baha,BAH,Health Services,Mobile App,Citizen,25-34,5,5,9,1,Yes,Positive,The Nafath login worked first time.,الخطوات واضحة والتأكيد فوري.
CS-00471,2026-04-13,2026-04-01,Riyadh,RIY,Business & Licensing,Mobile App,Business,18-24,4,5,7,1,Yes,Positive,The Nafath login worked first time.,الخطوات واضحة والتأكيد فوري.
CS-00472,2026-02-22,2026-02-01,Riyadh,RIY,Education & Training,Web Portal,Resident,45-54,5,5,10,1,Yes,Positive,"No paperwork needed, very good service.",الخطوات واضحة والتأكيد فوري.
CS-00473,2026-06-28,2026-06-01,Al-Baha,BAH,Labour & HR Services,Call Center,Citizen,45-54,2,3,4,1,No,Negative,I had to visit the branch anyway.,انتظرت أربعين دقيقة ثم أُغلق الشباك.
CS-00474,2026-02-14,2026-02-01,Asir,ASR,Labour & HR Services,Web Portal,Citizen,25-34,5,5,10,0,Yes,Positive,The Nafath login worked first time.,الخطوات واضحة والتأكيد فوري.
CS-00475,2026-04-27,2026-04-01,Al-Jouf,JOF,Identity & Civil Affairs,Mobile App,Citizen,25-34,4,3,6,1,Yes,Positive,"No paperwork needed, very good service.",أنهيت المعاملة عبر الجوال خلال دقيقتين.
CS-00476,2026-05-12,2026-05-01,Riyadh,RIY,Identity & Civil Affairs,Mobile App,Citizen,45-54,5,5,8,0,Yes,Positive,Clear steps and instant confirmation.,أسهل بكثير من زيارة الفرع.
CS-00477,2026-03-05,2026-03-01,Qassim,QSM,Labour & HR Services,Mobile App,Citizen,25-34,5,5,10,1,Yes,Positive,"No paperwork needed, very good service.",أنهيت المعاملة عبر الجوال خلال دقيقتين.
CS-00478,2026-05-05,2026-05-01,Makkah,MAK,Education & Training,Web Portal,Citizen,25-34,4,5,6,1,Yes,Positive,"No paperwork needed, very good service.",أسهل بكثير من زيارة الفرع.
CS-00479,2026-03-01,2026-03-01,Eastern Province,EAS,Identity & Civil Affairs,Mobile App,Citizen,45-54,4,3,10,1,Yes,Positive,The Nafath login worked first time.,الخطوات واضحة والتأكيد فوري.
CS-00480,2026-02-12,2026-02-01,Eastern Province,EAS,Labour & HR Services,Web Portal,Business,45-54,3,4,6,1,Maybe,Neutral,Took longer than I expected.,استغرقت وقتاً أطول مما توقعت.
CS-00481,2026-05-12,2026-05-01,Makkah,MAK,Social Support & Subsidies,Mobile App,Citizen,25-34,5,4,8,1,Yes,Positive,Clear steps and instant confirmation.,تسجيل الدخول عبر نفاذ عمل من أول مرة.
CS-00482,2026-06-14,2026-06-01,Eastern Province,EAS,Business & Licensing,Web Portal,Citizen,25-34,5,4,10,0,Yes,Positive,Finished it on my phone in two minutes.,أنهيت المعاملة عبر الجوال خلال دقيقتين.
CS-00483,2026-03-28,2026-03-01,Riyadh,RIY,Social Support & Subsidies,Web Portal,Citizen,45-54,5,4,8,1,Yes,Positive,Clear steps and instant confirmation.,الخطوات واضحة والتأكيد فوري.
CS-00484,2026-01-23,2026-01-01,Northern Borders,NBR,Justice & Notary,Web Portal,Resident,55-64,5,5,8,1,Yes,Positive,Clear steps and instant confirmation.,أنهيت المعاملة عبر الجوال خلال دقيقتين.
CS-00485,2026-03-05,2026-03-01,Riyadh,RIY,Justice & Notary,Branch,Citizen,25-34,3,4,7,1,Maybe,Neutral,Took longer than I expected.,تمت الخدمة لكن الصياغة غير واضحة.
CS-00486,2026-03-15,2026-03-01,Tabuk,TBK,Labour & HR Services,Mobile App,Citizen,65+,4,5,7,1,Yes,Positive,Finished it on my phone in two minutes.,أسهل بكثير من زيارة الفرع.
CS-00487,2026-01-06,2026-01-01,Riyadh,RIY,Justice & Notary,Mobile App,Citizen,45-54,5,5,10,1,Yes,Positive,The Nafath login worked first time.,أسهل بكثير من زيارة الفرع.
CS-00488,2026-01-15,2026-01-01,Riyadh,RIY,Identity & Civil Affairs,Mobile App,Citizen,25-34,5,5,10,1,Yes,Positive,Finished it on my phone in two minutes.,أسهل بكثير من زيارة الفرع.
CS-00489,2026-02-26,2026-02-01,Makkah,MAK,Municipal Services,Web Portal,Citizen,18-24,4,5,8,1,Yes,Positive,"No paperwork needed, very good service.",الخطوات واضحة والتأكيد فوري.
CS-00490,2026-01-06,2026-01-01,Makkah,MAK,Municipal Services,Mobile App,Resident,45-54,4,3,8,1,Yes,Positive,Finished it on my phone in two minutes.,أنهيت المعاملة عبر الجوال خلال دقيقتين.
CS-00491,2026-05-26,2026-05-01,Jazan,JZN,Labour & HR Services,Branch,Citizen,18-24,3,3,7,0,Maybe,Neutral,Took longer than I expected.,تمت الخدمة لكن الصياغة غير واضحة.
CS-00492,2026-04-03,2026-04-01,Makkah,MAK,Identity & Civil Affairs,Mobile App,Citizen,45-54,4,4,10,1,Yes,Positive,The Nafath login worked first time.,أسهل بكثير من زيارة الفرع.
CS-00493,2026-05-26,2026-05-01,Makkah,MAK,Education & Training,Web Portal,Citizen,25-34,5,4,9,1,Yes,Positive,The Nafath login worked first time.,تسجيل الدخول عبر نفاذ عمل من أول مرة.
CS-00494,2026-06-24,2026-06-01,Makkah,MAK,Traffic & Transport,Mobile App,Business,25-34,3,2,7,1,Maybe,Neutral,Acceptable but the receipt was hard to find.,مقبولة لكن اضطررت للاتصال للتأكيد.
CS-00495,2026-06-11,2026-06-01,Makkah,MAK,Social Support & Subsidies,Mobile App,Business,25-34,4,5,9,1,Yes,Positive,Finished it on my phone in two minutes.,الخطوات واضحة والتأكيد فوري.
CS-00496,2026-03-26,2026-03-01,Makkah,MAK,Labour & HR Services,Branch,Citizen,45-54,3,3,8,1,Maybe,Neutral,Took longer than I expected.,تمت الخدمة لكن الصياغة غير واضحة.
CS-00497,2026-06-03,2026-06-01,Tabuk,TBK,Health Services,Mobile App,Citizen,45-54,5,5,8,1,Yes,Positive,"No paperwork needed, very good service.",أنهيت المعاملة عبر الجوال خلال دقيقتين.
CS-00498,2026-03-16,2026-03-01,Riyadh,RIY,Health Services,Mobile App,Citizen,25-34,4,3,8,1,Yes,Positive,Clear steps and instant confirmation.,أسهل بكثير من زيارة الفرع.
CS-00499,2026-03-22,2026-03-01,Riyadh,RIY,Municipal Services,Mobile App,Citizen,35-44,5,5,8,1,Yes,Positive,Finished it on my phone in two minutes.,الخطوات واضحة والتأكيد فوري.
CS-00500,2026-04-13,2026-04-01,Makkah,MAK,Education & Training,Web Portal,Business,35-44,2,3,2,1,No,Negative,The document upload kept rejecting my file.,رفع المستند يُرفض باستمرار.
CS-00501,2026-03-06,2026-03-01,Riyadh,RIY,Social Support & Subsidies,Call Center,Resident,45-54,4,5,10,1,Yes,Positive,The Nafath login worked first time.,تسجيل الدخول عبر نفاذ عمل من أول مرة.
CS-00502,2026-01-04,2026-01-01,Riyadh,RIY,Social Support & Subsidies,Branch,Citizen,18-24,3,2,5,0,Maybe,Neutral,Acceptable but the receipt was hard to find.,استغرقت وقتاً أطول مما توقعت.
CS-00503,2026-02-18,2026-02-01,Makkah,MAK,Justice & Notary,Branch,Citizen,55-64,2,3,5,1,No,Negative,I had to visit the branch anyway.,انتظرت أربعين دقيقة ثم أُغلق الشباك.
CS-00504,2026-05-06,2026-05-01,Qassim,QSM,Justice & Notary,Call Center,Citizen,45-54,3,4,5,0,Maybe,Neutral,Acceptable but the receipt was hard to find.,مقبولة لكن اضطررت للاتصال للتأكيد.
CS-00505,2026-02-18,2026-02-01,Qassim,QSM,Business & Licensing,Call Center,Citizen,45-54,3,3,6,0,Maybe,Neutral,"Fine, though I had to call to confirm.",استغرقت وقتاً أطول مما توقعت.
CS-00506,2026-05-02,2026-05-01,Makkah,MAK,Health Services,Branch,Citizen,25-34,3,3,4,0,Maybe,Neutral,Took longer than I expected.,تمت الخدمة لكن الصياغة غير واضحة.
CS-00507,2026-01-11,2026-01-01,Riyadh,RIY,Traffic & Transport,Branch,Citizen,25-34,4,5,10,1,Yes,Positive,Much easier than going to the branch.,أنهيت المعاملة عبر الجوال خلال دقيقتين.
CS-00508,2026-05-15,2026-05-01,Riyadh,RIY,Business & Licensing,Branch,Citizen,18-24,3,3,7,0,Maybe,Neutral,Took longer than I expected.,تمت الخدمة لكن الصياغة غير واضحة.
CS-00509,2026-03-05,2026-03-01,Al-Jouf,JOF,Municipal Services,Web Portal,Citizen,55-64,5,5,10,1,Yes,Positive,"No paperwork needed, very good service.",أنهيت المعاملة عبر الجوال خلال دقيقتين.
CS-00510,2026-05-19,2026-05-01,Jazan,JZN,Education & Training,Call Center,Resident,35-44,2,1,3,0,No,Negative,Waited 40 minutes and the counter closed.,رفع المستند يُرفض باستمرار.
CS-00511,2026-01-13,2026-01-01,Makkah,MAK,Municipal Services,Mobile App,Resident,18-24,5,5,10,1,Yes,Positive,The Nafath login worked first time.,الخطوات واضحة والتأكيد فوري.
CS-00512,2026-06-22,2026-06-01,Makkah,MAK,Health Services,Branch,Citizen,35-44,3,3,7,0,Maybe,Neutral,It worked but the wording was confusing.,مقبولة لكن اضطررت للاتصال للتأكيد.
CS-00513,2026-02-27,2026-02-01,Makkah,MAK,Education & Training,Mobile App,Citizen,25-34,5,5,10,1,Yes,Positive,The Nafath login worked first time.,الخطوات واضحة والتأكيد فوري.
CS-00514,2026-01-05,2026-01-01,Madinah,MAD,Education & Training,Mobile App,Citizen,18-24,5,5,9,1,Yes,Positive,Clear steps and instant confirmation.,الخطوات واضحة والتأكيد فوري.
CS-00515,2026-03-10,2026-03-01,Eastern Province,EAS,Municipal Services,Mobile App,Resident,45-54,4,3,10,1,Yes,Positive,"No paperwork needed, very good service.",تسجيل الدخول عبر نفاذ عمل من أول مرة.
CS-00516,2026-05-01,2026-05-01,Najran,NJR,Business & Licensing,Call Center,Citizen,45-54,4,4,9,1,Yes,Positive,"No paperwork needed, very good service.",أنهيت المعاملة عبر الجوال خلال دقيقتين.
CS-00517,2026-05-15,2026-05-01,Riyadh,RIY,Health Services,Mobile App,Business,18-24,5,5,9,1,Yes,Positive,The Nafath login worked first time.,تسجيل الدخول عبر نفاذ عمل من أول مرة.
CS-00518,2026-01-15,2026-01-01,Tabuk,TBK,Identity & Civil Affairs,Mobile App,Resident,45-54,4,4,6,1,Yes,Positive,Clear steps and instant confirmation.,أسهل بكثير من زيارة الفرع.
CS-00519,2026-04-03,2026-04-01,Riyadh,RIY,Identity & Civil Affairs,Branch,Citizen,35-44,3,2,4,0,Maybe,Neutral,Took longer than I expected.,تمت الخدمة لكن الصياغة غير واضحة.
CS-00520,2026-04-23,2026-04-01,Riyadh,RIY,Identity & Civil Affairs,Mobile App,Citizen,55-64,5,5,10,1,Yes,Positive,"No paperwork needed, very good service.",أسهل بكثير من زيارة الفرع.
CS-00521,2026-03-07,2026-03-01,Riyadh,RIY,Business & Licensing,Mobile App,Business,25-34,5,4,8,1,Yes,Positive,Finished it on my phone in two minutes.,أسهل بكثير من زيارة الفرع.
CS-00522,2026-01-01,2026-01-01,Riyadh,RIY,Traffic & Transport,Web Portal,Citizen,55-64,3,3,8,0,Maybe,Neutral,"Fine, though I had to call to confirm.",تمت الخدمة لكن الصياغة غير واضحة.
CS-00523,2026-01-27,2026-01-01,Jazan,JZN,Social Support & Subsidies,Call Center,Citizen,45-54,4,4,7,1,Yes,Positive,Clear steps and instant confirmation.,تسجيل الدخول عبر نفاذ عمل من أول مرة.
CS-00524,2026-05-02,2026-05-01,Eastern Province,EAS,Traffic & Transport,Web Portal,Citizen,18-24,5,4,10,1,Yes,Positive,Finished it on my phone in two minutes.,الخطوات واضحة والتأكيد فوري.
CS-00525,2026-04-27,2026-04-01,Madinah,MAD,Education & Training,Mobile App,Citizen,55-64,5,5,9,0,Yes,Positive,Clear steps and instant confirmation.,أنهيت المعاملة عبر الجوال خلال دقيقتين.
CS-00526,2026-02-07,2026-02-01,Riyadh,RIY,Health Services,Web Portal,Citizen,18-24,5,5,10,1,Yes,Positive,Much easier than going to the branch.,تسجيل الدخول عبر نفاذ عمل من أول مرة.
CS-00527,2026-03-23,2026-03-01,Madinah,MAD,Business & Licensing,Web Portal,Citizen,25-34,5,5,10,1,Yes,Positive,"No paperwork needed, very good service.",أسهل بكثير من زيارة الفرع.
CS-00528,2026-05-09,2026-05-01,Riyadh,RIY,Social Support & Subsidies,Web Portal,Citizen,55-64,4,5,6,0,Yes,Positive,"No paperwork needed, very good service.",أنهيت المعاملة عبر الجوال خلال دقيقتين.
CS-00529,2026-03-16,2026-03-01,Makkah,MAK,Identity & Civil Affairs,Mobile App,Citizen,25-34,5,5,8,0,Yes,Positive,Finished it on my phone in two minutes.,أسهل بكثير من زيارة الفرع.
CS-00530,2026-03-22,2026-03-01,Jazan,JZN,Social Support & Subsidies,Branch,Citizen,45-54,4,5,10,1,Yes,Positive,Much easier than going to the branch.,تسجيل الدخول عبر نفاذ عمل من أول مرة.
CS-00531,2026-02-15,2026-02-01,Madinah,MAD,Social Support & Subsidies,Mobile App,Resident,25-34,5,4,10,1,Yes,Positive,The Nafath login worked first time.,الخطوات واضحة والتأكيد فوري.
CS-00532,2026-06-08,2026-06-01,Al-Baha,BAH,Traffic & Transport,Mobile App,Citizen,25-34,5,4,10,1,Yes,Positive,The Nafath login worked first time.,تسجيل الدخول عبر نفاذ عمل من أول مرة.
CS-00533,2026-02-08,2026-02-01,Riyadh,RIY,Labour & HR Services,Mobile App,Citizen,55-64,5,5,9,0,Yes,Positive,The Nafath login worked first time.,تسجيل الدخول عبر نفاذ عمل من أول مرة.
CS-00534,2026-04-13,2026-04-01,Jazan,JZN,Justice & Notary,Mobile App,Business,45-54,4,3,10,1,Yes,Positive,Clear steps and instant confirmation.,أسهل بكثير من زيارة الفرع.
CS-00535,2026-04-05,2026-04-01,Makkah,MAK,Labour & HR Services,Mobile App,Citizen,45-54,4,5,7,1,Yes,Positive,Finished it on my phone in two minutes.,تسجيل الدخول عبر نفاذ عمل من أول مرة.
CS-00536,2026-03-03,2026-03-01,Makkah,MAK,Health Services,Web Portal,Citizen,55-64,3,2,7,1,Maybe,Neutral,Acceptable but the receipt was hard to find.,تمت الخدمة لكن الصياغة غير واضحة.
CS-00537,2026-06-16,2026-06-01,Eastern Province,EAS,Health Services,Mobile App,Resident,45-54,5,5,10,1,Yes,Positive,Clear steps and instant confirmation.,أسهل بكثير من زيارة الفرع.
CS-00538,2026-06-26,2026-06-01,Eastern Province,EAS,Municipal Services,Branch,Citizen,55-64,5,5,10,1,Yes,Positive,The Nafath login worked first time.,أسهل بكثير من زيارة الفرع.
CS-00539,2026-04-07,2026-04-01,Eastern Province,EAS,Municipal Services,Web Portal,Citizen,18-24,4,5,6,1,Yes,Positive,"No paperwork needed, very good service.",أنهيت المعاملة عبر الجوال خلال دقيقتين.
CS-00540,2026-06-21,2026-06-01,Eastern Province,EAS,Municipal Services,Mobile App,Citizen,18-24,5,4,10,1,Yes,Positive,Finished it on my phone in two minutes.,الخطوات واضحة والتأكيد فوري.
CS-00541,2026-02-27,2026-02-01,Riyadh,RIY,Identity & Civil Affairs,Mobile App,Citizen,55-64,4,3,8,1,Yes,Positive,"No paperwork needed, very good service.",الخطوات واضحة والتأكيد فوري.
CS-00542,2026-04-15,2026-04-01,Najran,NJR,Business & Licensing,Branch,Resident,45-54,3,4,8,0,Maybe,Neutral,"Fine, though I had to call to confirm.",استغرقت وقتاً أطول مما توقعت.
CS-00543,2026-03-05,2026-03-01,Makkah,MAK,Justice & Notary,Web Portal,Resident,18-24,5,4,10,1,Yes,Positive,The Nafath login worked first time.,أنهيت المعاملة عبر الجوال خلال دقيقتين.
CS-00544,2026-03-12,2026-03-01,Riyadh,RIY,Health Services,Mobile App,Citizen,35-44,4,3,9,1,Yes,Positive,"No paperwork needed, very good service.",أسهل بكثير من زيارة الفرع.
CS-00545,2026-04-19,2026-04-01,Eastern Province,EAS,Education & Training,Branch,Citizen,55-64,3,3,8,1,Maybe,Neutral,"Fine, though I had to call to confirm.",مقبولة لكن اضطررت للاتصال للتأكيد.
CS-00546,2026-05-11,2026-05-01,Riyadh,RIY,Labour & HR Services,Mobile App,Resident,45-54,5,5,10,1,Yes,Positive,Finished it on my phone in two minutes.,أسهل بكثير من زيارة الفرع.
CS-00547,2026-01-27,2026-01-01,Asir,ASR,Traffic & Transport,Mobile App,Citizen,18-24,4,5,6,0,Yes,Positive,The Nafath login worked first time.,أسهل بكثير من زيارة الفرع.
CS-00548,2026-01-15,2026-01-01,Riyadh,RIY,Labour & HR Services,Mobile App,Citizen,45-54,5,5,10,1,Yes,Positive,Finished it on my phone in two minutes.,الخطوات واضحة والتأكيد فوري.
CS-00549,2026-05-08,2026-05-01,Madinah,MAD,Social Support & Subsidies,Mobile App,Citizen,18-24,5,4,8,1,Yes,Positive,Much easier than going to the branch.,تسجيل الدخول عبر نفاذ عمل من أول مرة.
CS-00550,2026-06-20,2026-06-01,Makkah,MAK,Justice & Notary,Mobile App,Business,18-24,5,5,10,1,Yes,Positive,"No paperwork needed, very good service.",الخطوات واضحة والتأكيد فوري.
CS-00551,2026-05-11,2026-05-01,Asir,ASR,Traffic & Transport,Web Portal,Citizen,25-34,5,4,10,1,Yes,Positive,Much easier than going to the branch.,الخطوات واضحة والتأكيد فوري.
CS-00552,2026-05-20,2026-05-01,Riyadh,RIY,Identity & Civil Affairs,Mobile App,Resident,25-34,4,4,10,1,Yes,Positive,"No paperwork needed, very good service.",الخطوات واضحة والتأكيد فوري.
CS-00553,2026-02-18,2026-02-01,Jazan,JZN,Education & Training,Mobile App,Citizen,18-24,5,4,10,1,Yes,Positive,Clear steps and instant confirmation.,أنهيت المعاملة عبر الجوال خلال دقيقتين.
CS-00554,2026-02-23,2026-02-01,Riyadh,RIY,Education & Training,Branch,Citizen,45-54,5,4,10,1,Yes,Positive,Much easier than going to the branch.,أسهل بكثير من زيارة الفرع.
CS-00555,2026-04-04,2026-04-01,Jazan,JZN,Education & Training,Mobile App,Citizen,18-24,5,5,10,1,Yes,Positive,"No paperwork needed, very good service.",تسجيل الدخول عبر نفاذ عمل من أول مرة.
CS-00556,2026-05-21,2026-05-01,Makkah,MAK,Education & Training,Mobile App,Citizen,25-34,5,5,10,1,Yes,Positive,The Nafath login worked first time.,الخطوات واضحة والتأكيد فوري.
CS-00557,2026-04-22,2026-04-01,Riyadh,RIY,Identity & Civil Affairs,Branch,Citizen,35-44,2,3,2,0,No,Negative,I had to visit the branch anyway.,اضطررت لزيارة الفرع رغم ذلك.
CS-00558,2026-05-26,2026-05-01,Makkah,MAK,Municipal Services,Mobile App,Citizen,45-54,5,5,9,1,Yes,Positive,Much easier than going to the branch.,أنهيت المعاملة عبر الجوال خلال دقيقتين.
CS-00559,2026-05-24,2026-05-01,Riyadh,RIY,Labour & HR Services,Mobile App,Business,18-24,5,5,8,1,Yes,Positive,Much easier than going to the branch.,أسهل بكثير من زيارة الفرع.
CS-00560,2026-03-05,2026-03-01,Makkah,MAK,Traffic & Transport,Web Portal,Citizen,25-34,5,5,9,1,Yes,Positive,Much easier than going to the branch.,أسهل بكثير من زيارة الفرع.
CS-00561,2026-06-21,2026-06-01,Al-Jouf,JOF,Health Services,Mobile App,Citizen,35-44,5,5,10,1,Yes,Positive,The Nafath login worked first time.,أسهل بكثير من زيارة الفرع.
CS-00562,2026-05-25,2026-05-01,Asir,ASR,Labour & HR Services,Branch,Resident,25-34,3,4,5,0,Maybe,Neutral,"Fine, though I had to call to confirm.",تمت الخدمة لكن الصياغة غير واضحة.
CS-00563,2026-04-17,2026-04-01,Eastern Province,EAS,Social Support & Subsidies,Mobile App,Citizen,35-44,5,4,10,1,Yes,Positive,Clear steps and instant confirmation.,أسهل بكثير من زيارة الفرع.
CS-00564,2026-02-04,2026-02-01,Makkah,MAK,Identity & Civil Affairs,Web Portal,Resident,25-34,5,4,10,1,Yes,Positive,Clear steps and instant confirmation.,أسهل بكثير من زيارة الفرع.
CS-00565,2026-04-18,2026-04-01,Makkah,MAK,Municipal Services,Branch,Citizen,45-54,3,4,4,1,Maybe,Neutral,Acceptable but the receipt was hard to find.,تمت الخدمة لكن الصياغة غير واضحة.
CS-00566,2026-06-27,2026-06-01,Riyadh,RIY,Health Services,Branch,Citizen,18-24,4,4,8,1,Yes,Positive,"No paperwork needed, very good service.",تسجيل الدخول عبر نفاذ عمل من أول مرة.
CS-00567,2026-05-09,2026-05-01,Eastern Province,EAS,Municipal Services,Mobile App,Business,25-34,4,4,7,1,Yes,Positive,Clear steps and instant confirmation.,أسهل بكثير من زيارة الفرع.
CS-00568,2026-06-12,2026-06-01,Riyadh,RIY,Identity & Civil Affairs,Mobile App,Business,45-54,5,4,10,1,Yes,Positive,Finished it on my phone in two minutes.,أسهل بكثير من زيارة الفرع.
CS-00569,2026-01-27,2026-01-01,Eastern Province,EAS,Education & Training,Branch,Citizen,45-54,2,3,3,1,No,Negative,I had to visit the branch anyway.,فشل التحقق ثلاث مرات فاضطررت للتوقف.
CS-00570,2026-05-09,2026-05-01,Jazan,JZN,Health Services,Mobile App,Citizen,55-64,3,2,4,1,Maybe,Neutral,It worked but the wording was confusing.,استغرقت وقتاً أطول مما توقعت.
CS-00571,2026-04-06,2026-04-01,Makkah,MAK,Health Services,Call Center,Citizen,25-34,4,5,10,1,Yes,Positive,Much easier than going to the branch.,أسهل بكثير من زيارة الفرع.
CS-00572,2026-04-08,2026-04-01,Makkah,MAK,Health Services,Call Center,Citizen,25-34,4,5,7,1,Yes,Positive,Much easier than going to the branch.,أنهيت المعاملة عبر الجوال خلال دقيقتين.
CS-00573,2026-04-25,2026-04-01,Qassim,QSM,Identity & Civil Affairs,Branch,Resident,35-44,4,3,7,1,Yes,Positive,"No paperwork needed, very good service.",تسجيل الدخول عبر نفاذ عمل من أول مرة.
CS-00574,2026-06-22,2026-06-01,Al-Jouf,JOF,Justice & Notary,Branch,Business,55-64,5,5,10,1,Yes,Positive,"No paperwork needed, very good service.",تسجيل الدخول عبر نفاذ عمل من أول مرة.
CS-00575,2026-03-11,2026-03-01,Riyadh,RIY,Business & Licensing,Mobile App,Citizen,35-44,4,5,8,1,Yes,Positive,"No paperwork needed, very good service.",أسهل بكثير من زيارة الفرع.
CS-00576,2026-01-10,2026-01-01,Riyadh,RIY,Social Support & Subsidies,Mobile App,Citizen,25-34,4,3,7,1,Yes,Positive,"No paperwork needed, very good service.",أنهيت المعاملة عبر الجوال خلال دقيقتين.
CS-00577,2026-01-13,2026-01-01,Qassim,QSM,Identity & Civil Affairs,Mobile App,Citizen,25-34,5,4,10,1,Yes,Positive,"No paperwork needed, very good service.",الخطوات واضحة والتأكيد فوري.
CS-00578,2026-05-25,2026-05-01,Makkah,MAK,Education & Training,Mobile App,Resident,18-24,5,5,10,1,Yes,Positive,The Nafath login worked first time.,أسهل بكثير من زيارة الفرع.
CS-00579,2026-05-18,2026-05-01,Al-Baha,BAH,Health Services,Branch,Citizen,18-24,4,4,6,1,Yes,Positive,Clear steps and instant confirmation.,الخطوات واضحة والتأكيد فوري.
CS-00580,2026-03-02,2026-03-01,Makkah,MAK,Education & Training,Web Portal,Resident,45-54,4,3,10,1,Yes,Positive,Much easier than going to the branch.,تسجيل الدخول عبر نفاذ عمل من أول مرة.
CS-00581,2026-01-05,2026-01-01,Eastern Province,EAS,Education & Training,Mobile App,Citizen,45-54,5,5,9,1,Yes,Positive,The Nafath login worked first time.,الخطوات واضحة والتأكيد فوري.
CS-00582,2026-05-23,2026-05-01,Tabuk,TBK,Municipal Services,Call Center,Citizen,25-34,5,5,10,1,Yes,Positive,Much easier than going to the branch.,تسجيل الدخول عبر نفاذ عمل من أول مرة.
CS-00583,2026-04-13,2026-04-01,Eastern Province,EAS,Education & Training,Mobile App,Resident,25-34,5,5,10,1,Yes,Positive,Much easier than going to the branch.,أنهيت المعاملة عبر الجوال خلال دقيقتين.
CS-00584,2026-04-02,2026-04-01,Makkah,MAK,Identity & Civil Affairs,Mobile App,Citizen,25-34,4,4,6,1,Yes,Positive,The Nafath login worked first time.,الخطوات واضحة والتأكيد فوري.
CS-00585,2026-05-20,2026-05-01,Makkah,MAK,Municipal Services,Mobile App,Citizen,18-24,2,1,5,0,No,Negative,The document upload kept rejecting my file.,رفع المستند يُرفض باستمرار.
CS-00586,2026-06-03,2026-06-01,Tabuk,TBK,Health Services,Mobile App,Citizen,18-24,5,4,10,1,Yes,Positive,Much easier than going to the branch.,تسجيل الدخول عبر نفاذ عمل من أول مرة.
CS-00587,2026-01-25,2026-01-01,Jazan,JZN,Business & Licensing,Call Center,Citizen,35-44,4,3,7,1,Yes,Positive,Finished it on my phone in two minutes.,أنهيت المعاملة عبر الجوال خلال دقيقتين.
CS-00588,2026-04-01,2026-04-01,Qassim,QSM,Labour & HR Services,Mobile App,Citizen,55-64,4,4,7,1,Yes,Positive,Much easier than going to the branch.,الخطوات واضحة والتأكيد فوري.
CS-00589,2026-02-23,2026-02-01,Asir,ASR,Business & Licensing,Web Portal,Resident,65+,5,4,10,1,Yes,Positive,Finished it on my phone in two minutes.,أسهل بكثير من زيارة الفرع.
CS-00590,2026-06-05,2026-06-01,Qassim,QSM,Social Support & Subsidies,Web Portal,Citizen,25-34,4,5,8,1,Yes,Positive,Finished it on my phone in two minutes.,تسجيل الدخول عبر نفاذ عمل من أول مرة.
CS-00591,2026-02-21,2026-02-01,Riyadh,RIY,Identity & Civil Affairs,Mobile App,Citizen,25-34,5,5,10,1,Yes,Positive,"No paperwork needed, very good service.",الخطوات واضحة والتأكيد فوري.
CS-00592,2026-04-07,2026-04-01,Riyadh,RIY,Identity & Civil Affairs,Call Center,Citizen,25-34,4,5,9,0,Yes,Positive,Finished it on my phone in two minutes.,أنهيت المعاملة عبر الجوال خلال دقيقتين.
CS-00593,2026-04-10,2026-04-01,Makkah,MAK,Health Services,Mobile App,Citizen,45-54,5,5,10,1,Yes,Positive,"No paperwork needed, very good service.",أسهل بكثير من زيارة الفرع.
CS-00594,2026-06-03,2026-06-01,Riyadh,RIY,Identity & Civil Affairs,Call Center,Citizen,25-34,4,5,8,1,Yes,Positive,Clear steps and instant confirmation.,أنهيت المعاملة عبر الجوال خلال دقيقتين.
CS-00595,2026-04-15,2026-04-01,Makkah,MAK,Justice & Notary,Branch,Citizen,25-34,3,4,4,0,Maybe,Neutral,"Fine, though I had to call to confirm.",تمت الخدمة لكن الصياغة غير واضحة.
CS-00596,2026-03-24,2026-03-01,Makkah,MAK,Municipal Services,Mobile App,Citizen,18-24,5,4,9,1,Yes,Positive,The Nafath login worked first time.,أسهل بكثير من زيارة الفرع.
CS-00597,2026-03-26,2026-03-01,Riyadh,RIY,Health Services,Call Center,Citizen,18-24,3,2,5,1,Maybe,Neutral,It worked but the wording was confusing.,مقبولة لكن اضطررت للاتصال للتأكيد.
CS-00598,2026-06-27,2026-06-01,Makkah,MAK,Labour & HR Services,Web Portal,Citizen,45-54,4,4,9,1,Yes,Positive,Clear steps and instant confirmation.,أنهيت المعاملة عبر الجوال خلال دقيقتين.
CS-00599,2026-01-08,2026-01-01,Tabuk,TBK,Labour & HR Services,Mobile App,Citizen,45-54,4,5,10,1,Yes,Positive,Much easier than going to the branch.,أنهيت المعاملة عبر الجوال خلال دقيقتين.
CS-00600,2026-05-27,2026-05-01,Tabuk,TBK,Education & Training,Web Portal,Business,45-54,5,5,9,1,Yes,Positive,Clear steps and instant confirmation.,أسهل بكثير من زيارة الفرع.
CS-00601,2026-03-08,2026-03-01,Eastern Province,EAS,Municipal Services,Branch,Citizen,65+,2,2,2,1,No,Negative,Waited 40 minutes and the counter closed.,انتظرت أربعين دقيقة ثم أُغلق الشباك.
CS-00602,2026-03-09,2026-03-01,Makkah,MAK,Justice & Notary,Call Center,Resident,35-44,3,4,5,0,Maybe,Neutral,"Fine, though I had to call to confirm.",استغرقت وقتاً أطول مما توقعت.
CS-00603,2026-02-04,2026-02-01,Eastern Province,EAS,Health Services,Branch,Business,45-54,4,5,9,1,Yes,Positive,"No paperwork needed, very good service.",الخطوات واضحة والتأكيد فوري.
CS-00604,2026-02-01,2026-02-01,Eastern Province,EAS,Identity & Civil Affairs,Mobile App,Resident,25-34,5,4,9,1,Yes,Positive,The Nafath login worked first time.,أسهل بكثير من زيارة الفرع.
CS-00605,2026-05-16,2026-05-01,Makkah,MAK,Municipal Services,Mobile App,Citizen,25-34,4,3,10,1,Yes,Positive,Much easier than going to the branch.,أنهيت المعاملة عبر الجوال خلال دقيقتين.
CS-00606,2026-06-07,2026-06-01,Makkah,MAK,Social Support & Subsidies,Branch,Business,45-54,4,4,10,0,Yes,Positive,"No paperwork needed, very good service.",أنهيت المعاملة عبر الجوال خلال دقيقتين.
CS-00607,2026-06-01,2026-06-01,Makkah,MAK,Health Services,Mobile App,Citizen,18-24,4,5,6,1,Yes,Positive,Finished it on my phone in two minutes.,الخطوات واضحة والتأكيد فوري.
CS-00608,2026-02-19,2026-02-01,Makkah,MAK,Business & Licensing,Call Center,Citizen,35-44,2,1,3,0,No,Negative,Waited 40 minutes and the counter closed.,رفع المستند يُرفض باستمرار.
CS-00609,2026-04-01,2026-04-01,Riyadh,RIY,Justice & Notary,Branch,Business,45-54,3,3,7,0,Maybe,Neutral,It worked but the wording was confusing.,تمت الخدمة لكن الصياغة غير واضحة.
CS-00610,2026-03-18,2026-03-01,Eastern Province,EAS,Education & Training,Web Portal,Citizen,35-44,5,5,10,1,Yes,Positive,Finished it on my phone in two minutes.,تسجيل الدخول عبر نفاذ عمل من أول مرة.
CS-00611,2026-02-10,2026-02-01,Eastern Province,EAS,Labour & HR Services,Call Center,Resident,25-34,3,3,6,1,Maybe,Neutral,"Fine, though I had to call to confirm.",استغرقت وقتاً أطول مما توقعت.
CS-00612,2026-06-05,2026-06-01,Riyadh,RIY,Labour & HR Services,Web Portal,Citizen,25-34,4,5,9,1,Yes,Positive,Much easier than going to the branch.,أسهل بكثير من زيارة الفرع.
CS-00613,2026-01-19,2026-01-01,Eastern Province,EAS,Social Support & Subsidies,Web Portal,Citizen,25-34,4,5,6,1,Yes,Positive,"No paperwork needed, very good service.",الخطوات واضحة والتأكيد فوري.
CS-00614,2026-01-02,2026-01-01,Makkah,MAK,Education & Training,Web Portal,Citizen,25-34,5,4,8,0,Yes,Positive,"No paperwork needed, very good service.",الخطوات واضحة والتأكيد فوري.
CS-00615,2026-06-10,2026-06-01,Makkah,MAK,Identity & Civil Affairs,Call Center,Citizen,25-34,4,5,8,1,Yes,Positive,"No paperwork needed, very good service.",الخطوات واضحة والتأكيد فوري.
CS-00616,2026-03-25,2026-03-01,Jazan,JZN,Identity & Civil Affairs,Mobile App,Citizen,18-24,3,2,6,1,Maybe,Neutral,Took longer than I expected.,مقبولة لكن اضطررت للاتصال للتأكيد.
CS-00617,2026-02-02,2026-02-01,Riyadh,RIY,Education & Training,Web Portal,Resident,35-44,5,5,10,1,Yes,Positive,Finished it on my phone in two minutes.,أنهيت المعاملة عبر الجوال خلال دقيقتين.
CS-00618,2026-05-27,2026-05-01,Tabuk,TBK,Municipal Services,Mobile App,Citizen,35-44,3,3,7,0,Maybe,Neutral,Acceptable but the receipt was hard to find.,استغرقت وقتاً أطول مما توقعت.
CS-00619,2026-04-13,2026-04-01,Riyadh,RIY,Social Support & Subsidies,Web Portal,Resident,35-44,5,5,8,1,Yes,Positive,"No paperwork needed, very good service.",أسهل بكثير من زيارة الفرع.
CS-00620,2026-02-12,2026-02-01,Makkah,MAK,Education & Training,Call Center,Citizen,35-44,3,2,6,0,Maybe,Neutral,Took longer than I expected.,مقبولة لكن اضطررت للاتصال للتأكيد.
CS-00621,2026-04-18,2026-04-01,Riyadh,RIY,Education & Training,Mobile App,Citizen,18-24,4,3,6,1,Yes,Positive,"No paperwork needed, very good service.",أسهل بكثير من زيارة الفرع.
CS-00622,2026-03-10,2026-03-01,Eastern Province,EAS,Identity & Civil Affairs,Branch,Citizen,35-44,3,4,5,0,Maybe,Neutral,Acceptable but the receipt was hard to find.,استغرقت وقتاً أطول مما توقعت.
CS-00623,2026-05-19,2026-05-01,Makkah,MAK,Justice & Notary,Web Portal,Business,25-34,4,5,10,1,Yes,Positive,Finished it on my phone in two minutes.,الخطوات واضحة والتأكيد فوري.
CS-00624,2026-05-17,2026-05-01,Al-Jouf,JOF,Traffic & Transport,Mobile App,Citizen,25-34,5,4,10,1,Yes,Positive,Much easier than going to the branch.,تسجيل الدخول عبر نفاذ عمل من أول مرة.
CS-00625,2026-06-20,2026-06-01,Jazan,JZN,Education & Training,Branch,Business,18-24,2,2,2,0,No,Negative,The document upload kept rejecting my file.,رفع المستند يُرفض باستمرار.
CS-00626,2026-01-15,2026-01-01,Riyadh,RIY,Justice & Notary,Mobile App,Resident,25-34,5,5,9,1,Yes,Positive,"No paperwork needed, very good service.",تسجيل الدخول عبر نفاذ عمل من أول مرة.
CS-00627,2026-03-25,2026-03-01,Makkah,MAK,Identity & Civil Affairs,Branch,Citizen,18-24,3,4,4,1,Maybe,Neutral,Took longer than I expected.,استغرقت وقتاً أطول مما توقعت.
CS-00628,2026-05-01,2026-05-01,Eastern Province,EAS,Labour & HR Services,Mobile App,Citizen,25-34,5,4,10,1,Yes,Positive,Much easier than going to the branch.,أسهل بكثير من زيارة الفرع.
CS-00629,2026-04-06,2026-04-01,Eastern Province,EAS,Health Services,Call Center,Citizen,45-54,4,5,9,1,Yes,Positive,Much easier than going to the branch.,أنهيت المعاملة عبر الجوال خلال دقيقتين.
CS-00630,2026-05-09,2026-05-01,Madinah,MAD,Traffic & Transport,Web Portal,Resident,25-34,5,5,9,1,Yes,Positive,Much easier than going to the branch.,تسجيل الدخول عبر نفاذ عمل من أول مرة.
CS-00631,2026-06-25,2026-06-01,Najran,NJR,Justice & Notary,Web Portal,Resident,35-44,5,5,9,0,Yes,Positive,"No paperwork needed, very good service.",تسجيل الدخول عبر نفاذ عمل من أول مرة.
CS-00632,2026-04-09,2026-04-01,Makkah,MAK,Social Support & Subsidies,Mobile App,Citizen,18-24,4,5,9,1,Yes,Positive,Finished it on my phone in two minutes.,الخطوات واضحة والتأكيد فوري.
CS-00633,2026-05-07,2026-05-01,Eastern Province,EAS,Justice & Notary,Mobile App,Resident,55-64,5,5,10,1,Yes,Positive,The Nafath login worked first time.,الخطوات واضحة والتأكيد فوري.
CS-00634,2026-02-08,2026-02-01,Riyadh,RIY,Identity & Civil Affairs,Branch,Citizen,25-34,4,5,10,1,Yes,Positive,"No paperwork needed, very good service.",أسهل بكثير من زيارة الفرع.
CS-00635,2026-05-05,2026-05-01,Eastern Province,EAS,Traffic & Transport,Mobile App,Resident,25-34,4,5,8,1,Yes,Positive,The Nafath login worked first time.,أنهيت المعاملة عبر الجوال خلال دقيقتين.
CS-00636,2026-04-27,2026-04-01,Asir,ASR,Traffic & Transport,Branch,Business,18-24,4,4,10,1,Yes,Positive,The Nafath login worked first time.,تسجيل الدخول عبر نفاذ عمل من أول مرة.
CS-00637,2026-03-13,2026-03-01,Eastern Province,EAS,Identity & Civil Affairs,Mobile App,Resident,35-44,4,5,8,1,Yes,Positive,"No paperwork needed, very good service.",تسجيل الدخول عبر نفاذ عمل من أول مرة.
CS-00638,2026-01-05,2026-01-01,Riyadh,RIY,Municipal Services,Branch,Citizen,18-24,3,2,6,0,Maybe,Neutral,Took longer than I expected.,تمت الخدمة لكن الصياغة غير واضحة.
CS-00639,2026-06-13,2026-06-01,Makkah,MAK,Labour & HR Services,Mobile App,Citizen,45-54,3,2,4,1,Maybe,Neutral,Acceptable but the receipt was hard to find.,تمت الخدمة لكن الصياغة غير واضحة.
CS-00640,2026-05-15,2026-05-01,Makkah,MAK,Social Support & Subsidies,Mobile App,Citizen,45-54,5,5,10,1,Yes,Positive,Finished it on my phone in two minutes.,أنهيت المعاملة عبر الجوال خلال دقيقتين.
CS-00641,2026-06-27,2026-06-01,Eastern Province,EAS,Health Services,Mobile App,Citizen,35-44,5,5,9,1,Yes,Positive,Much easier than going to the branch.,الخطوات واضحة والتأكيد فوري.
CS-00642,2026-03-11,2026-03-01,Tabuk,TBK,Traffic & Transport,Branch,Citizen,18-24,5,4,8,1,Yes,Positive,"No paperwork needed, very good service.",أسهل بكثير من زيارة الفرع.
CS-00643,2026-01-08,2026-01-01,Madinah,MAD,Business & Licensing,Branch,Citizen,18-24,3,3,4,0,Maybe,Neutral,Took longer than I expected.,تمت الخدمة لكن الصياغة غير واضحة.
CS-00644,2026-06-01,2026-06-01,Makkah,MAK,Municipal Services,Call Center,Citizen,25-34,3,4,6,1,Maybe,Neutral,"Fine, though I had to call to confirm.",مقبولة لكن اضطررت للاتصال للتأكيد.
CS-00645,2026-06-03,2026-06-01,Riyadh,RIY,Health Services,Mobile App,Citizen,25-34,4,4,10,1,Yes,Positive,Much easier than going to the branch.,تسجيل الدخول عبر نفاذ عمل من أول مرة.
CS-00646,2026-05-09,2026-05-01,Eastern Province,EAS,Health Services,Call Center,Citizen,25-34,5,5,9,1,Yes,Positive,The Nafath login worked first time.,تسجيل الدخول عبر نفاذ عمل من أول مرة.
CS-00647,2026-06-14,2026-06-01,Northern Borders,NBR,Labour & HR Services,Mobile App,Citizen,45-54,4,5,10,1,Yes,Positive,"No paperwork needed, very good service.",الخطوات واضحة والتأكيد فوري.
CS-00648,2026-02-11,2026-02-01,Makkah,MAK,Municipal Services,Call Center,Resident,45-54,4,5,6,0,Yes,Positive,"No paperwork needed, very good service.",أسهل بكثير من زيارة الفرع.
CS-00649,2026-01-19,2026-01-01,Tabuk,TBK,Identity & Civil Affairs,Mobile App,Resident,25-34,4,5,8,1,Yes,Positive,Much easier than going to the branch.,تسجيل الدخول عبر نفاذ عمل من أول مرة.
CS-00650,2026-05-08,2026-05-01,Eastern Province,EAS,Identity & Civil Affairs,Mobile App,Business,25-34,5,4,8,1,Yes,Positive,Clear steps and instant confirmation.,أنهيت المعاملة عبر الجوال خلال دقيقتين.
CS-00651,2026-05-01,2026-05-01,Eastern Province,EAS,Labour & HR Services,Web Portal,Citizen,25-34,3,4,6,1,Maybe,Neutral,Acceptable but the receipt was hard to find.,مقبولة لكن اضطررت للاتصال للتأكيد.
CS-00652,2026-02-10,2026-02-01,Eastern Province,EAS,Health Services,Call Center,Citizen,25-34,4,3,7,1,Yes,Positive,Clear steps and instant confirmation.,الخطوات واضحة والتأكيد فوري.
CS-00653,2026-02-10,2026-02-01,Eastern Province,EAS,Education & Training,Mobile App,Citizen,55-64,4,4,6,1,Yes,Positive,Much easier than going to the branch.,أسهل بكثير من زيارة الفرع.
CS-00654,2026-06-26,2026-06-01,Qassim,QSM,Business & Licensing,Mobile App,Citizen,65+,5,5,8,1,Yes,Positive,The Nafath login worked first time.,الخطوات واضحة والتأكيد فوري.
CS-00655,2026-03-21,2026-03-01,Riyadh,RIY,Municipal Services,Mobile App,Citizen,35-44,5,5,10,1,Yes,Positive,The Nafath login worked first time.,أنهيت المعاملة عبر الجوال خلال دقيقتين.
CS-00656,2026-04-23,2026-04-01,Jazan,JZN,Identity & Civil Affairs,Mobile App,Citizen,25-34,5,5,8,1,Yes,Positive,The Nafath login worked first time.,أنهيت المعاملة عبر الجوال خلال دقيقتين.
CS-00657,2026-04-12,2026-04-01,Riyadh,RIY,Municipal Services,Mobile App,Citizen,55-64,4,5,10,1,Yes,Positive,Finished it on my phone in two minutes.,الخطوات واضحة والتأكيد فوري.
CS-00658,2026-01-24,2026-01-01,Asir,ASR,Traffic & Transport,Call Center,Citizen,25-34,4,4,6,1,Yes,Positive,Finished it on my phone in two minutes.,أسهل بكثير من زيارة الفرع.
CS-00659,2026-04-06,2026-04-01,Riyadh,RIY,Municipal Services,Web Portal,Resident,35-44,4,3,7,1,Yes,Positive,Clear steps and instant confirmation.,أسهل بكثير من زيارة الفرع.
CS-00660,2026-03-18,2026-03-01,Riyadh,RIY,Municipal Services,Branch,Citizen,25-34,2,1,2,0,No,Negative,The document upload kept rejecting my file.,اضطررت لزيارة الفرع رغم ذلك.
CS-00661,2026-03-09,2026-03-01,Makkah,MAK,Health Services,Web Portal,Citizen,65+,4,3,6,1,Yes,Positive,Much easier than going to the branch.,الخطوات واضحة والتأكيد فوري.
CS-00662,2026-04-10,2026-04-01,Riyadh,RIY,Identity & Civil Affairs,Mobile App,Citizen,18-24,5,4,10,0,Yes,Positive,The Nafath login worked first time.,أنهيت المعاملة عبر الجوال خلال دقيقتين.
CS-00663,2026-02-15,2026-02-01,Riyadh,RIY,Municipal Services,Call Center,Resident,25-34,4,3,8,1,Yes,Positive,Finished it on my phone in two minutes.,أنهيت المعاملة عبر الجوال خلال دقيقتين.
CS-00664,2026-05-07,2026-05-01,Makkah,MAK,Justice & Notary,Mobile App,Citizen,18-24,5,5,8,1,Yes,Positive,Finished it on my phone in two minutes.,الخطوات واضحة والتأكيد فوري.
CS-00665,2026-02-11,2026-02-01,Riyadh,RIY,Health Services,Mobile App,Citizen,45-54,5,4,8,0,Yes,Positive,Much easier than going to the branch.,الخطوات واضحة والتأكيد فوري.
CS-00666,2026-06-03,2026-06-01,Makkah,MAK,Identity & Civil Affairs,Call Center,Business,35-44,4,5,7,1,Yes,Positive,Finished it on my phone in two minutes.,أنهيت المعاملة عبر الجوال خلال دقيقتين.
CS-00667,2026-05-27,2026-05-01,Makkah,MAK,Traffic & Transport,Mobile App,Citizen,25-34,3,4,7,1,Maybe,Neutral,Acceptable but the receipt was hard to find.,مقبولة لكن اضطررت للاتصال للتأكيد.
CS-00668,2026-03-27,2026-03-01,Makkah,MAK,Education & Training,Call Center,Business,65+,4,3,8,1,Yes,Positive,Finished it on my phone in two minutes.,أسهل بكثير من زيارة الفرع.
CS-00669,2026-06-18,2026-06-01,Najran,NJR,Education & Training,Web Portal,Citizen,35-44,4,3,9,1,Yes,Positive,"No paperwork needed, very good service.",أسهل بكثير من زيارة الفرع.
CS-00670,2026-03-18,2026-03-01,Madinah,MAD,Health Services,Mobile App,Citizen,45-54,5,4,9,1,Yes,Positive,Much easier than going to the branch.,أنهيت المعاملة عبر الجوال خلال دقيقتين.
CS-00671,2026-04-03,2026-04-01,Eastern Province,EAS,Municipal Services,Mobile App,Citizen,65+,4,3,6,1,Yes,Positive,"No paperwork needed, very good service.",الخطوات واضحة والتأكيد فوري.
CS-00672,2026-06-08,2026-06-01,Asir,ASR,Traffic & Transport,Mobile App,Citizen,35-44,4,3,10,1,Yes,Positive,Clear steps and instant confirmation.,تسجيل الدخول عبر نفاذ عمل من أول مرة.
CS-00673,2026-03-13,2026-03-01,Riyadh,RIY,Labour & HR Services,Web Portal,Citizen,25-34,2,1,4,0,No,Negative,The document upload kept rejecting my file.,اضطررت لزيارة الفرع رغم ذلك.
CS-00674,2026-04-11,2026-04-01,Madinah,MAD,Health Services,Web Portal,Citizen,65+,5,5,8,1,Yes,Positive,Much easier than going to the branch.,أسهل بكثير من زيارة الفرع.
CS-00675,2026-04-23,2026-04-01,Riyadh,RIY,Traffic & Transport,Branch,Citizen,35-44,4,4,6,1,Yes,Positive,Much easier than going to the branch.,أسهل بكثير من زيارة الفرع.
CS-00676,2026-03-23,2026-03-01,Eastern Province,EAS,Social Support & Subsidies,Web Portal,Business,35-44,4,4,8,1,Yes,Positive,Much easier than going to the branch.,تسجيل الدخول عبر نفاذ عمل من أول مرة.
CS-00677,2026-03-13,2026-03-01,Makkah,MAK,Social Support & Subsidies,Mobile App,Business,25-34,4,4,8,1,Yes,Positive,The Nafath login worked first time.,تسجيل الدخول عبر نفاذ عمل من أول مرة.
CS-00678,2026-04-19,2026-04-01,Makkah,MAK,Traffic & Transport,Call Center,Citizen,25-34,5,4,10,0,Yes,Positive,Clear steps and instant confirmation.,تسجيل الدخول عبر نفاذ عمل من أول مرة.
CS-00679,2026-05-06,2026-05-01,Eastern Province,EAS,Business & Licensing,Mobile App,Business,55-64,5,5,10,1,Yes,Positive,"No paperwork needed, very good service.",أسهل بكثير من زيارة الفرع.
CS-00680,2026-06-19,2026-06-01,Riyadh,RIY,Social Support & Subsidies,Mobile App,Citizen,45-54,4,4,6,1,Yes,Positive,Much easier than going to the branch.,أسهل بكثير من زيارة الفرع.
CS-00681,2026-03-02,2026-03-01,Eastern Province,EAS,Identity & Civil Affairs,Mobile App,Citizen,25-34,4,4,8,1,Yes,Positive,Clear steps and instant confirmation.,تسجيل الدخول عبر نفاذ عمل من أول مرة.
CS-00682,2026-03-17,2026-03-01,Al-Baha,BAH,Health Services,Branch,Business,18-24,3,2,7,1,Maybe,Neutral,"Fine, though I had to call to confirm.",تمت الخدمة لكن الصياغة غير واضحة.
CS-00683,2026-02-02,2026-02-01,Riyadh,RIY,Business & Licensing,Call Center,Citizen,45-54,3,3,6,0,Maybe,Neutral,Took longer than I expected.,تمت الخدمة لكن الصياغة غير واضحة.
CS-00684,2026-06-24,2026-06-01,Riyadh,RIY,Social Support & Subsidies,Mobile App,Citizen,55-64,5,5,8,1,Yes,Positive,Finished it on my phone in two minutes.,الخطوات واضحة والتأكيد فوري.
CS-00685,2026-01-21,2026-01-01,Makkah,MAK,Identity & Civil Affairs,Mobile App,Resident,35-44,4,4,8,1,Yes,Positive,Much easier than going to the branch.,الخطوات واضحة والتأكيد فوري.
CS-00686,2026-04-09,2026-04-01,Jazan,JZN,Traffic & Transport,Mobile App,Citizen,55-64,5,4,10,1,Yes,Positive,The Nafath login worked first time.,أنهيت المعاملة عبر الجوال خلال دقيقتين.
CS-00687,2026-02-18,2026-02-01,Makkah,MAK,Labour & HR Services,Branch,Citizen,45-54,3,2,5,1,Maybe,Neutral,Acceptable but the receipt was hard to find.,مقبولة لكن اضطررت للاتصال للتأكيد.
CS-00688,2026-06-08,2026-06-01,Riyadh,RIY,Education & Training,Call Center,Resident,45-54,5,4,9,1,Yes,Positive,Finished it on my phone in two minutes.,الخطوات واضحة والتأكيد فوري.
CS-00689,2026-04-15,2026-04-01,Madinah,MAD,Labour & HR Services,Call Center,Resident,35-44,5,5,9,1,Yes,Positive,"No paperwork needed, very good service.",أنهيت المعاملة عبر الجوال خلال دقيقتين.
CS-00690,2026-05-11,2026-05-01,Riyadh,RIY,Justice & Notary,Branch,Business,35-44,3,4,6,1,Maybe,Neutral,"Fine, though I had to call to confirm.",مقبولة لكن اضطررت للاتصال للتأكيد.
CS-00691,2026-03-17,2026-03-01,Eastern Province,EAS,Traffic & Transport,Call Center,Citizen,45-54,2,3,5,0,No,Negative,The authentication failed three times and I gave up.,اضطررت لزيارة الفرع رغم ذلك.
CS-00692,2026-04-02,2026-04-01,Eastern Province,EAS,Traffic & Transport,Mobile App,Citizen,18-24,5,5,8,1,Yes,Positive,Much easier than going to the branch.,الخطوات واضحة والتأكيد فوري.
CS-00693,2026-06-27,2026-06-01,Riyadh,RIY,Identity & Civil Affairs,Branch,Citizen,55-64,3,3,6,1,Maybe,Neutral,Took longer than I expected.,استغرقت وقتاً أطول مما توقعت.
CS-00694,2026-04-25,2026-04-01,Qassim,QSM,Municipal Services,Branch,Citizen,25-34,4,3,6,1,Yes,Positive,"No paperwork needed, very good service.",أنهيت المعاملة عبر الجوال خلال دقيقتين.
CS-00695,2026-04-05,2026-04-01,Jazan,JZN,Business & Licensing,Mobile App,Citizen,18-24,4,3,8,0,Yes,Positive,Clear steps and instant confirmation.,أسهل بكثير من زيارة الفرع.
CS-00696,2026-01-12,2026-01-01,Hail,HAL,Labour & HR Services,Mobile App,Business,45-54,5,4,10,1,Yes,Positive,The Nafath login worked first time.,تسجيل الدخول عبر نفاذ عمل من أول مرة.
CS-00697,2026-01-18,2026-01-01,Madinah,MAD,Identity & Civil Affairs,Call Center,Business,45-54,5,5,10,1,Yes,Positive,The Nafath login worked first time.,تسجيل الدخول عبر نفاذ عمل من أول مرة.
CS-00698,2026-02-07,2026-02-01,Qassim,QSM,Social Support & Subsidies,Mobile App,Citizen,45-54,4,5,6,1,Yes,Positive,Clear steps and instant confirmation.,أنهيت المعاملة عبر الجوال خلال دقيقتين.
CS-00699,2026-04-15,2026-04-01,Riyadh,RIY,Justice & Notary,Web Portal,Citizen,25-34,4,3,6,1,Yes,Positive,Finished it on my phone in two minutes.,تسجيل الدخول عبر نفاذ عمل من أول مرة.
CS-00700,2026-01-06,2026-01-01,Jazan,JZN,Labour & HR Services,Web Portal,Resident,25-34,4,3,9,1,Yes,Positive,Much easier than going to the branch.,أسهل بكثير من زيارة الفرع.
CS-00701,2026-04-02,2026-04-01,Jazan,JZN,Justice & Notary,Mobile App,Resident,55-64,5,4,10,1,Yes,Positive,"No paperwork needed, very good service.",أنهيت المعاملة عبر الجوال خلال دقيقتين.
CS-00702,2026-04-28,2026-04-01,Jazan,JZN,Traffic & Transport,Branch,Citizen,65+,2,1,3,1,No,Negative,The authentication failed three times and I gave up.,فشل التحقق ثلاث مرات فاضطررت للتوقف.
CS-00703,2026-01-15,2026-01-01,Jazan,JZN,Justice & Notary,Branch,Citizen,65+,2,2,6,1,No,Negative,No Arabic option on one of the screens.,اضطررت لزيارة الفرع رغم ذلك.
CS-00704,2026-01-26,2026-01-01,Makkah,MAK,Education & Training,Mobile App,Citizen,25-34,4,5,10,1,Yes,Positive,Finished it on my phone in two minutes.,الخطوات واضحة والتأكيد فوري.
CS-00705,2026-02-25,2026-02-01,Makkah,MAK,Business & Licensing,Branch,Citizen,25-34,3,4,4,1,Maybe,Neutral,"Fine, though I had to call to confirm.",تمت الخدمة لكن الصياغة غير واضحة.
CS-00706,2026-04-07,2026-04-01,Riyadh,RIY,Labour & HR Services,Mobile App,Business,25-34,4,4,9,1,Yes,Positive,Much easier than going to the branch.,أسهل بكثير من زيارة الفرع.
CS-00707,2026-04-10,2026-04-01,Riyadh,RIY,Education & Training,Branch,Resident,35-44,5,5,10,1,Yes,Positive,Finished it on my phone in two minutes.,أنهيت المعاملة عبر الجوال خلال دقيقتين.
CS-00708,2026-02-05,2026-02-01,Makkah,MAK,Traffic & Transport,Web Portal,Citizen,35-44,4,4,6,1,Yes,Positive,Finished it on my phone in two minutes.,الخطوات واضحة والتأكيد فوري.
CS-00709,2026-03-27,2026-03-01,Riyadh,RIY,Justice & Notary,Branch,Citizen,25-34,2,2,5,0,No,Negative,The document upload kept rejecting my file.,اضطررت لزيارة الفرع رغم ذلك.
CS-00710,2026-06-08,2026-06-01,Jazan,JZN,Municipal Services,Call Center,Resident,35-44,4,4,7,0,Yes,Positive,"No paperwork needed, very good service.",أنهيت المعاملة عبر الجوال خلال دقيقتين.
CS-00711,2026-04-08,2026-04-01,Al-Jouf,JOF,Municipal Services,Call Center,Resident,25-34,4,4,6,1,Yes,Positive,"No paperwork needed, very good service.",أنهيت المعاملة عبر الجوال خلال دقيقتين.
CS-00712,2026-04-23,2026-04-01,Madinah,MAD,Identity & Civil Affairs,Branch,Citizen,35-44,4,4,8,1,Yes,Positive,"No paperwork needed, very good service.",أسهل بكثير من زيارة الفرع.
CS-00713,2026-06-06,2026-06-01,Eastern Province,EAS,Justice & Notary,Mobile App,Citizen,25-34,5,5,10,1,Yes,Positive,The Nafath login worked first time.,أسهل بكثير من زيارة الفرع.
CS-00714,2026-01-16,2026-01-01,Makkah,MAK,Education & Training,Branch,Resident,35-44,4,4,8,1,Yes,Positive,Much easier than going to the branch.,أسهل بكثير من زيارة الفرع.
CS-00715,2026-03-23,2026-03-01,Qassim,QSM,Traffic & Transport,Mobile App,Citizen,55-64,4,5,7,1,Yes,Positive,Clear steps and instant confirmation.,أسهل بكثير من زيارة الفرع.
CS-00716,2026-02-03,2026-02-01,Eastern Province,EAS,Social Support & Subsidies,Call Center,Resident,18-24,5,5,8,0,Yes,Positive,Much easier than going to the branch.,الخطوات واضحة والتأكيد فوري.
CS-00717,2026-03-27,2026-03-01,Riyadh,RIY,Traffic & Transport,Mobile App,Citizen,25-34,5,5,10,1,Yes,Positive,Finished it on my phone in two minutes.,الخطوات واضحة والتأكيد فوري.
CS-00718,2026-06-02,2026-06-01,Najran,NJR,Justice & Notary,Mobile App,Resident,35-44,4,5,9,1,Yes,Positive,"No paperwork needed, very good service.",الخطوات واضحة والتأكيد فوري.
CS-00719,2026-06-17,2026-06-01,Eastern Province,EAS,Education & Training,Mobile App,Citizen,25-34,5,5,9,1,Yes,Positive,Much easier than going to the branch.,أنهيت المعاملة عبر الجوال خلال دقيقتين.
CS-00720,2026-05-14,2026-05-01,Makkah,MAK,Traffic & Transport,Call Center,Citizen,25-34,4,3,9,1,Yes,Positive,Finished it on my phone in two minutes.,تسجيل الدخول عبر نفاذ عمل من أول مرة.
CS-00721,2026-04-13,2026-04-01,Eastern Province,EAS,Municipal Services,Mobile App,Business,18-24,3,3,7,1,Maybe,Neutral,Acceptable but the receipt was hard to find.,استغرقت وقتاً أطول مما توقعت.
CS-00722,2026-05-22,2026-05-01,Asir,ASR,Education & Training,Mobile App,Business,45-54,5,5,10,1,Yes,Positive,Much easier than going to the branch.,الخطوات واضحة والتأكيد فوري.
CS-00723,2026-04-11,2026-04-01,Makkah,MAK,Identity & Civil Affairs,Mobile App,Citizen,25-34,4,4,9,1,Yes,Positive,Much easier than going to the branch.,الخطوات واضحة والتأكيد فوري.
CS-00724,2026-03-12,2026-03-01,Riyadh,RIY,Education & Training,Web Portal,Resident,25-34,5,4,10,1,Yes,Positive,Clear steps and instant confirmation.,أنهيت المعاملة عبر الجوال خلال دقيقتين.
CS-00725,2026-05-08,2026-05-01,Makkah,MAK,Business & Licensing,Mobile App,Citizen,35-44,3,4,4,0,Maybe,Neutral,"Fine, though I had to call to confirm.",مقبولة لكن اضطررت للاتصال للتأكيد.
CS-00726,2026-01-11,2026-01-01,Eastern Province,EAS,Business & Licensing,Call Center,Citizen,25-34,3,2,7,1,Maybe,Neutral,Acceptable but the receipt was hard to find.,مقبولة لكن اضطررت للاتصال للتأكيد.
CS-00727,2026-05-24,2026-05-01,Makkah,MAK,Traffic & Transport,Mobile App,Citizen,25-34,5,4,10,1,Yes,Positive,Finished it on my phone in two minutes.,الخطوات واضحة والتأكيد فوري.
CS-00728,2026-05-25,2026-05-01,Eastern Province,EAS,Business & Licensing,Mobile App,Citizen,18-24,5,5,10,1,Yes,Positive,"No paperwork needed, very good service.",أسهل بكثير من زيارة الفرع.
CS-00729,2026-05-16,2026-05-01,Eastern Province,EAS,Labour & HR Services,Web Portal,Business,25-34,3,2,6,0,Maybe,Neutral,Acceptable but the receipt was hard to find.,استغرقت وقتاً أطول مما توقعت.
CS-00730,2026-02-13,2026-02-01,Jazan,JZN,Traffic & Transport,Branch,Resident,55-64,2,1,4,1,No,Negative,The document upload kept rejecting my file.,فشل التحقق ثلاث مرات فاضطررت للتوقف.
CS-00731,2026-02-14,2026-02-01,Riyadh,RIY,Identity & Civil Affairs,Call Center,Citizen,35-44,3,4,5,0,Maybe,Neutral,It worked but the wording was confusing.,تمت الخدمة لكن الصياغة غير واضحة.
CS-00732,2026-03-18,2026-03-01,Makkah,MAK,Justice & Notary,Branch,Citizen,25-34,3,3,8,0,Maybe,Neutral,Acceptable but the receipt was hard to find.,تمت الخدمة لكن الصياغة غير واضحة.
CS-00733,2026-04-08,2026-04-01,Makkah,MAK,Social Support & Subsidies,Branch,Resident,25-34,3,4,8,1,Maybe,Neutral,Took longer than I expected.,استغرقت وقتاً أطول مما توقعت.
CS-00734,2026-02-25,2026-02-01,Riyadh,RIY,Labour & HR Services,Call Center,Resident,45-54,3,3,8,0,Maybe,Neutral,Took longer than I expected.,تمت الخدمة لكن الصياغة غير واضحة.
CS-00735,2026-02-16,2026-02-01,Madinah,MAD,Health Services,Mobile App,Business,18-24,5,5,10,1,Yes,Positive,The Nafath login worked first time.,أسهل بكثير من زيارة الفرع.
CS-00736,2026-01-13,2026-01-01,Jazan,JZN,Municipal Services,Web Portal,Resident,25-34,5,5,10,1,Yes,Positive,The Nafath login worked first time.,أنهيت المعاملة عبر الجوال خلال دقيقتين.
CS-00737,2026-04-08,2026-04-01,Jazan,JZN,Education & Training,Mobile App,Citizen,25-34,4,5,6,1,Yes,Positive,Much easier than going to the branch.,أسهل بكثير من زيارة الفرع.
CS-00738,2026-06-18,2026-06-01,Eastern Province,EAS,Traffic & Transport,Mobile App,Citizen,45-54,5,5,9,1,Yes,Positive,Finished it on my phone in two minutes.,أسهل بكثير من زيارة الفرع.
CS-00739,2026-06-26,2026-06-01,Qassim,QSM,Health Services,Branch,Citizen,35-44,3,2,6,0,Maybe,Neutral,"Fine, though I had to call to confirm.",استغرقت وقتاً أطول مما توقعت.
CS-00740,2026-02-14,2026-02-01,Makkah,MAK,Business & Licensing,Mobile App,Resident,18-24,4,3,9,1,Yes,Positive,Much easier than going to the branch.,الخطوات واضحة والتأكيد فوري.
CS-00741,2026-03-16,2026-03-01,Riyadh,RIY,Business & Licensing,Mobile App,Citizen,35-44,4,5,8,1,Yes,Positive,Finished it on my phone in two minutes.,أسهل بكثير من زيارة الفرع.
CS-00742,2026-03-25,2026-03-01,Makkah,MAK,Labour & HR Services,Call Center,Resident,25-34,4,3,8,1,Yes,Positive,"No paperwork needed, very good service.",أسهل بكثير من زيارة الفرع.
CS-00743,2026-06-20,2026-06-01,Riyadh,RIY,Health Services,Mobile App,Business,18-24,5,5,9,0,Yes,Positive,"No paperwork needed, very good service.",أسهل بكثير من زيارة الفرع.
CS-00744,2026-04-20,2026-04-01,Eastern Province,EAS,Municipal Services,Branch,Business,25-34,3,4,8,0,Maybe,Neutral,Acceptable but the receipt was hard to find.,تمت الخدمة لكن الصياغة غير واضحة.
CS-00745,2026-03-20,2026-03-01,Eastern Province,EAS,Education & Training,Mobile App,Citizen,45-54,5,5,8,1,Yes,Positive,"No paperwork needed, very good service.",تسجيل الدخول عبر نفاذ عمل من أول مرة.
CS-00746,2026-03-23,2026-03-01,Asir,ASR,Municipal Services,Mobile App,Citizen,45-54,5,5,10,1,Yes,Positive,Much easier than going to the branch.,أنهيت المعاملة عبر الجوال خلال دقيقتين.
CS-00747,2026-02-14,2026-02-01,Riyadh,RIY,Municipal Services,Mobile App,Resident,45-54,3,4,5,1,Maybe,Neutral,"Fine, though I had to call to confirm.",تمت الخدمة لكن الصياغة غير واضحة.
CS-00748,2026-01-20,2026-01-01,Madinah,MAD,Health Services,Branch,Business,35-44,3,3,8,0,Maybe,Neutral,It worked but the wording was confusing.,تمت الخدمة لكن الصياغة غير واضحة.
CS-00749,2026-04-18,2026-04-01,Riyadh,RIY,Traffic & Transport,Mobile App,Citizen,45-54,4,3,8,1,Yes,Positive,Finished it on my phone in two minutes.,تسجيل الدخول عبر نفاذ عمل من أول مرة.
CS-00750,2026-01-13,2026-01-01,Riyadh,RIY,Business & Licensing,Mobile App,Citizen,18-24,4,5,7,1,Yes,Positive,"No paperwork needed, very good service.",تسجيل الدخول عبر نفاذ عمل من أول مرة.
CS-00751,2026-02-02,2026-02-01,Najran,NJR,Labour & HR Services,Web Portal,Citizen,18-24,4,3,6,1,Yes,Positive,Finished it on my phone in two minutes.,أنهيت المعاملة عبر الجوال خلال دقيقتين.
CS-00752,2026-01-26,2026-01-01,Al-Baha,BAH,Justice & Notary,Mobile App,Resident,25-34,3,2,8,0,Maybe,Neutral,"Fine, though I had to call to confirm.",مقبولة لكن اضطررت للاتصال للتأكيد.
CS-00753,2026-01-14,2026-01-01,Makkah,MAK,Education & Training,Call Center,Citizen,18-24,4,5,9,1,Yes,Positive,The Nafath login worked first time.,الخطوات واضحة والتأكيد فوري.
CS-00754,2026-03-11,2026-03-01,Asir,ASR,Identity & Civil Affairs,Call Center,Citizen,45-54,5,4,10,1,Yes,Positive,The Nafath login worked first time.,أسهل بكثير من زيارة الفرع.
CS-00755,2026-01-24,2026-01-01,Makkah,MAK,Identity & Civil Affairs,Branch,Business,45-54,4,4,7,1,Yes,Positive,Finished it on my phone in two minutes.,أسهل بكثير من زيارة الفرع.
CS-00756,2026-01-03,2026-01-01,Makkah,MAK,Labour & HR Services,Mobile App,Citizen,35-44,5,4,10,1,Yes,Positive,Finished it on my phone in two minutes.,أنهيت المعاملة عبر الجوال خلال دقيقتين.
CS-00757,2026-02-28,2026-02-01,Qassim,QSM,Education & Training,Call Center,Citizen,65+,5,5,9,1,Yes,Positive,"No paperwork needed, very good service.",تسجيل الدخول عبر نفاذ عمل من أول مرة.
CS-00758,2026-06-07,2026-06-01,Eastern Province,EAS,Traffic & Transport,Branch,Citizen,18-24,3,2,6,0,Maybe,Neutral,"Fine, though I had to call to confirm.",مقبولة لكن اضطررت للاتصال للتأكيد.
CS-00759,2026-05-19,2026-05-01,Makkah,MAK,Education & Training,Call Center,Citizen,45-54,4,4,9,0,Yes,Positive,Much easier than going to the branch.,أنهيت المعاملة عبر الجوال خلال دقيقتين.
CS-00760,2026-02-12,2026-02-01,Jazan,JZN,Health Services,Web Portal,Citizen,25-34,4,4,7,1,Yes,Positive,Clear steps and instant confirmation.,أسهل بكثير من زيارة الفرع.
CS-00761,2026-04-17,2026-04-01,Riyadh,RIY,Social Support & Subsidies,Branch,Citizen,25-34,3,3,5,0,Maybe,Neutral,"Fine, though I had to call to confirm.",تمت الخدمة لكن الصياغة غير واضحة.
CS-00762,2026-04-18,2026-04-01,Jazan,JZN,Education & Training,Mobile App,Citizen,25-34,4,5,6,1,Yes,Positive,Finished it on my phone in two minutes.,الخطوات واضحة والتأكيد فوري.
CS-00763,2026-04-10,2026-04-01,Jazan,JZN,Municipal Services,Mobile App,Resident,18-24,3,3,7,1,Maybe,Neutral,Took longer than I expected.,استغرقت وقتاً أطول مما توقعت.
CS-00764,2026-05-25,2026-05-01,Al-Baha,BAH,Municipal Services,Mobile App,Citizen,25-34,3,3,7,0,Maybe,Neutral,It worked but the wording was confusing.,مقبولة لكن اضطررت للاتصال للتأكيد.
CS-00765,2026-03-12,2026-03-01,Riyadh,RIY,Education & Training,Web Portal,Citizen,25-34,3,4,6,1,Maybe,Neutral,Acceptable but the receipt was hard to find.,تمت الخدمة لكن الصياغة غير واضحة.
CS-00766,2026-03-27,2026-03-01,Riyadh,RIY,Traffic & Transport,Branch,Citizen,55-64,4,5,10,1,Yes,Positive,Finished it on my phone in two minutes.,الخطوات واضحة والتأكيد فوري.
CS-00767,2026-03-23,2026-03-01,Qassim,QSM,Traffic & Transport,Web Portal,Citizen,55-64,4,5,9,1,Yes,Positive,The Nafath login worked first time.,الخطوات واضحة والتأكيد فوري.
CS-00768,2026-03-26,2026-03-01,Riyadh,RIY,Justice & Notary,Mobile App,Citizen,25-34,4,5,7,1,Yes,Positive,"No paperwork needed, very good service.",تسجيل الدخول عبر نفاذ عمل من أول مرة.
CS-00769,2026-06-07,2026-06-01,Eastern Province,EAS,Labour & HR Services,Call Center,Resident,65+,4,3,8,1,Yes,Positive,Finished it on my phone in two minutes.,أنهيت المعاملة عبر الجوال خلال دقيقتين.
CS-00770,2026-06-14,2026-06-01,Asir,ASR,Labour & HR Services,Mobile App,Citizen,35-44,5,5,10,1,Yes,Positive,The Nafath login worked first time.,أسهل بكثير من زيارة الفرع.
CS-00771,2026-06-18,2026-06-01,Makkah,MAK,Business & Licensing,Call Center,Resident,45-54,4,5,7,1,Yes,Positive,Finished it on my phone in two minutes.,أسهل بكثير من زيارة الفرع.
CS-00772,2026-03-25,2026-03-01,Qassim,QSM,Labour & HR Services,Mobile App,Resident,25-34,4,5,6,0,Yes,Positive,The Nafath login worked first time.,أسهل بكثير من زيارة الفرع.
CS-00773,2026-03-20,2026-03-01,Madinah,MAD,Education & Training,Call Center,Citizen,35-44,3,4,5,0,Maybe,Neutral,"Fine, though I had to call to confirm.",مقبولة لكن اضطررت للاتصال للتأكيد.
CS-00774,2026-03-21,2026-03-01,Makkah,MAK,Business & Licensing,Web Portal,Citizen,18-24,3,3,8,0,Maybe,Neutral,Acceptable but the receipt was hard to find.,تمت الخدمة لكن الصياغة غير واضحة.
CS-00775,2026-05-03,2026-05-01,Makkah,MAK,Social Support & Subsidies,Mobile App,Citizen,25-34,4,4,6,1,Yes,Positive,"No paperwork needed, very good service.",أسهل بكثير من زيارة الفرع.
CS-00776,2026-05-02,2026-05-01,Eastern Province,EAS,Labour & HR Services,Branch,Citizen,45-54,4,4,7,0,Yes,Positive,Clear steps and instant confirmation.,تسجيل الدخول عبر نفاذ عمل من أول مرة.
CS-00777,2026-05-27,2026-05-01,Madinah,MAD,Traffic & Transport,Branch,Resident,18-24,4,5,7,1,Yes,Positive,The Nafath login worked first time.,أنهيت المعاملة عبر الجوال خلال دقيقتين.
CS-00778,2026-03-06,2026-03-01,Makkah,MAK,Traffic & Transport,Mobile App,Resident,25-34,4,4,8,1,Yes,Positive,Much easier than going to the branch.,الخطوات واضحة والتأكيد فوري.
CS-00779,2026-04-12,2026-04-01,Makkah,MAK,Education & Training,Web Portal,Business,25-34,5,5,10,1,Yes,Positive,Finished it on my phone in two minutes.,أسهل بكثير من زيارة الفرع.
CS-00780,2026-01-26,2026-01-01,Tabuk,TBK,Identity & Civil Affairs,Mobile App,Citizen,25-34,4,5,6,1,Yes,Positive,Clear steps and instant confirmation.,أسهل بكثير من زيارة الفرع.
CS-00781,2026-02-16,2026-02-01,Madinah,MAD,Traffic & Transport,Call Center,Citizen,35-44,5,5,8,1,Yes,Positive,Much easier than going to the branch.,أنهيت المعاملة عبر الجوال خلال دقيقتين.
CS-00782,2026-03-17,2026-03-01,Al-Baha,BAH,Education & Training,Call Center,Citizen,65+,4,4,6,1,Yes,Positive,"No paperwork needed, very good service.",أسهل بكثير من زيارة الفرع.
CS-00783,2026-03-03,2026-03-01,Riyadh,RIY,Identity & Civil Affairs,Branch,Citizen,35-44,4,5,6,1,Yes,Positive,Finished it on my phone in two minutes.,أسهل بكثير من زيارة الفرع.
CS-00784,2026-06-15,2026-06-01,Asir,ASR,Social Support & Subsidies,Mobile App,Citizen,25-34,5,5,8,1,Yes,Positive,Finished it on my phone in two minutes.,تسجيل الدخول عبر نفاذ عمل من أول مرة.
CS-00785,2026-01-12,2026-01-01,Riyadh,RIY,Health Services,Call Center,Citizen,35-44,5,4,10,1,Yes,Positive,"No paperwork needed, very good service.",أسهل بكثير من زيارة الفرع.
CS-00786,2026-01-01,2026-01-01,Riyadh,RIY,Labour & HR Services,Web Portal,Citizen,25-34,4,5,7,1,Yes,Positive,Finished it on my phone in two minutes.,أسهل بكثير من زيارة الفرع.
CS-00787,2026-06-03,2026-06-01,Qassim,QSM,Labour & HR Services,Mobile App,Resident,35-44,4,5,10,1,Yes,Positive,"No paperwork needed, very good service.",تسجيل الدخول عبر نفاذ عمل من أول مرة.
CS-00788,2026-02-18,2026-02-01,Asir,ASR,Education & Training,Call Center,Citizen,18-24,5,5,8,1,Yes,Positive,Much easier than going to the branch.,أنهيت المعاملة عبر الجوال خلال دقيقتين.
CS-00789,2026-01-03,2026-01-01,Riyadh,RIY,Municipal Services,Mobile App,Citizen,25-34,5,5,8,1,Yes,Positive,Much easier than going to the branch.,الخطوات واضحة والتأكيد فوري.
CS-00790,2026-06-11,2026-06-01,Eastern Province,EAS,Labour & HR Services,Mobile App,Business,35-44,5,5,10,1,Yes,Positive,Clear steps and instant confirmation.,تسجيل الدخول عبر نفاذ عمل من أول مرة.
CS-00791,2026-03-22,2026-03-01,Makkah,MAK,Identity & Civil Affairs,Branch,Citizen,55-64,4,3,9,1,Yes,Positive,"No paperwork needed, very good service.",تسجيل الدخول عبر نفاذ عمل من أول مرة.
CS-00792,2026-01-20,2026-01-01,Riyadh,RIY,Traffic & Transport,Mobile App,Business,18-24,3,3,6,1,Maybe,Neutral,Acceptable but the receipt was hard to find.,مقبولة لكن اضطررت للاتصال للتأكيد.
CS-00793,2026-05-14,2026-05-01,Asir,ASR,Health Services,Branch,Resident,18-24,3,2,4,1,Maybe,Neutral,"Fine, though I had to call to confirm.",استغرقت وقتاً أطول مما توقعت.
CS-00794,2026-02-09,2026-02-01,Asir,ASR,Business & Licensing,Branch,Resident,35-44,2,3,5,0,No,Negative,No Arabic option on one of the screens.,اضطررت لزيارة الفرع رغم ذلك.
CS-00795,2026-01-23,2026-01-01,Eastern Province,EAS,Education & Training,Mobile App,Citizen,45-54,4,3,10,1,Yes,Positive,The Nafath login worked first time.,أسهل بكثير من زيارة الفرع.
CS-00796,2026-05-16,2026-05-01,Madinah,MAD,Social Support & Subsidies,Mobile App,Citizen,55-64,4,3,6,1,Yes,Positive,Finished it on my phone in two minutes.,الخطوات واضحة والتأكيد فوري.
CS-00797,2026-03-28,2026-03-01,Makkah,MAK,Identity & Civil Affairs,Mobile App,Resident,45-54,4,4,8,1,Yes,Positive,Much easier than going to the branch.,الخطوات واضحة والتأكيد فوري.
CS-00798,2026-04-16,2026-04-01,Makkah,MAK,Municipal Services,Mobile App,Resident,18-24,4,3,9,1,Yes,Positive,The Nafath login worked first time.,أنهيت المعاملة عبر الجوال خلال دقيقتين.
CS-00799,2026-05-25,2026-05-01,Eastern Province,EAS,Justice & Notary,Branch,Citizen,25-34,4,5,7,1,Yes,Positive,Much easier than going to the branch.,الخطوات واضحة والتأكيد فوري.
CS-00800,2026-05-09,2026-05-01,Makkah,MAK,Health Services,Call Center,Citizen,55-64,3,4,4,0,Maybe,Neutral,Took longer than I expected.,استغرقت وقتاً أطول مما توقعت.
CS-00801,2026-01-06,2026-01-01,Makkah,MAK,Health Services,Call Center,Citizen,25-34,3,3,6,1,Maybe,Neutral,Acceptable but the receipt was hard to find.,تمت الخدمة لكن الصياغة غير واضحة.
CS-00802,2026-02-16,2026-02-01,Makkah,MAK,Identity & Civil Affairs,Mobile App,Citizen,65+,4,4,7,1,Yes,Positive,Much easier than going to the branch.,أسهل بكثير من زيارة الفرع.
CS-00803,2026-01-01,2026-01-01,Madinah,MAD,Health Services,Web Portal,Citizen,25-34,4,5,10,1,Yes,Positive,Much easier than going to the branch.,أنهيت المعاملة عبر الجوال خلال دقيقتين.
CS-00804,2026-06-22,2026-06-01,Al-Jouf,JOF,Traffic & Transport,Mobile App,Resident,35-44,5,5,10,1,Yes,Positive,Much easier than going to the branch.,أسهل بكثير من زيارة الفرع.
CS-00805,2026-06-16,2026-06-01,Tabuk,TBK,Justice & Notary,Web Portal,Citizen,35-44,5,4,8,0,Yes,Positive,Clear steps and instant confirmation.,أنهيت المعاملة عبر الجوال خلال دقيقتين.
CS-00806,2026-05-05,2026-05-01,Eastern Province,EAS,Education & Training,Call Center,Citizen,55-64,3,4,6,1,Maybe,Neutral,It worked but the wording was confusing.,استغرقت وقتاً أطول مما توقعت.
CS-00807,2026-05-21,2026-05-01,Asir,ASR,Health Services,Mobile App,Resident,55-64,4,5,7,1,Yes,Positive,Clear steps and instant confirmation.,أسهل بكثير من زيارة الفرع.
CS-00808,2026-04-26,2026-04-01,Makkah,MAK,Traffic & Transport,Web Portal,Citizen,25-34,4,5,10,1,Yes,Positive,Much easier than going to the branch.,أنهيت المعاملة عبر الجوال خلال دقيقتين.
CS-00809,2026-04-20,2026-04-01,Tabuk,TBK,Business & Licensing,Mobile App,Business,35-44,4,4,8,1,Yes,Positive,Finished it on my phone in two minutes.,أنهيت المعاملة عبر الجوال خلال دقيقتين.
CS-00810,2026-03-27,2026-03-01,Eastern Province,EAS,Identity & Civil Affairs,Mobile App,Citizen,55-64,4,3,10,1,Yes,Positive,Finished it on my phone in two minutes.,الخطوات واضحة والتأكيد فوري.
CS-00811,2026-04-20,2026-04-01,Riyadh,RIY,Identity & Civil Affairs,Mobile App,Resident,35-44,4,3,7,1,Yes,Positive,"No paperwork needed, very good service.",تسجيل الدخول عبر نفاذ عمل من أول مرة.
CS-00812,2026-05-10,2026-05-01,Madinah,MAD,Identity & Civil Affairs,Web Portal,Citizen,25-34,5,5,8,1,Yes,Positive,Much easier than going to the branch.,أنهيت المعاملة عبر الجوال خلال دقيقتين.
CS-00813,2026-04-17,2026-04-01,Riyadh,RIY,Education & Training,Mobile App,Citizen,35-44,4,5,10,0,Yes,Positive,The Nafath login worked first time.,تسجيل الدخول عبر نفاذ عمل من أول مرة.
CS-00814,2026-02-01,2026-02-01,Makkah,MAK,Health Services,Mobile App,Citizen,45-54,5,4,10,1,Yes,Positive,"No paperwork needed, very good service.",الخطوات واضحة والتأكيد فوري.
CS-00815,2026-06-24,2026-06-01,Qassim,QSM,Education & Training,Mobile App,Citizen,25-34,5,5,10,0,Yes,Positive,The Nafath login worked first time.,تسجيل الدخول عبر نفاذ عمل من أول مرة.
CS-00816,2026-05-20,2026-05-01,Makkah,MAK,Identity & Civil Affairs,Branch,Resident,35-44,4,4,10,1,Yes,Positive,"No paperwork needed, very good service.",أسهل بكثير من زيارة الفرع.
CS-00817,2026-06-22,2026-06-01,Riyadh,RIY,Education & Training,Call Center,Resident,35-44,5,5,8,1,Yes,Positive,Clear steps and instant confirmation.,تسجيل الدخول عبر نفاذ عمل من أول مرة.
CS-00818,2026-06-18,2026-06-01,Riyadh,RIY,Identity & Civil Affairs,Web Portal,Citizen,25-34,3,3,8,1,Maybe,Neutral,It worked but the wording was confusing.,مقبولة لكن اضطررت للاتصال للتأكيد.
CS-00819,2026-05-27,2026-05-01,Riyadh,RIY,Health Services,Mobile App,Citizen,55-64,4,3,7,1,Yes,Positive,Finished it on my phone in two minutes.,أنهيت المعاملة عبر الجوال خلال دقيقتين.
CS-00820,2026-04-23,2026-04-01,Makkah,MAK,Education & Training,Mobile App,Resident,25-34,5,5,9,1,Yes,Positive,"No paperwork needed, very good service.",تسجيل الدخول عبر نفاذ عمل من أول مرة.
CS-00821,2026-06-09,2026-06-01,Asir,ASR,Labour & HR Services,Call Center,Citizen,25-34,3,2,7,0,Maybe,Neutral,"Fine, though I had to call to confirm.",تمت الخدمة لكن الصياغة غير واضحة.
CS-00822,2026-06-21,2026-06-01,Asir,ASR,Municipal Services,Web Portal,Citizen,35-44,4,5,6,1,Yes,Positive,Much easier than going to the branch.,أنهيت المعاملة عبر الجوال خلال دقيقتين.
CS-00823,2026-01-12,2026-01-01,Qassim,QSM,Business & Licensing,Call Center,Citizen,35-44,4,3,9,1,Yes,Positive,"No paperwork needed, very good service.",تسجيل الدخول عبر نفاذ عمل من أول مرة.
CS-00824,2026-04-28,2026-04-01,Riyadh,RIY,Traffic & Transport,Mobile App,Citizen,25-34,5,5,10,1,Yes,Positive,Much easier than going to the branch.,أسهل بكثير من زيارة الفرع.
CS-00825,2026-03-28,2026-03-01,Riyadh,RIY,Education & Training,Branch,Resident,25-34,3,2,5,0,Maybe,Neutral,Took longer than I expected.,مقبولة لكن اضطررت للاتصال للتأكيد.
CS-00826,2026-03-20,2026-03-01,Makkah,MAK,Justice & Notary,Mobile App,Citizen,45-54,4,5,9,1,Yes,Positive,Much easier than going to the branch.,أنهيت المعاملة عبر الجوال خلال دقيقتين.
CS-00827,2026-04-02,2026-04-01,Eastern Province,EAS,Education & Training,Web Portal,Citizen,25-34,5,4,10,1,Yes,Positive,Clear steps and instant confirmation.,أنهيت المعاملة عبر الجوال خلال دقيقتين.
CS-00828,2026-02-12,2026-02-01,Madinah,MAD,Traffic & Transport,Mobile App,Citizen,45-54,5,4,10,1,Yes,Positive,Much easier than going to the branch.,تسجيل الدخول عبر نفاذ عمل من أول مرة.
CS-00829,2026-04-13,2026-04-01,Riyadh,RIY,Identity & Civil Affairs,Branch,Citizen,35-44,2,1,5,0,No,Negative,The document upload kept rejecting my file.,انتظرت أربعين دقيقة ثم أُغلق الشباك.
CS-00830,2026-04-21,2026-04-01,Riyadh,RIY,Traffic & Transport,Web Portal,Citizen,18-24,4,3,10,0,Yes,Positive,"No paperwork needed, very good service.",أسهل بكثير من زيارة الفرع.
CS-00831,2026-01-02,2026-01-01,Riyadh,RIY,Identity & Civil Affairs,Mobile App,Citizen,35-44,5,4,10,0,Yes,Positive,Finished it on my phone in two minutes.,أنهيت المعاملة عبر الجوال خلال دقيقتين.
CS-00832,2026-04-20,2026-04-01,Riyadh,RIY,Municipal Services,Mobile App,Citizen,25-34,5,4,10,1,Yes,Positive,Much easier than going to the branch.,تسجيل الدخول عبر نفاذ عمل من أول مرة.
CS-00833,2026-01-21,2026-01-01,Riyadh,RIY,Identity & Civil Affairs,Mobile App,Business,35-44,5,5,8,1,Yes,Positive,Much easier than going to the branch.,تسجيل الدخول عبر نفاذ عمل من أول مرة.
CS-00834,2026-06-11,2026-06-01,Eastern Province,EAS,Labour & HR Services,Mobile App,Citizen,25-34,4,4,7,1,Yes,Positive,Much easier than going to the branch.,أسهل بكثير من زيارة الفرع.
CS-00835,2026-04-08,2026-04-01,Riyadh,RIY,Social Support & Subsidies,Mobile App,Citizen,18-24,4,4,8,1,Yes,Positive,"No paperwork needed, very good service.",الخطوات واضحة والتأكيد فوري.
CS-00836,2026-03-19,2026-03-01,Makkah,MAK,Social Support & Subsidies,Mobile App,Citizen,25-34,5,5,9,1,Yes,Positive,The Nafath login worked first time.,الخطوات واضحة والتأكيد فوري.
CS-00837,2026-02-04,2026-02-01,Riyadh,RIY,Health Services,Mobile App,Business,45-54,5,5,10,1,Yes,Positive,Much easier than going to the branch.,أنهيت المعاملة عبر الجوال خلال دقيقتين.
CS-00838,2026-05-17,2026-05-01,Qassim,QSM,Health Services,Web Portal,Citizen,45-54,3,2,7,0,Maybe,Neutral,It worked but the wording was confusing.,تمت الخدمة لكن الصياغة غير واضحة.
CS-00839,2026-02-11,2026-02-01,Makkah,MAK,Health Services,Mobile App,Citizen,25-34,5,4,10,1,Yes,Positive,Finished it on my phone in two minutes.,الخطوات واضحة والتأكيد فوري.
CS-00840,2026-05-26,2026-05-01,Riyadh,RIY,Identity & Civil Affairs,Mobile App,Citizen,35-44,4,4,6,1,Yes,Positive,Much easier than going to the branch.,الخطوات واضحة والتأكيد فوري.
CS-00841,2026-01-03,2026-01-01,Madinah,MAD,Traffic & Transport,Call Center,Citizen,18-24,3,2,6,1,Maybe,Neutral,Took longer than I expected.,مقبولة لكن اضطررت للاتصال للتأكيد.
CS-00842,2026-03-20,2026-03-01,Eastern Province,EAS,Identity & Civil Affairs,Call Center,Resident,25-34,3,4,4,1,Maybe,Neutral,Acceptable but the receipt was hard to find.,استغرقت وقتاً أطول مما توقعت.
CS-00843,2026-03-02,2026-03-01,Riyadh,RIY,Health Services,Branch,Citizen,25-34,4,3,8,1,Yes,Positive,Much easier than going to the branch.,أنهيت المعاملة عبر الجوال خلال دقيقتين.
CS-00844,2026-05-22,2026-05-01,Eastern Province,EAS,Social Support & Subsidies,Mobile App,Resident,35-44,5,5,10,1,Yes,Positive,Clear steps and instant confirmation.,الخطوات واضحة والتأكيد فوري.
CS-00845,2026-01-09,2026-01-01,Eastern Province,EAS,Labour & HR Services,Mobile App,Citizen,35-44,5,4,9,1,Yes,Positive,Finished it on my phone in two minutes.,الخطوات واضحة والتأكيد فوري.
CS-00846,2026-02-09,2026-02-01,Eastern Province,EAS,Labour & HR Services,Mobile App,Citizen,55-64,5,5,10,0,Yes,Positive,Much easier than going to the branch.,أنهيت المعاملة عبر الجوال خلال دقيقتين.
CS-00847,2026-02-14,2026-02-01,Makkah,MAK,Municipal Services,Mobile App,Business,25-34,5,4,10,1,Yes,Positive,"No paperwork needed, very good service.",الخطوات واضحة والتأكيد فوري.
CS-00848,2026-05-07,2026-05-01,Eastern Province,EAS,Education & Training,Mobile App,Citizen,18-24,4,4,9,1,Yes,Positive,"No paperwork needed, very good service.",أسهل بكثير من زيارة الفرع.
CS-00849,2026-02-18,2026-02-01,Riyadh,RIY,Health Services,Call Center,Citizen,45-54,4,5,7,1,Yes,Positive,"No paperwork needed, very good service.",الخطوات واضحة والتأكيد فوري.
CS-00850,2026-02-13,2026-02-01,Asir,ASR,Health Services,Web Portal,Citizen,18-24,5,4,9,1,Yes,Positive,Much easier than going to the branch.,أسهل بكثير من زيارة الفرع.
CS-00851,2026-01-21,2026-01-01,Madinah,MAD,Identity & Civil Affairs,Mobile App,Citizen,65+,4,3,7,1,Yes,Positive,Much easier than going to the branch.,تسجيل الدخول عبر نفاذ عمل من أول مرة.
CS-00852,2026-04-23,2026-04-01,Eastern Province,EAS,Education & Training,Mobile App,Citizen,25-34,5,5,9,1,Yes,Positive,Clear steps and instant confirmation.,أسهل بكثير من زيارة الفرع.
CS-00853,2026-04-03,2026-04-01,Riyadh,RIY,Identity & Civil Affairs,Branch,Citizen,35-44,3,4,6,0,Maybe,Neutral,"Fine, though I had to call to confirm.",مقبولة لكن اضطررت للاتصال للتأكيد.
CS-00854,2026-01-18,2026-01-01,Makkah,MAK,Health Services,Call Center,Resident,18-24,5,5,8,1,Yes,Positive,Much easier than going to the branch.,الخطوات واضحة والتأكيد فوري.
CS-00855,2026-02-18,2026-02-01,Makkah,MAK,Health Services,Branch,Resident,35-44,2,2,6,0,No,Negative,No Arabic option on one of the screens.,انتظرت أربعين دقيقة ثم أُغلق الشباك.
CS-00856,2026-05-14,2026-05-01,Makkah,MAK,Traffic & Transport,Mobile App,Citizen,25-34,2,2,2,1,No,Negative,The document upload kept rejecting my file.,فشل التحقق ثلاث مرات فاضطررت للتوقف.
CS-00857,2026-04-06,2026-04-01,Makkah,MAK,Health Services,Branch,Citizen,45-54,4,4,10,1,Yes,Positive,Clear steps and instant confirmation.,تسجيل الدخول عبر نفاذ عمل من أول مرة.
CS-00858,2026-03-26,2026-03-01,Eastern Province,EAS,Municipal Services,Mobile App,Citizen,18-24,4,3,8,1,Yes,Positive,Clear steps and instant confirmation.,تسجيل الدخول عبر نفاذ عمل من أول مرة.
CS-00859,2026-06-16,2026-06-01,Riyadh,RIY,Social Support & Subsidies,Mobile App,Citizen,25-34,4,4,10,0,Yes,Positive,Finished it on my phone in two minutes.,أنهيت المعاملة عبر الجوال خلال دقيقتين.
CS-00860,2026-01-02,2026-01-01,Eastern Province,EAS,Education & Training,Mobile App,Citizen,25-34,5,5,8,1,Yes,Positive,Much easier than going to the branch.,أسهل بكثير من زيارة الفرع.
CS-00861,2026-05-07,2026-05-01,Riyadh,RIY,Social Support & Subsidies,Web Portal,Citizen,35-44,4,3,7,0,Yes,Positive,"No paperwork needed, very good service.",تسجيل الدخول عبر نفاذ عمل من أول مرة.
CS-00862,2026-06-14,2026-06-01,Madinah,MAD,Identity & Civil Affairs,Web Portal,Citizen,18-24,4,4,9,1,Yes,Positive,Clear steps and instant confirmation.,أنهيت المعاملة عبر الجوال خلال دقيقتين.
CS-00863,2026-03-15,2026-03-01,Makkah,MAK,Business & Licensing,Web Portal,Resident,35-44,4,5,10,1,Yes,Positive,"No paperwork needed, very good service.",الخطوات واضحة والتأكيد فوري.
CS-00864,2026-03-23,2026-03-01,Makkah,MAK,Justice & Notary,Web Portal,Business,35-44,4,4,10,1,Yes,Positive,Finished it on my phone in two minutes.,أنهيت المعاملة عبر الجوال خلال دقيقتين.
CS-00865,2026-01-01,2026-01-01,Riyadh,RIY,Identity & Civil Affairs,Mobile App,Citizen,45-54,5,4,10,1,Yes,Positive,Finished it on my phone in two minutes.,أسهل بكثير من زيارة الفرع.
CS-00866,2026-05-20,2026-05-01,Makkah,MAK,Traffic & Transport,Mobile App,Citizen,35-44,5,4,10,1,Yes,Positive,Clear steps and instant confirmation.,أنهيت المعاملة عبر الجوال خلال دقيقتين.
CS-00867,2026-05-03,2026-05-01,Asir,ASR,Identity & Civil Affairs,Mobile App,Resident,45-54,4,3,6,1,Yes,Positive,"No paperwork needed, very good service.",الخطوات واضحة والتأكيد فوري.
CS-00868,2026-04-13,2026-04-01,Eastern Province,EAS,Identity & Civil Affairs,Mobile App,Citizen,35-44,4,3,7,1,Yes,Positive,Much easier than going to the branch.,تسجيل الدخول عبر نفاذ عمل من أول مرة.
CS-00869,2026-02-17,2026-02-01,Hail,HAL,Business & Licensing,Mobile App,Resident,18-24,5,5,10,1,Yes,Positive,"No paperwork needed, very good service.",أسهل بكثير من زيارة الفرع.
CS-00870,2026-01-14,2026-01-01,Makkah,MAK,Identity & Civil Affairs,Mobile App,Citizen,35-44,5,5,8,1,Yes,Positive,The Nafath login worked first time.,تسجيل الدخول عبر نفاذ عمل من أول مرة.
CS-00871,2026-06-16,2026-06-01,Makkah,MAK,Traffic & Transport,Mobile App,Citizen,25-34,5,5,10,1,Yes,Positive,"No paperwork needed, very good service.",الخطوات واضحة والتأكيد فوري.
CS-00872,2026-04-06,2026-04-01,Asir,ASR,Identity & Civil Affairs,Web Portal,Citizen,35-44,5,4,10,1,Yes,Positive,Clear steps and instant confirmation.,أسهل بكثير من زيارة الفرع.
CS-00873,2026-01-17,2026-01-01,Makkah,MAK,Labour & HR Services,Mobile App,Business,55-64,4,5,9,1,Yes,Positive,Clear steps and instant confirmation.,أسهل بكثير من زيارة الفرع.
CS-00874,2026-01-07,2026-01-01,Madinah,MAD,Health Services,Branch,Resident,45-54,4,4,10,1,Yes,Positive,The Nafath login worked first time.,الخطوات واضحة والتأكيد فوري.
CS-00875,2026-05-13,2026-05-01,Eastern Province,EAS,Health Services,Mobile App,Resident,18-24,4,4,8,1,Yes,Positive,Clear steps and instant confirmation.,الخطوات واضحة والتأكيد فوري.
CS-00876,2026-02-25,2026-02-01,Eastern Province,EAS,Identity & Civil Affairs,Mobile App,Citizen,35-44,5,5,9,1,Yes,Positive,Clear steps and instant confirmation.,الخطوات واضحة والتأكيد فوري.
CS-00877,2026-06-06,2026-06-01,Najran,NJR,Identity & Civil Affairs,Mobile App,Citizen,65+,5,5,10,1,Yes,Positive,Clear steps and instant confirmation.,أسهل بكثير من زيارة الفرع.
CS-00878,2026-05-09,2026-05-01,Riyadh,RIY,Municipal Services,Web Portal,Citizen,35-44,4,4,10,1,Yes,Positive,Much easier than going to the branch.,أنهيت المعاملة عبر الجوال خلال دقيقتين.
CS-00879,2026-06-03,2026-06-01,Makkah,MAK,Health Services,Call Center,Citizen,45-54,4,5,6,1,Yes,Positive,The Nafath login worked first time.,أسهل بكثير من زيارة الفرع.
CS-00880,2026-06-12,2026-06-01,Asir,ASR,Social Support & Subsidies,Branch,Citizen,25-34,5,5,8,1,Yes,Positive,"No paperwork needed, very good service.",أنهيت المعاملة عبر الجوال خلال دقيقتين.
CS-00881,2026-02-11,2026-02-01,Asir,ASR,Education & Training,Branch,Citizen,25-34,4,4,6,1,Yes,Positive,Finished it on my phone in two minutes.,الخطوات واضحة والتأكيد فوري.
CS-00882,2026-04-18,2026-04-01,Tabuk,TBK,Traffic & Transport,Branch,Citizen,25-34,4,4,10,1,Yes,Positive,Much easier than going to the branch.,أنهيت المعاملة عبر الجوال خلال دقيقتين.
CS-00883,2026-04-23,2026-04-01,Makkah,MAK,Traffic & Transport,Branch,Citizen,25-34,3,2,6,0,Maybe,Neutral,"Fine, though I had to call to confirm.",تمت الخدمة لكن الصياغة غير واضحة.
CS-00884,2026-01-04,2026-01-01,Madinah,MAD,Identity & Civil Affairs,Mobile App,Citizen,45-54,5,5,10,1,Yes,Positive,"No paperwork needed, very good service.",أنهيت المعاملة عبر الجوال خلال دقيقتين.
CS-00885,2026-04-02,2026-04-01,Eastern Province,EAS,Health Services,Branch,Business,25-34,2,2,6,0,No,Negative,The document upload kept rejecting my file.,اضطررت لزيارة الفرع رغم ذلك.
CS-00886,2026-01-07,2026-01-01,Makkah,MAK,Health Services,Mobile App,Business,55-64,4,5,7,1,Yes,Positive,Clear steps and instant confirmation.,الخطوات واضحة والتأكيد فوري.
CS-00887,2026-02-23,2026-02-01,Makkah,MAK,Health Services,Branch,Citizen,25-34,4,5,6,1,Yes,Positive,Finished it on my phone in two minutes.,الخطوات واضحة والتأكيد فوري.
CS-00888,2026-06-19,2026-06-01,Asir,ASR,Education & Training,Web Portal,Resident,45-54,4,4,10,1,Yes,Positive,The Nafath login worked first time.,أنهيت المعاملة عبر الجوال خلال دقيقتين.
CS-00889,2026-02-18,2026-02-01,Riyadh,RIY,Business & Licensing,Mobile App,Citizen,45-54,4,3,9,1,Yes,Positive,"No paperwork needed, very good service.",تسجيل الدخول عبر نفاذ عمل من أول مرة.
CS-00890,2026-06-09,2026-06-01,Tabuk,TBK,Education & Training,Mobile App,Business,45-54,5,5,8,1,Yes,Positive,"No paperwork needed, very good service.",تسجيل الدخول عبر نفاذ عمل من أول مرة.
CS-00891,2026-03-25,2026-03-01,Eastern Province,EAS,Traffic & Transport,Mobile App,Business,45-54,4,3,9,1,Yes,Positive,Clear steps and instant confirmation.,تسجيل الدخول عبر نفاذ عمل من أول مرة.
CS-00892,2026-03-22,2026-03-01,Madinah,MAD,Traffic & Transport,Web Portal,Citizen,25-34,3,2,4,0,Maybe,Neutral,It worked but the wording was confusing.,تمت الخدمة لكن الصياغة غير واضحة.
CS-00893,2026-05-28,2026-05-01,Riyadh,RIY,Health Services,Mobile App,Citizen,65+,5,4,9,0,Yes,Positive,Much easier than going to the branch.,تسجيل الدخول عبر نفاذ عمل من أول مرة.
CS-00894,2026-02-01,2026-02-01,Najran,NJR,Identity & Civil Affairs,Mobile App,Citizen,25-34,4,5,9,1,Yes,Positive,Much easier than going to the branch.,الخطوات واضحة والتأكيد فوري.
CS-00895,2026-03-04,2026-03-01,Northern Borders,NBR,Identity & Civil Affairs,Web Portal,Citizen,35-44,4,3,9,1,Yes,Positive,Clear steps and instant confirmation.,الخطوات واضحة والتأكيد فوري.
CS-00896,2026-03-19,2026-03-01,Riyadh,RIY,Justice & Notary,Web Portal,Citizen,18-24,4,5,6,1,Yes,Positive,Finished it on my phone in two minutes.,أنهيت المعاملة عبر الجوال خلال دقيقتين.
CS-00897,2026-01-28,2026-01-01,Riyadh,RIY,Education & Training,Branch,Citizen,55-64,3,4,6,1,Maybe,Neutral,Acceptable but the receipt was hard to find.,تمت الخدمة لكن الصياغة غير واضحة.
CS-00898,2026-02-04,2026-02-01,Riyadh,RIY,Education & Training,Web Portal,Citizen,35-44,5,4,10,0,Yes,Positive,Clear steps and instant confirmation.,الخطوات واضحة والتأكيد فوري.
CS-00899,2026-05-19,2026-05-01,Riyadh,RIY,Identity & Civil Affairs,Mobile App,Citizen,65+,5,5,10,1,Yes,Positive,Finished it on my phone in two minutes.,أسهل بكثير من زيارة الفرع.
CS-00900,2026-02-04,2026-02-01,Qassim,QSM,Municipal Services,Branch,Business,25-34,4,3,10,1,Yes,Positive,"No paperwork needed, very good service.",تسجيل الدخول عبر نفاذ عمل من أول مرة.
CS-00901,2026-05-08,2026-05-01,Makkah,MAK,Education & Training,Mobile App,Business,55-64,4,5,9,1,Yes,Positive,The Nafath login worked first time.,الخطوات واضحة والتأكيد فوري.
CS-00902,2026-03-20,2026-03-01,Makkah,MAK,Health Services,Web Portal,Business,45-54,5,5,8,1,Yes,Positive,Much easier than going to the branch.,تسجيل الدخول عبر نفاذ عمل من أول مرة.
CS-00903,2026-06-13,2026-06-01,Riyadh,RIY,Social Support & Subsidies,Web Portal,Business,65+,4,5,6,1,Yes,Positive,Finished it on my phone in two minutes.,أسهل بكثير من زيارة الفرع.
CS-00904,2026-03-05,2026-03-01,Makkah,MAK,Education & Training,Mobile App,Citizen,18-24,5,5,9,1,Yes,Positive,The Nafath login worked first time.,الخطوات واضحة والتأكيد فوري.
CS-00905,2026-02-23,2026-02-01,Riyadh,RIY,Municipal Services,Call Center,Citizen,35-44,4,4,10,0,Yes,Positive,Finished it on my phone in two minutes.,أسهل بكثير من زيارة الفرع.
CS-00906,2026-05-15,2026-05-01,Makkah,MAK,Municipal Services,Web Portal,Citizen,45-54,3,4,5,0,Maybe,Neutral,It worked but the wording was confusing.,مقبولة لكن اضطررت للاتصال للتأكيد.
CS-00907,2026-04-22,2026-04-01,Eastern Province,EAS,Education & Training,Mobile App,Business,45-54,5,5,9,1,Yes,Positive,Much easier than going to the branch.,أنهيت المعاملة عبر الجوال خلال دقيقتين.
CS-00908,2026-06-24,2026-06-01,Asir,ASR,Social Support & Subsidies,Mobile App,Citizen,35-44,4,5,9,1,Yes,Positive,Much easier than going to the branch.,تسجيل الدخول عبر نفاذ عمل من أول مرة.
CS-00909,2026-02-28,2026-02-01,Riyadh,RIY,Labour & HR Services,Call Center,Citizen,25-34,4,4,9,1,Yes,Positive,Much easier than going to the branch.,أنهيت المعاملة عبر الجوال خلال دقيقتين.
CS-00910,2026-03-01,2026-03-01,Al-Jouf,JOF,Identity & Civil Affairs,Mobile App,Business,45-54,5,5,10,1,Yes,Positive,The Nafath login worked first time.,تسجيل الدخول عبر نفاذ عمل من أول مرة.
CS-00911,2026-06-11,2026-06-01,Makkah,MAK,Justice & Notary,Branch,Citizen,35-44,3,4,5,0,Maybe,Neutral,Acceptable but the receipt was hard to find.,استغرقت وقتاً أطول مما توقعت.
CS-00912,2026-06-04,2026-06-01,Al-Baha,BAH,Identity & Civil Affairs,Mobile App,Resident,35-44,5,5,10,1,Yes,Positive,Much easier than going to the branch.,أنهيت المعاملة عبر الجوال خلال دقيقتين.
CS-00913,2026-06-20,2026-06-01,Al-Baha,BAH,Traffic & Transport,Mobile App,Citizen,18-24,5,5,10,1,Yes,Positive,Clear steps and instant confirmation.,أنهيت المعاملة عبر الجوال خلال دقيقتين.
CS-00914,2026-03-12,2026-03-01,Makkah,MAK,Justice & Notary,Mobile App,Citizen,65+,3,3,5,1,Maybe,Neutral,It worked but the wording was confusing.,مقبولة لكن اضطررت للاتصال للتأكيد.
CS-00915,2026-06-09,2026-06-01,Madinah,MAD,Business & Licensing,Branch,Citizen,35-44,3,3,6,0,Maybe,Neutral,"Fine, though I had to call to confirm.",مقبولة لكن اضطررت للاتصال للتأكيد.
CS-00916,2026-04-05,2026-04-01,Makkah,MAK,Identity & Civil Affairs,Mobile App,Citizen,25-34,4,5,10,1,Yes,Positive,"No paperwork needed, very good service.",الخطوات واضحة والتأكيد فوري.
CS-00917,2026-01-08,2026-01-01,Qassim,QSM,Social Support & Subsidies,Call Center,Business,35-44,5,4,10,1,Yes,Positive,Clear steps and instant confirmation.,تسجيل الدخول عبر نفاذ عمل من أول مرة.
CS-00918,2026-01-08,2026-01-01,Eastern Province,EAS,Labour & HR Services,Mobile App,Resident,25-34,5,4,10,1,Yes,Positive,The Nafath login worked first time.,تسجيل الدخول عبر نفاذ عمل من أول مرة.
CS-00919,2026-02-01,2026-02-01,Qassim,QSM,Traffic & Transport,Mobile App,Citizen,45-54,4,4,9,1,Yes,Positive,Finished it on my phone in two minutes.,أنهيت المعاملة عبر الجوال خلال دقيقتين.
CS-00920,2026-05-10,2026-05-01,Eastern Province,EAS,Social Support & Subsidies,Mobile App,Citizen,25-34,5,5,10,1,Yes,Positive,Finished it on my phone in two minutes.,الخطوات واضحة والتأكيد فوري.
CS-00921,2026-05-01,2026-05-01,Jazan,JZN,Business & Licensing,Branch,Resident,18-24,3,2,7,1,Maybe,Neutral,Took longer than I expected.,استغرقت وقتاً أطول مما توقعت.
CS-00922,2026-02-20,2026-02-01,Eastern Province,EAS,Municipal Services,Web Portal,Resident,35-44,5,5,8,1,Yes,Positive,Clear steps and instant confirmation.,أنهيت المعاملة عبر الجوال خلال دقيقتين.
CS-00923,2026-03-08,2026-03-01,Eastern Province,EAS,Identity & Civil Affairs,Web Portal,Citizen,65+,3,4,4,1,Maybe,Neutral,"Fine, though I had to call to confirm.",مقبولة لكن اضطررت للاتصال للتأكيد.
CS-00924,2026-03-10,2026-03-01,Eastern Province,EAS,Traffic & Transport,Call Center,Resident,35-44,4,4,10,1,Yes,Positive,The Nafath login worked first time.,تسجيل الدخول عبر نفاذ عمل من أول مرة.
CS-00925,2026-05-14,2026-05-01,Riyadh,RIY,Traffic & Transport,Call Center,Resident,25-34,4,5,10,1,Yes,Positive,"No paperwork needed, very good service.",أنهيت المعاملة عبر الجوال خلال دقيقتين.
CS-00926,2026-04-10,2026-04-01,Riyadh,RIY,Labour & HR Services,Mobile App,Citizen,45-54,4,3,10,0,Yes,Positive,Clear steps and instant confirmation.,تسجيل الدخول عبر نفاذ عمل من أول مرة.
CS-00927,2026-04-14,2026-04-01,Riyadh,RIY,Education & Training,Mobile App,Citizen,35-44,4,5,9,1,Yes,Positive,Finished it on my phone in two minutes.,تسجيل الدخول عبر نفاذ عمل من أول مرة.
CS-00928,2026-02-04,2026-02-01,Makkah,MAK,Identity & Civil Affairs,Mobile App,Resident,35-44,5,4,10,0,Yes,Positive,Clear steps and instant confirmation.,أنهيت المعاملة عبر الجوال خلال دقيقتين.
CS-00929,2026-03-09,2026-03-01,Riyadh,RIY,Health Services,Mobile App,Business,45-54,5,4,8,1,Yes,Positive,Clear steps and instant confirmation.,أنهيت المعاملة عبر الجوال خلال دقيقتين.
CS-00930,2026-05-13,2026-05-01,Makkah,MAK,Education & Training,Branch,Citizen,18-24,3,2,5,0,Maybe,Neutral,"Fine, though I had to call to confirm.",تمت الخدمة لكن الصياغة غير واضحة.
CS-00931,2026-05-20,2026-05-01,Asir,ASR,Identity & Civil Affairs,Branch,Resident,18-24,4,5,7,1,Yes,Positive,Finished it on my phone in two minutes.,تسجيل الدخول عبر نفاذ عمل من أول مرة.
CS-00932,2026-04-24,2026-04-01,Riyadh,RIY,Justice & Notary,Web Portal,Citizen,35-44,5,5,10,1,Yes,Positive,Much easier than going to the branch.,تسجيل الدخول عبر نفاذ عمل من أول مرة.
CS-00933,2026-05-20,2026-05-01,Makkah,MAK,Municipal Services,Web Portal,Business,35-44,4,3,10,1,Yes,Positive,Finished it on my phone in two minutes.,أسهل بكثير من زيارة الفرع.
CS-00934,2026-01-01,2026-01-01,Eastern Province,EAS,Identity & Civil Affairs,Mobile App,Business,55-64,5,5,9,1,Yes,Positive,Much easier than going to the branch.,الخطوات واضحة والتأكيد فوري.
CS-00935,2026-04-14,2026-04-01,Makkah,MAK,Labour & HR Services,Mobile App,Citizen,55-64,5,4,9,1,Yes,Positive,Finished it on my phone in two minutes.,تسجيل الدخول عبر نفاذ عمل من أول مرة.
CS-00936,2026-02-03,2026-02-01,Hail,HAL,Social Support & Subsidies,Web Portal,Business,25-34,4,3,7,1,Yes,Positive,Much easier than going to the branch.,أسهل بكثير من زيارة الفرع.
CS-00937,2026-03-20,2026-03-01,Al-Jouf,JOF,Business & Licensing,Mobile App,Citizen,35-44,5,4,8,1,Yes,Positive,Much easier than going to the branch.,تسجيل الدخول عبر نفاذ عمل من أول مرة.
CS-00938,2026-03-14,2026-03-01,Makkah,MAK,Business & Licensing,Mobile App,Business,35-44,5,4,9,1,Yes,Positive,Finished it on my phone in two minutes.,أسهل بكثير من زيارة الفرع.
CS-00939,2026-02-13,2026-02-01,Riyadh,RIY,Social Support & Subsidies,Branch,Citizen,18-24,4,5,6,1,Yes,Positive,Much easier than going to the branch.,أسهل بكثير من زيارة الفرع.
CS-00940,2026-01-14,2026-01-01,Makkah,MAK,Health Services,Web Portal,Citizen,25-34,4,4,8,1,Yes,Positive,"No paperwork needed, very good service.",الخطوات واضحة والتأكيد فوري.
CS-00941,2026-05-13,2026-05-01,Makkah,MAK,Business & Licensing,Call Center,Citizen,18-24,3,4,5,1,Maybe,Neutral,It worked but the wording was confusing.,مقبولة لكن اضطررت للاتصال للتأكيد.
CS-00942,2026-01-25,2026-01-01,Asir,ASR,Education & Training,Branch,Business,35-44,4,4,9,1,Yes,Positive,"No paperwork needed, very good service.",أسهل بكثير من زيارة الفرع.
CS-00943,2026-06-19,2026-06-01,Al-Jouf,JOF,Education & Training,Mobile App,Resident,35-44,5,5,10,1,Yes,Positive,"No paperwork needed, very good service.",تسجيل الدخول عبر نفاذ عمل من أول مرة.
CS-00944,2026-03-06,2026-03-01,Riyadh,RIY,Labour & HR Services,Mobile App,Business,25-34,5,5,10,1,Yes,Positive,Clear steps and instant confirmation.,أنهيت المعاملة عبر الجوال خلال دقيقتين.
CS-00945,2026-03-26,2026-03-01,Makkah,MAK,Traffic & Transport,Mobile App,Citizen,35-44,4,5,8,1,Yes,Positive,Clear steps and instant confirmation.,الخطوات واضحة والتأكيد فوري.
CS-00946,2026-02-13,2026-02-01,Makkah,MAK,Traffic & Transport,Call Center,Business,25-34,4,3,10,1,Yes,Positive,Finished it on my phone in two minutes.,أسهل بكثير من زيارة الفرع.
CS-00947,2026-05-25,2026-05-01,Eastern Province,EAS,Identity & Civil Affairs,Web Portal,Citizen,65+,5,4,10,1,Yes,Positive,The Nafath login worked first time.,تسجيل الدخول عبر نفاذ عمل من أول مرة.
CS-00948,2026-01-26,2026-01-01,Makkah,MAK,Traffic & Transport,Branch,Business,45-54,2,3,6,1,No,Negative,The document upload kept rejecting my file.,فشل التحقق ثلاث مرات فاضطررت للتوقف.
CS-00949,2026-06-28,2026-06-01,Riyadh,RIY,Municipal Services,Mobile App,Citizen,35-44,5,5,9,0,Yes,Positive,Much easier than going to the branch.,الخطوات واضحة والتأكيد فوري.
CS-00950,2026-03-21,2026-03-01,Najran,NJR,Social Support & Subsidies,Branch,Citizen,45-54,4,3,7,1,Yes,Positive,The Nafath login worked first time.,تسجيل الدخول عبر نفاذ عمل من أول مرة.
CS-00951,2026-06-12,2026-06-01,Riyadh,RIY,Traffic & Transport,Branch,Citizen,25-34,4,3,8,0,Yes,Positive,Finished it on my phone in two minutes.,أسهل بكثير من زيارة الفرع.
CS-00952,2026-01-22,2026-01-01,Madinah,MAD,Municipal Services,Mobile App,Resident,45-54,4,3,10,1,Yes,Positive,Much easier than going to the branch.,أنهيت المعاملة عبر الجوال خلال دقيقتين.
CS-00953,2026-02-21,2026-02-01,Jazan,JZN,Education & Training,Call Center,Citizen,25-34,5,5,9,1,Yes,Positive,Finished it on my phone in two minutes.,تسجيل الدخول عبر نفاذ عمل من أول مرة.
CS-00954,2026-03-11,2026-03-01,Asir,ASR,Social Support & Subsidies,Mobile App,Resident,35-44,4,4,9,1,Yes,Positive,Much easier than going to the branch.,أسهل بكثير من زيارة الفرع.
CS-00955,2026-04-27,2026-04-01,Riyadh,RIY,Health Services,Mobile App,Citizen,35-44,4,5,8,1,Yes,Positive,"No paperwork needed, very good service.",أسهل بكثير من زيارة الفرع.
CS-00956,2026-02-01,2026-02-01,Riyadh,RIY,Education & Training,Mobile App,Citizen,25-34,5,5,10,1,Yes,Positive,Finished it on my phone in two minutes.,أنهيت المعاملة عبر الجوال خلال دقيقتين.
CS-00957,2026-03-26,2026-03-01,Makkah,MAK,Municipal Services,Mobile App,Business,18-24,4,5,9,1,Yes,Positive,The Nafath login worked first time.,أنهيت المعاملة عبر الجوال خلال دقيقتين.
CS-00958,2026-02-17,2026-02-01,Riyadh,RIY,Health Services,Call Center,Business,35-44,3,2,7,0,Maybe,Neutral,"Fine, though I had to call to confirm.",مقبولة لكن اضطررت للاتصال للتأكيد.
CS-00959,2026-04-18,2026-04-01,Riyadh,RIY,Identity & Civil Affairs,Mobile App,Business,25-34,5,4,10,1,Yes,Positive,Much easier than going to the branch.,أسهل بكثير من زيارة الفرع.
CS-00960,2026-05-04,2026-05-01,Makkah,MAK,Labour & HR Services,Call Center,Business,25-34,4,5,8,1,Yes,Positive,Clear steps and instant confirmation.,أسهل بكثير من زيارة الفرع.
CS-00961,2026-04-23,2026-04-01,Riyadh,RIY,Business & Licensing,Call Center,Citizen,35-44,4,3,7,0,Yes,Positive,The Nafath login worked first time.,أنهيت المعاملة عبر الجوال خلال دقيقتين.
CS-00962,2026-05-19,2026-05-01,Madinah,MAD,Health Services,Mobile App,Citizen,25-34,5,4,10,0,Yes,Positive,The Nafath login worked first time.,أنهيت المعاملة عبر الجوال خلال دقيقتين.
CS-00963,2026-05-05,2026-05-01,Jazan,JZN,Labour & HR Services,Mobile App,Citizen,55-64,5,4,9,1,Yes,Positive,Clear steps and instant confirmation.,أنهيت المعاملة عبر الجوال خلال دقيقتين.
CS-00964,2026-06-15,2026-06-01,Riyadh,RIY,Justice & Notary,Branch,Resident,25-34,5,5,9,1,Yes,Positive,Finished it on my phone in two minutes.,أنهيت المعاملة عبر الجوال خلال دقيقتين.
CS-00965,2026-06-12,2026-06-01,Makkah,MAK,Municipal Services,Mobile App,Citizen,25-34,4,3,10,1,Yes,Positive,Much easier than going to the branch.,أسهل بكثير من زيارة الفرع.
CS-00966,2026-01-18,2026-01-01,Jazan,JZN,Business & Licensing,Web Portal,Citizen,55-64,3,4,5,1,Maybe,Neutral,"Fine, though I had to call to confirm.",تمت الخدمة لكن الصياغة غير واضحة.
CS-00967,2026-05-25,2026-05-01,Madinah,MAD,Municipal Services,Branch,Resident,35-44,3,4,5,0,Maybe,Neutral,"Fine, though I had to call to confirm.",مقبولة لكن اضطررت للاتصال للتأكيد.
CS-00968,2026-04-15,2026-04-01,Riyadh,RIY,Social Support & Subsidies,Branch,Citizen,35-44,3,4,5,0,Maybe,Neutral,Took longer than I expected.,استغرقت وقتاً أطول مما توقعت.
CS-00969,2026-03-01,2026-03-01,Riyadh,RIY,Social Support & Subsidies,Call Center,Citizen,18-24,4,4,7,1,Yes,Positive,Much easier than going to the branch.,الخطوات واضحة والتأكيد فوري.
CS-00970,2026-05-26,2026-05-01,Eastern Province,EAS,Health Services,Mobile App,Resident,35-44,3,4,6,0,Maybe,Neutral,Took longer than I expected.,مقبولة لكن اضطررت للاتصال للتأكيد.
CS-00971,2026-06-04,2026-06-01,Makkah,MAK,Traffic & Transport,Branch,Citizen,35-44,5,4,10,1,Yes,Positive,"No paperwork needed, very good service.",الخطوات واضحة والتأكيد فوري.
CS-00972,2026-04-13,2026-04-01,Eastern Province,EAS,Business & Licensing,Web Portal,Citizen,55-64,3,2,4,1,Maybe,Neutral,Took longer than I expected.,استغرقت وقتاً أطول مما توقعت.
CS-00973,2026-04-10,2026-04-01,Riyadh,RIY,Social Support & Subsidies,Mobile App,Citizen,25-34,5,4,8,1,Yes,Positive,Much easier than going to the branch.,تسجيل الدخول عبر نفاذ عمل من أول مرة.
CS-00974,2026-02-25,2026-02-01,Makkah,MAK,Health Services,Call Center,Citizen,25-34,4,4,9,1,Yes,Positive,"No paperwork needed, very good service.",الخطوات واضحة والتأكيد فوري.
CS-00975,2026-04-09,2026-04-01,Eastern Province,EAS,Social Support & Subsidies,Mobile App,Citizen,55-64,4,3,7,1,Yes,Positive,Finished it on my phone in two minutes.,تسجيل الدخول عبر نفاذ عمل من أول مرة.
CS-00976,2026-01-13,2026-01-01,Riyadh,RIY,Identity & Civil Affairs,Mobile App,Resident,25-34,4,3,8,1,Yes,Positive,The Nafath login worked first time.,أسهل بكثير من زيارة الفرع.
CS-00977,2026-03-01,2026-03-01,Jazan,JZN,Education & Training,Call Center,Citizen,45-54,4,4,9,1,Yes,Positive,The Nafath login worked first time.,أنهيت المعاملة عبر الجوال خلال دقيقتين.
CS-00978,2026-05-20,2026-05-01,Makkah,MAK,Municipal Services,Branch,Citizen,55-64,2,2,3,0,No,Negative,Waited 40 minutes and the counter closed.,رفع المستند يُرفض باستمرار.
CS-00979,2026-05-10,2026-05-01,Makkah,MAK,Municipal Services,Mobile App,Citizen,35-44,5,5,10,1,Yes,Positive,"No paperwork needed, very good service.",الخطوات واضحة والتأكيد فوري.
CS-00980,2026-02-15,2026-02-01,Riyadh,RIY,Labour & HR Services,Web Portal,Citizen,25-34,5,5,8,1,Yes,Positive,Much easier than going to the branch.,أنهيت المعاملة عبر الجوال خلال دقيقتين.
CS-00981,2026-04-09,2026-04-01,Qassim,QSM,Health Services,Call Center,Citizen,25-34,4,3,8,1,Yes,Positive,Finished it on my phone in two minutes.,تسجيل الدخول عبر نفاذ عمل من أول مرة.
CS-00982,2026-05-21,2026-05-01,Riyadh,RIY,Municipal Services,Mobile App,Citizen,25-34,5,5,9,1,Yes,Positive,Finished it on my phone in two minutes.,الخطوات واضحة والتأكيد فوري.
CS-00983,2026-04-16,2026-04-01,Makkah,MAK,Identity & Civil Affairs,Branch,Citizen,25-34,3,3,7,1,Maybe,Neutral,Acceptable but the receipt was hard to find.,تمت الخدمة لكن الصياغة غير واضحة.
CS-00984,2026-05-07,2026-05-01,Eastern Province,EAS,Identity & Civil Affairs,Web Portal,Citizen,25-34,4,4,8,1,Yes,Positive,Much easier than going to the branch.,أسهل بكثير من زيارة الفرع.
CS-00985,2026-04-25,2026-04-01,Qassim,QSM,Identity & Civil Affairs,Web Portal,Citizen,45-54,5,4,9,1,Yes,Positive,"No paperwork needed, very good service.",الخطوات واضحة والتأكيد فوري.
CS-00986,2026-01-23,2026-01-01,Jazan,JZN,Health Services,Branch,Business,25-34,3,4,5,1,Maybe,Neutral,"Fine, though I had to call to confirm.",استغرقت وقتاً أطول مما توقعت.
CS-00987,2026-02-01,2026-02-01,Eastern Province,EAS,Justice & Notary,Web Portal,Citizen,35-44,4,3,7,1,Yes,Positive,Clear steps and instant confirmation.,أسهل بكثير من زيارة الفرع.
CS-00988,2026-01-14,2026-01-01,Eastern Province,EAS,Traffic & Transport,Mobile App,Citizen,35-44,3,3,6,0,Maybe,Neutral,"Fine, though I had to call to confirm.",مقبولة لكن اضطررت للاتصال للتأكيد.
CS-00989,2026-02-23,2026-02-01,Riyadh,RIY,Business & Licensing,Web Portal,Resident,65+,5,5,8,1,Yes,Positive,Finished it on my phone in two minutes.,أنهيت المعاملة عبر الجوال خلال دقيقتين.
CS-00990,2026-06-06,2026-06-01,Madinah,MAD,Municipal Services,Mobile App,Citizen,45-54,4,4,8,1,Yes,Positive,Much easier than going to the branch.,الخطوات واضحة والتأكيد فوري.
CS-00991,2026-01-17,2026-01-01,Eastern Province,EAS,Education & Training,Mobile App,Business,25-34,5,5,10,0,Yes,Positive,The Nafath login worked first time.,أسهل بكثير من زيارة الفرع.
CS-00992,2026-06-26,2026-06-01,Eastern Province,EAS,Business & Licensing,Branch,Citizen,35-44,2,3,5,0,No,Negative,No Arabic option on one of the screens.,انتظرت أربعين دقيقة ثم أُغلق الشباك.
CS-00993,2026-04-09,2026-04-01,Riyadh,RIY,Justice & Notary,Web Portal,Citizen,25-34,5,5,9,1,Yes,Positive,Much easier than going to the branch.,تسجيل الدخول عبر نفاذ عمل من أول مرة.
CS-00994,2026-05-24,2026-05-01,Makkah,MAK,Health Services,Branch,Resident,45-54,3,4,6,1,Maybe,Neutral,Took longer than I expected.,استغرقت وقتاً أطول مما توقعت.
CS-00995,2026-02-22,2026-02-01,Riyadh,RIY,Traffic & Transport,Mobile App,Citizen,25-34,5,4,10,1,Yes,Positive,The Nafath login worked first time.,تسجيل الدخول عبر نفاذ عمل من أول مرة.
CS-00996,2026-05-06,2026-05-01,Makkah,MAK,Traffic & Transport,Mobile App,Citizen,45-54,5,4,9,1,Yes,Positive,The Nafath login worked first time.,الخطوات واضحة والتأكيد فوري.
CS-00997,2026-05-14,2026-05-01,Makkah,MAK,Justice & Notary,Web Portal,Citizen,18-24,5,4,10,1,Yes,Positive,Finished it on my phone in two minutes.,أنهيت المعاملة عبر الجوال خلال دقيقتين.
CS-00998,2026-04-17,2026-04-01,Makkah,MAK,Education & Training,Mobile App,Citizen,55-64,4,3,9,1,Yes,Positive,Finished it on my phone in two minutes.,الخطوات واضحة والتأكيد فوري.
CS-00999,2026-05-17,2026-05-01,Makkah,MAK,Business & Licensing,Call Center,Citizen,35-44,3,4,7,0,Maybe,Neutral,Acceptable but the receipt was hard to find.,استغرقت وقتاً أطول مما توقعت.
CS-01000,2026-04-10,2026-04-01,Eastern Province,EAS,Traffic & Transport,Mobile App,Citizen,45-54,5,4,10,1,Yes,Positive,The Nafath login worked first time.,أنهيت المعاملة عبر الجوال خلال دقيقتين.
CS-01001,2026-05-02,2026-05-01,Jazan,JZN,Municipal Services,Mobile App,Resident,35-44,5,4,8,1,Yes,Positive,"No paperwork needed, very good service.",أنهيت المعاملة عبر الجوال خلال دقيقتين.
CS-01002,2026-05-24,2026-05-01,Makkah,MAK,Social Support & Subsidies,Branch,Resident,25-34,1,1,1,0,No,Negative,No Arabic option on one of the screens.,اضطررت لزيارة الفرع رغم ذلك.
CS-01003,2026-05-20,2026-05-01,Makkah,MAK,Traffic & Transport,Web Portal,Citizen,55-64,4,3,7,1,Yes,Positive,"No paperwork needed, very good service.",أسهل بكثير من زيارة الفرع.
CS-01004,2026-01-14,2026-01-01,Al-Jouf,JOF,Municipal Services,Web Portal,Resident,25-34,4,5,10,1,Yes,Positive,The Nafath login worked first time.,أسهل بكثير من زيارة الفرع.
CS-01005,2026-02-23,2026-02-01,Riyadh,RIY,Identity & Civil Affairs,Mobile App,Citizen,35-44,4,5,6,1,Yes,Positive,Clear steps and instant confirmation.,الخطوات واضحة والتأكيد فوري.
CS-01006,2026-03-26,2026-03-01,Tabuk,TBK,Traffic & Transport,Branch,Resident,25-34,3,4,4,0,Maybe,Neutral,"Fine, though I had to call to confirm.",مقبولة لكن اضطررت للاتصال للتأكيد.
CS-01007,2026-04-13,2026-04-01,Makkah,MAK,Education & Training,Mobile App,Citizen,55-64,4,5,7,1,Yes,Positive,"No paperwork needed, very good service.",الخطوات واضحة والتأكيد فوري.
CS-01008,2026-01-10,2026-01-01,Tabuk,TBK,Education & Training,Web Portal,Citizen,25-34,4,3,6,1,Yes,Positive,The Nafath login worked first time.,تسجيل الدخول عبر نفاذ عمل من أول مرة.
CS-01009,2026-05-01,2026-05-01,Riyadh,RIY,Traffic & Transport,Mobile App,Resident,18-24,5,5,10,1,Yes,Positive,"No paperwork needed, very good service.",تسجيل الدخول عبر نفاذ عمل من أول مرة.
CS-01010,2026-01-11,2026-01-01,Makkah,MAK,Municipal Services,Web Portal,Resident,25-34,4,4,8,1,Yes,Positive,Finished it on my phone in two minutes.,أسهل بكثير من زيارة الفرع.
CS-01011,2026-06-02,2026-06-01,Makkah,MAK,Education & Training,Mobile App,Citizen,25-34,4,3,6,1,Yes,Positive,"No paperwork needed, very good service.",الخطوات واضحة والتأكيد فوري.
CS-01012,2026-06-28,2026-06-01,Riyadh,RIY,Business & Licensing,Branch,Citizen,35-44,4,4,7,1,Yes,Positive,Finished it on my phone in two minutes.,أنهيت المعاملة عبر الجوال خلال دقيقتين.
CS-01013,2026-04-26,2026-04-01,Makkah,MAK,Traffic & Transport,Branch,Resident,35-44,4,4,10,1,Yes,Positive,Clear steps and instant confirmation.,تسجيل الدخول عبر نفاذ عمل من أول مرة.
CS-01014,2026-02-16,2026-02-01,Makkah,MAK,Traffic & Transport,Mobile App,Resident,35-44,3,4,8,0,Maybe,Neutral,"Fine, though I had to call to confirm.",مقبولة لكن اضطررت للاتصال للتأكيد.
CS-01015,2026-01-03,2026-01-01,Makkah,MAK,Business & Licensing,Mobile App,Citizen,18-24,5,5,9,1,Yes,Positive,"No paperwork needed, very good service.",الخطوات واضحة والتأكيد فوري.
CS-01016,2026-06-22,2026-06-01,Makkah,MAK,Traffic & Transport,Call Center,Citizen,35-44,3,2,6,0,Maybe,Neutral,Took longer than I expected.,استغرقت وقتاً أطول مما توقعت.
CS-01017,2026-02-06,2026-02-01,Makkah,MAK,Education & Training,Mobile App,Citizen,18-24,5,5,9,1,Yes,Positive,Clear steps and instant confirmation.,الخطوات واضحة والتأكيد فوري.
CS-01018,2026-06-18,2026-06-01,Eastern Province,EAS,Municipal Services,Mobile App,Citizen,45-54,5,5,8,1,Yes,Positive,The Nafath login worked first time.,الخطوات واضحة والتأكيد فوري.
CS-01019,2026-01-14,2026-01-01,Northern Borders,NBR,Municipal Services,Branch,Citizen,18-24,4,5,8,1,Yes,Positive,Clear steps and instant confirmation.,أنهيت المعاملة عبر الجوال خلال دقيقتين.
CS-01020,2026-06-22,2026-06-01,Riyadh,RIY,Justice & Notary,Mobile App,Citizen,18-24,5,4,8,1,Yes,Positive,Much easier than going to the branch.,أسهل بكثير من زيارة الفرع.
CS-01021,2026-02-03,2026-02-01,Riyadh,RIY,Traffic & Transport,Mobile App,Business,45-54,4,5,8,1,Yes,Positive,Much easier than going to the branch.,أنهيت المعاملة عبر الجوال خلال دقيقتين.
CS-01022,2026-06-03,2026-06-01,Makkah,MAK,Education & Training,Mobile App,Citizen,45-54,5,5,10,1,Yes,Positive,Finished it on my phone in two minutes.,تسجيل الدخول عبر نفاذ عمل من أول مرة.
CS-01023,2026-03-08,2026-03-01,Hail,HAL,Education & Training,Branch,Citizen,35-44,3,4,8,1,Maybe,Neutral,Acceptable but the receipt was hard to find.,مقبولة لكن اضطررت للاتصال للتأكيد.
CS-01024,2026-06-23,2026-06-01,Makkah,MAK,Traffic & Transport,Web Portal,Citizen,35-44,3,4,7,0,Maybe,Neutral,Acceptable but the receipt was hard to find.,تمت الخدمة لكن الصياغة غير واضحة.
CS-01025,2026-02-27,2026-02-01,Riyadh,RIY,Traffic & Transport,Mobile App,Citizen,35-44,4,4,9,1,Yes,Positive,"No paperwork needed, very good service.",الخطوات واضحة والتأكيد فوري.
CS-01026,2026-03-01,2026-03-01,Northern Borders,NBR,Labour & HR Services,Web Portal,Citizen,45-54,4,4,7,1,Yes,Positive,Clear steps and instant confirmation.,تسجيل الدخول عبر نفاذ عمل من أول مرة.
CS-01027,2026-06-14,2026-06-01,Qassim,QSM,Education & Training,Mobile App,Citizen,25-34,3,4,5,0,Maybe,Neutral,Took longer than I expected.,تمت الخدمة لكن الصياغة غير واضحة.
CS-01028,2026-02-10,2026-02-01,Eastern Province,EAS,Labour & HR Services,Mobile App,Citizen,35-44,5,5,8,1,Yes,Positive,The Nafath login worked first time.,الخطوات واضحة والتأكيد فوري.
CS-01029,2026-02-12,2026-02-01,Qassim,QSM,Health Services,Branch,Citizen,25-34,4,3,6,1,Yes,Positive,Much easier than going to the branch.,تسجيل الدخول عبر نفاذ عمل من أول مرة.
CS-01030,2026-05-24,2026-05-01,Riyadh,RIY,Justice & Notary,Mobile App,Citizen,35-44,3,3,4,0,Maybe,Neutral,Took longer than I expected.,استغرقت وقتاً أطول مما توقعت.
CS-01031,2026-06-22,2026-06-01,Riyadh,RIY,Social Support & Subsidies,Call Center,Citizen,35-44,5,4,10,1,Yes,Positive,Much easier than going to the branch.,تسجيل الدخول عبر نفاذ عمل من أول مرة.
CS-01032,2026-04-16,2026-04-01,Makkah,MAK,Business & Licensing,Mobile App,Citizen,25-34,3,4,4,0,Maybe,Neutral,"Fine, though I had to call to confirm.",تمت الخدمة لكن الصياغة غير واضحة.
CS-01033,2026-06-13,2026-06-01,Makkah,MAK,Business & Licensing,Web Portal,Citizen,45-54,4,3,7,1,Yes,Positive,The Nafath login worked first time.,أسهل بكثير من زيارة الفرع.
CS-01034,2026-03-20,2026-03-01,Riyadh,RIY,Municipal Services,Call Center,Citizen,45-54,4,5,7,0,Yes,Positive,"No paperwork needed, very good service.",أنهيت المعاملة عبر الجوال خلال دقيقتين.
CS-01035,2026-05-20,2026-05-01,Makkah,MAK,Traffic & Transport,Mobile App,Citizen,25-34,5,5,10,1,Yes,Positive,Finished it on my phone in two minutes.,أسهل بكثير من زيارة الفرع.
CS-01036,2026-05-13,2026-05-01,Makkah,MAK,Municipal Services,Branch,Citizen,55-64,4,3,10,1,Yes,Positive,Clear steps and instant confirmation.,الخطوات واضحة والتأكيد فوري.
CS-01037,2026-04-27,2026-04-01,Riyadh,RIY,Municipal Services,Branch,Citizen,25-34,4,3,10,1,Yes,Positive,The Nafath login worked first time.,أسهل بكثير من زيارة الفرع.
CS-01038,2026-04-17,2026-04-01,Najran,NJR,Health Services,Mobile App,Citizen,25-34,4,3,7,0,Yes,Positive,"No paperwork needed, very good service.",أسهل بكثير من زيارة الفرع.
CS-01039,2026-03-14,2026-03-01,Makkah,MAK,Justice & Notary,Branch,Citizen,45-54,4,3,8,1,Yes,Positive,Finished it on my phone in two minutes.,أنهيت المعاملة عبر الجوال خلال دقيقتين.
CS-01040,2026-04-01,2026-04-01,Makkah,MAK,Municipal Services,Web Portal,Citizen,35-44,5,5,10,1,Yes,Positive,Clear steps and instant confirmation.,أنهيت المعاملة عبر الجوال خلال دقيقتين.
CS-01041,2026-02-20,2026-02-01,Makkah,MAK,Health Services,Web Portal,Citizen,25-34,5,5,10,1,Yes,Positive,Much easier than going to the branch.,أسهل بكثير من زيارة الفرع.
CS-01042,2026-02-19,2026-02-01,Asir,ASR,Municipal Services,Branch,Resident,25-34,2,3,2,0,No,Negative,No Arabic option on one of the screens.,رفع المستند يُرفض باستمرار.
CS-01043,2026-06-16,2026-06-01,Najran,NJR,Identity & Civil Affairs,Mobile App,Resident,18-24,4,4,9,1,Yes,Positive,Clear steps and instant confirmation.,الخطوات واضحة والتأكيد فوري.
CS-01044,2026-02-18,2026-02-01,Riyadh,RIY,Labour & HR Services,Mobile App,Citizen,25-34,5,4,10,1,Yes,Positive,Finished it on my phone in two minutes.,أنهيت المعاملة عبر الجوال خلال دقيقتين.
CS-01045,2026-03-21,2026-03-01,Al-Baha,BAH,Education & Training,Mobile App,Citizen,35-44,4,3,9,1,Yes,Positive,"No paperwork needed, very good service.",الخطوات واضحة والتأكيد فوري.
CS-01046,2026-05-22,2026-05-01,Riyadh,RIY,Health Services,Mobile App,Citizen,25-34,5,5,10,1,Yes,Positive,Finished it on my phone in two minutes.,الخطوات واضحة والتأكيد فوري.
CS-01047,2026-02-26,2026-02-01,Asir,ASR,Identity & Civil Affairs,Mobile App,Resident,18-24,5,4,8,0,Yes,Positive,Clear steps and instant confirmation.,أسهل بكثير من زيارة الفرع.
CS-01048,2026-05-03,2026-05-01,Jazan,JZN,Municipal Services,Web Portal,Citizen,25-34,5,4,8,1,Yes,Positive,The Nafath login worked first time.,أنهيت المعاملة عبر الجوال خلال دقيقتين.
CS-01049,2026-05-20,2026-05-01,Eastern Province,EAS,Business & Licensing,Web Portal,Citizen,18-24,5,4,9,1,Yes,Positive,Finished it on my phone in two minutes.,تسجيل الدخول عبر نفاذ عمل من أول مرة.
CS-01050,2026-04-24,2026-04-01,Eastern Province,EAS,Identity & Civil Affairs,Mobile App,Citizen,25-34,4,3,6,1,Yes,Positive,Clear steps and instant confirmation.,الخطوات واضحة والتأكيد فوري.
CS-01051,2026-03-21,2026-03-01,Makkah,MAK,Health Services,Call Center,Citizen,65+,4,4,9,1,Yes,Positive,"No paperwork needed, very good service.",أسهل بكثير من زيارة الفرع.
CS-01052,2026-04-27,2026-04-01,Hail,HAL,Business & Licensing,Web Portal,Citizen,55-64,3,3,5,1,Maybe,Neutral,"Fine, though I had to call to confirm.",تمت الخدمة لكن الصياغة غير واضحة.
CS-01053,2026-03-18,2026-03-01,Qassim,QSM,Identity & Civil Affairs,Web Portal,Citizen,25-34,5,5,8,1,Yes,Positive,The Nafath login worked first time.,أنهيت المعاملة عبر الجوال خلال دقيقتين.
CS-01054,2026-06-07,2026-06-01,Jazan,JZN,Justice & Notary,Branch,Citizen,25-34,3,4,4,1,Maybe,Neutral,It worked but the wording was confusing.,استغرقت وقتاً أطول مما توقعت.
CS-01055,2026-02-26,2026-02-01,Asir,ASR,Education & Training,Mobile App,Citizen,55-64,4,3,9,1,Yes,Positive,Finished it on my phone in two minutes.,الخطوات واضحة والتأكيد فوري.
CS-01056,2026-04-16,2026-04-01,Riyadh,RIY,Labour & HR Services,Call Center,Resident,45-54,3,4,8,1,Maybe,Neutral,Acceptable but the receipt was hard to find.,مقبولة لكن اضطررت للاتصال للتأكيد.
CS-01057,2026-03-18,2026-03-01,Makkah,MAK,Traffic & Transport,Branch,Citizen,18-24,2,1,2,0,No,Negative,The document upload kept rejecting my file.,فشل التحقق ثلاث مرات فاضطررت للتوقف.
CS-01058,2026-05-11,2026-05-01,Riyadh,RIY,Municipal Services,Web Portal,Citizen,18-24,4,4,10,1,Yes,Positive,Clear steps and instant confirmation.,الخطوات واضحة والتأكيد فوري.
CS-01059,2026-03-01,2026-03-01,Madinah,MAD,Traffic & Transport,Web Portal,Citizen,25-34,5,5,9,0,Yes,Positive,Much easier than going to the branch.,الخطوات واضحة والتأكيد فوري.
CS-01060,2026-04-12,2026-04-01,Makkah,MAK,Traffic & Transport,Branch,Resident,25-34,4,4,9,1,Yes,Positive,Clear steps and instant confirmation.,تسجيل الدخول عبر نفاذ عمل من أول مرة.
CS-01061,2026-05-16,2026-05-01,Al-Jouf,JOF,Business & Licensing,Branch,Business,65+,5,4,10,1,Yes,Positive,"No paperwork needed, very good service.",أسهل بكثير من زيارة الفرع.
CS-01062,2026-05-25,2026-05-01,Makkah,MAK,Identity & Civil Affairs,Call Center,Citizen,25-34,4,4,9,0,Yes,Positive,Clear steps and instant confirmation.,أسهل بكثير من زيارة الفرع.
CS-01063,2026-04-11,2026-04-01,Makkah,MAK,Traffic & Transport,Branch,Resident,18-24,3,4,7,0,Maybe,Neutral,"Fine, though I had to call to confirm.",تمت الخدمة لكن الصياغة غير واضحة.
CS-01064,2026-05-01,2026-05-01,Eastern Province,EAS,Education & Training,Branch,Citizen,35-44,4,3,10,0,Yes,Positive,Finished it on my phone in two minutes.,الخطوات واضحة والتأكيد فوري.
CS-01065,2026-04-24,2026-04-01,Riyadh,RIY,Labour & HR Services,Mobile App,Citizen,35-44,5,5,9,0,Yes,Positive,Finished it on my phone in two minutes.,الخطوات واضحة والتأكيد فوري.
CS-01066,2026-04-12,2026-04-01,Makkah,MAK,Health Services,Mobile App,Citizen,18-24,5,5,9,1,Yes,Positive,Finished it on my phone in two minutes.,تسجيل الدخول عبر نفاذ عمل من أول مرة.
CS-01067,2026-01-22,2026-01-01,Asir,ASR,Health Services,Mobile App,Citizen,18-24,5,4,10,1,Yes,Positive,Clear steps and instant confirmation.,تسجيل الدخول عبر نفاذ عمل من أول مرة.
CS-01068,2026-03-17,2026-03-01,Riyadh,RIY,Identity & Civil Affairs,Branch,Citizen,45-54,3,3,5,1,Maybe,Neutral,Took longer than I expected.,مقبولة لكن اضطررت للاتصال للتأكيد.
CS-01069,2026-04-11,2026-04-01,Najran,NJR,Traffic & Transport,Call Center,Citizen,25-34,4,5,6,1,Yes,Positive,Clear steps and instant confirmation.,الخطوات واضحة والتأكيد فوري.
CS-01070,2026-05-03,2026-05-01,Qassim,QSM,Traffic & Transport,Mobile App,Resident,55-64,4,4,10,1,Yes,Positive,"No paperwork needed, very good service.",أسهل بكثير من زيارة الفرع.
CS-01071,2026-02-17,2026-02-01,Riyadh,RIY,Justice & Notary,Branch,Citizen,25-34,4,5,6,1,Yes,Positive,The Nafath login worked first time.,أسهل بكثير من زيارة الفرع.
CS-01072,2026-01-16,2026-01-01,Makkah,MAK,Social Support & Subsidies,Call Center,Resident,35-44,5,5,10,1,Yes,Positive,The Nafath login worked first time.,الخطوات واضحة والتأكيد فوري.
CS-01073,2026-04-12,2026-04-01,Hail,HAL,Health Services,Call Center,Citizen,25-34,4,5,9,1,Yes,Positive,Much easier than going to the branch.,تسجيل الدخول عبر نفاذ عمل من أول مرة.
CS-01074,2026-05-10,2026-05-01,Madinah,MAD,Education & Training,Web Portal,Resident,18-24,4,3,7,1,Yes,Positive,Finished it on my phone in two minutes.,تسجيل الدخول عبر نفاذ عمل من أول مرة.
CS-01075,2026-04-25,2026-04-01,Eastern Province,EAS,Municipal Services,Mobile App,Resident,35-44,4,3,6,1,Yes,Positive,Clear steps and instant confirmation.,تسجيل الدخول عبر نفاذ عمل من أول مرة.
CS-01076,2026-06-03,2026-06-01,Makkah,MAK,Education & Training,Web Portal,Citizen,25-34,3,4,4,0,Maybe,Neutral,"Fine, though I had to call to confirm.",تمت الخدمة لكن الصياغة غير واضحة.
CS-01077,2026-04-14,2026-04-01,Makkah,MAK,Health Services,Mobile App,Citizen,25-34,5,5,10,1,Yes,Positive,Much easier than going to the branch.,أنهيت المعاملة عبر الجوال خلال دقيقتين.
CS-01078,2026-03-23,2026-03-01,Asir,ASR,Labour & HR Services,Web Portal,Citizen,25-34,4,4,8,1,Yes,Positive,Finished it on my phone in two minutes.,أنهيت المعاملة عبر الجوال خلال دقيقتين.
CS-01079,2026-04-20,2026-04-01,Jazan,JZN,Justice & Notary,Call Center,Resident,35-44,4,4,6,0,Yes,Positive,Clear steps and instant confirmation.,الخطوات واضحة والتأكيد فوري.
CS-01080,2026-03-14,2026-03-01,Makkah,MAK,Municipal Services,Web Portal,Citizen,35-44,5,5,10,0,Yes,Positive,Finished it on my phone in two minutes.,الخطوات واضحة والتأكيد فوري.
CS-01081,2026-04-14,2026-04-01,Riyadh,RIY,Municipal Services,Mobile App,Citizen,55-64,3,2,6,0,Maybe,Neutral,Took longer than I expected.,تمت الخدمة لكن الصياغة غير واضحة.
CS-01082,2026-04-01,2026-04-01,Jazan,JZN,Identity & Civil Affairs,Call Center,Citizen,25-34,3,3,7,0,Maybe,Neutral,Acceptable but the receipt was hard to find.,تمت الخدمة لكن الصياغة غير واضحة.
CS-01083,2026-06-20,2026-06-01,Eastern Province,EAS,Municipal Services,Mobile App,Citizen,55-64,3,4,4,0,Maybe,Neutral,Acceptable but the receipt was hard to find.,استغرقت وقتاً أطول مما توقعت.
CS-01084,2026-03-04,2026-03-01,Eastern Province,EAS,Health Services,Mobile App,Citizen,25-34,4,5,6,1,Yes,Positive,"No paperwork needed, very good service.",أسهل بكثير من زيارة الفرع.
CS-01085,2026-04-07,2026-04-01,Asir,ASR,Traffic & Transport,Mobile App,Citizen,35-44,3,4,6,0,Maybe,Neutral,It worked but the wording was confusing.,استغرقت وقتاً أطول مما توقعت.
CS-01086,2026-04-04,2026-04-01,Eastern Province,EAS,Traffic & Transport,Call Center,Citizen,35-44,5,4,10,1,Yes,Positive,Clear steps and instant confirmation.,أنهيت المعاملة عبر الجوال خلال دقيقتين.
CS-01087,2026-05-20,2026-05-01,Makkah,MAK,Justice & Notary,Call Center,Citizen,55-64,4,5,10,0,Yes,Positive,"No paperwork needed, very good service.",أنهيت المعاملة عبر الجوال خلال دقيقتين.
CS-01088,2026-05-22,2026-05-01,Madinah,MAD,Education & Training,Mobile App,Citizen,35-44,5,4,10,1,Yes,Positive,Finished it on my phone in two minutes.,أنهيت المعاملة عبر الجوال خلال دقيقتين.
CS-01089,2026-03-19,2026-03-01,Madinah,MAD,Education & Training,Mobile App,Resident,45-54,5,5,10,1,Yes,Positive,"No paperwork needed, very good service.",تسجيل الدخول عبر نفاذ عمل من أول مرة.
CS-01090,2026-02-20,2026-02-01,Eastern Province,EAS,Traffic & Transport,Mobile App,Citizen,18-24,4,5,9,1,Yes,Positive,Much easier than going to the branch.,الخطوات واضحة والتأكيد فوري.
CS-01091,2026-04-18,2026-04-01,Asir,ASR,Education & Training,Mobile App,Resident,25-34,5,4,10,1,Yes,Positive,The Nafath login worked first time.,الخطوات واضحة والتأكيد فوري.
CS-01092,2026-01-15,2026-01-01,Makkah,MAK,Justice & Notary,Web Portal,Business,25-34,4,5,6,0,Yes,Positive,The Nafath login worked first time.,تسجيل الدخول عبر نفاذ عمل من أول مرة.
CS-01093,2026-01-22,2026-01-01,Makkah,MAK,Justice & Notary,Branch,Citizen,45-54,4,5,10,1,Yes,Positive,The Nafath login worked first time.,أنهيت المعاملة عبر الجوال خلال دقيقتين.
CS-01094,2026-04-18,2026-04-01,Jazan,JZN,Labour & HR Services,Branch,Resident,18-24,3,3,5,0,Maybe,Neutral,"Fine, though I had to call to confirm.",استغرقت وقتاً أطول مما توقعت.
CS-01095,2026-02-10,2026-02-01,Eastern Province,EAS,Traffic & Transport,Mobile App,Business,25-34,4,5,6,1,Yes,Positive,The Nafath login worked first time.,أسهل بكثير من زيارة الفرع.
CS-01096,2026-05-04,2026-05-01,Riyadh,RIY,Business & Licensing,Mobile App,Citizen,45-54,4,4,7,1,Yes,Positive,"No paperwork needed, very good service.",أنهيت المعاملة عبر الجوال خلال دقيقتين.
CS-01097,2026-06-06,2026-06-01,Jazan,JZN,Health Services,Call Center,Citizen,35-44,2,3,6,1,No,Negative,The document upload kept rejecting my file.,رفع المستند يُرفض باستمرار.
CS-01098,2026-05-08,2026-05-01,Najran,NJR,Business & Licensing,Web Portal,Citizen,25-34,4,3,8,1,Yes,Positive,Clear steps and instant confirmation.,أسهل بكثير من زيارة الفرع.
CS-01099,2026-02-12,2026-02-01,Eastern Province,EAS,Education & Training,Web Portal,Citizen,55-64,3,4,8,0,Maybe,Neutral,Took longer than I expected.,استغرقت وقتاً أطول مما توقعت.
CS-01100,2026-01-04,2026-01-01,Makkah,MAK,Municipal Services,Branch,Citizen,25-34,3,2,6,0,Maybe,Neutral,Took longer than I expected.,مقبولة لكن اضطررت للاتصال للتأكيد.
CS-01101,2026-01-10,2026-01-01,Makkah,MAK,Municipal Services,Call Center,Resident,45-54,3,3,6,0,Maybe,Neutral,"Fine, though I had to call to confirm.",مقبولة لكن اضطررت للاتصال للتأكيد.
CS-01102,2026-02-27,2026-02-01,Eastern Province,EAS,Municipal Services,Branch,Resident,25-34,3,2,5,1,Maybe,Neutral,Took longer than I expected.,تمت الخدمة لكن الصياغة غير واضحة.
CS-01103,2026-04-10,2026-04-01,Jazan,JZN,Traffic & Transport,Branch,Citizen,18-24,4,5,10,1,Yes,Positive,Finished it on my phone in two minutes.,الخطوات واضحة والتأكيد فوري.
CS-01104,2026-04-25,2026-04-01,Riyadh,RIY,Justice & Notary,Branch,Resident,55-64,4,3,7,1,Yes,Positive,Finished it on my phone in two minutes.,أسهل بكثير من زيارة الفرع.
CS-01105,2026-06-13,2026-06-01,Qassim,QSM,Social Support & Subsidies,Web Portal,Citizen,18-24,5,5,9,1,Yes,Positive,Clear steps and instant confirmation.,أنهيت المعاملة عبر الجوال خلال دقيقتين.
CS-01106,2026-01-15,2026-01-01,Jazan,JZN,Justice & Notary,Call Center,Citizen,25-34,4,5,7,1,Yes,Positive,The Nafath login worked first time.,الخطوات واضحة والتأكيد فوري.
CS-01107,2026-05-04,2026-05-01,Tabuk,TBK,Education & Training,Mobile App,Resident,35-44,5,5,10,1,Yes,Positive,The Nafath login worked first time.,أسهل بكثير من زيارة الفرع.
CS-01108,2026-02-22,2026-02-01,Riyadh,RIY,Traffic & Transport,Mobile App,Resident,18-24,5,5,10,1,Yes,Positive,The Nafath login worked first time.,أسهل بكثير من زيارة الفرع.
CS-01109,2026-03-09,2026-03-01,Riyadh,RIY,Health Services,Branch,Citizen,35-44,3,3,8,1,Maybe,Neutral,Acceptable but the receipt was hard to find.,مقبولة لكن اضطررت للاتصال للتأكيد.
CS-01110,2026-06-16,2026-06-01,Makkah,MAK,Business & Licensing,Mobile App,Resident,25-34,4,5,6,1,Yes,Positive,Finished it on my phone in two minutes.,أنهيت المعاملة عبر الجوال خلال دقيقتين.
CS-01111,2026-05-07,2026-05-01,Makkah,MAK,Justice & Notary,Branch,Resident,65+,3,4,8,1,Maybe,Neutral,"Fine, though I had to call to confirm.",تمت الخدمة لكن الصياغة غير واضحة.
CS-01112,2026-03-05,2026-03-01,Makkah,MAK,Traffic & Transport,Mobile App,Citizen,25-34,5,5,10,1,Yes,Positive,Finished it on my phone in two minutes.,تسجيل الدخول عبر نفاذ عمل من أول مرة.
CS-01113,2026-06-27,2026-06-01,Riyadh,RIY,Traffic & Transport,Mobile App,Citizen,45-54,5,4,10,0,Yes,Positive,"No paperwork needed, very good service.",تسجيل الدخول عبر نفاذ عمل من أول مرة.
CS-01114,2026-01-03,2026-01-01,Riyadh,RIY,Social Support & Subsidies,Web Portal,Business,18-24,4,4,7,1,Yes,Positive,The Nafath login worked first time.,تسجيل الدخول عبر نفاذ عمل من أول مرة.
CS-01115,2026-02-20,2026-02-01,Riyadh,RIY,Traffic & Transport,Mobile App,Resident,35-44,4,4,7,1,Yes,Positive,"No paperwork needed, very good service.",أنهيت المعاملة عبر الجوال خلال دقيقتين.
CS-01116,2026-01-18,2026-01-01,Riyadh,RIY,Health Services,Mobile App,Citizen,55-64,5,4,10,1,Yes,Positive,Finished it on my phone in two minutes.,أسهل بكثير من زيارة الفرع.
CS-01117,2026-04-02,2026-04-01,Riyadh,RIY,Education & Training,Mobile App,Citizen,35-44,5,5,9,1,Yes,Positive,"No paperwork needed, very good service.",تسجيل الدخول عبر نفاذ عمل من أول مرة.
CS-01118,2026-01-16,2026-01-01,Makkah,MAK,Education & Training,Mobile App,Citizen,18-24,4,5,10,1,Yes,Positive,The Nafath login worked first time.,أنهيت المعاملة عبر الجوال خلال دقيقتين.
CS-01119,2026-02-23,2026-02-01,Makkah,MAK,Justice & Notary,Branch,Business,25-34,3,2,7,1,Maybe,Neutral,"Fine, though I had to call to confirm.",تمت الخدمة لكن الصياغة غير واضحة.
CS-01120,2026-01-06,2026-01-01,Riyadh,RIY,Health Services,Branch,Business,35-44,5,5,10,1,Yes,Positive,Clear steps and instant confirmation.,أنهيت المعاملة عبر الجوال خلال دقيقتين.
CS-01121,2026-05-18,2026-05-01,Riyadh,RIY,Traffic & Transport,Mobile App,Resident,25-34,5,5,10,1,Yes,Positive,Finished it on my phone in two minutes.,أسهل بكثير من زيارة الفرع.
CS-01122,2026-04-16,2026-04-01,Madinah,MAD,Identity & Civil Affairs,Mobile App,Citizen,45-54,5,4,10,1,Yes,Positive,Much easier than going to the branch.,تسجيل الدخول عبر نفاذ عمل من أول مرة.
CS-01123,2026-01-13,2026-01-01,Hail,HAL,Identity & Civil Affairs,Web Portal,Resident,35-44,4,3,10,1,Yes,Positive,"No paperwork needed, very good service.",تسجيل الدخول عبر نفاذ عمل من أول مرة.
CS-01124,2026-05-20,2026-05-01,Riyadh,RIY,Education & Training,Branch,Business,18-24,5,5,8,1,Yes,Positive,Clear steps and instant confirmation.,الخطوات واضحة والتأكيد فوري.
CS-01125,2026-02-13,2026-02-01,Makkah,MAK,Education & Training,Call Center,Citizen,35-44,5,4,9,1,Yes,Positive,Clear steps and instant confirmation.,تسجيل الدخول عبر نفاذ عمل من أول مرة.
CS-01126,2026-05-26,2026-05-01,Makkah,MAK,Education & Training,Mobile App,Citizen,18-24,4,4,10,1,Yes,Positive,Clear steps and instant confirmation.,الخطوات واضحة والتأكيد فوري.
CS-01127,2026-01-05,2026-01-01,Eastern Province,EAS,Justice & Notary,Branch,Citizen,35-44,2,1,5,1,No,Negative,Waited 40 minutes and the counter closed.,انتظرت أربعين دقيقة ثم أُغلق الشباك.
CS-01128,2026-05-23,2026-05-01,Makkah,MAK,Municipal Services,Web Portal,Citizen,35-44,4,5,7,1,Yes,Positive,Much easier than going to the branch.,الخطوات واضحة والتأكيد فوري.
CS-01129,2026-06-13,2026-06-01,Makkah,MAK,Health Services,Mobile App,Citizen,25-34,4,4,6,1,Yes,Positive,The Nafath login worked first time.,الخطوات واضحة والتأكيد فوري.
CS-01130,2026-06-16,2026-06-01,Makkah,MAK,Traffic & Transport,Mobile App,Citizen,45-54,5,5,10,1,Yes,Positive,Clear steps and instant confirmation.,أنهيت المعاملة عبر الجوال خلال دقيقتين.
CS-01131,2026-01-08,2026-01-01,Riyadh,RIY,Education & Training,Mobile App,Resident,45-54,4,3,7,0,Yes,Positive,"No paperwork needed, very good service.",أسهل بكثير من زيارة الفرع.
CS-01132,2026-03-20,2026-03-01,Asir,ASR,Business & Licensing,Branch,Resident,25-34,3,2,7,0,Maybe,Neutral,Acceptable but the receipt was hard to find.,استغرقت وقتاً أطول مما توقعت.
CS-01133,2026-05-09,2026-05-01,Eastern Province,EAS,Health Services,Mobile App,Citizen,25-34,5,5,10,1,Yes,Positive,The Nafath login worked first time.,أنهيت المعاملة عبر الجوال خلال دقيقتين.
CS-01134,2026-01-09,2026-01-01,Makkah,MAK,Education & Training,Branch,Citizen,35-44,3,4,7,0,Maybe,Neutral,It worked but the wording was confusing.,مقبولة لكن اضطررت للاتصال للتأكيد.
CS-01135,2026-06-17,2026-06-01,Makkah,MAK,Labour & HR Services,Mobile App,Citizen,25-34,5,5,10,1,Yes,Positive,Much easier than going to the branch.,الخطوات واضحة والتأكيد فوري.
CS-01136,2026-06-09,2026-06-01,Al-Baha,BAH,Education & Training,Web Portal,Resident,25-34,3,2,8,0,Maybe,Neutral,Took longer than I expected.,تمت الخدمة لكن الصياغة غير واضحة.
CS-01137,2026-06-20,2026-06-01,Riyadh,RIY,Identity & Civil Affairs,Call Center,Citizen,35-44,3,4,7,0,Maybe,Neutral,Acceptable but the receipt was hard to find.,تمت الخدمة لكن الصياغة غير واضحة.
CS-01138,2026-03-21,2026-03-01,Al-Baha,BAH,Education & Training,Branch,Business,45-54,3,3,4,0,Maybe,Neutral,Acceptable but the receipt was hard to find.,استغرقت وقتاً أطول مما توقعت.
CS-01139,2026-05-10,2026-05-01,Tabuk,TBK,Municipal Services,Mobile App,Citizen,35-44,2,3,5,0,No,Negative,No Arabic option on one of the screens.,رفع المستند يُرفض باستمرار.
CS-01140,2026-02-05,2026-02-01,Makkah,MAK,Traffic & Transport,Web Portal,Resident,35-44,4,5,8,0,Yes,Positive,Clear steps and instant confirmation.,أنهيت المعاملة عبر الجوال خلال دقيقتين.
CS-01141,2026-05-22,2026-05-01,Makkah,MAK,Traffic & Transport,Mobile App,Business,55-64,4,5,6,1,Yes,Positive,Finished it on my phone in two minutes.,تسجيل الدخول عبر نفاذ عمل من أول مرة.
CS-01142,2026-06-10,2026-06-01,Riyadh,RIY,Municipal Services,Call Center,Citizen,18-24,3,2,5,0,Maybe,Neutral,Took longer than I expected.,مقبولة لكن اضطررت للاتصال للتأكيد.
CS-01143,2026-04-14,2026-04-01,Eastern Province,EAS,Labour & HR Services,Mobile App,Business,25-34,5,5,10,1,Yes,Positive,"No paperwork needed, very good service.",تسجيل الدخول عبر نفاذ عمل من أول مرة.
CS-01144,2026-04-14,2026-04-01,Eastern Province,EAS,Education & Training,Call Center,Citizen,35-44,3,3,7,1,Maybe,Neutral,"Fine, though I had to call to confirm.",مقبولة لكن اضطررت للاتصال للتأكيد.
CS-01145,2026-05-19,2026-05-01,Riyadh,RIY,Health Services,Branch,Citizen,18-24,4,5,7,1,Yes,Positive,The Nafath login worked first time.,أنهيت المعاملة عبر الجوال خلال دقيقتين.
CS-01146,2026-02-14,2026-02-01,Riyadh,RIY,Labour & HR Services,Web Portal,Resident,25-34,4,3,10,0,Yes,Positive,Clear steps and instant confirmation.,الخطوات واضحة والتأكيد فوري.
CS-01147,2026-01-13,2026-01-01,Riyadh,RIY,Labour & HR Services,Mobile App,Citizen,35-44,5,5,9,1,Yes,Positive,Much easier than going to the branch.,أنهيت المعاملة عبر الجوال خلال دقيقتين.
CS-01148,2026-02-06,2026-02-01,Makkah,MAK,Identity & Civil Affairs,Web Portal,Resident,65+,3,3,4,0,Maybe,Neutral,Acceptable but the receipt was hard to find.,مقبولة لكن اضطررت للاتصال للتأكيد.
CS-01149,2026-06-13,2026-06-01,Eastern Province,EAS,Labour & HR Services,Web Portal,Business,25-34,4,4,10,1,Yes,Positive,Finished it on my phone in two minutes.,تسجيل الدخول عبر نفاذ عمل من أول مرة.
CS-01150,2026-06-28,2026-06-01,Makkah,MAK,Labour & HR Services,Branch,Citizen,18-24,3,4,4,1,Maybe,Neutral,Acceptable but the receipt was hard to find.,مقبولة لكن اضطررت للاتصال للتأكيد.
CS-01151,2026-04-07,2026-04-01,Makkah,MAK,Identity & Civil Affairs,Mobile App,Citizen,18-24,4,4,8,1,Yes,Positive,Much easier than going to the branch.,تسجيل الدخول عبر نفاذ عمل من أول مرة.
CS-01152,2026-04-23,2026-04-01,Makkah,MAK,Education & Training,Branch,Citizen,45-54,3,3,8,0,Maybe,Neutral,Took longer than I expected.,مقبولة لكن اضطررت للاتصال للتأكيد.
CS-01153,2026-01-27,2026-01-01,Riyadh,RIY,Social Support & Subsidies,Call Center,Resident,35-44,3,2,5,1,Maybe,Neutral,Took longer than I expected.,استغرقت وقتاً أطول مما توقعت.
CS-01154,2026-06-14,2026-06-01,Makkah,MAK,Business & Licensing,Mobile App,Citizen,45-54,3,2,7,0,Maybe,Neutral,It worked but the wording was confusing.,مقبولة لكن اضطررت للاتصال للتأكيد.
CS-01155,2026-01-18,2026-01-01,Makkah,MAK,Social Support & Subsidies,Branch,Business,35-44,4,3,7,1,Yes,Positive,The Nafath login worked first time.,تسجيل الدخول عبر نفاذ عمل من أول مرة.
CS-01156,2026-02-22,2026-02-01,Eastern Province,EAS,Education & Training,Mobile App,Citizen,25-34,5,4,10,1,Yes,Positive,Clear steps and instant confirmation.,تسجيل الدخول عبر نفاذ عمل من أول مرة.
CS-01157,2026-05-12,2026-05-01,Riyadh,RIY,Traffic & Transport,Mobile App,Business,55-64,4,3,8,1,Yes,Positive,The Nafath login worked first time.,تسجيل الدخول عبر نفاذ عمل من أول مرة.
CS-01158,2026-02-26,2026-02-01,Makkah,MAK,Identity & Civil Affairs,Mobile App,Citizen,35-44,4,5,7,1,Yes,Positive,Clear steps and instant confirmation.,الخطوات واضحة والتأكيد فوري.
CS-01159,2026-04-03,2026-04-01,Madinah,MAD,Justice & Notary,Web Portal,Business,25-34,4,5,10,1,Yes,Positive,Clear steps and instant confirmation.,أسهل بكثير من زيارة الفرع.
CS-01160,2026-06-26,2026-06-01,Makkah,MAK,Traffic & Transport,Web Portal,Resident,18-24,5,4,10,1,Yes,Positive,Much easier than going to the branch.,تسجيل الدخول عبر نفاذ عمل من أول مرة.
CS-01161,2026-05-10,2026-05-01,Eastern Province,EAS,Traffic & Transport,Web Portal,Citizen,25-34,3,2,4,0,Maybe,Neutral,"Fine, though I had to call to confirm.",مقبولة لكن اضطررت للاتصال للتأكيد.
CS-01162,2026-02-26,2026-02-01,Eastern Province,EAS,Justice & Notary,Mobile App,Citizen,18-24,4,4,6,1,Yes,Positive,Clear steps and instant confirmation.,تسجيل الدخول عبر نفاذ عمل من أول مرة.
CS-01163,2026-03-19,2026-03-01,Makkah,MAK,Business & Licensing,Branch,Citizen,55-64,2,2,5,1,No,Negative,The authentication failed three times and I gave up.,رفع المستند يُرفض باستمرار.
CS-01164,2026-06-24,2026-06-01,Hail,HAL,Business & Licensing,Call Center,Citizen,25-34,3,4,6,1,Maybe,Neutral,"Fine, though I had to call to confirm.",مقبولة لكن اضطررت للاتصال للتأكيد.
CS-01165,2026-03-02,2026-03-01,Eastern Province,EAS,Business & Licensing,Web Portal,Resident,65+,4,3,7,1,Yes,Positive,Much easier than going to the branch.,تسجيل الدخول عبر نفاذ عمل من أول مرة.
CS-01166,2026-01-20,2026-01-01,Makkah,MAK,Health Services,Branch,Citizen,35-44,4,3,7,0,Yes,Positive,Finished it on my phone in two minutes.,الخطوات واضحة والتأكيد فوري.
CS-01167,2026-05-26,2026-05-01,Najran,NJR,Education & Training,Call Center,Citizen,45-54,5,4,8,1,Yes,Positive,Clear steps and instant confirmation.,أسهل بكثير من زيارة الفرع.
CS-01168,2026-05-21,2026-05-01,Riyadh,RIY,Traffic & Transport,Mobile App,Citizen,25-34,5,4,10,1,Yes,Positive,Much easier than going to the branch.,أنهيت المعاملة عبر الجوال خلال دقيقتين.
CS-01169,2026-02-03,2026-02-01,Eastern Province,EAS,Social Support & Subsidies,Web Portal,Citizen,18-24,3,3,6,0,Maybe,Neutral,It worked but the wording was confusing.,تمت الخدمة لكن الصياغة غير واضحة.
CS-01170,2026-04-12,2026-04-01,Eastern Province,EAS,Traffic & Transport,Web Portal,Citizen,18-24,4,3,6,1,Yes,Positive,The Nafath login worked first time.,أسهل بكثير من زيارة الفرع.
CS-01171,2026-06-05,2026-06-01,Makkah,MAK,Identity & Civil Affairs,Branch,Citizen,35-44,4,4,7,1,Yes,Positive,Finished it on my phone in two minutes.,أسهل بكثير من زيارة الفرع.
CS-01172,2026-03-11,2026-03-01,Qassim,QSM,Municipal Services,Mobile App,Citizen,45-54,5,4,10,1,Yes,Positive,Clear steps and instant confirmation.,أنهيت المعاملة عبر الجوال خلال دقيقتين.
CS-01173,2026-03-09,2026-03-01,Jazan,JZN,Justice & Notary,Branch,Resident,45-54,3,2,5,0,Maybe,Neutral,Acceptable but the receipt was hard to find.,استغرقت وقتاً أطول مما توقعت.
CS-01174,2026-02-28,2026-02-01,Makkah,MAK,Social Support & Subsidies,Mobile App,Resident,45-54,3,4,6,0,Maybe,Neutral,Acceptable but the receipt was hard to find.,مقبولة لكن اضطررت للاتصال للتأكيد.
CS-01175,2026-04-04,2026-04-01,Jazan,JZN,Health Services,Branch,Citizen,45-54,3,3,5,0,Maybe,Neutral,It worked but the wording was confusing.,مقبولة لكن اضطررت للاتصال للتأكيد.
CS-01176,2026-04-10,2026-04-01,Qassim,QSM,Business & Licensing,Call Center,Citizen,35-44,3,2,6,0,Maybe,Neutral,"Fine, though I had to call to confirm.",تمت الخدمة لكن الصياغة غير واضحة.
CS-01177,2026-04-07,2026-04-01,Makkah,MAK,Identity & Civil Affairs,Mobile App,Citizen,18-24,5,4,8,1,Yes,Positive,"No paperwork needed, very good service.",أنهيت المعاملة عبر الجوال خلال دقيقتين.
CS-01178,2026-03-19,2026-03-01,Riyadh,RIY,Labour & HR Services,Mobile App,Citizen,35-44,5,5,10,0,Yes,Positive,Finished it on my phone in two minutes.,تسجيل الدخول عبر نفاذ عمل من أول مرة.
CS-01179,2026-06-24,2026-06-01,Riyadh,RIY,Health Services,Mobile App,Citizen,25-34,5,4,10,1,Yes,Positive,The Nafath login worked first time.,تسجيل الدخول عبر نفاذ عمل من أول مرة.
CS-01180,2026-02-25,2026-02-01,Riyadh,RIY,Labour & HR Services,Branch,Citizen,18-24,4,3,6,1,Yes,Positive,Finished it on my phone in two minutes.,أسهل بكثير من زيارة الفرع.
CS-01181,2026-05-28,2026-05-01,Riyadh,RIY,Labour & HR Services,Mobile App,Citizen,45-54,4,5,8,1,Yes,Positive,The Nafath login worked first time.,أسهل بكثير من زيارة الفرع.
CS-01182,2026-05-23,2026-05-01,Jazan,JZN,Business & Licensing,Branch,Citizen,45-54,2,3,2,0,No,Negative,Waited 40 minutes and the counter closed.,رفع المستند يُرفض باستمرار.
CS-01183,2026-04-07,2026-04-01,Makkah,MAK,Social Support & Subsidies,Mobile App,Resident,18-24,4,5,9,0,Yes,Positive,Much easier than going to the branch.,أنهيت المعاملة عبر الجوال خلال دقيقتين.
CS-01184,2026-06-20,2026-06-01,Madinah,MAD,Traffic & Transport,Mobile App,Citizen,18-24,5,4,9,1,Yes,Positive,"No paperwork needed, very good service.",تسجيل الدخول عبر نفاذ عمل من أول مرة.
CS-01185,2026-03-18,2026-03-01,Eastern Province,EAS,Municipal Services,Mobile App,Citizen,18-24,4,3,9,1,Yes,Positive,"No paperwork needed, very good service.",تسجيل الدخول عبر نفاذ عمل من أول مرة.
CS-01186,2026-06-18,2026-06-01,Riyadh,RIY,Labour & HR Services,Mobile App,Business,35-44,5,4,10,1,Yes,Positive,"No paperwork needed, very good service.",الخطوات واضحة والتأكيد فوري.
CS-01187,2026-03-28,2026-03-01,Riyadh,RIY,Education & Training,Mobile App,Citizen,25-34,4,4,6,1,Yes,Positive,Much easier than going to the branch.,الخطوات واضحة والتأكيد فوري.
CS-01188,2026-03-11,2026-03-01,Najran,NJR,Identity & Civil Affairs,Call Center,Resident,18-24,4,3,8,1,Yes,Positive,Finished it on my phone in two minutes.,تسجيل الدخول عبر نفاذ عمل من أول مرة.
CS-01189,2026-02-26,2026-02-01,Eastern Province,EAS,Business & Licensing,Web Portal,Citizen,55-64,4,3,7,1,Yes,Positive,The Nafath login worked first time.,أسهل بكثير من زيارة الفرع.
CS-01190,2026-02-23,2026-02-01,Eastern Province,EAS,Municipal Services,Mobile App,Citizen,35-44,3,3,8,0,Maybe,Neutral,It worked but the wording was confusing.,استغرقت وقتاً أطول مما توقعت.
CS-01191,2026-06-15,2026-06-01,Eastern Province,EAS,Traffic & Transport,Web Portal,Citizen,45-54,3,3,7,1,Maybe,Neutral,Took longer than I expected.,استغرقت وقتاً أطول مما توقعت.
CS-01192,2026-05-03,2026-05-01,Tabuk,TBK,Health Services,Branch,Business,35-44,3,3,4,1,Maybe,Neutral,Acceptable but the receipt was hard to find.,استغرقت وقتاً أطول مما توقعت.
CS-01193,2026-04-09,2026-04-01,Najran,NJR,Education & Training,Branch,Citizen,65+,4,5,9,1,Yes,Positive,Much easier than going to the branch.,الخطوات واضحة والتأكيد فوري.
CS-01194,2026-01-27,2026-01-01,Riyadh,RIY,Business & Licensing,Web Portal,Business,18-24,5,5,9,1,Yes,Positive,The Nafath login worked first time.,تسجيل الدخول عبر نفاذ عمل من أول مرة.
CS-01195,2026-06-25,2026-06-01,Makkah,MAK,Identity & Civil Affairs,Call Center,Citizen,65+,4,3,7,1,Yes,Positive,Finished it on my phone in two minutes.,أسهل بكثير من زيارة الفرع.
CS-01196,2026-05-27,2026-05-01,Asir,ASR,Traffic & Transport,Branch,Citizen,55-64,3,3,8,0,Maybe,Neutral,It worked but the wording was confusing.,مقبولة لكن اضطررت للاتصال للتأكيد.
CS-01197,2026-04-09,2026-04-01,Eastern Province,EAS,Business & Licensing,Web Portal,Citizen,25-34,4,4,10,0,Yes,Positive,"No paperwork needed, very good service.",تسجيل الدخول عبر نفاذ عمل من أول مرة.
CS-01198,2026-02-17,2026-02-01,Tabuk,TBK,Health Services,Mobile App,Resident,35-44,4,5,10,1,Yes,Positive,Finished it on my phone in two minutes.,تسجيل الدخول عبر نفاذ عمل من أول مرة.
CS-01199,2026-02-21,2026-02-01,Makkah,MAK,Business & Licensing,Mobile App,Resident,18-24,3,3,6,0,Maybe,Neutral,Acceptable but the receipt was hard to find.,تمت الخدمة لكن الصياغة غير واضحة.
CS-01200,2026-03-11,2026-03-01,Makkah,MAK,Education & Training,Call Center,Resident,25-34,3,2,8,0,Maybe,Neutral,Acceptable but the receipt was hard to find.,تمت الخدمة لكن الصياغة غير واضحة.
CS-01201,2026-06-15,2026-06-01,Riyadh,RIY,Health Services,Branch,Citizen,18-24,5,4,9,1,Yes,Positive,"No paperwork needed, very good service.",أسهل بكثير من زيارة الفرع.
CS-01202,2026-04-22,2026-04-01,Eastern Province,EAS,Identity & Civil Affairs,Mobile App,Citizen,45-54,5,4,9,1,Yes,Positive,The Nafath login worked first time.,الخطوات واضحة والتأكيد فوري.
CS-01203,2026-03-05,2026-03-01,Makkah,MAK,Health Services,Call Center,Resident,18-24,4,5,10,1,Yes,Positive,Clear steps and instant confirmation.,أنهيت المعاملة عبر الجوال خلال دقيقتين.
CS-01204,2026-06-12,2026-06-01,Eastern Province,EAS,Education & Training,Mobile App,Citizen,25-34,4,5,8,1,Yes,Positive,Clear steps and instant confirmation.,أسهل بكثير من زيارة الفرع.
CS-01205,2026-01-05,2026-01-01,Riyadh,RIY,Education & Training,Branch,Citizen,35-44,3,2,4,0,Maybe,Neutral,Acceptable but the receipt was hard to find.,تمت الخدمة لكن الصياغة غير واضحة.
CS-01206,2026-04-10,2026-04-01,Eastern Province,EAS,Labour & HR Services,Mobile App,Business,25-34,4,3,7,1,Yes,Positive,Finished it on my phone in two minutes.,الخطوات واضحة والتأكيد فوري.
CS-01207,2026-04-16,2026-04-01,Eastern Province,EAS,Social Support & Subsidies,Mobile App,Citizen,45-54,5,5,10,1,Yes,Positive,Finished it on my phone in two minutes.,تسجيل الدخول عبر نفاذ عمل من أول مرة.
CS-01208,2026-03-01,2026-03-01,Riyadh,RIY,Identity & Civil Affairs,Web Portal,Citizen,25-34,3,4,8,0,Maybe,Neutral,It worked but the wording was confusing.,استغرقت وقتاً أطول مما توقعت.
CS-01209,2026-02-03,2026-02-01,Riyadh,RIY,Business & Licensing,Call Center,Citizen,45-54,5,4,10,1,Yes,Positive,Finished it on my phone in two minutes.,أسهل بكثير من زيارة الفرع.
CS-01210,2026-04-16,2026-04-01,Riyadh,RIY,Traffic & Transport,Mobile App,Citizen,25-34,4,4,10,1,Yes,Positive,Clear steps and instant confirmation.,تسجيل الدخول عبر نفاذ عمل من أول مرة.
CS-01211,2026-03-06,2026-03-01,Makkah,MAK,Labour & HR Services,Mobile App,Resident,25-34,4,3,10,1,Yes,Positive,Finished it on my phone in two minutes.,تسجيل الدخول عبر نفاذ عمل من أول مرة.
CS-01212,2026-01-27,2026-01-01,Riyadh,RIY,Health Services,Mobile App,Citizen,25-34,5,4,10,1,Yes,Positive,The Nafath login worked first time.,الخطوات واضحة والتأكيد فوري.
CS-01213,2026-06-24,2026-06-01,Makkah,MAK,Education & Training,Mobile App,Resident,25-34,3,3,7,1,Maybe,Neutral,"Fine, though I had to call to confirm.",تمت الخدمة لكن الصياغة غير واضحة.
CS-01214,2026-05-26,2026-05-01,Riyadh,RIY,Traffic & Transport,Call Center,Citizen,25-34,3,4,5,1,Maybe,Neutral,Acceptable but the receipt was hard to find.,استغرقت وقتاً أطول مما توقعت.
CS-01215,2026-04-26,2026-04-01,Riyadh,RIY,Traffic & Transport,Mobile App,Citizen,25-34,4,5,7,1,Yes,Positive,Finished it on my phone in two minutes.,أسهل بكثير من زيارة الفرع.
CS-01216,2026-03-19,2026-03-01,Jazan,JZN,Traffic & Transport,Web Portal,Citizen,25-34,3,2,6,0,Maybe,Neutral,It worked but the wording was confusing.,استغرقت وقتاً أطول مما توقعت.
CS-01217,2026-05-06,2026-05-01,Tabuk,TBK,Health Services,Web Portal,Resident,25-34,4,5,10,0,Yes,Positive,Much easier than going to the branch.,الخطوات واضحة والتأكيد فوري.
CS-01218,2026-03-04,2026-03-01,Madinah,MAD,Education & Training,Mobile App,Citizen,45-54,4,4,10,1,Yes,Positive,Clear steps and instant confirmation.,أنهيت المعاملة عبر الجوال خلال دقيقتين.
CS-01219,2026-02-02,2026-02-01,Riyadh,RIY,Traffic & Transport,Mobile App,Citizen,25-34,4,3,6,1,Yes,Positive,The Nafath login worked first time.,الخطوات واضحة والتأكيد فوري.
CS-01220,2026-04-23,2026-04-01,Riyadh,RIY,Identity & Civil Affairs,Mobile App,Citizen,55-64,5,5,8,1,Yes,Positive,The Nafath login worked first time.,أسهل بكثير من زيارة الفرع.
CS-01221,2026-03-20,2026-03-01,Asir,ASR,Social Support & Subsidies,Call Center,Citizen,35-44,5,5,8,1,Yes,Positive,The Nafath login worked first time.,أنهيت المعاملة عبر الجوال خلال دقيقتين.
CS-01222,2026-06-24,2026-06-01,Madinah,MAD,Business & Licensing,Mobile App,Citizen,25-34,5,4,10,1,Yes,Positive,Finished it on my phone in two minutes.,أسهل بكثير من زيارة الفرع.
CS-01223,2026-06-01,2026-06-01,Riyadh,RIY,Health Services,Mobile App,Citizen,55-64,5,5,8,1,Yes,Positive,Finished it on my phone in two minutes.,أنهيت المعاملة عبر الجوال خلال دقيقتين.
CS-01224,2026-05-20,2026-05-01,Qassim,QSM,Identity & Civil Affairs,Web Portal,Citizen,45-54,3,4,5,0,Maybe,Neutral,It worked but the wording was confusing.,استغرقت وقتاً أطول مما توقعت.
CS-01225,2026-03-06,2026-03-01,Eastern Province,EAS,Health Services,Branch,Resident,18-24,5,5,10,1,Yes,Positive,"No paperwork needed, very good service.",الخطوات واضحة والتأكيد فوري.
CS-01226,2026-04-06,2026-04-01,Eastern Province,EAS,Business & Licensing,Mobile App,Citizen,35-44,4,3,10,1,Yes,Positive,The Nafath login worked first time.,تسجيل الدخول عبر نفاذ عمل من أول مرة.
CS-01227,2026-05-10,2026-05-01,Makkah,MAK,Traffic & Transport,Web Portal,Citizen,35-44,4,4,9,1,Yes,Positive,Finished it on my phone in two minutes.,أنهيت المعاملة عبر الجوال خلال دقيقتين.
CS-01228,2026-03-26,2026-03-01,Riyadh,RIY,Education & Training,Web Portal,Business,25-34,4,4,6,1,Yes,Positive,Clear steps and instant confirmation.,الخطوات واضحة والتأكيد فوري.
CS-01229,2026-01-04,2026-01-01,Qassim,QSM,Social Support & Subsidies,Mobile App,Citizen,25-34,4,5,9,1,Yes,Positive,Finished it on my phone in two minutes.,الخطوات واضحة والتأكيد فوري.
CS-01230,2026-04-10,2026-04-01,Makkah,MAK,Municipal Services,Branch,Citizen,35-44,3,4,8,1,Maybe,Neutral,Took longer than I expected.,مقبولة لكن اضطررت للاتصال للتأكيد.
CS-01231,2026-02-01,2026-02-01,Makkah,MAK,Education & Training,Branch,Citizen,18-24,3,4,6,0,Maybe,Neutral,Took longer than I expected.,مقبولة لكن اضطررت للاتصال للتأكيد.
CS-01232,2026-02-21,2026-02-01,Makkah,MAK,Traffic & Transport,Mobile App,Resident,25-34,5,5,10,0,Yes,Positive,Finished it on my phone in two minutes.,الخطوات واضحة والتأكيد فوري.
CS-01233,2026-04-13,2026-04-01,Eastern Province,EAS,Identity & Civil Affairs,Web Portal,Citizen,35-44,4,5,9,1,Yes,Positive,"No paperwork needed, very good service.",أنهيت المعاملة عبر الجوال خلال دقيقتين.
CS-01234,2026-04-25,2026-04-01,Riyadh,RIY,Municipal Services,Web Portal,Citizen,35-44,4,4,8,1,Yes,Positive,Much easier than going to the branch.,الخطوات واضحة والتأكيد فوري.
CS-01235,2026-05-10,2026-05-01,Riyadh,RIY,Justice & Notary,Web Portal,Resident,18-24,5,5,9,1,Yes,Positive,Finished it on my phone in two minutes.,أسهل بكثير من زيارة الفرع.
CS-01236,2026-02-12,2026-02-01,Asir,ASR,Justice & Notary,Web Portal,Business,18-24,4,4,7,1,Yes,Positive,Clear steps and instant confirmation.,تسجيل الدخول عبر نفاذ عمل من أول مرة.
CS-01237,2026-06-12,2026-06-01,Riyadh,RIY,Labour & HR Services,Branch,Citizen,18-24,4,4,7,0,Yes,Positive,"No paperwork needed, very good service.",الخطوات واضحة والتأكيد فوري.
CS-01238,2026-05-03,2026-05-01,Madinah,MAD,Justice & Notary,Web Portal,Citizen,45-54,3,4,4,0,Maybe,Neutral,"Fine, though I had to call to confirm.",مقبولة لكن اضطررت للاتصال للتأكيد.
CS-01239,2026-05-23,2026-05-01,Riyadh,RIY,Social Support & Subsidies,Mobile App,Citizen,45-54,5,4,10,1,Yes,Positive,The Nafath login worked first time.,أنهيت المعاملة عبر الجوال خلال دقيقتين.
CS-01240,2026-05-27,2026-05-01,Makkah,MAK,Social Support & Subsidies,Web Portal,Citizen,25-34,5,5,10,1,Yes,Positive,Finished it on my phone in two minutes.,أسهل بكثير من زيارة الفرع.
CS-01241,2026-04-20,2026-04-01,Riyadh,RIY,Traffic & Transport,Mobile App,Citizen,65+,4,4,8,1,Yes,Positive,Finished it on my phone in two minutes.,أسهل بكثير من زيارة الفرع.
CS-01242,2026-03-27,2026-03-01,Riyadh,RIY,Business & Licensing,Call Center,Resident,25-34,5,5,10,1,Yes,Positive,Clear steps and instant confirmation.,الخطوات واضحة والتأكيد فوري.
CS-01243,2026-01-23,2026-01-01,Makkah,MAK,Education & Training,Web Portal,Business,55-64,4,4,6,1,Yes,Positive,Finished it on my phone in two minutes.,أنهيت المعاملة عبر الجوال خلال دقيقتين.
CS-01244,2026-04-13,2026-04-01,Makkah,MAK,Traffic & Transport,Mobile App,Citizen,35-44,5,5,8,1,Yes,Positive,Clear steps and instant confirmation.,الخطوات واضحة والتأكيد فوري.
CS-01245,2026-04-28,2026-04-01,Makkah,MAK,Traffic & Transport,Branch,Business,55-64,2,2,2,1,No,Negative,I had to visit the branch anyway.,رفع المستند يُرفض باستمرار.
CS-01246,2026-05-27,2026-05-01,Riyadh,RIY,Municipal Services,Web Portal,Citizen,18-24,4,3,6,1,Yes,Positive,"No paperwork needed, very good service.",الخطوات واضحة والتأكيد فوري.
CS-01247,2026-05-28,2026-05-01,Makkah,MAK,Municipal Services,Mobile App,Citizen,35-44,3,4,5,1,Maybe,Neutral,Acceptable but the receipt was hard to find.,مقبولة لكن اضطررت للاتصال للتأكيد.
CS-01248,2026-03-02,2026-03-01,Riyadh,RIY,Labour & HR Services,Mobile App,Citizen,35-44,5,5,8,1,Yes,Positive,The Nafath login worked first time.,الخطوات واضحة والتأكيد فوري.
CS-01249,2026-04-27,2026-04-01,Eastern Province,EAS,Traffic & Transport,Mobile App,Citizen,35-44,4,4,7,1,Yes,Positive,Finished it on my phone in two minutes.,تسجيل الدخول عبر نفاذ عمل من أول مرة.
CS-01250,2026-03-19,2026-03-01,Tabuk,TBK,Labour & HR Services,Mobile App,Resident,25-34,4,4,7,1,Yes,Positive,"No paperwork needed, very good service.",أسهل بكثير من زيارة الفرع.
CS-01251,2026-04-15,2026-04-01,Jazan,JZN,Education & Training,Branch,Business,25-34,4,3,10,1,Yes,Positive,Clear steps and instant confirmation.,تسجيل الدخول عبر نفاذ عمل من أول مرة.
CS-01252,2026-01-02,2026-01-01,Makkah,MAK,Traffic & Transport,Call Center,Citizen,45-54,4,5,9,0,Yes,Positive,The Nafath login worked first time.,أنهيت المعاملة عبر الجوال خلال دقيقتين.
CS-01253,2026-05-07,2026-05-01,Asir,ASR,Education & Training,Mobile App,Citizen,35-44,4,4,6,1,Yes,Positive,"No paperwork needed, very good service.",أسهل بكثير من زيارة الفرع.
CS-01254,2026-03-28,2026-03-01,Asir,ASR,Health Services,Mobile App,Resident,55-64,5,4,10,0,Yes,Positive,Finished it on my phone in two minutes.,تسجيل الدخول عبر نفاذ عمل من أول مرة.
CS-01255,2026-04-06,2026-04-01,Al-Jouf,JOF,Business & Licensing,Web Portal,Citizen,18-24,5,4,10,1,Yes,Positive,Finished it on my phone in two minutes.,أسهل بكثير من زيارة الفرع.
CS-01256,2026-01-19,2026-01-01,Riyadh,RIY,Labour & HR Services,Mobile App,Citizen,45-54,5,4,10,1,Yes,Positive,"No paperwork needed, very good service.",أسهل بكثير من زيارة الفرع.
CS-01257,2026-05-08,2026-05-01,Qassim,QSM,Business & Licensing,Web Portal,Resident,25-34,4,5,10,0,Yes,Positive,"No paperwork needed, very good service.",أنهيت المعاملة عبر الجوال خلال دقيقتين.
CS-01258,2026-06-28,2026-06-01,Eastern Province,EAS,Education & Training,Mobile App,Citizen,35-44,4,3,7,1,Yes,Positive,Much easier than going to the branch.,تسجيل الدخول عبر نفاذ عمل من أول مرة.
CS-01259,2026-06-04,2026-06-01,Riyadh,RIY,Health Services,Mobile App,Citizen,18-24,5,4,10,1,Yes,Positive,Finished it on my phone in two minutes.,الخطوات واضحة والتأكيد فوري.
CS-01260,2026-06-06,2026-06-01,Makkah,MAK,Health Services,Branch,Citizen,35-44,3,2,8,1,Maybe,Neutral,"Fine, though I had to call to confirm.",استغرقت وقتاً أطول مما توقعت.
CS-01261,2026-06-11,2026-06-01,Qassim,QSM,Identity & Civil Affairs,Branch,Citizen,25-34,2,3,3,1,No,Negative,I had to visit the branch anyway.,اضطررت لزيارة الفرع رغم ذلك.
CS-01262,2026-05-13,2026-05-01,Madinah,MAD,Health Services,Call Center,Citizen,25-34,4,5,9,0,Yes,Positive,"No paperwork needed, very good service.",الخطوات واضحة والتأكيد فوري.
CS-01263,2026-05-20,2026-05-01,Qassim,QSM,Justice & Notary,Mobile App,Citizen,35-44,4,3,7,1,Yes,Positive,Clear steps and instant confirmation.,أنهيت المعاملة عبر الجوال خلال دقيقتين.
CS-01264,2026-04-03,2026-04-01,Makkah,MAK,Identity & Civil Affairs,Mobile App,Citizen,25-34,4,4,9,1,Yes,Positive,The Nafath login worked first time.,أسهل بكثير من زيارة الفرع.
CS-01265,2026-02-16,2026-02-01,Makkah,MAK,Health Services,Mobile App,Citizen,25-34,4,5,7,1,Yes,Positive,"No paperwork needed, very good service.",الخطوات واضحة والتأكيد فوري.
CS-01266,2026-03-08,2026-03-01,Eastern Province,EAS,Municipal Services,Branch,Resident,65+,4,3,9,0,Yes,Positive,"No paperwork needed, very good service.",أنهيت المعاملة عبر الجوال خلال دقيقتين.
CS-01267,2026-01-02,2026-01-01,Najran,NJR,Municipal Services,Branch,Citizen,35-44,3,2,8,0,Maybe,Neutral,It worked but the wording was confusing.,استغرقت وقتاً أطول مما توقعت.
CS-01268,2026-06-21,2026-06-01,Najran,NJR,Health Services,Web Portal,Citizen,35-44,5,5,10,1,Yes,Positive,Much easier than going to the branch.,أنهيت المعاملة عبر الجوال خلال دقيقتين.
CS-01269,2026-06-01,2026-06-01,Riyadh,RIY,Business & Licensing,Web Portal,Citizen,45-54,3,3,5,1,Maybe,Neutral,Acceptable but the receipt was hard to find.,تمت الخدمة لكن الصياغة غير واضحة.
CS-01270,2026-03-01,2026-03-01,Eastern Province,EAS,Social Support & Subsidies,Branch,Resident,35-44,3,4,7,0,Maybe,Neutral,Acceptable but the receipt was hard to find.,استغرقت وقتاً أطول مما توقعت.
CS-01271,2026-06-12,2026-06-01,Riyadh,RIY,Education & Training,Web Portal,Citizen,25-34,4,5,10,1,Yes,Positive,Finished it on my phone in two minutes.,تسجيل الدخول عبر نفاذ عمل من أول مرة.
CS-01272,2026-06-27,2026-06-01,Makkah,MAK,Identity & Civil Affairs,Mobile App,Citizen,25-34,4,5,8,1,Yes,Positive,Clear steps and instant confirmation.,أسهل بكثير من زيارة الفرع.
CS-01273,2026-03-03,2026-03-01,Riyadh,RIY,Identity & Civil Affairs,Web Portal,Business,45-54,5,5,10,1,Yes,Positive,Clear steps and instant confirmation.,تسجيل الدخول عبر نفاذ عمل من أول مرة.
CS-01274,2026-03-25,2026-03-01,Riyadh,RIY,Municipal Services,Mobile App,Citizen,25-34,3,2,6,1,Maybe,Neutral,Acceptable but the receipt was hard to find.,استغرقت وقتاً أطول مما توقعت.
CS-01275,2026-02-24,2026-02-01,Madinah,MAD,Health Services,Mobile App,Citizen,25-34,5,5,10,1,Yes,Positive,The Nafath login worked first time.,أسهل بكثير من زيارة الفرع.
CS-01276,2026-03-01,2026-03-01,Riyadh,RIY,Municipal Services,Mobile App,Citizen,45-54,5,4,10,1,Yes,Positive,Much easier than going to the branch.,الخطوات واضحة والتأكيد فوري.
CS-01277,2026-06-09,2026-06-01,Riyadh,RIY,Health Services,Branch,Citizen,35-44,4,3,7,1,Yes,Positive,Clear steps and instant confirmation.,تسجيل الدخول عبر نفاذ عمل من أول مرة.
CS-01278,2026-01-23,2026-01-01,Northern Borders,NBR,Identity & Civil Affairs,Web Portal,Business,35-44,3,4,5,1,Maybe,Neutral,"Fine, though I had to call to confirm.",مقبولة لكن اضطررت للاتصال للتأكيد.
CS-01279,2026-02-22,2026-02-01,Madinah,MAD,Municipal Services,Branch,Business,18-24,5,5,9,1,Yes,Positive,The Nafath login worked first time.,أنهيت المعاملة عبر الجوال خلال دقيقتين.
CS-01280,2026-05-28,2026-05-01,Riyadh,RIY,Labour & HR Services,Call Center,Resident,25-34,3,3,4,1,Maybe,Neutral,Acceptable but the receipt was hard to find.,تمت الخدمة لكن الصياغة غير واضحة.
CS-01281,2026-02-20,2026-02-01,Makkah,MAK,Health Services,Mobile App,Citizen,25-34,5,4,9,1,Yes,Positive,Much easier than going to the branch.,الخطوات واضحة والتأكيد فوري.
CS-01282,2026-02-16,2026-02-01,Riyadh,RIY,Identity & Civil Affairs,Branch,Citizen,18-24,3,4,5,1,Maybe,Neutral,"Fine, though I had to call to confirm.",استغرقت وقتاً أطول مما توقعت.
CS-01283,2026-05-17,2026-05-01,Riyadh,RIY,Traffic & Transport,Mobile App,Resident,18-24,4,4,8,1,Yes,Positive,The Nafath login worked first time.,الخطوات واضحة والتأكيد فوري.
CS-01284,2026-04-18,2026-04-01,Najran,NJR,Identity & Civil Affairs,Web Portal,Resident,35-44,5,5,10,1,Yes,Positive,Finished it on my phone in two minutes.,أسهل بكثير من زيارة الفرع.
CS-01285,2026-02-08,2026-02-01,Madinah,MAD,Education & Training,Mobile App,Citizen,45-54,4,4,8,1,Yes,Positive,"No paperwork needed, very good service.",أنهيت المعاملة عبر الجوال خلال دقيقتين.
CS-01286,2026-06-05,2026-06-01,Qassim,QSM,Identity & Civil Affairs,Mobile App,Citizen,35-44,4,3,10,1,Yes,Positive,Much easier than going to the branch.,أنهيت المعاملة عبر الجوال خلال دقيقتين.
CS-01287,2026-04-13,2026-04-01,Makkah,MAK,Labour & HR Services,Mobile App,Citizen,35-44,4,4,6,1,Yes,Positive,The Nafath login worked first time.,الخطوات واضحة والتأكيد فوري.
CS-01288,2026-06-16,2026-06-01,Riyadh,RIY,Education & Training,Mobile App,Citizen,25-34,4,3,8,1,Yes,Positive,The Nafath login worked first time.,الخطوات واضحة والتأكيد فوري.
CS-01289,2026-04-03,2026-04-01,Hail,HAL,Identity & Civil Affairs,Web Portal,Business,45-54,5,5,10,1,Yes,Positive,"No paperwork needed, very good service.",تسجيل الدخول عبر نفاذ عمل من أول مرة.
CS-01290,2026-03-10,2026-03-01,Riyadh,RIY,Identity & Civil Affairs,Web Portal,Citizen,25-34,4,5,9,1,Yes,Positive,The Nafath login worked first time.,الخطوات واضحة والتأكيد فوري.
CS-01291,2026-03-09,2026-03-01,Makkah,MAK,Health Services,Mobile App,Citizen,25-34,5,4,9,1,Yes,Positive,Much easier than going to the branch.,الخطوات واضحة والتأكيد فوري.
CS-01292,2026-01-09,2026-01-01,Eastern Province,EAS,Identity & Civil Affairs,Web Portal,Citizen,55-64,5,5,8,1,Yes,Positive,Clear steps and instant confirmation.,أنهيت المعاملة عبر الجوال خلال دقيقتين.
CS-01293,2026-03-23,2026-03-01,Jazan,JZN,Labour & HR Services,Mobile App,Citizen,18-24,4,5,7,1,Yes,Positive,"No paperwork needed, very good service.",أنهيت المعاملة عبر الجوال خلال دقيقتين.
CS-01294,2026-04-12,2026-04-01,Madinah,MAD,Business & Licensing,Call Center,Citizen,65+,5,4,8,1,Yes,Positive,"No paperwork needed, very good service.",أسهل بكثير من زيارة الفرع.
CS-01295,2026-05-01,2026-05-01,Riyadh,RIY,Identity & Civil Affairs,Call Center,Citizen,45-54,5,5,9,0,Yes,Positive,"No paperwork needed, very good service.",تسجيل الدخول عبر نفاذ عمل من أول مرة.
CS-01296,2026-02-01,2026-02-01,Al-Baha,BAH,Identity & Civil Affairs,Branch,Citizen,35-44,3,3,8,0,Maybe,Neutral,It worked but the wording was confusing.,استغرقت وقتاً أطول مما توقعت.
CS-01297,2026-05-18,2026-05-01,Makkah,MAK,Social Support & Subsidies,Branch,Business,45-54,4,3,8,1,Yes,Positive,Finished it on my phone in two minutes.,أنهيت المعاملة عبر الجوال خلال دقيقتين.
CS-01298,2026-01-10,2026-01-01,Makkah,MAK,Identity & Civil Affairs,Mobile App,Citizen,35-44,3,4,4,0,Maybe,Neutral,It worked but the wording was confusing.,تمت الخدمة لكن الصياغة غير واضحة.
CS-01299,2026-06-06,2026-06-01,Qassim,QSM,Social Support & Subsidies,Branch,Citizen,45-54,3,3,5,0,Maybe,Neutral,Took longer than I expected.,استغرقت وقتاً أطول مما توقعت.
CS-01300,2026-03-28,2026-03-01,Makkah,MAK,Traffic & Transport,Mobile App,Resident,55-64,4,3,7,1,Yes,Positive,"No paperwork needed, very good service.",أنهيت المعاملة عبر الجوال خلال دقيقتين.
CS-01301,2026-05-15,2026-05-01,Al-Baha,BAH,Social Support & Subsidies,Mobile App,Resident,25-34,4,3,6,1,Yes,Positive,Finished it on my phone in two minutes.,تسجيل الدخول عبر نفاذ عمل من أول مرة.
CS-01302,2026-05-01,2026-05-01,Riyadh,RIY,Health Services,Mobile App,Citizen,35-44,5,5,9,0,Yes,Positive,Clear steps and instant confirmation.,الخطوات واضحة والتأكيد فوري.
CS-01303,2026-06-23,2026-06-01,Qassim,QSM,Health Services,Call Center,Business,25-34,3,4,7,0,Maybe,Neutral,It worked but the wording was confusing.,مقبولة لكن اضطررت للاتصال للتأكيد.
CS-01304,2026-04-18,2026-04-01,Al-Baha,BAH,Justice & Notary,Branch,Citizen,35-44,4,5,6,1,Yes,Positive,The Nafath login worked first time.,أسهل بكثير من زيارة الفرع.
CS-01305,2026-04-18,2026-04-01,Makkah,MAK,Health Services,Mobile App,Citizen,35-44,5,5,10,0,Yes,Positive,Much easier than going to the branch.,أنهيت المعاملة عبر الجوال خلال دقيقتين.
CS-01306,2026-05-25,2026-05-01,Jazan,JZN,Labour & HR Services,Call Center,Citizen,55-64,4,5,6,1,Yes,Positive,"No paperwork needed, very good service.",أسهل بكثير من زيارة الفرع.
CS-01307,2026-04-22,2026-04-01,Asir,ASR,Municipal Services,Branch,Business,25-34,4,3,8,0,Yes,Positive,Finished it on my phone in two minutes.,أنهيت المعاملة عبر الجوال خلال دقيقتين.
CS-01308,2026-01-14,2026-01-01,Madinah,MAD,Labour & HR Services,Web Portal,Business,45-54,5,5,10,1,Yes,Positive,Much easier than going to the branch.,أسهل بكثير من زيارة الفرع.
CS-01309,2026-01-28,2026-01-01,Eastern Province,EAS,Health Services,Call Center,Business,18-24,3,2,4,1,Maybe,Neutral,Acceptable but the receipt was hard to find.,استغرقت وقتاً أطول مما توقعت.
CS-01310,2026-05-02,2026-05-01,Madinah,MAD,Health Services,Web Portal,Citizen,18-24,4,4,8,1,Yes,Positive,Much easier than going to the branch.,الخطوات واضحة والتأكيد فوري.
CS-01311,2026-04-19,2026-04-01,Makkah,MAK,Social Support & Subsidies,Mobile App,Citizen,45-54,4,5,9,0,Yes,Positive,Clear steps and instant confirmation.,الخطوات واضحة والتأكيد فوري.
CS-01312,2026-04-24,2026-04-01,Hail,HAL,Justice & Notary,Mobile App,Citizen,45-54,5,5,10,1,Yes,Positive,The Nafath login worked first time.,تسجيل الدخول عبر نفاذ عمل من أول مرة.
CS-01313,2026-04-20,2026-04-01,Riyadh,RIY,Labour & HR Services,Branch,Citizen,25-34,5,5,8,1,Yes,Positive,"No paperwork needed, very good service.",أسهل بكثير من زيارة الفرع.
CS-01314,2026-04-19,2026-04-01,Eastern Province,EAS,Labour & HR Services,Web Portal,Business,35-44,4,4,8,1,Yes,Positive,Finished it on my phone in two minutes.,الخطوات واضحة والتأكيد فوري.
CS-01315,2026-05-08,2026-05-01,Makkah,MAK,Traffic & Transport,Mobile App,Citizen,25-34,5,5,9,0,Yes,Positive,Much easier than going to the branch.,أسهل بكثير من زيارة الفرع.
CS-01316,2026-06-25,2026-06-01,Asir,ASR,Traffic & Transport,Branch,Citizen,25-34,2,1,2,1,No,Negative,I had to visit the branch anyway.,رفع المستند يُرفض باستمرار.
CS-01317,2026-04-26,2026-04-01,Makkah,MAK,Health Services,Mobile App,Citizen,55-64,3,4,7,1,Maybe,Neutral,It worked but the wording was confusing.,تمت الخدمة لكن الصياغة غير واضحة.
CS-01318,2026-06-09,2026-06-01,Madinah,MAD,Health Services,Call Center,Citizen,55-64,4,5,9,1,Yes,Positive,"No paperwork needed, very good service.",أنهيت المعاملة عبر الجوال خلال دقيقتين.
CS-01319,2026-06-17,2026-06-01,Makkah,MAK,Social Support & Subsidies,Mobile App,Resident,35-44,4,4,6,1,Yes,Positive,Clear steps and instant confirmation.,تسجيل الدخول عبر نفاذ عمل من أول مرة.
CS-01320,2026-05-14,2026-05-01,Riyadh,RIY,Municipal Services,Mobile App,Citizen,18-24,5,5,10,1,Yes,Positive,The Nafath login worked first time.,تسجيل الدخول عبر نفاذ عمل من أول مرة.
CS-01321,2026-02-10,2026-02-01,Qassim,QSM,Business & Licensing,Mobile App,Citizen,55-64,5,5,8,1,Yes,Positive,The Nafath login worked first time.,الخطوات واضحة والتأكيد فوري.
CS-01322,2026-04-07,2026-04-01,Madinah,MAD,Identity & Civil Affairs,Mobile App,Citizen,25-34,5,5,8,1,Yes,Positive,Finished it on my phone in two minutes.,أسهل بكثير من زيارة الفرع.
CS-01323,2026-04-02,2026-04-01,Makkah,MAK,Health Services,Call Center,Citizen,45-54,3,4,5,1,Maybe,Neutral,"Fine, though I had to call to confirm.",تمت الخدمة لكن الصياغة غير واضحة.
CS-01324,2026-03-15,2026-03-01,Makkah,MAK,Health Services,Web Portal,Citizen,18-24,4,4,8,1,Yes,Positive,"No paperwork needed, very good service.",أسهل بكثير من زيارة الفرع.
CS-01325,2026-01-26,2026-01-01,Madinah,MAD,Traffic & Transport,Mobile App,Citizen,25-34,3,2,7,1,Maybe,Neutral,It worked but the wording was confusing.,استغرقت وقتاً أطول مما توقعت.
CS-01326,2026-01-09,2026-01-01,Makkah,MAK,Identity & Civil Affairs,Call Center,Citizen,25-34,4,5,6,1,Yes,Positive,The Nafath login worked first time.,الخطوات واضحة والتأكيد فوري.
CS-01327,2026-02-13,2026-02-01,Eastern Province,EAS,Labour & HR Services,Mobile App,Citizen,35-44,5,5,10,1,Yes,Positive,Clear steps and instant confirmation.,أنهيت المعاملة عبر الجوال خلال دقيقتين.
CS-01328,2026-05-04,2026-05-01,Jazan,JZN,Traffic & Transport,Mobile App,Citizen,45-54,3,4,7,0,Maybe,Neutral,It worked but the wording was confusing.,تمت الخدمة لكن الصياغة غير واضحة.
CS-01329,2026-06-21,2026-06-01,Riyadh,RIY,Health Services,Mobile App,Citizen,35-44,4,5,9,1,Yes,Positive,Clear steps and instant confirmation.,تسجيل الدخول عبر نفاذ عمل من أول مرة.
CS-01330,2026-05-23,2026-05-01,Eastern Province,EAS,Business & Licensing,Mobile App,Business,55-64,5,5,10,1,Yes,Positive,Clear steps and instant confirmation.,الخطوات واضحة والتأكيد فوري.
CS-01331,2026-03-05,2026-03-01,Riyadh,RIY,Education & Training,Branch,Citizen,45-54,5,5,10,1,Yes,Positive,The Nafath login worked first time.,تسجيل الدخول عبر نفاذ عمل من أول مرة.
CS-01332,2026-01-17,2026-01-01,Riyadh,RIY,Identity & Civil Affairs,Mobile App,Citizen,55-64,3,3,5,0,Maybe,Neutral,It worked but the wording was confusing.,مقبولة لكن اضطررت للاتصال للتأكيد.
CS-01333,2026-04-12,2026-04-01,Tabuk,TBK,Education & Training,Mobile App,Citizen,65+,4,5,6,1,Yes,Positive,Clear steps and instant confirmation.,تسجيل الدخول عبر نفاذ عمل من أول مرة.
CS-01334,2026-03-24,2026-03-01,Eastern Province,EAS,Social Support & Subsidies,Mobile App,Resident,25-34,4,4,6,0,Yes,Positive,"No paperwork needed, very good service.",أنهيت المعاملة عبر الجوال خلال دقيقتين.
CS-01335,2026-01-25,2026-01-01,Makkah,MAK,Traffic & Transport,Mobile App,Citizen,45-54,4,3,8,1,Yes,Positive,Finished it on my phone in two minutes.,الخطوات واضحة والتأكيد فوري.
CS-01336,2026-06-16,2026-06-01,Al-Jouf,JOF,Municipal Services,Mobile App,Citizen,25-34,5,5,9,1,Yes,Positive,"No paperwork needed, very good service.",تسجيل الدخول عبر نفاذ عمل من أول مرة.
CS-01337,2026-05-06,2026-05-01,Riyadh,RIY,Identity & Civil Affairs,Mobile App,Citizen,45-54,5,4,9,0,Yes,Positive,Much easier than going to the branch.,الخطوات واضحة والتأكيد فوري.
CS-01338,2026-02-01,2026-02-01,Riyadh,RIY,Health Services,Mobile App,Citizen,35-44,5,4,10,0,Yes,Positive,Much easier than going to the branch.,تسجيل الدخول عبر نفاذ عمل من أول مرة.
CS-01339,2026-03-17,2026-03-01,Qassim,QSM,Traffic & Transport,Web Portal,Business,25-34,4,4,7,1,Yes,Positive,Finished it on my phone in two minutes.,تسجيل الدخول عبر نفاذ عمل من أول مرة.
CS-01340,2026-02-21,2026-02-01,Riyadh,RIY,Identity & Civil Affairs,Web Portal,Citizen,65+,5,5,10,1,Yes,Positive,"No paperwork needed, very good service.",أنهيت المعاملة عبر الجوال خلال دقيقتين.
CS-01341,2026-03-11,2026-03-01,Riyadh,RIY,Social Support & Subsidies,Mobile App,Citizen,45-54,5,5,10,1,Yes,Positive,"No paperwork needed, very good service.",أنهيت المعاملة عبر الجوال خلال دقيقتين.
CS-01342,2026-04-09,2026-04-01,Asir,ASR,Health Services,Mobile App,Business,35-44,5,5,10,0,Yes,Positive,"No paperwork needed, very good service.",الخطوات واضحة والتأكيد فوري.
CS-01343,2026-03-04,2026-03-01,Riyadh,RIY,Traffic & Transport,Mobile App,Citizen,18-24,3,3,8,0,Maybe,Neutral,It worked but the wording was confusing.,مقبولة لكن اضطررت للاتصال للتأكيد.
CS-01344,2026-03-03,2026-03-01,Eastern Province,EAS,Social Support & Subsidies,Call Center,Resident,65+,4,4,6,1,Yes,Positive,"No paperwork needed, very good service.",الخطوات واضحة والتأكيد فوري.
CS-01345,2026-06-08,2026-06-01,Makkah,MAK,Municipal Services,Call Center,Business,25-34,4,4,6,1,Yes,Positive,Clear steps and instant confirmation.,تسجيل الدخول عبر نفاذ عمل من أول مرة.
CS-01346,2026-06-25,2026-06-01,Asir,ASR,Traffic & Transport,Call Center,Business,45-54,4,5,10,1,Yes,Positive,Much easier than going to the branch.,أنهيت المعاملة عبر الجوال خلال دقيقتين.
CS-01347,2026-01-07,2026-01-01,Madinah,MAD,Justice & Notary,Branch,Resident,45-54,3,3,5,0,Maybe,Neutral,Acceptable but the receipt was hard to find.,تمت الخدمة لكن الصياغة غير واضحة.
CS-01348,2026-05-16,2026-05-01,Makkah,MAK,Social Support & Subsidies,Web Portal,Resident,35-44,4,4,6,1,Yes,Positive,Finished it on my phone in two minutes.,تسجيل الدخول عبر نفاذ عمل من أول مرة.
CS-01349,2026-01-12,2026-01-01,Eastern Province,EAS,Municipal Services,Branch,Citizen,65+,4,4,10,1,Yes,Positive,Finished it on my phone in two minutes.,تسجيل الدخول عبر نفاذ عمل من أول مرة.
CS-01350,2026-03-19,2026-03-01,Tabuk,TBK,Municipal Services,Call Center,Citizen,45-54,3,3,4,1,Maybe,Neutral,It worked but the wording was confusing.,مقبولة لكن اضطررت للاتصال للتأكيد.
CS-01351,2026-05-24,2026-05-01,Tabuk,TBK,Identity & Civil Affairs,Call Center,Business,25-34,3,4,7,0,Maybe,Neutral,Took longer than I expected.,تمت الخدمة لكن الصياغة غير واضحة.
CS-01352,2026-02-28,2026-02-01,Riyadh,RIY,Social Support & Subsidies,Web Portal,Citizen,25-34,3,4,4,0,Maybe,Neutral,Acceptable but the receipt was hard to find.,تمت الخدمة لكن الصياغة غير واضحة.
CS-01353,2026-05-05,2026-05-01,Asir,ASR,Municipal Services,Mobile App,Resident,25-34,3,4,4,0,Maybe,Neutral,Acceptable but the receipt was hard to find.,تمت الخدمة لكن الصياغة غير واضحة.
CS-01354,2026-06-21,2026-06-01,Makkah,MAK,Justice & Notary,Mobile App,Citizen,45-54,4,5,9,1,Yes,Positive,The Nafath login worked first time.,أسهل بكثير من زيارة الفرع.
CS-01355,2026-02-01,2026-02-01,Eastern Province,EAS,Municipal Services,Call Center,Resident,18-24,4,4,6,1,Yes,Positive,The Nafath login worked first time.,تسجيل الدخول عبر نفاذ عمل من أول مرة.
CS-01356,2026-04-15,2026-04-01,Qassim,QSM,Health Services,Web Portal,Citizen,18-24,3,4,6,0,Maybe,Neutral,It worked but the wording was confusing.,مقبولة لكن اضطررت للاتصال للتأكيد.
CS-01357,2026-01-16,2026-01-01,Riyadh,RIY,Business & Licensing,Mobile App,Resident,35-44,4,3,10,1,Yes,Positive,Much easier than going to the branch.,الخطوات واضحة والتأكيد فوري.
CS-01358,2026-01-24,2026-01-01,Riyadh,RIY,Justice & Notary,Mobile App,Citizen,55-64,5,5,8,1,Yes,Positive,Finished it on my phone in two minutes.,تسجيل الدخول عبر نفاذ عمل من أول مرة.
CS-01359,2026-03-02,2026-03-01,Makkah,MAK,Traffic & Transport,Web Portal,Citizen,35-44,4,4,9,1,Yes,Positive,Clear steps and instant confirmation.,أنهيت المعاملة عبر الجوال خلال دقيقتين.
CS-01360,2026-03-03,2026-03-01,Riyadh,RIY,Traffic & Transport,Mobile App,Business,35-44,4,3,8,0,Yes,Positive,The Nafath login worked first time.,أنهيت المعاملة عبر الجوال خلال دقيقتين.
CS-01361,2026-06-28,2026-06-01,Riyadh,RIY,Identity & Civil Affairs,Branch,Business,45-54,3,3,7,0,Maybe,Neutral,"Fine, though I had to call to confirm.",تمت الخدمة لكن الصياغة غير واضحة.
CS-01362,2026-02-27,2026-02-01,Makkah,MAK,Social Support & Subsidies,Mobile App,Resident,18-24,4,4,7,1,Yes,Positive,"No paperwork needed, very good service.",الخطوات واضحة والتأكيد فوري.
CS-01363,2026-05-26,2026-05-01,Eastern Province,EAS,Health Services,Call Center,Citizen,18-24,4,4,8,1,Yes,Positive,Clear steps and instant confirmation.,الخطوات واضحة والتأكيد فوري.
CS-01364,2026-04-24,2026-04-01,Madinah,MAD,Identity & Civil Affairs,Mobile App,Citizen,45-54,5,5,9,1,Yes,Positive,The Nafath login worked first time.,أنهيت المعاملة عبر الجوال خلال دقيقتين.
CS-01365,2026-01-07,2026-01-01,Najran,NJR,Municipal Services,Call Center,Business,25-34,3,2,8,0,Maybe,Neutral,"Fine, though I had to call to confirm.",تمت الخدمة لكن الصياغة غير واضحة.
CS-01366,2026-01-07,2026-01-01,Madinah,MAD,Education & Training,Mobile App,Citizen,35-44,4,3,10,1,Yes,Positive,Clear steps and instant confirmation.,الخطوات واضحة والتأكيد فوري.
CS-01367,2026-04-20,2026-04-01,Makkah,MAK,Health Services,Mobile App,Resident,35-44,4,3,10,1,Yes,Positive,"No paperwork needed, very good service.",أسهل بكثير من زيارة الفرع.
CS-01368,2026-02-17,2026-02-01,Asir,ASR,Identity & Civil Affairs,Mobile App,Citizen,65+,5,5,10,1,Yes,Positive,Much easier than going to the branch.,أنهيت المعاملة عبر الجوال خلال دقيقتين.
CS-01369,2026-05-28,2026-05-01,Riyadh,RIY,Identity & Civil Affairs,Mobile App,Resident,18-24,5,5,10,1,Yes,Positive,The Nafath login worked first time.,الخطوات واضحة والتأكيد فوري.
CS-01370,2026-06-14,2026-06-01,Riyadh,RIY,Labour & HR Services,Mobile App,Resident,35-44,5,5,8,1,Yes,Positive,Much easier than going to the branch.,تسجيل الدخول عبر نفاذ عمل من أول مرة.
CS-01371,2026-03-27,2026-03-01,Makkah,MAK,Social Support & Subsidies,Mobile App,Citizen,35-44,4,3,6,1,Yes,Positive,Finished it on my phone in two minutes.,أسهل بكثير من زيارة الفرع.
CS-01372,2026-02-20,2026-02-01,Jazan,JZN,Municipal Services,Mobile App,Citizen,25-34,4,5,7,1,Yes,Positive,Much easier than going to the branch.,الخطوات واضحة والتأكيد فوري.
CS-01373,2026-04-17,2026-04-01,Riyadh,RIY,Labour & HR Services,Web Portal,Resident,25-34,5,4,10,1,Yes,Positive,Finished it on my phone in two minutes.,أسهل بكثير من زيارة الفرع.
CS-01374,2026-02-12,2026-02-01,Makkah,MAK,Labour & HR Services,Mobile App,Citizen,65+,5,4,10,1,Yes,Positive,The Nafath login worked first time.,الخطوات واضحة والتأكيد فوري.
CS-01375,2026-02-16,2026-02-01,Riyadh,RIY,Traffic & Transport,Mobile App,Citizen,35-44,4,3,8,1,Yes,Positive,"No paperwork needed, very good service.",أنهيت المعاملة عبر الجوال خلال دقيقتين.
CS-01376,2026-04-23,2026-04-01,Eastern Province,EAS,Traffic & Transport,Call Center,Citizen,45-54,4,3,8,1,Yes,Positive,Finished it on my phone in two minutes.,الخطوات واضحة والتأكيد فوري.
CS-01377,2026-04-11,2026-04-01,Makkah,MAK,Traffic & Transport,Mobile App,Citizen,18-24,5,5,10,1,Yes,Positive,"No paperwork needed, very good service.",أسهل بكثير من زيارة الفرع.
CS-01378,2026-02-21,2026-02-01,Qassim,QSM,Traffic & Transport,Branch,Citizen,65+,3,4,5,1,Maybe,Neutral,Took longer than I expected.,استغرقت وقتاً أطول مما توقعت.
CS-01379,2026-02-17,2026-02-01,Tabuk,TBK,Health Services,Web Portal,Citizen,45-54,5,5,9,1,Yes,Positive,Finished it on my phone in two minutes.,أسهل بكثير من زيارة الفرع.
CS-01380,2026-04-22,2026-04-01,Makkah,MAK,Business & Licensing,Mobile App,Citizen,45-54,5,4,10,1,Yes,Positive,"No paperwork needed, very good service.",أنهيت المعاملة عبر الجوال خلال دقيقتين.
CS-01381,2026-01-28,2026-01-01,Riyadh,RIY,Health Services,Branch,Resident,25-34,3,4,8,0,Maybe,Neutral,"Fine, though I had to call to confirm.",استغرقت وقتاً أطول مما توقعت.
CS-01382,2026-05-07,2026-05-01,Tabuk,TBK,Identity & Civil Affairs,Mobile App,Citizen,65+,4,4,6,1,Yes,Positive,The Nafath login worked first time.,الخطوات واضحة والتأكيد فوري.
CS-01383,2026-03-20,2026-03-01,Asir,ASR,Identity & Civil Affairs,Web Portal,Resident,45-54,4,4,9,1,Yes,Positive,Much easier than going to the branch.,الخطوات واضحة والتأكيد فوري.
CS-01384,2026-03-07,2026-03-01,Eastern Province,EAS,Traffic & Transport,Call Center,Citizen,35-44,3,2,5,1,Maybe,Neutral,Acceptable but the receipt was hard to find.,مقبولة لكن اضطررت للاتصال للتأكيد.
CS-01385,2026-05-06,2026-05-01,Makkah,MAK,Education & Training,Mobile App,Citizen,35-44,5,5,9,1,Yes,Positive,"No paperwork needed, very good service.",أنهيت المعاملة عبر الجوال خلال دقيقتين.
CS-01386,2026-05-23,2026-05-01,Riyadh,RIY,Justice & Notary,Branch,Citizen,25-34,5,5,10,1,Yes,Positive,Finished it on my phone in two minutes.,أنهيت المعاملة عبر الجوال خلال دقيقتين.
CS-01387,2026-06-11,2026-06-01,Al-Jouf,JOF,Social Support & Subsidies,Web Portal,Business,35-44,5,4,9,1,Yes,Positive,Much easier than going to the branch.,أنهيت المعاملة عبر الجوال خلال دقيقتين.
CS-01388,2026-03-28,2026-03-01,Makkah,MAK,Municipal Services,Web Portal,Business,45-54,4,5,9,1,Yes,Positive,Finished it on my phone in two minutes.,أسهل بكثير من زيارة الفرع.
CS-01389,2026-01-13,2026-01-01,Makkah,MAK,Municipal Services,Branch,Business,25-34,3,4,4,0,Maybe,Neutral,Took longer than I expected.,مقبولة لكن اضطررت للاتصال للتأكيد.
CS-01390,2026-05-17,2026-05-01,Makkah,MAK,Business & Licensing,Branch,Citizen,45-54,2,3,5,0,No,Negative,The authentication failed three times and I gave up.,انتظرت أربعين دقيقة ثم أُغلق الشباك.
CS-01391,2026-06-12,2026-06-01,Northern Borders,NBR,Municipal Services,Branch,Citizen,35-44,2,3,4,0,No,Negative,No Arabic option on one of the screens.,رفع المستند يُرفض باستمرار.
CS-01392,2026-05-17,2026-05-01,Qassim,QSM,Labour & HR Services,Call Center,Citizen,18-24,4,3,6,1,Yes,Positive,"No paperwork needed, very good service.",أنهيت المعاملة عبر الجوال خلال دقيقتين.
CS-01393,2026-03-23,2026-03-01,Madinah,MAD,Health Services,Web Portal,Citizen,25-34,5,5,10,1,Yes,Positive,"No paperwork needed, very good service.",أسهل بكثير من زيارة الفرع.
CS-01394,2026-04-21,2026-04-01,Madinah,MAD,Education & Training,Branch,Citizen,45-54,4,5,6,1,Yes,Positive,Much easier than going to the branch.,الخطوات واضحة والتأكيد فوري.
CS-01395,2026-01-19,2026-01-01,Makkah,MAK,Health Services,Branch,Citizen,45-54,4,4,7,1,Yes,Positive,"No paperwork needed, very good service.",تسجيل الدخول عبر نفاذ عمل من أول مرة.
CS-01396,2026-05-04,2026-05-01,Makkah,MAK,Traffic & Transport,Mobile App,Citizen,25-34,4,4,7,1,Yes,Positive,Finished it on my phone in two minutes.,الخطوات واضحة والتأكيد فوري.
CS-01397,2026-06-18,2026-06-01,Najran,NJR,Municipal Services,Branch,Citizen,45-54,2,3,2,1,No,Negative,The document upload kept rejecting my file.,رفع المستند يُرفض باستمرار.
CS-01398,2026-03-24,2026-03-01,Eastern Province,EAS,Health Services,Web Portal,Citizen,18-24,5,5,8,0,Yes,Positive,The Nafath login worked first time.,أنهيت المعاملة عبر الجوال خلال دقيقتين.
CS-01399,2026-01-11,2026-01-01,Makkah,MAK,Social Support & Subsidies,Mobile App,Citizen,55-64,5,5,10,1,Yes,Positive,"No paperwork needed, very good service.",تسجيل الدخول عبر نفاذ عمل من أول مرة.
CS-01400,2026-03-11,2026-03-01,Eastern Province,EAS,Labour & HR Services,Web Portal,Citizen,35-44,4,3,7,1,Yes,Positive,Finished it on my phone in two minutes.,تسجيل الدخول عبر نفاذ عمل من أول مرة.
CS-01401,2026-04-23,2026-04-01,Qassim,QSM,Health Services,Call Center,Citizen,55-64,4,3,10,1,Yes,Positive,Clear steps and instant confirmation.,تسجيل الدخول عبر نفاذ عمل من أول مرة.
CS-01402,2026-01-10,2026-01-01,Riyadh,RIY,Social Support & Subsidies,Mobile App,Resident,25-34,4,5,7,1,Yes,Positive,The Nafath login worked first time.,الخطوات واضحة والتأكيد فوري.
CS-01403,2026-01-08,2026-01-01,Makkah,MAK,Social Support & Subsidies,Call Center,Citizen,35-44,4,4,8,1,Yes,Positive,"No paperwork needed, very good service.",أنهيت المعاملة عبر الجوال خلال دقيقتين.
CS-01404,2026-05-05,2026-05-01,Qassim,QSM,Justice & Notary,Call Center,Citizen,25-34,4,4,9,1,Yes,Positive,Clear steps and instant confirmation.,الخطوات واضحة والتأكيد فوري.
CS-01405,2026-01-15,2026-01-01,Eastern Province,EAS,Justice & Notary,Mobile App,Resident,18-24,4,5,10,1,Yes,Positive,Finished it on my phone in two minutes.,أسهل بكثير من زيارة الفرع.
CS-01406,2026-02-27,2026-02-01,Makkah,MAK,Municipal Services,Call Center,Resident,18-24,3,4,4,1,Maybe,Neutral,"Fine, though I had to call to confirm.",مقبولة لكن اضطررت للاتصال للتأكيد.
CS-01407,2026-05-13,2026-05-01,Riyadh,RIY,Traffic & Transport,Mobile App,Business,35-44,5,4,9,1,Yes,Positive,Finished it on my phone in two minutes.,أنهيت المعاملة عبر الجوال خلال دقيقتين.
CS-01408,2026-06-18,2026-06-01,Madinah,MAD,Traffic & Transport,Mobile App,Citizen,35-44,5,4,9,1,Yes,Positive,Finished it on my phone in two minutes.,أنهيت المعاملة عبر الجوال خلال دقيقتين.
CS-01409,2026-04-10,2026-04-01,Madinah,MAD,Health Services,Call Center,Citizen,35-44,5,5,10,1,Yes,Positive,Finished it on my phone in two minutes.,أنهيت المعاملة عبر الجوال خلال دقيقتين.
CS-01410,2026-02-24,2026-02-01,Makkah,MAK,Identity & Civil Affairs,Web Portal,Citizen,18-24,3,2,5,0,Maybe,Neutral,Acceptable but the receipt was hard to find.,مقبولة لكن اضطررت للاتصال للتأكيد.
CS-01411,2026-06-03,2026-06-01,Hail,HAL,Labour & HR Services,Mobile App,Citizen,25-34,5,5,9,1,Yes,Positive,"No paperwork needed, very good service.",تسجيل الدخول عبر نفاذ عمل من أول مرة.
CS-01412,2026-03-26,2026-03-01,Asir,ASR,Business & Licensing,Web Portal,Business,35-44,5,5,10,1,Yes,Positive,The Nafath login worked first time.,أنهيت المعاملة عبر الجوال خلال دقيقتين.
CS-01413,2026-05-20,2026-05-01,Eastern Province,EAS,Municipal Services,Web Portal,Business,18-24,3,4,8,1,Maybe,Neutral,Took longer than I expected.,استغرقت وقتاً أطول مما توقعت.
CS-01414,2026-05-27,2026-05-01,Eastern Province,EAS,Health Services,Mobile App,Citizen,35-44,4,5,7,1,Yes,Positive,The Nafath login worked first time.,تسجيل الدخول عبر نفاذ عمل من أول مرة.
CS-01415,2026-04-07,2026-04-01,Riyadh,RIY,Social Support & Subsidies,Web Portal,Citizen,35-44,2,2,6,0,No,Negative,Waited 40 minutes and the counter closed.,انتظرت أربعين دقيقة ثم أُغلق الشباك.
CS-01416,2026-05-07,2026-05-01,Hail,HAL,Health Services,Call Center,Citizen,35-44,4,4,6,1,Yes,Positive,Clear steps and instant confirmation.,تسجيل الدخول عبر نفاذ عمل من أول مرة.
CS-01417,2026-03-04,2026-03-01,Eastern Province,EAS,Health Services,Mobile App,Citizen,18-24,5,5,10,0,Yes,Positive,The Nafath login worked first time.,أسهل بكثير من زيارة الفرع.
CS-01418,2026-01-06,2026-01-01,Riyadh,RIY,Identity & Civil Affairs,Mobile App,Business,18-24,5,5,8,1,Yes,Positive,Clear steps and instant confirmation.,الخطوات واضحة والتأكيد فوري.
CS-01419,2026-05-21,2026-05-01,Makkah,MAK,Traffic & Transport,Mobile App,Citizen,25-34,5,5,9,1,Yes,Positive,Clear steps and instant confirmation.,أسهل بكثير من زيارة الفرع.
CS-01420,2026-06-22,2026-06-01,Asir,ASR,Business & Licensing,Mobile App,Citizen,45-54,4,4,6,1,Yes,Positive,Clear steps and instant confirmation.,أنهيت المعاملة عبر الجوال خلال دقيقتين.
CS-01421,2026-01-02,2026-01-01,Makkah,MAK,Traffic & Transport,Branch,Resident,25-34,4,3,9,1,Yes,Positive,Clear steps and instant confirmation.,أنهيت المعاملة عبر الجوال خلال دقيقتين.
CS-01422,2026-02-26,2026-02-01,Eastern Province,EAS,Labour & HR Services,Mobile App,Resident,25-34,5,5,10,1,Yes,Positive,Much easier than going to the branch.,أسهل بكثير من زيارة الفرع.
CS-01423,2026-05-27,2026-05-01,Riyadh,RIY,Traffic & Transport,Call Center,Citizen,35-44,4,4,8,1,Yes,Positive,"No paperwork needed, very good service.",أنهيت المعاملة عبر الجوال خلال دقيقتين.
CS-01424,2026-04-06,2026-04-01,Makkah,MAK,Municipal Services,Mobile App,Citizen,35-44,4,3,10,1,Yes,Positive,The Nafath login worked first time.,أسهل بكثير من زيارة الفرع.
CS-01425,2026-05-04,2026-05-01,Makkah,MAK,Municipal Services,Branch,Business,35-44,3,3,8,0,Maybe,Neutral,Took longer than I expected.,استغرقت وقتاً أطول مما توقعت.
CS-01426,2026-06-03,2026-06-01,Asir,ASR,Health Services,Call Center,Business,45-54,3,2,4,1,Maybe,Neutral,"Fine, though I had to call to confirm.",تمت الخدمة لكن الصياغة غير واضحة.
CS-01427,2026-05-11,2026-05-01,Riyadh,RIY,Municipal Services,Branch,Citizen,45-54,3,3,8,0,Maybe,Neutral,Acceptable but the receipt was hard to find.,استغرقت وقتاً أطول مما توقعت.
CS-01428,2026-05-07,2026-05-01,Makkah,MAK,Health Services,Branch,Citizen,25-34,5,4,8,1,Yes,Positive,"No paperwork needed, very good service.",أسهل بكثير من زيارة الفرع.
CS-01429,2026-03-12,2026-03-01,Eastern Province,EAS,Education & Training,Branch,Citizen,25-34,4,3,7,1,Yes,Positive,Clear steps and instant confirmation.,الخطوات واضحة والتأكيد فوري.
CS-01430,2026-03-26,2026-03-01,Makkah,MAK,Traffic & Transport,Mobile App,Citizen,25-34,3,3,6,1,Maybe,Neutral,Took longer than I expected.,استغرقت وقتاً أطول مما توقعت.
CS-01431,2026-05-08,2026-05-01,Makkah,MAK,Traffic & Transport,Call Center,Resident,25-34,2,1,6,0,No,Negative,The document upload kept rejecting my file.,انتظرت أربعين دقيقة ثم أُغلق الشباك.
CS-01432,2026-03-24,2026-03-01,Madinah,MAD,Traffic & Transport,Mobile App,Citizen,65+,5,5,10,1,Yes,Positive,Much easier than going to the branch.,الخطوات واضحة والتأكيد فوري.
CS-01433,2026-04-09,2026-04-01,Makkah,MAK,Education & Training,Mobile App,Citizen,18-24,3,3,7,0,Maybe,Neutral,It worked but the wording was confusing.,استغرقت وقتاً أطول مما توقعت.
CS-01434,2026-01-25,2026-01-01,Makkah,MAK,Justice & Notary,Call Center,Business,25-34,2,2,3,0,No,Negative,Waited 40 minutes and the counter closed.,اضطررت لزيارة الفرع رغم ذلك.
CS-01435,2026-06-28,2026-06-01,Eastern Province,EAS,Labour & HR Services,Call Center,Citizen,25-34,5,5,9,0,Yes,Positive,"No paperwork needed, very good service.",الخطوات واضحة والتأكيد فوري.
CS-01436,2026-01-04,2026-01-01,Madinah,MAD,Traffic & Transport,Call Center,Citizen,25-34,4,3,10,1,Yes,Positive,"No paperwork needed, very good service.",الخطوات واضحة والتأكيد فوري.
CS-01437,2026-04-07,2026-04-01,Riyadh,RIY,Traffic & Transport,Branch,Citizen,35-44,4,3,10,1,Yes,Positive,Finished it on my phone in two minutes.,الخطوات واضحة والتأكيد فوري.
CS-01438,2026-01-25,2026-01-01,Madinah,MAD,Health Services,Branch,Citizen,55-64,5,5,10,0,Yes,Positive,Clear steps and instant confirmation.,الخطوات واضحة والتأكيد فوري.
CS-01439,2026-04-08,2026-04-01,Jazan,JZN,Social Support & Subsidies,Web Portal,Citizen,35-44,4,4,8,1,Yes,Positive,"No paperwork needed, very good service.",أنهيت المعاملة عبر الجوال خلال دقيقتين.
CS-01440,2026-03-26,2026-03-01,Jazan,JZN,Health Services,Mobile App,Citizen,65+,5,5,10,1,Yes,Positive,Finished it on my phone in two minutes.,الخطوات واضحة والتأكيد فوري.
CS-01441,2026-04-05,2026-04-01,Riyadh,RIY,Justice & Notary,Mobile App,Citizen,18-24,5,5,10,1,Yes,Positive,Clear steps and instant confirmation.,أنهيت المعاملة عبر الجوال خلال دقيقتين.
CS-01442,2026-02-27,2026-02-01,Makkah,MAK,Labour & HR Services,Mobile App,Resident,35-44,5,5,9,1,Yes,Positive,"No paperwork needed, very good service.",الخطوات واضحة والتأكيد فوري.
CS-01443,2026-06-17,2026-06-01,Tabuk,TBK,Education & Training,Call Center,Business,18-24,3,4,4,0,Maybe,Neutral,It worked but the wording was confusing.,مقبولة لكن اضطررت للاتصال للتأكيد.
CS-01444,2026-04-20,2026-04-01,Riyadh,RIY,Identity & Civil Affairs,Branch,Citizen,65+,4,3,10,1,Yes,Positive,Much easier than going to the branch.,تسجيل الدخول عبر نفاذ عمل من أول مرة.
CS-01445,2026-02-04,2026-02-01,Riyadh,RIY,Health Services,Mobile App,Citizen,45-54,5,4,8,1,Yes,Positive,Clear steps and instant confirmation.,تسجيل الدخول عبر نفاذ عمل من أول مرة.
CS-01446,2026-03-09,2026-03-01,Riyadh,RIY,Education & Training,Call Center,Resident,25-34,4,4,6,1,Yes,Positive,Clear steps and instant confirmation.,أسهل بكثير من زيارة الفرع.
CS-01447,2026-01-22,2026-01-01,Eastern Province,EAS,Traffic & Transport,Web Portal,Citizen,35-44,5,4,10,1,Yes,Positive,Finished it on my phone in two minutes.,تسجيل الدخول عبر نفاذ عمل من أول مرة.
CS-01448,2026-04-05,2026-04-01,Eastern Province,EAS,Education & Training,Branch,Citizen,35-44,4,4,8,1,Yes,Positive,The Nafath login worked first time.,أسهل بكثير من زيارة الفرع.
CS-01449,2026-03-10,2026-03-01,Makkah,MAK,Labour & HR Services,Mobile App,Citizen,35-44,4,5,10,1,Yes,Positive,The Nafath login worked first time.,الخطوات واضحة والتأكيد فوري.
CS-01450,2026-05-14,2026-05-01,Makkah,MAK,Traffic & Transport,Call Center,Citizen,25-34,3,3,5,0,Maybe,Neutral,It worked but the wording was confusing.,تمت الخدمة لكن الصياغة غير واضحة.
CS-01451,2026-06-10,2026-06-01,Riyadh,RIY,Labour & HR Services,Branch,Citizen,45-54,4,3,7,1,Yes,Positive,Finished it on my phone in two minutes.,أسهل بكثير من زيارة الفرع.
CS-01452,2026-03-07,2026-03-01,Eastern Province,EAS,Education & Training,Mobile App,Citizen,18-24,5,5,8,1,Yes,Positive,Much easier than going to the branch.,أسهل بكثير من زيارة الفرع.
CS-01453,2026-03-26,2026-03-01,Makkah,MAK,Social Support & Subsidies,Mobile App,Citizen,18-24,5,4,10,1,Yes,Positive,Finished it on my phone in two minutes.,الخطوات واضحة والتأكيد فوري.
CS-01454,2026-03-10,2026-03-01,Asir,ASR,Business & Licensing,Branch,Business,18-24,5,5,9,1,Yes,Positive,Much easier than going to the branch.,الخطوات واضحة والتأكيد فوري.
CS-01455,2026-03-11,2026-03-01,Eastern Province,EAS,Identity & Civil Affairs,Mobile App,Citizen,45-54,5,5,10,0,Yes,Positive,Finished it on my phone in two minutes.,تسجيل الدخول عبر نفاذ عمل من أول مرة.
CS-01456,2026-03-02,2026-03-01,Makkah,MAK,Traffic & Transport,Mobile App,Resident,35-44,3,4,7,0,Maybe,Neutral,Took longer than I expected.,استغرقت وقتاً أطول مما توقعت.
CS-01457,2026-01-05,2026-01-01,Makkah,MAK,Business & Licensing,Branch,Citizen,18-24,3,3,7,0,Maybe,Neutral,Took longer than I expected.,تمت الخدمة لكن الصياغة غير واضحة.
CS-01458,2026-06-23,2026-06-01,Riyadh,RIY,Traffic & Transport,Mobile App,Citizen,35-44,5,5,8,1,Yes,Positive,"No paperwork needed, very good service.",تسجيل الدخول عبر نفاذ عمل من أول مرة.
CS-01459,2026-04-05,2026-04-01,Riyadh,RIY,Health Services,Mobile App,Business,35-44,5,4,10,1,Yes,Positive,Finished it on my phone in two minutes.,أسهل بكثير من زيارة الفرع.
CS-01460,2026-06-06,2026-06-01,Makkah,MAK,Social Support & Subsidies,Mobile App,Citizen,35-44,4,3,8,1,Yes,Positive,Much easier than going to the branch.,أسهل بكثير من زيارة الفرع.
CS-01461,2026-03-14,2026-03-01,Riyadh,RIY,Justice & Notary,Branch,Citizen,25-34,2,2,2,0,No,Negative,No Arabic option on one of the screens.,اضطررت لزيارة الفرع رغم ذلك.
CS-01462,2026-03-09,2026-03-01,Riyadh,RIY,Education & Training,Mobile App,Business,35-44,5,4,8,1,Yes,Positive,Finished it on my phone in two minutes.,أسهل بكثير من زيارة الفرع.
CS-01463,2026-02-12,2026-02-01,Makkah,MAK,Municipal Services,Web Portal,Citizen,25-34,5,5,10,1,Yes,Positive,The Nafath login worked first time.,أسهل بكثير من زيارة الفرع.
CS-01464,2026-03-04,2026-03-01,Jazan,JZN,Traffic & Transport,Web Portal,Citizen,18-24,3,3,6,0,Maybe,Neutral,Took longer than I expected.,تمت الخدمة لكن الصياغة غير واضحة.
CS-01465,2026-06-14,2026-06-01,Eastern Province,EAS,Identity & Civil Affairs,Call Center,Citizen,65+,3,2,7,0,Maybe,Neutral,Acceptable but the receipt was hard to find.,استغرقت وقتاً أطول مما توقعت.
CS-01466,2026-02-22,2026-02-01,Riyadh,RIY,Identity & Civil Affairs,Web Portal,Citizen,25-34,4,3,6,0,Yes,Positive,"No paperwork needed, very good service.",أسهل بكثير من زيارة الفرع.
CS-01467,2026-04-28,2026-04-01,Asir,ASR,Labour & HR Services,Branch,Citizen,45-54,4,5,6,1,Yes,Positive,The Nafath login worked first time.,تسجيل الدخول عبر نفاذ عمل من أول مرة.
CS-01468,2026-05-28,2026-05-01,Riyadh,RIY,Traffic & Transport,Mobile App,Citizen,18-24,5,4,10,1,Yes,Positive,The Nafath login worked first time.,تسجيل الدخول عبر نفاذ عمل من أول مرة.
CS-01469,2026-02-06,2026-02-01,Eastern Province,EAS,Traffic & Transport,Web Portal,Citizen,18-24,3,4,4,0,Maybe,Neutral,"Fine, though I had to call to confirm.",استغرقت وقتاً أطول مما توقعت.
CS-01470,2026-04-12,2026-04-01,Riyadh,RIY,Social Support & Subsidies,Branch,Resident,18-24,3,2,4,1,Maybe,Neutral,Acceptable but the receipt was hard to find.,استغرقت وقتاً أطول مما توقعت.
CS-01471,2026-01-18,2026-01-01,Riyadh,RIY,Education & Training,Mobile App,Citizen,25-34,5,5,10,1,Yes,Positive,Clear steps and instant confirmation.,تسجيل الدخول عبر نفاذ عمل من أول مرة.
CS-01472,2026-06-02,2026-06-01,Northern Borders,NBR,Labour & HR Services,Call Center,Citizen,55-64,4,5,7,0,Yes,Positive,Finished it on my phone in two minutes.,أنهيت المعاملة عبر الجوال خلال دقيقتين.
CS-01473,2026-05-03,2026-05-01,Makkah,MAK,Identity & Civil Affairs,Mobile App,Citizen,18-24,5,4,9,1,Yes,Positive,The Nafath login worked first time.,أنهيت المعاملة عبر الجوال خلال دقيقتين.
CS-01474,2026-03-11,2026-03-01,Asir,ASR,Identity & Civil Affairs,Mobile App,Citizen,25-34,4,5,10,1,Yes,Positive,Much easier than going to the branch.,أنهيت المعاملة عبر الجوال خلال دقيقتين.
CS-01475,2026-04-27,2026-04-01,Riyadh,RIY,Traffic & Transport,Mobile App,Citizen,35-44,5,4,10,1,Yes,Positive,Finished it on my phone in two minutes.,أنهيت المعاملة عبر الجوال خلال دقيقتين.
CS-01476,2026-04-17,2026-04-01,Makkah,MAK,Labour & HR Services,Mobile App,Resident,25-34,5,5,10,0,Yes,Positive,"No paperwork needed, very good service.",الخطوات واضحة والتأكيد فوري.
CS-01477,2026-06-12,2026-06-01,Riyadh,RIY,Health Services,Mobile App,Resident,35-44,4,4,6,1,Yes,Positive,The Nafath login worked first time.,أنهيت المعاملة عبر الجوال خلال دقيقتين.
CS-01478,2026-05-25,2026-05-01,Riyadh,RIY,Health Services,Branch,Citizen,25-34,5,5,8,1,Yes,Positive,Clear steps and instant confirmation.,أسهل بكثير من زيارة الفرع.
CS-01479,2026-05-07,2026-05-01,Riyadh,RIY,Business & Licensing,Web Portal,Citizen,18-24,3,3,8,0,Maybe,Neutral,Acceptable but the receipt was hard to find.,مقبولة لكن اضطررت للاتصال للتأكيد.
CS-01480,2026-04-07,2026-04-01,Riyadh,RIY,Municipal Services,Web Portal,Citizen,25-34,4,3,7,1,Yes,Positive,Clear steps and instant confirmation.,أنهيت المعاملة عبر الجوال خلال دقيقتين.
CS-01481,2026-01-08,2026-01-01,Makkah,MAK,Social Support & Subsidies,Mobile App,Citizen,45-54,4,3,7,1,Yes,Positive,Much easier than going to the branch.,أسهل بكثير من زيارة الفرع.
CS-01482,2026-02-28,2026-02-01,Madinah,MAD,Health Services,Mobile App,Citizen,65+,4,4,9,1,Yes,Positive,The Nafath login worked first time.,أنهيت المعاملة عبر الجوال خلال دقيقتين.
CS-01483,2026-02-13,2026-02-01,Qassim,QSM,Identity & Civil Affairs,Mobile App,Citizen,35-44,4,5,8,1,Yes,Positive,The Nafath login worked first time.,أنهيت المعاملة عبر الجوال خلال دقيقتين.
CS-01484,2026-05-09,2026-05-01,Makkah,MAK,Traffic & Transport,Branch,Resident,65+,4,3,8,1,Yes,Positive,Much easier than going to the branch.,الخطوات واضحة والتأكيد فوري.
CS-01485,2026-04-18,2026-04-01,Riyadh,RIY,Traffic & Transport,Call Center,Resident,55-64,4,5,9,1,Yes,Positive,Finished it on my phone in two minutes.,تسجيل الدخول عبر نفاذ عمل من أول مرة.
CS-01486,2026-04-08,2026-04-01,Eastern Province,EAS,Traffic & Transport,Mobile App,Resident,55-64,5,5,10,0,Yes,Positive,Much easier than going to the branch.,تسجيل الدخول عبر نفاذ عمل من أول مرة.
CS-01487,2026-03-14,2026-03-01,Riyadh,RIY,Social Support & Subsidies,Web Portal,Business,25-34,5,5,10,1,Yes,Positive,"No paperwork needed, very good service.",الخطوات واضحة والتأكيد فوري.
CS-01488,2026-01-18,2026-01-01,Jazan,JZN,Education & Training,Call Center,Citizen,55-64,4,3,6,0,Yes,Positive,Finished it on my phone in two minutes.,أسهل بكثير من زيارة الفرع.
CS-01489,2026-02-15,2026-02-01,Madinah,MAD,Traffic & Transport,Mobile App,Resident,18-24,4,5,8,1,Yes,Positive,Clear steps and instant confirmation.,أنهيت المعاملة عبر الجوال خلال دقيقتين.
CS-01490,2026-04-04,2026-04-01,Asir,ASR,Social Support & Subsidies,Branch,Citizen,18-24,2,3,3,0,No,Negative,Waited 40 minutes and the counter closed.,رفع المستند يُرفض باستمرار.
CS-01491,2026-04-13,2026-04-01,Makkah,MAK,Health Services,Branch,Citizen,18-24,2,3,3,0,No,Negative,No Arabic option on one of the screens.,اضطررت لزيارة الفرع رغم ذلك.
CS-01492,2026-01-17,2026-01-01,Makkah,MAK,Labour & HR Services,Web Portal,Citizen,35-44,2,1,5,1,No,Negative,The document upload kept rejecting my file.,فشل التحقق ثلاث مرات فاضطررت للتوقف.
CS-01493,2026-02-22,2026-02-01,Makkah,MAK,Identity & Civil Affairs,Mobile App,Citizen,65+,5,4,9,0,Yes,Positive,Clear steps and instant confirmation.,أنهيت المعاملة عبر الجوال خلال دقيقتين.
CS-01494,2026-06-28,2026-06-01,Eastern Province,EAS,Education & Training,Web Portal,Citizen,25-34,5,4,8,1,Yes,Positive,Clear steps and instant confirmation.,الخطوات واضحة والتأكيد فوري.
CS-01495,2026-03-03,2026-03-01,Makkah,MAK,Health Services,Mobile App,Resident,18-24,5,5,10,1,Yes,Positive,The Nafath login worked first time.,أنهيت المعاملة عبر الجوال خلال دقيقتين.
CS-01496,2026-05-22,2026-05-01,Riyadh,RIY,Traffic & Transport,Mobile App,Citizen,18-24,4,3,6,1,Yes,Positive,Clear steps and instant confirmation.,أسهل بكثير من زيارة الفرع.
CS-01497,2026-06-02,2026-06-01,Riyadh,RIY,Identity & Civil Affairs,Branch,Business,45-54,3,4,5,0,Maybe,Neutral,"Fine, though I had to call to confirm.",تمت الخدمة لكن الصياغة غير واضحة.
CS-01498,2026-06-08,2026-06-01,Riyadh,RIY,Social Support & Subsidies,Web Portal,Citizen,25-34,3,2,8,1,Maybe,Neutral,Acceptable but the receipt was hard to find.,تمت الخدمة لكن الصياغة غير واضحة.
CS-01499,2026-02-16,2026-02-01,Makkah,MAK,Health Services,Web Portal,Citizen,65+,4,5,7,1,Yes,Positive,Clear steps and instant confirmation.,أسهل بكثير من زيارة الفرع.
CS-01500,2026-03-24,2026-03-01,Eastern Province,EAS,Identity & Civil Affairs,Mobile App,Resident,25-34,5,5,10,1,Yes,Positive,"No paperwork needed, very good service.",الخطوات واضحة والتأكيد فوري.
CS-01501,2026-01-03,2026-01-01,Tabuk,TBK,Business & Licensing,Branch,Citizen,65+,3,3,6,1,Maybe,Neutral,It worked but the wording was confusing.,مقبولة لكن اضطررت للاتصال للتأكيد.
CS-01502,2026-05-08,2026-05-01,Madinah,MAD,Education & Training,Branch,Resident,18-24,4,3,6,1,Yes,Positive,The Nafath login worked first time.,أسهل بكثير من زيارة الفرع.
CS-01503,2026-01-24,2026-01-01,Makkah,MAK,Traffic & Transport,Web Portal,Citizen,25-34,4,4,8,1,Yes,Positive,"No paperwork needed, very good service.",تسجيل الدخول عبر نفاذ عمل من أول مرة.
CS-01504,2026-05-04,2026-05-01,Madinah,MAD,Health Services,Call Center,Citizen,18-24,4,4,9,1,Yes,Positive,"No paperwork needed, very good service.",أسهل بكثير من زيارة الفرع.
CS-01505,2026-05-03,2026-05-01,Tabuk,TBK,Health Services,Mobile App,Citizen,35-44,3,3,6,0,Maybe,Neutral,Took longer than I expected.,مقبولة لكن اضطررت للاتصال للتأكيد.
CS-01506,2026-06-05,2026-06-01,Makkah,MAK,Labour & HR Services,Branch,Citizen,65+,3,4,7,0,Maybe,Neutral,Acceptable but the receipt was hard to find.,مقبولة لكن اضطررت للاتصال للتأكيد.
CS-01507,2026-05-15,2026-05-01,Makkah,MAK,Health Services,Branch,Resident,18-24,3,3,8,1,Maybe,Neutral,Acceptable but the receipt was hard to find.,تمت الخدمة لكن الصياغة غير واضحة.
CS-01508,2026-01-19,2026-01-01,Makkah,MAK,Identity & Civil Affairs,Branch,Citizen,45-54,4,3,10,0,Yes,Positive,The Nafath login worked first time.,أسهل بكثير من زيارة الفرع.
CS-01509,2026-05-27,2026-05-01,Makkah,MAK,Social Support & Subsidies,Mobile App,Citizen,45-54,5,5,9,1,Yes,Positive,Clear steps and instant confirmation.,تسجيل الدخول عبر نفاذ عمل من أول مرة.
CS-01510,2026-05-07,2026-05-01,Eastern Province,EAS,Traffic & Transport,Branch,Resident,35-44,3,3,4,1,Maybe,Neutral,Acceptable but the receipt was hard to find.,مقبولة لكن اضطررت للاتصال للتأكيد.
CS-01511,2026-02-28,2026-02-01,Hail,HAL,Identity & Civil Affairs,Web Portal,Business,35-44,5,4,9,0,Yes,Positive,Much easier than going to the branch.,أسهل بكثير من زيارة الفرع.
CS-01512,2026-05-28,2026-05-01,Madinah,MAD,Traffic & Transport,Mobile App,Resident,25-34,5,5,9,1,Yes,Positive,Finished it on my phone in two minutes.,أنهيت المعاملة عبر الجوال خلال دقيقتين.
CS-01513,2026-01-25,2026-01-01,Madinah,MAD,Municipal Services,Branch,Citizen,55-64,3,4,8,0,Maybe,Neutral,"Fine, though I had to call to confirm.",مقبولة لكن اضطررت للاتصال للتأكيد.
CS-01514,2026-06-25,2026-06-01,Hail,HAL,Identity & Civil Affairs,Call Center,Resident,65+,4,4,9,1,Yes,Positive,Much easier than going to the branch.,الخطوات واضحة والتأكيد فوري.
CS-01515,2026-03-15,2026-03-01,Makkah,MAK,Identity & Civil Affairs,Mobile App,Citizen,25-34,5,5,10,1,Yes,Positive,"No paperwork needed, very good service.",تسجيل الدخول عبر نفاذ عمل من أول مرة.
CS-01516,2026-01-06,2026-01-01,Northern Borders,NBR,Business & Licensing,Branch,Citizen,25-34,3,4,7,0,Maybe,Neutral,Acceptable but the receipt was hard to find.,مقبولة لكن اضطررت للاتصال للتأكيد.
CS-01517,2026-02-23,2026-02-01,Madinah,MAD,Municipal Services,Mobile App,Citizen,55-64,5,5,10,1,Yes,Positive,"No paperwork needed, very good service.",أنهيت المعاملة عبر الجوال خلال دقيقتين.
CS-01518,2026-02-01,2026-02-01,Jazan,JZN,Social Support & Subsidies,Mobile App,Citizen,25-34,5,5,8,1,Yes,Positive,Much easier than going to the branch.,أنهيت المعاملة عبر الجوال خلال دقيقتين.
CS-01519,2026-02-13,2026-02-01,Makkah,MAK,Identity & Civil Affairs,Web Portal,Citizen,45-54,5,4,10,1,Yes,Positive,"No paperwork needed, very good service.",الخطوات واضحة والتأكيد فوري.
CS-01520,2026-06-26,2026-06-01,Makkah,MAK,Health Services,Web Portal,Resident,25-34,5,5,9,1,Yes,Positive,The Nafath login worked first time.,أنهيت المعاملة عبر الجوال خلال دقيقتين.
CS-01521,2026-01-23,2026-01-01,Makkah,MAK,Education & Training,Mobile App,Citizen,55-64,4,5,7,1,Yes,Positive,Much easier than going to the branch.,أنهيت المعاملة عبر الجوال خلال دقيقتين.
CS-01522,2026-02-21,2026-02-01,Riyadh,RIY,Identity & Civil Affairs,Mobile App,Resident,45-54,5,5,9,1,Yes,Positive,Much easier than going to the branch.,أنهيت المعاملة عبر الجوال خلال دقيقتين.
CS-01523,2026-05-23,2026-05-01,Makkah,MAK,Traffic & Transport,Branch,Citizen,25-34,3,4,6,1,Maybe,Neutral,Took longer than I expected.,تمت الخدمة لكن الصياغة غير واضحة.
CS-01524,2026-03-01,2026-03-01,Makkah,MAK,Education & Training,Mobile App,Citizen,35-44,4,4,9,1,Yes,Positive,Clear steps and instant confirmation.,أنهيت المعاملة عبر الجوال خلال دقيقتين.
CS-01525,2026-06-26,2026-06-01,Riyadh,RIY,Municipal Services,Call Center,Citizen,25-34,4,3,9,1,Yes,Positive,Finished it on my phone in two minutes.,أنهيت المعاملة عبر الجوال خلال دقيقتين.
CS-01526,2026-05-02,2026-05-01,Makkah,MAK,Labour & HR Services,Branch,Citizen,35-44,3,3,8,1,Maybe,Neutral,It worked but the wording was confusing.,تمت الخدمة لكن الصياغة غير واضحة.
CS-01527,2026-02-16,2026-02-01,Riyadh,RIY,Business & Licensing,Branch,Resident,45-54,4,3,8,0,Yes,Positive,"No paperwork needed, very good service.",أنهيت المعاملة عبر الجوال خلال دقيقتين.
CS-01528,2026-03-18,2026-03-01,Makkah,MAK,Business & Licensing,Web Portal,Citizen,45-54,5,5,9,1,Yes,Positive,Finished it on my phone in two minutes.,أسهل بكثير من زيارة الفرع.
CS-01529,2026-03-18,2026-03-01,Jazan,JZN,Education & Training,Call Center,Resident,35-44,4,4,9,1,Yes,Positive,Clear steps and instant confirmation.,أسهل بكثير من زيارة الفرع.
CS-01530,2026-06-18,2026-06-01,Riyadh,RIY,Traffic & Transport,Mobile App,Business,35-44,3,4,5,0,Maybe,Neutral,Acceptable but the receipt was hard to find.,مقبولة لكن اضطررت للاتصال للتأكيد.
CS-01531,2026-04-08,2026-04-01,Makkah,MAK,Health Services,Web Portal,Citizen,45-54,4,3,10,1,Yes,Positive,Clear steps and instant confirmation.,الخطوات واضحة والتأكيد فوري.
CS-01532,2026-03-13,2026-03-01,Hail,HAL,Labour & HR Services,Call Center,Resident,45-54,4,5,10,1,Yes,Positive,The Nafath login worked first time.,أنهيت المعاملة عبر الجوال خلال دقيقتين.
CS-01533,2026-03-28,2026-03-01,Qassim,QSM,Health Services,Mobile App,Citizen,45-54,5,5,9,1,Yes,Positive,Clear steps and instant confirmation.,أسهل بكثير من زيارة الفرع.
CS-01534,2026-01-06,2026-01-01,Riyadh,RIY,Identity & Civil Affairs,Web Portal,Citizen,35-44,5,4,8,1,Yes,Positive,"No paperwork needed, very good service.",أنهيت المعاملة عبر الجوال خلال دقيقتين.
CS-01535,2026-02-03,2026-02-01,Riyadh,RIY,Health Services,Mobile App,Citizen,25-34,5,5,9,1,Yes,Positive,Finished it on my phone in two minutes.,تسجيل الدخول عبر نفاذ عمل من أول مرة.
CS-01536,2026-03-13,2026-03-01,Makkah,MAK,Traffic & Transport,Mobile App,Citizen,25-34,4,5,9,1,Yes,Positive,The Nafath login worked first time.,أسهل بكثير من زيارة الفرع.
CS-01537,2026-04-23,2026-04-01,Hail,HAL,Municipal Services,Branch,Citizen,35-44,4,3,9,0,Yes,Positive,Much easier than going to the branch.,أسهل بكثير من زيارة الفرع.
CS-01538,2026-02-19,2026-02-01,Madinah,MAD,Justice & Notary,Call Center,Citizen,18-24,4,3,7,1,Yes,Positive,The Nafath login worked first time.,أنهيت المعاملة عبر الجوال خلال دقيقتين.
CS-01539,2026-05-28,2026-05-01,Jazan,JZN,Labour & HR Services,Mobile App,Citizen,35-44,5,4,8,1,Yes,Positive,The Nafath login worked first time.,تسجيل الدخول عبر نفاذ عمل من أول مرة.
CS-01540,2026-01-21,2026-01-01,Riyadh,RIY,Business & Licensing,Branch,Citizen,35-44,4,4,9,1,Yes,Positive,Clear steps and instant confirmation.,أنهيت المعاملة عبر الجوال خلال دقيقتين.
CS-01541,2026-05-13,2026-05-01,Riyadh,RIY,Municipal Services,Web Portal,Citizen,25-34,3,3,8,0,Maybe,Neutral,It worked but the wording was confusing.,استغرقت وقتاً أطول مما توقعت.
CS-01542,2026-04-08,2026-04-01,Eastern Province,EAS,Labour & HR Services,Branch,Resident,18-24,3,3,8,1,Maybe,Neutral,Took longer than I expected.,استغرقت وقتاً أطول مما توقعت.
CS-01543,2026-02-26,2026-02-01,Makkah,MAK,Identity & Civil Affairs,Mobile App,Resident,18-24,4,3,10,1,Yes,Positive,Clear steps and instant confirmation.,تسجيل الدخول عبر نفاذ عمل من أول مرة.
CS-01544,2026-05-28,2026-05-01,Riyadh,RIY,Health Services,Call Center,Resident,18-24,4,5,9,1,Yes,Positive,"No paperwork needed, very good service.",تسجيل الدخول عبر نفاذ عمل من أول مرة.
CS-01545,2026-06-17,2026-06-01,Makkah,MAK,Traffic & Transport,Mobile App,Citizen,45-54,4,3,6,1,Yes,Positive,The Nafath login worked first time.,تسجيل الدخول عبر نفاذ عمل من أول مرة.
CS-01546,2026-05-27,2026-05-01,Makkah,MAK,Labour & HR Services,Branch,Business,35-44,4,3,7,0,Yes,Positive,Clear steps and instant confirmation.,أنهيت المعاملة عبر الجوال خلال دقيقتين.
CS-01547,2026-04-02,2026-04-01,Riyadh,RIY,Municipal Services,Mobile App,Citizen,45-54,4,5,8,1,Yes,Positive,Clear steps and instant confirmation.,أسهل بكثير من زيارة الفرع.
CS-01548,2026-04-21,2026-04-01,Makkah,MAK,Municipal Services,Call Center,Citizen,25-34,3,2,7,1,Maybe,Neutral,"Fine, though I had to call to confirm.",استغرقت وقتاً أطول مما توقعت.
CS-01549,2026-04-19,2026-04-01,Tabuk,TBK,Identity & Civil Affairs,Mobile App,Citizen,25-34,5,5,10,0,Yes,Positive,Clear steps and instant confirmation.,الخطوات واضحة والتأكيد فوري.
CS-01550,2026-03-22,2026-03-01,Makkah,MAK,Education & Training,Mobile App,Citizen,35-44,5,4,10,1,Yes,Positive,Finished it on my phone in two minutes.,أسهل بكثير من زيارة الفرع.
CS-01551,2026-06-28,2026-06-01,Makkah,MAK,Justice & Notary,Mobile App,Citizen,25-34,4,5,9,1,Yes,Positive,"No paperwork needed, very good service.",أنهيت المعاملة عبر الجوال خلال دقيقتين.
CS-01552,2026-04-14,2026-04-01,Riyadh,RIY,Identity & Civil Affairs,Web Portal,Citizen,35-44,4,5,9,0,Yes,Positive,The Nafath login worked first time.,الخطوات واضحة والتأكيد فوري.
CS-01553,2026-03-26,2026-03-01,Riyadh,RIY,Municipal Services,Mobile App,Resident,25-34,5,5,8,1,Yes,Positive,The Nafath login worked first time.,الخطوات واضحة والتأكيد فوري.
CS-01554,2026-02-20,2026-02-01,Makkah,MAK,Traffic & Transport,Call Center,Citizen,25-34,4,5,6,1,Yes,Positive,The Nafath login worked first time.,أنهيت المعاملة عبر الجوال خلال دقيقتين.
CS-01555,2026-03-22,2026-03-01,Riyadh,RIY,Municipal Services,Mobile App,Citizen,25-34,3,3,8,0,Maybe,Neutral,Took longer than I expected.,استغرقت وقتاً أطول مما توقعت.
CS-01556,2026-02-01,2026-02-01,Makkah,MAK,Business & Licensing,Mobile App,Citizen,35-44,5,5,10,1,Yes,Positive,Clear steps and instant confirmation.,أسهل بكثير من زيارة الفرع.
CS-01557,2026-03-03,2026-03-01,Eastern Province,EAS,Health Services,Call Center,Citizen,25-34,4,3,9,1,Yes,Positive,"No paperwork needed, very good service.",تسجيل الدخول عبر نفاذ عمل من أول مرة.
CS-01558,2026-05-06,2026-05-01,Riyadh,RIY,Identity & Civil Affairs,Mobile App,Citizen,65+,5,4,10,1,Yes,Positive,The Nafath login worked first time.,تسجيل الدخول عبر نفاذ عمل من أول مرة.
CS-01559,2026-02-12,2026-02-01,Asir,ASR,Social Support & Subsidies,Mobile App,Citizen,45-54,5,5,8,1,Yes,Positive,Clear steps and instant confirmation.,أنهيت المعاملة عبر الجوال خلال دقيقتين.
CS-01560,2026-05-08,2026-05-01,Makkah,MAK,Education & Training,Web Portal,Citizen,35-44,5,5,10,1,Yes,Positive,Finished it on my phone in two minutes.,الخطوات واضحة والتأكيد فوري.
CS-01561,2026-03-18,2026-03-01,Eastern Province,EAS,Health Services,Mobile App,Citizen,18-24,5,5,9,1,Yes,Positive,"No paperwork needed, very good service.",أنهيت المعاملة عبر الجوال خلال دقيقتين.
CS-01562,2026-05-25,2026-05-01,Asir,ASR,Health Services,Web Portal,Citizen,35-44,5,5,8,1,Yes,Positive,Much easier than going to the branch.,أنهيت المعاملة عبر الجوال خلال دقيقتين.
CS-01563,2026-02-11,2026-02-01,Asir,ASR,Municipal Services,Branch,Resident,18-24,4,3,9,1,Yes,Positive,"No paperwork needed, very good service.",أسهل بكثير من زيارة الفرع.
CS-01564,2026-01-13,2026-01-01,Makkah,MAK,Labour & HR Services,Call Center,Citizen,45-54,2,2,2,0,No,Negative,No Arabic option on one of the screens.,فشل التحقق ثلاث مرات فاضطررت للتوقف.
CS-01565,2026-04-19,2026-04-01,Al-Baha,BAH,Social Support & Subsidies,Branch,Citizen,25-34,3,2,5,0,Maybe,Neutral,It worked but the wording was confusing.,استغرقت وقتاً أطول مما توقعت.
CS-01566,2026-06-07,2026-06-01,Asir,ASR,Education & Training,Mobile App,Citizen,35-44,4,4,8,1,Yes,Positive,Much easier than going to the branch.,أسهل بكثير من زيارة الفرع.
CS-01567,2026-05-27,2026-05-01,Riyadh,RIY,Identity & Civil Affairs,Mobile App,Citizen,35-44,5,4,9,0,Yes,Positive,Finished it on my phone in two minutes.,أسهل بكثير من زيارة الفرع.
CS-01568,2026-06-28,2026-06-01,Eastern Province,EAS,Education & Training,Branch,Citizen,65+,5,5,10,1,Yes,Positive,The Nafath login worked first time.,أسهل بكثير من زيارة الفرع.
CS-01569,2026-06-09,2026-06-01,Al-Jouf,JOF,Traffic & Transport,Mobile App,Resident,35-44,4,5,7,1,Yes,Positive,The Nafath login worked first time.,الخطوات واضحة والتأكيد فوري.
CS-01570,2026-01-26,2026-01-01,Asir,ASR,Municipal Services,Mobile App,Resident,35-44,4,5,10,1,Yes,Positive,The Nafath login worked first time.,الخطوات واضحة والتأكيد فوري.
CS-01571,2026-01-13,2026-01-01,Riyadh,RIY,Labour & HR Services,Mobile App,Resident,25-34,4,4,7,0,Yes,Positive,"No paperwork needed, very good service.",أسهل بكثير من زيارة الفرع.
CS-01572,2026-03-23,2026-03-01,Makkah,MAK,Health Services,Mobile App,Citizen,35-44,5,5,9,1,Yes,Positive,Much easier than going to the branch.,أسهل بكثير من زيارة الفرع.
CS-01573,2026-02-09,2026-02-01,Eastern Province,EAS,Business & Licensing,Web Portal,Resident,35-44,5,4,9,1,Yes,Positive,"No paperwork needed, very good service.",أنهيت المعاملة عبر الجوال خلال دقيقتين.
CS-01574,2026-04-20,2026-04-01,Tabuk,TBK,Health Services,Call Center,Citizen,25-34,4,5,7,1,Yes,Positive,Clear steps and instant confirmation.,تسجيل الدخول عبر نفاذ عمل من أول مرة.
CS-01575,2026-04-03,2026-04-01,Riyadh,RIY,Justice & Notary,Mobile App,Business,55-64,4,4,6,1,Yes,Positive,The Nafath login worked first time.,الخطوات واضحة والتأكيد فوري.
CS-01576,2026-06-26,2026-06-01,Riyadh,RIY,Traffic & Transport,Mobile App,Resident,35-44,4,5,6,1,Yes,Positive,Much easier than going to the branch.,أنهيت المعاملة عبر الجوال خلال دقيقتين.
CS-01577,2026-01-10,2026-01-01,Makkah,MAK,Social Support & Subsidies,Mobile App,Resident,35-44,5,5,9,1,Yes,Positive,Clear steps and instant confirmation.,تسجيل الدخول عبر نفاذ عمل من أول مرة.
CS-01578,2026-03-10,2026-03-01,Riyadh,RIY,Education & Training,Mobile App,Citizen,25-34,5,5,10,1,Yes,Positive,Finished it on my phone in two minutes.,الخطوات واضحة والتأكيد فوري.
CS-01579,2026-02-26,2026-02-01,Madinah,MAD,Business & Licensing,Mobile App,Resident,25-34,4,4,6,1,Yes,Positive,The Nafath login worked first time.,الخطوات واضحة والتأكيد فوري.
CS-01580,2026-04-13,2026-04-01,Makkah,MAK,Business & Licensing,Call Center,Citizen,45-54,3,4,7,1,Maybe,Neutral,It worked but the wording was confusing.,استغرقت وقتاً أطول مما توقعت.
CS-01581,2026-02-03,2026-02-01,Madinah,MAD,Municipal Services,Mobile App,Citizen,55-64,3,2,7,0,Maybe,Neutral,It worked but the wording was confusing.,تمت الخدمة لكن الصياغة غير واضحة.
CS-01582,2026-05-01,2026-05-01,Eastern Province,EAS,Labour & HR Services,Mobile App,Citizen,35-44,4,5,10,1,Yes,Positive,The Nafath login worked first time.,تسجيل الدخول عبر نفاذ عمل من أول مرة.
CS-01583,2026-05-23,2026-05-01,Eastern Province,EAS,Identity & Civil Affairs,Mobile App,Citizen,55-64,4,3,8,1,Yes,Positive,"No paperwork needed, very good service.",تسجيل الدخول عبر نفاذ عمل من أول مرة.
CS-01584,2026-05-27,2026-05-01,Makkah,MAK,Identity & Civil Affairs,Mobile App,Citizen,45-54,4,5,8,0,Yes,Positive,Finished it on my phone in two minutes.,أنهيت المعاملة عبر الجوال خلال دقيقتين.
CS-01585,2026-05-10,2026-05-01,Madinah,MAD,Business & Licensing,Web Portal,Citizen,35-44,4,3,7,1,Yes,Positive,Much easier than going to the branch.,أسهل بكثير من زيارة الفرع.
CS-01586,2026-04-07,2026-04-01,Makkah,MAK,Education & Training,Mobile App,Citizen,25-34,4,5,9,1,Yes,Positive,Finished it on my phone in two minutes.,تسجيل الدخول عبر نفاذ عمل من أول مرة.
CS-01587,2026-05-15,2026-05-01,Najran,NJR,Health Services,Mobile App,Resident,25-34,5,5,10,1,Yes,Positive,"No paperwork needed, very good service.",أسهل بكثير من زيارة الفرع.
CS-01588,2026-03-13,2026-03-01,Qassim,QSM,Education & Training,Mobile App,Citizen,25-34,5,4,10,1,Yes,Positive,Clear steps and instant confirmation.,أنهيت المعاملة عبر الجوال خلال دقيقتين.
CS-01589,2026-06-11,2026-06-01,Qassim,QSM,Municipal Services,Mobile App,Resident,18-24,4,5,10,0,Yes,Positive,Finished it on my phone in two minutes.,أنهيت المعاملة عبر الجوال خلال دقيقتين.
CS-01590,2026-06-02,2026-06-01,Makkah,MAK,Identity & Civil Affairs,Mobile App,Resident,18-24,5,5,10,1,Yes,Positive,Finished it on my phone in two minutes.,الخطوات واضحة والتأكيد فوري.
CS-01591,2026-05-09,2026-05-01,Makkah,MAK,Health Services,Mobile App,Citizen,45-54,5,4,8,1,Yes,Positive,Clear steps and instant confirmation.,تسجيل الدخول عبر نفاذ عمل من أول مرة.
CS-01592,2026-06-15,2026-06-01,Jazan,JZN,Justice & Notary,Mobile App,Resident,18-24,5,4,10,1,Yes,Positive,Clear steps and instant confirmation.,الخطوات واضحة والتأكيد فوري.
CS-01593,2026-02-15,2026-02-01,Makkah,MAK,Health Services,Web Portal,Citizen,25-34,3,2,8,0,Maybe,Neutral,Took longer than I expected.,استغرقت وقتاً أطول مما توقعت.
CS-01594,2026-06-13,2026-06-01,Qassim,QSM,Traffic & Transport,Branch,Citizen,18-24,4,4,9,1,Yes,Positive,Clear steps and instant confirmation.,الخطوات واضحة والتأكيد فوري.
CS-01595,2026-06-16,2026-06-01,Makkah,MAK,Identity & Civil Affairs,Mobile App,Resident,25-34,5,4,10,1,Yes,Positive,Clear steps and instant confirmation.,أسهل بكثير من زيارة الفرع.
CS-01596,2026-03-25,2026-03-01,Riyadh,RIY,Education & Training,Web Portal,Citizen,25-34,5,5,8,1,Yes,Positive,Much easier than going to the branch.,أنهيت المعاملة عبر الجوال خلال دقيقتين.
CS-01597,2026-06-25,2026-06-01,Jazan,JZN,Health Services,Web Portal,Resident,35-44,4,5,7,1,Yes,Positive,The Nafath login worked first time.,أنهيت المعاملة عبر الجوال خلال دقيقتين.
CS-01598,2026-01-08,2026-01-01,Madinah,MAD,Health Services,Web Portal,Citizen,35-44,4,3,6,1,Yes,Positive,Much easier than going to the branch.,أنهيت المعاملة عبر الجوال خلال دقيقتين.
CS-01599,2026-05-10,2026-05-01,Qassim,QSM,Traffic & Transport,Web Portal,Resident,55-64,2,1,5,0,No,Negative,I had to visit the branch anyway.,رفع المستند يُرفض باستمرار.
CS-01600,2026-05-09,2026-05-01,Eastern Province,EAS,Municipal Services,Web Portal,Citizen,25-34,4,4,6,1,Yes,Positive,Finished it on my phone in two minutes.,أنهيت المعاملة عبر الجوال خلال دقيقتين.
CS-01601,2026-05-27,2026-05-01,Makkah,MAK,Municipal Services,Mobile App,Citizen,55-64,5,5,9,1,Yes,Positive,Much easier than going to the branch.,الخطوات واضحة والتأكيد فوري.
CS-01602,2026-05-27,2026-05-01,Madinah,MAD,Health Services,Web Portal,Citizen,18-24,3,4,4,0,Maybe,Neutral,It worked but the wording was confusing.,استغرقت وقتاً أطول مما توقعت.
CS-01603,2026-01-16,2026-01-01,Riyadh,RIY,Identity & Civil Affairs,Mobile App,Citizen,65+,5,5,10,1,Yes,Positive,"No paperwork needed, very good service.",تسجيل الدخول عبر نفاذ عمل من أول مرة.
CS-01604,2026-02-07,2026-02-01,Makkah,MAK,Municipal Services,Call Center,Citizen,45-54,3,2,5,1,Maybe,Neutral,"Fine, though I had to call to confirm.",مقبولة لكن اضطررت للاتصال للتأكيد.
CS-01605,2026-04-21,2026-04-01,Makkah,MAK,Municipal Services,Call Center,Citizen,25-34,4,3,10,1,Yes,Positive,Finished it on my phone in two minutes.,الخطوات واضحة والتأكيد فوري.
CS-01606,2026-01-14,2026-01-01,Hail,HAL,Health Services,Web Portal,Citizen,45-54,4,3,7,1,Yes,Positive,The Nafath login worked first time.,تسجيل الدخول عبر نفاذ عمل من أول مرة.
CS-01607,2026-04-17,2026-04-01,Madinah,MAD,Education & Training,Mobile App,Citizen,25-34,5,4,8,1,Yes,Positive,"No paperwork needed, very good service.",أنهيت المعاملة عبر الجوال خلال دقيقتين.
CS-01608,2026-05-03,2026-05-01,Riyadh,RIY,Identity & Civil Affairs,Call Center,Citizen,25-34,4,4,6,1,Yes,Positive,"No paperwork needed, very good service.",أسهل بكثير من زيارة الفرع.
CS-01609,2026-04-07,2026-04-01,Riyadh,RIY,Traffic & Transport,Mobile App,Resident,45-54,5,5,10,0,Yes,Positive,"No paperwork needed, very good service.",أسهل بكثير من زيارة الفرع.
CS-01610,2026-05-21,2026-05-01,Makkah,MAK,Health Services,Mobile App,Citizen,25-34,4,3,9,1,Yes,Positive,Much easier than going to the branch.,الخطوات واضحة والتأكيد فوري.
CS-01611,2026-03-19,2026-03-01,Riyadh,RIY,Identity & Civil Affairs,Call Center,Business,45-54,3,2,8,0,Maybe,Neutral,It worked but the wording was confusing.,تمت الخدمة لكن الصياغة غير واضحة.
CS-01612,2026-03-06,2026-03-01,Jazan,JZN,Business & Licensing,Mobile App,Citizen,25-34,3,3,6,0,Maybe,Neutral,Took longer than I expected.,استغرقت وقتاً أطول مما توقعت.
CS-01613,2026-05-06,2026-05-01,Makkah,MAK,Business & Licensing,Web Portal,Resident,18-24,5,4,10,1,Yes,Positive,The Nafath login worked first time.,الخطوات واضحة والتأكيد فوري.
CS-01614,2026-05-03,2026-05-01,Riyadh,RIY,Justice & Notary,Call Center,Citizen,18-24,4,4,9,1,Yes,Positive,Finished it on my phone in two minutes.,تسجيل الدخول عبر نفاذ عمل من أول مرة.
CS-01615,2026-01-21,2026-01-01,Makkah,MAK,Education & Training,Mobile App,Citizen,35-44,5,5,10,1,Yes,Positive,Clear steps and instant confirmation.,الخطوات واضحة والتأكيد فوري.
CS-01616,2026-04-11,2026-04-01,Asir,ASR,Education & Training,Branch,Resident,45-54,3,2,5,0,Maybe,Neutral,Took longer than I expected.,استغرقت وقتاً أطول مما توقعت.
CS-01617,2026-02-07,2026-02-01,Al-Baha,BAH,Education & Training,Branch,Citizen,35-44,3,3,4,0,Maybe,Neutral,Acceptable but the receipt was hard to find.,استغرقت وقتاً أطول مما توقعت.
CS-01618,2026-03-11,2026-03-01,Riyadh,RIY,Education & Training,Branch,Resident,18-24,3,4,4,0,Maybe,Neutral,Acceptable but the receipt was hard to find.,مقبولة لكن اضطررت للاتصال للتأكيد.
CS-01619,2026-05-23,2026-05-01,Makkah,MAK,Municipal Services,Call Center,Citizen,25-34,5,4,10,1,Yes,Positive,The Nafath login worked first time.,أنهيت المعاملة عبر الجوال خلال دقيقتين.
CS-01620,2026-01-07,2026-01-01,Riyadh,RIY,Social Support & Subsidies,Branch,Citizen,18-24,4,3,6,1,Yes,Positive,Clear steps and instant confirmation.,الخطوات واضحة والتأكيد فوري.
CS-01621,2026-03-04,2026-03-01,Makkah,MAK,Health Services,Mobile App,Resident,55-64,4,5,10,1,Yes,Positive,Clear steps and instant confirmation.,الخطوات واضحة والتأكيد فوري.
CS-01622,2026-05-16,2026-05-01,Riyadh,RIY,Labour & HR Services,Web Portal,Citizen,45-54,5,5,8,0,Yes,Positive,Much easier than going to the branch.,الخطوات واضحة والتأكيد فوري.
CS-01623,2026-06-13,2026-06-01,Makkah,MAK,Social Support & Subsidies,Branch,Citizen,45-54,3,2,7,0,Maybe,Neutral,It worked but the wording was confusing.,تمت الخدمة لكن الصياغة غير واضحة.
CS-01624,2026-06-24,2026-06-01,Riyadh,RIY,Traffic & Transport,Mobile App,Citizen,25-34,5,5,8,1,Yes,Positive,Much easier than going to the branch.,الخطوات واضحة والتأكيد فوري.
CS-01625,2026-03-19,2026-03-01,Riyadh,RIY,Business & Licensing,Call Center,Business,25-34,3,2,7,0,Maybe,Neutral,It worked but the wording was confusing.,تمت الخدمة لكن الصياغة غير واضحة.
CS-01626,2026-03-08,2026-03-01,Makkah,MAK,Municipal Services,Call Center,Citizen,45-54,4,5,10,1,Yes,Positive,Clear steps and instant confirmation.,أنهيت المعاملة عبر الجوال خلال دقيقتين.
CS-01627,2026-05-26,2026-05-01,Makkah,MAK,Identity & Civil Affairs,Web Portal,Citizen,35-44,4,4,6,1,Yes,Positive,Clear steps and instant confirmation.,أنهيت المعاملة عبر الجوال خلال دقيقتين.
CS-01628,2026-01-18,2026-01-01,Makkah,MAK,Health Services,Branch,Citizen,18-24,4,4,8,1,Yes,Positive,Finished it on my phone in two minutes.,أسهل بكثير من زيارة الفرع.
CS-01629,2026-01-12,2026-01-01,Makkah,MAK,Identity & Civil Affairs,Branch,Business,45-54,4,5,8,1,Yes,Positive,Finished it on my phone in two minutes.,الخطوات واضحة والتأكيد فوري.
CS-01630,2026-02-11,2026-02-01,Makkah,MAK,Business & Licensing,Mobile App,Citizen,35-44,3,3,7,1,Maybe,Neutral,"Fine, though I had to call to confirm.",مقبولة لكن اضطررت للاتصال للتأكيد.
CS-01631,2026-05-15,2026-05-01,Qassim,QSM,Identity & Civil Affairs,Web Portal,Citizen,35-44,4,5,9,1,Yes,Positive,The Nafath login worked first time.,أنهيت المعاملة عبر الجوال خلال دقيقتين.
CS-01632,2026-03-06,2026-03-01,Makkah,MAK,Traffic & Transport,Branch,Citizen,18-24,3,2,5,0,Maybe,Neutral,Took longer than I expected.,تمت الخدمة لكن الصياغة غير واضحة.
CS-01633,2026-05-24,2026-05-01,Eastern Province,EAS,Labour & HR Services,Mobile App,Citizen,35-44,5,5,10,1,Yes,Positive,The Nafath login worked first time.,الخطوات واضحة والتأكيد فوري.
CS-01634,2026-01-27,2026-01-01,Makkah,MAK,Traffic & Transport,Call Center,Citizen,55-64,4,5,9,1,Yes,Positive,"No paperwork needed, very good service.",أنهيت المعاملة عبر الجوال خلال دقيقتين.
CS-01635,2026-05-28,2026-05-01,Asir,ASR,Education & Training,Web Portal,Citizen,25-34,4,4,9,1,Yes,Positive,Finished it on my phone in two minutes.,أسهل بكثير من زيارة الفرع.
CS-01636,2026-05-17,2026-05-01,Tabuk,TBK,Justice & Notary,Call Center,Business,45-54,4,4,10,1,Yes,Positive,Much easier than going to the branch.,أنهيت المعاملة عبر الجوال خلال دقيقتين.
CS-01637,2026-01-23,2026-01-01,Makkah,MAK,Labour & HR Services,Web Portal,Resident,35-44,5,4,10,1,Yes,Positive,Finished it on my phone in two minutes.,أسهل بكثير من زيارة الفرع.
CS-01638,2026-01-02,2026-01-01,Makkah,MAK,Social Support & Subsidies,Branch,Business,55-64,3,4,8,0,Maybe,Neutral,Took longer than I expected.,تمت الخدمة لكن الصياغة غير واضحة.
CS-01639,2026-04-21,2026-04-01,Makkah,MAK,Labour & HR Services,Web Portal,Citizen,25-34,3,2,4,1,Maybe,Neutral,Took longer than I expected.,استغرقت وقتاً أطول مما توقعت.
CS-01640,2026-04-26,2026-04-01,Madinah,MAD,Health Services,Branch,Citizen,18-24,3,3,4,1,Maybe,Neutral,"Fine, though I had to call to confirm.",تمت الخدمة لكن الصياغة غير واضحة.
CS-01641,2026-05-11,2026-05-01,Hail,HAL,Health Services,Mobile App,Citizen,45-54,4,4,9,1,Yes,Positive,Clear steps and instant confirmation.,تسجيل الدخول عبر نفاذ عمل من أول مرة.
CS-01642,2026-04-27,2026-04-01,Eastern Province,EAS,Traffic & Transport,Mobile App,Citizen,18-24,5,4,10,1,Yes,Positive,Finished it on my phone in two minutes.,تسجيل الدخول عبر نفاذ عمل من أول مرة.
CS-01643,2026-03-14,2026-03-01,Riyadh,RIY,Municipal Services,Web Portal,Citizen,18-24,3,2,6,1,Maybe,Neutral,"Fine, though I had to call to confirm.",مقبولة لكن اضطررت للاتصال للتأكيد.
CS-01644,2026-04-23,2026-04-01,Madinah,MAD,Business & Licensing,Mobile App,Citizen,18-24,5,5,10,1,Yes,Positive,"No paperwork needed, very good service.",أنهيت المعاملة عبر الجوال خلال دقيقتين.
CS-01645,2026-04-06,2026-04-01,Qassim,QSM,Traffic & Transport,Web Portal,Resident,18-24,5,5,10,1,Yes,Positive,Finished it on my phone in two minutes.,الخطوات واضحة والتأكيد فوري.
CS-01646,2026-02-15,2026-02-01,Riyadh,RIY,Labour & HR Services,Branch,Citizen,25-34,4,4,8,1,Yes,Positive,The Nafath login worked first time.,الخطوات واضحة والتأكيد فوري.
CS-01647,2026-01-11,2026-01-01,Makkah,MAK,Traffic & Transport,Mobile App,Resident,35-44,4,5,9,1,Yes,Positive,Much easier than going to the branch.,أنهيت المعاملة عبر الجوال خلال دقيقتين.
CS-01648,2026-04-24,2026-04-01,Asir,ASR,Education & Training,Call Center,Citizen,25-34,3,4,7,1,Maybe,Neutral,It worked but the wording was confusing.,مقبولة لكن اضطررت للاتصال للتأكيد.
CS-01649,2026-05-20,2026-05-01,Makkah,MAK,Identity & Civil Affairs,Mobile App,Citizen,25-34,4,3,7,1,Yes,Positive,The Nafath login worked first time.,أنهيت المعاملة عبر الجوال خلال دقيقتين.
CS-01650,2026-02-12,2026-02-01,Riyadh,RIY,Health Services,Mobile App,Citizen,25-34,4,4,7,1,Yes,Positive,"No paperwork needed, very good service.",أسهل بكثير من زيارة الفرع.
CS-01651,2026-05-18,2026-05-01,Riyadh,RIY,Identity & Civil Affairs,Mobile App,Citizen,55-64,4,4,9,1,Yes,Positive,Clear steps and instant confirmation.,أنهيت المعاملة عبر الجوال خلال دقيقتين.
CS-01652,2026-05-11,2026-05-01,Qassim,QSM,Traffic & Transport,Mobile App,Business,25-34,3,2,7,0,Maybe,Neutral,"Fine, though I had to call to confirm.",استغرقت وقتاً أطول مما توقعت.
CS-01653,2026-01-04,2026-01-01,Madinah,MAD,Social Support & Subsidies,Web Portal,Business,55-64,4,5,6,1,Yes,Positive,Finished it on my phone in two minutes.,الخطوات واضحة والتأكيد فوري.
CS-01654,2026-05-19,2026-05-01,Asir,ASR,Traffic & Transport,Call Center,Citizen,25-34,4,5,8,1,Yes,Positive,Clear steps and instant confirmation.,أسهل بكثير من زيارة الفرع.
CS-01655,2026-06-14,2026-06-01,Eastern Province,EAS,Labour & HR Services,Call Center,Resident,18-24,4,3,7,1,Yes,Positive,Clear steps and instant confirmation.,الخطوات واضحة والتأكيد فوري.
CS-01656,2026-06-28,2026-06-01,Riyadh,RIY,Identity & Civil Affairs,Branch,Citizen,25-34,5,5,10,1,Yes,Positive,Much easier than going to the branch.,أنهيت المعاملة عبر الجوال خلال دقيقتين.
CS-01657,2026-01-10,2026-01-01,Makkah,MAK,Identity & Civil Affairs,Branch,Citizen,35-44,3,4,8,0,Maybe,Neutral,Acceptable but the receipt was hard to find.,مقبولة لكن اضطررت للاتصال للتأكيد.
CS-01658,2026-02-02,2026-02-01,Madinah,MAD,Business & Licensing,Branch,Resident,65+,2,1,4,1,No,Negative,No Arabic option on one of the screens.,اضطررت لزيارة الفرع رغم ذلك.
CS-01659,2026-04-22,2026-04-01,Makkah,MAK,Identity & Civil Affairs,Mobile App,Citizen,35-44,4,4,7,1,Yes,Positive,Much easier than going to the branch.,أنهيت المعاملة عبر الجوال خلال دقيقتين.
CS-01660,2026-03-08,2026-03-01,Makkah,MAK,Social Support & Subsidies,Web Portal,Citizen,18-24,5,5,10,1,Yes,Positive,Finished it on my phone in two minutes.,أنهيت المعاملة عبر الجوال خلال دقيقتين.
CS-01661,2026-02-07,2026-02-01,Riyadh,RIY,Social Support & Subsidies,Branch,Citizen,25-34,5,5,10,1,Yes,Positive,The Nafath login worked first time.,أنهيت المعاملة عبر الجوال خلال دقيقتين.
CS-01662,2026-02-08,2026-02-01,Riyadh,RIY,Municipal Services,Web Portal,Resident,35-44,4,5,9,0,Yes,Positive,Much easier than going to the branch.,أسهل بكثير من زيارة الفرع.
CS-01663,2026-03-27,2026-03-01,Makkah,MAK,Identity & Civil Affairs,Mobile App,Citizen,45-54,5,5,8,1,Yes,Positive,Clear steps and instant confirmation.,الخطوات واضحة والتأكيد فوري.
CS-01664,2026-06-08,2026-06-01,Asir,ASR,Identity & Civil Affairs,Web Portal,Resident,35-44,5,5,8,1,Yes,Positive,"No paperwork needed, very good service.",الخطوات واضحة والتأكيد فوري.
CS-01665,2026-06-23,2026-06-01,Makkah,MAK,Labour & HR Services,Web Portal,Citizen,18-24,3,4,7,1,Maybe,Neutral,"Fine, though I had to call to confirm.",تمت الخدمة لكن الصياغة غير واضحة.
CS-01666,2026-05-11,2026-05-01,Asir,ASR,Labour & HR Services,Branch,Citizen,25-34,3,2,7,1,Maybe,Neutral,"Fine, though I had to call to confirm.",تمت الخدمة لكن الصياغة غير واضحة.
CS-01667,2026-04-22,2026-04-01,Madinah,MAD,Justice & Notary,Call Center,Resident,18-24,3,4,6,0,Maybe,Neutral,Took longer than I expected.,تمت الخدمة لكن الصياغة غير واضحة.
CS-01668,2026-01-25,2026-01-01,Makkah,MAK,Identity & Civil Affairs,Web Portal,Business,25-34,4,4,6,1,Yes,Positive,"No paperwork needed, very good service.",أسهل بكثير من زيارة الفرع.
CS-01669,2026-04-20,2026-04-01,Jazan,JZN,Education & Training,Mobile App,Citizen,25-34,4,5,10,1,Yes,Positive,Clear steps and instant confirmation.,أسهل بكثير من زيارة الفرع.
CS-01670,2026-05-02,2026-05-01,Hail,HAL,Identity & Civil Affairs,Branch,Resident,18-24,3,2,4,1,Maybe,Neutral,Took longer than I expected.,تمت الخدمة لكن الصياغة غير واضحة.
CS-01671,2026-05-08,2026-05-01,Riyadh,RIY,Traffic & Transport,Mobile App,Business,45-54,4,5,9,1,Yes,Positive,Finished it on my phone in two minutes.,الخطوات واضحة والتأكيد فوري.
CS-01672,2026-05-05,2026-05-01,Riyadh,RIY,Health Services,Mobile App,Business,25-34,5,5,10,1,Yes,Positive,Clear steps and instant confirmation.,تسجيل الدخول عبر نفاذ عمل من أول مرة.
CS-01673,2026-01-19,2026-01-01,Hail,HAL,Municipal Services,Call Center,Resident,35-44,4,3,10,1,Yes,Positive,"No paperwork needed, very good service.",أسهل بكثير من زيارة الفرع.
CS-01674,2026-02-12,2026-02-01,Tabuk,TBK,Health Services,Mobile App,Business,55-64,5,5,9,1,Yes,Positive,Much easier than going to the branch.,أسهل بكثير من زيارة الفرع.
CS-01675,2026-06-19,2026-06-01,Riyadh,RIY,Labour & HR Services,Mobile App,Citizen,18-24,4,4,8,1,Yes,Positive,"No paperwork needed, very good service.",أنهيت المعاملة عبر الجوال خلال دقيقتين.
CS-01676,2026-02-21,2026-02-01,Eastern Province,EAS,Traffic & Transport,Mobile App,Business,25-34,5,5,10,0,Yes,Positive,"No paperwork needed, very good service.",تسجيل الدخول عبر نفاذ عمل من أول مرة.
CS-01677,2026-03-15,2026-03-01,Makkah,MAK,Identity & Civil Affairs,Mobile App,Citizen,25-34,4,5,8,1,Yes,Positive,Finished it on my phone in two minutes.,تسجيل الدخول عبر نفاذ عمل من أول مرة.
CS-01678,2026-04-26,2026-04-01,Makkah,MAK,Justice & Notary,Call Center,Citizen,35-44,5,5,10,1,Yes,Positive,Much easier than going to the branch.,تسجيل الدخول عبر نفاذ عمل من أول مرة.
CS-01679,2026-04-06,2026-04-01,Qassim,QSM,Health Services,Web Portal,Citizen,25-34,4,3,10,1,Yes,Positive,Clear steps and instant confirmation.,الخطوات واضحة والتأكيد فوري.
CS-01680,2026-01-17,2026-01-01,Asir,ASR,Health Services,Call Center,Citizen,35-44,4,4,6,1,Yes,Positive,The Nafath login worked first time.,أنهيت المعاملة عبر الجوال خلال دقيقتين.
CS-01681,2026-06-12,2026-06-01,Riyadh,RIY,Justice & Notary,Call Center,Resident,35-44,5,5,9,1,Yes,Positive,Much easier than going to the branch.,أسهل بكثير من زيارة الفرع.
CS-01682,2026-04-27,2026-04-01,Al-Jouf,JOF,Health Services,Mobile App,Resident,55-64,5,5,10,1,Yes,Positive,"No paperwork needed, very good service.",تسجيل الدخول عبر نفاذ عمل من أول مرة.
CS-01683,2026-04-10,2026-04-01,Northern Borders,NBR,Labour & HR Services,Mobile App,Resident,25-34,5,5,9,1,Yes,Positive,Much easier than going to the branch.,الخطوات واضحة والتأكيد فوري.
CS-01684,2026-03-12,2026-03-01,Asir,ASR,Municipal Services,Mobile App,Citizen,45-54,4,3,10,1,Yes,Positive,Much easier than going to the branch.,الخطوات واضحة والتأكيد فوري.
CS-01685,2026-06-12,2026-06-01,Riyadh,RIY,Identity & Civil Affairs,Web Portal,Citizen,25-34,4,3,10,1,Yes,Positive,"No paperwork needed, very good service.",أنهيت المعاملة عبر الجوال خلال دقيقتين.
CS-01686,2026-01-15,2026-01-01,Eastern Province,EAS,Identity & Civil Affairs,Web Portal,Citizen,45-54,4,3,9,1,Yes,Positive,"No paperwork needed, very good service.",الخطوات واضحة والتأكيد فوري.
CS-01687,2026-06-18,2026-06-01,Asir,ASR,Justice & Notary,Mobile App,Business,35-44,5,5,10,1,Yes,Positive,Much easier than going to the branch.,أسهل بكثير من زيارة الفرع.
CS-01688,2026-05-01,2026-05-01,Makkah,MAK,Business & Licensing,Mobile App,Citizen,25-34,2,3,2,0,No,Negative,No Arabic option on one of the screens.,انتظرت أربعين دقيقة ثم أُغلق الشباك.
CS-01689,2026-04-27,2026-04-01,Tabuk,TBK,Labour & HR Services,Mobile App,Citizen,45-54,3,4,8,0,Maybe,Neutral,Took longer than I expected.,مقبولة لكن اضطررت للاتصال للتأكيد.
CS-01690,2026-02-10,2026-02-01,Makkah,MAK,Labour & HR Services,Mobile App,Citizen,65+,5,5,8,1,Yes,Positive,Clear steps and instant confirmation.,تسجيل الدخول عبر نفاذ عمل من أول مرة.
CS-01691,2026-02-10,2026-02-01,Asir,ASR,Social Support & Subsidies,Mobile App,Citizen,25-34,5,4,10,1,Yes,Positive,The Nafath login worked first time.,الخطوات واضحة والتأكيد فوري.
CS-01692,2026-06-14,2026-06-01,Riyadh,RIY,Municipal Services,Mobile App,Citizen,18-24,4,3,6,0,Yes,Positive,Finished it on my phone in two minutes.,تسجيل الدخول عبر نفاذ عمل من أول مرة.
CS-01693,2026-02-15,2026-02-01,Eastern Province,EAS,Health Services,Mobile App,Citizen,25-34,5,5,8,1,Yes,Positive,Much easier than going to the branch.,الخطوات واضحة والتأكيد فوري.
CS-01694,2026-03-06,2026-03-01,Makkah,MAK,Business & Licensing,Mobile App,Citizen,35-44,3,2,8,0,Maybe,Neutral,It worked but the wording was confusing.,تمت الخدمة لكن الصياغة غير واضحة.
CS-01695,2026-04-05,2026-04-01,Riyadh,RIY,Health Services,Mobile App,Resident,55-64,5,5,9,0,Yes,Positive,"No paperwork needed, very good service.",أسهل بكثير من زيارة الفرع.
CS-01696,2026-01-12,2026-01-01,Qassim,QSM,Justice & Notary,Web Portal,Citizen,18-24,4,4,7,1,Yes,Positive,The Nafath login worked first time.,تسجيل الدخول عبر نفاذ عمل من أول مرة.
CS-01697,2026-03-22,2026-03-01,Makkah,MAK,Labour & HR Services,Mobile App,Citizen,65+,3,2,5,1,Maybe,Neutral,"Fine, though I had to call to confirm.",مقبولة لكن اضطررت للاتصال للتأكيد.
CS-01698,2026-06-09,2026-06-01,Eastern Province,EAS,Traffic & Transport,Mobile App,Citizen,18-24,4,3,8,1,Yes,Positive,The Nafath login worked first time.,تسجيل الدخول عبر نفاذ عمل من أول مرة.
CS-01699,2026-03-21,2026-03-01,Eastern Province,EAS,Education & Training,Web Portal,Citizen,25-34,5,5,8,1,Yes,Positive,Clear steps and instant confirmation.,أنهيت المعاملة عبر الجوال خلال دقيقتين.
CS-01700,2026-04-08,2026-04-01,Northern Borders,NBR,Identity & Civil Affairs,Mobile App,Citizen,25-34,5,5,10,1,Yes,Positive,"No paperwork needed, very good service.",تسجيل الدخول عبر نفاذ عمل من أول مرة.
CS-01701,2026-05-20,2026-05-01,Asir,ASR,Traffic & Transport,Mobile App,Resident,35-44,5,5,9,1,Yes,Positive,"No paperwork needed, very good service.",أسهل بكثير من زيارة الفرع.
CS-01702,2026-03-18,2026-03-01,Riyadh,RIY,Health Services,Mobile App,Resident,25-34,5,5,9,1,Yes,Positive,The Nafath login worked first time.,تسجيل الدخول عبر نفاذ عمل من أول مرة.
CS-01703,2026-03-03,2026-03-01,Riyadh,RIY,Traffic & Transport,Call Center,Citizen,18-24,3,3,6,1,Maybe,Neutral,Acceptable but the receipt was hard to find.,تمت الخدمة لكن الصياغة غير واضحة.
CS-01704,2026-01-01,2026-01-01,Asir,ASR,Traffic & Transport,Branch,Citizen,25-34,4,5,6,1,Yes,Positive,Clear steps and instant confirmation.,تسجيل الدخول عبر نفاذ عمل من أول مرة.
CS-01705,2026-06-19,2026-06-01,Asir,ASR,Traffic & Transport,Call Center,Citizen,18-24,4,3,9,1,Yes,Positive,The Nafath login worked first time.,أسهل بكثير من زيارة الفرع.
CS-01706,2026-05-04,2026-05-01,Riyadh,RIY,Justice & Notary,Call Center,Citizen,35-44,3,3,7,0,Maybe,Neutral,It worked but the wording was confusing.,استغرقت وقتاً أطول مما توقعت.
CS-01707,2026-05-05,2026-05-01,Makkah,MAK,Social Support & Subsidies,Mobile App,Citizen,25-34,5,5,10,1,Yes,Positive,Much easier than going to the branch.,أسهل بكثير من زيارة الفرع.
CS-01708,2026-05-18,2026-05-01,Tabuk,TBK,Labour & HR Services,Mobile App,Citizen,25-34,4,4,10,1,Yes,Positive,Finished it on my phone in two minutes.,تسجيل الدخول عبر نفاذ عمل من أول مرة.
CS-01709,2026-03-27,2026-03-01,Makkah,MAK,Social Support & Subsidies,Mobile App,Citizen,35-44,5,4,10,1,Yes,Positive,"No paperwork needed, very good service.",الخطوات واضحة والتأكيد فوري.
CS-01710,2026-06-05,2026-06-01,Makkah,MAK,Municipal Services,Mobile App,Citizen,65+,5,5,8,1,Yes,Positive,Finished it on my phone in two minutes.,الخطوات واضحة والتأكيد فوري.
CS-01711,2026-04-12,2026-04-01,Makkah,MAK,Justice & Notary,Call Center,Citizen,25-34,4,4,8,1,Yes,Positive,Clear steps and instant confirmation.,تسجيل الدخول عبر نفاذ عمل من أول مرة.
CS-01712,2026-02-02,2026-02-01,Najran,NJR,Education & Training,Call Center,Citizen,45-54,4,4,7,1,Yes,Positive,Much easier than going to the branch.,أنهيت المعاملة عبر الجوال خلال دقيقتين.
CS-01713,2026-05-20,2026-05-01,Riyadh,RIY,Labour & HR Services,Call Center,Business,25-34,3,3,4,0,Maybe,Neutral,It worked but the wording was confusing.,استغرقت وقتاً أطول مما توقعت.
CS-01714,2026-05-21,2026-05-01,Makkah,MAK,Identity & Civil Affairs,Mobile App,Citizen,25-34,4,5,7,1,Yes,Positive,Clear steps and instant confirmation.,أسهل بكثير من زيارة الفرع.
CS-01715,2026-06-24,2026-06-01,Eastern Province,EAS,Traffic & Transport,Mobile App,Citizen,45-54,4,4,7,1,Yes,Positive,Clear steps and instant confirmation.,تسجيل الدخول عبر نفاذ عمل من أول مرة.
CS-01716,2026-02-11,2026-02-01,Makkah,MAK,Municipal Services,Mobile App,Citizen,25-34,5,5,10,1,Yes,Positive,Finished it on my phone in two minutes.,أنهيت المعاملة عبر الجوال خلال دقيقتين.
CS-01717,2026-06-20,2026-06-01,Eastern Province,EAS,Health Services,Web Portal,Citizen,35-44,5,5,9,0,Yes,Positive,Finished it on my phone in two minutes.,أنهيت المعاملة عبر الجوال خلال دقيقتين.
CS-01718,2026-02-11,2026-02-01,Makkah,MAK,Health Services,Branch,Citizen,18-24,3,4,6,1,Maybe,Neutral,It worked but the wording was confusing.,تمت الخدمة لكن الصياغة غير واضحة.
CS-01719,2026-01-27,2026-01-01,Jazan,JZN,Traffic & Transport,Mobile App,Citizen,18-24,4,4,6,1,Yes,Positive,Clear steps and instant confirmation.,تسجيل الدخول عبر نفاذ عمل من أول مرة.
CS-01720,2026-03-26,2026-03-01,Makkah,MAK,Municipal Services,Mobile App,Citizen,25-34,5,5,10,1,Yes,Positive,Much easier than going to the branch.,تسجيل الدخول عبر نفاذ عمل من أول مرة.
CS-01721,2026-05-22,2026-05-01,Qassim,QSM,Identity & Civil Affairs,Branch,Resident,35-44,3,4,5,1,Maybe,Neutral,Acceptable but the receipt was hard to find.,مقبولة لكن اضطررت للاتصال للتأكيد.
CS-01722,2026-01-05,2026-01-01,Makkah,MAK,Identity & Civil Affairs,Branch,Citizen,45-54,5,5,10,1,Yes,Positive,"No paperwork needed, very good service.",الخطوات واضحة والتأكيد فوري.
CS-01723,2026-01-16,2026-01-01,Eastern Province,EAS,Social Support & Subsidies,Mobile App,Resident,25-34,4,4,9,1,Yes,Positive,Much easier than going to the branch.,أسهل بكثير من زيارة الفرع.
CS-01724,2026-03-02,2026-03-01,Makkah,MAK,Traffic & Transport,Mobile App,Resident,18-24,5,5,8,1,Yes,Positive,Finished it on my phone in two minutes.,أنهيت المعاملة عبر الجوال خلال دقيقتين.
CS-01725,2026-02-11,2026-02-01,Eastern Province,EAS,Labour & HR Services,Web Portal,Business,25-34,5,5,10,1,Yes,Positive,Much easier than going to the branch.,تسجيل الدخول عبر نفاذ عمل من أول مرة.
CS-01726,2026-02-17,2026-02-01,Madinah,MAD,Education & Training,Call Center,Citizen,25-34,3,3,7,0,Maybe,Neutral,Acceptable but the receipt was hard to find.,تمت الخدمة لكن الصياغة غير واضحة.
CS-01727,2026-02-02,2026-02-01,Eastern Province,EAS,Social Support & Subsidies,Call Center,Citizen,45-54,5,5,10,1,Yes,Positive,The Nafath login worked first time.,تسجيل الدخول عبر نفاذ عمل من أول مرة.
CS-01728,2026-05-20,2026-05-01,Riyadh,RIY,Health Services,Branch,Citizen,55-64,3,2,8,0,Maybe,Neutral,Took longer than I expected.,استغرقت وقتاً أطول مما توقعت.
CS-01729,2026-05-03,2026-05-01,Asir,ASR,Labour & HR Services,Branch,Resident,18-24,3,2,7,0,Maybe,Neutral,"Fine, though I had to call to confirm.",تمت الخدمة لكن الصياغة غير واضحة.
CS-01730,2026-01-12,2026-01-01,Riyadh,RIY,Municipal Services,Branch,Citizen,45-54,4,3,9,1,Yes,Positive,Much easier than going to the branch.,تسجيل الدخول عبر نفاذ عمل من أول مرة.
CS-01731,2026-02-26,2026-02-01,Riyadh,RIY,Health Services,Branch,Citizen,65+,5,5,8,1,Yes,Positive,Clear steps and instant confirmation.,أنهيت المعاملة عبر الجوال خلال دقيقتين.
CS-01732,2026-01-04,2026-01-01,Makkah,MAK,Health Services,Mobile App,Resident,65+,5,5,10,1,Yes,Positive,"No paperwork needed, very good service.",أنهيت المعاملة عبر الجوال خلال دقيقتين.
CS-01733,2026-02-17,2026-02-01,Hail,HAL,Health Services,Branch,Citizen,18-24,4,3,7,1,Yes,Positive,Clear steps and instant confirmation.,الخطوات واضحة والتأكيد فوري.
CS-01734,2026-06-07,2026-06-01,Makkah,MAK,Traffic & Transport,Branch,Business,18-24,3,4,4,1,Maybe,Neutral,"Fine, though I had to call to confirm.",مقبولة لكن اضطررت للاتصال للتأكيد.
CS-01735,2026-04-07,2026-04-01,Makkah,MAK,Business & Licensing,Mobile App,Citizen,45-54,3,2,6,1,Maybe,Neutral,It worked but the wording was confusing.,تمت الخدمة لكن الصياغة غير واضحة.
CS-01736,2026-04-19,2026-04-01,Hail,HAL,Labour & HR Services,Branch,Resident,45-54,4,5,8,1,Yes,Positive,Clear steps and instant confirmation.,تسجيل الدخول عبر نفاذ عمل من أول مرة.
CS-01737,2026-01-07,2026-01-01,Makkah,MAK,Business & Licensing,Branch,Resident,35-44,3,2,6,0,Maybe,Neutral,"Fine, though I had to call to confirm.",مقبولة لكن اضطررت للاتصال للتأكيد.
CS-01738,2026-04-23,2026-04-01,Northern Borders,NBR,Labour & HR Services,Mobile App,Citizen,25-34,5,4,10,1,Yes,Positive,Clear steps and instant confirmation.,أنهيت المعاملة عبر الجوال خلال دقيقتين.
CS-01739,2026-03-17,2026-03-01,Makkah,MAK,Labour & HR Services,Mobile App,Citizen,35-44,5,5,8,1,Yes,Positive,Finished it on my phone in two minutes.,الخطوات واضحة والتأكيد فوري.
CS-01740,2026-05-17,2026-05-01,Asir,ASR,Business & Licensing,Branch,Citizen,35-44,3,2,6,0,Maybe,Neutral,It worked but the wording was confusing.,استغرقت وقتاً أطول مما توقعت.
CS-01741,2026-03-17,2026-03-01,Asir,ASR,Municipal Services,Branch,Citizen,45-54,4,3,10,1,Yes,Positive,The Nafath login worked first time.,أسهل بكثير من زيارة الفرع.
CS-01742,2026-06-15,2026-06-01,Madinah,MAD,Municipal Services,Web Portal,Business,25-34,4,5,6,1,Yes,Positive,Clear steps and instant confirmation.,الخطوات واضحة والتأكيد فوري.
CS-01743,2026-05-13,2026-05-01,Makkah,MAK,Business & Licensing,Web Portal,Citizen,25-34,4,5,6,1,Yes,Positive,Finished it on my phone in two minutes.,أنهيت المعاملة عبر الجوال خلال دقيقتين.
CS-01744,2026-01-19,2026-01-01,Riyadh,RIY,Labour & HR Services,Mobile App,Citizen,45-54,5,5,9,1,Yes,Positive,The Nafath login worked first time.,تسجيل الدخول عبر نفاذ عمل من أول مرة.
CS-01745,2026-05-15,2026-05-01,Eastern Province,EAS,Municipal Services,Mobile App,Citizen,65+,3,4,8,0,Maybe,Neutral,"Fine, though I had to call to confirm.",تمت الخدمة لكن الصياغة غير واضحة.
CS-01746,2026-03-21,2026-03-01,Asir,ASR,Education & Training,Mobile App,Citizen,25-34,4,4,7,1,Yes,Positive,Much easier than going to the branch.,أسهل بكثير من زيارة الفرع.
CS-01747,2026-04-08,2026-04-01,Jazan,JZN,Identity & Civil Affairs,Mobile App,Citizen,35-44,5,4,8,1,Yes,Positive,"No paperwork needed, very good service.",تسجيل الدخول عبر نفاذ عمل من أول مرة.
CS-01748,2026-04-06,2026-04-01,Riyadh,RIY,Labour & HR Services,Mobile App,Resident,35-44,5,4,10,1,Yes,Positive,Clear steps and instant confirmation.,الخطوات واضحة والتأكيد فوري.
CS-01749,2026-01-09,2026-01-01,Eastern Province,EAS,Justice & Notary,Web Portal,Citizen,45-54,5,4,9,1,Yes,Positive,Finished it on my phone in two minutes.,تسجيل الدخول عبر نفاذ عمل من أول مرة.
CS-01750,2026-03-05,2026-03-01,Makkah,MAK,Business & Licensing,Call Center,Citizen,25-34,3,3,5,1,Maybe,Neutral,"Fine, though I had to call to confirm.",تمت الخدمة لكن الصياغة غير واضحة.
CS-01751,2026-03-16,2026-03-01,Riyadh,RIY,Identity & Civil Affairs,Web Portal,Resident,65+,4,4,7,1,Yes,Positive,Much easier than going to the branch.,الخطوات واضحة والتأكيد فوري.
CS-01752,2026-01-26,2026-01-01,Qassim,QSM,Health Services,Branch,Business,45-54,2,2,2,1,No,Negative,The authentication failed three times and I gave up.,رفع المستند يُرفض باستمرار.
CS-01753,2026-04-08,2026-04-01,Al-Jouf,JOF,Traffic & Transport,Web Portal,Resident,55-64,4,5,9,1,Yes,Positive,The Nafath login worked first time.,الخطوات واضحة والتأكيد فوري.
CS-01754,2026-05-22,2026-05-01,Makkah,MAK,Municipal Services,Web Portal,Citizen,25-34,2,3,5,0,No,Negative,Waited 40 minutes and the counter closed.,اضطررت لزيارة الفرع رغم ذلك.
CS-01755,2026-01-16,2026-01-01,Riyadh,RIY,Justice & Notary,Mobile App,Citizen,35-44,5,5,10,1,Yes,Positive,The Nafath login worked first time.,أسهل بكثير من زيارة الفرع.
CS-01756,2026-05-17,2026-05-01,Makkah,MAK,Health Services,Web Portal,Resident,45-54,4,3,6,1,Yes,Positive,Much easier than going to the branch.,أنهيت المعاملة عبر الجوال خلال دقيقتين.
CS-01757,2026-05-04,2026-05-01,Makkah,MAK,Traffic & Transport,Mobile App,Resident,25-34,4,4,7,1,Yes,Positive,The Nafath login worked first time.,تسجيل الدخول عبر نفاذ عمل من أول مرة.
CS-01758,2026-03-04,2026-03-01,Riyadh,RIY,Identity & Civil Affairs,Mobile App,Resident,25-34,4,3,7,1,Yes,Positive,Finished it on my phone in two minutes.,الخطوات واضحة والتأكيد فوري.
CS-01759,2026-03-12,2026-03-01,Makkah,MAK,Identity & Civil Affairs,Web Portal,Resident,18-24,5,4,10,1,Yes,Positive,Finished it on my phone in two minutes.,تسجيل الدخول عبر نفاذ عمل من أول مرة.
CS-01760,2026-04-21,2026-04-01,Makkah,MAK,Labour & HR Services,Mobile App,Citizen,25-34,4,5,9,1,Yes,Positive,Finished it on my phone in two minutes.,أنهيت المعاملة عبر الجوال خلال دقيقتين.
CS-01761,2026-02-06,2026-02-01,Najran,NJR,Labour & HR Services,Branch,Citizen,25-34,3,4,6,1,Maybe,Neutral,"Fine, though I had to call to confirm.",تمت الخدمة لكن الصياغة غير واضحة.
CS-01762,2026-01-20,2026-01-01,Riyadh,RIY,Education & Training,Call Center,Business,18-24,4,5,6,1,Yes,Positive,The Nafath login worked first time.,أنهيت المعاملة عبر الجوال خلال دقيقتين.
CS-01763,2026-02-08,2026-02-01,Riyadh,RIY,Traffic & Transport,Branch,Citizen,55-64,4,4,8,1,Yes,Positive,Clear steps and instant confirmation.,أسهل بكثير من زيارة الفرع.
CS-01764,2026-02-17,2026-02-01,Makkah,MAK,Identity & Civil Affairs,Mobile App,Citizen,25-34,5,5,8,1,Yes,Positive,The Nafath login worked first time.,أنهيت المعاملة عبر الجوال خلال دقيقتين.
CS-01765,2026-02-04,2026-02-01,Riyadh,RIY,Identity & Civil Affairs,Web Portal,Resident,45-54,5,5,8,1,Yes,Positive,Clear steps and instant confirmation.,أنهيت المعاملة عبر الجوال خلال دقيقتين.
CS-01766,2026-04-13,2026-04-01,Najran,NJR,Health Services,Mobile App,Citizen,45-54,5,5,10,1,Yes,Positive,Finished it on my phone in two minutes.,أسهل بكثير من زيارة الفرع.
CS-01767,2026-03-04,2026-03-01,Makkah,MAK,Labour & HR Services,Web Portal,Citizen,25-34,5,5,8,1,Yes,Positive,Clear steps and instant confirmation.,أسهل بكثير من زيارة الفرع.
CS-01768,2026-03-25,2026-03-01,Eastern Province,EAS,Health Services,Call Center,Citizen,25-34,3,3,5,1,Maybe,Neutral,Took longer than I expected.,استغرقت وقتاً أطول مما توقعت.
CS-01769,2026-06-18,2026-06-01,Makkah,MAK,Identity & Civil Affairs,Branch,Citizen,35-44,3,2,7,1,Maybe,Neutral,"Fine, though I had to call to confirm.",مقبولة لكن اضطررت للاتصال للتأكيد.
CS-01770,2026-05-03,2026-05-01,Jazan,JZN,Education & Training,Mobile App,Citizen,65+,3,4,8,0,Maybe,Neutral,"Fine, though I had to call to confirm.",تمت الخدمة لكن الصياغة غير واضحة.
CS-01771,2026-01-10,2026-01-01,Qassim,QSM,Labour & HR Services,Branch,Citizen,35-44,4,3,6,1,Yes,Positive,"No paperwork needed, very good service.",تسجيل الدخول عبر نفاذ عمل من أول مرة.
CS-01772,2026-02-18,2026-02-01,Riyadh,RIY,Justice & Notary,Branch,Resident,25-34,3,2,5,0,Maybe,Neutral,"Fine, though I had to call to confirm.",تمت الخدمة لكن الصياغة غير واضحة.
CS-01773,2026-03-28,2026-03-01,Qassim,QSM,Social Support & Subsidies,Call Center,Citizen,45-54,4,4,8,1,Yes,Positive,The Nafath login worked first time.,أنهيت المعاملة عبر الجوال خلال دقيقتين.
CS-01774,2026-03-14,2026-03-01,Eastern Province,EAS,Social Support & Subsidies,Web Portal,Resident,35-44,4,4,7,1,Yes,Positive,Finished it on my phone in two minutes.,أنهيت المعاملة عبر الجوال خلال دقيقتين.
CS-01775,2026-02-26,2026-02-01,Eastern Province,EAS,Traffic & Transport,Mobile App,Citizen,45-54,5,4,10,1,Yes,Positive,Finished it on my phone in two minutes.,تسجيل الدخول عبر نفاذ عمل من أول مرة.
CS-01776,2026-04-06,2026-04-01,Jazan,JZN,Traffic & Transport,Branch,Business,55-64,3,4,8,0,Maybe,Neutral,Acceptable but the receipt was hard to find.,مقبولة لكن اضطررت للاتصال للتأكيد.
CS-01777,2026-03-09,2026-03-01,Madinah,MAD,Traffic & Transport,Mobile App,Citizen,35-44,3,3,7,0,Maybe,Neutral,It worked but the wording was confusing.,استغرقت وقتاً أطول مما توقعت.
CS-01778,2026-05-20,2026-05-01,Makkah,MAK,Labour & HR Services,Mobile App,Business,55-64,2,1,2,1,No,Negative,I had to visit the branch anyway.,اضطررت لزيارة الفرع رغم ذلك.
CS-01779,2026-01-22,2026-01-01,Eastern Province,EAS,Labour & HR Services,Mobile App,Citizen,25-34,4,3,6,1,Yes,Positive,"No paperwork needed, very good service.",الخطوات واضحة والتأكيد فوري.
CS-01780,2026-03-21,2026-03-01,Jazan,JZN,Social Support & Subsidies,Call Center,Citizen,18-24,3,2,5,0,Maybe,Neutral,It worked but the wording was confusing.,مقبولة لكن اضطررت للاتصال للتأكيد.
CS-01781,2026-04-23,2026-04-01,Riyadh,RIY,Municipal Services,Branch,Citizen,18-24,2,2,6,0,No,Negative,The authentication failed three times and I gave up.,انتظرت أربعين دقيقة ثم أُغلق الشباك.
CS-01782,2026-02-14,2026-02-01,Riyadh,RIY,Labour & HR Services,Call Center,Citizen,25-34,5,5,9,1,Yes,Positive,"No paperwork needed, very good service.",الخطوات واضحة والتأكيد فوري.
CS-01783,2026-01-19,2026-01-01,Eastern Province,EAS,Traffic & Transport,Mobile App,Citizen,45-54,3,4,4,0,Maybe,Neutral,"Fine, though I had to call to confirm.",مقبولة لكن اضطررت للاتصال للتأكيد.
CS-01784,2026-02-04,2026-02-01,Madinah,MAD,Identity & Civil Affairs,Mobile App,Citizen,25-34,4,4,10,1,Yes,Positive,Clear steps and instant confirmation.,أسهل بكثير من زيارة الفرع.
CS-01785,2026-03-17,2026-03-01,Makkah,MAK,Identity & Civil Affairs,Web Portal,Citizen,35-44,3,3,7,1,Maybe,Neutral,Took longer than I expected.,استغرقت وقتاً أطول مما توقعت.
CS-01786,2026-03-25,2026-03-01,Makkah,MAK,Traffic & Transport,Call Center,Citizen,25-34,5,4,9,1,Yes,Positive,Clear steps and instant confirmation.,الخطوات واضحة والتأكيد فوري.
CS-01787,2026-06-06,2026-06-01,Najran,NJR,Labour & HR Services,Mobile App,Citizen,45-54,4,3,6,1,Yes,Positive,Finished it on my phone in two minutes.,الخطوات واضحة والتأكيد فوري.
CS-01788,2026-04-16,2026-04-01,Eastern Province,EAS,Health Services,Mobile App,Resident,18-24,5,4,10,1,Yes,Positive,Clear steps and instant confirmation.,أسهل بكثير من زيارة الفرع.
CS-01789,2026-03-21,2026-03-01,Riyadh,RIY,Education & Training,Mobile App,Citizen,25-34,5,5,10,1,Yes,Positive,Much easier than going to the branch.,الخطوات واضحة والتأكيد فوري.
CS-01790,2026-05-17,2026-05-01,Madinah,MAD,Health Services,Call Center,Resident,45-54,3,2,7,0,Maybe,Neutral,It worked but the wording was confusing.,استغرقت وقتاً أطول مما توقعت.
CS-01791,2026-06-08,2026-06-01,Eastern Province,EAS,Health Services,Branch,Citizen,25-34,5,5,9,1,Yes,Positive,Finished it on my phone in two minutes.,الخطوات واضحة والتأكيد فوري.
CS-01792,2026-04-22,2026-04-01,Asir,ASR,Health Services,Mobile App,Citizen,45-54,3,2,7,1,Maybe,Neutral,Acceptable but the receipt was hard to find.,تمت الخدمة لكن الصياغة غير واضحة.
CS-01793,2026-04-09,2026-04-01,Tabuk,TBK,Social Support & Subsidies,Branch,Resident,55-64,3,4,6,0,Maybe,Neutral,It worked but the wording was confusing.,مقبولة لكن اضطررت للاتصال للتأكيد.
CS-01794,2026-05-12,2026-05-01,Makkah,MAK,Identity & Civil Affairs,Web Portal,Business,35-44,1,1,1,1,No,Negative,I had to visit the branch anyway.,فشل التحقق ثلاث مرات فاضطررت للتوقف.
CS-01795,2026-01-15,2026-01-01,Riyadh,RIY,Social Support & Subsidies,Mobile App,Citizen,18-24,5,5,9,1,Yes,Positive,"No paperwork needed, very good service.",أسهل بكثير من زيارة الفرع.
CS-01796,2026-03-15,2026-03-01,Madinah,MAD,Labour & HR Services,Web Portal,Business,45-54,3,2,8,0,Maybe,Neutral,Took longer than I expected.,تمت الخدمة لكن الصياغة غير واضحة.
CS-01797,2026-02-27,2026-02-01,Riyadh,RIY,Health Services,Web Portal,Resident,25-34,4,4,6,1,Yes,Positive,Much easier than going to the branch.,الخطوات واضحة والتأكيد فوري.
CS-01798,2026-03-07,2026-03-01,Makkah,MAK,Health Services,Call Center,Resident,25-34,4,4,10,1,Yes,Positive,Much easier than going to the branch.,أسهل بكثير من زيارة الفرع.
CS-01799,2026-01-07,2026-01-01,Riyadh,RIY,Identity & Civil Affairs,Branch,Citizen,25-34,3,4,6,0,Maybe,Neutral,It worked but the wording was confusing.,تمت الخدمة لكن الصياغة غير واضحة.
CS-01800,2026-03-09,2026-03-01,Riyadh,RIY,Traffic & Transport,Mobile App,Citizen,35-44,5,5,8,1,Yes,Positive,"No paperwork needed, very good service.",أنهيت المعاملة عبر الجوال خلال دقيقتين.
CS-01801,2026-05-02,2026-05-01,Asir,ASR,Health Services,Call Center,Resident,25-34,3,3,6,1,Maybe,Neutral,Took longer than I expected.,استغرقت وقتاً أطول مما توقعت.
CS-01802,2026-02-06,2026-02-01,Makkah,MAK,Traffic & Transport,Mobile App,Citizen,25-34,3,4,7,0,Maybe,Neutral,It worked but the wording was confusing.,استغرقت وقتاً أطول مما توقعت.
CS-01803,2026-03-23,2026-03-01,Riyadh,RIY,Business & Licensing,Branch,Citizen,25-34,3,4,8,1,Maybe,Neutral,Took longer than I expected.,استغرقت وقتاً أطول مما توقعت.
CS-01804,2026-05-17,2026-05-01,Jazan,JZN,Health Services,Call Center,Citizen,55-64,3,2,8,1,Maybe,Neutral,"Fine, though I had to call to confirm.",تمت الخدمة لكن الصياغة غير واضحة.
CS-01805,2026-02-04,2026-02-01,Riyadh,RIY,Business & Licensing,Web Portal,Citizen,35-44,4,4,10,1,Yes,Positive,Finished it on my phone in two minutes.,أسهل بكثير من زيارة الفرع.
CS-01806,2026-02-05,2026-02-01,Riyadh,RIY,Municipal Services,Mobile App,Citizen,18-24,4,4,7,0,Yes,Positive,The Nafath login worked first time.,أنهيت المعاملة عبر الجوال خلال دقيقتين.
CS-01807,2026-02-08,2026-02-01,Jazan,JZN,Health Services,Branch,Citizen,65+,5,5,10,0,Yes,Positive,The Nafath login worked first time.,الخطوات واضحة والتأكيد فوري.
CS-01808,2026-03-21,2026-03-01,Eastern Province,EAS,Labour & HR Services,Branch,Citizen,65+,5,5,9,1,Yes,Positive,Clear steps and instant confirmation.,الخطوات واضحة والتأكيد فوري.
CS-01809,2026-04-05,2026-04-01,Riyadh,RIY,Identity & Civil Affairs,Call Center,Citizen,18-24,5,4,10,1,Yes,Positive,The Nafath login worked first time.,تسجيل الدخول عبر نفاذ عمل من أول مرة.
CS-01810,2026-02-21,2026-02-01,Eastern Province,EAS,Identity & Civil Affairs,Call Center,Citizen,25-34,5,5,9,1,Yes,Positive,Clear steps and instant confirmation.,أنهيت المعاملة عبر الجوال خلال دقيقتين.
CS-01811,2026-02-06,2026-02-01,Makkah,MAK,Labour & HR Services,Mobile App,Resident,25-34,4,5,10,1,Yes,Positive,Finished it on my phone in two minutes.,أنهيت المعاملة عبر الجوال خلال دقيقتين.
CS-01812,2026-02-21,2026-02-01,Riyadh,RIY,Traffic & Transport,Mobile App,Business,25-34,5,5,10,0,Yes,Positive,The Nafath login worked first time.,أنهيت المعاملة عبر الجوال خلال دقيقتين.
CS-01813,2026-04-19,2026-04-01,Northern Borders,NBR,Identity & Civil Affairs,Mobile App,Citizen,25-34,5,5,9,1,Yes,Positive,"No paperwork needed, very good service.",تسجيل الدخول عبر نفاذ عمل من أول مرة.
CS-01814,2026-03-11,2026-03-01,Riyadh,RIY,Municipal Services,Web Portal,Resident,25-34,4,3,9,0,Yes,Positive,Finished it on my phone in two minutes.,تسجيل الدخول عبر نفاذ عمل من أول مرة.
CS-01815,2026-05-17,2026-05-01,Madinah,MAD,Health Services,Mobile App,Business,35-44,5,4,10,1,Yes,Positive,Much easier than going to the branch.,تسجيل الدخول عبر نفاذ عمل من أول مرة.
CS-01816,2026-03-03,2026-03-01,Makkah,MAK,Health Services,Mobile App,Resident,45-54,4,5,7,1,Yes,Positive,Finished it on my phone in two minutes.,الخطوات واضحة والتأكيد فوري.
CS-01817,2026-02-28,2026-02-01,Eastern Province,EAS,Labour & HR Services,Mobile App,Citizen,35-44,4,3,8,1,Yes,Positive,The Nafath login worked first time.,الخطوات واضحة والتأكيد فوري.
CS-01818,2026-01-08,2026-01-01,Makkah,MAK,Business & Licensing,Mobile App,Citizen,25-34,3,2,8,0,Maybe,Neutral,Acceptable but the receipt was hard to find.,تمت الخدمة لكن الصياغة غير واضحة.
CS-01819,2026-03-28,2026-03-01,Makkah,MAK,Business & Licensing,Branch,Citizen,45-54,2,3,5,0,No,Negative,The authentication failed three times and I gave up.,اضطررت لزيارة الفرع رغم ذلك.
CS-01820,2026-01-12,2026-01-01,Makkah,MAK,Education & Training,Mobile App,Citizen,25-34,4,5,10,1,Yes,Positive,"No paperwork needed, very good service.",أسهل بكثير من زيارة الفرع.
CS-01821,2026-04-12,2026-04-01,Makkah,MAK,Traffic & Transport,Web Portal,Citizen,25-34,3,4,4,1,Maybe,Neutral,"Fine, though I had to call to confirm.",تمت الخدمة لكن الصياغة غير واضحة.
CS-01822,2026-04-13,2026-04-01,Riyadh,RIY,Traffic & Transport,Call Center,Resident,18-24,3,2,7,0,Maybe,Neutral,Acceptable but the receipt was hard to find.,مقبولة لكن اضطررت للاتصال للتأكيد.
CS-01823,2026-02-20,2026-02-01,Makkah,MAK,Education & Training,Branch,Citizen,35-44,5,5,9,1,Yes,Positive,Clear steps and instant confirmation.,الخطوات واضحة والتأكيد فوري.
CS-01824,2026-03-11,2026-03-01,Makkah,MAK,Municipal Services,Web Portal,Citizen,35-44,4,5,9,1,Yes,Positive,The Nafath login worked first time.,تسجيل الدخول عبر نفاذ عمل من أول مرة.
CS-01825,2026-06-16,2026-06-01,Jazan,JZN,Justice & Notary,Call Center,Citizen,25-34,4,5,8,1,Yes,Positive,Finished it on my phone in two minutes.,أسهل بكثير من زيارة الفرع.
CS-01826,2026-06-14,2026-06-01,Eastern Province,EAS,Labour & HR Services,Branch,Citizen,18-24,4,3,10,1,Yes,Positive,Finished it on my phone in two minutes.,أنهيت المعاملة عبر الجوال خلال دقيقتين.
CS-01827,2026-05-03,2026-05-01,Riyadh,RIY,Traffic & Transport,Mobile App,Business,45-54,5,4,8,1,Yes,Positive,Finished it on my phone in two minutes.,أسهل بكثير من زيارة الفرع.
CS-01828,2026-03-14,2026-03-01,Qassim,QSM,Education & Training,Mobile App,Citizen,45-54,5,4,8,1,Yes,Positive,"No paperwork needed, very good service.",تسجيل الدخول عبر نفاذ عمل من أول مرة.
CS-01829,2026-02-23,2026-02-01,Madinah,MAD,Traffic & Transport,Mobile App,Citizen,25-34,5,5,10,1,Yes,Positive,Finished it on my phone in two minutes.,الخطوات واضحة والتأكيد فوري.
CS-01830,2026-01-14,2026-01-01,Madinah,MAD,Labour & HR Services,Branch,Resident,45-54,3,3,8,1,Maybe,Neutral,Took longer than I expected.,تمت الخدمة لكن الصياغة غير واضحة.
CS-01831,2026-05-19,2026-05-01,Riyadh,RIY,Traffic & Transport,Mobile App,Resident,25-34,4,3,8,1,Yes,Positive,"No paperwork needed, very good service.",أنهيت المعاملة عبر الجوال خلال دقيقتين.
CS-01832,2026-03-08,2026-03-01,Eastern Province,EAS,Health Services,Web Portal,Citizen,25-34,4,5,9,1,Yes,Positive,Finished it on my phone in two minutes.,أسهل بكثير من زيارة الفرع.
CS-01833,2026-04-11,2026-04-01,Asir,ASR,Business & Licensing,Mobile App,Citizen,25-34,5,4,9,1,Yes,Positive,Finished it on my phone in two minutes.,الخطوات واضحة والتأكيد فوري.
CS-01834,2026-03-19,2026-03-01,Riyadh,RIY,Identity & Civil Affairs,Mobile App,Resident,25-34,5,5,9,0,Yes,Positive,Much easier than going to the branch.,أسهل بكثير من زيارة الفرع.
CS-01835,2026-06-20,2026-06-01,Makkah,MAK,Traffic & Transport,Call Center,Citizen,45-54,4,3,9,1,Yes,Positive,Clear steps and instant confirmation.,تسجيل الدخول عبر نفاذ عمل من أول مرة.
CS-01836,2026-02-03,2026-02-01,Makkah,MAK,Health Services,Mobile App,Citizen,18-24,4,5,8,1,Yes,Positive,The Nafath login worked first time.,تسجيل الدخول عبر نفاذ عمل من أول مرة.
CS-01837,2026-06-28,2026-06-01,Makkah,MAK,Municipal Services,Mobile App,Resident,18-24,5,5,10,1,Yes,Positive,"No paperwork needed, very good service.",تسجيل الدخول عبر نفاذ عمل من أول مرة.
CS-01838,2026-03-18,2026-03-01,Eastern Province,EAS,Education & Training,Call Center,Citizen,35-44,4,3,7,1,Yes,Positive,The Nafath login worked first time.,تسجيل الدخول عبر نفاذ عمل من أول مرة.
CS-01839,2026-02-09,2026-02-01,Riyadh,RIY,Identity & Civil Affairs,Mobile App,Citizen,55-64,5,5,10,1,Yes,Positive,Finished it on my phone in two minutes.,الخطوات واضحة والتأكيد فوري.
CS-01840,2026-03-14,2026-03-01,Riyadh,RIY,Social Support & Subsidies,Mobile App,Business,55-64,4,4,8,1,Yes,Positive,"No paperwork needed, very good service.",تسجيل الدخول عبر نفاذ عمل من أول مرة.
CS-01841,2026-06-16,2026-06-01,Eastern Province,EAS,Identity & Civil Affairs,Mobile App,Citizen,35-44,4,3,9,1,Yes,Positive,Finished it on my phone in two minutes.,الخطوات واضحة والتأكيد فوري.
CS-01842,2026-01-19,2026-01-01,Riyadh,RIY,Labour & HR Services,Mobile App,Citizen,18-24,5,4,10,1,Yes,Positive,The Nafath login worked first time.,أسهل بكثير من زيارة الفرع.
CS-01843,2026-05-07,2026-05-01,Al-Jouf,JOF,Traffic & Transport,Web Portal,Business,25-34,3,2,4,1,Maybe,Neutral,It worked but the wording was confusing.,تمت الخدمة لكن الصياغة غير واضحة.
CS-01844,2026-01-20,2026-01-01,Riyadh,RIY,Business & Licensing,Branch,Citizen,65+,2,2,5,0,No,Negative,No Arabic option on one of the screens.,انتظرت أربعين دقيقة ثم أُغلق الشباك.
CS-01845,2026-05-05,2026-05-01,Najran,NJR,Education & Training,Branch,Citizen,35-44,4,5,10,1,Yes,Positive,Much easier than going to the branch.,الخطوات واضحة والتأكيد فوري.
CS-01846,2026-02-26,2026-02-01,Tabuk,TBK,Identity & Civil Affairs,Mobile App,Citizen,25-34,2,3,2,1,No,Negative,I had to visit the branch anyway.,انتظرت أربعين دقيقة ثم أُغلق الشباك.
CS-01847,2026-05-23,2026-05-01,Eastern Province,EAS,Justice & Notary,Web Portal,Citizen,35-44,5,5,8,1,Yes,Positive,Clear steps and instant confirmation.,أنهيت المعاملة عبر الجوال خلال دقيقتين.
CS-01848,2026-03-18,2026-03-01,Tabuk,TBK,Identity & Civil Affairs,Mobile App,Citizen,45-54,3,2,5,0,Maybe,Neutral,Took longer than I expected.,تمت الخدمة لكن الصياغة غير واضحة.
CS-01849,2026-01-26,2026-01-01,Tabuk,TBK,Health Services,Mobile App,Citizen,65+,5,5,8,1,Yes,Positive,The Nafath login worked first time.,أسهل بكثير من زيارة الفرع.
CS-01850,2026-05-23,2026-05-01,Makkah,MAK,Municipal Services,Mobile App,Citizen,35-44,3,4,7,0,Maybe,Neutral,"Fine, though I had to call to confirm.",استغرقت وقتاً أطول مما توقعت.
CS-01851,2026-02-20,2026-02-01,Eastern Province,EAS,Business & Licensing,Mobile App,Citizen,45-54,4,5,7,1,Yes,Positive,Clear steps and instant confirmation.,أنهيت المعاملة عبر الجوال خلال دقيقتين.
CS-01852,2026-02-15,2026-02-01,Eastern Province,EAS,Business & Licensing,Call Center,Resident,55-64,5,5,10,1,Yes,Positive,Clear steps and instant confirmation.,أنهيت المعاملة عبر الجوال خلال دقيقتين.
CS-01853,2026-04-11,2026-04-01,Riyadh,RIY,Social Support & Subsidies,Call Center,Resident,45-54,4,4,7,1,Yes,Positive,Clear steps and instant confirmation.,تسجيل الدخول عبر نفاذ عمل من أول مرة.
CS-01854,2026-01-02,2026-01-01,Eastern Province,EAS,Identity & Civil Affairs,Mobile App,Citizen,18-24,4,3,6,1,Yes,Positive,Much easier than going to the branch.,أنهيت المعاملة عبر الجوال خلال دقيقتين.
CS-01855,2026-02-21,2026-02-01,Riyadh,RIY,Traffic & Transport,Mobile App,Citizen,35-44,5,5,10,1,Yes,Positive,"No paperwork needed, very good service.",تسجيل الدخول عبر نفاذ عمل من أول مرة.
CS-01856,2026-02-09,2026-02-01,Qassim,QSM,Traffic & Transport,Mobile App,Citizen,35-44,5,5,10,1,Yes,Positive,Finished it on my phone in two minutes.,تسجيل الدخول عبر نفاذ عمل من أول مرة.
CS-01857,2026-01-25,2026-01-01,Riyadh,RIY,Traffic & Transport,Branch,Citizen,25-34,3,3,8,1,Maybe,Neutral,Took longer than I expected.,استغرقت وقتاً أطول مما توقعت.
CS-01858,2026-02-04,2026-02-01,Eastern Province,EAS,Education & Training,Mobile App,Business,35-44,5,5,10,1,Yes,Positive,Finished it on my phone in two minutes.,الخطوات واضحة والتأكيد فوري.
CS-01859,2026-06-11,2026-06-01,Makkah,MAK,Justice & Notary,Mobile App,Resident,18-24,4,5,9,1,Yes,Positive,Much easier than going to the branch.,أسهل بكثير من زيارة الفرع.
CS-01860,2026-01-09,2026-01-01,Northern Borders,NBR,Traffic & Transport,Mobile App,Citizen,65+,4,5,9,1,Yes,Positive,Finished it on my phone in two minutes.,الخطوات واضحة والتأكيد فوري.
CS-01861,2026-05-01,2026-05-01,Riyadh,RIY,Health Services,Mobile App,Resident,18-24,4,4,8,1,Yes,Positive,Much easier than going to the branch.,أسهل بكثير من زيارة الفرع.
CS-01862,2026-01-07,2026-01-01,Riyadh,RIY,Health Services,Web Portal,Resident,35-44,3,3,7,0,Maybe,Neutral,Took longer than I expected.,استغرقت وقتاً أطول مما توقعت.
CS-01863,2026-01-07,2026-01-01,Al-Jouf,JOF,Identity & Civil Affairs,Call Center,Citizen,25-34,2,1,4,1,No,Negative,No Arabic option on one of the screens.,رفع المستند يُرفض باستمرار.
CS-01864,2026-05-10,2026-05-01,Makkah,MAK,Health Services,Mobile App,Citizen,18-24,5,5,8,1,Yes,Positive,"No paperwork needed, very good service.",تسجيل الدخول عبر نفاذ عمل من أول مرة.
CS-01865,2026-05-24,2026-05-01,Makkah,MAK,Education & Training,Mobile App,Citizen,55-64,5,4,10,1,Yes,Positive,Clear steps and instant confirmation.,الخطوات واضحة والتأكيد فوري.
CS-01866,2026-02-27,2026-02-01,Makkah,MAK,Labour & HR Services,Call Center,Business,55-64,4,4,7,1,Yes,Positive,"No paperwork needed, very good service.",الخطوات واضحة والتأكيد فوري.
CS-01867,2026-02-12,2026-02-01,Al-Baha,BAH,Health Services,Mobile App,Citizen,35-44,5,4,10,1,Yes,Positive,Clear steps and instant confirmation.,تسجيل الدخول عبر نفاذ عمل من أول مرة.
CS-01868,2026-06-18,2026-06-01,Makkah,MAK,Labour & HR Services,Web Portal,Business,45-54,5,5,9,1,Yes,Positive,The Nafath login worked first time.,الخطوات واضحة والتأكيد فوري.
CS-01869,2026-06-25,2026-06-01,Riyadh,RIY,Identity & Civil Affairs,Web Portal,Resident,45-54,4,5,8,1,Yes,Positive,"No paperwork needed, very good service.",الخطوات واضحة والتأكيد فوري.
CS-01870,2026-01-23,2026-01-01,Eastern Province,EAS,Business & Licensing,Mobile App,Citizen,45-54,4,4,9,1,Yes,Positive,Finished it on my phone in two minutes.,أنهيت المعاملة عبر الجوال خلال دقيقتين.
CS-01871,2026-05-15,2026-05-01,Makkah,MAK,Health Services,Web Portal,Citizen,35-44,5,5,10,1,Yes,Positive,The Nafath login worked first time.,الخطوات واضحة والتأكيد فوري.
CS-01872,2026-01-28,2026-01-01,Riyadh,RIY,Identity & Civil Affairs,Mobile App,Resident,18-24,5,4,10,1,Yes,Positive,Clear steps and instant confirmation.,أسهل بكثير من زيارة الفرع.
CS-01873,2026-04-13,2026-04-01,Riyadh,RIY,Education & Training,Mobile App,Citizen,18-24,5,4,10,1,Yes,Positive,Finished it on my phone in two minutes.,الخطوات واضحة والتأكيد فوري.
CS-01874,2026-06-06,2026-06-01,Riyadh,RIY,Social Support & Subsidies,Branch,Citizen,55-64,4,3,10,1,Yes,Positive,Clear steps and instant confirmation.,تسجيل الدخول عبر نفاذ عمل من أول مرة.
CS-01875,2026-04-28,2026-04-01,Makkah,MAK,Traffic & Transport,Mobile App,Citizen,25-34,5,5,9,0,Yes,Positive,The Nafath login worked first time.,تسجيل الدخول عبر نفاذ عمل من أول مرة.
CS-01876,2026-02-18,2026-02-01,Eastern Province,EAS,Social Support & Subsidies,Mobile App,Citizen,25-34,4,4,6,1,Yes,Positive,Clear steps and instant confirmation.,أنهيت المعاملة عبر الجوال خلال دقيقتين.
CS-01877,2026-01-26,2026-01-01,Qassim,QSM,Identity & Civil Affairs,Mobile App,Citizen,65+,5,5,10,1,Yes,Positive,The Nafath login worked first time.,الخطوات واضحة والتأكيد فوري.
CS-01878,2026-01-16,2026-01-01,Riyadh,RIY,Health Services,Branch,Citizen,18-24,4,5,7,1,Yes,Positive,"No paperwork needed, very good service.",تسجيل الدخول عبر نفاذ عمل من أول مرة.
CS-01879,2026-06-24,2026-06-01,Riyadh,RIY,Health Services,Mobile App,Citizen,55-64,4,5,6,1,Yes,Positive,Much easier than going to the branch.,أسهل بكثير من زيارة الفرع.
CS-01880,2026-04-17,2026-04-01,Riyadh,RIY,Labour & HR Services,Web Portal,Citizen,45-54,4,5,8,1,Yes,Positive,"No paperwork needed, very good service.",تسجيل الدخول عبر نفاذ عمل من أول مرة.
CS-01881,2026-05-12,2026-05-01,Jazan,JZN,Labour & HR Services,Mobile App,Business,65+,4,3,6,0,Yes,Positive,"No paperwork needed, very good service.",تسجيل الدخول عبر نفاذ عمل من أول مرة.
CS-01882,2026-03-22,2026-03-01,Asir,ASR,Identity & Civil Affairs,Mobile App,Resident,35-44,5,5,10,1,Yes,Positive,"No paperwork needed, very good service.",تسجيل الدخول عبر نفاذ عمل من أول مرة.
CS-01883,2026-05-20,2026-05-01,Makkah,MAK,Business & Licensing,Branch,Citizen,35-44,3,4,4,0,Maybe,Neutral,Took longer than I expected.,استغرقت وقتاً أطول مما توقعت.
CS-01884,2026-05-11,2026-05-01,Makkah,MAK,Social Support & Subsidies,Web Portal,Resident,18-24,3,4,7,1,Maybe,Neutral,"Fine, though I had to call to confirm.",تمت الخدمة لكن الصياغة غير واضحة.
CS-01885,2026-06-28,2026-06-01,Riyadh,RIY,Health Services,Mobile App,Citizen,35-44,5,4,10,1,Yes,Positive,Finished it on my phone in two minutes.,الخطوات واضحة والتأكيد فوري.
CS-01886,2026-05-01,2026-05-01,Riyadh,RIY,Social Support & Subsidies,Mobile App,Citizen,35-44,5,4,10,1,Yes,Positive,Clear steps and instant confirmation.,أنهيت المعاملة عبر الجوال خلال دقيقتين.
CS-01887,2026-06-24,2026-06-01,Makkah,MAK,Health Services,Mobile App,Citizen,35-44,5,5,10,1,Yes,Positive,Finished it on my phone in two minutes.,تسجيل الدخول عبر نفاذ عمل من أول مرة.
CS-01888,2026-06-07,2026-06-01,Riyadh,RIY,Traffic & Transport,Mobile App,Citizen,25-34,4,3,8,1,Yes,Positive,Finished it on my phone in two minutes.,تسجيل الدخول عبر نفاذ عمل من أول مرة.
CS-01889,2026-04-21,2026-04-01,Qassim,QSM,Education & Training,Mobile App,Citizen,45-54,5,4,10,1,Yes,Positive,The Nafath login worked first time.,الخطوات واضحة والتأكيد فوري.
CS-01890,2026-01-05,2026-01-01,Riyadh,RIY,Municipal Services,Branch,Citizen,35-44,4,3,10,1,Yes,Positive,"No paperwork needed, very good service.",أسهل بكثير من زيارة الفرع.
CS-01891,2026-03-26,2026-03-01,Makkah,MAK,Health Services,Web Portal,Resident,45-54,5,5,10,1,Yes,Positive,Finished it on my phone in two minutes.,تسجيل الدخول عبر نفاذ عمل من أول مرة.
CS-01892,2026-06-04,2026-06-01,Makkah,MAK,Labour & HR Services,Mobile App,Citizen,35-44,5,5,10,1,Yes,Positive,The Nafath login worked first time.,تسجيل الدخول عبر نفاذ عمل من أول مرة.
CS-01893,2026-03-25,2026-03-01,Riyadh,RIY,Labour & HR Services,Web Portal,Resident,25-34,4,4,10,1,Yes,Positive,Clear steps and instant confirmation.,الخطوات واضحة والتأكيد فوري.
CS-01894,2026-01-19,2026-01-01,Riyadh,RIY,Municipal Services,Mobile App,Citizen,25-34,5,4,9,0,Yes,Positive,The Nafath login worked first time.,تسجيل الدخول عبر نفاذ عمل من أول مرة.
CS-01895,2026-01-11,2026-01-01,Riyadh,RIY,Municipal Services,Mobile App,Resident,25-34,4,4,8,1,Yes,Positive,Clear steps and instant confirmation.,الخطوات واضحة والتأكيد فوري.
CS-01896,2026-04-16,2026-04-01,Riyadh,RIY,Municipal Services,Branch,Citizen,55-64,4,5,8,1,Yes,Positive,The Nafath login worked first time.,تسجيل الدخول عبر نفاذ عمل من أول مرة.
CS-01897,2026-02-15,2026-02-01,Asir,ASR,Business & Licensing,Mobile App,Resident,25-34,5,5,9,1,Yes,Positive,Much easier than going to the branch.,الخطوات واضحة والتأكيد فوري.
CS-01898,2026-04-20,2026-04-01,Makkah,MAK,Justice & Notary,Call Center,Resident,45-54,4,5,6,1,Yes,Positive,Clear steps and instant confirmation.,تسجيل الدخول عبر نفاذ عمل من أول مرة.
CS-01899,2026-05-21,2026-05-01,Qassim,QSM,Identity & Civil Affairs,Mobile App,Citizen,25-34,5,4,10,1,Yes,Positive,Finished it on my phone in two minutes.,تسجيل الدخول عبر نفاذ عمل من أول مرة.
CS-01900,2026-06-18,2026-06-01,Asir,ASR,Identity & Civil Affairs,Mobile App,Business,35-44,4,5,10,0,Yes,Positive,Finished it on my phone in two minutes.,الخطوات واضحة والتأكيد فوري.
CS-01901,2026-02-15,2026-02-01,Makkah,MAK,Identity & Civil Affairs,Call Center,Citizen,18-24,3,2,7,1,Maybe,Neutral,Took longer than I expected.,استغرقت وقتاً أطول مما توقعت.
CS-01902,2026-02-02,2026-02-01,Eastern Province,EAS,Business & Licensing,Call Center,Citizen,45-54,4,4,9,1,Yes,Positive,Clear steps and instant confirmation.,أسهل بكثير من زيارة الفرع.
CS-01903,2026-01-02,2026-01-01,Makkah,MAK,Health Services,Call Center,Citizen,25-34,3,2,4,1,Maybe,Neutral,Acceptable but the receipt was hard to find.,مقبولة لكن اضطررت للاتصال للتأكيد.
CS-01904,2026-04-15,2026-04-01,Makkah,MAK,Social Support & Subsidies,Web Portal,Citizen,18-24,3,2,8,0,Maybe,Neutral,It worked but the wording was confusing.,مقبولة لكن اضطررت للاتصال للتأكيد.
CS-01905,2026-01-17,2026-01-01,Riyadh,RIY,Business & Licensing,Web Portal,Citizen,25-34,3,2,7,1,Maybe,Neutral,Took longer than I expected.,استغرقت وقتاً أطول مما توقعت.
CS-01906,2026-04-08,2026-04-01,Northern Borders,NBR,Education & Training,Call Center,Business,45-54,4,4,8,1,Yes,Positive,Much easier than going to the branch.,أسهل بكثير من زيارة الفرع.
CS-01907,2026-04-26,2026-04-01,Tabuk,TBK,Municipal Services,Call Center,Business,25-34,2,2,2,1,No,Negative,The authentication failed three times and I gave up.,فشل التحقق ثلاث مرات فاضطررت للتوقف.
CS-01908,2026-03-23,2026-03-01,Asir,ASR,Municipal Services,Call Center,Citizen,18-24,2,3,3,1,No,Negative,The authentication failed three times and I gave up.,رفع المستند يُرفض باستمرار.
CS-01909,2026-05-02,2026-05-01,Riyadh,RIY,Identity & Civil Affairs,Branch,Citizen,25-34,4,4,6,1,Yes,Positive,Finished it on my phone in two minutes.,أسهل بكثير من زيارة الفرع.
CS-01910,2026-04-04,2026-04-01,Al-Baha,BAH,Identity & Civil Affairs,Mobile App,Citizen,35-44,5,4,9,1,Yes,Positive,The Nafath login worked first time.,تسجيل الدخول عبر نفاذ عمل من أول مرة.
CS-01911,2026-02-12,2026-02-01,Riyadh,RIY,Labour & HR Services,Call Center,Citizen,25-34,4,5,9,1,Yes,Positive,Finished it on my phone in two minutes.,أنهيت المعاملة عبر الجوال خلال دقيقتين.
CS-01912,2026-03-08,2026-03-01,Makkah,MAK,Health Services,Mobile App,Business,25-34,4,5,8,1,Yes,Positive,Much easier than going to the branch.,الخطوات واضحة والتأكيد فوري.
CS-01913,2026-02-02,2026-02-01,Riyadh,RIY,Social Support & Subsidies,Mobile App,Resident,65+,4,3,6,1,Yes,Positive,"No paperwork needed, very good service.",أسهل بكثير من زيارة الفرع.
CS-01914,2026-01-24,2026-01-01,Riyadh,RIY,Identity & Civil Affairs,Call Center,Citizen,35-44,3,4,6,1,Maybe,Neutral,It worked but the wording was confusing.,مقبولة لكن اضطررت للاتصال للتأكيد.
CS-01915,2026-03-18,2026-03-01,Tabuk,TBK,Business & Licensing,Mobile App,Resident,45-54,4,4,7,1,Yes,Positive,"No paperwork needed, very good service.",تسجيل الدخول عبر نفاذ عمل من أول مرة.
CS-01916,2026-06-03,2026-06-01,Makkah,MAK,Identity & Civil Affairs,Mobile App,Citizen,35-44,5,5,8,1,Yes,Positive,"No paperwork needed, very good service.",أسهل بكثير من زيارة الفرع.
CS-01917,2026-06-01,2026-06-01,Makkah,MAK,Labour & HR Services,Call Center,Citizen,45-54,3,4,5,0,Maybe,Neutral,It worked but the wording was confusing.,تمت الخدمة لكن الصياغة غير واضحة.
CS-01918,2026-02-01,2026-02-01,Eastern Province,EAS,Traffic & Transport,Mobile App,Citizen,35-44,5,5,9,0,Yes,Positive,"No paperwork needed, very good service.",تسجيل الدخول عبر نفاذ عمل من أول مرة.
CS-01919,2026-05-25,2026-05-01,Eastern Province,EAS,Health Services,Mobile App,Citizen,25-34,5,5,10,1,Yes,Positive,"No paperwork needed, very good service.",أسهل بكثير من زيارة الفرع.
CS-01920,2026-04-16,2026-04-01,Makkah,MAK,Labour & HR Services,Branch,Resident,55-64,4,5,10,1,Yes,Positive,"No paperwork needed, very good service.",أسهل بكثير من زيارة الفرع.
CS-01921,2026-02-16,2026-02-01,Madinah,MAD,Traffic & Transport,Branch,Citizen,65+,3,2,7,1,Maybe,Neutral,"Fine, though I had to call to confirm.",استغرقت وقتاً أطول مما توقعت.
CS-01922,2026-06-20,2026-06-01,Makkah,MAK,Identity & Civil Affairs,Mobile App,Resident,55-64,3,2,8,0,Maybe,Neutral,Took longer than I expected.,تمت الخدمة لكن الصياغة غير واضحة.
CS-01923,2026-05-21,2026-05-01,Riyadh,RIY,Health Services,Mobile App,Resident,25-34,5,4,10,1,Yes,Positive,The Nafath login worked first time.,الخطوات واضحة والتأكيد فوري.
CS-01924,2026-04-11,2026-04-01,Riyadh,RIY,Education & Training,Branch,Business,45-54,4,3,9,1,Yes,Positive,The Nafath login worked first time.,الخطوات واضحة والتأكيد فوري.
CS-01925,2026-04-19,2026-04-01,Makkah,MAK,Health Services,Web Portal,Business,18-24,5,5,10,1,Yes,Positive,Clear steps and instant confirmation.,أسهل بكثير من زيارة الفرع.
CS-01926,2026-05-10,2026-05-01,Makkah,MAK,Identity & Civil Affairs,Mobile App,Citizen,45-54,4,5,7,1,Yes,Positive,Clear steps and instant confirmation.,تسجيل الدخول عبر نفاذ عمل من أول مرة.
CS-01927,2026-06-25,2026-06-01,Eastern Province,EAS,Social Support & Subsidies,Call Center,Citizen,35-44,5,5,10,1,Yes,Positive,Clear steps and instant confirmation.,أنهيت المعاملة عبر الجوال خلال دقيقتين.
CS-01928,2026-05-20,2026-05-01,Eastern Province,EAS,Justice & Notary,Mobile App,Citizen,35-44,4,5,9,1,Yes,Positive,"No paperwork needed, very good service.",أنهيت المعاملة عبر الجوال خلال دقيقتين.
CS-01929,2026-05-05,2026-05-01,Qassim,QSM,Identity & Civil Affairs,Call Center,Citizen,18-24,5,5,9,1,Yes,Positive,The Nafath login worked first time.,الخطوات واضحة والتأكيد فوري.
CS-01930,2026-05-28,2026-05-01,Makkah,MAK,Municipal Services,Mobile App,Citizen,65+,2,3,2,0,No,Negative,The authentication failed three times and I gave up.,انتظرت أربعين دقيقة ثم أُغلق الشباك.
CS-01931,2026-03-25,2026-03-01,Makkah,MAK,Business & Licensing,Web Portal,Business,35-44,4,4,10,1,Yes,Positive,Much easier than going to the branch.,الخطوات واضحة والتأكيد فوري.
CS-01932,2026-03-28,2026-03-01,Madinah,MAD,Identity & Civil Affairs,Web Portal,Resident,18-24,4,3,10,1,Yes,Positive,"No paperwork needed, very good service.",أنهيت المعاملة عبر الجوال خلال دقيقتين.
CS-01933,2026-01-08,2026-01-01,Madinah,MAD,Identity & Civil Affairs,Mobile App,Citizen,35-44,5,5,10,1,Yes,Positive,Much easier than going to the branch.,أسهل بكثير من زيارة الفرع.
CS-01934,2026-05-22,2026-05-01,Makkah,MAK,Health Services,Call Center,Citizen,55-64,3,2,5,0,Maybe,Neutral,Acceptable but the receipt was hard to find.,مقبولة لكن اضطررت للاتصال للتأكيد.
CS-01935,2026-02-26,2026-02-01,Riyadh,RIY,Labour & HR Services,Web Portal,Resident,18-24,5,4,10,1,Yes,Positive,Clear steps and instant confirmation.,أسهل بكثير من زيارة الفرع.
CS-01936,2026-03-03,2026-03-01,Makkah,MAK,Identity & Civil Affairs,Mobile App,Citizen,35-44,5,5,10,0,Yes,Positive,Finished it on my phone in two minutes.,تسجيل الدخول عبر نفاذ عمل من أول مرة.
CS-01937,2026-02-06,2026-02-01,Asir,ASR,Justice & Notary,Branch,Citizen,25-34,4,3,9,1,Yes,Positive,Much easier than going to the branch.,الخطوات واضحة والتأكيد فوري.
CS-01938,2026-01-17,2026-01-01,Eastern Province,EAS,Traffic & Transport,Call Center,Citizen,45-54,3,2,4,0,Maybe,Neutral,Took longer than I expected.,تمت الخدمة لكن الصياغة غير واضحة.
CS-01939,2026-02-09,2026-02-01,Qassim,QSM,Health Services,Mobile App,Citizen,25-34,5,5,10,1,Yes,Positive,"No paperwork needed, very good service.",أسهل بكثير من زيارة الفرع.
CS-01940,2026-06-23,2026-06-01,Madinah,MAD,Traffic & Transport,Branch,Citizen,55-64,4,5,8,1,Yes,Positive,Much easier than going to the branch.,الخطوات واضحة والتأكيد فوري.
CS-01941,2026-02-21,2026-02-01,Eastern Province,EAS,Education & Training,Mobile App,Citizen,35-44,5,5,10,1,Yes,Positive,Much easier than going to the branch.,تسجيل الدخول عبر نفاذ عمل من أول مرة.
CS-01942,2026-05-11,2026-05-01,Riyadh,RIY,Identity & Civil Affairs,Mobile App,Citizen,18-24,5,5,10,1,Yes,Positive,The Nafath login worked first time.,أنهيت المعاملة عبر الجوال خلال دقيقتين.
CS-01943,2026-01-16,2026-01-01,Makkah,MAK,Traffic & Transport,Call Center,Business,45-54,3,3,5,0,Maybe,Neutral,"Fine, though I had to call to confirm.",مقبولة لكن اضطررت للاتصال للتأكيد.
CS-01944,2026-01-06,2026-01-01,Makkah,MAK,Health Services,Web Portal,Citizen,35-44,3,4,6,0,Maybe,Neutral,It worked but the wording was confusing.,مقبولة لكن اضطررت للاتصال للتأكيد.
CS-01945,2026-05-03,2026-05-01,Makkah,MAK,Health Services,Mobile App,Citizen,55-64,4,3,8,1,Yes,Positive,Much easier than going to the branch.,الخطوات واضحة والتأكيد فوري.
CS-01946,2026-06-21,2026-06-01,Makkah,MAK,Education & Training,Mobile App,Resident,18-24,4,3,6,1,Yes,Positive,The Nafath login worked first time.,تسجيل الدخول عبر نفاذ عمل من أول مرة.
CS-01947,2026-03-03,2026-03-01,Tabuk,TBK,Health Services,Branch,Resident,25-34,3,3,8,1,Maybe,Neutral,"Fine, though I had to call to confirm.",استغرقت وقتاً أطول مما توقعت.
CS-01948,2026-05-18,2026-05-01,Asir,ASR,Social Support & Subsidies,Mobile App,Citizen,25-34,5,4,10,1,Yes,Positive,Much easier than going to the branch.,تسجيل الدخول عبر نفاذ عمل من أول مرة.
CS-01949,2026-01-20,2026-01-01,Makkah,MAK,Identity & Civil Affairs,Mobile App,Resident,25-34,5,5,9,1,Yes,Positive,The Nafath login worked first time.,الخطوات واضحة والتأكيد فوري.
CS-01950,2026-03-09,2026-03-01,Makkah,MAK,Identity & Civil Affairs,Web Portal,Citizen,45-54,4,4,6,1,Yes,Positive,Finished it on my phone in two minutes.,أسهل بكثير من زيارة الفرع.
CS-01951,2026-01-19,2026-01-01,Asir,ASR,Education & Training,Web Portal,Resident,55-64,5,5,10,1,Yes,Positive,Finished it on my phone in two minutes.,أسهل بكثير من زيارة الفرع.
CS-01952,2026-02-04,2026-02-01,Jazan,JZN,Identity & Civil Affairs,Call Center,Business,25-34,3,3,6,1,Maybe,Neutral,"Fine, though I had to call to confirm.",مقبولة لكن اضطررت للاتصال للتأكيد.
CS-01953,2026-05-23,2026-05-01,Eastern Province,EAS,Identity & Civil Affairs,Mobile App,Citizen,55-64,5,4,10,0,Yes,Positive,Much easier than going to the branch.,أسهل بكثير من زيارة الفرع.
CS-01954,2026-03-06,2026-03-01,Makkah,MAK,Social Support & Subsidies,Branch,Resident,45-54,4,3,10,1,Yes,Positive,Clear steps and instant confirmation.,تسجيل الدخول عبر نفاذ عمل من أول مرة.
CS-01955,2026-03-17,2026-03-01,Makkah,MAK,Business & Licensing,Mobile App,Citizen,55-64,4,3,7,1,Yes,Positive,The Nafath login worked first time.,تسجيل الدخول عبر نفاذ عمل من أول مرة.
CS-01956,2026-04-02,2026-04-01,Northern Borders,NBR,Municipal Services,Mobile App,Resident,25-34,3,4,8,1,Maybe,Neutral,Took longer than I expected.,تمت الخدمة لكن الصياغة غير واضحة.
CS-01957,2026-04-17,2026-04-01,Riyadh,RIY,Identity & Civil Affairs,Web Portal,Citizen,45-54,4,3,10,1,Yes,Positive,Finished it on my phone in two minutes.,الخطوات واضحة والتأكيد فوري.
CS-01958,2026-05-08,2026-05-01,Eastern Province,EAS,Education & Training,Branch,Resident,18-24,4,5,8,1,Yes,Positive,Finished it on my phone in two minutes.,الخطوات واضحة والتأكيد فوري.
CS-01959,2026-05-20,2026-05-01,Eastern Province,EAS,Labour & HR Services,Branch,Citizen,45-54,4,3,9,1,Yes,Positive,The Nafath login worked first time.,الخطوات واضحة والتأكيد فوري.
CS-01960,2026-06-03,2026-06-01,Riyadh,RIY,Identity & Civil Affairs,Web Portal,Resident,25-34,4,4,8,1,Yes,Positive,Clear steps and instant confirmation.,الخطوات واضحة والتأكيد فوري.
CS-01961,2026-05-28,2026-05-01,Riyadh,RIY,Health Services,Mobile App,Business,18-24,5,5,10,0,Yes,Positive,Much easier than going to the branch.,تسجيل الدخول عبر نفاذ عمل من أول مرة.
CS-01962,2026-05-16,2026-05-01,Riyadh,RIY,Education & Training,Mobile App,Business,65+,5,5,9,0,Yes,Positive,Much easier than going to the branch.,تسجيل الدخول عبر نفاذ عمل من أول مرة.
CS-01963,2026-02-21,2026-02-01,Makkah,MAK,Social Support & Subsidies,Branch,Resident,35-44,3,3,8,1,Maybe,Neutral,Took longer than I expected.,مقبولة لكن اضطررت للاتصال للتأكيد.
CS-01964,2026-03-05,2026-03-01,Eastern Province,EAS,Identity & Civil Affairs,Call Center,Citizen,25-34,5,5,8,1,Yes,Positive,"No paperwork needed, very good service.",أنهيت المعاملة عبر الجوال خلال دقيقتين.
CS-01965,2026-03-11,2026-03-01,Riyadh,RIY,Justice & Notary,Branch,Citizen,25-34,4,3,7,1,Yes,Positive,Clear steps and instant confirmation.,تسجيل الدخول عبر نفاذ عمل من أول مرة.
CS-01966,2026-01-08,2026-01-01,Makkah,MAK,Municipal Services,Mobile App,Resident,45-54,3,4,7,0,Maybe,Neutral,It worked but the wording was confusing.,تمت الخدمة لكن الصياغة غير واضحة.
CS-01967,2026-06-09,2026-06-01,Tabuk,TBK,Business & Licensing,Mobile App,Citizen,35-44,5,5,10,1,Yes,Positive,Finished it on my phone in two minutes.,أسهل بكثير من زيارة الفرع.
CS-01968,2026-02-10,2026-02-01,Asir,ASR,Municipal Services,Mobile App,Citizen,18-24,4,5,7,0,Yes,Positive,"No paperwork needed, very good service.",الخطوات واضحة والتأكيد فوري.
CS-01969,2026-05-06,2026-05-01,Najran,NJR,Traffic & Transport,Call Center,Citizen,55-64,5,4,10,1,Yes,Positive,Finished it on my phone in two minutes.,أسهل بكثير من زيارة الفرع.
CS-01970,2026-02-06,2026-02-01,Riyadh,RIY,Identity & Civil Affairs,Mobile App,Citizen,65+,5,5,10,1,Yes,Positive,"No paperwork needed, very good service.",أسهل بكثير من زيارة الفرع.
CS-01971,2026-04-01,2026-04-01,Asir,ASR,Identity & Civil Affairs,Web Portal,Resident,45-54,5,4,8,1,Yes,Positive,Clear steps and instant confirmation.,تسجيل الدخول عبر نفاذ عمل من أول مرة.
CS-01972,2026-06-11,2026-06-01,Jazan,JZN,Municipal Services,Call Center,Citizen,25-34,3,2,4,1,Maybe,Neutral,"Fine, though I had to call to confirm.",مقبولة لكن اضطررت للاتصال للتأكيد.
CS-01973,2026-03-25,2026-03-01,Eastern Province,EAS,Labour & HR Services,Mobile App,Resident,18-24,5,4,8,1,Yes,Positive,Clear steps and instant confirmation.,الخطوات واضحة والتأكيد فوري.
CS-01974,2026-04-10,2026-04-01,Riyadh,RIY,Health Services,Branch,Resident,35-44,3,4,4,1,Maybe,Neutral,It worked but the wording was confusing.,استغرقت وقتاً أطول مما توقعت.
CS-01975,2026-02-14,2026-02-01,Makkah,MAK,Identity & Civil Affairs,Branch,Resident,45-54,5,5,10,1,Yes,Positive,"No paperwork needed, very good service.",أسهل بكثير من زيارة الفرع.
CS-01976,2026-03-09,2026-03-01,Jazan,JZN,Municipal Services,Web Portal,Business,25-34,4,5,9,1,Yes,Positive,Finished it on my phone in two minutes.,الخطوات واضحة والتأكيد فوري.
CS-01977,2026-06-16,2026-06-01,Makkah,MAK,Social Support & Subsidies,Call Center,Citizen,35-44,3,3,7,1,Maybe,Neutral,Acceptable but the receipt was hard to find.,استغرقت وقتاً أطول مما توقعت.
CS-01978,2026-05-25,2026-05-01,Al-Jouf,JOF,Health Services,Web Portal,Business,25-34,5,5,9,1,Yes,Positive,"No paperwork needed, very good service.",تسجيل الدخول عبر نفاذ عمل من أول مرة.
CS-01979,2026-03-27,2026-03-01,Asir,ASR,Municipal Services,Branch,Citizen,45-54,2,3,5,1,No,Negative,The document upload kept rejecting my file.,رفع المستند يُرفض باستمرار.
CS-01980,2026-03-14,2026-03-01,Riyadh,RIY,Health Services,Branch,Citizen,25-34,5,5,8,1,Yes,Positive,Clear steps and instant confirmation.,تسجيل الدخول عبر نفاذ عمل من أول مرة.
CS-01981,2026-05-02,2026-05-01,Qassim,QSM,Education & Training,Mobile App,Citizen,35-44,4,4,7,1,Yes,Positive,Finished it on my phone in two minutes.,الخطوات واضحة والتأكيد فوري.
CS-01982,2026-01-08,2026-01-01,Tabuk,TBK,Health Services,Branch,Resident,25-34,3,2,6,0,Maybe,Neutral,It worked but the wording was confusing.,مقبولة لكن اضطررت للاتصال للتأكيد.
CS-01983,2026-02-21,2026-02-01,Makkah,MAK,Labour & HR Services,Mobile App,Citizen,25-34,4,4,7,1,Yes,Positive,Finished it on my phone in two minutes.,أسهل بكثير من زيارة الفرع.
CS-01984,2026-05-11,2026-05-01,Makkah,MAK,Business & Licensing,Branch,Business,25-34,4,5,6,1,Yes,Positive,Finished it on my phone in two minutes.,أنهيت المعاملة عبر الجوال خلال دقيقتين.
CS-01985,2026-03-10,2026-03-01,Eastern Province,EAS,Traffic & Transport,Mobile App,Citizen,35-44,4,3,8,1,Yes,Positive,Finished it on my phone in two minutes.,تسجيل الدخول عبر نفاذ عمل من أول مرة.
CS-01986,2026-02-16,2026-02-01,Riyadh,RIY,Identity & Civil Affairs,Web Portal,Citizen,55-64,4,4,9,1,Yes,Positive,Clear steps and instant confirmation.,تسجيل الدخول عبر نفاذ عمل من أول مرة.
CS-01987,2026-03-23,2026-03-01,Jazan,JZN,Identity & Civil Affairs,Branch,Citizen,55-64,4,3,6,1,Yes,Positive,Much easier than going to the branch.,أسهل بكثير من زيارة الفرع.
CS-01988,2026-01-23,2026-01-01,Qassim,QSM,Labour & HR Services,Web Portal,Citizen,35-44,3,2,8,1,Maybe,Neutral,Took longer than I expected.,مقبولة لكن اضطررت للاتصال للتأكيد.
CS-01989,2026-06-09,2026-06-01,Qassim,QSM,Identity & Civil Affairs,Web Portal,Citizen,18-24,4,3,7,1,Yes,Positive,Clear steps and instant confirmation.,الخطوات واضحة والتأكيد فوري.
CS-01990,2026-03-15,2026-03-01,Riyadh,RIY,Labour & HR Services,Web Portal,Citizen,35-44,4,4,10,1,Yes,Positive,"No paperwork needed, very good service.",أسهل بكثير من زيارة الفرع.
CS-01991,2026-01-22,2026-01-01,Qassim,QSM,Labour & HR Services,Call Center,Citizen,55-64,3,3,8,1,Maybe,Neutral,Acceptable but the receipt was hard to find.,مقبولة لكن اضطررت للاتصال للتأكيد.
CS-01992,2026-02-23,2026-02-01,Hail,HAL,Traffic & Transport,Branch,Resident,18-24,4,5,8,1,Yes,Positive,"No paperwork needed, very good service.",أسهل بكثير من زيارة الفرع.
CS-01993,2026-01-13,2026-01-01,Eastern Province,EAS,Identity & Civil Affairs,Mobile App,Citizen,35-44,4,3,6,1,Yes,Positive,Clear steps and instant confirmation.,تسجيل الدخول عبر نفاذ عمل من أول مرة.
CS-01994,2026-05-18,2026-05-01,Riyadh,RIY,Labour & HR Services,Branch,Citizen,18-24,3,4,6,0,Maybe,Neutral,It worked but the wording was confusing.,تمت الخدمة لكن الصياغة غير واضحة.
CS-01995,2026-06-18,2026-06-01,Riyadh,RIY,Identity & Civil Affairs,Mobile App,Citizen,18-24,5,5,8,1,Yes,Positive,Clear steps and instant confirmation.,أنهيت المعاملة عبر الجوال خلال دقيقتين.
CS-01996,2026-02-21,2026-02-01,Eastern Province,EAS,Identity & Civil Affairs,Mobile App,Citizen,45-54,5,5,10,1,Yes,Positive,Clear steps and instant confirmation.,أسهل بكثير من زيارة الفرع.
CS-01997,2026-06-10,2026-06-01,Eastern Province,EAS,Traffic & Transport,Web Portal,Resident,18-24,5,5,8,1,Yes,Positive,The Nafath login worked first time.,أسهل بكثير من زيارة الفرع.
CS-01998,2026-01-07,2026-01-01,Makkah,MAK,Education & Training,Branch,Business,25-34,4,4,10,1,Yes,Positive,Clear steps and instant confirmation.,أنهيت المعاملة عبر الجوال خلال دقيقتين.
CS-01999,2026-06-23,2026-06-01,Madinah,MAD,Municipal Services,Branch,Citizen,45-54,4,5,6,1,Yes,Positive,Much easier than going to the branch.,أنهيت المعاملة عبر الجوال خلال دقيقتين.
CS-02000,2026-04-18,2026-04-01,Riyadh,RIY,Social Support & Subsidies,Web Portal,Citizen,25-34,4,3,7,1,Yes,Positive,"No paperwork needed, very good service.",تسجيل الدخول عبر نفاذ عمل من أول مرة.
CS-02001,2026-05-14,2026-05-01,Makkah,MAK,Labour & HR Services,Mobile App,Citizen,25-34,5,5,10,1,Yes,Positive,Clear steps and instant confirmation.,تسجيل الدخول عبر نفاذ عمل من أول مرة.
CS-02002,2026-02-23,2026-02-01,Riyadh,RIY,Municipal Services,Mobile App,Citizen,18-24,5,5,10,1,Yes,Positive,Clear steps and instant confirmation.,أسهل بكثير من زيارة الفرع.
CS-02003,2026-03-03,2026-03-01,Eastern Province,EAS,Traffic & Transport,Branch,Resident,35-44,5,4,9,1,Yes,Positive,The Nafath login worked first time.,أسهل بكثير من زيارة الفرع.
CS-02004,2026-06-15,2026-06-01,Eastern Province,EAS,Business & Licensing,Call Center,Citizen,18-24,4,5,8,0,Yes,Positive,"No paperwork needed, very good service.",تسجيل الدخول عبر نفاذ عمل من أول مرة.
CS-02005,2026-06-05,2026-06-01,Makkah,MAK,Health Services,Mobile App,Citizen,25-34,5,5,8,1,Yes,Positive,Much easier than going to the branch.,تسجيل الدخول عبر نفاذ عمل من أول مرة.
CS-02006,2026-06-06,2026-06-01,Riyadh,RIY,Health Services,Mobile App,Citizen,55-64,5,5,10,0,Yes,Positive,Finished it on my phone in two minutes.,الخطوات واضحة والتأكيد فوري.
CS-02007,2026-02-27,2026-02-01,Makkah,MAK,Education & Training,Mobile App,Citizen,35-44,4,3,10,1,Yes,Positive,The Nafath login worked first time.,الخطوات واضحة والتأكيد فوري.
CS-02008,2026-01-03,2026-01-01,Eastern Province,EAS,Justice & Notary,Web Portal,Citizen,45-54,4,4,7,1,Yes,Positive,Much easier than going to the branch.,أنهيت المعاملة عبر الجوال خلال دقيقتين.
CS-02009,2026-05-14,2026-05-01,Makkah,MAK,Traffic & Transport,Web Portal,Citizen,18-24,3,4,8,0,Maybe,Neutral,Acceptable but the receipt was hard to find.,مقبولة لكن اضطررت للاتصال للتأكيد.
CS-02010,2026-04-01,2026-04-01,Eastern Province,EAS,Education & Training,Mobile App,Citizen,25-34,5,5,9,1,Yes,Positive,Clear steps and instant confirmation.,أسهل بكثير من زيارة الفرع.
CS-02011,2026-04-26,2026-04-01,Riyadh,RIY,Health Services,Mobile App,Citizen,25-34,5,4,8,0,Yes,Positive,Much easier than going to the branch.,تسجيل الدخول عبر نفاذ عمل من أول مرة.
CS-02012,2026-06-19,2026-06-01,Makkah,MAK,Business & Licensing,Web Portal,Resident,18-24,5,4,10,1,Yes,Positive,The Nafath login worked first time.,الخطوات واضحة والتأكيد فوري.
CS-02013,2026-02-09,2026-02-01,Riyadh,RIY,Identity & Civil Affairs,Mobile App,Citizen,18-24,5,4,10,1,Yes,Positive,Finished it on my phone in two minutes.,أنهيت المعاملة عبر الجوال خلال دقيقتين.
CS-02014,2026-04-17,2026-04-01,Northern Borders,NBR,Education & Training,Mobile App,Citizen,25-34,5,5,9,0,Yes,Positive,Much easier than going to the branch.,الخطوات واضحة والتأكيد فوري.
CS-02015,2026-04-19,2026-04-01,Eastern Province,EAS,Labour & HR Services,Branch,Citizen,45-54,4,3,9,1,Yes,Positive,"No paperwork needed, very good service.",أسهل بكثير من زيارة الفرع.
CS-02016,2026-02-09,2026-02-01,Asir,ASR,Health Services,Mobile App,Citizen,45-54,4,5,10,1,Yes,Positive,Clear steps and instant confirmation.,تسجيل الدخول عبر نفاذ عمل من أول مرة.
CS-02017,2026-01-11,2026-01-01,Makkah,MAK,Health Services,Web Portal,Citizen,25-34,4,5,8,1,Yes,Positive,The Nafath login worked first time.,تسجيل الدخول عبر نفاذ عمل من أول مرة.
CS-02018,2026-05-17,2026-05-01,Riyadh,RIY,Labour & HR Services,Call Center,Resident,18-24,4,4,7,1,Yes,Positive,"No paperwork needed, very good service.",تسجيل الدخول عبر نفاذ عمل من أول مرة.
CS-02019,2026-05-08,2026-05-01,Asir,ASR,Municipal Services,Web Portal,Citizen,25-34,5,4,9,1,Yes,Positive,Clear steps and instant confirmation.,أسهل بكثير من زيارة الفرع.
CS-02020,2026-05-17,2026-05-01,Makkah,MAK,Business & Licensing,Web Portal,Citizen,35-44,4,3,9,1,Yes,Positive,Clear steps and instant confirmation.,أنهيت المعاملة عبر الجوال خلال دقيقتين.
CS-02021,2026-04-05,2026-04-01,Makkah,MAK,Traffic & Transport,Branch,Resident,25-34,3,4,8,0,Maybe,Neutral,Took longer than I expected.,استغرقت وقتاً أطول مما توقعت.
CS-02022,2026-03-10,2026-03-01,Riyadh,RIY,Health Services,Web Portal,Citizen,25-34,5,4,8,0,Yes,Positive,The Nafath login worked first time.,أسهل بكثير من زيارة الفرع.
CS-02023,2026-02-10,2026-02-01,Riyadh,RIY,Education & Training,Web Portal,Resident,25-34,5,5,8,1,Yes,Positive,Finished it on my phone in two minutes.,الخطوات واضحة والتأكيد فوري.
CS-02024,2026-01-28,2026-01-01,Madinah,MAD,Labour & HR Services,Web Portal,Citizen,25-34,5,5,10,1,Yes,Positive,Finished it on my phone in two minutes.,أسهل بكثير من زيارة الفرع.
CS-02025,2026-04-03,2026-04-01,Makkah,MAK,Municipal Services,Web Portal,Citizen,35-44,4,5,7,1,Yes,Positive,Clear steps and instant confirmation.,أنهيت المعاملة عبر الجوال خلال دقيقتين.
CS-02026,2026-04-11,2026-04-01,Makkah,MAK,Health Services,Branch,Citizen,45-54,4,5,10,1,Yes,Positive,Much easier than going to the branch.,أسهل بكثير من زيارة الفرع.
CS-02027,2026-06-25,2026-06-01,Riyadh,RIY,Labour & HR Services,Mobile App,Resident,35-44,5,5,10,1,Yes,Positive,Clear steps and instant confirmation.,الخطوات واضحة والتأكيد فوري.
CS-02028,2026-02-03,2026-02-01,Riyadh,RIY,Traffic & Transport,Mobile App,Citizen,18-24,4,4,10,1,Yes,Positive,The Nafath login worked first time.,أنهيت المعاملة عبر الجوال خلال دقيقتين.
CS-02029,2026-06-18,2026-06-01,Eastern Province,EAS,Business & Licensing,Branch,Resident,25-34,4,4,6,1,Yes,Positive,"No paperwork needed, very good service.",الخطوات واضحة والتأكيد فوري.
CS-02030,2026-05-15,2026-05-01,Makkah,MAK,Labour & HR Services,Mobile App,Citizen,18-24,4,4,6,1,Yes,Positive,The Nafath login worked first time.,تسجيل الدخول عبر نفاذ عمل من أول مرة.
CS-02031,2026-06-20,2026-06-01,Riyadh,RIY,Labour & HR Services,Call Center,Resident,35-44,4,3,6,0,Yes,Positive,Finished it on my phone in two minutes.,الخطوات واضحة والتأكيد فوري.
CS-02032,2026-06-01,2026-06-01,Makkah,MAK,Municipal Services,Call Center,Citizen,18-24,3,3,6,0,Maybe,Neutral,It worked but the wording was confusing.,استغرقت وقتاً أطول مما توقعت.
CS-02033,2026-01-20,2026-01-01,Eastern Province,EAS,Identity & Civil Affairs,Web Portal,Citizen,25-34,5,5,10,1,Yes,Positive,The Nafath login worked first time.,أسهل بكثير من زيارة الفرع.
CS-02034,2026-06-12,2026-06-01,Makkah,MAK,Social Support & Subsidies,Call Center,Citizen,55-64,4,3,9,1,Yes,Positive,The Nafath login worked first time.,أسهل بكثير من زيارة الفرع.
CS-02035,2026-05-23,2026-05-01,Makkah,MAK,Labour & HR Services,Web Portal,Citizen,25-34,4,5,7,1,Yes,Positive,The Nafath login worked first time.,أسهل بكثير من زيارة الفرع.
CS-02036,2026-04-17,2026-04-01,Eastern Province,EAS,Identity & Civil Affairs,Web Portal,Citizen,45-54,4,3,10,1,Yes,Positive,Much easier than going to the branch.,تسجيل الدخول عبر نفاذ عمل من أول مرة.
CS-02037,2026-04-28,2026-04-01,Qassim,QSM,Health Services,Call Center,Business,55-64,3,3,6,0,Maybe,Neutral,Took longer than I expected.,استغرقت وقتاً أطول مما توقعت.
CS-02038,2026-01-28,2026-01-01,Riyadh,RIY,Education & Training,Branch,Citizen,45-54,4,4,6,1,Yes,Positive,Clear steps and instant confirmation.,تسجيل الدخول عبر نفاذ عمل من أول مرة.
CS-02039,2026-04-18,2026-04-01,Riyadh,RIY,Identity & Civil Affairs,Mobile App,Citizen,45-54,4,4,6,1,Yes,Positive,The Nafath login worked first time.,أنهيت المعاملة عبر الجوال خلال دقيقتين.
CS-02040,2026-06-11,2026-06-01,Jazan,JZN,Health Services,Branch,Citizen,35-44,3,2,7,1,Maybe,Neutral,Acceptable but the receipt was hard to find.,تمت الخدمة لكن الصياغة غير واضحة.
CS-02041,2026-05-03,2026-05-01,Northern Borders,NBR,Justice & Notary,Mobile App,Citizen,25-34,5,5,10,1,Yes,Positive,Clear steps and instant confirmation.,أسهل بكثير من زيارة الفرع.
CS-02042,2026-03-20,2026-03-01,Makkah,MAK,Identity & Civil Affairs,Mobile App,Resident,35-44,5,5,10,1,Yes,Positive,Much easier than going to the branch.,تسجيل الدخول عبر نفاذ عمل من أول مرة.
CS-02043,2026-01-22,2026-01-01,Riyadh,RIY,Traffic & Transport,Mobile App,Citizen,35-44,4,4,6,1,Yes,Positive,"No paperwork needed, very good service.",أسهل بكثير من زيارة الفرع.
CS-02044,2026-02-19,2026-02-01,Madinah,MAD,Municipal Services,Call Center,Citizen,55-64,5,5,10,1,Yes,Positive,Much easier than going to the branch.,تسجيل الدخول عبر نفاذ عمل من أول مرة.
CS-02045,2026-03-04,2026-03-01,Riyadh,RIY,Municipal Services,Mobile App,Resident,25-34,5,4,9,1,Yes,Positive,The Nafath login worked first time.,الخطوات واضحة والتأكيد فوري.
CS-02046,2026-02-15,2026-02-01,Tabuk,TBK,Labour & HR Services,Mobile App,Citizen,25-34,4,3,7,1,Yes,Positive,Clear steps and instant confirmation.,أسهل بكثير من زيارة الفرع.
CS-02047,2026-04-14,2026-04-01,Makkah,MAK,Municipal Services,Web Portal,Citizen,25-34,3,3,4,1,Maybe,Neutral,"Fine, though I had to call to confirm.",استغرقت وقتاً أطول مما توقعت.
CS-02048,2026-04-14,2026-04-01,Eastern Province,EAS,Traffic & Transport,Web Portal,Resident,35-44,4,5,9,1,Yes,Positive,The Nafath login worked first time.,الخطوات واضحة والتأكيد فوري.
CS-02049,2026-05-17,2026-05-01,Makkah,MAK,Labour & HR Services,Web Portal,Business,25-34,4,5,8,1,Yes,Positive,The Nafath login worked first time.,أسهل بكثير من زيارة الفرع.
CS-02050,2026-05-15,2026-05-01,Madinah,MAD,Identity & Civil Affairs,Mobile App,Resident,25-34,5,4,8,1,Yes,Positive,Much easier than going to the branch.,أنهيت المعاملة عبر الجوال خلال دقيقتين.
CS-02051,2026-02-25,2026-02-01,Qassim,QSM,Traffic & Transport,Mobile App,Resident,25-34,4,3,10,1,Yes,Positive,The Nafath login worked first time.,أنهيت المعاملة عبر الجوال خلال دقيقتين.
CS-02052,2026-05-02,2026-05-01,Madinah,MAD,Health Services,Branch,Citizen,55-64,3,3,5,0,Maybe,Neutral,Took longer than I expected.,مقبولة لكن اضطررت للاتصال للتأكيد.
CS-02053,2026-05-02,2026-05-01,Asir,ASR,Business & Licensing,Call Center,Citizen,35-44,5,4,10,1,Yes,Positive,"No paperwork needed, very good service.",أنهيت المعاملة عبر الجوال خلال دقيقتين.
CS-02054,2026-05-14,2026-05-01,Jazan,JZN,Education & Training,Call Center,Citizen,18-24,5,5,10,1,Yes,Positive,Finished it on my phone in two minutes.,أسهل بكثير من زيارة الفرع.
CS-02055,2026-01-25,2026-01-01,Makkah,MAK,Labour & HR Services,Call Center,Citizen,18-24,3,2,4,1,Maybe,Neutral,Acceptable but the receipt was hard to find.,مقبولة لكن اضطررت للاتصال للتأكيد.
CS-02056,2026-01-08,2026-01-01,Eastern Province,EAS,Social Support & Subsidies,Call Center,Citizen,18-24,4,3,9,1,Yes,Positive,Clear steps and instant confirmation.,أسهل بكثير من زيارة الفرع.
CS-02057,2026-02-25,2026-02-01,Riyadh,RIY,Traffic & Transport,Mobile App,Resident,45-54,5,5,10,1,Yes,Positive,"No paperwork needed, very good service.",الخطوات واضحة والتأكيد فوري.
CS-02058,2026-06-04,2026-06-01,Makkah,MAK,Identity & Civil Affairs,Call Center,Citizen,35-44,3,4,4,0,Maybe,Neutral,It worked but the wording was confusing.,مقبولة لكن اضطررت للاتصال للتأكيد.
CS-02059,2026-04-03,2026-04-01,Makkah,MAK,Education & Training,Mobile App,Citizen,25-34,5,4,10,0,Yes,Positive,The Nafath login worked first time.,أنهيت المعاملة عبر الجوال خلال دقيقتين.
CS-02060,2026-03-27,2026-03-01,Makkah,MAK,Municipal Services,Mobile App,Resident,25-34,3,4,7,0,Maybe,Neutral,It worked but the wording was confusing.,تمت الخدمة لكن الصياغة غير واضحة.
CS-02061,2026-01-03,2026-01-01,Al-Jouf,JOF,Health Services,Call Center,Citizen,45-54,4,3,8,1,Yes,Positive,"No paperwork needed, very good service.",الخطوات واضحة والتأكيد فوري.
CS-02062,2026-02-28,2026-02-01,Eastern Province,EAS,Municipal Services,Mobile App,Citizen,45-54,5,4,10,1,Yes,Positive,The Nafath login worked first time.,أنهيت المعاملة عبر الجوال خلال دقيقتين.
CS-02063,2026-05-23,2026-05-01,Riyadh,RIY,Health Services,Mobile App,Citizen,45-54,5,4,10,0,Yes,Positive,Much easier than going to the branch.,الخطوات واضحة والتأكيد فوري.
CS-02064,2026-06-05,2026-06-01,Najran,NJR,Health Services,Branch,Citizen,25-34,3,4,4,1,Maybe,Neutral,Took longer than I expected.,استغرقت وقتاً أطول مما توقعت.
CS-02065,2026-06-28,2026-06-01,Makkah,MAK,Identity & Civil Affairs,Mobile App,Resident,35-44,4,4,7,1,Yes,Positive,Clear steps and instant confirmation.,أنهيت المعاملة عبر الجوال خلال دقيقتين.
CS-02066,2026-02-06,2026-02-01,Eastern Province,EAS,Municipal Services,Branch,Citizen,55-64,2,2,2,1,No,Negative,The document upload kept rejecting my file.,اضطررت لزيارة الفرع رغم ذلك.
CS-02067,2026-03-25,2026-03-01,Eastern Province,EAS,Business & Licensing,Mobile App,Citizen,25-34,4,4,9,1,Yes,Positive,Much easier than going to the branch.,الخطوات واضحة والتأكيد فوري.
CS-02068,2026-03-01,2026-03-01,Makkah,MAK,Education & Training,Call Center,Citizen,25-34,4,3,8,1,Yes,Positive,Much easier than going to the branch.,تسجيل الدخول عبر نفاذ عمل من أول مرة.
CS-02069,2026-04-21,2026-04-01,Madinah,MAD,Identity & Civil Affairs,Mobile App,Resident,35-44,4,5,6,1,Yes,Positive,The Nafath login worked first time.,أنهيت المعاملة عبر الجوال خلال دقيقتين.
CS-02070,2026-02-25,2026-02-01,Eastern Province,EAS,Social Support & Subsidies,Mobile App,Resident,55-64,3,3,5,1,Maybe,Neutral,It worked but the wording was confusing.,مقبولة لكن اضطررت للاتصال للتأكيد.
CS-02071,2026-05-16,2026-05-01,Riyadh,RIY,Municipal Services,Mobile App,Citizen,25-34,4,4,7,1,Yes,Positive,Much easier than going to the branch.,تسجيل الدخول عبر نفاذ عمل من أول مرة.
CS-02072,2026-01-01,2026-01-01,Eastern Province,EAS,Labour & HR Services,Mobile App,Resident,45-54,5,5,10,1,Yes,Positive,Finished it on my phone in two minutes.,تسجيل الدخول عبر نفاذ عمل من أول مرة.
CS-02073,2026-03-04,2026-03-01,Makkah,MAK,Business & Licensing,Mobile App,Resident,65+,4,4,8,1,Yes,Positive,Finished it on my phone in two minutes.,أسهل بكثير من زيارة الفرع.
CS-02074,2026-06-26,2026-06-01,Makkah,MAK,Traffic & Transport,Mobile App,Business,25-34,4,3,8,1,Yes,Positive,Much easier than going to the branch.,تسجيل الدخول عبر نفاذ عمل من أول مرة.
CS-02075,2026-03-20,2026-03-01,Makkah,MAK,Identity & Civil Affairs,Mobile App,Citizen,18-24,5,5,10,1,Yes,Positive,Finished it on my phone in two minutes.,الخطوات واضحة والتأكيد فوري.
CS-02076,2026-01-17,2026-01-01,Riyadh,RIY,Health Services,Mobile App,Resident,55-64,5,5,10,1,Yes,Positive,The Nafath login worked first time.,تسجيل الدخول عبر نفاذ عمل من أول مرة.
CS-02077,2026-01-16,2026-01-01,Asir,ASR,Education & Training,Mobile App,Citizen,18-24,4,3,8,1,Yes,Positive,The Nafath login worked first time.,أنهيت المعاملة عبر الجوال خلال دقيقتين.
CS-02078,2026-02-09,2026-02-01,Makkah,MAK,Social Support & Subsidies,Web Portal,Citizen,35-44,5,5,8,1,Yes,Positive,Finished it on my phone in two minutes.,أنهيت المعاملة عبر الجوال خلال دقيقتين.
CS-02079,2026-04-13,2026-04-01,Makkah,MAK,Social Support & Subsidies,Branch,Business,18-24,3,3,4,0,Maybe,Neutral,Acceptable but the receipt was hard to find.,تمت الخدمة لكن الصياغة غير واضحة.
CS-02080,2026-03-24,2026-03-01,Madinah,MAD,Social Support & Subsidies,Web Portal,Citizen,35-44,5,5,9,1,Yes,Positive,Clear steps and instant confirmation.,الخطوات واضحة والتأكيد فوري.
CS-02081,2026-05-01,2026-05-01,Makkah,MAK,Education & Training,Call Center,Citizen,35-44,3,4,6,1,Maybe,Neutral,It worked but the wording was confusing.,تمت الخدمة لكن الصياغة غير واضحة.
CS-02082,2026-02-25,2026-02-01,Riyadh,RIY,Identity & Civil Affairs,Mobile App,Citizen,55-64,4,5,7,0,Yes,Positive,Clear steps and instant confirmation.,تسجيل الدخول عبر نفاذ عمل من أول مرة.
CS-02083,2026-02-03,2026-02-01,Riyadh,RIY,Business & Licensing,Mobile App,Citizen,55-64,4,3,7,1,Yes,Positive,Clear steps and instant confirmation.,الخطوات واضحة والتأكيد فوري.
CS-02084,2026-01-23,2026-01-01,Eastern Province,EAS,Municipal Services,Mobile App,Citizen,55-64,5,5,10,0,Yes,Positive,Much easier than going to the branch.,أنهيت المعاملة عبر الجوال خلال دقيقتين.
CS-02085,2026-04-01,2026-04-01,Asir,ASR,Business & Licensing,Web Portal,Citizen,25-34,4,3,8,1,Yes,Positive,Finished it on my phone in two minutes.,تسجيل الدخول عبر نفاذ عمل من أول مرة.
CS-02086,2026-02-24,2026-02-01,Eastern Province,EAS,Social Support & Subsidies,Mobile App,Citizen,18-24,4,4,10,1,Yes,Positive,Finished it on my phone in two minutes.,الخطوات واضحة والتأكيد فوري.
CS-02087,2026-05-07,2026-05-01,Al-Baha,BAH,Labour & HR Services,Call Center,Resident,25-34,3,3,5,1,Maybe,Neutral,It worked but the wording was confusing.,تمت الخدمة لكن الصياغة غير واضحة.
CS-02088,2026-05-24,2026-05-01,Makkah,MAK,Health Services,Mobile App,Resident,55-64,5,5,10,1,Yes,Positive,Finished it on my phone in two minutes.,تسجيل الدخول عبر نفاذ عمل من أول مرة.
CS-02089,2026-03-21,2026-03-01,Riyadh,RIY,Business & Licensing,Web Portal,Citizen,18-24,3,2,4,0,Maybe,Neutral,Took longer than I expected.,مقبولة لكن اضطررت للاتصال للتأكيد.
CS-02090,2026-01-22,2026-01-01,Eastern Province,EAS,Labour & HR Services,Web Portal,Resident,35-44,4,5,7,1,Yes,Positive,The Nafath login worked first time.,تسجيل الدخول عبر نفاذ عمل من أول مرة.
CS-02091,2026-05-12,2026-05-01,Makkah,MAK,Education & Training,Mobile App,Citizen,45-54,4,3,8,1,Yes,Positive,Clear steps and instant confirmation.,أسهل بكثير من زيارة الفرع.
CS-02092,2026-06-18,2026-06-01,Qassim,QSM,Social Support & Subsidies,Call Center,Business,18-24,4,5,10,1,Yes,Positive,Much easier than going to the branch.,الخطوات واضحة والتأكيد فوري.
CS-02093,2026-02-03,2026-02-01,Makkah,MAK,Justice & Notary,Mobile App,Resident,35-44,2,3,3,0,No,Negative,The document upload kept rejecting my file.,اضطررت لزيارة الفرع رغم ذلك.
CS-02094,2026-04-27,2026-04-01,Riyadh,RIY,Identity & Civil Affairs,Branch,Resident,35-44,3,2,8,0,Maybe,Neutral,Acceptable but the receipt was hard to find.,استغرقت وقتاً أطول مما توقعت.
CS-02095,2026-04-24,2026-04-01,Riyadh,RIY,Municipal Services,Mobile App,Business,55-64,3,4,8,1,Maybe,Neutral,Acceptable but the receipt was hard to find.,استغرقت وقتاً أطول مما توقعت.
CS-02096,2026-01-11,2026-01-01,Makkah,MAK,Education & Training,Mobile App,Business,25-34,4,5,10,1,Yes,Positive,The Nafath login worked first time.,الخطوات واضحة والتأكيد فوري.
CS-02097,2026-02-27,2026-02-01,Makkah,MAK,Labour & HR Services,Call Center,Citizen,45-54,3,2,4,1,Maybe,Neutral,It worked but the wording was confusing.,مقبولة لكن اضطررت للاتصال للتأكيد.
CS-02098,2026-05-21,2026-05-01,Eastern Province,EAS,Labour & HR Services,Web Portal,Resident,45-54,5,5,10,1,Yes,Positive,Much easier than going to the branch.,تسجيل الدخول عبر نفاذ عمل من أول مرة.
CS-02099,2026-05-24,2026-05-01,Jazan,JZN,Business & Licensing,Mobile App,Citizen,35-44,4,4,6,1,Yes,Positive,Finished it on my phone in two minutes.,تسجيل الدخول عبر نفاذ عمل من أول مرة.
CS-02100,2026-03-27,2026-03-01,Jazan,JZN,Business & Licensing,Mobile App,Resident,18-24,4,4,9,1,Yes,Positive,Much easier than going to the branch.,تسجيل الدخول عبر نفاذ عمل من أول مرة.
CS-02101,2026-01-23,2026-01-01,Riyadh,RIY,Education & Training,Mobile App,Citizen,35-44,4,5,8,1,Yes,Positive,Clear steps and instant confirmation.,أنهيت المعاملة عبر الجوال خلال دقيقتين.
CS-02102,2026-01-19,2026-01-01,Makkah,MAK,Education & Training,Branch,Resident,45-54,3,2,5,0,Maybe,Neutral,"Fine, though I had to call to confirm.",تمت الخدمة لكن الصياغة غير واضحة.
CS-02103,2026-05-02,2026-05-01,Makkah,MAK,Justice & Notary,Web Portal,Business,25-34,5,4,10,1,Yes,Positive,"No paperwork needed, very good service.",تسجيل الدخول عبر نفاذ عمل من أول مرة.
CS-02104,2026-06-05,2026-06-01,Makkah,MAK,Education & Training,Mobile App,Business,25-34,5,5,8,1,Yes,Positive,Finished it on my phone in two minutes.,أنهيت المعاملة عبر الجوال خلال دقيقتين.
CS-02105,2026-03-26,2026-03-01,Madinah,MAD,Municipal Services,Web Portal,Citizen,35-44,5,5,10,1,Yes,Positive,"No paperwork needed, very good service.",تسجيل الدخول عبر نفاذ عمل من أول مرة.
CS-02106,2026-05-13,2026-05-01,Hail,HAL,Labour & HR Services,Mobile App,Resident,45-54,5,4,10,1,Yes,Positive,Much easier than going to the branch.,الخطوات واضحة والتأكيد فوري.
CS-02107,2026-03-13,2026-03-01,Eastern Province,EAS,Traffic & Transport,Branch,Citizen,25-34,3,4,7,1,Maybe,Neutral,"Fine, though I had to call to confirm.",مقبولة لكن اضطررت للاتصال للتأكيد.
CS-02108,2026-04-17,2026-04-01,Hail,HAL,Health Services,Mobile App,Citizen,45-54,4,5,9,1,Yes,Positive,Clear steps and instant confirmation.,تسجيل الدخول عبر نفاذ عمل من أول مرة.
CS-02109,2026-06-27,2026-06-01,Makkah,MAK,Labour & HR Services,Mobile App,Citizen,25-34,4,4,7,1,Yes,Positive,Finished it on my phone in two minutes.,أسهل بكثير من زيارة الفرع.
CS-02110,2026-03-20,2026-03-01,Asir,ASR,Social Support & Subsidies,Mobile App,Resident,18-24,4,4,10,0,Yes,Positive,Clear steps and instant confirmation.,أنهيت المعاملة عبر الجوال خلال دقيقتين.
CS-02111,2026-05-11,2026-05-01,Jazan,JZN,Social Support & Subsidies,Mobile App,Business,35-44,4,3,6,1,Yes,Positive,Much easier than going to the branch.,أنهيت المعاملة عبر الجوال خلال دقيقتين.
CS-02112,2026-02-11,2026-02-01,Eastern Province,EAS,Justice & Notary,Mobile App,Citizen,55-64,4,4,6,1,Yes,Positive,Much easier than going to the branch.,تسجيل الدخول عبر نفاذ عمل من أول مرة.
CS-02113,2026-06-19,2026-06-01,Asir,ASR,Traffic & Transport,Web Portal,Citizen,25-34,5,4,10,1,Yes,Positive,Much easier than going to the branch.,أنهيت المعاملة عبر الجوال خلال دقيقتين.
CS-02114,2026-06-23,2026-06-01,Eastern Province,EAS,Traffic & Transport,Mobile App,Citizen,35-44,5,5,9,1,Yes,Positive,"No paperwork needed, very good service.",أنهيت المعاملة عبر الجوال خلال دقيقتين.
CS-02115,2026-01-27,2026-01-01,Riyadh,RIY,Traffic & Transport,Mobile App,Citizen,25-34,5,5,9,1,Yes,Positive,The Nafath login worked first time.,الخطوات واضحة والتأكيد فوري.
CS-02116,2026-06-13,2026-06-01,Jazan,JZN,Social Support & Subsidies,Call Center,Resident,65+,4,3,8,1,Yes,Positive,The Nafath login worked first time.,أسهل بكثير من زيارة الفرع.
CS-02117,2026-05-26,2026-05-01,Eastern Province,EAS,Municipal Services,Branch,Citizen,25-34,4,5,10,1,Yes,Positive,Much easier than going to the branch.,الخطوات واضحة والتأكيد فوري.
CS-02118,2026-04-11,2026-04-01,Al-Jouf,JOF,Health Services,Mobile App,Citizen,55-64,4,4,6,1,Yes,Positive,Clear steps and instant confirmation.,أسهل بكثير من زيارة الفرع.
CS-02119,2026-04-03,2026-04-01,Makkah,MAK,Labour & HR Services,Mobile App,Citizen,35-44,5,5,8,0,Yes,Positive,The Nafath login worked first time.,أسهل بكثير من زيارة الفرع.
CS-02120,2026-01-07,2026-01-01,Makkah,MAK,Municipal Services,Call Center,Citizen,35-44,4,4,10,0,Yes,Positive,Much easier than going to the branch.,أنهيت المعاملة عبر الجوال خلال دقيقتين.
CS-02121,2026-01-11,2026-01-01,Madinah,MAD,Health Services,Mobile App,Citizen,55-64,5,4,8,1,Yes,Positive,"No paperwork needed, very good service.",أنهيت المعاملة عبر الجوال خلال دقيقتين.
CS-02122,2026-04-13,2026-04-01,Riyadh,RIY,Traffic & Transport,Mobile App,Citizen,45-54,5,5,10,1,Yes,Positive,Much easier than going to the branch.,الخطوات واضحة والتأكيد فوري.
CS-02123,2026-05-12,2026-05-01,Qassim,QSM,Identity & Civil Affairs,Branch,Resident,25-34,3,3,8,1,Maybe,Neutral,"Fine, though I had to call to confirm.",تمت الخدمة لكن الصياغة غير واضحة.
CS-02124,2026-06-26,2026-06-01,Riyadh,RIY,Municipal Services,Mobile App,Citizen,55-64,3,2,8,1,Maybe,Neutral,Took longer than I expected.,تمت الخدمة لكن الصياغة غير واضحة.
CS-02125,2026-05-14,2026-05-01,Makkah,MAK,Identity & Civil Affairs,Mobile App,Citizen,45-54,4,5,9,1,Yes,Positive,Finished it on my phone in two minutes.,أنهيت المعاملة عبر الجوال خلال دقيقتين.
CS-02126,2026-05-16,2026-05-01,Asir,ASR,Municipal Services,Mobile App,Citizen,55-64,4,3,8,1,Yes,Positive,"No paperwork needed, very good service.",الخطوات واضحة والتأكيد فوري.
CS-02127,2026-05-17,2026-05-01,Makkah,MAK,Municipal Services,Branch,Resident,45-54,3,2,6,0,Maybe,Neutral,Acceptable but the receipt was hard to find.,تمت الخدمة لكن الصياغة غير واضحة.
CS-02128,2026-05-24,2026-05-01,Riyadh,RIY,Identity & Civil Affairs,Mobile App,Citizen,25-34,5,5,10,1,Yes,Positive,"No paperwork needed, very good service.",الخطوات واضحة والتأكيد فوري.
CS-02129,2026-05-24,2026-05-01,Eastern Province,EAS,Municipal Services,Mobile App,Citizen,35-44,5,5,10,1,Yes,Positive,Clear steps and instant confirmation.,الخطوات واضحة والتأكيد فوري.
CS-02130,2026-05-17,2026-05-01,Asir,ASR,Education & Training,Mobile App,Resident,25-34,5,5,10,1,Yes,Positive,Much easier than going to the branch.,أسهل بكثير من زيارة الفرع.
CS-02131,2026-02-22,2026-02-01,Riyadh,RIY,Health Services,Branch,Citizen,35-44,4,3,9,1,Yes,Positive,The Nafath login worked first time.,أنهيت المعاملة عبر الجوال خلال دقيقتين.
CS-02132,2026-03-24,2026-03-01,Riyadh,RIY,Education & Training,Mobile App,Citizen,35-44,5,4,8,1,Yes,Positive,"No paperwork needed, very good service.",أسهل بكثير من زيارة الفرع.
CS-02133,2026-01-04,2026-01-01,Riyadh,RIY,Justice & Notary,Mobile App,Resident,35-44,5,5,10,1,Yes,Positive,"No paperwork needed, very good service.",أسهل بكثير من زيارة الفرع.
CS-02134,2026-03-20,2026-03-01,Makkah,MAK,Health Services,Web Portal,Resident,35-44,5,5,8,0,Yes,Positive,"No paperwork needed, very good service.",أسهل بكثير من زيارة الفرع.
CS-02135,2026-06-19,2026-06-01,Makkah,MAK,Social Support & Subsidies,Mobile App,Citizen,25-34,4,4,8,1,Yes,Positive,Finished it on my phone in two minutes.,تسجيل الدخول عبر نفاذ عمل من أول مرة.
CS-02136,2026-04-05,2026-04-01,Makkah,MAK,Labour & HR Services,Branch,Citizen,35-44,3,2,8,1,Maybe,Neutral,Took longer than I expected.,مقبولة لكن اضطررت للاتصال للتأكيد.
CS-02137,2026-04-08,2026-04-01,Eastern Province,EAS,Labour & HR Services,Mobile App,Resident,35-44,4,4,9,0,Yes,Positive,"No paperwork needed, very good service.",أسهل بكثير من زيارة الفرع.
CS-02138,2026-01-21,2026-01-01,Eastern Province,EAS,Municipal Services,Branch,Citizen,18-24,3,4,6,1,Maybe,Neutral,"Fine, though I had to call to confirm.",تمت الخدمة لكن الصياغة غير واضحة.
CS-02139,2026-04-15,2026-04-01,Makkah,MAK,Education & Training,Branch,Citizen,55-64,3,4,8,0,Maybe,Neutral,Acceptable but the receipt was hard to find.,استغرقت وقتاً أطول مما توقعت.
CS-02140,2026-04-01,2026-04-01,Makkah,MAK,Justice & Notary,Call Center,Business,25-34,3,3,8,1,Maybe,Neutral,Took longer than I expected.,مقبولة لكن اضطررت للاتصال للتأكيد.
CS-02141,2026-04-16,2026-04-01,Jazan,JZN,Identity & Civil Affairs,Call Center,Citizen,18-24,4,5,7,1,Yes,Positive,Much easier than going to the branch.,أسهل بكثير من زيارة الفرع.
CS-02142,2026-01-22,2026-01-01,Riyadh,RIY,Traffic & Transport,Mobile App,Citizen,65+,3,3,8,1,Maybe,Neutral,It worked but the wording was confusing.,تمت الخدمة لكن الصياغة غير واضحة.
CS-02143,2026-04-11,2026-04-01,Makkah,MAK,Municipal Services,Mobile App,Citizen,35-44,4,3,7,1,Yes,Positive,Much easier than going to the branch.,أنهيت المعاملة عبر الجوال خلال دقيقتين.
CS-02144,2026-03-12,2026-03-01,Riyadh,RIY,Justice & Notary,Mobile App,Citizen,18-24,4,5,9,1,Yes,Positive,Much easier than going to the branch.,الخطوات واضحة والتأكيد فوري.
CS-02145,2026-03-18,2026-03-01,Eastern Province,EAS,Health Services,Branch,Citizen,35-44,3,3,8,1,Maybe,Neutral,It worked but the wording was confusing.,مقبولة لكن اضطررت للاتصال للتأكيد.
CS-02146,2026-05-10,2026-05-01,Al-Jouf,JOF,Justice & Notary,Web Portal,Citizen,18-24,4,4,7,1,Yes,Positive,Much easier than going to the branch.,تسجيل الدخول عبر نفاذ عمل من أول مرة.
CS-02147,2026-03-10,2026-03-01,Qassim,QSM,Municipal Services,Mobile App,Resident,18-24,4,3,6,1,Yes,Positive,"No paperwork needed, very good service.",الخطوات واضحة والتأكيد فوري.
CS-02148,2026-06-02,2026-06-01,Madinah,MAD,Identity & Civil Affairs,Branch,Resident,45-54,2,2,2,0,No,Negative,The document upload kept rejecting my file.,فشل التحقق ثلاث مرات فاضطررت للتوقف.
CS-02149,2026-01-02,2026-01-01,Riyadh,RIY,Health Services,Mobile App,Business,25-34,3,3,6,1,Maybe,Neutral,It worked but the wording was confusing.,مقبولة لكن اضطررت للاتصال للتأكيد.
CS-02150,2026-03-08,2026-03-01,Madinah,MAD,Education & Training,Branch,Resident,55-64,4,5,9,1,Yes,Positive,Finished it on my phone in two minutes.,أسهل بكثير من زيارة الفرع.
CS-02151,2026-03-13,2026-03-01,Hail,HAL,Municipal Services,Call Center,Citizen,25-34,4,5,6,1,Yes,Positive,Much easier than going to the branch.,تسجيل الدخول عبر نفاذ عمل من أول مرة.
CS-02152,2026-05-22,2026-05-01,Riyadh,RIY,Traffic & Transport,Call Center,Citizen,35-44,4,3,9,1,Yes,Positive,The Nafath login worked first time.,الخطوات واضحة والتأكيد فوري.
CS-02153,2026-04-27,2026-04-01,Makkah,MAK,Health Services,Branch,Business,25-34,3,4,5,0,Maybe,Neutral,Acceptable but the receipt was hard to find.,استغرقت وقتاً أطول مما توقعت.
CS-02154,2026-04-07,2026-04-01,Jazan,JZN,Labour & HR Services,Branch,Citizen,55-64,3,3,5,0,Maybe,Neutral,Took longer than I expected.,مقبولة لكن اضطررت للاتصال للتأكيد.
CS-02155,2026-02-13,2026-02-01,Riyadh,RIY,Education & Training,Mobile App,Citizen,35-44,4,5,9,1,Yes,Positive,Much easier than going to the branch.,أسهل بكثير من زيارة الفرع.
CS-02156,2026-04-16,2026-04-01,Makkah,MAK,Identity & Civil Affairs,Web Portal,Citizen,35-44,4,5,7,1,Yes,Positive,Clear steps and instant confirmation.,أنهيت المعاملة عبر الجوال خلال دقيقتين.
CS-02157,2026-04-26,2026-04-01,Makkah,MAK,Identity & Civil Affairs,Mobile App,Citizen,25-34,3,3,4,1,Maybe,Neutral,It worked but the wording was confusing.,تمت الخدمة لكن الصياغة غير واضحة.
CS-02158,2026-04-21,2026-04-01,Asir,ASR,Identity & Civil Affairs,Mobile App,Citizen,25-34,4,4,7,1,Yes,Positive,Clear steps and instant confirmation.,أنهيت المعاملة عبر الجوال خلال دقيقتين.
CS-02159,2026-05-10,2026-05-01,Madinah,MAD,Business & Licensing,Branch,Citizen,25-34,4,4,6,1,Yes,Positive,Clear steps and instant confirmation.,أسهل بكثير من زيارة الفرع.
CS-02160,2026-04-27,2026-04-01,Makkah,MAK,Education & Training,Mobile App,Citizen,35-44,4,5,10,1,Yes,Positive,Clear steps and instant confirmation.,الخطوات واضحة والتأكيد فوري.
CS-02161,2026-04-20,2026-04-01,Riyadh,RIY,Municipal Services,Mobile App,Citizen,25-34,5,5,10,1,Yes,Positive,Clear steps and instant confirmation.,تسجيل الدخول عبر نفاذ عمل من أول مرة.
CS-02162,2026-06-12,2026-06-01,Makkah,MAK,Labour & HR Services,Mobile App,Citizen,35-44,4,5,9,1,Yes,Positive,Much easier than going to the branch.,الخطوات واضحة والتأكيد فوري.
CS-02163,2026-05-14,2026-05-01,Eastern Province,EAS,Justice & Notary,Call Center,Business,35-44,4,5,10,1,Yes,Positive,Clear steps and instant confirmation.,أسهل بكثير من زيارة الفرع.
CS-02164,2026-04-08,2026-04-01,Riyadh,RIY,Health Services,Mobile App,Citizen,25-34,5,5,10,1,Yes,Positive,"No paperwork needed, very good service.",أسهل بكثير من زيارة الفرع.
CS-02165,2026-03-09,2026-03-01,Eastern Province,EAS,Business & Licensing,Branch,Citizen,18-24,4,3,7,1,Yes,Positive,"No paperwork needed, very good service.",أنهيت المعاملة عبر الجوال خلال دقيقتين.
CS-02166,2026-04-08,2026-04-01,Makkah,MAK,Justice & Notary,Web Portal,Resident,35-44,3,4,7,1,Maybe,Neutral,It worked but the wording was confusing.,تمت الخدمة لكن الصياغة غير واضحة.
CS-02167,2026-02-03,2026-02-01,Northern Borders,NBR,Health Services,Mobile App,Citizen,18-24,5,4,10,1,Yes,Positive,Much easier than going to the branch.,الخطوات واضحة والتأكيد فوري.
CS-02168,2026-01-24,2026-01-01,Riyadh,RIY,Health Services,Web Portal,Business,35-44,5,5,10,1,Yes,Positive,Finished it on my phone in two minutes.,أنهيت المعاملة عبر الجوال خلال دقيقتين.
CS-02169,2026-03-08,2026-03-01,Madinah,MAD,Labour & HR Services,Branch,Citizen,45-54,5,5,10,1,Yes,Positive,Much easier than going to the branch.,أسهل بكثير من زيارة الفرع.
CS-02170,2026-02-14,2026-02-01,Makkah,MAK,Traffic & Transport,Mobile App,Resident,25-34,3,3,7,0,Maybe,Neutral,It worked but the wording was confusing.,تمت الخدمة لكن الصياغة غير واضحة.
CS-02171,2026-03-20,2026-03-01,Al-Jouf,JOF,Labour & HR Services,Call Center,Citizen,35-44,5,5,10,1,Yes,Positive,"No paperwork needed, very good service.",تسجيل الدخول عبر نفاذ عمل من أول مرة.
CS-02172,2026-04-14,2026-04-01,Eastern Province,EAS,Education & Training,Mobile App,Citizen,25-34,5,5,9,1,Yes,Positive,Finished it on my phone in two minutes.,الخطوات واضحة والتأكيد فوري.
CS-02173,2026-06-27,2026-06-01,Al-Jouf,JOF,Traffic & Transport,Mobile App,Citizen,35-44,5,4,9,1,Yes,Positive,The Nafath login worked first time.,أنهيت المعاملة عبر الجوال خلال دقيقتين.
CS-02174,2026-02-18,2026-02-01,Tabuk,TBK,Health Services,Mobile App,Citizen,25-34,5,5,10,0,Yes,Positive,Finished it on my phone in two minutes.,أسهل بكثير من زيارة الفرع.
CS-02175,2026-05-03,2026-05-01,Riyadh,RIY,Health Services,Mobile App,Citizen,25-34,5,4,10,1,Yes,Positive,Much easier than going to the branch.,الخطوات واضحة والتأكيد فوري.
CS-02176,2026-03-05,2026-03-01,Makkah,MAK,Business & Licensing,Branch,Business,25-34,3,4,5,0,Maybe,Neutral,"Fine, though I had to call to confirm.",تمت الخدمة لكن الصياغة غير واضحة.
CS-02177,2026-03-24,2026-03-01,Qassim,QSM,Municipal Services,Mobile App,Citizen,55-64,5,5,10,1,Yes,Positive,"No paperwork needed, very good service.",الخطوات واضحة والتأكيد فوري.
CS-02178,2026-05-24,2026-05-01,Eastern Province,EAS,Identity & Civil Affairs,Mobile App,Citizen,45-54,5,5,9,1,Yes,Positive,Finished it on my phone in two minutes.,تسجيل الدخول عبر نفاذ عمل من أول مرة.
CS-02179,2026-01-06,2026-01-01,Jazan,JZN,Identity & Civil Affairs,Mobile App,Citizen,35-44,5,4,10,1,Yes,Positive,Much easier than going to the branch.,تسجيل الدخول عبر نفاذ عمل من أول مرة.
CS-02180,2026-01-06,2026-01-01,Makkah,MAK,Municipal Services,Branch,Resident,45-54,3,4,8,0,Maybe,Neutral,It worked but the wording was confusing.,مقبولة لكن اضطررت للاتصال للتأكيد.
CS-02181,2026-06-18,2026-06-01,Eastern Province,EAS,Traffic & Transport,Web Portal,Citizen,18-24,4,3,9,1,Yes,Positive,Clear steps and instant confirmation.,أنهيت المعاملة عبر الجوال خلال دقيقتين.
CS-02182,2026-04-14,2026-04-01,Makkah,MAK,Traffic & Transport,Branch,Business,25-34,4,4,10,1,Yes,Positive,"No paperwork needed, very good service.",تسجيل الدخول عبر نفاذ عمل من أول مرة.
CS-02183,2026-06-06,2026-06-01,Riyadh,RIY,Traffic & Transport,Mobile App,Citizen,45-54,5,5,8,1,Yes,Positive,Much easier than going to the branch.,أسهل بكثير من زيارة الفرع.
CS-02184,2026-02-16,2026-02-01,Jazan,JZN,Traffic & Transport,Mobile App,Citizen,35-44,4,3,9,1,Yes,Positive,The Nafath login worked first time.,تسجيل الدخول عبر نفاذ عمل من أول مرة.
CS-02185,2026-04-28,2026-04-01,Eastern Province,EAS,Health Services,Mobile App,Citizen,45-54,5,5,10,1,Yes,Positive,Finished it on my phone in two minutes.,أسهل بكثير من زيارة الفرع.
CS-02186,2026-04-05,2026-04-01,Jazan,JZN,Health Services,Mobile App,Citizen,35-44,5,5,8,1,Yes,Positive,The Nafath login worked first time.,الخطوات واضحة والتأكيد فوري.
CS-02187,2026-06-09,2026-06-01,Makkah,MAK,Business & Licensing,Branch,Citizen,25-34,2,1,4,0,No,Negative,I had to visit the branch anyway.,اضطررت لزيارة الفرع رغم ذلك.
CS-02188,2026-01-17,2026-01-01,Eastern Province,EAS,Municipal Services,Web Portal,Resident,35-44,4,5,9,1,Yes,Positive,Finished it on my phone in two minutes.,أنهيت المعاملة عبر الجوال خلال دقيقتين.
CS-02189,2026-01-11,2026-01-01,Makkah,MAK,Labour & HR Services,Mobile App,Resident,55-64,4,4,7,0,Yes,Positive,"No paperwork needed, very good service.",الخطوات واضحة والتأكيد فوري.
CS-02190,2026-05-11,2026-05-01,Madinah,MAD,Traffic & Transport,Mobile App,Citizen,25-34,4,4,6,1,Yes,Positive,The Nafath login worked first time.,الخطوات واضحة والتأكيد فوري.
CS-02191,2026-03-15,2026-03-01,Riyadh,RIY,Labour & HR Services,Mobile App,Resident,45-54,4,3,6,1,Yes,Positive,"No paperwork needed, very good service.",أنهيت المعاملة عبر الجوال خلال دقيقتين.
CS-02192,2026-03-13,2026-03-01,Riyadh,RIY,Identity & Civil Affairs,Call Center,Citizen,55-64,4,5,6,1,Yes,Positive,Much easier than going to the branch.,الخطوات واضحة والتأكيد فوري.
CS-02193,2026-01-01,2026-01-01,Jazan,JZN,Health Services,Web Portal,Citizen,25-34,5,5,9,0,Yes,Positive,Much easier than going to the branch.,الخطوات واضحة والتأكيد فوري.
CS-02194,2026-01-03,2026-01-01,Eastern Province,EAS,Identity & Civil Affairs,Web Portal,Business,65+,4,4,10,1,Yes,Positive,The Nafath login worked first time.,أنهيت المعاملة عبر الجوال خلال دقيقتين.
CS-02195,2026-05-11,2026-05-01,Eastern Province,EAS,Justice & Notary,Mobile App,Resident,18-24,5,5,9,1,Yes,Positive,"No paperwork needed, very good service.",تسجيل الدخول عبر نفاذ عمل من أول مرة.
CS-02196,2026-02-06,2026-02-01,Eastern Province,EAS,Justice & Notary,Web Portal,Citizen,25-34,4,4,10,1,Yes,Positive,Clear steps and instant confirmation.,الخطوات واضحة والتأكيد فوري.
CS-02197,2026-02-07,2026-02-01,Riyadh,RIY,Labour & HR Services,Mobile App,Citizen,45-54,5,5,10,1,Yes,Positive,Finished it on my phone in two minutes.,الخطوات واضحة والتأكيد فوري.
CS-02198,2026-02-21,2026-02-01,Asir,ASR,Identity & Civil Affairs,Web Portal,Resident,45-54,3,3,8,0,Maybe,Neutral,Acceptable but the receipt was hard to find.,استغرقت وقتاً أطول مما توقعت.
CS-02199,2026-06-22,2026-06-01,Northern Borders,NBR,Identity & Civil Affairs,Web Portal,Resident,35-44,4,5,10,1,Yes,Positive,"No paperwork needed, very good service.",أنهيت المعاملة عبر الجوال خلال دقيقتين.
CS-02200,2026-01-02,2026-01-01,Asir,ASR,Health Services,Mobile App,Citizen,35-44,3,4,8,1,Maybe,Neutral,Took longer than I expected.,استغرقت وقتاً أطول مما توقعت.
CS-02201,2026-03-26,2026-03-01,Eastern Province,EAS,Municipal Services,Branch,Citizen,55-64,4,3,6,1,Yes,Positive,Clear steps and instant confirmation.,أسهل بكثير من زيارة الفرع.
CS-02202,2026-06-14,2026-06-01,Jazan,JZN,Traffic & Transport,Call Center,Citizen,65+,3,2,6,0,Maybe,Neutral,Took longer than I expected.,استغرقت وقتاً أطول مما توقعت.
CS-02203,2026-03-21,2026-03-01,Eastern Province,EAS,Health Services,Mobile App,Citizen,25-34,5,5,10,1,Yes,Positive,Clear steps and instant confirmation.,الخطوات واضحة والتأكيد فوري.
CS-02204,2026-04-18,2026-04-01,Makkah,MAK,Social Support & Subsidies,Mobile App,Resident,25-34,4,5,10,1,Yes,Positive,"No paperwork needed, very good service.",أسهل بكثير من زيارة الفرع.
CS-02205,2026-02-10,2026-02-01,Riyadh,RIY,Health Services,Mobile App,Resident,45-54,5,4,10,0,Yes,Positive,Much easier than going to the branch.,الخطوات واضحة والتأكيد فوري.
CS-02206,2026-01-08,2026-01-01,Riyadh,RIY,Municipal Services,Web Portal,Citizen,25-34,5,5,10,0,Yes,Positive,"No paperwork needed, very good service.",تسجيل الدخول عبر نفاذ عمل من أول مرة.
CS-02207,2026-06-10,2026-06-01,Riyadh,RIY,Business & Licensing,Web Portal,Business,45-54,4,5,9,1,Yes,Positive,Much easier than going to the branch.,أنهيت المعاملة عبر الجوال خلال دقيقتين.
CS-02208,2026-01-14,2026-01-01,Makkah,MAK,Business & Licensing,Mobile App,Citizen,18-24,5,4,10,0,Yes,Positive,Finished it on my phone in two minutes.,أنهيت المعاملة عبر الجوال خلال دقيقتين.
CS-02209,2026-03-13,2026-03-01,Riyadh,RIY,Identity & Civil Affairs,Web Portal,Citizen,25-34,5,5,10,1,Yes,Positive,The Nafath login worked first time.,أنهيت المعاملة عبر الجوال خلال دقيقتين.
CS-02210,2026-04-25,2026-04-01,Riyadh,RIY,Social Support & Subsidies,Web Portal,Citizen,45-54,5,4,10,1,Yes,Positive,Clear steps and instant confirmation.,أسهل بكثير من زيارة الفرع.
CS-02211,2026-05-10,2026-05-01,Riyadh,RIY,Labour & HR Services,Mobile App,Business,25-34,4,4,8,1,Yes,Positive,Much easier than going to the branch.,الخطوات واضحة والتأكيد فوري.
CS-02212,2026-02-11,2026-02-01,Jazan,JZN,Justice & Notary,Mobile App,Citizen,25-34,3,2,8,0,Maybe,Neutral,Acceptable but the receipt was hard to find.,استغرقت وقتاً أطول مما توقعت.
CS-02213,2026-03-20,2026-03-01,Riyadh,RIY,Municipal Services,Web Portal,Citizen,35-44,4,4,8,1,Yes,Positive,Much easier than going to the branch.,أنهيت المعاملة عبر الجوال خلال دقيقتين.
CS-02214,2026-03-17,2026-03-01,Riyadh,RIY,Traffic & Transport,Mobile App,Business,45-54,5,5,10,1,Yes,Positive,Much easier than going to the branch.,تسجيل الدخول عبر نفاذ عمل من أول مرة.
CS-02215,2026-01-25,2026-01-01,Riyadh,RIY,Municipal Services,Call Center,Citizen,65+,4,3,7,1,Yes,Positive,"No paperwork needed, very good service.",أنهيت المعاملة عبر الجوال خلال دقيقتين.
CS-02216,2026-01-10,2026-01-01,Riyadh,RIY,Identity & Civil Affairs,Mobile App,Citizen,25-34,5,5,10,1,Yes,Positive,"No paperwork needed, very good service.",أنهيت المعاملة عبر الجوال خلال دقيقتين.
CS-02217,2026-02-09,2026-02-01,Madinah,MAD,Labour & HR Services,Mobile App,Citizen,25-34,4,5,9,1,Yes,Positive,Much easier than going to the branch.,تسجيل الدخول عبر نفاذ عمل من أول مرة.
CS-02218,2026-03-21,2026-03-01,Northern Borders,NBR,Business & Licensing,Branch,Citizen,35-44,3,3,5,0,Maybe,Neutral,Acceptable but the receipt was hard to find.,تمت الخدمة لكن الصياغة غير واضحة.
CS-02219,2026-01-03,2026-01-01,Najran,NJR,Health Services,Call Center,Citizen,25-34,5,5,10,1,Yes,Positive,"No paperwork needed, very good service.",أنهيت المعاملة عبر الجوال خلال دقيقتين.
CS-02220,2026-01-21,2026-01-01,Riyadh,RIY,Social Support & Subsidies,Branch,Citizen,45-54,5,4,10,1,Yes,Positive,Clear steps and instant confirmation.,أنهيت المعاملة عبر الجوال خلال دقيقتين.
CS-02221,2026-05-16,2026-05-01,Asir,ASR,Municipal Services,Mobile App,Resident,35-44,5,5,10,1,Yes,Positive,Finished it on my phone in two minutes.,أسهل بكثير من زيارة الفرع.
CS-02222,2026-06-23,2026-06-01,Makkah,MAK,Identity & Civil Affairs,Mobile App,Citizen,25-34,5,4,10,1,Yes,Positive,"No paperwork needed, very good service.",أنهيت المعاملة عبر الجوال خلال دقيقتين.
CS-02223,2026-05-19,2026-05-01,Makkah,MAK,Traffic & Transport,Call Center,Resident,65+,3,3,8,0,Maybe,Neutral,It worked but the wording was confusing.,مقبولة لكن اضطررت للاتصال للتأكيد.
CS-02224,2026-03-19,2026-03-01,Makkah,MAK,Business & Licensing,Mobile App,Citizen,25-34,4,4,9,1,Yes,Positive,"No paperwork needed, very good service.",تسجيل الدخول عبر نفاذ عمل من أول مرة.
CS-02225,2026-02-23,2026-02-01,Riyadh,RIY,Social Support & Subsidies,Web Portal,Citizen,25-34,3,4,7,1,Maybe,Neutral,Took longer than I expected.,تمت الخدمة لكن الصياغة غير واضحة.
CS-02226,2026-02-09,2026-02-01,Madinah,MAD,Traffic & Transport,Web Portal,Citizen,65+,5,4,8,1,Yes,Positive,Clear steps and instant confirmation.,أنهيت المعاملة عبر الجوال خلال دقيقتين.
CS-02227,2026-01-06,2026-01-01,Madinah,MAD,Identity & Civil Affairs,Mobile App,Citizen,35-44,5,4,10,0,Yes,Positive,Finished it on my phone in two minutes.,تسجيل الدخول عبر نفاذ عمل من أول مرة.
CS-02228,2026-03-12,2026-03-01,Makkah,MAK,Traffic & Transport,Mobile App,Business,45-54,5,5,8,1,Yes,Positive,"No paperwork needed, very good service.",الخطوات واضحة والتأكيد فوري.
CS-02229,2026-02-04,2026-02-01,Eastern Province,EAS,Identity & Civil Affairs,Web Portal,Citizen,55-64,4,4,7,1,Yes,Positive,Clear steps and instant confirmation.,أنهيت المعاملة عبر الجوال خلال دقيقتين.
CS-02230,2026-04-13,2026-04-01,Madinah,MAD,Traffic & Transport,Web Portal,Citizen,25-34,4,5,9,1,Yes,Positive,"No paperwork needed, very good service.",أسهل بكثير من زيارة الفرع.
CS-02231,2026-05-21,2026-05-01,Asir,ASR,Business & Licensing,Mobile App,Business,18-24,5,4,9,1,Yes,Positive,Clear steps and instant confirmation.,الخطوات واضحة والتأكيد فوري.
CS-02232,2026-03-24,2026-03-01,Asir,ASR,Traffic & Transport,Mobile App,Business,25-34,5,5,9,1,Yes,Positive,Much easier than going to the branch.,تسجيل الدخول عبر نفاذ عمل من أول مرة.
CS-02233,2026-02-10,2026-02-01,Riyadh,RIY,Identity & Civil Affairs,Web Portal,Citizen,25-34,4,3,9,1,Yes,Positive,Clear steps and instant confirmation.,تسجيل الدخول عبر نفاذ عمل من أول مرة.
CS-02234,2026-05-13,2026-05-01,Eastern Province,EAS,Social Support & Subsidies,Call Center,Resident,25-34,4,4,10,1,Yes,Positive,Finished it on my phone in two minutes.,أسهل بكثير من زيارة الفرع.
CS-02235,2026-01-25,2026-01-01,Makkah,MAK,Identity & Civil Affairs,Branch,Citizen,65+,4,4,8,1,Yes,Positive,Finished it on my phone in two minutes.,الخطوات واضحة والتأكيد فوري.
CS-02236,2026-01-06,2026-01-01,Makkah,MAK,Business & Licensing,Mobile App,Citizen,45-54,4,5,9,1,Yes,Positive,Much easier than going to the branch.,الخطوات واضحة والتأكيد فوري.
CS-02237,2026-04-11,2026-04-01,Makkah,MAK,Health Services,Mobile App,Citizen,25-34,5,5,10,1,Yes,Positive,Clear steps and instant confirmation.,تسجيل الدخول عبر نفاذ عمل من أول مرة.
CS-02238,2026-02-03,2026-02-01,Makkah,MAK,Justice & Notary,Branch,Citizen,25-34,4,3,8,0,Yes,Positive,Finished it on my phone in two minutes.,تسجيل الدخول عبر نفاذ عمل من أول مرة.
CS-02239,2026-01-26,2026-01-01,Asir,ASR,Municipal Services,Call Center,Citizen,45-54,5,5,10,1,Yes,Positive,Finished it on my phone in two minutes.,الخطوات واضحة والتأكيد فوري.
CS-02240,2026-04-22,2026-04-01,Qassim,QSM,Traffic & Transport,Mobile App,Resident,55-64,4,5,9,1,Yes,Positive,"No paperwork needed, very good service.",تسجيل الدخول عبر نفاذ عمل من أول مرة.
CS-02241,2026-05-02,2026-05-01,Asir,ASR,Identity & Civil Affairs,Mobile App,Citizen,25-34,3,2,5,1,Maybe,Neutral,"Fine, though I had to call to confirm.",تمت الخدمة لكن الصياغة غير واضحة.
CS-02242,2026-05-14,2026-05-01,Riyadh,RIY,Identity & Civil Affairs,Mobile App,Resident,55-64,5,4,10,1,Yes,Positive,The Nafath login worked first time.,أنهيت المعاملة عبر الجوال خلال دقيقتين.
CS-02243,2026-02-24,2026-02-01,Eastern Province,EAS,Business & Licensing,Mobile App,Resident,18-24,5,4,8,0,Yes,Positive,Finished it on my phone in two minutes.,تسجيل الدخول عبر نفاذ عمل من أول مرة.
CS-02244,2026-05-15,2026-05-01,Jazan,JZN,Traffic & Transport,Call Center,Citizen,18-24,4,5,8,1,Yes,Positive,The Nafath login worked first time.,أنهيت المعاملة عبر الجوال خلال دقيقتين.
CS-02245,2026-01-01,2026-01-01,Jazan,JZN,Municipal Services,Branch,Citizen,35-44,1,1,1,1,No,Negative,I had to visit the branch anyway.,فشل التحقق ثلاث مرات فاضطررت للتوقف.
CS-02246,2026-04-20,2026-04-01,Al-Baha,BAH,Business & Licensing,Call Center,Resident,35-44,5,4,10,1,Yes,Positive,"No paperwork needed, very good service.",الخطوات واضحة والتأكيد فوري.
CS-02247,2026-01-18,2026-01-01,Makkah,MAK,Municipal Services,Call Center,Resident,25-34,4,4,10,0,Yes,Positive,Much easier than going to the branch.,تسجيل الدخول عبر نفاذ عمل من أول مرة.
CS-02248,2026-04-17,2026-04-01,Riyadh,RIY,Social Support & Subsidies,Call Center,Citizen,55-64,4,4,8,1,Yes,Positive,"No paperwork needed, very good service.",تسجيل الدخول عبر نفاذ عمل من أول مرة.
CS-02249,2026-02-18,2026-02-01,Riyadh,RIY,Labour & HR Services,Call Center,Citizen,35-44,4,4,8,1,Yes,Positive,Finished it on my phone in two minutes.,أنهيت المعاملة عبر الجوال خلال دقيقتين.
CS-02250,2026-02-22,2026-02-01,Tabuk,TBK,Education & Training,Mobile App,Citizen,45-54,4,5,6,1,Yes,Positive,"No paperwork needed, very good service.",أنهيت المعاملة عبر الجوال خلال دقيقتين.
CS-02251,2026-01-10,2026-01-01,Makkah,MAK,Labour & HR Services,Call Center,Citizen,35-44,4,3,10,1,Yes,Positive,Much easier than going to the branch.,أسهل بكثير من زيارة الفرع.
CS-02252,2026-04-09,2026-04-01,Tabuk,TBK,Social Support & Subsidies,Web Portal,Citizen,35-44,5,5,8,1,Yes,Positive,Clear steps and instant confirmation.,أسهل بكثير من زيارة الفرع.
CS-02253,2026-04-15,2026-04-01,Riyadh,RIY,Education & Training,Call Center,Citizen,65+,3,3,7,0,Maybe,Neutral,"Fine, though I had to call to confirm.",مقبولة لكن اضطررت للاتصال للتأكيد.
CS-02254,2026-05-15,2026-05-01,Madinah,MAD,Social Support & Subsidies,Mobile App,Resident,25-34,4,4,7,1,Yes,Positive,Clear steps and instant confirmation.,تسجيل الدخول عبر نفاذ عمل من أول مرة.
CS-02255,2026-06-17,2026-06-01,Madinah,MAD,Labour & HR Services,Call Center,Citizen,18-24,4,5,9,1,Yes,Positive,The Nafath login worked first time.,تسجيل الدخول عبر نفاذ عمل من أول مرة.
CS-02256,2026-04-06,2026-04-01,Riyadh,RIY,Business & Licensing,Web Portal,Resident,25-34,5,5,9,1,Yes,Positive,Finished it on my phone in two minutes.,الخطوات واضحة والتأكيد فوري.
CS-02257,2026-02-24,2026-02-01,Madinah,MAD,Health Services,Branch,Business,55-64,4,5,10,1,Yes,Positive,Clear steps and instant confirmation.,تسجيل الدخول عبر نفاذ عمل من أول مرة.
CS-02258,2026-04-04,2026-04-01,Qassim,QSM,Education & Training,Call Center,Citizen,18-24,4,3,9,1,Yes,Positive,Finished it on my phone in two minutes.,تسجيل الدخول عبر نفاذ عمل من أول مرة.
CS-02259,2026-05-08,2026-05-01,Makkah,MAK,Health Services,Mobile App,Citizen,35-44,4,4,7,1,Yes,Positive,"No paperwork needed, very good service.",الخطوات واضحة والتأكيد فوري.
CS-02260,2026-06-04,2026-06-01,Eastern Province,EAS,Municipal Services,Branch,Business,25-34,4,3,9,1,Yes,Positive,The Nafath login worked first time.,أنهيت المعاملة عبر الجوال خلال دقيقتين.
CS-02261,2026-03-09,2026-03-01,Makkah,MAK,Business & Licensing,Web Portal,Citizen,35-44,4,5,10,1,Yes,Positive,The Nafath login worked first time.,أنهيت المعاملة عبر الجوال خلال دقيقتين.
CS-02262,2026-04-14,2026-04-01,Eastern Province,EAS,Municipal Services,Mobile App,Resident,35-44,5,5,10,1,Yes,Positive,Much easier than going to the branch.,الخطوات واضحة والتأكيد فوري.
CS-02263,2026-03-18,2026-03-01,Riyadh,RIY,Business & Licensing,Web Portal,Business,25-34,5,5,9,1,Yes,Positive,"No paperwork needed, very good service.",أسهل بكثير من زيارة الفرع.
CS-02264,2026-05-02,2026-05-01,Makkah,MAK,Traffic & Transport,Mobile App,Business,18-24,2,2,6,0,No,Negative,The document upload kept rejecting my file.,فشل التحقق ثلاث مرات فاضطررت للتوقف.
CS-02265,2026-06-27,2026-06-01,Riyadh,RIY,Identity & Civil Affairs,Web Portal,Citizen,35-44,3,3,5,0,Maybe,Neutral,It worked but the wording was confusing.,تمت الخدمة لكن الصياغة غير واضحة.
CS-02266,2026-06-02,2026-06-01,Makkah,MAK,Labour & HR Services,Mobile App,Citizen,25-34,5,5,10,0,Yes,Positive,Clear steps and instant confirmation.,أنهيت المعاملة عبر الجوال خلال دقيقتين.
CS-02267,2026-01-15,2026-01-01,Eastern Province,EAS,Health Services,Mobile App,Resident,35-44,5,5,9,1,Yes,Positive,The Nafath login worked first time.,أنهيت المعاملة عبر الجوال خلال دقيقتين.
CS-02268,2026-04-24,2026-04-01,Asir,ASR,Labour & HR Services,Web Portal,Citizen,45-54,5,5,10,1,Yes,Positive,The Nafath login worked first time.,تسجيل الدخول عبر نفاذ عمل من أول مرة.
CS-02269,2026-05-14,2026-05-01,Eastern Province,EAS,Municipal Services,Mobile App,Citizen,25-34,4,4,8,1,Yes,Positive,Finished it on my phone in two minutes.,أسهل بكثير من زيارة الفرع.
CS-02270,2026-04-27,2026-04-01,Makkah,MAK,Labour & HR Services,Branch,Citizen,35-44,2,2,5,1,No,Negative,No Arabic option on one of the screens.,انتظرت أربعين دقيقة ثم أُغلق الشباك.
CS-02271,2026-01-09,2026-01-01,Asir,ASR,Municipal Services,Web Portal,Citizen,25-34,5,4,8,1,Yes,Positive,Much easier than going to the branch.,الخطوات واضحة والتأكيد فوري.
CS-02272,2026-04-18,2026-04-01,Asir,ASR,Education & Training,Mobile App,Business,25-34,5,5,8,1,Yes,Positive,Much easier than going to the branch.,الخطوات واضحة والتأكيد فوري.
CS-02273,2026-03-10,2026-03-01,Riyadh,RIY,Business & Licensing,Branch,Citizen,65+,3,3,5,0,Maybe,Neutral,Acceptable but the receipt was hard to find.,مقبولة لكن اضطررت للاتصال للتأكيد.
CS-02274,2026-03-15,2026-03-01,Eastern Province,EAS,Traffic & Transport,Mobile App,Citizen,25-34,4,3,6,0,Yes,Positive,Much easier than going to the branch.,تسجيل الدخول عبر نفاذ عمل من أول مرة.
CS-02275,2026-06-04,2026-06-01,Eastern Province,EAS,Labour & HR Services,Web Portal,Citizen,55-64,5,5,10,1,Yes,Positive,Clear steps and instant confirmation.,تسجيل الدخول عبر نفاذ عمل من أول مرة.
CS-02276,2026-06-09,2026-06-01,Riyadh,RIY,Business & Licensing,Mobile App,Citizen,25-34,5,4,10,0,Yes,Positive,Finished it on my phone in two minutes.,أنهيت المعاملة عبر الجوال خلال دقيقتين.
CS-02277,2026-01-21,2026-01-01,Riyadh,RIY,Labour & HR Services,Web Portal,Resident,25-34,4,3,6,0,Yes,Positive,Clear steps and instant confirmation.,أسهل بكثير من زيارة الفرع.
CS-02278,2026-05-28,2026-05-01,Makkah,MAK,Health Services,Web Portal,Citizen,45-54,5,5,9,1,Yes,Positive,The Nafath login worked first time.,أسهل بكثير من زيارة الفرع.
CS-02279,2026-02-17,2026-02-01,Makkah,MAK,Social Support & Subsidies,Mobile App,Citizen,18-24,4,3,9,1,Yes,Positive,Finished it on my phone in two minutes.,أسهل بكثير من زيارة الفرع.
CS-02280,2026-02-28,2026-02-01,Tabuk,TBK,Health Services,Mobile App,Citizen,25-34,3,3,4,0,Maybe,Neutral,It worked but the wording was confusing.,تمت الخدمة لكن الصياغة غير واضحة.
CS-02281,2026-05-01,2026-05-01,Riyadh,RIY,Traffic & Transport,Call Center,Citizen,45-54,4,4,10,1,Yes,Positive,The Nafath login worked first time.,أسهل بكثير من زيارة الفرع.
CS-02282,2026-01-18,2026-01-01,Makkah,MAK,Municipal Services,Call Center,Business,35-44,4,5,7,1,Yes,Positive,Much easier than going to the branch.,تسجيل الدخول عبر نفاذ عمل من أول مرة.
CS-02283,2026-03-15,2026-03-01,Riyadh,RIY,Identity & Civil Affairs,Web Portal,Citizen,35-44,5,5,9,1,Yes,Positive,Finished it on my phone in two minutes.,أسهل بكثير من زيارة الفرع.
CS-02284,2026-04-23,2026-04-01,Asir,ASR,Identity & Civil Affairs,Call Center,Citizen,25-34,4,3,10,1,Yes,Positive,Finished it on my phone in two minutes.,أنهيت المعاملة عبر الجوال خلال دقيقتين.
CS-02285,2026-01-26,2026-01-01,Tabuk,TBK,Business & Licensing,Web Portal,Citizen,25-34,4,5,6,1,Yes,Positive,The Nafath login worked first time.,أسهل بكثير من زيارة الفرع.
CS-02286,2026-03-25,2026-03-01,Makkah,MAK,Education & Training,Web Portal,Citizen,35-44,5,5,8,1,Yes,Positive,Finished it on my phone in two minutes.,أنهيت المعاملة عبر الجوال خلال دقيقتين.
CS-02287,2026-02-03,2026-02-01,Riyadh,RIY,Municipal Services,Call Center,Resident,18-24,2,1,3,0,No,Negative,Waited 40 minutes and the counter closed.,رفع المستند يُرفض باستمرار.
CS-02288,2026-02-24,2026-02-01,Riyadh,RIY,Social Support & Subsidies,Mobile App,Citizen,25-34,5,4,10,1,Yes,Positive,Much easier than going to the branch.,أنهيت المعاملة عبر الجوال خلال دقيقتين.
CS-02289,2026-06-08,2026-06-01,Makkah,MAK,Health Services,Web Portal,Resident,35-44,3,4,5,0,Maybe,Neutral,Acceptable but the receipt was hard to find.,استغرقت وقتاً أطول مما توقعت.
CS-02290,2026-02-27,2026-02-01,Eastern Province,EAS,Identity & Civil Affairs,Web Portal,Citizen,35-44,4,5,10,1,Yes,Positive,Finished it on my phone in two minutes.,الخطوات واضحة والتأكيد فوري.
CS-02291,2026-04-05,2026-04-01,Riyadh,RIY,Social Support & Subsidies,Mobile App,Citizen,35-44,5,5,10,1,Yes,Positive,Much easier than going to the branch.,أنهيت المعاملة عبر الجوال خلال دقيقتين.
CS-02292,2026-01-09,2026-01-01,Riyadh,RIY,Municipal Services,Branch,Business,25-34,4,3,9,1,Yes,Positive,Clear steps and instant confirmation.,الخطوات واضحة والتأكيد فوري.
CS-02293,2026-05-02,2026-05-01,Riyadh,RIY,Municipal Services,Call Center,Business,65+,3,3,5,0,Maybe,Neutral,"Fine, though I had to call to confirm.",مقبولة لكن اضطررت للاتصال للتأكيد.
CS-02294,2026-02-10,2026-02-01,Riyadh,RIY,Labour & HR Services,Web Portal,Citizen,25-34,4,4,10,0,Yes,Positive,"No paperwork needed, very good service.",أسهل بكثير من زيارة الفرع.
CS-02295,2026-04-12,2026-04-01,Al-Jouf,JOF,Health Services,Branch,Citizen,35-44,3,2,7,0,Maybe,Neutral,Acceptable but the receipt was hard to find.,مقبولة لكن اضطررت للاتصال للتأكيد.
CS-02296,2026-06-12,2026-06-01,Makkah,MAK,Identity & Civil Affairs,Mobile App,Business,45-54,4,4,10,1,Yes,Positive,Much easier than going to the branch.,تسجيل الدخول عبر نفاذ عمل من أول مرة.
CS-02297,2026-05-01,2026-05-01,Najran,NJR,Identity & Civil Affairs,Branch,Resident,25-34,5,4,10,1,Yes,Positive,Much easier than going to the branch.,الخطوات واضحة والتأكيد فوري.
CS-02298,2026-06-10,2026-06-01,Riyadh,RIY,Municipal Services,Branch,Citizen,45-54,4,5,7,0,Yes,Positive,The Nafath login worked first time.,أسهل بكثير من زيارة الفرع.
CS-02299,2026-02-10,2026-02-01,Makkah,MAK,Traffic & Transport,Branch,Citizen,25-34,2,2,3,0,No,Negative,No Arabic option on one of the screens.,انتظرت أربعين دقيقة ثم أُغلق الشباك.
CS-02300,2026-02-07,2026-02-01,Makkah,MAK,Health Services,Web Portal,Business,35-44,4,3,8,1,Yes,Positive,The Nafath login worked first time.,تسجيل الدخول عبر نفاذ عمل من أول مرة.
CS-02301,2026-06-02,2026-06-01,Eastern Province,EAS,Municipal Services,Web Portal,Citizen,35-44,5,5,9,1,Yes,Positive,"No paperwork needed, very good service.",أنهيت المعاملة عبر الجوال خلال دقيقتين.
CS-02302,2026-05-21,2026-05-01,Makkah,MAK,Health Services,Branch,Citizen,35-44,5,4,9,1,Yes,Positive,Clear steps and instant confirmation.,تسجيل الدخول عبر نفاذ عمل من أول مرة.
CS-02303,2026-02-10,2026-02-01,Makkah,MAK,Social Support & Subsidies,Call Center,Citizen,25-34,4,3,8,1,Yes,Positive,The Nafath login worked first time.,أسهل بكثير من زيارة الفرع.
CS-02304,2026-06-25,2026-06-01,Eastern Province,EAS,Labour & HR Services,Mobile App,Citizen,25-34,5,4,10,1,Yes,Positive,Finished it on my phone in two minutes.,أنهيت المعاملة عبر الجوال خلال دقيقتين.
CS-02305,2026-05-15,2026-05-01,Riyadh,RIY,Identity & Civil Affairs,Web Portal,Resident,35-44,4,4,9,0,Yes,Positive,Much easier than going to the branch.,تسجيل الدخول عبر نفاذ عمل من أول مرة.
CS-02306,2026-01-18,2026-01-01,Riyadh,RIY,Business & Licensing,Mobile App,Business,45-54,4,3,10,1,Yes,Positive,The Nafath login worked first time.,الخطوات واضحة والتأكيد فوري.
CS-02307,2026-04-16,2026-04-01,Madinah,MAD,Health Services,Call Center,Citizen,55-64,4,3,10,1,Yes,Positive,Finished it on my phone in two minutes.,أسهل بكثير من زيارة الفرع.
CS-02308,2026-05-16,2026-05-01,Asir,ASR,Health Services,Call Center,Business,18-24,4,5,8,1,Yes,Positive,The Nafath login worked first time.,الخطوات واضحة والتأكيد فوري.
CS-02309,2026-04-01,2026-04-01,Eastern Province,EAS,Traffic & Transport,Mobile App,Business,45-54,5,5,10,1,Yes,Positive,"No paperwork needed, very good service.",الخطوات واضحة والتأكيد فوري.
CS-02310,2026-05-17,2026-05-01,Makkah,MAK,Justice & Notary,Mobile App,Citizen,65+,4,3,9,1,Yes,Positive,Finished it on my phone in two minutes.,تسجيل الدخول عبر نفاذ عمل من أول مرة.
CS-02311,2026-02-14,2026-02-01,Eastern Province,EAS,Business & Licensing,Call Center,Resident,45-54,3,2,8,1,Maybe,Neutral,Took longer than I expected.,استغرقت وقتاً أطول مما توقعت.
CS-02312,2026-04-19,2026-04-01,Riyadh,RIY,Health Services,Web Portal,Citizen,35-44,5,4,10,1,Yes,Positive,Much easier than going to the branch.,تسجيل الدخول عبر نفاذ عمل من أول مرة.
CS-02313,2026-04-11,2026-04-01,Qassim,QSM,Justice & Notary,Mobile App,Citizen,25-34,4,5,6,1,Yes,Positive,Much easier than going to the branch.,تسجيل الدخول عبر نفاذ عمل من أول مرة.
CS-02314,2026-05-04,2026-05-01,Riyadh,RIY,Health Services,Mobile App,Resident,25-34,4,4,9,1,Yes,Positive,"No paperwork needed, very good service.",تسجيل الدخول عبر نفاذ عمل من أول مرة.
CS-02315,2026-03-26,2026-03-01,Makkah,MAK,Education & Training,Mobile App,Citizen,35-44,3,2,6,1,Maybe,Neutral,Acceptable but the receipt was hard to find.,تمت الخدمة لكن الصياغة غير واضحة.
CS-02316,2026-05-20,2026-05-01,Hail,HAL,Justice & Notary,Call Center,Citizen,55-64,4,3,7,0,Yes,Positive,"No paperwork needed, very good service.",أنهيت المعاملة عبر الجوال خلال دقيقتين.
CS-02317,2026-03-14,2026-03-01,Makkah,MAK,Health Services,Call Center,Citizen,25-34,5,5,9,1,Yes,Positive,Clear steps and instant confirmation.,تسجيل الدخول عبر نفاذ عمل من أول مرة.
CS-02318,2026-05-26,2026-05-01,Makkah,MAK,Identity & Civil Affairs,Mobile App,Citizen,25-34,5,5,10,1,Yes,Positive,"No paperwork needed, very good service.",الخطوات واضحة والتأكيد فوري.
CS-02319,2026-06-11,2026-06-01,Riyadh,RIY,Identity & Civil Affairs,Call Center,Citizen,45-54,4,5,8,1,Yes,Positive,Much easier than going to the branch.,أنهيت المعاملة عبر الجوال خلال دقيقتين.
CS-02320,2026-02-24,2026-02-01,Riyadh,RIY,Labour & HR Services,Mobile App,Citizen,45-54,3,2,6,1,Maybe,Neutral,It worked but the wording was confusing.,استغرقت وقتاً أطول مما توقعت.
CS-02321,2026-05-09,2026-05-01,Makkah,MAK,Identity & Civil Affairs,Branch,Citizen,25-34,1,1,4,1,No,Negative,No Arabic option on one of the screens.,فشل التحقق ثلاث مرات فاضطررت للتوقف.
CS-02322,2026-02-05,2026-02-01,Hail,HAL,Education & Training,Web Portal,Citizen,35-44,4,5,9,0,Yes,Positive,Much easier than going to the branch.,أنهيت المعاملة عبر الجوال خلال دقيقتين.
CS-02323,2026-05-08,2026-05-01,Jazan,JZN,Justice & Notary,Mobile App,Citizen,25-34,5,5,10,1,Yes,Positive,"No paperwork needed, very good service.",أسهل بكثير من زيارة الفرع.
CS-02324,2026-06-16,2026-06-01,Hail,HAL,Traffic & Transport,Mobile App,Citizen,45-54,4,3,6,0,Yes,Positive,Finished it on my phone in two minutes.,أنهيت المعاملة عبر الجوال خلال دقيقتين.
CS-02325,2026-06-05,2026-06-01,Asir,ASR,Education & Training,Branch,Citizen,45-54,4,4,8,1,Yes,Positive,The Nafath login worked first time.,أنهيت المعاملة عبر الجوال خلال دقيقتين.
CS-02326,2026-06-19,2026-06-01,Jazan,JZN,Identity & Civil Affairs,Call Center,Citizen,25-34,3,3,7,0,Maybe,Neutral,It worked but the wording was confusing.,تمت الخدمة لكن الصياغة غير واضحة.
CS-02327,2026-06-24,2026-06-01,Makkah,MAK,Business & Licensing,Mobile App,Citizen,35-44,5,5,8,1,Yes,Positive,Finished it on my phone in two minutes.,تسجيل الدخول عبر نفاذ عمل من أول مرة.
CS-02328,2026-02-24,2026-02-01,Riyadh,RIY,Business & Licensing,Call Center,Citizen,25-34,3,3,8,1,Maybe,Neutral,Took longer than I expected.,تمت الخدمة لكن الصياغة غير واضحة.
CS-02329,2026-01-02,2026-01-01,Eastern Province,EAS,Identity & Civil Affairs,Mobile App,Citizen,25-34,5,5,10,1,Yes,Positive,The Nafath login worked first time.,تسجيل الدخول عبر نفاذ عمل من أول مرة.
CS-02330,2026-02-25,2026-02-01,Makkah,MAK,Social Support & Subsidies,Web Portal,Citizen,35-44,5,5,9,1,Yes,Positive,The Nafath login worked first time.,أنهيت المعاملة عبر الجوال خلال دقيقتين.
CS-02331,2026-06-10,2026-06-01,Najran,NJR,Business & Licensing,Call Center,Resident,35-44,3,2,8,1,Maybe,Neutral,Acceptable but the receipt was hard to find.,استغرقت وقتاً أطول مما توقعت.
CS-02332,2026-01-15,2026-01-01,Asir,ASR,Health Services,Call Center,Citizen,45-54,5,5,10,0,Yes,Positive,"No paperwork needed, very good service.",أنهيت المعاملة عبر الجوال خلال دقيقتين.
CS-02333,2026-05-13,2026-05-01,Riyadh,RIY,Health Services,Call Center,Citizen,35-44,4,5,10,1,Yes,Positive,Much easier than going to the branch.,الخطوات واضحة والتأكيد فوري.
CS-02334,2026-01-25,2026-01-01,Riyadh,RIY,Traffic & Transport,Mobile App,Resident,45-54,5,5,9,1,Yes,Positive,"No paperwork needed, very good service.",تسجيل الدخول عبر نفاذ عمل من أول مرة.
CS-02335,2026-03-12,2026-03-01,Eastern Province,EAS,Business & Licensing,Web Portal,Resident,55-64,3,3,7,0,Maybe,Neutral,"Fine, though I had to call to confirm.",تمت الخدمة لكن الصياغة غير واضحة.
CS-02336,2026-01-19,2026-01-01,Riyadh,RIY,Municipal Services,Call Center,Resident,25-34,5,5,8,1,Yes,Positive,Finished it on my phone in two minutes.,أنهيت المعاملة عبر الجوال خلال دقيقتين.
CS-02337,2026-06-18,2026-06-01,Madinah,MAD,Business & Licensing,Call Center,Business,35-44,3,3,6,1,Maybe,Neutral,"Fine, though I had to call to confirm.",استغرقت وقتاً أطول مما توقعت.
CS-02338,2026-01-10,2026-01-01,Makkah,MAK,Municipal Services,Call Center,Citizen,45-54,4,3,8,0,Yes,Positive,Much easier than going to the branch.,أنهيت المعاملة عبر الجوال خلال دقيقتين.
CS-02339,2026-02-21,2026-02-01,Makkah,MAK,Health Services,Mobile App,Citizen,45-54,5,4,9,1,Yes,Positive,Clear steps and instant confirmation.,أنهيت المعاملة عبر الجوال خلال دقيقتين.
CS-02340,2026-01-11,2026-01-01,Riyadh,RIY,Traffic & Transport,Call Center,Citizen,25-34,5,5,9,1,Yes,Positive,Clear steps and instant confirmation.,تسجيل الدخول عبر نفاذ عمل من أول مرة.
CS-02341,2026-06-26,2026-06-01,Jazan,JZN,Health Services,Mobile App,Citizen,35-44,5,5,10,1,Yes,Positive,The Nafath login worked first time.,أسهل بكثير من زيارة الفرع.
CS-02342,2026-05-11,2026-05-01,Madinah,MAD,Municipal Services,Mobile App,Citizen,35-44,5,5,10,1,Yes,Positive,Finished it on my phone in two minutes.,الخطوات واضحة والتأكيد فوري.
CS-02343,2026-05-16,2026-05-01,Eastern Province,EAS,Traffic & Transport,Call Center,Resident,18-24,4,3,7,0,Yes,Positive,Clear steps and instant confirmation.,أسهل بكثير من زيارة الفرع.
CS-02344,2026-04-26,2026-04-01,Makkah,MAK,Education & Training,Mobile App,Citizen,25-34,5,5,10,1,Yes,Positive,The Nafath login worked first time.,أنهيت المعاملة عبر الجوال خلال دقيقتين.
CS-02345,2026-01-07,2026-01-01,Makkah,MAK,Municipal Services,Branch,Citizen,25-34,3,3,4,0,Maybe,Neutral,"Fine, though I had to call to confirm.",تمت الخدمة لكن الصياغة غير واضحة.
CS-02346,2026-05-08,2026-05-01,Eastern Province,EAS,Justice & Notary,Mobile App,Citizen,35-44,5,5,10,1,Yes,Positive,Finished it on my phone in two minutes.,أنهيت المعاملة عبر الجوال خلال دقيقتين.
CS-02347,2026-04-13,2026-04-01,Northern Borders,NBR,Health Services,Mobile App,Citizen,45-54,5,5,8,1,Yes,Positive,"No paperwork needed, very good service.",أنهيت المعاملة عبر الجوال خلال دقيقتين.
CS-02348,2026-06-09,2026-06-01,Riyadh,RIY,Labour & HR Services,Call Center,Citizen,25-34,4,5,8,0,Yes,Positive,Clear steps and instant confirmation.,أنهيت المعاملة عبر الجوال خلال دقيقتين.
CS-02349,2026-02-23,2026-02-01,Tabuk,TBK,Municipal Services,Mobile App,Citizen,65+,3,2,7,1,Maybe,Neutral,"Fine, though I had to call to confirm.",مقبولة لكن اضطررت للاتصال للتأكيد.
CS-02350,2026-04-08,2026-04-01,Tabuk,TBK,Health Services,Branch,Resident,18-24,5,5,10,1,Yes,Positive,The Nafath login worked first time.,تسجيل الدخول عبر نفاذ عمل من أول مرة.
CS-02351,2026-01-13,2026-01-01,Asir,ASR,Business & Licensing,Mobile App,Business,25-34,4,3,9,1,Yes,Positive,Much easier than going to the branch.,الخطوات واضحة والتأكيد فوري.
CS-02352,2026-03-26,2026-03-01,Riyadh,RIY,Health Services,Web Portal,Citizen,45-54,4,5,9,1,Yes,Positive,Much easier than going to the branch.,أنهيت المعاملة عبر الجوال خلال دقيقتين.
CS-02353,2026-04-06,2026-04-01,Al-Baha,BAH,Municipal Services,Branch,Citizen,18-24,4,3,7,1,Yes,Positive,"No paperwork needed, very good service.",أنهيت المعاملة عبر الجوال خلال دقيقتين.
CS-02354,2026-03-08,2026-03-01,Eastern Province,EAS,Education & Training,Web Portal,Business,18-24,4,4,6,1,Yes,Positive,Clear steps and instant confirmation.,أنهيت المعاملة عبر الجوال خلال دقيقتين.
CS-02355,2026-03-05,2026-03-01,Riyadh,RIY,Justice & Notary,Call Center,Citizen,25-34,2,2,4,1,No,Negative,The authentication failed three times and I gave up.,انتظرت أربعين دقيقة ثم أُغلق الشباك.
CS-02356,2026-01-04,2026-01-01,Eastern Province,EAS,Identity & Civil Affairs,Branch,Resident,35-44,5,5,9,1,Yes,Positive,Finished it on my phone in two minutes.,الخطوات واضحة والتأكيد فوري.
CS-02357,2026-03-28,2026-03-01,Riyadh,RIY,Municipal Services,Mobile App,Citizen,55-64,3,2,4,1,Maybe,Neutral,It worked but the wording was confusing.,تمت الخدمة لكن الصياغة غير واضحة.
CS-02358,2026-05-21,2026-05-01,Eastern Province,EAS,Traffic & Transport,Mobile App,Citizen,18-24,5,5,10,1,Yes,Positive,Much easier than going to the branch.,الخطوات واضحة والتأكيد فوري.
CS-02359,2026-03-09,2026-03-01,Makkah,MAK,Labour & HR Services,Branch,Citizen,45-54,3,4,5,1,Maybe,Neutral,Took longer than I expected.,تمت الخدمة لكن الصياغة غير واضحة.
CS-02360,2026-03-07,2026-03-01,Qassim,QSM,Social Support & Subsidies,Mobile App,Citizen,35-44,4,3,9,1,Yes,Positive,Finished it on my phone in two minutes.,تسجيل الدخول عبر نفاذ عمل من أول مرة.
CS-02361,2026-03-19,2026-03-01,Eastern Province,EAS,Justice & Notary,Web Portal,Citizen,35-44,3,2,5,0,Maybe,Neutral,Took longer than I expected.,استغرقت وقتاً أطول مما توقعت.
CS-02362,2026-03-14,2026-03-01,Northern Borders,NBR,Municipal Services,Mobile App,Citizen,25-34,4,4,6,1,Yes,Positive,Finished it on my phone in two minutes.,تسجيل الدخول عبر نفاذ عمل من أول مرة.
CS-02363,2026-05-02,2026-05-01,Makkah,MAK,Municipal Services,Mobile App,Business,25-34,5,5,9,1,Yes,Positive,Finished it on my phone in two minutes.,أنهيت المعاملة عبر الجوال خلال دقيقتين.
CS-02364,2026-05-17,2026-05-01,Riyadh,RIY,Municipal Services,Web Portal,Citizen,35-44,4,4,9,1,Yes,Positive,"No paperwork needed, very good service.",الخطوات واضحة والتأكيد فوري.
CS-02365,2026-06-28,2026-06-01,Najran,NJR,Social Support & Subsidies,Mobile App,Citizen,35-44,5,4,10,1,Yes,Positive,Clear steps and instant confirmation.,الخطوات واضحة والتأكيد فوري.
CS-02366,2026-01-27,2026-01-01,Northern Borders,NBR,Justice & Notary,Branch,Resident,45-54,3,3,4,1,Maybe,Neutral,Took longer than I expected.,استغرقت وقتاً أطول مما توقعت.
CS-02367,2026-03-08,2026-03-01,Riyadh,RIY,Identity & Civil Affairs,Mobile App,Business,25-34,4,4,10,1,Yes,Positive,The Nafath login worked first time.,أسهل بكثير من زيارة الفرع.
CS-02368,2026-04-23,2026-04-01,Riyadh,RIY,Municipal Services,Mobile App,Citizen,25-34,4,3,9,0,Yes,Positive,The Nafath login worked first time.,تسجيل الدخول عبر نفاذ عمل من أول مرة.
CS-02369,2026-03-03,2026-03-01,Makkah,MAK,Identity & Civil Affairs,Mobile App,Citizen,35-44,5,5,8,1,Yes,Positive,Clear steps and instant confirmation.,أنهيت المعاملة عبر الجوال خلال دقيقتين.
CS-02370,2026-01-04,2026-01-01,Makkah,MAK,Business & Licensing,Web Portal,Resident,25-34,3,2,4,1,Maybe,Neutral,Took longer than I expected.,استغرقت وقتاً أطول مما توقعت.
CS-02371,2026-03-27,2026-03-01,Makkah,MAK,Justice & Notary,Mobile App,Business,25-34,5,5,10,1,Yes,Positive,Clear steps and instant confirmation.,أسهل بكثير من زيارة الفرع.
CS-02372,2026-04-22,2026-04-01,Riyadh,RIY,Health Services,Mobile App,Citizen,25-34,5,5,10,1,Yes,Positive,Much easier than going to the branch.,تسجيل الدخول عبر نفاذ عمل من أول مرة.
CS-02373,2026-03-16,2026-03-01,Eastern Province,EAS,Traffic & Transport,Mobile App,Citizen,35-44,3,3,6,1,Maybe,Neutral,Took longer than I expected.,استغرقت وقتاً أطول مما توقعت.
CS-02374,2026-02-02,2026-02-01,Eastern Province,EAS,Municipal Services,Mobile App,Citizen,25-34,5,5,10,0,Yes,Positive,"No paperwork needed, very good service.",أنهيت المعاملة عبر الجوال خلال دقيقتين.
CS-02375,2026-01-03,2026-01-01,Riyadh,RIY,Identity & Civil Affairs,Call Center,Citizen,25-34,4,4,10,1,Yes,Positive,"No paperwork needed, very good service.",أسهل بكثير من زيارة الفرع.
CS-02376,2026-06-25,2026-06-01,Hail,HAL,Health Services,Web Portal,Resident,35-44,5,5,10,1,Yes,Positive,Much easier than going to the branch.,تسجيل الدخول عبر نفاذ عمل من أول مرة.
CS-02377,2026-05-21,2026-05-01,Riyadh,RIY,Municipal Services,Branch,Citizen,45-54,3,4,4,1,Maybe,Neutral,Acceptable but the receipt was hard to find.,مقبولة لكن اضطررت للاتصال للتأكيد.
CS-02378,2026-06-27,2026-06-01,Eastern Province,EAS,Traffic & Transport,Mobile App,Citizen,55-64,4,3,7,1,Yes,Positive,Much easier than going to the branch.,أسهل بكثير من زيارة الفرع.
CS-02379,2026-04-25,2026-04-01,Madinah,MAD,Education & Training,Mobile App,Citizen,35-44,5,5,10,0,Yes,Positive,"No paperwork needed, very good service.",أنهيت المعاملة عبر الجوال خلال دقيقتين.
CS-02380,2026-03-14,2026-03-01,Eastern Province,EAS,Education & Training,Call Center,Citizen,18-24,4,4,7,1,Yes,Positive,"No paperwork needed, very good service.",أنهيت المعاملة عبر الجوال خلال دقيقتين.
CS-02381,2026-01-11,2026-01-01,Riyadh,RIY,Health Services,Branch,Citizen,35-44,4,3,8,1,Yes,Positive,Clear steps and instant confirmation.,أسهل بكثير من زيارة الفرع.
CS-02382,2026-03-14,2026-03-01,Makkah,MAK,Identity & Civil Affairs,Web Portal,Citizen,45-54,3,3,6,0,Maybe,Neutral,Acceptable but the receipt was hard to find.,مقبولة لكن اضطررت للاتصال للتأكيد.
CS-02383,2026-02-14,2026-02-01,Riyadh,RIY,Education & Training,Mobile App,Resident,25-34,4,5,8,1,Yes,Positive,Finished it on my phone in two minutes.,تسجيل الدخول عبر نفاذ عمل من أول مرة.
CS-02384,2026-06-15,2026-06-01,Riyadh,RIY,Identity & Civil Affairs,Mobile App,Resident,18-24,5,5,8,1,Yes,Positive,Much easier than going to the branch.,أنهيت المعاملة عبر الجوال خلال دقيقتين.
CS-02385,2026-02-04,2026-02-01,Eastern Province,EAS,Justice & Notary,Mobile App,Citizen,45-54,5,4,10,1,Yes,Positive,"No paperwork needed, very good service.",الخطوات واضحة والتأكيد فوري.
CS-02386,2026-06-03,2026-06-01,Riyadh,RIY,Education & Training,Mobile App,Citizen,25-34,5,5,10,1,Yes,Positive,Finished it on my phone in two minutes.,أسهل بكثير من زيارة الفرع.
CS-02387,2026-05-04,2026-05-01,Riyadh,RIY,Identity & Civil Affairs,Mobile App,Resident,35-44,5,4,10,1,Yes,Positive,The Nafath login worked first time.,تسجيل الدخول عبر نفاذ عمل من أول مرة.
CS-02388,2026-01-19,2026-01-01,Riyadh,RIY,Health Services,Branch,Business,35-44,3,3,8,0,Maybe,Neutral,Took longer than I expected.,تمت الخدمة لكن الصياغة غير واضحة.
CS-02389,2026-05-21,2026-05-01,Riyadh,RIY,Traffic & Transport,Mobile App,Citizen,18-24,5,5,10,0,Yes,Positive,Clear steps and instant confirmation.,أنهيت المعاملة عبر الجوال خلال دقيقتين.
CS-02390,2026-05-18,2026-05-01,Hail,HAL,Health Services,Web Portal,Citizen,25-34,5,4,10,1,Yes,Positive,Clear steps and instant confirmation.,تسجيل الدخول عبر نفاذ عمل من أول مرة.
CS-02391,2026-03-09,2026-03-01,Riyadh,RIY,Identity & Civil Affairs,Mobile App,Citizen,65+,5,5,10,0,Yes,Positive,"No paperwork needed, very good service.",الخطوات واضحة والتأكيد فوري.
CS-02392,2026-06-20,2026-06-01,Riyadh,RIY,Identity & Civil Affairs,Mobile App,Citizen,25-34,5,4,10,1,Yes,Positive,Clear steps and instant confirmation.,أسهل بكثير من زيارة الفرع.
CS-02393,2026-05-18,2026-05-01,Makkah,MAK,Education & Training,Mobile App,Resident,25-34,5,4,8,0,Yes,Positive,"No paperwork needed, very good service.",تسجيل الدخول عبر نفاذ عمل من أول مرة.
CS-02394,2026-03-01,2026-03-01,Riyadh,RIY,Identity & Civil Affairs,Mobile App,Citizen,45-54,5,5,10,1,Yes,Positive,Much easier than going to the branch.,الخطوات واضحة والتأكيد فوري.
CS-02395,2026-01-23,2026-01-01,Hail,HAL,Traffic & Transport,Web Portal,Citizen,45-54,4,5,8,1,Yes,Positive,"No paperwork needed, very good service.",الخطوات واضحة والتأكيد فوري.
CS-02396,2026-01-28,2026-01-01,Makkah,MAK,Health Services,Branch,Citizen,25-34,4,3,6,1,Yes,Positive,Much easier than going to the branch.,تسجيل الدخول عبر نفاذ عمل من أول مرة.
CS-02397,2026-02-18,2026-02-01,Eastern Province,EAS,Social Support & Subsidies,Web Portal,Business,45-54,4,3,6,0,Yes,Positive,Much easier than going to the branch.,تسجيل الدخول عبر نفاذ عمل من أول مرة.
CS-02398,2026-05-04,2026-05-01,Eastern Province,EAS,Justice & Notary,Branch,Citizen,35-44,4,3,6,1,Yes,Positive,Finished it on my phone in two minutes.,أنهيت المعاملة عبر الجوال خلال دقيقتين.
CS-02399,2026-06-07,2026-06-01,Qassim,QSM,Health Services,Mobile App,Citizen,55-64,4,3,10,1,Yes,Positive,The Nafath login worked first time.,تسجيل الدخول عبر نفاذ عمل من أول مرة.
CS-02400,2026-05-28,2026-05-01,Makkah,MAK,Labour & HR Services,Mobile App,Citizen,18-24,3,3,4,0,Maybe,Neutral,Took longer than I expected.,استغرقت وقتاً أطول مما توقعت.
CS-02401,2026-06-26,2026-06-01,Jazan,JZN,Labour & HR Services,Mobile App,Resident,55-64,2,3,5,1,No,Negative,I had to visit the branch anyway.,فشل التحقق ثلاث مرات فاضطررت للتوقف.
CS-02402,2026-04-23,2026-04-01,Makkah,MAK,Health Services,Call Center,Citizen,35-44,3,2,6,1,Maybe,Neutral,Took longer than I expected.,تمت الخدمة لكن الصياغة غير واضحة.
CS-02403,2026-06-07,2026-06-01,Riyadh,RIY,Business & Licensing,Mobile App,Citizen,25-34,5,4,9,1,Yes,Positive,Finished it on my phone in two minutes.,تسجيل الدخول عبر نفاذ عمل من أول مرة.
CS-02404,2026-04-22,2026-04-01,Al-Jouf,JOF,Labour & HR Services,Call Center,Citizen,25-34,3,4,4,1,Maybe,Neutral,It worked but the wording was confusing.,مقبولة لكن اضطررت للاتصال للتأكيد.
CS-02405,2026-05-07,2026-05-01,Makkah,MAK,Labour & HR Services,Branch,Resident,35-44,4,5,9,1,Yes,Positive,Clear steps and instant confirmation.,الخطوات واضحة والتأكيد فوري.
CS-02406,2026-02-23,2026-02-01,Makkah,MAK,Identity & Civil Affairs,Mobile App,Resident,45-54,4,3,7,1,Yes,Positive,The Nafath login worked first time.,الخطوات واضحة والتأكيد فوري.
CS-02407,2026-05-26,2026-05-01,Eastern Province,EAS,Identity & Civil Affairs,Mobile App,Business,18-24,4,4,10,1,Yes,Positive,Finished it on my phone in two minutes.,أنهيت المعاملة عبر الجوال خلال دقيقتين.
CS-02408,2026-01-13,2026-01-01,Makkah,MAK,Business & Licensing,Branch,Citizen,35-44,3,4,4,0,Maybe,Neutral,It worked but the wording was confusing.,تمت الخدمة لكن الصياغة غير واضحة.
CS-02409,2026-02-02,2026-02-01,Makkah,MAK,Labour & HR Services,Web Portal,Citizen,35-44,3,4,7,0,Maybe,Neutral,Took longer than I expected.,مقبولة لكن اضطررت للاتصال للتأكيد.
CS-02410,2026-04-26,2026-04-01,Qassim,QSM,Identity & Civil Affairs,Mobile App,Citizen,25-34,4,5,10,1,Yes,Positive,"No paperwork needed, very good service.",أسهل بكثير من زيارة الفرع.
CS-02411,2026-04-05,2026-04-01,Tabuk,TBK,Education & Training,Mobile App,Citizen,45-54,4,4,10,1,Yes,Positive,Much easier than going to the branch.,تسجيل الدخول عبر نفاذ عمل من أول مرة.
CS-02412,2026-04-14,2026-04-01,Qassim,QSM,Health Services,Branch,Citizen,18-24,3,3,5,0,Maybe,Neutral,It worked but the wording was confusing.,مقبولة لكن اضطررت للاتصال للتأكيد.
CS-02413,2026-06-18,2026-06-01,Makkah,MAK,Business & Licensing,Branch,Citizen,25-34,4,4,6,1,Yes,Positive,Finished it on my phone in two minutes.,أسهل بكثير من زيارة الفرع.
CS-02414,2026-01-27,2026-01-01,Eastern Province,EAS,Social Support & Subsidies,Call Center,Business,55-64,3,3,7,0,Maybe,Neutral,"Fine, though I had to call to confirm.",تمت الخدمة لكن الصياغة غير واضحة.
CS-02415,2026-03-07,2026-03-01,Makkah,MAK,Labour & HR Services,Mobile App,Citizen,55-64,4,3,6,1,Yes,Positive,Finished it on my phone in two minutes.,تسجيل الدخول عبر نفاذ عمل من أول مرة.
CS-02416,2026-04-27,2026-04-01,Al-Jouf,JOF,Justice & Notary,Web Portal,Resident,18-24,4,4,8,1,Yes,Positive,Much easier than going to the branch.,أنهيت المعاملة عبر الجوال خلال دقيقتين.
CS-02417,2026-03-11,2026-03-01,Makkah,MAK,Education & Training,Mobile App,Resident,18-24,5,4,10,1,Yes,Positive,Finished it on my phone in two minutes.,أسهل بكثير من زيارة الفرع.
CS-02418,2026-04-11,2026-04-01,Riyadh,RIY,Labour & HR Services,Branch,Resident,35-44,4,4,9,1,Yes,Positive,The Nafath login worked first time.,أنهيت المعاملة عبر الجوال خلال دقيقتين.
CS-02419,2026-03-11,2026-03-01,Makkah,MAK,Traffic & Transport,Branch,Citizen,18-24,5,4,10,1,Yes,Positive,Finished it on my phone in two minutes.,أنهيت المعاملة عبر الجوال خلال دقيقتين.
CS-02420,2026-02-02,2026-02-01,Makkah,MAK,Municipal Services,Branch,Citizen,18-24,3,4,7,0,Maybe,Neutral,"Fine, though I had to call to confirm.",تمت الخدمة لكن الصياغة غير واضحة.
CS-02421,2026-02-12,2026-02-01,Riyadh,RIY,Labour & HR Services,Web Portal,Citizen,25-34,5,5,8,1,Yes,Positive,Finished it on my phone in two minutes.,أنهيت المعاملة عبر الجوال خلال دقيقتين.
CS-02422,2026-05-01,2026-05-01,Makkah,MAK,Health Services,Branch,Business,25-34,3,2,4,1,Maybe,Neutral,Took longer than I expected.,مقبولة لكن اضطررت للاتصال للتأكيد.
CS-02423,2026-03-18,2026-03-01,Makkah,MAK,Labour & HR Services,Web Portal,Business,45-54,4,3,7,1,Yes,Positive,The Nafath login worked first time.,تسجيل الدخول عبر نفاذ عمل من أول مرة.
CS-02424,2026-03-20,2026-03-01,Riyadh,RIY,Traffic & Transport,Mobile App,Citizen,35-44,4,5,9,0,Yes,Positive,Much easier than going to the branch.,أسهل بكثير من زيارة الفرع.
CS-02425,2026-02-25,2026-02-01,Makkah,MAK,Identity & Civil Affairs,Web Portal,Citizen,25-34,5,5,10,1,Yes,Positive,Finished it on my phone in two minutes.,الخطوات واضحة والتأكيد فوري.
CS-02426,2026-04-04,2026-04-01,Al-Jouf,JOF,Justice & Notary,Web Portal,Citizen,45-54,4,3,6,1,Yes,Positive,The Nafath login worked first time.,أسهل بكثير من زيارة الفرع.
CS-02427,2026-01-02,2026-01-01,Makkah,MAK,Justice & Notary,Web Portal,Resident,25-34,5,5,9,1,Yes,Positive,Much easier than going to the branch.,أسهل بكثير من زيارة الفرع.
CS-02428,2026-02-14,2026-02-01,Madinah,MAD,Identity & Civil Affairs,Call Center,Citizen,25-34,4,3,9,1,Yes,Positive,The Nafath login worked first time.,أسهل بكثير من زيارة الفرع.
CS-02429,2026-06-07,2026-06-01,Eastern Province,EAS,Traffic & Transport,Mobile App,Citizen,18-24,4,4,8,1,Yes,Positive,The Nafath login worked first time.,الخطوات واضحة والتأكيد فوري.
CS-02430,2026-06-21,2026-06-01,Makkah,MAK,Justice & Notary,Mobile App,Resident,35-44,5,5,10,1,Yes,Positive,Clear steps and instant confirmation.,أنهيت المعاملة عبر الجوال خلال دقيقتين.
CS-02431,2026-02-23,2026-02-01,Jazan,JZN,Identity & Civil Affairs,Mobile App,Citizen,25-34,4,4,6,1,Yes,Positive,Clear steps and instant confirmation.,أنهيت المعاملة عبر الجوال خلال دقيقتين.
CS-02432,2026-02-03,2026-02-01,Makkah,MAK,Identity & Civil Affairs,Call Center,Resident,55-64,5,5,10,1,Yes,Positive,The Nafath login worked first time.,أسهل بكثير من زيارة الفرع.
CS-02433,2026-05-12,2026-05-01,Riyadh,RIY,Education & Training,Web Portal,Citizen,25-34,4,5,6,0,Yes,Positive,The Nafath login worked first time.,أنهيت المعاملة عبر الجوال خلال دقيقتين.
CS-02434,2026-04-06,2026-04-01,Najran,NJR,Identity & Civil Affairs,Web Portal,Citizen,45-54,5,5,9,1,Yes,Positive,Much easier than going to the branch.,أسهل بكثير من زيارة الفرع.
CS-02435,2026-02-10,2026-02-01,Madinah,MAD,Health Services,Mobile App,Citizen,35-44,5,4,10,1,Yes,Positive,Much easier than going to the branch.,أنهيت المعاملة عبر الجوال خلال دقيقتين.
CS-02436,2026-06-19,2026-06-01,Eastern Province,EAS,Municipal Services,Mobile App,Resident,35-44,5,5,10,1,Yes,Positive,Finished it on my phone in two minutes.,أسهل بكثير من زيارة الفرع.
CS-02437,2026-03-21,2026-03-01,Riyadh,RIY,Business & Licensing,Mobile App,Citizen,25-34,5,5,10,1,Yes,Positive,The Nafath login worked first time.,تسجيل الدخول عبر نفاذ عمل من أول مرة.
CS-02438,2026-03-19,2026-03-01,Eastern Province,EAS,Education & Training,Mobile App,Citizen,18-24,3,4,8,0,Maybe,Neutral,Acceptable but the receipt was hard to find.,تمت الخدمة لكن الصياغة غير واضحة.
CS-02439,2026-06-26,2026-06-01,Eastern Province,EAS,Health Services,Mobile App,Citizen,55-64,5,5,10,1,Yes,Positive,Clear steps and instant confirmation.,الخطوات واضحة والتأكيد فوري.
CS-02440,2026-01-15,2026-01-01,Makkah,MAK,Health Services,Branch,Resident,45-54,4,5,8,1,Yes,Positive,Clear steps and instant confirmation.,أسهل بكثير من زيارة الفرع.
CS-02441,2026-05-16,2026-05-01,Madinah,MAD,Labour & HR Services,Web Portal,Citizen,25-34,4,5,6,1,Yes,Positive,Clear steps and instant confirmation.,تسجيل الدخول عبر نفاذ عمل من أول مرة.
CS-02442,2026-04-14,2026-04-01,Asir,ASR,Education & Training,Call Center,Citizen,45-54,4,3,8,1,Yes,Positive,Much easier than going to the branch.,أنهيت المعاملة عبر الجوال خلال دقيقتين.
CS-02443,2026-03-28,2026-03-01,Riyadh,RIY,Municipal Services,Mobile App,Citizen,25-34,5,5,10,1,Yes,Positive,The Nafath login worked first time.,أنهيت المعاملة عبر الجوال خلال دقيقتين.
CS-02444,2026-01-05,2026-01-01,Riyadh,RIY,Education & Training,Branch,Resident,45-54,4,5,6,1,Yes,Positive,Clear steps and instant confirmation.,تسجيل الدخول عبر نفاذ عمل من أول مرة.
CS-02445,2026-05-08,2026-05-01,Riyadh,RIY,Identity & Civil Affairs,Branch,Citizen,25-34,4,5,9,1,Yes,Positive,Clear steps and instant confirmation.,تسجيل الدخول عبر نفاذ عمل من أول مرة.
CS-02446,2026-02-21,2026-02-01,Eastern Province,EAS,Health Services,Mobile App,Citizen,45-54,5,5,9,1,Yes,Positive,"No paperwork needed, very good service.",أسهل بكثير من زيارة الفرع.
CS-02447,2026-04-23,2026-04-01,Makkah,MAK,Traffic & Transport,Branch,Resident,25-34,4,5,8,1,Yes,Positive,The Nafath login worked first time.,أنهيت المعاملة عبر الجوال خلال دقيقتين.
CS-02448,2026-06-05,2026-06-01,Eastern Province,EAS,Social Support & Subsidies,Call Center,Citizen,25-34,4,3,9,0,Yes,Positive,Clear steps and instant confirmation.,أسهل بكثير من زيارة الفرع.
CS-02449,2026-06-06,2026-06-01,Makkah,MAK,Business & Licensing,Mobile App,Resident,25-34,4,4,6,1,Yes,Positive,Clear steps and instant confirmation.,أنهيت المعاملة عبر الجوال خلال دقيقتين.
CS-02450,2026-04-28,2026-04-01,Makkah,MAK,Health Services,Web Portal,Citizen,35-44,4,4,9,1,Yes,Positive,Finished it on my phone in two minutes.,أسهل بكثير من زيارة الفرع.
CS-02451,2026-06-27,2026-06-01,Makkah,MAK,Traffic & Transport,Branch,Resident,25-34,3,4,6,0,Maybe,Neutral,It worked but the wording was confusing.,استغرقت وقتاً أطول مما توقعت.
CS-02452,2026-06-08,2026-06-01,Eastern Province,EAS,Business & Licensing,Branch,Resident,35-44,4,5,6,1,Yes,Positive,The Nafath login worked first time.,تسجيل الدخول عبر نفاذ عمل من أول مرة.
CS-02453,2026-03-06,2026-03-01,Makkah,MAK,Municipal Services,Mobile App,Citizen,18-24,5,5,10,1,Yes,Positive,The Nafath login worked first time.,الخطوات واضحة والتأكيد فوري.
CS-02454,2026-01-11,2026-01-01,Madinah,MAD,Traffic & Transport,Mobile App,Resident,35-44,4,5,7,1,Yes,Positive,Finished it on my phone in two minutes.,تسجيل الدخول عبر نفاذ عمل من أول مرة.
CS-02455,2026-04-12,2026-04-01,Riyadh,RIY,Education & Training,Branch,Resident,18-24,4,5,6,1,Yes,Positive,"No paperwork needed, very good service.",الخطوات واضحة والتأكيد فوري.
CS-02456,2026-05-26,2026-05-01,Asir,ASR,Education & Training,Web Portal,Citizen,65+,4,4,8,1,Yes,Positive,Much easier than going to the branch.,الخطوات واضحة والتأكيد فوري.
CS-02457,2026-05-12,2026-05-01,Makkah,MAK,Traffic & Transport,Mobile App,Citizen,25-34,4,5,6,1,Yes,Positive,"No paperwork needed, very good service.",الخطوات واضحة والتأكيد فوري.
CS-02458,2026-01-18,2026-01-01,Riyadh,RIY,Labour & HR Services,Mobile App,Resident,45-54,5,5,10,0,Yes,Positive,Much easier than going to the branch.,أسهل بكثير من زيارة الفرع.
CS-02459,2026-01-10,2026-01-01,Asir,ASR,Education & Training,Branch,Citizen,45-54,3,3,4,0,Maybe,Neutral,"Fine, though I had to call to confirm.",مقبولة لكن اضطررت للاتصال للتأكيد.
CS-02460,2026-03-24,2026-03-01,Makkah,MAK,Education & Training,Mobile App,Resident,25-34,4,3,7,1,Yes,Positive,"No paperwork needed, very good service.",الخطوات واضحة والتأكيد فوري.
CS-02461,2026-05-24,2026-05-01,Qassim,QSM,Labour & HR Services,Web Portal,Citizen,45-54,5,5,10,1,Yes,Positive,Finished it on my phone in two minutes.,أنهيت المعاملة عبر الجوال خلال دقيقتين.
CS-02462,2026-03-14,2026-03-01,Makkah,MAK,Traffic & Transport,Web Portal,Resident,25-34,3,2,6,1,Maybe,Neutral,Acceptable but the receipt was hard to find.,استغرقت وقتاً أطول مما توقعت.
CS-02463,2026-06-17,2026-06-01,Riyadh,RIY,Education & Training,Mobile App,Resident,35-44,4,3,7,1,Yes,Positive,The Nafath login worked first time.,أنهيت المعاملة عبر الجوال خلال دقيقتين.
CS-02464,2026-05-02,2026-05-01,Eastern Province,EAS,Identity & Civil Affairs,Mobile App,Resident,35-44,4,5,8,1,Yes,Positive,Clear steps and instant confirmation.,تسجيل الدخول عبر نفاذ عمل من أول مرة.
CS-02465,2026-05-04,2026-05-01,Makkah,MAK,Identity & Civil Affairs,Web Portal,Citizen,55-64,3,2,4,0,Maybe,Neutral,"Fine, though I had to call to confirm.",استغرقت وقتاً أطول مما توقعت.
CS-02466,2026-01-06,2026-01-01,Northern Borders,NBR,Justice & Notary,Mobile App,Citizen,35-44,4,4,10,1,Yes,Positive,Finished it on my phone in two minutes.,الخطوات واضحة والتأكيد فوري.
CS-02467,2026-01-06,2026-01-01,Riyadh,RIY,Traffic & Transport,Branch,Citizen,35-44,4,5,9,1,Yes,Positive,"No paperwork needed, very good service.",أسهل بكثير من زيارة الفرع.
CS-02468,2026-05-11,2026-05-01,Makkah,MAK,Traffic & Transport,Mobile App,Business,25-34,5,4,10,1,Yes,Positive,Much easier than going to the branch.,الخطوات واضحة والتأكيد فوري.
CS-02469,2026-06-06,2026-06-01,Eastern Province,EAS,Justice & Notary,Mobile App,Citizen,45-54,5,5,9,1,Yes,Positive,Finished it on my phone in two minutes.,الخطوات واضحة والتأكيد فوري.
CS-02470,2026-03-26,2026-03-01,Makkah,MAK,Identity & Civil Affairs,Mobile App,Citizen,35-44,5,5,10,1,Yes,Positive,Finished it on my phone in two minutes.,تسجيل الدخول عبر نفاذ عمل من أول مرة.
CS-02471,2026-05-26,2026-05-01,Eastern Province,EAS,Social Support & Subsidies,Mobile App,Citizen,45-54,5,5,8,1,Yes,Positive,Finished it on my phone in two minutes.,الخطوات واضحة والتأكيد فوري.
CS-02472,2026-01-21,2026-01-01,Jazan,JZN,Traffic & Transport,Mobile App,Resident,25-34,5,4,9,1,Yes,Positive,Clear steps and instant confirmation.,تسجيل الدخول عبر نفاذ عمل من أول مرة.
CS-02473,2026-01-18,2026-01-01,Hail,HAL,Education & Training,Mobile App,Citizen,18-24,3,2,8,0,Maybe,Neutral,Acceptable but the receipt was hard to find.,تمت الخدمة لكن الصياغة غير واضحة.
CS-02474,2026-02-28,2026-02-01,Jazan,JZN,Social Support & Subsidies,Call Center,Citizen,35-44,3,4,4,1,Maybe,Neutral,"Fine, though I had to call to confirm.",تمت الخدمة لكن الصياغة غير واضحة.
CS-02475,2026-05-05,2026-05-01,Eastern Province,EAS,Municipal Services,Web Portal,Citizen,65+,4,5,10,1,Yes,Positive,Finished it on my phone in two minutes.,أسهل بكثير من زيارة الفرع.
CS-02476,2026-04-05,2026-04-01,Madinah,MAD,Health Services,Mobile App,Business,25-34,4,3,9,1,Yes,Positive,"No paperwork needed, very good service.",الخطوات واضحة والتأكيد فوري.
CS-02477,2026-03-21,2026-03-01,Makkah,MAK,Education & Training,Mobile App,Citizen,35-44,3,3,8,1,Maybe,Neutral,"Fine, though I had to call to confirm.",استغرقت وقتاً أطول مما توقعت.
CS-02478,2026-03-15,2026-03-01,Jazan,JZN,Labour & HR Services,Call Center,Resident,55-64,3,3,6,0,Maybe,Neutral,Acceptable but the receipt was hard to find.,تمت الخدمة لكن الصياغة غير واضحة.
CS-02479,2026-01-14,2026-01-01,Madinah,MAD,Identity & Civil Affairs,Call Center,Citizen,45-54,3,3,7,0,Maybe,Neutral,"Fine, though I had to call to confirm.",استغرقت وقتاً أطول مما توقعت.
CS-02480,2026-04-05,2026-04-01,Eastern Province,EAS,Traffic & Transport,Mobile App,Citizen,25-34,4,3,9,1,Yes,Positive,Finished it on my phone in two minutes.,أنهيت المعاملة عبر الجوال خلال دقيقتين.
CS-02481,2026-06-24,2026-06-01,Madinah,MAD,Labour & HR Services,Web Portal,Citizen,18-24,4,3,8,1,Yes,Positive,Finished it on my phone in two minutes.,الخطوات واضحة والتأكيد فوري.
CS-02482,2026-04-11,2026-04-01,Madinah,MAD,Education & Training,Mobile App,Citizen,45-54,5,5,8,1,Yes,Positive,Much easier than going to the branch.,الخطوات واضحة والتأكيد فوري.
CS-02483,2026-05-18,2026-05-01,Eastern Province,EAS,Labour & HR Services,Web Portal,Citizen,45-54,5,4,10,1,Yes,Positive,"No paperwork needed, very good service.",تسجيل الدخول عبر نفاذ عمل من أول مرة.
CS-02484,2026-02-18,2026-02-01,Makkah,MAK,Labour & HR Services,Call Center,Business,45-54,2,3,5,1,No,Negative,I had to visit the branch anyway.,انتظرت أربعين دقيقة ثم أُغلق الشباك.
CS-02485,2026-02-21,2026-02-01,Makkah,MAK,Traffic & Transport,Mobile App,Resident,45-54,4,4,10,1,Yes,Positive,The Nafath login worked first time.,الخطوات واضحة والتأكيد فوري.
CS-02486,2026-03-22,2026-03-01,Eastern Province,EAS,Labour & HR Services,Web Portal,Citizen,55-64,4,3,6,1,Yes,Positive,Clear steps and instant confirmation.,الخطوات واضحة والتأكيد فوري.
CS-02487,2026-03-16,2026-03-01,Asir,ASR,Municipal Services,Branch,Resident,18-24,3,4,4,1,Maybe,Neutral,It worked but the wording was confusing.,تمت الخدمة لكن الصياغة غير واضحة.
CS-02488,2026-02-24,2026-02-01,Riyadh,RIY,Identity & Civil Affairs,Call Center,Citizen,25-34,4,4,10,1,Yes,Positive,The Nafath login worked first time.,أنهيت المعاملة عبر الجوال خلال دقيقتين.
CS-02489,2026-02-10,2026-02-01,Riyadh,RIY,Health Services,Mobile App,Resident,65+,5,4,10,0,Yes,Positive,Much easier than going to the branch.,الخطوات واضحة والتأكيد فوري.
CS-02490,2026-06-03,2026-06-01,Riyadh,RIY,Health Services,Call Center,Citizen,55-64,5,5,10,1,Yes,Positive,Clear steps and instant confirmation.,الخطوات واضحة والتأكيد فوري.
CS-02491,2026-01-09,2026-01-01,Makkah,MAK,Health Services,Branch,Business,25-34,4,5,9,1,Yes,Positive,Finished it on my phone in two minutes.,أسهل بكثير من زيارة الفرع.
CS-02492,2026-01-19,2026-01-01,Makkah,MAK,Health Services,Mobile App,Business,45-54,4,3,9,1,Yes,Positive,"No paperwork needed, very good service.",تسجيل الدخول عبر نفاذ عمل من أول مرة.
CS-02493,2026-06-11,2026-06-01,Najran,NJR,Traffic & Transport,Mobile App,Citizen,35-44,5,5,8,1,Yes,Positive,Clear steps and instant confirmation.,تسجيل الدخول عبر نفاذ عمل من أول مرة.
CS-02494,2026-02-24,2026-02-01,Eastern Province,EAS,Business & Licensing,Web Portal,Citizen,45-54,4,5,10,0,Yes,Positive,Clear steps and instant confirmation.,الخطوات واضحة والتأكيد فوري.
CS-02495,2026-06-17,2026-06-01,Jazan,JZN,Identity & Civil Affairs,Branch,Resident,35-44,4,3,10,1,Yes,Positive,Clear steps and instant confirmation.,تسجيل الدخول عبر نفاذ عمل من أول مرة.
CS-02496,2026-01-23,2026-01-01,Eastern Province,EAS,Health Services,Mobile App,Citizen,25-34,5,5,10,1,Yes,Positive,Much easier than going to the branch.,أنهيت المعاملة عبر الجوال خلال دقيقتين.
CS-02497,2026-05-24,2026-05-01,Eastern Province,EAS,Labour & HR Services,Mobile App,Citizen,25-34,5,5,8,1,Yes,Positive,Much easier than going to the branch.,أسهل بكثير من زيارة الفرع.
CS-02498,2026-05-24,2026-05-01,Najran,NJR,Health Services,Call Center,Business,35-44,4,3,6,1,Yes,Positive,Clear steps and instant confirmation.,أنهيت المعاملة عبر الجوال خلال دقيقتين.
CS-02499,2026-04-15,2026-04-01,Asir,ASR,Identity & Civil Affairs,Branch,Citizen,25-34,2,3,6,0,No,Negative,The authentication failed three times and I gave up.,انتظرت أربعين دقيقة ثم أُغلق الشباك.
CS-02500,2026-06-01,2026-06-01,Riyadh,RIY,Education & Training,Branch,Citizen,18-24,3,4,5,0,Maybe,Neutral,Acceptable but the receipt was hard to find.,تمت الخدمة لكن الصياغة غير واضحة.
CS-02501,2026-06-19,2026-06-01,Riyadh,RIY,Education & Training,Mobile App,Citizen,45-54,4,5,8,0,Yes,Positive,The Nafath login worked first time.,تسجيل الدخول عبر نفاذ عمل من أول مرة.
CS-02502,2026-04-26,2026-04-01,Hail,HAL,Health Services,Branch,Resident,18-24,5,5,9,1,Yes,Positive,Much easier than going to the branch.,تسجيل الدخول عبر نفاذ عمل من أول مرة.
CS-02503,2026-02-25,2026-02-01,Makkah,MAK,Municipal Services,Web Portal,Citizen,65+,3,3,8,0,Maybe,Neutral,It worked but the wording was confusing.,استغرقت وقتاً أطول مما توقعت.
CS-02504,2026-01-27,2026-01-01,Makkah,MAK,Health Services,Web Portal,Business,18-24,5,4,10,1,Yes,Positive,Clear steps and instant confirmation.,تسجيل الدخول عبر نفاذ عمل من أول مرة.
CS-02505,2026-05-19,2026-05-01,Makkah,MAK,Municipal Services,Mobile App,Citizen,25-34,4,4,10,1,Yes,Positive,"No paperwork needed, very good service.",أسهل بكثير من زيارة الفرع.
CS-02506,2026-06-18,2026-06-01,Makkah,MAK,Business & Licensing,Call Center,Citizen,25-34,3,4,4,0,Maybe,Neutral,Took longer than I expected.,تمت الخدمة لكن الصياغة غير واضحة.
CS-02507,2026-06-15,2026-06-01,Riyadh,RIY,Municipal Services,Mobile App,Citizen,18-24,4,5,10,1,Yes,Positive,Finished it on my phone in two minutes.,الخطوات واضحة والتأكيد فوري.
CS-02508,2026-01-26,2026-01-01,Makkah,MAK,Municipal Services,Mobile App,Business,45-54,4,4,7,0,Yes,Positive,"No paperwork needed, very good service.",الخطوات واضحة والتأكيد فوري.
CS-02509,2026-03-24,2026-03-01,Makkah,MAK,Traffic & Transport,Call Center,Resident,55-64,4,4,10,1,Yes,Positive,Finished it on my phone in two minutes.,أسهل بكثير من زيارة الفرع.
CS-02510,2026-01-26,2026-01-01,Qassim,QSM,Social Support & Subsidies,Branch,Business,25-34,4,4,8,1,Yes,Positive,"No paperwork needed, very good service.",أنهيت المعاملة عبر الجوال خلال دقيقتين.
CS-02511,2026-01-03,2026-01-01,Riyadh,RIY,Health Services,Mobile App,Resident,45-54,5,5,8,1,Yes,Positive,Much easier than going to the branch.,الخطوات واضحة والتأكيد فوري.
CS-02512,2026-05-21,2026-05-01,Makkah,MAK,Education & Training,Mobile App,Citizen,45-54,4,5,6,1,Yes,Positive,Finished it on my phone in two minutes.,أنهيت المعاملة عبر الجوال خلال دقيقتين.
CS-02513,2026-02-09,2026-02-01,Makkah,MAK,Labour & HR Services,Call Center,Citizen,35-44,3,4,5,1,Maybe,Neutral,Acceptable but the receipt was hard to find.,تمت الخدمة لكن الصياغة غير واضحة.
CS-02514,2026-01-15,2026-01-01,Riyadh,RIY,Business & Licensing,Branch,Citizen,18-24,4,3,10,0,Yes,Positive,Much easier than going to the branch.,تسجيل الدخول عبر نفاذ عمل من أول مرة.
CS-02515,2026-04-08,2026-04-01,Makkah,MAK,Health Services,Mobile App,Citizen,35-44,4,3,6,1,Yes,Positive,Clear steps and instant confirmation.,الخطوات واضحة والتأكيد فوري.
CS-02516,2026-05-05,2026-05-01,Riyadh,RIY,Social Support & Subsidies,Mobile App,Citizen,25-34,5,4,10,1,Yes,Positive,Much easier than going to the branch.,الخطوات واضحة والتأكيد فوري.
CS-02517,2026-01-08,2026-01-01,Madinah,MAD,Business & Licensing,Mobile App,Citizen,35-44,5,4,10,0,Yes,Positive,The Nafath login worked first time.,الخطوات واضحة والتأكيد فوري.
CS-02518,2026-02-22,2026-02-01,Eastern Province,EAS,Health Services,Mobile App,Resident,45-54,5,5,10,1,Yes,Positive,Clear steps and instant confirmation.,أنهيت المعاملة عبر الجوال خلال دقيقتين.
CS-02519,2026-06-17,2026-06-01,Makkah,MAK,Social Support & Subsidies,Call Center,Citizen,35-44,4,5,10,1,Yes,Positive,Clear steps and instant confirmation.,أنهيت المعاملة عبر الجوال خلال دقيقتين.
CS-02520,2026-05-22,2026-05-01,Eastern Province,EAS,Education & Training,Mobile App,Business,25-34,3,3,7,0,Maybe,Neutral,"Fine, though I had to call to confirm.",تمت الخدمة لكن الصياغة غير واضحة.
CS-02521,2026-02-17,2026-02-01,Riyadh,RIY,Traffic & Transport,Mobile App,Citizen,45-54,3,3,7,0,Maybe,Neutral,Took longer than I expected.,تمت الخدمة لكن الصياغة غير واضحة.
CS-02522,2026-06-09,2026-06-01,Makkah,MAK,Education & Training,Mobile App,Resident,18-24,5,5,9,1,Yes,Positive,Finished it on my phone in two minutes.,أنهيت المعاملة عبر الجوال خلال دقيقتين.
CS-02523,2026-02-21,2026-02-01,Asir,ASR,Identity & Civil Affairs,Web Portal,Citizen,18-24,4,5,6,1,Yes,Positive,Finished it on my phone in two minutes.,أسهل بكثير من زيارة الفرع.
CS-02524,2026-01-14,2026-01-01,Asir,ASR,Identity & Civil Affairs,Web Portal,Citizen,35-44,4,3,10,1,Yes,Positive,Clear steps and instant confirmation.,تسجيل الدخول عبر نفاذ عمل من أول مرة.
CS-02525,2026-03-17,2026-03-01,Makkah,MAK,Traffic & Transport,Call Center,Business,45-54,4,5,10,1,Yes,Positive,"No paperwork needed, very good service.",أنهيت المعاملة عبر الجوال خلال دقيقتين.
CS-02526,2026-01-13,2026-01-01,Riyadh,RIY,Identity & Civil Affairs,Mobile App,Resident,55-64,5,4,10,1,Yes,Positive,Much easier than going to the branch.,تسجيل الدخول عبر نفاذ عمل من أول مرة.
CS-02527,2026-06-27,2026-06-01,Makkah,MAK,Traffic & Transport,Web Portal,Citizen,45-54,3,2,4,1,Maybe,Neutral,"Fine, though I had to call to confirm.",مقبولة لكن اضطررت للاتصال للتأكيد.
CS-02528,2026-03-26,2026-03-01,Riyadh,RIY,Health Services,Web Portal,Business,25-34,5,5,8,1,Yes,Positive,Finished it on my phone in two minutes.,أنهيت المعاملة عبر الجوال خلال دقيقتين.
CS-02529,2026-03-13,2026-03-01,Eastern Province,EAS,Health Services,Mobile App,Citizen,65+,5,4,8,1,Yes,Positive,Clear steps and instant confirmation.,تسجيل الدخول عبر نفاذ عمل من أول مرة.
CS-02530,2026-05-07,2026-05-01,Makkah,MAK,Identity & Civil Affairs,Web Portal,Citizen,65+,3,3,4,0,Maybe,Neutral,"Fine, though I had to call to confirm.",مقبولة لكن اضطررت للاتصال للتأكيد.
CS-02531,2026-01-03,2026-01-01,Riyadh,RIY,Municipal Services,Mobile App,Citizen,25-34,4,5,6,1,Yes,Positive,"No paperwork needed, very good service.",الخطوات واضحة والتأكيد فوري.
CS-02532,2026-02-10,2026-02-01,Eastern Province,EAS,Education & Training,Web Portal,Citizen,45-54,5,5,10,1,Yes,Positive,"No paperwork needed, very good service.",تسجيل الدخول عبر نفاذ عمل من أول مرة.
CS-02533,2026-05-06,2026-05-01,Makkah,MAK,Social Support & Subsidies,Branch,Citizen,65+,4,5,8,1,Yes,Positive,"No paperwork needed, very good service.",الخطوات واضحة والتأكيد فوري.
CS-02534,2026-01-09,2026-01-01,Riyadh,RIY,Health Services,Mobile App,Citizen,25-34,5,5,10,1,Yes,Positive,Much easier than going to the branch.,تسجيل الدخول عبر نفاذ عمل من أول مرة.
CS-02535,2026-03-21,2026-03-01,Eastern Province,EAS,Traffic & Transport,Branch,Resident,35-44,3,4,5,1,Maybe,Neutral,It worked but the wording was confusing.,استغرقت وقتاً أطول مما توقعت.
CS-02536,2026-05-11,2026-05-01,Jazan,JZN,Traffic & Transport,Mobile App,Citizen,35-44,5,5,9,1,Yes,Positive,Clear steps and instant confirmation.,تسجيل الدخول عبر نفاذ عمل من أول مرة.
CS-02537,2026-05-01,2026-05-01,Hail,HAL,Labour & HR Services,Branch,Business,25-34,3,3,5,0,Maybe,Neutral,Took longer than I expected.,استغرقت وقتاً أطول مما توقعت.
CS-02538,2026-05-22,2026-05-01,Makkah,MAK,Health Services,Mobile App,Citizen,45-54,4,3,10,1,Yes,Positive,Finished it on my phone in two minutes.,أنهيت المعاملة عبر الجوال خلال دقيقتين.
CS-02539,2026-05-03,2026-05-01,Makkah,MAK,Identity & Civil Affairs,Mobile App,Business,18-24,4,3,7,0,Yes,Positive,The Nafath login worked first time.,أسهل بكثير من زيارة الفرع.
CS-02540,2026-06-22,2026-06-01,Eastern Province,EAS,Labour & HR Services,Branch,Resident,35-44,4,4,7,1,Yes,Positive,Finished it on my phone in two minutes.,أسهل بكثير من زيارة الفرع.
CS-02541,2026-02-26,2026-02-01,Jazan,JZN,Social Support & Subsidies,Call Center,Resident,25-34,4,5,8,1,Yes,Positive,"No paperwork needed, very good service.",الخطوات واضحة والتأكيد فوري.
CS-02542,2026-03-04,2026-03-01,Asir,ASR,Municipal Services,Mobile App,Business,35-44,4,4,6,1,Yes,Positive,Much easier than going to the branch.,الخطوات واضحة والتأكيد فوري.
CS-02543,2026-06-11,2026-06-01,Madinah,MAD,Justice & Notary,Branch,Resident,45-54,4,5,10,1,Yes,Positive,Finished it on my phone in two minutes.,أسهل بكثير من زيارة الفرع.
CS-02544,2026-02-19,2026-02-01,Riyadh,RIY,Traffic & Transport,Mobile App,Citizen,65+,5,5,8,1,Yes,Positive,Much easier than going to the branch.,تسجيل الدخول عبر نفاذ عمل من أول مرة.
CS-02545,2026-06-08,2026-06-01,Asir,ASR,Traffic & Transport,Web Portal,Citizen,35-44,5,4,10,1,Yes,Positive,Finished it on my phone in two minutes.,أسهل بكثير من زيارة الفرع.
CS-02546,2026-03-15,2026-03-01,Riyadh,RIY,Traffic & Transport,Mobile App,Resident,35-44,5,5,9,1,Yes,Positive,Clear steps and instant confirmation.,تسجيل الدخول عبر نفاذ عمل من أول مرة.
CS-02547,2026-04-28,2026-04-01,Makkah,MAK,Business & Licensing,Branch,Resident,35-44,3,2,7,0,Maybe,Neutral,It worked but the wording was confusing.,مقبولة لكن اضطررت للاتصال للتأكيد.
CS-02548,2026-04-11,2026-04-01,Makkah,MAK,Traffic & Transport,Mobile App,Business,25-34,5,4,10,1,Yes,Positive,Much easier than going to the branch.,أنهيت المعاملة عبر الجوال خلال دقيقتين.
CS-02549,2026-04-22,2026-04-01,Jazan,JZN,Identity & Civil Affairs,Mobile App,Citizen,18-24,4,3,6,1,Yes,Positive,The Nafath login worked first time.,الخطوات واضحة والتأكيد فوري.
CS-02550,2026-04-06,2026-04-01,Qassim,QSM,Labour & HR Services,Mobile App,Citizen,45-54,5,5,10,1,Yes,Positive,Finished it on my phone in two minutes.,أنهيت المعاملة عبر الجوال خلال دقيقتين.
CS-02551,2026-03-28,2026-03-01,Eastern Province,EAS,Labour & HR Services,Web Portal,Citizen,25-34,5,5,10,0,Yes,Positive,Much easier than going to the branch.,أنهيت المعاملة عبر الجوال خلال دقيقتين.
CS-02552,2026-02-25,2026-02-01,Riyadh,RIY,Education & Training,Mobile App,Citizen,18-24,5,5,10,1,Yes,Positive,"No paperwork needed, very good service.",تسجيل الدخول عبر نفاذ عمل من أول مرة.
CS-02553,2026-05-19,2026-05-01,Eastern Province,EAS,Traffic & Transport,Call Center,Resident,45-54,3,4,6,1,Maybe,Neutral,It worked but the wording was confusing.,استغرقت وقتاً أطول مما توقعت.
CS-02554,2026-01-12,2026-01-01,Makkah,MAK,Business & Licensing,Mobile App,Citizen,35-44,4,5,9,1,Yes,Positive,Clear steps and instant confirmation.,أنهيت المعاملة عبر الجوال خلال دقيقتين.
CS-02555,2026-04-23,2026-04-01,Makkah,MAK,Business & Licensing,Mobile App,Citizen,35-44,3,4,5,0,Maybe,Neutral,Took longer than I expected.,تمت الخدمة لكن الصياغة غير واضحة.
CS-02556,2026-05-10,2026-05-01,Eastern Province,EAS,Identity & Civil Affairs,Mobile App,Citizen,55-64,4,5,9,1,Yes,Positive,"No paperwork needed, very good service.",الخطوات واضحة والتأكيد فوري.
CS-02557,2026-05-18,2026-05-01,Makkah,MAK,Education & Training,Mobile App,Citizen,25-34,5,5,10,1,Yes,Positive,The Nafath login worked first time.,تسجيل الدخول عبر نفاذ عمل من أول مرة.
CS-02558,2026-04-11,2026-04-01,Jazan,JZN,Business & Licensing,Call Center,Citizen,25-34,2,1,5,0,No,Negative,No Arabic option on one of the screens.,اضطررت لزيارة الفرع رغم ذلك.
CS-02559,2026-01-21,2026-01-01,Asir,ASR,Education & Training,Web Portal,Citizen,18-24,4,5,9,1,Yes,Positive,Much easier than going to the branch.,أنهيت المعاملة عبر الجوال خلال دقيقتين.
CS-02560,2026-03-08,2026-03-01,Makkah,MAK,Social Support & Subsidies,Mobile App,Citizen,35-44,4,4,10,1,Yes,Positive,Finished it on my phone in two minutes.,أنهيت المعاملة عبر الجوال خلال دقيقتين.
CS-02561,2026-04-24,2026-04-01,Hail,HAL,Health Services,Web Portal,Citizen,45-54,4,5,9,1,Yes,Positive,Clear steps and instant confirmation.,أسهل بكثير من زيارة الفرع.
CS-02562,2026-04-01,2026-04-01,Eastern Province,EAS,Health Services,Branch,Citizen,35-44,4,5,7,1,Yes,Positive,Much easier than going to the branch.,الخطوات واضحة والتأكيد فوري.
CS-02563,2026-05-11,2026-05-01,Eastern Province,EAS,Identity & Civil Affairs,Branch,Citizen,25-34,4,4,10,1,Yes,Positive,The Nafath login worked first time.,تسجيل الدخول عبر نفاذ عمل من أول مرة.
CS-02564,2026-03-14,2026-03-01,Makkah,MAK,Education & Training,Mobile App,Citizen,18-24,5,5,10,1,Yes,Positive,Finished it on my phone in two minutes.,أسهل بكثير من زيارة الفرع.
CS-02565,2026-04-20,2026-04-01,Makkah,MAK,Business & Licensing,Web Portal,Resident,35-44,2,1,2,1,No,Negative,No Arabic option on one of the screens.,انتظرت أربعين دقيقة ثم أُغلق الشباك.
CS-02566,2026-04-24,2026-04-01,Tabuk,TBK,Justice & Notary,Call Center,Business,25-34,5,5,9,1,Yes,Positive,Clear steps and instant confirmation.,أسهل بكثير من زيارة الفرع.
CS-02567,2026-05-15,2026-05-01,Makkah,MAK,Health Services,Mobile App,Citizen,35-44,4,3,10,1,Yes,Positive,Clear steps and instant confirmation.,أنهيت المعاملة عبر الجوال خلال دقيقتين.
CS-02568,2026-04-03,2026-04-01,Makkah,MAK,Education & Training,Branch,Resident,18-24,4,5,7,1,Yes,Positive,Much easier than going to the branch.,الخطوات واضحة والتأكيد فوري.
CS-02569,2026-04-28,2026-04-01,Hail,HAL,Social Support & Subsidies,Mobile App,Resident,65+,4,3,9,1,Yes,Positive,The Nafath login worked first time.,تسجيل الدخول عبر نفاذ عمل من أول مرة.
CS-02570,2026-05-10,2026-05-01,Makkah,MAK,Education & Training,Mobile App,Business,45-54,4,5,6,0,Yes,Positive,Much easier than going to the branch.,تسجيل الدخول عبر نفاذ عمل من أول مرة.
CS-02571,2026-01-24,2026-01-01,Riyadh,RIY,Labour & HR Services,Mobile App,Citizen,18-24,5,5,8,1,Yes,Positive,Finished it on my phone in two minutes.,الخطوات واضحة والتأكيد فوري.
CS-02572,2026-03-05,2026-03-01,Eastern Province,EAS,Justice & Notary,Call Center,Resident,35-44,5,5,10,0,Yes,Positive,Finished it on my phone in two minutes.,تسجيل الدخول عبر نفاذ عمل من أول مرة.
CS-02573,2026-04-07,2026-04-01,Riyadh,RIY,Social Support & Subsidies,Mobile App,Citizen,18-24,4,5,10,1,Yes,Positive,Clear steps and instant confirmation.,أنهيت المعاملة عبر الجوال خلال دقيقتين.
CS-02574,2026-01-26,2026-01-01,Tabuk,TBK,Identity & Civil Affairs,Call Center,Resident,45-54,3,2,7,0,Maybe,Neutral,Acceptable but the receipt was hard to find.,مقبولة لكن اضطررت للاتصال للتأكيد.
CS-02575,2026-04-22,2026-04-01,Makkah,MAK,Health Services,Mobile App,Citizen,35-44,3,3,8,1,Maybe,Neutral,Acceptable but the receipt was hard to find.,تمت الخدمة لكن الصياغة غير واضحة.
CS-02576,2026-02-11,2026-02-01,Makkah,MAK,Social Support & Subsidies,Mobile App,Business,25-34,4,3,7,1,Yes,Positive,"No paperwork needed, very good service.",أنهيت المعاملة عبر الجوال خلال دقيقتين.
CS-02577,2026-02-12,2026-02-01,Makkah,MAK,Municipal Services,Mobile App,Resident,35-44,4,5,7,1,Yes,Positive,"No paperwork needed, very good service.",أنهيت المعاملة عبر الجوال خلال دقيقتين.
CS-02578,2026-06-13,2026-06-01,Asir,ASR,Business & Licensing,Call Center,Citizen,55-64,3,3,8,0,Maybe,Neutral,It worked but the wording was confusing.,تمت الخدمة لكن الصياغة غير واضحة.
CS-02579,2026-02-19,2026-02-01,Riyadh,RIY,Municipal Services,Web Portal,Citizen,25-34,4,5,6,1,Yes,Positive,"No paperwork needed, very good service.",أسهل بكثير من زيارة الفرع.
CS-02580,2026-01-18,2026-01-01,Makkah,MAK,Health Services,Mobile App,Citizen,45-54,4,3,7,1,Yes,Positive,Finished it on my phone in two minutes.,أنهيت المعاملة عبر الجوال خلال دقيقتين.
CS-02581,2026-05-25,2026-05-01,Riyadh,RIY,Identity & Civil Affairs,Web Portal,Resident,25-34,4,3,6,1,Yes,Positive,"No paperwork needed, very good service.",أسهل بكثير من زيارة الفرع.
CS-02582,2026-05-21,2026-05-01,Madinah,MAD,Traffic & Transport,Call Center,Citizen,35-44,5,4,10,1,Yes,Positive,Clear steps and instant confirmation.,أسهل بكثير من زيارة الفرع.
CS-02583,2026-05-18,2026-05-01,Al-Baha,BAH,Business & Licensing,Call Center,Resident,55-64,5,4,8,1,Yes,Positive,"No paperwork needed, very good service.",أسهل بكثير من زيارة الفرع.
CS-02584,2026-05-27,2026-05-01,Makkah,MAK,Education & Training,Branch,Business,45-54,3,4,5,1,Maybe,Neutral,Acceptable but the receipt was hard to find.,تمت الخدمة لكن الصياغة غير واضحة.
CS-02585,2026-03-21,2026-03-01,Qassim,QSM,Health Services,Web Portal,Citizen,65+,4,4,6,1,Yes,Positive,The Nafath login worked first time.,أسهل بكثير من زيارة الفرع.
CS-02586,2026-02-13,2026-02-01,Jazan,JZN,Traffic & Transport,Mobile App,Citizen,18-24,3,4,8,0,Maybe,Neutral,It worked but the wording was confusing.,مقبولة لكن اضطررت للاتصال للتأكيد.
CS-02587,2026-05-24,2026-05-01,Eastern Province,EAS,Education & Training,Mobile App,Business,45-54,4,5,6,1,Yes,Positive,"No paperwork needed, very good service.",أسهل بكثير من زيارة الفرع.
CS-02588,2026-01-12,2026-01-01,Makkah,MAK,Traffic & Transport,Web Portal,Business,18-24,4,4,10,1,Yes,Positive,The Nafath login worked first time.,الخطوات واضحة والتأكيد فوري.
CS-02589,2026-04-21,2026-04-01,Makkah,MAK,Health Services,Web Portal,Citizen,18-24,3,3,5,0,Maybe,Neutral,Acceptable but the receipt was hard to find.,مقبولة لكن اضطررت للاتصال للتأكيد.
CS-02590,2026-06-22,2026-06-01,Najran,NJR,Social Support & Subsidies,Mobile App,Citizen,25-34,4,5,6,0,Yes,Positive,Clear steps and instant confirmation.,أسهل بكثير من زيارة الفرع.
CS-02591,2026-03-15,2026-03-01,Qassim,QSM,Social Support & Subsidies,Branch,Resident,25-34,3,4,6,1,Maybe,Neutral,Took longer than I expected.,تمت الخدمة لكن الصياغة غير واضحة.
CS-02592,2026-05-16,2026-05-01,Riyadh,RIY,Justice & Notary,Web Portal,Citizen,65+,4,3,6,0,Yes,Positive,Much easier than going to the branch.,أسهل بكثير من زيارة الفرع.
CS-02593,2026-04-19,2026-04-01,Riyadh,RIY,Identity & Civil Affairs,Web Portal,Citizen,45-54,5,4,8,1,Yes,Positive,Clear steps and instant confirmation.,أسهل بكثير من زيارة الفرع.
CS-02594,2026-01-07,2026-01-01,Jazan,JZN,Health Services,Call Center,Citizen,35-44,5,5,10,1,Yes,Positive,The Nafath login worked first time.,أسهل بكثير من زيارة الفرع.
CS-02595,2026-02-08,2026-02-01,Northern Borders,NBR,Business & Licensing,Mobile App,Resident,35-44,4,3,9,1,Yes,Positive,The Nafath login worked first time.,أسهل بكثير من زيارة الفرع.
CS-02596,2026-03-19,2026-03-01,Makkah,MAK,Justice & Notary,Web Portal,Citizen,25-34,5,5,8,1,Yes,Positive,The Nafath login worked first time.,الخطوات واضحة والتأكيد فوري.
CS-02597,2026-01-08,2026-01-01,Riyadh,RIY,Health Services,Web Portal,Resident,55-64,4,3,9,0,Yes,Positive,Finished it on my phone in two minutes.,أسهل بكثير من زيارة الفرع.
CS-02598,2026-04-08,2026-04-01,Tabuk,TBK,Identity & Civil Affairs,Call Center,Citizen,35-44,4,3,6,1,Yes,Positive,Finished it on my phone in two minutes.,تسجيل الدخول عبر نفاذ عمل من أول مرة.
CS-02599,2026-02-14,2026-02-01,Jazan,JZN,Labour & HR Services,Call Center,Business,25-34,1,1,1,0,No,Negative,No Arabic option on one of the screens.,اضطررت لزيارة الفرع رغم ذلك.
CS-02600,2026-03-09,2026-03-01,Riyadh,RIY,Education & Training,Mobile App,Citizen,25-34,5,5,10,1,Yes,Positive,"No paperwork needed, very good service.",الخطوات واضحة والتأكيد فوري.
CS-02601,2026-06-21,2026-06-01,Riyadh,RIY,Health Services,Mobile App,Citizen,25-34,5,4,8,1,Yes,Positive,The Nafath login worked first time.,الخطوات واضحة والتأكيد فوري.
CS-02602,2026-03-28,2026-03-01,Najran,NJR,Education & Training,Branch,Business,45-54,3,4,7,1,Maybe,Neutral,Acceptable but the receipt was hard to find.,استغرقت وقتاً أطول مما توقعت.
CS-02603,2026-03-22,2026-03-01,Tabuk,TBK,Labour & HR Services,Mobile App,Citizen,45-54,5,4,10,1,Yes,Positive,The Nafath login worked first time.,تسجيل الدخول عبر نفاذ عمل من أول مرة.
CS-02604,2026-03-26,2026-03-01,Eastern Province,EAS,Traffic & Transport,Mobile App,Citizen,45-54,3,2,7,1,Maybe,Neutral,It worked but the wording was confusing.,مقبولة لكن اضطررت للاتصال للتأكيد.
CS-02605,2026-06-06,2026-06-01,Riyadh,RIY,Business & Licensing,Call Center,Business,35-44,3,3,5,1,Maybe,Neutral,It worked but the wording was confusing.,تمت الخدمة لكن الصياغة غير واضحة.
CS-02606,2026-06-03,2026-06-01,Eastern Province,EAS,Municipal Services,Call Center,Citizen,18-24,3,4,4,0,Maybe,Neutral,It worked but the wording was confusing.,مقبولة لكن اضطررت للاتصال للتأكيد.
CS-02607,2026-05-17,2026-05-01,Makkah,MAK,Traffic & Transport,Web Portal,Citizen,65+,3,3,5,1,Maybe,Neutral,It worked but the wording was confusing.,تمت الخدمة لكن الصياغة غير واضحة.
CS-02608,2026-02-11,2026-02-01,Eastern Province,EAS,Education & Training,Mobile App,Resident,35-44,4,3,10,1,Yes,Positive,"No paperwork needed, very good service.",تسجيل الدخول عبر نفاذ عمل من أول مرة.
CS-02609,2026-05-18,2026-05-01,Makkah,MAK,Municipal Services,Mobile App,Citizen,55-64,4,5,6,1,Yes,Positive,Clear steps and instant confirmation.,أنهيت المعاملة عبر الجوال خلال دقيقتين.
CS-02610,2026-04-11,2026-04-01,Makkah,MAK,Labour & HR Services,Mobile App,Citizen,35-44,3,4,5,1,Maybe,Neutral,"Fine, though I had to call to confirm.",مقبولة لكن اضطررت للاتصال للتأكيد.
CS-02611,2026-02-23,2026-02-01,Riyadh,RIY,Identity & Civil Affairs,Mobile App,Resident,35-44,4,4,8,1,Yes,Positive,Clear steps and instant confirmation.,أنهيت المعاملة عبر الجوال خلال دقيقتين.
CS-02612,2026-04-05,2026-04-01,Makkah,MAK,Business & Licensing,Branch,Citizen,25-34,3,4,5,0,Maybe,Neutral,Acceptable but the receipt was hard to find.,استغرقت وقتاً أطول مما توقعت.
CS-02613,2026-03-15,2026-03-01,Riyadh,RIY,Health Services,Mobile App,Citizen,25-34,5,5,10,1,Yes,Positive,The Nafath login worked first time.,أنهيت المعاملة عبر الجوال خلال دقيقتين.
CS-02614,2026-02-16,2026-02-01,Makkah,MAK,Social Support & Subsidies,Web Portal,Citizen,25-34,4,3,7,1,Yes,Positive,Finished it on my phone in two minutes.,أسهل بكثير من زيارة الفرع.
CS-02615,2026-03-15,2026-03-01,Eastern Province,EAS,Identity & Civil Affairs,Web Portal,Citizen,35-44,4,5,9,1,Yes,Positive,Finished it on my phone in two minutes.,أسهل بكثير من زيارة الفرع.
CS-02616,2026-04-18,2026-04-01,Madinah,MAD,Education & Training,Web Portal,Citizen,25-34,3,3,7,1,Maybe,Neutral,"Fine, though I had to call to confirm.",مقبولة لكن اضطررت للاتصال للتأكيد.
CS-02617,2026-02-01,2026-02-01,Al-Jouf,JOF,Municipal Services,Mobile App,Resident,25-34,4,4,8,1,Yes,Positive,Much easier than going to the branch.,أسهل بكثير من زيارة الفرع.
CS-02618,2026-01-28,2026-01-01,Makkah,MAK,Traffic & Transport,Mobile App,Resident,25-34,4,3,6,1,Yes,Positive,The Nafath login worked first time.,الخطوات واضحة والتأكيد فوري.
CS-02619,2026-05-28,2026-05-01,Makkah,MAK,Traffic & Transport,Mobile App,Resident,55-64,4,4,8,1,Yes,Positive,Much easier than going to the branch.,أنهيت المعاملة عبر الجوال خلال دقيقتين.
CS-02620,2026-04-25,2026-04-01,Eastern Province,EAS,Traffic & Transport,Branch,Resident,45-54,5,5,9,1,Yes,Positive,Finished it on my phone in two minutes.,الخطوات واضحة والتأكيد فوري.
CS-02621,2026-03-09,2026-03-01,Jazan,JZN,Traffic & Transport,Branch,Resident,25-34,4,5,9,1,Yes,Positive,The Nafath login worked first time.,الخطوات واضحة والتأكيد فوري.
CS-02622,2026-05-05,2026-05-01,Madinah,MAD,Identity & Civil Affairs,Call Center,Citizen,35-44,3,4,4,0,Maybe,Neutral,Acceptable but the receipt was hard to find.,مقبولة لكن اضطررت للاتصال للتأكيد.
CS-02623,2026-03-20,2026-03-01,Makkah,MAK,Education & Training,Mobile App,Resident,25-34,4,3,10,1,Yes,Positive,Clear steps and instant confirmation.,الخطوات واضحة والتأكيد فوري.
CS-02624,2026-03-05,2026-03-01,Madinah,MAD,Social Support & Subsidies,Web Portal,Resident,35-44,4,3,9,0,Yes,Positive,Finished it on my phone in two minutes.,الخطوات واضحة والتأكيد فوري.
CS-02625,2026-02-20,2026-02-01,Makkah,MAK,Identity & Civil Affairs,Web Portal,Citizen,55-64,5,5,10,1,Yes,Positive,Clear steps and instant confirmation.,تسجيل الدخول عبر نفاذ عمل من أول مرة.
CS-02626,2026-05-21,2026-05-01,Riyadh,RIY,Education & Training,Call Center,Citizen,45-54,2,3,6,0,No,Negative,Waited 40 minutes and the counter closed.,فشل التحقق ثلاث مرات فاضطررت للتوقف.
CS-02627,2026-05-06,2026-05-01,Makkah,MAK,Social Support & Subsidies,Mobile App,Citizen,45-54,3,2,4,0,Maybe,Neutral,Acceptable but the receipt was hard to find.,مقبولة لكن اضطررت للاتصال للتأكيد.
CS-02628,2026-01-26,2026-01-01,Makkah,MAK,Social Support & Subsidies,Mobile App,Citizen,55-64,5,5,10,1,Yes,Positive,The Nafath login worked first time.,تسجيل الدخول عبر نفاذ عمل من أول مرة.
CS-02629,2026-02-28,2026-02-01,Riyadh,RIY,Business & Licensing,Mobile App,Resident,55-64,5,5,10,1,Yes,Positive,"No paperwork needed, very good service.",تسجيل الدخول عبر نفاذ عمل من أول مرة.
CS-02630,2026-06-25,2026-06-01,Riyadh,RIY,Health Services,Call Center,Citizen,18-24,3,2,6,1,Maybe,Neutral,"Fine, though I had to call to confirm.",استغرقت وقتاً أطول مما توقعت.
CS-02631,2026-02-07,2026-02-01,Makkah,MAK,Labour & HR Services,Mobile App,Citizen,65+,3,2,4,0,Maybe,Neutral,Acceptable but the receipt was hard to find.,استغرقت وقتاً أطول مما توقعت.
CS-02632,2026-02-08,2026-02-01,Tabuk,TBK,Municipal Services,Mobile App,Citizen,35-44,4,5,8,1,Yes,Positive,Clear steps and instant confirmation.,أنهيت المعاملة عبر الجوال خلال دقيقتين.
CS-02633,2026-06-18,2026-06-01,Makkah,MAK,Municipal Services,Mobile App,Citizen,25-34,3,2,5,0,Maybe,Neutral,It worked but the wording was confusing.,مقبولة لكن اضطررت للاتصال للتأكيد.
CS-02634,2026-03-05,2026-03-01,Riyadh,RIY,Education & Training,Web Portal,Citizen,25-34,4,5,8,1,Yes,Positive,Finished it on my phone in two minutes.,الخطوات واضحة والتأكيد فوري.
CS-02635,2026-05-17,2026-05-01,Madinah,MAD,Municipal Services,Web Portal,Citizen,25-34,5,5,9,1,Yes,Positive,Finished it on my phone in two minutes.,الخطوات واضحة والتأكيد فوري.
CS-02636,2026-06-12,2026-06-01,Riyadh,RIY,Traffic & Transport,Mobile App,Citizen,18-24,5,5,10,1,Yes,Positive,Clear steps and instant confirmation.,أسهل بكثير من زيارة الفرع.
CS-02637,2026-01-25,2026-01-01,Makkah,MAK,Health Services,Mobile App,Citizen,55-64,5,5,10,1,Yes,Positive,Finished it on my phone in two minutes.,الخطوات واضحة والتأكيد فوري.
CS-02638,2026-02-06,2026-02-01,Eastern Province,EAS,Traffic & Transport,Web Portal,Citizen,18-24,5,4,10,1,Yes,Positive,Clear steps and instant confirmation.,أنهيت المعاملة عبر الجوال خلال دقيقتين.
CS-02639,2026-03-27,2026-03-01,Jazan,JZN,Education & Training,Branch,Citizen,18-24,4,4,9,1,Yes,Positive,Clear steps and instant confirmation.,أسهل بكثير من زيارة الفرع.
CS-02640,2026-06-14,2026-06-01,Riyadh,RIY,Social Support & Subsidies,Call Center,Citizen,25-34,4,5,8,0,Yes,Positive,Much easier than going to the branch.,الخطوات واضحة والتأكيد فوري.
CS-02641,2026-06-07,2026-06-01,Tabuk,TBK,Education & Training,Mobile App,Citizen,35-44,5,5,8,0,Yes,Positive,Clear steps and instant confirmation.,الخطوات واضحة والتأكيد فوري.
CS-02642,2026-06-20,2026-06-01,Riyadh,RIY,Social Support & Subsidies,Mobile App,Citizen,18-24,5,5,9,1,Yes,Positive,"No paperwork needed, very good service.",أنهيت المعاملة عبر الجوال خلال دقيقتين.
CS-02643,2026-04-10,2026-04-01,Qassim,QSM,Labour & HR Services,Mobile App,Business,25-34,4,3,7,1,Yes,Positive,The Nafath login worked first time.,تسجيل الدخول عبر نفاذ عمل من أول مرة.
CS-02644,2026-04-20,2026-04-01,Asir,ASR,Health Services,Web Portal,Citizen,65+,5,5,10,1,Yes,Positive,Clear steps and instant confirmation.,تسجيل الدخول عبر نفاذ عمل من أول مرة.
CS-02645,2026-06-05,2026-06-01,Makkah,MAK,Health Services,Mobile App,Citizen,35-44,3,2,4,0,Maybe,Neutral,"Fine, though I had to call to confirm.",مقبولة لكن اضطررت للاتصال للتأكيد.
CS-02646,2026-02-26,2026-02-01,Riyadh,RIY,Health Services,Call Center,Business,25-34,4,4,7,1,Yes,Positive,The Nafath login worked first time.,الخطوات واضحة والتأكيد فوري.
CS-02647,2026-06-27,2026-06-01,Madinah,MAD,Labour & HR Services,Web Portal,Citizen,45-54,5,5,9,1,Yes,Positive,The Nafath login worked first time.,أسهل بكثير من زيارة الفرع.
CS-02648,2026-05-01,2026-05-01,Hail,HAL,Education & Training,Branch,Business,18-24,4,5,6,1,Yes,Positive,"No paperwork needed, very good service.",الخطوات واضحة والتأكيد فوري.
CS-02649,2026-05-06,2026-05-01,Asir,ASR,Identity & Civil Affairs,Mobile App,Citizen,18-24,5,5,8,1,Yes,Positive,"No paperwork needed, very good service.",الخطوات واضحة والتأكيد فوري.
CS-02650,2026-01-09,2026-01-01,Riyadh,RIY,Identity & Civil Affairs,Mobile App,Resident,35-44,5,5,8,1,Yes,Positive,"No paperwork needed, very good service.",أنهيت المعاملة عبر الجوال خلال دقيقتين.
CS-02651,2026-05-23,2026-05-01,Eastern Province,EAS,Municipal Services,Branch,Citizen,18-24,4,3,6,1,Yes,Positive,Much easier than going to the branch.,الخطوات واضحة والتأكيد فوري.
CS-02652,2026-03-16,2026-03-01,Riyadh,RIY,Identity & Civil Affairs,Web Portal,Business,35-44,3,4,5,1,Maybe,Neutral,It worked but the wording was confusing.,تمت الخدمة لكن الصياغة غير واضحة.
CS-02653,2026-03-21,2026-03-01,Jazan,JZN,Education & Training,Branch,Citizen,35-44,4,4,7,0,Yes,Positive,Clear steps and instant confirmation.,تسجيل الدخول عبر نفاذ عمل من أول مرة.
CS-02654,2026-04-20,2026-04-01,Madinah,MAD,Identity & Civil Affairs,Branch,Resident,25-34,4,5,6,1,Yes,Positive,The Nafath login worked first time.,أسهل بكثير من زيارة الفرع.
CS-02655,2026-02-21,2026-02-01,Jazan,JZN,Education & Training,Mobile App,Citizen,18-24,5,5,10,1,Yes,Positive,Finished it on my phone in two minutes.,تسجيل الدخول عبر نفاذ عمل من أول مرة.
CS-02656,2026-04-21,2026-04-01,Al-Jouf,JOF,Labour & HR Services,Branch,Resident,18-24,3,3,8,0,Maybe,Neutral,"Fine, though I had to call to confirm.",مقبولة لكن اضطررت للاتصال للتأكيد.
CS-02657,2026-05-13,2026-05-01,Makkah,MAK,Municipal Services,Branch,Citizen,25-34,3,4,7,0,Maybe,Neutral,Took longer than I expected.,استغرقت وقتاً أطول مما توقعت.
CS-02658,2026-02-27,2026-02-01,Al-Jouf,JOF,Traffic & Transport,Mobile App,Citizen,35-44,5,4,10,0,Yes,Positive,The Nafath login worked first time.,أنهيت المعاملة عبر الجوال خلال دقيقتين.
CS-02659,2026-04-09,2026-04-01,Riyadh,RIY,Business & Licensing,Branch,Citizen,35-44,3,3,7,1,Maybe,Neutral,"Fine, though I had to call to confirm.",تمت الخدمة لكن الصياغة غير واضحة.
CS-02660,2026-01-04,2026-01-01,Makkah,MAK,Justice & Notary,Mobile App,Resident,35-44,4,5,10,1,Yes,Positive,Much easier than going to the branch.,الخطوات واضحة والتأكيد فوري.
CS-02661,2026-03-06,2026-03-01,Qassim,QSM,Identity & Civil Affairs,Mobile App,Citizen,35-44,4,3,9,1,Yes,Positive,Clear steps and instant confirmation.,تسجيل الدخول عبر نفاذ عمل من أول مرة.
CS-02662,2026-02-07,2026-02-01,Riyadh,RIY,Municipal Services,Mobile App,Citizen,25-34,4,3,6,1,Yes,Positive,Clear steps and instant confirmation.,أسهل بكثير من زيارة الفرع.
CS-02663,2026-02-23,2026-02-01,Makkah,MAK,Identity & Civil Affairs,Call Center,Citizen,25-34,5,5,10,1,Yes,Positive,"No paperwork needed, very good service.",أسهل بكثير من زيارة الفرع.
CS-02664,2026-01-21,2026-01-01,Makkah,MAK,Identity & Civil Affairs,Mobile App,Citizen,25-34,3,2,7,0,Maybe,Neutral,It worked but the wording was confusing.,مقبولة لكن اضطررت للاتصال للتأكيد.
CS-02665,2026-04-12,2026-04-01,Eastern Province,EAS,Municipal Services,Branch,Citizen,25-34,4,5,7,1,Yes,Positive,Much easier than going to the branch.,الخطوات واضحة والتأكيد فوري.
CS-02666,2026-05-28,2026-05-01,Madinah,MAD,Identity & Civil Affairs,Branch,Citizen,25-34,3,4,8,1,Maybe,Neutral,"Fine, though I had to call to confirm.",استغرقت وقتاً أطول مما توقعت.
CS-02667,2026-06-19,2026-06-01,Qassim,QSM,Traffic & Transport,Mobile App,Resident,45-54,2,1,6,0,No,Negative,The document upload kept rejecting my file.,اضطررت لزيارة الفرع رغم ذلك.
CS-02668,2026-04-20,2026-04-01,Madinah,MAD,Health Services,Web Portal,Resident,35-44,5,5,8,1,Yes,Positive,Clear steps and instant confirmation.,أنهيت المعاملة عبر الجوال خلال دقيقتين.
CS-02669,2026-04-04,2026-04-01,Eastern Province,EAS,Labour & HR Services,Mobile App,Citizen,25-34,5,5,10,1,Yes,Positive,Finished it on my phone in two minutes.,الخطوات واضحة والتأكيد فوري.
CS-02670,2026-03-15,2026-03-01,Makkah,MAK,Education & Training,Call Center,Resident,25-34,4,4,6,1,Yes,Positive,The Nafath login worked first time.,تسجيل الدخول عبر نفاذ عمل من أول مرة.
CS-02671,2026-03-02,2026-03-01,Jazan,JZN,Education & Training,Branch,Resident,35-44,2,1,3,0,No,Negative,The authentication failed three times and I gave up.,انتظرت أربعين دقيقة ثم أُغلق الشباك.
CS-02672,2026-01-02,2026-01-01,Madinah,MAD,Justice & Notary,Call Center,Citizen,35-44,4,5,9,1,Yes,Positive,"No paperwork needed, very good service.",أنهيت المعاملة عبر الجوال خلال دقيقتين.
CS-02673,2026-06-06,2026-06-01,Eastern Province,EAS,Business & Licensing,Mobile App,Citizen,35-44,4,4,10,1,Yes,Positive,The Nafath login worked first time.,أسهل بكثير من زيارة الفرع.
CS-02674,2026-05-11,2026-05-01,Riyadh,RIY,Education & Training,Web Portal,Citizen,18-24,5,4,10,1,Yes,Positive,Clear steps and instant confirmation.,أسهل بكثير من زيارة الفرع.
CS-02675,2026-02-15,2026-02-01,Riyadh,RIY,Health Services,Branch,Citizen,18-24,4,5,7,1,Yes,Positive,Clear steps and instant confirmation.,تسجيل الدخول عبر نفاذ عمل من أول مرة.
CS-02676,2026-03-09,2026-03-01,Asir,ASR,Social Support & Subsidies,Mobile App,Business,18-24,4,3,9,1,Yes,Positive,Finished it on my phone in two minutes.,الخطوات واضحة والتأكيد فوري.
CS-02677,2026-06-20,2026-06-01,Madinah,MAD,Identity & Civil Affairs,Branch,Resident,25-34,4,3,7,1,Yes,Positive,Finished it on my phone in two minutes.,أنهيت المعاملة عبر الجوال خلال دقيقتين.
CS-02678,2026-05-21,2026-05-01,Makkah,MAK,Traffic & Transport,Web Portal,Resident,25-34,3,3,6,0,Maybe,Neutral,Acceptable but the receipt was hard to find.,مقبولة لكن اضطررت للاتصال للتأكيد.
CS-02679,2026-04-02,2026-04-01,Riyadh,RIY,Education & Training,Call Center,Citizen,25-34,3,3,7,0,Maybe,Neutral,Took longer than I expected.,استغرقت وقتاً أطول مما توقعت.
CS-02680,2026-03-09,2026-03-01,Tabuk,TBK,Business & Licensing,Branch,Citizen,35-44,4,4,8,1,Yes,Positive,Finished it on my phone in two minutes.,أنهيت المعاملة عبر الجوال خلال دقيقتين.
CS-02681,2026-03-07,2026-03-01,Makkah,MAK,Labour & HR Services,Mobile App,Business,18-24,5,4,8,1,Yes,Positive,Finished it on my phone in two minutes.,الخطوات واضحة والتأكيد فوري.
CS-02682,2026-04-12,2026-04-01,Riyadh,RIY,Labour & HR Services,Branch,Citizen,25-34,5,4,10,1,Yes,Positive,Clear steps and instant confirmation.,أنهيت المعاملة عبر الجوال خلال دقيقتين.
CS-02683,2026-06-14,2026-06-01,Makkah,MAK,Business & Licensing,Mobile App,Business,65+,4,3,7,1,Yes,Positive,Much easier than going to the branch.,أنهيت المعاملة عبر الجوال خلال دقيقتين.
CS-02684,2026-03-15,2026-03-01,Eastern Province,EAS,Health Services,Mobile App,Business,25-34,5,5,10,0,Yes,Positive,Much easier than going to the branch.,أسهل بكثير من زيارة الفرع.
CS-02685,2026-02-10,2026-02-01,Makkah,MAK,Identity & Civil Affairs,Call Center,Citizen,35-44,4,4,10,0,Yes,Positive,The Nafath login worked first time.,الخطوات واضحة والتأكيد فوري.
CS-02686,2026-05-11,2026-05-01,Riyadh,RIY,Traffic & Transport,Branch,Citizen,25-34,4,4,9,1,Yes,Positive,The Nafath login worked first time.,تسجيل الدخول عبر نفاذ عمل من أول مرة.
CS-02687,2026-06-19,2026-06-01,Makkah,MAK,Identity & Civil Affairs,Web Portal,Resident,18-24,4,4,8,0,Yes,Positive,"No paperwork needed, very good service.",أسهل بكثير من زيارة الفرع.
CS-02688,2026-04-12,2026-04-01,Jazan,JZN,Education & Training,Call Center,Resident,25-34,5,5,10,1,Yes,Positive,The Nafath login worked first time.,الخطوات واضحة والتأكيد فوري.
CS-02689,2026-04-18,2026-04-01,Eastern Province,EAS,Health Services,Web Portal,Citizen,35-44,3,4,4,1,Maybe,Neutral,It worked but the wording was confusing.,استغرقت وقتاً أطول مما توقعت.
CS-02690,2026-05-06,2026-05-01,Makkah,MAK,Labour & HR Services,Web Portal,Citizen,25-34,5,4,10,1,Yes,Positive,Much easier than going to the branch.,الخطوات واضحة والتأكيد فوري.
CS-02691,2026-02-13,2026-02-01,Asir,ASR,Municipal Services,Call Center,Resident,35-44,5,5,10,1,Yes,Positive,Much easier than going to the branch.,أنهيت المعاملة عبر الجوال خلال دقيقتين.
CS-02692,2026-04-27,2026-04-01,Jazan,JZN,Health Services,Mobile App,Citizen,18-24,5,5,8,1,Yes,Positive,The Nafath login worked first time.,أنهيت المعاملة عبر الجوال خلال دقيقتين.
CS-02693,2026-05-28,2026-05-01,Makkah,MAK,Justice & Notary,Web Portal,Resident,35-44,4,3,7,1,Yes,Positive,Finished it on my phone in two minutes.,تسجيل الدخول عبر نفاذ عمل من أول مرة.
CS-02694,2026-05-04,2026-05-01,Al-Baha,BAH,Education & Training,Web Portal,Citizen,25-34,5,5,9,1,Yes,Positive,Clear steps and instant confirmation.,أسهل بكثير من زيارة الفرع.
CS-02695,2026-04-04,2026-04-01,Makkah,MAK,Traffic & Transport,Branch,Citizen,25-34,2,3,4,0,No,Negative,I had to visit the branch anyway.,رفع المستند يُرفض باستمرار.
CS-02696,2026-02-28,2026-02-01,Makkah,MAK,Labour & HR Services,Web Portal,Citizen,35-44,5,4,10,1,Yes,Positive,"No paperwork needed, very good service.",الخطوات واضحة والتأكيد فوري.
CS-02697,2026-01-24,2026-01-01,Madinah,MAD,Education & Training,Web Portal,Resident,25-34,4,3,8,1,Yes,Positive,"No paperwork needed, very good service.",تسجيل الدخول عبر نفاذ عمل من أول مرة.
CS-02698,2026-04-10,2026-04-01,Riyadh,RIY,Business & Licensing,Branch,Business,25-34,3,4,7,1,Maybe,Neutral,It worked but the wording was confusing.,مقبولة لكن اضطررت للاتصال للتأكيد.
CS-02699,2026-05-09,2026-05-01,Riyadh,RIY,Labour & HR Services,Call Center,Citizen,18-24,3,3,4,1,Maybe,Neutral,"Fine, though I had to call to confirm.",استغرقت وقتاً أطول مما توقعت.
CS-02700,2026-06-06,2026-06-01,Riyadh,RIY,Business & Licensing,Mobile App,Citizen,45-54,3,2,6,0,Maybe,Neutral,It worked but the wording was confusing.,استغرقت وقتاً أطول مما توقعت.
CS-02701,2026-02-27,2026-02-01,Riyadh,RIY,Traffic & Transport,Call Center,Citizen,18-24,4,4,7,1,Yes,Positive,Much easier than going to the branch.,تسجيل الدخول عبر نفاذ عمل من أول مرة.
CS-02702,2026-04-16,2026-04-01,Asir,ASR,Municipal Services,Mobile App,Citizen,35-44,5,4,8,1,Yes,Positive,Much easier than going to the branch.,أنهيت المعاملة عبر الجوال خلال دقيقتين.
CS-02703,2026-05-28,2026-05-01,Asir,ASR,Municipal Services,Call Center,Citizen,18-24,4,5,10,1,Yes,Positive,"No paperwork needed, very good service.",تسجيل الدخول عبر نفاذ عمل من أول مرة.
CS-02704,2026-01-01,2026-01-01,Makkah,MAK,Health Services,Mobile App,Citizen,45-54,5,4,10,1,Yes,Positive,The Nafath login worked first time.,أسهل بكثير من زيارة الفرع.
CS-02705,2026-02-24,2026-02-01,Qassim,QSM,Municipal Services,Call Center,Citizen,35-44,3,4,5,1,Maybe,Neutral,Took longer than I expected.,مقبولة لكن اضطررت للاتصال للتأكيد.
CS-02706,2026-04-05,2026-04-01,Al-Baha,BAH,Traffic & Transport,Web Portal,Citizen,45-54,4,5,6,1,Yes,Positive,"No paperwork needed, very good service.",أنهيت المعاملة عبر الجوال خلال دقيقتين.
CS-02707,2026-06-02,2026-06-01,Makkah,MAK,Education & Training,Web Portal,Citizen,18-24,3,2,6,1,Maybe,Neutral,Acceptable but the receipt was hard to find.,مقبولة لكن اضطررت للاتصال للتأكيد.
CS-02708,2026-03-03,2026-03-01,Riyadh,RIY,Health Services,Call Center,Citizen,35-44,5,5,8,1,Yes,Positive,Finished it on my phone in two minutes.,أسهل بكثير من زيارة الفرع.
CS-02709,2026-01-05,2026-01-01,Makkah,MAK,Social Support & Subsidies,Call Center,Resident,35-44,3,3,7,1,Maybe,Neutral,"Fine, though I had to call to confirm.",استغرقت وقتاً أطول مما توقعت.
CS-02710,2026-02-22,2026-02-01,Eastern Province,EAS,Social Support & Subsidies,Call Center,Resident,45-54,3,2,8,0,Maybe,Neutral,Took longer than I expected.,مقبولة لكن اضطررت للاتصال للتأكيد.
CS-02711,2026-03-20,2026-03-01,Jazan,JZN,Health Services,Call Center,Resident,45-54,4,5,6,1,Yes,Positive,The Nafath login worked first time.,الخطوات واضحة والتأكيد فوري.
CS-02712,2026-04-19,2026-04-01,Makkah,MAK,Business & Licensing,Branch,Citizen,65+,3,2,4,1,Maybe,Neutral,"Fine, though I had to call to confirm.",مقبولة لكن اضطررت للاتصال للتأكيد.
CS-02713,2026-02-05,2026-02-01,Riyadh,RIY,Municipal Services,Call Center,Citizen,25-34,5,5,10,1,Yes,Positive,Finished it on my phone in two minutes.,أنهيت المعاملة عبر الجوال خلال دقيقتين.
CS-02714,2026-04-18,2026-04-01,Riyadh,RIY,Health Services,Call Center,Citizen,25-34,5,5,10,1,Yes,Positive,The Nafath login worked first time.,أنهيت المعاملة عبر الجوال خلال دقيقتين.
CS-02715,2026-06-24,2026-06-01,Makkah,MAK,Municipal Services,Mobile App,Citizen,45-54,4,4,6,1,Yes,Positive,Much easier than going to the branch.,الخطوات واضحة والتأكيد فوري.
CS-02716,2026-03-03,2026-03-01,Riyadh,RIY,Identity & Civil Affairs,Branch,Citizen,55-64,4,5,8,1,Yes,Positive,The Nafath login worked first time.,تسجيل الدخول عبر نفاذ عمل من أول مرة.
CS-02717,2026-04-02,2026-04-01,Qassim,QSM,Municipal Services,Web Portal,Citizen,45-54,4,3,8,1,Yes,Positive,Much easier than going to the branch.,أنهيت المعاملة عبر الجوال خلال دقيقتين.
CS-02718,2026-03-16,2026-03-01,Riyadh,RIY,Labour & HR Services,Web Portal,Citizen,35-44,5,5,10,1,Yes,Positive,Clear steps and instant confirmation.,تسجيل الدخول عبر نفاذ عمل من أول مرة.
CS-02719,2026-03-10,2026-03-01,Riyadh,RIY,Traffic & Transport,Web Portal,Citizen,25-34,5,4,9,1,Yes,Positive,The Nafath login worked first time.,الخطوات واضحة والتأكيد فوري.
CS-02720,2026-02-18,2026-02-01,Riyadh,RIY,Labour & HR Services,Branch,Resident,35-44,4,4,7,1,Yes,Positive,"No paperwork needed, very good service.",أنهيت المعاملة عبر الجوال خلال دقيقتين.
CS-02721,2026-06-09,2026-06-01,Makkah,MAK,Labour & HR Services,Mobile App,Citizen,35-44,5,4,9,1,Yes,Positive,Much easier than going to the branch.,أسهل بكثير من زيارة الفرع.
CS-02722,2026-02-18,2026-02-01,Asir,ASR,Business & Licensing,Call Center,Citizen,45-54,2,1,5,1,No,Negative,The authentication failed three times and I gave up.,انتظرت أربعين دقيقة ثم أُغلق الشباك.
CS-02723,2026-03-18,2026-03-01,Najran,NJR,Identity & Civil Affairs,Branch,Citizen,25-34,4,4,9,1,Yes,Positive,The Nafath login worked first time.,أسهل بكثير من زيارة الفرع.
CS-02724,2026-06-16,2026-06-01,Makkah,MAK,Health Services,Mobile App,Citizen,25-34,5,5,10,1,Yes,Positive,Finished it on my phone in two minutes.,أنهيت المعاملة عبر الجوال خلال دقيقتين.
CS-02725,2026-01-09,2026-01-01,Asir,ASR,Health Services,Branch,Citizen,35-44,3,2,5,1,Maybe,Neutral,"Fine, though I had to call to confirm.",مقبولة لكن اضطررت للاتصال للتأكيد.
CS-02726,2026-06-09,2026-06-01,Makkah,MAK,Labour & HR Services,Branch,Citizen,25-34,4,5,6,1,Yes,Positive,The Nafath login worked first time.,تسجيل الدخول عبر نفاذ عمل من أول مرة.
CS-02727,2026-01-04,2026-01-01,Makkah,MAK,Social Support & Subsidies,Mobile App,Citizen,35-44,3,3,4,0,Maybe,Neutral,Took longer than I expected.,تمت الخدمة لكن الصياغة غير واضحة.
CS-02728,2026-06-07,2026-06-01,Asir,ASR,Business & Licensing,Mobile App,Citizen,18-24,4,5,9,1,Yes,Positive,Clear steps and instant confirmation.,أسهل بكثير من زيارة الفرع.
CS-02729,2026-03-17,2026-03-01,Riyadh,RIY,Traffic & Transport,Call Center,Citizen,35-44,5,5,10,1,Yes,Positive,The Nafath login worked first time.,أسهل بكثير من زيارة الفرع.
CS-02730,2026-03-16,2026-03-01,Madinah,MAD,Traffic & Transport,Mobile App,Citizen,55-64,4,5,6,1,Yes,Positive,Much easier than going to the branch.,أنهيت المعاملة عبر الجوال خلال دقيقتين.
CS-02731,2026-02-25,2026-02-01,Riyadh,RIY,Education & Training,Mobile App,Citizen,45-54,5,5,10,1,Yes,Positive,Clear steps and instant confirmation.,أنهيت المعاملة عبر الجوال خلال دقيقتين.
CS-02732,2026-05-27,2026-05-01,Eastern Province,EAS,Labour & HR Services,Call Center,Citizen,35-44,5,4,10,1,Yes,Positive,Much easier than going to the branch.,الخطوات واضحة والتأكيد فوري.
CS-02733,2026-04-01,2026-04-01,Riyadh,RIY,Labour & HR Services,Mobile App,Citizen,18-24,4,5,10,1,Yes,Positive,Clear steps and instant confirmation.,الخطوات واضحة والتأكيد فوري.
CS-02734,2026-03-03,2026-03-01,Eastern Province,EAS,Municipal Services,Mobile App,Resident,35-44,4,4,8,1,Yes,Positive,Clear steps and instant confirmation.,أسهل بكثير من زيارة الفرع.
CS-02735,2026-03-27,2026-03-01,Makkah,MAK,Municipal Services,Mobile App,Resident,45-54,3,4,6,1,Maybe,Neutral,It worked but the wording was confusing.,تمت الخدمة لكن الصياغة غير واضحة.
CS-02736,2026-03-28,2026-03-01,Riyadh,RIY,Traffic & Transport,Mobile App,Citizen,45-54,4,5,6,1,Yes,Positive,Much easier than going to the branch.,الخطوات واضحة والتأكيد فوري.
CS-02737,2026-06-11,2026-06-01,Madinah,MAD,Health Services,Mobile App,Citizen,45-54,4,3,9,1,Yes,Positive,Much easier than going to the branch.,أنهيت المعاملة عبر الجوال خلال دقيقتين.
CS-02738,2026-06-09,2026-06-01,Qassim,QSM,Labour & HR Services,Mobile App,Citizen,25-34,4,4,6,1,Yes,Positive,The Nafath login worked first time.,الخطوات واضحة والتأكيد فوري.
CS-02739,2026-06-01,2026-06-01,Najran,NJR,Labour & HR Services,Call Center,Resident,35-44,4,4,8,1,Yes,Positive,"No paperwork needed, very good service.",أنهيت المعاملة عبر الجوال خلال دقيقتين.
CS-02740,2026-04-05,2026-04-01,Riyadh,RIY,Education & Training,Mobile App,Citizen,18-24,4,5,9,1,Yes,Positive,"No paperwork needed, very good service.",تسجيل الدخول عبر نفاذ عمل من أول مرة.
CS-02741,2026-06-05,2026-06-01,Riyadh,RIY,Health Services,Web Portal,Business,45-54,4,4,10,1,Yes,Positive,Finished it on my phone in two minutes.,أسهل بكثير من زيارة الفرع.
CS-02742,2026-03-18,2026-03-01,Tabuk,TBK,Identity & Civil Affairs,Branch,Citizen,65+,5,5,10,1,Yes,Positive,Much easier than going to the branch.,أنهيت المعاملة عبر الجوال خلال دقيقتين.
CS-02743,2026-02-18,2026-02-01,Riyadh,RIY,Identity & Civil Affairs,Mobile App,Resident,18-24,5,5,8,0,Yes,Positive,"No paperwork needed, very good service.",أنهيت المعاملة عبر الجوال خلال دقيقتين.
CS-02744,2026-04-16,2026-04-01,Riyadh,RIY,Labour & HR Services,Call Center,Business,25-34,5,4,9,1,Yes,Positive,Clear steps and instant confirmation.,الخطوات واضحة والتأكيد فوري.
CS-02745,2026-03-24,2026-03-01,Eastern Province,EAS,Traffic & Transport,Mobile App,Citizen,45-54,4,5,7,1,Yes,Positive,Clear steps and instant confirmation.,تسجيل الدخول عبر نفاذ عمل من أول مرة.
CS-02746,2026-01-13,2026-01-01,Makkah,MAK,Health Services,Mobile App,Citizen,45-54,4,5,6,1,Yes,Positive,Much easier than going to the branch.,تسجيل الدخول عبر نفاذ عمل من أول مرة.
CS-02747,2026-04-24,2026-04-01,Hail,HAL,Labour & HR Services,Branch,Business,25-34,2,2,6,0,No,Negative,The document upload kept rejecting my file.,انتظرت أربعين دقيقة ثم أُغلق الشباك.
CS-02748,2026-01-08,2026-01-01,Qassim,QSM,Social Support & Subsidies,Web Portal,Citizen,25-34,4,5,9,1,Yes,Positive,Clear steps and instant confirmation.,أنهيت المعاملة عبر الجوال خلال دقيقتين.
CS-02749,2026-03-27,2026-03-01,Makkah,MAK,Justice & Notary,Mobile App,Resident,35-44,5,4,9,1,Yes,Positive,Finished it on my phone in two minutes.,أنهيت المعاملة عبر الجوال خلال دقيقتين.
CS-02750,2026-02-04,2026-02-01,Northern Borders,NBR,Justice & Notary,Mobile App,Citizen,55-64,4,3,6,1,Yes,Positive,Much easier than going to the branch.,الخطوات واضحة والتأكيد فوري.
CS-02751,2026-02-15,2026-02-01,Jazan,JZN,Identity & Civil Affairs,Call Center,Citizen,35-44,4,3,6,1,Yes,Positive,The Nafath login worked first time.,الخطوات واضحة والتأكيد فوري.
CS-02752,2026-05-17,2026-05-01,Madinah,MAD,Health Services,Mobile App,Resident,35-44,5,5,10,0,Yes,Positive,Clear steps and instant confirmation.,أنهيت المعاملة عبر الجوال خلال دقيقتين.
CS-02753,2026-01-27,2026-01-01,Makkah,MAK,Labour & HR Services,Call Center,Citizen,45-54,3,2,6,1,Maybe,Neutral,Took longer than I expected.,تمت الخدمة لكن الصياغة غير واضحة.
CS-02754,2026-03-15,2026-03-01,Makkah,MAK,Traffic & Transport,Web Portal,Resident,18-24,5,5,9,1,Yes,Positive,The Nafath login worked first time.,أسهل بكثير من زيارة الفرع.
CS-02755,2026-05-26,2026-05-01,Riyadh,RIY,Health Services,Mobile App,Citizen,25-34,5,5,8,1,Yes,Positive,Finished it on my phone in two minutes.,أنهيت المعاملة عبر الجوال خلال دقيقتين.
CS-02756,2026-06-07,2026-06-01,Hail,HAL,Health Services,Mobile App,Citizen,18-24,5,4,9,1,Yes,Positive,"No paperwork needed, very good service.",الخطوات واضحة والتأكيد فوري.
CS-02757,2026-02-24,2026-02-01,Riyadh,RIY,Education & Training,Mobile App,Citizen,35-44,5,4,9,1,Yes,Positive,The Nafath login worked first time.,أسهل بكثير من زيارة الفرع.
CS-02758,2026-02-27,2026-02-01,Jazan,JZN,Labour & HR Services,Call Center,Citizen,25-34,4,4,9,1,Yes,Positive,The Nafath login worked first time.,تسجيل الدخول عبر نفاذ عمل من أول مرة.
CS-02759,2026-03-20,2026-03-01,Tabuk,TBK,Social Support & Subsidies,Call Center,Citizen,45-54,3,3,6,0,Maybe,Neutral,Acceptable but the receipt was hard to find.,استغرقت وقتاً أطول مما توقعت.
CS-02760,2026-04-02,2026-04-01,Eastern Province,EAS,Health Services,Mobile App,Citizen,55-64,5,4,10,1,Yes,Positive,Finished it on my phone in two minutes.,الخطوات واضحة والتأكيد فوري.
CS-02761,2026-03-05,2026-03-01,Makkah,MAK,Education & Training,Web Portal,Citizen,18-24,4,3,6,1,Yes,Positive,"No paperwork needed, very good service.",الخطوات واضحة والتأكيد فوري.
CS-02762,2026-04-09,2026-04-01,Makkah,MAK,Health Services,Mobile App,Citizen,25-34,5,5,10,1,Yes,Positive,Finished it on my phone in two minutes.,الخطوات واضحة والتأكيد فوري.
CS-02763,2026-01-06,2026-01-01,Northern Borders,NBR,Identity & Civil Affairs,Web Portal,Citizen,18-24,5,5,10,1,Yes,Positive,"No paperwork needed, very good service.",تسجيل الدخول عبر نفاذ عمل من أول مرة.
CS-02764,2026-04-14,2026-04-01,Hail,HAL,Identity & Civil Affairs,Mobile App,Citizen,55-64,5,5,10,1,Yes,Positive,Clear steps and instant confirmation.,تسجيل الدخول عبر نفاذ عمل من أول مرة.
CS-02765,2026-03-06,2026-03-01,Asir,ASR,Business & Licensing,Mobile App,Citizen,45-54,5,5,10,0,Yes,Positive,"No paperwork needed, very good service.",الخطوات واضحة والتأكيد فوري.
CS-02766,2026-02-20,2026-02-01,Eastern Province,EAS,Health Services,Web Portal,Resident,35-44,3,2,7,1,Maybe,Neutral,It worked but the wording was confusing.,مقبولة لكن اضطررت للاتصال للتأكيد.
CS-02767,2026-04-23,2026-04-01,Makkah,MAK,Municipal Services,Web Portal,Resident,18-24,4,3,6,1,Yes,Positive,"No paperwork needed, very good service.",تسجيل الدخول عبر نفاذ عمل من أول مرة.
CS-02768,2026-06-12,2026-06-01,Makkah,MAK,Municipal Services,Mobile App,Citizen,25-34,4,3,9,1,Yes,Positive,Clear steps and instant confirmation.,أنهيت المعاملة عبر الجوال خلال دقيقتين.
CS-02769,2026-03-19,2026-03-01,Makkah,MAK,Health Services,Call Center,Citizen,55-64,4,4,10,0,Yes,Positive,Clear steps and instant confirmation.,الخطوات واضحة والتأكيد فوري.
CS-02770,2026-05-12,2026-05-01,Asir,ASR,Business & Licensing,Mobile App,Citizen,25-34,3,4,7,0,Maybe,Neutral,"Fine, though I had to call to confirm.",تمت الخدمة لكن الصياغة غير واضحة.
CS-02771,2026-05-02,2026-05-01,Eastern Province,EAS,Traffic & Transport,Mobile App,Citizen,18-24,4,3,7,0,Yes,Positive,The Nafath login worked first time.,تسجيل الدخول عبر نفاذ عمل من أول مرة.
CS-02772,2026-03-18,2026-03-01,Northern Borders,NBR,Health Services,Mobile App,Resident,18-24,4,5,10,0,Yes,Positive,The Nafath login worked first time.,أسهل بكثير من زيارة الفرع.
CS-02773,2026-02-08,2026-02-01,Makkah,MAK,Traffic & Transport,Mobile App,Citizen,18-24,4,5,7,1,Yes,Positive,Clear steps and instant confirmation.,أسهل بكثير من زيارة الفرع.
CS-02774,2026-05-20,2026-05-01,Riyadh,RIY,Identity & Civil Affairs,Call Center,Citizen,35-44,4,4,7,1,Yes,Positive,Clear steps and instant confirmation.,تسجيل الدخول عبر نفاذ عمل من أول مرة.
CS-02775,2026-05-27,2026-05-01,Makkah,MAK,Justice & Notary,Call Center,Resident,45-54,5,5,9,1,Yes,Positive,The Nafath login worked first time.,الخطوات واضحة والتأكيد فوري.
CS-02776,2026-06-24,2026-06-01,Riyadh,RIY,Labour & HR Services,Call Center,Citizen,18-24,3,3,8,0,Maybe,Neutral,Acceptable but the receipt was hard to find.,مقبولة لكن اضطررت للاتصال للتأكيد.
CS-02777,2026-01-28,2026-01-01,Riyadh,RIY,Traffic & Transport,Web Portal,Resident,25-34,4,4,9,1,Yes,Positive,Much easier than going to the branch.,أنهيت المعاملة عبر الجوال خلال دقيقتين.
CS-02778,2026-05-13,2026-05-01,Riyadh,RIY,Health Services,Web Portal,Business,45-54,5,5,9,1,Yes,Positive,"No paperwork needed, very good service.",الخطوات واضحة والتأكيد فوري.
CS-02779,2026-01-17,2026-01-01,Madinah,MAD,Labour & HR Services,Mobile App,Citizen,35-44,5,4,9,1,Yes,Positive,The Nafath login worked first time.,الخطوات واضحة والتأكيد فوري.
CS-02780,2026-04-20,2026-04-01,Tabuk,TBK,Identity & Civil Affairs,Web Portal,Citizen,18-24,3,2,5,0,Maybe,Neutral,It worked but the wording was confusing.,استغرقت وقتاً أطول مما توقعت.
CS-02781,2026-01-06,2026-01-01,Riyadh,RIY,Traffic & Transport,Mobile App,Citizen,25-34,5,4,10,1,Yes,Positive,Clear steps and instant confirmation.,أنهيت المعاملة عبر الجوال خلال دقيقتين.
CS-02782,2026-02-05,2026-02-01,Makkah,MAK,Health Services,Branch,Resident,45-54,4,5,7,1,Yes,Positive,Finished it on my phone in two minutes.,أنهيت المعاملة عبر الجوال خلال دقيقتين.
CS-02783,2026-04-04,2026-04-01,Eastern Province,EAS,Education & Training,Call Center,Citizen,25-34,5,5,10,0,Yes,Positive,Clear steps and instant confirmation.,تسجيل الدخول عبر نفاذ عمل من أول مرة.
CS-02784,2026-04-19,2026-04-01,Makkah,MAK,Traffic & Transport,Mobile App,Citizen,45-54,4,3,6,1,Yes,Positive,The Nafath login worked first time.,الخطوات واضحة والتأكيد فوري.
CS-02785,2026-01-21,2026-01-01,Qassim,QSM,Justice & Notary,Mobile App,Citizen,25-34,4,5,6,0,Yes,Positive,Much easier than going to the branch.,أسهل بكثير من زيارة الفرع.
CS-02786,2026-04-01,2026-04-01,Al-Baha,BAH,Business & Licensing,Branch,Citizen,25-34,4,4,6,1,Yes,Positive,The Nafath login worked first time.,أسهل بكثير من زيارة الفرع.
CS-02787,2026-04-19,2026-04-01,Asir,ASR,Health Services,Mobile App,Citizen,25-34,5,5,8,1,Yes,Positive,Clear steps and instant confirmation.,تسجيل الدخول عبر نفاذ عمل من أول مرة.
CS-02788,2026-04-23,2026-04-01,Madinah,MAD,Health Services,Branch,Citizen,35-44,3,2,7,0,Maybe,Neutral,"Fine, though I had to call to confirm.",مقبولة لكن اضطررت للاتصال للتأكيد.
CS-02789,2026-03-19,2026-03-01,Jazan,JZN,Social Support & Subsidies,Web Portal,Citizen,18-24,5,5,10,1,Yes,Positive,Clear steps and instant confirmation.,الخطوات واضحة والتأكيد فوري.
CS-02790,2026-02-09,2026-02-01,Eastern Province,EAS,Identity & Civil Affairs,Web Portal,Citizen,18-24,4,5,10,1,Yes,Positive,Much easier than going to the branch.,أسهل بكثير من زيارة الفرع.
CS-02791,2026-02-10,2026-02-01,Hail,HAL,Health Services,Mobile App,Citizen,18-24,5,4,10,1,Yes,Positive,Clear steps and instant confirmation.,أسهل بكثير من زيارة الفرع.
CS-02792,2026-06-12,2026-06-01,Makkah,MAK,Health Services,Mobile App,Citizen,45-54,4,4,7,0,Yes,Positive,Much easier than going to the branch.,تسجيل الدخول عبر نفاذ عمل من أول مرة.
CS-02793,2026-02-15,2026-02-01,Riyadh,RIY,Education & Training,Web Portal,Citizen,25-34,5,5,9,1,Yes,Positive,Clear steps and instant confirmation.,تسجيل الدخول عبر نفاذ عمل من أول مرة.
CS-02794,2026-04-09,2026-04-01,Riyadh,RIY,Education & Training,Mobile App,Citizen,35-44,4,3,6,1,Yes,Positive,Finished it on my phone in two minutes.,الخطوات واضحة والتأكيد فوري.
CS-02795,2026-01-28,2026-01-01,Makkah,MAK,Municipal Services,Mobile App,Citizen,45-54,5,5,8,0,Yes,Positive,The Nafath login worked first time.,الخطوات واضحة والتأكيد فوري.
CS-02796,2026-05-13,2026-05-01,Eastern Province,EAS,Labour & HR Services,Web Portal,Resident,55-64,4,4,10,1,Yes,Positive,The Nafath login worked first time.,أسهل بكثير من زيارة الفرع.
CS-02797,2026-02-11,2026-02-01,Madinah,MAD,Education & Training,Call Center,Citizen,35-44,4,3,7,1,Yes,Positive,Clear steps and instant confirmation.,تسجيل الدخول عبر نفاذ عمل من أول مرة.
CS-02798,2026-04-21,2026-04-01,Madinah,MAD,Health Services,Call Center,Resident,45-54,5,5,8,1,Yes,Positive,The Nafath login worked first time.,أنهيت المعاملة عبر الجوال خلال دقيقتين.
CS-02799,2026-05-06,2026-05-01,Madinah,MAD,Social Support & Subsidies,Mobile App,Citizen,65+,4,5,9,1,Yes,Positive,Finished it on my phone in two minutes.,الخطوات واضحة والتأكيد فوري.
CS-02800,2026-02-24,2026-02-01,Riyadh,RIY,Education & Training,Branch,Citizen,18-24,4,3,8,1,Yes,Positive,The Nafath login worked first time.,أسهل بكثير من زيارة الفرع.
CS-02801,2026-06-16,2026-06-01,Riyadh,RIY,Labour & HR Services,Branch,Resident,18-24,4,4,6,0,Yes,Positive,Clear steps and instant confirmation.,الخطوات واضحة والتأكيد فوري.
CS-02802,2026-06-22,2026-06-01,Riyadh,RIY,Traffic & Transport,Call Center,Resident,25-34,5,5,10,1,Yes,Positive,Finished it on my phone in two minutes.,الخطوات واضحة والتأكيد فوري.
CS-02803,2026-05-09,2026-05-01,Hail,HAL,Traffic & Transport,Call Center,Business,25-34,4,3,10,1,Yes,Positive,Finished it on my phone in two minutes.,تسجيل الدخول عبر نفاذ عمل من أول مرة.
CS-02804,2026-05-09,2026-05-01,Hail,HAL,Education & Training,Mobile App,Citizen,45-54,4,4,7,1,Yes,Positive,"No paperwork needed, very good service.",أسهل بكثير من زيارة الفرع.
CS-02805,2026-03-12,2026-03-01,Riyadh,RIY,Business & Licensing,Mobile App,Citizen,55-64,5,5,9,1,Yes,Positive,"No paperwork needed, very good service.",الخطوات واضحة والتأكيد فوري.
CS-02806,2026-05-08,2026-05-01,Makkah,MAK,Business & Licensing,Web Portal,Citizen,45-54,3,4,6,1,Maybe,Neutral,"Fine, though I had to call to confirm.",تمت الخدمة لكن الصياغة غير واضحة.
CS-02807,2026-01-21,2026-01-01,Eastern Province,EAS,Identity & Civil Affairs,Web Portal,Citizen,55-64,4,4,9,0,Yes,Positive,Much easier than going to the branch.,تسجيل الدخول عبر نفاذ عمل من أول مرة.
CS-02808,2026-01-01,2026-01-01,Riyadh,RIY,Justice & Notary,Call Center,Citizen,55-64,4,5,8,0,Yes,Positive,The Nafath login worked first time.,الخطوات واضحة والتأكيد فوري.
CS-02809,2026-03-02,2026-03-01,Najran,NJR,Traffic & Transport,Web Portal,Citizen,35-44,5,4,10,1,Yes,Positive,Finished it on my phone in two minutes.,الخطوات واضحة والتأكيد فوري.
CS-02810,2026-01-02,2026-01-01,Riyadh,RIY,Justice & Notary,Mobile App,Citizen,25-34,5,4,10,0,Yes,Positive,The Nafath login worked first time.,الخطوات واضحة والتأكيد فوري.
CS-02811,2026-02-09,2026-02-01,Hail,HAL,Justice & Notary,Mobile App,Citizen,45-54,5,5,8,1,Yes,Positive,"No paperwork needed, very good service.",تسجيل الدخول عبر نفاذ عمل من أول مرة.
CS-02812,2026-02-02,2026-02-01,Riyadh,RIY,Education & Training,Branch,Resident,25-34,4,3,9,1,Yes,Positive,The Nafath login worked first time.,تسجيل الدخول عبر نفاذ عمل من أول مرة.
CS-02813,2026-03-14,2026-03-01,Madinah,MAD,Municipal Services,Web Portal,Resident,35-44,4,3,7,1,Yes,Positive,Finished it on my phone in two minutes.,أسهل بكثير من زيارة الفرع.
CS-02814,2026-03-23,2026-03-01,Riyadh,RIY,Justice & Notary,Mobile App,Citizen,25-34,5,4,10,1,Yes,Positive,Finished it on my phone in two minutes.,أنهيت المعاملة عبر الجوال خلال دقيقتين.
CS-02815,2026-06-23,2026-06-01,Eastern Province,EAS,Justice & Notary,Mobile App,Resident,25-34,5,4,10,0,Yes,Positive,Finished it on my phone in two minutes.,تسجيل الدخول عبر نفاذ عمل من أول مرة.
CS-02816,2026-05-23,2026-05-01,Makkah,MAK,Education & Training,Call Center,Citizen,25-34,5,4,8,1,Yes,Positive,Finished it on my phone in two minutes.,الخطوات واضحة والتأكيد فوري.
CS-02817,2026-01-19,2026-01-01,Jazan,JZN,Traffic & Transport,Mobile App,Citizen,35-44,4,4,9,1,Yes,Positive,"No paperwork needed, very good service.",أسهل بكثير من زيارة الفرع.
CS-02818,2026-03-04,2026-03-01,Riyadh,RIY,Municipal Services,Mobile App,Citizen,55-64,5,4,10,1,Yes,Positive,The Nafath login worked first time.,أنهيت المعاملة عبر الجوال خلال دقيقتين.
CS-02819,2026-06-15,2026-06-01,Makkah,MAK,Traffic & Transport,Call Center,Citizen,25-34,3,4,4,1,Maybe,Neutral,It worked but the wording was confusing.,مقبولة لكن اضطررت للاتصال للتأكيد.
CS-02820,2026-03-24,2026-03-01,Riyadh,RIY,Justice & Notary,Mobile App,Citizen,35-44,3,2,6,0,Maybe,Neutral,Acceptable but the receipt was hard to find.,استغرقت وقتاً أطول مما توقعت.
CS-02821,2026-05-22,2026-05-01,Makkah,MAK,Social Support & Subsidies,Call Center,Citizen,35-44,4,4,9,1,Yes,Positive,Finished it on my phone in two minutes.,أسهل بكثير من زيارة الفرع.
CS-02822,2026-05-20,2026-05-01,Riyadh,RIY,Traffic & Transport,Mobile App,Business,18-24,5,5,10,0,Yes,Positive,"No paperwork needed, very good service.",أنهيت المعاملة عبر الجوال خلال دقيقتين.
CS-02823,2026-02-02,2026-02-01,Madinah,MAD,Business & Licensing,Web Portal,Business,55-64,5,5,10,1,Yes,Positive,Much easier than going to the branch.,أسهل بكثير من زيارة الفرع.
CS-02824,2026-06-27,2026-06-01,Eastern Province,EAS,Business & Licensing,Mobile App,Citizen,35-44,3,4,8,0,Maybe,Neutral,Took longer than I expected.,تمت الخدمة لكن الصياغة غير واضحة.
CS-02825,2026-04-04,2026-04-01,Eastern Province,EAS,Education & Training,Mobile App,Citizen,35-44,4,3,8,1,Yes,Positive,Clear steps and instant confirmation.,الخطوات واضحة والتأكيد فوري.
CS-02826,2026-06-25,2026-06-01,Eastern Province,EAS,Identity & Civil Affairs,Mobile App,Citizen,35-44,5,5,8,1,Yes,Positive,Finished it on my phone in two minutes.,أسهل بكثير من زيارة الفرع.
CS-02827,2026-03-10,2026-03-01,Madinah,MAD,Education & Training,Mobile App,Citizen,65+,4,3,10,1,Yes,Positive,The Nafath login worked first time.,أنهيت المعاملة عبر الجوال خلال دقيقتين.
CS-02828,2026-06-21,2026-06-01,Riyadh,RIY,Health Services,Web Portal,Business,35-44,4,4,10,1,Yes,Positive,"No paperwork needed, very good service.",أنهيت المعاملة عبر الجوال خلال دقيقتين.
CS-02829,2026-03-13,2026-03-01,Eastern Province,EAS,Health Services,Mobile App,Citizen,35-44,5,5,10,1,Yes,Positive,Clear steps and instant confirmation.,الخطوات واضحة والتأكيد فوري.
CS-02830,2026-02-17,2026-02-01,Makkah,MAK,Labour & HR Services,Call Center,Resident,35-44,4,3,7,1,Yes,Positive,Clear steps and instant confirmation.,تسجيل الدخول عبر نفاذ عمل من أول مرة.
CS-02831,2026-06-08,2026-06-01,Najran,NJR,Business & Licensing,Web Portal,Citizen,65+,2,1,4,1,No,Negative,The document upload kept rejecting my file.,انتظرت أربعين دقيقة ثم أُغلق الشباك.
CS-02832,2026-05-07,2026-05-01,Eastern Province,EAS,Municipal Services,Mobile App,Citizen,25-34,4,4,6,0,Yes,Positive,"No paperwork needed, very good service.",الخطوات واضحة والتأكيد فوري.
CS-02833,2026-01-06,2026-01-01,Qassim,QSM,Labour & HR Services,Call Center,Resident,25-34,4,5,6,1,Yes,Positive,The Nafath login worked first time.,أسهل بكثير من زيارة الفرع.
CS-02834,2026-03-20,2026-03-01,Makkah,MAK,Traffic & Transport,Mobile App,Citizen,55-64,5,5,8,1,Yes,Positive,Much easier than going to the branch.,أنهيت المعاملة عبر الجوال خلال دقيقتين.
CS-02835,2026-05-10,2026-05-01,Makkah,MAK,Municipal Services,Branch,Business,25-34,1,1,3,0,No,Negative,The document upload kept rejecting my file.,فشل التحقق ثلاث مرات فاضطررت للتوقف.
CS-02836,2026-04-24,2026-04-01,Riyadh,RIY,Social Support & Subsidies,Mobile App,Citizen,55-64,4,3,9,0,Yes,Positive,Clear steps and instant confirmation.,أنهيت المعاملة عبر الجوال خلال دقيقتين.
CS-02837,2026-01-05,2026-01-01,Makkah,MAK,Health Services,Mobile App,Citizen,18-24,3,4,8,0,Maybe,Neutral,Acceptable but the receipt was hard to find.,استغرقت وقتاً أطول مما توقعت.
CS-02838,2026-01-09,2026-01-01,Riyadh,RIY,Health Services,Web Portal,Citizen,55-64,5,5,10,1,Yes,Positive,Much easier than going to the branch.,أنهيت المعاملة عبر الجوال خلال دقيقتين.
CS-02839,2026-05-22,2026-05-01,Riyadh,RIY,Business & Licensing,Mobile App,Citizen,45-54,3,3,4,0,Maybe,Neutral,Took longer than I expected.,مقبولة لكن اضطررت للاتصال للتأكيد.
CS-02840,2026-04-14,2026-04-01,Riyadh,RIY,Municipal Services,Call Center,Resident,35-44,3,3,7,0,Maybe,Neutral,It worked but the wording was confusing.,تمت الخدمة لكن الصياغة غير واضحة.
CS-02841,2026-02-03,2026-02-01,Makkah,MAK,Education & Training,Branch,Citizen,18-24,5,4,8,1,Yes,Positive,"No paperwork needed, very good service.",الخطوات واضحة والتأكيد فوري.
CS-02842,2026-03-20,2026-03-01,Riyadh,RIY,Labour & HR Services,Branch,Resident,18-24,3,2,5,1,Maybe,Neutral,Took longer than I expected.,استغرقت وقتاً أطول مما توقعت.
CS-02843,2026-01-03,2026-01-01,Eastern Province,EAS,Health Services,Mobile App,Citizen,18-24,5,4,9,0,Yes,Positive,Clear steps and instant confirmation.,أسهل بكثير من زيارة الفرع.
CS-02844,2026-05-08,2026-05-01,Asir,ASR,Health Services,Web Portal,Business,25-34,3,2,4,0,Maybe,Neutral,Acceptable but the receipt was hard to find.,استغرقت وقتاً أطول مما توقعت.
CS-02845,2026-06-16,2026-06-01,Al-Jouf,JOF,Justice & Notary,Call Center,Citizen,35-44,5,5,8,1,Yes,Positive,"No paperwork needed, very good service.",أسهل بكثير من زيارة الفرع.
CS-02846,2026-03-12,2026-03-01,Makkah,MAK,Business & Licensing,Mobile App,Citizen,25-34,4,5,7,1,Yes,Positive,Clear steps and instant confirmation.,الخطوات واضحة والتأكيد فوري.
CS-02847,2026-03-18,2026-03-01,Makkah,MAK,Identity & Civil Affairs,Branch,Citizen,45-54,4,4,8,1,Yes,Positive,"No paperwork needed, very good service.",أسهل بكثير من زيارة الفرع.
CS-02848,2026-03-01,2026-03-01,Eastern Province,EAS,Health Services,Branch,Citizen,35-44,4,5,8,1,Yes,Positive,Clear steps and instant confirmation.,أسهل بكثير من زيارة الفرع.
CS-02849,2026-02-01,2026-02-01,Qassim,QSM,Health Services,Mobile App,Citizen,45-54,3,4,5,0,Maybe,Neutral,Acceptable but the receipt was hard to find.,مقبولة لكن اضطررت للاتصال للتأكيد.
CS-02850,2026-04-26,2026-04-01,Tabuk,TBK,Identity & Civil Affairs,Call Center,Citizen,18-24,5,5,10,1,Yes,Positive,Finished it on my phone in two minutes.,الخطوات واضحة والتأكيد فوري.
CS-02851,2026-06-20,2026-06-01,Makkah,MAK,Education & Training,Call Center,Citizen,25-34,4,5,10,1,Yes,Positive,"No paperwork needed, very good service.",أسهل بكثير من زيارة الفرع.
CS-02852,2026-06-21,2026-06-01,Eastern Province,EAS,Labour & HR Services,Branch,Citizen,45-54,3,4,6,1,Maybe,Neutral,Acceptable but the receipt was hard to find.,مقبولة لكن اضطررت للاتصال للتأكيد.
CS-02853,2026-01-11,2026-01-01,Riyadh,RIY,Health Services,Branch,Citizen,35-44,4,4,6,1,Yes,Positive,The Nafath login worked first time.,أسهل بكثير من زيارة الفرع.
CS-02854,2026-02-15,2026-02-01,Riyadh,RIY,Municipal Services,Mobile App,Citizen,45-54,4,5,6,0,Yes,Positive,"No paperwork needed, very good service.",تسجيل الدخول عبر نفاذ عمل من أول مرة.
CS-02855,2026-02-11,2026-02-01,Riyadh,RIY,Traffic & Transport,Mobile App,Citizen,25-34,4,5,9,1,Yes,Positive,"No paperwork needed, very good service.",تسجيل الدخول عبر نفاذ عمل من أول مرة.
CS-02856,2026-06-16,2026-06-01,Jazan,JZN,Traffic & Transport,Mobile App,Business,25-34,4,3,6,1,Yes,Positive,The Nafath login worked first time.,تسجيل الدخول عبر نفاذ عمل من أول مرة.
CS-02857,2026-05-02,2026-05-01,Qassim,QSM,Business & Licensing,Mobile App,Resident,45-54,5,5,10,1,Yes,Positive,Much easier than going to the branch.,تسجيل الدخول عبر نفاذ عمل من أول مرة.
CS-02858,2026-01-08,2026-01-01,Asir,ASR,Business & Licensing,Web Portal,Citizen,25-34,4,3,7,1,Yes,Positive,Clear steps and instant confirmation.,الخطوات واضحة والتأكيد فوري.
CS-02859,2026-04-16,2026-04-01,Makkah,MAK,Municipal Services,Branch,Citizen,35-44,4,3,6,1,Yes,Positive,"No paperwork needed, very good service.",أنهيت المعاملة عبر الجوال خلال دقيقتين.
CS-02860,2026-01-04,2026-01-01,Makkah,MAK,Municipal Services,Mobile App,Citizen,18-24,5,4,9,1,Yes,Positive,Much easier than going to the branch.,الخطوات واضحة والتأكيد فوري.
CS-02861,2026-05-03,2026-05-01,Makkah,MAK,Social Support & Subsidies,Mobile App,Citizen,45-54,5,5,10,0,Yes,Positive,The Nafath login worked first time.,الخطوات واضحة والتأكيد فوري.
CS-02862,2026-05-10,2026-05-01,Makkah,MAK,Labour & HR Services,Mobile App,Citizen,18-24,5,4,9,1,Yes,Positive,Much easier than going to the branch.,الخطوات واضحة والتأكيد فوري.
CS-02863,2026-03-21,2026-03-01,Qassim,QSM,Health Services,Web Portal,Citizen,18-24,5,5,8,1,Yes,Positive,"No paperwork needed, very good service.",الخطوات واضحة والتأكيد فوري.
CS-02864,2026-04-25,2026-04-01,Makkah,MAK,Health Services,Branch,Resident,25-34,3,2,8,0,Maybe,Neutral,Took longer than I expected.,مقبولة لكن اضطررت للاتصال للتأكيد.
CS-02865,2026-02-28,2026-02-01,Riyadh,RIY,Municipal Services,Mobile App,Citizen,25-34,3,4,6,0,Maybe,Neutral,Took longer than I expected.,مقبولة لكن اضطررت للاتصال للتأكيد.
CS-02866,2026-05-21,2026-05-01,Madinah,MAD,Labour & HR Services,Branch,Citizen,65+,3,2,5,0,Maybe,Neutral,"Fine, though I had to call to confirm.",تمت الخدمة لكن الصياغة غير واضحة.
CS-02867,2026-02-13,2026-02-01,Riyadh,RIY,Identity & Civil Affairs,Web Portal,Citizen,25-34,5,5,10,1,Yes,Positive,"No paperwork needed, very good service.",أنهيت المعاملة عبر الجوال خلال دقيقتين.
CS-02868,2026-06-27,2026-06-01,Eastern Province,EAS,Labour & HR Services,Call Center,Resident,55-64,4,4,10,1,Yes,Positive,Much easier than going to the branch.,تسجيل الدخول عبر نفاذ عمل من أول مرة.
CS-02869,2026-02-24,2026-02-01,Makkah,MAK,Identity & Civil Affairs,Mobile App,Citizen,35-44,3,3,7,0,Maybe,Neutral,"Fine, though I had to call to confirm.",استغرقت وقتاً أطول مما توقعت.
CS-02870,2026-05-22,2026-05-01,Riyadh,RIY,Business & Licensing,Mobile App,Citizen,45-54,4,4,6,0,Yes,Positive,Finished it on my phone in two minutes.,الخطوات واضحة والتأكيد فوري.
CS-02871,2026-03-02,2026-03-01,Jazan,JZN,Labour & HR Services,Branch,Citizen,45-54,3,3,4,1,Maybe,Neutral,It worked but the wording was confusing.,استغرقت وقتاً أطول مما توقعت.
CS-02872,2026-04-12,2026-04-01,Makkah,MAK,Identity & Civil Affairs,Web Portal,Business,18-24,4,4,7,1,Yes,Positive,Finished it on my phone in two minutes.,أسهل بكثير من زيارة الفرع.
CS-02873,2026-04-17,2026-04-01,Riyadh,RIY,Health Services,Mobile App,Citizen,25-34,5,5,10,1,Yes,Positive,The Nafath login worked first time.,تسجيل الدخول عبر نفاذ عمل من أول مرة.
CS-02874,2026-03-26,2026-03-01,Eastern Province,EAS,Municipal Services,Call Center,Citizen,45-54,1,1,1,1,No,Negative,I had to visit the branch anyway.,فشل التحقق ثلاث مرات فاضطررت للتوقف.
CS-02875,2026-03-05,2026-03-01,Makkah,MAK,Labour & HR Services,Branch,Citizen,35-44,2,2,5,0,No,Negative,No Arabic option on one of the screens.,فشل التحقق ثلاث مرات فاضطررت للتوقف.
CS-02876,2026-03-16,2026-03-01,Makkah,MAK,Traffic & Transport,Call Center,Citizen,25-34,4,4,9,1,Yes,Positive,Much easier than going to the branch.,أنهيت المعاملة عبر الجوال خلال دقيقتين.
CS-02877,2026-05-02,2026-05-01,Madinah,MAD,Education & Training,Web Portal,Citizen,25-34,5,4,10,1,Yes,Positive,Finished it on my phone in two minutes.,تسجيل الدخول عبر نفاذ عمل من أول مرة.
CS-02878,2026-05-05,2026-05-01,Riyadh,RIY,Education & Training,Mobile App,Resident,45-54,4,5,6,1,Yes,Positive,Finished it on my phone in two minutes.,أسهل بكثير من زيارة الفرع.
CS-02879,2026-03-05,2026-03-01,Hail,HAL,Municipal Services,Web Portal,Citizen,25-34,4,3,6,1,Yes,Positive,Finished it on my phone in two minutes.,أسهل بكثير من زيارة الفرع.
CS-02880,2026-05-13,2026-05-01,Al-Baha,BAH,Municipal Services,Branch,Citizen,35-44,4,4,10,1,Yes,Positive,Clear steps and instant confirmation.,أسهل بكثير من زيارة الفرع.
CS-02881,2026-02-21,2026-02-01,Riyadh,RIY,Labour & HR Services,Mobile App,Citizen,25-34,4,5,8,1,Yes,Positive,Much easier than going to the branch.,الخطوات واضحة والتأكيد فوري.
CS-02882,2026-03-05,2026-03-01,Makkah,MAK,Business & Licensing,Branch,Business,55-64,4,5,8,1,Yes,Positive,Finished it on my phone in two minutes.,الخطوات واضحة والتأكيد فوري.
CS-02883,2026-04-16,2026-04-01,Eastern Province,EAS,Education & Training,Branch,Citizen,25-34,4,3,9,0,Yes,Positive,Clear steps and instant confirmation.,أسهل بكثير من زيارة الفرع.
CS-02884,2026-02-09,2026-02-01,Madinah,MAD,Business & Licensing,Mobile App,Business,65+,5,5,9,1,Yes,Positive,"No paperwork needed, very good service.",أنهيت المعاملة عبر الجوال خلال دقيقتين.
CS-02885,2026-04-07,2026-04-01,Makkah,MAK,Labour & HR Services,Mobile App,Citizen,25-34,4,4,7,1,Yes,Positive,Much easier than going to the branch.,تسجيل الدخول عبر نفاذ عمل من أول مرة.
CS-02886,2026-02-17,2026-02-01,Eastern Province,EAS,Health Services,Branch,Business,18-24,4,4,9,1,Yes,Positive,"No paperwork needed, very good service.",أنهيت المعاملة عبر الجوال خلال دقيقتين.
CS-02887,2026-05-20,2026-05-01,Riyadh,RIY,Health Services,Mobile App,Citizen,35-44,5,5,9,1,Yes,Positive,Much easier than going to the branch.,أسهل بكثير من زيارة الفرع.
CS-02888,2026-03-04,2026-03-01,Eastern Province,EAS,Traffic & Transport,Web Portal,Resident,55-64,5,5,8,1,Yes,Positive,Clear steps and instant confirmation.,أسهل بكثير من زيارة الفرع.
CS-02889,2026-05-23,2026-05-01,Riyadh,RIY,Labour & HR Services,Call Center,Citizen,25-34,3,2,5,1,Maybe,Neutral,Acceptable but the receipt was hard to find.,تمت الخدمة لكن الصياغة غير واضحة.
CS-02890,2026-04-06,2026-04-01,Makkah,MAK,Identity & Civil Affairs,Mobile App,Citizen,45-54,4,3,10,1,Yes,Positive,Finished it on my phone in two minutes.,الخطوات واضحة والتأكيد فوري.
CS-02891,2026-05-19,2026-05-01,Makkah,MAK,Health Services,Call Center,Citizen,35-44,4,3,7,0,Yes,Positive,Clear steps and instant confirmation.,تسجيل الدخول عبر نفاذ عمل من أول مرة.
CS-02892,2026-05-04,2026-05-01,Riyadh,RIY,Identity & Civil Affairs,Web Portal,Business,35-44,4,3,6,1,Yes,Positive,Much easier than going to the branch.,تسجيل الدخول عبر نفاذ عمل من أول مرة.
CS-02893,2026-01-11,2026-01-01,Eastern Province,EAS,Education & Training,Call Center,Citizen,18-24,2,2,6,0,No,Negative,The document upload kept rejecting my file.,انتظرت أربعين دقيقة ثم أُغلق الشباك.
CS-02894,2026-03-19,2026-03-01,Makkah,MAK,Municipal Services,Branch,Resident,25-34,4,5,8,1,Yes,Positive,The Nafath login worked first time.,تسجيل الدخول عبر نفاذ عمل من أول مرة.
CS-02895,2026-03-08,2026-03-01,Makkah,MAK,Social Support & Subsidies,Branch,Citizen,18-24,3,4,7,0,Maybe,Neutral,"Fine, though I had to call to confirm.",مقبولة لكن اضطررت للاتصال للتأكيد.
CS-02896,2026-01-16,2026-01-01,Asir,ASR,Health Services,Branch,Citizen,25-34,3,4,5,0,Maybe,Neutral,It worked but the wording was confusing.,مقبولة لكن اضطررت للاتصال للتأكيد.
CS-02897,2026-01-28,2026-01-01,Madinah,MAD,Social Support & Subsidies,Call Center,Citizen,45-54,4,4,10,0,Yes,Positive,Finished it on my phone in two minutes.,أنهيت المعاملة عبر الجوال خلال دقيقتين.
CS-02898,2026-05-12,2026-05-01,Tabuk,TBK,Traffic & Transport,Call Center,Citizen,35-44,2,1,5,1,No,Negative,I had to visit the branch anyway.,رفع المستند يُرفض باستمرار.
CS-02899,2026-05-21,2026-05-01,Eastern Province,EAS,Education & Training,Mobile App,Business,25-34,4,5,9,1,Yes,Positive,Much easier than going to the branch.,أسهل بكثير من زيارة الفرع.
CS-02900,2026-01-05,2026-01-01,Tabuk,TBK,Education & Training,Branch,Citizen,35-44,3,4,8,0,Maybe,Neutral,"Fine, though I had to call to confirm.",مقبولة لكن اضطررت للاتصال للتأكيد.
CS-02901,2026-02-21,2026-02-01,Tabuk,TBK,Traffic & Transport,Branch,Citizen,45-54,2,1,2,1,No,Negative,No Arabic option on one of the screens.,رفع المستند يُرفض باستمرار.
CS-02902,2026-02-22,2026-02-01,Riyadh,RIY,Traffic & Transport,Mobile App,Citizen,18-24,5,5,10,1,Yes,Positive,Clear steps and instant confirmation.,الخطوات واضحة والتأكيد فوري.
CS-02903,2026-06-11,2026-06-01,Qassim,QSM,Traffic & Transport,Call Center,Citizen,25-34,3,3,5,1,Maybe,Neutral,Acceptable but the receipt was hard to find.,تمت الخدمة لكن الصياغة غير واضحة.
CS-02904,2026-05-20,2026-05-01,Makkah,MAK,Municipal Services,Mobile App,Resident,35-44,5,5,9,1,Yes,Positive,Finished it on my phone in two minutes.,أسهل بكثير من زيارة الفرع.
CS-02905,2026-05-06,2026-05-01,Makkah,MAK,Traffic & Transport,Mobile App,Citizen,35-44,3,2,7,0,Maybe,Neutral,Took longer than I expected.,مقبولة لكن اضطررت للاتصال للتأكيد.
CS-02906,2026-01-08,2026-01-01,Madinah,MAD,Traffic & Transport,Branch,Citizen,25-34,4,5,9,1,Yes,Positive,Much easier than going to the branch.,أنهيت المعاملة عبر الجوال خلال دقيقتين.
CS-02907,2026-05-22,2026-05-01,Makkah,MAK,Traffic & Transport,Branch,Citizen,25-34,4,3,9,0,Yes,Positive,"No paperwork needed, very good service.",أسهل بكثير من زيارة الفرع.
CS-02908,2026-02-09,2026-02-01,Makkah,MAK,Justice & Notary,Mobile App,Citizen,35-44,4,5,7,1,Yes,Positive,The Nafath login worked first time.,تسجيل الدخول عبر نفاذ عمل من أول مرة.
CS-02909,2026-01-12,2026-01-01,Asir,ASR,Education & Training,Mobile App,Business,65+,4,3,10,1,Yes,Positive,Much easier than going to the branch.,الخطوات واضحة والتأكيد فوري.
CS-02910,2026-06-19,2026-06-01,Riyadh,RIY,Labour & HR Services,Mobile App,Resident,25-34,5,5,10,1,Yes,Positive,Finished it on my phone in two minutes.,تسجيل الدخول عبر نفاذ عمل من أول مرة.
CS-02911,2026-02-24,2026-02-01,Makkah,MAK,Business & Licensing,Mobile App,Citizen,45-54,4,5,10,1,Yes,Positive,Clear steps and instant confirmation.,الخطوات واضحة والتأكيد فوري.
CS-02912,2026-04-13,2026-04-01,Riyadh,RIY,Justice & Notary,Mobile App,Citizen,25-34,5,4,8,1,Yes,Positive,The Nafath login worked first time.,أسهل بكثير من زيارة الفرع.
CS-02913,2026-03-11,2026-03-01,Riyadh,RIY,Justice & Notary,Mobile App,Citizen,25-34,4,3,10,1,Yes,Positive,Finished it on my phone in two minutes.,تسجيل الدخول عبر نفاذ عمل من أول مرة.
CS-02914,2026-06-11,2026-06-01,Asir,ASR,Traffic & Transport,Mobile App,Citizen,55-64,4,4,6,1,Yes,Positive,Clear steps and instant confirmation.,أنهيت المعاملة عبر الجوال خلال دقيقتين.
CS-02915,2026-05-24,2026-05-01,Asir,ASR,Business & Licensing,Branch,Resident,55-64,3,2,4,0,Maybe,Neutral,"Fine, though I had to call to confirm.",مقبولة لكن اضطررت للاتصال للتأكيد.
CS-02916,2026-06-25,2026-06-01,Makkah,MAK,Municipal Services,Branch,Citizen,25-34,4,5,8,1,Yes,Positive,Much easier than going to the branch.,تسجيل الدخول عبر نفاذ عمل من أول مرة.
CS-02917,2026-01-19,2026-01-01,Qassim,QSM,Health Services,Branch,Citizen,18-24,5,5,10,1,Yes,Positive,Clear steps and instant confirmation.,الخطوات واضحة والتأكيد فوري.
CS-02918,2026-03-01,2026-03-01,Eastern Province,EAS,Labour & HR Services,Branch,Citizen,18-24,4,4,6,1,Yes,Positive,Much easier than going to the branch.,تسجيل الدخول عبر نفاذ عمل من أول مرة.
CS-02919,2026-03-13,2026-03-01,Makkah,MAK,Social Support & Subsidies,Branch,Citizen,25-34,3,3,8,0,Maybe,Neutral,It worked but the wording was confusing.,استغرقت وقتاً أطول مما توقعت.
CS-02920,2026-04-27,2026-04-01,Tabuk,TBK,Labour & HR Services,Branch,Business,55-64,2,1,5,0,No,Negative,No Arabic option on one of the screens.,فشل التحقق ثلاث مرات فاضطررت للتوقف.
CS-02921,2026-04-03,2026-04-01,Makkah,MAK,Traffic & Transport,Mobile App,Citizen,18-24,4,4,8,1,Yes,Positive,Much easier than going to the branch.,تسجيل الدخول عبر نفاذ عمل من أول مرة.
CS-02922,2026-04-10,2026-04-01,Riyadh,RIY,Traffic & Transport,Branch,Citizen,45-54,5,5,10,1,Yes,Positive,"No paperwork needed, very good service.",أنهيت المعاملة عبر الجوال خلال دقيقتين.
CS-02923,2026-04-22,2026-04-01,Makkah,MAK,Health Services,Mobile App,Citizen,25-34,4,3,9,1,Yes,Positive,The Nafath login worked first time.,أسهل بكثير من زيارة الفرع.
CS-02924,2026-06-08,2026-06-01,Eastern Province,EAS,Education & Training,Mobile App,Resident,35-44,5,5,9,1,Yes,Positive,"No paperwork needed, very good service.",أسهل بكثير من زيارة الفرع.
CS-02925,2026-04-08,2026-04-01,Madinah,MAD,Traffic & Transport,Branch,Resident,55-64,3,4,5,0,Maybe,Neutral,It worked but the wording was confusing.,مقبولة لكن اضطررت للاتصال للتأكيد.
CS-02926,2026-05-01,2026-05-01,Jazan,JZN,Traffic & Transport,Mobile App,Citizen,35-44,4,3,9,1,Yes,Positive,Much easier than going to the branch.,تسجيل الدخول عبر نفاذ عمل من أول مرة.
CS-02927,2026-01-28,2026-01-01,Eastern Province,EAS,Education & Training,Web Portal,Citizen,55-64,3,2,5,0,Maybe,Neutral,Acceptable but the receipt was hard to find.,تمت الخدمة لكن الصياغة غير واضحة.
CS-02928,2026-01-06,2026-01-01,Jazan,JZN,Traffic & Transport,Branch,Citizen,45-54,3,2,6,1,Maybe,Neutral,It worked but the wording was confusing.,مقبولة لكن اضطررت للاتصال للتأكيد.
CS-02929,2026-05-12,2026-05-01,Madinah,MAD,Health Services,Mobile App,Citizen,65+,5,5,8,1,Yes,Positive,The Nafath login worked first time.,أنهيت المعاملة عبر الجوال خلال دقيقتين.
CS-02930,2026-02-26,2026-02-01,Eastern Province,EAS,Municipal Services,Mobile App,Citizen,25-34,4,3,8,1,Yes,Positive,Much easier than going to the branch.,أسهل بكثير من زيارة الفرع.
CS-02931,2026-03-25,2026-03-01,Hail,HAL,Traffic & Transport,Call Center,Resident,35-44,4,4,9,1,Yes,Positive,Clear steps and instant confirmation.,أنهيت المعاملة عبر الجوال خلال دقيقتين.
CS-02932,2026-06-28,2026-06-01,Qassim,QSM,Social Support & Subsidies,Branch,Citizen,25-34,3,3,6,0,Maybe,Neutral,Took longer than I expected.,استغرقت وقتاً أطول مما توقعت.
CS-02933,2026-06-01,2026-06-01,Makkah,MAK,Business & Licensing,Call Center,Citizen,35-44,2,3,2,0,No,Negative,Waited 40 minutes and the counter closed.,فشل التحقق ثلاث مرات فاضطررت للتوقف.
CS-02934,2026-01-10,2026-01-01,Makkah,MAK,Identity & Civil Affairs,Call Center,Citizen,18-24,4,5,7,1,Yes,Positive,Much easier than going to the branch.,تسجيل الدخول عبر نفاذ عمل من أول مرة.
CS-02935,2026-06-25,2026-06-01,Riyadh,RIY,Business & Licensing,Mobile App,Citizen,25-34,5,4,10,1,Yes,Positive,"No paperwork needed, very good service.",أسهل بكثير من زيارة الفرع.
CS-02936,2026-03-10,2026-03-01,Riyadh,RIY,Health Services,Branch,Citizen,45-54,3,3,4,0,Maybe,Neutral,Acceptable but the receipt was hard to find.,مقبولة لكن اضطررت للاتصال للتأكيد.
CS-02937,2026-06-11,2026-06-01,Najran,NJR,Identity & Civil Affairs,Branch,Resident,55-64,4,5,10,1,Yes,Positive,Much easier than going to the branch.,أسهل بكثير من زيارة الفرع.
CS-02938,2026-05-04,2026-05-01,Eastern Province,EAS,Municipal Services,Branch,Citizen,45-54,5,5,10,0,Yes,Positive,Clear steps and instant confirmation.,أسهل بكثير من زيارة الفرع.
CS-02939,2026-03-19,2026-03-01,Jazan,JZN,Municipal Services,Call Center,Business,45-54,3,2,4,1,Maybe,Neutral,Acceptable but the receipt was hard to find.,مقبولة لكن اضطررت للاتصال للتأكيد.
CS-02940,2026-06-26,2026-06-01,Eastern Province,EAS,Identity & Civil Affairs,Mobile App,Resident,25-34,5,4,8,0,Yes,Positive,Finished it on my phone in two minutes.,الخطوات واضحة والتأكيد فوري.
CS-02941,2026-04-10,2026-04-01,Makkah,MAK,Health Services,Branch,Resident,65+,5,5,10,1,Yes,Positive,Clear steps and instant confirmation.,أسهل بكثير من زيارة الفرع.
CS-02942,2026-06-20,2026-06-01,Riyadh,RIY,Business & Licensing,Mobile App,Citizen,25-34,4,3,7,1,Yes,Positive,Much easier than going to the branch.,تسجيل الدخول عبر نفاذ عمل من أول مرة.
CS-02943,2026-04-20,2026-04-01,Jazan,JZN,Education & Training,Call Center,Citizen,18-24,3,4,4,0,Maybe,Neutral,Acceptable but the receipt was hard to find.,استغرقت وقتاً أطول مما توقعت.
CS-02944,2026-05-17,2026-05-01,Riyadh,RIY,Municipal Services,Web Portal,Resident,35-44,4,4,9,1,Yes,Positive,"No paperwork needed, very good service.",أسهل بكثير من زيارة الفرع.
CS-02945,2026-03-03,2026-03-01,Riyadh,RIY,Municipal Services,Web Portal,Citizen,25-34,5,4,10,1,Yes,Positive,"No paperwork needed, very good service.",أنهيت المعاملة عبر الجوال خلال دقيقتين.
CS-02946,2026-06-23,2026-06-01,Makkah,MAK,Municipal Services,Web Portal,Citizen,35-44,2,3,5,0,No,Negative,The document upload kept rejecting my file.,انتظرت أربعين دقيقة ثم أُغلق الشباك.
CS-02947,2026-03-08,2026-03-01,Makkah,MAK,Traffic & Transport,Mobile App,Citizen,35-44,4,4,10,1,Yes,Positive,Finished it on my phone in two minutes.,أسهل بكثير من زيارة الفرع.
CS-02948,2026-02-14,2026-02-01,Riyadh,RIY,Justice & Notary,Mobile App,Citizen,35-44,4,3,6,1,Yes,Positive,The Nafath login worked first time.,أنهيت المعاملة عبر الجوال خلال دقيقتين.
CS-02949,2026-03-08,2026-03-01,Riyadh,RIY,Health Services,Branch,Citizen,18-24,3,3,8,0,Maybe,Neutral,Acceptable but the receipt was hard to find.,مقبولة لكن اضطررت للاتصال للتأكيد.
CS-02950,2026-03-03,2026-03-01,Asir,ASR,Education & Training,Mobile App,Citizen,25-34,5,4,10,1,Yes,Positive,Finished it on my phone in two minutes.,الخطوات واضحة والتأكيد فوري.
CS-02951,2026-01-18,2026-01-01,Makkah,MAK,Social Support & Subsidies,Call Center,Citizen,35-44,3,4,6,0,Maybe,Neutral,Acceptable but the receipt was hard to find.,مقبولة لكن اضطررت للاتصال للتأكيد.
CS-02952,2026-04-04,2026-04-01,Al-Jouf,JOF,Health Services,Mobile App,Citizen,45-54,3,4,4,0,Maybe,Neutral,"Fine, though I had to call to confirm.",استغرقت وقتاً أطول مما توقعت.
CS-02953,2026-02-02,2026-02-01,Madinah,MAD,Identity & Civil Affairs,Mobile App,Business,55-64,5,5,10,1,Yes,Positive,"No paperwork needed, very good service.",أنهيت المعاملة عبر الجوال خلال دقيقتين.
CS-02954,2026-04-05,2026-04-01,Eastern Province,EAS,Labour & HR Services,Call Center,Resident,65+,2,1,2,0,No,Negative,The document upload kept rejecting my file.,اضطررت لزيارة الفرع رغم ذلك.
CS-02955,2026-03-04,2026-03-01,Eastern Province,EAS,Traffic & Transport,Mobile App,Citizen,45-54,5,5,10,1,Yes,Positive,The Nafath login worked first time.,أنهيت المعاملة عبر الجوال خلال دقيقتين.
CS-02956,2026-06-14,2026-06-01,Hail,HAL,Traffic & Transport,Web Portal,Citizen,18-24,4,5,7,1,Yes,Positive,"No paperwork needed, very good service.",تسجيل الدخول عبر نفاذ عمل من أول مرة.
CS-02957,2026-04-02,2026-04-01,Jazan,JZN,Identity & Civil Affairs,Branch,Citizen,18-24,2,3,6,0,No,Negative,No Arabic option on one of the screens.,انتظرت أربعين دقيقة ثم أُغلق الشباك.
CS-02958,2026-02-10,2026-02-01,Eastern Province,EAS,Identity & Civil Affairs,Mobile App,Citizen,65+,4,5,7,1,Yes,Positive,Finished it on my phone in two minutes.,أنهيت المعاملة عبر الجوال خلال دقيقتين.
CS-02959,2026-06-19,2026-06-01,Jazan,JZN,Health Services,Mobile App,Resident,25-34,5,5,8,1,Yes,Positive,Clear steps and instant confirmation.,تسجيل الدخول عبر نفاذ عمل من أول مرة.
CS-02960,2026-04-09,2026-04-01,Makkah,MAK,Education & Training,Mobile App,Citizen,35-44,5,4,8,1,Yes,Positive,Much easier than going to the branch.,أنهيت المعاملة عبر الجوال خلال دقيقتين.
CS-02961,2026-04-23,2026-04-01,Makkah,MAK,Education & Training,Mobile App,Citizen,25-34,4,5,6,1,Yes,Positive,Much easier than going to the branch.,الخطوات واضحة والتأكيد فوري.
CS-02962,2026-03-15,2026-03-01,Riyadh,RIY,Identity & Civil Affairs,Mobile App,Citizen,65+,5,5,10,1,Yes,Positive,"No paperwork needed, very good service.",الخطوات واضحة والتأكيد فوري.
CS-02963,2026-06-01,2026-06-01,Tabuk,TBK,Business & Licensing,Call Center,Business,35-44,5,5,10,1,Yes,Positive,"No paperwork needed, very good service.",تسجيل الدخول عبر نفاذ عمل من أول مرة.
CS-02964,2026-06-23,2026-06-01,Eastern Province,EAS,Labour & HR Services,Call Center,Citizen,35-44,3,3,6,1,Maybe,Neutral,It worked but the wording was confusing.,مقبولة لكن اضطررت للاتصال للتأكيد.
CS-02965,2026-03-07,2026-03-01,Riyadh,RIY,Municipal Services,Mobile App,Citizen,35-44,5,5,8,1,Yes,Positive,"No paperwork needed, very good service.",أسهل بكثير من زيارة الفرع.
CS-02966,2026-04-27,2026-04-01,Makkah,MAK,Traffic & Transport,Branch,Resident,45-54,5,4,10,1,Yes,Positive,Clear steps and instant confirmation.,تسجيل الدخول عبر نفاذ عمل من أول مرة.
CS-02967,2026-04-02,2026-04-01,Asir,ASR,Education & Training,Branch,Citizen,55-64,4,3,6,1,Yes,Positive,Finished it on my phone in two minutes.,الخطوات واضحة والتأكيد فوري.
CS-02968,2026-02-10,2026-02-01,Riyadh,RIY,Justice & Notary,Branch,Citizen,45-54,5,5,10,1,Yes,Positive,Clear steps and instant confirmation.,تسجيل الدخول عبر نفاذ عمل من أول مرة.
CS-02969,2026-01-18,2026-01-01,Asir,ASR,Health Services,Mobile App,Business,45-54,4,4,10,1,Yes,Positive,Finished it on my phone in two minutes.,أسهل بكثير من زيارة الفرع.
CS-02970,2026-02-25,2026-02-01,Jazan,JZN,Health Services,Branch,Citizen,35-44,3,3,4,0,Maybe,Neutral,Acceptable but the receipt was hard to find.,مقبولة لكن اضطررت للاتصال للتأكيد.
CS-02971,2026-04-01,2026-04-01,Northern Borders,NBR,Municipal Services,Call Center,Resident,25-34,5,5,9,1,Yes,Positive,The Nafath login worked first time.,الخطوات واضحة والتأكيد فوري.
CS-02972,2026-03-26,2026-03-01,Eastern Province,EAS,Labour & HR Services,Branch,Resident,45-54,2,1,3,1,No,Negative,The authentication failed three times and I gave up.,فشل التحقق ثلاث مرات فاضطررت للتوقف.
CS-02973,2026-05-15,2026-05-01,Riyadh,RIY,Municipal Services,Branch,Citizen,25-34,5,5,10,1,Yes,Positive,The Nafath login worked first time.,الخطوات واضحة والتأكيد فوري.
CS-02974,2026-03-01,2026-03-01,Eastern Province,EAS,Justice & Notary,Mobile App,Resident,55-64,4,4,8,1,Yes,Positive,"No paperwork needed, very good service.",تسجيل الدخول عبر نفاذ عمل من أول مرة.
CS-02975,2026-02-14,2026-02-01,Riyadh,RIY,Education & Training,Web Portal,Citizen,45-54,5,4,9,1,Yes,Positive,"No paperwork needed, very good service.",تسجيل الدخول عبر نفاذ عمل من أول مرة.
CS-02976,2026-05-14,2026-05-01,Qassim,QSM,Social Support & Subsidies,Call Center,Citizen,35-44,2,2,3,0,No,Negative,The document upload kept rejecting my file.,رفع المستند يُرفض باستمرار.
CS-02977,2026-05-12,2026-05-01,Madinah,MAD,Education & Training,Mobile App,Citizen,65+,5,5,10,1,Yes,Positive,Clear steps and instant confirmation.,تسجيل الدخول عبر نفاذ عمل من أول مرة.
CS-02978,2026-06-26,2026-06-01,Riyadh,RIY,Identity & Civil Affairs,Web Portal,Resident,25-34,5,5,10,1,Yes,Positive,"No paperwork needed, very good service.",أسهل بكثير من زيارة الفرع.
CS-02979,2026-02-01,2026-02-01,Makkah,MAK,Identity & Civil Affairs,Mobile App,Citizen,55-64,3,4,6,0,Maybe,Neutral,Acceptable but the receipt was hard to find.,مقبولة لكن اضطررت للاتصال للتأكيد.
CS-02980,2026-02-25,2026-02-01,Makkah,MAK,Traffic & Transport,Call Center,Resident,45-54,4,4,8,1,Yes,Positive,"No paperwork needed, very good service.",الخطوات واضحة والتأكيد فوري.
CS-02981,2026-03-09,2026-03-01,Riyadh,RIY,Municipal Services,Web Portal,Citizen,18-24,4,5,10,1,Yes,Positive,"No paperwork needed, very good service.",أسهل بكثير من زيارة الفرع.
CS-02982,2026-06-01,2026-06-01,Makkah,MAK,Labour & HR Services,Call Center,Citizen,35-44,3,3,8,0,Maybe,Neutral,Acceptable but the receipt was hard to find.,مقبولة لكن اضطررت للاتصال للتأكيد.
CS-02983,2026-04-03,2026-04-01,Eastern Province,EAS,Health Services,Mobile App,Resident,45-54,4,4,10,1,Yes,Positive,"No paperwork needed, very good service.",أسهل بكثير من زيارة الفرع.
CS-02984,2026-01-17,2026-01-01,Hail,HAL,Health Services,Call Center,Resident,18-24,3,4,5,0,Maybe,Neutral,Acceptable but the receipt was hard to find.,تمت الخدمة لكن الصياغة غير واضحة.
CS-02985,2026-03-12,2026-03-01,Makkah,MAK,Health Services,Branch,Citizen,18-24,3,4,5,1,Maybe,Neutral,It worked but the wording was confusing.,تمت الخدمة لكن الصياغة غير واضحة.
CS-02986,2026-02-26,2026-02-01,Makkah,MAK,Health Services,Branch,Citizen,25-34,4,3,8,1,Yes,Positive,Finished it on my phone in two minutes.,أنهيت المعاملة عبر الجوال خلال دقيقتين.
CS-02987,2026-04-09,2026-04-01,Riyadh,RIY,Social Support & Subsidies,Web Portal,Citizen,25-34,4,3,10,1,Yes,Positive,The Nafath login worked first time.,الخطوات واضحة والتأكيد فوري.
CS-02988,2026-02-07,2026-02-01,Najran,NJR,Social Support & Subsidies,Branch,Citizen,25-34,4,5,6,1,Yes,Positive,"No paperwork needed, very good service.",الخطوات واضحة والتأكيد فوري.
CS-02989,2026-01-02,2026-01-01,Riyadh,RIY,Health Services,Branch,Citizen,45-54,4,3,8,1,Yes,Positive,Much easier than going to the branch.,أنهيت المعاملة عبر الجوال خلال دقيقتين.
CS-02990,2026-03-12,2026-03-01,Makkah,MAK,Health Services,Branch,Citizen,35-44,4,4,7,1,Yes,Positive,Clear steps and instant confirmation.,أسهل بكثير من زيارة الفرع.
CS-02991,2026-02-03,2026-02-01,Riyadh,RIY,Health Services,Mobile App,Resident,25-34,5,5,10,1,Yes,Positive,Clear steps and instant confirmation.,أسهل بكثير من زيارة الفرع.
CS-02992,2026-04-22,2026-04-01,Eastern Province,EAS,Social Support & Subsidies,Web Portal,Citizen,35-44,4,5,8,1,Yes,Positive,Much easier than going to the branch.,أنهيت المعاملة عبر الجوال خلال دقيقتين.
CS-02993,2026-01-26,2026-01-01,Makkah,MAK,Municipal Services,Branch,Citizen,35-44,5,5,9,1,Yes,Positive,Clear steps and instant confirmation.,الخطوات واضحة والتأكيد فوري.
CS-02994,2026-03-25,2026-03-01,Madinah,MAD,Municipal Services,Branch,Citizen,25-34,3,2,4,1,Maybe,Neutral,"Fine, though I had to call to confirm.",تمت الخدمة لكن الصياغة غير واضحة.
CS-02995,2026-06-14,2026-06-01,Asir,ASR,Justice & Notary,Web Portal,Business,18-24,4,3,9,1,Yes,Positive,Finished it on my phone in two minutes.,أنهيت المعاملة عبر الجوال خلال دقيقتين.
CS-02996,2026-02-20,2026-02-01,Makkah,MAK,Municipal Services,Mobile App,Citizen,35-44,5,5,10,1,Yes,Positive,Clear steps and instant confirmation.,أنهيت المعاملة عبر الجوال خلال دقيقتين.
CS-02997,2026-03-05,2026-03-01,Madinah,MAD,Business & Licensing,Branch,Citizen,25-34,5,4,10,1,Yes,Positive,Finished it on my phone in two minutes.,الخطوات واضحة والتأكيد فوري.
CS-02998,2026-04-06,2026-04-01,Makkah,MAK,Social Support & Subsidies,Branch,Resident,18-24,4,3,10,1,Yes,Positive,Much easier than going to the branch.,الخطوات واضحة والتأكيد فوري.
CS-02999,2026-04-24,2026-04-01,Makkah,MAK,Business & Licensing,Branch,Citizen,35-44,4,4,7,1,Yes,Positive,Clear steps and instant confirmation.,أنهيت المعاملة عبر الجوال خلال دقيقتين.
CS-03000,2026-01-03,2026-01-01,Makkah,MAK,Municipal Services,Mobile App,Citizen,35-44,4,5,10,1,Yes,Positive,"No paperwork needed, very good service.",أنهيت المعاملة عبر الجوال خلال دقيقتين.
CS-03001,2026-01-08,2026-01-01,Makkah,MAK,Health Services,Branch,Citizen,35-44,4,3,8,1,Yes,Positive,The Nafath login worked first time.,أنهيت المعاملة عبر الجوال خلال دقيقتين.
CS-03002,2026-06-15,2026-06-01,Riyadh,RIY,Social Support & Subsidies,Branch,Business,25-34,5,5,10,0,Yes,Positive,Much easier than going to the branch.,الخطوات واضحة والتأكيد فوري.
CS-03003,2026-05-28,2026-05-01,Riyadh,RIY,Labour & HR Services,Mobile App,Citizen,65+,5,4,8,1,Yes,Positive,The Nafath login worked first time.,أنهيت المعاملة عبر الجوال خلال دقيقتين.
CS-03004,2026-02-17,2026-02-01,Eastern Province,EAS,Identity & Civil Affairs,Web Portal,Citizen,25-34,4,4,8,1,Yes,Positive,Much easier than going to the branch.,تسجيل الدخول عبر نفاذ عمل من أول مرة.
CS-03005,2026-01-22,2026-01-01,Makkah,MAK,Identity & Civil Affairs,Mobile App,Citizen,35-44,4,4,6,1,Yes,Positive,"No paperwork needed, very good service.",أنهيت المعاملة عبر الجوال خلال دقيقتين.
CS-03006,2026-01-11,2026-01-01,Madinah,MAD,Health Services,Mobile App,Citizen,65+,5,4,9,1,Yes,Positive,Finished it on my phone in two minutes.,أنهيت المعاملة عبر الجوال خلال دقيقتين.
CS-03007,2026-01-18,2026-01-01,Qassim,QSM,Justice & Notary,Mobile App,Citizen,35-44,4,5,10,1,Yes,Positive,"No paperwork needed, very good service.",أسهل بكثير من زيارة الفرع.
CS-03008,2026-04-11,2026-04-01,Makkah,MAK,Municipal Services,Branch,Resident,55-64,3,3,6,1,Maybe,Neutral,"Fine, though I had to call to confirm.",تمت الخدمة لكن الصياغة غير واضحة.
CS-03009,2026-06-19,2026-06-01,Riyadh,RIY,Education & Training,Mobile App,Business,25-34,5,4,8,1,Yes,Positive,"No paperwork needed, very good service.",أسهل بكثير من زيارة الفرع.
CS-03010,2026-01-16,2026-01-01,Makkah,MAK,Business & Licensing,Mobile App,Citizen,65+,4,4,6,1,Yes,Positive,Finished it on my phone in two minutes.,أنهيت المعاملة عبر الجوال خلال دقيقتين.
CS-03011,2026-03-22,2026-03-01,Eastern Province,EAS,Traffic & Transport,Mobile App,Citizen,35-44,5,5,10,0,Yes,Positive,Much easier than going to the branch.,الخطوات واضحة والتأكيد فوري.
CS-03012,2026-06-10,2026-06-01,Makkah,MAK,Identity & Civil Affairs,Mobile App,Citizen,18-24,5,5,10,1,Yes,Positive,Much easier than going to the branch.,أسهل بكثير من زيارة الفرع.
CS-03013,2026-04-22,2026-04-01,Makkah,MAK,Health Services,Mobile App,Resident,25-34,5,4,10,1,Yes,Positive,The Nafath login worked first time.,الخطوات واضحة والتأكيد فوري.
CS-03014,2026-05-05,2026-05-01,Makkah,MAK,Business & Licensing,Call Center,Citizen,35-44,3,3,5,1,Maybe,Neutral,It worked but the wording was confusing.,تمت الخدمة لكن الصياغة غير واضحة.
CS-03015,2026-04-26,2026-04-01,Riyadh,RIY,Education & Training,Mobile App,Citizen,18-24,5,5,10,0,Yes,Positive,The Nafath login worked first time.,أنهيت المعاملة عبر الجوال خلال دقيقتين.
CS-03016,2026-06-27,2026-06-01,Riyadh,RIY,Health Services,Mobile App,Citizen,35-44,5,5,10,1,Yes,Positive,Much easier than going to the branch.,أسهل بكثير من زيارة الفرع.
CS-03017,2026-06-24,2026-06-01,Eastern Province,EAS,Traffic & Transport,Mobile App,Citizen,35-44,5,4,10,1,Yes,Positive,Clear steps and instant confirmation.,تسجيل الدخول عبر نفاذ عمل من أول مرة.
CS-03018,2026-02-09,2026-02-01,Asir,ASR,Traffic & Transport,Call Center,Citizen,45-54,3,2,5,1,Maybe,Neutral,It worked but the wording was confusing.,تمت الخدمة لكن الصياغة غير واضحة.
CS-03019,2026-04-23,2026-04-01,Madinah,MAD,Traffic & Transport,Branch,Citizen,35-44,3,4,8,0,Maybe,Neutral,Took longer than I expected.,تمت الخدمة لكن الصياغة غير واضحة.
CS-03020,2026-02-24,2026-02-01,Najran,NJR,Traffic & Transport,Branch,Citizen,25-34,4,3,7,1,Yes,Positive,"No paperwork needed, very good service.",الخطوات واضحة والتأكيد فوري.
CS-03021,2026-06-07,2026-06-01,Riyadh,RIY,Social Support & Subsidies,Branch,Resident,35-44,4,4,8,1,Yes,Positive,The Nafath login worked first time.,تسجيل الدخول عبر نفاذ عمل من أول مرة.
CS-03022,2026-01-05,2026-01-01,Qassim,QSM,Justice & Notary,Branch,Citizen,18-24,2,1,6,1,No,Negative,The document upload kept rejecting my file.,فشل التحقق ثلاث مرات فاضطررت للتوقف.
CS-03023,2026-02-13,2026-02-01,Makkah,MAK,Justice & Notary,Call Center,Resident,45-54,3,4,6,1,Maybe,Neutral,"Fine, though I had to call to confirm.",تمت الخدمة لكن الصياغة غير واضحة.
CS-03024,2026-02-15,2026-02-01,Makkah,MAK,Labour & HR Services,Call Center,Citizen,45-54,5,5,9,1,Yes,Positive,Much easier than going to the branch.,أسهل بكثير من زيارة الفرع.
CS-03025,2026-01-02,2026-01-01,Al-Jouf,JOF,Traffic & Transport,Web Portal,Citizen,18-24,4,4,6,1,Yes,Positive,"No paperwork needed, very good service.",أسهل بكثير من زيارة الفرع.
CS-03026,2026-05-28,2026-05-01,Riyadh,RIY,Health Services,Call Center,Citizen,45-54,5,5,10,1,Yes,Positive,The Nafath login worked first time.,أسهل بكثير من زيارة الفرع.
CS-03027,2026-05-10,2026-05-01,Makkah,MAK,Municipal Services,Call Center,Business,45-54,3,3,6,0,Maybe,Neutral,Took longer than I expected.,تمت الخدمة لكن الصياغة غير واضحة.
CS-03028,2026-03-23,2026-03-01,Eastern Province,EAS,Health Services,Mobile App,Resident,18-24,5,4,8,1,Yes,Positive,The Nafath login worked first time.,الخطوات واضحة والتأكيد فوري.
CS-03029,2026-01-01,2026-01-01,Qassim,QSM,Traffic & Transport,Mobile App,Citizen,25-34,4,5,6,1,Yes,Positive,Much easier than going to the branch.,أسهل بكثير من زيارة الفرع.
CS-03030,2026-03-23,2026-03-01,Riyadh,RIY,Health Services,Branch,Citizen,45-54,4,4,7,0,Yes,Positive,Much easier than going to the branch.,أسهل بكثير من زيارة الفرع.
CS-03031,2026-05-22,2026-05-01,Hail,HAL,Traffic & Transport,Call Center,Citizen,45-54,4,4,9,1,Yes,Positive,Much easier than going to the branch.,أسهل بكثير من زيارة الفرع.
CS-03032,2026-04-18,2026-04-01,Makkah,MAK,Social Support & Subsidies,Mobile App,Citizen,35-44,4,3,7,1,Yes,Positive,The Nafath login worked first time.,تسجيل الدخول عبر نفاذ عمل من أول مرة.
CS-03033,2026-05-19,2026-05-01,Riyadh,RIY,Social Support & Subsidies,Mobile App,Citizen,25-34,5,5,9,1,Yes,Positive,"No paperwork needed, very good service.",الخطوات واضحة والتأكيد فوري.
CS-03034,2026-05-12,2026-05-01,Makkah,MAK,Municipal Services,Call Center,Citizen,25-34,3,2,8,0,Maybe,Neutral,"Fine, though I had to call to confirm.",تمت الخدمة لكن الصياغة غير واضحة.
CS-03035,2026-04-02,2026-04-01,Eastern Province,EAS,Labour & HR Services,Branch,Citizen,55-64,5,4,8,1,Yes,Positive,Clear steps and instant confirmation.,تسجيل الدخول عبر نفاذ عمل من أول مرة.
CS-03036,2026-02-18,2026-02-01,Makkah,MAK,Justice & Notary,Call Center,Citizen,25-34,4,5,10,0,Yes,Positive,Much easier than going to the branch.,الخطوات واضحة والتأكيد فوري.
CS-03037,2026-01-02,2026-01-01,Makkah,MAK,Traffic & Transport,Mobile App,Business,55-64,5,5,9,1,Yes,Positive,The Nafath login worked first time.,الخطوات واضحة والتأكيد فوري.
CS-03038,2026-06-28,2026-06-01,Riyadh,RIY,Business & Licensing,Mobile App,Citizen,35-44,4,4,8,1,Yes,Positive,Finished it on my phone in two minutes.,أسهل بكثير من زيارة الفرع.
CS-03039,2026-06-17,2026-06-01,Makkah,MAK,Justice & Notary,Web Portal,Citizen,25-34,3,2,4,0,Maybe,Neutral,Acceptable but the receipt was hard to find.,استغرقت وقتاً أطول مما توقعت.
CS-03040,2026-06-17,2026-06-01,Makkah,MAK,Labour & HR Services,Mobile App,Resident,45-54,5,5,9,1,Yes,Positive,Much easier than going to the branch.,أسهل بكثير من زيارة الفرع.
CS-03041,2026-03-02,2026-03-01,Makkah,MAK,Identity & Civil Affairs,Web Portal,Business,45-54,5,5,10,1,Yes,Positive,Finished it on my phone in two minutes.,أنهيت المعاملة عبر الجوال خلال دقيقتين.
CS-03042,2026-04-16,2026-04-01,Asir,ASR,Social Support & Subsidies,Call Center,Business,25-34,3,3,5,0,Maybe,Neutral,"Fine, though I had to call to confirm.",مقبولة لكن اضطررت للاتصال للتأكيد.
CS-03043,2026-03-19,2026-03-01,Eastern Province,EAS,Municipal Services,Mobile App,Citizen,25-34,3,3,6,0,Maybe,Neutral,Took longer than I expected.,استغرقت وقتاً أطول مما توقعت.
CS-03044,2026-03-28,2026-03-01,Madinah,MAD,Justice & Notary,Mobile App,Resident,25-34,5,4,9,1,Yes,Positive,Finished it on my phone in two minutes.,أسهل بكثير من زيارة الفرع.
CS-03045,2026-05-06,2026-05-01,Makkah,MAK,Traffic & Transport,Call Center,Citizen,25-34,4,3,9,1,Yes,Positive,"No paperwork needed, very good service.",أسهل بكثير من زيارة الفرع.
CS-03046,2026-04-21,2026-04-01,Madinah,MAD,Municipal Services,Mobile App,Citizen,25-34,5,5,10,1,Yes,Positive,Clear steps and instant confirmation.,أنهيت المعاملة عبر الجوال خلال دقيقتين.
CS-03047,2026-03-18,2026-03-01,Al-Jouf,JOF,Health Services,Branch,Citizen,25-34,5,5,10,1,Yes,Positive,Clear steps and instant confirmation.,الخطوات واضحة والتأكيد فوري.
CS-03048,2026-04-22,2026-04-01,Riyadh,RIY,Education & Training,Mobile App,Resident,25-34,5,5,8,1,Yes,Positive,Clear steps and instant confirmation.,أنهيت المعاملة عبر الجوال خلال دقيقتين.
CS-03049,2026-01-16,2026-01-01,Makkah,MAK,Identity & Civil Affairs,Call Center,Citizen,35-44,5,5,10,1,Yes,Positive,Much easier than going to the branch.,الخطوات واضحة والتأكيد فوري.
CS-03050,2026-03-17,2026-03-01,Tabuk,TBK,Business & Licensing,Mobile App,Citizen,45-54,3,3,6,1,Maybe,Neutral,Took longer than I expected.,مقبولة لكن اضطررت للاتصال للتأكيد.
CS-03051,2026-03-21,2026-03-01,Riyadh,RIY,Health Services,Mobile App,Resident,35-44,4,5,8,1,Yes,Positive,Clear steps and instant confirmation.,أسهل بكثير من زيارة الفرع.
CS-03052,2026-05-18,2026-05-01,Asir,ASR,Health Services,Web Portal,Resident,35-44,5,5,8,1,Yes,Positive,Much easier than going to the branch.,تسجيل الدخول عبر نفاذ عمل من أول مرة.
CS-03053,2026-02-18,2026-02-01,Eastern Province,EAS,Identity & Civil Affairs,Mobile App,Citizen,45-54,4,4,10,1,Yes,Positive,Finished it on my phone in two minutes.,تسجيل الدخول عبر نفاذ عمل من أول مرة.
CS-03054,2026-06-03,2026-06-01,Makkah,MAK,Traffic & Transport,Web Portal,Business,55-64,3,4,4,0,Maybe,Neutral,It worked but the wording was confusing.,استغرقت وقتاً أطول مما توقعت.
CS-03055,2026-02-01,2026-02-01,Riyadh,RIY,Traffic & Transport,Branch,Citizen,35-44,3,2,7,0,Maybe,Neutral,Took longer than I expected.,تمت الخدمة لكن الصياغة غير واضحة.
CS-03056,2026-04-20,2026-04-01,Makkah,MAK,Traffic & Transport,Web Portal,Citizen,35-44,4,5,9,1,Yes,Positive,"No paperwork needed, very good service.",أسهل بكثير من زيارة الفرع.
CS-03057,2026-05-17,2026-05-01,Makkah,MAK,Social Support & Subsidies,Web Portal,Citizen,25-34,1,1,3,1,No,Negative,I had to visit the branch anyway.,رفع المستند يُرفض باستمرار.
CS-03058,2026-04-19,2026-04-01,Riyadh,RIY,Traffic & Transport,Mobile App,Citizen,35-44,3,4,6,1,Maybe,Neutral,"Fine, though I had to call to confirm.",استغرقت وقتاً أطول مما توقعت.
CS-03059,2026-01-18,2026-01-01,Eastern Province,EAS,Business & Licensing,Mobile App,Citizen,35-44,4,3,9,1,Yes,Positive,Clear steps and instant confirmation.,أسهل بكثير من زيارة الفرع.
CS-03060,2026-02-20,2026-02-01,Makkah,MAK,Justice & Notary,Branch,Business,55-64,3,3,6,0,Maybe,Neutral,"Fine, though I had to call to confirm.",مقبولة لكن اضطررت للاتصال للتأكيد.
CS-03061,2026-05-21,2026-05-01,Riyadh,RIY,Social Support & Subsidies,Web Portal,Business,65+,4,4,8,1,Yes,Positive,Clear steps and instant confirmation.,تسجيل الدخول عبر نفاذ عمل من أول مرة.
CS-03062,2026-01-05,2026-01-01,Riyadh,RIY,Identity & Civil Affairs,Mobile App,Resident,35-44,4,4,6,0,Yes,Positive,The Nafath login worked first time.,تسجيل الدخول عبر نفاذ عمل من أول مرة.
CS-03063,2026-03-19,2026-03-01,Makkah,MAK,Business & Licensing,Mobile App,Resident,45-54,3,3,8,1,Maybe,Neutral,It worked but the wording was confusing.,استغرقت وقتاً أطول مما توقعت.
CS-03064,2026-03-06,2026-03-01,Eastern Province,EAS,Labour & HR Services,Mobile App,Citizen,35-44,4,3,8,1,Yes,Positive,"No paperwork needed, very good service.",أنهيت المعاملة عبر الجوال خلال دقيقتين.
CS-03065,2026-05-06,2026-05-01,Asir,ASR,Identity & Civil Affairs,Mobile App,Citizen,25-34,4,3,8,1,Yes,Positive,The Nafath login worked first time.,أسهل بكثير من زيارة الفرع.
CS-03066,2026-05-12,2026-05-01,Asir,ASR,Social Support & Subsidies,Branch,Citizen,45-54,3,3,8,1,Maybe,Neutral,It worked but the wording was confusing.,تمت الخدمة لكن الصياغة غير واضحة.
CS-03067,2026-04-26,2026-04-01,Riyadh,RIY,Identity & Civil Affairs,Web Portal,Citizen,35-44,5,5,10,1,Yes,Positive,The Nafath login worked first time.,أنهيت المعاملة عبر الجوال خلال دقيقتين.
CS-03068,2026-01-10,2026-01-01,Jazan,JZN,Health Services,Branch,Citizen,45-54,4,3,6,1,Yes,Positive,"No paperwork needed, very good service.",أنهيت المعاملة عبر الجوال خلال دقيقتين.
CS-03069,2026-06-03,2026-06-01,Riyadh,RIY,Identity & Civil Affairs,Mobile App,Resident,25-34,5,4,8,1,Yes,Positive,The Nafath login worked first time.,تسجيل الدخول عبر نفاذ عمل من أول مرة.
CS-03070,2026-03-23,2026-03-01,Makkah,MAK,Municipal Services,Mobile App,Citizen,25-34,4,5,6,1,Yes,Positive,Finished it on my phone in two minutes.,أسهل بكثير من زيارة الفرع.
CS-03071,2026-01-21,2026-01-01,Riyadh,RIY,Traffic & Transport,Web Portal,Citizen,25-34,5,5,10,1,Yes,Positive,"No paperwork needed, very good service.",الخطوات واضحة والتأكيد فوري.
CS-03072,2026-04-12,2026-04-01,Tabuk,TBK,Municipal Services,Web Portal,Citizen,35-44,4,3,8,1,Yes,Positive,Finished it on my phone in two minutes.,الخطوات واضحة والتأكيد فوري.
CS-03073,2026-05-17,2026-05-01,Tabuk,TBK,Business & Licensing,Mobile App,Resident,25-34,5,5,10,1,Yes,Positive,Clear steps and instant confirmation.,الخطوات واضحة والتأكيد فوري.
CS-03074,2026-06-25,2026-06-01,Riyadh,RIY,Labour & HR Services,Mobile App,Citizen,18-24,5,5,9,1,Yes,Positive,Clear steps and instant confirmation.,تسجيل الدخول عبر نفاذ عمل من أول مرة.
CS-03075,2026-03-14,2026-03-01,Najran,NJR,Health Services,Branch,Citizen,35-44,4,3,6,1,Yes,Positive,Much easier than going to the branch.,تسجيل الدخول عبر نفاذ عمل من أول مرة.
CS-03076,2026-06-21,2026-06-01,Jazan,JZN,Traffic & Transport,Branch,Citizen,35-44,4,5,8,1,Yes,Positive,Clear steps and instant confirmation.,الخطوات واضحة والتأكيد فوري.
CS-03077,2026-03-01,2026-03-01,Makkah,MAK,Municipal Services,Web Portal,Resident,18-24,4,3,8,1,Yes,Positive,Clear steps and instant confirmation.,أنهيت المعاملة عبر الجوال خلال دقيقتين.
CS-03078,2026-02-13,2026-02-01,Riyadh,RIY,Municipal Services,Branch,Citizen,25-34,5,5,10,1,Yes,Positive,Finished it on my phone in two minutes.,الخطوات واضحة والتأكيد فوري.
CS-03079,2026-05-24,2026-05-01,Makkah,MAK,Identity & Civil Affairs,Mobile App,Resident,45-54,4,3,7,0,Yes,Positive,The Nafath login worked first time.,تسجيل الدخول عبر نفاذ عمل من أول مرة.
CS-03080,2026-04-22,2026-04-01,Makkah,MAK,Municipal Services,Mobile App,Resident,35-44,4,5,8,1,Yes,Positive,"No paperwork needed, very good service.",أنهيت المعاملة عبر الجوال خلال دقيقتين.
CS-03081,2026-06-01,2026-06-01,Riyadh,RIY,Social Support & Subsidies,Branch,Citizen,35-44,5,4,10,1,Yes,Positive,Finished it on my phone in two minutes.,أسهل بكثير من زيارة الفرع.
CS-03082,2026-05-05,2026-05-01,Tabuk,TBK,Labour & HR Services,Mobile App,Resident,45-54,5,5,10,1,Yes,Positive,Clear steps and instant confirmation.,تسجيل الدخول عبر نفاذ عمل من أول مرة.
CS-03083,2026-01-11,2026-01-01,Riyadh,RIY,Municipal Services,Mobile App,Citizen,25-34,5,5,10,1,Yes,Positive,Much easier than going to the branch.,أسهل بكثير من زيارة الفرع.
CS-03084,2026-06-06,2026-06-01,Hail,HAL,Business & Licensing,Mobile App,Resident,35-44,5,5,9,1,Yes,Positive,Finished it on my phone in two minutes.,أسهل بكثير من زيارة الفرع.
CS-03085,2026-04-16,2026-04-01,Riyadh,RIY,Identity & Civil Affairs,Mobile App,Citizen,18-24,5,5,10,1,Yes,Positive,"No paperwork needed, very good service.",تسجيل الدخول عبر نفاذ عمل من أول مرة.
CS-03086,2026-06-23,2026-06-01,Najran,NJR,Municipal Services,Branch,Citizen,45-54,3,4,5,0,Maybe,Neutral,"Fine, though I had to call to confirm.",تمت الخدمة لكن الصياغة غير واضحة.
CS-03087,2026-04-16,2026-04-01,Makkah,MAK,Justice & Notary,Branch,Business,25-34,4,5,6,1,Yes,Positive,Clear steps and instant confirmation.,تسجيل الدخول عبر نفاذ عمل من أول مرة.
CS-03088,2026-05-16,2026-05-01,Riyadh,RIY,Traffic & Transport,Branch,Resident,25-34,3,2,8,0,Maybe,Neutral,Took longer than I expected.,تمت الخدمة لكن الصياغة غير واضحة.
CS-03089,2026-03-24,2026-03-01,Qassim,QSM,Justice & Notary,Branch,Citizen,45-54,4,5,7,0,Yes,Positive,Finished it on my phone in two minutes.,تسجيل الدخول عبر نفاذ عمل من أول مرة.
CS-03090,2026-05-24,2026-05-01,Eastern Province,EAS,Municipal Services,Branch,Citizen,25-34,4,3,7,0,Yes,Positive,Much easier than going to the branch.,أنهيت المعاملة عبر الجوال خلال دقيقتين.
CS-03091,2026-05-01,2026-05-01,Makkah,MAK,Education & Training,Mobile App,Citizen,18-24,5,5,10,1,Yes,Positive,Clear steps and instant confirmation.,تسجيل الدخول عبر نفاذ عمل من أول مرة.
CS-03092,2026-05-26,2026-05-01,Makkah,MAK,Education & Training,Web Portal,Resident,25-34,5,5,10,1,Yes,Positive,The Nafath login worked first time.,أسهل بكثير من زيارة الفرع.
CS-03093,2026-06-20,2026-06-01,Eastern Province,EAS,Labour & HR Services,Web Portal,Citizen,18-24,5,5,10,1,Yes,Positive,"No paperwork needed, very good service.",الخطوات واضحة والتأكيد فوري.
CS-03094,2026-05-12,2026-05-01,Asir,ASR,Health Services,Branch,Citizen,18-24,3,4,6,0,Maybe,Neutral,"Fine, though I had to call to confirm.",تمت الخدمة لكن الصياغة غير واضحة.
CS-03095,2026-04-16,2026-04-01,Jazan,JZN,Health Services,Mobile App,Citizen,25-34,4,3,8,1,Yes,Positive,Much easier than going to the branch.,الخطوات واضحة والتأكيد فوري.
CS-03096,2026-01-22,2026-01-01,Riyadh,RIY,Identity & Civil Affairs,Branch,Citizen,25-34,4,5,6,1,Yes,Positive,Clear steps and instant confirmation.,أنهيت المعاملة عبر الجوال خلال دقيقتين.
CS-03097,2026-02-08,2026-02-01,Riyadh,RIY,Education & Training,Web Portal,Business,35-44,5,4,9,0,Yes,Positive,Finished it on my phone in two minutes.,أسهل بكثير من زيارة الفرع.
CS-03098,2026-05-14,2026-05-01,Eastern Province,EAS,Traffic & Transport,Web Portal,Citizen,25-34,4,4,8,0,Yes,Positive,Finished it on my phone in two minutes.,أنهيت المعاملة عبر الجوال خلال دقيقتين.
CS-03099,2026-01-02,2026-01-01,Riyadh,RIY,Social Support & Subsidies,Mobile App,Business,25-34,5,4,10,1,Yes,Positive,"No paperwork needed, very good service.",أسهل بكثير من زيارة الفرع.
CS-03100,2026-03-06,2026-03-01,Riyadh,RIY,Traffic & Transport,Web Portal,Citizen,25-34,5,4,10,1,Yes,Positive,Clear steps and instant confirmation.,أنهيت المعاملة عبر الجوال خلال دقيقتين.
CS-03101,2026-04-02,2026-04-01,Madinah,MAD,Labour & HR Services,Branch,Business,35-44,4,5,7,1,Yes,Positive,"No paperwork needed, very good service.",الخطوات واضحة والتأكيد فوري.
CS-03102,2026-05-27,2026-05-01,Makkah,MAK,Justice & Notary,Mobile App,Citizen,55-64,4,3,10,1,Yes,Positive,Finished it on my phone in two minutes.,تسجيل الدخول عبر نفاذ عمل من أول مرة.
CS-03103,2026-01-06,2026-01-01,Najran,NJR,Health Services,Web Portal,Citizen,25-34,4,5,10,1,Yes,Positive,Much easier than going to the branch.,أسهل بكثير من زيارة الفرع.
CS-03104,2026-03-17,2026-03-01,Makkah,MAK,Labour & HR Services,Branch,Business,35-44,2,2,4,1,No,Negative,The document upload kept rejecting my file.,انتظرت أربعين دقيقة ثم أُغلق الشباك.
CS-03105,2026-05-11,2026-05-01,Makkah,MAK,Health Services,Mobile App,Citizen,35-44,4,3,10,1,Yes,Positive,"No paperwork needed, very good service.",تسجيل الدخول عبر نفاذ عمل من أول مرة.
CS-03106,2026-05-04,2026-05-01,Riyadh,RIY,Identity & Civil Affairs,Branch,Citizen,25-34,4,4,9,1,Yes,Positive,Much easier than going to the branch.,الخطوات واضحة والتأكيد فوري.
CS-03107,2026-06-13,2026-06-01,Asir,ASR,Justice & Notary,Call Center,Citizen,45-54,4,5,6,1,Yes,Positive,The Nafath login worked first time.,الخطوات واضحة والتأكيد فوري.
CS-03108,2026-02-15,2026-02-01,Makkah,MAK,Health Services,Mobile App,Citizen,45-54,5,5,10,1,Yes,Positive,The Nafath login worked first time.,تسجيل الدخول عبر نفاذ عمل من أول مرة.
CS-03109,2026-03-14,2026-03-01,Riyadh,RIY,Municipal Services,Mobile App,Citizen,25-34,5,4,10,1,Yes,Positive,Finished it on my phone in two minutes.,أنهيت المعاملة عبر الجوال خلال دقيقتين.
CS-03110,2026-01-25,2026-01-01,Riyadh,RIY,Education & Training,Branch,Citizen,55-64,2,1,6,1,No,Negative,The authentication failed three times and I gave up.,انتظرت أربعين دقيقة ثم أُغلق الشباك.
CS-03111,2026-05-05,2026-05-01,Riyadh,RIY,Labour & HR Services,Mobile App,Business,35-44,5,5,10,1,Yes,Positive,Finished it on my phone in two minutes.,أنهيت المعاملة عبر الجوال خلال دقيقتين.
CS-03112,2026-02-17,2026-02-01,Northern Borders,NBR,Justice & Notary,Mobile App,Citizen,65+,3,2,7,0,Maybe,Neutral,Took longer than I expected.,مقبولة لكن اضطررت للاتصال للتأكيد.
CS-03113,2026-05-16,2026-05-01,Makkah,MAK,Health Services,Mobile App,Citizen,25-34,5,5,8,1,Yes,Positive,Much easier than going to the branch.,الخطوات واضحة والتأكيد فوري.
CS-03114,2026-03-17,2026-03-01,Riyadh,RIY,Traffic & Transport,Mobile App,Citizen,65+,3,4,8,0,Maybe,Neutral,It worked but the wording was confusing.,تمت الخدمة لكن الصياغة غير واضحة.
CS-03115,2026-06-18,2026-06-01,Eastern Province,EAS,Identity & Civil Affairs,Mobile App,Resident,35-44,4,3,7,1,Yes,Positive,Much easier than going to the branch.,أنهيت المعاملة عبر الجوال خلال دقيقتين.
CS-03116,2026-05-25,2026-05-01,Riyadh,RIY,Traffic & Transport,Mobile App,Citizen,35-44,5,5,8,1,Yes,Positive,Clear steps and instant confirmation.,تسجيل الدخول عبر نفاذ عمل من أول مرة.
CS-03117,2026-06-16,2026-06-01,Asir,ASR,Education & Training,Mobile App,Citizen,18-24,4,3,6,1,Yes,Positive,Much easier than going to the branch.,أسهل بكثير من زيارة الفرع.
CS-03118,2026-03-28,2026-03-01,Qassim,QSM,Labour & HR Services,Call Center,Business,35-44,4,3,10,1,Yes,Positive,Clear steps and instant confirmation.,أسهل بكثير من زيارة الفرع.
CS-03119,2026-06-23,2026-06-01,Jazan,JZN,Labour & HR Services,Mobile App,Citizen,25-34,4,5,10,1,Yes,Positive,Clear steps and instant confirmation.,أسهل بكثير من زيارة الفرع.
CS-03120,2026-04-20,2026-04-01,Madinah,MAD,Identity & Civil Affairs,Call Center,Citizen,35-44,4,3,8,1,Yes,Positive,Finished it on my phone in two minutes.,تسجيل الدخول عبر نفاذ عمل من أول مرة.
CS-03121,2026-06-16,2026-06-01,Tabuk,TBK,Health Services,Call Center,Resident,25-34,4,3,10,1,Yes,Positive,Much easier than going to the branch.,الخطوات واضحة والتأكيد فوري.
CS-03122,2026-03-19,2026-03-01,Riyadh,RIY,Traffic & Transport,Web Portal,Business,35-44,4,3,10,1,Yes,Positive,The Nafath login worked first time.,أنهيت المعاملة عبر الجوال خلال دقيقتين.
CS-03123,2026-03-13,2026-03-01,Makkah,MAK,Identity & Civil Affairs,Mobile App,Citizen,25-34,4,5,10,1,Yes,Positive,Much easier than going to the branch.,أسهل بكثير من زيارة الفرع.
CS-03124,2026-06-25,2026-06-01,Qassim,QSM,Traffic & Transport,Branch,Citizen,25-34,3,3,4,0,Maybe,Neutral,"Fine, though I had to call to confirm.",مقبولة لكن اضطررت للاتصال للتأكيد.
CS-03125,2026-01-27,2026-01-01,Riyadh,RIY,Social Support & Subsidies,Web Portal,Resident,45-54,5,5,10,1,Yes,Positive,The Nafath login worked first time.,تسجيل الدخول عبر نفاذ عمل من أول مرة.
CS-03126,2026-01-11,2026-01-01,Makkah,MAK,Identity & Civil Affairs,Mobile App,Citizen,35-44,5,5,10,1,Yes,Positive,The Nafath login worked first time.,تسجيل الدخول عبر نفاذ عمل من أول مرة.
CS-03127,2026-05-21,2026-05-01,Jazan,JZN,Labour & HR Services,Web Portal,Resident,18-24,2,1,5,0,No,Negative,I had to visit the branch anyway.,اضطررت لزيارة الفرع رغم ذلك.
CS-03128,2026-04-04,2026-04-01,Jazan,JZN,Business & Licensing,Branch,Citizen,18-24,3,3,8,1,Maybe,Neutral,It worked but the wording was confusing.,تمت الخدمة لكن الصياغة غير واضحة.
CS-03129,2026-03-27,2026-03-01,Jazan,JZN,Traffic & Transport,Mobile App,Citizen,35-44,3,3,4,0,Maybe,Neutral,It worked but the wording was confusing.,استغرقت وقتاً أطول مما توقعت.
CS-03130,2026-03-09,2026-03-01,Qassim,QSM,Identity & Civil Affairs,Mobile App,Resident,45-54,5,4,10,1,Yes,Positive,The Nafath login worked first time.,أنهيت المعاملة عبر الجوال خلال دقيقتين.
CS-03131,2026-03-10,2026-03-01,Riyadh,RIY,Health Services,Mobile App,Resident,35-44,5,5,8,1,Yes,Positive,The Nafath login worked first time.,أسهل بكثير من زيارة الفرع.
CS-03132,2026-04-05,2026-04-01,Asir,ASR,Identity & Civil Affairs,Call Center,Citizen,35-44,4,3,9,1,Yes,Positive,"No paperwork needed, very good service.",تسجيل الدخول عبر نفاذ عمل من أول مرة.
CS-03133,2026-05-07,2026-05-01,Al-Jouf,JOF,Identity & Civil Affairs,Call Center,Resident,25-34,3,2,8,1,Maybe,Neutral,"Fine, though I had to call to confirm.",مقبولة لكن اضطررت للاتصال للتأكيد.
CS-03134,2026-06-20,2026-06-01,Makkah,MAK,Labour & HR Services,Branch,Citizen,25-34,3,3,7,0,Maybe,Neutral,Took longer than I expected.,استغرقت وقتاً أطول مما توقعت.
CS-03135,2026-02-02,2026-02-01,Asir,ASR,Social Support & Subsidies,Branch,Citizen,25-34,3,3,6,1,Maybe,Neutral,It worked but the wording was confusing.,مقبولة لكن اضطررت للاتصال للتأكيد.
CS-03136,2026-03-18,2026-03-01,Riyadh,RIY,Identity & Civil Affairs,Call Center,Citizen,35-44,5,5,9,1,Yes,Positive,"No paperwork needed, very good service.",تسجيل الدخول عبر نفاذ عمل من أول مرة.
CS-03137,2026-02-06,2026-02-01,Makkah,MAK,Health Services,Mobile App,Citizen,45-54,4,5,8,1,Yes,Positive,"No paperwork needed, very good service.",أنهيت المعاملة عبر الجوال خلال دقيقتين.
CS-03138,2026-02-02,2026-02-01,Riyadh,RIY,Municipal Services,Mobile App,Citizen,35-44,5,5,8,0,Yes,Positive,Clear steps and instant confirmation.,أنهيت المعاملة عبر الجوال خلال دقيقتين.
CS-03139,2026-01-17,2026-01-01,Riyadh,RIY,Justice & Notary,Call Center,Business,18-24,3,3,6,0,Maybe,Neutral,It worked but the wording was confusing.,استغرقت وقتاً أطول مما توقعت.
CS-03140,2026-05-14,2026-05-01,Makkah,MAK,Municipal Services,Web Portal,Business,25-34,3,3,6,0,Maybe,Neutral,Took longer than I expected.,تمت الخدمة لكن الصياغة غير واضحة.
CS-03141,2026-01-11,2026-01-01,Makkah,MAK,Health Services,Branch,Citizen,25-34,4,5,8,1,Yes,Positive,Clear steps and instant confirmation.,أنهيت المعاملة عبر الجوال خلال دقيقتين.
CS-03142,2026-03-04,2026-03-01,Eastern Province,EAS,Health Services,Web Portal,Citizen,55-64,5,5,10,1,Yes,Positive,Finished it on my phone in two minutes.,أنهيت المعاملة عبر الجوال خلال دقيقتين.
CS-03143,2026-01-27,2026-01-01,Makkah,MAK,Social Support & Subsidies,Branch,Business,35-44,3,4,4,1,Maybe,Neutral,Took longer than I expected.,مقبولة لكن اضطررت للاتصال للتأكيد.
CS-03144,2026-03-07,2026-03-01,Eastern Province,EAS,Labour & HR Services,Call Center,Citizen,35-44,3,4,8,0,Maybe,Neutral,Acceptable but the receipt was hard to find.,تمت الخدمة لكن الصياغة غير واضحة.
CS-03145,2026-03-01,2026-03-01,Jazan,JZN,Education & Training,Call Center,Citizen,45-54,3,2,7,1,Maybe,Neutral,"Fine, though I had to call to confirm.",استغرقت وقتاً أطول مما توقعت.
CS-03146,2026-03-11,2026-03-01,Riyadh,RIY,Labour & HR Services,Mobile App,Citizen,45-54,4,5,9,1,Yes,Positive,Finished it on my phone in two minutes.,الخطوات واضحة والتأكيد فوري.
CS-03147,2026-01-04,2026-01-01,Riyadh,RIY,Identity & Civil Affairs,Call Center,Citizen,25-34,4,4,7,0,Yes,Positive,Clear steps and instant confirmation.,أسهل بكثير من زيارة الفرع.
CS-03148,2026-02-03,2026-02-01,Eastern Province,EAS,Justice & Notary,Branch,Citizen,45-54,5,4,10,1,Yes,Positive,"No paperwork needed, very good service.",أسهل بكثير من زيارة الفرع.
CS-03149,2026-05-03,2026-05-01,Makkah,MAK,Traffic & Transport,Web Portal,Resident,18-24,5,5,8,1,Yes,Positive,Clear steps and instant confirmation.,تسجيل الدخول عبر نفاذ عمل من أول مرة.
CS-03150,2026-06-14,2026-06-01,Tabuk,TBK,Traffic & Transport,Mobile App,Resident,35-44,5,4,10,1,Yes,Positive,Finished it on my phone in two minutes.,أنهيت المعاملة عبر الجوال خلال دقيقتين.
CS-03151,2026-05-11,2026-05-01,Asir,ASR,Business & Licensing,Call Center,Citizen,45-54,3,4,8,1,Maybe,Neutral,Took longer than I expected.,تمت الخدمة لكن الصياغة غير واضحة.
CS-03152,2026-06-25,2026-06-01,Al-Baha,BAH,Traffic & Transport,Mobile App,Citizen,45-54,4,3,8,1,Yes,Positive,The Nafath login worked first time.,أنهيت المعاملة عبر الجوال خلال دقيقتين.
CS-03153,2026-05-05,2026-05-01,Makkah,MAK,Social Support & Subsidies,Branch,Citizen,25-34,3,4,8,1,Maybe,Neutral,Acceptable but the receipt was hard to find.,تمت الخدمة لكن الصياغة غير واضحة.
CS-03154,2026-06-23,2026-06-01,Makkah,MAK,Traffic & Transport,Web Portal,Citizen,35-44,5,4,10,1,Yes,Positive,Clear steps and instant confirmation.,أسهل بكثير من زيارة الفرع.
CS-03155,2026-01-18,2026-01-01,Jazan,JZN,Traffic & Transport,Branch,Citizen,35-44,3,3,4,1,Maybe,Neutral,"Fine, though I had to call to confirm.",استغرقت وقتاً أطول مما توقعت.
CS-03156,2026-05-11,2026-05-01,Riyadh,RIY,Labour & HR Services,Mobile App,Citizen,35-44,4,4,7,1,Yes,Positive,Much easier than going to the branch.,أسهل بكثير من زيارة الفرع.
CS-03157,2026-05-25,2026-05-01,Riyadh,RIY,Traffic & Transport,Branch,Citizen,18-24,4,3,10,1,Yes,Positive,The Nafath login worked first time.,أسهل بكثير من زيارة الفرع.
CS-03158,2026-01-24,2026-01-01,Riyadh,RIY,Health Services,Mobile App,Resident,25-34,5,5,9,1,Yes,Positive,The Nafath login worked first time.,أنهيت المعاملة عبر الجوال خلال دقيقتين.
CS-03159,2026-06-24,2026-06-01,Riyadh,RIY,Justice & Notary,Mobile App,Citizen,35-44,5,4,9,1,Yes,Positive,Much easier than going to the branch.,أنهيت المعاملة عبر الجوال خلال دقيقتين.
CS-03160,2026-03-23,2026-03-01,Eastern Province,EAS,Health Services,Web Portal,Resident,35-44,4,5,6,1,Yes,Positive,Clear steps and instant confirmation.,أسهل بكثير من زيارة الفرع.
CS-03161,2026-02-05,2026-02-01,Madinah,MAD,Labour & HR Services,Mobile App,Resident,18-24,5,4,8,1,Yes,Positive,Finished it on my phone in two minutes.,تسجيل الدخول عبر نفاذ عمل من أول مرة.
CS-03162,2026-04-14,2026-04-01,Al-Jouf,JOF,Education & Training,Call Center,Citizen,25-34,5,4,10,1,Yes,Positive,"No paperwork needed, very good service.",أنهيت المعاملة عبر الجوال خلال دقيقتين.
CS-03163,2026-01-28,2026-01-01,Makkah,MAK,Identity & Civil Affairs,Mobile App,Citizen,35-44,4,3,6,1,Yes,Positive,"No paperwork needed, very good service.",تسجيل الدخول عبر نفاذ عمل من أول مرة.
CS-03164,2026-05-08,2026-05-01,Riyadh,RIY,Education & Training,Mobile App,Citizen,25-34,5,5,9,1,Yes,Positive,Clear steps and instant confirmation.,تسجيل الدخول عبر نفاذ عمل من أول مرة.
CS-03165,2026-02-09,2026-02-01,Eastern Province,EAS,Labour & HR Services,Mobile App,Citizen,45-54,5,4,9,0,Yes,Positive,Much easier than going to the branch.,تسجيل الدخول عبر نفاذ عمل من أول مرة.
CS-03166,2026-02-27,2026-02-01,Madinah,MAD,Health Services,Call Center,Citizen,55-64,3,2,7,1,Maybe,Neutral,Took longer than I expected.,مقبولة لكن اضطررت للاتصال للتأكيد.
CS-03167,2026-06-25,2026-06-01,Makkah,MAK,Traffic & Transport,Mobile App,Citizen,18-24,4,5,6,1,Yes,Positive,"No paperwork needed, very good service.",تسجيل الدخول عبر نفاذ عمل من أول مرة.
CS-03168,2026-04-22,2026-04-01,Eastern Province,EAS,Identity & Civil Affairs,Call Center,Business,18-24,3,3,4,0,Maybe,Neutral,Took longer than I expected.,استغرقت وقتاً أطول مما توقعت.
CS-03169,2026-06-07,2026-06-01,Riyadh,RIY,Municipal Services,Call Center,Resident,45-54,4,3,8,1,Yes,Positive,The Nafath login worked first time.,أنهيت المعاملة عبر الجوال خلال دقيقتين.
CS-03170,2026-03-24,2026-03-01,Qassim,QSM,Health Services,Call Center,Citizen,35-44,4,5,9,1,Yes,Positive,Clear steps and instant confirmation.,الخطوات واضحة والتأكيد فوري.
CS-03171,2026-04-11,2026-04-01,Makkah,MAK,Municipal Services,Mobile App,Citizen,35-44,4,5,9,0,Yes,Positive,The Nafath login worked first time.,أسهل بكثير من زيارة الفرع.
CS-03172,2026-04-13,2026-04-01,Makkah,MAK,Municipal Services,Branch,Citizen,55-64,3,4,6,1,Maybe,Neutral,"Fine, though I had to call to confirm.",استغرقت وقتاً أطول مما توقعت.
CS-03173,2026-05-28,2026-05-01,Makkah,MAK,Labour & HR Services,Web Portal,Citizen,55-64,4,4,9,1,Yes,Positive,"No paperwork needed, very good service.",الخطوات واضحة والتأكيد فوري.
CS-03174,2026-05-22,2026-05-01,Makkah,MAK,Health Services,Branch,Citizen,65+,3,2,4,0,Maybe,Neutral,"Fine, though I had to call to confirm.",تمت الخدمة لكن الصياغة غير واضحة.
CS-03175,2026-04-05,2026-04-01,Makkah,MAK,Identity & Civil Affairs,Call Center,Citizen,35-44,4,4,8,1,Yes,Positive,Clear steps and instant confirmation.,الخطوات واضحة والتأكيد فوري.
CS-03176,2026-02-15,2026-02-01,Makkah,MAK,Labour & HR Services,Mobile App,Citizen,35-44,2,1,6,1,No,Negative,The authentication failed three times and I gave up.,رفع المستند يُرفض باستمرار.
CS-03177,2026-04-28,2026-04-01,Riyadh,RIY,Municipal Services,Mobile App,Citizen,35-44,5,4,10,1,Yes,Positive,Finished it on my phone in two minutes.,أنهيت المعاملة عبر الجوال خلال دقيقتين.
CS-03178,2026-06-19,2026-06-01,Riyadh,RIY,Municipal Services,Web Portal,Citizen,25-34,4,4,9,1,Yes,Positive,The Nafath login worked first time.,الخطوات واضحة والتأكيد فوري.
CS-03179,2026-03-14,2026-03-01,Asir,ASR,Education & Training,Web Portal,Citizen,18-24,4,3,8,0,Yes,Positive,"No paperwork needed, very good service.",أنهيت المعاملة عبر الجوال خلال دقيقتين.
CS-03180,2026-01-19,2026-01-01,Madinah,MAD,Identity & Civil Affairs,Web Portal,Citizen,25-34,5,5,10,1,Yes,Positive,Much easier than going to the branch.,تسجيل الدخول عبر نفاذ عمل من أول مرة.
CS-03181,2026-05-10,2026-05-01,Madinah,MAD,Education & Training,Mobile App,Resident,65+,5,4,10,1,Yes,Positive,The Nafath login worked first time.,أنهيت المعاملة عبر الجوال خلال دقيقتين.
CS-03182,2026-02-06,2026-02-01,Al-Jouf,JOF,Municipal Services,Mobile App,Resident,55-64,4,3,10,0,Yes,Positive,"No paperwork needed, very good service.",أسهل بكثير من زيارة الفرع.
CS-03183,2026-02-09,2026-02-01,Riyadh,RIY,Labour & HR Services,Mobile App,Citizen,35-44,5,4,9,0,Yes,Positive,The Nafath login worked first time.,أسهل بكثير من زيارة الفرع.
CS-03184,2026-05-10,2026-05-01,Riyadh,RIY,Traffic & Transport,Branch,Citizen,35-44,3,4,6,0,Maybe,Neutral,Acceptable but the receipt was hard to find.,استغرقت وقتاً أطول مما توقعت.
CS-03185,2026-01-22,2026-01-01,Madinah,MAD,Social Support & Subsidies,Mobile App,Citizen,18-24,4,3,6,1,Yes,Positive,Finished it on my phone in two minutes.,أنهيت المعاملة عبر الجوال خلال دقيقتين.
CS-03186,2026-01-10,2026-01-01,Madinah,MAD,Social Support & Subsidies,Mobile App,Business,18-24,4,3,6,1,Yes,Positive,Much easier than going to the branch.,تسجيل الدخول عبر نفاذ عمل من أول مرة.
CS-03187,2026-02-03,2026-02-01,Riyadh,RIY,Labour & HR Services,Mobile App,Citizen,65+,5,4,9,1,Yes,Positive,Much easier than going to the branch.,تسجيل الدخول عبر نفاذ عمل من أول مرة.
CS-03188,2026-02-04,2026-02-01,Makkah,MAK,Identity & Civil Affairs,Mobile App,Citizen,45-54,4,5,10,1,Yes,Positive,Finished it on my phone in two minutes.,تسجيل الدخول عبر نفاذ عمل من أول مرة.
CS-03189,2026-01-17,2026-01-01,Makkah,MAK,Business & Licensing,Web Portal,Citizen,18-24,3,3,6,1,Maybe,Neutral,"Fine, though I had to call to confirm.",مقبولة لكن اضطررت للاتصال للتأكيد.
CS-03190,2026-04-06,2026-04-01,Eastern Province,EAS,Business & Licensing,Mobile App,Citizen,25-34,4,4,8,1,Yes,Positive,Clear steps and instant confirmation.,أسهل بكثير من زيارة الفرع.
CS-03191,2026-02-19,2026-02-01,Riyadh,RIY,Health Services,Branch,Citizen,25-34,3,3,6,0,Maybe,Neutral,It worked but the wording was confusing.,مقبولة لكن اضطررت للاتصال للتأكيد.
CS-03192,2026-02-12,2026-02-01,Qassim,QSM,Education & Training,Web Portal,Business,35-44,5,5,8,1,Yes,Positive,The Nafath login worked first time.,أنهيت المعاملة عبر الجوال خلال دقيقتين.
CS-03193,2026-06-07,2026-06-01,Eastern Province,EAS,Business & Licensing,Mobile App,Citizen,35-44,3,3,8,1,Maybe,Neutral,Took longer than I expected.,تمت الخدمة لكن الصياغة غير واضحة.
CS-03194,2026-02-01,2026-02-01,Riyadh,RIY,Municipal Services,Mobile App,Citizen,25-34,4,5,7,1,Yes,Positive,"No paperwork needed, very good service.",أنهيت المعاملة عبر الجوال خلال دقيقتين.
CS-03195,2026-01-18,2026-01-01,Eastern Province,EAS,Education & Training,Mobile App,Citizen,65+,3,3,5,0,Maybe,Neutral,Took longer than I expected.,استغرقت وقتاً أطول مما توقعت.
CS-03196,2026-04-02,2026-04-01,Riyadh,RIY,Education & Training,Call Center,Citizen,55-64,3,2,7,1,Maybe,Neutral,Took longer than I expected.,استغرقت وقتاً أطول مما توقعت.
CS-03197,2026-04-10,2026-04-01,Eastern Province,EAS,Identity & Civil Affairs,Mobile App,Citizen,25-34,4,3,9,1,Yes,Positive,Finished it on my phone in two minutes.,الخطوات واضحة والتأكيد فوري.
CS-03198,2026-02-24,2026-02-01,Riyadh,RIY,Health Services,Web Portal,Resident,35-44,5,5,10,1,Yes,Positive,Much easier than going to the branch.,الخطوات واضحة والتأكيد فوري.
CS-03199,2026-05-20,2026-05-01,Makkah,MAK,Health Services,Call Center,Resident,35-44,3,2,7,1,Maybe,Neutral,Acceptable but the receipt was hard to find.,تمت الخدمة لكن الصياغة غير واضحة.
CS-03200,2026-03-19,2026-03-01,Riyadh,RIY,Traffic & Transport,Mobile App,Citizen,35-44,3,3,4,1,Maybe,Neutral,Took longer than I expected.,تمت الخدمة لكن الصياغة غير واضحة.
CS-03201,2026-02-06,2026-02-01,Makkah,MAK,Labour & HR Services,Call Center,Citizen,35-44,4,4,9,1,Yes,Positive,The Nafath login worked first time.,أسهل بكثير من زيارة الفرع.
CS-03202,2026-01-20,2026-01-01,Eastern Province,EAS,Identity & Civil Affairs,Call Center,Citizen,35-44,4,3,9,1,Yes,Positive,Clear steps and instant confirmation.,الخطوات واضحة والتأكيد فوري.
CS-03203,2026-02-26,2026-02-01,Madinah,MAD,Education & Training,Mobile App,Citizen,45-54,4,4,9,1,Yes,Positive,"No paperwork needed, very good service.",الخطوات واضحة والتأكيد فوري.
CS-03204,2026-05-04,2026-05-01,Eastern Province,EAS,Health Services,Mobile App,Citizen,35-44,4,3,7,1,Yes,Positive,Much easier than going to the branch.,أنهيت المعاملة عبر الجوال خلال دقيقتين.
CS-03205,2026-01-21,2026-01-01,Jazan,JZN,Traffic & Transport,Mobile App,Citizen,55-64,5,4,9,0,Yes,Positive,Much easier than going to the branch.,تسجيل الدخول عبر نفاذ عمل من أول مرة.
CS-03206,2026-03-17,2026-03-01,Riyadh,RIY,Health Services,Call Center,Business,25-34,4,4,8,0,Yes,Positive,Finished it on my phone in two minutes.,تسجيل الدخول عبر نفاذ عمل من أول مرة.
CS-03207,2026-05-28,2026-05-01,Makkah,MAK,Identity & Civil Affairs,Mobile App,Citizen,25-34,2,3,4,0,No,Negative,The authentication failed three times and I gave up.,انتظرت أربعين دقيقة ثم أُغلق الشباك.
CS-03208,2026-04-01,2026-04-01,Al-Jouf,JOF,Traffic & Transport,Call Center,Business,25-34,4,4,7,1,Yes,Positive,"No paperwork needed, very good service.",أسهل بكثير من زيارة الفرع.
CS-03209,2026-06-06,2026-06-01,Riyadh,RIY,Education & Training,Web Portal,Citizen,35-44,3,3,7,0,Maybe,Neutral,It worked but the wording was confusing.,مقبولة لكن اضطررت للاتصال للتأكيد.
CS-03210,2026-03-10,2026-03-01,Eastern Province,EAS,Business & Licensing,Web Portal,Citizen,18-24,3,3,7,1,Maybe,Neutral,It worked but the wording was confusing.,استغرقت وقتاً أطول مما توقعت.
CS-03211,2026-04-02,2026-04-01,Makkah,MAK,Education & Training,Web Portal,Citizen,35-44,5,5,10,1,Yes,Positive,Much easier than going to the branch.,الخطوات واضحة والتأكيد فوري.
CS-03212,2026-04-22,2026-04-01,Makkah,MAK,Health Services,Mobile App,Citizen,25-34,3,4,7,1,Maybe,Neutral,Took longer than I expected.,استغرقت وقتاً أطول مما توقعت.
CS-03213,2026-03-24,2026-03-01,Qassim,QSM,Identity & Civil Affairs,Branch,Citizen,35-44,3,2,7,1,Maybe,Neutral,It worked but the wording was confusing.,استغرقت وقتاً أطول مما توقعت.
CS-03214,2026-05-07,2026-05-01,Riyadh,RIY,Identity & Civil Affairs,Web Portal,Citizen,25-34,4,3,7,1,Yes,Positive,Much easier than going to the branch.,أنهيت المعاملة عبر الجوال خلال دقيقتين.
CS-03215,2026-05-06,2026-05-01,Najran,NJR,Justice & Notary,Mobile App,Resident,45-54,5,5,9,1,Yes,Positive,Finished it on my phone in two minutes.,أسهل بكثير من زيارة الفرع.
CS-03216,2026-02-04,2026-02-01,Jazan,JZN,Health Services,Mobile App,Citizen,25-34,4,3,7,1,Yes,Positive,Finished it on my phone in two minutes.,الخطوات واضحة والتأكيد فوري.
CS-03217,2026-04-14,2026-04-01,Makkah,MAK,Identity & Civil Affairs,Mobile App,Citizen,45-54,5,5,10,1,Yes,Positive,"No paperwork needed, very good service.",تسجيل الدخول عبر نفاذ عمل من أول مرة.
CS-03218,2026-04-22,2026-04-01,Makkah,MAK,Health Services,Call Center,Citizen,45-54,4,3,6,1,Yes,Positive,Much easier than going to the branch.,أنهيت المعاملة عبر الجوال خلال دقيقتين.
CS-03219,2026-01-13,2026-01-01,Eastern Province,EAS,Traffic & Transport,Branch,Citizen,18-24,4,5,9,1,Yes,Positive,Much easier than going to the branch.,الخطوات واضحة والتأكيد فوري.
CS-03220,2026-05-01,2026-05-01,Makkah,MAK,Health Services,Web Portal,Citizen,25-34,5,5,10,1,Yes,Positive,"No paperwork needed, very good service.",الخطوات واضحة والتأكيد فوري.
CS-03221,2026-01-20,2026-01-01,Madinah,MAD,Justice & Notary,Mobile App,Citizen,25-34,5,5,9,1,Yes,Positive,Finished it on my phone in two minutes.,أسهل بكثير من زيارة الفرع.
CS-03222,2026-05-21,2026-05-01,Jazan,JZN,Business & Licensing,Call Center,Citizen,55-64,2,2,6,0,No,Negative,The authentication failed three times and I gave up.,اضطررت لزيارة الفرع رغم ذلك.
CS-03223,2026-01-19,2026-01-01,Riyadh,RIY,Health Services,Mobile App,Resident,25-34,5,4,9,1,Yes,Positive,The Nafath login worked first time.,تسجيل الدخول عبر نفاذ عمل من أول مرة.
CS-03224,2026-03-09,2026-03-01,Riyadh,RIY,Municipal Services,Call Center,Resident,35-44,5,4,9,0,Yes,Positive,Clear steps and instant confirmation.,تسجيل الدخول عبر نفاذ عمل من أول مرة.
CS-03225,2026-01-12,2026-01-01,Makkah,MAK,Social Support & Subsidies,Mobile App,Citizen,35-44,5,4,10,1,Yes,Positive,"No paperwork needed, very good service.",أنهيت المعاملة عبر الجوال خلال دقيقتين.
CS-03226,2026-05-04,2026-05-01,Eastern Province,EAS,Business & Licensing,Mobile App,Citizen,45-54,4,5,9,1,Yes,Positive,"No paperwork needed, very good service.",أسهل بكثير من زيارة الفرع.
CS-03227,2026-04-07,2026-04-01,Qassim,QSM,Traffic & Transport,Mobile App,Business,45-54,4,3,9,0,Yes,Positive,"No paperwork needed, very good service.",الخطوات واضحة والتأكيد فوري.
CS-03228,2026-04-18,2026-04-01,Makkah,MAK,Identity & Civil Affairs,Call Center,Citizen,25-34,4,4,8,0,Yes,Positive,The Nafath login worked first time.,الخطوات واضحة والتأكيد فوري.
CS-03229,2026-04-24,2026-04-01,Makkah,MAK,Justice & Notary,Branch,Citizen,25-34,3,2,5,0,Maybe,Neutral,"Fine, though I had to call to confirm.",مقبولة لكن اضطررت للاتصال للتأكيد.
CS-03230,2026-01-26,2026-01-01,Madinah,MAD,Business & Licensing,Mobile App,Citizen,35-44,5,5,10,1,Yes,Positive,Much easier than going to the branch.,الخطوات واضحة والتأكيد فوري.
CS-03231,2026-06-27,2026-06-01,Riyadh,RIY,Justice & Notary,Mobile App,Citizen,55-64,5,5,10,1,Yes,Positive,Much easier than going to the branch.,أنهيت المعاملة عبر الجوال خلال دقيقتين.
CS-03232,2026-06-22,2026-06-01,Riyadh,RIY,Education & Training,Web Portal,Citizen,45-54,5,4,10,1,Yes,Positive,The Nafath login worked first time.,تسجيل الدخول عبر نفاذ عمل من أول مرة.
CS-03233,2026-04-05,2026-04-01,Madinah,MAD,Social Support & Subsidies,Mobile App,Resident,25-34,4,3,6,1,Yes,Positive,Much easier than going to the branch.,أنهيت المعاملة عبر الجوال خلال دقيقتين.
CS-03234,2026-01-18,2026-01-01,Riyadh,RIY,Municipal Services,Mobile App,Citizen,25-34,5,5,10,1,Yes,Positive,"No paperwork needed, very good service.",تسجيل الدخول عبر نفاذ عمل من أول مرة.
CS-03235,2026-06-07,2026-06-01,Riyadh,RIY,Social Support & Subsidies,Mobile App,Citizen,65+,5,5,10,1,Yes,Positive,"No paperwork needed, very good service.",الخطوات واضحة والتأكيد فوري.
CS-03236,2026-04-26,2026-04-01,Riyadh,RIY,Traffic & Transport,Call Center,Citizen,35-44,4,4,7,1,Yes,Positive,The Nafath login worked first time.,أسهل بكثير من زيارة الفرع.
CS-03237,2026-01-08,2026-01-01,Eastern Province,EAS,Justice & Notary,Mobile App,Resident,65+,5,5,10,1,Yes,Positive,Clear steps and instant confirmation.,الخطوات واضحة والتأكيد فوري.
CS-03238,2026-05-16,2026-05-01,Jazan,JZN,Health Services,Call Center,Resident,25-34,5,5,10,1,Yes,Positive,Clear steps and instant confirmation.,تسجيل الدخول عبر نفاذ عمل من أول مرة.
CS-03239,2026-02-13,2026-02-01,Riyadh,RIY,Health Services,Call Center,Citizen,25-34,5,5,8,1,Yes,Positive,The Nafath login worked first time.,الخطوات واضحة والتأكيد فوري.
CS-03240,2026-06-08,2026-06-01,Eastern Province,EAS,Health Services,Mobile App,Citizen,35-44,3,2,4,0,Maybe,Neutral,"Fine, though I had to call to confirm.",استغرقت وقتاً أطول مما توقعت.
CS-03241,2026-03-19,2026-03-01,Riyadh,RIY,Health Services,Mobile App,Resident,25-34,5,5,10,1,Yes,Positive,"No paperwork needed, very good service.",تسجيل الدخول عبر نفاذ عمل من أول مرة.
CS-03242,2026-03-23,2026-03-01,Riyadh,RIY,Identity & Civil Affairs,Mobile App,Citizen,55-64,4,4,9,1,Yes,Positive,Finished it on my phone in two minutes.,أسهل بكثير من زيارة الفرع.
CS-03243,2026-03-25,2026-03-01,Madinah,MAD,Education & Training,Web Portal,Citizen,65+,5,4,8,1,Yes,Positive,Clear steps and instant confirmation.,أسهل بكثير من زيارة الفرع.
CS-03244,2026-01-04,2026-01-01,Riyadh,RIY,Municipal Services,Mobile App,Citizen,25-34,4,3,7,1,Yes,Positive,"No paperwork needed, very good service.",أنهيت المعاملة عبر الجوال خلال دقيقتين.
CS-03245,2026-01-11,2026-01-01,Asir,ASR,Education & Training,Mobile App,Citizen,45-54,4,4,8,1,Yes,Positive,Much easier than going to the branch.,أسهل بكثير من زيارة الفرع.
CS-03246,2026-01-05,2026-01-01,Riyadh,RIY,Business & Licensing,Branch,Citizen,35-44,3,4,5,0,Maybe,Neutral,"Fine, though I had to call to confirm.",استغرقت وقتاً أطول مما توقعت.
CS-03247,2026-05-28,2026-05-01,Madinah,MAD,Municipal Services,Branch,Business,55-64,3,2,7,0,Maybe,Neutral,Took longer than I expected.,استغرقت وقتاً أطول مما توقعت.
CS-03248,2026-06-07,2026-06-01,Riyadh,RIY,Health Services,Branch,Resident,65+,4,5,7,1,Yes,Positive,Much easier than going to the branch.,أنهيت المعاملة عبر الجوال خلال دقيقتين.
CS-03249,2026-01-20,2026-01-01,Madinah,MAD,Labour & HR Services,Web Portal,Citizen,25-34,5,5,10,1,Yes,Positive,Finished it on my phone in two minutes.,الخطوات واضحة والتأكيد فوري.
CS-03250,2026-02-08,2026-02-01,Makkah,MAK,Justice & Notary,Mobile App,Citizen,35-44,5,4,9,1,Yes,Positive,The Nafath login worked first time.,أسهل بكثير من زيارة الفرع.
CS-03251,2026-06-28,2026-06-01,Makkah,MAK,Health Services,Mobile App,Citizen,25-34,5,5,8,1,Yes,Positive,"No paperwork needed, very good service.",تسجيل الدخول عبر نفاذ عمل من أول مرة.
CS-03252,2026-04-10,2026-04-01,Eastern Province,EAS,Social Support & Subsidies,Branch,Citizen,25-34,3,4,5,1,Maybe,Neutral,Took longer than I expected.,تمت الخدمة لكن الصياغة غير واضحة.
CS-03253,2026-06-12,2026-06-01,Al-Baha,BAH,Identity & Civil Affairs,Mobile App,Resident,25-34,5,4,10,1,Yes,Positive,Clear steps and instant confirmation.,أسهل بكثير من زيارة الفرع.
CS-03254,2026-05-07,2026-05-01,Riyadh,RIY,Traffic & Transport,Web Portal,Business,45-54,5,5,10,1,Yes,Positive,"No paperwork needed, very good service.",أسهل بكثير من زيارة الفرع.
CS-03255,2026-03-05,2026-03-01,Tabuk,TBK,Identity & Civil Affairs,Web Portal,Citizen,35-44,3,3,5,0,Maybe,Neutral,Acceptable but the receipt was hard to find.,تمت الخدمة لكن الصياغة غير واضحة.
CS-03256,2026-05-16,2026-05-01,Makkah,MAK,Labour & HR Services,Mobile App,Citizen,18-24,5,4,10,1,Yes,Positive,Much easier than going to the branch.,الخطوات واضحة والتأكيد فوري.
CS-03257,2026-03-05,2026-03-01,Asir,ASR,Education & Training,Call Center,Citizen,35-44,5,5,10,1,Yes,Positive,Much easier than going to the branch.,تسجيل الدخول عبر نفاذ عمل من أول مرة.
CS-03258,2026-05-27,2026-05-01,Makkah,MAK,Justice & Notary,Branch,Citizen,45-54,4,3,7,1,Yes,Positive,"No paperwork needed, very good service.",تسجيل الدخول عبر نفاذ عمل من أول مرة.
CS-03259,2026-01-12,2026-01-01,Tabuk,TBK,Traffic & Transport,Web Portal,Citizen,25-34,3,2,5,0,Maybe,Neutral,"Fine, though I had to call to confirm.",مقبولة لكن اضطررت للاتصال للتأكيد.
CS-03260,2026-04-21,2026-04-01,Riyadh,RIY,Health Services,Call Center,Business,35-44,5,5,10,0,Yes,Positive,Finished it on my phone in two minutes.,أسهل بكثير من زيارة الفرع.
CS-03261,2026-01-05,2026-01-01,Jazan,JZN,Health Services,Branch,Resident,35-44,3,3,4,0,Maybe,Neutral,It worked but the wording was confusing.,تمت الخدمة لكن الصياغة غير واضحة.
CS-03262,2026-03-13,2026-03-01,Riyadh,RIY,Education & Training,Mobile App,Citizen,55-64,5,5,10,0,Yes,Positive,"No paperwork needed, very good service.",الخطوات واضحة والتأكيد فوري.
CS-03263,2026-06-02,2026-06-01,Riyadh,RIY,Education & Training,Mobile App,Citizen,65+,5,5,10,1,Yes,Positive,Finished it on my phone in two minutes.,أنهيت المعاملة عبر الجوال خلال دقيقتين.
CS-03264,2026-02-11,2026-02-01,Tabuk,TBK,Labour & HR Services,Web Portal,Citizen,45-54,3,4,4,0,Maybe,Neutral,Took longer than I expected.,مقبولة لكن اضطررت للاتصال للتأكيد.
CS-03265,2026-02-03,2026-02-01,Asir,ASR,Labour & HR Services,Call Center,Citizen,25-34,4,5,8,1,Yes,Positive,"No paperwork needed, very good service.",أسهل بكثير من زيارة الفرع.
CS-03266,2026-04-25,2026-04-01,Makkah,MAK,Traffic & Transport,Mobile App,Citizen,35-44,5,5,8,0,Yes,Positive,The Nafath login worked first time.,الخطوات واضحة والتأكيد فوري.
CS-03267,2026-05-26,2026-05-01,Riyadh,RIY,Identity & Civil Affairs,Mobile App,Business,18-24,3,4,8,0,Maybe,Neutral,"Fine, though I had to call to confirm.",مقبولة لكن اضطررت للاتصال للتأكيد.
CS-03268,2026-01-06,2026-01-01,Riyadh,RIY,Traffic & Transport,Mobile App,Business,35-44,4,5,8,1,Yes,Positive,Finished it on my phone in two minutes.,أنهيت المعاملة عبر الجوال خلال دقيقتين.
CS-03269,2026-04-22,2026-04-01,Makkah,MAK,Labour & HR Services,Branch,Citizen,35-44,3,3,5,0,Maybe,Neutral,Took longer than I expected.,تمت الخدمة لكن الصياغة غير واضحة.
CS-03270,2026-04-08,2026-04-01,Riyadh,RIY,Labour & HR Services,Branch,Citizen,25-34,4,4,10,0,Yes,Positive,Much easier than going to the branch.,أسهل بكثير من زيارة الفرع.
CS-03271,2026-02-09,2026-02-01,Tabuk,TBK,Municipal Services,Mobile App,Citizen,25-34,4,3,6,1,Yes,Positive,"No paperwork needed, very good service.",أسهل بكثير من زيارة الفرع.
CS-03272,2026-04-23,2026-04-01,Riyadh,RIY,Labour & HR Services,Mobile App,Citizen,25-34,4,4,9,1,Yes,Positive,The Nafath login worked first time.,الخطوات واضحة والتأكيد فوري.
CS-03273,2026-05-23,2026-05-01,Madinah,MAD,Identity & Civil Affairs,Branch,Resident,65+,3,3,6,0,Maybe,Neutral,"Fine, though I had to call to confirm.",مقبولة لكن اضطررت للاتصال للتأكيد.
CS-03274,2026-06-18,2026-06-01,Riyadh,RIY,Traffic & Transport,Mobile App,Citizen,45-54,5,5,10,1,Yes,Positive,"No paperwork needed, very good service.",أنهيت المعاملة عبر الجوال خلال دقيقتين.
CS-03275,2026-01-13,2026-01-01,Najran,NJR,Identity & Civil Affairs,Call Center,Citizen,35-44,3,3,6,0,Maybe,Neutral,"Fine, though I had to call to confirm.",استغرقت وقتاً أطول مما توقعت.
CS-03276,2026-05-09,2026-05-01,Eastern Province,EAS,Justice & Notary,Web Portal,Citizen,25-34,5,5,10,1,Yes,Positive,"No paperwork needed, very good service.",أنهيت المعاملة عبر الجوال خلال دقيقتين.
CS-03277,2026-03-05,2026-03-01,Eastern Province,EAS,Education & Training,Web Portal,Citizen,35-44,4,4,10,1,Yes,Positive,"No paperwork needed, very good service.",أنهيت المعاملة عبر الجوال خلال دقيقتين.
CS-03278,2026-06-26,2026-06-01,Makkah,MAK,Health Services,Mobile App,Citizen,55-64,5,5,10,1,Yes,Positive,Finished it on my phone in two minutes.,تسجيل الدخول عبر نفاذ عمل من أول مرة.
CS-03279,2026-06-01,2026-06-01,Makkah,MAK,Identity & Civil Affairs,Web Portal,Resident,18-24,4,3,9,1,Yes,Positive,The Nafath login worked first time.,الخطوات واضحة والتأكيد فوري.
CS-03280,2026-05-11,2026-05-01,Qassim,QSM,Justice & Notary,Branch,Citizen,35-44,2,1,3,0,No,Negative,The authentication failed three times and I gave up.,فشل التحقق ثلاث مرات فاضطررت للتوقف.
CS-03281,2026-03-28,2026-03-01,Eastern Province,EAS,Education & Training,Mobile App,Citizen,25-34,4,3,10,0,Yes,Positive,Much easier than going to the branch.,الخطوات واضحة والتأكيد فوري.
CS-03282,2026-02-20,2026-02-01,Makkah,MAK,Health Services,Mobile App,Business,35-44,4,5,9,1,Yes,Positive,"No paperwork needed, very good service.",أنهيت المعاملة عبر الجوال خلال دقيقتين.
CS-03283,2026-02-17,2026-02-01,Makkah,MAK,Social Support & Subsidies,Branch,Citizen,18-24,3,4,4,1,Maybe,Neutral,It worked but the wording was confusing.,تمت الخدمة لكن الصياغة غير واضحة.
CS-03284,2026-05-25,2026-05-01,Riyadh,RIY,Traffic & Transport,Mobile App,Resident,18-24,4,3,9,1,Yes,Positive,"No paperwork needed, very good service.",أسهل بكثير من زيارة الفرع.
CS-03285,2026-06-15,2026-06-01,Riyadh,RIY,Education & Training,Mobile App,Resident,45-54,3,2,4,0,Maybe,Neutral,Took longer than I expected.,مقبولة لكن اضطررت للاتصال للتأكيد.
CS-03286,2026-06-16,2026-06-01,Makkah,MAK,Traffic & Transport,Mobile App,Citizen,25-34,5,5,10,1,Yes,Positive,Finished it on my phone in two minutes.,الخطوات واضحة والتأكيد فوري.
CS-03287,2026-01-15,2026-01-01,Makkah,MAK,Social Support & Subsidies,Mobile App,Resident,55-64,3,2,4,0,Maybe,Neutral,"Fine, though I had to call to confirm.",مقبولة لكن اضطررت للاتصال للتأكيد.
CS-03288,2026-04-08,2026-04-01,Riyadh,RIY,Labour & HR Services,Mobile App,Citizen,35-44,4,5,10,0,Yes,Positive,Finished it on my phone in two minutes.,أنهيت المعاملة عبر الجوال خلال دقيقتين.
CS-03289,2026-06-15,2026-06-01,Makkah,MAK,Health Services,Branch,Citizen,55-64,4,3,6,1,Yes,Positive,The Nafath login worked first time.,أنهيت المعاملة عبر الجوال خلال دقيقتين.
CS-03290,2026-05-17,2026-05-01,Asir,ASR,Health Services,Mobile App,Citizen,45-54,5,5,10,1,Yes,Positive,"No paperwork needed, very good service.",الخطوات واضحة والتأكيد فوري.
CS-03291,2026-04-27,2026-04-01,Eastern Province,EAS,Social Support & Subsidies,Mobile App,Citizen,18-24,5,5,9,1,Yes,Positive,Finished it on my phone in two minutes.,أسهل بكثير من زيارة الفرع.
CS-03292,2026-03-08,2026-03-01,Riyadh,RIY,Identity & Civil Affairs,Mobile App,Citizen,45-54,5,5,10,1,Yes,Positive,Finished it on my phone in two minutes.,أنهيت المعاملة عبر الجوال خلال دقيقتين.
CS-03293,2026-05-02,2026-05-01,Riyadh,RIY,Health Services,Mobile App,Citizen,25-34,5,5,10,1,Yes,Positive,Clear steps and instant confirmation.,الخطوات واضحة والتأكيد فوري.
CS-03294,2026-06-12,2026-06-01,Madinah,MAD,Municipal Services,Call Center,Citizen,35-44,3,2,6,0,Maybe,Neutral,Acceptable but the receipt was hard to find.,تمت الخدمة لكن الصياغة غير واضحة.
CS-03295,2026-01-15,2026-01-01,Qassim,QSM,Education & Training,Call Center,Citizen,25-34,3,2,8,1,Maybe,Neutral,Acceptable but the receipt was hard to find.,استغرقت وقتاً أطول مما توقعت.
CS-03296,2026-02-25,2026-02-01,Makkah,MAK,Business & Licensing,Branch,Citizen,45-54,3,3,6,0,Maybe,Neutral,It worked but the wording was confusing.,مقبولة لكن اضطررت للاتصال للتأكيد.
CS-03297,2026-05-27,2026-05-01,Riyadh,RIY,Business & Licensing,Call Center,Citizen,18-24,5,5,10,1,Yes,Positive,Finished it on my phone in two minutes.,تسجيل الدخول عبر نفاذ عمل من أول مرة.
CS-03298,2026-05-21,2026-05-01,Riyadh,RIY,Identity & Civil Affairs,Call Center,Citizen,45-54,2,1,2,0,No,Negative,I had to visit the branch anyway.,فشل التحقق ثلاث مرات فاضطررت للتوقف.
CS-03299,2026-05-22,2026-05-01,Riyadh,RIY,Labour & HR Services,Branch,Citizen,35-44,3,4,8,0,Maybe,Neutral,Took longer than I expected.,تمت الخدمة لكن الصياغة غير واضحة.
CS-03300,2026-04-09,2026-04-01,Jazan,JZN,Justice & Notary,Mobile App,Citizen,45-54,3,4,4,0,Maybe,Neutral,Acceptable but the receipt was hard to find.,تمت الخدمة لكن الصياغة غير واضحة.
CS-03301,2026-04-02,2026-04-01,Makkah,MAK,Identity & Civil Affairs,Call Center,Resident,25-34,5,4,10,1,Yes,Positive,"No paperwork needed, very good service.",تسجيل الدخول عبر نفاذ عمل من أول مرة.
CS-03302,2026-03-03,2026-03-01,Riyadh,RIY,Identity & Civil Affairs,Mobile App,Citizen,25-34,5,4,9,1,Yes,Positive,"No paperwork needed, very good service.",أسهل بكثير من زيارة الفرع.
CS-03303,2026-02-14,2026-02-01,Makkah,MAK,Labour & HR Services,Mobile App,Citizen,18-24,4,4,6,1,Yes,Positive,The Nafath login worked first time.,الخطوات واضحة والتأكيد فوري.
CS-03304,2026-05-06,2026-05-01,Asir,ASR,Identity & Civil Affairs,Branch,Citizen,35-44,5,5,10,1,Yes,Positive,"No paperwork needed, very good service.",أنهيت المعاملة عبر الجوال خلال دقيقتين.
CS-03305,2026-02-09,2026-02-01,Makkah,MAK,Business & Licensing,Branch,Citizen,35-44,2,2,5,0,No,Negative,I had to visit the branch anyway.,فشل التحقق ثلاث مرات فاضطررت للتوقف.
CS-03306,2026-03-08,2026-03-01,Makkah,MAK,Traffic & Transport,Call Center,Business,45-54,3,2,6,1,Maybe,Neutral,Took longer than I expected.,تمت الخدمة لكن الصياغة غير واضحة.
CS-03307,2026-06-13,2026-06-01,Makkah,MAK,Identity & Civil Affairs,Mobile App,Citizen,45-54,5,5,9,1,Yes,Positive,"No paperwork needed, very good service.",الخطوات واضحة والتأكيد فوري.
CS-03308,2026-05-07,2026-05-01,Makkah,MAK,Identity & Civil Affairs,Mobile App,Citizen,18-24,5,5,10,1,Yes,Positive,"No paperwork needed, very good service.",أسهل بكثير من زيارة الفرع.
CS-03309,2026-04-21,2026-04-01,Eastern Province,EAS,Labour & HR Services,Call Center,Citizen,45-54,4,4,6,1,Yes,Positive,Clear steps and instant confirmation.,الخطوات واضحة والتأكيد فوري.
CS-03310,2026-01-04,2026-01-01,Eastern Province,EAS,Business & Licensing,Call Center,Resident,45-54,4,5,8,1,Yes,Positive,Clear steps and instant confirmation.,الخطوات واضحة والتأكيد فوري.
CS-03311,2026-02-23,2026-02-01,Makkah,MAK,Municipal Services,Web Portal,Citizen,25-34,5,5,10,1,Yes,Positive,The Nafath login worked first time.,الخطوات واضحة والتأكيد فوري.
CS-03312,2026-06-17,2026-06-01,Eastern Province,EAS,Business & Licensing,Mobile App,Business,18-24,4,4,8,1,Yes,Positive,"No paperwork needed, very good service.",تسجيل الدخول عبر نفاذ عمل من أول مرة.
CS-03313,2026-03-22,2026-03-01,Al-Jouf,JOF,Education & Training,Call Center,Resident,25-34,4,4,7,1,Yes,Positive,"No paperwork needed, very good service.",الخطوات واضحة والتأكيد فوري.
CS-03314,2026-04-17,2026-04-01,Riyadh,RIY,Traffic & Transport,Branch,Resident,25-34,3,2,4,0,Maybe,Neutral,Acceptable but the receipt was hard to find.,مقبولة لكن اضطررت للاتصال للتأكيد.
CS-03315,2026-03-06,2026-03-01,Eastern Province,EAS,Municipal Services,Branch,Citizen,18-24,4,4,9,1,Yes,Positive,Finished it on my phone in two minutes.,تسجيل الدخول عبر نفاذ عمل من أول مرة.
CS-03316,2026-03-12,2026-03-01,Makkah,MAK,Identity & Civil Affairs,Call Center,Citizen,35-44,4,3,8,0,Yes,Positive,Clear steps and instant confirmation.,أسهل بكثير من زيارة الفرع.
CS-03317,2026-04-13,2026-04-01,Qassim,QSM,Labour & HR Services,Mobile App,Resident,25-34,5,5,10,1,Yes,Positive,Clear steps and instant confirmation.,الخطوات واضحة والتأكيد فوري.
CS-03318,2026-03-15,2026-03-01,Qassim,QSM,Traffic & Transport,Branch,Citizen,35-44,4,3,8,0,Yes,Positive,Finished it on my phone in two minutes.,تسجيل الدخول عبر نفاذ عمل من أول مرة.
CS-03319,2026-05-19,2026-05-01,Makkah,MAK,Health Services,Mobile App,Citizen,45-54,5,4,9,1,Yes,Positive,Much easier than going to the branch.,أنهيت المعاملة عبر الجوال خلال دقيقتين.
CS-03320,2026-04-04,2026-04-01,Qassim,QSM,Identity & Civil Affairs,Mobile App,Resident,45-54,4,4,10,1,Yes,Positive,"No paperwork needed, very good service.",أسهل بكثير من زيارة الفرع.
CS-03321,2026-06-22,2026-06-01,Al-Jouf,JOF,Justice & Notary,Mobile App,Business,25-34,5,4,10,0,Yes,Positive,"No paperwork needed, very good service.",تسجيل الدخول عبر نفاذ عمل من أول مرة.
CS-03322,2026-03-08,2026-03-01,Riyadh,RIY,Business & Licensing,Mobile App,Citizen,45-54,4,3,7,1,Yes,Positive,Finished it on my phone in two minutes.,أنهيت المعاملة عبر الجوال خلال دقيقتين.
CS-03323,2026-04-18,2026-04-01,Asir,ASR,Health Services,Branch,Resident,35-44,4,4,6,1,Yes,Positive,Finished it on my phone in two minutes.,تسجيل الدخول عبر نفاذ عمل من أول مرة.
CS-03324,2026-04-03,2026-04-01,Riyadh,RIY,Identity & Civil Affairs,Mobile App,Citizen,18-24,5,5,10,1,Yes,Positive,The Nafath login worked first time.,أنهيت المعاملة عبر الجوال خلال دقيقتين.
CS-03325,2026-06-08,2026-06-01,Eastern Province,EAS,Labour & HR Services,Mobile App,Citizen,35-44,4,5,9,1,Yes,Positive,Clear steps and instant confirmation.,أنهيت المعاملة عبر الجوال خلال دقيقتين.
CS-03326,2026-04-18,2026-04-01,Al-Jouf,JOF,Health Services,Branch,Citizen,25-34,4,5,10,1,Yes,Positive,"No paperwork needed, very good service.",أسهل بكثير من زيارة الفرع.
CS-03327,2026-05-14,2026-05-01,Qassim,QSM,Health Services,Mobile App,Citizen,35-44,5,5,10,1,Yes,Positive,Finished it on my phone in two minutes.,الخطوات واضحة والتأكيد فوري.
CS-03328,2026-03-13,2026-03-01,Hail,HAL,Social Support & Subsidies,Mobile App,Resident,25-34,5,4,10,0,Yes,Positive,Finished it on my phone in two minutes.,أنهيت المعاملة عبر الجوال خلال دقيقتين.
CS-03329,2026-01-11,2026-01-01,Riyadh,RIY,Social Support & Subsidies,Mobile App,Citizen,55-64,5,4,9,1,Yes,Positive,Finished it on my phone in two minutes.,تسجيل الدخول عبر نفاذ عمل من أول مرة.
CS-03330,2026-01-16,2026-01-01,Jazan,JZN,Identity & Civil Affairs,Mobile App,Resident,18-24,4,5,6,1,Yes,Positive,Much easier than going to the branch.,الخطوات واضحة والتأكيد فوري.
CS-03331,2026-04-18,2026-04-01,Eastern Province,EAS,Municipal Services,Call Center,Business,18-24,3,2,8,0,Maybe,Neutral,It worked but the wording was confusing.,استغرقت وقتاً أطول مما توقعت.
CS-03332,2026-03-16,2026-03-01,Makkah,MAK,Identity & Civil Affairs,Branch,Citizen,18-24,4,5,10,1,Yes,Positive,The Nafath login worked first time.,أسهل بكثير من زيارة الفرع.
CS-03333,2026-06-01,2026-06-01,Makkah,MAK,Identity & Civil Affairs,Web Portal,Citizen,55-64,4,3,7,1,Yes,Positive,The Nafath login worked first time.,أنهيت المعاملة عبر الجوال خلال دقيقتين.
CS-03334,2026-06-07,2026-06-01,Hail,HAL,Social Support & Subsidies,Call Center,Business,18-24,5,5,10,1,Yes,Positive,Finished it on my phone in two minutes.,الخطوات واضحة والتأكيد فوري.
CS-03335,2026-03-18,2026-03-01,Riyadh,RIY,Labour & HR Services,Mobile App,Resident,25-34,4,5,8,1,Yes,Positive,Finished it on my phone in two minutes.,أنهيت المعاملة عبر الجوال خلال دقيقتين.
CS-03336,2026-01-04,2026-01-01,Riyadh,RIY,Business & Licensing,Branch,Resident,45-54,4,4,6,1,Yes,Positive,The Nafath login worked first time.,الخطوات واضحة والتأكيد فوري.
CS-03337,2026-04-28,2026-04-01,Riyadh,RIY,Traffic & Transport,Call Center,Citizen,55-64,2,2,4,1,No,Negative,The document upload kept rejecting my file.,فشل التحقق ثلاث مرات فاضطررت للتوقف.
CS-03338,2026-06-09,2026-06-01,Riyadh,RIY,Municipal Services,Web Portal,Citizen,18-24,3,3,4,0,Maybe,Neutral,"Fine, though I had to call to confirm.",مقبولة لكن اضطررت للاتصال للتأكيد.
CS-03339,2026-02-12,2026-02-01,Riyadh,RIY,Municipal Services,Mobile App,Citizen,25-34,3,4,8,0,Maybe,Neutral,Acceptable but the receipt was hard to find.,استغرقت وقتاً أطول مما توقعت.
CS-03340,2026-06-13,2026-06-01,Eastern Province,EAS,Education & Training,Mobile App,Resident,35-44,5,4,10,0,Yes,Positive,"No paperwork needed, very good service.",أسهل بكثير من زيارة الفرع.
CS-03341,2026-01-07,2026-01-01,Jazan,JZN,Justice & Notary,Mobile App,Citizen,35-44,4,5,8,1,Yes,Positive,Finished it on my phone in two minutes.,الخطوات واضحة والتأكيد فوري.
CS-03342,2026-01-23,2026-01-01,Riyadh,RIY,Education & Training,Mobile App,Citizen,45-54,3,2,6,0,Maybe,Neutral,Took longer than I expected.,تمت الخدمة لكن الصياغة غير واضحة.
CS-03343,2026-06-12,2026-06-01,Makkah,MAK,Identity & Civil Affairs,Web Portal,Citizen,25-34,5,5,10,0,Yes,Positive,The Nafath login worked first time.,الخطوات واضحة والتأكيد فوري.
CS-03344,2026-05-24,2026-05-01,Eastern Province,EAS,Social Support & Subsidies,Mobile App,Resident,25-34,4,5,6,1,Yes,Positive,Clear steps and instant confirmation.,تسجيل الدخول عبر نفاذ عمل من أول مرة.
CS-03345,2026-05-04,2026-05-01,Eastern Province,EAS,Health Services,Mobile App,Citizen,45-54,5,5,10,1,Yes,Positive,"No paperwork needed, very good service.",تسجيل الدخول عبر نفاذ عمل من أول مرة.
CS-03346,2026-01-25,2026-01-01,Makkah,MAK,Municipal Services,Call Center,Citizen,18-24,5,5,10,0,Yes,Positive,Much easier than going to the branch.,أنهيت المعاملة عبر الجوال خلال دقيقتين.
CS-03347,2026-05-24,2026-05-01,Madinah,MAD,Education & Training,Call Center,Citizen,25-34,4,5,10,1,Yes,Positive,"No paperwork needed, very good service.",أنهيت المعاملة عبر الجوال خلال دقيقتين.
CS-03348,2026-05-02,2026-05-01,Asir,ASR,Health Services,Mobile App,Citizen,35-44,5,5,10,1,Yes,Positive,Much easier than going to the branch.,الخطوات واضحة والتأكيد فوري.
CS-03349,2026-04-15,2026-04-01,Asir,ASR,Health Services,Mobile App,Citizen,35-44,5,4,8,1,Yes,Positive,The Nafath login worked first time.,أنهيت المعاملة عبر الجوال خلال دقيقتين.
CS-03350,2026-06-09,2026-06-01,Madinah,MAD,Education & Training,Mobile App,Citizen,25-34,3,4,5,0,Maybe,Neutral,Took longer than I expected.,تمت الخدمة لكن الصياغة غير واضحة.
CS-03351,2026-06-18,2026-06-01,Riyadh,RIY,Municipal Services,Call Center,Citizen,35-44,4,5,7,1,Yes,Positive,Clear steps and instant confirmation.,تسجيل الدخول عبر نفاذ عمل من أول مرة.
CS-03352,2026-02-21,2026-02-01,Makkah,MAK,Identity & Civil Affairs,Mobile App,Resident,25-34,3,2,7,0,Maybe,Neutral,"Fine, though I had to call to confirm.",تمت الخدمة لكن الصياغة غير واضحة.
CS-03353,2026-06-20,2026-06-01,Al-Baha,BAH,Business & Licensing,Mobile App,Citizen,25-34,4,5,7,1,Yes,Positive,The Nafath login worked first time.,أسهل بكثير من زيارة الفرع.
CS-03354,2026-01-11,2026-01-01,Riyadh,RIY,Health Services,Web Portal,Resident,55-64,4,4,8,1,Yes,Positive,Clear steps and instant confirmation.,تسجيل الدخول عبر نفاذ عمل من أول مرة.
CS-03355,2026-04-07,2026-04-01,Riyadh,RIY,Municipal Services,Mobile App,Citizen,35-44,4,4,9,0,Yes,Positive,Finished it on my phone in two minutes.,الخطوات واضحة والتأكيد فوري.
CS-03356,2026-05-09,2026-05-01,Jazan,JZN,Labour & HR Services,Branch,Citizen,35-44,4,4,8,1,Yes,Positive,Much easier than going to the branch.,الخطوات واضحة والتأكيد فوري.
CS-03357,2026-03-10,2026-03-01,Makkah,MAK,Labour & HR Services,Mobile App,Citizen,35-44,4,4,6,1,Yes,Positive,The Nafath login worked first time.,الخطوات واضحة والتأكيد فوري.
CS-03358,2026-04-22,2026-04-01,Makkah,MAK,Labour & HR Services,Mobile App,Business,45-54,4,5,8,1,Yes,Positive,Finished it on my phone in two minutes.,الخطوات واضحة والتأكيد فوري.
CS-03359,2026-04-09,2026-04-01,Eastern Province,EAS,Identity & Civil Affairs,Web Portal,Citizen,35-44,5,4,10,1,Yes,Positive,Finished it on my phone in two minutes.,الخطوات واضحة والتأكيد فوري.
CS-03360,2026-01-18,2026-01-01,Makkah,MAK,Identity & Civil Affairs,Branch,Citizen,25-34,3,3,7,0,Maybe,Neutral,"Fine, though I had to call to confirm.",تمت الخدمة لكن الصياغة غير واضحة.
CS-03361,2026-04-21,2026-04-01,Qassim,QSM,Social Support & Subsidies,Branch,Business,65+,4,5,6,1,Yes,Positive,Clear steps and instant confirmation.,أنهيت المعاملة عبر الجوال خلال دقيقتين.
CS-03362,2026-02-24,2026-02-01,Qassim,QSM,Identity & Civil Affairs,Mobile App,Citizen,45-54,5,4,8,1,Yes,Positive,"No paperwork needed, very good service.",الخطوات واضحة والتأكيد فوري.
CS-03363,2026-03-12,2026-03-01,Makkah,MAK,Traffic & Transport,Mobile App,Business,18-24,4,5,6,1,Yes,Positive,Clear steps and instant confirmation.,الخطوات واضحة والتأكيد فوري.
CS-03364,2026-02-01,2026-02-01,Al-Baha,BAH,Justice & Notary,Call Center,Citizen,25-34,3,4,8,1,Maybe,Neutral,It worked but the wording was confusing.,استغرقت وقتاً أطول مما توقعت.
CS-03365,2026-05-12,2026-05-01,Tabuk,TBK,Social Support & Subsidies,Web Portal,Citizen,18-24,4,3,10,1,Yes,Positive,Much easier than going to the branch.,تسجيل الدخول عبر نفاذ عمل من أول مرة.
CS-03366,2026-05-28,2026-05-01,Makkah,MAK,Municipal Services,Mobile App,Business,18-24,3,2,8,0,Maybe,Neutral,It worked but the wording was confusing.,مقبولة لكن اضطررت للاتصال للتأكيد.
CS-03367,2026-02-11,2026-02-01,Makkah,MAK,Health Services,Mobile App,Citizen,45-54,5,5,9,1,Yes,Positive,Much easier than going to the branch.,تسجيل الدخول عبر نفاذ عمل من أول مرة.
CS-03368,2026-01-15,2026-01-01,Eastern Province,EAS,Labour & HR Services,Web Portal,Resident,35-44,4,4,9,1,Yes,Positive,The Nafath login worked first time.,تسجيل الدخول عبر نفاذ عمل من أول مرة.
CS-03369,2026-03-16,2026-03-01,Riyadh,RIY,Labour & HR Services,Mobile App,Citizen,45-54,3,2,4,0,Maybe,Neutral,Acceptable but the receipt was hard to find.,تمت الخدمة لكن الصياغة غير واضحة.
CS-03370,2026-01-27,2026-01-01,Riyadh,RIY,Social Support & Subsidies,Web Portal,Citizen,25-34,3,2,7,0,Maybe,Neutral,Took longer than I expected.,مقبولة لكن اضطررت للاتصال للتأكيد.
CS-03371,2026-01-20,2026-01-01,Jazan,JZN,Labour & HR Services,Call Center,Citizen,25-34,5,5,9,1,Yes,Positive,Much easier than going to the branch.,أسهل بكثير من زيارة الفرع.
CS-03372,2026-01-25,2026-01-01,Al-Baha,BAH,Municipal Services,Web Portal,Resident,25-34,4,5,10,1,Yes,Positive,"No paperwork needed, very good service.",أسهل بكثير من زيارة الفرع.
CS-03373,2026-04-23,2026-04-01,Eastern Province,EAS,Social Support & Subsidies,Branch,Citizen,35-44,5,5,10,1,Yes,Positive,Finished it on my phone in two minutes.,تسجيل الدخول عبر نفاذ عمل من أول مرة.
CS-03374,2026-05-23,2026-05-01,Makkah,MAK,Labour & HR Services,Mobile App,Resident,25-34,4,3,10,1,Yes,Positive,"No paperwork needed, very good service.",أسهل بكثير من زيارة الفرع.
CS-03375,2026-06-16,2026-06-01,Northern Borders,NBR,Identity & Civil Affairs,Mobile App,Citizen,25-34,5,5,9,1,Yes,Positive,"No paperwork needed, very good service.",تسجيل الدخول عبر نفاذ عمل من أول مرة.
CS-03376,2026-05-18,2026-05-01,Riyadh,RIY,Social Support & Subsidies,Mobile App,Resident,18-24,5,5,10,1,Yes,Positive,Clear steps and instant confirmation.,تسجيل الدخول عبر نفاذ عمل من أول مرة.
CS-03377,2026-03-02,2026-03-01,Makkah,MAK,Social Support & Subsidies,Branch,Business,55-64,5,4,10,1,Yes,Positive,Much easier than going to the branch.,أسهل بكثير من زيارة الفرع.
CS-03378,2026-06-10,2026-06-01,Madinah,MAD,Municipal Services,Call Center,Citizen,65+,5,4,10,1,Yes,Positive,Clear steps and instant confirmation.,أنهيت المعاملة عبر الجوال خلال دقيقتين.
CS-03379,2026-01-05,2026-01-01,Makkah,MAK,Health Services,Mobile App,Citizen,25-34,3,2,4,0,Maybe,Neutral,Acceptable but the receipt was hard to find.,تمت الخدمة لكن الصياغة غير واضحة.
CS-03380,2026-04-16,2026-04-01,Riyadh,RIY,Health Services,Call Center,Citizen,18-24,5,5,10,1,Yes,Positive,Clear steps and instant confirmation.,تسجيل الدخول عبر نفاذ عمل من أول مرة.
CS-03381,2026-01-06,2026-01-01,Asir,ASR,Labour & HR Services,Branch,Business,25-34,5,5,9,1,Yes,Positive,Finished it on my phone in two minutes.,أنهيت المعاملة عبر الجوال خلال دقيقتين.
CS-03382,2026-01-15,2026-01-01,Eastern Province,EAS,Social Support & Subsidies,Mobile App,Resident,55-64,4,3,9,1,Yes,Positive,"No paperwork needed, very good service.",الخطوات واضحة والتأكيد فوري.
CS-03383,2026-05-10,2026-05-01,Makkah,MAK,Health Services,Mobile App,Resident,18-24,4,5,9,1,Yes,Positive,The Nafath login worked first time.,تسجيل الدخول عبر نفاذ عمل من أول مرة.
CS-03384,2026-04-08,2026-04-01,Eastern Province,EAS,Traffic & Transport,Mobile App,Citizen,25-34,5,5,10,1,Yes,Positive,Finished it on my phone in two minutes.,أسهل بكثير من زيارة الفرع.
CS-03385,2026-04-24,2026-04-01,Riyadh,RIY,Business & Licensing,Branch,Citizen,45-54,4,4,8,1,Yes,Positive,Much easier than going to the branch.,أسهل بكثير من زيارة الفرع.
CS-03386,2026-02-06,2026-02-01,Eastern Province,EAS,Business & Licensing,Mobile App,Resident,35-44,4,3,9,1,Yes,Positive,Much easier than going to the branch.,أسهل بكثير من زيارة الفرع.
CS-03387,2026-06-10,2026-06-01,Najran,NJR,Business & Licensing,Web Portal,Resident,45-54,5,4,10,1,Yes,Positive,The Nafath login worked first time.,الخطوات واضحة والتأكيد فوري.
CS-03388,2026-05-08,2026-05-01,Riyadh,RIY,Labour & HR Services,Mobile App,Resident,25-34,5,5,10,1,Yes,Positive,The Nafath login worked first time.,أسهل بكثير من زيارة الفرع.
CS-03389,2026-05-20,2026-05-01,Makkah,MAK,Justice & Notary,Branch,Business,25-34,3,3,6,0,Maybe,Neutral,"Fine, though I had to call to confirm.",مقبولة لكن اضطررت للاتصال للتأكيد.
CS-03390,2026-04-24,2026-04-01,Riyadh,RIY,Identity & Civil Affairs,Mobile App,Citizen,35-44,4,3,6,1,Yes,Positive,The Nafath login worked first time.,الخطوات واضحة والتأكيد فوري.
CS-03391,2026-02-06,2026-02-01,Asir,ASR,Business & Licensing,Branch,Citizen,25-34,3,3,7,0,Maybe,Neutral,"Fine, though I had to call to confirm.",مقبولة لكن اضطررت للاتصال للتأكيد.
CS-03392,2026-06-08,2026-06-01,Jazan,JZN,Identity & Civil Affairs,Mobile App,Citizen,35-44,5,5,10,1,Yes,Positive,Clear steps and instant confirmation.,أسهل بكثير من زيارة الفرع.
CS-03393,2026-01-07,2026-01-01,Riyadh,RIY,Education & Training,Web Portal,Resident,35-44,4,5,6,1,Yes,Positive,"No paperwork needed, very good service.",أسهل بكثير من زيارة الفرع.
CS-03394,2026-05-07,2026-05-01,Makkah,MAK,Municipal Services,Branch,Citizen,45-54,3,3,8,1,Maybe,Neutral,It worked but the wording was confusing.,استغرقت وقتاً أطول مما توقعت.
CS-03395,2026-02-25,2026-02-01,Riyadh,RIY,Education & Training,Web Portal,Citizen,18-24,3,3,7,1,Maybe,Neutral,"Fine, though I had to call to confirm.",تمت الخدمة لكن الصياغة غير واضحة.
CS-03396,2026-01-05,2026-01-01,Asir,ASR,Labour & HR Services,Mobile App,Citizen,35-44,3,4,4,1,Maybe,Neutral,Took longer than I expected.,استغرقت وقتاً أطول مما توقعت.
CS-03397,2026-06-20,2026-06-01,Al-Baha,BAH,Education & Training,Web Portal,Citizen,18-24,5,5,10,1,Yes,Positive,Clear steps and instant confirmation.,أنهيت المعاملة عبر الجوال خلال دقيقتين.
CS-03398,2026-06-14,2026-06-01,Riyadh,RIY,Social Support & Subsidies,Branch,Citizen,25-34,3,2,6,1,Maybe,Neutral,Acceptable but the receipt was hard to find.,مقبولة لكن اضطررت للاتصال للتأكيد.
CS-03399,2026-04-02,2026-04-01,Riyadh,RIY,Identity & Civil Affairs,Mobile App,Citizen,35-44,5,5,8,1,Yes,Positive,The Nafath login worked first time.,تسجيل الدخول عبر نفاذ عمل من أول مرة.
CS-03400,2026-05-25,2026-05-01,Riyadh,RIY,Business & Licensing,Mobile App,Citizen,25-34,4,4,10,0,Yes,Positive,The Nafath login worked first time.,تسجيل الدخول عبر نفاذ عمل من أول مرة.
CS-03401,2026-05-28,2026-05-01,Riyadh,RIY,Business & Licensing,Mobile App,Citizen,25-34,4,4,7,1,Yes,Positive,"No paperwork needed, very good service.",تسجيل الدخول عبر نفاذ عمل من أول مرة.
CS-03402,2026-03-05,2026-03-01,Asir,ASR,Justice & Notary,Web Portal,Resident,45-54,5,5,10,0,Yes,Positive,"No paperwork needed, very good service.",أسهل بكثير من زيارة الفرع.
CS-03403,2026-01-15,2026-01-01,Qassim,QSM,Traffic & Transport,Branch,Citizen,35-44,4,4,10,0,Yes,Positive,Much easier than going to the branch.,أسهل بكثير من زيارة الفرع.
CS-03404,2026-01-03,2026-01-01,Tabuk,TBK,Health Services,Call Center,Citizen,25-34,3,2,5,1,Maybe,Neutral,"Fine, though I had to call to confirm.",استغرقت وقتاً أطول مما توقعت.
CS-03405,2026-01-20,2026-01-01,Riyadh,RIY,Education & Training,Call Center,Citizen,45-54,5,5,10,1,Yes,Positive,"No paperwork needed, very good service.",تسجيل الدخول عبر نفاذ عمل من أول مرة.
CS-03406,2026-02-11,2026-02-01,Riyadh,RIY,Traffic & Transport,Web Portal,Citizen,35-44,4,5,10,1,Yes,Positive,Much easier than going to the branch.,أسهل بكثير من زيارة الفرع.
CS-03407,2026-04-28,2026-04-01,Riyadh,RIY,Education & Training,Web Portal,Citizen,35-44,5,4,8,1,Yes,Positive,Much easier than going to the branch.,الخطوات واضحة والتأكيد فوري.
CS-03408,2026-04-06,2026-04-01,Makkah,MAK,Health Services,Branch,Citizen,45-54,3,3,6,0,Maybe,Neutral,Acceptable but the receipt was hard to find.,مقبولة لكن اضطررت للاتصال للتأكيد.
CS-03409,2026-02-01,2026-02-01,Riyadh,RIY,Education & Training,Mobile App,Citizen,55-64,5,5,10,1,Yes,Positive,"No paperwork needed, very good service.",تسجيل الدخول عبر نفاذ عمل من أول مرة.
CS-03410,2026-06-18,2026-06-01,Riyadh,RIY,Education & Training,Mobile App,Citizen,25-34,3,2,4,0,Maybe,Neutral,Took longer than I expected.,مقبولة لكن اضطررت للاتصال للتأكيد.
CS-03411,2026-03-15,2026-03-01,Qassim,QSM,Traffic & Transport,Mobile App,Business,25-34,5,5,10,1,Yes,Positive,Finished it on my phone in two minutes.,تسجيل الدخول عبر نفاذ عمل من أول مرة.
CS-03412,2026-02-28,2026-02-01,Eastern Province,EAS,Municipal Services,Mobile App,Citizen,35-44,4,5,10,1,Yes,Positive,"No paperwork needed, very good service.",أنهيت المعاملة عبر الجوال خلال دقيقتين.
CS-03413,2026-06-10,2026-06-01,Makkah,MAK,Traffic & Transport,Mobile App,Business,35-44,3,3,4,1,Maybe,Neutral,Acceptable but the receipt was hard to find.,مقبولة لكن اضطررت للاتصال للتأكيد.
CS-03414,2026-06-19,2026-06-01,Riyadh,RIY,Traffic & Transport,Mobile App,Citizen,18-24,4,4,9,0,Yes,Positive,"No paperwork needed, very good service.",الخطوات واضحة والتأكيد فوري.
CS-03415,2026-01-19,2026-01-01,Hail,HAL,Traffic & Transport,Mobile App,Citizen,45-54,4,3,7,1,Yes,Positive,Much easier than going to the branch.,أسهل بكثير من زيارة الفرع.
CS-03416,2026-05-21,2026-05-01,Makkah,MAK,Identity & Civil Affairs,Branch,Citizen,25-34,4,3,7,1,Yes,Positive,The Nafath login worked first time.,تسجيل الدخول عبر نفاذ عمل من أول مرة.
CS-03417,2026-01-25,2026-01-01,Riyadh,RIY,Social Support & Subsidies,Branch,Citizen,25-34,3,3,5,1,Maybe,Neutral,Acceptable but the receipt was hard to find.,استغرقت وقتاً أطول مما توقعت.
CS-03418,2026-05-20,2026-05-01,Riyadh,RIY,Business & Licensing,Mobile App,Citizen,55-64,3,3,8,0,Maybe,Neutral,It worked but the wording was confusing.,استغرقت وقتاً أطول مما توقعت.
CS-03419,2026-05-21,2026-05-01,Madinah,MAD,Labour & HR Services,Call Center,Citizen,25-34,3,3,7,0,Maybe,Neutral,Took longer than I expected.,استغرقت وقتاً أطول مما توقعت.
CS-03420,2026-02-27,2026-02-01,Eastern Province,EAS,Traffic & Transport,Mobile App,Citizen,25-34,4,3,6,1,Yes,Positive,The Nafath login worked first time.,أسهل بكثير من زيارة الفرع.
CS-03421,2026-03-18,2026-03-01,Makkah,MAK,Labour & HR Services,Web Portal,Resident,35-44,4,3,6,1,Yes,Positive,Clear steps and instant confirmation.,الخطوات واضحة والتأكيد فوري.
CS-03422,2026-04-27,2026-04-01,Riyadh,RIY,Traffic & Transport,Branch,Business,25-34,3,3,6,0,Maybe,Neutral,Took longer than I expected.,مقبولة لكن اضطررت للاتصال للتأكيد.
CS-03423,2026-05-06,2026-05-01,Makkah,MAK,Education & Training,Mobile App,Business,65+,5,5,9,1,Yes,Positive,Finished it on my phone in two minutes.,الخطوات واضحة والتأكيد فوري.
CS-03424,2026-03-04,2026-03-01,Eastern Province,EAS,Traffic & Transport,Call Center,Citizen,18-24,4,5,9,1,Yes,Positive,Clear steps and instant confirmation.,أسهل بكثير من زيارة الفرع.
CS-03425,2026-05-26,2026-05-01,Riyadh,RIY,Municipal Services,Branch,Citizen,25-34,2,1,6,1,No,Negative,I had to visit the branch anyway.,فشل التحقق ثلاث مرات فاضطررت للتوقف.
CS-03426,2026-03-18,2026-03-01,Makkah,MAK,Health Services,Mobile App,Resident,55-64,4,3,10,1,Yes,Positive,Clear steps and instant confirmation.,تسجيل الدخول عبر نفاذ عمل من أول مرة.
CS-03427,2026-01-20,2026-01-01,Jazan,JZN,Social Support & Subsidies,Branch,Citizen,55-64,3,3,5,1,Maybe,Neutral,Acceptable but the receipt was hard to find.,استغرقت وقتاً أطول مما توقعت.
CS-03428,2026-02-09,2026-02-01,Makkah,MAK,Municipal Services,Call Center,Citizen,45-54,2,3,5,1,No,Negative,The document upload kept rejecting my file.,فشل التحقق ثلاث مرات فاضطررت للتوقف.
CS-03429,2026-05-25,2026-05-01,Makkah,MAK,Health Services,Mobile App,Citizen,45-54,5,5,10,0,Yes,Positive,Much easier than going to the branch.,تسجيل الدخول عبر نفاذ عمل من أول مرة.
CS-03430,2026-06-24,2026-06-01,Riyadh,RIY,Social Support & Subsidies,Mobile App,Resident,18-24,5,5,10,1,Yes,Positive,The Nafath login worked first time.,أنهيت المعاملة عبر الجوال خلال دقيقتين.
CS-03431,2026-01-20,2026-01-01,Makkah,MAK,Health Services,Web Portal,Business,55-64,4,4,9,0,Yes,Positive,The Nafath login worked first time.,الخطوات واضحة والتأكيد فوري.
CS-03432,2026-05-07,2026-05-01,Makkah,MAK,Traffic & Transport,Mobile App,Citizen,45-54,4,5,6,1,Yes,Positive,Much easier than going to the branch.,تسجيل الدخول عبر نفاذ عمل من أول مرة.
CS-03433,2026-05-18,2026-05-01,Makkah,MAK,Education & Training,Web Portal,Business,55-64,5,5,9,1,Yes,Positive,Much easier than going to the branch.,تسجيل الدخول عبر نفاذ عمل من أول مرة.
CS-03434,2026-02-10,2026-02-01,Makkah,MAK,Labour & HR Services,Mobile App,Citizen,55-64,4,4,10,1,Yes,Positive,Finished it on my phone in two minutes.,أنهيت المعاملة عبر الجوال خلال دقيقتين.
CS-03435,2026-04-08,2026-04-01,Eastern Province,EAS,Justice & Notary,Web Portal,Resident,55-64,5,5,8,1,Yes,Positive,Much easier than going to the branch.,الخطوات واضحة والتأكيد فوري.
CS-03436,2026-01-26,2026-01-01,Riyadh,RIY,Labour & HR Services,Branch,Citizen,45-54,5,4,9,1,Yes,Positive,"No paperwork needed, very good service.",تسجيل الدخول عبر نفاذ عمل من أول مرة.
CS-03437,2026-03-21,2026-03-01,Riyadh,RIY,Labour & HR Services,Mobile App,Citizen,25-34,5,5,10,1,Yes,Positive,The Nafath login worked first time.,الخطوات واضحة والتأكيد فوري.
CS-03438,2026-05-24,2026-05-01,Makkah,MAK,Traffic & Transport,Branch,Resident,25-34,3,2,6,1,Maybe,Neutral,"Fine, though I had to call to confirm.",تمت الخدمة لكن الصياغة غير واضحة.
CS-03439,2026-06-15,2026-06-01,Makkah,MAK,Health Services,Web Portal,Citizen,55-64,5,4,9,1,Yes,Positive,Finished it on my phone in two minutes.,تسجيل الدخول عبر نفاذ عمل من أول مرة.
CS-03440,2026-06-05,2026-06-01,Riyadh,RIY,Business & Licensing,Mobile App,Citizen,45-54,4,3,9,1,Yes,Positive,"No paperwork needed, very good service.",أنهيت المعاملة عبر الجوال خلال دقيقتين.
CS-03441,2026-01-17,2026-01-01,Makkah,MAK,Municipal Services,Mobile App,Resident,45-54,4,5,7,1,Yes,Positive,Finished it on my phone in two minutes.,تسجيل الدخول عبر نفاذ عمل من أول مرة.
CS-03442,2026-02-20,2026-02-01,Riyadh,RIY,Business & Licensing,Mobile App,Business,45-54,4,5,7,1,Yes,Positive,Much easier than going to the branch.,أنهيت المعاملة عبر الجوال خلال دقيقتين.
CS-03443,2026-01-14,2026-01-01,Riyadh,RIY,Labour & HR Services,Mobile App,Citizen,25-34,4,3,8,1,Yes,Positive,The Nafath login worked first time.,أسهل بكثير من زيارة الفرع.
CS-03444,2026-05-05,2026-05-01,Riyadh,RIY,Education & Training,Mobile App,Citizen,25-34,5,5,9,1,Yes,Positive,The Nafath login worked first time.,الخطوات واضحة والتأكيد فوري.
CS-03445,2026-04-26,2026-04-01,Makkah,MAK,Justice & Notary,Mobile App,Citizen,35-44,4,5,7,0,Yes,Positive,Clear steps and instant confirmation.,الخطوات واضحة والتأكيد فوري.
CS-03446,2026-02-01,2026-02-01,Makkah,MAK,Traffic & Transport,Mobile App,Citizen,25-34,4,4,10,1,Yes,Positive,Finished it on my phone in two minutes.,تسجيل الدخول عبر نفاذ عمل من أول مرة.
CS-03447,2026-05-15,2026-05-01,Madinah,MAD,Municipal Services,Mobile App,Business,18-24,4,3,10,1,Yes,Positive,The Nafath login worked first time.,تسجيل الدخول عبر نفاذ عمل من أول مرة.
CS-03448,2026-05-17,2026-05-01,Al-Jouf,JOF,Education & Training,Mobile App,Citizen,25-34,3,3,5,1,Maybe,Neutral,Took longer than I expected.,مقبولة لكن اضطررت للاتصال للتأكيد.
CS-03449,2026-01-05,2026-01-01,Madinah,MAD,Health Services,Branch,Citizen,45-54,2,2,6,0,No,Negative,Waited 40 minutes and the counter closed.,فشل التحقق ثلاث مرات فاضطررت للتوقف.
CS-03450,2026-01-05,2026-01-01,Madinah,MAD,Business & Licensing,Web Portal,Citizen,25-34,4,3,9,1,Yes,Positive,Finished it on my phone in two minutes.,الخطوات واضحة والتأكيد فوري.
CS-03451,2026-01-25,2026-01-01,Makkah,MAK,Municipal Services,Mobile App,Citizen,35-44,4,3,6,1,Yes,Positive,Clear steps and instant confirmation.,تسجيل الدخول عبر نفاذ عمل من أول مرة.
CS-03452,2026-04-28,2026-04-01,Makkah,MAK,Health Services,Mobile App,Citizen,18-24,4,5,10,0,Yes,Positive,Finished it on my phone in two minutes.,تسجيل الدخول عبر نفاذ عمل من أول مرة.
CS-03453,2026-06-10,2026-06-01,Makkah,MAK,Health Services,Branch,Citizen,35-44,3,4,5,1,Maybe,Neutral,"Fine, though I had to call to confirm.",استغرقت وقتاً أطول مما توقعت.
CS-03454,2026-06-07,2026-06-01,Makkah,MAK,Traffic & Transport,Call Center,Citizen,45-54,4,4,10,1,Yes,Positive,"No paperwork needed, very good service.",أنهيت المعاملة عبر الجوال خلال دقيقتين.
CS-03455,2026-05-15,2026-05-01,Makkah,MAK,Municipal Services,Branch,Business,35-44,4,3,8,1,Yes,Positive,Clear steps and instant confirmation.,أنهيت المعاملة عبر الجوال خلال دقيقتين.
CS-03456,2026-06-12,2026-06-01,Makkah,MAK,Identity & Civil Affairs,Branch,Citizen,18-24,3,3,7,1,Maybe,Neutral,It worked but the wording was confusing.,استغرقت وقتاً أطول مما توقعت.
CS-03457,2026-05-23,2026-05-01,Makkah,MAK,Traffic & Transport,Web Portal,Citizen,35-44,4,5,8,0,Yes,Positive,Finished it on my phone in two minutes.,أسهل بكثير من زيارة الفرع.
CS-03458,2026-04-14,2026-04-01,Eastern Province,EAS,Health Services,Mobile App,Business,45-54,4,5,9,1,Yes,Positive,The Nafath login worked first time.,تسجيل الدخول عبر نفاذ عمل من أول مرة.
CS-03459,2026-03-11,2026-03-01,Riyadh,RIY,Business & Licensing,Mobile App,Citizen,35-44,5,5,10,1,Yes,Positive,The Nafath login worked first time.,الخطوات واضحة والتأكيد فوري.
CS-03460,2026-04-26,2026-04-01,Makkah,MAK,Traffic & Transport,Mobile App,Citizen,25-34,5,5,10,1,Yes,Positive,Clear steps and instant confirmation.,تسجيل الدخول عبر نفاذ عمل من أول مرة.
CS-03461,2026-03-06,2026-03-01,Madinah,MAD,Business & Licensing,Mobile App,Citizen,45-54,4,5,7,1,Yes,Positive,Much easier than going to the branch.,الخطوات واضحة والتأكيد فوري.
CS-03462,2026-05-15,2026-05-01,Madinah,MAD,Social Support & Subsidies,Branch,Citizen,65+,4,5,9,0,Yes,Positive,"No paperwork needed, very good service.",تسجيل الدخول عبر نفاذ عمل من أول مرة.
CS-03463,2026-02-18,2026-02-01,Asir,ASR,Municipal Services,Mobile App,Resident,35-44,5,4,10,1,Yes,Positive,Clear steps and instant confirmation.,أنهيت المعاملة عبر الجوال خلال دقيقتين.
CS-03464,2026-02-02,2026-02-01,Makkah,MAK,Identity & Civil Affairs,Mobile App,Citizen,25-34,5,5,10,1,Yes,Positive,The Nafath login worked first time.,أسهل بكثير من زيارة الفرع.
CS-03465,2026-02-06,2026-02-01,Tabuk,TBK,Municipal Services,Web Portal,Resident,25-34,4,5,6,1,Yes,Positive,Finished it on my phone in two minutes.,الخطوات واضحة والتأكيد فوري.
CS-03466,2026-04-23,2026-04-01,Hail,HAL,Health Services,Mobile App,Citizen,35-44,5,5,8,1,Yes,Positive,Clear steps and instant confirmation.,تسجيل الدخول عبر نفاذ عمل من أول مرة.
CS-03467,2026-05-01,2026-05-01,Riyadh,RIY,Identity & Civil Affairs,Call Center,Citizen,18-24,4,4,8,1,Yes,Positive,Clear steps and instant confirmation.,تسجيل الدخول عبر نفاذ عمل من أول مرة.
CS-03468,2026-02-15,2026-02-01,Eastern Province,EAS,Health Services,Mobile App,Citizen,45-54,5,5,10,0,Yes,Positive,Clear steps and instant confirmation.,الخطوات واضحة والتأكيد فوري.
CS-03469,2026-06-01,2026-06-01,Eastern Province,EAS,Traffic & Transport,Mobile App,Citizen,25-34,5,5,9,1,Yes,Positive,The Nafath login worked first time.,أسهل بكثير من زيارة الفرع.
CS-03470,2026-01-01,2026-01-01,Riyadh,RIY,Education & Training,Mobile App,Resident,65+,4,5,6,1,Yes,Positive,Much easier than going to the branch.,تسجيل الدخول عبر نفاذ عمل من أول مرة.
CS-03471,2026-04-09,2026-04-01,Makkah,MAK,Traffic & Transport,Call Center,Resident,35-44,4,4,9,1,Yes,Positive,Finished it on my phone in two minutes.,تسجيل الدخول عبر نفاذ عمل من أول مرة.
CS-03472,2026-02-27,2026-02-01,Makkah,MAK,Education & Training,Branch,Citizen,45-54,4,5,7,1,Yes,Positive,The Nafath login worked first time.,أسهل بكثير من زيارة الفرع.
CS-03473,2026-03-05,2026-03-01,Riyadh,RIY,Identity & Civil Affairs,Web Portal,Citizen,35-44,4,3,9,1,Yes,Positive,"No paperwork needed, very good service.",الخطوات واضحة والتأكيد فوري.
CS-03474,2026-05-08,2026-05-01,Eastern Province,EAS,Municipal Services,Mobile App,Resident,45-54,4,5,6,1,Yes,Positive,"No paperwork needed, very good service.",تسجيل الدخول عبر نفاذ عمل من أول مرة.
CS-03475,2026-05-10,2026-05-01,Eastern Province,EAS,Labour & HR Services,Web Portal,Citizen,18-24,3,4,8,1,Maybe,Neutral,Took longer than I expected.,تمت الخدمة لكن الصياغة غير واضحة.
CS-03476,2026-06-27,2026-06-01,Riyadh,RIY,Labour & HR Services,Mobile App,Resident,18-24,5,5,8,1,Yes,Positive,Clear steps and instant confirmation.,أنهيت المعاملة عبر الجوال خلال دقيقتين.
CS-03477,2026-02-03,2026-02-01,Northern Borders,NBR,Social Support & Subsidies,Call Center,Resident,45-54,5,5,10,1,Yes,Positive,Finished it on my phone in two minutes.,أسهل بكثير من زيارة الفرع.
CS-03478,2026-06-17,2026-06-01,Riyadh,RIY,Labour & HR Services,Mobile App,Citizen,25-34,5,5,8,1,Yes,Positive,Clear steps and instant confirmation.,الخطوات واضحة والتأكيد فوري.
CS-03479,2026-05-11,2026-05-01,Northern Borders,NBR,Traffic & Transport,Mobile App,Citizen,35-44,5,5,9,1,Yes,Positive,Finished it on my phone in two minutes.,تسجيل الدخول عبر نفاذ عمل من أول مرة.
CS-03480,2026-06-11,2026-06-01,Makkah,MAK,Traffic & Transport,Branch,Citizen,25-34,3,3,8,0,Maybe,Neutral,It worked but the wording was confusing.,مقبولة لكن اضطررت للاتصال للتأكيد.
CS-03481,2026-02-07,2026-02-01,Eastern Province,EAS,Education & Training,Web Portal,Resident,35-44,5,4,10,1,Yes,Positive,Clear steps and instant confirmation.,تسجيل الدخول عبر نفاذ عمل من أول مرة.
CS-03482,2026-04-13,2026-04-01,Asir,ASR,Business & Licensing,Web Portal,Citizen,25-34,3,2,5,0,Maybe,Neutral,Acceptable but the receipt was hard to find.,تمت الخدمة لكن الصياغة غير واضحة.
CS-03483,2026-06-11,2026-06-01,Riyadh,RIY,Municipal Services,Mobile App,Citizen,45-54,5,5,10,1,Yes,Positive,"No paperwork needed, very good service.",تسجيل الدخول عبر نفاذ عمل من أول مرة.
CS-03484,2026-05-12,2026-05-01,Qassim,QSM,Health Services,Mobile App,Business,18-24,5,4,10,0,Yes,Positive,The Nafath login worked first time.,الخطوات واضحة والتأكيد فوري.
CS-03485,2026-02-17,2026-02-01,Eastern Province,EAS,Municipal Services,Mobile App,Citizen,25-34,4,5,9,1,Yes,Positive,Clear steps and instant confirmation.,أنهيت المعاملة عبر الجوال خلال دقيقتين.
CS-03486,2026-04-15,2026-04-01,Makkah,MAK,Business & Licensing,Call Center,Resident,45-54,5,4,8,1,Yes,Positive,"No paperwork needed, very good service.",أسهل بكثير من زيارة الفرع.
CS-03487,2026-06-02,2026-06-01,Eastern Province,EAS,Business & Licensing,Mobile App,Citizen,65+,4,3,9,1,Yes,Positive,The Nafath login worked first time.,الخطوات واضحة والتأكيد فوري.
CS-03488,2026-06-28,2026-06-01,Hail,HAL,Traffic & Transport,Mobile App,Citizen,18-24,5,4,10,1,Yes,Positive,Much easier than going to the branch.,تسجيل الدخول عبر نفاذ عمل من أول مرة.
CS-03489,2026-03-18,2026-03-01,Riyadh,RIY,Identity & Civil Affairs,Call Center,Resident,25-34,5,5,10,1,Yes,Positive,Much easier than going to the branch.,الخطوات واضحة والتأكيد فوري.
CS-03490,2026-01-20,2026-01-01,Makkah,MAK,Labour & HR Services,Branch,Citizen,45-54,3,4,8,0,Maybe,Neutral,It worked but the wording was confusing.,استغرقت وقتاً أطول مما توقعت.
CS-03491,2026-02-21,2026-02-01,Najran,NJR,Identity & Civil Affairs,Branch,Business,18-24,5,5,10,1,Yes,Positive,The Nafath login worked first time.,الخطوات واضحة والتأكيد فوري.
CS-03492,2026-03-16,2026-03-01,Riyadh,RIY,Education & Training,Branch,Business,35-44,4,3,9,1,Yes,Positive,Finished it on my phone in two minutes.,أسهل بكثير من زيارة الفرع.
CS-03493,2026-06-16,2026-06-01,Riyadh,RIY,Justice & Notary,Mobile App,Citizen,25-34,4,4,6,1,Yes,Positive,The Nafath login worked first time.,الخطوات واضحة والتأكيد فوري.
CS-03494,2026-04-02,2026-04-01,Asir,ASR,Identity & Civil Affairs,Branch,Citizen,35-44,3,3,7,1,Maybe,Neutral,Acceptable but the receipt was hard to find.,استغرقت وقتاً أطول مما توقعت.
CS-03495,2026-06-06,2026-06-01,Al-Jouf,JOF,Education & Training,Branch,Citizen,65+,4,3,7,1,Yes,Positive,Clear steps and instant confirmation.,تسجيل الدخول عبر نفاذ عمل من أول مرة.
CS-03496,2026-06-25,2026-06-01,Eastern Province,EAS,Education & Training,Mobile App,Citizen,25-34,4,3,8,1,Yes,Positive,The Nafath login worked first time.,أنهيت المعاملة عبر الجوال خلال دقيقتين.
CS-03497,2026-01-04,2026-01-01,Tabuk,TBK,Traffic & Transport,Mobile App,Citizen,25-34,4,4,6,1,Yes,Positive,"No paperwork needed, very good service.",الخطوات واضحة والتأكيد فوري.
CS-03498,2026-03-15,2026-03-01,Eastern Province,EAS,Labour & HR Services,Branch,Resident,25-34,4,3,10,0,Yes,Positive,Clear steps and instant confirmation.,أسهل بكثير من زيارة الفرع.
CS-03499,2026-05-18,2026-05-01,Madinah,MAD,Education & Training,Mobile App,Citizen,18-24,4,3,8,1,Yes,Positive,Much easier than going to the branch.,أنهيت المعاملة عبر الجوال خلال دقيقتين.
CS-03500,2026-05-28,2026-05-01,Northern Borders,NBR,Traffic & Transport,Branch,Citizen,45-54,3,3,7,0,Maybe,Neutral,Acceptable but the receipt was hard to find.,استغرقت وقتاً أطول مما توقعت.
CS-03501,2026-05-07,2026-05-01,Qassim,QSM,Traffic & Transport,Branch,Business,18-24,1,1,3,0,No,Negative,Waited 40 minutes and the counter closed.,رفع المستند يُرفض باستمرار.
CS-03502,2026-04-25,2026-04-01,Riyadh,RIY,Health Services,Mobile App,Citizen,25-34,4,5,6,0,Yes,Positive,Finished it on my phone in two minutes.,أسهل بكثير من زيارة الفرع.
CS-03503,2026-05-12,2026-05-01,Makkah,MAK,Labour & HR Services,Mobile App,Citizen,35-44,5,5,10,1,Yes,Positive,Much easier than going to the branch.,تسجيل الدخول عبر نفاذ عمل من أول مرة.
CS-03504,2026-02-11,2026-02-01,Makkah,MAK,Labour & HR Services,Web Portal,Business,18-24,5,5,10,1,Yes,Positive,Clear steps and instant confirmation.,تسجيل الدخول عبر نفاذ عمل من أول مرة.
CS-03505,2026-03-15,2026-03-01,Asir,ASR,Identity & Civil Affairs,Branch,Citizen,18-24,4,5,6,1,Yes,Positive,Finished it on my phone in two minutes.,أسهل بكثير من زيارة الفرع.
CS-03506,2026-03-08,2026-03-01,Riyadh,RIY,Labour & HR Services,Branch,Citizen,45-54,4,5,10,1,Yes,Positive,Much easier than going to the branch.,أنهيت المعاملة عبر الجوال خلال دقيقتين.
CS-03507,2026-05-07,2026-05-01,Jazan,JZN,Education & Training,Mobile App,Citizen,55-64,3,4,4,1,Maybe,Neutral,Took longer than I expected.,مقبولة لكن اضطررت للاتصال للتأكيد.
CS-03508,2026-02-16,2026-02-01,Northern Borders,NBR,Justice & Notary,Web Portal,Resident,45-54,4,3,7,1,Yes,Positive,Finished it on my phone in two minutes.,أنهيت المعاملة عبر الجوال خلال دقيقتين.
CS-03509,2026-02-13,2026-02-01,Madinah,MAD,Health Services,Mobile App,Resident,55-64,5,5,10,1,Yes,Positive,Much easier than going to the branch.,الخطوات واضحة والتأكيد فوري.
CS-03510,2026-01-08,2026-01-01,Madinah,MAD,Health Services,Mobile App,Resident,35-44,5,4,10,1,Yes,Positive,Finished it on my phone in two minutes.,أنهيت المعاملة عبر الجوال خلال دقيقتين.
CS-03511,2026-01-25,2026-01-01,Eastern Province,EAS,Identity & Civil Affairs,Branch,Citizen,35-44,5,4,9,1,Yes,Positive,Clear steps and instant confirmation.,أنهيت المعاملة عبر الجوال خلال دقيقتين.
CS-03512,2026-05-27,2026-05-01,Riyadh,RIY,Labour & HR Services,Web Portal,Citizen,55-64,4,4,7,1,Yes,Positive,Finished it on my phone in two minutes.,أنهيت المعاملة عبر الجوال خلال دقيقتين.
CS-03513,2026-03-19,2026-03-01,Riyadh,RIY,Business & Licensing,Call Center,Citizen,55-64,3,3,7,1,Maybe,Neutral,Acceptable but the receipt was hard to find.,مقبولة لكن اضطررت للاتصال للتأكيد.
CS-03514,2026-04-23,2026-04-01,Makkah,MAK,Health Services,Mobile App,Citizen,45-54,4,5,6,1,Yes,Positive,Clear steps and instant confirmation.,تسجيل الدخول عبر نفاذ عمل من أول مرة.
CS-03515,2026-04-13,2026-04-01,Tabuk,TBK,Business & Licensing,Mobile App,Business,25-34,5,5,9,1,Yes,Positive,"No paperwork needed, very good service.",أنهيت المعاملة عبر الجوال خلال دقيقتين.
CS-03516,2026-01-16,2026-01-01,Eastern Province,EAS,Traffic & Transport,Web Portal,Resident,35-44,4,4,7,1,Yes,Positive,Much easier than going to the branch.,أسهل بكثير من زيارة الفرع.
CS-03517,2026-01-01,2026-01-01,Madinah,MAD,Identity & Civil Affairs,Branch,Citizen,45-54,4,4,6,1,Yes,Positive,Finished it on my phone in two minutes.,أسهل بكثير من زيارة الفرع.
CS-03518,2026-01-27,2026-01-01,Riyadh,RIY,Identity & Civil Affairs,Mobile App,Citizen,18-24,5,4,10,1,Yes,Positive,"No paperwork needed, very good service.",أنهيت المعاملة عبر الجوال خلال دقيقتين.
CS-03519,2026-04-23,2026-04-01,Makkah,MAK,Traffic & Transport,Branch,Business,18-24,4,3,10,1,Yes,Positive,The Nafath login worked first time.,أنهيت المعاملة عبر الجوال خلال دقيقتين.
CS-03520,2026-03-12,2026-03-01,Makkah,MAK,Justice & Notary,Mobile App,Citizen,35-44,5,5,10,1,Yes,Positive,The Nafath login worked first time.,أنهيت المعاملة عبر الجوال خلال دقيقتين.
CS-03521,2026-05-28,2026-05-01,Makkah,MAK,Social Support & Subsidies,Branch,Resident,25-34,3,2,5,0,Maybe,Neutral,"Fine, though I had to call to confirm.",مقبولة لكن اضطررت للاتصال للتأكيد.
CS-03522,2026-05-28,2026-05-01,Riyadh,RIY,Labour & HR Services,Mobile App,Citizen,35-44,4,5,7,1,Yes,Positive,Much easier than going to the branch.,أسهل بكثير من زيارة الفرع.
CS-03523,2026-05-10,2026-05-01,Eastern Province,EAS,Education & Training,Mobile App,Business,35-44,4,5,6,1,Yes,Positive,Much easier than going to the branch.,تسجيل الدخول عبر نفاذ عمل من أول مرة.
CS-03524,2026-05-24,2026-05-01,Tabuk,TBK,Labour & HR Services,Mobile App,Business,25-34,4,4,9,1,Yes,Positive,Finished it on my phone in two minutes.,أسهل بكثير من زيارة الفرع.
CS-03525,2026-02-07,2026-02-01,Northern Borders,NBR,Labour & HR Services,Web Portal,Citizen,18-24,4,4,8,1,Yes,Positive,Finished it on my phone in two minutes.,أنهيت المعاملة عبر الجوال خلال دقيقتين.
CS-03526,2026-05-05,2026-05-01,Makkah,MAK,Health Services,Web Portal,Business,18-24,4,4,6,1,Yes,Positive,Clear steps and instant confirmation.,أنهيت المعاملة عبر الجوال خلال دقيقتين.
CS-03527,2026-02-06,2026-02-01,Riyadh,RIY,Identity & Civil Affairs,Call Center,Citizen,35-44,5,5,10,1,Yes,Positive,The Nafath login worked first time.,أنهيت المعاملة عبر الجوال خلال دقيقتين.
CS-03528,2026-01-15,2026-01-01,Asir,ASR,Justice & Notary,Branch,Citizen,35-44,2,1,2,1,No,Negative,Waited 40 minutes and the counter closed.,رفع المستند يُرفض باستمرار.
CS-03529,2026-05-26,2026-05-01,Riyadh,RIY,Traffic & Transport,Mobile App,Resident,65+,5,5,10,1,Yes,Positive,Clear steps and instant confirmation.,الخطوات واضحة والتأكيد فوري.
CS-03530,2026-02-11,2026-02-01,Eastern Province,EAS,Health Services,Branch,Citizen,25-34,4,4,6,1,Yes,Positive,The Nafath login worked first time.,تسجيل الدخول عبر نفاذ عمل من أول مرة.
CS-03531,2026-05-28,2026-05-01,Makkah,MAK,Health Services,Mobile App,Resident,25-34,5,4,10,1,Yes,Positive,"No paperwork needed, very good service.",أسهل بكثير من زيارة الفرع.
CS-03532,2026-06-11,2026-06-01,Al-Baha,BAH,Traffic & Transport,Mobile App,Resident,18-24,4,4,6,1,Yes,Positive,Clear steps and instant confirmation.,تسجيل الدخول عبر نفاذ عمل من أول مرة.
CS-03533,2026-03-28,2026-03-01,Asir,ASR,Municipal Services,Mobile App,Resident,18-24,4,5,7,1,Yes,Positive,Clear steps and instant confirmation.,أنهيت المعاملة عبر الجوال خلال دقيقتين.
CS-03534,2026-03-02,2026-03-01,Jazan,JZN,Labour & HR Services,Web Portal,Citizen,25-34,5,5,10,1,Yes,Positive,Much easier than going to the branch.,أسهل بكثير من زيارة الفرع.
CS-03535,2026-03-14,2026-03-01,Al-Baha,BAH,Education & Training,Call Center,Citizen,25-34,4,4,8,1,Yes,Positive,Finished it on my phone in two minutes.,الخطوات واضحة والتأكيد فوري.
CS-03536,2026-06-23,2026-06-01,Makkah,MAK,Traffic & Transport,Mobile App,Citizen,35-44,3,3,8,0,Maybe,Neutral,Took longer than I expected.,استغرقت وقتاً أطول مما توقعت.
CS-03537,2026-01-13,2026-01-01,Madinah,MAD,Identity & Civil Affairs,Branch,Citizen,18-24,4,4,10,1,Yes,Positive,The Nafath login worked first time.,تسجيل الدخول عبر نفاذ عمل من أول مرة.
CS-03538,2026-02-08,2026-02-01,Tabuk,TBK,Labour & HR Services,Call Center,Citizen,65+,4,5,6,1,Yes,Positive,The Nafath login worked first time.,أنهيت المعاملة عبر الجوال خلال دقيقتين.
CS-03539,2026-04-28,2026-04-01,Eastern Province,EAS,Business & Licensing,Branch,Resident,35-44,4,3,9,0,Yes,Positive,The Nafath login worked first time.,أنهيت المعاملة عبر الجوال خلال دقيقتين.
CS-03540,2026-05-01,2026-05-01,Jazan,JZN,Justice & Notary,Mobile App,Resident,35-44,5,4,8,1,Yes,Positive,The Nafath login worked first time.,الخطوات واضحة والتأكيد فوري.
CS-03541,2026-02-09,2026-02-01,Eastern Province,EAS,Identity & Civil Affairs,Web Portal,Business,35-44,5,5,10,1,Yes,Positive,"No paperwork needed, very good service.",الخطوات واضحة والتأكيد فوري.
CS-03542,2026-03-09,2026-03-01,Hail,HAL,Health Services,Call Center,Resident,45-54,4,3,9,1,Yes,Positive,Clear steps and instant confirmation.,تسجيل الدخول عبر نفاذ عمل من أول مرة.
CS-03543,2026-05-12,2026-05-01,Makkah,MAK,Health Services,Branch,Citizen,25-34,4,5,10,1,Yes,Positive,Clear steps and instant confirmation.,أنهيت المعاملة عبر الجوال خلال دقيقتين.
CS-03544,2026-04-15,2026-04-01,Riyadh,RIY,Municipal Services,Call Center,Citizen,35-44,3,2,6,1,Maybe,Neutral,Took longer than I expected.,مقبولة لكن اضطررت للاتصال للتأكيد.
CS-03545,2026-02-26,2026-02-01,Riyadh,RIY,Health Services,Mobile App,Citizen,25-34,5,5,10,1,Yes,Positive,Finished it on my phone in two minutes.,الخطوات واضحة والتأكيد فوري.
CS-03546,2026-03-26,2026-03-01,Riyadh,RIY,Identity & Civil Affairs,Mobile App,Business,45-54,4,5,10,1,Yes,Positive,Clear steps and instant confirmation.,تسجيل الدخول عبر نفاذ عمل من أول مرة.
CS-03547,2026-04-16,2026-04-01,Eastern Province,EAS,Identity & Civil Affairs,Mobile App,Resident,35-44,5,4,9,1,Yes,Positive,Finished it on my phone in two minutes.,أسهل بكثير من زيارة الفرع.
CS-03548,2026-03-03,2026-03-01,Eastern Province,EAS,Business & Licensing,Mobile App,Citizen,55-64,5,5,10,1,Yes,Positive,The Nafath login worked first time.,تسجيل الدخول عبر نفاذ عمل من أول مرة.
CS-03549,2026-06-15,2026-06-01,Riyadh,RIY,Justice & Notary,Mobile App,Resident,35-44,4,5,6,1,Yes,Positive,Finished it on my phone in two minutes.,أنهيت المعاملة عبر الجوال خلال دقيقتين.
CS-03550,2026-03-01,2026-03-01,Eastern Province,EAS,Identity & Civil Affairs,Mobile App,Citizen,25-34,4,4,7,0,Yes,Positive,Finished it on my phone in two minutes.,تسجيل الدخول عبر نفاذ عمل من أول مرة.
CS-03551,2026-02-06,2026-02-01,Makkah,MAK,Health Services,Web Portal,Citizen,45-54,3,3,6,1,Maybe,Neutral,It worked but the wording was confusing.,استغرقت وقتاً أطول مما توقعت.
CS-03552,2026-06-08,2026-06-01,Riyadh,RIY,Health Services,Branch,Citizen,25-34,3,3,6,0,Maybe,Neutral,It worked but the wording was confusing.,استغرقت وقتاً أطول مما توقعت.
CS-03553,2026-01-25,2026-01-01,Jazan,JZN,Labour & HR Services,Call Center,Citizen,25-34,4,4,9,1,Yes,Positive,Much easier than going to the branch.,تسجيل الدخول عبر نفاذ عمل من أول مرة.
CS-03554,2026-06-22,2026-06-01,Makkah,MAK,Education & Training,Mobile App,Resident,35-44,5,5,8,1,Yes,Positive,The Nafath login worked first time.,أسهل بكثير من زيارة الفرع.
CS-03555,2026-06-23,2026-06-01,Riyadh,RIY,Identity & Civil Affairs,Web Portal,Citizen,25-34,4,5,7,0,Yes,Positive,Clear steps and instant confirmation.,تسجيل الدخول عبر نفاذ عمل من أول مرة.
CS-03556,2026-06-25,2026-06-01,Makkah,MAK,Health Services,Mobile App,Citizen,18-24,5,5,9,1,Yes,Positive,Finished it on my phone in two minutes.,أنهيت المعاملة عبر الجوال خلال دقيقتين.
CS-03557,2026-03-04,2026-03-01,Eastern Province,EAS,Municipal Services,Branch,Citizen,45-54,3,2,8,0,Maybe,Neutral,"Fine, though I had to call to confirm.",استغرقت وقتاً أطول مما توقعت.
CS-03558,2026-06-02,2026-06-01,Qassim,QSM,Business & Licensing,Branch,Citizen,18-24,3,3,6,0,Maybe,Neutral,"Fine, though I had to call to confirm.",تمت الخدمة لكن الصياغة غير واضحة.
CS-03559,2026-05-04,2026-05-01,Qassim,QSM,Business & Licensing,Mobile App,Citizen,18-24,5,5,9,1,Yes,Positive,Finished it on my phone in two minutes.,تسجيل الدخول عبر نفاذ عمل من أول مرة.
CS-03560,2026-04-15,2026-04-01,Makkah,MAK,Identity & Civil Affairs,Branch,Citizen,25-34,5,4,10,1,Yes,Positive,Finished it on my phone in two minutes.,الخطوات واضحة والتأكيد فوري.
CS-03561,2026-01-09,2026-01-01,Madinah,MAD,Health Services,Web Portal,Citizen,25-34,5,5,10,1,Yes,Positive,The Nafath login worked first time.,أسهل بكثير من زيارة الفرع.
CS-03562,2026-01-18,2026-01-01,Jazan,JZN,Municipal Services,Web Portal,Citizen,25-34,3,2,5,0,Maybe,Neutral,"Fine, though I had to call to confirm.",مقبولة لكن اضطررت للاتصال للتأكيد.
CS-03563,2026-04-05,2026-04-01,Asir,ASR,Health Services,Mobile App,Citizen,55-64,4,3,6,1,Yes,Positive,"No paperwork needed, very good service.",أسهل بكثير من زيارة الفرع.
CS-03564,2026-05-06,2026-05-01,Madinah,MAD,Education & Training,Mobile App,Citizen,18-24,4,5,9,1,Yes,Positive,Much easier than going to the branch.,تسجيل الدخول عبر نفاذ عمل من أول مرة.
CS-03565,2026-05-18,2026-05-01,Eastern Province,EAS,Identity & Civil Affairs,Mobile App,Citizen,45-54,5,5,9,1,Yes,Positive,Much easier than going to the branch.,الخطوات واضحة والتأكيد فوري.
CS-03566,2026-02-07,2026-02-01,Makkah,MAK,Business & Licensing,Mobile App,Citizen,45-54,5,4,9,1,Yes,Positive,Much easier than going to the branch.,تسجيل الدخول عبر نفاذ عمل من أول مرة.
CS-03567,2026-05-18,2026-05-01,Makkah,MAK,Labour & HR Services,Branch,Citizen,35-44,5,4,10,1,Yes,Positive,Finished it on my phone in two minutes.,أنهيت المعاملة عبر الجوال خلال دقيقتين.
CS-03568,2026-02-12,2026-02-01,Makkah,MAK,Traffic & Transport,Branch,Citizen,65+,5,4,8,0,Yes,Positive,Much easier than going to the branch.,تسجيل الدخول عبر نفاذ عمل من أول مرة.
CS-03569,2026-06-23,2026-06-01,Al-Baha,BAH,Municipal Services,Call Center,Citizen,45-54,3,2,7,0,Maybe,Neutral,Took longer than I expected.,تمت الخدمة لكن الصياغة غير واضحة.
CS-03570,2026-06-23,2026-06-01,Riyadh,RIY,Municipal Services,Branch,Citizen,55-64,4,4,7,1,Yes,Positive,"No paperwork needed, very good service.",تسجيل الدخول عبر نفاذ عمل من أول مرة.
CS-03571,2026-06-20,2026-06-01,Qassim,QSM,Municipal Services,Mobile App,Resident,45-54,5,5,10,1,Yes,Positive,"No paperwork needed, very good service.",أنهيت المعاملة عبر الجوال خلال دقيقتين.
CS-03572,2026-02-09,2026-02-01,Riyadh,RIY,Municipal Services,Branch,Citizen,25-34,4,4,10,1,Yes,Positive,The Nafath login worked first time.,أنهيت المعاملة عبر الجوال خلال دقيقتين.
CS-03573,2026-02-26,2026-02-01,Riyadh,RIY,Municipal Services,Web Portal,Citizen,45-54,5,5,10,1,Yes,Positive,The Nafath login worked first time.,الخطوات واضحة والتأكيد فوري.
CS-03574,2026-02-28,2026-02-01,Jazan,JZN,Traffic & Transport,Mobile App,Citizen,45-54,3,4,7,0,Maybe,Neutral,"Fine, though I had to call to confirm.",مقبولة لكن اضطررت للاتصال للتأكيد.
CS-03575,2026-06-07,2026-06-01,Madinah,MAD,Labour & HR Services,Mobile App,Citizen,25-34,5,5,10,1,Yes,Positive,The Nafath login worked first time.,أسهل بكثير من زيارة الفرع.
CS-03576,2026-03-13,2026-03-01,Eastern Province,EAS,Education & Training,Mobile App,Resident,25-34,5,5,9,1,Yes,Positive,Clear steps and instant confirmation.,الخطوات واضحة والتأكيد فوري.
CS-03577,2026-05-20,2026-05-01,Hail,HAL,Identity & Civil Affairs,Call Center,Resident,25-34,4,4,6,1,Yes,Positive,"No paperwork needed, very good service.",أسهل بكثير من زيارة الفرع.
CS-03578,2026-02-24,2026-02-01,Eastern Province,EAS,Municipal Services,Mobile App,Resident,25-34,5,5,10,1,Yes,Positive,Much easier than going to the branch.,أسهل بكثير من زيارة الفرع.
CS-03579,2026-06-28,2026-06-01,Makkah,MAK,Business & Licensing,Call Center,Resident,35-44,1,1,4,1,No,Negative,Waited 40 minutes and the counter closed.,رفع المستند يُرفض باستمرار.
CS-03580,2026-04-03,2026-04-01,Riyadh,RIY,Education & Training,Mobile App,Resident,18-24,5,5,8,1,Yes,Positive,The Nafath login worked first time.,الخطوات واضحة والتأكيد فوري.
CS-03581,2026-05-02,2026-05-01,Makkah,MAK,Labour & HR Services,Mobile App,Citizen,25-34,4,5,7,0,Yes,Positive,The Nafath login worked first time.,الخطوات واضحة والتأكيد فوري.
CS-03582,2026-04-03,2026-04-01,Madinah,MAD,Health Services,Branch,Business,35-44,4,5,9,1,Yes,Positive,"No paperwork needed, very good service.",أسهل بكثير من زيارة الفرع.
CS-03583,2026-03-14,2026-03-01,Qassim,QSM,Business & Licensing,Mobile App,Citizen,35-44,5,4,9,0,Yes,Positive,Clear steps and instant confirmation.,الخطوات واضحة والتأكيد فوري.
CS-03584,2026-06-02,2026-06-01,Riyadh,RIY,Identity & Civil Affairs,Mobile App,Citizen,55-64,5,4,10,1,Yes,Positive,"No paperwork needed, very good service.",الخطوات واضحة والتأكيد فوري.
CS-03585,2026-04-04,2026-04-01,Eastern Province,EAS,Health Services,Web Portal,Citizen,25-34,5,5,10,1,Yes,Positive,Finished it on my phone in two minutes.,تسجيل الدخول عبر نفاذ عمل من أول مرة.
CS-03586,2026-02-28,2026-02-01,Riyadh,RIY,Health Services,Mobile App,Citizen,45-54,5,5,10,1,Yes,Positive,Finished it on my phone in two minutes.,الخطوات واضحة والتأكيد فوري.
CS-03587,2026-06-26,2026-06-01,Makkah,MAK,Education & Training,Mobile App,Citizen,18-24,4,5,9,1,Yes,Positive,"No paperwork needed, very good service.",أسهل بكثير من زيارة الفرع.
CS-03588,2026-04-21,2026-04-01,Tabuk,TBK,Municipal Services,Mobile App,Business,25-34,3,2,7,0,Maybe,Neutral,"Fine, though I had to call to confirm.",تمت الخدمة لكن الصياغة غير واضحة.
CS-03589,2026-05-26,2026-05-01,Riyadh,RIY,Health Services,Mobile App,Citizen,55-64,4,4,9,1,Yes,Positive,Much easier than going to the branch.,الخطوات واضحة والتأكيد فوري.
CS-03590,2026-06-17,2026-06-01,Makkah,MAK,Identity & Civil Affairs,Branch,Citizen,25-34,2,2,3,0,No,Negative,I had to visit the branch anyway.,اضطررت لزيارة الفرع رغم ذلك.
CS-03591,2026-02-17,2026-02-01,Eastern Province,EAS,Municipal Services,Branch,Resident,35-44,4,4,7,1,Yes,Positive,Clear steps and instant confirmation.,الخطوات واضحة والتأكيد فوري.
CS-03592,2026-03-28,2026-03-01,Riyadh,RIY,Social Support & Subsidies,Branch,Citizen,55-64,4,5,6,1,Yes,Positive,Finished it on my phone in two minutes.,أنهيت المعاملة عبر الجوال خلال دقيقتين.
CS-03593,2026-03-17,2026-03-01,Makkah,MAK,Identity & Civil Affairs,Call Center,Citizen,25-34,3,4,8,0,Maybe,Neutral,"Fine, though I had to call to confirm.",مقبولة لكن اضطررت للاتصال للتأكيد.
CS-03594,2026-02-27,2026-02-01,Makkah,MAK,Health Services,Call Center,Business,25-34,5,4,10,1,Yes,Positive,Finished it on my phone in two minutes.,أنهيت المعاملة عبر الجوال خلال دقيقتين.
CS-03595,2026-03-26,2026-03-01,Tabuk,TBK,Municipal Services,Web Portal,Resident,35-44,5,5,9,1,Yes,Positive,Much easier than going to the branch.,أنهيت المعاملة عبر الجوال خلال دقيقتين.
CS-03596,2026-01-18,2026-01-01,Riyadh,RIY,Traffic & Transport,Mobile App,Business,25-34,4,3,8,1,Yes,Positive,Much easier than going to the branch.,أسهل بكثير من زيارة الفرع.
CS-03597,2026-02-27,2026-02-01,Eastern Province,EAS,Municipal Services,Branch,Citizen,25-34,4,4,7,1,Yes,Positive,The Nafath login worked first time.,أنهيت المعاملة عبر الجوال خلال دقيقتين.
CS-03598,2026-01-06,2026-01-01,Riyadh,RIY,Identity & Civil Affairs,Web Portal,Citizen,35-44,3,3,5,0,Maybe,Neutral,Took longer than I expected.,مقبولة لكن اضطررت للاتصال للتأكيد.
CS-03599,2026-06-06,2026-06-01,Eastern Province,EAS,Identity & Civil Affairs,Web Portal,Citizen,25-34,5,5,8,1,Yes,Positive,The Nafath login worked first time.,تسجيل الدخول عبر نفاذ عمل من أول مرة.
CS-03600,2026-02-02,2026-02-01,Jazan,JZN,Business & Licensing,Call Center,Resident,65+,4,4,10,1,Yes,Positive,Much easier than going to the branch.,أنهيت المعاملة عبر الجوال خلال دقيقتين.
CS-03601,2026-06-02,2026-06-01,Riyadh,RIY,Traffic & Transport,Branch,Citizen,18-24,5,5,10,0,Yes,Positive,Finished it on my phone in two minutes.,أنهيت المعاملة عبر الجوال خلال دقيقتين.
CS-03602,2026-02-01,2026-02-01,Qassim,QSM,Traffic & Transport,Web Portal,Citizen,18-24,4,5,9,1,Yes,Positive,Much easier than going to the branch.,الخطوات واضحة والتأكيد فوري.
CS-03603,2026-04-01,2026-04-01,Al-Jouf,JOF,Municipal Services,Mobile App,Citizen,65+,4,3,6,1,Yes,Positive,"No paperwork needed, very good service.",الخطوات واضحة والتأكيد فوري.
CS-03604,2026-04-12,2026-04-01,Riyadh,RIY,Health Services,Web Portal,Citizen,35-44,5,4,10,1,Yes,Positive,Much easier than going to the branch.,الخطوات واضحة والتأكيد فوري.
CS-03605,2026-01-23,2026-01-01,Hail,HAL,Education & Training,Web Portal,Citizen,45-54,3,2,5,0,Maybe,Neutral,"Fine, though I had to call to confirm.",تمت الخدمة لكن الصياغة غير واضحة.
CS-03606,2026-05-04,2026-05-01,Tabuk,TBK,Business & Licensing,Mobile App,Citizen,45-54,5,4,10,1,Yes,Positive,Clear steps and instant confirmation.,الخطوات واضحة والتأكيد فوري.
CS-03607,2026-03-09,2026-03-01,Riyadh,RIY,Traffic & Transport,Mobile App,Citizen,25-34,5,5,8,1,Yes,Positive,The Nafath login worked first time.,الخطوات واضحة والتأكيد فوري.
CS-03608,2026-03-06,2026-03-01,Riyadh,RIY,Identity & Civil Affairs,Web Portal,Citizen,35-44,5,5,8,0,Yes,Positive,Much easier than going to the branch.,أسهل بكثير من زيارة الفرع.
CS-03609,2026-04-24,2026-04-01,Qassim,QSM,Municipal Services,Web Portal,Citizen,45-54,5,5,9,1,Yes,Positive,"No paperwork needed, very good service.",أنهيت المعاملة عبر الجوال خلال دقيقتين.
CS-03610,2026-04-28,2026-04-01,Eastern Province,EAS,Traffic & Transport,Mobile App,Citizen,25-34,3,2,6,0,Maybe,Neutral,Took longer than I expected.,استغرقت وقتاً أطول مما توقعت.
CS-03611,2026-03-13,2026-03-01,Jazan,JZN,Identity & Civil Affairs,Web Portal,Business,45-54,5,5,10,1,Yes,Positive,The Nafath login worked first time.,أنهيت المعاملة عبر الجوال خلال دقيقتين.
CS-03612,2026-05-18,2026-05-01,Riyadh,RIY,Labour & HR Services,Mobile App,Citizen,25-34,4,5,6,1,Yes,Positive,Clear steps and instant confirmation.,أسهل بكثير من زيارة الفرع.
CS-03613,2026-06-26,2026-06-01,Makkah,MAK,Traffic & Transport,Call Center,Citizen,45-54,4,4,6,1,Yes,Positive,"No paperwork needed, very good service.",أنهيت المعاملة عبر الجوال خلال دقيقتين.
CS-03614,2026-01-17,2026-01-01,Makkah,MAK,Identity & Civil Affairs,Mobile App,Resident,18-24,5,5,10,1,Yes,Positive,Much easier than going to the branch.,أسهل بكثير من زيارة الفرع.
CS-03615,2026-02-18,2026-02-01,Makkah,MAK,Traffic & Transport,Call Center,Resident,55-64,4,4,7,1,Yes,Positive,"No paperwork needed, very good service.",أسهل بكثير من زيارة الفرع.
CS-03616,2026-04-13,2026-04-01,Makkah,MAK,Education & Training,Web Portal,Resident,25-34,4,3,7,1,Yes,Positive,Finished it on my phone in two minutes.,تسجيل الدخول عبر نفاذ عمل من أول مرة.
CS-03617,2026-04-09,2026-04-01,Madinah,MAD,Social Support & Subsidies,Mobile App,Citizen,35-44,5,5,8,1,Yes,Positive,Finished it on my phone in two minutes.,تسجيل الدخول عبر نفاذ عمل من أول مرة.
CS-03618,2026-03-07,2026-03-01,Asir,ASR,Education & Training,Mobile App,Citizen,35-44,4,3,7,1,Yes,Positive,Clear steps and instant confirmation.,تسجيل الدخول عبر نفاذ عمل من أول مرة.
CS-03619,2026-04-07,2026-04-01,Riyadh,RIY,Traffic & Transport,Mobile App,Citizen,18-24,5,5,10,1,Yes,Positive,The Nafath login worked first time.,أسهل بكثير من زيارة الفرع.
CS-03620,2026-05-10,2026-05-01,Makkah,MAK,Social Support & Subsidies,Call Center,Resident,55-64,5,4,9,1,Yes,Positive,Finished it on my phone in two minutes.,تسجيل الدخول عبر نفاذ عمل من أول مرة.
CS-03621,2026-02-21,2026-02-01,Makkah,MAK,Health Services,Branch,Resident,45-54,3,4,6,1,Maybe,Neutral,Took longer than I expected.,مقبولة لكن اضطررت للاتصال للتأكيد.
CS-03622,2026-03-03,2026-03-01,Makkah,MAK,Education & Training,Web Portal,Citizen,18-24,5,5,10,1,Yes,Positive,Much easier than going to the branch.,أسهل بكثير من زيارة الفرع.
CS-03623,2026-05-12,2026-05-01,Riyadh,RIY,Justice & Notary,Mobile App,Citizen,35-44,5,5,8,1,Yes,Positive,"No paperwork needed, very good service.",أسهل بكثير من زيارة الفرع.
CS-03624,2026-03-06,2026-03-01,Eastern Province,EAS,Municipal Services,Web Portal,Business,45-54,4,3,9,1,Yes,Positive,Finished it on my phone in two minutes.,تسجيل الدخول عبر نفاذ عمل من أول مرة.
CS-03625,2026-02-18,2026-02-01,Riyadh,RIY,Health Services,Mobile App,Citizen,18-24,5,4,9,1,Yes,Positive,Much easier than going to the branch.,أسهل بكثير من زيارة الفرع.
CS-03626,2026-02-04,2026-02-01,Jazan,JZN,Health Services,Web Portal,Citizen,35-44,4,5,9,1,Yes,Positive,Much easier than going to the branch.,أنهيت المعاملة عبر الجوال خلال دقيقتين.
CS-03627,2026-05-23,2026-05-01,Eastern Province,EAS,Education & Training,Call Center,Resident,35-44,4,5,10,1,Yes,Positive,"No paperwork needed, very good service.",تسجيل الدخول عبر نفاذ عمل من أول مرة.
CS-03628,2026-04-13,2026-04-01,Asir,ASR,Education & Training,Web Portal,Business,18-24,4,5,6,1,Yes,Positive,The Nafath login worked first time.,أسهل بكثير من زيارة الفرع.
CS-03629,2026-06-20,2026-06-01,Makkah,MAK,Labour & HR Services,Mobile App,Business,45-54,4,4,9,1,Yes,Positive,Clear steps and instant confirmation.,الخطوات واضحة والتأكيد فوري.
CS-03630,2026-04-26,2026-04-01,Eastern Province,EAS,Traffic & Transport,Web Portal,Resident,45-54,2,2,6,0,No,Negative,Waited 40 minutes and the counter closed.,فشل التحقق ثلاث مرات فاضطررت للتوقف.
CS-03631,2026-04-21,2026-04-01,Riyadh,RIY,Social Support & Subsidies,Mobile App,Resident,18-24,5,5,9,0,Yes,Positive,"No paperwork needed, very good service.",أسهل بكثير من زيارة الفرع.
CS-03632,2026-01-16,2026-01-01,Tabuk,TBK,Business & Licensing,Mobile App,Citizen,25-34,4,3,7,1,Yes,Positive,The Nafath login worked first time.,تسجيل الدخول عبر نفاذ عمل من أول مرة.
CS-03633,2026-06-20,2026-06-01,Qassim,QSM,Traffic & Transport,Mobile App,Resident,35-44,3,2,7,0,Maybe,Neutral,"Fine, though I had to call to confirm.",استغرقت وقتاً أطول مما توقعت.
CS-03634,2026-01-06,2026-01-01,Riyadh,RIY,Justice & Notary,Mobile App,Business,35-44,5,4,8,1,Yes,Positive,"No paperwork needed, very good service.",الخطوات واضحة والتأكيد فوري.
CS-03635,2026-02-14,2026-02-01,Qassim,QSM,Health Services,Web Portal,Citizen,45-54,3,2,5,1,Maybe,Neutral,"Fine, though I had to call to confirm.",استغرقت وقتاً أطول مما توقعت.
CS-03636,2026-04-23,2026-04-01,Riyadh,RIY,Labour & HR Services,Mobile App,Citizen,55-64,5,4,9,1,Yes,Positive,Clear steps and instant confirmation.,أسهل بكثير من زيارة الفرع.
CS-03637,2026-02-14,2026-02-01,Tabuk,TBK,Business & Licensing,Call Center,Citizen,25-34,5,5,10,0,Yes,Positive,Much easier than going to the branch.,تسجيل الدخول عبر نفاذ عمل من أول مرة.
CS-03638,2026-01-05,2026-01-01,Asir,ASR,Health Services,Call Center,Citizen,35-44,4,4,10,1,Yes,Positive,Finished it on my phone in two minutes.,أسهل بكثير من زيارة الفرع.
CS-03639,2026-05-06,2026-05-01,Makkah,MAK,Municipal Services,Branch,Citizen,18-24,4,5,8,1,Yes,Positive,"No paperwork needed, very good service.",أنهيت المعاملة عبر الجوال خلال دقيقتين.
CS-03640,2026-02-05,2026-02-01,Madinah,MAD,Traffic & Transport,Mobile App,Citizen,25-34,4,3,7,1,Yes,Positive,Finished it on my phone in two minutes.,أسهل بكثير من زيارة الفرع.
CS-03641,2026-02-21,2026-02-01,Asir,ASR,Education & Training,Branch,Resident,25-34,2,1,6,0,No,Negative,Waited 40 minutes and the counter closed.,فشل التحقق ثلاث مرات فاضطررت للتوقف.
CS-03642,2026-01-04,2026-01-01,Makkah,MAK,Education & Training,Mobile App,Citizen,45-54,4,5,6,1,Yes,Positive,Finished it on my phone in two minutes.,تسجيل الدخول عبر نفاذ عمل من أول مرة.
CS-03643,2026-02-28,2026-02-01,Jazan,JZN,Health Services,Mobile App,Citizen,25-34,5,5,8,1,Yes,Positive,The Nafath login worked first time.,تسجيل الدخول عبر نفاذ عمل من أول مرة.
CS-03644,2026-05-23,2026-05-01,Makkah,MAK,Identity & Civil Affairs,Branch,Citizen,18-24,3,4,5,1,Maybe,Neutral,It worked but the wording was confusing.,استغرقت وقتاً أطول مما توقعت.
CS-03645,2026-05-26,2026-05-01,Eastern Province,EAS,Business & Licensing,Mobile App,Resident,18-24,5,4,8,1,Yes,Positive,Finished it on my phone in two minutes.,تسجيل الدخول عبر نفاذ عمل من أول مرة.
CS-03646,2026-06-16,2026-06-01,Qassim,QSM,Traffic & Transport,Call Center,Citizen,45-54,4,5,8,1,Yes,Positive,Much easier than going to the branch.,الخطوات واضحة والتأكيد فوري.
CS-03647,2026-04-27,2026-04-01,Eastern Province,EAS,Identity & Civil Affairs,Branch,Business,25-34,4,5,8,0,Yes,Positive,The Nafath login worked first time.,تسجيل الدخول عبر نفاذ عمل من أول مرة.
CS-03648,2026-03-08,2026-03-01,Makkah,MAK,Justice & Notary,Call Center,Citizen,35-44,5,5,9,1,Yes,Positive,The Nafath login worked first time.,أنهيت المعاملة عبر الجوال خلال دقيقتين.
CS-03649,2026-03-26,2026-03-01,Madinah,MAD,Identity & Civil Affairs,Mobile App,Citizen,35-44,4,4,6,0,Yes,Positive,"No paperwork needed, very good service.",أنهيت المعاملة عبر الجوال خلال دقيقتين.
CS-03650,2026-06-09,2026-06-01,Madinah,MAD,Business & Licensing,Mobile App,Citizen,25-34,4,3,6,1,Yes,Positive,Finished it on my phone in two minutes.,أنهيت المعاملة عبر الجوال خلال دقيقتين.
CS-03651,2026-02-20,2026-02-01,Makkah,MAK,Education & Training,Mobile App,Business,45-54,4,3,10,1,Yes,Positive,The Nafath login worked first time.,الخطوات واضحة والتأكيد فوري.
CS-03652,2026-03-23,2026-03-01,Riyadh,RIY,Identity & Civil Affairs,Mobile App,Citizen,25-34,5,5,10,1,Yes,Positive,Clear steps and instant confirmation.,الخطوات واضحة والتأكيد فوري.
CS-03653,2026-02-16,2026-02-01,Eastern Province,EAS,Traffic & Transport,Web Portal,Resident,45-54,4,3,9,1,Yes,Positive,"No paperwork needed, very good service.",الخطوات واضحة والتأكيد فوري.
CS-03654,2026-02-09,2026-02-01,Makkah,MAK,Traffic & Transport,Mobile App,Business,25-34,4,4,6,1,Yes,Positive,The Nafath login worked first time.,تسجيل الدخول عبر نفاذ عمل من أول مرة.
CS-03655,2026-05-22,2026-05-01,Madinah,MAD,Municipal Services,Branch,Citizen,35-44,5,5,9,0,Yes,Positive,Finished it on my phone in two minutes.,تسجيل الدخول عبر نفاذ عمل من أول مرة.
CS-03656,2026-06-09,2026-06-01,Madinah,MAD,Health Services,Mobile App,Citizen,18-24,5,5,10,1,Yes,Positive,Much easier than going to the branch.,الخطوات واضحة والتأكيد فوري.
CS-03657,2026-05-18,2026-05-01,Makkah,MAK,Identity & Civil Affairs,Branch,Citizen,18-24,4,4,8,1,Yes,Positive,Clear steps and instant confirmation.,أنهيت المعاملة عبر الجوال خلال دقيقتين.
CS-03658,2026-06-25,2026-06-01,Tabuk,TBK,Justice & Notary,Web Portal,Resident,35-44,3,3,6,0,Maybe,Neutral,It worked but the wording was confusing.,استغرقت وقتاً أطول مما توقعت.
CS-03659,2026-06-12,2026-06-01,Makkah,MAK,Education & Training,Web Portal,Citizen,25-34,3,3,4,1,Maybe,Neutral,Acceptable but the receipt was hard to find.,مقبولة لكن اضطررت للاتصال للتأكيد.
CS-03660,2026-06-28,2026-06-01,Makkah,MAK,Justice & Notary,Call Center,Citizen,65+,4,3,7,1,Yes,Positive,Much easier than going to the branch.,الخطوات واضحة والتأكيد فوري.
CS-03661,2026-03-03,2026-03-01,Riyadh,RIY,Education & Training,Mobile App,Business,25-34,5,5,10,1,Yes,Positive,Finished it on my phone in two minutes.,تسجيل الدخول عبر نفاذ عمل من أول مرة.
CS-03662,2026-04-12,2026-04-01,Asir,ASR,Justice & Notary,Mobile App,Citizen,35-44,5,5,9,1,Yes,Positive,"No paperwork needed, very good service.",أسهل بكثير من زيارة الفرع.
CS-03663,2026-06-28,2026-06-01,Makkah,MAK,Social Support & Subsidies,Mobile App,Citizen,25-34,5,5,8,1,Yes,Positive,Much easier than going to the branch.,الخطوات واضحة والتأكيد فوري.
CS-03664,2026-01-03,2026-01-01,Makkah,MAK,Identity & Civil Affairs,Mobile App,Citizen,18-24,5,5,10,1,Yes,Positive,Clear steps and instant confirmation.,الخطوات واضحة والتأكيد فوري.
CS-03665,2026-03-17,2026-03-01,Riyadh,RIY,Health Services,Mobile App,Citizen,45-54,5,5,10,1,Yes,Positive,Clear steps and instant confirmation.,أسهل بكثير من زيارة الفرع.
CS-03666,2026-03-08,2026-03-01,Eastern Province,EAS,Identity & Civil Affairs,Web Portal,Citizen,45-54,4,5,7,0,Yes,Positive,Clear steps and instant confirmation.,أسهل بكثير من زيارة الفرع.
CS-03667,2026-06-28,2026-06-01,Riyadh,RIY,Business & Licensing,Mobile App,Citizen,55-64,4,3,8,1,Yes,Positive,Clear steps and instant confirmation.,أنهيت المعاملة عبر الجوال خلال دقيقتين.
CS-03668,2026-02-10,2026-02-01,Riyadh,RIY,Justice & Notary,Mobile App,Citizen,45-54,5,5,8,1,Yes,Positive,Clear steps and instant confirmation.,تسجيل الدخول عبر نفاذ عمل من أول مرة.
CS-03669,2026-03-25,2026-03-01,Makkah,MAK,Education & Training,Call Center,Citizen,25-34,4,4,9,1,Yes,Positive,The Nafath login worked first time.,تسجيل الدخول عبر نفاذ عمل من أول مرة.
CS-03670,2026-04-01,2026-04-01,Riyadh,RIY,Municipal Services,Mobile App,Citizen,25-34,4,5,9,1,Yes,Positive,Finished it on my phone in two minutes.,الخطوات واضحة والتأكيد فوري.
CS-03671,2026-03-16,2026-03-01,Riyadh,RIY,Traffic & Transport,Call Center,Resident,65+,4,4,9,1,Yes,Positive,Much easier than going to the branch.,تسجيل الدخول عبر نفاذ عمل من أول مرة.
CS-03672,2026-02-06,2026-02-01,Makkah,MAK,Business & Licensing,Mobile App,Business,65+,3,4,5,0,Maybe,Neutral,Acceptable but the receipt was hard to find.,مقبولة لكن اضطررت للاتصال للتأكيد.
CS-03673,2026-03-19,2026-03-01,Makkah,MAK,Business & Licensing,Mobile App,Citizen,45-54,4,4,8,1,Yes,Positive,Clear steps and instant confirmation.,الخطوات واضحة والتأكيد فوري.
CS-03674,2026-01-16,2026-01-01,Makkah,MAK,Identity & Civil Affairs,Web Portal,Citizen,25-34,3,3,8,1,Maybe,Neutral,It worked but the wording was confusing.,مقبولة لكن اضطررت للاتصال للتأكيد.
CS-03675,2026-06-01,2026-06-01,Madinah,MAD,Social Support & Subsidies,Branch,Citizen,25-34,3,4,7,1,Maybe,Neutral,Acceptable but the receipt was hard to find.,تمت الخدمة لكن الصياغة غير واضحة.
CS-03676,2026-02-12,2026-02-01,Makkah,MAK,Social Support & Subsidies,Branch,Resident,45-54,4,3,8,1,Yes,Positive,The Nafath login worked first time.,تسجيل الدخول عبر نفاذ عمل من أول مرة.
CS-03677,2026-04-18,2026-04-01,Jazan,JZN,Traffic & Transport,Call Center,Citizen,35-44,3,3,7,0,Maybe,Neutral,Acceptable but the receipt was hard to find.,مقبولة لكن اضطررت للاتصال للتأكيد.
CS-03678,2026-04-16,2026-04-01,Riyadh,RIY,Health Services,Mobile App,Resident,45-54,5,5,8,1,Yes,Positive,Finished it on my phone in two minutes.,تسجيل الدخول عبر نفاذ عمل من أول مرة.
CS-03679,2026-05-20,2026-05-01,Makkah,MAK,Identity & Civil Affairs,Call Center,Citizen,35-44,4,3,8,1,Yes,Positive,Finished it on my phone in two minutes.,الخطوات واضحة والتأكيد فوري.
CS-03680,2026-03-23,2026-03-01,Riyadh,RIY,Identity & Civil Affairs,Mobile App,Citizen,18-24,5,4,10,1,Yes,Positive,Finished it on my phone in two minutes.,تسجيل الدخول عبر نفاذ عمل من أول مرة.
CS-03681,2026-05-19,2026-05-01,Jazan,JZN,Labour & HR Services,Web Portal,Resident,65+,4,3,8,1,Yes,Positive,"No paperwork needed, very good service.",تسجيل الدخول عبر نفاذ عمل من أول مرة.
CS-03682,2026-03-08,2026-03-01,Madinah,MAD,Business & Licensing,Mobile App,Business,45-54,4,4,8,1,Yes,Positive,Finished it on my phone in two minutes.,تسجيل الدخول عبر نفاذ عمل من أول مرة.
CS-03683,2026-03-20,2026-03-01,Makkah,MAK,Traffic & Transport,Mobile App,Resident,18-24,3,4,8,0,Maybe,Neutral,Took longer than I expected.,تمت الخدمة لكن الصياغة غير واضحة.
CS-03684,2026-04-18,2026-04-01,Riyadh,RIY,Health Services,Mobile App,Resident,25-34,5,5,9,1,Yes,Positive,Finished it on my phone in two minutes.,أسهل بكثير من زيارة الفرع.
CS-03685,2026-04-26,2026-04-01,Makkah,MAK,Municipal Services,Call Center,Citizen,35-44,3,2,5,0,Maybe,Neutral,It worked but the wording was confusing.,تمت الخدمة لكن الصياغة غير واضحة.
CS-03686,2026-01-14,2026-01-01,Makkah,MAK,Justice & Notary,Branch,Citizen,65+,2,1,3,1,No,Negative,Waited 40 minutes and the counter closed.,اضطررت لزيارة الفرع رغم ذلك.
CS-03687,2026-01-19,2026-01-01,Madinah,MAD,Identity & Civil Affairs,Branch,Resident,65+,5,5,10,0,Yes,Positive,"No paperwork needed, very good service.",الخطوات واضحة والتأكيد فوري.
CS-03688,2026-04-23,2026-04-01,Riyadh,RIY,Identity & Civil Affairs,Mobile App,Business,45-54,5,4,9,1,Yes,Positive,"No paperwork needed, very good service.",تسجيل الدخول عبر نفاذ عمل من أول مرة.
CS-03689,2026-06-20,2026-06-01,Makkah,MAK,Social Support & Subsidies,Branch,Citizen,65+,4,5,10,1,Yes,Positive,Finished it on my phone in two minutes.,تسجيل الدخول عبر نفاذ عمل من أول مرة.
CS-03690,2026-03-07,2026-03-01,Riyadh,RIY,Labour & HR Services,Call Center,Citizen,18-24,3,3,4,0,Maybe,Neutral,It worked but the wording was confusing.,استغرقت وقتاً أطول مما توقعت.
CS-03691,2026-01-04,2026-01-01,Al-Baha,BAH,Identity & Civil Affairs,Mobile App,Citizen,25-34,4,5,10,1,Yes,Positive,"No paperwork needed, very good service.",تسجيل الدخول عبر نفاذ عمل من أول مرة.
CS-03692,2026-01-09,2026-01-01,Makkah,MAK,Identity & Civil Affairs,Web Portal,Citizen,25-34,4,4,7,1,Yes,Positive,"No paperwork needed, very good service.",أنهيت المعاملة عبر الجوال خلال دقيقتين.
CS-03693,2026-03-22,2026-03-01,Makkah,MAK,Traffic & Transport,Mobile App,Citizen,25-34,5,5,9,1,Yes,Positive,"No paperwork needed, very good service.",تسجيل الدخول عبر نفاذ عمل من أول مرة.
CS-03694,2026-06-21,2026-06-01,Riyadh,RIY,Justice & Notary,Mobile App,Citizen,18-24,4,5,10,1,Yes,Positive,The Nafath login worked first time.,تسجيل الدخول عبر نفاذ عمل من أول مرة.
CS-03695,2026-05-18,2026-05-01,Makkah,MAK,Business & Licensing,Mobile App,Resident,18-24,3,4,6,1,Maybe,Neutral,It worked but the wording was confusing.,تمت الخدمة لكن الصياغة غير واضحة.
CS-03696,2026-04-21,2026-04-01,Eastern Province,EAS,Municipal Services,Mobile App,Resident,25-34,3,4,8,1,Maybe,Neutral,"Fine, though I had to call to confirm.",مقبولة لكن اضطررت للاتصال للتأكيد.
CS-03697,2026-05-28,2026-05-01,Makkah,MAK,Municipal Services,Branch,Citizen,45-54,3,2,6,1,Maybe,Neutral,"Fine, though I had to call to confirm.",استغرقت وقتاً أطول مما توقعت.
CS-03698,2026-03-05,2026-03-01,Makkah,MAK,Traffic & Transport,Mobile App,Citizen,45-54,5,4,9,1,Yes,Positive,Clear steps and instant confirmation.,تسجيل الدخول عبر نفاذ عمل من أول مرة.
CS-03699,2026-01-15,2026-01-01,Hail,HAL,Health Services,Mobile App,Citizen,35-44,5,5,10,1,Yes,Positive,Finished it on my phone in two minutes.,أسهل بكثير من زيارة الفرع.
CS-03700,2026-06-12,2026-06-01,Riyadh,RIY,Health Services,Web Portal,Citizen,18-24,4,3,6,1,Yes,Positive,Finished it on my phone in two minutes.,أسهل بكثير من زيارة الفرع.
CS-03701,2026-06-21,2026-06-01,Riyadh,RIY,Health Services,Branch,Citizen,25-34,4,4,8,0,Yes,Positive,Clear steps and instant confirmation.,تسجيل الدخول عبر نفاذ عمل من أول مرة.
CS-03702,2026-05-17,2026-05-01,Asir,ASR,Identity & Civil Affairs,Mobile App,Citizen,35-44,4,3,10,1,Yes,Positive,Much easier than going to the branch.,الخطوات واضحة والتأكيد فوري.
CS-03703,2026-05-13,2026-05-01,Makkah,MAK,Traffic & Transport,Web Portal,Citizen,18-24,4,5,10,1,Yes,Positive,Finished it on my phone in two minutes.,أسهل بكثير من زيارة الفرع.
CS-03704,2026-03-18,2026-03-01,Asir,ASR,Identity & Civil Affairs,Web Portal,Citizen,35-44,5,4,10,0,Yes,Positive,Much easier than going to the branch.,تسجيل الدخول عبر نفاذ عمل من أول مرة.
CS-03705,2026-05-13,2026-05-01,Asir,ASR,Health Services,Mobile App,Citizen,25-34,5,5,10,0,Yes,Positive,Clear steps and instant confirmation.,أسهل بكثير من زيارة الفرع.
CS-03706,2026-01-03,2026-01-01,Jazan,JZN,Education & Training,Call Center,Citizen,18-24,3,2,7,1,Maybe,Neutral,Acceptable but the receipt was hard to find.,مقبولة لكن اضطررت للاتصال للتأكيد.
CS-03707,2026-01-24,2026-01-01,Riyadh,RIY,Labour & HR Services,Mobile App,Business,65+,4,4,9,1,Yes,Positive,Clear steps and instant confirmation.,أسهل بكثير من زيارة الفرع.
CS-03708,2026-05-02,2026-05-01,Makkah,MAK,Education & Training,Mobile App,Business,45-54,5,4,9,0,Yes,Positive,Clear steps and instant confirmation.,الخطوات واضحة والتأكيد فوري.
CS-03709,2026-01-08,2026-01-01,Eastern Province,EAS,Social Support & Subsidies,Branch,Citizen,55-64,4,3,10,1,Yes,Positive,"No paperwork needed, very good service.",تسجيل الدخول عبر نفاذ عمل من أول مرة.
CS-03710,2026-01-18,2026-01-01,Makkah,MAK,Justice & Notary,Branch,Citizen,55-64,3,2,8,1,Maybe,Neutral,Took longer than I expected.,تمت الخدمة لكن الصياغة غير واضحة.
CS-03711,2026-02-19,2026-02-01,Riyadh,RIY,Justice & Notary,Mobile App,Citizen,35-44,4,4,9,1,Yes,Positive,The Nafath login worked first time.,أسهل بكثير من زيارة الفرع.
CS-03712,2026-05-22,2026-05-01,Jazan,JZN,Justice & Notary,Mobile App,Resident,18-24,5,5,8,1,Yes,Positive,"No paperwork needed, very good service.",تسجيل الدخول عبر نفاذ عمل من أول مرة.
CS-03713,2026-05-12,2026-05-01,Asir,ASR,Social Support & Subsidies,Mobile App,Citizen,18-24,5,5,9,0,Yes,Positive,Finished it on my phone in two minutes.,الخطوات واضحة والتأكيد فوري.
CS-03714,2026-06-18,2026-06-01,Makkah,MAK,Identity & Civil Affairs,Web Portal,Citizen,45-54,5,5,10,1,Yes,Positive,Finished it on my phone in two minutes.,أسهل بكثير من زيارة الفرع.
CS-03715,2026-03-27,2026-03-01,Riyadh,RIY,Social Support & Subsidies,Mobile App,Citizen,45-54,4,3,8,1,Yes,Positive,The Nafath login worked first time.,تسجيل الدخول عبر نفاذ عمل من أول مرة.
CS-03716,2026-03-11,2026-03-01,Najran,NJR,Identity & Civil Affairs,Mobile App,Resident,35-44,4,3,10,1,Yes,Positive,Clear steps and instant confirmation.,تسجيل الدخول عبر نفاذ عمل من أول مرة.
CS-03717,2026-03-01,2026-03-01,Makkah,MAK,Identity & Civil Affairs,Call Center,Citizen,65+,4,4,9,1,Yes,Positive,The Nafath login worked first time.,تسجيل الدخول عبر نفاذ عمل من أول مرة.
CS-03718,2026-03-05,2026-03-01,Makkah,MAK,Health Services,Branch,Citizen,35-44,4,4,7,0,Yes,Positive,Much easier than going to the branch.,أنهيت المعاملة عبر الجوال خلال دقيقتين.
CS-03719,2026-04-07,2026-04-01,Riyadh,RIY,Identity & Civil Affairs,Call Center,Business,35-44,4,4,9,1,Yes,Positive,Finished it on my phone in two minutes.,أسهل بكثير من زيارة الفرع.
CS-03720,2026-01-11,2026-01-01,Makkah,MAK,Social Support & Subsidies,Web Portal,Citizen,25-34,3,2,6,1,Maybe,Neutral,"Fine, though I had to call to confirm.",استغرقت وقتاً أطول مما توقعت.
CS-03721,2026-06-13,2026-06-01,Makkah,MAK,Identity & Civil Affairs,Mobile App,Citizen,18-24,5,4,9,1,Yes,Positive,"No paperwork needed, very good service.",أسهل بكثير من زيارة الفرع.
CS-03722,2026-03-18,2026-03-01,Riyadh,RIY,Social Support & Subsidies,Web Portal,Resident,65+,5,5,10,1,Yes,Positive,Much easier than going to the branch.,أسهل بكثير من زيارة الفرع.
CS-03723,2026-02-26,2026-02-01,Najran,NJR,Traffic & Transport,Web Portal,Business,55-64,3,2,5,1,Maybe,Neutral,It worked but the wording was confusing.,استغرقت وقتاً أطول مما توقعت.
CS-03724,2026-05-10,2026-05-01,Makkah,MAK,Identity & Civil Affairs,Call Center,Citizen,45-54,4,5,8,1,Yes,Positive,Finished it on my phone in two minutes.,تسجيل الدخول عبر نفاذ عمل من أول مرة.
CS-03725,2026-03-22,2026-03-01,Riyadh,RIY,Labour & HR Services,Web Portal,Citizen,25-34,5,5,8,1,Yes,Positive,The Nafath login worked first time.,الخطوات واضحة والتأكيد فوري.
CS-03726,2026-01-16,2026-01-01,Riyadh,RIY,Identity & Civil Affairs,Mobile App,Citizen,18-24,5,5,10,1,Yes,Positive,Finished it on my phone in two minutes.,تسجيل الدخول عبر نفاذ عمل من أول مرة.
CS-03727,2026-01-25,2026-01-01,Eastern Province,EAS,Social Support & Subsidies,Branch,Resident,45-54,4,5,7,0,Yes,Positive,"No paperwork needed, very good service.",الخطوات واضحة والتأكيد فوري.
CS-03728,2026-02-16,2026-02-01,Northern Borders,NBR,Business & Licensing,Branch,Citizen,25-34,4,4,10,1,Yes,Positive,Much easier than going to the branch.,تسجيل الدخول عبر نفاذ عمل من أول مرة.
CS-03729,2026-06-17,2026-06-01,Riyadh,RIY,Social Support & Subsidies,Branch,Citizen,35-44,2,3,6,0,No,Negative,The authentication failed three times and I gave up.,انتظرت أربعين دقيقة ثم أُغلق الشباك.
CS-03730,2026-01-10,2026-01-01,Makkah,MAK,Business & Licensing,Call Center,Citizen,35-44,4,4,9,1,Yes,Positive,The Nafath login worked first time.,أسهل بكثير من زيارة الفرع.
CS-03731,2026-02-19,2026-02-01,Eastern Province,EAS,Labour & HR Services,Mobile App,Business,25-34,5,4,10,1,Yes,Positive,The Nafath login worked first time.,أسهل بكثير من زيارة الفرع.
CS-03732,2026-05-25,2026-05-01,Najran,NJR,Identity & Civil Affairs,Call Center,Citizen,45-54,4,5,8,1,Yes,Positive,"No paperwork needed, very good service.",تسجيل الدخول عبر نفاذ عمل من أول مرة.
CS-03733,2026-04-25,2026-04-01,Makkah,MAK,Identity & Civil Affairs,Mobile App,Citizen,25-34,4,3,10,1,Yes,Positive,Finished it on my phone in two minutes.,أسهل بكثير من زيارة الفرع.
CS-03734,2026-04-26,2026-04-01,Asir,ASR,Social Support & Subsidies,Mobile App,Citizen,55-64,5,4,10,1,Yes,Positive,Clear steps and instant confirmation.,أنهيت المعاملة عبر الجوال خلال دقيقتين.
CS-03735,2026-03-18,2026-03-01,Madinah,MAD,Municipal Services,Call Center,Citizen,25-34,4,5,7,1,Yes,Positive,Finished it on my phone in two minutes.,تسجيل الدخول عبر نفاذ عمل من أول مرة.
CS-03736,2026-03-19,2026-03-01,Asir,ASR,Health Services,Mobile App,Citizen,45-54,4,4,9,1,Yes,Positive,"No paperwork needed, very good service.",الخطوات واضحة والتأكيد فوري.
CS-03737,2026-03-27,2026-03-01,Riyadh,RIY,Health Services,Call Center,Resident,25-34,5,5,10,1,Yes,Positive,Finished it on my phone in two minutes.,أسهل بكثير من زيارة الفرع.
CS-03738,2026-05-25,2026-05-01,Makkah,MAK,Traffic & Transport,Web Portal,Citizen,35-44,4,4,6,1,Yes,Positive,Finished it on my phone in two minutes.,تسجيل الدخول عبر نفاذ عمل من أول مرة.
CS-03739,2026-05-20,2026-05-01,Madinah,MAD,Labour & HR Services,Mobile App,Citizen,35-44,4,3,10,1,Yes,Positive,Clear steps and instant confirmation.,الخطوات واضحة والتأكيد فوري.
CS-03740,2026-03-27,2026-03-01,Riyadh,RIY,Identity & Civil Affairs,Branch,Citizen,45-54,2,2,2,0,No,Negative,Waited 40 minutes and the counter closed.,اضطررت لزيارة الفرع رغم ذلك.
CS-03741,2026-06-11,2026-06-01,Qassim,QSM,Business & Licensing,Mobile App,Citizen,18-24,4,3,8,1,Yes,Positive,Clear steps and instant confirmation.,تسجيل الدخول عبر نفاذ عمل من أول مرة.
CS-03742,2026-06-04,2026-06-01,Jazan,JZN,Municipal Services,Web Portal,Citizen,65+,5,5,8,1,Yes,Positive,Finished it on my phone in two minutes.,الخطوات واضحة والتأكيد فوري.
CS-03743,2026-06-23,2026-06-01,Jazan,JZN,Municipal Services,Mobile App,Resident,25-34,4,3,10,1,Yes,Positive,"No paperwork needed, very good service.",تسجيل الدخول عبر نفاذ عمل من أول مرة.
CS-03744,2026-05-03,2026-05-01,Riyadh,RIY,Municipal Services,Mobile App,Citizen,35-44,5,4,8,1,Yes,Positive,Much easier than going to the branch.,أسهل بكثير من زيارة الفرع.
CS-03745,2026-02-20,2026-02-01,Asir,ASR,Municipal Services,Call Center,Citizen,25-34,4,4,8,1,Yes,Positive,"No paperwork needed, very good service.",أنهيت المعاملة عبر الجوال خلال دقيقتين.
CS-03746,2026-01-23,2026-01-01,Eastern Province,EAS,Education & Training,Mobile App,Resident,18-24,5,5,8,1,Yes,Positive,Much easier than going to the branch.,الخطوات واضحة والتأكيد فوري.
CS-03747,2026-01-04,2026-01-01,Madinah,MAD,Health Services,Branch,Citizen,25-34,3,2,5,0,Maybe,Neutral,Took longer than I expected.,مقبولة لكن اضطررت للاتصال للتأكيد.
CS-03748,2026-04-03,2026-04-01,Riyadh,RIY,Health Services,Web Portal,Citizen,45-54,5,5,9,0,Yes,Positive,The Nafath login worked first time.,أنهيت المعاملة عبر الجوال خلال دقيقتين.
CS-03749,2026-03-02,2026-03-01,Makkah,MAK,Municipal Services,Mobile App,Resident,35-44,4,5,9,1,Yes,Positive,The Nafath login worked first time.,أنهيت المعاملة عبر الجوال خلال دقيقتين.
CS-03750,2026-06-07,2026-06-01,Riyadh,RIY,Traffic & Transport,Mobile App,Citizen,25-34,4,4,9,1,Yes,Positive,The Nafath login worked first time.,أسهل بكثير من زيارة الفرع.
CS-03751,2026-03-19,2026-03-01,Eastern Province,EAS,Social Support & Subsidies,Branch,Citizen,25-34,3,4,4,0,Maybe,Neutral,It worked but the wording was confusing.,مقبولة لكن اضطررت للاتصال للتأكيد.
CS-03752,2026-04-22,2026-04-01,Al-Jouf,JOF,Traffic & Transport,Call Center,Citizen,18-24,2,2,2,0,No,Negative,No Arabic option on one of the screens.,انتظرت أربعين دقيقة ثم أُغلق الشباك.
CS-03753,2026-04-22,2026-04-01,Makkah,MAK,Labour & HR Services,Mobile App,Citizen,35-44,3,2,8,1,Maybe,Neutral,Took longer than I expected.,استغرقت وقتاً أطول مما توقعت.
CS-03754,2026-02-19,2026-02-01,Makkah,MAK,Municipal Services,Call Center,Citizen,35-44,3,3,8,1,Maybe,Neutral,Acceptable but the receipt was hard to find.,استغرقت وقتاً أطول مما توقعت.
CS-03755,2026-01-26,2026-01-01,Eastern Province,EAS,Business & Licensing,Mobile App,Citizen,45-54,4,5,6,1,Yes,Positive,Much easier than going to the branch.,أسهل بكثير من زيارة الفرع.
CS-03756,2026-02-03,2026-02-01,Riyadh,RIY,Social Support & Subsidies,Mobile App,Citizen,18-24,4,3,7,1,Yes,Positive,Clear steps and instant confirmation.,الخطوات واضحة والتأكيد فوري.
CS-03757,2026-02-23,2026-02-01,Riyadh,RIY,Traffic & Transport,Mobile App,Citizen,55-64,5,4,10,0,Yes,Positive,Finished it on my phone in two minutes.,أسهل بكثير من زيارة الفرع.
CS-03758,2026-03-26,2026-03-01,Asir,ASR,Health Services,Web Portal,Citizen,25-34,5,5,8,1,Yes,Positive,Much easier than going to the branch.,الخطوات واضحة والتأكيد فوري.
CS-03759,2026-02-09,2026-02-01,Makkah,MAK,Justice & Notary,Mobile App,Citizen,45-54,5,5,9,1,Yes,Positive,The Nafath login worked first time.,الخطوات واضحة والتأكيد فوري.
CS-03760,2026-04-12,2026-04-01,Makkah,MAK,Education & Training,Branch,Business,35-44,3,2,4,0,Maybe,Neutral,Acceptable but the receipt was hard to find.,تمت الخدمة لكن الصياغة غير واضحة.
CS-03761,2026-04-23,2026-04-01,Makkah,MAK,Traffic & Transport,Branch,Resident,65+,2,1,4,1,No,Negative,The authentication failed three times and I gave up.,انتظرت أربعين دقيقة ثم أُغلق الشباك.
CS-03762,2026-05-21,2026-05-01,Riyadh,RIY,Labour & HR Services,Mobile App,Business,25-34,5,5,10,1,Yes,Positive,Clear steps and instant confirmation.,تسجيل الدخول عبر نفاذ عمل من أول مرة.
CS-03763,2026-02-12,2026-02-01,Tabuk,TBK,Identity & Civil Affairs,Mobile App,Citizen,18-24,4,3,10,1,Yes,Positive,Finished it on my phone in two minutes.,أسهل بكثير من زيارة الفرع.
CS-03764,2026-05-08,2026-05-01,Riyadh,RIY,Health Services,Mobile App,Citizen,35-44,4,5,8,1,Yes,Positive,Finished it on my phone in two minutes.,الخطوات واضحة والتأكيد فوري.
CS-03765,2026-01-06,2026-01-01,Riyadh,RIY,Identity & Civil Affairs,Branch,Citizen,45-54,4,3,6,1,Yes,Positive,"No paperwork needed, very good service.",أسهل بكثير من زيارة الفرع.
CS-03766,2026-05-24,2026-05-01,Jazan,JZN,Social Support & Subsidies,Mobile App,Citizen,35-44,5,4,10,1,Yes,Positive,Finished it on my phone in two minutes.,تسجيل الدخول عبر نفاذ عمل من أول مرة.
CS-03767,2026-03-04,2026-03-01,Riyadh,RIY,Labour & HR Services,Branch,Citizen,35-44,5,4,10,1,Yes,Positive,"No paperwork needed, very good service.",تسجيل الدخول عبر نفاذ عمل من أول مرة.
CS-03768,2026-01-22,2026-01-01,Riyadh,RIY,Justice & Notary,Mobile App,Business,55-64,4,4,9,1,Yes,Positive,Clear steps and instant confirmation.,تسجيل الدخول عبر نفاذ عمل من أول مرة.
CS-03769,2026-05-24,2026-05-01,Makkah,MAK,Labour & HR Services,Call Center,Resident,35-44,2,3,3,0,No,Negative,The authentication failed three times and I gave up.,فشل التحقق ثلاث مرات فاضطررت للتوقف.
CS-03770,2026-01-12,2026-01-01,Riyadh,RIY,Identity & Civil Affairs,Mobile App,Citizen,35-44,4,4,7,1,Yes,Positive,Clear steps and instant confirmation.,أسهل بكثير من زيارة الفرع.
CS-03771,2026-04-03,2026-04-01,Makkah,MAK,Traffic & Transport,Call Center,Resident,65+,3,3,8,1,Maybe,Neutral,It worked but the wording was confusing.,تمت الخدمة لكن الصياغة غير واضحة.
CS-03772,2026-02-14,2026-02-01,Makkah,MAK,Health Services,Call Center,Resident,45-54,4,5,6,1,Yes,Positive,"No paperwork needed, very good service.",الخطوات واضحة والتأكيد فوري.
CS-03773,2026-01-23,2026-01-01,Asir,ASR,Education & Training,Branch,Citizen,25-34,5,4,9,1,Yes,Positive,Clear steps and instant confirmation.,تسجيل الدخول عبر نفاذ عمل من أول مرة.
CS-03774,2026-03-20,2026-03-01,Eastern Province,EAS,Health Services,Mobile App,Citizen,25-34,5,5,10,1,Yes,Positive,Much easier than going to the branch.,أسهل بكثير من زيارة الفرع.
CS-03775,2026-05-21,2026-05-01,Eastern Province,EAS,Municipal Services,Mobile App,Resident,35-44,4,3,9,1,Yes,Positive,Finished it on my phone in two minutes.,تسجيل الدخول عبر نفاذ عمل من أول مرة.
CS-03776,2026-04-28,2026-04-01,Makkah,MAK,Justice & Notary,Call Center,Resident,35-44,3,3,6,1,Maybe,Neutral,It worked but the wording was confusing.,تمت الخدمة لكن الصياغة غير واضحة.
CS-03777,2026-05-02,2026-05-01,Makkah,MAK,Social Support & Subsidies,Mobile App,Citizen,25-34,5,5,10,1,Yes,Positive,The Nafath login worked first time.,تسجيل الدخول عبر نفاذ عمل من أول مرة.
CS-03778,2026-02-23,2026-02-01,Riyadh,RIY,Health Services,Mobile App,Resident,35-44,4,3,10,1,Yes,Positive,The Nafath login worked first time.,أنهيت المعاملة عبر الجوال خلال دقيقتين.
CS-03779,2026-02-13,2026-02-01,Riyadh,RIY,Municipal Services,Branch,Business,25-34,5,4,10,1,Yes,Positive,Clear steps and instant confirmation.,أسهل بكثير من زيارة الفرع.
CS-03780,2026-02-11,2026-02-01,Riyadh,RIY,Education & Training,Mobile App,Citizen,45-54,4,4,7,0,Yes,Positive,Finished it on my phone in two minutes.,الخطوات واضحة والتأكيد فوري.
CS-03781,2026-02-02,2026-02-01,Jazan,JZN,Education & Training,Mobile App,Citizen,55-64,5,5,10,1,Yes,Positive,Finished it on my phone in two minutes.,تسجيل الدخول عبر نفاذ عمل من أول مرة.
CS-03782,2026-05-18,2026-05-01,Asir,ASR,Business & Licensing,Mobile App,Citizen,35-44,4,5,7,1,Yes,Positive,"No paperwork needed, very good service.",أنهيت المعاملة عبر الجوال خلال دقيقتين.
CS-03783,2026-05-04,2026-05-01,Makkah,MAK,Health Services,Branch,Citizen,55-64,3,3,6,0,Maybe,Neutral,Took longer than I expected.,استغرقت وقتاً أطول مما توقعت.
CS-03784,2026-03-21,2026-03-01,Riyadh,RIY,Business & Licensing,Mobile App,Citizen,25-34,4,3,9,1,Yes,Positive,Finished it on my phone in two minutes.,أنهيت المعاملة عبر الجوال خلال دقيقتين.
CS-03785,2026-02-12,2026-02-01,Jazan,JZN,Labour & HR Services,Mobile App,Citizen,25-34,5,5,9,1,Yes,Positive,Clear steps and instant confirmation.,أسهل بكثير من زيارة الفرع.
CS-03786,2026-05-16,2026-05-01,Makkah,MAK,Business & Licensing,Mobile App,Citizen,25-34,5,5,10,1,Yes,Positive,"No paperwork needed, very good service.",الخطوات واضحة والتأكيد فوري.
CS-03787,2026-02-18,2026-02-01,Tabuk,TBK,Health Services,Call Center,Citizen,18-24,3,3,7,1,Maybe,Neutral,Acceptable but the receipt was hard to find.,تمت الخدمة لكن الصياغة غير واضحة.
CS-03788,2026-04-08,2026-04-01,Makkah,MAK,Traffic & Transport,Branch,Business,55-64,3,4,5,0,Maybe,Neutral,Acceptable but the receipt was hard to find.,مقبولة لكن اضطررت للاتصال للتأكيد.
CS-03789,2026-03-28,2026-03-01,Makkah,MAK,Health Services,Call Center,Citizen,25-34,4,4,6,1,Yes,Positive,Clear steps and instant confirmation.,الخطوات واضحة والتأكيد فوري.
CS-03790,2026-04-22,2026-04-01,Riyadh,RIY,Health Services,Mobile App,Business,25-34,5,4,9,1,Yes,Positive,The Nafath login worked first time.,أسهل بكثير من زيارة الفرع.
CS-03791,2026-03-25,2026-03-01,Makkah,MAK,Health Services,Branch,Business,18-24,2,1,3,0,No,Negative,No Arabic option on one of the screens.,انتظرت أربعين دقيقة ثم أُغلق الشباك.
CS-03792,2026-02-20,2026-02-01,Qassim,QSM,Identity & Civil Affairs,Web Portal,Resident,35-44,3,3,6,0,Maybe,Neutral,"Fine, though I had to call to confirm.",تمت الخدمة لكن الصياغة غير واضحة.
CS-03793,2026-06-09,2026-06-01,Jazan,JZN,Justice & Notary,Mobile App,Citizen,65+,4,4,7,1,Yes,Positive,Much easier than going to the branch.,أنهيت المعاملة عبر الجوال خلال دقيقتين.
CS-03794,2026-03-15,2026-03-01,Riyadh,RIY,Health Services,Branch,Citizen,25-34,4,4,7,1,Yes,Positive,"No paperwork needed, very good service.",تسجيل الدخول عبر نفاذ عمل من أول مرة.
CS-03795,2026-01-07,2026-01-01,Riyadh,RIY,Health Services,Branch,Citizen,18-24,4,5,10,1,Yes,Positive,Finished it on my phone in two minutes.,الخطوات واضحة والتأكيد فوري.
CS-03796,2026-01-03,2026-01-01,Hail,HAL,Labour & HR Services,Mobile App,Resident,25-34,4,5,6,1,Yes,Positive,The Nafath login worked first time.,أنهيت المعاملة عبر الجوال خلال دقيقتين.
CS-03797,2026-03-03,2026-03-01,Riyadh,RIY,Municipal Services,Web Portal,Citizen,55-64,5,5,8,1,Yes,Positive,Finished it on my phone in two minutes.,تسجيل الدخول عبر نفاذ عمل من أول مرة.
CS-03798,2026-03-13,2026-03-01,Makkah,MAK,Identity & Civil Affairs,Mobile App,Citizen,18-24,5,5,10,1,Yes,Positive,"No paperwork needed, very good service.",تسجيل الدخول عبر نفاذ عمل من أول مرة.
CS-03799,2026-05-13,2026-05-01,Al-Baha,BAH,Labour & HR Services,Mobile App,Citizen,25-34,5,4,10,1,Yes,Positive,Finished it on my phone in two minutes.,الخطوات واضحة والتأكيد فوري.
CS-03800,2026-05-02,2026-05-01,Jazan,JZN,Identity & Civil Affairs,Call Center,Citizen,18-24,4,3,7,1,Yes,Positive,"No paperwork needed, very good service.",الخطوات واضحة والتأكيد فوري.
CS-03801,2026-01-12,2026-01-01,Madinah,MAD,Justice & Notary,Branch,Resident,25-34,3,3,8,0,Maybe,Neutral,It worked but the wording was confusing.,تمت الخدمة لكن الصياغة غير واضحة.
CS-03802,2026-03-24,2026-03-01,Riyadh,RIY,Identity & Civil Affairs,Mobile App,Citizen,35-44,5,5,10,0,Yes,Positive,Clear steps and instant confirmation.,أسهل بكثير من زيارة الفرع.
CS-03803,2026-05-09,2026-05-01,Eastern Province,EAS,Health Services,Mobile App,Citizen,45-54,5,5,10,1,Yes,Positive,Finished it on my phone in two minutes.,أسهل بكثير من زيارة الفرع.
CS-03804,2026-06-28,2026-06-01,Jazan,JZN,Education & Training,Mobile App,Business,45-54,3,4,6,1,Maybe,Neutral,It worked but the wording was confusing.,تمت الخدمة لكن الصياغة غير واضحة.
CS-03805,2026-01-17,2026-01-01,Riyadh,RIY,Identity & Civil Affairs,Mobile App,Resident,18-24,4,4,8,0,Yes,Positive,Much easier than going to the branch.,أسهل بكثير من زيارة الفرع.
CS-03806,2026-02-23,2026-02-01,Riyadh,RIY,Municipal Services,Mobile App,Citizen,25-34,5,5,8,1,Yes,Positive,Clear steps and instant confirmation.,تسجيل الدخول عبر نفاذ عمل من أول مرة.
CS-03807,2026-04-16,2026-04-01,Makkah,MAK,Social Support & Subsidies,Mobile App,Citizen,35-44,4,3,10,0,Yes,Positive,The Nafath login worked first time.,أسهل بكثير من زيارة الفرع.
CS-03808,2026-03-28,2026-03-01,Qassim,QSM,Identity & Civil Affairs,Branch,Citizen,45-54,3,2,7,0,Maybe,Neutral,It worked but the wording was confusing.,استغرقت وقتاً أطول مما توقعت.
CS-03809,2026-06-17,2026-06-01,Tabuk,TBK,Labour & HR Services,Mobile App,Citizen,35-44,4,3,8,1,Yes,Positive,Finished it on my phone in two minutes.,أسهل بكثير من زيارة الفرع.
CS-03810,2026-02-15,2026-02-01,Asir,ASR,Municipal Services,Web Portal,Citizen,18-24,4,5,10,1,Yes,Positive,Much easier than going to the branch.,تسجيل الدخول عبر نفاذ عمل من أول مرة.
CS-03811,2026-06-25,2026-06-01,Qassim,QSM,Business & Licensing,Web Portal,Resident,18-24,4,5,6,1,Yes,Positive,"No paperwork needed, very good service.",أسهل بكثير من زيارة الفرع.
CS-03812,2026-06-24,2026-06-01,Eastern Province,EAS,Health Services,Branch,Citizen,45-54,3,2,8,0,Maybe,Neutral,Took longer than I expected.,مقبولة لكن اضطررت للاتصال للتأكيد.
CS-03813,2026-03-06,2026-03-01,Eastern Province,EAS,Labour & HR Services,Mobile App,Citizen,35-44,5,4,9,1,Yes,Positive,"No paperwork needed, very good service.",الخطوات واضحة والتأكيد فوري.
CS-03814,2026-02-08,2026-02-01,Northern Borders,NBR,Labour & HR Services,Web Portal,Resident,25-34,4,4,7,0,Yes,Positive,Finished it on my phone in two minutes.,أنهيت المعاملة عبر الجوال خلال دقيقتين.
CS-03815,2026-04-23,2026-04-01,Jazan,JZN,Municipal Services,Call Center,Resident,65+,1,2,0,1,No,Negative,Waited 40 minutes and the counter closed.,اضطررت لزيارة الفرع رغم ذلك.
CS-03816,2026-05-13,2026-05-01,Jazan,JZN,Education & Training,Branch,Citizen,45-54,4,3,9,1,Yes,Positive,"No paperwork needed, very good service.",تسجيل الدخول عبر نفاذ عمل من أول مرة.
CS-03817,2026-06-03,2026-06-01,Tabuk,TBK,Health Services,Mobile App,Business,18-24,4,3,9,1,Yes,Positive,The Nafath login worked first time.,تسجيل الدخول عبر نفاذ عمل من أول مرة.
CS-03818,2026-01-11,2026-01-01,Riyadh,RIY,Identity & Civil Affairs,Call Center,Resident,35-44,4,4,8,1,Yes,Positive,"No paperwork needed, very good service.",الخطوات واضحة والتأكيد فوري.
CS-03819,2026-04-08,2026-04-01,Eastern Province,EAS,Health Services,Branch,Citizen,25-34,5,5,10,1,Yes,Positive,Much easier than going to the branch.,الخطوات واضحة والتأكيد فوري.
CS-03820,2026-04-21,2026-04-01,Al-Jouf,JOF,Traffic & Transport,Branch,Citizen,35-44,4,4,9,1,Yes,Positive,Much easier than going to the branch.,أنهيت المعاملة عبر الجوال خلال دقيقتين.
CS-03821,2026-05-24,2026-05-01,Al-Jouf,JOF,Labour & HR Services,Mobile App,Business,35-44,4,5,9,1,Yes,Positive,The Nafath login worked first time.,تسجيل الدخول عبر نفاذ عمل من أول مرة.
CS-03822,2026-04-09,2026-04-01,Makkah,MAK,Labour & HR Services,Mobile App,Citizen,18-24,3,2,6,0,Maybe,Neutral,Took longer than I expected.,تمت الخدمة لكن الصياغة غير واضحة.
CS-03823,2026-04-14,2026-04-01,Eastern Province,EAS,Identity & Civil Affairs,Web Portal,Citizen,25-34,5,5,8,1,Yes,Positive,The Nafath login worked first time.,أسهل بكثير من زيارة الفرع.
CS-03824,2026-06-26,2026-06-01,Asir,ASR,Education & Training,Branch,Citizen,65+,4,5,10,1,Yes,Positive,"No paperwork needed, very good service.",الخطوات واضحة والتأكيد فوري.
CS-03825,2026-06-19,2026-06-01,Asir,ASR,Education & Training,Mobile App,Citizen,55-64,4,4,7,1,Yes,Positive,Much easier than going to the branch.,أسهل بكثير من زيارة الفرع.
CS-03826,2026-01-15,2026-01-01,Eastern Province,EAS,Labour & HR Services,Branch,Citizen,25-34,3,4,6,0,Maybe,Neutral,"Fine, though I had to call to confirm.",مقبولة لكن اضطررت للاتصال للتأكيد.
CS-03827,2026-05-25,2026-05-01,Makkah,MAK,Identity & Civil Affairs,Web Portal,Citizen,35-44,5,5,9,1,Yes,Positive,Finished it on my phone in two minutes.,أسهل بكثير من زيارة الفرع.
CS-03828,2026-06-15,2026-06-01,Madinah,MAD,Identity & Civil Affairs,Web Portal,Citizen,35-44,3,3,7,1,Maybe,Neutral,"Fine, though I had to call to confirm.",تمت الخدمة لكن الصياغة غير واضحة.
CS-03829,2026-05-27,2026-05-01,Eastern Province,EAS,Identity & Civil Affairs,Mobile App,Resident,35-44,5,5,10,1,Yes,Positive,Much easier than going to the branch.,الخطوات واضحة والتأكيد فوري.
CS-03830,2026-04-28,2026-04-01,Makkah,MAK,Business & Licensing,Call Center,Citizen,55-64,3,3,6,1,Maybe,Neutral,Acceptable but the receipt was hard to find.,استغرقت وقتاً أطول مما توقعت.
CS-03831,2026-04-11,2026-04-01,Riyadh,RIY,Business & Licensing,Web Portal,Citizen,35-44,5,5,8,1,Yes,Positive,Much easier than going to the branch.,أنهيت المعاملة عبر الجوال خلال دقيقتين.
CS-03832,2026-04-22,2026-04-01,Riyadh,RIY,Traffic & Transport,Web Portal,Citizen,35-44,4,3,8,0,Yes,Positive,The Nafath login worked first time.,الخطوات واضحة والتأكيد فوري.
CS-03833,2026-04-23,2026-04-01,Asir,ASR,Social Support & Subsidies,Call Center,Citizen,45-54,4,4,6,1,Yes,Positive,Much easier than going to the branch.,الخطوات واضحة والتأكيد فوري.
CS-03834,2026-02-21,2026-02-01,Eastern Province,EAS,Traffic & Transport,Mobile App,Resident,35-44,5,5,10,1,Yes,Positive,Finished it on my phone in two minutes.,تسجيل الدخول عبر نفاذ عمل من أول مرة.
CS-03835,2026-04-24,2026-04-01,Riyadh,RIY,Identity & Civil Affairs,Branch,Citizen,25-34,3,4,7,0,Maybe,Neutral,"Fine, though I had to call to confirm.",مقبولة لكن اضطررت للاتصال للتأكيد.
CS-03836,2026-01-22,2026-01-01,Makkah,MAK,Municipal Services,Mobile App,Resident,25-34,5,5,9,1,Yes,Positive,The Nafath login worked first time.,تسجيل الدخول عبر نفاذ عمل من أول مرة.
CS-03837,2026-05-03,2026-05-01,Madinah,MAD,Municipal Services,Call Center,Citizen,18-24,3,3,8,0,Maybe,Neutral,"Fine, though I had to call to confirm.",استغرقت وقتاً أطول مما توقعت.
CS-03838,2026-01-03,2026-01-01,Makkah,MAK,Labour & HR Services,Mobile App,Resident,25-34,5,4,9,1,Yes,Positive,The Nafath login worked first time.,تسجيل الدخول عبر نفاذ عمل من أول مرة.
CS-03839,2026-04-19,2026-04-01,Tabuk,TBK,Business & Licensing,Call Center,Citizen,18-24,4,5,9,1,Yes,Positive,The Nafath login worked first time.,أنهيت المعاملة عبر الجوال خلال دقيقتين.
CS-03840,2026-06-28,2026-06-01,Eastern Province,EAS,Justice & Notary,Branch,Citizen,55-64,2,3,3,1,No,Negative,The authentication failed three times and I gave up.,فشل التحقق ثلاث مرات فاضطررت للتوقف.
CS-03841,2026-01-27,2026-01-01,Makkah,MAK,Health Services,Call Center,Resident,25-34,3,2,8,1,Maybe,Neutral,"Fine, though I had to call to confirm.",تمت الخدمة لكن الصياغة غير واضحة.
CS-03842,2026-02-18,2026-02-01,Eastern Province,EAS,Health Services,Mobile App,Citizen,35-44,4,4,9,1,Yes,Positive,Clear steps and instant confirmation.,أسهل بكثير من زيارة الفرع.
CS-03843,2026-06-13,2026-06-01,Madinah,MAD,Labour & HR Services,Web Portal,Business,25-34,4,5,6,1,Yes,Positive,The Nafath login worked first time.,تسجيل الدخول عبر نفاذ عمل من أول مرة.
CS-03844,2026-01-15,2026-01-01,Madinah,MAD,Identity & Civil Affairs,Branch,Citizen,25-34,3,4,5,1,Maybe,Neutral,Took longer than I expected.,تمت الخدمة لكن الصياغة غير واضحة.
CS-03845,2026-01-11,2026-01-01,Riyadh,RIY,Identity & Civil Affairs,Web Portal,Citizen,25-34,4,4,9,1,Yes,Positive,The Nafath login worked first time.,أنهيت المعاملة عبر الجوال خلال دقيقتين.
CS-03846,2026-03-24,2026-03-01,Riyadh,RIY,Identity & Civil Affairs,Call Center,Business,25-34,4,4,8,1,Yes,Positive,The Nafath login worked first time.,تسجيل الدخول عبر نفاذ عمل من أول مرة.
CS-03847,2026-06-03,2026-06-01,Jazan,JZN,Business & Licensing,Call Center,Citizen,18-24,3,2,6,0,Maybe,Neutral,Acceptable but the receipt was hard to find.,تمت الخدمة لكن الصياغة غير واضحة.
CS-03848,2026-01-27,2026-01-01,Eastern Province,EAS,Labour & HR Services,Mobile App,Resident,25-34,5,5,9,1,Yes,Positive,"No paperwork needed, very good service.",أنهيت المعاملة عبر الجوال خلال دقيقتين.
CS-03849,2026-06-26,2026-06-01,Makkah,MAK,Labour & HR Services,Call Center,Citizen,25-34,4,3,9,1,Yes,Positive,Much easier than going to the branch.,أسهل بكثير من زيارة الفرع.
CS-03850,2026-04-09,2026-04-01,Asir,ASR,Education & Training,Call Center,Citizen,25-34,4,3,9,0,Yes,Positive,Finished it on my phone in two minutes.,أنهيت المعاملة عبر الجوال خلال دقيقتين.
CS-03851,2026-05-23,2026-05-01,Makkah,MAK,Education & Training,Call Center,Citizen,25-34,4,4,8,1,Yes,Positive,Finished it on my phone in two minutes.,الخطوات واضحة والتأكيد فوري.
CS-03852,2026-01-18,2026-01-01,Makkah,MAK,Identity & Civil Affairs,Call Center,Citizen,25-34,4,3,6,0,Yes,Positive,Clear steps and instant confirmation.,الخطوات واضحة والتأكيد فوري.
CS-03853,2026-03-22,2026-03-01,Eastern Province,EAS,Justice & Notary,Mobile App,Citizen,25-34,5,4,8,1,Yes,Positive,Clear steps and instant confirmation.,أسهل بكثير من زيارة الفرع.
CS-03854,2026-01-08,2026-01-01,Makkah,MAK,Identity & Civil Affairs,Call Center,Citizen,18-24,5,5,8,1,Yes,Positive,The Nafath login worked first time.,تسجيل الدخول عبر نفاذ عمل من أول مرة.
CS-03855,2026-04-01,2026-04-01,Al-Jouf,JOF,Health Services,Mobile App,Citizen,35-44,4,5,8,1,Yes,Positive,Much easier than going to the branch.,الخطوات واضحة والتأكيد فوري.
CS-03856,2026-01-04,2026-01-01,Makkah,MAK,Municipal Services,Web Portal,Citizen,25-34,4,5,9,1,Yes,Positive,"No paperwork needed, very good service.",أنهيت المعاملة عبر الجوال خلال دقيقتين.
CS-03857,2026-04-13,2026-04-01,Eastern Province,EAS,Identity & Civil Affairs,Branch,Business,25-34,4,4,9,1,Yes,Positive,"No paperwork needed, very good service.",أسهل بكثير من زيارة الفرع.
CS-03858,2026-06-13,2026-06-01,Eastern Province,EAS,Education & Training,Branch,Resident,45-54,4,4,7,1,Yes,Positive,The Nafath login worked first time.,تسجيل الدخول عبر نفاذ عمل من أول مرة.
CS-03859,2026-02-03,2026-02-01,Riyadh,RIY,Health Services,Web Portal,Resident,25-34,3,3,6,0,Maybe,Neutral,"Fine, though I had to call to confirm.",مقبولة لكن اضطررت للاتصال للتأكيد.
CS-03860,2026-03-05,2026-03-01,Riyadh,RIY,Social Support & Subsidies,Mobile App,Citizen,45-54,4,3,7,1,Yes,Positive,"No paperwork needed, very good service.",الخطوات واضحة والتأكيد فوري.
CS-03861,2026-04-05,2026-04-01,Riyadh,RIY,Identity & Civil Affairs,Branch,Business,25-34,5,4,10,0,Yes,Positive,Clear steps and instant confirmation.,الخطوات واضحة والتأكيد فوري.
CS-03862,2026-06-06,2026-06-01,Madinah,MAD,Social Support & Subsidies,Branch,Citizen,45-54,3,3,4,0,Maybe,Neutral,"Fine, though I had to call to confirm.",مقبولة لكن اضطررت للاتصال للتأكيد.
CS-03863,2026-01-23,2026-01-01,Al-Baha,BAH,Labour & HR Services,Branch,Citizen,25-34,4,4,8,1,Yes,Positive,Much easier than going to the branch.,الخطوات واضحة والتأكيد فوري.
CS-03864,2026-04-08,2026-04-01,Makkah,MAK,Education & Training,Mobile App,Citizen,25-34,5,5,10,1,Yes,Positive,The Nafath login worked first time.,أنهيت المعاملة عبر الجوال خلال دقيقتين.
CS-03865,2026-01-05,2026-01-01,Eastern Province,EAS,Social Support & Subsidies,Mobile App,Citizen,45-54,5,4,10,1,Yes,Positive,Much easier than going to the branch.,أسهل بكثير من زيارة الفرع.
CS-03866,2026-03-08,2026-03-01,Makkah,MAK,Health Services,Mobile App,Citizen,18-24,4,4,8,1,Yes,Positive,Finished it on my phone in two minutes.,الخطوات واضحة والتأكيد فوري.
CS-03867,2026-02-10,2026-02-01,Jazan,JZN,Identity & Civil Affairs,Branch,Resident,25-34,5,5,10,1,Yes,Positive,Finished it on my phone in two minutes.,تسجيل الدخول عبر نفاذ عمل من أول مرة.
CS-03868,2026-01-21,2026-01-01,Riyadh,RIY,Health Services,Branch,Citizen,18-24,5,5,9,1,Yes,Positive,"No paperwork needed, very good service.",تسجيل الدخول عبر نفاذ عمل من أول مرة.
CS-03869,2026-05-07,2026-05-01,Hail,HAL,Social Support & Subsidies,Mobile App,Resident,65+,4,5,7,1,Yes,Positive,The Nafath login worked first time.,الخطوات واضحة والتأكيد فوري.
CS-03870,2026-02-23,2026-02-01,Asir,ASR,Identity & Civil Affairs,Call Center,Resident,25-34,4,5,8,1,Yes,Positive,The Nafath login worked first time.,تسجيل الدخول عبر نفاذ عمل من أول مرة.
CS-03871,2026-01-13,2026-01-01,Riyadh,RIY,Identity & Civil Affairs,Branch,Resident,18-24,3,4,5,0,Maybe,Neutral,It worked but the wording was confusing.,مقبولة لكن اضطررت للاتصال للتأكيد.
CS-03872,2026-05-22,2026-05-01,Riyadh,RIY,Municipal Services,Call Center,Citizen,18-24,4,4,7,0,Yes,Positive,Clear steps and instant confirmation.,الخطوات واضحة والتأكيد فوري.
CS-03873,2026-02-04,2026-02-01,Makkah,MAK,Labour & HR Services,Branch,Citizen,55-64,3,4,4,0,Maybe,Neutral,Acceptable but the receipt was hard to find.,تمت الخدمة لكن الصياغة غير واضحة.
CS-03874,2026-01-26,2026-01-01,Al-Baha,BAH,Education & Training,Call Center,Resident,18-24,3,2,4,1,Maybe,Neutral,Took longer than I expected.,تمت الخدمة لكن الصياغة غير واضحة.
CS-03875,2026-02-15,2026-02-01,Makkah,MAK,Identity & Civil Affairs,Web Portal,Business,18-24,4,4,8,1,Yes,Positive,"No paperwork needed, very good service.",أنهيت المعاملة عبر الجوال خلال دقيقتين.
CS-03876,2026-04-26,2026-04-01,Riyadh,RIY,Education & Training,Mobile App,Citizen,65+,5,5,10,0,Yes,Positive,Much easier than going to the branch.,أسهل بكثير من زيارة الفرع.
CS-03877,2026-02-23,2026-02-01,Riyadh,RIY,Social Support & Subsidies,Mobile App,Citizen,35-44,5,5,10,1,Yes,Positive,The Nafath login worked first time.,أنهيت المعاملة عبر الجوال خلال دقيقتين.
CS-03878,2026-05-28,2026-05-01,Makkah,MAK,Labour & HR Services,Call Center,Citizen,35-44,5,5,9,1,Yes,Positive,Finished it on my phone in two minutes.,تسجيل الدخول عبر نفاذ عمل من أول مرة.
CS-03879,2026-06-28,2026-06-01,Eastern Province,EAS,Labour & HR Services,Web Portal,Citizen,25-34,4,4,7,1,Yes,Positive,Much easier than going to the branch.,أسهل بكثير من زيارة الفرع.
CS-03880,2026-01-21,2026-01-01,Qassim,QSM,Identity & Civil Affairs,Mobile App,Citizen,25-34,5,5,10,1,Yes,Positive,Finished it on my phone in two minutes.,أسهل بكثير من زيارة الفرع.
CS-03881,2026-06-18,2026-06-01,Eastern Province,EAS,Identity & Civil Affairs,Mobile App,Business,45-54,4,4,10,1,Yes,Positive,"No paperwork needed, very good service.",أسهل بكثير من زيارة الفرع.
CS-03882,2026-03-08,2026-03-01,Madinah,MAD,Business & Licensing,Call Center,Citizen,18-24,4,4,6,1,Yes,Positive,"No paperwork needed, very good service.",أنهيت المعاملة عبر الجوال خلال دقيقتين.
CS-03883,2026-04-16,2026-04-01,Eastern Province,EAS,Municipal Services,Mobile App,Resident,45-54,5,4,9,1,Yes,Positive,Finished it on my phone in two minutes.,تسجيل الدخول عبر نفاذ عمل من أول مرة.
CS-03884,2026-05-14,2026-05-01,Makkah,MAK,Justice & Notary,Branch,Resident,25-34,3,3,6,0,Maybe,Neutral,Acceptable but the receipt was hard to find.,تمت الخدمة لكن الصياغة غير واضحة.
CS-03885,2026-06-13,2026-06-01,Asir,ASR,Traffic & Transport,Call Center,Citizen,45-54,5,5,9,1,Yes,Positive,"No paperwork needed, very good service.",أسهل بكثير من زيارة الفرع.
CS-03886,2026-03-28,2026-03-01,Jazan,JZN,Identity & Civil Affairs,Call Center,Citizen,25-34,3,3,8,1,Maybe,Neutral,It worked but the wording was confusing.,تمت الخدمة لكن الصياغة غير واضحة.
CS-03887,2026-06-21,2026-06-01,Tabuk,TBK,Identity & Civil Affairs,Mobile App,Citizen,35-44,5,4,10,1,Yes,Positive,"No paperwork needed, very good service.",أسهل بكثير من زيارة الفرع.
CS-03888,2026-04-01,2026-04-01,Makkah,MAK,Health Services,Web Portal,Citizen,18-24,5,5,10,1,Yes,Positive,The Nafath login worked first time.,أنهيت المعاملة عبر الجوال خلال دقيقتين.
CS-03889,2026-06-07,2026-06-01,Eastern Province,EAS,Justice & Notary,Web Portal,Citizen,25-34,5,5,9,1,Yes,Positive,The Nafath login worked first time.,أنهيت المعاملة عبر الجوال خلال دقيقتين.
CS-03890,2026-02-14,2026-02-01,Makkah,MAK,Health Services,Mobile App,Business,25-34,3,3,7,0,Maybe,Neutral,It worked but the wording was confusing.,مقبولة لكن اضطررت للاتصال للتأكيد.
CS-03891,2026-02-23,2026-02-01,Madinah,MAD,Social Support & Subsidies,Branch,Citizen,25-34,4,3,9,1,Yes,Positive,Much easier than going to the branch.,أنهيت المعاملة عبر الجوال خلال دقيقتين.
CS-03892,2026-05-11,2026-05-01,Najran,NJR,Identity & Civil Affairs,Call Center,Citizen,55-64,4,3,10,1,Yes,Positive,Much easier than going to the branch.,تسجيل الدخول عبر نفاذ عمل من أول مرة.
CS-03893,2026-04-28,2026-04-01,Qassim,QSM,Business & Licensing,Branch,Resident,35-44,5,5,8,1,Yes,Positive,Clear steps and instant confirmation.,أسهل بكثير من زيارة الفرع.
CS-03894,2026-01-12,2026-01-01,Riyadh,RIY,Labour & HR Services,Web Portal,Citizen,35-44,4,3,9,0,Yes,Positive,"No paperwork needed, very good service.",تسجيل الدخول عبر نفاذ عمل من أول مرة.
CS-03895,2026-01-17,2026-01-01,Makkah,MAK,Municipal Services,Mobile App,Business,45-54,4,5,10,1,Yes,Positive,The Nafath login worked first time.,أنهيت المعاملة عبر الجوال خلال دقيقتين.
CS-03896,2026-03-07,2026-03-01,Northern Borders,NBR,Labour & HR Services,Branch,Citizen,65+,3,4,4,0,Maybe,Neutral,Acceptable but the receipt was hard to find.,مقبولة لكن اضطررت للاتصال للتأكيد.
CS-03897,2026-03-22,2026-03-01,Riyadh,RIY,Identity & Civil Affairs,Mobile App,Business,45-54,4,3,10,1,Yes,Positive,Finished it on my phone in two minutes.,أنهيت المعاملة عبر الجوال خلال دقيقتين.
CS-03898,2026-03-09,2026-03-01,Riyadh,RIY,Identity & Civil Affairs,Branch,Citizen,25-34,5,5,10,0,Yes,Positive,The Nafath login worked first time.,أسهل بكثير من زيارة الفرع.
CS-03899,2026-03-17,2026-03-01,Najran,NJR,Justice & Notary,Mobile App,Citizen,25-34,5,4,10,1,Yes,Positive,Finished it on my phone in two minutes.,أسهل بكثير من زيارة الفرع.
CS-03900,2026-01-04,2026-01-01,Riyadh,RIY,Municipal Services,Branch,Citizen,45-54,3,3,5,1,Maybe,Neutral,"Fine, though I had to call to confirm.",تمت الخدمة لكن الصياغة غير واضحة.
CS-03901,2026-05-11,2026-05-01,Makkah,MAK,Health Services,Mobile App,Business,25-34,4,3,10,1,Yes,Positive,The Nafath login worked first time.,تسجيل الدخول عبر نفاذ عمل من أول مرة.
CS-03902,2026-06-05,2026-06-01,Riyadh,RIY,Health Services,Mobile App,Citizen,35-44,5,5,10,1,Yes,Positive,"No paperwork needed, very good service.",تسجيل الدخول عبر نفاذ عمل من أول مرة.
CS-03903,2026-05-04,2026-05-01,Makkah,MAK,Education & Training,Mobile App,Resident,25-34,4,5,6,1,Yes,Positive,The Nafath login worked first time.,أنهيت المعاملة عبر الجوال خلال دقيقتين.
CS-03904,2026-05-15,2026-05-01,Qassim,QSM,Social Support & Subsidies,Branch,Citizen,18-24,3,3,8,0,Maybe,Neutral,Took longer than I expected.,تمت الخدمة لكن الصياغة غير واضحة.
CS-03905,2026-06-01,2026-06-01,Tabuk,TBK,Labour & HR Services,Branch,Citizen,25-34,4,4,10,0,Yes,Positive,"No paperwork needed, very good service.",تسجيل الدخول عبر نفاذ عمل من أول مرة.
CS-03906,2026-05-17,2026-05-01,Riyadh,RIY,Education & Training,Call Center,Citizen,25-34,5,5,9,0,Yes,Positive,Much easier than going to the branch.,الخطوات واضحة والتأكيد فوري.
CS-03907,2026-05-23,2026-05-01,Eastern Province,EAS,Social Support & Subsidies,Mobile App,Citizen,25-34,4,4,6,1,Yes,Positive,Finished it on my phone in two minutes.,أسهل بكثير من زيارة الفرع.
CS-03908,2026-06-15,2026-06-01,Northern Borders,NBR,Education & Training,Branch,Citizen,35-44,5,5,8,1,Yes,Positive,Much easier than going to the branch.,تسجيل الدخول عبر نفاذ عمل من أول مرة.
CS-03909,2026-01-16,2026-01-01,Qassim,QSM,Municipal Services,Branch,Resident,35-44,3,4,8,1,Maybe,Neutral,Took longer than I expected.,مقبولة لكن اضطررت للاتصال للتأكيد.
CS-03910,2026-04-16,2026-04-01,Najran,NJR,Labour & HR Services,Mobile App,Citizen,25-34,5,5,10,1,Yes,Positive,Finished it on my phone in two minutes.,تسجيل الدخول عبر نفاذ عمل من أول مرة.
CS-03911,2026-04-23,2026-04-01,Tabuk,TBK,Traffic & Transport,Call Center,Citizen,35-44,5,4,8,1,Yes,Positive,The Nafath login worked first time.,الخطوات واضحة والتأكيد فوري.
CS-03912,2026-04-17,2026-04-01,Makkah,MAK,Municipal Services,Mobile App,Resident,25-34,5,4,10,1,Yes,Positive,The Nafath login worked first time.,تسجيل الدخول عبر نفاذ عمل من أول مرة.
CS-03913,2026-06-20,2026-06-01,Eastern Province,EAS,Business & Licensing,Branch,Citizen,25-34,3,4,8,1,Maybe,Neutral,"Fine, though I had to call to confirm.",استغرقت وقتاً أطول مما توقعت.
CS-03914,2026-06-26,2026-06-01,Riyadh,RIY,Health Services,Web Portal,Resident,45-54,4,5,10,0,Yes,Positive,Much easier than going to the branch.,أنهيت المعاملة عبر الجوال خلال دقيقتين.
CS-03915,2026-01-04,2026-01-01,Eastern Province,EAS,Health Services,Mobile App,Citizen,25-34,5,5,10,1,Yes,Positive,Much easier than going to the branch.,الخطوات واضحة والتأكيد فوري.
CS-03916,2026-03-02,2026-03-01,Riyadh,RIY,Justice & Notary,Mobile App,Citizen,25-34,5,5,8,1,Yes,Positive,The Nafath login worked first time.,تسجيل الدخول عبر نفاذ عمل من أول مرة.
CS-03917,2026-05-20,2026-05-01,Asir,ASR,Identity & Civil Affairs,Branch,Citizen,55-64,3,3,7,0,Maybe,Neutral,Acceptable but the receipt was hard to find.,تمت الخدمة لكن الصياغة غير واضحة.
CS-03918,2026-01-02,2026-01-01,Eastern Province,EAS,Justice & Notary,Mobile App,Citizen,35-44,4,4,6,1,Yes,Positive,Clear steps and instant confirmation.,أنهيت المعاملة عبر الجوال خلال دقيقتين.
CS-03919,2026-04-23,2026-04-01,Asir,ASR,Traffic & Transport,Mobile App,Citizen,35-44,4,4,6,1,Yes,Positive,Much easier than going to the branch.,الخطوات واضحة والتأكيد فوري.
CS-03920,2026-01-21,2026-01-01,Madinah,MAD,Health Services,Mobile App,Business,35-44,5,5,10,1,Yes,Positive,Clear steps and instant confirmation.,تسجيل الدخول عبر نفاذ عمل من أول مرة.
CS-03921,2026-06-07,2026-06-01,Riyadh,RIY,Labour & HR Services,Branch,Citizen,35-44,5,5,10,1,Yes,Positive,Finished it on my phone in two minutes.,أنهيت المعاملة عبر الجوال خلال دقيقتين.
CS-03922,2026-05-04,2026-05-01,Eastern Province,EAS,Education & Training,Mobile App,Citizen,18-24,4,3,9,0,Yes,Positive,Clear steps and instant confirmation.,أنهيت المعاملة عبر الجوال خلال دقيقتين.
CS-03923,2026-01-28,2026-01-01,Riyadh,RIY,Labour & HR Services,Call Center,Resident,25-34,4,3,10,1,Yes,Positive,"No paperwork needed, very good service.",تسجيل الدخول عبر نفاذ عمل من أول مرة.
CS-03924,2026-05-17,2026-05-01,Tabuk,TBK,Education & Training,Branch,Citizen,18-24,4,4,8,1,Yes,Positive,Much easier than going to the branch.,تسجيل الدخول عبر نفاذ عمل من أول مرة.
CS-03925,2026-06-06,2026-06-01,Riyadh,RIY,Labour & HR Services,Call Center,Citizen,45-54,5,5,8,1,Yes,Positive,Finished it on my phone in two minutes.,تسجيل الدخول عبر نفاذ عمل من أول مرة.
CS-03926,2026-04-26,2026-04-01,Makkah,MAK,Traffic & Transport,Branch,Citizen,35-44,3,3,4,1,Maybe,Neutral,"Fine, though I had to call to confirm.",تمت الخدمة لكن الصياغة غير واضحة.
CS-03927,2026-02-05,2026-02-01,Riyadh,RIY,Municipal Services,Call Center,Citizen,25-34,2,2,3,0,No,Negative,Waited 40 minutes and the counter closed.,اضطررت لزيارة الفرع رغم ذلك.
CS-03928,2026-01-19,2026-01-01,Eastern Province,EAS,Municipal Services,Branch,Citizen,25-34,3,4,5,0,Maybe,Neutral,Took longer than I expected.,استغرقت وقتاً أطول مما توقعت.
CS-03929,2026-05-09,2026-05-01,Makkah,MAK,Identity & Civil Affairs,Mobile App,Business,45-54,5,5,10,1,Yes,Positive,"No paperwork needed, very good service.",أسهل بكثير من زيارة الفرع.
CS-03930,2026-01-20,2026-01-01,Eastern Province,EAS,Justice & Notary,Branch,Citizen,45-54,3,4,6,0,Maybe,Neutral,"Fine, though I had to call to confirm.",مقبولة لكن اضطررت للاتصال للتأكيد.
CS-03931,2026-06-03,2026-06-01,Makkah,MAK,Labour & HR Services,Web Portal,Citizen,25-34,4,3,9,1,Yes,Positive,"No paperwork needed, very good service.",أسهل بكثير من زيارة الفرع.
CS-03932,2026-04-04,2026-04-01,Riyadh,RIY,Municipal Services,Call Center,Business,25-34,4,4,8,0,Yes,Positive,The Nafath login worked first time.,الخطوات واضحة والتأكيد فوري.
CS-03933,2026-06-07,2026-06-01,Riyadh,RIY,Traffic & Transport,Mobile App,Business,45-54,5,4,10,1,Yes,Positive,Clear steps and instant confirmation.,تسجيل الدخول عبر نفاذ عمل من أول مرة.
CS-03934,2026-01-09,2026-01-01,Madinah,MAD,Health Services,Call Center,Citizen,25-34,5,5,10,1,Yes,Positive,"No paperwork needed, very good service.",أسهل بكثير من زيارة الفرع.
CS-03935,2026-02-06,2026-02-01,Makkah,MAK,Municipal Services,Mobile App,Citizen,45-54,4,4,9,1,Yes,Positive,"No paperwork needed, very good service.",الخطوات واضحة والتأكيد فوري.
CS-03936,2026-06-02,2026-06-01,Eastern Province,EAS,Education & Training,Branch,Citizen,25-34,4,3,7,1,Yes,Positive,Finished it on my phone in two minutes.,الخطوات واضحة والتأكيد فوري.
CS-03937,2026-03-14,2026-03-01,Riyadh,RIY,Identity & Civil Affairs,Call Center,Resident,18-24,4,4,9,1,Yes,Positive,Finished it on my phone in two minutes.,تسجيل الدخول عبر نفاذ عمل من أول مرة.
CS-03938,2026-02-09,2026-02-01,Makkah,MAK,Labour & HR Services,Mobile App,Citizen,45-54,4,5,8,1,Yes,Positive,Clear steps and instant confirmation.,الخطوات واضحة والتأكيد فوري.
CS-03939,2026-04-15,2026-04-01,Madinah,MAD,Health Services,Branch,Business,25-34,3,4,8,0,Maybe,Neutral,Acceptable but the receipt was hard to find.,تمت الخدمة لكن الصياغة غير واضحة.
CS-03940,2026-01-12,2026-01-01,Makkah,MAK,Traffic & Transport,Mobile App,Citizen,18-24,4,3,9,1,Yes,Positive,Clear steps and instant confirmation.,أسهل بكثير من زيارة الفرع.
CS-03941,2026-02-15,2026-02-01,Riyadh,RIY,Traffic & Transport,Mobile App,Citizen,65+,5,5,10,1,Yes,Positive,The Nafath login worked first time.,تسجيل الدخول عبر نفاذ عمل من أول مرة.
CS-03942,2026-01-02,2026-01-01,Riyadh,RIY,Municipal Services,Mobile App,Citizen,45-54,5,4,10,1,Yes,Positive,Clear steps and instant confirmation.,أنهيت المعاملة عبر الجوال خلال دقيقتين.
CS-03943,2026-06-28,2026-06-01,Asir,ASR,Health Services,Mobile App,Citizen,25-34,5,5,10,1,Yes,Positive,"No paperwork needed, very good service.",تسجيل الدخول عبر نفاذ عمل من أول مرة.
CS-03944,2026-04-11,2026-04-01,Eastern Province,EAS,Education & Training,Web Portal,Citizen,45-54,4,5,9,0,Yes,Positive,"No paperwork needed, very good service.",الخطوات واضحة والتأكيد فوري.
CS-03945,2026-05-05,2026-05-01,Qassim,QSM,Social Support & Subsidies,Web Portal,Citizen,35-44,4,4,6,0,Yes,Positive,Clear steps and instant confirmation.,الخطوات واضحة والتأكيد فوري.
CS-03946,2026-02-15,2026-02-01,Eastern Province,EAS,Municipal Services,Mobile App,Citizen,45-54,5,5,10,1,Yes,Positive,Finished it on my phone in two minutes.,تسجيل الدخول عبر نفاذ عمل من أول مرة.
CS-03947,2026-04-03,2026-04-01,Makkah,MAK,Municipal Services,Branch,Citizen,35-44,3,3,4,0,Maybe,Neutral,"Fine, though I had to call to confirm.",تمت الخدمة لكن الصياغة غير واضحة.
CS-03948,2026-03-03,2026-03-01,Riyadh,RIY,Business & Licensing,Branch,Citizen,45-54,3,4,7,1,Maybe,Neutral,"Fine, though I had to call to confirm.",تمت الخدمة لكن الصياغة غير واضحة.
CS-03949,2026-01-05,2026-01-01,Eastern Province,EAS,Labour & HR Services,Mobile App,Citizen,45-54,5,4,10,1,Yes,Positive,Finished it on my phone in two minutes.,تسجيل الدخول عبر نفاذ عمل من أول مرة.
CS-03950,2026-03-15,2026-03-01,Makkah,MAK,Health Services,Branch,Resident,35-44,4,4,8,1,Yes,Positive,Much easier than going to the branch.,الخطوات واضحة والتأكيد فوري.
CS-03951,2026-05-25,2026-05-01,Hail,HAL,Justice & Notary,Mobile App,Citizen,25-34,5,5,8,1,Yes,Positive,"No paperwork needed, very good service.",أسهل بكثير من زيارة الفرع.
CS-03952,2026-04-28,2026-04-01,Riyadh,RIY,Identity & Civil Affairs,Branch,Citizen,25-34,4,4,7,0,Yes,Positive,Finished it on my phone in two minutes.,أسهل بكثير من زيارة الفرع.
CS-03953,2026-01-10,2026-01-01,Jazan,JZN,Identity & Civil Affairs,Branch,Citizen,18-24,4,5,9,1,Yes,Positive,Clear steps and instant confirmation.,أسهل بكثير من زيارة الفرع.
CS-03954,2026-02-17,2026-02-01,Eastern Province,EAS,Education & Training,Call Center,Citizen,25-34,5,5,8,0,Yes,Positive,Much easier than going to the branch.,تسجيل الدخول عبر نفاذ عمل من أول مرة.
CS-03955,2026-04-07,2026-04-01,Eastern Province,EAS,Health Services,Web Portal,Citizen,45-54,4,4,9,1,Yes,Positive,The Nafath login worked first time.,تسجيل الدخول عبر نفاذ عمل من أول مرة.
CS-03956,2026-03-24,2026-03-01,Riyadh,RIY,Traffic & Transport,Mobile App,Resident,45-54,4,5,8,1,Yes,Positive,"No paperwork needed, very good service.",أنهيت المعاملة عبر الجوال خلال دقيقتين.
CS-03957,2026-05-19,2026-05-01,Makkah,MAK,Business & Licensing,Mobile App,Resident,25-34,4,3,7,1,Yes,Positive,"No paperwork needed, very good service.",أسهل بكثير من زيارة الفرع.
CS-03958,2026-02-23,2026-02-01,Riyadh,RIY,Labour & HR Services,Mobile App,Citizen,35-44,4,3,8,1,Yes,Positive,Finished it on my phone in two minutes.,أسهل بكثير من زيارة الفرع.
CS-03959,2026-01-10,2026-01-01,Riyadh,RIY,Municipal Services,Mobile App,Citizen,35-44,4,5,8,1,Yes,Positive,Clear steps and instant confirmation.,الخطوات واضحة والتأكيد فوري.
CS-03960,2026-06-21,2026-06-01,Riyadh,RIY,Traffic & Transport,Branch,Resident,25-34,4,5,10,1,Yes,Positive,Much easier than going to the branch.,أسهل بكثير من زيارة الفرع.
CS-03961,2026-01-21,2026-01-01,Makkah,MAK,Business & Licensing,Mobile App,Citizen,35-44,4,4,10,1,Yes,Positive,"No paperwork needed, very good service.",أنهيت المعاملة عبر الجوال خلال دقيقتين.
CS-03962,2026-05-26,2026-05-01,Eastern Province,EAS,Health Services,Mobile App,Citizen,45-54,5,4,9,0,Yes,Positive,The Nafath login worked first time.,أسهل بكثير من زيارة الفرع.
CS-03963,2026-03-11,2026-03-01,Riyadh,RIY,Labour & HR Services,Call Center,Citizen,55-64,4,5,7,1,Yes,Positive,Clear steps and instant confirmation.,تسجيل الدخول عبر نفاذ عمل من أول مرة.
CS-03964,2026-03-09,2026-03-01,Eastern Province,EAS,Health Services,Mobile App,Resident,35-44,4,3,9,1,Yes,Positive,Finished it on my phone in two minutes.,تسجيل الدخول عبر نفاذ عمل من أول مرة.
CS-03965,2026-03-11,2026-03-01,Makkah,MAK,Traffic & Transport,Mobile App,Citizen,18-24,3,3,5,1,Maybe,Neutral,Acceptable but the receipt was hard to find.,تمت الخدمة لكن الصياغة غير واضحة.
CS-03966,2026-01-10,2026-01-01,Makkah,MAK,Health Services,Call Center,Resident,45-54,3,3,7,1,Maybe,Neutral,"Fine, though I had to call to confirm.",استغرقت وقتاً أطول مما توقعت.
CS-03967,2026-06-14,2026-06-01,Makkah,MAK,Justice & Notary,Mobile App,Citizen,65+,5,4,8,1,Yes,Positive,"No paperwork needed, very good service.",أسهل بكثير من زيارة الفرع.
CS-03968,2026-02-27,2026-02-01,Riyadh,RIY,Municipal Services,Mobile App,Business,18-24,4,5,10,1,Yes,Positive,"No paperwork needed, very good service.",أنهيت المعاملة عبر الجوال خلال دقيقتين.
CS-03969,2026-01-12,2026-01-01,Jazan,JZN,Identity & Civil Affairs,Call Center,Citizen,25-34,3,2,8,0,Maybe,Neutral,Took longer than I expected.,استغرقت وقتاً أطول مما توقعت.
CS-03970,2026-06-15,2026-06-01,Al-Baha,BAH,Traffic & Transport,Branch,Citizen,55-64,3,3,8,0,Maybe,Neutral,It worked but the wording was confusing.,استغرقت وقتاً أطول مما توقعت.
CS-03971,2026-05-11,2026-05-01,Riyadh,RIY,Traffic & Transport,Call Center,Citizen,18-24,3,3,7,0,Maybe,Neutral,"Fine, though I had to call to confirm.",مقبولة لكن اضطررت للاتصال للتأكيد.
CS-03972,2026-02-21,2026-02-01,Riyadh,RIY,Identity & Civil Affairs,Mobile App,Resident,55-64,4,4,8,1,Yes,Positive,Finished it on my phone in two minutes.,تسجيل الدخول عبر نفاذ عمل من أول مرة.
CS-03973,2026-02-15,2026-02-01,Riyadh,RIY,Municipal Services,Call Center,Citizen,25-34,4,5,9,1,Yes,Positive,"No paperwork needed, very good service.",تسجيل الدخول عبر نفاذ عمل من أول مرة.
CS-03974,2026-04-06,2026-04-01,Makkah,MAK,Labour & HR Services,Mobile App,Citizen,55-64,5,5,9,1,Yes,Positive,Finished it on my phone in two minutes.,أسهل بكثير من زيارة الفرع.
CS-03975,2026-02-18,2026-02-01,Makkah,MAK,Identity & Civil Affairs,Mobile App,Business,25-34,5,4,9,1,Yes,Positive,Much easier than going to the branch.,تسجيل الدخول عبر نفاذ عمل من أول مرة.
CS-03976,2026-04-26,2026-04-01,Najran,NJR,Business & Licensing,Web Portal,Citizen,35-44,5,4,10,1,Yes,Positive,Finished it on my phone in two minutes.,الخطوات واضحة والتأكيد فوري.
CS-03977,2026-05-26,2026-05-01,Riyadh,RIY,Education & Training,Mobile App,Resident,18-24,5,5,8,1,Yes,Positive,Finished it on my phone in two minutes.,تسجيل الدخول عبر نفاذ عمل من أول مرة.
CS-03978,2026-01-04,2026-01-01,Makkah,MAK,Municipal Services,Branch,Citizen,25-34,3,3,8,1,Maybe,Neutral,Took longer than I expected.,تمت الخدمة لكن الصياغة غير واضحة.
CS-03979,2026-05-16,2026-05-01,Madinah,MAD,Municipal Services,Branch,Citizen,25-34,5,4,10,1,Yes,Positive,Much easier than going to the branch.,أنهيت المعاملة عبر الجوال خلال دقيقتين.
CS-03980,2026-05-23,2026-05-01,Riyadh,RIY,Traffic & Transport,Mobile App,Citizen,18-24,4,3,7,1,Yes,Positive,Clear steps and instant confirmation.,تسجيل الدخول عبر نفاذ عمل من أول مرة.
CS-03981,2026-04-21,2026-04-01,Jazan,JZN,Labour & HR Services,Mobile App,Citizen,45-54,5,5,9,1,Yes,Positive,Clear steps and instant confirmation.,أنهيت المعاملة عبر الجوال خلال دقيقتين.
CS-03982,2026-05-16,2026-05-01,Najran,NJR,Municipal Services,Branch,Citizen,65+,4,5,7,0,Yes,Positive,"No paperwork needed, very good service.",تسجيل الدخول عبر نفاذ عمل من أول مرة.
CS-03983,2026-06-17,2026-06-01,Riyadh,RIY,Health Services,Mobile App,Citizen,45-54,4,5,10,1,Yes,Positive,Much easier than going to the branch.,أنهيت المعاملة عبر الجوال خلال دقيقتين.
CS-03984,2026-03-25,2026-03-01,Madinah,MAD,Labour & HR Services,Web Portal,Citizen,25-34,5,4,10,1,Yes,Positive,Clear steps and instant confirmation.,أنهيت المعاملة عبر الجوال خلال دقيقتين.
CS-03985,2026-06-25,2026-06-01,Asir,ASR,Social Support & Subsidies,Mobile App,Citizen,25-34,4,4,9,0,Yes,Positive,"No paperwork needed, very good service.",الخطوات واضحة والتأكيد فوري.
CS-03986,2026-02-21,2026-02-01,Riyadh,RIY,Municipal Services,Mobile App,Citizen,55-64,5,5,10,1,Yes,Positive,"No paperwork needed, very good service.",أسهل بكثير من زيارة الفرع.
CS-03987,2026-02-13,2026-02-01,Jazan,JZN,Education & Training,Branch,Business,55-64,2,2,6,0,No,Negative,Waited 40 minutes and the counter closed.,رفع المستند يُرفض باستمرار.
CS-03988,2026-01-23,2026-01-01,Madinah,MAD,Traffic & Transport,Branch,Citizen,18-24,4,5,6,0,Yes,Positive,Clear steps and instant confirmation.,أسهل بكثير من زيارة الفرع.
CS-03989,2026-03-02,2026-03-01,Madinah,MAD,Justice & Notary,Branch,Citizen,25-34,3,2,8,0,Maybe,Neutral,It worked but the wording was confusing.,مقبولة لكن اضطررت للاتصال للتأكيد.
CS-03990,2026-04-02,2026-04-01,Riyadh,RIY,Identity & Civil Affairs,Call Center,Citizen,55-64,4,5,10,1,Yes,Positive,"No paperwork needed, very good service.",أنهيت المعاملة عبر الجوال خلال دقيقتين.
CS-03991,2026-06-02,2026-06-01,Madinah,MAD,Labour & HR Services,Mobile App,Business,25-34,4,5,6,1,Yes,Positive,The Nafath login worked first time.,تسجيل الدخول عبر نفاذ عمل من أول مرة.
CS-03992,2026-04-15,2026-04-01,Tabuk,TBK,Municipal Services,Mobile App,Citizen,18-24,4,3,8,1,Yes,Positive,The Nafath login worked first time.,أنهيت المعاملة عبر الجوال خلال دقيقتين.
CS-03993,2026-01-14,2026-01-01,Makkah,MAK,Social Support & Subsidies,Web Portal,Citizen,18-24,4,4,6,1,Yes,Positive,Finished it on my phone in two minutes.,تسجيل الدخول عبر نفاذ عمل من أول مرة.
CS-03994,2026-04-28,2026-04-01,Asir,ASR,Identity & Civil Affairs,Mobile App,Citizen,35-44,5,5,10,1,Yes,Positive,The Nafath login worked first time.,أنهيت المعاملة عبر الجوال خلال دقيقتين.
CS-03995,2026-05-22,2026-05-01,Al-Jouf,JOF,Health Services,Mobile App,Citizen,18-24,5,4,10,0,Yes,Positive,"No paperwork needed, very good service.",أنهيت المعاملة عبر الجوال خلال دقيقتين.
CS-03996,2026-01-21,2026-01-01,Eastern Province,EAS,Traffic & Transport,Web Portal,Resident,35-44,3,2,8,1,Maybe,Neutral,Took longer than I expected.,مقبولة لكن اضطررت للاتصال للتأكيد.
CS-03997,2026-02-05,2026-02-01,Makkah,MAK,Business & Licensing,Mobile App,Citizen,25-34,3,4,4,1,Maybe,Neutral,"Fine, though I had to call to confirm.",استغرقت وقتاً أطول مما توقعت.
CS-03998,2026-06-21,2026-06-01,Makkah,MAK,Traffic & Transport,Mobile App,Citizen,65+,4,3,7,1,Yes,Positive,Clear steps and instant confirmation.,تسجيل الدخول عبر نفاذ عمل من أول مرة.
CS-03999,2026-02-26,2026-02-01,Asir,ASR,Labour & HR Services,Call Center,Citizen,35-44,3,4,8,0,Maybe,Neutral,Acceptable but the receipt was hard to find.,تمت الخدمة لكن الصياغة غير واضحة.
CS-04000,2026-02-23,2026-02-01,Eastern Province,EAS,Social Support & Subsidies,Mobile App,Citizen,45-54,5,5,10,1,Yes,Positive,Clear steps and instant confirmation.,أسهل بكثير من زيارة الفرع.
CS-04001,2026-03-02,2026-03-01,Riyadh,RIY,Education & Training,Web Portal,Citizen,45-54,4,5,10,1,Yes,Positive,"No paperwork needed, very good service.",أسهل بكثير من زيارة الفرع.
CS-04002,2026-06-25,2026-06-01,Makkah,MAK,Labour & HR Services,Mobile App,Citizen,18-24,4,5,6,1,Yes,Positive,The Nafath login worked first time.,أنهيت المعاملة عبر الجوال خلال دقيقتين.
CS-04003,2026-03-16,2026-03-01,Makkah,MAK,Health Services,Mobile App,Resident,35-44,5,5,10,1,Yes,Positive,"No paperwork needed, very good service.",أنهيت المعاملة عبر الجوال خلال دقيقتين.
CS-04004,2026-02-19,2026-02-01,Eastern Province,EAS,Labour & HR Services,Mobile App,Citizen,25-34,4,4,7,1,Yes,Positive,The Nafath login worked first time.,الخطوات واضحة والتأكيد فوري.
CS-04005,2026-02-22,2026-02-01,Riyadh,RIY,Social Support & Subsidies,Web Portal,Business,55-64,4,3,9,1,Yes,Positive,Finished it on my phone in two minutes.,أسهل بكثير من زيارة الفرع.
CS-04006,2026-05-08,2026-05-01,Riyadh,RIY,Business & Licensing,Mobile App,Citizen,25-34,3,2,4,0,Maybe,Neutral,Took longer than I expected.,مقبولة لكن اضطررت للاتصال للتأكيد.
CS-04007,2026-06-16,2026-06-01,Al-Jouf,JOF,Identity & Civil Affairs,Mobile App,Citizen,18-24,4,4,7,1,Yes,Positive,Clear steps and instant confirmation.,تسجيل الدخول عبر نفاذ عمل من أول مرة.
CS-04008,2026-05-20,2026-05-01,Najran,NJR,Municipal Services,Web Portal,Resident,35-44,3,2,7,0,Maybe,Neutral,It worked but the wording was confusing.,تمت الخدمة لكن الصياغة غير واضحة.
CS-04009,2026-02-14,2026-02-01,Makkah,MAK,Health Services,Call Center,Business,35-44,4,5,10,1,Yes,Positive,"No paperwork needed, very good service.",الخطوات واضحة والتأكيد فوري.
CS-04010,2026-01-28,2026-01-01,Madinah,MAD,Municipal Services,Branch,Citizen,45-54,4,4,9,1,Yes,Positive,Clear steps and instant confirmation.,أسهل بكثير من زيارة الفرع.
CS-04011,2026-06-16,2026-06-01,Makkah,MAK,Traffic & Transport,Mobile App,Citizen,45-54,3,3,7,0,Maybe,Neutral,Took longer than I expected.,تمت الخدمة لكن الصياغة غير واضحة.
CS-04012,2026-03-03,2026-03-01,Makkah,MAK,Social Support & Subsidies,Mobile App,Citizen,65+,4,4,6,1,Yes,Positive,Clear steps and instant confirmation.,أسهل بكثير من زيارة الفرع.
CS-04013,2026-01-18,2026-01-01,Asir,ASR,Social Support & Subsidies,Call Center,Citizen,25-34,4,5,10,0,Yes,Positive,The Nafath login worked first time.,تسجيل الدخول عبر نفاذ عمل من أول مرة.
CS-04014,2026-03-07,2026-03-01,Najran,NJR,Justice & Notary,Call Center,Business,45-54,3,4,4,0,Maybe,Neutral,Took longer than I expected.,تمت الخدمة لكن الصياغة غير واضحة.
CS-04015,2026-02-11,2026-02-01,Eastern Province,EAS,Business & Licensing,Web Portal,Resident,25-34,2,2,5,1,No,Negative,Waited 40 minutes and the counter closed.,انتظرت أربعين دقيقة ثم أُغلق الشباك.
CS-04016,2026-02-03,2026-02-01,Al-Baha,BAH,Justice & Notary,Mobile App,Resident,65+,4,4,7,0,Yes,Positive,Clear steps and instant confirmation.,الخطوات واضحة والتأكيد فوري.
CS-04017,2026-05-24,2026-05-01,Riyadh,RIY,Identity & Civil Affairs,Call Center,Citizen,35-44,4,4,9,1,Yes,Positive,Much easier than going to the branch.,أنهيت المعاملة عبر الجوال خلال دقيقتين.
CS-04018,2026-01-02,2026-01-01,Riyadh,RIY,Justice & Notary,Mobile App,Business,55-64,4,5,6,1,Yes,Positive,Finished it on my phone in two minutes.,تسجيل الدخول عبر نفاذ عمل من أول مرة.
CS-04019,2026-06-13,2026-06-01,Makkah,MAK,Business & Licensing,Branch,Business,65+,3,3,7,1,Maybe,Neutral,Took longer than I expected.,استغرقت وقتاً أطول مما توقعت.
CS-04020,2026-02-13,2026-02-01,Riyadh,RIY,Social Support & Subsidies,Mobile App,Resident,25-34,5,5,9,1,Yes,Positive,Finished it on my phone in two minutes.,أنهيت المعاملة عبر الجوال خلال دقيقتين.
CS-04021,2026-02-10,2026-02-01,Eastern Province,EAS,Traffic & Transport,Mobile App,Resident,25-34,4,4,8,1,Yes,Positive,The Nafath login worked first time.,أسهل بكثير من زيارة الفرع.
CS-04022,2026-01-08,2026-01-01,Hail,HAL,Labour & HR Services,Branch,Citizen,25-34,4,4,7,1,Yes,Positive,"No paperwork needed, very good service.",تسجيل الدخول عبر نفاذ عمل من أول مرة.
CS-04023,2026-06-12,2026-06-01,Riyadh,RIY,Municipal Services,Mobile App,Citizen,35-44,4,3,8,1,Yes,Positive,The Nafath login worked first time.,أنهيت المعاملة عبر الجوال خلال دقيقتين.
CS-04024,2026-04-25,2026-04-01,Makkah,MAK,Identity & Civil Affairs,Branch,Citizen,45-54,4,3,8,1,Yes,Positive,"No paperwork needed, very good service.",الخطوات واضحة والتأكيد فوري.
CS-04025,2026-06-11,2026-06-01,Riyadh,RIY,Social Support & Subsidies,Web Portal,Citizen,45-54,3,3,5,0,Maybe,Neutral,Took longer than I expected.,مقبولة لكن اضطررت للاتصال للتأكيد.
CS-04026,2026-03-10,2026-03-01,Tabuk,TBK,Municipal Services,Web Portal,Citizen,18-24,4,3,8,1,Yes,Positive,Finished it on my phone in two minutes.,الخطوات واضحة والتأكيد فوري.
CS-04027,2026-03-07,2026-03-01,Makkah,MAK,Municipal Services,Web Portal,Citizen,25-34,3,2,4,1,Maybe,Neutral,"Fine, though I had to call to confirm.",مقبولة لكن اضطررت للاتصال للتأكيد.
CS-04028,2026-02-06,2026-02-01,Qassim,QSM,Social Support & Subsidies,Mobile App,Resident,45-54,5,5,9,1,Yes,Positive,The Nafath login worked first time.,أنهيت المعاملة عبر الجوال خلال دقيقتين.
CS-04029,2026-05-21,2026-05-01,Riyadh,RIY,Traffic & Transport,Branch,Resident,45-54,3,4,5,0,Maybe,Neutral,"Fine, though I had to call to confirm.",مقبولة لكن اضطررت للاتصال للتأكيد.
CS-04030,2026-05-12,2026-05-01,Makkah,MAK,Traffic & Transport,Call Center,Citizen,18-24,3,3,8,0,Maybe,Neutral,"Fine, though I had to call to confirm.",استغرقت وقتاً أطول مما توقعت.
CS-04031,2026-03-20,2026-03-01,Eastern Province,EAS,Municipal Services,Mobile App,Citizen,25-34,4,3,9,1,Yes,Positive,Much easier than going to the branch.,أنهيت المعاملة عبر الجوال خلال دقيقتين.
CS-04032,2026-03-28,2026-03-01,Makkah,MAK,Labour & HR Services,Mobile App,Citizen,18-24,5,5,10,1,Yes,Positive,Clear steps and instant confirmation.,أسهل بكثير من زيارة الفرع.
CS-04033,2026-01-16,2026-01-01,Riyadh,RIY,Justice & Notary,Mobile App,Resident,25-34,4,4,7,0,Yes,Positive,Much easier than going to the branch.,أنهيت المعاملة عبر الجوال خلال دقيقتين.
CS-04034,2026-02-18,2026-02-01,Riyadh,RIY,Labour & HR Services,Mobile App,Citizen,35-44,4,3,7,1,Yes,Positive,Finished it on my phone in two minutes.,أسهل بكثير من زيارة الفرع.
CS-04035,2026-06-15,2026-06-01,Jazan,JZN,Identity & Civil Affairs,Branch,Citizen,35-44,3,3,8,1,Maybe,Neutral,Acceptable but the receipt was hard to find.,استغرقت وقتاً أطول مما توقعت.
CS-04036,2026-06-09,2026-06-01,Madinah,MAD,Traffic & Transport,Branch,Citizen,35-44,4,3,7,1,Yes,Positive,Much easier than going to the branch.,تسجيل الدخول عبر نفاذ عمل من أول مرة.
CS-04037,2026-04-11,2026-04-01,Najran,NJR,Health Services,Mobile App,Citizen,35-44,5,5,10,1,Yes,Positive,Clear steps and instant confirmation.,أنهيت المعاملة عبر الجوال خلال دقيقتين.
CS-04038,2026-05-27,2026-05-01,Asir,ASR,Social Support & Subsidies,Mobile App,Citizen,55-64,5,4,8,1,Yes,Positive,The Nafath login worked first time.,الخطوات واضحة والتأكيد فوري.
CS-04039,2026-01-01,2026-01-01,Riyadh,RIY,Business & Licensing,Branch,Resident,35-44,4,4,8,1,Yes,Positive,Finished it on my phone in two minutes.,تسجيل الدخول عبر نفاذ عمل من أول مرة.
CS-04040,2026-04-21,2026-04-01,Qassim,QSM,Health Services,Call Center,Resident,55-64,4,3,6,1,Yes,Positive,The Nafath login worked first time.,تسجيل الدخول عبر نفاذ عمل من أول مرة.
CS-04041,2026-04-28,2026-04-01,Madinah,MAD,Identity & Civil Affairs,Call Center,Citizen,25-34,5,5,10,0,Yes,Positive,The Nafath login worked first time.,الخطوات واضحة والتأكيد فوري.
CS-04042,2026-04-12,2026-04-01,Makkah,MAK,Traffic & Transport,Web Portal,Citizen,55-64,4,4,9,1,Yes,Positive,Much easier than going to the branch.,أسهل بكثير من زيارة الفرع.
CS-04043,2026-06-15,2026-06-01,Riyadh,RIY,Health Services,Branch,Citizen,18-24,4,4,7,1,Yes,Positive,Finished it on my phone in two minutes.,الخطوات واضحة والتأكيد فوري.
CS-04044,2026-03-12,2026-03-01,Tabuk,TBK,Health Services,Web Portal,Resident,35-44,3,3,5,0,Maybe,Neutral,It worked but the wording was confusing.,مقبولة لكن اضطررت للاتصال للتأكيد.
CS-04045,2026-05-18,2026-05-01,Riyadh,RIY,Municipal Services,Mobile App,Citizen,45-54,4,4,6,1,Yes,Positive,Clear steps and instant confirmation.,تسجيل الدخول عبر نفاذ عمل من أول مرة.
CS-04046,2026-02-06,2026-02-01,Madinah,MAD,Business & Licensing,Mobile App,Citizen,65+,5,4,10,1,Yes,Positive,Much easier than going to the branch.,الخطوات واضحة والتأكيد فوري.
CS-04047,2026-05-10,2026-05-01,Makkah,MAK,Identity & Civil Affairs,Call Center,Citizen,25-34,3,2,7,0,Maybe,Neutral,Acceptable but the receipt was hard to find.,استغرقت وقتاً أطول مما توقعت.
CS-04048,2026-04-22,2026-04-01,Makkah,MAK,Social Support & Subsidies,Branch,Citizen,45-54,3,2,6,0,Maybe,Neutral,Took longer than I expected.,مقبولة لكن اضطررت للاتصال للتأكيد.
CS-04049,2026-02-25,2026-02-01,Makkah,MAK,Health Services,Mobile App,Citizen,25-34,5,5,9,1,Yes,Positive,Clear steps and instant confirmation.,أنهيت المعاملة عبر الجوال خلال دقيقتين.
CS-04050,2026-04-19,2026-04-01,Makkah,MAK,Traffic & Transport,Mobile App,Resident,45-54,4,5,6,1,Yes,Positive,Much easier than going to the branch.,أنهيت المعاملة عبر الجوال خلال دقيقتين.
CS-04051,2026-06-25,2026-06-01,Riyadh,RIY,Identity & Civil Affairs,Call Center,Citizen,25-34,5,5,8,1,Yes,Positive,The Nafath login worked first time.,أسهل بكثير من زيارة الفرع.
CS-04052,2026-06-23,2026-06-01,Riyadh,RIY,Municipal Services,Call Center,Business,55-64,4,4,7,1,Yes,Positive,Clear steps and instant confirmation.,أنهيت المعاملة عبر الجوال خلال دقيقتين.
CS-04053,2026-05-03,2026-05-01,Eastern Province,EAS,Municipal Services,Call Center,Citizen,55-64,4,4,7,1,Yes,Positive,Finished it on my phone in two minutes.,أسهل بكثير من زيارة الفرع.
CS-04054,2026-04-10,2026-04-01,Qassim,QSM,Business & Licensing,Mobile App,Citizen,55-64,5,5,8,1,Yes,Positive,Clear steps and instant confirmation.,أنهيت المعاملة عبر الجوال خلال دقيقتين.
CS-04055,2026-03-24,2026-03-01,Riyadh,RIY,Health Services,Web Portal,Citizen,25-34,4,5,6,0,Yes,Positive,The Nafath login worked first time.,أسهل بكثير من زيارة الفرع.
CS-04056,2026-02-28,2026-02-01,Eastern Province,EAS,Social Support & Subsidies,Call Center,Citizen,25-34,5,5,9,1,Yes,Positive,Finished it on my phone in two minutes.,تسجيل الدخول عبر نفاذ عمل من أول مرة.
CS-04057,2026-04-17,2026-04-01,Jazan,JZN,Health Services,Mobile App,Citizen,25-34,5,5,10,1,Yes,Positive,The Nafath login worked first time.,الخطوات واضحة والتأكيد فوري.
CS-04058,2026-06-13,2026-06-01,Riyadh,RIY,Identity & Civil Affairs,Mobile App,Citizen,35-44,5,4,8,1,Yes,Positive,The Nafath login worked first time.,الخطوات واضحة والتأكيد فوري.
CS-04059,2026-05-22,2026-05-01,Makkah,MAK,Social Support & Subsidies,Mobile App,Citizen,25-34,5,5,8,1,Yes,Positive,Finished it on my phone in two minutes.,الخطوات واضحة والتأكيد فوري.
CS-04060,2026-04-05,2026-04-01,Jazan,JZN,Social Support & Subsidies,Web Portal,Citizen,25-34,5,5,10,1,Yes,Positive,"No paperwork needed, very good service.",أسهل بكثير من زيارة الفرع.
CS-04061,2026-02-17,2026-02-01,Makkah,MAK,Labour & HR Services,Branch,Citizen,45-54,3,4,5,1,Maybe,Neutral,Acceptable but the receipt was hard to find.,تمت الخدمة لكن الصياغة غير واضحة.
CS-04062,2026-03-13,2026-03-01,Makkah,MAK,Justice & Notary,Mobile App,Citizen,25-34,3,2,8,0,Maybe,Neutral,Took longer than I expected.,تمت الخدمة لكن الصياغة غير واضحة.
CS-04063,2026-03-10,2026-03-01,Riyadh,RIY,Labour & HR Services,Mobile App,Resident,45-54,4,3,8,1,Yes,Positive,The Nafath login worked first time.,أسهل بكثير من زيارة الفرع.
CS-04064,2026-02-19,2026-02-01,Eastern Province,EAS,Health Services,Web Portal,Citizen,45-54,5,5,9,1,Yes,Positive,The Nafath login worked first time.,تسجيل الدخول عبر نفاذ عمل من أول مرة.
CS-04065,2026-02-09,2026-02-01,Makkah,MAK,Traffic & Transport,Mobile App,Resident,65+,4,3,10,1,Yes,Positive,Much easier than going to the branch.,الخطوات واضحة والتأكيد فوري.
CS-04066,2026-01-07,2026-01-01,Eastern Province,EAS,Education & Training,Branch,Citizen,25-34,4,4,7,1,Yes,Positive,Clear steps and instant confirmation.,الخطوات واضحة والتأكيد فوري.
CS-04067,2026-05-15,2026-05-01,Makkah,MAK,Education & Training,Web Portal,Citizen,18-24,4,5,10,1,Yes,Positive,The Nafath login worked first time.,أنهيت المعاملة عبر الجوال خلال دقيقتين.
CS-04068,2026-04-25,2026-04-01,Makkah,MAK,Health Services,Branch,Citizen,35-44,3,2,4,1,Maybe,Neutral,"Fine, though I had to call to confirm.",مقبولة لكن اضطررت للاتصال للتأكيد.
CS-04069,2026-03-11,2026-03-01,Eastern Province,EAS,Justice & Notary,Web Portal,Business,45-54,4,4,7,1,Yes,Positive,"No paperwork needed, very good service.",الخطوات واضحة والتأكيد فوري.
CS-04070,2026-04-17,2026-04-01,Qassim,QSM,Municipal Services,Mobile App,Resident,25-34,5,4,10,1,Yes,Positive,Clear steps and instant confirmation.,تسجيل الدخول عبر نفاذ عمل من أول مرة.
CS-04071,2026-01-05,2026-01-01,Makkah,MAK,Municipal Services,Mobile App,Resident,18-24,4,5,6,1,Yes,Positive,Clear steps and instant confirmation.,أنهيت المعاملة عبر الجوال خلال دقيقتين.
CS-04072,2026-06-12,2026-06-01,Riyadh,RIY,Traffic & Transport,Mobile App,Citizen,55-64,5,5,10,1,Yes,Positive,The Nafath login worked first time.,أنهيت المعاملة عبر الجوال خلال دقيقتين.
CS-04073,2026-02-22,2026-02-01,Asir,ASR,Traffic & Transport,Web Portal,Resident,55-64,3,4,7,0,Maybe,Neutral,It worked but the wording was confusing.,استغرقت وقتاً أطول مما توقعت.
CS-04074,2026-04-11,2026-04-01,Makkah,MAK,Identity & Civil Affairs,Mobile App,Citizen,25-34,5,5,10,1,Yes,Positive,"No paperwork needed, very good service.",أسهل بكثير من زيارة الفرع.
CS-04075,2026-03-12,2026-03-01,Al-Jouf,JOF,Education & Training,Call Center,Resident,25-34,5,5,9,1,Yes,Positive,Clear steps and instant confirmation.,تسجيل الدخول عبر نفاذ عمل من أول مرة.
CS-04076,2026-04-22,2026-04-01,Asir,ASR,Identity & Civil Affairs,Web Portal,Citizen,25-34,4,3,10,1,Yes,Positive,The Nafath login worked first time.,أنهيت المعاملة عبر الجوال خلال دقيقتين.
CS-04077,2026-05-12,2026-05-01,Eastern Province,EAS,Education & Training,Branch,Citizen,45-54,4,5,10,1,Yes,Positive,Clear steps and instant confirmation.,أنهيت المعاملة عبر الجوال خلال دقيقتين.
CS-04078,2026-01-28,2026-01-01,Asir,ASR,Municipal Services,Branch,Citizen,35-44,4,5,10,1,Yes,Positive,Clear steps and instant confirmation.,أنهيت المعاملة عبر الجوال خلال دقيقتين.
CS-04079,2026-01-04,2026-01-01,Riyadh,RIY,Traffic & Transport,Branch,Citizen,25-34,4,3,8,1,Yes,Positive,Much easier than going to the branch.,أنهيت المعاملة عبر الجوال خلال دقيقتين.
CS-04080,2026-01-27,2026-01-01,Qassim,QSM,Traffic & Transport,Branch,Citizen,25-34,3,3,6,1,Maybe,Neutral,Acceptable but the receipt was hard to find.,مقبولة لكن اضطررت للاتصال للتأكيد.
CS-04081,2026-05-20,2026-05-01,Madinah,MAD,Education & Training,Web Portal,Resident,35-44,4,3,7,1,Yes,Positive,Finished it on my phone in two minutes.,أنهيت المعاملة عبر الجوال خلال دقيقتين.
CS-04082,2026-02-06,2026-02-01,Riyadh,RIY,Municipal Services,Branch,Business,25-34,4,4,9,1,Yes,Positive,"No paperwork needed, very good service.",تسجيل الدخول عبر نفاذ عمل من أول مرة.
CS-04083,2026-01-07,2026-01-01,Riyadh,RIY,Identity & Civil Affairs,Mobile App,Citizen,18-24,3,3,7,0,Maybe,Neutral,Acceptable but the receipt was hard to find.,تمت الخدمة لكن الصياغة غير واضحة.
CS-04084,2026-05-09,2026-05-01,Madinah,MAD,Traffic & Transport,Mobile App,Resident,18-24,4,5,6,1,Yes,Positive,Finished it on my phone in two minutes.,أسهل بكثير من زيارة الفرع.
CS-04085,2026-04-18,2026-04-01,Makkah,MAK,Justice & Notary,Branch,Resident,25-34,4,3,6,1,Yes,Positive,Finished it on my phone in two minutes.,تسجيل الدخول عبر نفاذ عمل من أول مرة.
CS-04086,2026-06-14,2026-06-01,Eastern Province,EAS,Justice & Notary,Mobile App,Citizen,35-44,4,4,9,0,Yes,Positive,The Nafath login worked first time.,أنهيت المعاملة عبر الجوال خلال دقيقتين.
CS-04087,2026-02-05,2026-02-01,Riyadh,RIY,Traffic & Transport,Call Center,Citizen,45-54,3,4,5,1,Maybe,Neutral,Acceptable but the receipt was hard to find.,تمت الخدمة لكن الصياغة غير واضحة.
CS-04088,2026-04-22,2026-04-01,Riyadh,RIY,Labour & HR Services,Mobile App,Citizen,45-54,5,4,10,1,Yes,Positive,"No paperwork needed, very good service.",تسجيل الدخول عبر نفاذ عمل من أول مرة.
CS-04089,2026-06-28,2026-06-01,Tabuk,TBK,Labour & HR Services,Mobile App,Business,25-34,3,3,8,0,Maybe,Neutral,Acceptable but the receipt was hard to find.,مقبولة لكن اضطررت للاتصال للتأكيد.
CS-04090,2026-03-03,2026-03-01,Makkah,MAK,Business & Licensing,Web Portal,Citizen,35-44,5,4,10,1,Yes,Positive,Clear steps and instant confirmation.,أسهل بكثير من زيارة الفرع.
CS-04091,2026-05-03,2026-05-01,Riyadh,RIY,Health Services,Call Center,Citizen,45-54,4,5,7,1,Yes,Positive,Much easier than going to the branch.,أسهل بكثير من زيارة الفرع.
CS-04092,2026-05-12,2026-05-01,Riyadh,RIY,Identity & Civil Affairs,Mobile App,Citizen,25-34,5,5,8,1,Yes,Positive,"No paperwork needed, very good service.",أسهل بكثير من زيارة الفرع.
CS-04093,2026-03-25,2026-03-01,Asir,ASR,Traffic & Transport,Branch,Resident,45-54,3,4,4,0,Maybe,Neutral,Acceptable but the receipt was hard to find.,استغرقت وقتاً أطول مما توقعت.
CS-04094,2026-06-25,2026-06-01,Riyadh,RIY,Labour & HR Services,Mobile App,Citizen,18-24,5,5,10,1,Yes,Positive,Clear steps and instant confirmation.,أسهل بكثير من زيارة الفرع.
CS-04095,2026-03-01,2026-03-01,Riyadh,RIY,Municipal Services,Call Center,Citizen,65+,5,5,10,1,Yes,Positive,"No paperwork needed, very good service.",تسجيل الدخول عبر نفاذ عمل من أول مرة.
CS-04096,2026-05-06,2026-05-01,Makkah,MAK,Labour & HR Services,Mobile App,Citizen,35-44,5,4,10,1,Yes,Positive,Much easier than going to the branch.,تسجيل الدخول عبر نفاذ عمل من أول مرة.
CS-04097,2026-04-25,2026-04-01,Hail,HAL,Health Services,Branch,Business,25-34,4,4,6,1,Yes,Positive,Clear steps and instant confirmation.,أسهل بكثير من زيارة الفرع.
CS-04098,2026-06-27,2026-06-01,Riyadh,RIY,Social Support & Subsidies,Mobile App,Citizen,25-34,4,5,7,1,Yes,Positive,Clear steps and instant confirmation.,الخطوات واضحة والتأكيد فوري.
CS-04099,2026-02-21,2026-02-01,Riyadh,RIY,Justice & Notary,Branch,Resident,25-34,2,1,4,0,No,Negative,Waited 40 minutes and the counter closed.,اضطررت لزيارة الفرع رغم ذلك.
CS-04100,2026-06-24,2026-06-01,Makkah,MAK,Traffic & Transport,Web Portal,Citizen,45-54,4,4,10,1,Yes,Positive,Finished it on my phone in two minutes.,تسجيل الدخول عبر نفاذ عمل من أول مرة.
CS-04101,2026-04-05,2026-04-01,Makkah,MAK,Municipal Services,Mobile App,Citizen,25-34,4,4,8,0,Yes,Positive,Much easier than going to the branch.,الخطوات واضحة والتأكيد فوري.
CS-04102,2026-05-09,2026-05-01,Al-Baha,BAH,Identity & Civil Affairs,Branch,Citizen,18-24,3,4,8,1,Maybe,Neutral,It worked but the wording was confusing.,مقبولة لكن اضطررت للاتصال للتأكيد.
CS-04103,2026-04-19,2026-04-01,Makkah,MAK,Identity & Civil Affairs,Mobile App,Citizen,55-64,4,4,9,1,Yes,Positive,"No paperwork needed, very good service.",أنهيت المعاملة عبر الجوال خلال دقيقتين.
CS-04104,2026-02-12,2026-02-01,Madinah,MAD,Health Services,Mobile App,Citizen,25-34,3,3,8,1,Maybe,Neutral,"Fine, though I had to call to confirm.",تمت الخدمة لكن الصياغة غير واضحة.
CS-04105,2026-05-11,2026-05-01,Riyadh,RIY,Labour & HR Services,Call Center,Business,35-44,4,4,8,1,Yes,Positive,Much easier than going to the branch.,أنهيت المعاملة عبر الجوال خلال دقيقتين.
CS-04106,2026-06-02,2026-06-01,Qassim,QSM,Social Support & Subsidies,Web Portal,Citizen,55-64,5,5,10,0,Yes,Positive,The Nafath login worked first time.,الخطوات واضحة والتأكيد فوري.
CS-04107,2026-06-25,2026-06-01,Riyadh,RIY,Education & Training,Mobile App,Citizen,45-54,5,5,10,1,Yes,Positive,Much easier than going to the branch.,أسهل بكثير من زيارة الفرع.
CS-04108,2026-04-22,2026-04-01,Makkah,MAK,Identity & Civil Affairs,Call Center,Citizen,25-34,5,5,10,0,Yes,Positive,Clear steps and instant confirmation.,تسجيل الدخول عبر نفاذ عمل من أول مرة.
CS-04109,2026-04-13,2026-04-01,Makkah,MAK,Education & Training,Web Portal,Citizen,25-34,3,3,8,0,Maybe,Neutral,Took longer than I expected.,مقبولة لكن اضطررت للاتصال للتأكيد.
CS-04110,2026-05-18,2026-05-01,Makkah,MAK,Traffic & Transport,Branch,Citizen,18-24,2,1,4,0,No,Negative,No Arabic option on one of the screens.,فشل التحقق ثلاث مرات فاضطررت للتوقف.
CS-04111,2026-03-11,2026-03-01,Riyadh,RIY,Identity & Civil Affairs,Call Center,Citizen,35-44,4,4,10,1,Yes,Positive,The Nafath login worked first time.,أنهيت المعاملة عبر الجوال خلال دقيقتين.
CS-04112,2026-04-13,2026-04-01,Asir,ASR,Business & Licensing,Branch,Resident,18-24,4,3,7,1,Yes,Positive,Finished it on my phone in two minutes.,تسجيل الدخول عبر نفاذ عمل من أول مرة.
CS-04113,2026-02-22,2026-02-01,Riyadh,RIY,Identity & Civil Affairs,Mobile App,Citizen,35-44,5,5,8,1,Yes,Positive,Clear steps and instant confirmation.,تسجيل الدخول عبر نفاذ عمل من أول مرة.
CS-04114,2026-02-19,2026-02-01,Qassim,QSM,Health Services,Web Portal,Citizen,35-44,5,5,8,1,Yes,Positive,Finished it on my phone in two minutes.,أسهل بكثير من زيارة الفرع.
CS-04115,2026-04-09,2026-04-01,Asir,ASR,Health Services,Call Center,Citizen,18-24,4,3,6,0,Yes,Positive,The Nafath login worked first time.,أسهل بكثير من زيارة الفرع.
CS-04116,2026-05-26,2026-05-01,Madinah,MAD,Health Services,Mobile App,Business,35-44,5,5,10,1,Yes,Positive,Much easier than going to the branch.,الخطوات واضحة والتأكيد فوري.
CS-04117,2026-01-05,2026-01-01,Qassim,QSM,Labour & HR Services,Web Portal,Citizen,55-64,4,4,8,1,Yes,Positive,"No paperwork needed, very good service.",أسهل بكثير من زيارة الفرع.
CS-04118,2026-02-16,2026-02-01,Riyadh,RIY,Health Services,Mobile App,Citizen,65+,5,4,10,1,Yes,Positive,Much easier than going to the branch.,أسهل بكثير من زيارة الفرع.
CS-04119,2026-03-04,2026-03-01,Najran,NJR,Identity & Civil Affairs,Call Center,Citizen,25-34,4,5,7,1,Yes,Positive,Finished it on my phone in two minutes.,تسجيل الدخول عبر نفاذ عمل من أول مرة.
CS-04120,2026-01-13,2026-01-01,Makkah,MAK,Education & Training,Branch,Citizen,18-24,2,2,4,1,No,Negative,I had to visit the branch anyway.,اضطررت لزيارة الفرع رغم ذلك.
CS-04121,2026-02-28,2026-02-01,Madinah,MAD,Education & Training,Mobile App,Citizen,25-34,5,4,8,1,Yes,Positive,The Nafath login worked first time.,تسجيل الدخول عبر نفاذ عمل من أول مرة.
CS-04122,2026-05-01,2026-05-01,Hail,HAL,Traffic & Transport,Mobile App,Citizen,25-34,5,4,10,1,Yes,Positive,The Nafath login worked first time.,تسجيل الدخول عبر نفاذ عمل من أول مرة.
CS-04123,2026-05-24,2026-05-01,Hail,HAL,Social Support & Subsidies,Mobile App,Citizen,35-44,5,4,9,1,Yes,Positive,Finished it on my phone in two minutes.,الخطوات واضحة والتأكيد فوري.
CS-04124,2026-04-10,2026-04-01,Makkah,MAK,Education & Training,Branch,Business,25-34,4,5,6,1,Yes,Positive,Finished it on my phone in two minutes.,أسهل بكثير من زيارة الفرع.
CS-04125,2026-06-07,2026-06-01,Eastern Province,EAS,Business & Licensing,Mobile App,Citizen,25-34,5,5,10,1,Yes,Positive,Much easier than going to the branch.,أنهيت المعاملة عبر الجوال خلال دقيقتين.
CS-04126,2026-03-11,2026-03-01,Makkah,MAK,Identity & Civil Affairs,Web Portal,Business,25-34,4,5,6,1,Yes,Positive,Much easier than going to the branch.,أسهل بكثير من زيارة الفرع.
CS-04127,2026-03-02,2026-03-01,Qassim,QSM,Health Services,Web Portal,Resident,25-34,3,2,7,0,Maybe,Neutral,"Fine, though I had to call to confirm.",تمت الخدمة لكن الصياغة غير واضحة.
CS-04128,2026-06-21,2026-06-01,Eastern Province,EAS,Business & Licensing,Mobile App,Citizen,18-24,4,3,9,1,Yes,Positive,"No paperwork needed, very good service.",أسهل بكثير من زيارة الفرع.
CS-04129,2026-05-07,2026-05-01,Riyadh,RIY,Business & Licensing,Call Center,Citizen,18-24,3,4,4,1,Maybe,Neutral,Acceptable but the receipt was hard to find.,استغرقت وقتاً أطول مما توقعت.
CS-04130,2026-01-17,2026-01-01,Hail,HAL,Identity & Civil Affairs,Mobile App,Business,35-44,2,1,5,0,No,Negative,The authentication failed three times and I gave up.,اضطررت لزيارة الفرع رغم ذلك.
CS-04131,2026-04-08,2026-04-01,Tabuk,TBK,Identity & Civil Affairs,Mobile App,Resident,25-34,5,5,10,1,Yes,Positive,The Nafath login worked first time.,تسجيل الدخول عبر نفاذ عمل من أول مرة.
CS-04132,2026-06-21,2026-06-01,Riyadh,RIY,Business & Licensing,Mobile App,Citizen,45-54,5,5,10,1,Yes,Positive,The Nafath login worked first time.,أنهيت المعاملة عبر الجوال خلال دقيقتين.
CS-04133,2026-06-26,2026-06-01,Makkah,MAK,Business & Licensing,Mobile App,Resident,25-34,4,3,10,1,Yes,Positive,Clear steps and instant confirmation.,تسجيل الدخول عبر نفاذ عمل من أول مرة.
CS-04134,2026-01-24,2026-01-01,Tabuk,TBK,Identity & Civil Affairs,Mobile App,Citizen,35-44,2,1,5,0,No,Negative,I had to visit the branch anyway.,فشل التحقق ثلاث مرات فاضطررت للتوقف.
CS-04135,2026-05-03,2026-05-01,Eastern Province,EAS,Health Services,Branch,Citizen,35-44,4,4,6,0,Yes,Positive,Clear steps and instant confirmation.,تسجيل الدخول عبر نفاذ عمل من أول مرة.
CS-04136,2026-03-08,2026-03-01,Makkah,MAK,Health Services,Branch,Resident,35-44,4,5,8,1,Yes,Positive,"No paperwork needed, very good service.",أنهيت المعاملة عبر الجوال خلال دقيقتين.
CS-04137,2026-05-05,2026-05-01,Riyadh,RIY,Health Services,Mobile App,Resident,25-34,5,4,10,1,Yes,Positive,Clear steps and instant confirmation.,الخطوات واضحة والتأكيد فوري.
CS-04138,2026-05-25,2026-05-01,Riyadh,RIY,Business & Licensing,Mobile App,Citizen,35-44,4,3,10,1,Yes,Positive,The Nafath login worked first time.,أسهل بكثير من زيارة الفرع.
CS-04139,2026-05-28,2026-05-01,Najran,NJR,Justice & Notary,Call Center,Business,18-24,4,3,7,1,Yes,Positive,"No paperwork needed, very good service.",تسجيل الدخول عبر نفاذ عمل من أول مرة.
CS-04140,2026-03-15,2026-03-01,Al-Jouf,JOF,Health Services,Mobile App,Citizen,35-44,5,5,8,1,Yes,Positive,Finished it on my phone in two minutes.,أنهيت المعاملة عبر الجوال خلال دقيقتين.
CS-04141,2026-06-23,2026-06-01,Riyadh,RIY,Traffic & Transport,Mobile App,Resident,25-34,5,4,10,1,Yes,Positive,Clear steps and instant confirmation.,أنهيت المعاملة عبر الجوال خلال دقيقتين.
CS-04142,2026-04-24,2026-04-01,Makkah,MAK,Identity & Civil Affairs,Web Portal,Citizen,35-44,4,3,9,1,Yes,Positive,Clear steps and instant confirmation.,أنهيت المعاملة عبر الجوال خلال دقيقتين.
CS-04143,2026-05-06,2026-05-01,Riyadh,RIY,Education & Training,Web Portal,Citizen,25-34,4,3,9,1,Yes,Positive,The Nafath login worked first time.,الخطوات واضحة والتأكيد فوري.
CS-04144,2026-02-06,2026-02-01,Makkah,MAK,Business & Licensing,Call Center,Citizen,25-34,3,4,5,0,Maybe,Neutral,It worked but the wording was confusing.,تمت الخدمة لكن الصياغة غير واضحة.
CS-04145,2026-02-11,2026-02-01,Madinah,MAD,Social Support & Subsidies,Web Portal,Citizen,55-64,5,5,10,1,Yes,Positive,"No paperwork needed, very good service.",أسهل بكثير من زيارة الفرع.
CS-04146,2026-02-09,2026-02-01,Eastern Province,EAS,Education & Training,Mobile App,Business,35-44,5,4,8,1,Yes,Positive,"No paperwork needed, very good service.",أسهل بكثير من زيارة الفرع.
CS-04147,2026-01-13,2026-01-01,Asir,ASR,Social Support & Subsidies,Call Center,Citizen,18-24,4,5,9,1,Yes,Positive,"No paperwork needed, very good service.",أسهل بكثير من زيارة الفرع.
CS-04148,2026-05-16,2026-05-01,Makkah,MAK,Identity & Civil Affairs,Mobile App,Resident,45-54,5,5,10,1,Yes,Positive,The Nafath login worked first time.,أسهل بكثير من زيارة الفرع.
CS-04149,2026-06-28,2026-06-01,Makkah,MAK,Education & Training,Web Portal,Citizen,35-44,4,5,8,1,Yes,Positive,Finished it on my phone in two minutes.,الخطوات واضحة والتأكيد فوري.
CS-04150,2026-05-16,2026-05-01,Asir,ASR,Social Support & Subsidies,Branch,Citizen,35-44,3,3,6,1,Maybe,Neutral,It worked but the wording was confusing.,مقبولة لكن اضطررت للاتصال للتأكيد.
CS-04151,2026-05-08,2026-05-01,Madinah,MAD,Municipal Services,Mobile App,Business,35-44,4,4,9,1,Yes,Positive,The Nafath login worked first time.,أنهيت المعاملة عبر الجوال خلال دقيقتين.
CS-04152,2026-04-14,2026-04-01,Eastern Province,EAS,Education & Training,Mobile App,Citizen,45-54,4,3,8,0,Yes,Positive,The Nafath login worked first time.,الخطوات واضحة والتأكيد فوري.
CS-04153,2026-05-21,2026-05-01,Madinah,MAD,Education & Training,Mobile App,Citizen,35-44,5,4,10,1,Yes,Positive,"No paperwork needed, very good service.",الخطوات واضحة والتأكيد فوري.
CS-04154,2026-02-01,2026-02-01,Makkah,MAK,Traffic & Transport,Branch,Citizen,25-34,3,2,7,0,Maybe,Neutral,Took longer than I expected.,مقبولة لكن اضطررت للاتصال للتأكيد.
CS-04155,2026-03-22,2026-03-01,Riyadh,RIY,Justice & Notary,Mobile App,Citizen,45-54,5,5,8,1,Yes,Positive,The Nafath login worked first time.,أسهل بكثير من زيارة الفرع.
CS-04156,2026-01-20,2026-01-01,Jazan,JZN,Education & Training,Call Center,Resident,45-54,2,1,6,1,No,Negative,The authentication failed three times and I gave up.,انتظرت أربعين دقيقة ثم أُغلق الشباك.
CS-04157,2026-01-16,2026-01-01,Makkah,MAK,Social Support & Subsidies,Mobile App,Citizen,18-24,3,2,6,1,Maybe,Neutral,Took longer than I expected.,استغرقت وقتاً أطول مما توقعت.
CS-04158,2026-05-19,2026-05-01,Eastern Province,EAS,Social Support & Subsidies,Branch,Resident,35-44,3,3,8,0,Maybe,Neutral,Took longer than I expected.,تمت الخدمة لكن الصياغة غير واضحة.
CS-04159,2026-06-01,2026-06-01,Makkah,MAK,Education & Training,Branch,Citizen,35-44,2,2,5,1,No,Negative,I had to visit the branch anyway.,اضطررت لزيارة الفرع رغم ذلك.
CS-04160,2026-06-19,2026-06-01,Makkah,MAK,Identity & Civil Affairs,Branch,Citizen,35-44,3,2,6,0,Maybe,Neutral,Took longer than I expected.,استغرقت وقتاً أطول مما توقعت.
CS-04161,2026-06-14,2026-06-01,Eastern Province,EAS,Health Services,Web Portal,Resident,45-54,5,4,10,1,Yes,Positive,The Nafath login worked first time.,أنهيت المعاملة عبر الجوال خلال دقيقتين.
CS-04162,2026-01-17,2026-01-01,Eastern Province,EAS,Traffic & Transport,Web Portal,Citizen,35-44,4,4,8,1,Yes,Positive,Much easier than going to the branch.,الخطوات واضحة والتأكيد فوري.
CS-04163,2026-06-01,2026-06-01,Riyadh,RIY,Municipal Services,Web Portal,Citizen,55-64,3,3,7,1,Maybe,Neutral,"Fine, though I had to call to confirm.",مقبولة لكن اضطررت للاتصال للتأكيد.
CS-04164,2026-02-09,2026-02-01,Tabuk,TBK,Traffic & Transport,Web Portal,Citizen,18-24,4,4,7,0,Yes,Positive,Much easier than going to the branch.,أسهل بكثير من زيارة الفرع.
CS-04165,2026-04-27,2026-04-01,Madinah,MAD,Municipal Services,Mobile App,Resident,25-34,5,5,10,1,Yes,Positive,The Nafath login worked first time.,تسجيل الدخول عبر نفاذ عمل من أول مرة.
CS-04166,2026-06-10,2026-06-01,Riyadh,RIY,Health Services,Mobile App,Business,25-34,5,5,10,1,Yes,Positive,"No paperwork needed, very good service.",تسجيل الدخول عبر نفاذ عمل من أول مرة.
CS-04167,2026-03-17,2026-03-01,Northern Borders,NBR,Social Support & Subsidies,Mobile App,Citizen,65+,5,4,10,1,Yes,Positive,Clear steps and instant confirmation.,الخطوات واضحة والتأكيد فوري.
CS-04168,2026-02-15,2026-02-01,Hail,HAL,Justice & Notary,Call Center,Resident,25-34,4,3,9,1,Yes,Positive,The Nafath login worked first time.,أنهيت المعاملة عبر الجوال خلال دقيقتين.
CS-04169,2026-01-26,2026-01-01,Al-Jouf,JOF,Education & Training,Web Portal,Citizen,18-24,5,4,10,1,Yes,Positive,Much easier than going to the branch.,الخطوات واضحة والتأكيد فوري.
CS-04170,2026-06-12,2026-06-01,Jazan,JZN,Identity & Civil Affairs,Mobile App,Citizen,25-34,5,4,10,0,Yes,Positive,Much easier than going to the branch.,الخطوات واضحة والتأكيد فوري.
CS-04171,2026-02-21,2026-02-01,Eastern Province,EAS,Municipal Services,Web Portal,Business,55-64,5,5,10,1,Yes,Positive,"No paperwork needed, very good service.",أسهل بكثير من زيارة الفرع.
CS-04172,2026-06-07,2026-06-01,Makkah,MAK,Labour & HR Services,Mobile App,Business,25-34,4,5,10,1,Yes,Positive,"No paperwork needed, very good service.",أنهيت المعاملة عبر الجوال خلال دقيقتين.
CS-04173,2026-03-03,2026-03-01,Najran,NJR,Social Support & Subsidies,Branch,Business,35-44,3,2,6,0,Maybe,Neutral,Acceptable but the receipt was hard to find.,مقبولة لكن اضطررت للاتصال للتأكيد.
CS-04174,2026-06-09,2026-06-01,Eastern Province,EAS,Municipal Services,Mobile App,Resident,45-54,4,3,10,1,Yes,Positive,Much easier than going to the branch.,الخطوات واضحة والتأكيد فوري.
CS-04175,2026-05-01,2026-05-01,Jazan,JZN,Identity & Civil Affairs,Mobile App,Citizen,35-44,5,5,8,1,Yes,Positive,Much easier than going to the branch.,تسجيل الدخول عبر نفاذ عمل من أول مرة.
CS-04176,2026-04-18,2026-04-01,Makkah,MAK,Health Services,Mobile App,Citizen,45-54,4,3,6,1,Yes,Positive,Clear steps and instant confirmation.,أسهل بكثير من زيارة الفرع.
CS-04177,2026-06-21,2026-06-01,Riyadh,RIY,Business & Licensing,Mobile App,Resident,55-64,5,5,10,1,Yes,Positive,The Nafath login worked first time.,الخطوات واضحة والتأكيد فوري.
CS-04178,2026-04-26,2026-04-01,Asir,ASR,Education & Training,Mobile App,Resident,25-34,4,4,9,1,Yes,Positive,The Nafath login worked first time.,الخطوات واضحة والتأكيد فوري.
CS-04179,2026-02-14,2026-02-01,Qassim,QSM,Traffic & Transport,Branch,Citizen,35-44,3,3,8,1,Maybe,Neutral,It worked but the wording was confusing.,استغرقت وقتاً أطول مما توقعت.
CS-04180,2026-02-16,2026-02-01,Makkah,MAK,Business & Licensing,Branch,Business,18-24,3,4,4,1,Maybe,Neutral,It worked but the wording was confusing.,استغرقت وقتاً أطول مما توقعت.
CS-04181,2026-04-14,2026-04-01,Riyadh,RIY,Labour & HR Services,Branch,Citizen,35-44,4,4,7,1,Yes,Positive,Clear steps and instant confirmation.,الخطوات واضحة والتأكيد فوري.
CS-04182,2026-04-26,2026-04-01,Tabuk,TBK,Education & Training,Mobile App,Citizen,18-24,4,5,7,1,Yes,Positive,Clear steps and instant confirmation.,تسجيل الدخول عبر نفاذ عمل من أول مرة.
CS-04183,2026-03-04,2026-03-01,Najran,NJR,Municipal Services,Mobile App,Citizen,35-44,3,2,7,1,Maybe,Neutral,It worked but the wording was confusing.,تمت الخدمة لكن الصياغة غير واضحة.
CS-04184,2026-06-02,2026-06-01,Riyadh,RIY,Labour & HR Services,Mobile App,Citizen,45-54,5,4,9,1,Yes,Positive,Much easier than going to the branch.,أسهل بكثير من زيارة الفرع.
CS-04185,2026-04-18,2026-04-01,Tabuk,TBK,Labour & HR Services,Mobile App,Business,45-54,5,5,10,1,Yes,Positive,"No paperwork needed, very good service.",الخطوات واضحة والتأكيد فوري.
CS-04186,2026-01-12,2026-01-01,Eastern Province,EAS,Education & Training,Branch,Citizen,25-34,4,3,8,1,Yes,Positive,"No paperwork needed, very good service.",أنهيت المعاملة عبر الجوال خلال دقيقتين.
CS-04187,2026-06-15,2026-06-01,Riyadh,RIY,Municipal Services,Mobile App,Citizen,25-34,5,5,10,1,Yes,Positive,Much easier than going to the branch.,أسهل بكثير من زيارة الفرع.
CS-04188,2026-04-15,2026-04-01,Madinah,MAD,Health Services,Web Portal,Citizen,45-54,4,3,7,1,Yes,Positive,Clear steps and instant confirmation.,أسهل بكثير من زيارة الفرع.
CS-04189,2026-05-24,2026-05-01,Riyadh,RIY,Identity & Civil Affairs,Web Portal,Citizen,45-54,4,5,8,1,Yes,Positive,Much easier than going to the branch.,الخطوات واضحة والتأكيد فوري.
CS-04190,2026-04-03,2026-04-01,Makkah,MAK,Health Services,Call Center,Citizen,25-34,4,4,8,0,Yes,Positive,The Nafath login worked first time.,تسجيل الدخول عبر نفاذ عمل من أول مرة.
CS-04191,2026-06-23,2026-06-01,Najran,NJR,Traffic & Transport,Mobile App,Citizen,25-34,5,5,10,1,Yes,Positive,Clear steps and instant confirmation.,أنهيت المعاملة عبر الجوال خلال دقيقتين.
CS-04192,2026-04-24,2026-04-01,Makkah,MAK,Education & Training,Mobile App,Citizen,18-24,4,3,10,1,Yes,Positive,"No paperwork needed, very good service.",أسهل بكثير من زيارة الفرع.
CS-04193,2026-03-03,2026-03-01,Eastern Province,EAS,Identity & Civil Affairs,Mobile App,Citizen,25-34,4,4,6,1,Yes,Positive,The Nafath login worked first time.,أسهل بكثير من زيارة الفرع.
CS-04194,2026-02-04,2026-02-01,Tabuk,TBK,Justice & Notary,Call Center,Citizen,45-54,5,5,10,1,Yes,Positive,Much easier than going to the branch.,أنهيت المعاملة عبر الجوال خلال دقيقتين.
CS-04195,2026-04-05,2026-04-01,Madinah,MAD,Health Services,Mobile App,Resident,35-44,5,5,10,1,Yes,Positive,Finished it on my phone in two minutes.,تسجيل الدخول عبر نفاذ عمل من أول مرة.
CS-04196,2026-06-24,2026-06-01,Asir,ASR,Municipal Services,Mobile App,Citizen,25-34,4,3,9,1,Yes,Positive,The Nafath login worked first time.,أسهل بكثير من زيارة الفرع.
CS-04197,2026-02-24,2026-02-01,Riyadh,RIY,Social Support & Subsidies,Mobile App,Resident,25-34,4,5,8,1,Yes,Positive,Clear steps and instant confirmation.,أسهل بكثير من زيارة الفرع.
CS-04198,2026-06-19,2026-06-01,Makkah,MAK,Social Support & Subsidies,Web Portal,Citizen,25-34,5,4,8,1,Yes,Positive,Finished it on my phone in two minutes.,الخطوات واضحة والتأكيد فوري.
CS-04199,2026-04-21,2026-04-01,Makkah,MAK,Justice & Notary,Mobile App,Business,45-54,5,4,9,1,Yes,Positive,"No paperwork needed, very good service.",أنهيت المعاملة عبر الجوال خلال دقيقتين.
CS-04200,2026-05-26,2026-05-01,Tabuk,TBK,Justice & Notary,Branch,Citizen,18-24,3,3,5,0,Maybe,Neutral,Acceptable but the receipt was hard to find.,مقبولة لكن اضطررت للاتصال للتأكيد.
CS-04201,2026-05-21,2026-05-01,Makkah,MAK,Traffic & Transport,Branch,Citizen,25-34,4,4,10,1,Yes,Positive,Finished it on my phone in two minutes.,أسهل بكثير من زيارة الفرع.
CS-04202,2026-03-27,2026-03-01,Al-Jouf,JOF,Municipal Services,Branch,Citizen,35-44,2,1,6,1,No,Negative,No Arabic option on one of the screens.,انتظرت أربعين دقيقة ثم أُغلق الشباك.
CS-04203,2026-04-10,2026-04-01,Makkah,MAK,Business & Licensing,Mobile App,Citizen,45-54,3,3,4,0,Maybe,Neutral,Took longer than I expected.,مقبولة لكن اضطررت للاتصال للتأكيد.
CS-04204,2026-05-28,2026-05-01,Makkah,MAK,Justice & Notary,Call Center,Business,55-64,3,4,8,0,Maybe,Neutral,It worked but the wording was confusing.,استغرقت وقتاً أطول مما توقعت.
CS-04205,2026-06-14,2026-06-01,Makkah,MAK,Traffic & Transport,Branch,Resident,18-24,4,4,7,0,Yes,Positive,Much easier than going to the branch.,أسهل بكثير من زيارة الفرع.
CS-04206,2026-01-23,2026-01-01,Riyadh,RIY,Identity & Civil Affairs,Branch,Resident,25-34,4,4,6,1,Yes,Positive,"No paperwork needed, very good service.",تسجيل الدخول عبر نفاذ عمل من أول مرة.
CS-04207,2026-06-12,2026-06-01,Makkah,MAK,Social Support & Subsidies,Branch,Citizen,25-34,3,4,4,0,Maybe,Neutral,Took longer than I expected.,مقبولة لكن اضطررت للاتصال للتأكيد.
CS-04208,2026-06-01,2026-06-01,Eastern Province,EAS,Identity & Civil Affairs,Web Portal,Citizen,45-54,4,5,6,1,Yes,Positive,Clear steps and instant confirmation.,أنهيت المعاملة عبر الجوال خلال دقيقتين.
CS-04209,2026-01-25,2026-01-01,Najran,NJR,Municipal Services,Web Portal,Citizen,35-44,3,4,8,1,Maybe,Neutral,Took longer than I expected.,استغرقت وقتاً أطول مما توقعت.
CS-04210,2026-03-19,2026-03-01,Eastern Province,EAS,Municipal Services,Mobile App,Resident,18-24,5,5,9,0,Yes,Positive,Clear steps and instant confirmation.,أنهيت المعاملة عبر الجوال خلال دقيقتين.
CS-04211,2026-01-26,2026-01-01,Makkah,MAK,Health Services,Mobile App,Citizen,45-54,5,5,10,1,Yes,Positive,The Nafath login worked first time.,أنهيت المعاملة عبر الجوال خلال دقيقتين.
CS-04212,2026-06-02,2026-06-01,Najran,NJR,Municipal Services,Call Center,Resident,55-64,3,4,5,1,Maybe,Neutral,Took longer than I expected.,تمت الخدمة لكن الصياغة غير واضحة.
CS-04213,2026-05-16,2026-05-01,Tabuk,TBK,Labour & HR Services,Mobile App,Citizen,18-24,5,5,10,1,Yes,Positive,Clear steps and instant confirmation.,أسهل بكثير من زيارة الفرع.
CS-04214,2026-03-28,2026-03-01,Eastern Province,EAS,Traffic & Transport,Branch,Resident,25-34,4,3,8,1,Yes,Positive,Finished it on my phone in two minutes.,أنهيت المعاملة عبر الجوال خلال دقيقتين.
CS-04215,2026-05-27,2026-05-01,Makkah,MAK,Municipal Services,Mobile App,Resident,35-44,4,3,8,1,Yes,Positive,Clear steps and instant confirmation.,تسجيل الدخول عبر نفاذ عمل من أول مرة.
CS-04216,2026-02-01,2026-02-01,Northern Borders,NBR,Labour & HR Services,Web Portal,Citizen,25-34,5,5,10,0,Yes,Positive,"No paperwork needed, very good service.",أسهل بكثير من زيارة الفرع.
CS-04217,2026-04-04,2026-04-01,Makkah,MAK,Health Services,Mobile App,Resident,25-34,4,5,7,1,Yes,Positive,Finished it on my phone in two minutes.,أسهل بكثير من زيارة الفرع.
CS-04218,2026-03-22,2026-03-01,Asir,ASR,Health Services,Mobile App,Citizen,35-44,4,4,8,1,Yes,Positive,Clear steps and instant confirmation.,أسهل بكثير من زيارة الفرع.
CS-04219,2026-04-11,2026-04-01,Makkah,MAK,Business & Licensing,Call Center,Business,18-24,3,4,7,1,Maybe,Neutral,It worked but the wording was confusing.,تمت الخدمة لكن الصياغة غير واضحة.
CS-04220,2026-06-19,2026-06-01,Makkah,MAK,Health Services,Web Portal,Citizen,55-64,5,4,10,1,Yes,Positive,Finished it on my phone in two minutes.,أسهل بكثير من زيارة الفرع.
CS-04221,2026-06-08,2026-06-01,Eastern Province,EAS,Municipal Services,Mobile App,Citizen,35-44,5,5,10,1,Yes,Positive,Clear steps and instant confirmation.,تسجيل الدخول عبر نفاذ عمل من أول مرة.
CS-04222,2026-02-26,2026-02-01,Makkah,MAK,Identity & Civil Affairs,Mobile App,Citizen,45-54,3,3,5,1,Maybe,Neutral,"Fine, though I had to call to confirm.",مقبولة لكن اضطررت للاتصال للتأكيد.
CS-04223,2026-02-18,2026-02-01,Makkah,MAK,Labour & HR Services,Web Portal,Citizen,25-34,4,5,10,1,Yes,Positive,Clear steps and instant confirmation.,الخطوات واضحة والتأكيد فوري.
CS-04224,2026-04-27,2026-04-01,Makkah,MAK,Business & Licensing,Mobile App,Citizen,25-34,5,5,10,1,Yes,Positive,Finished it on my phone in two minutes.,أنهيت المعاملة عبر الجوال خلال دقيقتين.
CS-04225,2026-06-02,2026-06-01,Jazan,JZN,Business & Licensing,Call Center,Citizen,25-34,4,3,7,0,Yes,Positive,Clear steps and instant confirmation.,أنهيت المعاملة عبر الجوال خلال دقيقتين.
CS-04226,2026-04-05,2026-04-01,Riyadh,RIY,Business & Licensing,Web Portal,Citizen,25-34,5,4,10,1,Yes,Positive,Clear steps and instant confirmation.,الخطوات واضحة والتأكيد فوري.
CS-04227,2026-02-10,2026-02-01,Jazan,JZN,Education & Training,Web Portal,Resident,18-24,4,3,8,1,Yes,Positive,"No paperwork needed, very good service.",أنهيت المعاملة عبر الجوال خلال دقيقتين.
CS-04228,2026-06-28,2026-06-01,Riyadh,RIY,Traffic & Transport,Call Center,Citizen,35-44,4,3,7,1,Yes,Positive,Much easier than going to the branch.,تسجيل الدخول عبر نفاذ عمل من أول مرة.
CS-04229,2026-01-02,2026-01-01,Riyadh,RIY,Identity & Civil Affairs,Web Portal,Citizen,65+,3,4,7,1,Maybe,Neutral,Acceptable but the receipt was hard to find.,مقبولة لكن اضطررت للاتصال للتأكيد.
CS-04230,2026-05-23,2026-05-01,Makkah,MAK,Health Services,Branch,Citizen,45-54,5,5,10,1,Yes,Positive,"No paperwork needed, very good service.",أنهيت المعاملة عبر الجوال خلال دقيقتين.
CS-04231,2026-01-20,2026-01-01,Makkah,MAK,Business & Licensing,Call Center,Citizen,45-54,3,4,7,0,Maybe,Neutral,Took longer than I expected.,استغرقت وقتاً أطول مما توقعت.
CS-04232,2026-03-05,2026-03-01,Makkah,MAK,Health Services,Mobile App,Citizen,35-44,5,5,8,1,Yes,Positive,Finished it on my phone in two minutes.,تسجيل الدخول عبر نفاذ عمل من أول مرة.
CS-04233,2026-05-07,2026-05-01,Asir,ASR,Health Services,Mobile App,Resident,25-34,4,3,8,0,Yes,Positive,Finished it on my phone in two minutes.,تسجيل الدخول عبر نفاذ عمل من أول مرة.
CS-04234,2026-06-12,2026-06-01,Riyadh,RIY,Traffic & Transport,Mobile App,Business,55-64,4,5,9,1,Yes,Positive,Much easier than going to the branch.,الخطوات واضحة والتأكيد فوري.
CS-04235,2026-01-22,2026-01-01,Riyadh,RIY,Business & Licensing,Mobile App,Citizen,25-34,5,5,10,1,Yes,Positive,The Nafath login worked first time.,تسجيل الدخول عبر نفاذ عمل من أول مرة.
CS-04236,2026-06-04,2026-06-01,Riyadh,RIY,Municipal Services,Mobile App,Citizen,18-24,3,2,4,0,Maybe,Neutral,Acceptable but the receipt was hard to find.,مقبولة لكن اضطررت للاتصال للتأكيد.
CS-04237,2026-06-17,2026-06-01,Riyadh,RIY,Social Support & Subsidies,Web Portal,Resident,55-64,4,3,9,1,Yes,Positive,Much easier than going to the branch.,الخطوات واضحة والتأكيد فوري.
CS-04238,2026-01-01,2026-01-01,Eastern Province,EAS,Justice & Notary,Mobile App,Citizen,35-44,5,4,9,1,Yes,Positive,"No paperwork needed, very good service.",أسهل بكثير من زيارة الفرع.
CS-04239,2026-03-19,2026-03-01,Makkah,MAK,Justice & Notary,Mobile App,Resident,35-44,3,3,6,1,Maybe,Neutral,It worked but the wording was confusing.,مقبولة لكن اضطررت للاتصال للتأكيد.
CS-04240,2026-02-08,2026-02-01,Asir,ASR,Identity & Civil Affairs,Mobile App,Citizen,65+,5,4,9,0,Yes,Positive,Much easier than going to the branch.,أنهيت المعاملة عبر الجوال خلال دقيقتين.
CS-04241,2026-05-26,2026-05-01,Eastern Province,EAS,Municipal Services,Web Portal,Citizen,55-64,4,5,9,1,Yes,Positive,The Nafath login worked first time.,تسجيل الدخول عبر نفاذ عمل من أول مرة.
CS-04242,2026-01-11,2026-01-01,Asir,ASR,Social Support & Subsidies,Branch,Resident,35-44,4,4,9,1,Yes,Positive,"No paperwork needed, very good service.",تسجيل الدخول عبر نفاذ عمل من أول مرة.
CS-04243,2026-04-28,2026-04-01,Qassim,QSM,Business & Licensing,Mobile App,Citizen,45-54,4,4,8,1,Yes,Positive,Finished it on my phone in two minutes.,الخطوات واضحة والتأكيد فوري.
CS-04244,2026-04-03,2026-04-01,Makkah,MAK,Labour & HR Services,Mobile App,Citizen,55-64,5,5,10,1,Yes,Positive,Much easier than going to the branch.,الخطوات واضحة والتأكيد فوري.
CS-04245,2026-01-13,2026-01-01,Riyadh,RIY,Municipal Services,Web Portal,Citizen,25-34,4,4,7,1,Yes,Positive,Much easier than going to the branch.,أسهل بكثير من زيارة الفرع.
CS-04246,2026-02-07,2026-02-01,Jazan,JZN,Identity & Civil Affairs,Mobile App,Citizen,18-24,4,3,9,1,Yes,Positive,The Nafath login worked first time.,أنهيت المعاملة عبر الجوال خلال دقيقتين.
CS-04247,2026-03-17,2026-03-01,Riyadh,RIY,Labour & HR Services,Mobile App,Citizen,45-54,5,4,8,1,Yes,Positive,Clear steps and instant confirmation.,أسهل بكثير من زيارة الفرع.
CS-04248,2026-06-12,2026-06-01,Eastern Province,EAS,Municipal Services,Branch,Resident,35-44,3,3,4,1,Maybe,Neutral,Acceptable but the receipt was hard to find.,تمت الخدمة لكن الصياغة غير واضحة.
CS-04249,2026-05-21,2026-05-01,Riyadh,RIY,Social Support & Subsidies,Mobile App,Citizen,35-44,3,2,6,0,Maybe,Neutral,Took longer than I expected.,مقبولة لكن اضطررت للاتصال للتأكيد.
CS-04250,2026-06-12,2026-06-01,Qassim,QSM,Labour & HR Services,Call Center,Citizen,45-54,3,4,5,1,Maybe,Neutral,"Fine, though I had to call to confirm.",استغرقت وقتاً أطول مما توقعت.
CS-04251,2026-06-01,2026-06-01,Makkah,MAK,Municipal Services,Mobile App,Citizen,35-44,5,4,10,1,Yes,Positive,"No paperwork needed, very good service.",الخطوات واضحة والتأكيد فوري.
CS-04252,2026-06-18,2026-06-01,Riyadh,RIY,Social Support & Subsidies,Mobile App,Resident,18-24,4,4,10,0,Yes,Positive,Finished it on my phone in two minutes.,أنهيت المعاملة عبر الجوال خلال دقيقتين.
CS-04253,2026-01-07,2026-01-01,Makkah,MAK,Traffic & Transport,Mobile App,Business,18-24,3,3,4,0,Maybe,Neutral,Acceptable but the receipt was hard to find.,استغرقت وقتاً أطول مما توقعت.
CS-04254,2026-02-07,2026-02-01,Makkah,MAK,Municipal Services,Web Portal,Citizen,45-54,2,1,6,0,No,Negative,I had to visit the branch anyway.,فشل التحقق ثلاث مرات فاضطررت للتوقف.
CS-04255,2026-03-21,2026-03-01,Riyadh,RIY,Traffic & Transport,Mobile App,Citizen,65+,5,5,10,1,Yes,Positive,Clear steps and instant confirmation.,أسهل بكثير من زيارة الفرع.
CS-04256,2026-04-10,2026-04-01,Makkah,MAK,Education & Training,Mobile App,Resident,25-34,5,5,9,1,Yes,Positive,Finished it on my phone in two minutes.,الخطوات واضحة والتأكيد فوري.
CS-04257,2026-06-04,2026-06-01,Jazan,JZN,Labour & HR Services,Mobile App,Citizen,25-34,4,5,8,1,Yes,Positive,Much easier than going to the branch.,أسهل بكثير من زيارة الفرع.
CS-04258,2026-05-13,2026-05-01,Makkah,MAK,Municipal Services,Call Center,Citizen,25-34,4,4,10,0,Yes,Positive,Clear steps and instant confirmation.,أنهيت المعاملة عبر الجوال خلال دقيقتين.
CS-04259,2026-04-16,2026-04-01,Jazan,JZN,Identity & Civil Affairs,Branch,Citizen,35-44,4,4,8,1,Yes,Positive,Clear steps and instant confirmation.,تسجيل الدخول عبر نفاذ عمل من أول مرة.
CS-04260,2026-04-06,2026-04-01,Eastern Province,EAS,Health Services,Web Portal,Citizen,65+,3,2,7,0,Maybe,Neutral,It worked but the wording was confusing.,استغرقت وقتاً أطول مما توقعت.
CS-04261,2026-05-22,2026-05-01,Tabuk,TBK,Social Support & Subsidies,Call Center,Citizen,25-34,4,5,6,1,Yes,Positive,Much easier than going to the branch.,الخطوات واضحة والتأكيد فوري.
CS-04262,2026-02-07,2026-02-01,Asir,ASR,Business & Licensing,Mobile App,Citizen,18-24,4,4,8,0,Yes,Positive,The Nafath login worked first time.,تسجيل الدخول عبر نفاذ عمل من أول مرة.
CS-04263,2026-03-23,2026-03-01,Madinah,MAD,Education & Training,Mobile App,Citizen,35-44,5,5,10,1,Yes,Positive,The Nafath login worked first time.,أنهيت المعاملة عبر الجوال خلال دقيقتين.
CS-04264,2026-05-16,2026-05-01,Makkah,MAK,Justice & Notary,Web Portal,Resident,25-34,4,4,7,1,Yes,Positive,Much easier than going to the branch.,الخطوات واضحة والتأكيد فوري.
CS-04265,2026-02-20,2026-02-01,Riyadh,RIY,Justice & Notary,Branch,Resident,25-34,3,3,6,1,Maybe,Neutral,It worked but the wording was confusing.,استغرقت وقتاً أطول مما توقعت.
CS-04266,2026-05-09,2026-05-01,Qassim,QSM,Business & Licensing,Mobile App,Citizen,65+,3,4,4,0,Maybe,Neutral,Acceptable but the receipt was hard to find.,مقبولة لكن اضطررت للاتصال للتأكيد.
CS-04267,2026-04-28,2026-04-01,Eastern Province,EAS,Labour & HR Services,Web Portal,Citizen,35-44,4,3,6,1,Yes,Positive,Finished it on my phone in two minutes.,أنهيت المعاملة عبر الجوال خلال دقيقتين.
CS-04268,2026-01-26,2026-01-01,Eastern Province,EAS,Social Support & Subsidies,Mobile App,Resident,35-44,4,4,9,1,Yes,Positive,"No paperwork needed, very good service.",أنهيت المعاملة عبر الجوال خلال دقيقتين.
CS-04269,2026-04-02,2026-04-01,Riyadh,RIY,Traffic & Transport,Mobile App,Citizen,45-54,5,5,10,1,Yes,Positive,Finished it on my phone in two minutes.,تسجيل الدخول عبر نفاذ عمل من أول مرة.
CS-04270,2026-01-27,2026-01-01,Makkah,MAK,Business & Licensing,Mobile App,Resident,35-44,4,4,10,1,Yes,Positive,"No paperwork needed, very good service.",أنهيت المعاملة عبر الجوال خلال دقيقتين.
CS-04271,2026-01-19,2026-01-01,Jazan,JZN,Education & Training,Call Center,Citizen,18-24,5,5,8,1,Yes,Positive,The Nafath login worked first time.,أسهل بكثير من زيارة الفرع.
CS-04272,2026-05-16,2026-05-01,Makkah,MAK,Education & Training,Mobile App,Citizen,65+,4,5,8,1,Yes,Positive,The Nafath login worked first time.,أسهل بكثير من زيارة الفرع.
CS-04273,2026-05-15,2026-05-01,Makkah,MAK,Health Services,Web Portal,Resident,18-24,4,5,7,1,Yes,Positive,Much easier than going to the branch.,أسهل بكثير من زيارة الفرع.
CS-04274,2026-03-19,2026-03-01,Makkah,MAK,Education & Training,Mobile App,Citizen,18-24,4,5,9,1,Yes,Positive,Much easier than going to the branch.,أنهيت المعاملة عبر الجوال خلال دقيقتين.
CS-04275,2026-05-15,2026-05-01,Makkah,MAK,Health Services,Branch,Citizen,35-44,5,5,9,1,Yes,Positive,"No paperwork needed, very good service.",الخطوات واضحة والتأكيد فوري.
CS-04276,2026-06-20,2026-06-01,Riyadh,RIY,Identity & Civil Affairs,Branch,Resident,18-24,4,4,7,0,Yes,Positive,Clear steps and instant confirmation.,الخطوات واضحة والتأكيد فوري.
CS-04277,2026-02-09,2026-02-01,Riyadh,RIY,Identity & Civil Affairs,Mobile App,Business,35-44,4,4,6,1,Yes,Positive,Finished it on my phone in two minutes.,الخطوات واضحة والتأكيد فوري.
CS-04278,2026-01-28,2026-01-01,Riyadh,RIY,Justice & Notary,Mobile App,Resident,35-44,5,5,10,1,Yes,Positive,Clear steps and instant confirmation.,أسهل بكثير من زيارة الفرع.
CS-04279,2026-05-07,2026-05-01,Madinah,MAD,Identity & Civil Affairs,Mobile App,Resident,45-54,5,4,9,1,Yes,Positive,The Nafath login worked first time.,تسجيل الدخول عبر نفاذ عمل من أول مرة.
CS-04280,2026-06-22,2026-06-01,Makkah,MAK,Identity & Civil Affairs,Call Center,Citizen,35-44,3,3,5,1,Maybe,Neutral,"Fine, though I had to call to confirm.",استغرقت وقتاً أطول مما توقعت.
CS-04281,2026-01-27,2026-01-01,Makkah,MAK,Health Services,Branch,Business,25-34,5,5,8,1,Yes,Positive,Much easier than going to the branch.,الخطوات واضحة والتأكيد فوري.
CS-04282,2026-03-28,2026-03-01,Eastern Province,EAS,Traffic & Transport,Mobile App,Citizen,25-34,5,4,9,1,Yes,Positive,Much easier than going to the branch.,أنهيت المعاملة عبر الجوال خلال دقيقتين.
CS-04283,2026-05-07,2026-05-01,Eastern Province,EAS,Business & Licensing,Mobile App,Business,25-34,4,3,7,0,Yes,Positive,The Nafath login worked first time.,الخطوات واضحة والتأكيد فوري.
CS-04284,2026-05-08,2026-05-01,Eastern Province,EAS,Social Support & Subsidies,Web Portal,Business,55-64,5,5,10,1,Yes,Positive,Finished it on my phone in two minutes.,الخطوات واضحة والتأكيد فوري.
CS-04285,2026-05-01,2026-05-01,Riyadh,RIY,Health Services,Call Center,Business,25-34,4,3,7,1,Yes,Positive,Finished it on my phone in two minutes.,أسهل بكثير من زيارة الفرع.
CS-04286,2026-04-15,2026-04-01,Riyadh,RIY,Business & Licensing,Mobile App,Citizen,45-54,5,5,10,1,Yes,Positive,The Nafath login worked first time.,أسهل بكثير من زيارة الفرع.
CS-04287,2026-03-11,2026-03-01,Riyadh,RIY,Identity & Civil Affairs,Branch,Business,35-44,3,4,5,0,Maybe,Neutral,Took longer than I expected.,مقبولة لكن اضطررت للاتصال للتأكيد.
CS-04288,2026-01-03,2026-01-01,Hail,HAL,Identity & Civil Affairs,Web Portal,Citizen,35-44,3,2,8,1,Maybe,Neutral,It worked but the wording was confusing.,استغرقت وقتاً أطول مما توقعت.
CS-04289,2026-04-04,2026-04-01,Eastern Province,EAS,Labour & HR Services,Mobile App,Business,25-34,4,4,10,1,Yes,Positive,Finished it on my phone in two minutes.,تسجيل الدخول عبر نفاذ عمل من أول مرة.
CS-04290,2026-01-23,2026-01-01,Madinah,MAD,Health Services,Mobile App,Citizen,25-34,5,5,9,1,Yes,Positive,Clear steps and instant confirmation.,أسهل بكثير من زيارة الفرع.
CS-04291,2026-05-22,2026-05-01,Makkah,MAK,Business & Licensing,Mobile App,Citizen,45-54,3,3,5,1,Maybe,Neutral,It worked but the wording was confusing.,مقبولة لكن اضطررت للاتصال للتأكيد.
CS-04292,2026-05-27,2026-05-01,Riyadh,RIY,Business & Licensing,Branch,Citizen,18-24,2,2,2,0,No,Negative,The document upload kept rejecting my file.,اضطررت لزيارة الفرع رغم ذلك.
CS-04293,2026-04-16,2026-04-01,Northern Borders,NBR,Business & Licensing,Mobile App,Citizen,35-44,4,3,6,1,Yes,Positive,Finished it on my phone in two minutes.,الخطوات واضحة والتأكيد فوري.
CS-04294,2026-03-16,2026-03-01,Madinah,MAD,Health Services,Branch,Citizen,25-34,3,2,4,1,Maybe,Neutral,It worked but the wording was confusing.,مقبولة لكن اضطررت للاتصال للتأكيد.
CS-04295,2026-06-12,2026-06-01,Riyadh,RIY,Traffic & Transport,Mobile App,Resident,18-24,4,3,8,1,Yes,Positive,"No paperwork needed, very good service.",أنهيت المعاملة عبر الجوال خلال دقيقتين.
CS-04296,2026-03-18,2026-03-01,Najran,NJR,Health Services,Mobile App,Citizen,35-44,5,5,10,1,Yes,Positive,Finished it on my phone in two minutes.,أنهيت المعاملة عبر الجوال خلال دقيقتين.
CS-04297,2026-02-05,2026-02-01,Riyadh,RIY,Traffic & Transport,Mobile App,Citizen,18-24,4,5,10,1,Yes,Positive,"No paperwork needed, very good service.",أسهل بكثير من زيارة الفرع.
CS-04298,2026-06-25,2026-06-01,Riyadh,RIY,Identity & Civil Affairs,Mobile App,Citizen,55-64,5,5,10,1,Yes,Positive,Clear steps and instant confirmation.,أنهيت المعاملة عبر الجوال خلال دقيقتين.
CS-04299,2026-01-26,2026-01-01,Madinah,MAD,Identity & Civil Affairs,Mobile App,Citizen,35-44,4,3,10,1,Yes,Positive,The Nafath login worked first time.,أسهل بكثير من زيارة الفرع.
CS-04300,2026-02-23,2026-02-01,Hail,HAL,Health Services,Mobile App,Citizen,25-34,5,5,10,1,Yes,Positive,Much easier than going to the branch.,أنهيت المعاملة عبر الجوال خلال دقيقتين.
CS-04301,2026-05-18,2026-05-01,Asir,ASR,Traffic & Transport,Web Portal,Resident,35-44,4,5,9,1,Yes,Positive,The Nafath login worked first time.,أنهيت المعاملة عبر الجوال خلال دقيقتين.
CS-04302,2026-02-03,2026-02-01,Riyadh,RIY,Traffic & Transport,Call Center,Citizen,55-64,4,5,6,1,Yes,Positive,Much easier than going to the branch.,أنهيت المعاملة عبر الجوال خلال دقيقتين.
CS-04303,2026-06-06,2026-06-01,Eastern Province,EAS,Social Support & Subsidies,Call Center,Citizen,25-34,5,4,10,0,Yes,Positive,Finished it on my phone in two minutes.,أنهيت المعاملة عبر الجوال خلال دقيقتين.
CS-04304,2026-01-09,2026-01-01,Najran,NJR,Identity & Civil Affairs,Branch,Resident,25-34,3,3,4,0,Maybe,Neutral,It worked but the wording was confusing.,تمت الخدمة لكن الصياغة غير واضحة.
CS-04305,2026-02-22,2026-02-01,Makkah,MAK,Business & Licensing,Web Portal,Citizen,25-34,4,5,10,1,Yes,Positive,Clear steps and instant confirmation.,الخطوات واضحة والتأكيد فوري.
CS-04306,2026-01-07,2026-01-01,Asir,ASR,Identity & Civil Affairs,Branch,Citizen,25-34,5,5,10,0,Yes,Positive,Finished it on my phone in two minutes.,أنهيت المعاملة عبر الجوال خلال دقيقتين.
CS-04307,2026-02-08,2026-02-01,Riyadh,RIY,Traffic & Transport,Web Portal,Resident,18-24,4,3,7,1,Yes,Positive,"No paperwork needed, very good service.",تسجيل الدخول عبر نفاذ عمل من أول مرة.
CS-04308,2026-06-17,2026-06-01,Eastern Province,EAS,Labour & HR Services,Mobile App,Business,35-44,4,3,8,1,Yes,Positive,The Nafath login worked first time.,أسهل بكثير من زيارة الفرع.
CS-04309,2026-05-04,2026-05-01,Makkah,MAK,Health Services,Branch,Citizen,18-24,5,4,10,1,Yes,Positive,"No paperwork needed, very good service.",الخطوات واضحة والتأكيد فوري.
CS-04310,2026-03-15,2026-03-01,Makkah,MAK,Traffic & Transport,Branch,Citizen,35-44,3,4,7,0,Maybe,Neutral,Took longer than I expected.,مقبولة لكن اضطررت للاتصال للتأكيد.
CS-04311,2026-02-07,2026-02-01,Makkah,MAK,Labour & HR Services,Call Center,Citizen,35-44,4,3,10,1,Yes,Positive,Much easier than going to the branch.,تسجيل الدخول عبر نفاذ عمل من أول مرة.
CS-04312,2026-06-17,2026-06-01,Eastern Province,EAS,Traffic & Transport,Web Portal,Citizen,65+,5,5,10,1,Yes,Positive,Finished it on my phone in two minutes.,أنهيت المعاملة عبر الجوال خلال دقيقتين.
CS-04313,2026-02-10,2026-02-01,Riyadh,RIY,Identity & Civil Affairs,Branch,Citizen,55-64,4,3,8,1,Yes,Positive,Clear steps and instant confirmation.,أنهيت المعاملة عبر الجوال خلال دقيقتين.
CS-04314,2026-03-16,2026-03-01,Riyadh,RIY,Municipal Services,Call Center,Citizen,35-44,5,5,10,1,Yes,Positive,Finished it on my phone in two minutes.,أسهل بكثير من زيارة الفرع.
CS-04315,2026-05-11,2026-05-01,Makkah,MAK,Municipal Services,Mobile App,Citizen,35-44,5,5,9,1,Yes,Positive,Clear steps and instant confirmation.,الخطوات واضحة والتأكيد فوري.
CS-04316,2026-06-21,2026-06-01,Eastern Province,EAS,Traffic & Transport,Mobile App,Citizen,35-44,4,5,7,1,Yes,Positive,Clear steps and instant confirmation.,تسجيل الدخول عبر نفاذ عمل من أول مرة.
CS-04317,2026-03-02,2026-03-01,Asir,ASR,Identity & Civil Affairs,Mobile App,Citizen,25-34,5,5,10,1,Yes,Positive,Finished it on my phone in two minutes.,الخطوات واضحة والتأكيد فوري.
CS-04318,2026-05-23,2026-05-01,Makkah,MAK,Health Services,Branch,Citizen,55-64,2,1,6,0,No,Negative,Waited 40 minutes and the counter closed.,فشل التحقق ثلاث مرات فاضطررت للتوقف.
CS-04319,2026-04-02,2026-04-01,Makkah,MAK,Identity & Civil Affairs,Call Center,Citizen,25-34,5,5,8,0,Yes,Positive,Clear steps and instant confirmation.,أسهل بكثير من زيارة الفرع.
CS-04320,2026-05-10,2026-05-01,Riyadh,RIY,Traffic & Transport,Mobile App,Resident,18-24,5,4,10,1,Yes,Positive,Much easier than going to the branch.,أنهيت المعاملة عبر الجوال خلال دقيقتين.
CS-04321,2026-04-24,2026-04-01,Makkah,MAK,Business & Licensing,Web Portal,Citizen,35-44,5,5,10,1,Yes,Positive,"No paperwork needed, very good service.",تسجيل الدخول عبر نفاذ عمل من أول مرة.
CS-04322,2026-03-24,2026-03-01,Hail,HAL,Education & Training,Branch,Business,18-24,3,4,6,1,Maybe,Neutral,It worked but the wording was confusing.,مقبولة لكن اضطررت للاتصال للتأكيد.
CS-04323,2026-01-24,2026-01-01,Riyadh,RIY,Identity & Civil Affairs,Mobile App,Citizen,18-24,4,4,7,1,Yes,Positive,Finished it on my phone in two minutes.,أسهل بكثير من زيارة الفرع.
CS-04324,2026-01-06,2026-01-01,Eastern Province,EAS,Education & Training,Web Portal,Citizen,18-24,4,5,9,1,Yes,Positive,Clear steps and instant confirmation.,أنهيت المعاملة عبر الجوال خلال دقيقتين.
CS-04325,2026-03-05,2026-03-01,Eastern Province,EAS,Education & Training,Call Center,Resident,35-44,4,3,6,1,Yes,Positive,Much easier than going to the branch.,تسجيل الدخول عبر نفاذ عمل من أول مرة.
CS-04326,2026-02-07,2026-02-01,Makkah,MAK,Health Services,Mobile App,Citizen,35-44,5,5,10,1,Yes,Positive,Finished it on my phone in two minutes.,الخطوات واضحة والتأكيد فوري.
CS-04327,2026-01-28,2026-01-01,Tabuk,TBK,Education & Training,Mobile App,Citizen,65+,4,3,6,1,Yes,Positive,Finished it on my phone in two minutes.,أسهل بكثير من زيارة الفرع.
CS-04328,2026-05-01,2026-05-01,Makkah,MAK,Business & Licensing,Mobile App,Citizen,35-44,4,5,7,1,Yes,Positive,Finished it on my phone in two minutes.,أنهيت المعاملة عبر الجوال خلال دقيقتين.
CS-04329,2026-06-19,2026-06-01,Jazan,JZN,Traffic & Transport,Branch,Resident,25-34,3,2,8,0,Maybe,Neutral,Took longer than I expected.,مقبولة لكن اضطررت للاتصال للتأكيد.
CS-04330,2026-04-18,2026-04-01,Makkah,MAK,Identity & Civil Affairs,Call Center,Citizen,25-34,4,4,10,1,Yes,Positive,Clear steps and instant confirmation.,أسهل بكثير من زيارة الفرع.
CS-04331,2026-01-05,2026-01-01,Eastern Province,EAS,Education & Training,Call Center,Citizen,18-24,3,3,8,0,Maybe,Neutral,Took longer than I expected.,مقبولة لكن اضطررت للاتصال للتأكيد.
CS-04332,2026-03-19,2026-03-01,Jazan,JZN,Education & Training,Branch,Citizen,45-54,3,3,8,0,Maybe,Neutral,"Fine, though I had to call to confirm.",مقبولة لكن اضطررت للاتصال للتأكيد.
CS-04333,2026-04-07,2026-04-01,Jazan,JZN,Traffic & Transport,Call Center,Citizen,18-24,3,4,4,0,Maybe,Neutral,It worked but the wording was confusing.,مقبولة لكن اضطررت للاتصال للتأكيد.
CS-04334,2026-04-25,2026-04-01,Makkah,MAK,Business & Licensing,Mobile App,Business,18-24,4,5,8,1,Yes,Positive,Much easier than going to the branch.,الخطوات واضحة والتأكيد فوري.
CS-04335,2026-05-19,2026-05-01,Makkah,MAK,Labour & HR Services,Mobile App,Resident,45-54,5,5,10,1,Yes,Positive,"No paperwork needed, very good service.",الخطوات واضحة والتأكيد فوري.
CS-04336,2026-02-14,2026-02-01,Asir,ASR,Identity & Civil Affairs,Mobile App,Citizen,18-24,4,5,6,0,Yes,Positive,Clear steps and instant confirmation.,تسجيل الدخول عبر نفاذ عمل من أول مرة.
CS-04337,2026-05-01,2026-05-01,Makkah,MAK,Health Services,Branch,Citizen,45-54,3,3,4,1,Maybe,Neutral,Acceptable but the receipt was hard to find.,مقبولة لكن اضطررت للاتصال للتأكيد.
CS-04338,2026-01-10,2026-01-01,Riyadh,RIY,Municipal Services,Mobile App,Resident,18-24,5,5,10,1,Yes,Positive,Much easier than going to the branch.,أسهل بكثير من زيارة الفرع.
CS-04339,2026-01-13,2026-01-01,Eastern Province,EAS,Social Support & Subsidies,Branch,Citizen,25-34,3,2,5,0,Maybe,Neutral,Acceptable but the receipt was hard to find.,تمت الخدمة لكن الصياغة غير واضحة.
CS-04340,2026-03-06,2026-03-01,Makkah,MAK,Business & Licensing,Mobile App,Citizen,55-64,4,4,8,1,Yes,Positive,Clear steps and instant confirmation.,الخطوات واضحة والتأكيد فوري.
CS-04341,2026-06-11,2026-06-01,Asir,ASR,Education & Training,Web Portal,Citizen,45-54,5,5,10,1,Yes,Positive,Much easier than going to the branch.,أسهل بكثير من زيارة الفرع.
CS-04342,2026-04-02,2026-04-01,Madinah,MAD,Identity & Civil Affairs,Branch,Citizen,25-34,4,4,9,0,Yes,Positive,Finished it on my phone in two minutes.,تسجيل الدخول عبر نفاذ عمل من أول مرة.
CS-04343,2026-03-16,2026-03-01,Makkah,MAK,Identity & Civil Affairs,Mobile App,Resident,65+,5,4,10,1,Yes,Positive,Finished it on my phone in two minutes.,تسجيل الدخول عبر نفاذ عمل من أول مرة.
CS-04344,2026-01-21,2026-01-01,Riyadh,RIY,Education & Training,Web Portal,Citizen,25-34,5,4,9,1,Yes,Positive,Finished it on my phone in two minutes.,الخطوات واضحة والتأكيد فوري.
CS-04345,2026-02-17,2026-02-01,Riyadh,RIY,Traffic & Transport,Mobile App,Resident,35-44,5,5,9,1,Yes,Positive,"No paperwork needed, very good service.",تسجيل الدخول عبر نفاذ عمل من أول مرة.
CS-04346,2026-03-12,2026-03-01,Makkah,MAK,Identity & Civil Affairs,Web Portal,Citizen,25-34,5,5,9,1,Yes,Positive,Finished it on my phone in two minutes.,أسهل بكثير من زيارة الفرع.
CS-04347,2026-06-26,2026-06-01,Madinah,MAD,Identity & Civil Affairs,Mobile App,Business,18-24,4,3,9,1,Yes,Positive,Finished it on my phone in two minutes.,أسهل بكثير من زيارة الفرع.
CS-04348,2026-05-24,2026-05-01,Makkah,MAK,Health Services,Mobile App,Business,18-24,4,5,7,1,Yes,Positive,Finished it on my phone in two minutes.,تسجيل الدخول عبر نفاذ عمل من أول مرة.
CS-04349,2026-05-04,2026-05-01,Riyadh,RIY,Municipal Services,Branch,Resident,55-64,3,2,7,0,Maybe,Neutral,Took longer than I expected.,استغرقت وقتاً أطول مما توقعت.
CS-04350,2026-01-26,2026-01-01,Makkah,MAK,Social Support & Subsidies,Mobile App,Citizen,25-34,4,4,8,1,Yes,Positive,The Nafath login worked first time.,الخطوات واضحة والتأكيد فوري.
CS-04351,2026-03-27,2026-03-01,Madinah,MAD,Traffic & Transport,Mobile App,Business,25-34,4,5,6,1,Yes,Positive,"No paperwork needed, very good service.",الخطوات واضحة والتأكيد فوري.
CS-04352,2026-06-16,2026-06-01,Madinah,MAD,Education & Training,Mobile App,Citizen,18-24,4,4,10,1,Yes,Positive,"No paperwork needed, very good service.",تسجيل الدخول عبر نفاذ عمل من أول مرة.
CS-04353,2026-05-15,2026-05-01,Riyadh,RIY,Identity & Civil Affairs,Call Center,Citizen,55-64,4,4,10,1,Yes,Positive,The Nafath login worked first time.,أنهيت المعاملة عبر الجوال خلال دقيقتين.
CS-04354,2026-04-01,2026-04-01,Makkah,MAK,Traffic & Transport,Mobile App,Resident,55-64,5,5,10,1,Yes,Positive,"No paperwork needed, very good service.",تسجيل الدخول عبر نفاذ عمل من أول مرة.
CS-04355,2026-04-04,2026-04-01,Asir,ASR,Social Support & Subsidies,Web Portal,Citizen,25-34,4,4,6,0,Yes,Positive,The Nafath login worked first time.,أنهيت المعاملة عبر الجوال خلال دقيقتين.
CS-04356,2026-04-09,2026-04-01,Madinah,MAD,Municipal Services,Web Portal,Citizen,35-44,5,4,10,1,Yes,Positive,Much easier than going to the branch.,الخطوات واضحة والتأكيد فوري.
CS-04357,2026-02-26,2026-02-01,Northern Borders,NBR,Municipal Services,Web Portal,Citizen,25-34,4,5,9,1,Yes,Positive,"No paperwork needed, very good service.",أنهيت المعاملة عبر الجوال خلال دقيقتين.
CS-04358,2026-03-13,2026-03-01,Eastern Province,EAS,Justice & Notary,Branch,Citizen,25-34,3,2,5,0,Maybe,Neutral,Acceptable but the receipt was hard to find.,تمت الخدمة لكن الصياغة غير واضحة.
CS-04359,2026-05-25,2026-05-01,Hail,HAL,Identity & Civil Affairs,Call Center,Citizen,25-34,5,4,10,1,Yes,Positive,Much easier than going to the branch.,تسجيل الدخول عبر نفاذ عمل من أول مرة.
CS-04360,2026-04-11,2026-04-01,Makkah,MAK,Municipal Services,Call Center,Citizen,45-54,2,2,3,1,No,Negative,The document upload kept rejecting my file.,فشل التحقق ثلاث مرات فاضطررت للتوقف.
CS-04361,2026-04-12,2026-04-01,Riyadh,RIY,Municipal Services,Mobile App,Citizen,18-24,4,4,9,1,Yes,Positive,The Nafath login worked first time.,أسهل بكثير من زيارة الفرع.
CS-04362,2026-01-27,2026-01-01,Riyadh,RIY,Labour & HR Services,Branch,Citizen,65+,4,5,7,1,Yes,Positive,"No paperwork needed, very good service.",أسهل بكثير من زيارة الفرع.
CS-04363,2026-05-25,2026-05-01,Makkah,MAK,Health Services,Mobile App,Citizen,25-34,5,5,8,0,Yes,Positive,The Nafath login worked first time.,أسهل بكثير من زيارة الفرع.
CS-04364,2026-05-25,2026-05-01,Riyadh,RIY,Identity & Civil Affairs,Call Center,Citizen,35-44,5,5,10,1,Yes,Positive,Clear steps and instant confirmation.,أسهل بكثير من زيارة الفرع.
CS-04365,2026-06-16,2026-06-01,Qassim,QSM,Municipal Services,Call Center,Business,18-24,3,3,7,0,Maybe,Neutral,"Fine, though I had to call to confirm.",تمت الخدمة لكن الصياغة غير واضحة.
CS-04366,2026-01-19,2026-01-01,Asir,ASR,Business & Licensing,Mobile App,Resident,25-34,4,4,9,1,Yes,Positive,Much easier than going to the branch.,الخطوات واضحة والتأكيد فوري.
CS-04367,2026-03-02,2026-03-01,Makkah,MAK,Education & Training,Branch,Citizen,35-44,4,3,6,1,Yes,Positive,Clear steps and instant confirmation.,الخطوات واضحة والتأكيد فوري.
CS-04368,2026-01-21,2026-01-01,Makkah,MAK,Health Services,Mobile App,Resident,45-54,4,3,9,0,Yes,Positive,The Nafath login worked first time.,أسهل بكثير من زيارة الفرع.
CS-04369,2026-06-18,2026-06-01,Makkah,MAK,Municipal Services,Web Portal,Citizen,55-64,3,3,5,0,Maybe,Neutral,"Fine, though I had to call to confirm.",استغرقت وقتاً أطول مما توقعت.
CS-04370,2026-04-24,2026-04-01,Jazan,JZN,Justice & Notary,Mobile App,Citizen,45-54,3,3,5,0,Maybe,Neutral,It worked but the wording was confusing.,تمت الخدمة لكن الصياغة غير واضحة.
CS-04371,2026-05-14,2026-05-01,Riyadh,RIY,Justice & Notary,Mobile App,Citizen,25-34,4,3,8,1,Yes,Positive,Clear steps and instant confirmation.,أسهل بكثير من زيارة الفرع.
CS-04372,2026-06-13,2026-06-01,Makkah,MAK,Health Services,Web Portal,Business,25-34,4,3,8,1,Yes,Positive,Much easier than going to the branch.,تسجيل الدخول عبر نفاذ عمل من أول مرة.
CS-04373,2026-06-05,2026-06-01,Hail,HAL,Traffic & Transport,Branch,Citizen,25-34,5,5,10,1,Yes,Positive,Finished it on my phone in two minutes.,الخطوات واضحة والتأكيد فوري.
CS-04374,2026-05-26,2026-05-01,Asir,ASR,Social Support & Subsidies,Call Center,Resident,35-44,5,5,10,1,Yes,Positive,Finished it on my phone in two minutes.,أسهل بكثير من زيارة الفرع.
CS-04375,2026-04-15,2026-04-01,Makkah,MAK,Traffic & Transport,Branch,Resident,45-54,4,3,8,1,Yes,Positive,Much easier than going to the branch.,أنهيت المعاملة عبر الجوال خلال دقيقتين.
CS-04376,2026-02-13,2026-02-01,Makkah,MAK,Traffic & Transport,Mobile App,Citizen,35-44,4,3,6,1,Yes,Positive,"No paperwork needed, very good service.",تسجيل الدخول عبر نفاذ عمل من أول مرة.
CS-04377,2026-06-25,2026-06-01,Makkah,MAK,Business & Licensing,Web Portal,Citizen,55-64,5,5,8,1,Yes,Positive,"No paperwork needed, very good service.",أنهيت المعاملة عبر الجوال خلال دقيقتين.
CS-04378,2026-05-28,2026-05-01,Makkah,MAK,Identity & Civil Affairs,Mobile App,Citizen,18-24,5,4,10,0,Yes,Positive,Finished it on my phone in two minutes.,أسهل بكثير من زيارة الفرع.
CS-04379,2026-01-07,2026-01-01,Riyadh,RIY,Education & Training,Mobile App,Resident,45-54,5,4,10,1,Yes,Positive,"No paperwork needed, very good service.",أسهل بكثير من زيارة الفرع.
CS-04380,2026-01-24,2026-01-01,Riyadh,RIY,Municipal Services,Mobile App,Citizen,35-44,5,5,10,1,Yes,Positive,Finished it on my phone in two minutes.,تسجيل الدخول عبر نفاذ عمل من أول مرة.
CS-04381,2026-03-08,2026-03-01,Asir,ASR,Education & Training,Web Portal,Business,25-34,4,4,8,1,Yes,Positive,The Nafath login worked first time.,تسجيل الدخول عبر نفاذ عمل من أول مرة.
CS-04382,2026-05-25,2026-05-01,Makkah,MAK,Labour & HR Services,Call Center,Citizen,35-44,3,3,7,1,Maybe,Neutral,It worked but the wording was confusing.,تمت الخدمة لكن الصياغة غير واضحة.
CS-04383,2026-06-12,2026-06-01,Makkah,MAK,Education & Training,Mobile App,Business,45-54,3,4,5,0,Maybe,Neutral,Acceptable but the receipt was hard to find.,تمت الخدمة لكن الصياغة غير واضحة.
CS-04384,2026-02-09,2026-02-01,Najran,NJR,Labour & HR Services,Mobile App,Resident,25-34,4,4,6,1,Yes,Positive,The Nafath login worked first time.,تسجيل الدخول عبر نفاذ عمل من أول مرة.
CS-04385,2026-01-13,2026-01-01,Eastern Province,EAS,Social Support & Subsidies,Web Portal,Citizen,18-24,3,3,5,1,Maybe,Neutral,Took longer than I expected.,مقبولة لكن اضطررت للاتصال للتأكيد.
CS-04386,2026-04-02,2026-04-01,Makkah,MAK,Education & Training,Call Center,Citizen,25-34,5,5,10,1,Yes,Positive,Finished it on my phone in two minutes.,أنهيت المعاملة عبر الجوال خلال دقيقتين.
CS-04387,2026-03-03,2026-03-01,Riyadh,RIY,Municipal Services,Branch,Resident,18-24,3,2,4,0,Maybe,Neutral,Took longer than I expected.,استغرقت وقتاً أطول مما توقعت.
CS-04388,2026-03-14,2026-03-01,Eastern Province,EAS,Labour & HR Services,Mobile App,Citizen,18-24,4,3,7,1,Yes,Positive,Clear steps and instant confirmation.,تسجيل الدخول عبر نفاذ عمل من أول مرة.
CS-04389,2026-05-26,2026-05-01,Asir,ASR,Identity & Civil Affairs,Mobile App,Citizen,65+,3,4,5,0,Maybe,Neutral,"Fine, though I had to call to confirm.",استغرقت وقتاً أطول مما توقعت.
CS-04390,2026-02-07,2026-02-01,Riyadh,RIY,Justice & Notary,Mobile App,Citizen,35-44,4,3,9,0,Yes,Positive,"No paperwork needed, very good service.",تسجيل الدخول عبر نفاذ عمل من أول مرة.
CS-04391,2026-01-18,2026-01-01,Riyadh,RIY,Social Support & Subsidies,Web Portal,Business,18-24,5,5,8,1,Yes,Positive,Finished it on my phone in two minutes.,تسجيل الدخول عبر نفاذ عمل من أول مرة.
CS-04392,2026-06-17,2026-06-01,Riyadh,RIY,Business & Licensing,Mobile App,Business,45-54,4,3,8,1,Yes,Positive,The Nafath login worked first time.,أنهيت المعاملة عبر الجوال خلال دقيقتين.
CS-04393,2026-02-18,2026-02-01,Tabuk,TBK,Municipal Services,Mobile App,Resident,45-54,4,3,9,1,Yes,Positive,Much easier than going to the branch.,الخطوات واضحة والتأكيد فوري.
CS-04394,2026-01-10,2026-01-01,Makkah,MAK,Education & Training,Mobile App,Citizen,65+,3,3,4,0,Maybe,Neutral,It worked but the wording was confusing.,مقبولة لكن اضطررت للاتصال للتأكيد.
CS-04395,2026-05-28,2026-05-01,Riyadh,RIY,Identity & Civil Affairs,Web Portal,Citizen,35-44,4,5,6,1,Yes,Positive,Much easier than going to the branch.,أنهيت المعاملة عبر الجوال خلال دقيقتين.
CS-04396,2026-06-05,2026-06-01,Qassim,QSM,Education & Training,Mobile App,Business,45-54,4,4,6,1,Yes,Positive,The Nafath login worked first time.,الخطوات واضحة والتأكيد فوري.
CS-04397,2026-01-02,2026-01-01,Riyadh,RIY,Labour & HR Services,Mobile App,Business,35-44,4,5,8,1,Yes,Positive,"No paperwork needed, very good service.",تسجيل الدخول عبر نفاذ عمل من أول مرة.
CS-04398,2026-04-17,2026-04-01,Makkah,MAK,Identity & Civil Affairs,Mobile App,Citizen,25-34,5,5,10,1,Yes,Positive,The Nafath login worked first time.,أسهل بكثير من زيارة الفرع.
CS-04399,2026-04-12,2026-04-01,Makkah,MAK,Education & Training,Mobile App,Citizen,25-34,5,4,10,1,Yes,Positive,The Nafath login worked first time.,أسهل بكثير من زيارة الفرع.
CS-04400,2026-02-06,2026-02-01,Riyadh,RIY,Traffic & Transport,Mobile App,Resident,25-34,5,5,9,1,Yes,Positive,Finished it on my phone in two minutes.,الخطوات واضحة والتأكيد فوري.
CS-04401,2026-04-20,2026-04-01,Riyadh,RIY,Traffic & Transport,Mobile App,Citizen,55-64,4,5,10,1,Yes,Positive,Much easier than going to the branch.,الخطوات واضحة والتأكيد فوري.
CS-04402,2026-05-28,2026-05-01,Qassim,QSM,Health Services,Branch,Citizen,25-34,2,3,6,0,No,Negative,I had to visit the branch anyway.,اضطررت لزيارة الفرع رغم ذلك.
CS-04403,2026-04-13,2026-04-01,Jazan,JZN,Identity & Civil Affairs,Web Portal,Business,18-24,4,3,8,1,Yes,Positive,Much easier than going to the branch.,أنهيت المعاملة عبر الجوال خلال دقيقتين.
CS-04404,2026-06-16,2026-06-01,Al-Jouf,JOF,Health Services,Branch,Business,35-44,4,5,10,1,Yes,Positive,"No paperwork needed, very good service.",أنهيت المعاملة عبر الجوال خلال دقيقتين.
CS-04405,2026-06-06,2026-06-01,Eastern Province,EAS,Health Services,Call Center,Citizen,35-44,3,4,7,1,Maybe,Neutral,Took longer than I expected.,مقبولة لكن اضطررت للاتصال للتأكيد.
CS-04406,2026-05-01,2026-05-01,Riyadh,RIY,Labour & HR Services,Mobile App,Citizen,35-44,5,5,10,1,Yes,Positive,The Nafath login worked first time.,الخطوات واضحة والتأكيد فوري.
CS-04407,2026-06-10,2026-06-01,Makkah,MAK,Identity & Civil Affairs,Mobile App,Citizen,18-24,4,5,8,1,Yes,Positive,Clear steps and instant confirmation.,الخطوات واضحة والتأكيد فوري.
CS-04408,2026-03-28,2026-03-01,Eastern Province,EAS,Justice & Notary,Mobile App,Citizen,45-54,5,5,10,1,Yes,Positive,Finished it on my phone in two minutes.,الخطوات واضحة والتأكيد فوري.
CS-04409,2026-03-17,2026-03-01,Hail,HAL,Business & Licensing,Mobile App,Citizen,55-64,5,5,10,1,Yes,Positive,Clear steps and instant confirmation.,أسهل بكثير من زيارة الفرع.
CS-04410,2026-01-13,2026-01-01,Eastern Province,EAS,Municipal Services,Branch,Resident,18-24,3,2,6,0,Maybe,Neutral,It worked but the wording was confusing.,مقبولة لكن اضطررت للاتصال للتأكيد.
CS-04411,2026-01-13,2026-01-01,Qassim,QSM,Identity & Civil Affairs,Web Portal,Citizen,45-54,3,2,4,0,Maybe,Neutral,"Fine, though I had to call to confirm.",تمت الخدمة لكن الصياغة غير واضحة.
CS-04412,2026-05-09,2026-05-01,Makkah,MAK,Traffic & Transport,Call Center,Resident,18-24,4,4,8,1,Yes,Positive,Clear steps and instant confirmation.,الخطوات واضحة والتأكيد فوري.
CS-04413,2026-01-23,2026-01-01,Makkah,MAK,Business & Licensing,Branch,Citizen,35-44,4,5,9,1,Yes,Positive,The Nafath login worked first time.,تسجيل الدخول عبر نفاذ عمل من أول مرة.
CS-04414,2026-01-19,2026-01-01,Eastern Province,EAS,Health Services,Web Portal,Citizen,35-44,5,4,9,1,Yes,Positive,"No paperwork needed, very good service.",أسهل بكثير من زيارة الفرع.
CS-04415,2026-01-09,2026-01-01,Eastern Province,EAS,Education & Training,Branch,Citizen,35-44,4,5,10,0,Yes,Positive,Clear steps and instant confirmation.,الخطوات واضحة والتأكيد فوري.
CS-04416,2026-04-21,2026-04-01,Asir,ASR,Identity & Civil Affairs,Mobile App,Resident,35-44,5,5,10,1,Yes,Positive,The Nafath login worked first time.,أنهيت المعاملة عبر الجوال خلال دقيقتين.
CS-04417,2026-06-04,2026-06-01,Makkah,MAK,Identity & Civil Affairs,Mobile App,Citizen,35-44,5,5,10,1,Yes,Positive,Much easier than going to the branch.,أسهل بكثير من زيارة الفرع.
CS-04418,2026-06-28,2026-06-01,Riyadh,RIY,Municipal Services,Mobile App,Resident,25-34,4,5,7,1,Yes,Positive,"No paperwork needed, very good service.",تسجيل الدخول عبر نفاذ عمل من أول مرة.
CS-04419,2026-06-15,2026-06-01,Riyadh,RIY,Labour & HR Services,Mobile App,Citizen,35-44,5,4,10,1,Yes,Positive,Much easier than going to the branch.,تسجيل الدخول عبر نفاذ عمل من أول مرة.
CS-04420,2026-03-28,2026-03-01,Asir,ASR,Business & Licensing,Mobile App,Citizen,45-54,5,5,9,1,Yes,Positive,Finished it on my phone in two minutes.,أسهل بكثير من زيارة الفرع.
CS-04421,2026-01-11,2026-01-01,Riyadh,RIY,Education & Training,Mobile App,Resident,25-34,5,5,9,1,Yes,Positive,The Nafath login worked first time.,أسهل بكثير من زيارة الفرع.
CS-04422,2026-06-18,2026-06-01,Madinah,MAD,Municipal Services,Mobile App,Citizen,45-54,5,4,10,1,Yes,Positive,Much easier than going to the branch.,أسهل بكثير من زيارة الفرع.
CS-04423,2026-03-21,2026-03-01,Riyadh,RIY,Social Support & Subsidies,Mobile App,Business,35-44,5,5,8,1,Yes,Positive,The Nafath login worked first time.,أسهل بكثير من زيارة الفرع.
CS-04424,2026-06-21,2026-06-01,Al-Baha,BAH,Identity & Civil Affairs,Branch,Resident,35-44,3,4,8,0,Maybe,Neutral,Acceptable but the receipt was hard to find.,مقبولة لكن اضطررت للاتصال للتأكيد.
CS-04425,2026-04-07,2026-04-01,Qassim,QSM,Social Support & Subsidies,Mobile App,Citizen,18-24,5,5,10,1,Yes,Positive,Much easier than going to the branch.,أنهيت المعاملة عبر الجوال خلال دقيقتين.
CS-04426,2026-04-24,2026-04-01,Makkah,MAK,Traffic & Transport,Branch,Citizen,35-44,4,3,8,1,Yes,Positive,"No paperwork needed, very good service.",تسجيل الدخول عبر نفاذ عمل من أول مرة.
CS-04427,2026-01-20,2026-01-01,Al-Jouf,JOF,Traffic & Transport,Web Portal,Citizen,25-34,5,5,10,1,Yes,Positive,Clear steps and instant confirmation.,أنهيت المعاملة عبر الجوال خلال دقيقتين.
CS-04428,2026-01-17,2026-01-01,Makkah,MAK,Municipal Services,Mobile App,Citizen,65+,3,4,4,0,Maybe,Neutral,Took longer than I expected.,استغرقت وقتاً أطول مما توقعت.
CS-04429,2026-02-24,2026-02-01,Riyadh,RIY,Identity & Civil Affairs,Mobile App,Business,65+,5,4,8,1,Yes,Positive,"No paperwork needed, very good service.",تسجيل الدخول عبر نفاذ عمل من أول مرة.
CS-04430,2026-05-23,2026-05-01,Eastern Province,EAS,Identity & Civil Affairs,Web Portal,Citizen,35-44,5,4,9,1,Yes,Positive,Much easier than going to the branch.,الخطوات واضحة والتأكيد فوري.
CS-04431,2026-06-06,2026-06-01,Riyadh,RIY,Education & Training,Web Portal,Resident,45-54,4,4,7,1,Yes,Positive,Clear steps and instant confirmation.,أنهيت المعاملة عبر الجوال خلال دقيقتين.
CS-04432,2026-04-11,2026-04-01,Makkah,MAK,Health Services,Mobile App,Citizen,25-34,3,2,5,0,Maybe,Neutral,Acceptable but the receipt was hard to find.,تمت الخدمة لكن الصياغة غير واضحة.
CS-04433,2026-03-02,2026-03-01,Makkah,MAK,Identity & Civil Affairs,Call Center,Resident,18-24,4,5,10,1,Yes,Positive,Finished it on my phone in two minutes.,تسجيل الدخول عبر نفاذ عمل من أول مرة.
CS-04434,2026-06-20,2026-06-01,Eastern Province,EAS,Health Services,Mobile App,Citizen,45-54,5,4,10,0,Yes,Positive,"No paperwork needed, very good service.",تسجيل الدخول عبر نفاذ عمل من أول مرة.
CS-04435,2026-04-28,2026-04-01,Riyadh,RIY,Justice & Notary,Call Center,Citizen,25-34,4,5,9,1,Yes,Positive,"No paperwork needed, very good service.",الخطوات واضحة والتأكيد فوري.
CS-04436,2026-04-25,2026-04-01,Riyadh,RIY,Justice & Notary,Branch,Citizen,25-34,5,5,10,1,Yes,Positive,"No paperwork needed, very good service.",أسهل بكثير من زيارة الفرع.
CS-04437,2026-06-05,2026-06-01,Madinah,MAD,Education & Training,Branch,Citizen,25-34,3,4,6,1,Maybe,Neutral,It worked but the wording was confusing.,مقبولة لكن اضطررت للاتصال للتأكيد.
CS-04438,2026-01-04,2026-01-01,Riyadh,RIY,Identity & Civil Affairs,Web Portal,Citizen,35-44,4,5,7,1,Yes,Positive,Clear steps and instant confirmation.,تسجيل الدخول عبر نفاذ عمل من أول مرة.
CS-04439,2026-02-11,2026-02-01,Riyadh,RIY,Education & Training,Mobile App,Business,18-24,5,5,10,1,Yes,Positive,Clear steps and instant confirmation.,الخطوات واضحة والتأكيد فوري.
CS-04440,2026-02-23,2026-02-01,Makkah,MAK,Social Support & Subsidies,Mobile App,Citizen,35-44,5,5,9,1,Yes,Positive,Finished it on my phone in two minutes.,تسجيل الدخول عبر نفاذ عمل من أول مرة.
CS-04441,2026-04-28,2026-04-01,Riyadh,RIY,Municipal Services,Mobile App,Resident,35-44,4,4,8,1,Yes,Positive,"No paperwork needed, very good service.",أسهل بكثير من زيارة الفرع.
CS-04442,2026-05-24,2026-05-01,Asir,ASR,Labour & HR Services,Mobile App,Citizen,35-44,5,4,10,1,Yes,Positive,Clear steps and instant confirmation.,أسهل بكثير من زيارة الفرع.
CS-04443,2026-04-15,2026-04-01,Riyadh,RIY,Municipal Services,Branch,Citizen,18-24,5,5,9,1,Yes,Positive,Clear steps and instant confirmation.,أسهل بكثير من زيارة الفرع.
CS-04444,2026-05-16,2026-05-01,Makkah,MAK,Municipal Services,Branch,Resident,25-34,4,5,10,1,Yes,Positive,Clear steps and instant confirmation.,الخطوات واضحة والتأكيد فوري.
CS-04445,2026-03-04,2026-03-01,Eastern Province,EAS,Labour & HR Services,Mobile App,Resident,25-34,5,5,10,1,Yes,Positive,The Nafath login worked first time.,أسهل بكثير من زيارة الفرع.
CS-04446,2026-04-26,2026-04-01,Riyadh,RIY,Labour & HR Services,Web Portal,Citizen,18-24,5,5,10,1,Yes,Positive,The Nafath login worked first time.,الخطوات واضحة والتأكيد فوري.
CS-04447,2026-01-09,2026-01-01,Riyadh,RIY,Health Services,Branch,Citizen,25-34,4,4,8,1,Yes,Positive,Much easier than going to the branch.,أسهل بكثير من زيارة الفرع.
CS-04448,2026-06-23,2026-06-01,Riyadh,RIY,Social Support & Subsidies,Branch,Resident,45-54,4,4,6,1,Yes,Positive,"No paperwork needed, very good service.",أنهيت المعاملة عبر الجوال خلال دقيقتين.
CS-04449,2026-03-17,2026-03-01,Qassim,QSM,Education & Training,Mobile App,Citizen,55-64,5,5,10,0,Yes,Positive,Much easier than going to the branch.,أنهيت المعاملة عبر الجوال خلال دقيقتين.
CS-04450,2026-02-26,2026-02-01,Riyadh,RIY,Education & Training,Mobile App,Citizen,25-34,4,3,9,1,Yes,Positive,The Nafath login worked first time.,أنهيت المعاملة عبر الجوال خلال دقيقتين.
CS-04451,2026-02-21,2026-02-01,Riyadh,RIY,Identity & Civil Affairs,Mobile App,Resident,18-24,4,5,6,1,Yes,Positive,"No paperwork needed, very good service.",تسجيل الدخول عبر نفاذ عمل من أول مرة.
CS-04452,2026-06-01,2026-06-01,Makkah,MAK,Social Support & Subsidies,Call Center,Citizen,45-54,3,3,8,0,Maybe,Neutral,It worked but the wording was confusing.,استغرقت وقتاً أطول مما توقعت.
CS-04453,2026-05-17,2026-05-01,Eastern Province,EAS,Social Support & Subsidies,Mobile App,Resident,55-64,5,5,10,0,Yes,Positive,Finished it on my phone in two minutes.,تسجيل الدخول عبر نفاذ عمل من أول مرة.
CS-04454,2026-01-15,2026-01-01,Al-Jouf,JOF,Social Support & Subsidies,Call Center,Business,25-34,4,4,9,1,Yes,Positive,Clear steps and instant confirmation.,أسهل بكثير من زيارة الفرع.
CS-04455,2026-04-26,2026-04-01,Qassim,QSM,Justice & Notary,Branch,Citizen,18-24,3,2,8,1,Maybe,Neutral,It worked but the wording was confusing.,مقبولة لكن اضطررت للاتصال للتأكيد.
CS-04456,2026-01-14,2026-01-01,Qassim,QSM,Labour & HR Services,Mobile App,Citizen,18-24,5,5,8,1,Yes,Positive,The Nafath login worked first time.,تسجيل الدخول عبر نفاذ عمل من أول مرة.
CS-04457,2026-02-01,2026-02-01,Madinah,MAD,Health Services,Mobile App,Citizen,35-44,3,2,4,1,Maybe,Neutral,It worked but the wording was confusing.,مقبولة لكن اضطررت للاتصال للتأكيد.
CS-04458,2026-05-01,2026-05-01,Asir,ASR,Identity & Civil Affairs,Web Portal,Citizen,65+,5,5,10,1,Yes,Positive,"No paperwork needed, very good service.",الخطوات واضحة والتأكيد فوري.
CS-04459,2026-03-13,2026-03-01,Qassim,QSM,Identity & Civil Affairs,Call Center,Business,25-34,4,5,8,1,Yes,Positive,The Nafath login worked first time.,تسجيل الدخول عبر نفاذ عمل من أول مرة.
CS-04460,2026-04-28,2026-04-01,Riyadh,RIY,Health Services,Call Center,Citizen,55-64,5,4,10,1,Yes,Positive,Finished it on my phone in two minutes.,أنهيت المعاملة عبر الجوال خلال دقيقتين.
CS-04461,2026-04-28,2026-04-01,Najran,NJR,Labour & HR Services,Call Center,Citizen,25-34,3,3,6,1,Maybe,Neutral,Acceptable but the receipt was hard to find.,استغرقت وقتاً أطول مما توقعت.
CS-04462,2026-03-14,2026-03-01,Riyadh,RIY,Justice & Notary,Mobile App,Citizen,18-24,5,5,10,1,Yes,Positive,Finished it on my phone in two minutes.,أسهل بكثير من زيارة الفرع.
CS-04463,2026-02-27,2026-02-01,Riyadh,RIY,Labour & HR Services,Call Center,Citizen,35-44,4,3,7,1,Yes,Positive,Finished it on my phone in two minutes.,الخطوات واضحة والتأكيد فوري.
CS-04464,2026-06-23,2026-06-01,Makkah,MAK,Health Services,Mobile App,Resident,25-34,4,5,7,1,Yes,Positive,Clear steps and instant confirmation.,الخطوات واضحة والتأكيد فوري.
CS-04465,2026-04-25,2026-04-01,Makkah,MAK,Identity & Civil Affairs,Branch,Citizen,35-44,4,5,6,1,Yes,Positive,Much easier than going to the branch.,أنهيت المعاملة عبر الجوال خلال دقيقتين.
CS-04466,2026-01-06,2026-01-01,Madinah,MAD,Traffic & Transport,Mobile App,Citizen,25-34,5,5,8,1,Yes,Positive,Finished it on my phone in two minutes.,الخطوات واضحة والتأكيد فوري.
CS-04467,2026-04-04,2026-04-01,Najran,NJR,Health Services,Mobile App,Citizen,35-44,4,4,8,1,Yes,Positive,The Nafath login worked first time.,الخطوات واضحة والتأكيد فوري.
CS-04468,2026-04-19,2026-04-01,Makkah,MAK,Municipal Services,Mobile App,Citizen,25-34,4,4,6,1,Yes,Positive,"No paperwork needed, very good service.",أنهيت المعاملة عبر الجوال خلال دقيقتين.
CS-04469,2026-01-17,2026-01-01,Qassim,QSM,Identity & Civil Affairs,Branch,Business,18-24,3,4,5,0,Maybe,Neutral,Acceptable but the receipt was hard to find.,استغرقت وقتاً أطول مما توقعت.
CS-04470,2026-01-07,2026-01-01,Riyadh,RIY,Business & Licensing,Web Portal,Citizen,45-54,4,5,8,1,Yes,Positive,Much easier than going to the branch.,أنهيت المعاملة عبر الجوال خلال دقيقتين.
CS-04471,2026-03-10,2026-03-01,Riyadh,RIY,Business & Licensing,Mobile App,Resident,35-44,4,5,6,1,Yes,Positive,Finished it on my phone in two minutes.,أنهيت المعاملة عبر الجوال خلال دقيقتين.
CS-04472,2026-02-20,2026-02-01,Asir,ASR,Education & Training,Mobile App,Citizen,35-44,3,4,4,1,Maybe,Neutral,It worked but the wording was confusing.,تمت الخدمة لكن الصياغة غير واضحة.
CS-04473,2026-01-26,2026-01-01,Makkah,MAK,Social Support & Subsidies,Mobile App,Citizen,45-54,5,5,8,1,Yes,Positive,Much easier than going to the branch.,أنهيت المعاملة عبر الجوال خلال دقيقتين.
CS-04474,2026-06-12,2026-06-01,Riyadh,RIY,Education & Training,Branch,Citizen,25-34,4,4,9,1,Yes,Positive,The Nafath login worked first time.,أسهل بكثير من زيارة الفرع.
CS-04475,2026-01-17,2026-01-01,Eastern Province,EAS,Identity & Civil Affairs,Mobile App,Citizen,35-44,5,5,10,1,Yes,Positive,The Nafath login worked first time.,أسهل بكثير من زيارة الفرع.
CS-04476,2026-03-28,2026-03-01,Riyadh,RIY,Labour & HR Services,Mobile App,Resident,35-44,3,3,4,0,Maybe,Neutral,"Fine, though I had to call to confirm.",تمت الخدمة لكن الصياغة غير واضحة.
CS-04477,2026-01-10,2026-01-01,Riyadh,RIY,Traffic & Transport,Mobile App,Citizen,55-64,5,5,8,1,Yes,Positive,Finished it on my phone in two minutes.,أنهيت المعاملة عبر الجوال خلال دقيقتين.
CS-04478,2026-01-19,2026-01-01,Makkah,MAK,Identity & Civil Affairs,Branch,Citizen,45-54,4,5,6,1,Yes,Positive,Much easier than going to the branch.,الخطوات واضحة والتأكيد فوري.
CS-04479,2026-01-18,2026-01-01,Eastern Province,EAS,Social Support & Subsidies,Call Center,Citizen,18-24,3,2,8,0,Maybe,Neutral,Acceptable but the receipt was hard to find.,مقبولة لكن اضطررت للاتصال للتأكيد.
CS-04480,2026-04-11,2026-04-01,Eastern Province,EAS,Business & Licensing,Branch,Citizen,45-54,3,3,6,0,Maybe,Neutral,"Fine, though I had to call to confirm.",تمت الخدمة لكن الصياغة غير واضحة.
CS-04481,2026-05-18,2026-05-01,Makkah,MAK,Traffic & Transport,Call Center,Citizen,55-64,3,3,4,0,Maybe,Neutral,Acceptable but the receipt was hard to find.,مقبولة لكن اضطررت للاتصال للتأكيد.
CS-04482,2026-03-24,2026-03-01,Hail,HAL,Health Services,Call Center,Citizen,18-24,4,4,9,1,Yes,Positive,"No paperwork needed, very good service.",تسجيل الدخول عبر نفاذ عمل من أول مرة.
CS-04483,2026-01-06,2026-01-01,Qassim,QSM,Identity & Civil Affairs,Mobile App,Resident,25-34,4,4,10,1,Yes,Positive,Finished it on my phone in two minutes.,تسجيل الدخول عبر نفاذ عمل من أول مرة.
CS-04484,2026-03-26,2026-03-01,Qassim,QSM,Municipal Services,Call Center,Citizen,55-64,3,3,6,0,Maybe,Neutral,Took longer than I expected.,مقبولة لكن اضطررت للاتصال للتأكيد.
CS-04485,2026-02-05,2026-02-01,Makkah,MAK,Business & Licensing,Mobile App,Resident,25-34,5,5,9,0,Yes,Positive,"No paperwork needed, very good service.",أسهل بكثير من زيارة الفرع.
CS-04486,2026-06-27,2026-06-01,Hail,HAL,Labour & HR Services,Mobile App,Citizen,25-34,5,5,9,1,Yes,Positive,Much easier than going to the branch.,أسهل بكثير من زيارة الفرع.
CS-04487,2026-06-16,2026-06-01,Makkah,MAK,Health Services,Mobile App,Citizen,18-24,3,2,5,0,Maybe,Neutral,Acceptable but the receipt was hard to find.,تمت الخدمة لكن الصياغة غير واضحة.
CS-04488,2026-05-14,2026-05-01,Riyadh,RIY,Identity & Civil Affairs,Mobile App,Citizen,45-54,5,4,10,1,Yes,Positive,Clear steps and instant confirmation.,أنهيت المعاملة عبر الجوال خلال دقيقتين.
CS-04489,2026-02-26,2026-02-01,Jazan,JZN,Social Support & Subsidies,Mobile App,Resident,25-34,3,3,8,1,Maybe,Neutral,Acceptable but the receipt was hard to find.,مقبولة لكن اضطررت للاتصال للتأكيد.
CS-04490,2026-06-05,2026-06-01,Riyadh,RIY,Municipal Services,Mobile App,Business,25-34,5,5,10,1,Yes,Positive,"No paperwork needed, very good service.",أنهيت المعاملة عبر الجوال خلال دقيقتين.
CS-04491,2026-05-06,2026-05-01,Eastern Province,EAS,Education & Training,Branch,Citizen,25-34,4,4,7,1,Yes,Positive,The Nafath login worked first time.,تسجيل الدخول عبر نفاذ عمل من أول مرة.
CS-04492,2026-03-15,2026-03-01,Makkah,MAK,Municipal Services,Web Portal,Business,35-44,4,3,8,0,Yes,Positive,"No paperwork needed, very good service.",الخطوات واضحة والتأكيد فوري.
CS-04493,2026-05-26,2026-05-01,Hail,HAL,Traffic & Transport,Call Center,Citizen,35-44,2,3,4,0,No,Negative,No Arabic option on one of the screens.,اضطررت لزيارة الفرع رغم ذلك.
CS-04494,2026-06-16,2026-06-01,Eastern Province,EAS,Labour & HR Services,Mobile App,Citizen,35-44,5,5,10,1,Yes,Positive,Finished it on my phone in two minutes.,الخطوات واضحة والتأكيد فوري.
CS-04495,2026-03-09,2026-03-01,Tabuk,TBK,Traffic & Transport,Branch,Citizen,18-24,2,2,2,0,No,Negative,The document upload kept rejecting my file.,اضطررت لزيارة الفرع رغم ذلك.
CS-04496,2026-02-04,2026-02-01,Qassim,QSM,Health Services,Mobile App,Citizen,35-44,4,5,6,1,Yes,Positive,"No paperwork needed, very good service.",الخطوات واضحة والتأكيد فوري.
CS-04497,2026-06-14,2026-06-01,Makkah,MAK,Education & Training,Mobile App,Resident,35-44,4,3,7,1,Yes,Positive,The Nafath login worked first time.,الخطوات واضحة والتأكيد فوري.
CS-04498,2026-03-12,2026-03-01,Riyadh,RIY,Identity & Civil Affairs,Mobile App,Business,65+,5,4,8,1,Yes,Positive,The Nafath login worked first time.,الخطوات واضحة والتأكيد فوري.
CS-04499,2026-01-04,2026-01-01,Riyadh,RIY,Traffic & Transport,Mobile App,Resident,35-44,5,5,10,1,Yes,Positive,Clear steps and instant confirmation.,أنهيت المعاملة عبر الجوال خلال دقيقتين.
CS-04500,2026-05-13,2026-05-01,Madinah,MAD,Traffic & Transport,Mobile App,Citizen,35-44,5,5,9,1,Yes,Positive,"No paperwork needed, very good service.",أسهل بكثير من زيارة الفرع.
