month,region,service_category,channel,transactions,unique_users,digital_adoption_pct,avg_completion_min,cost_per_txn_sar,csat,sla_met_pct,complaints,source_system,extract_ts
2026-01-01,Riyadh,Justice & Notary,Mobile App,87504,33372,64.4,10.3,4.88,4.4,99.0,26,CHANNEL_API,2026-07-09 03:15:00
01-01-2026,Tabuk,Municipal Services,Call Center,6436,4293,63.8,22.1,25.74,3.53,88.8,6,CHANNEL_API,2026-07-09 03:15:00
2026-01-01,Hail,Municipal Services,Web Portal,5357,2679,65.0,11.4,6.82,4.22,98.6,4,TAYSEER_DWH,2026-07-09 03:15:00
2026-05-01,Madinah,Justice & Notary,Web Portal,11176,5721,59.7,19.6,8.54,4.19,96.6,8,TAYSEER_DWH,2026-07-09 03:15:00
2025-07-01,Tabuk,Labour & HR Services,Mobile App,15167,6085,65.4,6.3,4.04,4.26,97.5,8,TAYSEER_DWH,2026-07-09 03:15:00
2026-05-01,Qassim,Justice & Notary,Web Portal,5172,2735,62.6,13.7,9.57,3.94,96.2,3,REGIONAL_UPLOAD,2026-07-09 03:15:00
2026-03-01,Al-Jouf,Municipal Services,Call Center,3613,2446,63.0,21.5,24.0,3.62,91.5,4,TAYSEER_DWH,2026-07-09 03:15:00
12-01-2025,Madinah,Traffic & Transport,Web Portal,23878,12500,61.8,9.1,6.35,4.37,99.4,12,TAYSEER_DWH,2026-07-09 03:15:00
2025-09-01,Eastern Province,Social Support & Subsidies,Call Center,23072,14067,64.5,19.8,20.44,3.96,91.8,15,REGIONAL_UPLOAD,2026-07-09 03:15:00
2026-02-01,Makkah,Justice & Notary,Branch,31000,24983,60.2,106.2,63.39,3.25,87.7,30,TAYSEER_DWH,2026-07-09 03:15:00
2025-07-01,Al-Baha,Traffic & Transport,Call Center,4192,2695,56.1,16.9,20.13,3.67,89.1,5,TAYSEER_DWH,2026-07-09 03:15:00
2026-03-01,Eastern Province,Labour & HR Services,Mobile App,92253,36024,66.4,6.2,3.78,4.52,99.1,27,TAYSEER_DWH,2026-07-09 03:15:00
2025-08-01,Riyadh,Social Support & Subsidies,Call Center,33618,22535,65.8,17.4,19.73,3.96,93.0,24,TAYSEER_DWH,2026-07-09 03:15:00
2026-05-01,Najran,Health Services,call center,7879,4769,51.6,17.4,24.01,3.97,88.4,5,TAYSEER_DWH,2026-07-09 03:15:00
2025-11-01,Hail,Education & Training,Call Center,"4,357",2690,66.0,15.3,20.55,3.98,89.8,4,TAYSEER_DWH,2026-07-09 03:15:00
2025-09-01,Madinah,Justice & Notary,Branch,11472,9395,58.8,58.9,70.24,3.52,84.9,9,CHANNEL_API,2026-07-09 03:15:00
2026-02-01,Al-Baha,Justice & Notary,Web Portal,1389,710,51.4,19.2,9.21,4.14,94.4,1,TAYSEER_DWH,2026-07-09 03:15:00
2025-10-01,Jazan,Business & Licensing,Branch,"14,507",12034,48.5,131.6,65.95,2.99,83.9,25,REGIONAL_UPLOAD,2026-07-09 03:15:00
2026-03-01,Madinah,Traffic & Transport,Web Portal,18111,9343,61.5,7.9,5.92,4.3,97.9,10,TAYSEER_DWH,2026-07-09 03:15:00
2025-12-01,Al-Jouf,Social Support & Subsidies,Branch,3310,2701,62.2,31.6,53.85,3.59,91.0,4,TAYSEER_DWH,2026-07-09 03:15:00
2025-10-01,Madinah,Social Support & Subsidies,Web Portal,11708,6392,60.2,11.8,7.04,-,96.5,2,TAYSEER_DWH,2026-07-09 03:15:00
2026-04-01,Hail,Traffic & Transport,Mobile App,16049,6008,63.6,5.1,4.08,4.35,96.6,8,TAYSEER_DWH,2026-07-09 03:15:00
2026-06-01,Hail,Municipal Services,Web Portal,"4,741",2367,65.0,10.4,7.19,4.25,95.0,2,TAYSEER_DWH,2026-07-09 03:15:00
2026-06-01,منطقة القصيم,Education & Training,Call Center,8618,5617,67.4,13.9,18.78,3.76,87.6,8,CHANNEL_API,2026-07-09 03:15:00
2025-09-01,Jazan,Education & Training,Web Portal,14285,7289,50.5,7.8,7.12,3.99,98.6,11,TAYSEER_DWH,2026-07-09 03:15:00
2026-01-01,Tabuk,Social Support & Subsidies,Branch,5521,4369,63.7,28.7,55.62,3.52,92.5,5,TAYSEER_DWH,2026-07-09 03:15:00
2025-08-01,Northern Borders,Justice & Notary,Branch,1698,1380,58.7,43.0,71.19,3.6,93.9,2,REGIONAL_UPLOAD,2026-07-09 03:15:00
2025-11-01,Madinah,Identity & Civil Affairs,Web Portal,22273,11398,60.1,12.7,7.04,4.35,96.7,10,REGIONAL_UPLOAD,2026-07-09 03:15:00
2025-12-01,Makkah,Justice & Notary,Mobile App,84741,33494,60.0,10.4,5.0,4.26,99.5,47,TAYSEER_DWH,2026-07-09 03:15:00
2025-08-01,Asir,Traffic & Transport,Web Portal,19056,9660,59.5,8.0,6.78,4.01,96.9,13,TAYSEER_DWH,2026-07-09 03:15:00
2026-05-01,Jazan,Labour & HR Services,Call Center,13966,9052,48.5,18.3,26.21,3.47,91.5,14,TAYSEER_DWH,2026-07-09 03:15:00
2025-07-01,Al-Baha,Justice & Notary,Call Center,2012,1278,50.4,34.7,30.14,3.75,88.6,2,REGIONAL_UPLOAD,2026-07-09 03:15:00
2025-10-01,Hail,Labour & HR Services,Mobile App,12316,4587,64.2,6.8,3.99,4.45,99.5,4,REGIONAL_UPLOAD,2026-07-09 05:40:00
01/12/2025,JAZAN,Labour & HR Services,Call Center,13086,8389,48.1,18.0,23.33,3.52,90.0,15,TAYSEER_DWH,2026-07-09 03:15:00
2025-10-01,Eastern Province,Traffic & Transport,Call Center,36395,25489,67.6,15.4,18.88,3.85,93.9,28,TAYSEER_DWH,2026-07-09 03:15:00
2025-07-01,Madinah,Justice & Notary,Branch,10575,8433,57.7,57.6,58.73,3.54,90.6,11,TAYSEER_DWH,2026-07-09 03:15:00
Apr-2026,makkah al-mukarramah,Social Support & Subsidies,Web Portal,41540,22642,61.3,10.4,6.87,4.24,98.3,22,REGIONAL_UPLOAD,2026-07-09 03:15:00
2026-04-01,Riyadh,Labour & HR Services,Call Center,41771,26447,70.0,16.6,NULL,3.86,90.4,33,TAYSEER_DWH,2026-07-09 03:15:00
2025-11-01,Al-Baha,Identity & Civil Affairs,Mobile App,11091,4316,55.8,7.5,4.37,4.56,99.5,3,TAYSEER_DWH,2026-07-09 03:15:00
2025-08-01,Aljouf,Municipal Services,Call Center,3414,2263,61.1,19.9,23.46,3.78,91.2,2,TAYSEER_DWH,2026-07-09 03:15:00
2026-06-01,Asir,Traffic & Transport,Branch,28250,23440,60.0,25.6,48.21,3.36,91.3,41,TAYSEER_DWH,2026-07-09 03:15:00
2025-09-01,Qassim,Education & Training,Web Portal,17998,8974,66.6,7.3,5.42,4.27,99.5,7,TAYSEER_DWH,2026-07-09 03:15:00
2026/05/01,Jazan,Traffic & Transport,Branch,23345,18691,51.9,26.5,60.5,3.25,87.3,33,TAYSEER_DWH,2026-07-09 03:15:00
2025-08-01,Madinah,Social Support & Subsidies,Web Portal,10378,5318,59.3,11.6,6.37,4.53,99.2,3,REGIONAL_UPLOAD,2026-07-09 03:15:00
2025-09-01,Asir,Identity & Civil Affairs,Call Center,19313,12526,61.7,17.3,22.75,3.88,92.4,18,TAYSEER_DWH,2026-07-09 03:15:00
2025-10-01,Makkah,Labour & HR Services,Mobile App,131840,47179,60.4,6.5,4.29,4.29,98.9,64,TAYSEER_DWH,2026-07-09 03:15:00
2026-04-01,Al-Jouf,Justice & Notary,Web Portal,1864,946,59.9,16.6,9.09,4.01,98.0,1,TAYSEER_DWH,2026-07-09 03:15:00
2025-09-01,Al-Baha,Labour & HR Services,Call Center,3374,2185,56.7,20.2,22.56,3.74,86.5,2,TAYSEER_DWH,2026-07-09 03:15:00
2025-08-01,Jazan,Justice & Notary,Mobile App,10398,3934,46.0,12.7,6.37,4.1,99.5,7,TAYSEER_DWH,2026-07-09 03:15:00
2025-07-01,منطقة الجوف,Business & Licensing,Branch,3788,3204,59.8,48.4,64.25,null,87.9,4,REGIONAL_UPLOAD,2026-07-09 03:15:00
2025-09-01,Qassim,Justice & Notary,Web Portal,5816,3081,61.6%,14.3,8.76,3.92,93.8,5,TAYSEER_DWH,2026-07-09 03:15:00
2025-11-01,Riyadh,Health Services,Branch,84828,66871,68.1,24.7,45.82,3.85,92.9,61,TAYSEER_DWH,2026-07-09 03:15:00
2026-03-01,Jazan,Education & Training,Call Center,13323,8914,51.1,14.9,22.52,3.74,91.2,14,TAYSEER_DWH,2026-07-09 03:15:00
2025-10-01,Northern Borders,Education & Training,Mobile App,6539,2421,62.4,5.2,4.11,4.69,98.0,1,TAYSEER_DWH,2026-07-09 03:15:00
2025-08-01,Eastern Province,Identity & Civil Affairs,Mobile App,130829,49992,64.8,6.1,4.16,4.53,98.6,34,TAYSEER_DWH,2026-07-09 03:15:00
01/12/2025,Madinah,Business & Licensing,Branch,16069,13747,60.4,42.5,53.47,3.59,88.8,23,TAYSEER_DWH,2026-07-09 03:15:00
2026-05-01,N. Borders,Health Services,Web Portal,"3,395",1727,60.4,8.0,8.16,4.63,99.5,1,TAYSEER_DWH,2026-07-09 03:15:00
2026-01-01,Asir,Health Services,Mobile App,53902,20301,59.6%,5.5,4.34,4.56,98.8,8,TAYSEER_DWH,2026-07-09 03:15:00
2025-08-01,Jazan,Justice & Notary,Web Portal,4605,2391,46.0,17.9,9.88,null,96.4,4,CHANNEL_API,2026-07-09 03:15:00
01/08/2025,Jazan,Labour & HR Services,Web Portal,8145,4220,47.5,9.7,7.3,3.98,99.2,5,TAYSEER_DWH,2026-07-09 03:15:00
2025-10-01,Qassim,Social Support & Subsidies,Mobile App,18805,7228,64.8,5.7,4.36,4.29,97.5,9,REGIONAL_UPLOAD,2026-07-09 03:15:00
2025-07-01,Qassim,Identity & Civil Affairs,Web Portal,15491,8273,65.7,9.1,5.98,4.17,97.6,8,CHANNEL_API,2026-07-09 03:15:00
2026-06-01,Al-Baha,Education & Training,Branch,4301,3709,56.9%,23.5,50.28,3.74,89.0,4,REGIONAL_UPLOAD,2026-07-09 03:15:00
2025-10-01,Al-Baha,Municipal Services,mobile app,7414,2840,54.0,7.6,4.97,4.29,99.5,3,CHANNEL_API,2026-07-09 03:15:00
2026-03-01,Riyadh,Social Support & Subsidies,Mobile App,126449,47657,67.3,5.7,3.73,4.7,99.1,13,TAYSEER_DWH,2026-07-09 03:15:00
2025-09-01,Asir,Business & Licensing,Web Portal,12663,6460,58.9,14.6,9.08,,96.8,7,TAYSEER_DWH,2026-07-09 03:15:00
2026-01-01,Northern Borders,Traffic & Transport,Call Center,3246,2113,61.1,16.8,22.54,3.88,86.5,3,TAYSEER_DWH,2026-07-09 03:15:00
2025-11-01,Madinah,Identity & Civil Affairs,Branch,30185,24401,60.1,25.0,49.28,3.89,90.9,24,TAYSEER_DWH,2026-07-09 03:15:00
2026-05-01,Najran,Traffic & Transport,Call Center,6013,3569,54.6,16.1,21.09,3.66,92.5,6,TAYSEER_DWH,2026-07-09 03:15:00
Sep-2025,Hail,Social Support & Subsidies,Web Portal,"3,673",1908,61.8,9.3,6.73,4.43,98.2,2,TAYSEER_DWH,2026-07-09 03:15:00
2026-05-01,Najran,Traffic & Transport,Branch,7807,6012,54.6,25.1,49.98,3.37,89.6,11,TAYSEER_DWH,2026-07-09 03:15:00
2026-04-01,Makkah,Identity & Civil Affairs,Call Center,74404,49587,67.1,19.2,21.5,3.93,90.8,53,TAYSEER_DWH,2026-07-09 03:15:00
2026-01-01,makkah al-mukarramah,Education & Training,Mobile App,141412,56035,63.3,5.6,3.81,4.28,99.5,65,REGIONAL_UPLOAD,2026-07-09 03:15:00
2025-11-01,منطقة مكة المكرمة,Social Support & Subsidies,Branch,62222,49076,59.7,34.4,51.45,3.53,95.2,71,CHANNEL_API,2026-07-09 03:15:00
2026-04-01,Tabuk,Business & Licensing,Web Portal,5466,2739,64.1,14.5,9.14,3.8,99.5,4,TAYSEER_DWH,2026-07-09 03:15:00
2026-05-01,Tabuk,Social Support & Subsidies,Mobile App,12780,4698,64.2,7.3,4.74,4.39,97.7,5,TAYSEER_DWH,2026-07-09 03:15:00
2026-06-01,Asir,Justice & Notary,Call Center,"9,940",6460,55.9,30.3,30.63,3.56,89.0,10,TAYSEER_DWH,2026-07-09 03:15:00
2025-10-01,Hail,Business & Licensing,Branch,5087,4079,61.8,45.3,59.44,3.34,86.8,7,TAYSEER_DWH,2026-07-09 03:15:00
2026-05-01,makkah al-mukarramah,Justice & Notary,Mobile App ,123304,48214,61.0,11.6,5.33,4.1,97.0,55,TAYSEER_DWH,2026-07-09 03:15:00
2026-05-01,Northern Borders,Business & Licensing,Branch,2800,2254,60.4,50.2,69.16,3.69,86.7,2,CHANNEL_API,2026-07-09 03:15:00
2026-05-01,Jazan,Social Support & Subsidies,Web Portal,6588,3133,49.6,11.5,8.0,N/A,97.0,5,REGIONAL_UPLOAD,2026-07-09 05:40:00
2025-09-01,Makkah,Municipal Services,branch,80493,67079,60.0,37.0,48.67,3.28,89.7,85,TAYSEER_DWH,2026-07-09 03:15:00
Oct-2025,Hail,Social Support & Subsidies,Call Center,3319,2228,61.6,21.6,22.14,4.03,89.1,2,TAYSEER_DWH,2026-07-09 03:15:00
2025-07-01,Northern Borders,Municipal Services,Call Center,2277,1500,61.9,21.5,24.34,null,90.9,2,TAYSEER_DWH,2026-07-09 03:15:00
2026-01-01,Tabuk,Identity & Civil Affairs,Web Portal,10836,5479,63.4%,10.2,7.14,4.24,98.2,5,TAYSEER_DWH,2026-07-09 03:15:00
2025-08-01,Northern Borders,Labour & HR Services,Branch,2988,2484,61.2,30.7,,3.6,87.3,3,REGIONAL_UPLOAD,2026-07-09 03:15:00
Jun-2026,Asir,Education & Training,Branch,18525,16073,62.2,24.8,47.12,3.71,91.9,17,CHANNEL_API,2026-07-09 03:15:00
2026-02-01,Qassim,Justice & Notary,Branch,4446,3606,62.3,46.5,68.12,3.19,88.3,7,TAYSEER_DWH,2026-07-09 03:15:00
2026-01-01,Tabouk,Municipal Services,WEB,7200,3818,63.8,10.5,7.54,3.89,99.0,6,TAYSEER_DWH,2026-07-09 03:15:00
2026-01-01,Riyadh ,Education & Training,Mobile App,176775,65731,69.4,4.7,3.19,4.65,n/a,32,TAYSEER_DWH,2026-07-09 03:15:00
2025-10-01,Northern Borders,Education & Training,Branch,3482,2916,62.4%,20.7,48.17,3.88,87.0,3,REGIONAL_UPLOAD,2026-07-09 03:15:00
2025-11-01,Riyadh,Justice & Notary,Call Center,27181,17803,64.2,26.0,26.89,3.74,91.9,25,TAYSEER_DWH,2026-07-09 03:15:00
2026-05-01,Madinah,Business & Licensing,Web Portal,15436,7944,61.3,14.6,8.36,4.3,98.3,7,TAYSEER_DWH,2026-07-09 03:15:00
2025-07-01,Eastern Province,Education & Training,Web Portal,41198,21623,67.1,6.6,5.37,4.47,99.5,8,TAYSEER_DWH,2026-07-09 03:15:00
2025-12-01,Al-Jouf,Traffic & Transport,Branch,7048,5751,64.7%,21.1,43.71,3.55,89.5,8,TAYSEER_DWH,2026-07-09 03:15:00
2025-10-01,Asir,Education & Training,Mobile App,38083,15238,61.1,5.2,4.12,4.59,99.5,8,TAYSEER_DWH,2026-07-09 03:15:00
2026-02-01,Jazan,Identity & Civil Affairs,Web Portal,11990,6150,49.1,10.6,7.13,4.0,,9,TAYSEER_DWH,2026-07-09 03:15:00
2026-04-01,Al Madinah,Labour & HR Services,Web Portal,"13,797",7254,62.2,10.4,6.49,N/A,99.5,5,TAYSEER_DWH,2026-07-09 03:15:00
2026-04-01,منطقة نجران,Traffic & Transport,Web Portal,4683,2424,54.9,8.4,6.33,4.09,96.0,3,CHANNEL_API,2026-07-09 03:15:00
2026-06-01,Asir,Traffic & Transport,Web Portal,17578,9613,60.0,7.7,6.49,4.09,98.4,13,TAYSEER_DWH,2026-07-09 03:15:00
2026-06-01,Najran,Municipal Services,Call Center,5703,3587,51.3,21.2,25.38,3.62,93.6,6,CHANNEL_API,2026-07-09 03:15:00
2025-12-01,Eastern Province,Labour & HR Services,Mobile App,81287,,66.5,6.2,4.63,4.65,99.5,18,TAYSEER_DWH,2026-07-09 03:15:00
2026-02-01,Jazan,Business & Licensing,Web Portal,6309,3369,48.9,18.4,9.4,3.72,95.6,6,TAYSEER_DWH,2026-07-09 03:15:00
2025-08-01,Eastern Province,Identity & Civil Affairs,Web Portal,55038,28967,64.8,10.0,6.58,4.44,98.3,17,TAYSEER_DWH,2026-07-09 03:15:00
2025/08/01,Asir,Education & Training,Branch,28905,22888,60.7,23.0,49.17,3.61,89.2,29,REGIONAL_UPLOAD,2026-07-09 03:15:00
2026-03-01,Tabuk,Justice & Notary,Call Center,3095,2095,64.1,36.7,29.62,3.49,86.5,4,TAYSEER_DWH,2026-07-09 03:15:00
2026-02-01,Asir,Justice & Notary,Mobile App,18807,7313,56.4,10.7,NULL,4.3,99.0,13,TAYSEER_DWH,2026-07-09 03:15:00
Feb-2026,Riyadh,Labour & HR Services,Web Portal,49409,25509,69.3,9.1,5.76,4.27,96.9,26,REGIONAL_UPLOAD,2026-07-09 03:15:00
2025-10-01,Tabuk,Municipal Services,Mobile App,18463,6914,63.1,5.3,4.91,4.14,99.5,11,CHANNEL_API,2026-07-09 03:15:00
2025-12-01,Qassim,Business & Licensing,App,22143,8694,64.2,9.0,4.72,4.09,96.7,19,TAYSEER_DWH,2026-07-09 03:15:00
2025-09-01,NAJRAN,Health Services,Call Center,7385,4870,51.0,15.6,24.2,3.93,92.3,5,TAYSEER_DWH,2026-07-09 03:15:00
2026-01-01,Al-Baha,Education & Training,Branch,4566,3879,56.4,26.3,47.75,3.68,91.2,5,TAYSEER_DWH,2026-07-09 03:15:00
2025-07-01,Jazan,Justice & Notary,Web Portal,4803,2450,46.1,19.8,10.56,3.82,97.8,5,TAYSEER_DWH,2026-07-09 03:15:00
2025-09-01,Riyadh,Health Services,Branch,88566,73930,67.6,25.2,44.44,3.86,90.2,82,TAYSEER_DWH,2026-07-09 03:15:00
2025-07-01,Makkah,Social Support & Subsidies,Call Center,40565,27948,59.1%,22.9,21.82,3.71,92.1,41,TAYSEER_DWH,2026-07-09 03:15:00
2025-09-01,Asir,Labour & HR Services,Branch,"17,499",14285,59.0,29.8,47.15,3.52,92.2,19,TAYSEER_DWH,2026-07-09 03:15:00
2026-06-01,Asir,Labour & HR Services,Web Portal,12098,6278,59.5,9.2,7.41,4.03,99.5,8,TAYSEER_DWH,2026-07-09 03:15:00
2025-10-01,Madinah,Education & Training,Call Center,14295,9151,64.5,13.9,19.32,4.09,90.4,13,REGIONAL_UPLOAD,2026-07-09 03:15:00
2026-01-01,Makkah,Traffic & Transport,Web Portal,77359,39783,62.7,7.2,6.21,4.16,98.1,58,TAYSEER_DWH,2026-07-09 03:15:00
2025-11-01,Eastern Province,Business & Licensing,Web Portal,32065,16277,65.3%,13.2,8.35,4.09,99.5,18,CHANNEL_API,2026-07-09 03:15:00
2026-02-01,Qassim,Labour & HR Services,Mobile App,20994,8125,64.0,6.3,3.99,4.36,98.8,9,TAYSEER_DWH,2026-07-09 03:15:00
2026-03-01,Madinah,Municipal Services,Mobile App,37997,14349,60.5,7.9,4.52,4.47,99.5,16,TAYSEER_DWH,2026-07-09 03:15:00
2025-09-01,Najran ,Business & Licensing,Branch,"6,066",5115,51.4,121.3,67.45,3.06,81.3,9,CHANNEL_API,2026-07-09 03:15:00
2026-01-01,Al-Jouf,Education & Training,Branch,4452,3644,63.8,20.5,44.6,3.82,93.9,3,TAYSEER_DWH,2026-07-09 03:15:00
01/11/2025,Jazan,Municipal Services,Mobile App,21945,8715,49.4,9.1,,4.03,99.5,11,TAYSEER_DWH,2026-07-09 03:15:00
2025-11-01,Al-Jouf,Justice & Notary,Web Portal,1988,1020,58.8,17.6,8.75,4.13,98.3,1,REGIONAL_UPLOAD,2026-07-09 03:15:00
2025-10-01,Eastern Province,Education & Training,Mobile App,97287,38089,67.7,4.6,3.26,4.65,97.4,11,REGIONAL_UPLOAD,2026-07-09 03:15:00
2025-07-01,Al-Baha,Labour & HR Services,Call Center,3153,2055,56.2,21.1,22.19,3.67,89.5,4,TAYSEER_DWH,2026-07-09 03:15:00
2025-11-01,Asir,Social Support & Subsidies,Branch,16133,13551,57.1,31.0,55.46,-,n/a,23,TAYSEER_DWH,2026-07-09 03:15:00
2025-10-01,Madinah,Education & Training,Branch,17434,14417,64.5,22.8,44.26,3.91,90.3,17,TAYSEER_DWH,2026-07-09 03:15:00
2025-09-01,Asir,Traffic & Transport,Call Center,19373,13317,59.6,16.5,22.18,3.62,88.6,19,TAYSEER_DWH,2026-07-09 03:15:00
2025-07-01,Qassim,Health Services,Branch,14754,12345,65.2,29.0,46.45,3.43,89.5,14,TAYSEER_DWH,2026-07-09 03:15:00
2025-10-01,Northern Borders,Traffic & Transport,Mobile App,8452,3278,61.3,5.2,4.44,4.63,98.1,2,TAYSEER_DWH,2026-07-09 03:15:00
2026-04-01,Riyadh,Justice & Notary,Mobile App,86412,34721,145.3,9.7,4.89,4.52,96.8,23,CHANNEL_API,2026-07-09 03:15:00
2025-12-01,Madinah,Traffic & Transport,Call Center,22688,14204,61.8,16.1,19.57,3.87,90.8,17,TAYSEER_DWH,2026-07-09 03:15:00
2026-06-01,Makkah,Traffic & Transport,Call Center,78354,49704,62.8,17.4,21.53,3.72,88.3,64,CHANNEL_API,2026-07-09 03:15:00
01/02/2026,Madinah,Identity & Civil Affairs,Branch Office,19645,16850,60.6,31.1,45.49,3.85,93.3,19,TAYSEER_DWH,2026-07-09 03:15:00
2026-05-01,Al-Jouf,Social Support & Subsidies,Branch,3203,2571,62.0,34.4,48.15,3.62,86.5,3,REGIONAL_UPLOAD,2026-07-09 03:15:00
2025-09-01,Madinah,Social Support & Subsidies,Mobile App,24532,9002,59.5,7.4,4.14,4.79,95.5,1,TAYSEER_DWH,2026-07-09 03:15:00
2026-05-01,NAJRAN,Health Services,Mobile App,14477,5375,51.6,5.4,4.29,4.57,99.5,4,TAYSEER_DWH,2026-07-09 03:15:00
2025-08-01,Al-Baha,Municipal Services,Branch,4926,3994,53.6,34.3,56.29,3.33,87.1,6,TAYSEER_DWH,2026-07-09 03:15:00
2026-05-01,منطقة الباحة,Justice & Notary,Branch,3100,2563,51.1,107.8,66.01,3.22,90.6,3,REGIONAL_UPLOAD,2026-07-09 03:15:00
2025-09-01,Hail,Labour & HR Services,Web Portal,5538,2848,64.5,7.6,7.33,null,98.8,2,TAYSEER_DWH,2026-07-09 03:15:00
2026-04-01,Tabuk,Business & Licensing,Mobile App ,14548,5343,64.1,10.9,5.69,4.12,99.5,9,CHANNEL_API,2026-07-09 03:15:00
2025-09-01,Makkah,Identity & Civil Affairs,Web Portal,"99,263",50931,65.8,9.8,6.36,4.27,96.1,65,TAYSEER_DWH,2026-07-09 03:15:00
2025-07-01,Tabuk,Business & Licensing,Call Center,4615,3027,62.4,24.1,25.19,3.51,90.5,6,TAYSEER_DWH,2026-07-09 03:15:00
2026-04-01,Hail,Social Support & Subsidies,Mobile App,10333,4011,62.9,6.8,4.23,4.62,96.0,3,CHANNEL_API,2026-07-09 03:15:00
2026-04-01,Riyadh,Labour & HR Services,Web Portal,57071,29947,70.0,9.0,5.92,4.41,97.5,24,TAYSEER_DWH,2026-07-09 03:15:00
2025-12-01,Eastern Province,Identity & Civil Affairs,Mobile App,141265,54220,148.8,5.8,3.79,4.72,97.6,19,TAYSEER_DWH,2026-07-09 03:15:00
2026-06-01,Tabuk,Social Support & Subsidies,Branch,5860,4573,64.2,37.0,49.26,3.38,90.4,7,TAYSEER_DWH,2026-07-09 03:15:00
2025-12-01,Eastern Province,Justice & Notary,Mobile App,49194,18968,65.1,9.2,5.13,4.38,99.0,20,REGIONAL_UPLOAD,2026-07-09 03:15:00
2026-05-01,Riyadh,Health Services,Call Center,64114,39153,69.0,11.6,19.19,4.11,90.3,52,TAYSEER_DWH,2026-07-09 03:15:00
04-01-2026,Al-Baha,Traffic & Transport,branch,5705,4713,55.7,23.0,49.85,3.49,94.0,7,TAYSEER_DWH,2026-07-09 03:15:00
2026-01-01,Al-Jouf,Labour & HR Services,Branch,"4,393",3715,61.3,28.1,50.05,3.6,91.3,3,REGIONAL_UPLOAD,2026-07-09 03:15:00
2026-01-01,Asir,Traffic & Transport,Branch,25829,20785,60.1,24.9,51.28,3.45,89.5,27,TAYSEER_DWH,2026-07-09 03:15:00
2025-09-01,Madinah,Municipal Services,Branch,18905,15752,59.7,35.3,n/a,3.7,88.4,17,TAYSEER_DWH,2026-07-09 03:15:00
2026-03-01,Qassim,Labour & HR Services,Mobile App,24037,9117,64.0,5.3,4.14,4.25,99.5,16,REGIONAL_UPLOAD,2026-07-09 03:15:00
2025-09-01,Riyadh,Social Support & Subsidies,branch,46179,38606,66.4%,28.0,48.16,3.69,90.5,62,TAYSEER_DWH,2026-07-09 03:15:00
2025/12/01,Qassim,Municipal Services,Mobile App,25261,9831,63.3,6.9,4.38,4.11,95.9,16,TAYSEER_DWH,2026-07-09 03:15:00
2026-03-01,Madinah,Municipal Services,Web Portal,14362,6819,60.5,12.2,7.19,4.35,98.5,6,TAYSEER_DWH,2026-07-09 03:15:00
2025-09-01,Riyadh,Labour & HR Services,Branch,49491,40833,68.7,28.3,NULL,3.76,90.9,49,TAYSEER_DWH,2026-07-09 03:15:00
2025-07-01,Makkah,Health Services,Call Center,72771,47872,62.0,17.7,23.66,3.89,93.0,62,TAYSEER_DWH,2026-07-09 03:15:00
2026-03-01,Madinah,Municipal Services,CALL_CENTRE,14316,9352,60.5,24.3,21.77,3.78,90.9,15,TAYSEER_DWH,2026-07-09 03:15:00
2026-03-01,Hail,Justice & Notary,Mobile App,6555,2598,59.9,10.3,5.33,4.4,99.5,2,TAYSEER_DWH,2026-07-09 03:15:00
2025-11-01,Jazan,Health Services,Web Portal,14110,7478,51.0,9.1,8.63,3.96,99.2,14,TAYSEER_DWH,2026-07-09 03:15:00
2025-09-01,Tabuk,Labour & HR Services,Call Center,5507,3304,66.3,19.2,23.2,3.44,91.4,6,TAYSEER_DWH,2026-07-09 03:15:00
2025-09-01,Northern Borders,Health Services,Web Portal,4079,2032,59.5,8.7,7.68,4.55,97.4,1,REGIONAL_UPLOAD,2026-07-09 03:15:00
2025-12-01,Najran,Social Support & Subsidies,Call Center,3663,2423,52.4,19.1,22.24,3.79,89.0,3,TAYSEER_DWH,2026-07-09 03:15:00
2026-04-01,Northern Borders,Identity & Civil Affairs,Branch,4813,4010,62.4,33.5,59.29,3.8,87.7,4,TAYSEER_DWH,2026-07-09 03:15:00
2026-05-01,Riyadh,Business & Licensing,Call Center,43504,27535,65.1,25.9,24.56,3.78,88.8,38,TAYSEER_DWH,2026-07-09 03:15:00
2026-03-01,Qassim,Social Support & Subsidies,Web Portal,7382,3751,65.8,10.9,7.0,4.07,95.7,5,REGIONAL_UPLOAD,2026-07-09 03:15:00
2026-03-01,AR RIYADH,Labour & HR Services,Call Center,43404,26905,69.9,14.5,19.84,3.96,86.9,34,TAYSEER_DWH,2026-07-09 03:15:00
2026-05-01,Northern Borders,Municipal Services,Web Portal,2525,1250,62.7,9.3,8.07,4.31,98.6,1,CHANNEL_API,2026-07-09 03:15:00
2025-08-01,Makkah,Social Support & Subsidies,Call Center,45582,30004,59.6,20.7,19.76,3.7,90.8,48,TAYSEER_DWH,2026-07-09 03:15:00
2026-01-01,Hail,Education & Training,Branch,5465,4517,66.8,23.9,42.16,3.76,90.3,5,CHANNEL_API,2026-07-09 03:15:00
11-01-2025,Najran,Identity & Civil Affairs,Web Portal,5251,2771,51.8,10.6,-15.55,4.15,99.5,3,REGIONAL_UPLOAD,2026-07-09 03:15:00
2026-06-01,Tabuk,Education & Training,Call Center,"5,298",3462,68.3,14.7,21.3,3.57,90.3,7,REGIONAL_UPLOAD,2026-07-09 03:15:00
2026-02-01,Aljouf,Education & Training,Mobile App,8663,3561,63.2,4.8,3.55,4.59,99.5,2,TAYSEER_DWH,2026-07-09 03:15:00
2026-06-01,QASSIM,Business & Licensing,Web Portal,7810,3930,64.9,14.5,8.01,3.99,95.6,6,TAYSEER_DWH,2026-07-09 03:15:00
2026/06/01,Al-Baha,Identity & Civil Affairs,Web Portal,4081,2096,55.9,10.3,6.62,4.41,98.4,1,TAYSEER_DWH,2026-07-09 03:15:00
2026/06/01,Northern Borders,Social Support & Subsidies,Call Center,1947,1299,60.1,21.7,26.25,4.08,88.7,1,TAYSEER_DWH,2026-07-09 03:15:00
2025-07-01,Najran,Social Support & Subsidies,Call Center,3190,1981,51.9,19.2,22.76,3.83,90.2,2,CHANNEL_API,2026-07-09 03:15:00
2026-05-01,Jazan,Education & Training,Branch,19232,15839,50.9,25.0,52.66,3.44,89.3,21,TAYSEER_DWH,2026-07-09 03:15:00
2026-06-01,Najran,Traffic & Transport,Web Portal,4914,2643,54.2,8.5,6.88,4.1,99.5,3,REGIONAL_UPLOAD,2026-07-09 03:15:00
2025-09-01,Al-Baha,Education & Training,Branch,7105,5883,55.9,25.1,46.58,3.52,89.8,10,TAYSEER_DWH,2026-07-09 03:15:00
2025-08-01,Najran,Education & Training,Call Center,7015,4621,55.4,15.7,17.56,3.83,93.8,5,REGIONAL_UPLOAD,2026-07-09 03:15:00
2026-01-01,Tabuk,Municipal Services,Mobile App,18508,7017,63.8,7.5,4.48,4.05,99.5,14,TAYSEER_DWH,2026-07-09 03:15:00
2026-03-01,Tabuk,Labour & HR Services,Mobile App,16439,6402,67.1,5.9,4.36,4.3,97.4,4,TAYSEER_DWH,2026-07-09 03:15:00
2025-10-01,Madinah,Municipal Services,Mobile App,"38,591",14666,59.0,7.8,3.99,4.53,97.5,8,TAYSEER_DWH,2026-07-09 03:15:00
01/10/2025,Tabuk,Social Support & Subsidies,Web Portal,5333,2834,63.1,9.4,7.27,4.09,98.8,4,REGIONAL_UPLOAD,2026-07-09 03:15:00
2025-11-01,Riyadh,Justice & Notary,Branch,38674,32657,64.2,50.6,54.08,3.55,83.9,41,REGIONAL_UPLOAD,2026-07-09 03:15:00
Feb-2026,QASSIM,Municipal Services,Call Center,8925,6092,63.0,18.3,22.48,3.57,90.6,9,REGIONAL_UPLOAD,2026-07-09 03:15:00
2025-09-01,Al-Jouf,Education & Training,Call Center,5307,3529,62.8,12.5,19.55,4.06,93.3,3,TAYSEER_DWH,2026-07-09 03:15:00
2026-06-01,Qassim,Social Support & Subsidies,Web Portal,7962,4384,65.3,10.0,6.57,4.1,99.5,7,TAYSEER_DWH,2026-07-09 03:15:00
2025-10-01,Eastern Province,Justice & Notary,CALL_CENTRE,"16,726",10351,64.8,28.6,,3.91,90.5,10,REGIONAL_UPLOAD,2026-07-09 03:15:00
2026-06-01,Eastern Province,Business & Licensing,Mobile App,79551,29224,66.1,9.6,4.17,4.41,98.4,28,REGIONAL_UPLOAD,2026-07-09 03:15:00
May-2026,najran,Health Services,Branch,9434,7722,51.6,24.9,51.82,3.57,92.9,6,TAYSEER_DWH,2026-07-09 03:15:00
2025-12-01,Qassim,Education & Training,Call Center,8302,5645,67.3,13.6,19.44,3.79,87.3,6,TAYSEER_DWH,2026-07-09 03:15:00
2026-04-01,Madinah,Justice & Notary,Branch,10464,8707,59.7,48.5,60.97,3.69,88.4,8,CHANNEL_API,2026-07-09 03:15:00
2026-02-01,Eastern Province,Municipal Services,Call Center,26143,16491,67.3%,18.6,22.76,3.82,88.5,21,TAYSEER_DWH,2026-07-09 03:15:00
2026/04/01,Makkah ,Education & Training,Branch,69665,55842,63.8,22.6,50.86,3.63,93.8,56,TAYSEER_DWH,2026-07-09 03:15:00
2025-08-01,منطقة حائل,Identity & Civil Affairs,Mobile App,17694,6636,66.3,6.6,4.45,4.72,96.0,2,TAYSEER_DWH,2026-07-09 03:15:00
Dec-2025,Al-Jouf,Education & Training,Branch,"4,565",3709,62.4,25.2,42.53,-,91.1,4,TAYSEER_DWH,2026-07-09 03:15:00
2025-07-01,jazan ,Labour & HR Services,Web Portal,8510,3950,47.5,11.2,7.5,3.94,96.3,7,REGIONAL_UPLOAD,2026-07-09 03:15:00
2026-05-01,Al-Baha,Social Support & Subsidies,Call Center,2744,1748,53.9,21.3,23.2,4.03,91.3,1,TAYSEER_DWH,2026-07-09 03:15:00
2026-01-01,Al-Baha,Business & Licensing,Web Portal,2286,1201,52.9,14.2,8.66,4.03,97.2,2,TAYSEER_DWH,2026-07-09 03:15:00
2025-10-01,Al Qassim,Business & Licensing,Web Portal,9146,4867,63.3,13.7,8.53,3.86,95.5,8,REGIONAL_UPLOAD,2026-07-09 03:15:00
2026-04-01,Al-Qassim,Social Support & Subsidies,Branch,7947,6516,65.8,29.4,48.68,3.54,89.6,9,TAYSEER_DWH,2026-07-09 03:15:00
2025-09-01,Makkah,Social Support & Subsidies,Mobile App,115435,NA,60.1,8.8,4.31,4.33,99.5,50,REGIONAL_UPLOAD,2026-07-09 03:15:00
2026-06-01,Jazan,Justice & Notary,Branch,11149,9205,46.7,127.0,67.2,3.13,85.1,18,REGIONAL_UPLOAD,2026-07-09 03:15:00
2025-12-01,Tabuk,Health Services,Mobile App,28292,11602,63.6,6.0,4.98,4.38,96.3,13,REGIONAL_UPLOAD,2026-07-09 03:15:00
2026-04-01,Riyadh,Education & Training,Web Portal,66136,33649,69.9,7.2,5.69,4.51,98.6,18,TAYSEER_DWH,2026-07-09 03:15:00
2026-01-01,Qassim,Labour & HR Services,Branch,"9,327",7709,64.1,28.6,49.65,3.36,86.9,11,TAYSEER_DWH,2026-07-09 03:15:00
2026-02-01,Asir,Municipal Services,Web Portal,12305,6229,60.9,10.6,7.96,3.98,99.5,10,TAYSEER_DWH,2026-07-09 03:15:00
2025-11-01,Jazan,Labour & HR Services,Branch,16833,13793,47.9,30.0,59.74,3.36,90.9,25,CHANNEL_API,2026-07-09 03:15:00
2026-03-01,Eastern Province,Business & Licensing,Branch,32811,27576,66.0,44.6,58.71,3.43,87.6,40,TAYSEER_DWH,2026-07-09 03:15:00
2025-08-01,Makkah,Justice & Notary,Mobile App,77366,29450,59.5,11.8,5.26,4.2,97.2,39,CHANNEL_API,2026-07-09 03:15:00
2025-07-01,Jazan,Identity & Civil Affairs,Mobile App,"27,360",10159,48.7,7.1,4.92,4.38,99.5,11,TAYSEER_DWH,2026-07-09 03:15:00
2026-06-01,Northern Borders,Social Support & Subsidies,Branch,2434,2076,60.1%,29.1,59.95,3.72,91.2,2,REGIONAL_UPLOAD,2026-07-09 03:15:00
2025-09-01,Hail,Labour & HR Services,Branch,5354,4246,64.5,29.9,52.71,3.5,90.4,7,TAYSEER_DWH,2026-07-09 03:15:00
2026-06-01,Asir,Traffic & Transport,Call Center,20291,12781,60.0,15.8,23.65,3.71,88.4,22,TAYSEER_DWH,2026-07-09 03:15:00
2025-08-01,Northern Borders,Health Services,Branch,4384,3749,60.3,29.4,62.34,3.79,89.9,4,TAYSEER_DWH,2026-07-09 03:15:00
2026-04-01,Asir,Labour & HR Services,Branch,17547,14104,59.3,0.0,52.29,3.48,90.3,25,TAYSEER_DWH,2026-07-09 03:15:00
2025-10-01,Al-Jouf,Labour & HR Services,Web Portal,3484,1782,60.3,9.7,NULL,4.29,98.4,2,TAYSEER_DWH,2026-07-09 03:15:00
07-01-2025,Tabuk,Municipal Services,Branch,7560,6555,62.0,36.6,54.62,3.2,90.1,12,TAYSEER_DWH,2026-07-09 03:15:00
2025-09-01,Madinah,Traffic & Transport,Web Portal,21421,11877,61.2,9.0,5.55,4.29,97.7,13,CHANNEL_API,2026-07-09 03:15:00
2026-05-01,Northern Borders,Education & Training,Branch,3147,2626,63.3,21.0,52.61,3.81,91.2,2,TAYSEER_DWH,2026-07-09 03:15:00
2025-07-01,Makkah,Municipal Services,Web Portal,58990,31083,59.6,11.6,7.49,3.95,98.7,56,CHANNEL_API,2026-07-09 03:15:00
2026-02-01,Al-Jouf,Health Services,Mobile App,12063,4678,62.2,6.2,4.25,4.79,99.5,1,TAYSEER_DWH,2026-07-09 03:15:00
2026/02/01,Asir,Labour & HR Services,Web Portal,11365,5697,59.0,9.0,7.33,4.04,96.4,6,TAYSEER_DWH,2026-07-09 03:15:00
May-2026,Al-Jouf,Business & Licensing,Web Portal,2860,1477,61.2,14.9,7.7,4.18,96.3,1,TAYSEER_DWH,2026-07-09 03:15:00
2026-05-01,Qassim,Business & Licensing,Web Portal,8772,4721,65.2,0.0,8.16,3.85,96.4,9,REGIONAL_UPLOAD,2026-07-09 03:15:00
2026-06-01,Madinah,Justice & Notary,Branch,10166,8072,59.8,53.6,66.42,3.63,87.0,8,REGIONAL_UPLOAD,2026-07-09 03:15:00
2025-12-01,Al-Baha,Municipal Services,Mobile App,"7,429",2773,54.0,8.9,4.69,4.37,98.0,3,TAYSEER_DWH,2026-07-09 03:15:00
2026-04-01,Riyadh ,Business & Licensing,Web Portal,51521,24791,64.9,12.7,7.31,4.25,99.5,22,TAYSEER_DWH,2026-07-09 03:15:00
2025-09-01,Qassim,Education & Training,Branch,"15,742",12645,66.6,19.3,39.85,3.46,90.5,20,TAYSEER_DWH,2026-07-09 03:15:00
2025-11-01,Al-Jouf,Education & Training,Branch,4413,3776,62.5,24.8,NULL,3.57,88.2,6,REGIONAL_UPLOAD,2026-07-09 03:15:00
2026-05-01,Najran,Social Support & Subsidies,Mobile App,7175,2748,52.4,7.2,4.35,4.41,99.5,3,TAYSEER_DWH,2026-07-09 03:15:00
2025-09-01,Northern Borders,Identity & Civil Affairs,Branch,4475,3824,62.2,33.2,53.39,3.89,90.0,3,TAYSEER_DWH,2026-07-09 03:15:00
2026-05-01,Tabuk,Identity & Civil Affairs,Branch,11695,9349,64.0,31.1,-24.7,3.29,89.8,20,CHANNEL_API,2026-07-09 03:15:00
2026-03-01,Tabuk,Traffic & Transport,Call Center,8300,5262,63.8,14.3,21.24,3.43,91.1,9,TAYSEER_DWH,2026-07-09 03:15:00
2025-12-01,Al-Baha,Municipal Services,Branch,5054,4241,54.0,38.4,56.02,3.46,87.8,5,TAYSEER_DWH,2026-07-09 03:15:00
2025-08-01,Riyadh,Labour & HR Services,Branch,55110,46140,68.4,26.1,46.65,3.64,92.7,59,TAYSEER_DWH,2026-07-09 03:15:00
2026-04-01,Madinah,Health Services,Call Center,21141,14166,62.7,15.7,22.62,4.24,94.0,5,TAYSEER_DWH,2026-07-09 03:15:00
2026-04-01,Jazan,Health Services,Call Center,19255,12515,51.7,18.3,25.46,3.69,90.0,16,TAYSEER_DWH,2026-07-09 03:15:00
2026-01-01,Jazan,Justice & Notary,Web Portal,5497,2911,46.3,17.5,-11.47,3.74,97.2,4,REGIONAL_UPLOAD,2026-07-09 03:15:00
2026/03/01,Jazan,Labour & HR Services,Branch,16831,13343,47.8,29.9,61.94,3.41,93.1,25,TAYSEER_DWH,2026-07-09 03:15:00
2026-05-01,Tabuk,Business & Licensing,Branch,6643,5426,64.7,48.7,70.25,3.12,93.1,9,TAYSEER_DWH,2026-07-09 03:15:00
2026-03-01,Tabuk,Municipal Services,Mobile App,18118,7193,63.8,7.0,4.77,4.15,96.8,9,TAYSEER_DWH,2026-07-09 03:15:00
2025-08-01,Riyadh ,Social Support & Subsidies,Mobile App,103783,40111,65.8,7.0,3.68,4.55,99.2,31,CHANNEL_API,2026-07-09 03:15:00
2026-05-01,Riyadh,Traffic & Transport,Call Centre,60989,40902,68.2,13.9,18.91,3.93,91.5,43,TAYSEER_DWH,2026-07-09 03:15:00
2025-11-01,Eastern Province,Business & Licensing,Branch,32343,25602,65.3,44.3,59.02,3.43,87.2,26,TAYSEER_DWH,2026-07-09 03:15:00
2025-07-01,Makkah,Labour & HR Services,Call Center,48890,31240,60.0,17.5,21.16,3.57,90.2,46,TAYSEER_DWH,2026-07-09 03:15:00
2025-09-01,Eastern Province,Identity & Civil Affairs,Web Portal,64014,-,65.1,10.3,6.1,4.45,99.3,22,TAYSEER_DWH,2026-07-09 03:15:00
2025-11-01,Jazan,Traffic & Transport,Mobile App,28844,10842,51.9%,5.9,4.7,4.09,99.5,13,TAYSEER_DWH,2026-07-09 03:15:00
2025-12-01,Najran,Traffic & Transport,Branch,10533,-,54.2,26.1,45.97,3.37,89.2,15,TAYSEER_DWH,2026-07-09 03:15:00
2025-07-01,Tabuk,Traffic & Transport,Call Center,7267,4616,62.9,17.1,22.12,3.65,85.5,8,REGIONAL_UPLOAD,2026-07-09 03:15:00
2026-01-01,Hail,Identity & Civil Affairs,mobile app,"20,826",7978,67.2,6.4,4.73,4.53,98.8,6,CHANNEL_API,2026-07-09 03:15:00
2025-07-01,Tabuk,Justice & Notary,Web Portal,3569,1751,62.2,18.2,9.26,3.82,97.3,2,REGIONAL_UPLOAD,2026-07-09 03:15:00
2025-10-01,Najran,Traffic & Transport,Web Portal,4972,2535,54.3,9.0,7.0,4.07,96.4,5,TAYSEER_DWH,2026-07-09 03:15:00
2025-07-01,Jazan,Municipal Services,Call Center,13726,8523,48.4,24.0,29.62,3.46,90.0,17,TAYSEER_DWH,2026-07-09 03:15:00
2026-05-01,Hail,Identity & Civil Affairs,Web Portal,7694,4070,68.2,9.7,-33.28,4.47,96.3,2,TAYSEER_DWH,2026-07-09 03:15:00
2025-12-01,Madinah,Municipal Services,Call Center,15397,9684,144.5,23.0,25.68,3.88,88.0,15,CHANNEL_API,2026-07-09 03:15:00
2025-11-01,Eastern Province,Labour & HR Services,Branch,33119,27761,65.8,28.0,45.5,3.55,87.8,38,TAYSEER_DWH,2026-07-09 03:15:00
2025-08-01,Najran,Education & Training,Mobile App,14490,5289,55.4,5.6,3.66,4.58,96.5,2,TAYSEER_DWH,2026-07-09 03:15:00
2025-08-01,Madinah,Business & Licensing,Mobile App,28259,10463,59.7,11.0,4.74,4.53,96.5,8,TAYSEER_DWH,2026-07-09 03:15:00
2025-12-01,Madinah,Municipal Services,Mobile App,"39,895",NA,59.7,8.6,4.87,4.63,97.4,7,TAYSEER_DWH,2026-07-09 03:15:00
2026-06-01,Al-Jouf,Education & Training,Mobile App,"10,099",3912,63.3,5.0,3.72,4.55,95.6,2,REGIONAL_UPLOAD,2026-07-09 03:15:00
2025-12-01,Sharqiyah,Labour & HR Services,Web Portal,36151,18533,66.5,7.6,6.25,-,94.9,21,TAYSEER_DWH,2026-07-09 03:15:00
11-01-2025,Najran,Traffic & Transport,Call Center,5900,,54.6,15.6,20.3,3.6,87.8,7,TAYSEER_DWH,2026-07-09 03:15:00
2026-05-01,Eastern Province,Identity & Civil Affairs,Call Center,41200,27095,66.7,17.1,,4.02,90.9,29,CHANNEL_API,2026-07-09 03:15:00
2025-09-01,منطقة عسير,Municipal Services,Branch,18812,15141,61.4,33.8,58.78,3.42,90.0,23,TAYSEER_DWH,2026-07-09 03:15:00
2026-01-01,Riyadh,Business & Licensing,Mobile App,131359,49510,64.1,8.6,4.68,4.51,98.1,33,TAYSEER_DWH,2026-07-09 03:15:00
2026-05-01,Qassim,Business & Licensing,Mobile App,21145,8361,65.2,10.1,4.62,4.07,97.6,11,REGIONAL_UPLOAD,2026-07-09 03:15:00
2025/08/01,Tabuk,Traffic & Transport,Call Center,7549,4828,62.7,14.8,22.22,3.51,92.5,6,TAYSEER_DWH,2026-07-09 03:15:00
2026-05-01,Makkah,Justice & Notary,Web Portal,42873,22425,61.0,16.3,8.77,3.98,99.4,26,TAYSEER_DWH,2026-07-09 03:15:00
2025-10-01,Tabuk,Traffic & Transport,WEB,9415,4723,63.7,7.6,6.11,4.04,98.7,6,REGIONAL_UPLOAD,2026-07-09 03:15:00
2025-10-01,Tabuk,Education & Training,Mobile App,18595,7276,67.2,5.0,3.73,4.33,98.1,7,TAYSEER_DWH,2026-07-09 03:15:00
2026/05/01,Hail,Labour & HR Services,Branch,4695,3834,65.2,29.4,51.05,3.61,91.2,5,TAYSEER_DWH,2026-07-09 03:15:00
2026-03-01,Al-Jouf,Labour & HR Services,Branch,3987,3320,61.5,28.5,48.68,3.57,92.9,6,TAYSEER_DWH,2026-07-09 03:15:00
2025-12-01,Makkah,Education & Training,Call Center,58394,-,63.7,14.7,19.32,3.87,89.0,38,TAYSEER_DWH,2026-07-09 03:15:00
01/06/2026,Al-Jouf,Education & Training,Web Portal,"3,610",1804,63.3,8.0,6.08,4.37,97.5,2,TAYSEER_DWH,2026-07-09 03:15:00
2026-01-01,Makkah,Justice & Notary,Call Center,32930,20016,59.9,32.0,NULL,3.52,90.8,34,REGIONAL_UPLOAD,2026-07-09 03:15:00
2025-09-01,JAZAN,Business & Licensing,Web Portal,7991,3967,48.0,17.7,9.83,3.73,99.5,8,TAYSEER_DWH,2026-07-09 03:15:00
2026-01-01,Hail,Social Support & Subsidies,Call Center,3208,1976,62.6,19.7,24.32,3.88,91.1,3,TAYSEER_DWH,2026-07-09 03:15:00
2025-07-01,Aseer,Labour & HR Services,Mobile App,29314,11713,59.0,6.4,4.22,4.46,99.5,11,TAYSEER_DWH,2026-07-09 03:15:00
01/03/2026,Eastern Province,Traffic & Transport,Web Portal,47704,23626,68.2,7.3,5.94,4.2,94.9,23,TAYSEER_DWH,2026-07-09 03:15:00
2026-05-01,NAJRAN,Justice & Notary,Mobile App,5035,1929,50.8,11.8,5.93,4.24,96.4,2,TAYSEER_DWH,2026-07-09 03:15:00
2026-04-01,Northern Borders,Traffic & Transport,Mobile App,9598,3741,61.6,5.5,4.37,4.51,,3,TAYSEER_DWH,2026-07-09 03:15:00
2026-04-01,Eastern Province,Education & Training,Branch,36000,28751,68.7,21.9,42.24,3.87,94.7,33,CHANNEL_API,2026-07-09 03:15:00
2026-05-01,Makkah,Labour & HR Services,Web Portal,75747,38455,61.5,9.4,7.1,4.06,99.5,52,TAYSEER_DWH,2026-07-09 03:15:00
2025-07-01,Northern Borders,Municipal Services,Mobile App,5806,2198,61.9,7.4,4.99,4.4,98.5,2,TAYSEER_DWH,2026-07-09 03:15:00
2026-03-01,Tabuk,Traffic & Transport,Branch,9687,7498,63.8,25.6,49.82,3.22,89.3,11,REGIONAL_UPLOAD,2026-07-09 03:15:00
2026-02-01,Riyadh,Social Support & Subsidies,Branch,32096,26337,67.4,29.7,50.15,3.69,92.8,29,REGIONAL_UPLOAD,2026-07-09 03:15:00
2025-11-01,Makkah,Municipal Services,Mobile App,146368,57571,60.7%,7.0,4.66,4.18,98.1,73,TAYSEER_DWH,2026-07-09 03:15:00
2026-01-01,Madinah,Municipal Services,Web Portal,15063,7850,60.4,10.4,7.52,4.4,95.9,7,TAYSEER_DWH,2026-07-09 03:15:00
2025-11-01,Riyadh,Education & Training,Web Portal,67527,35591,68.7,6.6,5.34,4.5,99.5,20,TAYSEER_DWH,2026-07-09 03:15:00
2025-07-01,المنطقة الشرقية,Justice & Notary,Call Center,16369,10171,64.5,29.0,27.85,3.84,91.6,8,TAYSEER_DWH,2026-07-09 03:15:00
2026-04-01,Al-Baha,Identity & Civil Affairs,Mobile App,11216,4346,55.7,7.0,4.09,4.39,97.7,4,TAYSEER_DWH,2026-07-09 03:15:00
2026-06-01,Al-Qassim,Health Services,Branch,15676,12136,67.2,25.4,52.67,3.5,91.2,18,TAYSEER_DWH,2026-07-09 03:15:00
2026-05-01,Asir,Municipal Services,Mobile App,"40,735",15952,61.1,7.7,4.9,4.41,99.1,14,REGIONAL_UPLOAD,2026-07-09 03:15:00
2026-01-01,Jazan,Health Services,branch,28121,23698,51.3,30.6,57.65,3.47,86.7,40,REGIONAL_UPLOAD,2026-07-09 03:15:00
2025-08-01,Tabuk,Education & Training,Branch,10617,8691,66.8,23.4,48.74,3.36,90.3,16,TAYSEER_DWH,2026-07-09 03:15:00
2026-06-01,Eastern Province,Health Services,Branch,52312,43484,67.2,22.3,47.84,3.85,91.1,47,TAYSEER_DWH,2026-07-09 03:15:00
2026-03-01,Al-Jouf,Social Support & Subsidies,Web Portal,2850,1438,61.9%,10.4,7.49,4.33,98.1,1,TAYSEER_DWH,2026-07-09 03:15:00
2026-01-01,Tabuk,Business & Licensing,Call Center,4912,3215,64.1,30.2,25.43,3.38,91.3,4,TAYSEER_DWH,2026-07-09 03:15:00
2026-05-01,Eastern Province,Justice & Notary,Branch,21694,17611,65.5,45.7,59.86,3.51,88.1,30,TAYSEER_DWH,2026-07-09 03:15:00
2025-12-01,Makkah ,Identity & Civil Affairs,Call Center,76612,50283,65.8,18.1,22.93,3.76,94.3,55,TAYSEER_DWH,2026-07-09 03:15:00
2026-02-01,Najran,Education & Training,Call Center,3943,2627,55.9,16.0,20.13,,89.5,4,TAYSEER_DWH,2026-07-09 03:15:00
2025-12-01,Riyadh,Social Support & Subsidies,Mobile App,119188,47475,67.0,6.3,3.72,null,99.3,13,TAYSEER_DWH,2026-07-09 03:15:00
2025-10-01,Madinah,Business & Licensing,Branch,"15,672",12414,59.9%,48.7,51.92,3.6,89.8,15,CHANNEL_API,2026-07-09 03:15:00
2026-04-01,Qassim,Health Services,Call Center,11575,7568,67.0,15.5,22.7,3.77,92.0,10,CHANNEL_API,2026-07-09 03:15:00
Sep-2025,Hail,Education & Training,Web Portal,8876,4768,65.7,8.1,5.59,4.32,96.4,4,TAYSEER_DWH,2026-07-09 03:15:00
2026-06-01,Riyadh,Social Support & Subsidies,Call Center,36003,24147,67.7,15.3,20.98,4.04,93.7,31,TAYSEER_DWH,2026-07-09 03:15:00
2025-11-01,Hail,Education & Training,Web Portal,5745,2794,66.0,6.6,6.38,4.33,98.8,2,CHANNEL_API,2026-07-09 03:15:00
2025-12-01,Eastern Province,Education & Training,Branch Office,"35,478",28167,68.5,22.6,42.75,3.68,89.5,36,TAYSEER_DWH,2026-07-09 03:15:00
2025-10-01,Asir,Labour & HR Services,Branch,18665,14976,58.9,30.4,53.3,3.72,91.3,18,REGIONAL_UPLOAD,2026-07-09 03:15:00
2025-08-01,Al-Jouf,Social Support & Subsidies,Branch,3350,2778,60.7,34.5,51.84,null,90.4,3,TAYSEER_DWH,2026-07-09 03:15:00
2025-12-01,Hail,Identity & Civil Affairs,Call Center,6458,4328,67.0,19.1,22.16,3.99,89.9,6,REGIONAL_UPLOAD,2026-07-09 03:15:00
2026-03-01,Madinah,Health Services,Call Center,19572,12458,63.0,15.9,24.5,4.16,89.1,11,TAYSEER_DWH,2026-07-09 03:15:00
04-01-2026,Riyadh,Business & Licensing,Mobile App,135058,52873,64.9,8.9,4.24,4.48,99.0,48,TAYSEER_DWH,2026-07-09 03:15:00
2025-10-01,Hail,Education & Training,Web Portal,5433,2758,66.5,7.6,5.82,4.44,98.4,2,TAYSEER_DWH,2026-07-09 03:15:00
2025-12-01,منطقة الجوف,Business & Licensing,Branch,3903,3349,60.5,49.1,54.32,3.4,87.4,4,TAYSEER_DWH,2026-07-09 03:15:00
2025-11-01,Qassim,Labour & HR Services,Call Center,8074,5151,63.8,18.0,,3.66,91.3,9,TAYSEER_DWH,2026-07-09 03:15:00
2025-10-01,Najran,Justice & Notary,Web Portal,2013,1056,49.9,21.3,8.97,4.01,98.4,1,TAYSEER_DWH,2026-07-09 03:15:00
2026-06-01,Eastern Province,Social Support & Subsidies,Branch,27915,23389,65.7,29.0,49.15,3.69,90.0,25,TAYSEER_DWH,2026-07-09 03:15:00
2025-08-01,Qassim,Labour & HR Services,Call Center,7622,4952,63.2,15.7,22.36,3.59,91.3,9,CHANNEL_API,2026-07-09 03:15:00
2026-03-01,Makkah,Identity & Civil Affairs,Mobile App,245719,92251,66.1,6.5,4.19,4.5,98.9,92,TAYSEER_DWH,2026-07-09 03:15:00
2026-02-01,Tabuk,Education & Training,Branch,4792,3951,67.5%,22.2,48.21,3.5,93.3,6,CHANNEL_API,2026-07-09 03:15:00
2025-12-01,Tabuk,Labour & HR Services,Web Portal,6727,3504,66.3,9.7,7.2,3.97,98.6,5,TAYSEER_DWH,2026-07-09 03:15:00
2026-01-01,Al-Jouf,Justice & Notary,Call Center,"2,218",1389,59.1,34.1,27.93,3.79,88.7,2,TAYSEER_DWH,2026-07-09 03:15:00
2026-03-01,منطقة عسير,Justice & Notary,Mobile App,"19,740",7549,55.8,11.2,5.57,4.36,99.0,10,TAYSEER_DWH,2026-07-09 03:15:00
01/06/2026,Al-Jouf,Justice & Notary,Web Portal,1824,901,60.1%,13.4,8.22,3.99,96.2,1,REGIONAL_UPLOAD,2026-07-09 03:15:00
2025-11-01,Najran,Labour & HR Services,Branch,6272,4961,51.1,27.8,51.54,3.36,91.1,8,TAYSEER_DWH,2026-07-09 03:15:00
2026/01/01,Al-Jouf,Social Support & Subsidies,Branch,3432,2753,61.6,33.4,49.45,3.64,89.2,4,REGIONAL_UPLOAD,2026-07-09 03:15:00
2025-09-01,Najran,Justice & Notary,Web Portal,2145,1150,50.4%,19.0,9.63,3.93,98.5,2,TAYSEER_DWH,2026-07-09 03:15:00
2026-01-01,Al-Baha,Identity & Civil Affairs,Mobile App,10915,4173,55.7,6.4,4.47,4.6,99.5,2,TAYSEER_DWH,2026-07-09 03:15:00
2026/03/01,Najran,Business & Licensing,Branch,5367,4497,51.6,114.7,68.21,3.14,88.0,6,TAYSEER_DWH,2026-07-09 03:15:00
2025-09-01,Northern Borders,Municipal Services,Call Center,2454,1517,62.0,23.0,28.02,3.91,91.4,3,TAYSEER_DWH,2026-07-09 03:15:00
2025-10-01,Al-Jouf,Education & Training,Branch,"4,445",3689,62.2,23.6,40.07,3.72,90.7,4,TAYSEER_DWH,2026-07-09 03:15:00
2026-01-01,Makkah,Social Support & Subsidies,Web Portal,41100,21110,60.1,11.8,7.06,4.13,96.2,18,TAYSEER_DWH,2026-07-09 03:15:00
09-01-2025,Northern Borders,Health Services,Call Center,3547,2357,128.3,18.6,24.9,4.09,92.7,3,REGIONAL_UPLOAD,2026-07-09 03:15:00
01-01-2026,Al Jouf,Municipal Services,Branch,4393,3750,62.8,33.4,51.78,null,93.1,3,REGIONAL_UPLOAD,2026-07-09 05:40:00
2026-05-01,Tabuk,Health Services,mobile app,23785,8957,64.6,6.0,4.37,4.33,96.7,11,TAYSEER_DWH,2026-07-09 03:15:00
2025-09-01,Jazan,Health Services,Mobile App,31437,12777,51.3,6.5,4.96,4.35,97.2,14,TAYSEER_DWH,2026-07-09 03:15:00
2026-01-01,Eastern Province,Business & Licensing,Mobile App,"82,541",33512,65.5,10.4,4.4,4.4,99.5,26,CHANNEL_API,2026-07-09 03:15:00
2026-01-01,Eastern Province,Health Services,Call Center,47460,29492,66.1,16.0,22.82,4.13,91.7,29,REGIONAL_UPLOAD,2026-07-09 03:15:00
2026-04-01,Najran,Health Services,Branch,9837,7824,51.5,27.8,55.14,3.72,92.5,10,TAYSEER_DWH,2026-07-09 03:15:00
2025/11/01,Najran,Labour & HR Services,Call Center,4834,,51.1,16.7,22.64,3.66,87.7,5,CHANNEL_API,2026-07-09 03:15:00
2025-10-01,Eastern Province,Health Services,Web Portal,56751,29150,66.1,7.7,6.64,-,99.5,24,TAYSEER_DWH,2026-07-09 03:15:00
2026-01-01,Jazan,Justice & Notary,Branch,"10,292",8364,46.3,152.7,70.01,2.95,81.9,13,TAYSEER_DWH,2026-07-09 03:15:00
2025-10-01,Hail,Justice & Notary,Branch,3842,3047,58.9,49.0,70.18,3.5,91.7,2,TAYSEER_DWH,2026-07-09 03:15:00
2025-08-01,tabuk,Labour & HR Services,Branch,"6,830",5467,65.8,34.3,52.63,3.18,90.4,10,TAYSEER_DWH,2026-07-09 03:15:00
2025-09-01,Jazan,Labour & HR Services,Web Portal,"8,867",4424,47.6,10.5,8.67,3.91,98.6,8,TAYSEER_DWH,2026-07-09 03:15:00
2025/12/01,Tabuk,Education & Training,Branch,7617,NA,67.2,22.0,44.47,3.52,90.1,7,REGIONAL_UPLOAD,2026-07-09 03:15:00
04-01-2026,Tabuk,Labour & HR Services,Web Portal,6678,3178,66.8,10.3,7.63,3.84,97.3,6,TAYSEER_DWH,2026-07-09 03:15:00
Dec-2025,Asir,Labour & HR Services,Mobile App,32057,12020,58.9,5.8,4.61,4.41,98.4,11,REGIONAL_UPLOAD,2026-07-09 03:15:00
01/12/2025,Al-Jouf,Business & Licensing,Web Portal,2983,1533,60.5,16.2,8.85,4.14,99.5,1,REGIONAL_UPLOAD,2026-07-09 03:15:00
2025-10-01,Makkah,Social Support & Subsidies,Mobile App,100023,39736,59.5,7.1,4.4,4.46,97.6,33,CHANNEL_API,2026-07-09 03:15:00
2025-07-01,Hail,Identity & Civil Affairs,Mobile App,18661,7282,66.3,7.0,4.2,4.65,99.3,4,REGIONAL_UPLOAD,2026-07-09 03:15:00
2026/02/01,Jazan,Education & Training,Web Portal,8092,4193,50.9,7.4,7.18,4.06,99.5,4,TAYSEER_DWH,2026-07-09 03:15:00
2025-08-01,Asir,Municipal Services,Web Portal,14544,7203,60.5,11.6,7.76,4.09,98.4,9,TAYSEER_DWH,2026-07-09 03:15:00
2026-06-01,Makkah,Business & Licensing,Branch,60241,49867,60.8,102.9,61.69,3.18,84.7,88,TAYSEER_DWH,2026-07-09 03:15:00
2025-12-01,Asir,Labour & HR Services,Web Portal,13461,6690,58.9%,9.5,7.7,4.09,99.5,12,TAYSEER_DWH,2026-07-09 03:15:00
2026-03-01,Qassim,Social Support & Subsidies,Mobile App,19695,7496,65.8,5.6,3.94,4.35,99.5,12,REGIONAL_UPLOAD,2026-07-09 03:15:00
2026-05-01,Northern Borders,Traffic & Transport,Web Portal,3346,1750,60.8,7.1,7.01,4.23,96.4,1,TAYSEER_DWH,2026-07-09 03:15:00
2026-03-01,EASTERN PROVINCE,Municipal Services,Web Portal,38581,19997,68.0,11.5,7.3,4.17,99.5,24,TAYSEER_DWH,2026-07-09 03:15:00
2026-04-01,منطقة القصيم,Health Services,Branch,15213,12480,67.0,22.0,53.26,3.54,87.8,16,CHANNEL_API,2026-07-09 03:15:00
2026-05-01,Tabuk,Education & Training,Branch Office,"7,621",6305,67.6,24.6,46.82,3.57,89.3,8,CHANNEL_API,2026-07-09 03:15:00
2026-01-01,Jazan,Identity & Civil Affairs,Mobile App,34050,13315,48.9,6.4,4.43,4.25,96.7,16,CHANNEL_API,2026-07-09 03:15:00
2026-03-01,Qassim,Health Services,Mobile App,34980,13880,66.6,5.2,3.94,4.44,99.5,13,TAYSEER_DWH,2026-07-09 03:15:00
2025-08-01,Qassim,Labour & HR Services,Mobile App,"22,314",8703,63.2,6.7,3.91,4.26,99.5,11,TAYSEER_DWH,2026-07-09 03:15:00
2026-03-01,Riyadh,Justice & Notary,Web Portal,36163,19054,64.1,16.0,7.89,4.18,99.5,19,TAYSEER_DWH,2026-07-09 03:15:00
2025-09-01,Madinah,Identity & Civil Affairs,Mobile App,53648,20490,60.1,6.7,4.11,4.67,99.1,9,TAYSEER_DWH,2026-07-09 03:15:00
Oct-2025,Northern Borders,Social Support & Subsidies,Call Center,1956,1231,59.4,18.8,22.9,4.07,88.7,2,REGIONAL_UPLOAD,2026-07-09 03:15:00
2026-01-01,Makkah,Justice & Notary,Mobile App,82829,30523,59.9,11.4,5.13,4.1,99.5,39,TAYSEER_DWH,2026-07-09 03:15:00
2025-11-01,Qassim,Business & Licensing,Web Portal,8774,4539,63.9,13.9,7.96,3.84,99.5,6,REGIONAL_UPLOAD,2026-07-09 05:40:00
2025-09-01,Tabuk,Justice & Notary,Mobile App,"8,377",3164,62.9,13.2,5.88,4.12,98.6,5,TAYSEER_DWH,2026-07-09 03:15:00
2026-01-01,Makkah,Social Support & Subsidies,Mobile App,"110,180",41334,60.1,7.4,4.2,4.46,98.6,35,TAYSEER_DWH,2026-07-09 03:15:00
02-01-2026,Al-Jouf,Education & Training,Web  Portal,3300,1750,63.2,7.2,6.39,-,99.5,1,REGIONAL_UPLOAD,2026-07-09 03:15:00
2025-12-01,Al-Baha,Traffic & Transport,Web Portal,4534,2281,56.1,8.4,6.66,4.11,96.3,3,TAYSEER_DWH,2026-07-09 03:15:00
2025-12-01,Riyadh,Business & Licensing,Mobile App,"130,762",50119,64.5,8.9,4.34,4.32,99.3,68,TAYSEER_DWH,2026-07-09 03:15:00
2026-02-01,Makkah,Traffic & Transport,Branch,69856,57324,61.9,28.3,50.47,3.24,87.9,72,CHANNEL_API,2026-07-09 03:15:00
01/11/2025,Tabuk,Social Support & Subsidies,Call Center,4514,2982,63.1,20.2,23.41,3.72,92.5,5,TAYSEER_DWH,2026-07-09 03:15:00
2026-06-01,Eastern Province,Traffic & Transport,callcenter,34494,22946,69.2,16.5,19.6,3.84,94.1,23,REGIONAL_UPLOAD,2026-07-09 03:15:00
2026-02-01,Riyadh,Education & Training,Web Portal,53649,27850,68.6,6.4,5.28,4.32,98.9,20,TAYSEER_DWH,2026-07-09 03:15:00
2025-07-01,Makkah,Traffic & Transport,Call Center,66302,44051,60.9,18.3,19.48,3.77,90.7,59,TAYSEER_DWH,2026-07-09 03:15:00
2025/10/01,Al-Baha,Business & Licensing,Mobile App,5678,2213,52.4,10.1,5.27,4.37,98.1,2,TAYSEER_DWH,2026-07-09 03:15:00
2026-01-01,asir,Identity & Civil Affairs,Web Portal,23259,12087,61.8,10.4,7.43,4.28,99.0,8,TAYSEER_DWH,2026-07-09 03:15:00
2026-06-01,Asir,Identity & Civil Affairs,Call Center,22007,14478,62.1,17.8,23.3,3.88,89.4,13,CHANNEL_API,2026-07-09 03:15:00
2026-03-01,Hail,Identity & Civil Affairs,Branch,7984,6378,67.4,30.0,48.03,3.68,90.7,11,TAYSEER_DWH,2026-07-09 03:15:00
2025-11-01,'Asir,Education & Training,Branch,"19,422",15679,62.0,22.1,47.07,3.75,93.7,27,TAYSEER_DWH,2026-07-09 03:15:00
2026-02-01,Najran,Social Support & Subsidies,Branch,3527,3034,52.0,34.9,56.17,3.59,90.0,5,REGIONAL_UPLOAD,2026-07-09 03:15:00
2025-12-01,Tabuk,Identity & Civil Affairs,Web Portal,10374,5318,63.9,10.8,6.62,4.14,98.6,6,TAYSEER_DWH,2026-07-09 03:15:00
2026-05-01,Tabuk,Social Support & Subsidies,Call Center,4818,3114,64.2,22.3,22.44,3.69,89.4,4,TAYSEER_DWH,2026-07-09 03:15:00
2026-03-01,Eastern Province,Identity & Civil Affairs,Web Portal,55056,27257,65.9,9.7,6.64,4.47,96.5,21,TAYSEER_DWH,2026-07-09 03:15:00
2025-12-01,Hail,Health Services,Web Portal,7709,3944,65.1,9.0,7.49,4.47,93.4,2,TAYSEER_DWH,2026-07-09 03:15:00
2025-12-01,Makkah,Health Services,Web Portal,99204,48578,62.5,8.2,6.51,4.25,99.2,56,REGIONAL_UPLOAD,2026-07-09 03:15:00
2026-01-01,Tabuk,Justice & Notary,Mobile App,"9,989",3769,63.8,12.0,5.08,3.92,98.9,8,TAYSEER_DWH,2026-07-09 03:15:00
2026-03-01,منطقة جازان,Social Support & Subsidies,Branch,13245,10482,49.3,36.5,54.48,,88.4,19,TAYSEER_DWH,2026-07-09 03:15:00
2026/05/01,Makkah,Business & Licensing,Web Portal,59270,31036,60.3,14.7,8.12,3.86,98.4,65,TAYSEER_DWH,2026-07-09 03:15:00
2025-07-01,Al-Jouf,Labour & HR Services,Branch,4186,3256,59.8,27.5,50.57,3.56,89.8,6,TAYSEER_DWH,2026-07-09 03:15:00
02-01-2026,Hail,Traffic & Transport,Mobile App,15904,6066,63.4,4.9,3.86,4.53,96.1,4,TAYSEER_DWH,2026-07-09 03:15:00
2026-03-01,Jazan,Municipal Services,Branch,17605,14536,49.4,36.7,63.3,3.21,89.7,16,TAYSEER_DWH,2026-07-09 03:15:00
01/04/2026,Mecca,Municipal Services,Call Center,62147,38961,61.4%,21.2,25.13,3.54,89.5,54,REGIONAL_UPLOAD,2026-07-09 03:15:00
2025-07-01,Tabuk,Identity & Civil Affairs,Call Center,"8,444",5409,62.9,18.4,21.62,3.71,90.0,9,TAYSEER_DWH,2026-07-09 03:15:00
2025-07-01,Al-Baha,Municipal Services,Mobile App,6912,2653,53.8,8.2,4.88,4.31,99.5,4,TAYSEER_DWH,2026-07-09 03:15:00
2026-04-01,Qassim,Social Support & Subsidies,Call Center,7129,4628,65.8,15.8,23.03,3.61,90.1,6,TAYSEER_DWH,2026-07-09 03:15:00
2026-06-01,Makkah,Education & Training,Mobile App,176664,71074,64.5,4.5,4.03,4.6,99.5,49,TAYSEER_DWH,2026-07-09 03:15:00
2026-05-01,Eastern Province,Justice & Notary,Web Portal,"20,021",10595,65.5,14.7,7.73,4.22,97.4,13,TAYSEER_DWH,2026-07-09 03:15:00
2026-01-01,Najran,Justice & Notary,Call Center,"2,916",1927,50.4,33.3,28.84,3.58,86.4,3,REGIONAL_UPLOAD,2026-07-09 05:40:00
2025-10-01,Najran,Municipal Services,Call Center,5351,3482,51.3,21.7,24.95,3.47,90.5,7,TAYSEER_DWH,2026-07-09 03:15:00
2025-07-01,Tabuk,Traffic & Transport,Web Portal,9747,4994,62.9,8.6,6.88,3.99,94.7,6,TAYSEER_DWH,2026-07-09 03:15:00
2025-12-01,Makkah,Health Services,Branch,110869,90581,62.5,25.3,51.09,3.48,93.3,104,REGIONAL_UPLOAD,2026-07-09 03:15:00
2026-05-01,Makkah,Social Support & Subsidies,Call Center,63904,39266,60.7,20.7,21.55,,89.7,61,TAYSEER_DWH,2026-07-09 03:15:00
2025-11-01,Madinah,Municipal Services,Web Portal,15193,-,60.0,11.8,6.82,4.26,99.2,7,REGIONAL_UPLOAD,2026-07-09 03:15:00
2025-12-01,Qassim,Traffic & Transport,Call Center,12735,8091,65.6,14.1,19.79,3.6,90.0,16,TAYSEER_DWH,2026-07-09 03:15:00
2025-09-01,Asir,Business & Licensing,Branch,17117,14347,58.9,84.5,65.81,3.15,87.2,22,TAYSEER_DWH,2026-07-09 03:15:00
01/07/2025,Northern Borders,Education & Training,Mobile App,5855,2205,62.1,5.2,3.91,4.65,97.3,1,REGIONAL_UPLOAD,2026-07-09 03:15:00
2026-01-01,Makkah,Health Services,Mobile App,227445,88694,63.1,6.1,4.34,4.46,95.7,54,TAYSEER_DWH,2026-07-09 03:15:00
2026-03-01,Riyadh,Traffic & Transport,Branch,74244,59778,68.1,24.6,43.8,3.54,85.9,79,TAYSEER_DWH,2026-07-09 03:15:00
2025-10-01,Eastern Province,Identity & Civil Affairs,Mobile App,136203,51142,64.9,6.0,4.11,4.71,99.4,17,TAYSEER_DWH,2026-07-09 03:15:00
2025-10-01,Northern Borders,Identity & Civil Affairs,Call Center,3563,2422,62.3,19.5,23.86,4.04,89.7,3,TAYSEER_DWH,2026-07-09 03:15:00
2026-02-01,Riyadh ,Identity & Civil Affairs,Mobile App,220117,89038,67.6,7.2,3.84,4.67,98.7,41,TAYSEER_DWH,2026-07-09 03:15:00
2026-02-01,منطقة الجوف,Traffic & Transport,Branch,3455,2835,65.7,24.8,47.4,3.58,88.1,4,TAYSEER_DWH,2026-07-09 03:15:00
Dec-2025,AL-JOUF,Labour & HR Services,Call Center,3064,1962,61.9,17.0,24.11,3.76,88.6,3,CHANNEL_API,2026-07-09 03:15:00
2025-08-01,Northern Borders,Education & Training,Branch,4979,4109,62.5,25.0,49.03,3.81,91.2,5,TAYSEER_DWH,2026-07-09 03:15:00
06-01-2026,Jazan,Education & Training,Mobile App,25635,10267,50.7,5.1,4.59,4.28,99.5,17,TAYSEER_DWH,2026-07-09 03:15:00
2026-06-01,Hail,Traffic & Transport,Branch,6983,5977,64.1,22.4,45.53,3.72,n/a,8,CHANNEL_API,2026-07-09 03:15:00
2026-02-01,Tabuk,Traffic & Transport,Web Portal,8018,4245,64.6,8.0,6.35,null,97.7,6,TAYSEER_DWH,2026-07-09 03:15:00
2025-07-01,Al-Jouf,Labour & HR Services,Call Center,3205,2104,59.8,19.3,20.9,3.68,91.7,3,TAYSEER_DWH,2026-07-09 03:15:00
11-01-2025,Makkah,Identity & Civil Affairs,MOBILE_APP,240122,93997,65.4,6.4,4.16,4.47,97.1,85,TAYSEER_DWH,2026-07-09 03:15:00
May-2026,منطقة المدينة المنورة,Municipal Services,Web Portal,18596,9555,60.6,13.0,7.69,4.39,,5,CHANNEL_API,2026-07-09 03:15:00
2026-06-01,Qassim,Identity & Civil Affairs,Call Centre,12482,7494,67.5,17.2,20.56,3.78,88.8,7,TAYSEER_DWH,2026-07-09 03:15:00
2025-07-01,Jazan,Traffic & Transport,Call Center,15709,10216,51.5,16.9,-35.52,3.47,88.5,17,TAYSEER_DWH,2026-07-09 03:15:00
2025-11-01,Riyadh,Municipal Services,Branch,"62,257",51358,64.8,29.2,49.13,3.6,88.7,46,TAYSEER_DWH,2026-07-09 03:15:00
2026-05-01,Northern Border,Health Services,Branch,4562,3784,60.4,27.7,54.24,3.88,86.9,5,TAYSEER_DWH,2026-07-09 03:15:00
2025-08-01,Madinah,Justice & Notary,Mobile App,16748,6683,58.0,11.4,5.59,4.56,99.5,5,TAYSEER_DWH,2026-07-09 03:15:00
2026-05-01,Asir,Education & Training,Branch,18581,15185,62.1,22.3,48.33,3.68,92.2,17,TAYSEER_DWH,2026-07-09 03:15:00
2026-01-01,Madinah,Education & Training,Branch,17852,14445,64.5,24.5,43.2,3.79,90.7,14,REGIONAL_UPLOAD,2026-07-09 03:15:00
2025-12-01,Hail,Business & Licensing,Mobile App,10237,3907,62.2,11.1,5.4,4.37,99.3,5,REGIONAL_UPLOAD,2026-07-09 03:15:00
2026-01-01,Tabuk,Health Services,Call Center,8841,5796,63.7,15.6,23.88,3.74,91.4,9,TAYSEER_DWH,2026-07-09 03:15:00
2025-08-01,Al-Jouf,Identity & Civil Affairs,Web Portal,5594,2771,62.8,10.3,6.51,4.38,95.6,2,CHANNEL_API,2026-07-09 03:15:00
2025-10-01,Madinah,Municipal Services,Call Center,15406,9541,59.0,22.3,24.33,3.99,89.6,15,CHANNEL_API,2026-07-09 03:15:00
2025-09-01,Jazan,Justice & Notary,Mobile App,10882,4155,45.4,12.1,6.36,4.07,96.8,7,TAYSEER_DWH,2026-07-09 03:15:00
2026-05-01,Asir,Labour & HR Services,Call Center,15448,10275,58.8,16.9,25.18,3.83,90.4,17,CHANNEL_API,2026-07-09 03:15:00
2026-04-01,Riyadh,Business & Licensing,Call Center,47555,29821,64.9%,26.0,22.78,3.8,92.6,44,TAYSEER_DWH,2026-07-09 03:15:00
2025-12-01,najran,Health Services,Web Portal,5121,2657,51.0,9.7,7.28,4.33,97.7,2,TAYSEER_DWH,2026-07-09 03:15:00
2025-07-01,Al-Baha,Identity & Civil Affairs,Web Portal,4585,2310,55.2,10.5,7.49,4.21,96.1,3,REGIONAL_UPLOAD,2026-07-09 05:40:00
2026-06-01,Hail,Health Services,CALL_CENTRE,5922,3795,65.4,15.9,23.71,4.04,88.9,3,REGIONAL_UPLOAD,2026-07-09 03:15:00
2025-07-01,Al-Baha,Labour & HR Services,Web Portal,2779,1366,56.2,9.8,7.57,4.18,99.5,2,REGIONAL_UPLOAD,2026-07-09 03:15:00
2025-09-01,Eastern Province,Identity & Civil Affairs,Call Center,45035,-,65.1,16.8,19.05,3.94,92.9,32,REGIONAL_UPLOAD,2026-07-09 03:15:00
2026-03-01,Najran,Social Support & Subsidies,Branch,4550,3687,52.6,33.1,57.26,null,87.7,6,TAYSEER_DWH,2026-07-09 03:15:00
2025-08-01,Al-Baha,Traffic & Transport,Branch,5391,4544,55.3,9999.0,46.05,3.49,90.6,7,TAYSEER_DWH,2026-07-09 03:15:00
2025-09-01,Eastern Province,Identity & Civil Affairs,Branch,59401,47928,65.1,27.6,43.52,3.88,89.7,63,TAYSEER_DWH,2026-07-09 03:15:00
2026-02-01,Madinah,Social Support & Subsidies,Mobile App,24593,9013,60.6,7.3,4.39,4.72,99.5,4,TAYSEER_DWH,2026-07-09 03:15:00
2025-07-01,Al-Bahah,Municipal Services,Branch,4416,3780,53.8,39.2,48.31,3.41,90.4,5,TAYSEER_DWH,2026-07-09 03:15:00
2025-07-01,Al-Baha,Health Services,Call Center,4316,2824,56.6,16.2,22.12,3.86,91.6,6,REGIONAL_UPLOAD,2026-07-09 03:15:00
Jul-2025,Asir,Identity & Civil Affairs,Web Portal,22743,12014,61.7%,9.6,7.55,4.27,99.2,13,TAYSEER_DWH,2026-07-09 03:15:00
2025-11-01,Al-Baha,Education & Training,Mobile App,7881,3007,56.0,4.8,3.56,null,99.2,1,REGIONAL_UPLOAD,2026-07-09 03:15:00
2026-01-01,Jazan,Justice & Notary,Mobile App,11553,4428,46.3,11.8,5.93,3.99,99.5,8,TAYSEER_DWH,2026-07-09 03:15:00
2025-08-01,Qassim,Health Services,Web Portal,14246,7181,65.8,8.6,6.93,4.25,97.7,7,REGIONAL_UPLOAD,2026-07-09 03:15:00
2025-11-01,Riyadh,Justice & Notary,Mobile App,87458,34255,64.2,10.5,4.98,4.39,99.5,32,TAYSEER_DWH,2026-07-09 03:15:00
2025-11-01,Northern Borders,Justice & Notary,Web Portal,1384,728,58.9,17.4,9.8,4.35,97.3,1,TAYSEER_DWH,2026-07-09 03:15:00
2025-09-01,Al-Baha,Justice & Notary,Web Portal,1619,858,50.3,16.7,9.39,4.03,99.5,1,TAYSEER_DWH,2026-07-09 03:15:00
2025-09-01,Tabuk,Municipal Services,Web Portal,7492,3895,62.5,10.7,7.07,3.94,98.8,5,REGIONAL_UPLOAD,2026-07-09 03:15:00
2026-01-01,Madinah,Traffic & Transport,Branch,23344,19616,62.1,26.9,44.75,3.77,92.7,24,TAYSEER_DWH,2026-07-09 03:15:00
2026-05-01,Asir,Social Support & Subsidies,Web Portal,9529,5024,57.1,10.6,7.81,4.32,98.6,5,TAYSEER_DWH,2026-07-09 03:15:00
2025/10/01,Qassim,Justice & Notary,call center,4985,3163,61.9,26.8,26.76,3.46,91.5,5,TAYSEER_DWH,2026-07-09 03:15:00
2026-03-01,Hail,Labour & HR Services,Mobile App,11129,4206,65.3,6.3,4.2,4.42,96.9,5,TAYSEER_DWH,2026-07-09 03:15:00
2026-05-01,Eastern Province,Municipal Services,Web Portal,36691,18301,68.2,9.0,6.5,4.31,99.5,15,CHANNEL_API,2026-07-09 03:15:00
2025-12-01,Madinah,Justice & Notary,App,"19,539",7496,58.8,11.5,5.04,4.45,96.8,7,TAYSEER_DWH,2026-07-09 03:15:00
2026-03-01,Tabuk,Education & Training,Branch,7400,6153,68.2,22.9,n/a,3.63,90.4,8,TAYSEER_DWH,2026-07-09 03:15:00
2025/12/01,Madinah,Education & Training,Branch,18544,15174,64.8,22.9,43.49,3.87,88.1,11,TAYSEER_DWH,2026-07-09 03:15:00
2026-04-01,Asir,Identity & Civil Affairs,Call Center,21370,14093,61.9,16.7,22.17,,89.5,21,TAYSEER_DWH,2026-07-09 03:15:00
01/11/2025,Northern Borders,Business & Licensing,Mobile App,"5,557",2173,59.9,11.1,5.65,4.44,97.2,2,REGIONAL_UPLOAD,2026-07-09 03:15:00
2025-09-01,AR RIYADH,Business & Licensing,Call Center,43994,27203,63.4,25.4,25.25,3.67,91.6,40,TAYSEER_DWH,2026-07-09 03:15:00
2026-04-01,Tabouk,Justice & Notary,Web Portal,3638,1826,63.8,18.2,8.24,3.89,97.7,3,TAYSEER_DWH,2026-07-09 03:15:00
2025-08-01,tabuk,Traffic & Transport,Mobile App,"20,505",7867,62.7,6.1,4.0,4.12,94.2,15,TAYSEER_DWH,2026-07-09 03:15:00
2025-08-01,Asir,Social Support & Subsidies,Call Center,11444,7360,56.5,21.2,23.92,3.87,89.5,10,TAYSEER_DWH,2026-07-09 03:15:00
2025-09-01,منطقة نجران,Identity & Civil Affairs,Mobile App,"13,066",4955,51.4,6.9,4.2,4.51,96.0,3,CHANNEL_API,2026-07-09 03:15:00
2026-01-01,Hail,Business & Licensing,Branch,5093,3898,61.9,48.7,60.43,3.39,90.6,7,REGIONAL_UPLOAD,2026-07-09 03:15:00
2026-02-01,Tabuk,Health Services,Web Portal,9230,4915,64.3,9.8,7.68,4.21,98.3,3,REGIONAL_UPLOAD,2026-07-09 03:15:00
2026-02-01,Hail,Social Support & Subsidies,branch,"3,254",2735,62.9,28.3,57.33,3.81,90.7,3,TAYSEER_DWH,2026-07-09 03:15:00
2026-05-01,najran,Justice & Notary,Call Center,3073,1932,50.8,34.2,31.07,3.6,91.4,3,REGIONAL_UPLOAD,2026-07-09 03:15:00
2025-09-01,Northern Borders,Social Support & Subsidies,Web Portal,2011,NA,59.4,11.3,7.98,4.41,97.1,1,TAYSEER_DWH,2026-07-09 03:15:00
2026-05-01,Al-Baha,Business & Licensing,Call Center,3463,2341,53.0,31.5,29.52,3.74,88.6,4,TAYSEER_DWH,2026-07-09 03:15:00
2026-02-01,Madinah,Social Support & Subsidies,Call Center,8804,5750,60.6,20.6,21.8,4.05,92.5,8,TAYSEER_DWH,2026-07-09 03:15:00
2026-05-01,Hail,Municipal Services,Branch,5188,4192,65.3%,36.1,53.5,3.53,87.9,7,CHANNEL_API,2026-07-09 03:15:00
2025-10-01,Riyadh,Labour & HR Services,Call Center,40691,27191,68.6%,15.7,20.36,4.04,89.8,26,TAYSEER_DWH,2026-07-09 03:15:00
2025-08-01,Al-Baha,Business & Licensing,Web Portal,2311,1146,52.3,19.6,8.43,4.02,99.4,2,REGIONAL_UPLOAD,2026-07-09 03:15:00
2026-03-01,Madinah,Identity & Civil Affairs,Web Portal,20967,10600,61.3,8.8,6.0,4.55,99.5,7,TAYSEER_DWH,2026-07-09 03:15:00
2026-02-01,Qassim,Business & Licensing,Web Portal,7543,3801,65.0,13.3,7.58,3.96,99.5,7,TAYSEER_DWH,2026-07-09 03:15:00
2026-02-01,Hail,Municipal Services,Call Center,3827,2673,65.2,18.8,23.4,3.79,92.2,3,TAYSEER_DWH,2026-07-09 03:15:00
2026-06-01,Jazan,Justice & Notary,Mobile App,13564,5290,46.7%,12.0,6.0,4.06,97.6,7,TAYSEER_DWH,2026-07-09 03:15:00
2025-10-01,Riyadh,Social Support & Subsidies,Web Portal,"51,663",27111,66.3,10.0,6.34,4.34,99.2,23,TAYSEER_DWH,2026-07-09 03:15:00
2025-12-01,Hail,Social Support & Subsidies,Branch,4250,3534,61.8,30.8,,3.6,88.3,4,CHANNEL_API,2026-07-09 03:15:00
2025-08-01,Makkah,Labour & HR Services,Web Portal,55146,28953,60.1,9.4,6.74,4.13,96.9,29,REGIONAL_UPLOAD,2026-07-09 03:15:00
2026-03-01,Tabuk,Social Support & Subsidies,Mobile App,12629,4821,63.5,6.2,4.44,4.3,98.5,6,TAYSEER_DWH,2026-07-09 03:15:00
2026-05-01,Madinah,Business & Licensing,Branch,"20,788",-,61.3,46.4,57.64,3.66,88.7,19,TAYSEER_DWH,2026-07-09 03:15:00
2025-08-01,Eastern Province,Social Support & Subsidies,Mobile App,"58,075",23212,64.5,6.5,4.26,4.54,97.8,14,TAYSEER_DWH,2026-07-09 03:15:00
2026-01-01,Hail,Education & Training,Mobile App,14058,5439,66.8,5.1,3.58,4.63,97.0,3,TAYSEER_DWH,2026-07-09 03:15:00
2025-07-01,Northern Borders,Labour & HR Services,Mobile App,5132,1889,60.8,6.7,4.54,4.54,99.5,1,REGIONAL_UPLOAD,2026-07-09 03:15:00
2026-06-01,Tabuk,Social Support & Subsidies,Web Portal,4754,2346,64.2,11.2,6.27,4.19,97.4,3,TAYSEER_DWH,2026-07-09 03:15:00
2025-08-01,Al-Jouf,Justice & Notary,Call Center,1914,NA,58.7,33.0,28.37,3.6,88.8,3,TAYSEER_DWH,2026-07-09 03:15:00
2025-09-01,Madinah,Health Services,Call Center,18570,12292,61.3,17.6,22.72,4.15,90.5,10,REGIONAL_UPLOAD,2026-07-09 03:15:00
2025-08-01,Northern Borders,Justice & Notary,Call Center,1355,876,58.7,40.0,31.21,3.87,89.2,1,REGIONAL_UPLOAD,2026-07-09 03:15:00
2026-03-01,Al-Baha,Justice & Notary,Mobile App,"3,789",1402,50.8,13.2,6.09,4.32,95.2,2,TAYSEER_DWH,2026-07-09 03:15:00
2025-12-01,Riyadh,Municipal Services,Branch,71572,58028,65.3%,29.3,NULL,3.66,90.3,67,TAYSEER_DWH,2026-07-09 03:15:00
2026-02-01,Najran,Business & Licensing,Web Portal,"2,577",1287,51.1,16.0,9.1,3.89,99.5,2,TAYSEER_DWH,2026-07-09 03:15:00
09-01-2025,Tabuk,Health Services,Call Center,8340,5517,63.3,16.7,24.19,3.75,88.6,6,TAYSEER_DWH,2026-07-09 03:15:00
2025/08/01,Hail,Business & Licensing,Web Portal,"4,114",2126,60.4,14.6,7.63,4.08,96.7,3,TAYSEER_DWH,2026-07-09 03:15:00
2026-03-01,Madinah,Health Services,Mobile App,55322,20867,63.0,6.1,4.57,4.91,96.8,3,TAYSEER_DWH,2026-07-09 03:15:00
2025-09-01,Northern Borders,Justice & Notary,Mobile App,3187,1242,59.0,11.6,5.94,4.53,95.6,1,REGIONAL_UPLOAD,2026-07-09 03:15:00
2025-11-01,Qassim,Identity & Civil Affairs,Call Center,12775,8253,66.3,17.3,19.5,3.74,90.4,12,REGIONAL_UPLOAD,2026-07-09 03:15:00
2026-01-01,Madinah,Justice & Notary,Mobile App,"20,108",7633,58.9,12.3,5.0,4.56,99.4,5,CHANNEL_API,2026-07-09 03:15:00
2025-07-01,Qassim,Education & Training,Web Portal,12165,6198,66.2,7.3,-19.7,4.13,97.9,7,REGIONAL_UPLOAD,2026-07-09 03:15:00
2025-07-01,Qassim,Health Services,Web Portal,15873,8280,65.2,7.1,6.83,4.15,99.5,8,TAYSEER_DWH,2026-07-09 03:15:00
2025-08-01,Eastern Province,Traffic & Transport,Mobile App,110560,41335,66.9,5.3,3.71,4.45,99.2,36,CHANNEL_API,2026-07-09 03:15:00
Feb-2026,منطقة مكة المكرمة,Social Support & Subsidies,Branch,42125,35316,60.0,33.2,56.12,3.51,87.0,45,TAYSEER_DWH,2026-07-09 03:15:00
2025/08/01,Najran ,Education & Training,Branch,9309,-,55.4,23.6,42.91,3.57,90.0,12,REGIONAL_UPLOAD,2026-07-09 03:15:00
2025-09-01,Jazan,Municipal Services,Mobile App,20746,8455,48.6,7.5,5.02,4.05,99.5,20,TAYSEER_DWH,2026-07-09 03:15:00
2025-08-01,Riyadh,Traffic & Transport,Mobile App,188727,69668,66.6,4.4,3.5,4.52,99.5,43,TAYSEER_DWH,2026-07-09 03:15:00
2025-10-01,Al-Jouf,Justice & Notary,mobile app,4711,1734,59.5%,11.3,5.3,4.41,95.5,2,REGIONAL_UPLOAD,2026-07-09 03:15:00
2026-06-01,Hail,Business & Licensing,Mobile App,11309,4122,62.5%,10.5,5.26,4.42,96.6,4,TAYSEER_DWH,2026-07-09 03:15:00
2026-05-01,Makkah,Education & Training,Call Center,73789,49995,64.1,15.5,19.5,3.77,89.9,78,TAYSEER_DWH,2026-07-09 03:15:00
2025-09-01,Eastern Province,Education & Training,Branch,57060,45134,67.7,21.9,42.36,3.78,91.7,51,TAYSEER_DWH,2026-07-09 03:15:00
2025-09-01,Al-Jouf,Health Services,Web Portal,5353,2780,61.5,9.5,6.72,4.47,96.1,2,TAYSEER_DWH,2026-07-09 03:15:00
2025-12-01,Madinah,Traffic & Transport,Branch,30570,25597,61.8,25.0,,3.7,90.3,38,CHANNEL_API,2026-07-09 03:15:00
2025-09-01,Eastern Province,Labour & HR Services,branch,37125,29878,65.6,29.6,47.17,3.65,89.2,41,TAYSEER_DWH,2026-07-09 03:15:00
2026-04-01,Al-Jouf,Health Services,Branch,5939,4965,62.8,28.6,52.41,3.84,90.3,6,CHANNEL_API,2026-07-09 03:15:00
2025-11-01,Al-Baha,Traffic & Transport,Call Center,4851,3234,56.2,17.0,21.2,3.82,90.3,4,REGIONAL_UPLOAD,2026-07-09 03:15:00
2025-09-01,Northern Borders,Identity & Civil Affairs,Web Portal,4446,2314,62.2,10.1,8.1,4.39,99.5,2,TAYSEER_DWH,2026-07-09 03:15:00
2026-01-01,Northern Borders,Justice & Notary,Branch,2018,1737,59.0,48.2,71.97,3.54,90.9,2,TAYSEER_DWH,2026-07-09 03:15:00
2025-12-01,N. Borders,Health Services,Mobile App,9426,3328,60.7,5.8,5.22,4.67,98.1,2,REGIONAL_UPLOAD,2026-07-09 03:15:00
2026-05-01,Al-Baha,Social Support & Subsidies,Web Portal,2146,1068,53.9,11.5,7.36,4.3,97.0,1,TAYSEER_DWH,2026-07-09 03:15:00
2025-09-01,Qassim,Health Services,Web Portal,14972,7650,65.9,7.5,6.27,4.16,99.5,8,REGIONAL_UPLOAD,2026-07-09 03:15:00
02-01-2026,Riyadh,Justice & Notary,Web Portal,29651,15071,64.3,1440.0,7.77,4.23,99.5,13,TAYSEER_DWH,2026-07-09 03:15:00
Sep-2025,jazan ,Labour & HR Services,Branch,16912,14208,47.6,31.8,55.86,3.27,90.5,23,CHANNEL_API,2026-07-09 03:15:00
2026-03-01,Al-Baha,Social Support & Subsidies,Mobile App,4998,1989,53.5,7.2,4.44,4.61,96.8,1,REGIONAL_UPLOAD,2026-07-09 03:15:00
2026-06-01,Jazan,Health Services,Web Portal,11853,6040,51.6,10.3,7.45,4.31,97.9,5,TAYSEER_DWH,2026-07-09 03:15:00
2026-05-01,Makkah,Traffic & Transport,Web Portal,102240,51087,62.8,8.5,7.08,4.02,96.8,82,TAYSEER_DWH,2026-07-09 03:15:00
2025-10-01,Hail,Justice & Notary,Branch,3842,3047,58.9,49.0,70.18,3.5,91.7,2,TAYSEER_DWH,2026-07-09 03:15:00
01-01-2026,Madinah,Education & Training,Mobile App,41377,15642,64.5,5.3,3.5,4.89,98.1,1,REGIONAL_UPLOAD,2026-07-09 03:15:00
2026-02-01,Al-Jouf,Identity & Civil Affairs,Call Center,4069,2720,64.4,16.7,21.63,3.97,89.1,3,TAYSEER_DWH,2026-07-09 03:15:00
2026-04-01,Al-Baha,Business & Licensing,Web Portal,2161,1131,53.0,16.9,8.44,4.05,96.8,2,TAYSEER_DWH,2026-07-09 03:15:00
2025-09-01,Tabuk,Municipal Services,Mobile App,17877,6877,62.5,6.9,4.68,4.1,98.3,13,TAYSEER_DWH,2026-07-09 03:15:00
2025-07-01,Madinah,Municipal Services,Call Center,14243,9162,59.3,19.2,23.73,3.91,90.3,13,TAYSEER_DWH,2026-07-09 03:15:00
03-01-2026,Hail,Social Support & Subsidies,Web Portal,"3,843",1928,62.7,10.0,6.93,4.5,97.9,1,TAYSEER_DWH,2026-07-09 03:15:00
2026-02-01,Al-Baha,Traffic & Transport,Mobile App,"8,472",3149,55.7%,5.4,4.19,4.5,97.5,2,TAYSEER_DWH,2026-07-09 03:15:00
2026-06-01,EASTERN PROVINCE,Labour & HR Services,Web Portal,33688,17610,67.0,8.5,6.26,4.29,98.9,13,TAYSEER_DWH,2026-07-09 03:15:00
2026/06/01,Madinah,Municipal Services,Branch,21295,17479,60.5%,32.3,53.07,3.76,89.9,27,REGIONAL_UPLOAD,2026-07-09 03:15:00
2026-05-01,Al-Jouf,Identity & Civil Affairs,Mobile App,"14,028",5361,63.8,7.0,4.41,4.52,97.3,4,TAYSEER_DWH,2026-07-09 03:15:00
Oct-2025,Jazan,Business & Licensing,Call Center,"11,808",8037,48.5,34.8,29.1,3.4,88.4,12,REGIONAL_UPLOAD,2026-07-09 03:15:00
2026-03-01,asir,Education & Training,Branch,18411,15883,61.7,20.3,50.48,3.66,90.3,24,TAYSEER_DWH,2026-07-09 03:15:00
2026-01-01,Makkah,Business & Licensing,Web Portal,46942,25108,60.5,14.5,7.64,3.81,99.5,51,TAYSEER_DWH,2026-07-09 03:15:00
2025-10-01,Al-Baha,Education & Training,Mobile App,7994,2959,56.6,4.9,3.88,4.5,99.5,2,REGIONAL_UPLOAD,2026-07-09 03:15:00
2025-08-01,riyadh,Justice & Notary,Branch,35701,29944,62.9,44.9,59.43,3.48,93.3,54,TAYSEER_DWH,2026-07-09 03:15:00
2025-11-01,Madinah,Traffic & Transport,Branch,23986,19687,61.3,25.0,45.06,3.71,89.2,27,TAYSEER_DWH,2026-07-09 03:15:00
2026-04-01,Tabuk,Labour & HR Services,Branch,7110,5859,66.8,32.4,51.67,3.25,92.4,13,REGIONAL_UPLOAD,2026-07-09 03:15:00
2025-09-01,Al-Baha,Justice & Notary,Call Center,2175,1410,50.3,32.1,26.86,3.71,?,1,REGIONAL_UPLOAD,2026-07-09 03:15:00
2025-08-01,Makkah,Health Services,Web Portal,89941,47632,62.5,9.5,,4.18,99.1,38,TAYSEER_DWH,2026-07-09 03:15:00
2025-10-01,Makkah,Identity & Civil Affairs,Mobile App,245811,-,65.9,7.8,4.05,4.4,98.7,135,REGIONAL_UPLOAD,2026-07-09 03:15:00
2025-11-01,Jazan,Business & Licensing,Web Portal,7343,3595,48.1,16.9,8.95,3.75,97.2,7,CHANNEL_API,2026-07-09 03:15:00
2026-01-01,Riyadh,Traffic & Transport,Mobile App,208662,81069,68.0,5.3,3.52,4.49,99.5,49,CHANNEL_API,2026-07-09 03:15:00
2026-02-01,Al-Baha,Education & Training,Call Center,3260,2068,55.8,13.9,19.59,3.83,92.3,3,TAYSEER_DWH,2026-07-09 03:15:00
2025-10-01,Riyadh,Traffic & Transport,Branch,86030,73285,67.1,22.9,40.74,3.66,92.7,77,TAYSEER_DWH,2026-07-09 03:15:00
04-01-2026,Qassim,Identity & Civil Affairs,call center,12162,7954,67.1,16.1,21.34,3.78,87.2,14,REGIONAL_UPLOAD,2026-07-09 03:15:00
2026-01-01,Makkah,Traffic & Transport,Call Center,"72,487",48334,62.7,15.1,n/a,3.68,90.7,83,TAYSEER_DWH,2026-07-09 03:15:00
2026-04-01,Makkah,Labour & HR Services,Branch,66024,55494,61.5,30.1,51.72,-,87.7,77,TAYSEER_DWH,2026-07-09 03:15:00
2025-09-01,Al-Baha,Social Support & Subsidies,Web Portal,2285,1173,53.6,11.2,7.3,4.18,99.5,1,REGIONAL_UPLOAD,2026-07-09 03:15:00
2026-06-01,Makkah,Labour & HR Services,Call Center,58240,38244,62.1,19.7,21.65,3.48,88.2,63,TAYSEER_DWH,2026-07-09 03:15:00
2026/01/01,Al-Baha,Identity & Civil Affairs,Web Portal,4465,2327,55.7,11.3,7.15,4.33,99.1,3,TAYSEER_DWH,2026-07-09 03:15:00
2025-10-01,Najran,Social Support & Subsidies,Web Portal,3120,1582,52.0,11.8,7.24,N/A,99.5,2,TAYSEER_DWH,2026-07-09 03:15:00
2025-11-01,Eastern Province,Identity & Civil Affairs,Call Center,46008,28335,65.7%,14.6,20.86,4.07,88.7,25,CHANNEL_API,2026-07-09 03:15:00
2026-01-01,Najran,Health Services,Branch,10893,9087,51.2,26.8,,3.65,92.9,10,REGIONAL_UPLOAD,2026-07-09 03:15:00
01/05/2026,Al-Baha,Health Services,Call Center,5255,3452,57.4,18.1,23.25,3.89,93.0,4,TAYSEER_DWH,2026-07-09 03:15:00
2025-11-01,Al-Jouf,Education & Training,Mobile App,"9,613",3763,62.5,4.3,3.88,4.56,,3,TAYSEER_DWH,2026-07-09 03:15:00
2026-04-01,Jazan,Health Services,Mobile App,34179,13322,51.7,5.5,5.07,4.37,99.5,14,REGIONAL_UPLOAD,2026-07-09 03:15:00
2025-07-01,Madinah,Labour & HR Services,Branch,16324,13243,59.8,31.9,48.86,3.65,86.7,18,CHANNEL_API,2026-07-09 03:15:00
2026-03-01,Qassim,Traffic & Transport,Branch,14285,11373,66.7,20.9,40.8,3.34,88.9,19,TAYSEER_DWH,2026-07-09 03:15:00
2025-08-01,Madinah,Identity & Civil Affairs,Branch,28342,23922,59.6,33.7,46.03,3.87,91.8,27,REGIONAL_UPLOAD,2026-07-09 03:15:00
2026-05-01,Qassim,Labour & HR Services,Mobile App,25463,10304,64.6,6.4,4.11,4.25,99.1,11,CHANNEL_API,2026-07-09 03:15:00
2026-03-01,Al-Jouf,Business & Licensing,Mobile App,8048,2972,60.9,10.1,4.56,4.38,94.9,3,REGIONAL_UPLOAD,2026-07-09 03:15:00
2026-02-01,Asir,Health Services,Call Center,20292,12819,59.7,17.1,23.29,3.86,90.5,9,TAYSEER_DWH,2026-07-09 03:15:00
2026-04-01,Madinah,Health Services,Mobile App,56689,22367,62.7,6.1,4.66,4.91,96.5,3,TAYSEER_DWH,2026-07-09 03:15:00
01/03/2026,Al-Jouf,Health Services,Call Center,4471,2711,62.9,16.6,20.94,3.97,93.9,3,TAYSEER_DWH,2026-07-09 03:15:00
2025-08-01,Tabuk,Social Support & Subsidies,Call Center,4050,2641,62.7,19.8,23.31,3.71,?,5,TAYSEER_DWH,2026-07-09 03:15:00
2025-07-01,Jazan,Municipal Services,Mobile App,20851,7941,48.4,7.5,5.27,4.13,98.0,12,REGIONAL_UPLOAD,2026-07-09 03:15:00
2026-05-01,Hail,Business & Licensing,Web Portal,3634,1866,62.3,14.5,8.83,4.09,99.5,2,TAYSEER_DWH,2026-07-09 03:15:00
2026-01-01,Al-Jouf,Justice & Notary,Web Portal,2005,1040,59.1,16.1,8.66,4.06,98.1,2,TAYSEER_DWH,2026-07-09 03:15:00
2025-11-01,Hail,Justice & Notary,Branch,3840,3090,59.2%,52.7,61.9,3.48,86.0,4,TAYSEER_DWH,2026-07-09 03:15:00
2026-02-01,Qassim,Business & Licensing,Call Center,6440,4164,65.0,24.1,26.44,3.52,90.7,10,TAYSEER_DWH,2026-07-09 03:15:00
2026-05-01,Al-Jouf,Traffic & Transport,Mobile App,12881,4876,65.3,5.6,3.93,4.41,99.3,4,CHANNEL_API,2026-07-09 03:15:00
2026-06-01,Makkah,Identity & Civil Affairs,Mobile App,251366,96378,66.3,6.4,3.94,4.36,98.4,99,REGIONAL_UPLOAD,2026-07-09 03:15:00
2025-09-01,Hail,Health Services,branch,8479,6741,64.3,28.2,49.47,3.86,88.3,6,TAYSEER_DWH,2026-07-09 03:15:00
2026-05-01,Tabuk,Business & Licensing,Mobile App,"15,996",6116,64.7,10.7,5.24,4.03,95.2,9,TAYSEER_DWH,2026-07-09 03:15:00
2026-01-01,Al-Baha,Social Support & Subsidies,Web Portal,1949,1011,52.8,11.1,6.51,4.23,99.0,1,TAYSEER_DWH,2026-07-09 03:15:00
2025-11-01,Jazan,Traffic & Transport,Branch,23519,18791,51.9,26.9,56.0,3.27,90.8,42,TAYSEER_DWH,2026-07-09 03:15:00
2026-01-01,Riyadh,Traffic & Transport,Web Portal,87867,43930,68.0,7.9,5.7,4.29,99.5,51,TAYSEER_DWH,2026-07-09 03:15:00
2026-01-01,Riyadh,Health Services,Web Portal,"100,940",49868,68.1,7.2,6.12,4.42,98.2,34,REGIONAL_UPLOAD,2026-07-09 03:15:00
2025-09-01,Eastern Province,Education & Training,Web Portal,62857,32144,67.7,7.4,5.59,4.58,99.5,14,TAYSEER_DWH,2026-07-09 03:15:00
06-01-2026,Jazan,Social Support & Subsidies,Call Center,11887,7823,49.1,21.3,23.39,3.63,88.6,13,CHANNEL_API,2026-07-09 03:15:00
2025-07-01,Asir,Labour & HR Services,CALL_CENTRE,13379,9232,59.0,18.6,23.32,3.69,87.7,14,TAYSEER_DWH,2026-07-09 03:15:00
2026-02-01,Riyadh,Health Services,mobile app,"226,874",85617,68.4,4.8,3.83,4.75,97.4,19,TAYSEER_DWH,2026-07-09 03:15:00
2025-12-01,najran,Social Support & Subsidies,Branch,5125,4055,52.4,35.0,55.38,3.64,92.6,6,TAYSEER_DWH,2026-07-09 03:15:00
2026-05-01,Qassim,Identity & Civil Affairs,Branch,16176,13304,67.0%,28.5,51.4,3.52,87.8,12,TAYSEER_DWH,2026-07-09 03:15:00
2025-12-01,Eastern Province,Justice & Notary,Call Center,16941,11107,65.1%,29.3,26.16,3.81,91.8,12,REGIONAL_UPLOAD,2026-07-09 03:15:00
2025-07-01,Eastern Province,Municipal Services,Mobile App,91021,33626,67.0,7.8,4.36,4.5,97.2,24,CHANNEL_API,2026-07-09 03:15:00
2025-12-01,Hail,Education & Training,Branch,5531,4437,66.7,21.2,49.66,3.82,91.8,5,CHANNEL_API,2026-07-09 03:15:00
2025-10-01,Makkah,Municipal Services,Call Center,61709,39958,59.5,21.4,23.17,3.5,91.5,68,TAYSEER_DWH,2026-07-09 03:15:00
2025-11-01,Asir,Business & Licensing,Web Portal,14201,7246,59.0,14.5,8.42,3.96,96.7,14,TAYSEER_DWH,2026-07-09 03:15:00
2025-09-01,Madinah,Labour & HR Services,Call Center,13487,8615,61.4,16.6,20.6,null,89.5,8,REGIONAL_UPLOAD,2026-07-09 03:15:00
2026-06-01,Riyadh,Labour & HR Services,Branch,55430,43379,70.5,23.8,46.82,3.6,91.9,57,TAYSEER_DWH,2026-07-09 03:15:00
2026-03-01,Jizan,Traffic & Transport,Branch,23027,18767,51.6,25.3,51.12,-,91.0,23,TAYSEER_DWH,2026-07-09 03:15:00
2025-10-01,Al-Jouf,Business & Licensing,Branch,3847,3301,60.0,43.1,62.79,3.44,?,6,TAYSEER_DWH,2026-07-09 03:15:00
2025-10-01,Makkah,Business & Licensing,Branch,"66,801",57239,60.0,120.4,66.47,-,82.7,98,TAYSEER_DWH,2026-07-09 03:15:00
2026-03-01,Najran,Business & Licensing,Web Portal,2816,1442,51.6,18.4,7.76,null,98.7,2,TAYSEER_DWH,2026-07-09 03:15:00
2026-04-01,Eastern Province,Identity & Civil Affairs,Call Center,45292,29264,65.5,18.1,20.13,3.98,89.9,42,TAYSEER_DWH,2026-07-09 03:15:00
2025-08-01,Eastern Province,Business & Licensing,Call Center,21909,14422,65.0,25.9,27.53,3.66,87.7,17,TAYSEER_DWH,2026-07-09 03:15:00
2025-09-01,Makkah,Justice & Notary,Mobile App,"75,725",27846,59.7,11.7,5.62,4.15,98.3,46,REGIONAL_UPLOAD,2026-07-09 03:15:00
2026-02-01,Madinah,Justice & Notary,Mobile App,19851,7610,59.4,12.0,5.29,4.42,98.5,10,TAYSEER_DWH,2026-07-09 03:15:00
2025/10/01,Northern Borders,Education & Training,Call Center,2428,1492,62.4,13.1,21.5,4.1,92.0,2,TAYSEER_DWH,2026-07-09 03:15:00
2026-03-01,Riyadh,Social Support & Subsidies,Call Center,"35,778",23816,67.3,18.6,20.71,4.14,89.6,18,CHANNEL_API,2026-07-09 03:15:00
2025-08-01,Riyadh,Identity & Civil Affairs,Web Portal,93266,46347,66.5,9.9,n/a,4.55,96.7,23,TAYSEER_DWH,2026-07-09 03:15:00
2026-04-01,منطقة جازان,Education & Training,Branch,17054,13928,50.9,23.2,53.16,3.42,88.8,18,CHANNEL_API,2026-07-09 03:15:00
2026-03-01,Northern Borders,Business & Licensing,Branch,3296,2726,60.1,49.5,63.62,N/A,87.5,4,TAYSEER_DWH,2026-07-09 03:15:00
Nov-2025,Al-Baha,Education & Training,Branch,4705,3902,56.0,26.2,,3.68,90.7,5,CHANNEL_API,2026-07-09 03:15:00
2026-05-01,Tabuk,Labour & HR Services,Mobile App,19833,7533,67.1,6.1,4.19,4.15,99.5,14,CHANNEL_API,2026-07-09 03:15:00
Sep-2025,Tabuk,Social Support & Subsidies,Branch,"5,731",4542,62.9,37.0,52.68,3.48,89.0,10,REGIONAL_UPLOAD,2026-07-09 05:40:00
2025-12-01,Al-Baha,Labour & HR Services,Branch,4061,3334,56.8,27.6,54.64,3.48,90.8,6,REGIONAL_UPLOAD,2026-07-09 03:15:00
2026-02-01,Asir,Justice & Notary,Mobile App,18807,7313,56.4,10.7,NULL,4.3,99.0,13,TAYSEER_DWH,2026-07-09 03:15:00
2026-02-01,Qassim,Health Services,Web Portal,13716,7025,67.0,8.3,6.8,4.15,97.6,11,TAYSEER_DWH,2026-07-09 03:15:00
2026-04-01,'Asir,Justice & Notary,Call Center,9176,5951,55.5,31.2,25.06,3.77,90.4,8,TAYSEER_DWH,2026-07-09 03:15:00
2025-07-01,Northern Borders,Education & Training,Web Portal,2693,-,62.1,7.9,6.92,4.29,99.5,2,TAYSEER_DWH,2026-07-09 03:15:00
2026-06-01,Northern Borders,Municipal Services,Branch,3208,2646,62.6,34.6,58.61,3.59,87.0,3,TAYSEER_DWH,2026-07-09 03:15:00
2026-01-01,Riyadh,Business & Licensing,Branch,53091,39941,64.1,38.1,58.13,3.55,92.6,66,CHANNEL_API,2026-07-09 03:15:00
2025-08-01,Qassim,Health Services,Mobile App,31772,12335,65.8,5.7,3.94,4.31,99.0,13,TAYSEER_DWH,2026-07-09 03:15:00
2025-09-01,Najran,Justice & Notary,Call Center,2881,1830,50.4,36.1,28.57,3.52,89.3,3,CHANNEL_API,2026-07-09 03:15:00
2025-08-01,Eastern Province,Business & Licensing,Web Portal,31003,15409,65.0,13.5,7.56,4.14,97.0,17,REGIONAL_UPLOAD,2026-07-09 05:40:00
2026-06-01,Al-Jouf,Justice & Notary, Branch,2597,2256,60.1,58.0,72.2,3.49,90.7,3,CHANNEL_API,2026-07-09 03:15:00
2025-09-01,منطقة نجران,Health Services,Web Portal,5335,2915,51.0,8.9,7.23,4.17,99.2,3,TAYSEER_DWH,2026-07-09 03:15:00
2026/01/01,Northern Borders,Justice & Notary,Call Center,1501,1003,59.0,32.8,32.87,3.81,90.1,1,TAYSEER_DWH,2026-07-09 03:15:00
2026/01/01,Al-Baha,Municipal Services,Web Portal,"3,049",1502,53.5,12.1,7.38,4.11,96.9,1,REGIONAL_UPLOAD,2026-07-09 03:15:00
2026-04-01,Tabuk,Identity & Civil Affairs,Web Portal,10673,5604,64.5,10.4,6.64,3.95,99.5,10,TAYSEER_DWH,2026-07-09 03:15:00
2026-05-01,Al-Jouf,Identity & Civil Affairs,Web Portal,5220,2659,63.8%,10.9,6.78,4.41,n/a,2,TAYSEER_DWH,2026-07-09 03:15:00
2025-09-01,Jazan,Business & Licensing,Call Center,12067,-,48.0,33.0,31.27,3.4,91.7,14,TAYSEER_DWH,2026-07-09 03:15:00
2026-03-01,Madinah,Justice & Notary,Mobile App,20972,7855,59.3,11.8,4.94,4.52,99.0,8,CHANNEL_API,2026-07-09 03:15:00
2025-07-01,albaha,Labour & HR Services,Branch Office,4346,3501,56.2,30.5,48.11,3.54,86.6,4,REGIONAL_UPLOAD,2026-07-09 03:15:00
2026-03-01,Riyadh,Justice & Notary,Call Center,30322,19517,64.1,28.3,25.66,3.9,89.9,19,TAYSEER_DWH,2026-07-09 03:15:00
2025-10-01,Madinah,Business & Licensing,Mobile App,30228,12332,59.9,10.4,4.99,4.37,n/a,13,TAYSEER_DWH,2026-07-09 03:15:00
2025-10-01,Najran,Social Support & Subsidies,Call Center,3584,2282,52.0,20.7,22.45,3.8,92.2,2,TAYSEER_DWH,2026-07-09 03:15:00
2026-04-01,Qassim,Justice & Notary,Call Center,"4,891",3132,62.7,28.4,25.48,3.57,91.7,6,TAYSEER_DWH,2026-07-09 03:15:00
2026-05-01,Najran,Municipal Services,Branch,7127,5552,51.0,34.4,53.85,N/A,?,10,TAYSEER_DWH,2026-07-09 03:15:00
2025-11-01,Asir,Municipal Services,Branch,19101,16353,61.1,30.9,60.08,3.28,84.3,25,TAYSEER_DWH,2026-07-09 03:15:00
2025-10-01,Hail,Traffic & Transport,Web Portal,6948,3672,62.5,7.5,6.24,4.26,96.5,3,TAYSEER_DWH,2026-07-09 03:15:00
2025-09-01,Northern Borders,Labour & HR Services,Mobile App,5448,2140,61.1,6.1,4.69,4.69,98.9,1,TAYSEER_DWH,2026-07-09 03:15:00
2026-05-01,Northern Borders,Health Services,Call Center,3772,2503,60.4,15.9,26.82,4.11,93.8,2,TAYSEER_DWH,2026-07-09 03:15:00
2025-10-01,Northern Borders,Business & Licensing,Portal,2362,1176,59.9,15.9,n/a,4.2,98.9,1,REGIONAL_UPLOAD,2026-07-09 03:15:00
2026-06-01,Riyadh,Identity & Civil Affairs,Mobile App,"250,278",94300,67.7,5.7,3.8,4.68,97.0,41,TAYSEER_DWH,2026-07-09 03:15:00
2026-03-01,Al-Jouf,Traffic & Transport,Branch,5103,4030,144.5,26.7,46.32,3.49,90.6,9,TAYSEER_DWH,2026-07-09 03:15:00
2025-09-01,Tabuk,Labour & HR Services,Web Portal,7484,3866,66.3,10.5,7.18,3.95,98.6,7,TAYSEER_DWH,2026-07-09 03:15:00
2025-07-01,Tabuk,Business & Licensing,Call Center,4615,3027,62.4,24.1,25.19,3.51,90.5,6,TAYSEER_DWH,2026-07-09 03:15:00
2026-01-01,Al-Baha,Business & Licensing,Call Center,3608,2341,52.9,29.4,26.29,3.63,89.6,3,REGIONAL_UPLOAD,2026-07-09 03:15:00
2026-04-01,Hail,Traffic & Transport,Call Center,5970,4088,63.6,17.6,20.24,3.83,89.8,6,CHANNEL_API,2026-07-09 03:15:00
2026-03-01,Qassim,Identity & Civil Affairs,Mobile App,43523,16884,67.4,6.4,4.23,4.4,99.5,20,REGIONAL_UPLOAD,2026-07-09 03:15:00
2026-06-01,Riyadh,Justice & Notary,Mobile App,85124,34363,64.4%,10.5,4.48,4.43,98.8,24,REGIONAL_UPLOAD,2026-07-09 03:15:00
2025-07-01,Asir,Labour & HR Services,Branch,16920,13893,152.8,28.4,55.93,3.45,85.0,18,TAYSEER_DWH,2026-07-09 03:15:00
2026-05-01,Makkah,Health Services,Web Portal,113336,60641,63.4,8.8,7.0,4.21,97.5,58,TAYSEER_DWH,2026-07-09 03:15:00
2026-05-01,Riyadh,Traffic & Transport,Web Portal,75559,37862,68.2,7.0,5.69,4.18,99.3,43,REGIONAL_UPLOAD,2026-07-09 03:15:00
2025-11-01,Hail,Education & Training,Mobile App,14472,5607,66.0,4.9,4.04,4.6,96.9,2,TAYSEER_DWH,2026-07-09 03:15:00
2026-02-01,Eastern Province,Traffic & Transport,Branch,31054,24874,68.3,22.0,42.62,3.51,89.0,34,TAYSEER_DWH,2026-07-09 03:15:00
2025-09-01,Jazan,Health Services,Call Center,19504,12971,51.3,18.6,27.29,3.58,93.4,25,REGIONAL_UPLOAD,2026-07-09 03:15:00
2025-07-01,Madinah,Labour & HR Services,Call Center,12825,8362,59.8,20.2,22.79,3.91,90.5,12,REGIONAL_UPLOAD,2026-07-09 05:40:00
2025-07-01,Eastern Province,Business & Licensing,Web Portal,30539,15457,63.9,12.7,7.63,4.19,n/a,13,TAYSEER_DWH,2026-07-09 03:15:00
2025/07/01,Hail,Identity & Civil Affairs,Call Center,"5,136",3220,66.3%,17.4,22.03,3.97,89.1,5,TAYSEER_DWH,2026-07-09 03:15:00
2025-10-01,Al-Jouf,Identity & Civil Affairs,Branch,6671,5422,63.3,32.6,47.83,3.6,88.6,6,CHANNEL_API,2026-07-09 03:15:00
2025-09-01,Tabuk,Education & Training,Call Center,8258,5261,67.2,14.6,19.34,3.63,90.6,8,TAYSEER_DWH,2026-07-09 03:15:00
2025-11-01,Asir,Traffic & Transport,Call Center,19588,12139,60.3,15.9,21.81,3.6,90.0,17,TAYSEER_DWH,2026-07-09 03:15:00
2026-04-01,Riyadh,Health Services,Mobile App,247208,97402,68.7,5.4,NULL,4.72,96.4,35,TAYSEER_DWH,2026-07-09 03:15:00
2025-08-01,Riyadh,Social Support & Subsidies,Web Portal,46838,23696,65.8,9.3,NULL,4.42,96.4,17,TAYSEER_DWH,2026-07-09 03:15:00
2025-08-01,Hail,Social Support & Subsidies,Call Center,3177,2014,61.4,18.8,22.06,3.94,91.1,4,REGIONAL_UPLOAD,2026-07-09 03:15:00
2025-09-01,Al-Baha,Municipal Services,Call Center,3878,2392,53.9,19.2,27.32,3.68,88.6,4,TAYSEER_DWH,2026-07-09 03:15:00
2026-06-01,Jazan,Justice & Notary,Web Portal,4392,2164,46.7,17.4,9.24,3.64,99.0,4,TAYSEER_DWH,2026-07-09 03:15:00
2026-04-01,Al-Jouf,Municipal Services,Web Portal,3718,1907,62.7,9.4,7.6,4.15,98.3,3,REGIONAL_UPLOAD,2026-07-09 03:15:00
2025-08-01,asir,Health Services,Mobile App,44495,16493,59.4,5.7,4.65,4.55,99.5,13,TAYSEER_DWH,2026-07-09 03:15:00
2025-12-01,Riyadh,Justice & Notary,Branch,"37,324",30890,63.7,47.4,NULL,null,90.4,49,TAYSEER_DWH,2026-07-09 03:15:00
2025-09-01,Makkah,Health Services,Web Portal,93490,48321,62.2,8.8,6.44,4.18,99.5,54,REGIONAL_UPLOAD,2026-07-09 03:15:00
2025-09-01,Hail,Business & Licensing,Call Center,4308,2887,60.3,30.0,26.09,3.67,91.4,5,CHANNEL_API,2026-07-09 03:15:00
2025-11-01,Hail,Business & Licensing,Web Portal,4172,2173,61.2,14.8,8.07,4.11,99.1,3,REGIONAL_UPLOAD,2026-07-09 03:15:00
2026-01-01,Madinah,Traffic & Transport,Web Portal,18665,9651,62.1%,8.9,5.25,4.48,99.5,8,TAYSEER_DWH,2026-07-09 03:15:00
2026-03-01,Ha'il,Municipal Services,Call Center,4785,3109,64.5,18.2,-2.65,3.97,90.3,4,TAYSEER_DWH,2026-07-09 03:15:00
2025-08-01,Al-Jouf,Municipal Services,Web Portal,3526,1855,61.1,11.1,,4.14,97.6,2,REGIONAL_UPLOAD,2026-07-09 03:15:00
2025-11-01,Riyadh,Labour & HR Services,Call Center,40748,24191,68.8,17.8,20.51,3.97,90.1,22,TAYSEER_DWH,2026-07-09 03:15:00
01-01-2026,Al Jouf,Municipal Services,Branch,4393,3750,62.8,33.4,51.78,null,93.1,3,REGIONAL_UPLOAD,2026-07-09 03:15:00
2026-01-01,Tabuk,Labour & HR Services,Branch,6358,5261,66.6,31.5,50.69,3.4,89.0,9,TAYSEER_DWH,2026-07-09 03:15:00
2026-01-01,Hail,Identity & Civil Affairs,Branch,"7,499",6328,67.2,28.0,48.26,3.78,91.1,6,TAYSEER_DWH,2026-07-09 03:15:00
2026-02-01,Makkah,Business & Licensing,Call Center,40269,24720,60.9,30.5,27.1,3.52,91.8,45,CHANNEL_API,2026-07-09 03:15:00
2026-05-01,Jazan,Justice & Notary,Call Center,8580,5440,46.6,28.9,31.37,3.31,88.5,11,REGIONAL_UPLOAD,2026-07-09 03:15:00
Sep-2025,Eastern Province,Business & Licensing,Mobile App,76016,27134,65.0,10.0,4.67,4.3,97.4,45,TAYSEER_DWH,2026-07-09 03:15:00
2025-11-01,Hail,Municipal Services,Call Center,4403,2621,64.3,23.8,23.82,3.74,89.2,4,TAYSEER_DWH,2026-07-09 03:15:00
2025-12-01,Najran,Labour & HR Services,App,9133,3635,51.2,6.4,4.45,4.38,97.2,4,TAYSEER_DWH,2026-07-09 03:15:00
2026-04-01,Eastern Province,Business & Licensing,Branch,32225,26099,66.3%,42.5,57.01,3.52,91.8,53,REGIONAL_UPLOAD,2026-07-09 03:15:00
2025-11-01,Al-Baha,Justice & Notary,Branch,"2,736",2200,50.7,133.9,66.57,3.37,86.2,3,TAYSEER_DWH,2026-07-09 03:15:00
2026-02-01,Hail,Health Services,Mobile App,16771,6789,64.9,5.5,4.54,4.81,97.3,1,TAYSEER_DWH,2026-07-09 03:15:00
2025-08-01,Tabuk,Municipal Services,Branch,7943,6755,62.8,29.0,57.28,3.29,92.2,9,TAYSEER_DWH,2026-07-09 03:15:00
2026-06-01,Tabuk,Social Support & Subsidies,Call Center,"4,950",3296,64.2,21.8,24.26,3.56,90.4,6,TAYSEER_DWH,2026-07-09 03:15:00
2026-04-01,Northern Borders,Business & Licensing,Mobile App,5288,2025,60.3,10.8,5.14,4.42,99.5,3,TAYSEER_DWH,2026-07-09 03:15:00
2026-01-01,Madinah,Labour & HR Services,Mobile App,33090,12537,61.9,7.2,4.1,4.59,,9,REGIONAL_UPLOAD,2026-07-09 03:15:00
2026-02-01,Riyadh,Education & Training,Mobile App,147649,53638,68.6,4.3,3.05,4.69,99.5,27,REGIONAL_UPLOAD,2026-07-09 03:15:00
2025-12-01,hail ,Traffic & Transport,Web Portal,8723,4554,62.5,7.5,6.55,N/A,99.5,6,TAYSEER_DWH,2026-07-09 03:15:00
2025-12-01,Madinah,Identity & Civil Affairs,Mobile App,53391,20733,60.3,6.5,4.01,4.94,96.6,2,TAYSEER_DWH,2026-07-09 03:15:00
2025-11-01,N. Borders,Business & Licensing,web portal,2268,1117,59.9,0.0,8.17,4.26,96.7,1,REGIONAL_UPLOAD,2026-07-09 03:15:00
2025-07-01,Jazan,Justice & Notary,Mobile App,9798,3779,46.1,12.8,6.23,4.03,96.1,8,TAYSEER_DWH,2026-07-09 03:15:00
2025-11-01,Northern Borders,Traffic & Transport,Mobile App,7642,3009,61.1,5.5,4.07,4.46,97.7,2,TAYSEER_DWH,2026-07-09 03:15:00
01/03/2026,riyadh,Social Support & Subsidies,Web Portal,42809,22630,67.3,10.0,6.31,4.43,99.2,6,TAYSEER_DWH,2026-07-09 03:15:00
2025-11-01,Al-Baha,Social Support & Subsidies,Mobile App,5408,1991,159.9,8.3,4.44,4.51,99.5,2,TAYSEER_DWH,2026-07-09 03:15:00
2025-08-01,Najran,Labour & HR Services,Web Portal,3211,1626,51.2,9.8,7.47,,97.4,2,TAYSEER_DWH,2026-07-09 03:15:00
2025-08-01,Riyadh,Health Services,Call Center,57547,38625,67.2,14.4,21.0,4.06,91.0,44,CHANNEL_API,2026-07-09 03:15:00
2025-09-01,Asir,Labour & HR Services,Mobile App,35919,13139,59.0,7.7,4.48,4.38,99.5,13,REGIONAL_UPLOAD,2026-07-09 03:15:00
07-01-2025,Tabuk,Justice & Notary,Mobile App,8772,3328,62.2,11.6,6.03,4.08,95.7,6,TAYSEER_DWH,2026-07-09 03:15:00
2025-09-01,Riyadh,Justice & Notary,Call Center,28955,17797,63.2,29.3,22.83,3.85,89.6,25,TAYSEER_DWH,2026-07-09 03:15:00
02-01-2026,Eastern Province,Health Services,Branch,"37,190",30466,66.9,25.9,49.03,3.79,91.7,35,TAYSEER_DWH,2026-07-09 03:15:00
01/10/2025,Northern Borders,Justice & Notary,Mobile App,3582,1352,59.1,11.3,6.56,4.57,99.2,1,REGIONAL_UPLOAD,2026-07-09 03:15:00
07-01-2025,Al-Baha,Social Support & Subsidies,Web Portal,1984,993,53.3,12.7,6.47,4.09,99.5,1,TAYSEER_DWH,2026-07-09 03:15:00
2026-01-01,Qassim,Traffic & Transport,Call Center,"11,600",7256,65.9,15.3,20.4,3.55,88.8,13,TAYSEER_DWH,2026-07-09 03:15:00
2026-02-01,Riyadh,Municipal Services,Mobile App,128640,49814,65.4,6.5,4.11,4.5,98.9,35,TAYSEER_DWH,2026-07-09 03:15:00
2025-12-01,Jazan,Municipal Services,Web Portal,9827,4894,135.9,12.8,8.78,3.88,96.6,8,TAYSEER_DWH,2026-07-09 03:15:00
2026-06-01,Eastern Province,Business & Licensing,Call Center,26770,17151,66.1,28.9,22.87,3.77,91.9,31,CHANNEL_API,2026-07-09 03:15:00
2025-09-01,Riyadh,Social Support & Subsidies,Call Center,33397,21315,66.4,20.2,20.11,4.02,91.6,18,TAYSEER_DWH,2026-07-09 03:15:00
2025-09-01,Madinah,Justice & Notary,Web Portal,8609,4410,58.8,14.4,8.05,,99.5,4,TAYSEER_DWH,2026-07-09 03:15:00
2026-06-01,HAIL,Labour & HR Services,Web Portal,4764,2452,65.3,9.1,6.42,4.32,98.8,2,CHANNEL_API,2026-07-09 03:15:00
2025-12-01,Madinah,Education & Training,Call Center,13697,8669,64.8,15.3,19.81,4.05,89.2,10,TAYSEER_DWH,2026-07-09 03:15:00
2025-08-01,Al-Jouf,Social Support & Subsidies,Mobile App,5860,2322,60.7,7.1,,4.53,95.8,1,CHANNEL_API,2026-07-09 03:15:00
2026-02-01,Makkah,Identity & Civil Affairs,Mobile App,220150,85083,66.8,8.0,4.01,4.44,95.9,68,TAYSEER_DWH,2026-07-09 03:15:00
2025-07-01,Najran,Justice & Notary,Mobile App,4668,1900,49.9,12.1,5.63,4.28,97.8,3,REGIONAL_UPLOAD,2026-07-09 05:40:00
2025-10-01,Asir,Social Support & Subsidies,Branch,15829,11889,56.7,30.8,52.28,3.51,85.2,22,TAYSEER_DWH,2026-07-09 03:15:00
2025-09-01,Hail,Health Services,Web Portal,6996,3603,64.3,7.7,6.84,4.46,94.2,2,REGIONAL_UPLOAD,2026-07-09 03:15:00
2025-10-01,Sharqiyah,Traffic & Transport,Mobile App,128878,50793,67.6,4.4,3.92,4.46,96.9,44,REGIONAL_UPLOAD,2026-07-09 03:15:00
2025-10-01,Jazan,Business & Licensing,Mobile App,18703,7131,48.5%,11.8,5.88,3.98,98.1,11,TAYSEER_DWH,2026-07-09 03:15:00
2026-01-01,Qassim,Education & Training,Branch,11151,8586,67.1,21.9,42.18,3.71,93.3,12,TAYSEER_DWH,2026-07-09 03:15:00
2025-11-01,Eastern Province,Education & Training,Web Portal,40633,21112,68.2,7.0,,4.43,99.5,17,TAYSEER_DWH,2026-07-09 03:15:00
2026-02-01,Al-Jouf,Labour & HR Services,Mobile App,7271,2739,61.5,6.5,4.37,4.49,97.6,3,TAYSEER_DWH,2026-07-09 03:15:00
2025-08-01,Northern Borders,Social Support & Subsidies,Branch Office,2537,2119,59.5,35.9,59.79,3.58,90.9,2,TAYSEER_DWH,2026-07-09 03:15:00
2026-05-01,Jazan,Health Services,Mobile App,34204,12693,51.9,6.3,5.04,4.34,98.2,19,TAYSEER_DWH,2026-07-09 03:15:00
2026-01-01,Najran,Education & Training,Branch,6436,5356,55.6,21.8,47.64,3.67,90.0,6,TAYSEER_DWH,2026-07-09 03:15:00
2025-08-01,Al-Baha,Health Services,Mobile App,9548,3621,56.9,6.4,4.46,4.55,98.3,2,CHANNEL_API,2026-07-09 03:15:00
Feb-2026,Asir,Health Services,Mobile App,46684,17133,59.7,6.3,4.44,4.74,99.5,4,TAYSEER_DWH,2026-07-09 03:15:00
2025-10-01,Al-Jouf,Identity & Civil Affairs,Call Center,4907,3074,63.3,17.1,22.62,3.92,91.8,4,TAYSEER_DWH,2026-07-09 03:15:00
2026-06-01,Qassim,Social Support & Subsidies,Mobile App,"18,787",7418,65.3,6.1,4.24,4.26,99.5,10,REGIONAL_UPLOAD,2026-07-09 03:15:00
2025-08-01,Hail,Education & Training,Call Center,6350,4106,65.8,12.1,19.96,3.96,91.4,5,TAYSEER_DWH,2026-07-09 03:15:00
2025-09-01,Makkah,Social Support & Subsidies,Call Center,41848,28287,60.1,21.7,22.66,3.74,92.3,31,TAYSEER_DWH,2026-07-09 03:15:00
2025-08-01,Tabuk,Education & Training,Call Center,7908,5118,66.8,14.7,19.31,3.66,91.2,9,CHANNEL_API,2026-07-09 03:15:00
2025/11/01,Asir,Traffic & Transport,Branch,24425,20430,60.3,26.6,47.58,3.41,90.7,27,TAYSEER_DWH,2026-07-09 03:15:00
2025-10-01,asir,Business & Licensing,Branch,15828,12747,59.7,118.7,62.87,3.26,84.3,24,TAYSEER_DWH,2026-07-09 03:15:00
2026-02-01,Asir,Traffic & Transport,Call Center,14871,9568,60.4,14.6,20.94,3.81,90.8,14,TAYSEER_DWH,2026-07-09 03:15:00
2026-02-01,Najran,Traffic & Transport,Branch,"6,207",4965,53.9,28.4,41.36,3.41,92.8,6,TAYSEER_DWH,2026-07-09 03:15:00
2025-12-01,منطقة الرياض,Identity & Civil Affairs,Branch,88610,72055,67.3,25.8,43.86,3.86,89.1,99,TAYSEER_DWH,2026-07-09 03:15:00
2025-07-01,Hail,Business & Licensing,Mobile App,9175,3442,60.4,9.9,5.28,4.33,98.8,5,REGIONAL_UPLOAD,2026-07-09 03:15:00
2025-11-01,Riyadh,Education & Training,Call Center,48671,31159,68.7,10.4,17.45,4.1,94.3,28,TAYSEER_DWH,2026-07-09 03:15:00
2026-03-01,Riyadh,Municipal Services,Mobile App,171237,65449,66.0,5.9,3.82,4.64,?,34,TAYSEER_DWH,2026-07-09 03:15:00
05-01-2026,Hail,Identity & Civil Affairs,Mobile App,21285,7547,68.2%,6.1,4.11,4.72,98.2,2,TAYSEER_DWH,2026-07-09 03:15:00
2026-05-01,Asir,Traffic & Transport,Mobile App,48114,18279,60.7,5.9,4.08,4.37,99.5,14,TAYSEER_DWH,2026-07-09 03:15:00
2026-02-01,Makkah,Education & Training,Branch,54108,45485,63.6,21.5,39.99,3.57,90.0,66,REGIONAL_UPLOAD,2026-07-09 03:15:00
2026-05-01,Najran,Justice & Notary,Web Portal,1783,949,50.8,15.7,8.85,3.99,98.3,1,TAYSEER_DWH,2026-07-09 03:15:00
2025-07-01,Najran,Justice & Notary,Call Center,2682,1779,49.9,33.6,28.15,3.63,91.6,3,TAYSEER_DWH,2026-07-09 03:15:00
2025-07-01,Al-Baha,Identity & Civil Affairs,Web Portal,4585,2310,55.2,10.5,7.49,4.21,96.1,3,REGIONAL_UPLOAD,2026-07-09 03:15:00
2025-07-01,Hail,Business & Licensing,Branch,4947,4186,60.4%,41.4,57.84,3.31,87.5,8,TAYSEER_DWH,2026-07-09 03:15:00
2026/01/01,madinah,Business & Licensing,Call Center,13246,8685,60.8,30.3,25.6,3.95,?,10,REGIONAL_UPLOAD,2026-07-09 03:15:00
2025-09-01,Najran,Social Support & Subsidies,Call Center,3568,,51.9,19.6,24.85,3.79,90.7,3,TAYSEER_DWH,2026-07-09 03:15:00
2025-11-01,Qassim,Education & Training,Call Center,8467,5568,67.3,13.6,18.49,3.79,90.6,9,TAYSEER_DWH,2026-07-09 03:15:00
2025-10-01,Madinah,Business & Licensing,Web Portal,12339,6067,59.9,15.1,8.01,4.31,95.9,6,TAYSEER_DWH,2026-07-09 03:15:00
2025-07-01,Tabuk,Identity & Civil Affairs,Web Portal,10730,5544,62.9,10.4,6.03,4.07,99.4,6,REGIONAL_UPLOAD,2026-07-09 03:15:00
2026-02-01,Najran,Justice & Notary,Mobile App,4312,1687,50.1,12.7,5.88,4.21,99.3,2,TAYSEER_DWH,2026-07-09 03:15:00
2025-11-01,asir,Business & Licensing, Branch,16125,13571,59.0,84.3,59.96,3.2,85.4,15,TAYSEER_DWH,2026-07-09 03:15:00
2025-07-01,Madinah,Social Support & Subsidies,Mobile App,23515,9080,59.4,7.4,3.83,4.68,95.9,3,REGIONAL_UPLOAD,2026-07-09 03:15:00
2025-10-01,N. Borders,Identity & Civil Affairs,Mobile App,9956,3804,62.3,7.1,4.7,4.6,97.7,3,TAYSEER_DWH,2026-07-09 03:15:00
2025-09-01,Jazan,Education & Training,Branch,27057,20785,50.5,23.0,51.63,3.34,87.2,31,REGIONAL_UPLOAD,2026-07-09 03:15:00
06-01-2026,Jizan,Traffic & Transport,Branch,22111,17813,52.3,0.0,48.2,3.01,90.4,39,TAYSEER_DWH,2026-07-09 03:15:00
2026-04-01,Qassim,Business & Licensing,Web Portal,7970,4056,65.0,13.0,7.94,3.86,95.4,6,REGIONAL_UPLOAD,2026-07-09 03:15:00
2025-09-01,Madinah,Justice & Notary,Call Center,7902,5098,58.8,31.8,28.66,3.89,94.3,8,TAYSEER_DWH,2026-07-09 03:15:00
2026-03-01,Aljouf,Health Services,Mobile App,12671,4812,62.9,5.3,4.31,null,99.5,2,CHANNEL_API,2026-07-09 03:15:00
2025-07-01,Eastern Province,Labour & HR Services,Branch,32973,26938,65.8,27.8,46.51,3.58,89.9,35,TAYSEER_DWH,2026-07-09 03:15:00
03-01-2026,Riyadh,Business & Licensing,Mobile App,137322,52994,64.5,9.1,4.84,4.51,98.0,43,TAYSEER_DWH,2026-07-09 03:15:00
2026-06-01,Ha'il,Identity & Civil Affairs,Call Center,6176,4149,68.0,17.3,21.37,3.97,90.1,5,TAYSEER_DWH,2026-07-09 03:15:00
2025/11/01,Al-Baha,Traffic & Transport,Web Portal,4011,NA,56.2,8.5,6.35,4.03,99.5,3,CHANNEL_API,2026-07-09 03:15:00
Jul-2025,Najran,Traffic & Transport,Call Center,5488,3462,54.2,17.4,19.86,3.74,93.1,5,TAYSEER_DWH,2026-07-09 03:15:00
2026-01-01,Aljouf,Municipal Services,Call Center,3259,2162,62.8,21.4,24.55,3.74,90.4,2,TAYSEER_DWH,2026-07-09 03:15:00
2026-05-01,Qassim,Municipal Services,Call Center,9949,6297,63.2,19.7,20.94,3.58,91.7,8,REGIONAL_UPLOAD,2026-07-09 03:15:00
2026-03-01,Eastern Province,Traffic & Transport,Mobile App,134058,52942,68.2,5.2,3.66,4.47,99.5,49,TAYSEER_DWH,2026-07-09 03:15:00
2026-06-01,Al-Jouf,Education & Training,Branch,4361,3663,63.3%,21.9,44.83,3.65,93.1,5,TAYSEER_DWH,2026-07-09 03:15:00
2025-11-01,Jazan,Traffic & Transport,Call Center,19006,12203,51.9,15.2,23.27,null,92.1,22,CHANNEL_API,2026-07-09 03:15:00
Jan-2026,Northern Borders,Business & Licensing,Call Center,2228,1463,60.1,32.7,30.69,3.75,88.7,2,CHANNEL_API,2026-07-09 03:15:00
2026/02/01,Hail,Business & Licensing,Branch,3782,3131,62.5,43.1,58.8,3.49,89.4,4,TAYSEER_DWH,2026-07-09 03:15:00
Nov-2025,Al-Jouf,Identity & Civil Affairs,Call Center,4977,3111,63.4,17.7,21.97,3.87,91.4,5,TAYSEER_DWH,2026-07-09 03:15:00
2025-10-01,Northern Borders,Identity & Civil Affairs,Call Center,3563,2422,62.3,19.5,23.86,4.04,89.7,3,TAYSEER_DWH,2026-07-09 03:15:00
2026-02-01,Eastern Province,Health Services,Web Portal,48368,24208,66.9,8.2,,4.44,96.2,15,TAYSEER_DWH,2026-07-09 03:15:00
2026-05-01,Northern Borders,Social Support & Subsidies,App,4554,1764,59.9,6.9,4.55,4.6,99.5,1,TAYSEER_DWH,2026-07-09 03:15:00
2026-02-01,Najran,Identity & Civil Affairs,Mobile App,12129,4556,51.3,7.1,4.54,4.43,97.8,4,REGIONAL_UPLOAD,2026-07-09 03:15:00
2025-11-01,Jazan,Business & Licensing,Call Center,12400,8254,48.1,30.3,30.45,3.38,88.2,14,TAYSEER_DWH,2026-07-09 03:15:00
2025-11-01,Northern Borders,Labour & HR Services,Branch,2922,2467,61.1,29.9,55.83,3.55,87.2,4,TAYSEER_DWH,2026-07-09 03:15:00
04-01-2026,Asir,Business & Licensing,Mobile App,33207,12890,59.2,10.3,5.83,4.3,99.5,17,TAYSEER_DWH,2026-07-09 03:15:00
2025/08/01,Makkah,Business & Licensing,Web Portal,52235,27208,60.1,17.0,8.14,3.9,97.1,28,TAYSEER_DWH,2026-07-09 03:15:00
2026-01-01,Najran,Identity & Civil Affairs,Web Portal,5533,2794,51.5,10.7,6.8,4.16,n/a,3,TAYSEER_DWH,2026-07-09 03:15:00
2025-10-01,Madinah,Health Services,Web Portal,23244,12351,61.8,8.9,6.54,4.57,98.4,5,REGIONAL_UPLOAD,2026-07-09 03:15:00
Sep-2025,Eastern Province,Traffic & Transport,Web Portal,51605,26333,67.4,8.2,5.89,4.21,98.2,36,TAYSEER_DWH,2026-07-09 03:15:00
2026/06/01,Najran,Social Support & Subsidies,Call Center,3949,2532,52.5,17.3,23.97,3.8,89.6,5,TAYSEER_DWH,2026-07-09 03:15:00
2026-06-01,Riyadh,Traffic & Transport,Call Center,65194,41400,68.1%,14.2,19.05,3.98,88.5,52,CHANNEL_API,2026-07-09 03:15:00
2026-01-01,Northern Borders,Labour & HR Services,Branch,3103,NA,61.4,30.8,58.15,3.55,88.1,4,TAYSEER_DWH,2026-07-09 03:15:00
2026-05-01,Madinah,Social Support & Subsidies,Call Center,14586,9862,61.0,20.6,19.83,4.13,87.7,8,TAYSEER_DWH,2026-07-09 03:15:00
02-01-2026,منطقة نجران,Business & Licensing,Mobile App,7377,2809,51.1,9.8,5.44,4.16,97.5,4,TAYSEER_DWH,2026-07-09 03:15:00
2025-10-01,Makkah,Justice & Notary,Mobile App,76178,28985,60.0,11.3,5.15,4.21,99.5,41,TAYSEER_DWH,2026-07-09 03:15:00
2026-03-01,Makkah,Business & Licensing,Web Portal,42824,22356,60.8,15.6,8.43,4.07,98.0,26,TAYSEER_DWH,2026-07-09 03:15:00
2026-06-01,Northern Borders,Business & Licensing,Branch,2694,2178,60.7,45.7,69.55,3.64,90.6,3,TAYSEER_DWH,2026-07-09 03:15:00
2026-01-01,Al-Baha,Traffic & Transport,Branch,6095,5025,56.1,26.0,46.03,3.36,86.1,9,TAYSEER_DWH,2026-07-09 03:15:00
2026-04-01,Northern Borders,Justice & Notary,Branch,"1,649",1325,59.4,0.0,72.77,3.53,90.6,2,TAYSEER_DWH,2026-07-09 03:15:00
2025-08-01,Tabuk,Identity & Civil Affairs,Mobile App,23306,8631,62.9,6.7,4.59,4.46,98.8,8,TAYSEER_DWH,2026-07-09 03:15:00
2026-03-01,Northern Borders,Identity & Civil Affairs,Call Center,3404,2171,62.5,15.7,27.32,4.12,89.1,2,REGIONAL_UPLOAD,2026-07-09 03:15:00
2026-05-01,Riyadh,Health Services,Branch,73807,60406,69.0,26.7,49.34,3.99,88.7,58,TAYSEER_DWH,2026-07-09 03:15:00
2025-09-01,Madinah,Traffic & Transport,Call Center,18699,12214,61.2,18.4,19.51,3.89,93.4,15,CHANNEL_API,2026-07-09 03:15:00
2026-02-01,Tabuk,Business & Licensing,Call Center,"4,528",2848,64.0,29.1,28.19,3.39,92.4,6,REGIONAL_UPLOAD,2026-07-09 03:15:00
2025-08-01,Hail,Social Support & Subsidies,Mobile App,"8,395",3410,61.4,7.3,4.38,4.48,99.5,3,TAYSEER_DWH,2026-07-09 03:15:00
2025/08/01,Madinah,Business & Licensing,Call Center,10927,7017,59.7,32.8,24.8,3.78,91.5,7,TAYSEER_DWH,2026-07-09 03:15:00
01/10/2025,Northern Borders,Education & Training,Web Portal,2905,1464,62.4,8.5,6.68,null,96.7,1,CHANNEL_API,2026-07-09 03:15:00
2025-10-01,Riyadh,Business & Licensing,Call Center,41299,25506,64.1,24.5,23.07,3.91,93.6,35,CHANNEL_API,2026-07-09 03:15:00
2025-07-01,Qassim,Justice & Notary,Web Portal,5945,3080,61.3,17.0,8.65,3.98,96.2,5,TAYSEER_DWH,2026-07-09 03:15:00
2025/11/01,Asir,Social Support & Subsidies,Web Portal,10959,5872,57.1,9.8,7.79,4.15,99.5,7,TAYSEER_DWH,2026-07-09 03:15:00
2026-04-01,Makkah,Identity & Civil Affairs,Mobile App,"272,532",102011,67.1,6.2,3.81,4.47,99.2,90,CHANNEL_API,2026-07-09 03:15:00
2026-04-01,Aljouf,Labour & HR Services,Branch,4325,3722,61.8,24.8,49.43,3.58,92.5,5,TAYSEER_DWH,2026-07-09 03:15:00
2025-10-01,Al-Baha,Justice & Notary,Web Portal,1482,759,50.5,17.5,8.76,null,99.0,1,REGIONAL_UPLOAD,2026-07-09 03:15:00
2025-10-01,Tabuk,Business & Licensing,Web Portal,6424,3426,63.0,15.3,8.97,3.77,97.7,4,REGIONAL_UPLOAD,2026-07-09 03:15:00
2026-04-01,Makkah,Education & Training,Call Center,55214,35461,63.8,13.5,18.8,3.96,91.4,32,TAYSEER_DWH,2026-07-09 03:15:00
2025-10-01,Najran,Education & Training,Branch,6561,5323,55.1,1440.0,44.85,3.5,91.1,10,TAYSEER_DWH,2026-07-09 03:15:00
2026-01-01,Eastern Prov.,Traffic & Transport,Web Portal,50049,25390,68.4,6.6,6.16,4.27,99.5,27,TAYSEER_DWH,2026-07-09 03:15:00
2026-05-01,Qassim,Identity & Civil Affairs,Mobile App,39564,15908,67.0,6.1,4.23,4.4,99.5,16,TAYSEER_DWH,2026-07-09 03:15:00
2026-01-01,Hail,Health Services,Call Center,6558,4165,65.1,13.5,21.41,3.9,88.3,5,TAYSEER_DWH,2026-07-09 03:15:00
2026-06-01,Najran,Municipal Services,Mobile App,9308,3625,51.3,6.6,4.75,4.35,96.7,4,TAYSEER_DWH,2026-07-09 03:15:00
2026-01-01,Riyadh,Social Support & Subsidies,Branch,50346,43443,67.1,28.8,49.21,N/A,90.0,57,REGIONAL_UPLOAD,2026-07-09 03:15:00
2025-12-01,Northern Borders,Business & Licensing,Web Portal,2016,1042,60.5,16.1,9.51,4.06,96.2,1,TAYSEER_DWH,2026-07-09 03:15:00
2025-11-01,Tabuk,Identity & Civil Affairs,Branch,"12,621",10329,64.0,33.8,53.42,3.41,90.1,17,TAYSEER_DWH,2026-07-09 03:15:00
2025-07-01,Asir,Education & Training,Call Center,14426,9434,60.7,14.3,21.48,3.84,87.1,13,TAYSEER_DWH,2026-07-09 03:15:00
2025-07-01,Eastern Province,Identity & Civil Affairs,Web Portal,52215,25935,64.6,9.5,6.08,4.41,99.0,11,TAYSEER_DWH,2026-07-09 03:15:00
2026-04-01,Al-Baha,Municipal Services,Branch,4717,3848,54.1,37.1,58.66,3.44,93.0,4,CHANNEL_API,2026-07-09 03:15:00
2025-08-01,Al-Jouf,Identity & Civil Affairs,Call Center,4816,3114,62.8,18.3,20.93,3.86,91.2,5,TAYSEER_DWH,2026-07-09 03:15:00
2025-09-01,Asir,Business & Licensing,Mobile App,31366,12308,58.9,11.2,5.61,4.2,n/a,17,TAYSEER_DWH,2026-07-09 03:15:00
2025-07-01,Makkah,Business & Licensing,Web Portal,45991,24123,59.2,17.3,8.36,3.92,97.1,45,TAYSEER_DWH,2026-07-09 03:15:00
2026-01-01,Asir,Traffic & Transport,Call Center,19158,,60.1,15.5,21.21,3.72,,16,TAYSEER_DWH,2026-07-09 03:15:00
2025-09-01,EASTERN PROVINCE,Health Services,Mobile App,138234,53690,66.0,6.0,4.06,4.78,98.3,7,TAYSEER_DWH,2026-07-09 03:15:00
2025/08/01,Qassim,Health Services,Branch,"13,693",11494,65.8,25.5,51.18,3.52,91.1,22,TAYSEER_DWH,2026-07-09 03:15:00
2025-11-01,Al-Baha,Education & Training,Web Portal,3233,1624,56.0,7.8,6.31,4.28,96.3,2,TAYSEER_DWH,2026-07-09 03:15:00
2026-06-01,hail ,Health Services,Branch,7503,6098,65.4,24.3,54.99,3.85,87.3,8,TAYSEER_DWH,2026-07-09 03:15:00
2026-01-01,Qassim,Health Services,branch,15270,12808,67.4,23.3,51.31,3.47,92.8,19,TAYSEER_DWH,2026-07-09 03:15:00
2026-02-01,Tabuk,Business & Licensing,Branch,4390,3701,64.0,48.8,65.81,3.2,89.8,7,TAYSEER_DWH,2026-07-09 03:15:00
01/11/2025,tabuk,Labour & HR Services,Mobile App,16952,6898,66.4,6.2,4.6,4.17,95.9,10,TAYSEER_DWH,2026-07-09 03:15:00
2025-12-01,منطقة مكة المكرمة,Traffic & Transport,Branch,127208,104655,62.2,25.9,44.51,3.37,94.1,216,TAYSEER_DWH,2026-07-09 03:15:00
2026-03-01,Qassim,Identity & Civil Affairs,Web Portal,"15,588",8194,67.4,9.6,6.04,4.12,96.3,13,CHANNEL_API,2026-07-09 03:15:00
2025-08-01,Qassim,Education & Training,Branch,15741,12984,66.4,24.0,44.96,3.55,91.0,16,REGIONAL_UPLOAD,2026-07-09 03:15:00
2026-03-01,Qassim,Education & Training,Call Center,9191,5740,67.4,14.5,,3.77,87.6,9,TAYSEER_DWH,2026-07-09 03:15:00
2026-05-01,Asir,Traffic & Transport,Call Center,20474,13079,60.7,14.4,23.58,3.76,87.7,21,CHANNEL_API,2026-07-09 03:15:00
2025-10-01,Qassim,Municipal Services,Mobile App,25284,9743,62.5,5.8,,4.14,96.8,8,TAYSEER_DWH,2026-07-09 03:15:00
2025-11-01,NAJRAN,Identity & Civil Affairs,Mobile App,13251,4683,51.8,7.9,4.44,4.53,99.5,3,TAYSEER_DWH,2026-07-09 03:15:00
2026-06-01,Eastern Province,Health Services,Web Portal,51057,25647,67.2,8.8,6.81,4.39,98.4,24,TAYSEER_DWH,2026-07-09 03:15:00
2025-08-01,Eastern Province,Municipal Services,Mobile App,87181,32214,66.8,6.4,4.37,4.46,98.0,33,CHANNEL_API,2026-07-09 03:15:00
2026-05-01,Madinah,Health Services,Branch,32114,26706,63.0,29.2,53.48,3.92,89.7,30,TAYSEER_DWH,2026-07-09 03:15:00
2025-08-01,Al-Jouf,Traffic & Transport,Call Center,"3,967",2441,63.6,14.2,21.16,3.78,93.5,4,TAYSEER_DWH,2026-07-09 03:15:00
2025-11-01,Hail,Identity & Civil Affairs,Branch,7685,-,66.8,28.8,48.48,3.69,89.2,4,TAYSEER_DWH,2026-07-09 03:15:00
2025-09-01,منطقة نجران,Education & Training,Branch,9998,7933,54.8,24.6,46.48,null,91.7,13,TAYSEER_DWH,2026-07-09 03:15:00
2025-07-01,Jazan,Education & Training,Mobile App,19385,7229,50.4,5.9,4.73,4.29,99.0,9,TAYSEER_DWH,2026-07-09 03:15:00
2026-01-01,Qassim,Identity & Civil Affairs,Call Center,11809,7815,66.8,17.5,22.1,3.56,92.4,12,TAYSEER_DWH,2026-07-09 03:15:00
2025-10-01,Northern Borders,Health Services,Branch,4665,3879,60.0,25.0,56.66,3.72,n/a,4,TAYSEER_DWH,2026-07-09 03:15:00
2026-04-01,Northern Borders,Social Support & Subsidies,Call Center,1908,1195,59.8,20.9,22.3,4.09,88.2,1,TAYSEER_DWH,2026-07-09 03:15:00
2026-01-01,Northern Borders,Justice & Notary,Web Portal,1422,741,59.0,17.0,9.59,4.3,96.7,1,REGIONAL_UPLOAD,2026-07-09 03:15:00
01/03/2026,Makkah,Traffic & Transport,Web Portal,77379,39268,63.0,8.8,5.6,4.03,99.5,57,CHANNEL_API,2026-07-09 03:15:00
2026-04-01,Asir,Municipal Services,Branch,"16,080",13097,61.4,32.9,59.56,,89.2,23,TAYSEER_DWH,2026-07-09 03:15:00
2026-06-01,Najran,Business & Licensing,Web Portal,2897,1497,51.0,18.6,8.31,3.87,99.5,2,TAYSEER_DWH,2026-07-09 03:15:00
2026-04-01,Asir,Municipal Services,Web Portal,14580,7016,61.4,10.0,7.95,4.17,98.8,10,TAYSEER_DWH,2026-07-09 03:15:00
2026-04-01,Jazan,Labour & HR Services,Web Portal,7921,4051,48.4,10.6,7.01,4.01,97.7,5,TAYSEER_DWH,2026-07-09 03:15:00
2026-02-01,Asir,Business & Licensing,Web Portal,10713,5453,59.0,15.4,8.11,3.94,94.7,6,TAYSEER_DWH,2026-07-09 03:15:00
Nov-2025,Northern Borders,Identity & Civil Affairs,Branch,4787,3914,62.7,28.8,56.99,3.71,86.9,4,CHANNEL_API,2026-07-09 03:15:00
2025-12-01,Northern Borders,Labour & HR Services,Mobile App,5613,2011,61.5,6.5,4.34,4.73,97.0,1,REGIONAL_UPLOAD,2026-07-09 03:15:00
2025-08-01,Najran,Labour & HR Services,Mobile App,"7,366",,51.2,6.9,4.37,4.4,96.1,2,TAYSEER_DWH,2026-07-09 03:15:00
2026-04-01,Tabuk,Justice & Notary,Mobile App,"10,235",4197,63.8,11.2,5.14,-,99.5,7,TAYSEER_DWH,2026-07-09 03:15:00
2025-08-01,Najran,Traffic & Transport,Mobile App,12116,4716,54.0,5.8,4.02,4.24,99.5,6,TAYSEER_DWH,2026-07-09 03:15:00
2026-03-01,Jazan,Education & Training,Mobile App,25048,9931,51.1,5.1,4.3,4.36,99.5,11,TAYSEER_DWH,2026-07-09 03:15:00
2026-06-01,Madinah,Identity & Civil Affairs,Call Center,"23,473",15483,61.3,17.8,20.23,3.96,93.5,12,TAYSEER_DWH,2026-07-09 03:15:00
2026-05-01,Riyadh,Labour & HR Services,Call Center,40449,26058,70.3,16.3,19.21,3.99,91.1,36,TAYSEER_DWH,2026-07-09 03:15:00
2025-07-01,Al-Baha,Business & Licensing,Branch,3801,2959,52.5,121.9,59.77,3.15,86.4,7,TAYSEER_DWH,2026-07-09 03:15:00
2025-10-01,Al-Jouf,Municipal Services,Mobile App,"8,959",3511,61.8,7.4,4.19,4.39,99.5,4,CHANNEL_API,2026-07-09 03:15:00
2025-08-01,Qassim,Municipal Services,Call Center,8369,5464,61.8,16.6,23.73,3.71,93.6,10,REGIONAL_UPLOAD,2026-07-09 03:15:00
2026-03-01,Madinah,Labour & HR Services,Mobile App,35381,13678,62.0,6.4,4.16,4.65,96.4,6,REGIONAL_UPLOAD,2026-07-09 03:15:00
2025-11-01,Tabuk,Social Support & Subsidies,Mobile App,11916,4851,63.1,7.1,4.08,4.36,96.0,5,TAYSEER_DWH,2026-07-09 03:15:00
01/09/2025,Eastern Province,Business & Licensing,Branch,35340,29967,65.0,43.1,53.37,3.42,89.4,35,TAYSEER_DWH,2026-07-09 03:15:00
12-01-2025,Najran,Education & Training,Call Center,4591,3001,55.7,15.5,19.94,3.81,89.3,5,REGIONAL_UPLOAD,2026-07-09 03:15:00
2025-08-01,منطقة القصيم,Traffic & Transport,Mobile App,32342,12183,64.6,4.6,3.88,4.2,97.5,17,TAYSEER_DWH,2026-07-09 03:15:00
Mar-2026,Hail,Traffic & Transport,MOBILE_APP,16850,6166,63.6,5.5,3.74,4.59,97.8,4,TAYSEER_DWH,2026-07-09 03:15:00
2025-07-01,Riyadh,Municipal Services,Mobile App,143347,55210,64.1,6.5,4.16,4.46,98.0,57,TAYSEER_DWH,2026-07-09 03:15:00
2025-09-01,Makkah,Justice & Notary,Branch,44327,37188,59.7,118.2,61.0,,85.6,68,CHANNEL_API,2026-07-09 03:15:00
2025-10-01,Najran,Social Support & Subsidies,Branch,5338,4300,52.0,34.1,48.97,3.41,89.8,7,TAYSEER_DWH,2026-07-09 03:15:00
2025-11-01,Al-Jouf,Identity & Civil Affairs,Branch,6607,5274,63.4,30.6,46.6,3.64,86.4,7,TAYSEER_DWH,2026-07-09 03:15:00
2025-11-01,منطقة الباحة,Justice & Notary,Web Portal,1565,828,50.7,18.7,9.1,4.02,95.5,1,TAYSEER_DWH,2026-07-09 03:15:00
2026-03-01,N. Borders,Traffic & Transport,Web Portal,3138,1582,61.1,8.2,6.29,4.46,97.3,1,TAYSEER_DWH,2026-07-09 03:15:00
2026-02-01,Tabuk,Identity & Civil Affairs,Call Center,7285,4734,64.1,16.9,22.55,3.65,92.0,7,TAYSEER_DWH,2026-07-09 03:15:00
2026-03-01,Riyadh,Identity & Civil Affairs,Branch,92239,81602,66.9,28.1,45.43,3.69,90.5,83,TAYSEER_DWH,2026-07-09 03:15:00
2026-04-01,Asir,Business & Licensing,Branch,"17,266",,59.2%,123.0,72.94,3.18,,29,REGIONAL_UPLOAD,2026-07-09 03:15:00
2025-11-01,Asir,Identity & Civil Affairs,web portal,23918,12582,61.5,10.1,7.22,4.18,96.4,14,REGIONAL_UPLOAD,2026-07-09 03:15:00
2025-11-01,asir,Traffic & Transport,Web Portal,20276,10337,60.3,7.8,6.98,4.14,97.1,13,TAYSEER_DWH,2026-07-09 03:15:00
2025-12-01,Al-Baha,Health Services,Web Portal,4127,2057,57.3,9.0,7.45,4.39,95.8,2,REGIONAL_UPLOAD,2026-07-09 05:40:00
2025-12-01,Hail,Business & Licensing,Call Center,3878,2328,62.2,25.1,27.03,3.72,89.8,4,CHANNEL_API,2026-07-09 03:15:00
2025-11-01,Madinah,Justice & Notary,call center,9139,5960,58.5,34.4,26.83,3.9,92.2,9,TAYSEER_DWH,2026-07-09 03:15:00
2026-05-01,albaha,Identity & Civil Affairs,Branch,6682,5812,56.0,35.7,51.68,3.72,90.3,6,REGIONAL_UPLOAD,2026-07-09 03:15:00
2026-06-01,Eastern Province,Labour & HR Services,Mobile App,96325,36501,104.8,6.0,4.05,4.63,97.4,17,TAYSEER_DWH,2026-07-09 03:15:00
2026-02-01,Northern Borders,Municipal Services,mobile app,6453,2648,62.2,8.2,4.82,4.41,99.5,3,TAYSEER_DWH,2026-07-09 03:15:00
2026-06-01,Jazan,Social Support & Subsidies,Branch,12932,9995,49.1,31.5,61.75,,91.5,9,TAYSEER_DWH,2026-07-09 03:15:00
Jul-2025,Qassim,Social Support & Subsidies,Call Center,5920,3886,63.8,19.8,22.61,3.66,89.0,7,TAYSEER_DWH,2026-07-09 03:15:00
2026-03-01,Hail,Justice & Notary,Call Center,2763,1831,59.9,30.4,28.27,3.77,87.4,2,TAYSEER_DWH,2026-07-09 03:15:00
2025-12-01,Qassim,Business & Licensing,App,22143,8694,64.2,9.0,4.72,4.09,96.7,19,REGIONAL_UPLOAD,2026-07-09 05:40:00
2026-04-01,Qassim,Identity & Civil Affairs,Branch,16001,13320,67.1,25.8,44.12,3.5,90.4,19,REGIONAL_UPLOAD,2026-07-09 03:15:00
2025-10-01,Al-Baha,Education & Training,Call Center,3781,2433,56.6%,15.8,19.93,3.84,89.3,5,REGIONAL_UPLOAD,2026-07-09 03:15:00
2025-10-01,Tabuk,Social Support & Subsidies,Call Center,4510,2818,63.1,20.1,24.99,3.68,91.4,5,TAYSEER_DWH,2026-07-09 03:15:00
2026-03-01,N. Borders,Justice & Notary,Mobile App,3643,1319,59.5,11.6,6.74,4.45,96.3,1,CHANNEL_API,2026-07-09 03:15:00
2026-01-01,Makkah,Business & Licensing,Call Center,50016,31565,60.5,28.4,25.35,3.58,,63,TAYSEER_DWH,2026-07-09 03:15:00
2025-08-01,Hail,Social Support & Subsidies,Branch,4726,3843,61.4,34.0,49.87,N/A,90.0,5,CHANNEL_API,2026-07-09 03:15:00
2025-07-01,Jazan,Social Support & Subsidies,Call Center,8965,5856,48.6,21.8,26.25,3.68,87.3,7,CHANNEL_API,2026-07-09 03:15:00
2026-04-01,Riyadh,Traffic & Transport,Web Portal,82748,42786,68.0,7.2,5.76,4.36,,39,TAYSEER_DWH,2026-07-09 03:15:00
2026-04-01,Hail,Education & Training,Call Centre,4146,2659,67.6,15.4,20.92,3.95,88.5,3,REGIONAL_UPLOAD,2026-07-09 03:15:00
2025-11-01,Makkah ,Identity & Civil Affairs,Web Portal,101179,52365,65.4,11.3,7.2,4.29,99.5,44,CHANNEL_API,2026-07-09 03:15:00
2026-03-01,Al-Baha,Social Support & Subsidies,Web Portal,1954,956,53.5,12.6,6.61,4.39,99.5,1,TAYSEER_DWH,2026-07-09 03:15:00
03-01-2026,Qassim,Business & Licensing,Web Portal,8438,4166,64.9,13.5,8.17,3.97,99.5,6,TAYSEER_DWH,2026-07-09 03:15:00
2025-08-01,Asir,Justice & Notary,Call Center,8345,5252,55.4,30.2,30.56,3.54,90.8,10,TAYSEER_DWH,2026-07-09 03:15:00
2026-06-01,Tabuk,Labour & HR Services,Branch,6778,5490,66.7,30.8,47.2,3.4,n/a,9,TAYSEER_DWH,2026-07-09 03:15:00
2025-10-01,Aseer,Labour & HR Services,Mobile App,"33,727",12606,58.9,6.0,4.81,4.48,95.0,12,TAYSEER_DWH,2026-07-09 03:15:00
2026-04-01,Jazan,Business & Licensing,Call Center,12556,7817,48.6%,32.3,29.3,3.29,90.8,20,CHANNEL_API,2026-07-09 03:15:00
2026-01-01,Hail,Education & Training,Call Center,4174,2665,66.8,13.2,22.03,4.0,91.8,3,REGIONAL_UPLOAD,2026-07-09 03:15:00
2025-12-01,Eastern Province,Business & Licensing,Call Center,24858,16140,65.6,21.7,26.93,3.79,90.1,26,REGIONAL_UPLOAD,2026-07-09 03:15:00
2025-09-01,jazan ,Municipal Services,Branch,19189,16371,48.6,37.7,55.44,3.05,88.1,19,CHANNEL_API,2026-07-09 03:15:00
11-01-2025,Qassim,Social Support & Subsidies,Branch,"7,947",6705,64.6,31.1,45.22,3.42,89.5,11,TAYSEER_DWH,2026-07-09 03:15:00
2025-12-01,Al-Qassim,Municipal Services,Branch,12059,9900,63.3,33.5,53.92,3.28,90.4,17,TAYSEER_DWH,2026-07-09 03:15:00
Apr-2026,Makkah,Labour & HR Services,Web Portal,55947,29477,61.5,8.7,6.77,3.93,97.6,45,REGIONAL_UPLOAD,2026-07-09 03:15:00
2026-03-01,Al-Jouf,Traffic & Transport,Web Portal,5154,2644,65.4,8.3,6.36,4.29,98.0,3,TAYSEER_DWH,2026-07-09 03:15:00
2026-05-01,Riyadh,Health Services,Mobile App,233817,92143,69.0,5.4,4.46,4.91,97.8,11,TAYSEER_DWH,2026-07-09 03:15:00
2026-03-01,Al-Jouf,Education & Training,call center,3458,2216,63.1,12.5,19.14,3.98,91.0,3,TAYSEER_DWH,2026-07-09 03:15:00
2026-01-01,Asir,Education & Training,Mobile App,41073,15602,62.2,4.6,3.85,4.37,99.5,16,TAYSEER_DWH,2026-07-09 03:15:00
2026-06-01,Northern Borders,Health Services,Web Portal,3305,1699,60.7,9.1,7.97,4.47,99.3,1,TAYSEER_DWH,2026-07-09 03:15:00
2026-05-01,Riyadh,Identity & Civil Affairs,Call Center,76818,50794,67.3,15.7,20.07,4.16,,47,TAYSEER_DWH,2026-07-09 03:15:00
02-01-2026,Tabuk,Identity & Civil Affairs,Mobile App,24315,9139,64.1,6.5,3.97,4.31,99.5,15,REGIONAL_UPLOAD,2026-07-09 03:15:00
2026-05-01,Madinah,Health Services,Web Portal,26305,13597,63.0,8.5,6.66,4.63,99.5,5,TAYSEER_DWH,2026-07-09 03:15:00
Jan-2026,Jazan,Traffic & Transport,Branch,"23,049",19202,51.3,28.3,49.85,3.26,89.2,33,CHANNEL_API,2026-07-09 03:15:00
2025-08-01,Makkah,Labour & HR Services,Call Center,46844,31247,60.1,20.0,22.9,3.62,93.1,36,TAYSEER_DWH,2026-07-09 03:15:00
2025-12-01,Makkah,Justice & Notary,Branch,40779,32641,60.0,149.4,64.38,3.2,82.3,43,TAYSEER_DWH,2026-07-09 03:15:00
2025-10-01,Al-Baha,Health Services,Mobile App,10093,4021,57.3,6.6,-15.6,4.52,98.1,3,TAYSEER_DWH,2026-07-09 03:15:00
2025-08-01,Al-Jouf,Municipal Services,Branch,4498,-,61.1,35.2,53.92,3.45,91.4,5,TAYSEER_DWH,2026-07-09 03:15:00
2025-11-01,Madinah,Traffic & Transport,Web Portal,19870,10655,61.3,8.8,6.82,4.26,97.7,7,TAYSEER_DWH,2026-07-09 03:15:00
2026-03-01,Asir,Labour & HR Services,Web Portal,13262,6797,59.4,9.9,6.85,4.07,99.5,8,CHANNEL_API,2026-07-09 03:15:00
2025-09-01,Jazan,Health Services,Web Portal,13962,7229,51.3,10.7,8.74,3.98,99.4,11,TAYSEER_DWH,2026-07-09 03:15:00
2025-10-01,Hail,Justice & Notary,Web Portal,2652,1285,58.9,15.7,9.37,4.19,97.4,2,TAYSEER_DWH,2026-07-09 03:15:00
2025-07-01,Makkah,Justice & Notary,Call Center,32086,21319,58.9,29.4,28.55,3.43,n/a,38,TAYSEER_DWH,2026-07-09 03:15:00
2026-05-01,Makkah,Municipal Services,MOBILE_APP,235551,81314,61.2,7.0,4.58,4.33,98.8,137,TAYSEER_DWH,2026-07-09 03:15:00
2025-08-01,Asir,Municipal Services,Branch,19813,16388,60.5,36.3,59.55,3.46,87.5,27,CHANNEL_API,2026-07-09 03:15:00
2026-06-01,Madinah,Education & Training,Web Portal,15594,8121,65.3,7.5,NULL,4.49,97.2,7,TAYSEER_DWH,2026-07-09 03:15:00
2026-01-01,Hail,Social Support & Subsidies,Web Portal,3922,2076,62.6,9.5,7.01,4.31,96.9,1,TAYSEER_DWH,2026-07-09 03:15:00
2026-01-01,Al-Baha,Social Support & Subsidies,Mobile App,5726,2244,52.8%,6.9,4.64,4.45,n/a,2,TAYSEER_DWH,2026-07-09 03:15:00
2025-09-01,Najran,Education & Training,Call Center,7434,4990,54.8,14.8,20.76,3.78,94.3,7,CHANNEL_API,2026-07-09 03:15:00
2026-02-01,Hail,Identity & Civil Affairs,Call Center,5556,3472,67.4,18.5,22.5,4.09,90.4,4,REGIONAL_UPLOAD,2026-07-09 03:15:00
2026-05-01,Al-Jouf,Municipal Services,Call Center,3573,2253,62.7,20.8,22.59,3.87,95.4,3,TAYSEER_DWH,2026-07-09 03:15:00
2025-10-01,Tabuk,Municipal Services,Web  Portal,7439,3793,63.1,12.4,7.8,3.71,99.5,7,TAYSEER_DWH,2026-07-09 03:15:00
2025-07-01,Al-Jouf,Business & Licensing,Mobile App,5870,2360,59.8,9.6,5.43,4.26,96.1,4,CHANNEL_API,2026-07-09 03:15:00
2025-07-01,Najran,Traffic & Transport,Mobile App,10528,4038,54.2,5.7,4.03,4.35,99.5,5,TAYSEER_DWH,2026-07-09 03:15:00
2025-10-01,Madinah,Traffic & Transport,Web Portal,19998,10376,60.7,9.2,6.4,4.4,99.3,6,TAYSEER_DWH,2026-07-09 03:15:00
2026-06-01,Asir,Social Support & Subsidies,Call Center,12366,8031,57.4,21.5,22.67,3.97,90.0,9,REGIONAL_UPLOAD,2026-07-09 03:15:00
07-01-2025,Al-Baha,Social Support & Subsidies,CALL_CENTRE,2485,1556,53.3%,20.2,24.24,3.86,90.0,2,CHANNEL_API,2026-07-09 03:15:00
2025-09-01,Al-Jouf,Health Services,call center,"4,636",3043,61.5,18.2,24.57,4.05,94.7,3,TAYSEER_DWH,2026-07-09 03:15:00
2026-05-01,Al-Jouf,Health Services,Web Portal,4846,,62.7%,9.0,7.25,4.44,99.1,2,REGIONAL_UPLOAD,2026-07-09 03:15:00
2026-01-01,Tabuk,Traffic & Transport,Web Portal,9432,4793,63.9,8.6,-30.19,3.95,97.5,7,REGIONAL_UPLOAD,2026-07-09 03:15:00
2025-11-01,Jazan,Social Support & Subsidies,Mobile App,15017,5691,49.0,7.6,4.82,4.19,99.5,8,REGIONAL_UPLOAD,2026-07-09 03:15:00
2025-08-01,Najran,Identity & Civil Affairs,Branch,9232,7463,50.9,32.0,51.93,3.61,89.3,7,TAYSEER_DWH,2026-07-09 03:15:00
2026-06-01,Al-Jouf,Identity & Civil Affairs,Call Center,4865,3294,64.4,17.3,22.01,3.84,91.2,5,TAYSEER_DWH,2026-07-09 03:15:00
2025-10-01,Hail,Identity & Civil Affairs,Call Center,5893,3796,66.4,18.3,19.73,3.95,90.6,5,CHANNEL_API,2026-07-09 03:15:00
2025-11-01,N. Borders,Health Services,Call Center,3373,2306,60.3,15.7,26.1,4.1,92.9,2,TAYSEER_DWH,2026-07-09 03:15:00
2025-11-01,Makkah,Justice & Notary,Web Portal,"33,280",16546,60.2,19.5,8.96,3.8,95.5,30,TAYSEER_DWH,2026-07-09 03:15:00
2025-10-01,Riyadh,Social Support & Subsidies,Mobile App,110244,40477,66.3,6.6,3.98,4.7,n/a,11,REGIONAL_UPLOAD,2026-07-09 03:15:00
2026-06-01,Medina,Justice & Notary,Call Center,"9,107",6290,59.8,32.1,27.36,3.91,89.9,6,CHANNEL_API,2026-07-09 03:15:00
2026-01-01,منطقة مكة المكرمة,Traffic & Transport,Mobile App,"209,837",83434,62.7,5.9,4.11,4.31,99.5,102,CHANNEL_API,2026-07-09 03:15:00
2026-01-01,Eastern Province,Justice & Notary,Mobile App,53527,20944,65.7,10.5,4.68,4.51,99.5,14,TAYSEER_DWH,2026-07-09 03:15:00
2025-09-01,Hail,Identity & Civil Affairs,Mobile App,19949,8030,66.4,6.8,4.38,4.57,97.7,3,TAYSEER_DWH,2026-07-09 03:15:00
2025-07-01,منطقة تبوك,Education & Training,Web Portal,"7,883",4194,66.4,8.1,6.41,N/A,99.5,4,TAYSEER_DWH,2026-07-09 03:15:00
2026-01-01,Riyadh,Municipal Services,Call Center,54721,36097,65.1,19.4,22.65,3.88,92.2,38,TAYSEER_DWH,2026-07-09 03:15:00
2026-06-01,Najran,Labour & HR Services,Call Center,5295,3424,51.6,20.3,22.14,3.66,92.6,6,REGIONAL_UPLOAD,2026-07-09 03:15:00
2025-10-01,Northern Borders,Business & Licensing,Call Center,2024,1332,59.9,29.8,30.34,3.83,86.5,1,REGIONAL_UPLOAD,2026-07-09 03:15:00
2026/02/01,منطقة عسير,Justice & Notary,Call Center,"8,464",5302,56.4,33.3,28.13,N/A,88.8,10,REGIONAL_UPLOAD,2026-07-09 03:15:00
2025-12-01,Al-Baha,Municipal Services,Web Portal,3087,1603,54.0%,11.8,7.75,4.07,,1,TAYSEER_DWH,2026-07-09 03:15:00
2026-06-01,Al-Jouf,Traffic & Transport,branch,5037,4273,65.7,21.0,43.75,3.57,87.2,4,REGIONAL_UPLOAD,2026-07-09 03:15:00
2025-10-01,Al-Jouf,Social Support & Subsidies,Mobile App,6638,2420,60.9,7.5,4.48,4.63,96.9,1,REGIONAL_UPLOAD,2026-07-09 03:15:00
2025-12-01,Northern Borders,Justice & Notary,Web Portal,1408,735,59.0,17.7,9.93,-,98.7,1,TAYSEER_DWH,2026-07-09 03:15:00
2026-04-01,Tabuk,Municipal Services,Web Portal,6461,3274,63.8,12.1,8.03,3.76,97.4,6,TAYSEER_DWH,2026-07-09 03:15:00
2026-03-01,Tabuk,Business & Licensing,Web Portal,"5,960",3162,63.9,14.8,8.42,3.81,99.0,2,TAYSEER_DWH,2026-07-09 03:15:00
2025-09-01,Northern Borders,Identity & Civil Affairs,Mobile App,9825,3815,62.2,5.3,4.79,4.71,95.4,1,TAYSEER_DWH,2026-07-09 03:15:00
2026-03-01,Qassim,Health Services,Branch,15472,12838,66.6,28.4,50.49,3.64,90.7,12,REGIONAL_UPLOAD,2026-07-09 03:15:00
2025-08-01,Jazan,Business & Licensing,Call Center,10608,6883,47.8,30.1,29.04,3.47,87.0,12,TAYSEER_DWH,2026-07-09 03:15:00
01/02/2026,Tabuk,Identity & Civil Affairs,Web Portal,8742,4497,64.1,10.6,7.36,4.18,99.5,7,TAYSEER_DWH,2026-07-09 03:15:00
2025-09-01,Najran,Education & Training,Web Portal,"6,072",3122,54.8,8.0,5.98,4.15,99.5,4,REGIONAL_UPLOAD,2026-07-09 03:15:00
03-01-2026,Qassim,Identity & Civil Affairs,Branch,14965,12533,67.4,28.2,47.34,3.42,92.4,17,CHANNEL_API,2026-07-09 03:15:00
2025-08-01,Al-Jouf,Traffic & Transport,Mobile App,10883,4122,63.6,6.4,3.84,4.45,99.3,4,TAYSEER_DWH,2026-07-09 03:15:00
2025-12-01,Qassim,Justice & Notary,Call Center,"5,028",3133,62.9,29.2,27.96,3.43,89.1,5,TAYSEER_DWH,2026-07-09 03:15:00
2025-10-01,Qassim,Labour & HR Services,Branch,10933,9141,63.4,27.0,47.31,3.31,90.0,15,TAYSEER_DWH,2026-07-09 03:15:00
2025-09-01,Jazan,Identity & Civil Affairs,Call Center,20711,13938,49.4%,22.6,23.41,3.55,90.4,19,REGIONAL_UPLOAD,2026-07-09 03:15:00
2025-12-01,منطقة الجوف,Municipal Services,Mobile App,"10,450",4103,62.9,7.3,4.57,4.32,94.2,6,REGIONAL_UPLOAD,2026-07-09 03:15:00
2026/03/01,Al-Jouf,Justice & Notary,Web Portal,1941,,59.5,15.1,9.42,3.98,94.9,2,TAYSEER_DWH,2026-07-09 03:15:00
2025-11-01,Tabuk,Traffic & Transport,Mobile App,21146,7970,63.4,5.8,3.79,4.32,96.1,11,REGIONAL_UPLOAD,2026-07-09 03:15:00
2025-09-01,Qassim,Labour & HR Services,Branch,11657,9298,63.5,28.4,47.32,3.21,93.1,18,TAYSEER_DWH,2026-07-09 03:15:00
2025-11-01,Eastern Province,Social Support & Subsidies,Call Center,23318,15117,130.9,20.5,23.34,3.94,91.1,24,TAYSEER_DWH,2026-07-09 03:15:00
2025-08-01,Al-Baha,Social Support & Subsidies,Mobile App,4916,1941,53.4,7.3,4.77,4.52,99.4,2,REGIONAL_UPLOAD,2026-07-09 03:15:00
2025-10-01,Eastern Province,Business & Licensing,Call Center,26162,16185,65.1,25.9,26.84,3.6,89.3,22,REGIONAL_UPLOAD,2026-07-09 03:15:00
2025-11-01,Eastern Province,Social Support & Subsidies,Branch,30695,25043,64.8,25.7,46.59,3.71,87.4,30,CHANNEL_API,2026-07-09 03:15:00
2026-01-01,Northern Borders,Municipal Services,Mobile App,6381,2442,62.1,7.2,5.03,4.42,98.0,3,TAYSEER_DWH,2026-07-09 03:15:00
2025-07-01,Madinah,Labour & HR Services,Mobile App,31097,11744,59.8,7.8,3.99,4.61,99.5,5,TAYSEER_DWH,2026-07-09 03:15:00
2025-07-01,Hail,Business & Licensing,Call Center,3666,2540,60.4%,30.9,24.89,3.81,92.0,3,REGIONAL_UPLOAD,2026-07-09 05:40:00
2026-03-01,Jazan,Traffic & Transport,Web Portal,12165,6071,51.6,8.0,7.69,3.88,96.7,8,TAYSEER_DWH,2026-07-09 03:15:00
2026/06/01,Al-Jouf,Traffic & Transport,Web Portal,4597,,65.7,8.0,6.71,4.16,98.4,2,REGIONAL_UPLOAD,2026-07-09 03:15:00
2025-12-01,Riyadh,Education & Training,Branch,64418,52880,68.7,23.8,36.06,3.9,90.1,45,TAYSEER_DWH,2026-07-09 03:15:00
01/12/2025,Riyadh,Health Services,Web Portal,108856,55939,68.4,7.0,6.78,4.37,95.2,46,TAYSEER_DWH,2026-07-09 03:15:00
2025-11-01,Al-Jouf,Social Support & Subsidies,Mobile App,6699,2648,61.0,7.4,4.24,4.54,95.2,2,TAYSEER_DWH,2026-07-09 03:15:00
2025-09-01,Al-Baha,Social Support & Subsidies,Mobile App,5113,1940,53.6,8.5,4.56,4.52,98.8,2,TAYSEER_DWH,2026-07-09 03:15:00
Jan-2026,Al-Baha,Traffic & Transport,Call Center,4534,2857,56.1,15.4,20.61,3.79,91.2,4,REGIONAL_UPLOAD,2026-07-09 03:15:00
2025-10-01,Eastern Province,Social Support & Subsidies,Web Portal,29015,14364,64.3,10.4,6.56,4.39,97.9,12,REGIONAL_UPLOAD,2026-07-09 03:15:00
2026-03-01,منطقة الباحة,Social Support & Subsidies,Call Center,2897,1877,53.5,20.4,24.13,3.76,91.9,3,REGIONAL_UPLOAD,2026-07-09 03:15:00
2025-07-01,Riyadh,Labour & HR Services,Mobile App,134345,52989,68.4,6.4,3.63,4.39,96.1,51,TAYSEER_DWH,2026-07-09 03:15:00
Jun-2026,Al-Jouf,Labour & HR Services,Mobile App,9274,3457,61.9,5.7,4.41,4.34,99.5,5,TAYSEER_DWH,2026-07-09 03:15:00
2025-08-01,Tabuk,Identity & Civil Affairs,Web Portal,10247,5372,62.9,10.3,6.45,4.2,99.5,7,REGIONAL_UPLOAD,2026-07-09 03:15:00
2026-03-01,Eastern Province,Education & Training,Call Center,"27,183",16779,69.0%,13.3,16.9,3.99,88.7,17,CHANNEL_API,2026-07-09 03:15:00
2026-03-01,Hail,Identity & Civil Affairs,Mobile App,21658,8213,67.4,7.6,3.81,4.56,98.4,5,REGIONAL_UPLOAD,2026-07-09 03:15:00
2025-10-01,Northern Borders,Health Services,Web Portal,3970,2104,60.0%,8.5,7.42,4.41,99.5,1,TAYSEER_DWH,2026-07-09 03:15:00
2025-10-01,Makkah,Business & Licensing,Mobile App,122429,45915,60.0,10.5,5.34,4.13,99.5,81,CHANNEL_API,2026-07-09 03:15:00
2026-05-01,Al-Jouf,Justice & Notary,Branch,2798,2241,60.3,52.1,58.46,3.51,90.7,3,TAYSEER_DWH,2026-07-09 03:15:00
2026-03-01,Northern Borders,Identity & Civil Affairs,Web Portal,3855,2070,62.5,1440.0,7.48,4.39,99.5,1,REGIONAL_UPLOAD,2026-07-09 03:15:00
2026-05-01,Jazan,Business & Licensing,Web Portal,6762,3448,49.0,16.6,9.6,3.89,99.5,5,REGIONAL_UPLOAD,2026-07-09 03:15:00
2025-11-01,Jizan,Business & Licensing,Mobile App,18379,6990,48.1,11.3,5.75,-,94.9,19,TAYSEER_DWH,2026-07-09 03:15:00
2025-11-01,Qassim,Justice & Notary,Web Portal,5858,2903,62.0,14.3,8.85,3.93,97.5,5,TAYSEER_DWH,2026-07-09 03:15:00
2026-01-01,Eastern Province,Education & Training,Call Center,28943,19384,68.1,13.6,18.54,3.95,91.9,16,TAYSEER_DWH,2026-07-09 03:15:00
2025-10-01,Qassim,Health Services,Call Center,10487,6854,66.4,14.7,24.53,3.67,88.4,7,TAYSEER_DWH,2026-07-09 03:15:00
2026-01-01,Jazan,Labour & HR Services,Mobile App,21694,8092,48.0,7.2,5.08,4.02,97.7,15,TAYSEER_DWH,2026-07-09 03:15:00
2025-10-01,Al-Jouf,Labour & HR Services,Branch,4242,3510,60.3,28.4,51.31,3.57,91.0,5,REGIONAL_UPLOAD,2026-07-09 03:15:00
2025-10-01,Najran,Traffic & Transport,Mobile App,"11,295",4484,54.3,5.7,3.84,4.38,97.0,4,TAYSEER_DWH,2026-07-09 03:15:00
2025-10-01,Makkah,Education & Training,Web Portal,64628,33278,63.4,9.0,-27.62,4.1,97.5,34,TAYSEER_DWH,2026-07-09 03:15:00
2025-12-01,Al-Baha,Health Services,Call Center,5356,3661,57.3%,18.8,24.09,3.96,91.0,4,TAYSEER_DWH,2026-07-09 03:15:00
2026-04-01,Al Madinah,Identity & Civil Affairs,Web Portal,19751,10519,60.7,9.5,6.5,4.54,99.4,7,REGIONAL_UPLOAD,2026-07-09 03:15:00
2026/01/01,Najran,Health Services,Call Center,7795,5222,51.2,18.3,23.91,3.89,88.9,7,TAYSEER_DWH,2026-07-09 03:15:00
2025-12-01,Jazan,Labour & HR Services,Web Portal,8830,4468,48.1,11.7,8.41,3.87,98.0,9,TAYSEER_DWH,2026-07-09 03:15:00
Nov-2025,Eastern Province,Social Support & Subsidies,Web Portal,28961,NA,64.8,9.3,6.23,4.47,97.9,10,TAYSEER_DWH,2026-07-09 03:15:00
2026-02-01,Northern Borders,Health Services,Call Center,3367,2195,60.7,16.1,27.69,4.15,92.2,2,TAYSEER_DWH,2026-07-09 03:15:00
2026-04-01,Najran,Labour & HR Services,Branch,"6,312",5343,51.8,30.4,57.3,3.51,87.5,6,TAYSEER_DWH,2026-07-09 03:15:00
2025-12-01,Qassim,Labour & HR Services,Web Portal,10262,5485,64.3,9.1,7.34,3.95,99.5,10,TAYSEER_DWH,2026-07-09 03:15:00
2026-02-01,Hail,Education & Training,Web Portal,4906,2542,66.8,6.9,6.04,4.41,99.0,2,TAYSEER_DWH,2026-07-09 03:15:00
2026-04-01,Najran,Business & Licensing,Mobile App,"7,634",NA,51.5,10.6,5.42,4.25,94.9,5,TAYSEER_DWH,2026-07-09 03:15:00
2025-11-01,Hail,Municipal Services,Mobile App,12749,5011,64.3,7.3,4.58,4.45,96.8,3,TAYSEER_DWH,2026-07-09 03:15:00
2026-01-01,Riyadh,Health Services,Call Center,70579,46492,68.1%,15.5,20.95,4.19,88.2,39,REGIONAL_UPLOAD,2026-07-09 03:15:00
2026-05-01,Makkah ,Justice & Notary,Branch,56207,45133,61.0,104.4,62.08,3.18,87.6,55,TAYSEER_DWH,2026-07-09 03:15:00
2026-04-01,Riyadh,Identity & Civil Affairs,Web Portal,88257,45815,67.8,9.0,5.89,4.43,99.5,30,CHANNEL_API,2026-07-09 03:15:00
12-01-2025,Al-Baha,Municipal Services,Call Center,3928,2439,54.0%,21.8,24.93,,93.2,4,TAYSEER_DWH,2026-07-09 03:15:00
2025-12-01,Northern Borders,Identity & Civil Affairs,Mobile App,9229,3497,62.5,6.3,4.2,4.63,96.3,2,TAYSEER_DWH,2026-07-09 03:15:00
2026-03-01,Riyadh,Identity & Civil Affairs,Call Center,76993,48115,66.9,17.7,21.61,4.01,,62,TAYSEER_DWH,2026-07-09 03:15:00
2026-06-01,Madinah,Social Support & Subsidies,Call Center,10236,6825,61.1,20.7,21.35,4.11,88.0,6,TAYSEER_DWH,2026-07-09 03:15:00
2026-02-01,Asir,Health Services,Web Portal,19483,9344,59.7,8.5,6.6,4.42,96.4,9,TAYSEER_DWH,2026-07-09 03:15:00
06-01-2026,Madinah,Business & Licensing,Web Portal,11213,5620,61.5,15.7,8.25,4.23,96.8,6,TAYSEER_DWH,2026-07-09 03:15:00
2025-07-01,Najran,Labour & HR Services,Branch,5667,4576,51.5,30.5,54.54,3.46,87.1,5,TAYSEER_DWH,2026-07-09 03:15:00
2026-05-01,Northern Borders,Education & Training,Web Portal,2539,1307,63.3,7.2,6.08,4.49,98.8,1,TAYSEER_DWH,2026-07-09 03:15:00
2025-09-01,Al-Jouf,Labour & HR Services,Mobile App,7975,3000,60.2,7.0,4.37,4.43,99.5,3,TAYSEER_DWH,2026-07-09 03:15:00
2025-07-01,Jazan,Identity & Civil Affairs,Mobile App,"27,360",10159,48.7,7.1,4.92,4.38,99.5,11,TAYSEER_DWH,2026-07-09 03:15:00
2025-12-01,Jazan,Justice & Notary,Call Center,8628,5822,46.8%,34.2,31.84,3.4,85.9,10,CHANNEL_API,2026-07-09 03:15:00
2026-05-01,Al-Baha,Education & Training,Mobile App,6974,2701,56.6,5.4,3.99,-,94.5,2,TAYSEER_DWH,2026-07-09 03:15:00
2025-11-01,Al-Jouf,Labour & HR Services,Web Portal,3402,1724,60.7,10.2,5.85,4.15,96.4,2,TAYSEER_DWH,2026-07-09 03:15:00
2025-11-01,Al-Jouf,Labour & HR Services,Branch,3971,3309,60.7,28.0,50.56,3.39,90.7,5,TAYSEER_DWH,2026-07-09 03:15:00
2025-08-01,Jazan,Social Support & Subsidies,Branch,14035,11742,48.5%,33.2,53.88,3.38,88.7,20,TAYSEER_DWH,2026-07-09 03:15:00
2025-10-01,Al-Baha,Labour & HR Services,Call Center,3162,2061,56.5,17.3,24.23,3.9,90.4,2,TAYSEER_DWH,2026-07-09 03:15:00
2026-05-01,Tabuk,Municipal Services,Mobile App,17370,6664,63.6,8.7,4.19,4.14,96.9,11,TAYSEER_DWH,2026-07-09 03:15:00
2026-01-01,Al-Jouf,Traffic & Transport,Branch,5655,4776,65.3,22.6,NULL,3.67,92.4,5,TAYSEER_DWH,2026-07-09 03:15:00
2026-02-01,Najran,Labour & HR Services,Web Portal,2797,1437,51.7,9.9,NULL,4.03,99.5,2,TAYSEER_DWH,2026-07-09 03:15:00
2026-01-01,Northern Borders,Municipal Services,Call Center,2526,1649,62.1,25.2,26.97,3.77,92.9,2,TAYSEER_DWH,2026-07-09 03:15:00
2025-09-01,Al-Baha,Traffic & Transport,Web Portal,4167,2170,55.6,9.1,6.37,4.13,95.9,3,TAYSEER_DWH,2026-07-09 03:15:00
2026-05-01,Madinah,Identity & Civil Affairs,Call Center,27448,18997,61.1,19.6,NULL,4.19,92.1,15,REGIONAL_UPLOAD,2026-07-09 03:15:00
2026-01-01,Qassim,Health Services,Mobile App,46570,18666,67.4,5.0,4.18,4.46,95.3,18,TAYSEER_DWH,2026-07-09 03:15:00
2026-06-01,Qassim,Social Support & Subsidies,Branch,8222,6630,65.3,28.2,46.54,3.38,88.1,11,TAYSEER_DWH,2026-07-09 03:15:00
2026-04-01,Hail,Identity & Civil Affairs,Branch,7487,5712,67.0,28.3,48.32,3.77,88.4,7,TAYSEER_DWH,2026-07-09 03:15:00
2026-02-01,Al-Baha,Traffic & Transport,Web Portal,3292,1639,55.7,8.8,6.22,4.18,99.2,1,TAYSEER_DWH,2026-07-09 03:15:00
2026-02-01,Makkah,Education & Training,Branch,54108,45485,63.6,21.5,39.99,3.57,90.0,66,REGIONAL_UPLOAD,2026-07-09 03:15:00
2025-08-01,Tabuk,Labour & HR Services,Mobile App,15892,6301,65.8,7.3,4.41,4.12,99.5,11,TAYSEER_DWH,2026-07-09 03:15:00
2026-02-01,Northern Borders,Traffic & Transport,Web Portal,2835,1449,61.6,8.8,6.44,4.35,98.6,1,REGIONAL_UPLOAD,2026-07-09 03:15:00
2025-08-01,Sharqiyah,Municipal Services,Call Center,"25,917",16721,66.8,21.5,23.97,3.68,90.3,31,TAYSEER_DWH,2026-07-09 03:15:00
2026-04-01,Madinah,Identity & Civil Affairs,Branch,28152,22831,60.7,32.1,46.86,3.95,90.4,26,TAYSEER_DWH,2026-07-09 03:15:00
2025/09/01,Al-Baha,Labour & HR Services,Mobile App,6306,2393,56.7,7.8,4.66,-,99.5,3,TAYSEER_DWH,2026-07-09 03:15:00
2025-11-01,Qassim,Municipal Services,Branch,13278,10201,62.7,30.0,51.83,,91.3,24,REGIONAL_UPLOAD,2026-07-09 03:15:00
2025-09-01,Eastern Province,Health Services,Call Center,36349,22794,66.0,16.0,22.37,4.01,89.1,33,TAYSEER_DWH,2026-07-09 03:15:00
2026-01-01,Riyadh,Labour & HR Services,Web Portal,64172,32742,69.6,8.7,5.67,4.34,95.8,29,TAYSEER_DWH,2026-07-09 03:15:00
2025-11-01,Northern Borders,Social Support & Subsidies,Call Center,1781,1108,59.7%,20.4,27.56,4.01,92.0,1,TAYSEER_DWH,2026-07-09 03:15:00
2025-08-01,Jazan,Labour & HR Services,Mobile App,17633,6649,47.5,7.6,4.87,4.18,98.9,8,TAYSEER_DWH,2026-07-09 03:15:00
2026-03-01,Northern Borders,Education & Training,Web Portal,2784,1436,62.9,7.3,6.48,4.51,97.3,1,TAYSEER_DWH,2026-07-09 03:15:00
2026-01-01,Tabuk,Labour & HR Services,mobile app,18068,7029,66.6,6.5,4.32,4.21,99.5,10,TAYSEER_DWH,2026-07-09 03:15:00
2026-02-01,Al-Baha,Municipal Services,Mobile App,6622,2480,54.3,7.7,4.64,4.32,99.1,3,TAYSEER_DWH,2026-07-09 03:15:00
2025-11-01,Qassim,Identity & Civil Affairs,Mobile App,41577,15994,66.3,5.6,3.69,4.25,97.6,27,TAYSEER_DWH,2026-07-09 03:15:00
2026-01-01,Makkah,Health Services,Branch,117881,98275,63.1%,25.5,48.99,3.59,89.9,172,REGIONAL_UPLOAD,2026-07-09 03:15:00
2026-06-01,منطقة عسير,Health Services,Branch,27213,22780,59.7,26.3,55.22,3.59,90.7,32,TAYSEER_DWH,2026-07-09 03:15:00
2026-05-01,Qassim,Municipal Services,Web Portal,9157,5022,63.2,10.6,6.74,3.85,98.3,9,REGIONAL_UPLOAD,2026-07-09 03:15:00
2026-04-01,Tabuk,Health Services,Mobile App ,25656,9983,63.8,6.8,4.79,-,96.8,9,REGIONAL_UPLOAD,2026-07-09 03:15:00
2025-09-01,Northern Borders,Traffic & Transport,Branch,4283,3582,61.1,26.2,48.32,3.66,91.0,4,TAYSEER_DWH,2026-07-09 03:15:00
2025-09-01,Tabuk,Health Services,Branch,11654,9194,63.3,28.3,52.45,3.39,91.8,14,REGIONAL_UPLOAD,2026-07-09 03:15:00
2025-09-01,Al-Jouf,Identity & Civil Affairs,Call Center,4523,2966,62.9,16.6,19.16,,91.0,3,TAYSEER_DWH,2026-07-09 03:15:00
2026-05-01,منطقة الباحة,Education & Training,Branch,4608,3780,56.6,21.9,48.72,3.56,87.4,5,TAYSEER_DWH,2026-07-09 03:15:00
2025-08-01,Riyadh,Traffic & Transport,web portal,83720,44150,66.6,6.5,6.26,4.24,97.8,49,TAYSEER_DWH,2026-07-09 03:15:00
2025-09-01,Northern Borders,Education & Training,Web Portal,4123,NA,62.1,7.6,6.57,4.57,98.7,1,TAYSEER_DWH,2026-07-09 03:15:00
Nov-2025,Makkah,Health Services,App,217528,79260,62.6,6.3,4.66,4.51,96.9,76,CHANNEL_API,2026-07-09 03:15:00
2026-01-01,Al-Baha,Social Support & Subsidies,Branch,3758,3164,52.8,35.0,49.6,3.54,88.1,5,TAYSEER_DWH,2026-07-09 03:15:00
2026-05-01,Tabuk,Social Support & Subsidies,Web Portal,"5,027",2513,64.2,11.1,6.91,4.1,96.5,3,TAYSEER_DWH,2026-07-09 03:15:00
2025-10-01,Asir,Municipal Services,Web Portal,15511,8189,61.6,10.5,7.82,4.05,93.5,10,TAYSEER_DWH,2026-07-09 03:15:00
2025-07-01,Asir,Social Support & Subsidies,Call Center,10887,7147,56.9,19.0,24.58,3.84,93.1,8,TAYSEER_DWH,2026-07-09 03:15:00
2026-03-01,Jazan,Business & Licensing,Branch,16144,13312,48.6,94.2,73.92,2.87,84.8,27,TAYSEER_DWH,2026-07-09 03:15:00
2026-03-01,Northern Borders,Social Support & Subsidies,Web Portal,1808,876,59.6,0.0,7.56,4.48,98.7,1,TAYSEER_DWH,2026-07-09 03:15:00
2025-12-01,Makkah,Municipal Services,Call Center,57364,36743,60.6,19.0,24.2,3.69,93.8,55,TAYSEER_DWH,2026-07-09 03:15:00
2025-10-01,Makkah,Justice & Notary,Web Portal,34979,17479,60.0,17.2,8.77,4.05,98.0,30,TAYSEER_DWH,2026-07-09 03:15:00
2026-03-01,Jazan,Justice & Notary,Web Portal,4328,2259,45.8,19.8,9.46,3.81,98.0,5,CHANNEL_API,2026-07-09 03:15:00
2026-06-01,Madinah,Labour & HR Services,Branch,16196,12712,62.8,27.1,50.46,3.78,89.2,16,TAYSEER_DWH,2026-07-09 03:15:00
2026-06-01,Qassim,Labour & HR Services,Web Portal,"8,640",4414,64.7,10.6,6.43,4.03,99.5,7,TAYSEER_DWH,2026-07-09 03:15:00
2026-05-01,Asir,Municipal Services,Web Portal,13731,6947,61.1,12.3,8.03,4.18,96.0,8,REGIONAL_UPLOAD,2026-07-09 03:15:00
2026-06-01,المنطقة الشرقية,Identity & Civil Affairs,Mobile App,145600,55146,66.1,6.0,3.59,4.61,99.4,31,TAYSEER_DWH,2026-07-09 03:15:00
2026-04-01,Hail,Social Support & Subsidies,Call Center,3480,2228,62.9,17.5,22.19,3.91,85.6,2,TAYSEER_DWH,2026-07-09 03:15:00
2025-09-01,Al-Jouf,Municipal Services,Call Center,"3,112",2055,61.7%,21.6,25.07,3.71,86.1,3,CHANNEL_API,2026-07-09 03:15:00
2025-11-01,Asir,Labour & HR Services,Branch,18589,14554,59.1,29.0,56.79,3.54,86.7,16,TAYSEER_DWH,2026-07-09 03:15:00
2026-01-01,Al-Baha,Traffic & Transport,Mobile App,9544,3857,56.1,5.4,4.32,4.32,98.2,5,TAYSEER_DWH,2026-07-09 03:15:00
2026-05-01,Al-Baha,Justice & Notary,Mobile App,3505,1346,51.1,11.5,5.31,4.32,98.0,2,REGIONAL_UPLOAD,2026-07-09 03:15:00
2026-01-01,Hail,Traffic & Transport,Call Center,5819,3865,63.0,14.5,22.57,3.82,90.0,4,TAYSEER_DWH,2026-07-09 03:15:00
2026-02-01,Al-Qassim,Identity & Civil Affairs,Branch,10512,8036,67.1,29.2,50.79,3.46,93.1,14,TAYSEER_DWH,2026-07-09 03:15:00
2025-12-01,Qassim,Justice & Notary,Web Portal,5490,2834,62.9%,16.4,9.75,3.97,96.5,3,TAYSEER_DWH,2026-07-09 03:15:00
2025-12-01,Al-Jouf,Justice & Notary,Call Center,1936,1237,59.1,34.3,26.95,3.6,91.3,2,TAYSEER_DWH,2026-07-09 03:15:00
2026-03-01,Hail,Traffic & Transport,Web Portal,6824,3479,63.6,7.7,6.44,4.27,97.5,3,TAYSEER_DWH,2026-07-09 03:15:00
2026-05-01,Hail,Education & Training,Mobile App,14641,5906,66.9,5.1,3.86,4.72,99.5,2,TAYSEER_DWH,2026-07-09 03:15:00
2025-10-01,Jazan,Traffic & Transport,Portal,13830,7129,52.1,8.8,7.32,null,96.2,13,TAYSEER_DWH,2026-07-09 03:15:00
2026-01-01,Najran,Identity & Civil Affairs,Call Center,"7,629",4644,51.5,20.3,23.81,3.95,92.1,7,REGIONAL_UPLOAD,2026-07-09 03:15:00
2025-09-01,Riyadh,Identity & Civil Affairs,Branch,94970,75917,66.7,26.1,43.25,3.85,91.3,104,TAYSEER_DWH,2026-07-09 03:15:00
2026-02-01,Madinah,Health Services,Mobile App,52931,19945,62.3,6.3,4.28,4.84,95.7,3,REGIONAL_UPLOAD,2026-07-09 03:15:00
2025-11-01,Tabuk,Justice & Notary,Portal,3944,2085,63.9,18.0,9.22,3.87,99.3,3,REGIONAL_UPLOAD,2026-07-09 03:15:00
2026-02-01,Jazan,Business & Licensing,Call Center,11161,7488,48.9,32.6,29.83,3.21,88.9,17,TAYSEER_DWH,2026-07-09 03:15:00
2026-03-01,Madinah,Identity & Civil Affairs,Call Center,21590,13850,127.4,20.2,21.76,4.15,92.7,16,TAYSEER_DWH,2026-07-09 03:15:00
2026-02-01,Riyadh,Justice & Notary,Call Center,24257,15318,64.3,25.8,26.62,3.86,89.4,20,TAYSEER_DWH,2026-07-09 03:15:00
2025-12-01,Eastern Province,Health Services,Web Portal,"61,585",30046,66.5,8.9,6.39,4.48,98.0,28,REGIONAL_UPLOAD,2026-07-09 03:15:00
2026-03-01,Northern Borders,Labour & HR Services,Web Portal,2280,1140,61.2,10.6,7.43,4.35,94.6,1,TAYSEER_DWH,2026-07-09 03:15:00
2025-11-01,Jazan,Education & Training,Mobile App ,25014,10315,51.1,6.0,4.86,4.27,99.0,12,CHANNEL_API,2026-07-09 03:15:00
2025-07-01,Asir,Health Services,Web Portal,18991,9902,59.5,8.5,7.35,4.26,99.1,8,TAYSEER_DWH,2026-07-09 03:15:00
2025-09-01,Tabuk,Traffic & Transport,Web Portal,9233,4684,62.8,8.9,6.75,3.93,99.5,10,CHANNEL_API,2026-07-09 03:15:00
2025-10-01,Madinah,Education & Training,Web Portal,16699,8771,64.5%,8.4,5.93,4.53,98.9,6,TAYSEER_DWH,2026-07-09 03:15:00
2025-07-01,Al-Bahah,Education & Training,Mobile App,7081,2771,55.3,5.7,3.89,4.56,96.8,2,TAYSEER_DWH,2026-07-09 03:15:00
2026-04-01,Makkah,Identity & Civil Affairs,Web Portal,"84,473",42948,67.1,10.2,6.28,4.25,95.8,40,REGIONAL_UPLOAD,2026-07-09 03:15:00
2026-04-01,Makkah,Business & Licensing,Web Portal,45409,22967,61.1,13.5,8.89,3.9,99.5,28,TAYSEER_DWH,2026-07-09 03:15:00
2025-10-01,Qassim,Labour & HR Services,Web Portal,9576,4898,63.4,8.2,6.54,4.01,99.5,7,TAYSEER_DWH,2026-07-09 03:15:00
01-01-2026,Hail,Health Services,Mobile App,18522,7110,65.1,5.8,4.46,4.59,96.0,4,TAYSEER_DWH,2026-07-09 03:15:00
2026-05-01,Al-Jouf,Social Support & Subsidies,Web Portal,2403,1207,62.0%,9.4,6.98,4.2,98.2,2,TAYSEER_DWH,2026-07-09 03:15:00
2025-09-01,Northern Borders,Traffic & Transport,Web Portal,3457,1772,61.1,8.2,7.01,4.26,96.0,1,TAYSEER_DWH,2026-07-09 03:15:00
2025-10-01,Eastern Province,Social Support & Subsidies,Mobile App,64240,25075,64.3,6.9,4.0,4.63,99.2,12,TAYSEER_DWH,2026-07-09 03:15:00
2026-04-01,Najran,Labour & HR Services,Call Center,5023,3187,51.8,18.6,25.96,3.7,87.9,6,TAYSEER_DWH,2026-07-09 03:15:00
2026-02-01,منطقة المدينة المنورة,Health Services,Call Center,18320,12272,62.3,17.7,20.81,4.2,90.7,11,REGIONAL_UPLOAD,2026-07-09 03:15:00
2026-02-01,Al-Jouf,Municipal Services,Web Portal,3172,1697,62.8,11.8,7.44,4.14,99.1,2,TAYSEER_DWH,2026-07-09 03:15:00
2026-06-01,Eastern Province,Labour & HR Services,Mobile App,96325,36501,104.8,6.0,4.05,4.63,97.4,17,REGIONAL_UPLOAD,2026-07-09 05:40:00
2026-01-01,Eastern Province,Labour & HR Services,Web Portal,33402,16896,66.8,8.7,6.02,4.19,97.0,16,TAYSEER_DWH,2026-07-09 03:15:00
2026-02-01,Asir,Identity & Civil Affairs,Mobile App,44756,16713,62.0,6.2,4.3,4.46,97.3,19,CHANNEL_API,2026-07-09 03:15:00
2026-06-01,Hail,Social Support & Subsidies,Mobile App,"9,524",3657,63.1,6.3,NULL,4.62,99.5,3,REGIONAL_UPLOAD,2026-07-09 03:15:00
2026-01-01,Asir,Social Support & Subsidies,Call Center,12400,7756,56.7,21.1,23.13,3.75,90.8,10,CHANNEL_API,2026-07-09 03:15:00
2026-04-01,Madinah,Business & Licensing,Mobile App,33324,13065,61.1,9.5,4.57,4.6,98.7,8,TAYSEER_DWH,2026-07-09 03:15:00
2025-12-01,Madinah,Business & Licensing,Call Center,12311,7786,60.4,28.2,26.36,3.76,90.1,12,TAYSEER_DWH,2026-07-09 03:15:00
2026-02-01,Eastern Province,Education & Training,Call Center,25420,16868,67.9,12.9,18.37,4.16,90.8,17,TAYSEER_DWH,2026-07-09 03:15:00
2026-03-01,Al-Baha,Health Services,Call Center,"4,728",3108,57.3,17.6,23.66,3.8,92.5,4,TAYSEER_DWH,2026-07-09 03:15:00
2025-12-01,Riyadh,Education & Training,Call Center,46239,30920,68.7,12.4,17.06,4.15,94.7,16,TAYSEER_DWH,2026-07-09 03:15:00
May-2026,Qassim,Business & Licensing,Branch,9104,7096,65.2,41.6,58.08,3.22,89.8,14,TAYSEER_DWH,2026-07-09 03:15:00
2025-11-01,Tabuk,Education & Training,Mobile App,17497,6755,66.9,5.5,3.81,4.33,98.2,7,REGIONAL_UPLOAD,2026-07-09 03:15:00
2025-12-01,Al-Baha,Traffic & Transport,Branch,"8,314",,56.1%,24.6,46.84,3.43,88.1,11,TAYSEER_DWH,2026-07-09 03:15:00
2026-03-01,Madinah,Social Support & Subsidies,Mobile App,28103,11599,61.1%,7.5,4.34,4.61,96.2,6,CHANNEL_API,2026-07-09 03:15:00
01/09/2025,Riyadh,Municipal Services,Mobile App,157947,62167,64.9,7.1,4.23,4.41,98.5,62,TAYSEER_DWH,2026-07-09 03:15:00
2026-01-01,Jazan,Traffic & Transport,Call Center,18413,12214,51.3,14.6,23.9,3.62,90.3,17,TAYSEER_DWH,2026-07-09 03:15:00
01/06/2026,Al-Jouf,Municipal Services,Mobile App,9531,3712,63.3,7.4,4.6,4.41,96.4,5,TAYSEER_DWH,2026-07-09 03:15:00
2025-08-01,Northern Borders,Municipal Services,Mobile App,"6,322",2458,62.1,7.3,4.88,4.44,98.8,3,REGIONAL_UPLOAD,2026-07-09 03:15:00
2025-07-01,Hail,Education & Training,Branch,5589,4651,65.8,20.4,40.86,3.78,90.5,4,TAYSEER_DWH,2026-07-09 03:15:00
2025-08-01,Qassim,Municipal Services,Branch,11829,10144,61.8,35.3,50.6,3.23,90.7,17,TAYSEER_DWH,2026-07-09 03:15:00
2025/08/01,Najran,Labour & HR Services,Call Center,4291,2754,51.2,20.9,22.52,3.61,92.5,5,TAYSEER_DWH,2026-07-09 03:15:00
2025-08-01,Najran ,Municipal Services,Call Center,4964,3264,50.3,22.3,24.08,3.73,91.0,5,TAYSEER_DWH,2026-07-09 03:15:00
2026-05-01,Northern Borders,Social Support & Subsidies,Call Center,"2,126",1305,59.9,20.8,24.83,4.03,88.0,1,TAYSEER_DWH,2026-07-09 03:15:00
2025-12-01,Madinah,Business & Licensing,Web Portal,12190,,60.4,16.8,7.14,4.25,98.1,7,TAYSEER_DWH,2026-07-09 03:15:00
2025-11-01,Najran,Social Support & Subsidies,Branch,5297,4381,52.5,31.8,53.09,3.51,91.6,8,REGIONAL_UPLOAD,2026-07-09 03:15:00
2025-11-01,Al-Baha,Justice & Notary,Mobile App,3908,1601,50.7,11.9,5.43,4.23,99.5,2,TAYSEER_DWH,2026-07-09 03:15:00
2025-11-01,Qassim,Identity & Civil Affairs,Branch,15101,12484,66.3,22.9,45.18,3.45,89.5,16,CHANNEL_API,2026-07-09 03:15:00
2026-02-01,Makkah,Traffic & Transport,Call Center,65719,41717,61.9,16.0,20.73,3.62,90.3,70,TAYSEER_DWH,2026-07-09 03:15:00
2026-02-01,Riyadh,Labour & HR Services,Branch,39483,33051,69.3,24.7,42.55,3.71,89.8,33,CHANNEL_API,2026-07-09 03:15:00
2026-06-01,Qassim,Labour & HR Services,Branch,10120,8311,64.7,25.7,50.58,3.41,90.6,14,TAYSEER_DWH,2026-07-09 03:15:00
2025-11-01,Al-Jouf,Municipal Services,Mobile App,9277,3550,62.5,7.3,4.31,4.36,99.5,4,CHANNEL_API,2026-07-09 03:15:00
Jan-2026,Al-Baha,Education & Training,Call Center,3369,2138,56.4,16.1,20.13,3.96,93.5,3,TAYSEER_DWH,2026-07-09 03:15:00
2026-04-01,Asir,Education & Training,Branch,18878,15512,61.7,23.9,50.35,3.63,,25,REGIONAL_UPLOAD,2026-07-09 03:15:00
2026-02-01,Jazan,Municipal Services,Web Portal,7649,3845,49.3,12.4,9.12,3.88,96.8,7,REGIONAL_UPLOAD,2026-07-09 03:15:00
2026-02-01,Al-Qassim,Labour & HR Services,Web Portal,8211,4414,64.0,9.4,5.91,4.12,99.5,4,REGIONAL_UPLOAD,2026-07-09 03:15:00
2026-02-01,Madinah,Business & Licensing,Web Portal,9844,5252,121.2,16.5,7.95,4.39,97.8,3,TAYSEER_DWH,2026-07-09 03:15:00
2026-02-01,Tabuk,Health Services,Branch,9032,7348,64.3,28.8,64.46,3.34,89.2,14,TAYSEER_DWH,2026-07-09 03:15:00
2026-02-01,Asir,Business & Licensing,Branch,11983,9873,59.0%,96.3,64.38,null,82.9,16,REGIONAL_UPLOAD,2026-07-09 03:15:00
2025-10-01,Al-Jouf,Education & Training,Branch,"4,445",3689,62.2,23.6,40.07,3.72,90.7,4,TAYSEER_DWH,2026-07-09 03:15:00
2025-09-01,Northern Borders,Justice & Notary,Call Center,1357,869,59.0,33.9,32.18,3.98,87.1,1,TAYSEER_DWH,2026-07-09 03:15:00
2025-07-01,Al-Jouf,Traffic & Transport,Mobile App,"10,119",4024,63.5%,6.4,3.77,4.44,99.4,4,CHANNEL_API,2026-07-09 03:15:00
2026-04-01,Northern Borders,Education & Training,Mobile App,6891,2566,63.3,5.2,4.43,4.68,97.8,1,TAYSEER_DWH,2026-07-09 03:15:00
2025-08-01,Jazan,Education & Training,Mobile App,"32,852",12196,50.2,5.0,4.46,4.36,95.9,18,TAYSEER_DWH,2026-07-09 03:15:00
2026-05-01,Tabuk,Education & Training,Call Center,5819,3778,67.6,0.0,19.71,3.72,89.9,4,TAYSEER_DWH,2026-07-09 03:15:00
2026-02-01,Al-Baha,Social Support & Subsidies,Call Center,2252,1387,53.6,22.2,22.77,3.95,88.9,1,CHANNEL_API,2026-07-09 03:15:00
2025-09-01,makkah al-mukarramah,Business & Licensing,Branch,61394,50733,59.9%,146.9,57.77,3.06,83.4,116,REGIONAL_UPLOAD,2026-07-09 03:15:00
2025-10-01,Asir,Identity & Civil Affairs,Web Portal,23960,11973,61.6,8.9,6.9,4.3,99.5,12,TAYSEER_DWH,2026-07-09 03:15:00
2026-04-01,Tabuk,Traffic & Transport,Web Portal,8982,4523,64.2,9.1,6.01,3.94,99.5,7,TAYSEER_DWH,2026-07-09 03:15:00
2025-07-01,Madinah,Municipal Services,Branch,18297,14476,59.3,36.6,54.63,3.68,86.9,19,TAYSEER_DWH,2026-07-09 03:15:00
2025-08-01,Eastern Province,Education & Training,Web Portal,63146,31201,67.5,7.0,5.75,4.45,96.9,23,TAYSEER_DWH,2026-07-09 03:15:00
2026-06-01,Jazan,Justice & Notary,Call Center,"8,168",-,46.7,30.9,33.86,3.23,89.7,9,TAYSEER_DWH,2026-07-09 03:15:00
01-01-2026,منطقة عسير,Municipal Services,Branch,18787,15225,61.3%,33.1,57.19,3.47,90.3,20,TAYSEER_DWH,2026-07-09 03:15:00
2025-07-01,Madinah,Identity & Civil Affairs,Call Center,21072,13938,59.8,19.7,22.7,4.15,87.2,14,TAYSEER_DWH,2026-07-09 03:15:00
2025-10-01,Riyadh,Labour & HR Services,BRANCH,"46,993",38923,68.6,26.6,42.92,3.62,90.2,56,REGIONAL_UPLOAD,2026-07-09 03:15:00
2026-01-01,Najran,Social Support & Subsidies,Mobile App,7061,2773,52.3,7.9,4.18,4.37,99.5,3,REGIONAL_UPLOAD,2026-07-09 03:15:00
2025-12-01,Tabuk,Justice & Notary,Branch,4286,3644,63.5,51.5,69.94,N/A,87.3,6,TAYSEER_DWH,2026-07-09 03:15:00
2026-05-01,makkah al-mukarramah,Health Services,Mobile App,286271,106580,63.4,6.0,4.74,4.41,99.1,93,TAYSEER_DWH,2026-07-09 03:15:00
2025-10-01,منطقة عسير,Social Support & Subsidies,Web Portal,"10,721",5657,56.7,11.6,7.26,4.33,97.3,5,TAYSEER_DWH,2026-07-09 03:15:00
2025-09-01,Hail,Health Services,Call Center,6458,4040,64.3,15.2,24.22,4.12,89.9,6,REGIONAL_UPLOAD,2026-07-09 03:15:00
2025-07-01,Jazan,Identity & Civil Affairs,Branch,26873,22771,48.7,32.5,57.75,null,89.3,27,TAYSEER_DWH,2026-07-09 03:15:00
2025-11-01,Asir,Labour & HR Services,Web Portal,14292,7286,59.1,10.6,7.12,4.24,93.3,8,REGIONAL_UPLOAD,2026-07-09 03:15:00
2025-10-01,Asir,Justice & Notary,Call Center,9012,5658,55.7,32.6,31.75,3.61,88.9,9,TAYSEER_DWH,2026-07-09 03:15:00
2025-10-01,EASTERN PROVINCE,Justice & Notary,Mobile App,49954,20558,64.8,9.5,5.32,4.38,95.0,19,REGIONAL_UPLOAD,2026-07-09 03:15:00
2025-12-01,Qassim,Social Support & Subsidies,Portal,7479,3743,64.4,9.5,6.73,4.06,98.0,6,TAYSEER_DWH,2026-07-09 03:15:00
2025-09-01,Northern Borders,Traffic & Transport,Mobile App,8225,3189,61.1,5.6,4.4,4.5,99.5,3,TAYSEER_DWH,2026-07-09 03:15:00
2025-12-01,Northern Borders,Social Support & Subsidies,Mobile App,4938,1863,59.6,7.6,4.52,4.68,98.1,1,TAYSEER_DWH,2026-07-09 03:15:00
2026-01-01,Northern Borders,Labour & HR Services,Call Center,2410,1563,61.4,19.0,25.57,3.94,91.7,2,TAYSEER_DWH,2026-07-09 03:15:00
2025-11-01,Tabuk,Municipal Services,Web Portal,7487,3689,63.1,10.2,7.93,3.84,98.3,5,TAYSEER_DWH,2026-07-09 03:15:00
2025-07-01,Al-Baha,Labour & HR Services,Mobile App,5842,2199,56.2%,6.9,4.06,4.45,94.3,2,CHANNEL_API,2026-07-09 03:15:00
2025-08-01,Eastern Province,Identity & Civil Affairs, Branch,55796,43732,64.8,24.7,44.88,3.81,89.6,53,TAYSEER_DWH,2026-07-09 03:15:00
2025-08-01,Makkah,Labour & HR Services,Call Center,46844,31247,60.1,20.0,22.9,3.62,93.1,36,TAYSEER_DWH,2026-07-09 03:15:00
2025-11-01,Tabuk,Education & Training,branch,7458,5927,66.9,24.8,49.64,3.41,91.0,10,TAYSEER_DWH,2026-07-09 03:15:00
2026-06-01,Al-Baha,Health Services,Call Center,4995,3151,57.2,17.3,25.21,null,?,5,TAYSEER_DWH,2026-07-09 03:15:00
2025-07-01,منطقة جازان,Municipal Services,Web Portal,9219,4695,48.4,13.7,8.07,3.83,95.9,8,REGIONAL_UPLOAD,2026-07-09 03:15:00
2026-06-01,Qassim,Traffic & Transport,Web Portal,12759,6298,66.7,8.4,6.02,4.0,98.9,13,TAYSEER_DWH,2026-07-09 03:15:00
2025-10-01,Eastern Province,Social Support & Subsidies,Call Center,23359,15262,64.3,16.7,21.03,4.0,89.4,9,REGIONAL_UPLOAD,2026-07-09 03:15:00
2025-09-01,Northern Borders,Business & Licensing,Branch,2891,2295,60.1,49.3,65.6,3.42,86.1,3,REGIONAL_UPLOAD,2026-07-09 03:15:00
2026-01-01,Najran,Justice & Notary,Branch,3714,2918,50.4%,134.1,66.31,3.21,81.2,7,TAYSEER_DWH,2026-07-09 03:15:00
2025-07-01,Madinah,Social Support & Subsidies,Web Portal,11693,6223,59.4,11.7,6.82,4.47,96.0,5,TAYSEER_DWH,2026-07-09 03:15:00
2026-02-01,Tabuk,Traffic & Transport,Branch,8111,6773,64.6,24.4,49.01,3.2,89.8,12,TAYSEER_DWH,2026-07-09 03:15:00
Feb-2026,Northern Borders,Health Services,Web Portal,3481,1748,60.7,8.7,7.37,4.64,99.0,1,REGIONAL_UPLOAD,2026-07-09 03:15:00
2025-10-01,Al-Baha,Social Support & Subsidies,Branch,3601,2912,53.4,30.5,56.45,3.59,92.2,4,TAYSEER_DWH,2026-07-09 03:15:00
2025-07-01,Tabuk,Education & Training,Call Center,5228,3586,66.4,14.7,19.52,3.65,89.2,5,TAYSEER_DWH,2026-07-09 03:15:00
2025-11-01,Madinah,Social Support & Subsidies,Web Portal,11121,5553,60.0,11.1,6.58,4.47,95.4,4,TAYSEER_DWH,2026-07-09 03:15:00
2026-05-01,Madinah,Health Services,Branch,32114,26706,63.0,29.2,53.48,3.92,89.7,30,TAYSEER_DWH,2026-07-09 03:15:00
2026-04-01,Madinah,Social Support & Subsidies,Branch,12832,10172,60.7,29.5,52.43,3.83,90.4,10,TAYSEER_DWH,2026-07-09 03:15:00
2026-05-01,Tabuk,Identity & Civil Affairs,Web  Portal,"10,533",5521,64.0,9.2,6.42,null,99.5,7,TAYSEER_DWH,2026-07-09 03:15:00
2026-01-01,Madinah,Health Services,Call Center,22633,14271,62.5,17.6,22.32,4.15,92.4,17,TAYSEER_DWH,2026-07-09 03:15:00
2026-01-01,Al-Baha,Education & Training,Mobile App,"7,669",2962,56.4,5.9,NULL,,99.5,2,TAYSEER_DWH,2026-07-09 03:15:00
01/01/2026,Tabuk,Education & Training,Branch,6825,5609,67.4,23.6,47.05,3.51,n/a,8,TAYSEER_DWH,2026-07-09 03:15:00
2025-09-01,Makkah,Identity & Civil Affairs,Call Center,73980,46711,65.8,19.9,21.54,3.8,90.1,58,TAYSEER_DWH,2026-07-09 03:15:00
2025-11-01,Al-Jouf,Education & Training,Web Portal,3916,1997,62.5,7.3,5.81,4.42,99.2,1,TAYSEER_DWH,2026-07-09 03:15:00
2026-03-01,Madinah,Identity & Civil Affairs,Branch,26103,20057,61.3,32.0,46.93,3.86,88.8,26,TAYSEER_DWH,2026-07-09 03:15:00
2026-04-01,Al-Baha,Labour & HR Services,Call Center,3325,2077,57.3,22.7,24.48,3.74,93.3,3,REGIONAL_UPLOAD,2026-07-09 03:15:00
2025-11-01,Asir,Municipal Services,Mobile App,37804,14617,61.1,8.0,4.34,4.26,97.9,17,TAYSEER_DWH,2026-07-09 03:15:00
2026-04-01,Madinah,Business & Licensing,Branch,15376,13017,61.1,50.0,59.68,3.59,87.5,16,TAYSEER_DWH,2026-07-09 03:15:00
2026-05-01,Jazan,Business & Licensing,Branch,14716,11878,49.0,100.9,70.59,2.96,89.1,28,TAYSEER_DWH,2026-07-09 03:15:00
2025-09-01,منطقة عسير,Social Support & Subsidies,Branch,15432,12728,56.9,32.0,49.81,3.61,87.0,18,TAYSEER_DWH,2026-07-09 03:15:00
2026-02-01,Madinah,Social Support & Subsidies,Branch,9789,7850,60.6,34.2,48.98,3.9,90.7,7,TAYSEER_DWH,2026-07-09 03:15:00
2025-10-01,Hail,Labour & HR Services,Call Center,3978,2536,64.2,18.8,24.03,3.96,87.7,3,TAYSEER_DWH,2026-07-09 03:15:00
2026-02-01,Eastern Prov.,Labour & HR Services,Call Center,23414,14130,66.9,17.7,22.45,3.87,88.3,16,TAYSEER_DWH,2026-07-09 03:15:00
2025-10-01,Al-Baha,Business & Licensing,Branch,4169,3438,52.4,143.4,64.93,3.26,84.8,5,TAYSEER_DWH,2026-07-09 03:15:00
2025-07-01,Jazan,Labour & HR Services,Mobile App,"18,033",6819,47.5,7.3,4.58,4.23,94.0,10,TAYSEER_DWH,2026-07-09 03:15:00
2026-05-01,منطقة المدينة المنورة,Identity & Civil Affairs,Web Portal,"28,268",14582,61.1,10.0,6.84,4.53,96.6,10,CHANNEL_API,2026-07-09 03:15:00
2026-05-01,Makkah,Business & Licensing,Mobile App,178213,69067,60.3,11.0,4.69,4.16,98.6,87,TAYSEER_DWH,2026-07-09 03:15:00
Sep-2025,Tabuk,Business & Licensing,Mobile App,13794,5379,62.8%,10.3,5.72,4.21,95.8,8,TAYSEER_DWH,2026-07-09 03:15:00
2025-12-01,Eastern Province,Education & Training,Call Center,30257,18532,68.5,15.6,18.08,4.01,91.1,25,TAYSEER_DWH,2026-07-09 03:15:00
2025-09-01,Makkah,Business & Licensing,Mobile App,116707,45207,59.9,10.6,5.39,4.09,99.5,71,TAYSEER_DWH,2026-07-09 03:15:00
2026-01-01,Makkah,Business & Licensing,Mobile App,120899,46389,60.5,9.4,5.02,4.2,95.9,47,TAYSEER_DWH,2026-07-09 03:15:00
2026-04-01,منطقة الحدود الشمالية,Education & Training,Web Portal,"2,694",1409,63.3,8.4,6.38,4.49,97.6,1,TAYSEER_DWH,2026-07-09 03:15:00
2025-07-01,Northern Borders,Traffic & Transport,Web Portal,3658,1943,61.0,8.0,7.8,4.36,96.3,1,TAYSEER_DWH,2026-07-09 03:15:00
2025-11-01,Riyadh,Health Services,Mobile App,217006,83561,68.1,5.4,3.97,4.75,96.2,17,REGIONAL_UPLOAD,2026-07-09 03:15:00
2026-02-01,Hail,Business & Licensing,Web Portal,3747,1907,62.5,14.9,,4.04,97.9,3,TAYSEER_DWH,2026-07-09 03:15:00
2026-04-01,Eastern Province,Traffic & Transport,Mobile App,138121,51451,68.7,4.8,3.52,4.52,99.5,33,TAYSEER_DWH,2026-07-09 03:15:00
Nov-2025,Asir,Labour & HR Services,Call Center,13886,9140,59.1,18.1,24.12,,92.6,10,TAYSEER_DWH,2026-07-09 03:15:00
2025-07-01,Riyadh,Social Support & Subsidies,Branch,45743,37040,65.9,34.2,44.51,3.88,88.0,35,TAYSEER_DWH,2026-07-09 03:15:00
2026-06-01,Tabuk,Justice & Notary,Web Portal,3546,1866,64.3,18.3,8.58,3.81,97.6,3,TAYSEER_DWH,2026-07-09 03:15:00
2026-04-01,Ha'il,Education & Training,Branch,5847,4804,67.6,21.2,44.66,3.84,87.0,6,TAYSEER_DWH,2026-07-09 03:15:00
2026-06-01,Qassim,Justice & Notary,Mobile App,15181,6008,62.8%,10.1,4.7,3.98,99.5,11,TAYSEER_DWH,2026-07-09 03:15:00
2026-05-01,Asir,Identity & Civil Affairs,BRANCH,26839,22437,62.2,33.0,58.28,3.66,90.2,35,REGIONAL_UPLOAD,2026-07-09 03:15:00
2026-01-01,Qassim,Health Services,Call Center,11932,7730,67.4,15.2,21.57,3.87,89.6,11,CHANNEL_API,2026-07-09 03:15:00
2026-04-01,Al-Baha,Education & Training,branch,4009,3304,56.5,19.7,46.32,3.71,91.8,3,REGIONAL_UPLOAD,2026-07-09 03:15:00
06-01-2026,Al-Baha,Labour & HR Services,Branch,3980,3247,57.5,32.6,50.97,3.44,92.2,4,REGIONAL_UPLOAD,2026-07-09 03:15:00
2025-12-01,Madinah,Social Support & Subsidies,Mobile App,26914,10070,60.2,8.0,4.23,4.69,97.1,4,TAYSEER_DWH,2026-07-09 03:15:00
2026-03-01,Tabuk,Business & Licensing,Branch,6462,5452,63.9,48.4,67.06,3.24,89.9,8,TAYSEER_DWH,2026-07-09 03:15:00
2025-07-01,Tabouk,Municipal Services,Mobile App,15948,6367,62.0,7.8,4.87,3.93,97.1,10,TAYSEER_DWH,2026-07-09 03:15:00
2026-04-01,Madinah,Municipal Services,Web Portal,14664,7984,60.9,11.7,7.0,4.25,94.5,8,TAYSEER_DWH,2026-07-09 03:15:00
2026-04-01,Al-Jouf,Health Services,Web Portal,4960,2393,62.8%,8.4,6.63,4.39,96.6,2,REGIONAL_UPLOAD,2026-07-09 03:15:00
2026-01-01,Al-Baha,Business & Licensing,Branch,4171,3384,52.9,136.1,65.96,3.26,82.3,5,TAYSEER_DWH,2026-07-09 03:15:00
Jul-2025,Al-Baha,Justice & Notary,Mobile App,3517,1310,50.4,11.2,5.46,4.3,99.5,2,TAYSEER_DWH,2026-07-09 03:15:00
2025-07-01,Hail,Education & Training,Web Portal,6003,3006,65.8,8.0,6.6,4.39,95.8,2,TAYSEER_DWH,2026-07-09 03:15:00
2025-11-01,Al-Baha,Social Support & Subsidies,Call Center,2766,1840,53.3,24.1,23.45,3.78,89.5,2,TAYSEER_DWH,2026-07-09 03:15:00
2026-04-01,Makkah,Traffic & Transport,Mobile App,206157,81825,62.9,5.3,3.85,4.24,96.5,130,TAYSEER_DWH,2026-07-09 03:15:00
2026-05-01,Al-Baha,Justice & Notary,Web Portal,1429,744,51.1%,15.8,8.99,,99.5,1,REGIONAL_UPLOAD,2026-07-09 03:15:00
2025-08-01,Asir,Health Services,Call Center,17684,11041,59.4,15.9,24.27,3.79,92.4,15,TAYSEER_DWH,2026-07-09 03:15:00
2025-09-01,Madinah,Health Services,Mobile App,48172,19192,61.3,6.4,4.46,4.78,98.2,3,TAYSEER_DWH,2026-07-09 03:15:00
2025-11-01,Madinah,Health Services,Branch,25712,20596,62.3,25.9,47.55,-,92.4,23,TAYSEER_DWH,2026-07-09 03:15:00
2026/03/01,Najran,Labour & HR Services,Call Center,4593,3110,51.5,18.5,23.76,3.64,93.4,3,TAYSEER_DWH,2026-07-09 03:15:00
2025-11-01,Al-Baha,Identity & Civil Affairs,Branch,6800,5467,55.8,31.2,51.67,3.59,90.2,8,TAYSEER_DWH,2026-07-09 03:15:00
2026-05-01,Madinah,Education & Training,Web Portal,21766,10869,65.3%,7.4,5.35,-,99.5,5,TAYSEER_DWH,2026-07-09 03:15:00
2026-05-01,Najran,Identity & Civil Affairs,Call Center,8412,5395,51.7,20.7,21.0,3.91,91.2,6,TAYSEER_DWH,2026-07-09 03:15:00
2026-03-01,Najran,Traffic & Transport,Web Portal,4678,2456,54.5,8.7,6.49,3.98,98.1,2,REGIONAL_UPLOAD,2026-07-09 03:15:00
2025-11-01,Aljouf,Health Services,Mobile App,13546,5440,61.8,5.3,4.29,4.72,98.1,2,TAYSEER_DWH,2026-07-09 03:15:00
01/04/2026,Najran,Social Support & Subsidies,Web Portal,2455,1313,52.4,10.8,6.76,4.19,96.9,1,CHANNEL_API,2026-07-09 03:15:00
2026-06-01,Makkah,Labour & HR Services,Web Portal,57258,29051,62.1,9.2,6.85,4.07,99.5,43,TAYSEER_DWH,2026-07-09 03:15:00
2026-02-01,Eastern Province,Business & Licensing,Branch,23869,19549,65.5,39.8,59.25,3.52,89.2,31,TAYSEER_DWH,2026-07-09 03:15:00
2025-08-01,Aljouf,Social Support & Subsidies,Call Center,2337,,60.7,22.2,23.2,3.83,89.4,2,REGIONAL_UPLOAD,2026-07-09 03:15:00
2025-07-01,Hail,Health Services,Branch,7359,6037,64.4,23.6,54.39,3.88,87.8,6,TAYSEER_DWH,2026-07-09 03:15:00
2025-07-01,Hail,Justice & Notary,Web Portal,2662,1414,58.4,16.8,8.57,4.1,95.9,2,TAYSEER_DWH,2026-07-09 03:15:00
2026-02-01,Madinah,Health Services,Web Portal,20524,10648,62.3,8.6,6.54,4.56,98.4,6,TAYSEER_DWH,2026-07-09 03:15:00
2026-06-01,Asir,Business & Licensing,Mobile App,33519,12942,59.3,9.3,5.35,4.32,98.8,11,TAYSEER_DWH,2026-07-09 03:15:00
2025-12-01,Eastern Province,Education & Training,Mobile App,101087,40855,68.5,4.6,3.25,4.66,99.5,19,TAYSEER_DWH,2026-07-09 03:15:00
2026-05-01,Riyadh,Social Support & Subsidies,Call Center,36397,24054,67.7%,18.6,20.48,3.93,89.3,37,TAYSEER_DWH,2026-07-09 03:15:00
2025-12-01,Hail,Identity & Civil Affairs,Branch,8048,6666,67.0,27.9,53.55,3.68,89.2,7,REGIONAL_UPLOAD,2026-07-09 03:15:00
2026-02-01,hail ,Traffic & Transport,Web Portal,5781,3013,63.4%,8.4,6.12,4.35,97.5,2,CHANNEL_API,2026-07-09 03:15:00
01/06/2026,Al-Baha,Labour & HR Services,Call Center,3434,2172,57.5,20.4,25.05,3.79,90.7,4,TAYSEER_DWH,2026-07-09 03:15:00
2026-01-01,Najran ,Traffic & Transport,Call Center,6028,3990,54.1,15.1,21.7,3.67,93.3,6,TAYSEER_DWH,2026-07-09 03:15:00
2025-12-01,Qassim,Health Services,Branch,15524,12858,66.1,26.7,51.7,3.58,96.3,16,TAYSEER_DWH,2026-07-09 03:15:00
2026-06-01,منطقة القصيم,Justice & Notary,Web Portal,5141,2690,62.8,14.5,8.62,3.74,98.3,5,TAYSEER_DWH,2026-07-09 03:15:00
2026-05-01,Eastern Province,Business & Licensing,Branch,31718,27283,66.0,35.8,58.27,3.57,88.6,36,TAYSEER_DWH,2026-07-09 03:15:00
2026-04-01,NAJRAN,Justice & Notary,Branch,"3,679",3012,50.6,104.6,-14.62,3.27,83.4,5,CHANNEL_API,2026-07-09 03:15:00
2026-02-01,Asir,Health Services,Branch,20921,17336,59.7,26.0,55.35,3.64,89.4,21,TAYSEER_DWH,2026-07-09 03:15:00
2025-10-01,Northern Borders,Labour & HR Services,Call Center,2455,1566,60.9,21.5,22.95,3.95,88.7,2,TAYSEER_DWH,2026-07-09 03:15:00
2026-06-01,Al-Jouf,Traffic & Transport,Call Center,4419,2827,65.7,14.8,20.35,3.83,89.3,3,TAYSEER_DWH,2026-07-09 03:15:00
2025-09-01,Asir,Social Support & Subsidies,Call Center,12004,7652,56.9,21.5,24.16,3.8,89.9,8,REGIONAL_UPLOAD,2026-07-09 03:15:00
2026-04-01,AL-JOUF,Health Services,Mobile App,13757,5646,62.8,6.2,4.11,4.65,97.8,3,TAYSEER_DWH,2026-07-09 03:15:00
2025-12-01,Asir,Municipal Services,Mobile App,"37,669",14630,61.1,7.2,4.8,4.24,99.5,23,TAYSEER_DWH,2026-07-09 03:15:00
Jun-2026,Makkah,Business & Licensing,Call Center,51029,34163,60.8%,24.3,25.73,3.47,90.7,48,TAYSEER_DWH,2026-07-09 03:15:00
08-01-2025,Madinah,Health Services,Web Portal,21403,10843,61.2,8.6,7.01,4.72,99.1,2,REGIONAL_UPLOAD,2026-07-09 03:15:00
2026-02-01,Makkah,Business & Licensing,Call Center,40269,24720,60.9,30.5,27.1,3.52,91.8,45,CHANNEL_API,2026-07-09 03:15:00
2025-09-01,Hail,Business & Licensing,Mobile App,10008,3859,60.3,9999.0,4.83,4.39,96.3,4,TAYSEER_DWH,2026-07-09 03:15:00
2025-10-01,Hail,Identity & Civil Affairs,Web Portal,"8,440",4195,66.4%,9.5,5.8,4.35,98.0,3,TAYSEER_DWH,2026-07-09 03:15:00
2026-06-01,Al-Jouf,Health Services,Web Portal,5199,2635,63.3,8.5,7.26,4.37,98.9,2,TAYSEER_DWH,2026-07-09 03:15:00
2026-01-01,Al-Baha,Justice & Notary,Branch,2784,2341,51.1,126.6,71.23,3.38,86.1,4,TAYSEER_DWH,2026-07-09 03:15:00
2026-01-01,Jazan,Education & Training,Mobile App,22712,,50.6,5.3,4.26,4.26,99.5,9,TAYSEER_DWH,2026-07-09 03:15:00
2025-09-01,Al-Jouf,Municipal Services,Web Portal,3967,1955,61.7,12.0,6.54,4.25,98.3,2,REGIONAL_UPLOAD,2026-07-09 03:15:00
2026-03-01,Al-Jouf,Labour & HR Services,Mobile App,8776,3418,61.5,6.1,4.15,4.41,99.5,3,CHANNEL_API,2026-07-09 03:15:00
2025-09-01,Asir,Social Support & Subsidies,Mobile App,"24,073",9303,56.9,7.3,4.37,4.37,97.4,12,CHANNEL_API,2026-07-09 03:15:00
2025-08-01,Tabuk,Traffic & Transport,Branch,10133,-,62.7,23.1,47.24,3.13,89.6,16,TAYSEER_DWH,2026-07-09 03:15:00
2026-03-01,Jazan,Education & Training,Web Portal,9860,5126,51.1%,7.8,6.73,4.02,96.2,7,TAYSEER_DWH,2026-07-09 03:15:00
2025-08-01,Jazan,Identity & Civil Affairs,Branch,"26,740",22256,48.4,35.4,61.3,3.3,88.3,43,TAYSEER_DWH,2026-07-09 03:15:00
2026-02-01,Al-Baha,Traffic & Transport,Branch,4549,3531,55.7,21.9,46.65,3.59,90.5,5,REGIONAL_UPLOAD,2026-07-09 03:15:00
2025-10-01,Najran,Justice & Notary,Branch,3805,3170,49.9,115.2,62.21,3.26,85.6,6,TAYSEER_DWH,2026-07-09 03:15:00
2025-11-01,Sharqiyah,Municipal Services,Call Center,28601,18065,67.7,19.8,25.58,3.88,90.7,30,TAYSEER_DWH,2026-07-09 03:15:00
2026-02-01,Jazan,Traffic & Transport,Mobile App,25211,9536,128.9,5.6,4.22,4.1,95.9,20,TAYSEER_DWH,2026-07-09 03:15:00
01/08/2025,Northern Borders,Justice & Notary,Web Portal,1415,742,58.7,18.1,9.43,4.16,97.5,1,REGIONAL_UPLOAD,2026-07-09 03:15:00
2025-07-01,Qassim,Labour & HR Services,Branch,10479,8489,62.3,23.7,43.6,3.42,88.8,14,CHANNEL_API,2026-07-09 03:15:00
2026-01-01,Madinah,Traffic & Transport,Call Center,18096,12221,62.1,14.1,19.61,4.01,88.1,10,TAYSEER_DWH,2026-07-09 03:15:00
2026-06-01,Makkah,Identity & Civil Affairs,Web Portal,92473,47785,66.3,9.2,6.26,4.23,99.0,35,TAYSEER_DWH,2026-07-09 03:15:00
2025-07-01,Asir,Health Services,Branch,24061,19816,59.5,25.9,54.65,3.74,91.0,16,REGIONAL_UPLOAD,2026-07-09 05:40:00
2026-01-01,Al-Baha,Education & Training,Web Portal,3117,1589,56.4,8.6,6.31,4.3,98.0,2,TAYSEER_DWH,2026-07-09 03:15:00
2025-08-01,Riyadh,Education & Training,Call Center,66152,43499,68.4,14.2,17.44,4.09,90.9,32,TAYSEER_DWH,2026-07-09 03:15:00
2025-12-01,AL-JOUF,Health Services,Web Portal,5798,,61.7,7.5,6.79,4.44,93.4,2,REGIONAL_UPLOAD,2026-07-09 03:15:00
2026-04-01,Eastern Province,Labour & HR Services,Branch,35752,30296,66.8,25.5,48.93,3.66,90.3,40,TAYSEER_DWH,2026-07-09 03:15:00
2026-02-01,Eastern Province,Social Support & Subsidies,Call Center,19277,12270,65.5,18.8,20.89,3.88,86.1,21,TAYSEER_DWH,2026-07-09 03:15:00
2026-02-01,Riyadh,Traffic & Transport,Mobile App,179428,69215,67.7,5.0,3.64,4.51,99.2,47,TAYSEER_DWH,2026-07-09 03:15:00
2026-02-01,Madinah,Business & Licensing,Mobile App,"24,620",9167,60.3,11.2,5.19,4.44,98.3,10,REGIONAL_UPLOAD,2026-07-09 03:15:00
2025-09-01,Northern Borders,Health Services,Mobile App,8779,3301,59.5,6.1,4.71,4.7,94.9,1,TAYSEER_DWH,2026-07-09 03:15:00
2025-12-01,Tabuk,Traffic & Transport,Web Portal,11364,5741,63.7,8.4,6.95,3.94,97.5,9,TAYSEER_DWH,2026-07-09 03:15:00
2026/03/01,Northern Borders,Education & Training,Call Center,2375,1562,62.9,14.8,23.96,4.06,90.5,2,TAYSEER_DWH,2026-07-09 03:15:00
2026-05-01,Eastern Province,Identity & Civil Affairs,Mobile App,141166,53496,66.7,5.9,3.94,4.66,99.0,18,REGIONAL_UPLOAD,2026-07-09 03:15:00
2026-05-01,Qassim,Business & Licensing,Web Portal,8772,4721,65.2,0.0,8.16,3.85,96.4,9,REGIONAL_UPLOAD,2026-07-09 03:15:00
2025-11-01,Hail,Municipal Services,Branch,5804,4611,64.3,29.8,n/a,3.55,90.8,5,TAYSEER_DWH,2026-07-09 03:15:00
2025-11-01,Najran,Traffic & Transport,Web Portal,4847,2523,54.6,8.2,6.15,4.0,97.3,4,TAYSEER_DWH,2026-07-09 03:15:00
2026-06-01,Riyadh,Education & Training,Branch,61836,50752,69.1,21.7,38.88,3.78,92.9,70,TAYSEER_DWH,2026-07-09 03:15:00
2026-05-01,Madinah,Labour & HR Services,MOBILE_APP,48423,18373,62.1,6.6,4.4,4.63,98.2,11,TAYSEER_DWH,2026-07-09 03:15:00
2026-01-01,Madinah,Identity & Civil Affairs,Mobile App,57366,22247,60.7,7.6,4.01,4.75,99.5,5,TAYSEER_DWH,2026-07-09 03:15:00
2026-01-01,Tabuk,Identity & Civil Affairs,Mobile App,"25,129",9313,63.4,7.0,4.38,4.21,98.5,17,TAYSEER_DWH,2026-07-09 03:15:00
2025/10/01,منطقة الجوف,Justice & Notary,Branch,2800,2310,59.5,53.8,66.67,3.59,88.0,2,TAYSEER_DWH,2026-07-09 03:15:00
2025-11-01,Eastern Province,Traffic & Transport,Mobile App,128143,49732,67.8%,4.5,3.95,4.53,96.6,30,CHANNEL_API,2026-07-09 03:15:00
2026-06-01,Qassim,Traffic & Transport,Mobile App,36780,14489,66.7,5.0,3.89,4.12,97.7,29,TAYSEER_DWH,2026-07-09 03:15:00
2025-09-01,Hail,Labour & HR Services,Mobile App,11425,4525,64.5,5.4,4.46,4.45,99.5,5,REGIONAL_UPLOAD,2026-07-09 03:15:00
2026-03-01,Asir,Traffic & Transport,Mobile App,49540,19256,60.8,5.3,4.14,4.38,99.2,19,TAYSEER_DWH,2026-07-09 03:15:00
2026-03-01,Eastern Province,Municipal Services,Call Center,29067,19091,68.0,17.7,22.04,3.83,88.9,25,TAYSEER_DWH,2026-07-09 03:15:00
2025-12-01,Qassim,Identity & Civil Affairs,Branch,17372,14351,66.5,27.9,48.47,3.45,89.9,22,TAYSEER_DWH,2026-07-09 03:15:00
2026-04-01,Jazan,Justice & Notary,Mobile App,11281,4237,46.3,12.0,6.19,4.15,98.5,7,CHANNEL_API,2026-07-09 03:15:00
2025-11-01,Tabuk,Education & Training,Web Portal,"7,730",3793,66.9,7.4,6.13,4.1,99.3,5,TAYSEER_DWH,2026-07-09 03:15:00
2025-12-01,Eastern Province,Municipal Services,Branch,"35,737",28998,67.5,33.6,52.54,3.41,92.4,38,TAYSEER_DWH,2026-07-09 03:15:00
2026-04-01,Tabuk,Traffic & Transport,Mobile App,23500,9380,64.2,5.6,3.54,4.11,98.7,15,TAYSEER_DWH,2026-07-09 03:15:00
2026/02/01,Jazan,Municipal Services,Branch,12843,,49.3,35.8,62.34,3.05,90.2,18,TAYSEER_DWH,2026-07-09 03:15:00
2026-04-01,Jazan,Education & Training,Call Center,13739,9195,50.9,15.7,22.17,3.71,91.6,7,TAYSEER_DWH,2026-07-09 03:15:00
2025-12-01,Northern Borders,Business & Licensing,Call Center,2179,1387,60.5,28.4,28.15,3.78,92.2,2,TAYSEER_DWH,2026-07-09 03:15:00
2025-12-01,Tabuk,Social Support & Subsidies,Mobile App,12475,4899,63.2,7.4,4.32,4.32,95.4,6,TAYSEER_DWH,2026-07-09 03:15:00
2026-04-01,Northern Borders,Business & Licensing,Web Portal,2186,1137,60.3,14.1,8.82,4.24,97.4,1,TAYSEER_DWH,2026-07-09 03:15:00
2026-04-01,منطقة تبوك,Traffic & Transport,Call Center,8015,5226,64.2,17.0,22.44,3.56,89.0,5,TAYSEER_DWH,2026-07-09 03:15:00
2026-06-01,N. Borders,Labour & HR Services,Call Center,2365,1586,62.1,17.0,24.9,3.95,92.7,1,TAYSEER_DWH,2026-07-09 03:15:00
01/01/2026,Al-Jouf,Health Services,Call Center,5212,3422,61.9,15.5,21.52,3.95,90.7,2,REGIONAL_UPLOAD,2026-07-09 03:15:00
2026-05-01,Najran,Business & Licensing,Web Portal,2783,1404,52.3,17.0,9.07,3.89,98.7,2,REGIONAL_UPLOAD,2026-07-09 03:15:00
2025-08-01,Qassim,Identity & Civil Affairs,Branch,15173,12151,65.8,27.9,44.84,3.41,92.0,19,CHANNEL_API,2026-07-09 03:15:00
03-01-2026,Qassim,Business & Licensing,Web Portal,8438,4166,64.9,13.5,8.17,3.97,99.5,6,TAYSEER_DWH,2026-07-09 03:15:00
2026-06-01,منطقة مكة المكرمة,Justice & Notary,Branch,43182,36202,60.6,100.2,66.02,3.21,83.2,56,TAYSEER_DWH,2026-07-09 03:15:00
2025-07-01,Al-Baha,Municipal Services,Call Center,3124,2041,53.8%,22.4,25.39,null,90.0,3,TAYSEER_DWH,2026-07-09 03:15:00
2026-01-01,QASSIM,Education & Training,Web Portal,10900,5565,67.1,7.7,6.13,4.17,n/a,6,TAYSEER_DWH,2026-07-09 03:15:00
2025-08-01,Qassim,Business & Licensing,Call Center,6771,4262,63.9%,29.9,25.62,3.35,88.5,13,CHANNEL_API,2026-07-09 03:15:00
2025-12-01,Al-Jouf,Education & Training,Mobile App,9043,3730,62.4,5.0,3.72,4.66,99.5,1,TAYSEER_DWH,2026-07-09 03:15:00
2026-02-01,Jazan,Traffic & Transport,Web Portal,10911,5809,52.2,8.1,6.64,3.96,99.5,6,TAYSEER_DWH,2026-07-09 03:15:00
2026-06-01,Al-Baha,Labour & HR Services,Mobile App,7423,2803,57.5,6.2,4.33,4.34,98.5,4,TAYSEER_DWH,2026-07-09 03:15:00
2025-10-01,Al-Jouf,Business & Licensing,Web Portal,"3,288",1636,60.0,14.7,8.72,3.98,n/a,3,REGIONAL_UPLOAD,2026-07-09 03:15:00
2025-07-01,Najran,Municipal Services, Branch,6177,4789,50.5,36.7,57.42,3.43,87.6,7,TAYSEER_DWH,2026-07-09 03:15:00
2025-09-01,Madinah,Social Support & Subsidies,Call Center,11170,7120,59.5,19.7,NULL,4.13,93.1,7,CHANNEL_API,2026-07-09 03:15:00
2025-07-01,Jazan,Identity & Civil Affairs,Web Portal,13833,7326,48.7,10.2,7.7,4.11,99.5,11,TAYSEER_DWH,2026-07-09 03:15:00
2025-09-01,Najran,Municipal Services,Web Portal,3925,2005,50.7,10.8,7.15,4.17,96.0,2,CHANNEL_API,2026-07-09 03:15:00
2025-09-01,Riyadh,Traffic & Transport,Call Center,63050,39186,66.5,13.9,17.83,3.87,90.8,56,REGIONAL_UPLOAD,2026-07-09 03:15:00
2026-03-01,Jazan,Justice & Notary,Mobile App,11607,4470,45.8,11.7,6.36,4.03,97.8,10,REGIONAL_UPLOAD,2026-07-09 03:15:00
2025-08-01,Qassim,Municipal Services,Mobile App,22850,9351,61.8,6.6,4.47,4.09,97.9,15,CHANNEL_API,2026-07-09 03:15:00
2025-11-01,Northern Borders,Municipal Services,Mobile App,6732,2613,62.6,7.2,5.27,4.61,98.7,1,TAYSEER_DWH,2026-07-09 03:15:00
2025-12-01,Riyadh,Labour & HR Services,Web Portal,61753,31995,69.6,8.8,5.89,4.26,95.9,26,TAYSEER_DWH,2026-07-09 03:15:00
2025-07-01,Najran,Identity & Civil Affairs,Web Portal,4967,2712,50.8,10.7,6.11,4.2,96.8,3,REGIONAL_UPLOAD,2026-07-09 03:15:00
2025-08-01,Qassim,Labour & HR Services,Branch,10455,8246,63.2,26.5,48.08,3.36,89.9,12,REGIONAL_UPLOAD,2026-07-09 03:15:00
2025-07-01,Makkah,Labour & HR Services,Branch,71026,NA,60.0,27.4,47.12,3.36,,106,TAYSEER_DWH,2026-07-09 03:15:00
2025-12-01,Eastern Province,Social Support & Subsidies,callcenter,22361,13429,65.4,16.1,22.93,4.04,92.8,15,TAYSEER_DWH,2026-07-09 03:15:00
2026-03-01,Makkah,Health Services,Call Center,79164,52465,63.1%,15.2,23.83,3.88,94.9,49,TAYSEER_DWH,2026-07-09 03:15:00
2026-05-01,Asir,Labour & HR Services,Mobile App,36103,14257,58.8,6.0,4.7,4.35,97.1,15,TAYSEER_DWH,2026-07-09 03:15:00
2026-02-01,Aseer,Municipal Services,Call Center,13641,8677,60.9%,20.1,25.18,3.6,89.2,11,TAYSEER_DWH,2026-07-09 03:15:00
2026-05-01,Qassim,Traffic & Transport,Mobile App,"38,362",14420,66.1,5.2,3.81,4.15,99.1,25,TAYSEER_DWH,2026-07-09 03:15:00
Apr-2026,Makkah,Health Services,Call Center,80321,51564,63.4,16.5,21.88,3.72,92.0,75,REGIONAL_UPLOAD,2026-07-09 03:15:00
2026-06-01,Najran,Education & Training,Mobile App,10556,3803,55.3,5.3,3.94,4.47,99.5,3,TAYSEER_DWH,2026-07-09 03:15:00
2026-03-01,Najran,Social Support & Subsidies,Call Center,3891,2437,52.6,22.6,23.39,3.71,91.0,4,TAYSEER_DWH,2026-07-09 03:15:00
2025-09-01,Najran,Justice & Notary,Branch,"3,883",3229,50.4,124.1,64.01,3.33,87.6,5,TAYSEER_DWH,2026-07-09 03:15:00
2025-07-01,Madinah,Traffic & Transport,Mobile App,43852,17094,60.8,5.2,3.74,4.59,97.8,8,CHANNEL_API,2026-07-09 03:15:00
02-01-2026,Qassim,Health Services,Mobile App,36691,14271,67.0,6.1,4.16,4.45,99.2,8,TAYSEER_DWH,2026-07-09 03:15:00
2025-10-01,Riyadh,Traffic & Transport,Mobile App,217258,86368,67.1,4.8,3.54,4.47,99.5,63,REGIONAL_UPLOAD,2026-07-09 03:15:00
2026-04-01,Hail,Justice & Notary,Web Portal,"2,537",1314,60.1,0.0,8.31,4.24,99.5,1,TAYSEER_DWH,2026-07-09 03:15:00
2025-11-01,Najran,Education & Training,Call Center,"4,846",3004,55.3,15.3,20.22,-,87.9,5,REGIONAL_UPLOAD,2026-07-09 03:15:00
2026-05-01,Jizan,Justice & Notary,Mobile App,11365,4435,46.6%,12.5,6.17,4.06,97.0,10,TAYSEER_DWH,2026-07-09 03:15:00
2025-11-01,Riyadh,Education & Training,Mobile App,170577,61312,68.7,4.4,3.58,4.79,97.2,12,TAYSEER_DWH,2026-07-09 03:15:00
2026-06-01,Hail,Social Support & Subsidies,Web Portal,3459,1793,63.1,9.4,NULL,4.42,99.5,1,TAYSEER_DWH,2026-07-09 03:15:00
2026-05-01,Al-Baha,Social Support & Subsidies,Branch,3581,2880,53.9,33.1,55.6,3.62,93.4,4,REGIONAL_UPLOAD,2026-07-09 03:15:00
01/12/2025,Qassim,Identity & Civil Affairs,Web Portal,15378,7662,66.5,8.7,6.38,4.1,98.0,9,REGIONAL_UPLOAD,2026-07-09 03:15:00
2025-11-01,Najran,Business & Licensing,Portal,3188,1649,50.9,15.9,9.04,4.07,99.5,2,TAYSEER_DWH,2026-07-09 03:15:00
2025-10-01,Riyadh,Municipal Services,Call Center,52655,35065,64.9,19.7,21.95,3.82,91.4,44,TAYSEER_DWH,2026-07-09 03:15:00
2025-11-01,Qassim,Social Support & Subsidies,Call Center,6616,4282,64.6,17.8,20.73,3.66,90.1,6,TAYSEER_DWH,2026-07-09 03:15:00
2026-05-01,Makkah,Municipal Services,Web Portal,74734,39956,61.2,11.5,7.53,4.03,98.7,60,REGIONAL_UPLOAD,2026-07-09 03:15:00
2026-04-01,Northern Borders,Traffic & Transport,Branch,4208,3451,61.6%,28.2,54.81,3.63,90.2,5,REGIONAL_UPLOAD,2026-07-09 03:15:00
2026-03-01,Qassim,Traffic & Transport,Web Portal,13182,6816,66.7,7.6,,3.99,99.5,10,TAYSEER_DWH,2026-07-09 03:15:00
2026-03-01,Northern Borders,Social Support & Subsidies,Call Center,1802,1188,59.6,20.5,22.84,4.0,91.3,1,REGIONAL_UPLOAD,2026-07-09 03:15:00
2026-04-01,Asir,Labour & HR Services,Call Center,13593,-,59.3,16.5,22.69,3.73,89.1,13,TAYSEER_DWH,2026-07-09 03:15:00
2025-11-01,Al-Baha,Business & Licensing,Web Portal,2322,1134,52.9,16.2,8.74,4.01,96.2,1,TAYSEER_DWH,2026-07-09 03:15:00
2025-08-01,Eastern Province,Traffic & Transport,Web Portal,51030,25877,66.9,8.0,5.71,4.19,94.8,26,TAYSEER_DWH,2026-07-09 03:15:00
2026-06-01,Al-Jouf,Municipal Services,Web Portal,"3,853",1926,63.3,10.3,NULL,-,99.5,2,TAYSEER_DWH,2026-07-09 03:15:00
2025-08-01,Madinah,Identity & Civil Affairs,Mobile App,44725,16519,59.6,7.6,4.54,4.76,98.9,4,TAYSEER_DWH,2026-07-09 03:15:00
01/09/2025,Eastern Province,Municipal Services,Call Center,"29,668",18899,66.5,21.1,21.42,3.69,90.0,33,TAYSEER_DWH,2026-07-09 03:15:00
2025-07-01,Jazan,Education & Training,Web Portal,9615,4936,50.4,7.8,6.73,4.01,99.5,6,TAYSEER_DWH,2026-07-09 03:15:00
2026-05-01,Makkah,Traffic & Transport,Call Center,106973,73069,62.8,15.5,18.65,3.7,91.1,77,CHANNEL_API,2026-07-09 03:15:00
2025-07-01,Asir,Identity & Civil Affairs,Mobile App,49302,18699,61.7,7.1,4.34,4.53,95.8,13,TAYSEER_DWH,2026-07-09 03:15:00
2026-04-01,Eastern Province,Justice & Notary,Web Portal,21970,10808,65.6,14.4,7.79,4.15,95.2,13,TAYSEER_DWH,2026-07-09 03:15:00
2026-02-01,Hail,Traffic & Transport,Branch,5661,4876,63.4,25.0,50.57,3.54,87.8,6,TAYSEER_DWH,2026-07-09 03:15:00
2025-12-01,Al-Baha,Education & Training,Call Center,3626,2308,56.5,14.8,21.02,3.89,90.8,3,TAYSEER_DWH,2026-07-09 03:15:00
2025-08-01,jazan ,Labour & HR Services,Branch,16374,13690,47.5%,34.6,60.29,3.32,91.1,25,TAYSEER_DWH,2026-07-09 03:15:00
2026-02-01,Northern Borders,Education & Training,Branch,2139,1705,63.2,23.6,48.56,3.92,90.3,2,REGIONAL_UPLOAD,2026-07-09 03:15:00
2025-12-01,Madinah,Social Support & Subsidies,Branch,13470,11004,60.2,28.8,53.39,3.89,92.6,14,CHANNEL_API,2026-07-09 03:15:00
2025-07-01,Qassim,Justice & Notary,Call Center,4538,2781,61.3,30.1,24.95,3.41,89.1,5,TAYSEER_DWH,2026-07-09 03:15:00
2026-02-01,Hail,Social Support & Subsidies,Mobile App,8613,3391,62.9,7.0,3.92,4.51,99.5,3,TAYSEER_DWH,2026-07-09 03:15:00
2026-03-01,Makkah,Education & Training,Call Center,53421,35532,63.9,13.8,19.86,3.73,87.4,50,TAYSEER_DWH,2026-07-09 03:15:00
2025-11-01,Riyadh,Social Support & Subsidies,branch,48826,38010,66.7,29.4,45.2,3.71,89.4,48,TAYSEER_DWH,2026-07-09 03:15:00
2026-02-01,Northern Borders,Justice & Notary,Branch,1295,1056,58.7,48.4,69.46,3.59,90.0,2,TAYSEER_DWH,2026-07-09 03:15:00
2026-01-01,Asir,Business & Licensing,Web Portal,12843,6228,58.8,15.4,9.03,3.95,94.6,10,TAYSEER_DWH,2026-07-09 03:15:00
2025-07-01,NAJRAN,Education & Training,Branch,6861,5754,55.1,25.2,47.61,-,89.8,5,REGIONAL_UPLOAD,2026-07-09 03:15:00
01/02/2026,Northern Borders,Municipal Services,Web Portal,2433,1264,62.2,10.8,7.68,4.18,98.6,1,TAYSEER_DWH,2026-07-09 03:15:00
2026-01-01,Makkah,Justice & Notary,Web Portal,33988,17741,59.9,16.8,8.34,3.94,96.0,31,REGIONAL_UPLOAD,2026-07-09 03:15:00
2025-07-01,Riyadh,Business & Licensing,Call Center,39707,25902,63.2,27.5,22.97,3.87,90.0,33,TAYSEER_DWH,2026-07-09 03:15:00
2026-05-01,Asir,Identity & Civil Affairs,Web Portal,21541,11284,62.2,10.4,7.0,4.29,99.5,12,TAYSEER_DWH,2026-07-09 03:15:00
2026-04-01,Tabuk,Health Services,Call Center,9524,6321,63.8,17.6,24.5,3.74,92.5,9,TAYSEER_DWH,2026-07-09 03:15:00
01/07/2025,Qassim,Municipal Services,Mobile App,22425,8838,62.1%,7.9,4.47,4.21,99.5,8,REGIONAL_UPLOAD,2026-07-09 03:15:00
2025-08-01,NAJRAN,Identity & Civil Affairs,Web Portal,5087,2612,50.9,10.5,6.93,4.13,99.1,3,TAYSEER_DWH,2026-07-09 03:15:00
2025-09-01,Tabuk,Business & Licensing,Web Portal,6198,2976,62.8,15.1,-29.49,3.68,97.8,7,TAYSEER_DWH,2026-07-09 03:15:00
2025-09-01,EASTERN PROVINCE,Social Support & Subsidies,Mobile App,70520,27907,64.5,6.4,3.75,4.55,99.5,19,REGIONAL_UPLOAD,2026-07-09 03:15:00
2026-04-01,Qassim,Municipal Services,Mobile App,29412,11722,63.3,7.3,-38.42,4.14,98.4,18,TAYSEER_DWH,2026-07-09 03:15:00
2026-03-01,Jazan,Social Support & Subsidies,Web Portal,6435,3251,49.3,12.1,8.15,3.85,99.5,5,REGIONAL_UPLOAD,2026-07-09 03:15:00
2026-06-01,Northern Borders,Municipal Services,Mobile App,"7,235",2865,62.6,7.8,5.08,4.45,99.5,3,REGIONAL_UPLOAD,2026-07-09 03:15:00
2026-06-01,Riyadh ,Labour & HR Services,Web Portal,56311,28208,70.5%,8.8,6.4,4.33,97.5,22,REGIONAL_UPLOAD,2026-07-09 03:15:00
2025-10-01,Najran,Justice & Notary,Mobile App,4836,1882,49.9,10.7,5.49,4.17,99.5,4,TAYSEER_DWH,2026-07-09 03:15:00
2025-07-01,Najran,Identity & Civil Affairs,Branch,9469,7200,50.8,29.4,49.39,3.57,90.5,10,TAYSEER_DWH,2026-07-09 03:15:00
01/11/2025,Madinah,Health Services,web portal,22780,11053,62.3,9.9,7.13,4.67,97.0,3,CHANNEL_API,2026-07-09 03:15:00
2025-09-01,Al-Jouf,Justice & Notary,Web Portal,2021,1027,58.3,15.5,8.55,4.05,99.5,1,CHANNEL_API,2026-07-09 03:15:00
2026-06-01,Riyadh,Identity & Civil Affairs,Call Center,74218,50062,67.7,19.1,19.97,4.0,91.1,57,TAYSEER_DWH,2026-07-09 03:15:00
2025-07-01,Tabuk,Social Support & Subsidies,Web Portal,5477,2719,62.5,9.5,7.68,4.03,96.8,2,TAYSEER_DWH,2026-07-09 03:15:00
2026-06-01,Najran,Justice & Notary,Web Portal,1798,928,50.5,15.7,8.58,4.06,95.8,2,REGIONAL_UPLOAD,2026-07-09 03:15:00
01/02/2026,Al-Jouf,Municipal Services,Mobile App,8449,3537,62.8,7.1,4.46,4.38,98.0,3,CHANNEL_API,2026-07-09 03:15:00
2026-05-01,Al-Baha,Traffic & Transport,Call Center,5099,3316,55.9,15.4,18.75,3.72,90.2,4,TAYSEER_DWH,2026-07-09 03:15:00
2026-02-01,Jazan,Labour & HR Services,Web Portal,7565,3960,48.0,10.4,7.11,4.05,98.5,4,TAYSEER_DWH,2026-07-09 03:15:00
2026-05-01,Northern Borders,Municipal Services,Branch,2957,2446,62.7,33.2,67.48,3.51,90.8,4,TAYSEER_DWH,2026-07-09 03:15:00
2026-02-01,Tabuk,Justice & Notary,Branch,3111,2516,64.1,57.0,71.97,3.17,93.5,4,TAYSEER_DWH,2026-07-09 03:15:00
2026-04-01,Northern Borders,Municipal Services,Branch,"3,256",2464,62.1,33.1,64.3,3.62,91.5,2,TAYSEER_DWH,2026-07-09 03:15:00
2025-07-01,Madinah,Social Support & Subsidies,Mobile App,23515,9080,59.4,7.4,3.83,4.68,95.9,3,REGIONAL_UPLOAD,2026-07-09 03:15:00
2026-01-01,Eastern Province,Labour & HR Services,Call Center,26423,-,66.8,17.3,21.96,3.75,88.2,27,TAYSEER_DWH,2026-07-09 03:15:00
2025-09-01,Najran,Municipal Services,Call Center,5263,3301,50.7,22.5,26.99,3.58,89.5,7,REGIONAL_UPLOAD,2026-07-09 03:15:00
2025-11-01,Eastern Province,Traffic & Transport,Branch,48421,39104,67.8,23.0,46.08,3.56,88.9,45,REGIONAL_UPLOAD,2026-07-09 03:15:00
2025-07-01,المنطقة الشرقية,Social Support & Subsidies,MOBILE_APP,57269,21611,64.0,6.2,4.18,4.67,96.0,10,REGIONAL_UPLOAD,2026-07-09 03:15:00
2026-04-01,Northern Borders,Labour & HR Services,Branch,3145,,61.5,26.1,52.7,3.66,89.3,4,TAYSEER_DWH,2026-07-09 03:15:00
2026-04-01,Qassim,Education & Training,Mobile App,28094,10899,68.0,4.5,3.44,4.49,98.1,7,CHANNEL_API,2026-07-09 03:15:00
2025-08-01,Tabuk,Education & Training,Call Center,7908,5118,66.8,14.7,19.31,3.66,91.2,9,CHANNEL_API,2026-07-09 03:15:00
2026-04-01,Tabuk,Municipal Services,Call Center,6643,4276,63.8,25.7,26.63,3.41,90.4,8,REGIONAL_UPLOAD,2026-07-09 03:15:00
2026-02-01,Tabuk,Justice & Notary,Call Center,2943,1900,64.1,35.6,29.33,3.37,86.0,5,TAYSEER_DWH,2026-07-09 03:15:00
2026-03-01,Jazan,Traffic & Transport,Mobile App,"30,470",11834,51.6,5.8,4.48,4.22,99.5,13,CHANNEL_API,2026-07-09 03:15:00
2026-04-01,Eastern Province,Business & Licensing,Mobile App,78744,28519,66.3,9.3,4.5,4.34,93.4,30,TAYSEER_DWH,2026-07-09 03:15:00
2025-08-01,Al-Jouf,Health Services,Web Portal,4991,2546,60.9,7.7,6.43,4.39,99.5,2,TAYSEER_DWH,2026-07-09 03:15:00
2026-05-01,Northern Borders,Justice & Notary,Call Center,1621,1004,59.7,31.2,29.69,3.8,88.9,2,TAYSEER_DWH,2026-07-09 03:15:00
2025/09/01,منطقة الجوف,Education & Training,Branch,7303,5781,62.8,21.4,n/a,3.67,91.0,7,TAYSEER_DWH,2026-07-09 03:15:00
Nov-2025,Qassim,Municipal Services,Mobile App,25234,9382,62.7,7.1,4.33,4.13,97.7,13,REGIONAL_UPLOAD,2026-07-09 03:15:00
2025-11-01,Madinah,Education & Training,Mobile App,"40,458",15890,64.7,5.6,3.42,4.81,97.5,2,REGIONAL_UPLOAD,2026-07-09 05:40:00
2026-06-01,Eastern Province,Health Services,Mobile App,137587,52323,67.2%,5.6,4.03,4.81,98.7,5,REGIONAL_UPLOAD,2026-07-09 03:15:00
01/03/2026,Northern Borders,Social Support & Subsidies,Mobile App,4511,1711,59.6,7.9,4.81,4.74,99.5,0,TAYSEER_DWH,2026-07-09 03:15:00
2026-05-01,Najran,Labour & HR Services,Call Center,5198,3282,51.2,16.8,22.55,3.72,87.0,6,TAYSEER_DWH,2026-07-09 03:15:00
2025-09-01,Makkah,Health Services,Call Center,79471,52322,62.2,17.2,22.91,3.85,89.9,55,TAYSEER_DWH,2026-07-09 03:15:00
2025-12-01,المنطقة الشرقية,Business & Licensing,Portal,31232,15977,65.6,14.6,n/a,4.06,94.8,20,TAYSEER_DWH,2026-07-09 03:15:00
2026-05-01,Hail,Identity & Civil Affairs,Branch,7450,6147,68.2,26.0,53.44,3.77,91.5,8,TAYSEER_DWH,2026-07-09 03:15:00
2026-03-01,Eastern Province,Labour & HR Services,Web Portal,31632,15851,66.4%,8.9,6.55,4.29,97.2,15,TAYSEER_DWH,2026-07-09 03:15:00
2025-11-01,Jazan,Labour & HR Services,Web Portal,8241,4307,47.9,11.2,7.46,3.94,99.2,6,TAYSEER_DWH,2026-07-09 03:15:00
2025-10-01,Madinah,Justice & Notary,Mobile App,18863,7198,59.2,11.3,5.12,4.43,96.1,6,TAYSEER_DWH,2026-07-09 03:15:00
2026-05-01,Tabuk,Municipal Services,Call Center,6396,4095,63.6,21.1,26.07,3.59,91.3,7,TAYSEER_DWH,2026-07-09 03:15:00
2025-12-01,Najran,Business & Licensing,Mobile App,"7,816",2983,51.0,1440.0,5.84,4.2,98.6,5,TAYSEER_DWH,2026-07-09 03:15:00
2025-12-01,Tabuk,Social Support & Subsidies,BRANCH,5798,4946,63.2,33.2,48.7,3.46,91.8,8,CHANNEL_API,2026-07-09 03:15:00
2025-12-01,Tabuk,Business & Licensing,Call Center,4867,3101,64.0,33.6,28.44,3.51,87.8,5,TAYSEER_DWH,2026-07-09 03:15:00
2026-03-01,Tabuk,Business & Licensing,Mobile App,15581,5917,63.9,10.7,5.32,4.07,96.7,11,TAYSEER_DWH,2026-07-09 03:15:00
2026-06-01,Riyadh,Traffic & Transport,Web Portal,"80,711",42536,68.1,6.4,5.48,4.29,98.8,47,TAYSEER_DWH,2026-07-09 03:15:00
2025-12-01,Al-Jouf,Justice & Notary,Web Portal,2052,1063,59.1,18.6,8.08,4.07,97.4,2,TAYSEER_DWH,2026-07-09 03:15:00
2025-09-01,Najran,Traffic & Transport,Branch,8815,7349,54.1,24.0,50.21,3.39,88.4,10,TAYSEER_DWH,2026-07-09 03:15:00
2026-05-01,Eastern Province,Education & Training,Branch,36987,30534,68.8,21.8,40.48,3.88,89.4,35,TAYSEER_DWH,2026-07-09 03:15:00
2026-03-01,Mecca,Labour & HR Services,Call Center,58435,37681,62.0,20.1,NULL,3.73,89.6,69,CHANNEL_API,2026-07-09 03:15:00
2026-02-01,Makkah,Traffic & Transport,Mobile App,188076,75836,61.9,5.4,4.09,4.39,98.0,63,TAYSEER_DWH,2026-07-09 03:15:00
2026-03-01,Al-Jouf,Health Services,Web Portal,4920,2473,62.9,7.8,7.05,4.49,97.2,1,TAYSEER_DWH,2026-07-09 03:15:00
01/01/2026,Madinah,Health Services,Branch,29388,25087,62.5,26.2,51.92,4.01,89.0,19,TAYSEER_DWH,2026-07-09 03:15:00
01/08/2025,Al-Baha,Education & Training,Call Center,5261,3500,55.7,14.9,19.82,3.9,92.6,4,TAYSEER_DWH,2026-07-09 03:15:00
2026-01-01,JAZAN,Social Support & Subsidies,Mobile App,16819,6379,48.8,7.3,4.87,4.21,98.0,10,REGIONAL_UPLOAD,2026-07-09 03:15:00
2025-11-01,Northern Borders,Social Support & Subsidies,Web Portal,1953,1007,59.7%,10.0,7.55,4.39,96.7,1,REGIONAL_UPLOAD,2026-07-09 03:15:00
2026-01-01,Al-Jouf,Labour & HR Services,Call Center,3348,2154,61.3,19.6,22.25,,93.4,4,REGIONAL_UPLOAD,2026-07-09 03:15:00
2026-05-01,Makkah,Business & Licensing,Call Center,71176,41901,60.3,28.4,24.52,3.57,86.7,56,TAYSEER_DWH,2026-07-09 03:15:00
2025-07-01,Najran,Business & Licensing,BRANCH,5252,4227,51.1,103.1,65.86,3.18,84.8,8,TAYSEER_DWH,2026-07-09 03:15:00
10-01-2025,Tabuk,Education & Training,Web Portal,8047,4023,67.2,8.1,5.83,4.1,94.6,4,TAYSEER_DWH,2026-07-09 03:15:00
2026-02-01,Makkah,Identity & Civil Affairs,Web Portal,83240,43357,66.8,9.8,6.99,4.2,98.8,42,TAYSEER_DWH,2026-07-09 03:15:00
2026-03-01,Asir,Health Services,Web Portal,21136,10566,60.4,7.9,7.11,4.28,99.5,11,CHANNEL_API,2026-07-09 03:15:00
2026-04-01,Al-Jouf,Education & Training, Branch,4132,3446,63.5,23.2,43.75,3.74,87.3,3,REGIONAL_UPLOAD,2026-07-09 03:15:00
2025-10-01,Tabuk,Traffic & Transport,Branch,"10,096",8132,63.7,26.5,45.0,3.19,89.6,15,TAYSEER_DWH,2026-07-09 03:15:00
2026-05-01,Northern Borders,Identity & Civil Affairs,Mobile App,9470,3545,62.4,6.1,4.67,4.7,97.4,1,TAYSEER_DWH,2026-07-09 03:15:00
2025-11-01,Qassim,Justice & Notary,Mobile App,13480,4837,62.0,11.4,5.0,4.04,98.4,12,TAYSEER_DWH,2026-07-09 03:15:00
2025-11-01,Eastern Province,Justice & Notary,Mobile App,53374,19873,65.5,9.4,4.9,4.54,97.7,18,TAYSEER_DWH,2026-07-09 03:15:00
2026-01-01,Eastern Province,Education & Training,Mobile App,99689,39274,68.1,5.2,3.49,4.69,99.5,12,TAYSEER_DWH,2026-07-09 03:15:00
2026-02-01,Eastern Province,Business & Licensing,Call Center,22648,14092,65.5,26.9,24.31,3.61,89.7,19,TAYSEER_DWH,2026-07-09 03:15:00
2026-05-01,Madinah,Identity & Civil Affairs,Mobile App,74887,27748,61.1,7.1,4.04,4.79,99.5,5,TAYSEER_DWH,2026-07-09 03:15:00
2026-04-01,Najran,Business & Licensing,WEB,2764,1405,51.5,15.9,7.89,3.99,95.0,2,CHANNEL_API,2026-07-09 03:15:00
2026-06-01,Asir,Health Services,Web Portal,17986,9550,59.7,9.1,7.54,4.37,98.3,7,TAYSEER_DWH,2026-07-09 03:15:00
2025-09-01,Al-Jouf,Education & Training,Web Portal,5943,3164,62.8,6.9,5.45,4.32,99.5,3,TAYSEER_DWH,2026-07-09 03:15:00
2025-10-01,Qassim,Identity & Civil Affairs,Call Center,11250,7249,66.7,19.6,19.64,3.68,92.4,8,TAYSEER_DWH,2026-07-09 03:15:00
01/08/2025,Al-Baha,Labour & HR Services,Mobile App,6285,2495,56.3,6.5,4.34,4.44,99.5,2,TAYSEER_DWH,2026-07-09 03:15:00
2026-06-01,Makkah,Education & Training,Web Portal,60557,-,64.5,8.4,5.67,4.15,98.7,36,REGIONAL_UPLOAD,2026-07-09 03:15:00
2025/12/01,منطقة عسير,Social Support & Subsidies,Call Center,11962,8021,56.5,17.9,24.47,3.81,90.8,13,TAYSEER_DWH,2026-07-09 03:15:00
2026-03-01,Jazan,Traffic & Transport,Call Center,17391,11319,51.6%,16.3,23.36,3.44,91.9,20,TAYSEER_DWH,2026-07-09 03:15:00
2026-04-01,Asir,Labour & HR Services,Web Portal,12850,6975,59.3,0.0,7.45,4.18,97.8,8,REGIONAL_UPLOAD,2026-07-09 03:15:00
2026-04-01,Jazan,Business & Licensing,Mobile App,19742,7562,48.6,10.5,5.67,3.99,96.9,16,TAYSEER_DWH,2026-07-09 03:15:00
2026-04-01,Najran,Business & Licensing,Branch,5565,4681,51.5,123.9,62.97,3.18,82.4,7,REGIONAL_UPLOAD,2026-07-09 03:15:00
2025-10-01,Al-Baha,Health Services,Branch,6090,-,57.3,28.3,56.6,3.62,86.6,7,TAYSEER_DWH,2026-07-09 03:15:00
2026-04-01,Eastern Province,Identity & Civil Affairs,Web Portal,53659,27042,65.5%,8.6,6.32,4.4,99.1,21,TAYSEER_DWH,2026-07-09 03:15:00
2025-07-01,Al-Jouf,Business & Licensing,Call Center,2760,1708,59.8,27.8,25.79,3.52,85.4,3,CHANNEL_API,2026-07-09 03:15:00
2025-08-01,Riyadh,Social Support & Subsidies,Web Portal,46838,23696,65.8,9.3,NULL,4.42,96.4,17,REGIONAL_UPLOAD,2026-07-09 05:40:00
2025-12-01,Asir,Education & Training,Branch,19754,16092,119.5,23.8,45.52,3.56,89.3,21,TAYSEER_DWH,2026-07-09 03:15:00
2026-01-01,Eastern Province,Business & Licensing,Branch,31564,24958,65.5,42.2,60.15,3.47,89.5,31,TAYSEER_DWH,2026-07-09 03:15:00
2026-04-01,Asir,Traffic & Transport,Mobile App,49507,19287,60.4,5.0,4.01,4.25,99.5,30,TAYSEER_DWH,2026-07-09 03:15:00
2025-11-01,Qassim,Business & Licensing,Web Portal,8774,4539,63.9,13.9,7.96,3.84,99.5,6,REGIONAL_UPLOAD,2026-07-09 03:15:00
2025-10-01,Madinah,Justice & Notary,Branch,10350,-,59.2,49.9,60.89,3.63,88.4,12,TAYSEER_DWH,2026-07-09 03:15:00
2026-01-01,Tabuk,Business & Licensing,mobile app,16135,6115,64.1,11.0,5.48,4.13,96.1,9,TAYSEER_DWH,2026-07-09 03:15:00
2025-08-01,Al-Jouf,Education & Training,Mobile App,13136,5161,62.0,4.8,4.03,4.56,96.3,3,CHANNEL_API,2026-07-09 03:15:00
2026-06-01,Riyadh,Business & Licensing,Branch,56302,43961,64.6,43.2,61.09,3.6,89.2,55,REGIONAL_UPLOAD,2026-07-09 03:15:00
2025-09-01,Al-Baha,Business & Licensing,Web Portal,2503,1240,52.5,14.4,8.44,4.01,99.5,2,TAYSEER_DWH,2026-07-09 03:15:00
2026-05-01,Madinah,Justice & Notary,Call Center,11364,,59.7,34.7,27.86,3.98,90.9,8,TAYSEER_DWH,2026-07-09 03:15:00
2026-01-01,Tabuk,Labour & HR Services,Call Center,5146,3092,66.6,9999.0,22.4,3.55,92.1,4,TAYSEER_DWH,2026-07-09 03:15:00
2026-01-01,Makkah,Identity & Civil Affairs,Branch,101898,82392,66.2%,26.4,42.75,3.47,90.9,86,REGIONAL_UPLOAD,2026-07-09 03:15:00
2026-03-01,Qassim,Health Services,Web Portal,14990,7861,66.6%,9.3,6.71,4.18,97.2,8,CHANNEL_API,2026-07-09 03:15:00
2025-08-01,Madinah,Labour & HR Services,Mobile App,"30,109",11137,60.6,6.5,4.1,4.63,96.0,4,TAYSEER_DWH,2026-07-09 03:15:00
2025-07-01,Northern Borders,Traffic & Transport,Call Center,2893,1812,61.0,16.5,23.5,3.88,90.9,3,TAYSEER_DWH,2026-07-09 03:15:00
2026-05-01,Tabuk,Social Support & Subsidies,Web Portal,"5,027",2513,64.2,11.1,6.91,4.1,96.5,3,TAYSEER_DWH,2026-07-09 03:15:00
2025-09-01,Al-Jouf,Traffic & Transport,Mobile App,12693,4866,63.9,5.1,3.71,4.36,?,7,TAYSEER_DWH,2026-07-09 03:15:00
2026-04-01,Madinah,Business & Licensing,Web Portal,12626,6197,61.1,16.3,8.68,4.37,97.8,5,TAYSEER_DWH,2026-07-09 03:15:00
2026-03-01,Qassim,Social Support & Subsidies,Branch,8144,6513,65.8,32.0,44.38,3.45,88.7,6,CHANNEL_API,2026-07-09 03:15:00
2025-12-01,Makkah,Justice & Notary,Web Portal,"32,192",17616,60.0,17.7,8.28,3.92,94.2,31,TAYSEER_DWH,2026-07-09 03:15:00
2026-03-01,منطقة المدينة المنورة,Education & Training,Mobile App,40887,15900,64.4,5.2,3.72,4.83,99.5,1,TAYSEER_DWH,2026-07-09 03:15:00
2025-08-01,Northern Borders,Social Support & Subsidies,Call Center,"1,765",1138,59.5,22.2,22.7,3.93,88.1,1,TAYSEER_DWH,2026-07-09 03:15:00
2026-01-01,Al-Jouf,Business & Licensing,Mobile App,7884,3184,61.6,10.7,5.38,4.23,98.4,5,CHANNEL_API,2026-07-09 03:15:00
2026-01-01,Northern Borders,Education & Training,Branch,3365,2715,62.8,19.5,45.24,3.86,90.2,4,TAYSEER_DWH,2026-07-09 03:15:00
2025-08-01,Makkah,Justice & Notary,Call Center,29784,19330,59.5,32.3,27.93,3.4,90.5,33,TAYSEER_DWH,2026-07-09 03:15:00
2025-08-01,Makkah,Education & Training,Call Center,84231,52653,122.0,14.2,19.55,3.72,91.8,82,TAYSEER_DWH,2026-07-09 03:15:00
2025-07-01,Riyadh,Health Services,Mobile App,"210,264",78658,67.5,5.3,3.87,4.71,98.9,21,TAYSEER_DWH,2026-07-09 03:15:00
2025-12-01,Makkah,Social Support & Subsidies,Branch,59753,50795,60.8,34.7,52.89,3.44,93.6,64,CHANNEL_API,2026-07-09 03:15:00
2025-09-01,Jazan,Traffic & Transport,Web Portal,12310,6320,51.3,9.2,7.16,3.97,98.4,13,TAYSEER_DWH,2026-07-09 03:15:00
2025-08-01,منطقة الباحة,Identity & Civil Affairs,Call Center,4877,3258,55.8,22.2,21.08,3.85,?,3,REGIONAL_UPLOAD,2026-07-09 03:15:00
2026-05-01,Asir,Business & Licensing,Call Center,13637,8819,59.3%,25.6,29.51,3.56,90.6,19,CHANNEL_API,2026-07-09 03:15:00
2026-01-01,Riyadh ,Education & Training,Call Center,48581,29791,69.4%,10.8,17.02,4.06,91.2,34,CHANNEL_API,2026-07-09 03:15:00
2026-01-01,Madinah,Education & Training,Web Portal,15604,8160,64.5,8.5,5.3,4.31,98.4,7,REGIONAL_UPLOAD,2026-07-09 03:15:00
2025-12-01,Northern Borders,Justice & Notary,Branch,"1,986",1694,59.0,54.0,67.73,3.58,88.4,2,TAYSEER_DWH,2026-07-09 03:15:00
2025-12-01,منطقة مكة المكرمة,Social Support & Subsidies,Call Center,40662,25206,60.8,21.0,22.99,3.79,90.3,40,TAYSEER_DWH,2026-07-09 03:15:00
2026-03-01,Asir,Justice & Notary,Branch,11710,9432,55.8,148.1,74.31,3.19,81.3,17,TAYSEER_DWH,2026-07-09 03:15:00
2025-10-01,Qassim,Education & Training,Web Portal,12035,6598,66.5,7.8,5.29,4.03,n/a,9,TAYSEER_DWH,2026-07-09 03:15:00
2025-12-01,Northern Borders,Business & Licensing,Mobile App,5601,-,60.5,10.2,5.34,4.5,99.5,2,TAYSEER_DWH,2026-07-09 03:15:00
2025-07-01,Madinah,Health Services,Mobile App,43849,15601,61.3,6.4,4.32,4.84,96.5,2,REGIONAL_UPLOAD,2026-07-09 03:15:00
08-01-2025,Northern Borders,Education & Training,Web Portal,4435,2289,62.5,7.6,6.57,4.55,97.5,1,REGIONAL_UPLOAD,2026-07-09 03:15:00
2026-02-01,Al-Baha,Health Services,Mobile App,"10,134",3810,56.8,5.7,4.48,4.68,98.7,2,TAYSEER_DWH,2026-07-09 03:15:00
2025-10-01,Northern Borders,Identity & Civil Affairs,Web Portal,4452,2147,62.3,11.2,7.19,4.46,97.7,2,REGIONAL_UPLOAD,2026-07-09 03:15:00
2025-11-01,Asir,Municipal Services,Call Center,14732,9213,61.1,21.6,26.89,3.77,90.5,18,TAYSEER_DWH,2026-07-09 03:15:00
2025-10-01,Al-Baha,Municipal Services,Call Center,3486,,54.0,20.3,25.52,3.7,90.9,4,TAYSEER_DWH,2026-07-09 03:15:00
2026-05-01,Qassim,Traffic & Transport,Web Portal,13642,7261,66.1,6.6,5.82,4.16,99.5,9,TAYSEER_DWH,2026-07-09 03:15:00
07-01-2025,Tabuk,Business & Licensing,Mobile App,13603,5621,62.4,11.0,4.97,4.11,92.6,9,TAYSEER_DWH,2026-07-09 03:15:00
2025-07-01,Qassim,Labour & HR Services,Mobile App,18722,7106,62.3,5.8,4.31,4.34,98.4,9,REGIONAL_UPLOAD,2026-07-09 03:15:00
2025-08-01,Hail,Justice & Notary,Branch,3378,2782,131.6,49.9,60.05,3.42,87.6,5,CHANNEL_API,2026-07-09 03:15:00
2025-12-01,Riyadh,Social Support & Subsidies,Web Portal,46281,23667,67.0,8.6,6.3,4.36,96.0,16,REGIONAL_UPLOAD,2026-07-09 03:15:00
2026-06-01,Riyadh,Municipal Services,Mobile App,179123,73673,65.9,6.6,4.56,4.47,97.7,63,TAYSEER_DWH,2026-07-09 03:15:00
2026-03-01,Riyadh,Education & Training,Branch,62071,51415,69.3,20.9,40.23,3.9,92.6,75,CHANNEL_API,2026-07-09 03:15:00
2025-07-01,Najran,Identity & Civil Affairs,Mobile App,11708,4528,50.8,6.9,4.28,4.34,97.9,6,REGIONAL_UPLOAD,2026-07-09 03:15:00
May-2026,Riyadh,Labour & HR Services,Mobile App,156988,58525,70.3,5.7,3.92,4.62,99.5,24,TAYSEER_DWH,2026-07-09 03:15:00
2026-02-01,Northern Borders,Labour & HR Services,Branch,1920,1539,61.3,29.6,56.81,3.58,91.5,2,TAYSEER_DWH,2026-07-09 03:15:00
2025-07-01,northern borders,Business & Licensing,Call Center,1912,1225,59.4,26.5,28.34,3.91,88.9,2,TAYSEER_DWH,2026-07-09 03:15:00
2025-08-01,Makkah,Municipal Services,Web Portal,62727,31439,59.7,11.5,7.99,4.02,99.5,56,TAYSEER_DWH,2026-07-09 03:15:00
2025-08-01,Makkah,Labour & HR Services,Branch,64377,55467,60.1,29.4,52.81,3.36,88.4,59,CHANNEL_API,2026-07-09 03:15:00
2026-03-01,Qassim,Identity & Civil Affairs,Call Center,11512,7310,67.4,17.3,20.99,3.79,91.6,9,TAYSEER_DWH,2026-07-09 03:15:00
2026-06-01,Najran,Business & Licensing,Mobile App,8149,3117,51.0,10.3,5.65,4.27,99.5,4,TAYSEER_DWH,2026-07-09 03:15:00
2026-05-01,Northern Borders,Justice & Notary,Branch,1925,1566,59.7,54.1,75.31,3.55,89.1,2,TAYSEER_DWH,2026-07-09 03:15:00
2026-06-01,Tabuk,Identity & Civil Affairs,Mobile App,28764,11514,64.4,6.9,4.43,4.38,98.1,9,REGIONAL_UPLOAD,2026-07-09 05:40:00
2025-08-01,Al-Jouf,Identity & Civil Affairs,Mobile App,11002,4414,62.8,7.1,4.03,4.51,98.3,3,TAYSEER_DWH,2026-07-09 03:15:00
2026-01-01,Al-Jouf,Health Services,Branch,"6,877",5342,61.9,25.6,43.75,3.69,91.4,5,TAYSEER_DWH,2026-07-09 03:15:00
2026-05-01,Eastern Province,Business & Licensing,Web Portal,"28,998",14623,66.0,14.5,7.38,4.1,97.6,21,TAYSEER_DWH,2026-07-09 03:15:00
2026-06-01,HAIL,Identity & Civil Affairs,Branch,7416,6153,68.0,29.7,53.83,3.88,88.9,6,REGIONAL_UPLOAD,2026-07-09 03:15:00
2025-08-01,Hail,Municipal Services,Branch,5142,4068,63.5,37.0,51.69,3.52,92.6,5,REGIONAL_UPLOAD,2026-07-09 03:15:00
2025-10-01,Tabuk,Social Support & Subsidies,Mobile App,12822,4909,63.1,7.8,4.35,4.31,98.7,7,TAYSEER_DWH,2026-07-09 03:15:00
2026-04-01,Riyadh,Education & Training,Mobile App,161726,60687,69.9,4.5,3.48,4.59,99.4,34,TAYSEER_DWH,2026-07-09 03:15:00
2026-03-01,Hail,Health Services,Web Portal,7045,3581,64.7,8.4,6.84,4.35,99.5,3,REGIONAL_UPLOAD,2026-07-09 03:15:00
2026-01-01,Najran,Health Services,Web Portal,5014,2518,51.2,8.7,7.72,4.3,94.4,2,REGIONAL_UPLOAD,2026-07-09 03:15:00
2026-02-01,Madinah,Justice & Notary,Branch,7686,6500,59.4,54.4,65.68,3.68,86.0,9,TAYSEER_DWH,2026-07-09 03:15:00
10-01-2025,Asir,Labour & HR Services,Call Center,"14,437",9413,58.9,19.4,24.9,3.73,95.6,12,TAYSEER_DWH,2026-07-09 03:15:00
2026-05-01,makkah al-mukarramah,Education & Training,Web Portal,82207,42007,64.1,7.4,6.01,4.15,99.5,51,TAYSEER_DWH,2026-07-09 03:15:00
2025-08-01,Riyadh,Health Services,Web Portal,90283,45722,67.2,7.6,6.57,4.61,98.6,25,TAYSEER_DWH,2026-07-09 03:15:00
2026-02-01,Northern Borders,Municipal Services,Call Center,1886,1231,62.2,20.2,26.74,3.89,90.8,2,TAYSEER_DWH,2026-07-09 03:15:00
2025-07-01,Asir,Business & Licensing,Branch,15926,12419,58.5,106.7,59.06,3.12,86.5,20,TAYSEER_DWH,2026-07-09 03:15:00
2026-06-01,Qassim,Traffic & Transport,Branch,14916,12508,66.7,20.5,46.63,3.2,90.4,19,TAYSEER_DWH,2026-07-09 03:15:00
2025-12-01,Najran,Municipal Services,Branch,7014,5897,51.1,32.7,57.04,3.34,91.1,8,REGIONAL_UPLOAD,2026-07-09 05:40:00
2025-12-01,Hail,Identity & Civil Affairs,Branch,8048,6666,67.0,27.9,53.55,3.68,89.2,7,REGIONAL_UPLOAD,2026-07-09 03:15:00
2026-05-01,Al-Jouf,Education & Training,Web Portal,"3,573",1864,63.0,7.2,5.97,4.49,97.8,1,TAYSEER_DWH,2026-07-09 03:15:00
2026-05-01,EASTERN PROVINCE,Labour & HR Services,Web Portal,36511,19216,67.4,8.6,6.05,4.13,96.3,24,REGIONAL_UPLOAD,2026-07-09 05:40:00
2026-06-01,Tabuk,Identity & Civil Affairs,Mobile App,28764,11514,64.4,6.9,4.43,4.38,98.1,9,TAYSEER_DWH,2026-07-09 03:15:00
2025-08-01,Qassim,Identity & Civil Affairs,Call Center,11223,7300,65.8%,18.1,19.73,3.82,87.7,10,TAYSEER_DWH,2026-07-09 03:15:00
2025-07-01,Tabuk,Justice & Notary,Branch,4396,3573,62.2,63.7,66.89,3.09,86.6,8,CHANNEL_API,2026-07-09 03:15:00
2025-09-01,Qassim,Education & Training,Mobile App,40652,16270,66.6,4.6,3.55,4.38,99.5,18,REGIONAL_UPLOAD,2026-07-09 05:40:00
2025-08-01,منطقة مكة المكرمة,Health Services,Mobile App,"182,384",68052,62.5,6.2,4.41,4.42,97.1,77,REGIONAL_UPLOAD,2026-07-09 03:15:00
2026-06-01,Al-Baha,Justice & Notary,Call Center,2240,1427,51.0,32.9,32.9,3.7,91.5,3,TAYSEER_DWH,2026-07-09 03:15:00
2025-09-01,Jizan,Health Services,Branch,23938,18644,51.3,27.6,63.83,3.38,94.6,25,TAYSEER_DWH,2026-07-09 03:15:00
2026-04-01,Madinah,Justice & Notary,Web Portal,7450,3798,59.7%,17.5,8.87,4.28,97.8,3,CHANNEL_API,2026-07-09 03:15:00
2025-09-01,Riyadh,Traffic & Transport,branch,84168,67991,66.5,21.9,40.26,3.56,90.2,90,TAYSEER_DWH,2026-07-09 03:15:00
2026-03-01,Northern Borders,Identity & Civil Affairs,Branch,4934,4210,62.5,28.2,56.57,3.82,86.8,3,REGIONAL_UPLOAD,2026-07-09 05:40:00
2026-02-01,Al-Baha,Business & Licensing,Web Portal,2020,1011,52.7,18.3,8.17,4.02,97.8,2,TAYSEER_DWH,2026-07-09 03:15:00
2025-10-01,Riyadh,Municipal Services,Mobile App,171381,64793,64.9,6.8,3.87,4.39,95.2,75,TAYSEER_DWH,2026-07-09 03:15:00
May-2026,Riyadh,Municipal Services,Web Portal,58993,30850,66.3,10.3,7.05,4.23,94.8,33,TAYSEER_DWH,2026-07-09 03:15:00
2026-06-01,منطقة القصيم,Health Services,Mobile App,37919,14374,67.2,5.1,3.93,4.45,99.5,10,TAYSEER_DWH,2026-07-09 03:15:00
2026-04-01,Northern Borders,Business & Licensing,Branch,2567,2047,60.3,48.5,70.61,3.67,90.6,3,TAYSEER_DWH,2026-07-09 03:15:00
2026-01-01,Asir,Health Services,Call Center,"22,155",14239,59.6,14.5,26.15,3.94,91.8,17,TAYSEER_DWH,2026-07-09 03:15:00
2026-02-01,Madinah,Identity & Civil Affairs,Mobile App,48508,18779,60.6%,6.4,,4.76,99.5,3,CHANNEL_API,2026-07-09 03:15:00
2026-05-01,Najran,Labour & HR Services,Web Portal,3001,1490,51.2,9.1,6.72,4.12,95.4,2,TAYSEER_DWH,2026-07-09 03:15:00
2025-07-01,Asir,Traffic & Transport,Web Portal,19154,10405,59.6,9.2,6.51,4.17,98.1,12,TAYSEER_DWH,2026-07-09 03:15:00
2026-06-01,Tabuk,Identity & Civil Affairs,Branch,11408,9559,64.4,33.1,50.14,3.41,85.1,15,TAYSEER_DWH,2026-07-09 03:15:00
2026-06-01,Eastern Province,Labour & HR Services,Call Center,29722,19361,67.0,16.7,20.85,3.86,92.5,21,TAYSEER_DWH,2026-07-09 03:15:00
2025-07-01,Qassim,Municipal Services,Web Portal,10638,5351,62.1,10.1,6.77,3.94,97.8,6,TAYSEER_DWH,2026-07-09 03:15:00
2025-08-01,Eastern Province,Education & Training,Call Center,43321,27595,67.5,12.9,17.27,4.13,90.1,34,CHANNEL_API,2026-07-09 03:15:00
Jan-2026,Asir,Labour & HR Services,MOBILE_APP,33998,13469,58.9,6.7,4.27,4.46,95.4,12,TAYSEER_DWH,2026-07-09 03:15:00
2026-04-01,Qassim,Education & Training,Call Center,8644,5493,68.0,12.8,18.34,3.72,88.4,8,CHANNEL_API,2026-07-09 03:15:00
2025-12-01,Hail,Traffic & Transport,Call Center,6972,4502,62.5,14.8,20.4,3.78,93.6,7,TAYSEER_DWH,2026-07-09 03:15:00
2026-06-01,Asir,Social Support & Subsidies,Mobile App,25701,9472,57.4,6.8,4.72,4.33,97.7,13,CHANNEL_API,2026-07-09 03:15:00
2026-01-01,Hail,Labour & HR Services,Web Portal,4815,-,64.9,10.1,6.32,4.21,99.5,2,TAYSEER_DWH,2026-07-09 03:15:00
2026-02-01,Al-Baha,Business & Licensing,Mobile App,5085,2036,52.7,9.8,5.56,4.28,98.9,2,TAYSEER_DWH,2026-07-09 03:15:00
2026-03-01,Riyadh,Identity & Civil Affairs,Mobile App,247934,96153,66.9,6.2,3.29,4.6,98.1,45,TAYSEER_DWH,2026-07-09 03:15:00
2025-08-01,Hail,Education & Training,Mobile App,17797,7093,65.8,5.4,3.82,4.59,99.5,4,REGIONAL_UPLOAD,2026-07-09 03:15:00
2026-05-01,Jazan,Labour & HR Services,Web Portal,7392,3848,48.5,10.5,NULL,3.98,99.5,6,TAYSEER_DWH,2026-07-09 03:15:00
2025-12-01,Al-Jouf,Identity & Civil Affairs,Web Portal,5719,2897,63.6,10.2,6.53,4.35,99.5,3,REGIONAL_UPLOAD,2026-07-09 03:15:00
2025-09-01,Northern Borders,Labour & HR Services,Call Center,2031,1346,61.1,19.3,24.32,3.93,90.3,1,REGIONAL_UPLOAD,2026-07-09 03:15:00
2026-02-01,Makkah,Social Support & Subsidies,Mobile App,92550,36888,140.9,7.3,4.66,4.32,97.5,44,CHANNEL_API,2026-07-09 03:15:00
2025-08-01,Asir,Municipal Services,Mobile App,33881,12998,60.5,7.7,4.58,4.23,,15,TAYSEER_DWH,2026-07-09 03:15:00
2025-10-01,Madinah,Municipal Services,Call Center,15406,9541,59.0,22.3,24.33,3.99,89.6,15,CHANNEL_API,2026-07-09 03:15:00
Jun-2026,Madinah,Traffic & Transport,Call Center,19018,12456,61.9,15.6,19.94,3.86,90.3,17,REGIONAL_UPLOAD,2026-07-09 03:15:00
2025-09-01,Qassim,Justice & Notary,Mobile App,14293,5390,61.6,9.4,4.9,4.08,99.5,10,REGIONAL_UPLOAD,2026-07-09 03:15:00
2025-10-01,Qassim,Education & Training,Call Center,8699,5807,66.5,14.1,16.91,3.81,89.3,7,TAYSEER_DWH,2026-07-09 03:15:00
2026-01-01,Jazan,Business & Licensing,Mobile App,18850,7157,47.8,10.7,5.75,4.01,97.7,14,TAYSEER_DWH,2026-07-09 03:15:00
2025-10-01,Najran,Education & Training,Mobile App,10464,4293,55.1,5.9,3.88,4.44,95.9,3,TAYSEER_DWH,2026-07-09 03:15:00
2025-12-01,Eastern Province,Social Support & Subsidies,Web Portal,29620,16009,65.4,10.1,6.84,4.23,98.1,17,TAYSEER_DWH,2026-07-09 03:15:00
2025-11-01,Tabuk,Justice & Notary,Branch,4242,3681,63.9,60.8,64.56,3.18,90.0,4,CHANNEL_API,2026-07-09 03:15:00
2025-09-01,Jazan,Identity & Civil Affairs,Branch,28169,23150,49.4,32.7,56.44,3.34,89.1,40,TAYSEER_DWH,2026-07-09 03:15:00
2025-07-01,Tabuk,Social Support & Subsidies,Branch,5625,4513,62.5,31.6,51.76,3.27,88.6,9,TAYSEER_DWH,2026-07-09 03:15:00
2026-04-01,Asir,Identity & Civil Affairs,Web Portal,21592,11504,61.9,9.7,6.98,4.32,97.2,11,TAYSEER_DWH,2026-07-09 03:15:00
2026-02-01,Eastern Province,Identity & Civil Affairs,Web Portal,48158,25177,65.6,8.7,5.69,4.34,98.1,25,REGIONAL_UPLOAD,2026-07-09 03:15:00
2025-08-01,Al-Baha,Business & Licensing,Call Center,"3,069",1912,52.3,31.9,27.04,3.71,87.7,3,TAYSEER_DWH,2026-07-09 03:15:00
2026-03-01,Al-Jouf,Identity & Civil Affairs,Web Portal,5915,3163,64.4,9.6,6.46,4.29,95.1,4,TAYSEER_DWH,2026-07-09 03:15:00
2025-08-01,Makkah,Social Support & Subsidies,Web Portal,"41,392",21871,59.6,10.3,NULL,4.18,96.7,21,TAYSEER_DWH,2026-07-09 03:15:00
2025-09-01,Madinah,Identity & Civil Affairs,Branch,28481,23154,60.1,26.9,49.99,4.06,93.4,17,REGIONAL_UPLOAD,2026-07-09 03:15:00
01/10/2025,Northern Borders,Municipal Services,Branch,3360,2939,62.0,33.8,59.8,3.61,85.9,4,TAYSEER_DWH,2026-07-09 03:15:00
2026-06-01,Najran,Health Services,Branch,9266,7670,52.0,25.9,56.5,3.71,92.3,9,TAYSEER_DWH,2026-07-09 03:15:00
2025-09-01,Al-Baha,Justice & Notary,Mobile App,"3,552",1410,50.3,13.3,5.26,4.4,98.0,2,TAYSEER_DWH,2026-07-09 03:15:00
2025-12-01,Jazan,Business & Licensing,Mobile App,18019,7140,48.1,11.5,5.79,4.14,99.5,11,TAYSEER_DWH,2026-07-09 03:15:00
2025-10-01,Jazan,Justice & Notary,Mobile App,11644,4389,45.8,12.9,5.96,4.05,97.2,10,TAYSEER_DWH,2026-07-09 03:15:00
2026-03-01,Makkah,Social Support & Subsidies,Call Center,45547,29874,60.7,19.1,21.61,3.81,90.6,36,TAYSEER_DWH,2026-07-09 03:15:00
01/12/2025,Hail,Health Services,Mobile App,18454,6789,65.1,5.7,3.92,4.7,98.0,3,TAYSEER_DWH,2026-07-09 03:15:00
2026-04-01,Jazan,Justice & Notary,Web Portal,4597,2389,46.3,17.2,10.2,3.79,99.5,3,TAYSEER_DWH,2026-07-09 03:15:00
2026/05/01,Jazan,Municipal Services,Call Center,15626,10119,48.7,25.4,27.94,3.43,90.5,22,TAYSEER_DWH,2026-07-09 03:15:00
2026-05-01,Najran,Education & Training,Web Portal,3925,1922,55.6,7.6,6.38,4.26,99.5,2,TAYSEER_DWH,2026-07-09 03:15:00
2025-08-01,Najran,Identity & Civil Affairs,Mobile App,11628,4514,50.9%,6.4,4.54,4.43,99.4,4,REGIONAL_UPLOAD,2026-07-09 03:15:00
05-01-2026,Hail,Labour & HR Services,Mobile App,12415,4932,65.2,6.4,4.37,4.46,98.2,6,TAYSEER_DWH,2026-07-09 03:15:00
2026-05-01,Al-Jouf,Labour & HR Services,Branch,4032,3354,61.8,27.4,52.21,3.47,89.1,4,REGIONAL_UPLOAD,2026-07-09 03:15:00
2026/04/01,Al-Jouf,Social Support & Subsidies,branch,3211,2624,62.1,33.1,57.55,3.55,90.5,4,TAYSEER_DWH,2026-07-09 03:15:00
2025-08-01,Tabuk,Business & Licensing,Mobile App,12232,4761,62.6,10.4,5.08,4.03,99.5,7,TAYSEER_DWH,2026-07-09 03:15:00
2025-07-01,Northern Borders,Health Services,Mobile App,7369,2695,60.3,7.1,5.09,4.68,98.1,1,TAYSEER_DWH,2026-07-09 03:15:00
12-01-2025,Riyadh,Health Services,Call Center,68335,42408,68.4,14.4,21.96,4.23,88.1,35,TAYSEER_DWH,2026-07-09 03:15:00
2026-05-01,Makkah,Business & Licensing,Mobile App,178213,69067,60.3,11.0,4.69,4.16,98.6,87,TAYSEER_DWH,2026-07-09 03:15:00
01/06/2026,Asir,Identity & Civil Affairs,Mobile App,60900,23113,62.1,5.8,4.38,null,97.5,16,TAYSEER_DWH,2026-07-09 03:15:00
2026-02-01,Madinah,Labour & HR Services,BRANCH,11398,9309,61.9,29.1,46.69,3.71,,13,REGIONAL_UPLOAD,2026-07-09 03:15:00
2026-04-01,Madinah,Municipal Services,Branch,18780,15181,60.9,36.0,56.02,3.75,86.1,20,TAYSEER_DWH,2026-07-09 03:15:00
2026-04-01,Eastern Province,Municipal Services,Mobile App,97432,36818,68.5,6.6,4.12,4.28,99.5,49,TAYSEER_DWH,2026-07-09 03:15:00
2025-08-01,Al-Baha,Labour & HR Services,Web Portal,2803,1406,56.3,10.8,7.41,4.17,96.5,2,TAYSEER_DWH,2026-07-09 03:15:00
2025-09-01,Qassim,Social Support & Subsidies,Mobile App,19764,7705,64.1,7.5,4.01,4.28,97.4,8,TAYSEER_DWH,2026-07-09 03:15:00
2025-10-01,Qassim,Traffic & Transport,Branch,"15,397",12564,65.0,25.1,45.85,3.35,89.2,17,TAYSEER_DWH,2026-07-09 03:15:00
2026-06-01,Eastern Province,Health Services,Mobile App,137587,52323,67.2%,5.6,4.03,4.81,98.7,5,REGIONAL_UPLOAD,2026-07-09 03:15:00
2026-04-01,Asir,Business & Licensing,Branch,"17,266",,59.2%,123.0,72.94,3.18,,29,REGIONAL_UPLOAD,2026-07-09 05:40:00
2025-10-01,منطقة الباحة,Business & Licensing,Web Portal,2518,1298,52.4,16.4,9.25,4.07,99.5,2,TAYSEER_DWH,2026-07-09 03:15:00
2025-11-01,Madinah,Business & Licensing,Branch,15363,,60.1,43.2,60.52,3.57,89.3,19,REGIONAL_UPLOAD,2026-07-09 03:15:00
2025-09-01,Jazan,Labour & HR Services,Call Center,"13,382",8637,47.6,17.8,25.61,3.52,92.9,14,REGIONAL_UPLOAD,2026-07-09 03:15:00
May-2026,Al-Jouf,Social Support & Subsidies,Call Center,2748,1712,62.0,20.8,22.44,3.84,89.6,3,TAYSEER_DWH,2026-07-09 03:15:00
2025-09-01,Najran,Justice & Notary,Mobile App,4424,1713,50.4,11.8,5.79,4.21,99.2,3,TAYSEER_DWH,2026-07-09 03:15:00
2025-09-01,Al-Baha,Municipal Services,Branch,4554,3869,53.9,37.3,54.42,3.54,92.7,5,TAYSEER_DWH,2026-07-09 03:15:00
2026-01-01,Madinah,Business & Licensing,Mobile App,32162,12196,60.8,10.7,5.12,4.49,95.8,10,TAYSEER_DWH,2026-07-09 03:15:00
2025-12-01,Asir,Education & Training,Mobile App,37042,14787,61.5,5.0,3.96,4.49,99.1,14,TAYSEER_DWH,2026-07-09 03:15:00
2025-10-01,Qassim,Identity & Civil Affairs,Branch,15272,12680,66.7,27.4,50.38,3.48,89.4,19,TAYSEER_DWH,2026-07-09 03:15:00
2026-06-01,Jazan,Identity & Civil Affairs,Branch,26671,22278,49.8,31.0,-3.72,3.46,89.7,34,CHANNEL_API,2026-07-09 03:15:00
2025-12-01,Al-Jouf,Traffic & Transport,Call Center,5176,3334,64.7,12.9,21.44,3.88,90.4,4,TAYSEER_DWH,2026-07-09 03:15:00
2025-10-01,Al-Jouf,Traffic & Transport,Branch,5290,4081,64.5,22.3,44.1,3.34,89.1,9,REGIONAL_UPLOAD,2026-07-09 05:40:00
2025-07-01,Riyadh,Justice & Notary,Call Center,27621,18342,63.0,32.5,24.57,3.84,88.2,25,TAYSEER_DWH,2026-07-09 03:15:00
2026-06-01,Northern Borders,Identity & Civil Affairs,Web Portal,3605,1837,62.9,8.5,7.38,null,99.2,1,REGIONAL_UPLOAD,2026-07-09 03:15:00
2025-09-01,Makkah,Labour & HR Services,Branch,76011,62431,60.7,34.7,48.53,3.45,89.4,84,TAYSEER_DWH,2026-07-09 03:15:00
2025-11-01,Sharqiyah,Health Services,Call Center,39701,25321,66.6,15.2,21.39,3.91,90.6,20,REGIONAL_UPLOAD,2026-07-09 03:15:00
2026-06-01,Asir,Business & Licensing,Call Center,13685,8533,59.3,30.2,30.04,3.56,90.0,18,TAYSEER_DWH,2026-07-09 03:15:00
2026-06-01,Qassim,Identity & Civil Affairs,Mobile App,"41,055",15400,67.5,5.1,3.97,4.43,99.5,15,CHANNEL_API,2026-07-09 03:15:00
2026-04-01,Al-Baha,Justice & Notary,Mobile App,4044,NA,50.6,12.1,5.38,4.41,97.3,1,REGIONAL_UPLOAD,2026-07-09 03:15:00
2026-02-01,Al-Qassim,Traffic & Transport,Web Portal,12267,6137,65.8,8.0,5.85,3.99,95.6,10,TAYSEER_DWH,2026-07-09 03:15:00
2025-09-01,Eastern Province,Municipal Services,Web Portal,39062,20958,66.5,11.5,6.85,4.09,98.9,37,TAYSEER_DWH,2026-07-09 03:15:00
2025-12-01,Asir,Education & Training,Web Portal,16563,8704,61.5,7.8,NULL,4.24,99.5,7,TAYSEER_DWH,2026-07-09 03:15:00
2025/07/01,HAIL,Social Support & Subsidies,Call Center,3203,1916,61.3,18.4,21.09,3.87,89.3,3,TAYSEER_DWH,2026-07-09 03:15:00
Feb-2026,Qassim,Traffic & Transport,Branch,9776,7835,65.8,25.3,48.77,3.33,93.2,12,REGIONAL_UPLOAD,2026-07-09 05:40:00
2025-12-01,Makkah,Identity & Civil Affairs,Mobile App,237235,94097,65.8,6.5,4.13,4.38,99.5,115,CHANNEL_API,2026-07-09 03:15:00
2025-07-01,Jazan,Education & Training,Branch,19860,16876,50.4,26.7,48.62,3.4,89.7,23,TAYSEER_DWH,2026-07-09 03:15:00
2025-10-01,Eastern Province,Health Services,Mobile App,131351,50299,66.1,5.5,4.38,-,98.3,14,REGIONAL_UPLOAD,2026-07-09 03:15:00
2025-07-01,Riyadh,Health Services,Branch,86114,68937,67.5,21.3,47.99,3.93,90.9,49,TAYSEER_DWH,2026-07-09 03:15:00
Oct-2025,'Asir,Labour & HR Services,Web Portal,14128,7228,58.9,9.5,7.51,4.04,97.6,9,TAYSEER_DWH,2026-07-09 03:15:00
2026-04-01,Al Baha,Business & Licensing,Branch,3970,3435,53.0,93.8,65.09,3.18,83.9,6,TAYSEER_DWH,2026-07-09 03:15:00
2025-08-01,Makkah,Justice & Notary,Web Portal,30953,16683,59.5,14.8,8.46,3.86,98.8,24,TAYSEER_DWH,2026-07-09 03:15:00
2025-12-01,Sharqiyah,Identity & Civil Affairs,Web Portal,56967,29687,65.1,9.4,6.4,4.51,n/a,14,TAYSEER_DWH,2026-07-09 03:15:00
2026-03-01,Northern Borders,Identity & Civil Affairs,Mobile App,9370,3575,62.5,7.4,4.44,4.57,97.0,2,REGIONAL_UPLOAD,2026-07-09 03:15:00
2026-03-01,Makkah,Traffic & Transport,Call Center,77328,47403,63.0,15.2,20.31,3.67,92.4,91,TAYSEER_DWH,2026-07-09 03:15:00
2026-05-01,Northern Borders,Labour & HR Services,Web Portal,2540,1322,61.4,10.2,7.42,4.35,99.3,1,TAYSEER_DWH,2026-07-09 03:15:00
2025-10-01,Riyadh,Labour & HR Services,Mobile App,169055,67026,68.6,5.7,3.67,4.64,99.1,40,CHANNEL_API,2026-07-09 03:15:00
05-01-2026,منطقة مكة المكرمة,Education & Training,Mobile App,"227,560",85402,64.1,5.1,3.52,4.59,98.9,58,CHANNEL_API,2026-07-09 03:15:00
2026/01/01,Makkah,Health Services,Web Portal,100405,52862,63.1,8.9,7.47,4.18,93.6,53,TAYSEER_DWH,2026-07-09 03:15:00
2026-02-01,Al Baha,Municipal Services,Branch,3447,2987,54.3,35.1,57.44,3.47,88.0,4,TAYSEER_DWH,2026-07-09 03:15:00
2026-02-01,Tabuk,Social Support & Subsidies,Branch,4029,3248,63.5,34.5,52.66,-,88.0,5,TAYSEER_DWH,2026-07-09 03:15:00
2025-12-01,Al-Jouf,Education & Training,WEB,3924,1985,62.4,7.9,5.98,4.37,98.1,2,TAYSEER_DWH,2026-07-09 03:15:00
2025-10-01,Madinah,Business & Licensing,Call Center,10891,6630,59.9,32.8,27.14,3.81,89.5,8,TAYSEER_DWH,2026-07-09 03:15:00
2026-04-01,Al-Jouf,Traffic & Transport,Branch,4843,3812,65.5%,24.3,40.62,null,88.6,7,TAYSEER_DWH,2026-07-09 03:15:00
12-01-2025,Najran,Education & Training,Web Portal,4030,2080,55.7,7.7,6.22,4.07,99.3,3,TAYSEER_DWH,2026-07-09 03:15:00
2025-08-01,Madinah,Justice & Notary,Call Center,7745,5080,58.0,35.4,28.38,3.89,87.4,8,TAYSEER_DWH,2026-07-09 03:15:00
2026-03-01,Makkah,Municipal Services,Branch,85052,71639,61.1,33.8,58.75,3.39,89.2,155,TAYSEER_DWH,2026-07-09 03:15:00
2025-08-01,TABUK ,Social Support & Subsidies,Branch,6139,5126,62.7,34.2,51.22,3.29,88.9,10,CHANNEL_API,2026-07-09 03:15:00
2026-04-01,riyadh,Municipal Services,Mobile App,177742,68093,65.4,6.6,4.0,4.48,97.4,68,TAYSEER_DWH,2026-07-09 03:15:00
2025-11-01,Northern Borders,Health Services,Web Portal,3447,1781,60.3,9.4,8.13,4.51,95.9,1,TAYSEER_DWH,2026-07-09 03:15:00
2025-12-01,Hail,Labour & HR Services,Mobile App,11790,4409,64.6,6.4,4.55,4.43,93.2,5,CHANNEL_API,2026-07-09 03:15:00
2025-08-01,Eastern Province,Municipal Services,Web Portal,40678,21478,66.8,11.3,6.36,4.17,97.5,28,TAYSEER_DWH,2026-07-09 03:15:00
2026-03-01,Eastern Province,Justice & Notary,Mobile App,54879,20616,66.2,10.4,4.91,4.39,99.3,18,TAYSEER_DWH,2026-07-09 03:15:00
Sep-2025,Qassim,Business & Licensing,Call Center,7047,4587,63.7,26.1,23.95,3.44,90.1,9,TAYSEER_DWH,2026-07-09 03:15:00
2026-02-01,Makkah,Health Services,Call Center,71323,45280,63.5%,15.3,22.47,3.88,92.2,63,TAYSEER_DWH,2026-07-09 03:15:00
2026-04-01,Makkah,Municipal Services,Mobile App,162065,62190,61.4,7.8,4.8,4.17,99.5,124,TAYSEER_DWH,2026-07-09 03:15:00
2026-04-01,Najran,Identity & Civil Affairs,Branch,9976,8369,52.0,34.3,53.42,3.54,90.9,12,TAYSEER_DWH,2026-07-09 03:15:00
2025-10-01,Al-Jouf,Municipal Services,Branch,"4,575",3618,61.8%,35.5,52.45,3.49,88.8,5,TAYSEER_DWH,2026-07-09 03:15:00
01/05/2026,Qassim,Identity & Civil Affairs,Call Center,12662,7758,67.0,17.8,20.94,3.79,89.6,10,TAYSEER_DWH,2026-07-09 03:15:00
2025-08-01,Northern Borders,Identity & Civil Affairs,Call Center,3274,2047,62.3,16.3,25.79,4.04,95.7,2,TAYSEER_DWH,2026-07-09 03:15:00
2025-12-01,Asir,Social Support & Subsidies,Branch,15645,13063,56.5,33.4,53.29,3.65,89.2,17,TAYSEER_DWH,2026-07-09 03:15:00
2025-12-01,Asir,Business & Licensing,Call Center,12086,7794,59.3,30.5,27.23,3.68,93.9,11,TAYSEER_DWH,2026-07-09 03:15:00
2026-05-01,Tabuk,Education & Training,Web Portal,7292,3666,67.6,6.6,6.23,4.14,94.9,5,TAYSEER_DWH,2026-07-09 03:15:00
2025-07-01,jazan ,Social Support & Subsidies,Web Portal,6845,3483,48.6,11.9,7.09,3.89,99.5,5,TAYSEER_DWH,2026-07-09 03:15:00
2025-09-01,Al-Baha,Labour & HR Services,Branch,4851,4036,56.7,32.0,48.52,3.5,91.0,5,REGIONAL_UPLOAD,2026-07-09 03:15:00
2025-09-01,Sharqiyah,Education & Training,Mobile App,148438,58597,67.7,4.5,3.38,4.66,99.5,25,TAYSEER_DWH,2026-07-09 03:15:00
2025-11-01,Tabuk,Health Services,Web Portal,9996,4906,63.6,9.6,7.58,4.2,98.1,7,TAYSEER_DWH,2026-07-09 03:15:00
2026-05-01,Al-Jouf,Traffic & Transport,Branch,"5,044",4207,65.3%,20.4,47.35,3.44,92.0,4,TAYSEER_DWH,2026-07-09 03:15:00
2026-04-01,Hail,Business & Licensing,Branch,"5,125",NA,62.1,41.6,61.34,3.48,93.3,7,REGIONAL_UPLOAD,2026-07-09 03:15:00
2025-07-01,Eastern Province,Health Services,Branch,49887,41424,65.4,26.2,51.4,3.83,88.1,41,TAYSEER_DWH,2026-07-09 03:15:00
2025-11-01,Hail,Labour & HR Services,Mobile App,"13,366",5218,64.6,6.5,4.56,4.6,99.2,3,CHANNEL_API,2026-07-09 03:15:00
2026-06-01,Eastern Province,Municipal Services,Web  Portal,36764,18905,68.6,10.2,6.74,4.2,97.2,19,TAYSEER_DWH,2026-07-09 03:15:00
2026-01-01,Asir,Labour & HR Services,Web Portal,13763,7086,58.9,8.8,7.27,4.12,99.5,9,TAYSEER_DWH,2026-07-09 03:15:00
2026-01-01,Jazan,Identity & Civil Affairs,Mobile App,34050,13315,48.9,6.4,4.43,4.25,96.7,16,CHANNEL_API,2026-07-09 03:15:00
2026-03-01,Eastern Province,Traffic & Transport,Branch,48466,38535,68.2%,25.8,43.49,3.64,90.8,52,CHANNEL_API,2026-07-09 03:15:00
2025-07-01,Al-Jouf,Education & Training,Mobile App,8849,3279,61.7,4.4,3.43,4.62,99.5,2,TAYSEER_DWH,2026-07-09 03:15:00
2025-09-01,Eastern Province,Municipal Services,Mobile App,95241,,66.5,6.9,4.39,4.38,99.5,40,TAYSEER_DWH,2026-07-09 03:15:00
2025-11-01,منطقة الحدود الشمالية,Identity & Civil Affairs,Call Center,3638,2319,62.7,21.9,24.29,3.95,89.7,4,TAYSEER_DWH,2026-07-09 03:15:00
Jul-2025,Hail,Labour & HR Services,Branch,4829,4005,63.7,29.0,49.2,3.6,?,6,CHANNEL_API,2026-07-09 03:15:00
2025-10-01,Jazan,Labour & HR Services,Mobile App ,"20,326",7811,47.6,6.3,4.88,4.14,99.5,16,REGIONAL_UPLOAD,2026-07-09 03:15:00
2026-03-01,Jazan,Business & Licensing,Call Center,12347,8083,48.6,34.7,n/a,3.38,90.2,18,TAYSEER_DWH,2026-07-09 03:15:00
01-01-2026,Tabuk,Traffic & Transport,Mobile App,25126,9581,63.9,5.8,4.2,4.09,99.5,12,TAYSEER_DWH,2026-07-09 03:15:00
09-01-2025,Eastern Province,Social Support & Subsidies,Branch,30732,24246,64.5,29.0,47.19,3.78,87.8,35,TAYSEER_DWH,2026-07-09 03:15:00
2025-07-01,Eastern Prov.,Education & Training,Branch,39332,32965,67.1,22.8,38.67,3.76,90.6,34,REGIONAL_UPLOAD,2026-07-09 03:15:00
2025-11-01,Makkah,Traffic & Transport,Web Portal,85621,44131,62.3,8.0,6.26,4.01,98.5,67,REGIONAL_UPLOAD,2026-07-09 03:15:00
2026-01-01,Madinah,Justice & Notary,Branch,10591,8844,58.9%,53.2,57.18,3.41,88.9,13,TAYSEER_DWH,2026-07-09 03:15:00
01/12/2025,Makkah,Business & Licensing,Call Center,50194,33599,60.4,26.1,27.35,3.47,88.0,58,TAYSEER_DWH,2026-07-09 03:15:00
2026-02-01,Hail,Labour & HR Services,Call Center,3311,2069,65.1,18.3,21.71,3.86,88.5,3,REGIONAL_UPLOAD,2026-07-09 03:15:00
2025-09-01,Madinah,Education & Training,Call Center,18971,12165,63.7,15.8,19.67,4.0,89.6,7,TAYSEER_DWH,2026-07-09 03:15:00
2026-04-01,Hail,Education & Training,Mobile App,15959,6156,67.6,4.6,n/a,4.73,96.3,2,REGIONAL_UPLOAD,2026-07-09 03:15:00
2025-08-01,Al-Baha,Justice & Notary,Mobile App,3411,1294,50.8,11.6,5.67,4.39,99.5,2,REGIONAL_UPLOAD,2026-07-09 03:15:00
2025-09-01,Najran,Education & Training,Mobile App,"13,659",5267,54.8,5.3,3.91,,,5,TAYSEER_DWH,2026-07-09 03:15:00
2025-08-01,Riyadh,Identity & Civil Affairs,Branch,96016,78159,66.5,27.7,47.05,3.85,88.7,84,TAYSEER_DWH,2026-07-09 03:15:00
2026-03-01,Hail,Health Services,Mobile App,18564,7129,64.7,5.6,3.75,4.63,95.8,4,CHANNEL_API,2026-07-09 03:15:00
Mar-2026,Najran,Identity & Civil Affairs,Branch,9691,8188,51.9,34.0,53.16,3.57,89.7,11,REGIONAL_UPLOAD,2026-07-09 03:15:00
2025-08-01,Northern Borders,Identity & Civil Affairs,Web Portal,"3,944",2039,62.3,10.1,7.3,4.39,,2,TAYSEER_DWH,2026-07-09 03:15:00
2025-09-01,Qassim,Social Support & Subsidies,Web Portal,8398,-,64.1,10.3,6.16,4.09,96.5,5,TAYSEER_DWH,2026-07-09 03:15:00
2026-06-01,Jazan,Identity & Civil Affairs,Call Center,"22,286",14192,49.8,19.1,26.36,3.61,89.3,23,TAYSEER_DWH,2026-07-09 03:15:00
2026-02-01,Riyadh,Health Services,Branch,"66,044",54258,68.4,22.8,48.81,3.89,91.1,58,TAYSEER_DWH,2026-07-09 03:15:00
Sep-2025,Asir,Education & Training,Branch,29886,,61.6%,22.9,48.34,3.52,91.0,38,TAYSEER_DWH,2026-07-09 03:15:00
2026-06-01,Qassim,Identity & Civil Affairs,Branch,15519,12133,67.5%,30.4,46.38,3.4,90.8,19,TAYSEER_DWH,2026-07-09 03:15:00
2026-06-01,Asir,Justice & Notary,Mobile App,21046,8179,55.9,9.6,5.8,4.37,97.8,7,TAYSEER_DWH,2026-07-09 03:15:00
2026-01-01,Al Baha,Health Services,Web Portal,4761,2563,57.2,9.0,6.98,4.29,97.9,3,TAYSEER_DWH,2026-07-09 03:15:00
2025-08-01,JAZAN,Traffic & Transport,Branch,21328,18189,51.4,27.5,54.71,3.19,91.1,40,TAYSEER_DWH,2026-07-09 03:15:00
2026-05-01,Hail,Health Services,Mobile App,18727,6988,65.6,6.2,n/a,4.57,99.5,4,TAYSEER_DWH,2026-07-09 03:15:00
2025-09-01,Makkah,Municipal Services,Call Center,52733,NA,60.0,23.5,22.96,3.46,92.6,67,TAYSEER_DWH,2026-07-09 03:15:00
2025-09-01,Madinah,Business & Licensing,Web Portal,11886,-,59.5,14.9,8.67,4.36,99.2,3,TAYSEER_DWH,2026-07-09 03:15:00
2026-01-01,Northern Borders,Social Support & Subsidies,Mobile App,4563,1850,59.5,6.9,4.59,4.77,99.5,0,TAYSEER_DWH,2026-07-09 03:15:00
Dec-2025,Asir,Justice & Notary,Branch,12209,9777,55.7,134.7,71.62,3.27,82.8,20,REGIONAL_UPLOAD,2026-07-09 03:15:00
2026-02-01,Al-Baha,Social Support & Subsidies,Web Portal,1598,807,53.6,10.8,6.74,4.1,99.5,1,TAYSEER_DWH,2026-07-09 03:15:00
2026-03-01,Asir,Identity & Civil Affairs,Mobile App,"54,632",19871,62.0,5.7,4.36,4.48,99.5,23,REGIONAL_UPLOAD,2026-07-09 03:15:00
2026/01/01,Asir,Business & Licensing,Mobile App,32269,12572,58.8%,9.0,5.7,4.37,98.5,15,TAYSEER_DWH,2026-07-09 03:15:00
2026-01-01,Al-Baha,Labour & HR Services,Call Center,3188,NA,57.1,18.8,22.56,3.81,91.8,3,TAYSEER_DWH,2026-07-09 03:15:00
2026-06-01,Makkah,Labour & HR Services,Mobile App,147684,58564,62.1,6.4,4.29,4.3,98.2,96,TAYSEER_DWH,2026-07-09 03:15:00
2026-05-01,makkah al-mukarramah,Health Services,Mobile App,286271,106580,63.4,6.0,4.74,4.41,99.1,93,TAYSEER_DWH,2026-07-09 03:15:00
2026-06-01,Al-Jouf,Labour & HR Services,Web Portal,3134,1569,61.9,9.3,6.36,4.26,98.6,2,TAYSEER_DWH,2026-07-09 03:15:00
2026-02-01,Al-Baha,Labour & HR Services,Branch,3036,2539,56.9,28.0,60.71,3.52,92.8,4,REGIONAL_UPLOAD,2026-07-09 03:15:00
2025-08-01,Al-Jouf,Education & Training,Call Center,4732,2870,62.0,16.3,-14.05,3.77,88.8,4,TAYSEER_DWH,2026-07-09 03:15:00
2026-02-01,Hail,Traffic & Transport,Call Center,5028,3215,63.4,14.8,21.6,3.87,90.7,4,TAYSEER_DWH,2026-07-09 03:15:00
2025-12-01,Hail,Business & Licensing,Web Portal,4355,2188,62.2,14.1,7.57,4.16,98.0,2,TAYSEER_DWH,2026-07-09 03:15:00
2025-12-01,Northern Borders,Traffic & Transport,Mobile App,11211,4359,61.8,5.5,4.62,4.48,94.2,4,TAYSEER_DWH,2026-07-09 03:15:00
2025-12-01,tabuk,Traffic & Transport,Branch,13046,10445,63.7,27.8,47.54,3.24,90.4,19,REGIONAL_UPLOAD,2026-07-09 03:15:00
2026-01-01,Riyadh,Identity & Civil Affairs,Branch,89855,71641,67.0,23.3,45.4,3.75,87.5,77,REGIONAL_UPLOAD,2026-07-09 03:15:00
2025-12-01,riyadh,Traffic & Transport,Mobile App,266285,99800,67.1,5.2,3.47,4.5,95.5,113,TAYSEER_DWH,2026-07-09 03:15:00
2025-09-01,Riyadh,Municipal Services,Call Center,50322,33557,64.9,20.4,n/a,3.93,90.4,39,TAYSEER_DWH,2026-07-09 03:15:00
2025-10-01,Makkah,Municipal Services,Branch,91489,75701,59.5,31.5,51.88,N/A,90.5,95,TAYSEER_DWH,2026-07-09 03:15:00
2025-09-01,Asir,Business & Licensing,Call Center,12433,7949,58.9,27.4,28.35,3.71,89.8,14,TAYSEER_DWH,2026-07-09 03:15:00
2025-07-01,Qassim,Social Support & Subsidies,branch,8211,6531,63.8,30.0,50.98,3.51,90.0,10,TAYSEER_DWH,2026-07-09 03:15:00
2026-03-01,Asir,Social Support & Subsidies,Mobile App,25600,9912,57.2,6.7,4.61,4.41,99.5,8,TAYSEER_DWH,2026-07-09 03:15:00
Mar-2026,Al-Jouf,Health Services,Branch,5827,4643,62.9,25.1,55.23,3.76,91.8,6,TAYSEER_DWH,2026-07-09 03:15:00
2025-09-01,Al-Jouf,Business & Licensing,Call Center,2995,1979,60.1,25.8,28.66,3.71,90.3,2,TAYSEER_DWH,2026-07-09 03:15:00
2025-07-01,Northern Borders,Education & Training,Branch,3456,2752,62.1,25.4,49.41,3.83,91.6,3,CHANNEL_API,2026-07-09 03:15:00
01/07/2025,Hail,Justice & Notary,Branch,3425,2754,58.4,42.7,70.07,3.52,91.1,4,TAYSEER_DWH,2026-07-09 03:15:00
01/10/2025,Asir,Social Support & Subsidies,Mobile App,24555,9660,56.7,7.5,4.58,N/A,98.3,9,TAYSEER_DWH,2026-07-09 03:15:00
2025-09-01,AL-JOUF,Health Services,Mobile App,12480,,61.5,7.0,4.44,4.58,95.8,3,TAYSEER_DWH,2026-07-09 03:15:00
2026-05-01,Al-Jouf,Education & Training,Branch,4100,3307,63.0,24.4,46.6,3.69,90.8,5,TAYSEER_DWH,2026-07-09 03:15:00
2025-07-01,Riyadh,Municipal Services,Branch,67383,53613,64.1,28.8,46.85,3.64,93.3,72,TAYSEER_DWH,2026-07-09 03:15:00
May-2026,Riyadh,Municipal Services,Web Portal,58993,30850,66.3,10.3,7.05,4.23,94.8,33,TAYSEER_DWH,2026-07-09 03:15:00
2025-12-01,Tabuk,Municipal Services,Web Portal,7399,3715,62.9,9.8,7.65,3.78,94.5,5,CHANNEL_API,2026-07-09 03:15:00
2025-08-01,Northern Borders,Justice & Notary,Mobile App,3171,1234,58.7,12.7,6.39,4.32,98.3,1,TAYSEER_DWH,2026-07-09 03:15:00
2025-11-01,Hail,Education & Training,Call Center,"4,357",2690,66.0,15.3,20.55,3.98,89.8,4,TAYSEER_DWH,2026-07-09 03:15:00
2025-09-01,Al-Baha,Business & Licensing,Mobile App,"5,715",2206,52.5,12.6,5.35,4.27,99.5,3,TAYSEER_DWH,2026-07-09 03:15:00
2026-05-01,Najran,Education & Training,Call Center,5447,3494,55.6,13.7,22.73,3.77,95.5,5,TAYSEER_DWH,2026-07-09 03:15:00
2026-03-01,Asir,Labour & HR Services,Branch,18682,14988,59.4,28.8,59.02,3.38,89.5,24,REGIONAL_UPLOAD,2026-07-09 05:40:00
2025-09-01,Hail,Traffic & Transport,Mobile App,16400,6146,62.3,4.6,4.06,4.41,96.7,6,REGIONAL_UPLOAD,2026-07-09 05:40:00
2026-02-01,Riyadh,Justice & Notary,Mobile App,72740,28140,64.3%,10.8,5.05,4.6,99.5,18,TAYSEER_DWH,2026-07-09 03:15:00
2025-07-01,Najran,Traffic & Transport,Web Portal,4604,2328,54.2,9.5,6.52,3.9,99.4,4,TAYSEER_DWH,2026-07-09 03:15:00
2026-01-01,AL-JOUF,Social Support & Subsidies,Call Center,2780,1778,61.6,18.2,22.91,3.96,90.8,3,CHANNEL_API,2026-07-09 03:15:00
2026-05-01,Hail,Business & Licensing,Call Center,4429,2895,62.3,29.9,29.37,3.74,88.3,4,TAYSEER_DWH,2026-07-09 03:15:00
2026-06-01,Madinah,Education & Training,Call Center,13001,8555,65.3,14.6,19.3,4.17,89.8,9,TAYSEER_DWH,2026-07-09 03:15:00
2026-02-01,Jazan,Education & Training,Call Center,12335,7598,50.9,14.0,22.89,3.75,92.9,11,TAYSEER_DWH,2026-07-09 03:15:00
2025-09-01,Madinah,Labour & HR Services,Mobile App,32860,13161,61.4%,6.9,3.84,4.67,99.5,6,TAYSEER_DWH,2026-07-09 03:15:00
2025-08-01,Northern Borders,Business & Licensing,Web Portal,2297,1179,59.4,15.8,9.22,4.2,99.5,1,REGIONAL_UPLOAD,2026-07-09 03:15:00
2026-02-01,Makkah,Health Services,Mobile App,207047,83071,63.5,5.1,4.33,4.58,96.0,57,TAYSEER_DWH,2026-07-09 03:15:00
2025-12-01,منطقة الجوف,Business & Licensing,Branch,3903,3349,60.5,49.1,54.32,3.4,87.4,4,TAYSEER_DWH,2026-07-09 03:15:00
2026-03-01,hail ,Municipal Services,Branch,5663,4691,64.5,35.3,58.68,3.61,91.3,8,TAYSEER_DWH,2026-07-09 03:15:00
2026-04-01,Al Baha,Identity & Civil Affairs,Web Portal,4318,2252,55.7,8.6,7.15,4.27,,2,CHANNEL_API,2026-07-09 03:15:00
2026-05-01,Riyadh,Labour & HR Services,Portal,56910,31111,70.3,8.8,6.19,4.33,99.1,32,REGIONAL_UPLOAD,2026-07-09 03:15:00
2026-06-01,Al-Baha,Business & Licensing,Call Center,3185,1997,52.8,31.2,26.34,3.74,88.3,3,REGIONAL_UPLOAD,2026-07-09 03:15:00
2025-07-01,Makkah,Business & Licensing,Mobile App,94790,37224,59.2,10.3,5.64,4.17,98.7,46,TAYSEER_DWH,2026-07-09 03:15:00
02-01-2026,Qassim,Labour & HR Services,Branch,7175,5946,64.0,24.7,n/a,3.33,89.2,7,REGIONAL_UPLOAD,2026-07-09 03:15:00
2026-03-01,Jazan,Identity & Civil Affairs,Mobile App,36218,13784,49.1,6.6,4.45,4.26,97.8,17,REGIONAL_UPLOAD,2026-07-09 03:15:00
2026-05-01,Riyadh,Justice & Notary,Branch,37541,30071,64.2,47.5,57.82,3.55,88.9,39,TAYSEER_DWH,2026-07-09 03:15:00
2025-08-01,Asir,Identity & Civil Affairs,Branch,28470,23692,60.9,30.4,55.95,3.74,89.2,28,CHANNEL_API,2026-07-09 03:15:00
2025-09-01,Eastern Province,Labour & HR Services,Call Center,28912,18672,65.6,15.3,19.93,3.83,92.0,31,TAYSEER_DWH,2026-07-09 03:15:00
2026-04-01,Jazan,Municipal Services,Web Portal,8802,4541,48.7,12.1,7.96,3.91,99.2,7,TAYSEER_DWH,2026-07-09 03:15:00
2025-07-01,Al-Jouf,Education & Training,Call Center,3439,2182,61.7,14.1,18.47,3.95,91.8,3,TAYSEER_DWH,2026-07-09 03:15:00
2026-03-01,Tabuk,Business & Licensing,Call Center,5443,3590,63.9,26.4,27.26,3.36,92.4,5,TAYSEER_DWH,2026-07-09 03:15:00
2026-02-01,HAIL,Identity & Civil Affairs,Mobile App,16718,6380,67.4%,6.1,3.59,4.65,99.5,4,TAYSEER_DWH,2026-07-09 03:15:00
2026-01-01,Najran,Social Support & Subsidies,Call Center,4224,2819,52.3,20.9,23.43,3.74,91.8,4,TAYSEER_DWH,2026-07-09 03:15:00
2026-03-01,Al-Baha,Education & Training,Mobile App,8144,3125,56.8,6.0,3.86,4.54,99.5,2,TAYSEER_DWH,2026-07-09 03:15:00
2026-02-01,Riyadh,Identity & Civil Affairs,Web Portal,83850,42440,67.6,8.7,5.73,4.62,97.7,19,TAYSEER_DWH,2026-07-09 03:15:00
2026-04-01,Riyadh,Municipal Services,Branch,68588,56339,65.4,25.1,49.7,3.62,92.5,65,REGIONAL_UPLOAD,2026-07-09 03:15:00
2026-01-01,Al-Jouf,Labour & HR Services,Mobile App,8923,3479,61.3,6.8,3.92,4.58,98.7,2,TAYSEER_DWH,2026-07-09 03:15:00
2026-04-01,Eastern Province,Justice & Notary,Branch,20649,17325,65.6,43.5,54.55,3.52,86.2,22,TAYSEER_DWH,2026-07-09 03:15:00
2026-02-01,Madinah,Traffic & Transport,Web Portal,15927,8704,61.8,8.6,6.23,4.42,97.5,6,TAYSEER_DWH,2026-07-09 03:15:00
2025-12-01,Najran,Justice & Notary,Branch,3785,3247,51.0,138.8,65.78,3.2,82.0,5,REGIONAL_UPLOAD,2026-07-09 03:15:00
2025-12-01,asir,Identity & Civil Affairs,Call Center,20034,13162,61.9,18.2,23.21,3.91,91.2,19,TAYSEER_DWH,2026-07-09 03:15:00
2025-08-01,Riyadh,Municipal Services,Web Portal,60223,31404,64.9,10.2,6.35,4.28,96.0,33,TAYSEER_DWH,2026-07-09 03:15:00
2025-11-01,Al-Jouf,Municipal Services,Web Portal,4091,2175,62.5,11.4,7.37,4.13,95.0,3,TAYSEER_DWH,2026-07-09 03:15:00
2025-10-01,Tabuk,Municipal Services,Branch,7916,6376,63.1,40.7,56.9,3.15,87.8,16,TAYSEER_DWH,2026-07-09 03:15:00
2026-04-01,Madinah,Education & Training,Web Portal,15192,7403,65.3,7.8,6.19,4.61,97.4,4,TAYSEER_DWH,2026-07-09 03:15:00
2026-05-01,Jazan,Business & Licensing,Mobile App,19832,7668,49.0,10.3,5.35,4.06,97.1,14,CHANNEL_API,2026-07-09 03:15:00
2025-10-01,Northern Borders,Traffic & Transport,Web Portal,3263,1646,61.3,9.2,7.12,4.36,98.4,2,TAYSEER_DWH,2026-07-09 03:15:00
2026-03-01,Asir,Municipal Services,Branch,18835,14699,61.2,35.6,56.66,3.39,86.2,21,REGIONAL_UPLOAD,2026-07-09 03:15:00
2025-09-01,Jazan,Justice & Notary,Branch,10911,9224,45.4,117.0,67.65,3.04,86.6,18,REGIONAL_UPLOAD,2026-07-09 03:15:00
2025-09-01,Hail,Justice & Notary,Web Portal,2986,1619,59.0,16.4,8.16,4.14,99.5,2,REGIONAL_UPLOAD,2026-07-09 03:15:00
Feb-2026,Riyadh,Business & Licensing,Mobile App,110033,42141,64.3,9.4,4.96,4.38,99.5,39,TAYSEER_DWH,2026-07-09 03:15:00
2026-04-01,EASTERN PROVINCE,Social Support & Subsidies,Branch,30723,25317,65.6,27.5,46.93,3.61,90.9,24,REGIONAL_UPLOAD,2026-07-09 03:15:00
2026-03-01,Qassim,Labour & HR Services,Branch,10797,9056,64.0,26.1,51.38,3.29,90.8,10,TAYSEER_DWH,2026-07-09 03:15:00
2025-08-01,Madinah,Traffic & Transport,Web Portal,20299,10320,60.9,8.8,6.24,4.3,98.4,10,TAYSEER_DWH,2026-07-09 03:15:00
2025-12-01,Jazan,Justice & Notary,Mobile App,11839,4674,46.8,11.0,6.69,3.92,98.7,8,TAYSEER_DWH,2026-07-09 03:15:00
2026-06-01,Jazan,Health Services,Mobile App,34802,13202,166.0,6.5,4.94,4.34,99.5,17,TAYSEER_DWH,2026-07-09 03:15:00
2025-11-01,Northern Borders,Labour & HR Services,Call Center,2378,1542,61.1,16.9,25.88,3.93,89.7,2,TAYSEER_DWH,2026-07-09 03:15:00
2025-10-01,Eastern Prov.,Labour & HR Services,Call Center,27433,17538,66.1,16.4,20.81,3.82,89.8,24,REGIONAL_UPLOAD,2026-07-09 03:15:00
2025-08-01,Madinah,Traffic & Transport,Mobile App,44303,16837,60.9,6.3,3.85,4.6,99.5,7,REGIONAL_UPLOAD,2026-07-09 03:15:00
2026-05-01,Jazan,Education & Training,Web Portal,9106,4669,50.9,8.1,6.36,3.98,97.7,4,TAYSEER_DWH,2026-07-09 03:15:00
2026-02-01,Eastern Province,Education & Training,Mobile App,"85,175",33193,67.9%,4.2,3.35,4.63,97.1,16,TAYSEER_DWH,2026-07-09 03:15:00
2025/08/01,Al-Jouf,Health Services,Mobile App,11880,4638,60.9,5.9,4.42,null,99.5,3,TAYSEER_DWH,2026-07-09 03:15:00
2025-12-01,Tabuk,Traffic & Transport,Call Center,10056,6605,63.7,17.0,23.07,3.57,87.5,14,TAYSEER_DWH,2026-07-09 03:15:00
01/06/2026,Asir,Identity & Civil Affairs,Mobile App,60900,23113,62.1,5.8,4.38,null,97.5,16,TAYSEER_DWH,2026-07-09 03:15:00
2026/06/01,Qassim,Justice & Notary,Branch,"6,443",5277,62.8,43.9,63.93,3.27,87.7,9,CHANNEL_API,2026-07-09 03:15:00
2025-11-01,Madinah,Health Services,Mobile App,52874,19813,62.3,6.6,4.54,4.89,99.5,1,TAYSEER_DWH,2026-07-09 03:15:00
2026-04-01,Asir,Justice & Notary,Branch,11792,9552,55.5,108.1,68.11,3.33,87.4,9,TAYSEER_DWH,2026-07-09 03:15:00
2026-01-01,Asir,Social Support & Subsidies,Web Portal,10420,5408,56.7,10.5,6.95,4.24,97.6,6,CHANNEL_API,2026-07-09 03:15:00
2026-01-01,madinah,Labour & HR Services,Web Portal,13231,7050,61.9,9.9,6.85,4.42,99.5,6,TAYSEER_DWH,2026-07-09 03:15:00
2025-11-01,Hail,Identity & Civil Affairs,Mobile App,21291,8444,66.8,6.2,4.31,4.86,99.5,1,TAYSEER_DWH,2026-07-09 03:15:00
2025-12-01,منطقة حائل,Identity & Civil Affairs,Web Portal,8445,4346,67.0,9.3,6.79,4.33,98.4,5,TAYSEER_DWH,2026-07-09 03:15:00
2026-05-01,Eastern Province,Social Support & Subsidies,Branch,30072,25455,65.5,28.1,48.31,3.57,89.1,23,REGIONAL_UPLOAD,2026-07-09 03:15:00
2025-10-01,Jazan,Traffic & Transport,Call Center,17415,11545,52.1,16.6,24.5,3.52,90.1,22,REGIONAL_UPLOAD,2026-07-09 03:15:00
2025-11-01,Najran,Social Support & Subsidies,Call Center,3932,2488,52.5,24.5,24.2,3.75,92.2,3,CHANNEL_API,2026-07-09 03:15:00
2026-06-01,Northern Borders,Health Services,Branch,4311,3633,60.7,29.4,56.88,3.85,88.7,4,TAYSEER_DWH,2026-07-09 03:15:00
09-01-2025,Madinah,Identity & Civil Affairs,Web Portal,21857,10808,60.1,8.9,6.41,4.52,95.6,8,TAYSEER_DWH,2026-07-09 03:15:00
2026-01-01,Qassim,Municipal Services,Mobile App,27191,10119,62.9,7.4,4.33,4.25,96.6,14,TAYSEER_DWH,2026-07-09 03:15:00
2025-10-01,Jazan,Social Support & Subsidies,Mobile App,16143,6358,48.7,7.8,5.47,4.24,99.4,7,TAYSEER_DWH,2026-07-09 03:15:00
2025-10-01,Northern Borders,Identity & Civil Affairs,Branch,4737,3901,62.3,29.5,53.19,3.92,90.0,3,TAYSEER_DWH,2026-07-09 03:15:00
2026-06-01,Qassim,Municipal Services,Web Portal,"9,342",4605,62.9%,9.7,7.56,3.99,95.6,7,TAYSEER_DWH,2026-07-09 03:15:00
2026-06-01,Madinah,Municipal Services,Call Center,15384,9540,60.5,20.4,24.19,3.87,95.0,11,TAYSEER_DWH,2026-07-09 03:15:00
2026-02-01,Asir,Education & Training,Branch,"13,522",11247,61.7,22.9,-26.41,3.61,90.3,12,TAYSEER_DWH,2026-07-09 03:15:00
2026-03-01,Madinah,Social Support & Subsidies,Web Portal,11131,5399,61.1,9.3,6.63,4.47,99.5,5,TAYSEER_DWH,2026-07-09 03:15:00
2026-04-01,Northern Borders,Labour & HR Services,Web Portal,2250,1155,61.5,9.4,7.88,4.3,97.5,1,TAYSEER_DWH,2026-07-09 03:15:00
2025-10-01,Al-Baha,Justice & Notary,Branch,2900,2409,50.5%,127.1,67.45,3.26,85.8,3,TAYSEER_DWH,2026-07-09 03:15:00
2025-10-01,Jazan,Justice & Notary,Mobile App,11644,4389,45.8,12.9,5.96,4.05,97.2,10,TAYSEER_DWH,2026-07-09 03:15:00
2025-11-01,Al-Jouf,Justice & Notary,Call Center,2058,1338,58.8,32.8,28.94,3.61,90.4,2,TAYSEER_DWH,2026-07-09 03:15:00
2025-12-01,Hail,Justice & Notary,Mobile App,7025,2558,60.0,9.7,5.57,4.41,97.7,2,TAYSEER_DWH,2026-07-09 03:15:00
2025-07-01,Qassim,Traffic & Transport,Branch,13766,11056,64.4,21.1,45.2,3.31,91.6,19,REGIONAL_UPLOAD,2026-07-09 03:15:00
2025-12-01,Asir,Education & Training,Call Center,14115,9604,61.5%,12.9,23.08,3.84,90.4,13,TAYSEER_DWH,2026-07-09 03:15:00
2026-01-01,Jazan,Municipal Services,Branch,19644,15346,48.5,36.7,64.29,3.17,87.1,32,CHANNEL_API,2026-07-09 03:15:00
2026/04/01,Tabuk,Social Support & Subsidies,Web Portal,5103,2501,63.5,11.1,8.15,4.15,97.4,2,REGIONAL_UPLOAD,2026-07-09 03:15:00
2026-04-01,Northern Borders,Health Services,Branch,4657,4071,61.0,26.3,55.65,-,n/a,4,REGIONAL_UPLOAD,2026-07-09 03:15:00
2025-12-01,Najran,Traffic & Transport,Call Center,8461,5431,115.0,15.4,20.95,3.69,88.9,9,CHANNEL_API,2026-07-09 03:15:00
2025-11-01,Al-Baha,Labour & HR Services,Web Portal,2783,1327,129.1,10.1,6.71,4.33,96.0,1,TAYSEER_DWH,2026-07-09 03:15:00
2026/02/01,Al-Jouf,Business & Licensing,Web Portal,2522,1249,60.6,15.0,8.25,4.09,94.0,2,TAYSEER_DWH,2026-07-09 03:15:00
11-01-2025,منطقة الحدود الشمالية,Municipal Services,Web Portal,2601,1330,62.6%,10.6,7.75,4.27,97.9,1,REGIONAL_UPLOAD,2026-07-09 03:15:00
2025-11-01,Eastern Province,Identity & Civil Affairs,Branch,57259,47043,65.7,31.2,45.7,3.67,91.4,42,CHANNEL_API,2026-07-09 03:15:00
2025-10-01,Tabuk,Justice & Notary,Mobile App,9762,3562,63.3,12.1,5.57,4.07,95.7,5,REGIONAL_UPLOAD,2026-07-09 03:15:00
2025-12-01,Hail,Municipal Services,Mobile App,13197,5347,64.5,6.5,4.63,4.42,97.8,6,TAYSEER_DWH,2026-07-09 03:15:00
2025-09-01,Makkah,Health Services,Branch,109112,89253,62.2,25.5,54.77,3.6,88.9,94,TAYSEER_DWH,2026-07-09 03:15:00
2025-07-01,Hail,Social Support & Subsidies,Web Portal,3382,1800,61.3,10.2,6.98,4.35,96.3,1,REGIONAL_UPLOAD,2026-07-09 03:15:00
2025/11/01,Tabuk,Labour & HR Services,Call Center,5274,3565,66.4,17.9,24.17,3.57,92.2,4,TAYSEER_DWH,2026-07-09 03:15:00
2025-08-01,Al-Baha,Municipal Services,Web Portal,2832,1499,53.6,12.0,7.44,4.12,99.4,1,REGIONAL_UPLOAD,2026-07-09 03:15:00
2025-11-01,TABUK ,Social Support & Subsidies,Web Portal,5088,2513,63.1,11.8,7.2,3.97,96.9,4,TAYSEER_DWH,2026-07-09 03:15:00
2026-01-01,Asir,Social Support & Subsidies,Branch,"15,969",12947,56.7,30.4,55.39,3.74,90.0,12,REGIONAL_UPLOAD,2026-07-09 03:15:00
2026-02-01,Jazan,Social Support & Subsidies,Mobile App,14396,5594,49.0,8.6,4.97,4.17,97.4,9,TAYSEER_DWH,2026-07-09 03:15:00
2025-10-01,Najran,Identity & Civil Affairs,Branch,10161,7612,51.5,33.7,50.91,3.65,91.1,11,TAYSEER_DWH,2026-07-09 03:15:00
2026-03-01,Asir,Social Support & Subsidies,Web Portal,"9,756",5340,57.2,9.7,,4.29,99.5,6,TAYSEER_DWH,2026-07-09 03:15:00
2025-12-01,Asir,Identity & Civil Affairs,Branch,"25,757",20268,61.9,30.7,53.78,3.45,89.3,21,TAYSEER_DWH,2026-07-09 03:15:00
2025-11-01,Tabuk,Traffic & Transport,Call Center,"8,090",5042,63.4,16.7,20.95,3.56,89.4,10,TAYSEER_DWH,2026-07-09 03:15:00
2025-12-01,Al-Baha,Social Support & Subsidies,Mobile App,5311,1985,53.4,6.9,4.19,4.43,99.4,1,TAYSEER_DWH,2026-07-09 03:15:00
2025-09-01,Asir,Education & Training,call center,20753,13632,61.6,13.5,22.0,3.86,91.0,14,REGIONAL_UPLOAD,2026-07-09 03:15:00
2025-07-01,Najran,Social Support & Subsidies,Mobile App,5645,2123,51.9,7.9,4.79,4.37,97.6,2,REGIONAL_UPLOAD,2026-07-09 03:15:00
2025-08-01,QASSIM,Traffic & Transport,Web Portal,13625,7029,64.6,8.1,6.76,3.92,96.8,14,TAYSEER_DWH,2026-07-09 03:15:00
2025-09-01,Al-Jouf,Labour & HR Services,Branch,"4,353",3464,60.2,25.6,46.06,3.59,89.9,5,TAYSEER_DWH,2026-07-09 03:15:00
2025-10-01,Qassim,Social Support & Subsidies,Call Center,6824,4978,64.8,19.5,21.61,3.65,92.1,9,TAYSEER_DWH,2026-07-09 03:15:00
2026-06-01,Al-Baha,Identity & Civil Affairs,Call Center,5207,3352,55.9,19.5,21.72,3.9,88.6,4,TAYSEER_DWH,2026-07-09 03:15:00
2025-12-01,Jazan,Identity & Civil Affairs,Branch,25865,21705,49.1,33.3,60.0,3.3,90.1,34,TAYSEER_DWH,2026-07-09 03:15:00
2026/04/01,Al-Baha,Traffic & Transport,Call Center,4574,2977,55.7%,14.4,20.74,3.79,89.2,4,REGIONAL_UPLOAD,2026-07-09 03:15:00
2026-04-01,المنطقة الشرقية,Labour & HR Services,Mobile App,97018,37020,66.8,6.1,4.14,4.57,99.3,24,CHANNEL_API,2026-07-09 03:15:00
01/01/2026,Tabuk,Traffic & Transport,Call Center,"7,806",4982,63.9,16.0,22.43,3.57,88.2,8,TAYSEER_DWH,2026-07-09 03:15:00
2025-07-01,Al-Baha,Health Services,Branch,5757,4727,56.6,27.0,51.33,3.59,91.3,7,TAYSEER_DWH,2026-07-09 03:15:00
2025-07-01,Al-Jouf,Traffic & Transport,Web Portal,4971,2615,63.5,8.7,6.52,4.1,96.1,3,TAYSEER_DWH,2026-07-09 03:15:00
2026-03-01,منطقة الباحة,Municipal Services,Branch,"5,190",4192,54.2,35.8,51.88,,88.5,7,TAYSEER_DWH,2026-07-09 03:15:00
2025-08-01,Hail,Municipal Services,Call Center,4223,2963,63.5,20.3,23.99,,91.4,3,REGIONAL_UPLOAD,2026-07-09 03:15:00
2026-01-01,Northern Borders,Traffic & Transport,Mobile App,8596,3351,61.1,5.1,4.31,4.57,99.5,3,TAYSEER_DWH,2026-07-09 03:15:00
2025-07-01,Madinah,Business & Licensing,Branch,15984,13313,59.4,43.3,56.4,3.65,90.2,17,TAYSEER_DWH,2026-07-09 03:15:00
2026-04-01,Eastern Province,Business & Licensing,Web Portal,31381,16182,66.3,12.1,7.7,4.21,95.3,19,TAYSEER_DWH,2026-07-09 03:15:00
2026-02-01,Asir,Justice & Notary,Web Portal,6665,3472,56.4,14.9,9.91,4.07,99.0,4,TAYSEER_DWH,2026-07-09 03:15:00
2025-07-01,Madinah,Identity & Civil Affairs,Branch,27688,22799,59.8,30.0,47.4,3.91,90.7,15,CHANNEL_API,2026-07-09 03:15:00
2026-02-01,Riyadh,Social Support & Subsidies,Mobile App,104121,41377,67.4,6.2,3.83,4.7,97.4,16,TAYSEER_DWH,2026-07-09 03:15:00
2025-08-01,northern borders,Health Services,Call Center,3141,-,60.3,15.8,26.13,4.12,89.4,2,TAYSEER_DWH,2026-07-09 03:15:00
2026-02-01,Al-Jouf,Identity & Civil Affairs,Mobile App,11775,4610,64.4%,5.9,3.82,4.65,98.3,2,TAYSEER_DWH,2026-07-09 03:15:00
01/12/2025,hail ,Labour & HR Services,Branch Office,5251,4309,64.6,30.5,53.44,3.57,89.0,6,CHANNEL_API,2026-07-09 03:15:00
2025-10-01,Makkah,Labour & HR Services,Web Portal,57972,31113,60.4%,9.6,6.73,4.11,97.1,48,TAYSEER_DWH,2026-07-09 03:15:00
2026-05-01,Al-Jouf,Identity & Civil Affairs,Call Center,"5,417",3427,63.8,19.0,20.13,3.79,86.7,4,TAYSEER_DWH,2026-07-09 03:15:00
2025-09-01,Najran,Health Services,Mobile App,13078,5107,51.0,6.0,4.5,4.39,97.4,7,CHANNEL_API,2026-07-09 03:15:00
2026-03-01,EASTERN PROVINCE,Health Services,Mobile App,133982,52818,67.0,5.4,3.98,4.76,98.9,9,CHANNEL_API,2026-07-09 03:15:00
2025-09-01,Northern Borders,Business & Licensing,WEB,2276,1143,60.1,15.8,9.1,4.28,96.5,1,TAYSEER_DWH,2026-07-09 03:15:00
2026-03-01,Hail,Municipal Services,Mobile App,14127,5491,64.5,6.2,4.33,4.4,99.5,7,TAYSEER_DWH,2026-07-09 03:15:00
2025-07-01,Eastern Province,Traffic & Transport,Branch,47603,38925,66.9,21.0,41.77,3.63,88.9,46,REGIONAL_UPLOAD,2026-07-09 03:15:00
2026-01-01,Al-Jouf,Business & Licensing,Branch,3747,3277,61.6,46.1,65.82,3.5,91.7,4,TAYSEER_DWH,2026-07-09 03:15:00
2025-08-01,'Asir,Municipal Services,Call Center,14433,9245,60.5,19.3,24.24,3.59,90.1,18,REGIONAL_UPLOAD,2026-07-09 03:15:00
2026-05-01,Al-Jouf,Justice & Notary,Mobile App,5488,1961,60.3,11.3,4.69,4.38,99.5,2,TAYSEER_DWH,2026-07-09 03:15:00
Nov-2025,Tabouk,Social Support & Subsidies,Branch,"5,960",4872,63.1,33.6,50.34,3.41,88.6,10,TAYSEER_DWH,2026-07-09 03:15:00
2025-12-01,Northern Borders,Education & Training,Mobile App,6392,2498,62.7,5.3,4.22,4.8,97.5,0,TAYSEER_DWH,2026-07-09 03:15:00
2026-02-01,Al-Jouf,Traffic & Transport,Call Center,3508,2169,65.7,15.7,20.94,3.74,90.3,4,TAYSEER_DWH,2026-07-09 03:15:00
2025-09-01,Najran,Traffic & Transport,Web Portal,4981,2639,54.1,8.0,6.79,3.99,98.8,3,REGIONAL_UPLOAD,2026-07-09 03:15:00
2025-08-01,Al-Jouf,Traffic & Transport,Branch,5490,4438,63.6,21.3,47.91,3.42,90.0,6,REGIONAL_UPLOAD,2026-07-09 03:15:00
2025-07-01,Riyadh,Identity & Civil Affairs,Call Center,68976,44560,65.7,15.5,19.24,3.92,89.6,66,REGIONAL_UPLOAD,2026-07-09 03:15:00
2026-01-01,Al-Bahah,Health Services,Branch,7091,5591,57.2,30.0,56.71,3.63,89.1,5,REGIONAL_UPLOAD,2026-07-09 03:15:00
2026-03-01,Eastern Province,Business & Licensing,App,88282,35512,66.0,10.2,4.47,4.47,99.5,30,TAYSEER_DWH,2026-07-09 03:15:00
2026-03-01,Hail,Justice & Notary,Web Portal,2616,1349,59.9,15.4,8.49,4.16,99.2,2,TAYSEER_DWH,2026-07-09 03:15:00
Jan-2026,Jazan,Education & Training,Web Portal,9050,4621,50.6,9.3,6.84,4.03,94.0,9,TAYSEER_DWH,2026-07-09 03:15:00
2026-06-01,Hail,Education & Training,Mobile App,14693,5682,67.1,4.8,3.93,4.56,99.5,3,TAYSEER_DWH,2026-07-09 03:15:00
2026-06-01,Madinah,Health Services,Web Portal,21111,10757,63.2,8.2,6.66,4.63,99.1,4,CHANNEL_API,2026-07-09 03:15:00
2026-05-01,Hail,Traffic & Transport,Call Center,6330,4018,63.7,14.9,20.89,3.73,89.1,6,TAYSEER_DWH,2026-07-09 03:15:00
2026-05-01,Northern Borders,Labour & HR Services,Mobile App,6261,2310,61.4,6.3,4.91,4.57,97.6,1,TAYSEER_DWH,2026-07-09 03:15:00
2025-09-01,Makkah,Justice & Notary,Web Portal,35328,18063,59.7,20.3,8.74,3.9,99.5,29,CHANNEL_API,2026-07-09 03:15:00
2025-09-01,Tabuk,Education & Training,Mobile App,27738,,67.2,5.9,3.9,4.3,99.2,12,TAYSEER_DWH,2026-07-09 03:15:00
2026-05-01,Najran,Labour & HR Services,Mobile App,"8,355",3069,51.2,7.4,4.05,4.39,99.5,3,TAYSEER_DWH,2026-07-09 03:15:00
2025-09-01,Al Baha,Identity & Civil Affairs,Branch,7397,5971,55.7,30.8,47.78,3.55,86.5,11,TAYSEER_DWH,2026-07-09 03:15:00
2026-06-01,Riyadh,Labour & HR Services,Call Center,43551,29006,70.5,17.8,20.53,3.9,89.4,46,TAYSEER_DWH,2026-07-09 03:15:00
2026-06-01,Tabuk,Identity & Civil Affairs,Call Center,9057,6018,64.4,19.9,22.8,3.73,91.5,9,REGIONAL_UPLOAD,2026-07-09 03:15:00
2025-09-01,Riyadh,Business & Licensing,Branch,56206,48307,63.4,40.9,57.15,3.47,88.3,78,CHANNEL_API,2026-07-09 03:15:00
2025-10-01,Asir,Education & Training,Call Center,13835,8752,61.1%,13.9,20.26,4.01,91.7,12,TAYSEER_DWH,2026-07-09 03:15:00
2025-08-01,Al Baha,Health Services,Call Center,4339,2759,56.9,18.4,22.35,3.91,91.6,4,TAYSEER_DWH,2026-07-09 03:15:00
2026-02-01,Madinah,Education & Training,Call Center,11137,6999,65.1,14.5,18.99,4.18,89.5,6,TAYSEER_DWH,2026-07-09 03:15:00
2025-12-01,Al-Baha,Identity & Civil Affairs,Branch,6960,5804,55.9,29.4,49.63,3.54,88.6,11,TAYSEER_DWH,2026-07-09 03:15:00
2026-06-01,Tabuk,Traffic & Transport,Branch,9837,8420,64.8,25.0,49.87,3.28,89.4,11,TAYSEER_DWH,2026-07-09 03:15:00
12-01-2025,Jazan,Business & Licensing,Call Center,12533,7965,48.1,25.5,30.49,3.19,93.3,15,TAYSEER_DWH,2026-07-09 03:15:00
2025-07-01,Al-Jouf,Municipal Services,Mobile App,8115,3131,61.7,7.0,4.47,4.42,99.5,3,TAYSEER_DWH,2026-07-09 03:15:00
2025-08-01,Qassim,Education & Training,Web Portal,16898,8532,66.4,7.5,5.93,4.29,98.2,5,REGIONAL_UPLOAD,2026-07-09 03:15:00
05-01-2026,Najran,Traffic & Transport,Web Portal,4545,2396,54.6,8.4,6.15,4.14,99.5,3,TAYSEER_DWH,2026-07-09 03:15:00
2025-08-01,Asir,Labour & HR Services,Web Portal,13556,6961,58.3,9.8,7.22,4.18,98.2,4,TAYSEER_DWH,2026-07-09 03:15:00
2025-10-01,Al-Baha,Identity & Civil Affairs,Call Centre,5448,3324,55.8,18.2,23.79,3.84,90.4,6,REGIONAL_UPLOAD,2026-07-09 03:15:00
2025-10-01,Tabuk,Identity & Civil Affairs,Mobile App,25195,9669,63.1,6.6,4.25,null,94.7,11,TAYSEER_DWH,2026-07-09 03:15:00
2025-09-01,Tabuk,Traffic & Transport,Branch,11169,8797,62.8,26.2,47.12,3.27,88.3,15,CHANNEL_API,2026-07-09 03:15:00
2026-05-01,Jazan,Education & Training,Mobile App,26228,10063,50.9,4.9,4.27,4.33,99.5,12,TAYSEER_DWH,2026-07-09 03:15:00
2025-08-01,Riyadh,Labour & HR Services,Call Center,"34,423",21398,68.4,15.7,22.0,3.76,90.1,34,TAYSEER_DWH,2026-07-09 03:15:00
2026-04-01,Riyadh,Traffic & Transport,Mobile App,206280,80980,68.0,5.4,3.45,4.56,98.2,50,TAYSEER_DWH,2026-07-09 03:15:00
2026-01-01,Tabuk,Education & Training,Call Center,5744,3788,67.4,15.2,19.09,3.59,88.7,5,CHANNEL_API,2026-07-09 03:15:00
Jun-2026,Hail,Education & Training,Web Portal,5263,2666,67.1,7.8,5.56,4.43,99.5,1,TAYSEER_DWH,2026-07-09 03:15:00
2026-05-01,Eastern Province,Identity & Civil Affairs,Branch,54311,46412,66.7,29.5,48.05,3.71,89.4,50,TAYSEER_DWH,2026-07-09 03:15:00
2026-03-01,Eastern Province,Business & Licensing,Call Center,25916,17050,66.0,26.6,28.08,3.73,89.7,19,TAYSEER_DWH,2026-07-09 03:15:00
2026-03-01,Makkah,Social Support & Subsidies,Branch,55842,48628,60.7,33.8,56.01,3.46,87.1,88,REGIONAL_UPLOAD,2026-07-09 03:15:00
2025-07-01,Asir,Traffic & Transport,Call Center,16775,10751,59.6,16.0,25.33,3.69,88.6,12,REGIONAL_UPLOAD,2026-07-09 03:15:00
2025-08-01,AR RIYADH,Justice & Notary,Call Center,26831,17388,62.9,29.9,23.34,3.73,87.8,20,REGIONAL_UPLOAD,2026-07-09 03:15:00
2026-04-01,Al-Jouf,Traffic & Transport,Mobile App,13225,4984,65.5,5.6,4.15,4.31,98.6,7,TAYSEER_DWH,2026-07-09 03:15:00
2025-12-01,Northern Borders,Traffic & Transport,Branch,5694,4667,61.8,27.2,52.89,3.61,90.9,7,TAYSEER_DWH,2026-07-09 03:15:00
2025-10-01,Al-Jouf,Identity & Civil Affairs,Web Portal,5733,2981,63.3,9.7,6.47,4.33,98.5,3,REGIONAL_UPLOAD,2026-07-09 03:15:00
2026-04-01,Asir,Labour & HR Services,Mobile App,33410,12758,59.3,6.2,3.98,4.32,96.5,18,REGIONAL_UPLOAD,2026-07-09 03:15:00
2026-02-01,Northern Borders,Social Support & Subsidies,call center,1653,1101,60.2,22.8,25.0,4.1,87.6,1,TAYSEER_DWH,2026-07-09 03:15:00
2026-06-01,المنطقة الشرقية,Social Support & Subsidies,Web Portal,24726,12889,65.7,9.0,6.51,4.37,99.5,7,TAYSEER_DWH,2026-07-09 03:15:00
2026/02/01,Hail,Justice & Notary,Branch,2486,2053,59.7,50.9,63.78,3.6,n/a,3,REGIONAL_UPLOAD,2026-07-09 03:15:00
07-01-2025,Tabuk,Health Services,Call Center,7325,4703,62.7,17.5,25.85,3.72,92.1,8,TAYSEER_DWH,2026-07-09 03:15:00
2026-03-01,Asir,Justice & Notary,Branch,11710,9432,55.8,148.1,74.31,3.19,81.3,17,TAYSEER_DWH,2026-07-09 03:15:00
01/07/2025,Makkah,Identity & Civil Affairs,Branch,84826,70525,65.2,31.1,53.48,3.51,90.5,97,TAYSEER_DWH,2026-07-09 03:15:00
Jan-2026,Qassim,Municipal Services,Web Portal,10494,5335,62.9,10.0,6.53,3.89,98.8,11,TAYSEER_DWH,2026-07-09 03:15:00
2026-06-01,N. Borders,Traffic & Transport,Branch,4541,3739,61.7,24.4,51.29,3.78,89.0,3,CHANNEL_API,2026-07-09 03:15:00
2026-02-01,Tabuk,Social Support & Subsidies,Branch,4029,3248,63.5,34.5,52.66,-,88.0,5,TAYSEER_DWH,2026-07-09 03:15:00
2026-01-01,Jazan,Traffic & Transport,Call Center,18413,12214,51.3,14.6,23.9,3.62,90.3,17,TAYSEER_DWH,2026-07-09 03:15:00
2025-08-01,Riyadh,Education & Training,Mobile App,264515,106173,68.4,4.4,3.48,4.59,92.9,74,TAYSEER_DWH,2026-07-09 03:15:00
2026-03-01,Eastern Province,Social Support & Subsidies,Call Center,21914,14056,65.4,18.1,21.98,null,n/a,15,TAYSEER_DWH,2026-07-09 03:15:00
2025-10-01,Makkah,Education & Training,Call Center,57205,35546,63.4,13.9,18.28,3.79,93.0,38,TAYSEER_DWH,2026-07-09 03:15:00
2025-08-01,Madinah,Traffic & Transport,Branch,23593,19582,60.9,26.3,45.55,3.81,87.8,19,TAYSEER_DWH,2026-07-09 03:15:00
2025-08-01,Makkah,Education & Training,Branch,108849,87552,62.7,23.3,41.76,3.5,88.8,103,TAYSEER_DWH,2026-07-09 03:15:00
2026-04-01,Riyadh,Municipal Services,Call Center,57128,35374,65.4,16.9,21.48,3.78,89.4,49,CHANNEL_API,2026-07-09 03:15:00
2026-02-01,JAZAN,Business & Licensing,Branch,11520,8998,48.9%,105.2,67.17,3.12,86.2,16,TAYSEER_DWH,2026-07-09 03:15:00
2025-10-01,Al-Jouf,Social Support & Subsidies,Call Center,2511,1583,60.9,19.1,22.58,3.96,90.8,1,CHANNEL_API,2026-07-09 03:15:00
2026-03-01,Hail,Health Services,Web Portal,7045,3581,64.7,8.4,6.84,4.35,99.5,3,REGIONAL_UPLOAD,2026-07-09 03:15:00
2026-02-01,منطقة حائل,Health Services,Branch,5996,4515,64.9,26.3,53.92,3.89,89.9,5,CHANNEL_API,2026-07-09 03:15:00
2026-03-01,Riyadh,Identity & Civil Affairs,Web Portal,"87,996",48103,66.9,8.0,6.71,4.44,94.8,33,REGIONAL_UPLOAD,2026-07-09 03:15:00
2026-01-01,Tabuk,Health Services,Branch,11755,9476,63.7,27.0,53.4,3.47,90.4,12,TAYSEER_DWH,2026-07-09 03:15:00
2025-07-01,Ha'il,Health Services,Mobile App,"15,865",6165,64.4%,5.8,4.42,4.73,97.4,2,CHANNEL_API,2026-07-09 03:15:00
2026-01-01,Madinah,Labour & HR Services,Call Center,"11,989",7315,61.9%,19.0,22.18,4.05,90.0,7,TAYSEER_DWH,2026-07-09 03:15:00
2025-11-01,Asir,Business & Licensing,Mobile App,29923,11669,59.0,11.8,5.24,4.2,99.3,16,CHANNEL_API,2026-07-09 03:15:00
2026-02-01,Qassim,Health Services,Call Center,11273,7264,67.0,16.5,22.74,3.85,89.3,13,REGIONAL_UPLOAD,2026-07-09 05:40:00
2025-10-01,Al-Baha,Identity & Civil Affairs,Branch,7121,5641,55.8,36.3,49.23,3.54,89.7,6,TAYSEER_DWH,2026-07-09 03:15:00
2025-08-01,Tabuk,Health Services,Branch,11122,9632,63.1,28.9,54.02,3.46,90.0,19,TAYSEER_DWH,2026-07-09 03:15:00
2026-04-01,Hail,Municipal Services,Call Center,4598,2890,65.1,22.4,23.07,3.83,91.8,3,TAYSEER_DWH,2026-07-09 03:15:00
2025-11-01,Madinah,Justice & Notary,WEB,7826,3871,58.5,16.8,8.61,4.19,96.5,3,CHANNEL_API,2026-07-09 03:15:00
2025-11-01,albaha,Business & Licensing,Branch,"4,139",3547,52.9,0.0,66.45,3.3,83.4,5,CHANNEL_API,2026-07-09 03:15:00
2025-07-01,Al-Baha,Justice & Notary,Web Portal,1571,786,50.4,18.7,10.02,3.98,97.2,1,CHANNEL_API,2026-07-09 03:15:00
2026-06-01,Riyadh,Traffic & Transport,Mobile App,232093,-,68.1,4.7,3.35,4.5,99.5,60,TAYSEER_DWH,2026-07-09 03:15:00
2025-07-01,Najran,Municipal Services,Mobile App,7479,2791,50.5,8.8,4.85,4.3,95.0,5,TAYSEER_DWH,2026-07-09 03:15:00
2025-08-01,Hail,Identity & Civil Affairs,Call Center,5236,3291,66.3,18.2,20.96,3.93,90.5,4,TAYSEER_DWH,2026-07-09 03:15:00
2025/12/01,Hail,Traffic & Transport,Branch,10261,8589,62.5,24.5,n/a,3.58,92.1,8,TAYSEER_DWH,2026-07-09 03:15:00
2025-07-01,Eastern Province,Health Services,Mobile App,113932,45731,65.4,5.4,3.93,4.79,97.8,8,TAYSEER_DWH,2026-07-09 03:15:00
2026-04-01,منطقة جازان,Traffic & Transport,Branch,22702,19059,51.9,29.3,52.52,3.16,90.8,29,TAYSEER_DWH,2026-07-09 03:15:00
2026-03-01,Al-Baha,Business & Licensing,Web Portal,2359,1222,52.6,15.9,9.11,4.11,98.1,2,TAYSEER_DWH,2026-07-09 03:15:00
2025-11-01,Hail,Identity & Civil Affairs,Web Portal,8292,4095,66.8,10.1,7.03,4.31,97.4,5,TAYSEER_DWH,2026-07-09 03:15:00
2026-06-01,Asir,Identity & Civil Affairs,Web Portal,20711,10697,62.1,9.1,7.31,,97.3,10,REGIONAL_UPLOAD,2026-07-09 03:15:00
2025-10-01,Tabuk,Municipal Services,Call Center,6333,4140,63.1,20.0,25.47,N/A,88.8,8,TAYSEER_DWH,2026-07-09 03:15:00
2025-07-01,Madinah,Municipal Services,web portal,15130,8296,59.3,12.5,7.09,4.26,98.4,7,TAYSEER_DWH,2026-07-09 03:15:00
2025-12-01,Al-Baha,Justice & Notary,Call Center,2362,1497,51.1,31.7,30.22,3.76,93.2,3,TAYSEER_DWH,2026-07-09 03:15:00
2025-07-01,Al-Baha,Education & Training,Branch,4697,3964,55.3,28.9,45.61,3.58,91.9,4,TAYSEER_DWH,2026-07-09 03:15:00
2025-11-01,Asir,Municipal Services,Web Portal,15734,8081,61.1%,10.8,7.27,4.06,95.4,13,TAYSEER_DWH,2026-07-09 03:15:00
2026-01-01,Qassim,Labour & HR Services,Web Portal,8884,4667,64.1,8.6,6.43,4.0,98.9,6,REGIONAL_UPLOAD,2026-07-09 03:15:00
01/01/2026,Riyadh,Identity & Civil Affairs,Call Center,71329,45025,67.0%,17.7,,3.95,88.8,61,REGIONAL_UPLOAD,2026-07-09 03:15:00
2026-04-01,Makkah,Municipal Services,Web Portal,58275,29601,61.4,11.5,7.9,3.95,97.6,52,TAYSEER_DWH,2026-07-09 03:15:00
2026-02-01,Al-Jouf,Business & Licensing,Branch,2718,2104,60.6,47.6,63.24,3.44,89.9,4,TAYSEER_DWH,2026-07-09 03:15:00
2026-06-01,Tabuk,Labour & HR Services,Web Portal,6572,3241,66.7,9.8,7.17,3.88,95.8,4,REGIONAL_UPLOAD,2026-07-09 03:15:00
2026-05-01,Hail,Business & Licensing,Mobile App,10099,3838,62.3,9.9,4.93,4.35,97.0,4,TAYSEER_DWH,2026-07-09 03:15:00
2026-03-01,Al-Jouf,Traffic & Transport,Call Center,4276,2697,65.4,14.6,19.86,3.74,90.8,4,TAYSEER_DWH,2026-07-09 03:15:00
2025/07/01,Riyadh,Health Services,Web Portal,93984,46655,67.5,8.0,6.61,4.55,99.5,23,REGIONAL_UPLOAD,2026-07-09 03:15:00
2025-11-01,Al Jouf,Education & Training,Call Center,3588,2308,62.5,15.6,19.55,3.94,89.7,3,REGIONAL_UPLOAD,2026-07-09 03:15:00
2025-07-01,Jazan,Traffic & Transport,Web Portal,11716,5993,51.5,8.9,7.7,3.83,95.8,14,TAYSEER_DWH,2026-07-09 03:15:00
2026-02-01,Jazan,Labour & HR Services,Mobile App,16299,,48.0,6.9,4.79,4.12,99.2,7,TAYSEER_DWH,2026-07-09 03:15:00
2026-03-01,Northern Borders,Municipal Services,Call Center,2494,1597,62.6,21.5,29.18,3.72,91.7,3,REGIONAL_UPLOAD,2026-07-09 03:15:00
2026-06-01,Al-Jouf,Identity & Civil Affairs,Web Portal,5301,2779,64.4,10.6,5.98,4.25,96.1,4,TAYSEER_DWH,2026-07-09 03:15:00
2025-07-01,albaha,Social Support & Subsidies,Branch,3482,2990,53.3,35.4,53.19,3.61,86.8,4,TAYSEER_DWH,2026-07-09 03:15:00
2026-03-01,Jazan,Education & Training,Branch,18821,15339,51.1,24.4,52.04,3.38,90.9,24,REGIONAL_UPLOAD,2026-07-09 03:15:00
2026-02-01,Northern Borders,Social Support & Subsidies,Branch,1712,1459,60.2,32.8,60.01,3.63,86.4,1,CHANNEL_API,2026-07-09 03:15:00
2025-12-01,Eastern Province,Education & Training,web portal,"41,966",20730,68.5,7.4,5.57,4.46,97.2,17,TAYSEER_DWH,2026-07-09 03:15:00
2025-10-01,Al-Jouf,Labour & HR Services,Call Center,3318,2237,60.3,17.7,21.51,3.65,88.5,4,TAYSEER_DWH,2026-07-09 03:15:00
2026-06-01,Northern Borders,Justice & Notary,Call Center,1386,921,59.5,30.9,30.46,3.87,89.6,2,REGIONAL_UPLOAD,2026-07-09 03:15:00
2026-02-01,Jazan,Traffic & Transport,Branch,14806,11778,52.2,27.2,53.64,3.17,92.1,22,REGIONAL_UPLOAD,2026-07-09 03:15:00
2026-02-01,Makkah,Identity & Civil Affairs,Call Center,62506,38913,66.8,18.8,21.43,3.92,91.3,49,CHANNEL_API,2026-07-09 03:15:00
2026-05-01,Qassim,Traffic & Transport,Call Center,10760,6881,66.1,15.6,19.46,3.56,92.4,10,TAYSEER_DWH,2026-07-09 03:15:00
2025-08-01,Tabuk,Health Services,Web Portal,10117,5272,63.1,10.4,7.32,4.18,94.0,5,TAYSEER_DWH,2026-07-09 03:15:00
2026-04-01,Al-Jouf,Education & Training,Web Portal,"3,594",1837,63.5,7.0,6.06,4.49,98.1,1,TAYSEER_DWH,2026-07-09 03:15:00
2026-06-01,Northern Borders,Labour & HR Services,Branch,3024,2584,62.1,26.6,54.45,3.75,91.1,3,CHANNEL_API,2026-07-09 03:15:00
2026-02-01,Asir,Municipal Services,Mobile App,33737,12829,60.9,7.5,4.66,4.26,95.1,16,REGIONAL_UPLOAD,2026-07-09 03:15:00
2025-09-01,Hail,Health Services,Mobile App,18184,7360,64.3,5.9,4.48,4.65,98.5,3,TAYSEER_DWH,2026-07-09 03:15:00
2026-03-01,Al-Jouf,Justice & Notary,Branch,2710,2113,59.5,49.6,NULL,3.35,92.5,3,TAYSEER_DWH,2026-07-09 03:15:00
2025-10-01,Makkah,Labour & HR Services,Call Center,55203,36573,60.4,17.8,21.63,3.82,88.7,42,TAYSEER_DWH,2026-07-09 03:15:00
2025-09-01,Qassim,Identity & Civil Affairs,Branch,16051,13417,66.4,29.0,46.8,3.5,87.9,20,TAYSEER_DWH,2026-07-09 03:15:00
2026/03/01,Riyadh,Social Support & Subsidies,Branch,46945,37776,67.3,26.5,46.14,3.74,90.6,46,CHANNEL_API,2026-07-09 03:15:00
2026-04-01,Riyadh,Social Support & Subsidies,Web Portal,46600,23454,67.3,9.2,6.61,4.45,96.6,9,TAYSEER_DWH,2026-07-09 03:15:00
2026-03-01,Riyadh,Health Services,Web  Portal,93944,47894,68.9,6.9,5.95,4.61,99.5,20,TAYSEER_DWH,2026-07-09 03:15:00
2025-11-01,Hail,Labour & HR Services,Web Portal,5340,2767,64.6,9.1,6.48,4.29,97.6,2,CHANNEL_API,2026-07-09 03:15:00
01/07/2025,N. Borders,Business & Licensing,Branch,2673,2275,59.4,43.8,65.38,3.58,87.1,4,TAYSEER_DWH,2026-07-09 03:15:00
2025/09/01,Al-Qassim,Justice & Notary,Branch,7292,6008,61.6,45.3,61.63,3.2,88.7,12,TAYSEER_DWH,2026-07-09 03:15:00
2025-09-01,Al-Baha,Social Support & Subsidies,Branch,3616,2971,53.6,34.5,55.52,3.65,89.3,6,TAYSEER_DWH,2026-07-09 03:15:00
2025-08-01,Asir,Business & Licensing,Mobile App,27440,10476,59.0,11.2,5.47,4.15,97.1,19,REGIONAL_UPLOAD,2026-07-09 03:15:00
2026-06-01,Eastern Province,Health Services,Branch,52312,43484,67.2,22.3,47.84,3.85,91.1,47,TAYSEER_DWH,2026-07-09 03:15:00
2025-08-01,Jazan,Social Support & Subsidies,Web Portal,6698,3443,48.5,11.4,7.7,3.89,99.5,6,TAYSEER_DWH,2026-07-09 03:15:00
2025-12-01,Najran,Social Support & Subsidies,Mobile App ,6967,2788,52.4,7.4,4.46,4.38,98.2,3,REGIONAL_UPLOAD,2026-07-09 03:15:00
2026-04-01,Eastern Province,Education & Training,Web Portal,39145,20230,68.7,7.0,5.46,4.54,96.9,13,TAYSEER_DWH,2026-07-09 03:15:00
2026-03-01,Madinah,Education & Training,Branch,17579,14511,64.4,25.3,n/a,3.77,87.6,16,TAYSEER_DWH,2026-07-09 03:15:00
2025-10-01,Qassim,Business & Licensing,Mobile App,20670,7929,63.3,10.0,5.2,4.09,98.6,15,TAYSEER_DWH,2026-07-09 03:15:00
2026/06/01,Al-Baha,Social Support & Subsidies,Branch,3656,3043,54.0,33.8,52.39,3.66,87.3,4,CHANNEL_API,2026-07-09 03:15:00
2026-02-01,Riyadh,Identity & Civil Affairs,Call Center,63056,41861,67.6,15.8,20.49,4.11,88.8,49,TAYSEER_DWH,2026-07-09 03:15:00
2026-01-01,Makkah,Municipal Services,Branch,"77,130",63524,60.8,33.4,48.85,,88.4,117,TAYSEER_DWH,2026-07-09 03:15:00
2025-07-01,Al-Jouf,Traffic & Transport,Call Center,4068,2635,63.5,16.1,17.81,-,90.6,3,TAYSEER_DWH,2026-07-09 03:15:00
2026-06-01,Qassim,Municipal Services,Call Center,10330,6391,62.9,18.9,23.01,3.5,88.2,14,TAYSEER_DWH,2026-07-09 03:15:00
2025-12-01,Hail,Identity & Civil Affairs,Mobile App,20568,8298,67.0,7.7,4.15,4.65,99.3,4,TAYSEER_DWH,2026-07-09 03:15:00
2026-04-01,Najran,Labour & HR Services,Mobile App,8744,3400,51.8,7.0,4.25,null,99.0,2,TAYSEER_DWH,2026-07-09 03:15:00
2025-10-01,Asir,Identity & Civil Affairs,Call Center,20163,13721,61.6,19.5,23.68,3.9,95.2,11,REGIONAL_UPLOAD,2026-07-09 03:15:00
2026-01-01,Al-Baha,Health Services,Call Center,5565,3564,57.2,19.8,24.61,3.89,89.3,4,TAYSEER_DWH,2026-07-09 03:15:00
2026-01-01,Asir,Justice & Notary,Branch,11930,9702,55.8,125.6,67.93,3.32,86.0,18,REGIONAL_UPLOAD,2026-07-09 03:15:00
2026-02-01,Northern Borders,Business & Licensing,Mobile App,4975,1855,60.1,10.1,5.24,4.36,99.5,2,CHANNEL_API,2026-07-09 03:15:00
2026-05-01,Hail,Labour & HR Services,Call Center,4186,2678,65.2,18.3,22.4,3.97,91.6,3,TAYSEER_DWH,2026-07-09 03:15:00
2025-08-01,Al-Jouf,Justice & Notary,Branch,2224,1723,58.7,50.3,59.9,3.35,88.3,3,TAYSEER_DWH,2026-07-09 03:15:00
2026-02-01,Madinah,Labour & HR Services,Web Portal,11168,5516,61.9,9.3,6.32,4.49,99.5,4,CHANNEL_API,2026-07-09 03:15:00
2026-02-01,Qassim,Social Support & Subsidies,Web Portal,6629,3529,65.1,9.8,6.58,4.1,96.5,3,TAYSEER_DWH,2026-07-09 03:15:00
2026-05-01,Riyadh,Education & Training,Branch,56892,46028,69.6,19.2,-20.55,3.81,88.5,40,CHANNEL_API,2026-07-09 03:15:00
2025-10-01,Makkah,Traffic & Transport,Web Portal,81169,41176,61.4,8.4,6.4,4.04,96.5,64,TAYSEER_DWH,2026-07-09 03:15:00
2026-01-01,Northern Borders,Business & Licensing,Mobile App,5321,2039,60.1,10.4,6.15,4.5,95.4,1,TAYSEER_DWH,2026-07-09 03:15:00
2025-11-01,Najran,Health Services,Mobile App,12477,4696,51.9,5.6,4.35,4.48,98.2,5,TAYSEER_DWH,2026-07-09 03:15:00
2025-08-01,tabuk,Business & Licensing,Call Center,4762,2965,62.6,29.3,27.2,3.48,89.9,6,TAYSEER_DWH,2026-07-09 03:15:00
2026-02-01,Makkah,Labour & HR Services,Call Center,48184,31886,61.8,18.5,22.68,3.68,89.3,53,TAYSEER_DWH,2026-07-09 03:15:00
2026-03-01,Tabuk,Social Support & Subsidies,Web Portal,5169,2663,63.5,10.4,6.85,3.95,99.5,4,REGIONAL_UPLOAD,2026-07-09 03:15:00
2026-03-01,Najran,Municipal Services,Call Center,5081,3000,51.1,20.2,24.94,3.52,90.6,6,TAYSEER_DWH,2026-07-09 03:15:00
2026-05-01,Al-Baha,Municipal Services,Web Portal,2726,1390,54.4,11.3,7.57,4.08,98.3,2,REGIONAL_UPLOAD,2026-07-09 03:15:00
2025-12-01,Hail,Municipal Services,Call Center,4577,2971,64.5,22.9,23.44,3.78,88.4,4,TAYSEER_DWH,2026-07-09 03:15:00
2026-04-01,Jazan,Labour & HR Services,Mobile App,23278,9139,48.4,6.4,4.91,4.11,98.1,12,TAYSEER_DWH,2026-07-09 03:15:00
2025-10-01,Riyadh,Justice & Notary,Branch,35557,30318,63.2,43.3,58.33,3.49,92.4,38,TAYSEER_DWH,2026-07-09 03:15:00
2026-06-01,Najran,Identity & Civil Affairs,Branch,10253,8841,51.7,30.8,51.79,3.66,89.0,8,TAYSEER_DWH,2026-07-09 03:15:00
2025-07-01,Makkah,Municipal Services,Mobile App,136769,52565,120.1,7.0,4.24,4.18,98.8,94,CHANNEL_API,2026-07-09 03:15:00
2025-08-01,Al-Jouf,Education & Training,Branch,6473,5487,62.0,20.6,41.67,3.68,90.4,5,TAYSEER_DWH,2026-07-09 03:15:00
2025-12-01,Al-Jouf,Municipal Services,WEB,3771,2001,62.9,11.2,7.28,4.07,98.9,2,TAYSEER_DWH,2026-07-09 03:15:00
2025-08-01,Medina,Health Services,Branch,25040,20204,61.2,24.1,51.96,3.94,85.8,23,TAYSEER_DWH,2026-07-09 03:15:00
2025-10-01,Qassim,Traffic & Transport,Web Portal,14960,8146,65.0,7.8,5.69,3.88,99.5,11,REGIONAL_UPLOAD,2026-07-09 03:15:00
Jul-2025,Tabuk,Traffic & Transport,Branch,10279,7755,62.9,25.8,44.34,3.18,,13,TAYSEER_DWH,2026-07-09 03:15:00
01-01-2026,Northern Borders,Municipal Services,Web Portal,2558,1319,62.1,10.6,7.87,4.16,97.0,2,REGIONAL_UPLOAD,2026-07-09 03:15:00
2026-03-01,Ha'il,Business & Licensing,Web Portal,4105,2146,61.7,15.7,8.11,4.11,96.9,2,TAYSEER_DWH,2026-07-09 03:15:00
2026-05-01,Al-Baha,Municipal Services,Mobile App,7704,2979,54.4,7.2,4.5,4.22,96.6,4,TAYSEER_DWH,2026-07-09 03:15:00
2026-01-01,Northern Borders,Labour & HR Services,Web Portal,2331,1200,61.4,9.9,7.28,4.31,97.8,1,REGIONAL_UPLOAD,2026-07-09 03:15:00
2026-01-01,Qassim,Justice & Notary,Branch,6614,5306,62.9%,45.8,67.05,3.26,89.4,9,TAYSEER_DWH,2026-07-09 03:15:00
2026-04-01,Al-Baha,Labour & HR Services,Web Portal,2608,1386,57.3%,9.6,7.27,4.13,98.4,2,TAYSEER_DWH,2026-07-09 03:15:00
2026-02-01,jazan ,Health Services,Mobile App,31081,12539,51.9,6.2,5.66,4.42,96.2,9,TAYSEER_DWH,2026-07-09 03:15:00
2025-12-01,Jazan,Social Support & Subsidies,Call Center,11315,7582,49.1,19.6,26.88,3.53,n/a,16,TAYSEER_DWH,2026-07-09 03:15:00
01/07/2025,Hail,Justice & Notary,Call Center,2429,1567,58.4,33.7,26.74,3.72,91.1,2,TAYSEER_DWH,2026-07-09 03:15:00
2026-02-01,Hail,Business & Licensing,Mobile App,8566,3406,62.5,10.2,5.05,4.5,97.3,3,TAYSEER_DWH,2026-07-09 03:15:00
2026-06-01,Asir,Municipal Services,Branch,18805,15210,61.7,33.1,58.7,,90.3,28,TAYSEER_DWH,2026-07-09 03:15:00
2025-11-01,Riyadh,Municipal Services,Mobile App,"168,141",61893,64.8,7.2,4.14,4.54,99.5,52,TAYSEER_DWH,2026-07-09 03:15:00
2026-02-01,Madinah,Education & Training,Mobile App,39214,15342,65.1,5.7,3.74,4.79,98.5,3,TAYSEER_DWH,2026-07-09 03:15:00
2025-08-01,Hail,Social Support & Subsidies,Call Center,3177,2014,61.4,18.8,22.06,3.94,91.1,4,REGIONAL_UPLOAD,2026-07-09 05:40:00
2025-12-01,Najran,Education & Training,Branch,5951,4947,55.7,26.2,43.32,3.7,94.1,6,TAYSEER_DWH,2026-07-09 03:15:00
2026-06-01,Hail,Justice & Notary,Call Center,2853,1886,60.1,30.1,27.56,3.71,91.2,3,TAYSEER_DWH,2026-07-09 03:15:00
2026-06-01,Tabuk,Justice & Notary,Branch,4020,3281,64.3,53.2,71.47,3.23,90.6,5,TAYSEER_DWH,2026-07-09 03:15:00
2025/11/01,madinah,Traffic & Transport,Call Center,17385,11062,61.3,18.8,19.11,3.91,90.6,12,TAYSEER_DWH,2026-07-09 03:15:00
2025/10/01,Riyadh,Municipal Services,Branch,72821,60748,64.9,28.7,46.92,3.55,91.0,69,TAYSEER_DWH,2026-07-09 03:15:00
2026-05-01,Asir,Health Services,Call Center,"22,593",14431,60.0,15.4,26.32,3.86,92.5,16,REGIONAL_UPLOAD,2026-07-09 03:15:00
2026-03-01,Riyadh,Justice & Notary,Mobile App,86040,31937,64.1,9.7,5.04,4.45,98.0,31,TAYSEER_DWH,2026-07-09 03:15:00
2025-12-01,Asir,Municipal Services,Web Portal,16366,7911,61.1,11.7,7.55,4.06,99.2,12,REGIONAL_UPLOAD,2026-07-09 03:15:00
2025/09/01,Al-Jouf,Traffic & Transport,Call Center,4053,2582,63.9,14.8,20.34,3.67,94.1,4,REGIONAL_UPLOAD,2026-07-09 03:15:00
2026-06-01,Riyadh,Social Support & Subsidies,Mobile App,125946,48781,67.7,7.0,3.88,4.73,n/a,14,TAYSEER_DWH,2026-07-09 03:15:00
Dec-2025,Makkah,Traffic & Transport,Call Center,82421,52363,62.2,15.8,18.62,3.56,87.0,76,CHANNEL_API,2026-07-09 03:15:00
2025-09-01,Riyadh,Labour & HR Services,Mobile App,136777,51734,68.7,5.9,4.0,4.58,97.9,31,TAYSEER_DWH,2026-07-09 03:15:00
2026-03-01,Hail,Social Support & Subsidies,Call Center,3447,2218,62.7,20.3,23.26,3.94,93.9,3,TAYSEER_DWH,2026-07-09 03:15:00
2025-12-01,Eastern Province,Municipal Services,Web Portal,38564,18634,67.5,9.5,6.83,4.3,99.1,15,CHANNEL_API,2026-07-09 03:15:00
2025-07-01,Hail,Education & Training,Call Center,4087,2546,65.8,15.7,20.1,3.94,,4,TAYSEER_DWH,2026-07-09 03:15:00
Apr-2026,Al-Jouf,Health Services,Call Center,4615,2871,62.8,18.4,22.83,3.97,90.8,5,TAYSEER_DWH,2026-07-09 03:15:00
2026-02-01,منطقة المدينة المنورة,Labour & HR Services,Mobile App,32418,12553,61.9,7.0,3.93,4.72,99.0,3,TAYSEER_DWH,2026-07-09 03:15:00
2026-04-01,Asir,Health Services,Branch,26786,22111,60.1,27.6,60.31,3.6,90.5,28,TAYSEER_DWH,2026-07-09 03:15:00
2025-12-01,Al-Baha,Traffic & Transport,Mobile App,11771,4599,56.1,5.6,3.98,4.36,99.5,4,TAYSEER_DWH,2026-07-09 03:15:00
2026-02-01,Al-Jouf,Labour & HR Services,branch,2856,2430,61.5%,29.0,52.77,3.59,86.7,3,REGIONAL_UPLOAD,2026-07-09 03:15:00
2026-03-01,Eastern Province,Labour & HR Services,Branch,35767,29608,66.4,28.0,46.78,3.76,93.4,31,TAYSEER_DWH,2026-07-09 03:15:00
Jan-2026,Eastern Province,Business & Licensing,Web Portal,31537,16166,65.5,15.0,7.62,4.09,99.0,22,TAYSEER_DWH,2026-07-09 03:15:00
2026-03-01,Hail,Business & Licensing,Mobile App,10563,4176,61.7,10.8,4.85,4.36,96.2,3,REGIONAL_UPLOAD,2026-07-09 03:15:00
2025-10-01,Northern Borders,Social Support & Subsidies,Branch,2617,2259,59.4,35.8,62.56,3.68,87.5,3,TAYSEER_DWH,2026-07-09 03:15:00
2026-03-01,Northern Borders,Identity & Civil Affairs,Branch,4934,4210,62.5,28.2,56.57,3.82,86.8,3,CHANNEL_API,2026-07-09 03:15:00
2026/01/01,Jizan,Social Support & Subsidies,Web Portal,6935,3489,48.8,11.3,,4.04,96.7,4,TAYSEER_DWH,2026-07-09 03:15:00
2026-03-01,Madinah,Justice & Notary,Web Portal,7987,4188,59.3,15.4,8.35,4.3,98.0,4,REGIONAL_UPLOAD,2026-07-09 03:15:00
2026-06-01,Makkah,Health Services,Branch,84427,70924,64.0,24.6,51.53,3.66,92.5,122,TAYSEER_DWH,2026-07-09 03:15:00
2026-04-01,Eastern Province,Labour & HR Services,Call Center,30297,19834,66.8,16.9,17.93,3.91,92.1,24,REGIONAL_UPLOAD,2026-07-09 03:15:00
2026-03-01,Qassim,Municipal Services,Call Center,"9,149",5797,63.3,19.6,23.29,3.54,91.4,10,TAYSEER_DWH,2026-07-09 03:15:00
2025-12-01,Hail,Health Services,Call Center,6692,4200,65.1,17.3,21.7,4.07,89.4,4,TAYSEER_DWH,2026-07-09 03:15:00
2025-12-01,Tabuk,Labour & HR Services,Branch,6501,5228,66.3,30.7,-15.46,3.26,89.7,8,TAYSEER_DWH,2026-07-09 03:15:00
2025-09-01,Eastern Province,Business & Licensing,Web Portal,30673,15617,65.0,14.4,7.82,4.01,98.2,15,CHANNEL_API,2026-07-09 03:15:00
2026-06-01,Tabuk,Traffic & Transport,Mobile App,24481,9562,64.8,5.7,4.24,4.2,97.6,14,TAYSEER_DWH,2026-07-09 03:15:00
2026-03-01,Makkah,Education & Training,Mobile App,162530,61288,63.9,5.0,3.67,4.43,95.4,77,TAYSEER_DWH,2026-07-09 03:15:00
2026-01-01,Tabuk,Health Services,MOBILE_APP,27012,10445,63.7,6.4,4.37,4.48,98.8,9,REGIONAL_UPLOAD,2026-07-09 03:15:00
2025-07-01,Al-Jouf,Labour & HR Services,Web Portal,3420,1640,59.8,10.2,6.84,4.22,99.3,2,TAYSEER_DWH,2026-07-09 03:15:00
2026-01-01,makkah al-mukarramah,Identity & Civil Affairs,Web Portal,95176,49481,66.2,10.1,6.27,4.2,98.2,67,TAYSEER_DWH,2026-07-09 03:15:00
2026-02-01,NAJRAN,Social Support & Subsidies,Web Portal,2310,NA,52.0,12.1,6.59,4.14,98.6,2,REGIONAL_UPLOAD,2026-07-09 03:15:00
2025-10-01,Jazan,Identity & Civil Affairs,Call Center,"19,507",12066,48.7,19.8,27.41,3.71,89.0,21,TAYSEER_DWH,2026-07-09 03:15:00
2026-05-01,Riyadh,Social Support & Subsidies,Web Portal,45957,23658,67.7,9.5,6.23,4.42,96.4,18,TAYSEER_DWH,2026-07-09 03:15:00
2025-12-01,Al-Jouf,Traffic & Transport,Mobile App,16074,5942,64.7,5.9,3.78,4.43,?,6,TAYSEER_DWH,2026-07-09 03:15:00
2025-07-01,Qassim,Health Services,Mobile App,32449,12601,65.2,4.9,-24.62,null,98.1,14,CHANNEL_API,2026-07-09 03:15:00
2026-04-01,Al-Baha,Education & Training,Web Portal,3224,1665,56.5,8.2,6.18,4.25,98.8,2,TAYSEER_DWH,2026-07-09 03:15:00
2025-08-01,Jazan,Health Services,Mobile App,29391,10944,50.8,6.9,4.61,4.34,97.5,11,TAYSEER_DWH,2026-07-09 03:15:00
2025-11-01,Tabuk,Health Services,Mobile App,24905,9272,63.6,6.4,4.85,4.38,98.5,9,CHANNEL_API,2026-07-09 03:15:00
2026-06-01,Northern Borders,Business & Licensing,Mobile App,5940,2127,60.7%,10.3,5.76,4.41,98.7,2,REGIONAL_UPLOAD,2026-07-09 03:15:00
2025-10-01,Riyadh,Health Services,Branch,"74,765",62937,67.9,24.5,49.49,3.94,88.2,51,TAYSEER_DWH,2026-07-09 03:15:00
2025-11-01,Al-Baha,Identity & Civil Affairs,Branch,6800,5467,55.8,31.2,51.67,3.59,90.2,8,TAYSEER_DWH,2026-07-09 03:15:00
2026-01-01,منطقة الرياض,Identity & Civil Affairs,Mobile App,241956,90385,67.0,5.6,3.91,4.6,99.0,41,REGIONAL_UPLOAD,2026-07-09 03:15:00
05-01-2026,Asir,Education & Training,Mobile App,40780,15280,62.1,4.6,4.03,4.64,97.3,7,REGIONAL_UPLOAD,2026-07-09 03:15:00
2025-08-01,Al-Baha,Education & Training,Web Portal,4734,2416,55.7,7.4,,4.29,97.0,3,TAYSEER_DWH,2026-07-09 03:15:00
2026/02/01,Al-Baha,Labour & HR Services,Mobile App,5761,2129,56.9,6.6,4.32,4.42,96.6,2,TAYSEER_DWH,2026-07-09 03:15:00
01/10/2025,Najran,Traffic & Transport,Branch,8699,7044,54.3,25.8,47.11,3.48,89.6,11,TAYSEER_DWH,2026-07-09 03:15:00
2026-04-01,Qassim,Justice & Notary,Branch,6966,5938,62.7,47.1,62.25,-,87.2,11,TAYSEER_DWH,2026-07-09 03:15:00
2026-03-01,Al-Jouf,Social Support & Subsidies,Call Center,2558,1697,61.9,23.1,23.41,3.9,91.1,2,REGIONAL_UPLOAD,2026-07-09 03:15:00
2026-06-01,Asir,Municipal Services,Web Portal,14800,7277,61.7,11.3,7.68,4.01,99.0,11,TAYSEER_DWH,2026-07-09 03:15:00
2025-11-01,Al Qassim,Health Services,Call Center,11037,6665,66.0,14.1,21.36,3.92,91.7,8,TAYSEER_DWH,2026-07-09 03:15:00
2026-05-01,Najran,Justice & Notary,Branch,3783,3186,50.8,111.3,71.29,3.27,87.1,3,TAYSEER_DWH,2026-07-09 03:15:00
2026-05-01,Makkah,Social Support & Subsidies,Web Portal,54251,28836,60.7,10.3,6.53,4.1,99.5,40,TAYSEER_DWH,2026-07-09 03:15:00
2025-10-01,Asir,Business & Licensing,Call Center,12897,8777,59.7,28.0,29.02,3.58,91.5,16,TAYSEER_DWH,2026-07-09 03:15:00
2025/08/01,Eastern Province,Labour & HR Services,Call Center,24461,16130,65.5%,17.2,20.08,3.86,91.5,23,REGIONAL_UPLOAD,2026-07-09 03:15:00
2025-10-01,Jazan,Municipal Services,Mobile App,22540,-,48.9,8.5,5.2,4.15,96.1,12,REGIONAL_UPLOAD,2026-07-09 03:15:00
2026-05-01,Qassim,Education & Training,Mobile App,28033,10713,67.6,5.0,3.3,4.35,98.5,14,TAYSEER_DWH,2026-07-09 03:15:00
2025-10-01,Al-Jouf,Health Services,Mobile App,11531,4422,61.5,5.8,4.5,4.62,96.7,2,TAYSEER_DWH,2026-07-09 03:15:00
2026-02-01,Mecca,Business & Licensing,Mobile App,103258,41045,60.9,9.9,5.23,4.3,99.5,56,TAYSEER_DWH,2026-07-09 03:15:00
2026-05-01,Northern Borders,Municipal Services,Call Center,2473,1575,62.7,21.7,26.91,3.75,92.3,2,TAYSEER_DWH,2026-07-09 03:15:00
2026-05-01,Jazan,Identity & Civil Affairs,Web Portal,12340,6354,49.1,11.0,7.66,4.04,96.8,10,TAYSEER_DWH,2026-07-09 03:15:00
2026-05-01,Madinah,Labour & HR Services,Web Portal,17674,8548,62.1,9.8,6.37,4.48,99.5,7,TAYSEER_DWH,2026-07-09 03:15:00
01/11/2025,Hail,Social Support & Subsidies,Mobile App,9079,3622,61.9,7.2,4.41,N/A,98.7,1,TAYSEER_DWH,2026-07-09 03:15:00
2025-08-01,Tabuk,Labour & HR Services,Web Portal,6391,3243,65.8%,10.6,7.08,3.88,96.3,4,TAYSEER_DWH,2026-07-09 03:15:00
2025-12-01,Tabuk,Labour & HR Services,Web Portal,6727,3504,66.3,9.7,7.2,3.97,98.6,5,REGIONAL_UPLOAD,2026-07-09 05:40:00
2026-05-01,Tabuk,Health Services,Branch,10416,8932,64.6%,26.9,58.9,3.52,88.0,12,TAYSEER_DWH,2026-07-09 03:15:00
2025-10-01,Al-Baha,Traffic & Transport,Call Center,4797,3089,55.9,16.7,21.15,3.67,91.3,4,TAYSEER_DWH,2026-07-09 03:15:00
2026-04-01,منطقة حائل,Social Support & Subsidies,Branch,"4,368",3458,62.9,29.4,51.87,3.68,88.3,5,TAYSEER_DWH,2026-07-09 03:15:00
2025-10-01,Eastern Province,Traffic & Transport,Web Portal,57227,27865,67.6,7.3,5.68,4.4,?,21,TAYSEER_DWH,2026-07-09 03:15:00
01/01/2026,Al-Jouf,Business & Licensing,Call Center,2925,1897,61.6,24.8,29.06,3.64,91.9,3,TAYSEER_DWH,2026-07-09 03:15:00
2026-06-01,Hail,Education & Training,branch,5107,3970,67.1,21.9,44.75,3.74,90.3,4,TAYSEER_DWH,2026-07-09 03:15:00
01/09/2025,Madinah,Business & Licensing,Call Center,11458,7518,59.5,29.5,23.51,3.86,90.3,10,REGIONAL_UPLOAD,2026-07-09 03:15:00
12-01-2025,Madinah,Labour & HR Services,Call Center,12572,8113,61.4,21.4,20.07,3.92,89.1,11,TAYSEER_DWH,2026-07-09 03:15:00
2026-03-01,Northern Borders,Municipal Services,Branch,3176,2674,62.6,34.2,63.31,3.68,90.0,3,TAYSEER_DWH,2026-07-09 03:15:00
2025-10-01,Madinah,Justice & Notary,Call Center,8427,5402,59.2,30.9,27.4,3.86,91.2,6,TAYSEER_DWH,2026-07-09 03:15:00
2025-07-01,منطقة الرياض,Business & Licensing,Mobile App,"118,961",44692,63.2%,9.7,4.63,4.37,98.8,45,TAYSEER_DWH,2026-07-09 03:15:00
2026-01-01,Tabuk,Justice & Notary,Call Center,3530,2273,63.8,37.9,31.76,3.37,93.0,4,TAYSEER_DWH,2026-07-09 03:15:00
2026-03-01,Al-Jouf,Business & Licensing,Call Center,3059,1954,60.9,27.5,26.51,3.77,91.2,3,TAYSEER_DWH,2026-07-09 03:15:00
2026-06-01,Jazan,Labour & HR Services,Call Center,12936,8178,48.8,20.0,27.03,3.47,87.4,12,TAYSEER_DWH,2026-07-09 03:15:00
2026-03-01,Sharqiyah,Identity & Civil Affairs,Mobile App,154400,59600,65.9%,5.9,3.75,4.64,?,25,CHANNEL_API,2026-07-09 03:15:00
2026-01-01,Northern Borders,Education & Training,Call Center,2694,1646,62.8,13.2,21.05,4.06,88.7,2,TAYSEER_DWH,2026-07-09 03:15:00
2026-03-01,Northern Borders,Business & Licensing,Call Center,2270,1469,60.1,29.9,31.31,3.66,86.7,2,TAYSEER_DWH,2026-07-09 03:15:00
2026-01-01,Qassim,Business & Licensing,Web Portal,8440,4321,64.0,14.1,8.15,3.88,99.4,8,CHANNEL_API,2026-07-09 03:15:00
2026-06-01,Mecca,Justice & Notary,Call Center,33187,20552,60.6,29.6,29.58,,89.4,40,TAYSEER_DWH,2026-07-09 03:15:00
2026-06-01,منطقة الرياض,Identity & Civil Affairs,Web Portal,88997,45262,67.7,8.1,5.88,4.54,99.5,24,TAYSEER_DWH,2026-07-09 03:15:00
2025-11-01,Makkah,Social Support & Subsidies,Web Portal,43555,22658,59.7,10.3,6.74,4.21,99.5,28,TAYSEER_DWH,2026-07-09 03:15:00
2025-08-01,Qassim,Justice & Notary,Mobile App,12607,4955,61.1,9.8,4.97,4.01,97.0,8,TAYSEER_DWH,2026-07-09 03:15:00
2026-04-01,Tabuk,Business & Licensing,Branch,6492,5338,64.1,49.3,63.9,3.22,90.5,12,TAYSEER_DWH,2026-07-09 03:15:00
09-01-2025,Asir,Education & Training,Mobile App,59315,22595,61.6,4.9,3.8,4.52,96.6,14,TAYSEER_DWH,2026-07-09 03:15:00
2025-07-01,Riyadh,Education & Training,Mobile App,161659,62854,67.9,4.4,3.47,4.65,99.5,31,TAYSEER_DWH,2026-07-09 03:15:00
2026-01-01,Al-Jouf,Education & Training,Mobile App,9840,3644,63.8,4.3,3.57,4.65,99.5,1,REGIONAL_UPLOAD,2026-07-09 03:15:00
2026-04-01,Al-Baha,Municipal Services,Mobile App,7626,2850,54.1,6.8,4.54,4.42,97.9,2,CHANNEL_API,2026-07-09 03:15:00
2026-04-01,Al-Jouf,Social Support & Subsidies,Call Center,2387,1536,62.1,18.7,20.34,3.91,87.2,2,REGIONAL_UPLOAD,2026-07-09 03:15:00
2026-01-01,Northern Borders,Education & Training,Web Portal,2756,1372,62.8,8.0,6.67,4.43,99.0,1,TAYSEER_DWH,2026-07-09 03:15:00
2026-01-01,Asir,Identity & Civil Affairs,Mobile App,55898,21601,61.8,6.9,n/a,4.58,99.5,11,TAYSEER_DWH,2026-07-09 03:15:00
2025-09-01,Najran,Labour & HR Services,Branch,6862,5862,51.1,34.6,52.81,3.47,89.5,9,TAYSEER_DWH,2026-07-09 03:15:00
2025-08-01,Madinah,Municipal Services,Web Portal,15090,7623,58.7,13.9,7.12,null,99.5,5,TAYSEER_DWH,2026-07-09 03:15:00
2026-01-01,Jazan,Business & Licensing,Web Portal,7529,3790,47.8,16.7,10.75,3.81,98.5,8,REGIONAL_UPLOAD,2026-07-09 03:15:00
2026-06-01,Northern Borders,Education & Training,Web Portal,2429,1239,62.9,8.0,6.4,4.51,99.5,1,REGIONAL_UPLOAD,2026-07-09 03:15:00
2025-09-01,Hail,Identity & Civil Affairs,Branch,7775,6211,66.4,33.2,48.39,3.7,91.7,9,TAYSEER_DWH,2026-07-09 03:15:00
2025-10-01,Madinah,Education & Training,Mobile App,42315,16470,64.5,5.6,3.64,4.69,99.3,8,TAYSEER_DWH,2026-07-09 03:15:00
01/10/2025,Makkah,Identity & Civil Affairs,Branch,91762,73485,65.9,30.3,47.72,3.46,87.2,103,CHANNEL_API,2026-07-09 03:15:00
2026-05-01,Eastern Province,Traffic & Transport,Branch,46236,39681,68.1%,23.8,43.57,3.57,93.7,53,TAYSEER_DWH,2026-07-09 03:15:00
2026-02-01,Al-Jouf,Traffic & Transport,Web Portal,4266,2219,65.7,7.8,5.81,4.11,97.1,3,REGIONAL_UPLOAD,2026-07-09 03:15:00
2025-07-01,Eastern Province,Identity & Civil Affairs,Mobile App,112280,44601,64.6,6.5,3.87,4.59,98.8,26,TAYSEER_DWH,2026-07-09 03:15:00
04-01-2026,Al-Baha,Municipal Services,Web Portal,2739,1426,54.1,11.6,7.49,4.11,99.0,1,TAYSEER_DWH,2026-07-09 03:15:00
2026-05-01,Tabuk,Municipal Services,Web Portal,6944,3677,63.6,10.7,6.97,3.99,98.3,5,TAYSEER_DWH,2026-07-09 03:15:00
2025-11-01,Jazan,Labour & HR Services,Call Center,14590,9292,47.9,20.2,22.97,null,89.0,19,TAYSEER_DWH,2026-07-09 03:15:00
2026-01-01,Al Baha,Identity & Civil Affairs,Branch,7060,5847,55.7,32.8,51.56,3.58,91.1,9,TAYSEER_DWH,2026-07-09 03:15:00
2025-09-01,Riyadh,Justice & Notary,Web Portal,36229,18890,63.2,15.8,7.35,4.18,97.6,18,TAYSEER_DWH,2026-07-09 03:15:00
2026-05-01,Hail,Business & Licensing,Web Portal,3634,1866,62.3,14.5,8.83,4.09,99.5,2,TAYSEER_DWH,2026-07-09 03:15:00
2025-10-01,NAJRAN,Education & Training,Web Portal,4140,2146,55.1,9.2,6.3,4.33,97.8,2,TAYSEER_DWH,2026-07-09 03:15:00
Nov-2025,Tabuk,Business & Licensing,call center,"5,278",3714,63.0,27.8,27.64,3.46,89.3,6,TAYSEER_DWH,2026-07-09 03:15:00
2025-09-01,Jazan,Education & Training,Call Center,21006,13617,50.5,17.1,23.27,3.66,92.0,21,TAYSEER_DWH,2026-07-09 03:15:00
2025-09-01,Makkah,Labour & HR Services,Web Portal,56351,29398,60.7,8.7,6.61,4.13,99.5,38,TAYSEER_DWH,2026-07-09 03:15:00
2025/09/01,HAIL,Business & Licensing,Web Portal,4052,2075,60.3,14.3,8.84,4.06,99.5,3,REGIONAL_UPLOAD,2026-07-09 03:15:00
2026-01-01,Riyadh,Traffic & Transport,Call Center,60152,38293,68.0%,15.1,18.49,3.86,90.0,46,REGIONAL_UPLOAD,2026-07-09 03:15:00
2026-04-01,Tabuk,Identity & Civil Affairs,Call Center,"8,965",5798,64.5,20.1,22.39,3.68,92.9,8,TAYSEER_DWH,2026-07-09 03:15:00
2026-01-01,Asir,Identity & Civil Affairs,Call Center,21310,13949,61.8,18.8,23.11,4.0,90.6,20,TAYSEER_DWH,2026-07-09 03:15:00
2026-04-01,Najran,Education & Training,Call Center,5168,3280,55.2,14.2,18.11,3.88,92.0,4,TAYSEER_DWH,2026-07-09 03:15:00
2025-08-01,Riyadh,Education & Training,Web Portal,107686,52475,68.4,7.2,5.17,4.43,97.5,39,TAYSEER_DWH,2026-07-09 03:15:00
2025-10-01,Makkah,Business & Licensing,Web Portal,54226,29040,60.0,16.7,8.51,4.02,99.5,40,TAYSEER_DWH,2026-07-09 03:15:00
2026-04-01,Northern Borders,Health Services,Mobile App,9642,3664,61.0,6.6,4.9,4.77,99.3,1,TAYSEER_DWH,2026-07-09 03:15:00
2025/11/01,Eastern Province,Labour & HR Services,Call Center,26743,17963,65.8,17.0,17.56,3.93,96.4,18,TAYSEER_DWH,2026-07-09 03:15:00
2026-03-01,Al-Baha,Municipal Services,Web Portal,"2,617",1385,54.2,12.9,7.46,4.06,99.4,1,TAYSEER_DWH,2026-07-09 03:15:00
2025-12-01,Al-Jouf,Justice & Notary,Branch,2747,2269,59.1%,53.0,63.52,3.47,88.4,4,TAYSEER_DWH,2026-07-09 03:15:00
2025-09-01,Tabuk,Health Services,Web Portal,10857,5571,63.3,9.2,6.76,4.12,?,8,TAYSEER_DWH,2026-07-09 03:15:00
2026/02/01,Asir,Labour & HR Services,Branch,12976,10718,59.0%,28.0,54.42,-,88.9,12,REGIONAL_UPLOAD,2026-07-09 03:15:00
2026-03-01,JAZAN,Health Services,Mobile App,35756,13617,51.4,6.1,4.82,4.44,98.7,18,REGIONAL_UPLOAD,2026-07-09 03:15:00
2026-06-01,QASSIM,Identity & Civil Affairs,web portal,14276,7179,67.5,8.8,5.71,4.13,97.7,11,REGIONAL_UPLOAD,2026-07-09 03:15:00
Jun-2026,Hail,Identity & Civil Affairs,Web Portal,7349,3630,68.0,10.7,7.05,4.45,97.6,3,TAYSEER_DWH,2026-07-09 03:15:00
2025-11-01,Eastern Province,Traffic & Transport,Call Center,37126,24364,67.8,13.8,19.73,3.81,90.5,33,REGIONAL_UPLOAD,2026-07-09 03:15:00
01/05/2026,Hail,Municipal Services,Web  Portal,5105,2571,65.3,11.6,7.98,4.04,97.8,3,CHANNEL_API,2026-07-09 03:15:00
2025-11-01,Riyadh,Social Support & Subsidies,Mobile App,111948,40829,66.7,7.2,4.25,4.59,98.4,25,REGIONAL_UPLOAD,2026-07-09 03:15:00
2025-12-01,Asir,Health Services,Mobile App,54093,20733,59.5,6.7,4.45,4.51,99.5,13,TAYSEER_DWH,2026-07-09 03:15:00
2025-12-01,Al-Baha,Business & Licensing,Web Portal,2294,1135,118.2,15.3,8.93,3.99,98.6,1,REGIONAL_UPLOAD,2026-07-09 03:15:00
Sep-2025,Hail,Traffic & Transport,Web Portal,7161,NA,62.3,7.6,6.11,4.29,98.2,3,TAYSEER_DWH,2026-07-09 03:15:00
2025-09-01,Asir,Labour & HR Services,Web Portal,15274,7898,59.0,9.5,7.32,4.19,97.8,8,TAYSEER_DWH,2026-07-09 03:15:00
2026-01-01,Riyadh,Identity & Civil Affairs,Web Portal,97419,50572,67.0,8.6,5.24,4.69,99.5,14,REGIONAL_UPLOAD,2026-07-09 05:40:00
2026-01-01,Riyadh,Justice & Notary,Branch,37954,31804,64.4,36.3,56.37,3.55,90.5,49,TAYSEER_DWH,2026-07-09 03:15:00
2025-09-01,Asir,Justice & Notary,Call Center,9029,5675,55.5,33.1,31.86,3.53,90.7,13,TAYSEER_DWH,2026-07-09 03:15:00
2026-01-01,Eastern Province,Identity & Civil Affairs,Web Portal,58775,32093,65.8,9.2,5.79,4.5,95.9,20,TAYSEER_DWH,2026-07-09 03:15:00
09-01-2025,Northern Borders,Social Support & Subsidies,Call Center,2013,1282,59.4,21.7,23.01,4.11,90.7,1,REGIONAL_UPLOAD,2026-07-09 03:15:00
2026-05-01,Najran,Business & Licensing,Branch,5224,4453,52.3,134.6,62.49,3.32,82.1,6,TAYSEER_DWH,2026-07-09 03:15:00
2026-03-01,Najran,Labour & HR Services,Mobile App,8274,3172,51.5,7.8,4.52,4.32,99.5,3,TAYSEER_DWH,2026-07-09 03:15:00
2026-04-01,Madinah,Municipal Services,Call Center,"15,854",10349,60.9,22.4,24.2,3.98,89.0,13,TAYSEER_DWH,2026-07-09 03:15:00
2025-11-01,Eastern Province,Municipal Services,Branch,36993,29994,67.7,31.6,52.69,3.57,87.6,47,TAYSEER_DWH,2026-07-09 03:15:00
2025-10-01,Madinah,Health Services,Call Center,18430,12028,61.8,17.8,21.71,4.12,91.6,11,TAYSEER_DWH,2026-07-09 03:15:00
2025-11-01,Madinah,Social Support & Subsidies,Call Center,10872,7116,60.0%,19.9,21.56,3.95,93.5,8,TAYSEER_DWH,2026-07-09 03:15:00
2025-07-01,TABUK ,Social Support & Subsidies,Mobile App,12542,4592,62.5,7.9,4.57,4.31,98.4,5,TAYSEER_DWH,2026-07-09 03:15:00
2025-11-01,Makkah,Health Services,Call Center,"78,912",51066,62.6,16.9,21.84,3.76,88.7,79,TAYSEER_DWH,2026-07-09 03:15:00
2025-07-01,Makkah,Traffic & Transport,Web Portal,78763,40071,60.9,8.2,6.15,3.97,99.5,55,REGIONAL_UPLOAD,2026-07-09 03:15:00
2025-09-01,Asir,Identity & Civil Affairs,Branch,29122,21804,61.7,33.7,50.4,3.51,90.4,37,TAYSEER_DWH,2026-07-09 03:15:00
2025-11-01,Qassim,Social Support & Subsidies,Web Portal,8073,3910,64.6,11.1,6.56,4.15,97.2,5,TAYSEER_DWH,2026-07-09 03:15:00
2026-03-01,Eastern Province,Social Support & Subsidies,Mobile App,68814,26113,65.4,6.8,4.09,4.55,93.6,16,TAYSEER_DWH,2026-07-09 03:15:00
12-01-2025,Asir,Traffic & Transport,Call Center,"22,428",14801,60.0,15.1,22.85,3.71,92.4,22,TAYSEER_DWH,2026-07-09 03:15:00
2025-12-01,Makkah,Health Services,Call Center,83992,57647,62.5,17.6,22.72,3.85,89.0,79,TAYSEER_DWH,2026-07-09 03:15:00
2026-04-01,Madinah,Labour & HR Services,Branch,17912,14894,62.2,31.7,51.55,3.69,88.8,13,REGIONAL_UPLOAD,2026-07-09 03:15:00
2025-10-01,Qassim,Municipal Services,Branch,"12,280",10025,62.5,34.7,49.81,3.31,91.0,16,REGIONAL_UPLOAD,2026-07-09 03:15:00
2026-02-01,Riyadh,Municipal Services,Call Center,38678,25162,65.4,17.8,21.6,3.84,91.6,44,CHANNEL_API,2026-07-09 03:15:00
01/06/2026,Eastern Province,Identity & Civil Affairs,Web Portal,50186,27290,66.1,8.4,5.64,4.46,99.5,17,REGIONAL_UPLOAD,2026-07-09 03:15:00
2026-02-01,Tabuk,Social Support & Subsidies,Call Center,4171,2573,63.5%,21.2,25.41,3.6,87.9,4,TAYSEER_DWH,2026-07-09 03:15:00
2026-01-01,Asir,Education & Training,Branch,18344,14356,62.2,23.6,53.21,3.48,91.0,21,REGIONAL_UPLOAD,2026-07-09 03:15:00
2026-01-01,Eastern Province,Social Support & Subsidies,Call Center,22853,15029,65.5,20.1,20.48,3.99,90.1,19,TAYSEER_DWH,2026-07-09 03:15:00
2026-03-01,Qassim,Traffic & Transport,Call Center,11140,7014,66.7,15.0,20.44,3.56,89.4,14,TAYSEER_DWH,2026-07-09 03:15:00
2026-01-01,Riyadh,Business & Licensing,Web Portal,46414,23738,64.1,14.2,7.46,4.28,99.5,22,TAYSEER_DWH,2026-07-09 03:15:00
2026-04-01,Tabuk,Labour & HR Services,Mobile App,16710,6153,66.8,7.0,4.4,4.38,n/a,8,TAYSEER_DWH,2026-07-09 03:15:00
2026-01-01,Al-Baha,Municipal Services,Branch,4994,3892,53.5,36.6,56.61,3.48,88.1,4,CHANNEL_API,2026-07-09 03:15:00
2026-04-01,Madinah,Health Services,Branch,25611,20412,62.7,24.7,50.62,3.84,90.1,12,TAYSEER_DWH,2026-07-09 03:15:00
2026-01-01,Northern Borders,Identity & Civil Affairs,Call Center,3603,2237,62.5%,19.0,24.51,4.09,92.5,3,REGIONAL_UPLOAD,2026-07-09 03:15:00
2025-11-01,Al-Baha,Health Services,Mobile App,10473,4258,56.3,6.3,4.53,4.66,99.5,2,REGIONAL_UPLOAD,2026-07-09 03:15:00
2026-05-01,Northern Borders,Business & Licensing,Web Portal,2107,1059,60.4,17.5,8.74,4.14,98.2,1,TAYSEER_DWH,2026-07-09 03:15:00
2026-01-01,Madinah,Education & Training,Call Center,13899,9457,64.5,13.5,19.0,4.15,87.4,9,TAYSEER_DWH,2026-07-09 03:15:00
2025-12-01,Riyadh,Identity & Civil Affairs,Web Portal,"94,130",49983,67.3,9.1,5.96,4.47,98.6,21,TAYSEER_DWH,2026-07-09 03:15:00
2026-02-01,Al-Jouf,Municipal Services,Branch,3117,2576,62.8,30.0,56.21,3.63,90.3,4,TAYSEER_DWH,2026-07-09 03:15:00
2026/06/01,Najran,Identity & Civil Affairs,Call Center,7826,5079,51.7,20.1,20.4,,92.3,9,REGIONAL_UPLOAD,2026-07-09 03:15:00
2025-08-01,Riyadh,Identity & Civil Affairs,Call Center,"62,128",,66.5,17.7,20.36,3.98,89.1,42,TAYSEER_DWH,2026-07-09 03:15:00
2025-09-01,Tabuk,Justice & Notary,Branch,4529,3648,62.9,56.9,65.29,3.2,90.0,5,TAYSEER_DWH,2026-07-09 03:15:00
08-01-2025,Qassim,Business & Licensing,Branch,9539,7906,63.9,40.3,55.9,3.09,88.2,14,REGIONAL_UPLOAD,2026-07-09 03:15:00
2025-09-01,Northern Borders,Traffic & Transport,Web Portal,3457,1772,61.1,8.2,7.01,4.26,96.0,1,REGIONAL_UPLOAD,2026-07-09 05:40:00
2026-06-01,Hail,Social Support & Subsidies,Call Center,3458,2171,63.1,16.7,21.53,4.04,89.3,3,TAYSEER_DWH,2026-07-09 03:15:00
2026-02-01,Al-Baha,Justice & Notary,Branch,2061,1762,51.4%,95.9,69.06,3.24,85.0,3,TAYSEER_DWH,2026-07-09 03:15:00
2025-10-01,Eastern Province,Municipal Services,Branch,42465,36571,66.6,33.8,51.24,3.52,90.4,45,TAYSEER_DWH,2026-07-09 03:15:00
07-01-2025,Al-Jouf,Health Services,Call Center,4527,2990,60.6,16.6,21.86,3.92,89.5,3,TAYSEER_DWH,2026-07-09 03:15:00
2026-02-01,Jazan,Education & Training,Branch,13376,10856,50.9,24.4,52.49,3.52,92.6,15,TAYSEER_DWH,2026-07-09 03:15:00
01/06/2026,Al-Jouf,Social Support & Subsidies,Web Portal,"2,616",1313,62.3,8.3,6.89,4.3,98.6,1,TAYSEER_DWH,2026-07-09 03:15:00
2025-07-01,Riyadh,Education & Training,Web Portal,70212,36150,67.9,7.5,5.24,4.6,96.2,17,TAYSEER_DWH,2026-07-09 03:15:00
2025-12-01,منطقة الباحة,Social Support & Subsidies,Branch,3628,2927,53.4,34.7,50.03,3.6,89.7,4,TAYSEER_DWH,2026-07-09 03:15:00
2025-07-01,Asir,Municipal Services,Web Portal,15009,7760,60.7,11.3,8.35,4.08,98.3,10,REGIONAL_UPLOAD,2026-07-09 03:15:00
2026-01-01,Al-Jouf,Social Support & Subsidies,Web Portal,2622,1359,61.6,9.6,7.21,4.31,99.5,1,REGIONAL_UPLOAD,2026-07-09 03:15:00
2026/05/01,Riyadh,Municipal Services,Call Center,47116,30984,66.3,19.4,22.98,3.9,89.4,37,TAYSEER_DWH,2026-07-09 03:15:00
2025-12-01,Al-Jouf,Business & Licensing,Mobile App,"7,832",3010,60.5,9.3,4.93,4.31,96.5,4,TAYSEER_DWH,2026-07-09 03:15:00
2026-04-01,Makkah,Traffic & Transport,Branch,"94,725",77963,62.9,22.9,46.16,3.39,88.6,129,TAYSEER_DWH,2026-07-09 03:15:00
Jul-2025,Jazan,Education & Training,Call Center,"13,996",9077,50.4,14.6,n/a,3.71,91.9,11,TAYSEER_DWH,2026-07-09 03:15:00
2026-02-01,Qassim,Social Support & Subsidies,Call Center,5776,3803,65.1,20.1,22.13,3.76,89.4,5,TAYSEER_DWH,2026-07-09 03:15:00
2026-03-01,Eastern Province,Municipal Services,Mobile App ,109369,41191,68.0,7.2,4.15,4.62,99.4,19,REGIONAL_UPLOAD,2026-07-09 03:15:00
2025/08/01,Hail,Health Services,Web Portal,7013,3538,63.8,9.1,7.54,4.44,96.0,3,TAYSEER_DWH,2026-07-09 03:15:00
2025-10-01,Najran,Traffic & Transport,Call Center,6607,4304,54.3,15.3,20.85,3.57,93.6,7,REGIONAL_UPLOAD,2026-07-09 03:15:00
2026-05-01,Northern Borders,Business & Licensing,Call Center,2446,1590,60.4,29.8,29.46,3.87,88.1,2,CHANNEL_API,2026-07-09 03:15:00
Nov-2025,منطقة المدينة المنورة,Identity & Civil Affairs,Mobile App,50354,18430,60.1,6.8,3.77,4.81,95.3,2,TAYSEER_DWH,2026-07-09 03:15:00
2025/08/01,Hail,Social Support & Subsidies,Web Portal,3619,1896,61.4,9.8,6.77,4.41,95.2,1,TAYSEER_DWH,2026-07-09 03:15:00
2026-02-01,Jazan,Municipal Services,Mobile App,20802,7840,49.3,8.0,5.03,4.14,99.2,12,REGIONAL_UPLOAD,2026-07-09 03:15:00
2025-11-01,Madinah,Social Support & Subsidies,Mobile App,26531,10172,60.0,7.1,4.26,4.65,96.6,4,TAYSEER_DWH,2026-07-09 03:15:00
2026-04-01,Hail,Health Services,Call Center,6547,4292,65.8,16.1,23.51,4.06,88.7,4,TAYSEER_DWH,2026-07-09 03:15:00
2026-01-01,Qassim,Justice & Notary,Mobile App,13132,5275,62.9,11.0,4.96,4.07,97.4,12,TAYSEER_DWH,2026-07-09 03:15:00
2026-06-01,Al-Jouf,Labour & HR Services,Web Portal,3134,1569,61.9,9.3,6.36,4.26,98.6,2,REGIONAL_UPLOAD,2026-07-09 05:40:00
2026-06-01,Tabuk,Health Services,Branch,10028,8223,65.0,25.2,54.41,3.53,89.3,10,TAYSEER_DWH,2026-07-09 03:15:00
2025-12-01,Northern Borders,Social Support & Subsidies,Call Center,2057,1373,59.6,19.7,24.95,3.92,89.0,1,REGIONAL_UPLOAD,2026-07-09 03:15:00
2026-02-01,Northern Borders,Labour & HR Services,Web Portal,2144,1163,61.3,9.6,7.44,4.39,96.7,1,TAYSEER_DWH,2026-07-09 03:15:00
2025/08/01,منطقة حائل,Identity & Civil Affairs,Web Portal,7721,3858,66.3,9.4,6.4,4.5,97.5,3,TAYSEER_DWH,2026-07-09 03:15:00
2025-12-01,منطقة عسير,Labour & HR Services,Call Center,14018,8701,58.9,19.6,23.7,3.75,88.2,15,TAYSEER_DWH,2026-07-09 03:15:00
2026/05/01,Qassim,Social Support & Subsidies,Call Center,6625,4366,65.7,18.2,20.73,3.65,86.1,7,REGIONAL_UPLOAD,2026-07-09 03:15:00
2025-11-01,Eastern Province,Municipal Services,Web Portal,42856,21675,67.7,9.5,6.99,4.18,99.4,29,CHANNEL_API,2026-07-09 03:15:00
2026-03-01,Riyadh,Justice & Notary,Web Portal,36163,19054,64.1,16.0,7.89,4.18,99.5,19,REGIONAL_UPLOAD,2026-07-09 05:40:00
2025-10-01,Hail,Health Services,Mobile App,17729,6893,64.7,5.9,n/a,4.66,95.0,3,REGIONAL_UPLOAD,2026-07-09 03:15:00
2026-03-01,asir,Health Services,Mobile App,48661,18497,60.4,5.7,4.72,4.44,95.9,22,TAYSEER_DWH,2026-07-09 03:15:00
2026-05-01,Hail,Traffic & Transport,Branch,7215,5792,63.7,26.1,46.33,3.56,90.8,9,TAYSEER_DWH,2026-07-09 03:15:00
2026-04-01,Eastern Province,Identity & Civil Affairs,Branch,56506,47860,65.5,26.2,48.33,3.84,90.1,39,TAYSEER_DWH,2026-07-09 03:15:00
2025-08-01,Eastern Province,Social Support & Subsidies,Web Portal,28020,14446,64.5,10.2,,4.33,98.1,13,TAYSEER_DWH,2026-07-09 03:15:00
2026-03-01,Jazan,Labour & HR Services,Web Portal,7313,3765,47.8,10.2,7.92,3.94,97.7,5,TAYSEER_DWH,2026-07-09 03:15:00
2026-02-01,Tabuk,Traffic & Transport,Mobile App,20145,7481,64.6,5.5,4.15,4.16,98.0,13,REGIONAL_UPLOAD,2026-07-09 05:40:00
2026-04-01,Madinah,Justice & Notary,Call Center,8542,5471,59.7,35.9,26.53,3.75,92.5,5,REGIONAL_UPLOAD,2026-07-09 03:15:00
2025-09-01,Aseer,Municipal Services,Web Portal,16600,8619,61.4,11.4,8.0,4.06,96.7,9,TAYSEER_DWH,2026-07-09 03:15:00
2026-02-01,Eastern Province,Labour & HR Services,Web Portal,30618,15295,66.9,8.3,6.67,4.42,99.3,12,TAYSEER_DWH,2026-07-09 03:15:00
2025-12-01,Asir,Business & Licensing,Web Portal,11594,6052,59.3,16.4,8.69,4.02,97.8,11,TAYSEER_DWH,2026-07-09 03:15:00
2025-11-01,Madinah,Business & Licensing,Web Portal,13792,6706,60.1,16.0,8.01,4.33,98.0,7,TAYSEER_DWH,2026-07-09 03:15:00
2026-04-01,Najran,Identity & Civil Affairs,Web Portal,4930,2425,52.0%,9.4,-27.45,4.21,97.9,2,TAYSEER_DWH,2026-07-09 03:15:00
2026-06-01,Eastern Province,Traffic & Transport,Branch,45774,37430,69.2,23.4,41.66,3.6,90.4,67,REGIONAL_UPLOAD,2026-07-09 03:15:00
2026-01-01,AL-JOUF,Social Support & Subsidies,Call Center,2780,1778,61.6,18.2,22.91,3.96,90.8,3,REGIONAL_UPLOAD,2026-07-09 05:40:00
2025-08-01,Makkah,Social Support & Subsidies,Mobile App,96599,35982,59.6,7.0,4.86,4.23,98.9,62,TAYSEER_DWH,2026-07-09 03:15:00
2025-08-01,Al Baha,Social Support & Subsidies,Web Portal,"1,933",973,53.4,11.3,7.37,4.2,98.4,1,TAYSEER_DWH,2026-07-09 03:15:00
2025-09-01,Al-Baha,Education & Training,Mobile App,11628,4579,55.9%,5.4,3.84,4.51,97.9,3,REGIONAL_UPLOAD,2026-07-09 03:15:00
2026-04-01,Asir,Social Support & Subsidies,Web Portal,8818,4337,56.7,10.7,7.73,4.27,99.5,4,TAYSEER_DWH,2026-07-09 03:15:00
2025-09-01,Tabuk,Labour & HR Services,Mobile App,16051,6305,66.3,7.2,4.41,4.17,96.6,7,TAYSEER_DWH,2026-07-09 03:15:00
2026-05-01,Al-Jouf,Municipal Services,Branch,4389,3575,62.7,32.9,57.29,3.52,90.0,6,CHANNEL_API,2026-07-09 03:15:00
2025-12-01,Al-Baha,Business & Licensing,Call Center,3216,1988,53.0,32.6,29.76,3.64,88.5,3,CHANNEL_API,2026-07-09 03:15:00
2025-07-01,Eastern Province,Identity & Civil Affairs,Call Center,43540,26932,64.6,18.5,19.87,-,88.8,30,TAYSEER_DWH,2026-07-09 03:15:00
2025-11-01,Al-Jouf,Identity & Civil Affairs,Web Portal,5638,3009,63.4,9.6,6.69,4.34,99.5,3,CHANNEL_API,2026-07-09 03:15:00
2026-04-01,Riyadh,Business & Licensing,Branch,56573,46259,64.9,40.7,56.37,-,90.4,45,REGIONAL_UPLOAD,2026-07-09 03:15:00
01/05/2026,Tabuk,Business & Licensing,Call Center,4928,3144,64.7,30.0,29.12,3.49,90.6,6,TAYSEER_DWH,2026-07-09 03:15:00
2025-08-01,Qassim,Social Support & Subsidies,Call Center,5841,3860,63.9,19.7,22.7,3.56,92.9,6,TAYSEER_DWH,2026-07-09 03:15:00
2025-12-01,Riyadh ,Social Support & Subsidies,Branch,46563,37907,67.0,30.4,47.7,3.77,88.9,49,TAYSEER_DWH,2026-07-09 03:15:00
2025-11-01,Al-Jouf,Traffic & Transport,Web Portal,5274,2617,64.0,8.8,6.6,4.1,97.3,2,TAYSEER_DWH,2026-07-09 03:15:00
2025-11-01,Northern Borders,Education & Training,Mobile App,6778,2536,62.8,5.5,4.28,4.7,98.5,1,TAYSEER_DWH,2026-07-09 03:15:00
2025-09-01,Northern Borders,Business & Licensing,Call Center,2016,1319,60.1,30.8,29.74,3.87,95.5,2,TAYSEER_DWH,2026-07-09 03:15:00
2025-07-01,Al-Baha,Traffic & Transport,Mobile App,8344,3270,56.1,5.7,4.14,4.47,99.5,2,TAYSEER_DWH,2026-07-09 03:15:00
2026-01-01,Tabuk,Municipal Services,Branch,7984,6443,63.8,34.3,57.44,3.05,91.2,13,REGIONAL_UPLOAD,2026-07-09 03:15:00
2026-05-01,Northern Borders,Education & Training,Call Center,2511,1632,63.3,13.3,22.13,4.14,94.0,1,TAYSEER_DWH,2026-07-09 03:15:00
2025-09-01,Al-Baha,Health Services,Mobile App,10129,3909,56.8,6.2,4.57,4.54,97.4,2,TAYSEER_DWH,2026-07-09 03:15:00
2025-08-01,Najran,Social Support & Subsidies,Call Center,3470,2237,52.0,22.2,23.02,3.66,90.0,3,TAYSEER_DWH,2026-07-09 03:15:00
2026-03-01,HAIL,Education & Training,Branch,5423,4276,67.8,23.1,45.87,3.72,89.9,5,TAYSEER_DWH,2026-07-09 03:15:00
2026-03-01,Asir,Justice & Notary,Call Center,10200,6493,55.8,31.0,28.08,3.56,90.6,16,TAYSEER_DWH,2026-07-09 03:15:00
2025-07-01,Aljouf,Municipal Services,Call Center,3267,1986,61.7,22.9,23.73,3.72,91.7,2,TAYSEER_DWH,2026-07-09 03:15:00
2026-05-01,Eastern Province,Traffic & Transport,Call Center,36396,24117,68.1,15.0,20.96,4.02,91.9,24,TAYSEER_DWH,2026-07-09 03:15:00
2025-10-01,tabuk,Health Services,Call Center,8424,5423,63.6,17.2,25.06,3.79,89.3,8,REGIONAL_UPLOAD,2026-07-09 03:15:00
09-01-2025,Makkah,Social Support & Subsidies,Branch,63011,52308,60.1,32.4,49.97,3.44,90.0,70,REGIONAL_UPLOAD,2026-07-09 03:15:00
2026-04-01,Hail,Traffic & Transport,Web Portal,6356,3285,63.6,7.2,-9.62,4.2,99.5,3,REGIONAL_UPLOAD,2026-07-09 03:15:00
2026-06-01,Al-Jouf,Justice & Notary,Mobile App,5167,1992,60.1,9.8,5.32,,99.5,2,TAYSEER_DWH,2026-07-09 03:15:00
2026-02-01,Qassim,Labour & HR Services,Mobile App,20994,8125,64.0,6.3,3.99,4.36,98.8,9,TAYSEER_DWH,2026-07-09 03:15:00
2026-04-01,Al-Jouf,Social Support & Subsidies,Mobile App,7012,2726,62.1,6.7,4.35,4.55,99.5,2,REGIONAL_UPLOAD,2026-07-09 03:15:00
2025-07-01,Jazan,Business & Licensing,Web Portal,7336,3874,48.1,16.1,9.29,3.67,97.5,8,CHANNEL_API,2026-07-09 03:15:00
2026-03-01,Makkah,Health Services,Branch,101244,82760,63.1,26.3,58.21,3.64,88.9,101,TAYSEER_DWH,2026-07-09 03:15:00
2025-09-01,Jazan,Justice & Notary,Web Portal,5189,2689,45.4,20.9,9.92,3.79,,4,TAYSEER_DWH,2026-07-09 03:15:00
Jan-2026,Al-Jouf,Education & Training,Call Center,3560,2323,63.8,14.1,19.01,3.92,89.2,4,TAYSEER_DWH,2026-07-09 03:15:00
05-01-2026,Al-Jouf,Municipal Services,Mobile App,9407,3569,62.7,7.2,4.56,4.4,99.5,5,TAYSEER_DWH,2026-07-09 03:15:00
2025-07-01,Riyadh,Social Support & Subsidies,Web  Portal,49435,25397,65.9,9.8,6.5,4.42,94.4,16,REGIONAL_UPLOAD,2026-07-09 03:15:00
2026-04-01,Al-Jouf,Education & Training,Call Center,3431,2178,63.5,12.5,18.86,4.0,91.7,1,TAYSEER_DWH,2026-07-09 03:15:00
2026-06-01,Makkah,Traffic & Transport,Mobile App,197025,74969,62.8,6.3,3.59,4.24,99.5,86,TAYSEER_DWH,2026-07-09 03:15:00
Jun-2026,Al-Jouf,Labour & HR Services,Call Center,3528,2321,61.9,18.2,22.19,3.99,88.0,3,REGIONAL_UPLOAD,2026-07-09 03:15:00
2025-10-01,Hail,Municipal Services,Web Portal,5276,2773,63.7,11.8,7.68,4.14,95.5,3,TAYSEER_DWH,2026-07-09 03:15:00
2025-10-01,Jazan,Municipal Services,Mobile App,22540,-,48.9,8.5,5.2,4.15,96.1,12,REGIONAL_UPLOAD,2026-07-09 05:40:00
08-01-2025,Hail,Labour & HR Services,Branch,5118,4383,63.9,26.8,47.02,3.63,88.7,7,TAYSEER_DWH,2026-07-09 03:15:00
2025-11-01,Al-Jouf,Identity & Civil Affairs,Mobile App,14639,5616,63.4,6.8,4.35,4.55,98.3,3,CHANNEL_API,2026-07-09 03:15:00
2025-09-01,Northern Borders,Traffic & Transport,Call Center,3103,2058,61.1,15.1,22.25,3.86,90.4,3,CHANNEL_API,2026-07-09 03:15:00
2025-10-01,Jazan,Traffic & Transport,Mobile App,29468,12078,52.1,6.0,4.3,4.16,97.2,21,TAYSEER_DWH,2026-07-09 03:15:00
2025/07/01,Eastern Province,Identity & Civil Affairs,Branch,"52,903",42053,64.6,24.0,44.04,3.81,90.5,52,TAYSEER_DWH,2026-07-09 03:15:00
2026-06-01,Tabuk,Business & Licensing,Mobile App,14259,5363,64.1,10.8,5.01,4.24,99.5,8,TAYSEER_DWH,2026-07-09 03:15:00
2025-07-01,Jazan,Business & Licensing,callcenter,9383,6042,48.1,33.7,29.69,3.48,92.0,14,TAYSEER_DWH,2026-07-09 03:15:00
2026/06/01,Hail,Municipal Services,Call Center,4689,3045,65.0,20.6,25.2,3.84,92.0,3,REGIONAL_UPLOAD,2026-07-09 03:15:00
2025-09-01,منطقة عسير,Justice & Notary,Web Portal,8192,4416,55.5,19.1,n/a,4.07,95.6,6,TAYSEER_DWH,2026-07-09 03:15:00
2025-10-01,منطقة حائل,Health Services,Branch,7953,6345,64.7,29.2,50.15,3.81,90.0,7,TAYSEER_DWH,2026-07-09 03:15:00
2026-01-01,Al-Baha,Health Services,MOBILE_APP,12019,4534,57.2,6.0,4.43,4.62,99.1,3,TAYSEER_DWH,2026-07-09 03:15:00
2026-02-01,Makkah,Justice & Notary,Mobile App,66176,25901,60.2,11.7,5.16,4.31,96.4,28,TAYSEER_DWH,2026-07-09 03:15:00
2026-01-01,Jazan,Labour & HR Services,Web Portal,7971,3957,48.0,0.0,7.92,3.91,99.5,5,TAYSEER_DWH,2026-07-09 03:15:00
2025-09-01,Al-Jouf,Justice & Notary,Mobile App,4404,1621,58.3,11.7,5.17,4.16,98.5,3,CHANNEL_API,2026-07-09 03:15:00
2026-02-01,Asir,Identity & Civil Affairs,Branch,"19,792",16745,62.0,30.3,49.51,3.59,89.1,29,TAYSEER_DWH,2026-07-09 03:15:00
2026-03-01,Qassim,Municipal Services,Mobile App,25200,9580,63.3,7.1,4.42,4.11,97.5,19,TAYSEER_DWH,2026-07-09 03:15:00
2026-01-01,Jazan,Social Support & Subsidies,Call Center,10218,7220,48.8,22.0,24.7,3.58,91.6,11,CHANNEL_API,2026-07-09 03:15:00
2025-11-01,Qassim,Traffic & Transport,Branch,14579,11739,65.7,22.4,NULL,-,89.5,20,TAYSEER_DWH,2026-07-09 03:15:00
2025-12-01,Al-Baha,Labour & HR Services,Portal,3121,1629,56.8,12.0,7.08,4.09,98.5,3,TAYSEER_DWH,2026-07-09 03:15:00
2025-11-01,Eastern Province,Justice & Notary,Web Portal,21550,11188,65.5%,15.9,7.47,4.16,99.5,11,TAYSEER_DWH,2026-07-09 03:15:00
2025-07-01,Tabuk,Labour & HR Services,Web Portal,6305,3294,65.4,11.4,6.82,3.99,98.6,6,TAYSEER_DWH,2026-07-09 03:15:00
2025-07-01,Najran,Education & Training,Call Center,"4,685",3034,55.1,14.3,20.18,3.79,88.1,5,TAYSEER_DWH,2026-07-09 03:15:00
2026-05-01,Najran,Identity & Civil Affairs,mobile app,14825,,51.7,6.3,4.04,4.47,96.9,5,CHANNEL_API,2026-07-09 03:15:00
2026-01-01,Najran,Education & Training,Mobile App,"10,825",3921,55.6,5.6,3.89,4.55,96.7,2,TAYSEER_DWH,2026-07-09 03:15:00
01/11/2025,Eastern Province,Health Services,Web Portal,53115,NA,66.6,8.4,7.0,4.54,97.2,17,REGIONAL_UPLOAD,2026-07-09 05:40:00
01/06/2026,Madinah,Health Services,Branch,25389,19981,63.2,26.4,50.88,3.92,87.4,23,TAYSEER_DWH,2026-07-09 03:15:00
2026-06-01,Hail,Justice & Notary,Mobile App,6905,2574,60.1%,11.0,5.41,4.43,98.4,2,TAYSEER_DWH,2026-07-09 03:15:00
2026-02-01,jazan ,Labour & HR Services,Branch,12217,9764,48.0,34.2,60.87,3.39,88.6,19,REGIONAL_UPLOAD,2026-07-09 03:15:00
2026-01-01,Riyadh,Social Support & Subsidies,Call Center,32989,20936,67.1,16.6,21.18,3.99,89.7,24,TAYSEER_DWH,2026-07-09 03:15:00
2026-01-01,Makkah,Social Support & Subsidies,Call Center,42106,27736,60.1,18.7,22.99,3.69,90.1,32,TAYSEER_DWH,2026-07-09 03:15:00
2025-11-01,Asir,Justice & Notary,Mobile App,19085,7308,55.5,10.0,6.09,4.3,96.7,9,TAYSEER_DWH,2026-07-09 03:15:00
2026-02-01,Hail,Health Services,Mobile App,16771,6789,64.9,5.5,4.54,4.81,97.3,1,TAYSEER_DWH,2026-07-09 03:15:00
01/09/2025,Hail,Traffic & Transport,Call Center,6333,3796,62.3%,15.5,18.9,3.87,90.7,3,TAYSEER_DWH,2026-07-09 03:15:00
2025-12-01,Eastern Province,Business & Licensing,Branch,33117,27563,65.6,46.4,54.46,3.52,87.9,41,TAYSEER_DWH,2026-07-09 03:15:00
2025-07-01,Hail,Education & Training,Mobile App,13911,5469,65.8,5.6,3.98,4.61,99.3,2,TAYSEER_DWH,2026-07-09 03:15:00
2025-09-01,Riyadh,Health Services,Web Portal,100069,50910,67.6,7.3,6.64,4.48,96.8,29,CHANNEL_API,2026-07-09 03:15:00
2025-12-01,Madinah,Justice & Notary,Call Center,8706,5486,58.8,35.6,25.66,3.82,92.2,6,TAYSEER_DWH,2026-07-09 03:15:00
2025-09-01,Jazan,Identity & Civil Affairs,Web Portal,14223,7077,49.4,9.3,-37.55,3.82,94.7,13,TAYSEER_DWH,2026-07-09 03:15:00
2026-04-01,Makkah,Health Services,Branch,100791,81178,63.4,24.6,54.44,3.65,88.8,107,TAYSEER_DWH,2026-07-09 03:15:00
2026-01-01,Madinah,Business & Licensing,Branch,14460,11821,60.8,47.0,63.95,3.62,91.9,15,TAYSEER_DWH,2026-07-09 03:15:00
2025-07-01,najran,Health Services,Mobile App,10937,4045,50.8,6.2,4.51,4.63,99.5,2,TAYSEER_DWH,2026-07-09 03:15:00
2025-11-01,Al-Jouf,Social Support & Subsidies,call center,2432,1495,61.0,21.5,25.24,3.94,91.2,1,TAYSEER_DWH,2026-07-09 03:15:00
2026-06-01,Northern Borders,Justice & Notary,Web Portal,1404,728,59.5,18.2,9.31,4.13,95.9,1,REGIONAL_UPLOAD,2026-07-09 03:15:00
2025-11-01,Jazan,Business & Licensing,Branch,16516,13764,48.1,106.0,67.87,3.07,86.0,31,TAYSEER_DWH,2026-07-09 03:15:00
2025-11-01,Qassim,Education & Training,Mobile App,28838,10880,67.3,4.8,,4.44,99.5,9,TAYSEER_DWH,2026-07-09 03:15:00
2026/05/01,Tabuk,Traffic & Transport,Call Center,7866,4906,63.9,16.1,22.3,3.55,90.0,9,TAYSEER_DWH,2026-07-09 03:15:00
2026-04-01,Al-Jouf,Identity & Civil Affairs,Web Portal,5308,2675,64.3,9.5,6.73,4.36,99.5,2,TAYSEER_DWH,2026-07-09 03:15:00
2025-07-01,Hail,Municipal Services,Branch,5632,4890,62.7,37.3,54.72,3.55,89.4,6,REGIONAL_UPLOAD,2026-07-09 03:15:00
Jun-2026,Qassim,Business & Licensing,Mobile App,23051,8850,64.9,9.4,5.17,3.99,97.4,16,TAYSEER_DWH,2026-07-09 03:15:00
2026-01-01,Tabuk,Identity & Civil Affairs,Web Portal,10836,5479,63.4%,10.2,7.14,4.24,98.2,5,REGIONAL_UPLOAD,2026-07-09 05:40:00
2025-07-01,Riyadh,Business & Licensing,Branch,60507,50211,63.2,46.7,54.04,3.58,88.7,85,REGIONAL_UPLOAD,2026-07-09 03:15:00
2025-07-01,Madinah,Education & Training,Call Center,"12,975",7838,63.5,15.4,18.54,4.25,89.7,5,REGIONAL_UPLOAD,2026-07-09 03:15:00
2025/11/01,Northern Borders,Justice & Notary,Branch,"1,934",1575,58.9%,47.5,72.12,3.68,88.5,2,TAYSEER_DWH,2026-07-09 03:15:00
2025-11-01,Northern Borders,Social Support & Subsidies,Branch,2604,2185,59.7,31.2,56.97,3.72,91.9,3,TAYSEER_DWH,2026-07-09 03:15:00
2026-05-01,Madinah,Labour & HR Services,BRANCH,22931,19068,62.1,29.5,44.48,3.77,,25,REGIONAL_UPLOAD,2026-07-09 03:15:00
2026-06-01,Hail,Identity & Civil Affairs,Mobile App,20121,7301,68.0,6.2,3.95,4.65,99.5,4,TAYSEER_DWH,2026-07-09 03:15:00
2025-07-01,Madinah,Social Support & Subsidies,Branch,13762,11158,59.4,31.2,53.09,3.85,90.1,12,CHANNEL_API,2026-07-09 03:15:00
2026-03-01,Hail,Labour & HR Services,Branch,4761,3977,65.3,29.1,50.55,3.56,89.0,5,TAYSEER_DWH,2026-07-09 03:15:00
2025-07-01,Northern Borders,Traffic & Transport,Branch,3940,3270,61.0,27.2,53.24,3.62,89.7,4,REGIONAL_UPLOAD,2026-07-09 03:15:00
2026-05-01,asir,Business & Licensing,Branch,16629,12817,107.5,107.2,67.85,3.19,88.2,28,TAYSEER_DWH,2026-07-09 03:15:00
2025-10-01,Al-Jouf,Business & Licensing,CALL_CENTRE,3155,2176,60.0,29.7,27.19,3.65,91.3,3,TAYSEER_DWH,2026-07-09 03:15:00
08-01-2025,Al-Jouf,Education & Training,Web Portal,5698,2829,62.0,8.4,5.59,4.4,95.9,3,TAYSEER_DWH,2026-07-09 03:15:00
2026-02-01,Tabuk,Municipal Services,Branch,5869,4736,63.6,36.4,60.14,3.3,89.6,8,TAYSEER_DWH,2026-07-09 03:15:00
2026-04-01,Northern Borders,Municipal Services,Web Portal,2644,1400,62.1,11.6,7.44,4.37,96.4,1,TAYSEER_DWH,2026-07-09 03:15:00
2026-05-01,Northern Borders,Business & Licensing,Mobile App,5623,2235,60.4,10.4,5.97,4.42,99.5,2,TAYSEER_DWH,2026-07-09 03:15:00
2025-08-01,Hail,Justice & Notary,Call Center,2494,1583,59.3,34.4,26.06,3.67,87.5,3,TAYSEER_DWH,2026-07-09 03:15:00
2025-09-01,Northern Borders,Identity & Civil Affairs,Call Center,3618,2466,62.2,21.9,23.7,3.91,90.3,3,TAYSEER_DWH,2026-07-09 03:15:00
01/11/2025,منطقة مكة المكرمة,Labour & HR Services,Web Portal,55656,27630,61.0,9.7,6.85,4.07,98.1,29,REGIONAL_UPLOAD,2026-07-09 03:15:00
2025-08-01,Al-Jouf,Social Support & Subsidies,Web Portal,2606,1377,60.7,10.5,6.21,4.32,99.5,2,REGIONAL_UPLOAD,2026-07-09 03:15:00
2025-08-01,Jizan,Business & Licensing,Mobile App,16543,6420,47.8,11.8,6.57,3.87,95.3,17,REGIONAL_UPLOAD,2026-07-09 03:15:00
2026-05-01,N. Borders,Municipal Services,Mobile App,7192,2702,62.7,7.4,4.91,4.61,98.6,1,TAYSEER_DWH,2026-07-09 03:15:00
2026-02-01,Jazan,Identity & Civil Affairs,Branch,18998,15349,49.1,33.9,56.75,3.49,91.6,26,REGIONAL_UPLOAD,2026-07-09 03:15:00
2025-09-01,Tabuk,Municipal Services,Branch,8420,6765,62.5,39.9,58.25,3.11,88.4,8,TAYSEER_DWH,2026-07-09 03:15:00
2025-11-01,Hail,Traffic & Transport,Web Portal,7007,3517,63.5,8.3,6.2,4.16,97.2,3,TAYSEER_DWH,2026-07-09 03:15:00
2025-10-01,Al-Baha,Justice & Notary,Call Center,"2,067",1383,50.5,36.3,30.67,3.63,91.3,2,CHANNEL_API,2026-07-09 03:15:00
2025-09-01,Jazan,Identity & Civil Affairs,Mobile App,33098,12231,49.4,7.9,4.78,4.23,97.1,19,TAYSEER_DWH,2026-07-09 03:15:00
2025/07/01,Al-Baha,Social Support & Subsidies,Mobile App,5028,1957,53.3,7.5,4.55,4.39,99.3,2,REGIONAL_UPLOAD,2026-07-09 03:15:00
Feb-2026,Qassim,Traffic & Transport,Mobile App,32707,11898,65.8,5.7,3.23,,97.5,18,TAYSEER_DWH,2026-07-09 03:15:00
2025-12-01,NAJRAN,Social Support & Subsidies,Portal,2666,-,52.4,9.9,7.12,4.18,,2,TAYSEER_DWH,2026-07-09 03:15:00
2026-03-01,Makkah,Business & Licensing,Mobile App,"133,469",51939,60.8%,9.8,4.98,,96.7,64,REGIONAL_UPLOAD,2026-07-09 03:15:00
2026/05/01,Hail,Social Support & Subsidies,Call Centre,3730,2392,62.9,17.6,23.69,3.89,87.3,2,TAYSEER_DWH,2026-07-09 03:15:00
2025-07-01,Al-Jouf,Labour & HR Services,Mobile App,7303,2536,59.8,6.3,n/a,4.44,99.5,2,TAYSEER_DWH,2026-07-09 03:15:00
2025-10-01,Aseer,Municipal Services,Call Centre,14442,9153,61.6,19.0,27.61,3.67,86.4,16,TAYSEER_DWH,2026-07-09 03:15:00
2025-09-01,Northern Borders,Social Support & Subsidies,Mobile App,4312,1699,59.4,6.7,4.61,4.74,99.5,1,TAYSEER_DWH,2026-07-09 03:15:00
2025-10-01,Riyadh,Education & Training,Mobile App,171559,67006,69.0,5.0,3.4,4.72,99.5,22,TAYSEER_DWH,2026-07-09 03:15:00
2025-10-01,Jazan,Justice & Notary,Call Center,8443,5549,45.8,33.0,29.84,3.22,91.5,8,TAYSEER_DWH,2026-07-09 03:15:00
2026-05-01,Madinah,Justice & Notary,Branch,13659,11325,59.7,54.7,62.7,3.65,89.6,12,TAYSEER_DWH,2026-07-09 03:15:00
2026-01-01,Asir,Justice & Notary,Web Portal,7915,3956,55.8,16.9,8.45,4.06,97.8,5,TAYSEER_DWH,2026-07-09 03:15:00
2026-02-01,Al-Baha,Education & Training,Web Portal,2443,1217,55.8,8.7,6.54,,,1,CHANNEL_API,2026-07-09 03:15:00
2025-11-01,Qassim,Education & Training,Web Portal,10875,5616,67.3,6.7,6.0,4.14,99.5,6,TAYSEER_DWH,2026-07-09 03:15:00
2025-09-01,Hail,Education & Training,Branch Office,"8,150",6872,65.7,23.5,43.75,3.62,88.8,7,TAYSEER_DWH,2026-07-09 03:15:00
2026-03-01,Al-Baha,Labour & HR Services,Branch,4091,3350,56.7,30.6,51.09,3.49,91.8,4,TAYSEER_DWH,2026-07-09 03:15:00
2025-10-01,Eastern Province,Education & Training, Branch,38897,32656,67.7,19.8,43.45,3.8,89.6,35,CHANNEL_API,2026-07-09 03:15:00
2026-05-01,Northern Borders,Social Support & Subsidies,Branch,"2,456",1995,59.9,28.7,NULL,3.7,92.6,3,REGIONAL_UPLOAD,2026-07-09 03:15:00
2026-04-01,Hail,Business & Licensing,Web Portal,4017,2054,62.1,12.3,8.92,,96.2,2,TAYSEER_DWH,2026-07-09 03:15:00
2025-10-01,Al-Jouf,Traffic & Transport,Mobile App,11661,4461,64.5%,9999.0,,4.54,96.1,4,TAYSEER_DWH,2026-07-09 03:15:00
2026-05-01,Eastern Province,Justice & Notary,Call Center,"16,439",11108,65.5,29.0,29.12,3.82,91.0,16,TAYSEER_DWH,2026-07-09 03:15:00
03-01-2026,Hail,Social Support & Subsidies,Branch,4281,3718,62.7,29.2,55.38,3.65,89.9,4,TAYSEER_DWH,2026-07-09 03:15:00
2026-02-01,makkah al-mukarramah,Identity & Civil Affairs,Branch,65842,55375,66.8,27.0,48.65,3.58,90.5,86,CHANNEL_API,2026-07-09 03:15:00
2025-09-01,Qassim,Traffic & Transport,Branch,14219,11316,65.6,23.4,44.84,3.38,91.8,12,TAYSEER_DWH,2026-07-09 03:15:00
01/01/2026,Al-Jouf,Municipal Services,Web Portal,3813,1962,62.8,11.4,7.56,4.06,99.5,2,TAYSEER_DWH,2026-07-09 03:15:00
2026/06/01,Northern Borders,Justice & Notary,Mobile App,3892,1398,59.5,13.0,5.75,4.57,99.2,1,TAYSEER_DWH,2026-07-09 03:15:00
2025-09-01,Asir,Business & Licensing,Mobile App,31366,12308,58.9,11.2,5.61,4.2,n/a,17,TAYSEER_DWH,2026-07-09 03:15:00
2025-11-01,Riyadh,Business & Licensing,Mobile App,133667,50567,63.9,10.0,5.01,4.26,98.0,66,TAYSEER_DWH,2026-07-09 03:15:00
2025-12-01,Al-Baha,Social Support & Subsidies,Call Center,2734,1779,53.4,21.2,23.74,3.77,90.1,1,TAYSEER_DWH,2026-07-09 03:15:00
2025-11-01,Qassim,Health Services,Mobile App,35981,13974,66.0,5.3,4.58,4.43,97.4,15,REGIONAL_UPLOAD,2026-07-09 03:15:00
2026-03-01,Madinah,Justice & Notary,Call Center,8569,5430,144.0,31.6,25.22,3.8,85.6,12,TAYSEER_DWH,2026-07-09 03:15:00
Oct-2025,Al-Baha,Traffic & Transport,Web Portal,4101,2100,55.9,7.8,6.72,4.11,?,2,REGIONAL_UPLOAD,2026-07-09 03:15:00
2025-07-01,JAZAN,Social Support & Subsidies,Mobile App,14754,5446,48.6,8.0,5.22,4.3,97.0,7,TAYSEER_DWH,2026-07-09 03:15:00
2026-05-01,Asir,Traffic & Transport,Web Portal,16575,8438,60.7%,7.8,7.38,4.13,99.5,8,TAYSEER_DWH,2026-07-09 03:15:00
2025-10-01,Makkah,Identity & Civil Affairs,Call Center,74912,51296,65.9,19.3,21.66,3.86,91.6,65,TAYSEER_DWH,2026-07-09 03:15:00
2026-04-01,Al-Baha,Business & Licensing,Web Portal,2161,1131,53.0,16.9,8.44,4.05,96.8,2,TAYSEER_DWH,2026-07-09 03:15:00
2025-10-01,Jazan,Social Support & Subsidies,Web Portal,"6,870",3685,48.7,12.0,7.53,3.82,?,7,CHANNEL_API,2026-07-09 03:15:00
2025-07-01,Madinah,Justice & Notary,Mobile App,"16,147",6002,57.7,13.3,5.4,4.54,96.8,5,CHANNEL_API,2026-07-09 03:15:00
2025-08-01,Asir,Education & Training,Mobile App,54550,21950,60.7,5.5,4.04,4.49,96.1,18,TAYSEER_DWH,2026-07-09 03:15:00
2025-12-01,Najran,Labour & HR Services,Web Portal,3477,1794,51.2,10.3,7.06,4.14,97.5,1,TAYSEER_DWH,2026-07-09 03:15:00
2026-02-01,Northern Borders,Social Support & Subsidies,WEB,1721,954,60.2,10.4,8.09,4.44,99.5,0,REGIONAL_UPLOAD,2026-07-09 03:15:00
2026-01-01,Najran,Labour & HR Services,Call Center,4939,3254,51.8,19.7,22.84,3.64,90.5,6,CHANNEL_API,2026-07-09 03:15:00
2026-02-01,Al-Jouf,Labour & HR Services,Call Center,2693,1780,61.5,17.3,23.09,3.69,92.6,3,REGIONAL_UPLOAD,2026-07-09 03:15:00
2025-07-01,Eastern Province,Justice & Notary,Mobile App,"44,377",17069,64.5,11.4,5.16,4.39,96.2,13,REGIONAL_UPLOAD,2026-07-09 03:15:00
2026-02-01,Al-Qassim,Traffic & Transport,Web Portal,12267,6137,65.8,8.0,5.85,3.99,95.6,10,TAYSEER_DWH,2026-07-09 03:15:00
Apr-2026,Tabuk,Business & Licensing,Call Center,4897,3256,64.1,26.7,25.89,3.53,91.9,7,TAYSEER_DWH,2026-07-09 03:15:00
2025-10-01,Medina,Identity & Civil Affairs,Call Center,22045,14000,59.8,20.0,20.89,4.19,89.6,12,TAYSEER_DWH,2026-07-09 03:15:00
2025-10-01,'Asir,Traffic & Transport,Web Portal,19933,10430,59.6,7.9,6.89,4.06,98.8,14,TAYSEER_DWH,2026-07-09 03:15:00
2025-12-01,Qassim,Municipal Services,Web Portal,10540,5165,63.3%,11.0,7.26,3.96,96.3,11,REGIONAL_UPLOAD,2026-07-09 03:15:00
2026-01-01,Qassim,Business & Licensing,Mobile App,22839,9279,64.0,8.9,5.18,4.12,93.0,9,REGIONAL_UPLOAD,2026-07-09 03:15:00
2026-05-01,Madinah,Municipal Services,Call Center,19534,12457,60.6,21.6,24.1,3.91,92.1,21,TAYSEER_DWH,2026-07-09 03:15:00
2026-03-01,Al-Baha,Traffic & Transport,Branch,5916,4866,56.5,29.7,46.32,3.45,88.4,7,REGIONAL_UPLOAD,2026-07-09 03:15:00
2025-08-01,Riyadh,Business & Licensing,Web Portal,48407,24621,63.7,14.0,-23.39,4.24,99.5,26,TAYSEER_DWH,2026-07-09 03:15:00
2025-08-01,Najran,Traffic & Transport,Branch,7157,5624,54.0,28.1,45.17,3.27,89.8,9,REGIONAL_UPLOAD,2026-07-09 03:15:00
2025-07-01,Tabuk,Traffic & Transport,Mobile App,19612,7481,62.9,5.3,4.05,4.09,98.5,12,TAYSEER_DWH,2026-07-09 03:15:00
2025-11-01,Eastern Province,Labour & HR Services,Web Portal,37399,NA,65.8,8.5,6.66,4.31,99.5,15,TAYSEER_DWH,2026-07-09 03:15:00
2025/10/01,Northern Borders,Municipal Services,Mobile App,6207,2378,62.0,7.2,5.34,4.51,97.0,2,TAYSEER_DWH,2026-07-09 03:15:00
2025-12-01,Hail,Justice & Notary,Web Portal,2776,1371,60.0,17.5,9.73,4.08,95.9,1,TAYSEER_DWH,2026-07-09 03:15:00
2025-10-01,Tabuk,Justice & Notary,Branch,4378,3506,63.3%,56.4,65.76,3.22,88.9,3,TAYSEER_DWH,2026-07-09 03:15:00
01/09/2025,Al-Jouf,Justice & Notary,Call Center,2222,-,58.3,34.9,NULL,-,88.5,3,REGIONAL_UPLOAD,2026-07-09 03:15:00
2025-09-01,Makkah,Labour & HR Services,Call Center,"48,899",30641,60.7,20.8,23.14,3.52,91.1,45,TAYSEER_DWH,2026-07-09 03:15:00
2025-11-01,Al-Jouf,Social Support & Subsidies,Web Portal,2681,1392,61.0,9.6,6.95,4.19,93.8,2,TAYSEER_DWH,2026-07-09 03:15:00
2025-10-01,Al-Jouf,Justice & Notary,Web Portal,2058,1039,59.5,17.7,8.44,4.04,97.5,1,REGIONAL_UPLOAD,2026-07-09 03:15:00
2026-05-01,Tabuk,Justice & Notary,Web Portal,3867,2023,63.9,17.9,9.07,3.97,98.1,3,TAYSEER_DWH,2026-07-09 03:15:00
01/08/2025,Madinah,Municipal Services,Mobile App,32586,12162,58.7,7.2,4.63,4.52,98.2,9,TAYSEER_DWH,2026-07-09 03:15:00
2025-07-01,Makkah,Justice & Notary,MOBILE_APP,65276,26247,58.9,9.8,5.69,4.19,99.5,45,TAYSEER_DWH,2026-07-09 03:15:00
2025-11-01,Najran,Social Support & Subsidies,Mobile App,7232,2754,52.5,7.5,4.73,4.46,96.3,2,TAYSEER_DWH,2026-07-09 03:15:00
2026-04-01,Hail,Business & Licensing,Mobile App,11230,4378,62.1,9.1,4.71,4.58,97.9,3,REGIONAL_UPLOAD,2026-07-09 03:15:00
2026-02-01,Tabuk,Education & Training,MOBILE_APP,16123,5877,67.5,6.1,3.57,4.36,96.0,5,TAYSEER_DWH,2026-07-09 03:15:00
2025-07-01,Jazan,Justice & Notary,Call Center,6975,4566,46.1,34.5,30.63,3.41,89.9,7,TAYSEER_DWH,2026-07-09 03:15:00
2025-11-01,Eastern Province,Social Support & Subsidies,Mobile App,70263,28164,64.8,5.8,4.24,4.72,98.0,10,REGIONAL_UPLOAD,2026-07-09 03:15:00
2026-06-01,منطقة الباحة,Education & Training,Call Center,3996,2587,56.9,15.1,20.38,3.83,88.9,3,TAYSEER_DWH,2026-07-09 03:15:00
2026-06-01,Tabuk,Business & Licensing,Web Portal,5852,2972,146.3,15.8,8.21,3.82,97.7,4,TAYSEER_DWH,2026-07-09 03:15:00
2026-01-01,EASTERN PROVINCE,Labour & HR Services,Mobile App,95020,38345,66.8,5.7,3.97,4.55,99.5,26,REGIONAL_UPLOAD,2026-07-09 03:15:00
06-01-2026,Najran,Education & Training,Branch,6042,4938,55.3,23.8,43.19,3.59,91.2,5,TAYSEER_DWH,2026-07-09 03:15:00
2026-05-01,Al Baha,Labour & HR Services,Call Center,3265,2207,56.9,19.2,-28.17,3.8,89.0,4,TAYSEER_DWH,2026-07-09 03:15:00
2026-05-01,Eastern Province,Business & Licensing,Mobile App,85965,32013,66.0,1440.0,4.48,4.42,97.7,35,TAYSEER_DWH,2026-07-09 03:15:00
2025-08-01,Eastern Province,Justice & Notary,Call Center,15955,10461,64.7,26.7,26.79,3.74,90.5,11,REGIONAL_UPLOAD,2026-07-09 03:15:00
2025-10-01,JAZAN,Labour & HR Services,Branch,17762,15171,47.6,33.6,54.69,null,87.4,25,TAYSEER_DWH,2026-07-09 03:15:00
2025-09-01,Riyadh,Health Services,Call Center,65144,42019,67.6,15.0,20.56,4.03,88.9,57,TAYSEER_DWH,2026-07-09 03:15:00
2026-05-01,Makkah,Social Support & Subsidies,MOBILE_APP,162250,62680,60.7,6.7,NULL,4.39,99.5,81,TAYSEER_DWH,2026-07-09 03:15:00
2026-05-01,Riyadh,Traffic & Transport,Mobile App,234142,89952,68.2%,4.9,3.33,4.51,99.5,76,CHANNEL_API,2026-07-09 03:15:00
01/02/2026,Al-Baha,Traffic & Transport,Call Center,4050,2667,55.7,16.6,20.72,3.83,89.0,4,TAYSEER_DWH,2026-07-09 03:15:00
2026-01-01,Al-Baha,Justice & Notary,Web Portal,1524,762,51.1,18.2,8.39,4.12,98.4,1,TAYSEER_DWH,2026-07-09 03:15:00
2025-12-01,منطقة الرياض,Justice & Notary,Call Center,30288,19311,63.7,27.5,25.38,3.85,88.1,21,REGIONAL_UPLOAD,2026-07-09 03:15:00
2026-01-01,Riyadh,Identity & Civil Affairs,Web Portal,97419,50572,67.0,8.6,5.24,4.69,99.5,14,TAYSEER_DWH,2026-07-09 03:15:00
2026-06-01,Riyadh,Justice & Notary,Branch,36300,29100,64.4,46.9,59.2,3.44,90.1,38,TAYSEER_DWH,2026-07-09 03:15:00
08-01-2025,Asir,Labour & HR Services,Mobile App,30951,11775,58.3,6.9,4.58,4.34,99.5,14,TAYSEER_DWH,2026-07-09 03:15:00
2025-07-01,Makkah,Identity & Civil Affairs,Mobile App,206714,77873,65.2,6.5,4.5,4.51,97.7,54,REGIONAL_UPLOAD,2026-07-09 03:15:00
2025-07-01,Hail,Traffic & Transport,Call Center,4827,3160,61.9,14.9,21.16,3.91,86.9,4,TAYSEER_DWH,2026-07-09 03:15:00
2026-02-01,Najran,Traffic & Transport,Web Portal,4162,2226,53.9,8.6,,4.03,99.5,4,TAYSEER_DWH,2026-07-09 03:15:00
2025-09-01,Tabuk,Business & Licensing,Call Center,4983,3197,62.8,29.2,28.52,3.31,89.8,6,REGIONAL_UPLOAD,2026-07-09 03:15:00
2025/10/01,Makkah,Traffic & Transport,Mobile App,"187,522",74635,61.4,5.4,4.17,4.25,96.9,111,TAYSEER_DWH,2026-07-09 03:15:00
2025-10-01,Tabuk,Health Services,Web Portal,10469,5592,63.6,9.8,6.88,4.19,98.7,5,REGIONAL_UPLOAD,2026-07-09 03:15:00
2025-07-01,Asir,Education & Training,Branch,19129,14763,60.7%,23.2,48.33,3.63,91.2,18,TAYSEER_DWH,2026-07-09 03:15:00
2026-01-01,Qassim,Traffic & Transport,Branch,14266,12055,65.9,27.3,44.7,3.37,89.8,16,TAYSEER_DWH,2026-07-09 03:15:00
2025-08-01,Jazan,Traffic & Transport,Web Portal,12101,6200,51.4%,9.2,7.35,3.83,96.6,9,TAYSEER_DWH,2026-07-09 03:15:00
2025-07-01,Asir,Municipal Services,Branch,19581,15686,60.7%,31.8,55.74,3.34,90.6,22,CHANNEL_API,2026-07-09 03:15:00
2026-03-01,منطقة حائل,Traffic & Transport,Call Center,6017,3721,63.6,15.3,19.75,3.77,91.9,6,TAYSEER_DWH,2026-07-09 03:15:00
2025-08-01,Jizan,Municipal Services,Web Portal,9559,5052,48.7,10.5,9.0,3.8,98.2,8,TAYSEER_DWH,2026-07-09 03:15:00
2025/12/01,Tabuk,Identity & Civil Affairs,MOBILE_APP,26427,10208,63.9,7.2,4.45,4.44,95.7,9,TAYSEER_DWH,2026-07-09 03:15:00
2025-09-01,Al-Jouf,Social Support & Subsidies,Call Center,"2,372",1529,61.0,19.4,22.97,3.9,86.7,2,REGIONAL_UPLOAD,2026-07-09 03:15:00
2025-07-01,Al-Baha,Municipal Services,Web Portal,2979,1559,53.8,10.8,7.95,3.97,99.5,2,TAYSEER_DWH,2026-07-09 03:15:00
2026-05-01,Al-Baha,Education & Training,Web Portal,2914,1481,56.6,7.9,6.08,4.34,97.8,1,TAYSEER_DWH,2026-07-09 03:15:00
2026-01-01,Tabuk,Identity & Civil Affairs,Branch,11699,9587,63.4,32.6,49.93,3.41,90.5,14,TAYSEER_DWH,2026-07-09 03:15:00
Jun-2026,Northern Borders,Education & Training,Call Center,2516,1624,62.9,13.9,22.66,4.05,n/a,2,CHANNEL_API,2026-07-09 03:15:00
2025-12-01,Madinah,Health Services,Call Center,21178,13333,62.5,16.9,21.51,4.18,91.9,14,REGIONAL_UPLOAD,2026-07-09 03:15:00
2026-03-01,Al-Jouf,Justice & Notary,Mobile App,5183,2053,59.5,10.5,n/a,4.32,98.0,2,TAYSEER_DWH,2026-07-09 03:15:00
2026-05-01,Hail,Education & Training,Call Center,4457,-,66.9,13.3,20.09,3.97,92.1,4,REGIONAL_UPLOAD,2026-07-09 03:15:00
2026-01-01,Tabuk,Traffic & Transport,Branch,10863,8845,63.9,26.3,45.6,3.3,90.7,16,TAYSEER_DWH,2026-07-09 03:15:00
2025-10-01,Tabuk,Education & Training,Call Center,5324,3370,67.2,16.0,18.61,3.78,88.5,6,TAYSEER_DWH,2026-07-09 03:15:00
2026-05-01,Najran,Social Support & Subsidies,Call Center,3858,2658,52.4,21.4,23.32,N/A,90.6,2,CHANNEL_API,2026-07-09 03:15:00
2026-05-01,tabuk,Education & Training,Mobile App,19886,7582,67.6,5.2,3.54,4.41,99.5,8,TAYSEER_DWH,2026-07-09 03:15:00
2025-07-01,Hail,Traffic & Transport,Mobile App,13629,5520,61.9%,5.2,3.38,4.42,n/a,5,CHANNEL_API,2026-07-09 03:15:00
2025-09-01,Qassim,Social Support & Subsidies,Branch,8407,6984,64.1,32.1,47.83,3.42,88.3,12,CHANNEL_API,2026-07-09 03:15:00
2025-12-01,Tabuk,Business & Licensing,Web Portal,5782,2976,64.0,16.5,7.58,3.85,98.6,3,REGIONAL_UPLOAD,2026-07-09 03:15:00
2025-11-01,Madinah,Education & Training,Call Center,13133,8205,64.7%,12.2,17.54,4.18,92.3,7,TAYSEER_DWH,2026-07-09 03:15:00
2025-11-01,Madinah,Education & Training,Web Portal,16510,8834,64.7,7.8,5.91,4.51,99.3,6,REGIONAL_UPLOAD,2026-07-09 03:15:00
2025-12-01,TABUK ,Municipal Services,Call Center,6578,4305,62.9,25.0,23.78,3.46,88.7,7,CHANNEL_API,2026-07-09 03:15:00
2026-03-01,Eastern Province,Business & Licensing,Branch,32811,27576,66.0,44.6,58.71,3.43,87.6,40,TAYSEER_DWH,2026-07-09 03:15:00
2025-12-01,Jazan,Education & Training,Call Center,13793,9224,50.0,16.4,24.35,3.71,88.9,15,TAYSEER_DWH,2026-07-09 03:15:00
2025-07-01,Asir,Municipal Services,Call Center,13746,8765,60.7%,21.7,27.02,3.65,89.9,15,TAYSEER_DWH,2026-07-09 03:15:00
2025-10-01,Asir,Justice & Notary,Web Portal,7611,3907,55.7,16.1,9.16,4.04,92.7,5,CHANNEL_API,2026-07-09 03:15:00
2025-10-01,Eastern Province,Municipal Services,Branch,42465,36571,66.6,33.8,51.24,3.52,90.4,45,TAYSEER_DWH,2026-07-09 03:15:00
2025-12-01,Jazan,Social Support & Subsidies,Mobile App,16958,6611,49.1,8.1,5.28,4.31,97.1,7,REGIONAL_UPLOAD,2026-07-09 03:15:00
2025-09-01,Eastern Province,Health Services,Branch,56406,45976,66.0,27.0,48.57,3.86,89.7,50,TAYSEER_DWH,2026-07-09 03:15:00
2026-06-01,Makkah,Health Services,Web Portal,83166,42071,64.0,9.8,7.31,4.28,96.0,51,TAYSEER_DWH,2026-07-09 03:15:00
12-01-2025,Al-Baha,Justice & Notary,Web Portal,1592,810,51.1,19.3,8.86,4.0,99.5,1,TAYSEER_DWH,2026-07-09 03:15:00
2026-04-01,Qassim,Health Services,Mobile App,36765,14059,67.0,5.6,4.45,-,99.5,8,TAYSEER_DWH,2026-07-09 03:15:00
2026-02-01,Hail,Health Services,Web Portal,7231,3630,64.9,8.2,NULL,4.37,95.4,3,REGIONAL_UPLOAD,2026-07-09 03:15:00
06-01-2026,Al-Baha,Identity & Civil Affairs,App,11749,4415,55.9,1440.0,4.32,4.52,99.5,3,TAYSEER_DWH,2026-07-09 03:15:00
06-01-2026,Hail,Municipal Services,Mobile App,13985,5287,65.0,6.8,4.26,4.51,95.6,5,TAYSEER_DWH,2026-07-09 03:15:00
2025-10-01,Najran,Identity & Civil Affairs,Mobile App,13229,5213,51.5,7.0,4.45,4.44,99.5,6,TAYSEER_DWH,2026-07-09 03:15:00
01/05/2026,Qassim,Education & Training,Web Portal,10561,5707,67.6,0.0,5.57,4.13,99.1,6,TAYSEER_DWH,2026-07-09 03:15:00
2025-07-01,Madinah,Education & Training,Mobile App,"35,632",13847,63.5,5.3,3.82,4.75,98.1,3,TAYSEER_DWH,2026-07-09 03:15:00
2026-05-01,Hail,Justice & Notary,Call Center,"2,639",1732,60.5,34.9,29.84,3.76,87.8,3,TAYSEER_DWH,2026-07-09 03:15:00
2025-11-01,Makkah,Health Services,Web Portal,89157,44722,62.6%,8.9,7.46,4.21,99.5,45,REGIONAL_UPLOAD,2026-07-09 03:15:00
2025-11-01,Northern Borders,Labour & HR Services,Mobile App,6236,2335,61.1,6.6,4.61,4.57,99.5,1,TAYSEER_DWH,2026-07-09 03:15:00
2025-12-01,Najran,Health Services,Branch,10583,8815,51.0,25.7,56.96,3.68,94.2,7,CHANNEL_API,2026-07-09 03:15:00
2026-03-01,Makkah,Social Support & Subsidies,Mobile App,111815,41490,60.7,7.0,4.08,4.42,99.5,35,REGIONAL_UPLOAD,2026-07-09 03:15:00
2026-01-01,Asir,Health Services,Web Portal,22253,11930,59.6,9.3,7.52,4.43,99.5,7,TAYSEER_DWH,2026-07-09 03:15:00
01/11/2025,Hail,Justice & Notary,Call Center,"2,680",1777,59.2%,31.0,27.53,3.76,88.0,2,TAYSEER_DWH,2026-07-09 03:15:00
Mar-2026,Northern Borders,Justice & Notary,Web Portal,1399,722,59.5,15.8,10.6,4.26,97.4,1,REGIONAL_UPLOAD,2026-07-09 03:15:00
2025-11-01,Jazan,Traffic & Transport,Web Portal,13669,7121,51.9,9.2,7.2,3.86,96.5,7,TAYSEER_DWH,2026-07-09 03:15:00
2026-05-01,Al-Baha,Labour & HR Services,Mobile App,7421,2787,56.9,5.8,4.61,4.5,95.6,3,CHANNEL_API,2026-07-09 03:15:00
2025-09-01,Hail,Social Support & Subsidies,Call Center,3688,2266,61.8,19.0,22.51,4.01,89.5,2,TAYSEER_DWH,2026-07-09 03:15:00
2025-09-01,Tabuk,Education & Training,Web Portal,11986,6028,67.2,8.0,5.7,4.07,96.7,9,TAYSEER_DWH,2026-07-09 03:15:00
2026-02-01,منطقة حائل,Municipal Services,Web Portal,4503,-,65.2,10.6,6.73,4.28,97.2,3,TAYSEER_DWH,2026-07-09 03:15:00
2025-08-01,Eastern Province,Health Services,Web Portal,54598,29130,65.4,8.3,6.03,4.44,99.1,21,TAYSEER_DWH,2026-07-09 03:15:00
2025-11-01,Qassim,Municipal Services,Web Portal,10860,5486,62.7,11.0,6.99,3.87,99.5,11,TAYSEER_DWH,2026-07-09 03:15:00
2025-09-01,Makkah,Identity & Civil Affairs,Branch,100177,85171,65.8,30.6,48.2,3.6,89.3,93,CHANNEL_API,2026-07-09 03:15:00
2026/03/01,Madinah,Business & Licensing,Web Portal,"12,192",6484,60.8,15.3,8.23,4.31,97.7,6,TAYSEER_DWH,2026-07-09 03:15:00
2026-05-01,Asir,Labour & HR Services,Web Portal,12415,6371,58.8,9.6,7.04,4.13,97.4,10,TAYSEER_DWH,2026-07-09 03:15:00
2025-09-01,Northern Borders,Labour & HR Services,Mobile App,5448,2140,61.1,6.1,4.69,4.69,98.9,1,TAYSEER_DWH,2026-07-09 03:15:00
2026-02-01,Northern Borders,Business & Licensing,Call Center,2013,1339,60.1,26.4,29.36,3.7,86.8,2,TAYSEER_DWH,2026-07-09 03:15:00
2025-12-01,Hail,Justice & Notary,Branch,3566,2981,60.0,45.1,66.65,3.47,87.3,5,TAYSEER_DWH,2026-07-09 03:15:00
2026-01-01,Jazan,Social Support & Subsidies,Branch,14633,12392,48.8,35.6,60.74,3.32,89.6,21,TAYSEER_DWH,2026-07-09 03:15:00
01/05/2026,Al-Baha,Health Services,Branch,6460,5242,57.4,29.7,58.93,3.86,90.5,5,REGIONAL_UPLOAD,2026-07-09 03:15:00
2025-10-01,Makkah,Social Support & Subsidies,Call Center,43814,29211,59.5,19.7,,3.66,87.6,25,TAYSEER_DWH,2026-07-09 03:15:00
2026-01-01,Makkah,Labour & HR Services,Mobile App,148276,57024,61.3,7.1,4.08,4.23,98.4,72,TAYSEER_DWH,2026-07-09 03:15:00
2025-07-01,Makkah,Identity & Civil Affairs,Call Center,66702,41583,65.2,19.5,22.32,3.76,88.7,64,CHANNEL_API,2026-07-09 03:15:00
Apr-2026,Tabuk,Education & Training,Branch,7099,5613,67.7,23.3,45.13,,87.7,9,TAYSEER_DWH,2026-07-09 03:15:00
2025-10-01,Qassim,Justice & Notary,Web Portal,5805,2972,61.9,16.3,7.73,3.94,96.2,5,TAYSEER_DWH,2026-07-09 03:15:00
2025-12-01,Northern Borders,Identity & Civil Affairs,Branch,4575,-,62.5,31.1,62.84,3.97,90.4,3,TAYSEER_DWH,2026-07-09 03:15:00
2026-05-01,Riyadh,Business & Licensing,Mobile App,130878,48889,65.1,9.4,4.21,4.43,99.5,63,CHANNEL_API,2026-07-09 03:15:00
2026-03-01,Asir,Identity & Civil Affairs,Call Center,21846,14229,62.0,16.3,23.97,3.78,92.2,24,CHANNEL_API,2026-07-09 03:15:00
2025-11-01,Al-Baha,Health Services,Call Center,4867,3079,56.3,17.9,24.63,4.0,87.8,4,TAYSEER_DWH,2026-07-09 03:15:00
2025-11-01,Madinah,Justice & Notary,Mobile App,19203,7203,58.5%,12.4,5.37,4.59,97.4,4,TAYSEER_DWH,2026-07-09 03:15:00
2025-10-01,Al-Jouf,Municipal Services,Call Center,3114,2037,61.8,21.3,n/a,3.82,87.4,3,TAYSEER_DWH,2026-07-09 03:15:00
2025-12-01,Eastern Province,Business & Licensing,Mobile App,"73,386",27618,65.6,9.1,4.76,4.4,93.7,28,REGIONAL_UPLOAD,2026-07-09 03:15:00
01/09/2025,Makkah,Education & Training,Web Portal,104375,54350,62.5,8.3,5.68,,95.3,29,TAYSEER_DWH,2026-07-09 03:15:00
2025-10-01,Madinah,Social Support & Subsidies,Call Center,10584,6625,60.2,18.5,25.64,4.24,90.5,6,CHANNEL_API,2026-07-09 03:15:00
2025-10-01,Jazan,Identity & Civil Affairs,Mobile App,33688,13727,48.7%,7.4,5.04,4.18,99.5,20,TAYSEER_DWH,2026-07-09 03:15:00
2026-02-01,Al-Jouf,Social Support & Subsidies,Branch,2423,2023,61.2,27.6,52.36,3.68,89.0,3,CHANNEL_API,2026-07-09 03:15:00
2025-09-01,Najran,Social Support & Subsidies,Branch,4758,3968,51.9,35.5,NULL,3.43,91.0,6,REGIONAL_UPLOAD,2026-07-09 03:15:00
2025-07-01,منطقة الرياض,Justice & Notary,Mobile App,69992,27834,63.0,11.3,5.07,4.48,96.2,20,CHANNEL_API,2026-07-09 03:15:00
2025-10-01,NAJRAN,Health Services,Web Portal,5233,2687,51.2,9.2,7.29,4.22,97.1,2,TAYSEER_DWH,2026-07-09 03:15:00
2026-06-01,Eastern Province,Education & Training,Web Portal,37180,19059,69.1,6.7,5.92,4.54,98.9,10,REGIONAL_UPLOAD,2026-07-09 03:15:00
2026-04-01,Riyadh,Social Support & Subsidies,Call Center,40915,24497,67.3,16.6,20.54,4.11,90.6,29,TAYSEER_DWH,2026-07-09 03:15:00
2025-10-01,Northern Borders,Labour & HR Services,Branch,2958,2325,60.9,29.6,53.13,3.78,89.2,2,CHANNEL_API,2026-07-09 03:15:00
2025-11-01,Hail,Social Support & Subsidies,Web Portal,3572,-,61.9,9.3,7.18,4.22,96.1,2,TAYSEER_DWH,2026-07-09 03:15:00
2026/05/01,Najran,Labour & HR Services,Branch,6155,5233,51.2,33.5,48.92,3.4,91.7,7,TAYSEER_DWH,2026-07-09 03:15:00
2025-12-01,Asir,Justice & Notary,Call Center,"9,503",6485,55.7,32.7,30.53,3.81,91.9,10,TAYSEER_DWH,2026-07-09 03:15:00
2026-03-01,Northern Borders,Business & Licensing,Mobile App,5339,NA,60.1,10.6,6.14,4.48,98.9,2,TAYSEER_DWH,2026-07-09 03:15:00
2026-05-01,Makkah,Identity & Civil Affairs,Call Center,91000,60622,66.9,18.4,21.17,3.8,88.7,58,REGIONAL_UPLOAD,2026-07-09 05:40:00
2025-10-01,Najran,Health Services,Call Center,7180,4704,51.2%,16.1,23.4,3.97,88.9,7,TAYSEER_DWH,2026-07-09 03:15:00
2025-11-01,Asir,Traffic & Transport,Mobile App,48787,19252,60.3,5.1,4.35,4.46,96.3,15,TAYSEER_DWH,2026-07-09 03:15:00
2025-09-01,Hail,Justice & Notary,Mobile App,5865,2336,59.0,10.8,5.24,4.38,99.5,2,TAYSEER_DWH,2026-07-09 03:15:00
2026-01-01,منطقة القصيم,Traffic & Transport,Mobile App,34897,14429,65.9%,5.6,3.49,4.31,99.5,12,REGIONAL_UPLOAD,2026-07-09 03:15:00
2026-05-01,Qassim,Justice & Notary,Call Center,5066,3417,62.6,32.2,25.67,3.41,89.2,6,TAYSEER_DWH,2026-07-09 03:15:00
2026-04-01,Eastern Prov.,Education & Training,Call Center,27143,16937,68.7,14.5,19.89,4.12,89.0,20,TAYSEER_DWH,2026-07-09 03:15:00
2026-04-01,Makkah,Education & Training,App,173724,66323,63.8,5.3,3.8,4.45,95.6,78,REGIONAL_UPLOAD,2026-07-09 03:15:00
2026-05-01,Riyadh,Social Support & Subsidies,Branch Office,44201,36423,67.7,30.2,46.22,3.85,88.4,29,TAYSEER_DWH,2026-07-09 03:15:00
2025-09-01,Eastern Province,Justice & Notary,Call Center,"15,983",9844,64.8,30.4,25.61,3.68,88.2,14,TAYSEER_DWH,2026-07-09 03:15:00
2025-12-01,Al-Baha,Identity & Civil Affairs,Web Portal,4307,2262,55.9,9.9,6.48,4.27,96.7,2,TAYSEER_DWH,2026-07-09 03:15:00
2025/08/01,Eastern Province,Health Services,Call Center,40364,24932,65.4,14.0,20.67,,87.7,32,TAYSEER_DWH,2026-07-09 03:15:00
2026-05-01,Tabuk,Health Services,Web Portal,8803,NA,64.6,8.6,7.37,4.22,99.5,4,TAYSEER_DWH,2026-07-09 03:15:00
2026-03-01,Najran,Traffic & Transport,Mobile App,11634,4527,54.5,5.4,3.8,4.37,99.5,6,TAYSEER_DWH,2026-07-09 03:15:00
2026-06-01,Al-Baha,Social Support & Subsidies,Call Center,"2,841",1832,54.0,20.7,23.73,3.8,89.4,3,TAYSEER_DWH,2026-07-09 03:15:00
2025-07-01,منطقة جازان,Social Support & Subsidies,Branch,13355,10656,48.6,37.6,55.18,3.24,91.4,20,TAYSEER_DWH,2026-07-09 03:15:00
2025-09-01,Madinah,Identity & Civil Affairs,Call Center,21892,14197,60.1,20.4,21.4,4.13,91.2,17,TAYSEER_DWH,2026-07-09 03:15:00
01/07/2025,Makkah,Health Services,WEB,84690,41905,62.0%,8.8,7.41,4.28,98.3,50,TAYSEER_DWH,2026-07-09 03:15:00
Apr-2026,Ha'il,Labour & HR Services,Call Center,4139,2669,65.8,17.9,22.17,3.79,89.6,4,REGIONAL_UPLOAD,2026-07-09 03:15:00
2026-06-01,Jazan,Traffic & Transport,Call Center,17301,10673,52.3,17.0,22.49,3.55,90.1,21,REGIONAL_UPLOAD,2026-07-09 03:15:00
2025-09-01,Madinah,Justice & Notary,Mobile App,19287,7073,58.8,10.9,5.6,4.49,99.5,7,TAYSEER_DWH,2026-07-09 03:15:00
2025-11-01,Riyadh,Justice & Notary,Web Portal,33828,17740,64.2,16.1,7.55,4.13,97.8,19,TAYSEER_DWH,2026-07-09 03:15:00
2025-09-01,Jazan,Social Support & Subsidies,Web Portal,7140,3736,48.9%,12.3,7.88,4.05,95.8,4,REGIONAL_UPLOAD,2026-07-09 05:40:00
2025-12-01,Jazan,Justice & Notary,Branch,10804,8717,46.8,112.5,72.6,3.1,88.3,18,TAYSEER_DWH,2026-07-09 03:15:00
2026-03-01,Qassim,Labour & HR Services,Web Portal,9655,5105,64.0,9.1,6.31,-,99.5,6,CHANNEL_API,2026-07-09 03:15:00
2026-06-01,Eastern Province,Justice & Notary,Branch,21449,17685,66.3,48.1,60.12,3.64,87.5,11,TAYSEER_DWH,2026-07-09 03:15:00
2026-02-01,Makkah,Traffic & Transport,Web Portal,66208,34582,61.9,7.6,6.36,-,99.5,51,REGIONAL_UPLOAD,2026-07-09 03:15:00
Oct-2025,Asir,Education & Training,Web Portal,"16,082",8220,61.1,7.7,6.47,4.21,96.9,11,TAYSEER_DWH,2026-07-09 03:15:00
2026-05-01,Eastern Province,Education & Training,Web Portal,36195,NA,68.8,7.5,5.69,4.4,99.5,14,TAYSEER_DWH,2026-07-09 03:15:00
2026-03-01,Tabuk,Labour & HR Services,Portal,6755,3296,67.1,10.0,6.67,3.97,96.5,6,TAYSEER_DWH,2026-07-09 03:15:00
2026-05-01,Makkah,Identity & Civil Affairs,Web  Portal,121399,63389,66.9,10.8,6.12,4.12,93.6,89,TAYSEER_DWH,2026-07-09 03:15:00
01/09/2025,Qassim,Education & Training,call center,11042,7065,66.6,13.6,19.67,3.84,88.8,11,TAYSEER_DWH,2026-07-09 03:15:00
2025-08-01,Hail,Justice & Notary,Web Portal,2821,1423,59.3,18.1,8.78,4.08,96.1,2,TAYSEER_DWH,2026-07-09 03:15:00
2026-01-01,Qassim,Municipal Services,Branch,12399,10364,62.9%,34.8,54.51,3.36,92.5,15,TAYSEER_DWH,2026-07-09 03:15:00
2026-02-01,Northern Borders,Traffic & Transport,Mobile App,7233,2781,61.6,5.2,3.97,4.49,99.5,2,TAYSEER_DWH,2026-07-09 03:15:00
2026-01-01,Asir,Justice & Notary,Call Center,9498,6010,55.8,31.6,30.88,3.51,90.3,9,TAYSEER_DWH,2026-07-09 03:15:00
2025-08-01,Madinah,Education & Training,Call Center,20763,13063,63.9,16.4,17.93,4.15,91.2,9,REGIONAL_UPLOAD,2026-07-09 03:15:00
2025-07-01,Al-Jouf,Identity & Civil Affairs,Mobile App,12055,4744,62.4,6.6,4.21,4.51,99.3,3,TAYSEER_DWH,2026-07-09 03:15:00
2026-01-01,Madinah,Identity & Civil Affairs,Call Center,22239,14682,60.7,19.0,22.02,4.06,86.6,11,CHANNEL_API,2026-07-09 03:15:00
2025-07-01,Qassim,Identity & Civil Affairs,Call Center,10967,6943,65.7%,19.8,22.11,3.78,89.9,9,TAYSEER_DWH,2026-07-09 03:15:00
Aug-2025,Madinah,Identity & Civil Affairs,Call Center,21481,13292,59.6,19.1,20.07,4.0,89.0,16,CHANNEL_API,2026-07-09 03:15:00
2025-12-01,Madinah,Education & Training,Mobile App,40756,15290,64.8,5.8,3.63,null,93.8,7,TAYSEER_DWH,2026-07-09 03:15:00
2026-06-01,NAJRAN,Health Services,Mobile App,12990,4893,52.0,6.9,4.44,4.49,97.0,4,TAYSEER_DWH,2026-07-09 03:15:00
2025-12-01,Tabuk,Justice & Notary,Web  Portal,4054,2151,63.5%,17.8,9.61,3.79,99.5,4,TAYSEER_DWH,2026-07-09 03:15:00
2026-03-01,Eastern Province,Identity & Civil Affairs,Call Center,45055,27751,65.9,17.1,21.16,4.04,91.8,35,TAYSEER_DWH,2026-07-09 03:15:00
2026-01-01,Makkah,Business & Licensing,Branch,"70,649",57706,60.5,128.9,59.99,3.06,83.1,137,TAYSEER_DWH,2026-07-09 03:15:00
2025-11-01,Eastern Province,Education & Training,Call Center,30460,19095,68.2%,14.1,19.12,4.1,93.1,22,TAYSEER_DWH,2026-07-09 03:15:00
2026-01-01,Najran,Justice & Notary,Web Portal,1966,1004,50.4,16.3,8.86,4.04,99.5,1,REGIONAL_UPLOAD,2026-07-09 03:15:00
2026-05-01,Al-Jouf,Identity & Civil Affairs,BRANCH,6504,5325,63.8,28.8,54.03,3.64,89.0,7,TAYSEER_DWH,2026-07-09 03:15:00
2026-01-01,Al-Baha,Justice & Notary,Call Center,2349,1582,51.1,33.7,n/a,N/A,92.6,2,REGIONAL_UPLOAD,2026-07-09 03:15:00
2026-02-01,Madinah,Justice & Notary,Web Portal,6811,3590,59.4,18.0,8.61,-,96.9,3,TAYSEER_DWH,2026-07-09 03:15:00
2026-04-01,Hail,Social Support & Subsidies,Web Portal,3711,1917,62.9,10.8,7.16,,99.2,2,TAYSEER_DWH,2026-07-09 03:15:00
2025-07-01,Jazan,Health Services,Branch,24202,19572,51.2,31.4,58.28,3.36,90.8,26,TAYSEER_DWH,2026-07-09 03:15:00
2025-08-01,Madinah,Health Services,Call Center,18428,12176,61.2,17.7,21.77,4.25,92.5,7,TAYSEER_DWH,2026-07-09 03:15:00
2026-04-01,Eastern Province,Traffic & Transport,Branch,46548,37903,68.7,23.0,43.89,3.65,94.3,63,REGIONAL_UPLOAD,2026-07-09 03:15:00
2026-04-01,Al-Baha,Justice & Notary,Call Center,2313,1456,50.6,32.6,31.26,3.72,88.6,2,TAYSEER_DWH,2026-07-09 03:15:00
2026-06-01,Najran,Health Services,Web Portal,4643,2235,52.0,9.0,7.66,4.31,99.5,2,TAYSEER_DWH,2026-07-09 03:15:00
2025-11-01,Riyadh,Health Services,Web Portal,98751,50617,68.1,7.8,6.26,4.42,99.5,33,TAYSEER_DWH,2026-07-09 03:15:00
2026-01-01,Qassim,Health Services,Web Portal,16119,7947,67.4,8.5,6.46,4.15,98.2,10,REGIONAL_UPLOAD,2026-07-09 03:15:00
2026-02-01,Tabuk,Health Services,Call Center,7863,5008,64.3,18.8,,3.76,91.3,6,TAYSEER_DWH,2026-07-09 03:15:00
2025-09-01,Hail,Justice & Notary,Call Center,2605,1737,59.0,30.3,29.73,3.78,89.8,3,TAYSEER_DWH,2026-07-09 03:15:00
2026-04-01,Hail,Health Services,Web Portal,7197,3649,65.8,9.3,6.45,4.38,n/a,3,TAYSEER_DWH,2026-07-09 03:15:00
2026-03-01,Tabuk,Traffic & Transport,Mobile App,"23,765",9292,63.8,6.1,3.81,null,95.3,12,TAYSEER_DWH,2026-07-09 03:15:00
2025-10-01,Northern Borders,Justice & Notary,Web Portal,"1,383",NA,59.1,16.5,9.39,4.29,97.4,1,CHANNEL_API,2026-07-09 03:15:00
2025-10-01,Riyadh,Business & Licensing,Mobile App,127559,47828,64.1,9.8,4.55,4.44,96.2,50,REGIONAL_UPLOAD,2026-07-09 03:15:00
2025-12-01,EASTERN PROVINCE,Municipal Services,Mobile App,100141,38744,67.5,6.2,4.63,4.49,96.6,29,REGIONAL_UPLOAD,2026-07-09 03:15:00
2026-06-01,Tabuk,Health Services,Web Portal,9841,5123,65.0,8.1,7.0,4.23,98.4,7,TAYSEER_DWH,2026-07-09 03:15:00
2026-02-01,Hail,Municipal Services,Branch,4177,3258,65.2,31.9,55.13,3.44,91.2,5,CHANNEL_API,2026-07-09 03:15:00
2025-12-01,Najran,Identity & Civil Affairs,Branch,10450,8647,51.6,33.2,51.19,3.46,92.0,13,CHANNEL_API,2026-07-09 03:15:00
2026-05-01,Asir,Business & Licensing,Mobile App,32021,12188,59.3,9.9,5.55,4.23,96.8,13,REGIONAL_UPLOAD,2026-07-09 03:15:00
2025-12-01,najran,Justice & Notary,Call Center,2733,1749,51.0,36.8,27.45,3.67,85.2,3,TAYSEER_DWH,2026-07-09 03:15:00
2025-08-01,Al-Baha,Municipal Services,Call Center,"3,647",2276,53.6,25.6,24.37,3.64,88.6,4,TAYSEER_DWH,2026-07-09 03:15:00
2025-09-01,Riyadh ,Justice & Notary,Mobile App,84479,31749,63.2%,10.0,4.66,4.38,99.4,33,REGIONAL_UPLOAD,2026-07-09 03:15:00
2026-03-01,Tabuk,Education & Training,Call Center,5503,3563,68.2%,15.0,21.06,3.86,89.8,6,TAYSEER_DWH,2026-07-09 03:15:00
2025-08-01,Makkah,Health Services,Call Center,69988,46133,62.5,17.6,-7.77,3.89,94.3,69,TAYSEER_DWH,2026-07-09 03:15:00
2026-05-01,Qassim,Health Services,Call Center,12028,7750,67.2,14.3,22.92,3.72,90.1,12,TAYSEER_DWH,2026-07-09 03:15:00
2025-08-01,Northern Borders,Traffic & Transport,Branch,3897,3180,61.1,24.1,52.84,3.61,89.0,3,TAYSEER_DWH,2026-07-09 03:15:00
2025-08-01,Hail,Labour & HR Services,Mobile App,10327,,63.9,6.8,4.03,4.42,99.5,4,TAYSEER_DWH,2026-07-09 03:15:00
2025-10-01,Jazan,Education & Training,Mobile App,22965,8658,51.0,3.9,4.32,4.29,92.7,9,REGIONAL_UPLOAD,2026-07-09 03:15:00
2026-03-01,Northern Borders,Justice & Notary,Call Center,1439,953,59.5,33.3,34.14,3.83,87.1,1,TAYSEER_DWH,2026-07-09 03:15:00
2025-08-01,Asir,Traffic & Transport,App,40385,15982,59.5,6.0,4.19,4.42,97.5,18,TAYSEER_DWH,2026-07-09 03:15:00
2025-08-01,Madinah,Social Support & Subsidies,Mobile App,24381,9322,59.3,7.7,4.31,4.68,96.8,3,TAYSEER_DWH,2026-07-09 03:15:00
2025-11-01,Qassim,Labour & HR Services,Branch,11271,,63.8,26.4,48.74,3.37,90.6,17,CHANNEL_API,2026-07-09 03:15:00
2026-06-01,Madinah,Social Support & Subsidies,Mobile App,26527,10282,130.6,8.0,4.23,4.73,96.3,3,TAYSEER_DWH,2026-07-09 03:15:00
2026-06-01,Al-Jouf,Social Support & Subsidies,Call Center,2790,1813,62.3,21.3,20.66,3.91,91.3,1,TAYSEER_DWH,2026-07-09 03:15:00
2025-08-01,najran,Business & Licensing,Mobile App,6712,2503,51.0,10.1,5.45,4.24,98.5,4,TAYSEER_DWH,2026-07-09 03:15:00
2025-08-01,Hail,Health Services,Call Center,5388,3534,63.8,14.8,22.44,4.11,89.8,4,REGIONAL_UPLOAD,2026-07-09 03:15:00
2025-07-01,Eastern Province,Business & Licensing,Branch,32410,-,63.9,44.1,56.35,3.49,89.0,42,TAYSEER_DWH,2026-07-09 03:15:00
2026-02-01,Al-Baha,Identity & Civil Affairs,Web  Portal,3810,2033,56.0,9.8,6.43,4.36,97.5,2,TAYSEER_DWH,2026-07-09 03:15:00
2026-01-01,Hail,Health Services,Web Portal,7969,4165,65.1,8.9,6.76,4.47,99.5,2,TAYSEER_DWH,2026-07-09 03:15:00
2025-09-01,Hail,Identity & Civil Affairs,Web Portal,8517,4412,66.4,9.2,6.39,4.47,99.5,2,TAYSEER_DWH,2026-07-09 03:15:00
2026-03-01,Al-Jouf,Identity & Civil Affairs,Call Center,5099,3369,64.4,19.8,22.27,4.05,94.8,3,REGIONAL_UPLOAD,2026-07-09 03:15:00
2025-08-01,Al-Baha,Municipal Services,Mobile App,6458,2439,53.6,7.5,4.4,4.35,98.9,3,TAYSEER_DWH,2026-07-09 03:15:00
2026-02-01,Al-Baha,Social Support & Subsidies,Branch,2513,1943,53.6,32.6,52.31,3.63,90.2,2,TAYSEER_DWH,2026-07-09 03:15:00
2026-06-01,Al-Baha,Business & Licensing,Branch,"4,339",3496,52.8,85.7,69.89,3.46,85.5,4,TAYSEER_DWH,2026-07-09 03:15:00
2025-11-01,Northern Borders,Labour & HR Services,Web Portal,2378,1153,61.1,9.1,6.84,4.47,99.5,1,REGIONAL_UPLOAD,2026-07-09 03:15:00
2026-06-01,Al-Baha,Traffic & Transport,Mobile App,9764,3631,56.5,5.6,,4.51,99.2,4,CHANNEL_API,2026-07-09 03:15:00
2026-02-01,Ha'il,Justice & Notary,Mobile App,5941,2316,164.8,9.8,5.33,4.36,97.2,3,TAYSEER_DWH,2026-07-09 03:15:00
2025-10-01,Jazan,Health Services,Web Portal,12672,6430,51.4,10.1,8.1,4.06,99.5,6,TAYSEER_DWH,2026-07-09 03:15:00
2026-03-01,Jazan,Identity & Civil Affairs,Call Center,22929,15504,49.1,20.3,25.12,3.57,87.0,27,TAYSEER_DWH,2026-07-09 03:15:00
2025-11-01,Tabuk,Identity & Civil Affairs,Call Center,8949,5675,64.0,16.9,22.17,3.6,90.8,9,REGIONAL_UPLOAD,2026-07-09 03:15:00
2026-03-01,Northern Borders,Labour & HR Services,Call Center,2578,1679,61.2,18.6,26.82,3.94,88.5,3,CHANNEL_API,2026-07-09 03:15:00
2025-08-01,Riyadh,Justice & Notary,Web Portal,35606,17750,62.9,17.0,7.59,4.14,96.4,11,TAYSEER_DWH,2026-07-09 03:15:00
2026-03-01,Northern Borders,Health Services,Web Portal,3575,1703,60.5%,9.1,7.64,4.48,99.5,1,TAYSEER_DWH,2026-07-09 03:15:00
2026-04-01,Najran,Identity & Civil Affairs,Call Center,7958,5339,52.0,19.7,NULL,3.82,88.3,5,TAYSEER_DWH,2026-07-09 03:15:00
2025-08-01,Madinah,Municipal Services,Call Center,13707,8448,58.7,25.5,26.8,3.79,91.0,10,TAYSEER_DWH,2026-07-09 03:15:00
2025-10-01,المنطقة الشرقية,Municipal Services,Web Portal,37964,19010,66.6,9.6,7.01,4.28,99.5,15,TAYSEER_DWH,2026-07-09 03:15:00
2025-07-01,Hail,Traffic & Transport,Branch,7341,5725,61.9,23.6,48.31,3.47,89.3,10,TAYSEER_DWH,2026-07-09 03:15:00
01/06/2026,Northern Borders,Business & Licensing,Web Portal,2082,1017,60.7,15.3,9.82,4.23,98.6,1,TAYSEER_DWH,2026-07-09 03:15:00
2026-01-01,northern borders,Traffic & Transport,Web Portal,3147,1704,61.1,7.8,6.55,4.4,99.2,1,TAYSEER_DWH,2026-07-09 03:15:00
01/03/2026,Najran,Health Services,Call Center,7977,4978,51.3,14.4,25.2,3.96,91.9,8,REGIONAL_UPLOAD,2026-07-09 03:15:00
2026-03-01,Eastern Province,Health Services,Web Portal,53425,26183,67.0,7.9,6.6,4.53,95.1,15,TAYSEER_DWH,2026-07-09 03:15:00
2026-03-01,Makkah,Health Services,Web Portal,80895,43167,63.1,7.9,6.43,4.3,99.4,35,CHANNEL_API,2026-07-09 03:15:00
2025-09-01,Hail,Municipal Services,Call Center,4644,2982,64.0,21.7,21.69,3.82,90.3,6,TAYSEER_DWH,2026-07-09 03:15:00
2026-05-01,المنطقة الشرقية,Health Services,Web Portal,52689,26993,67.1,8.5,6.19,4.42,95.7,14,TAYSEER_DWH,2026-07-09 03:15:00
2026-06-01,Tabuk,Municipal Services,Branch,8108,6870,63.9,36.9,61.22,3.12,91.3,9,CHANNEL_API,2026-07-09 03:15:00
2025-11-01,Qassim,Labour & HR Services,Mobile App,26978,10331,63.8,5.8,4.12,4.23,99.5,15,TAYSEER_DWH,2026-07-09 03:15:00
2025-09-01,Makkah,Labour & HR Services,MOBILE_APP,141077,52933,60.7,6.1,4.18,4.17,99.5,70,TAYSEER_DWH,2026-07-09 03:15:00
2026-03-01,Eastern Province,Justice & Notary,Call Center,16885,11103,66.2,29.5,27.71,3.8,90.8,15,TAYSEER_DWH,2026-07-09 03:15:00
2026-03-01,Aseer,Traffic & Transport,Branch Office,23979,19167,60.8,23.1,47.47,3.36,92.4,25,CHANNEL_API,2026-07-09 03:15:00
2026-01-01,NAJRAN,Education & Training,Call Center,4946,3115,55.6,15.6,20.53,3.89,90.7,4,TAYSEER_DWH,2026-07-09 03:15:00
08-01-2025,Al-Jouf,Business & Licensing,Call Center,2639,1691,60.2,27.6,26.99,3.62,91.3,3,CHANNEL_API,2026-07-09 03:15:00
2025-11-01,Makkah,Business & Licensing,Call Center,49614,32821,59.9,27.6,28.51,3.6,88.3,62,REGIONAL_UPLOAD,2026-07-09 03:15:00
2026-02-01,منطقة الحدود الشمالية,Education & Training,Web Portal,2367,1232,63.2,7.3,6.49,4.69,99.5,0,REGIONAL_UPLOAD,2026-07-09 03:15:00
2025-08-01,Makkah,Education & Training,Mobile App,216595,85503,62.7,5.4,3.85,4.57,98.6,49,TAYSEER_DWH,2026-07-09 03:15:00
2026-05-01,Jizan,Municipal Services,App,23539,8807,48.7,8.2,5.49,4.13,99.5,13,TAYSEER_DWH,2026-07-09 03:15:00
2025-08-01,منطقة حائل,Justice & Notary,Mobile App,5923,2337,59.3,12.3,5.81,4.36,96.7,3,REGIONAL_UPLOAD,2026-07-09 03:15:00
01/12/2025,Najran,Education & Training,Mobile App,9248,3790,55.7,5.4,3.74,4.49,96.0,4,TAYSEER_DWH,2026-07-09 03:15:00
2026-06-01,Qassim,Education & Training,Branch,"10,598",8546,67.4,20.3,43.95,3.47,93.4,12,REGIONAL_UPLOAD,2026-07-09 03:15:00
2025-08-01,makkah al-mukarramah,Social Support & Subsidies,Branch,56036,45275,59.6,34.8,50.95,3.35,92.1,48,TAYSEER_DWH,2026-07-09 03:15:00
2026-05-01,Al-Baha,Municipal Services,Branch,4834,3994,54.4,33.6,53.64,3.33,91.9,5,TAYSEER_DWH,2026-07-09 03:15:00
2025-08-01,Hail,Business & Licensing,Mobile App,8817,3318,60.4,10.5,5.31,4.32,98.3,3,CHANNEL_API,2026-07-09 03:15:00
2025-09-01,Qassim,Social Support & Subsidies,Call Center,6258,4065,64.1,17.2,21.97,3.71,88.9,6,TAYSEER_DWH,2026-07-09 03:15:00
2026-05-01,Makkah,Education & Training,Branch,93731,81581,64.1,25.5,43.47,null,95.9,103,TAYSEER_DWH,2026-07-09 03:15:00
2026-01-01,Al-Jouf,Traffic & Transport,Mobile App,12152,4904,65.3,5.7,3.73,4.43,99.5,4,TAYSEER_DWH,2026-07-09 03:15:00
2026-05-01,Hail,Business & Licensing,Web Portal,3634,1866,62.3,14.5,8.83,4.09,99.5,2,REGIONAL_UPLOAD,2026-07-09 05:40:00
2026-04-01,Riyadh,Identity & Civil Affairs,Mobile App,251772,93506,67.8,6.0,3.74,4.72,97.3,28,TAYSEER_DWH,2026-07-09 03:15:00
2026-02-01,Riyadh,Traffic & Transport,Web Portal,70967,36000,67.7,6.6,5.49,4.28,97.7,32,REGIONAL_UPLOAD,2026-07-09 03:15:00
2026-05-01,Hail,Social Support & Subsidies,Mobile App,10404,4088,62.9,7.2,4.18,4.53,97.9,3,TAYSEER_DWH,2026-07-09 03:15:00
2026-01-01,Najran,Social Support & Subsidies,Mobile App,7061,2773,52.3,7.9,4.18,4.37,99.5,3,REGIONAL_UPLOAD,2026-07-09 03:15:00
2025-08-01,Madinah,Education & Training,Web Portal,25638,13160,63.9%,7.9,6.38,4.58,99.5,5,REGIONAL_UPLOAD,2026-07-09 03:15:00
2025-11-01,Al-Baha,Health Services,Web Portal,4230,2065,56.3,9.8,7.07,4.24,98.1,3,TAYSEER_DWH,2026-07-09 03:15:00
2025-12-01,Aseer,Municipal Services,Call Center,14930,10049,61.1,21.2,24.94,3.65,91.5,16,TAYSEER_DWH,2026-07-09 03:15:00
2025-08-01,Najran,Municipal Services,Web Portal,3544,1819,50.3,13.0,7.48,4.05,96.2,2,TAYSEER_DWH,2026-07-09 03:15:00
01/02/2026,Asir,Justice & Notary,Branch,8909,7350,56.4,147.8,72.01,3.27,83.7,15,REGIONAL_UPLOAD,2026-07-09 03:15:00
2026-03-01,Riyadh,Education & Training,Web Portal,70197,36419,69.3,7.3,5.62,4.52,96.9,22,REGIONAL_UPLOAD,2026-07-09 03:15:00
Feb-2026,Riyadh,Health Services,Call Center,"64,018",40260,68.4,13.5,20.18,4.11,94.1,38,REGIONAL_UPLOAD,2026-07-09 03:15:00
2025-07-01,Madinah,Identity & Civil Affairs,Web Portal,20879,10862,59.8,11.9,7.18,4.46,98.5,4,TAYSEER_DWH,2026-07-09 03:15:00
2026-06-01,Qassim,Health Services,call center,12114,7718,67.2,14.0,21.25,3.77,86.7,12,TAYSEER_DWH,2026-07-09 03:15:00
2025-12-01,Hail,Education & Training,web portal,5438,2803,66.7,7.2,6.25,4.35,99.5,3,REGIONAL_UPLOAD,2026-07-09 03:15:00
2026-05-01,Northern Borders,Identity & Civil Affairs,Branch,4953,4073,62.4,29.9,60.17,3.87,89.2,4,TAYSEER_DWH,2026-07-09 03:15:00
01/03/2026,Qassim,Justice & Notary,Call Center,5561,3523,62.9,29.1,25.98,3.36,91.8,7,REGIONAL_UPLOAD,2026-07-09 03:15:00
01/02/2026,Eastern Province,Labour & HR Services,Mobile App,78523,31783,66.9,5.6,n/a,4.66,95.9,13,TAYSEER_DWH,2026-07-09 03:15:00
2026-03-01,Asir,Identity & Civil Affairs, Branch,27181,22887,62.0%,27.1,55.39,3.62,90.2,32,TAYSEER_DWH,2026-07-09 03:15:00
2026-03-01,Madinah,Traffic & Transport,Call Center,20035,12074,61.5%,15.2,19.63,3.85,92.9,27,TAYSEER_DWH,2026-07-09 03:15:00
2026-02-01,Hail,Business & Licensing,Web Portal,3747,1907,62.5,14.9,,4.04,97.9,3,TAYSEER_DWH,2026-07-09 03:15:00
2026/03/01,Northern Borders,Social Support & Subsidies,Branch,2572,2122,59.6,30.6,59.29,3.83,87.7,2,TAYSEER_DWH,2026-07-09 03:15:00
2026-04-01,Northern Borders,Justice & Notary,Web Portal,1396,697,59.4,17.2,9.49,4.29,97.8,1,TAYSEER_DWH,2026-07-09 03:15:00
2025-08-01,Asir,Justice & Notary,Web Portal,7255,3802,55.4,19.1,9.84,4.13,98.2,4,CHANNEL_API,2026-07-09 03:15:00
2025-09-01,Al-Jouf,Identity & Civil Affairs,Web Portal,5736,2965,62.9,9.2,7.04,4.34,96.5,2,TAYSEER_DWH,2026-07-09 03:15:00
2026-06-01,Eastern Province,Justice & Notary,Call Center,17456,11248,66.3,28.3,27.7,3.91,92.5,15,TAYSEER_DWH,2026-07-09 03:15:00
2025-07-01,Hail,Labour & HR Services,Mobile App,"10,563",4047,63.7,6.4,4.22,4.59,97.9,3,TAYSEER_DWH,2026-07-09 03:15:00
2026-03-01,Northern Borders,Justice & Notary,Branch,1903,1595,59.5,50.1,72.14,3.56,85.1,2,TAYSEER_DWH,2026-07-09 03:15:00
2026-06-01,Al-Baha,Social Support & Subsidies,Mobile App,5595,2193,54.0,7.2,4.56,4.48,98.7,2,REGIONAL_UPLOAD,2026-07-09 03:15:00
2026-02-01,Hail,Municipal Services,Mobile App,"12,168",4724,65.2,7.5,4.33,4.42,99.5,5,CHANNEL_API,2026-07-09 03:15:00
2025/07/01,Hail,Municipal Services,Mobile App,12716,4867,62.7,8.3,4.21,4.39,95.4,3,TAYSEER_DWH,2026-07-09 03:15:00
2026-03-01,Jazan,Health Services,Call Center,19355,12174,51.4,16.4,27.67,3.7,91.3,18,REGIONAL_UPLOAD,2026-07-09 03:15:00
2025-10-01,Asir,Health Services,Web Portal,22037,11376,59.1,8.5,7.5,4.23,99.5,14,REGIONAL_UPLOAD,2026-07-09 03:15:00
2025-08-01,Al-Jouf,Business & Licensing,Mobile App,6354,2464,60.2%,10.7,5.14,4.31,96.3,2,TAYSEER_DWH,2026-07-09 03:15:00
2026-05-01,Qassim,Identity & Civil Affairs,Web Portal,14951,7544,67.0,10.1,n/a,4.06,98.0,13,TAYSEER_DWH,2026-07-09 03:15:00
2025-09-01,Riyadh,Social Support & Subsidies,Mobile App,107078,41640,66.4,6.4,3.92,4.58,95.7,26,TAYSEER_DWH,2026-07-09 03:15:00
2026-03-01,Northern Borders,Health Services,Branch,4722,3901,60.5,28.4,56.48,3.89,89.9,3,TAYSEER_DWH,2026-07-09 03:15:00
2026-06-01,Asir,Business & Licensing,Web Portal,10734,5671,59.3,14.6,10.07,4.0,98.6,7,CHANNEL_API,2026-07-09 03:15:00
2025-07-01,Northern Borders,Health Services,Branch,4465,3556,60.3,28.0,NULL,3.84,90.6,4,TAYSEER_DWH,2026-07-09 03:15:00
2026-06-01,Madinah,Business & Licensing,Branch,16115,13935,61.5%,44.2,61.73,3.74,87.4,15,TAYSEER_DWH,2026-07-09 03:15:00
2025-11-01,Hail,Social Support & Subsidies,Call Center,3392,2198,61.9,17.0,21.98,3.85,93.0,3,REGIONAL_UPLOAD,2026-07-09 03:15:00
2025-12-01,Al-Jouf,Health Services,Branch,6254,5057,61.7,29.8,48.58,3.65,n/a,6,TAYSEER_DWH,2026-07-09 03:15:00
2025-10-01,Asir,Justice & Notary,Branch,10902,8813,55.7,140.2,64.36,3.26,n/a,19,TAYSEER_DWH,2026-07-09 03:15:00
2025-08-01,Hail,Health Services,Branch,7317,5844,63.8,26.2,52.27,3.9,89.9,8,TAYSEER_DWH,2026-07-09 03:15:00
2026-03-01,Najran,Identity & Civil Affairs,Web Portal,5698,2956,51.9,11.4,7.17,4.17,99.5,3,TAYSEER_DWH,2026-07-09 03:15:00
2026-05-01,Al-Jouf,Traffic & Transport,Call Center,4201,2642,65.3,15.7,20.56,3.81,87.6,4,TAYSEER_DWH,2026-07-09 03:15:00
2026-02-01,Tabuk,Labour & HR Services,Web Portal,6032,3029,67.0,10.7,6.24,3.9,98.1,5,REGIONAL_UPLOAD,2026-07-09 03:15:00
2025-10-01,Jazan,Labour & HR Services,Call Center,12710,8174,47.6%,18.2,26.08,3.46,92.5,17,TAYSEER_DWH,2026-07-09 03:15:00
2025-12-01,Eastern Province,Health Services,Mobile App,145146,55239,66.5,5.4,4.22,4.67,99.5,17,TAYSEER_DWH,2026-07-09 03:15:00
2025-11-01,Tabuk,Business & Licensing,Web Portal,6365,3426,63.0,15.9,8.88,3.82,99.5,6,REGIONAL_UPLOAD,2026-07-09 03:15:00
2025-09-01,Asir,Justice & Notary,Mobile App,18908,7018,55.5,12.9,5.46,4.36,99.5,9,TAYSEER_DWH,2026-07-09 03:15:00
2026-03-01,Jazan,Justice & Notary,Call Center,8658,,45.8%,33.1,32.23,3.41,87.7,9,TAYSEER_DWH,2026-07-09 03:15:00
2026-05-01,Eastern Province,Justice & Notary,Mobile App,52108,20098,65.5,10.0,5.19,4.41,96.7,20,TAYSEER_DWH,2026-07-09 03:15:00
2026-05-01,Asir,Health Services,Web Portal,20177,10493,60.0,8.6,8.2,4.33,97.4,8,REGIONAL_UPLOAD,2026-07-09 03:15:00
2026-04-01,Northern Borders,Health Services,Call Center,3595,2343,61.0,16.0,25.67,4.02,89.9,3,TAYSEER_DWH,2026-07-09 03:15:00
2025-12-01,Northern Borders,Traffic & Transport,Call Center,3918,2435,61.8,16.2,,3.81,92.6,4,REGIONAL_UPLOAD,2026-07-09 03:15:00
2025-12-01,Hail,Social Support & Subsidies,Call Center,3470,2291,61.8,20.1,22.82,3.77,89.7,3,TAYSEER_DWH,2026-07-09 03:15:00
2026-02-01,Hail,Education & Training,Mobile App,12927,5097,66.8,5.0,3.64,4.58,99.5,4,REGIONAL_UPLOAD,2026-07-09 03:15:00
2026-04-01,Madinah,Social Support & Subsidies,Call Center,11581,7300,60.7,19.8,21.19,4.14,89.1,7,TAYSEER_DWH,2026-07-09 03:15:00
2025-09-01,Riyadh,Education & Training,Mobile App,232078,-,68.4,5.2,3.37,4.62,98.0,44,TAYSEER_DWH,2026-07-09 03:15:00
2026-06-01,Madinah,Traffic & Transport,Web Portal,18077,8980,61.9,9.2,5.77,4.48,97.7,7,TAYSEER_DWH,2026-07-09 03:15:00
2026-02-01,Makkah,Social Support & Subsidies,Web Portal,38294,19441,60.0,10.7,6.54,4.08,97.5,26,TAYSEER_DWH,2026-07-09 03:15:00
2026-03-01,Najran,Traffic & Transport,Branch,8467,6714,54.5,28.1,47.94,3.48,91.3,13,REGIONAL_UPLOAD,2026-07-09 03:15:00
2025-11-01,Asir,Identity & Civil Affairs,Branch,29810,23910,61.5,30.8,51.97,3.54,86.9,30,REGIONAL_UPLOAD,2026-07-09 03:15:00
2026-01-01,Hail,Education & Training,Web Portal,5554,2844,66.8,7.9,6.21,4.44,97.6,2,REGIONAL_UPLOAD,2026-07-09 03:15:00
2026-05-01,Tabuk,Traffic & Transport,Mobile App,22991,8851,63.9,5.8,3.9,4.1,99.5,18,TAYSEER_DWH,2026-07-09 03:15:00
2025-09-01,Tabuk,Social Support & Subsidies,Mobile App,12245,4761,62.9,7.0,3.99,4.38,99.1,4,TAYSEER_DWH,2026-07-09 03:15:00
2026-01-01,منطقة الحدود الشمالية,Social Support & Subsidies,Branch,2631,2202,59.5,35.8,54.29,3.74,89.7,2,TAYSEER_DWH,2026-07-09 03:15:00
03-01-2026,Hail,Social Support & Subsidies,Mobile App,9377,3447,62.7,7.3,4.23,4.69,99.0,1,TAYSEER_DWH,2026-07-09 03:15:00
2025-11-01,Jazan,Justice & Notary,Web Portal,"4,627",2392,46.0,19.5,10.38,3.81,98.3,5,REGIONAL_UPLOAD,2026-07-09 05:40:00
2025/09/01,TABUK ,Business & Licensing,Branch,6936,5580,62.8,50.8,61.51,3.02,87.0,6,REGIONAL_UPLOAD,2026-07-09 03:15:00
2025-11-01,Makkah,Municipal Services,Call Center,58341,NA,60.7,22.2,25.35,3.69,93.2,48,TAYSEER_DWH,2026-07-09 03:15:00
2026-02-01,Najran,Social Support & Subsidies,Mobile App,5926,2300,52.0,7.8,4.11,4.35,99.2,3,CHANNEL_API,2026-07-09 03:15:00
2026-06-01,Qassim,Labour & HR Services,Mobile App,26115,9570,64.7,5.8,4.26,4.25,98.6,13,TAYSEER_DWH,2026-07-09 03:15:00
2026-05-01,Hail,Health Services,Call Center,6195,4195,65.6,17.2,21.47,4.02,92.5,5,TAYSEER_DWH,2026-07-09 03:15:00
2026-02-01,Madinah,Municipal Services,Call Center,13787,8995,60.2,24.0,24.07,4.06,90.6,6,REGIONAL_UPLOAD,2026-07-09 03:15:00
2026-04-01,Eastern Province,Municipal Services,Call Center,29590,19274,68.5,17.6,21.65,3.77,91.3,31,REGIONAL_UPLOAD,2026-07-09 03:15:00
04-01-2026,Al-Jouf,Justice & Notary,Branch,2704,2311,59.9,48.3,57.91,3.58,90.1,3,TAYSEER_DWH,2026-07-09 03:15:00
2026-03-01,Tabuk,Social Support & Subsidies,Call Center,4793,3132,63.5,22.8,NULL,3.69,89.8,6,TAYSEER_DWH,2026-07-09 03:15:00
2026/01/01,Eastern Province,Identity & Civil Affairs,Mobile App,137041,52585,65.8%,6.5,3.74,4.63,94.3,21,TAYSEER_DWH,2026-07-09 03:15:00
2026-01-01,Riyadh,Traffic & Transport,Branch,74374,64598,68.0,20.6,42.38,3.68,90.0,61,TAYSEER_DWH,2026-07-09 03:15:00
2026-03-01,منطقة عسير,Traffic & Transport,Web  Portal,19261,9759,60.8,7.5,6.33,4.09,97.4,12,REGIONAL_UPLOAD,2026-07-09 03:15:00
2025-10-01,Najran,Identity & Civil Affairs,Web Portal,5457,2836,51.5,9.4,6.87,4.29,93.7,3,TAYSEER_DWH,2026-07-09 03:15:00
2026-03-01,Qassim,Justice & Notary,Web Portal,5650,2795,62.9,14.5,8.03,3.85,97.5,5,TAYSEER_DWH,2026-07-09 03:15:00
2026-02-01,Makkah,Business & Licensing,Branch,40784,36008,60.9,108.5,62.57,3.32,86.6,36,REGIONAL_UPLOAD,2026-07-09 03:15:00
2026-05-01,Al-Baha,Labour & HR Services,Branch,4026,3352,56.9,31.3,48.13,3.61,90.7,4,TAYSEER_DWH,2026-07-09 03:15:00
2026-02-01,Asir,Social Support & Subsidies,Mobile App,23310,9507,57.3,6.6,4.59,4.31,99.5,12,TAYSEER_DWH,2026-07-09 03:15:00
2025-08-01,Tabuk,Justice & Notary, Branch,4320,3657,62.8,53.5,,3.27,89.8,6,CHANNEL_API,2026-07-09 03:15:00
2025-11-01,Najran,Justice & Notary,Web Portal,"2,138",1087,50.0%,21.6,8.1,3.97,96.4,1,REGIONAL_UPLOAD,2026-07-09 03:15:00
2025-12-01,Najran,Business & Licensing,Call Center,4729,3012,51.0,29.5,27.58,3.62,89.9,6,TAYSEER_DWH,2026-07-09 03:15:00
2026-05-01,Hail,Identity & Civil Affairs,Call Center,6152,3952,68.2,16.4,21.39,3.91,92.6,5,TAYSEER_DWH,2026-07-09 03:15:00
2026-05-01,Northern Borders,Justice & Notary,Web Portal,1458,774,59.7,16.0,9.4,4.28,97.8,1,REGIONAL_UPLOAD,2026-07-09 03:15:00
2025-07-01,Asir,Justice & Notary,Web Portal,8029,4180,55.7,16.7,9.26,4.03,95.9,6,TAYSEER_DWH,2026-07-09 03:15:00
2025-09-01,Madinah,Health Services,Web Portal,22376,11294,61.3,9.3,7.0,4.64,99.5,4,TAYSEER_DWH,2026-07-09 03:15:00
2026-06-01,Tabuk,Justice & Notary,Call Center,3611,2249,64.3,33.7,28.14,3.54,91.6,6,REGIONAL_UPLOAD,2026-07-09 03:15:00
2026-03-01,Hail,Education & Training,MOBILE_APP,14947,5702,67.8,4.8,3.72,-,98.2,4,TAYSEER_DWH,2026-07-09 03:15:00
2025-08-01,Tabuk,Identity & Civil Affairs,Branch,12402,9921,62.9,32.0,52.25,3.38,86.5,16,REGIONAL_UPLOAD,2026-07-09 03:15:00
2025-07-01,Madinah,Business & Licensing,Mobile App,28948,11033,59.4,12.0,5.12,4.42,97.7,12,REGIONAL_UPLOAD,2026-07-09 03:15:00
2026-06-01,Tabuk,Social Support & Subsidies,Mobile App,13393,5344,64.2,0.0,4.83,4.35,99.5,7,TAYSEER_DWH,2026-07-09 03:15:00
2025-11-01,Al-Jouf,Business & Licensing,Call Center,2905,1922,60.8,28.7,27.73,3.75,91.4,3,TAYSEER_DWH,2026-07-09 03:15:00
2025-10-01,Makkah,Education & Training,Branch,79085,,63.4%,23.8,43.7,3.51,92.6,74,TAYSEER_DWH,2026-07-09 03:15:00
2025-12-01,Hail,Labour & HR Services,Call Center,3892,2463,64.6%,16.2,23.21,3.84,88.4,4,TAYSEER_DWH,2026-07-09 03:15:00
2026-05-01,Asir,Justice & Notary,Call Center,8766,5925,56.3,30.3,29.37,3.62,90.9,7,TAYSEER_DWH,2026-07-09 03:15:00
01/02/2026,Makkah,Education & Training,Call Center,49646,33930,63.6%,14.9,20.41,3.73,89.9,40,REGIONAL_UPLOAD,2026-07-09 03:15:00
2026-02-01,Tabuk,Traffic & Transport,Call Center,7045,4557,64.6,16.5,22.32,3.49,89.3,10,REGIONAL_UPLOAD,2026-07-09 03:15:00
2025/09/01,Jazan,Social Support & Subsidies,Branch,12636,10496,48.9,38.3,61.5,3.41,84.6,11,TAYSEER_DWH,2026-07-09 03:15:00
2025-07-01,Eastern Province,Justice & Notary,Branch,22159,18440,64.5,49.9,60.0,3.42,86.0,28,CHANNEL_API,2026-07-09 03:15:00
2025-08-01,Tabuk,Labour & HR Services,Call Center,4796,3170,65.8,18.5,22.04,3.57,93.7,6,REGIONAL_UPLOAD,2026-07-09 05:40:00
2026-05-01,Qassim,Health Services,Mobile App,37325,14549,67.2,5.2,3.99,4.44,99.5,13,TAYSEER_DWH,2026-07-09 03:15:00
2026-06-01,Jazan,Traffic & Transport,WEB,11178,5914,52.3,8.3,6.88,3.86,99.5,11,TAYSEER_DWH,2026-07-09 03:15:00
2026-04-01,Makkah,Business & Licensing,Mobile App,132459,52036,61.1,10.7,5.04,4.24,98.5,67,TAYSEER_DWH,2026-07-09 03:15:00
2026/05/01,Jazan,Business & Licensing,Call Center,12773,8117,49.0,33.1,29.64,3.34,90.6,13,TAYSEER_DWH,2026-07-09 03:15:00
2026-02-01,Najran,Traffic & Transport,Mobile App,11305,4280,53.9,5.8,3.86,null,99.5,6,TAYSEER_DWH,2026-07-09 03:15:00
2026-02-01,Asir,Business & Licensing,Mobile App,25294,9608,59.0,10.5,5.73,4.29,97.9,13,TAYSEER_DWH,2026-07-09 03:15:00
2025-10-01,Al-Jouf,Justice & Notary,Web Portal,2058,1039,59.5,17.7,8.44,4.04,97.5,1,REGIONAL_UPLOAD,2026-07-09 03:15:00
2026-01-01,منطقة عسير,Traffic & Transport,Web Portal,19475,-,60.1,8.1,6.65,4.12,99.5,10,CHANNEL_API,2026-07-09 03:15:00
2025-07-01,Asir,Identity & Civil Affairs,Call Center,19746,12603,61.7,20.8,21.84,3.75,90.8,14,TAYSEER_DWH,2026-07-09 03:15:00
2026-04-01,Al-Baha,Education & Training,Mobile App,7922,3327,56.5,4.9,3.71,4.67,95.9,1,TAYSEER_DWH,2026-07-09 03:15:00
2025-12-01,Asir,Health Services,Call Center,21969,14081,59.5,15.8,25.03,3.89,91.1,19,TAYSEER_DWH,2026-07-09 03:15:00
2025-09-01,Tabuk,Identity & Civil Affairs,Branch,12450,10153,63.1%,32.6,50.45,3.28,88.0,16,TAYSEER_DWH,2026-07-09 03:15:00
2026-05-01,Madinah,Business & Licensing,Mobile App,41835,16320,61.3,11.1,4.7,4.48,98.5,15,TAYSEER_DWH,2026-07-09 03:15:00
2026-06-01,Eastern Province,Identity & Civil Affairs,CALL_CENTRE,45769,29650,66.1,16.4,19.4,4.03,87.8,23,TAYSEER_DWH,2026-07-09 03:15:00
2025-12-01,Riyadh,Labour & HR Services,Mobile App,153687,59144,69.6,5.6,3.88,4.7,99.5,24,REGIONAL_UPLOAD,2026-07-09 03:15:00
2025-09-01,Asir,Traffic & Transport,Mobile App,46003,17464,59.6,5.9,3.82,4.52,99.3,18,TAYSEER_DWH,2026-07-09 03:15:00
2026-06-01,Jazan,Labour & HR Services,MOBILE_APP,22893,9152,48.8,7.6,4.74,4.19,98.1,14,TAYSEER_DWH,2026-07-09 03:15:00
2026-02-01,Riyadh,Traffic & Transport,Call Center,52376,34255,67.7,13.3,19.31,3.8,92.7,58,REGIONAL_UPLOAD,2026-07-09 03:15:00
2025-07-01,Asir,Education & Training,Mobile App,37116,13959,60.7,5.0,3.98,4.49,92.9,14,TAYSEER_DWH,2026-07-09 03:15:00
11-01-2025,Jizan,Identity & Civil Affairs,Branch,26818,21273,48.8,29.9,57.67,3.33,91.6,19,REGIONAL_UPLOAD,2026-07-09 03:15:00
2026-01-01,Sharqiyah,Municipal Services,Branch,35406,28617,67.8,30.9,51.96,3.6,89.9,27,TAYSEER_DWH,2026-07-09 03:15:00
2026-01-01,Makkah,Education & Training,Branch,67156,54906,63.3,25.1,45.43,3.57,90.9,69,TAYSEER_DWH,2026-07-09 03:15:00
2025-12-01,Qassim,Traffic & Transport,Web Portal,17334,9179,65.6,8.5,5.8,3.84,98.9,17,REGIONAL_UPLOAD,2026-07-09 03:15:00
2026/01/01,Eastern Province,Identity & Civil Affairs,Call Center,41624,26535,65.8,17.3,19.3,3.93,87.3,34,REGIONAL_UPLOAD,2026-07-09 03:15:00
Dec-2025,najran,Labour & HR Services,Branch,5309,4357,51.2,31.0,49.13,3.43,87.6,5,TAYSEER_DWH,2026-07-09 03:15:00
2026/01/01,Hail,Justice & Notary,Web Portal,2784,1422,60.0%,17.2,8.66,4.11,99.5,2,REGIONAL_UPLOAD,2026-07-09 03:15:00
2025-09-01,Eastern Province,Health Services,Web Portal,60686,31321,66.0,8.5,7.31,4.36,98.2,26,REGIONAL_UPLOAD,2026-07-09 03:15:00
2025-07-01,Northern Borders,Identity & Civil Affairs,Web Portal,4120,2083,62.2,12.1,7.42,4.44,97.7,1,TAYSEER_DWH,2026-07-09 03:15:00
2026-03-01,Tabuk,Education & Training,Mobile App,19544,7645,68.2,5.3,4.12,4.27,99.5,7,TAYSEER_DWH,2026-07-09 03:15:00
2025-11-01,Makkah,Labour & HR Services,Branch,74945,63711,61.0,32.1,50.19,3.38,87.4,101,REGIONAL_UPLOAD,2026-07-09 03:15:00
2026-06-01,Riyadh,Social Support & Subsidies,BRANCH,"45,450",,67.7,28.1,49.29,3.73,90.2,44,TAYSEER_DWH,2026-07-09 03:15:00
2025-11-01,Qassim,Municipal Services,Call Center,9295,6287,62.7,20.1,22.24,3.55,90.5,11,TAYSEER_DWH,2026-07-09 03:15:00
2026-06-01,Riyadh,Business & Licensing,Mobile App,"152,507",60350,64.6,8.7,4.44,4.41,95.7,64,TAYSEER_DWH,2026-07-09 03:15:00
2026-06-01,Makkah,Justice & Notary,Web Portal,31595,15572,60.6,16.6,8.5,3.87,95.1,25,REGIONAL_UPLOAD,2026-07-09 03:15:00
2025/08/01,Makkah,Business & Licensing,Web Portal,52235,27208,60.1,17.0,8.14,3.9,97.1,28,TAYSEER_DWH,2026-07-09 03:15:00
2025-11-01,'Asir,Health Services,Mobile App,48606,18096,59.4,6.1,4.78,4.51,99.5,15,TAYSEER_DWH,2026-07-09 03:15:00
2026-04-01,Jazan,Education & Training,Web Portal,8657,4497,50.9,7.4,7.19,4.02,97.1,7,TAYSEER_DWH,2026-07-09 03:15:00
2025-07-01,Al-Baha,Business & Licensing,Web Portal,2367,1210,52.5,14.7,8.68,3.93,98.1,2,TAYSEER_DWH,2026-07-09 03:15:00
2025-08-01,Al-Baha,Traffic & Transport,Call Center,4468,2839,55.3,16.7,21.88,3.7,90.3,4,TAYSEER_DWH,2026-07-09 03:15:00
2025-10-01,Riyadh,Education & Training,web portal,71166,36076,69.0,7.3,5.35,4.43,99.5,22,TAYSEER_DWH,2026-07-09 03:15:00
2025-07-01,Najran,Labour & HR Services,Mobile App,7677,3004,51.5,6.2,n/a,4.38,98.4,3,REGIONAL_UPLOAD,2026-07-09 03:15:00
2025-12-01,Northern Borders,Labour & HR Services,Branch,2878,2322,61.5,30.1,54.56,3.74,89.2,3,REGIONAL_UPLOAD,2026-07-09 03:15:00
2025/09/01,Najran,Business & Licensing,Web Portal,3362,,51.4,16.2,NULL,3.89,99.5,3,TAYSEER_DWH,2026-07-09 03:15:00
2026-01-01,Makkah,Identity & Civil Affairs,Mobile App,234416,88902,66.2,6.2,3.96,4.33,95.6,121,CHANNEL_API,2026-07-09 03:15:00
2026-05-01,Al-Baha,Identity & Civil Affairs,Call Center,5321,3416,56.0,19.5,23.0,3.96,91.8,4,TAYSEER_DWH,2026-07-09 03:15:00
01/04/2026,Makkah,Traffic & Transport,Call Center,76536,49910,62.9,16.7,20.1,3.7,87.2,87,REGIONAL_UPLOAD,2026-07-09 03:15:00
2025-12-01,AL-JOUF,Health Services,Mobile App,13743,5548,61.7%,5.6,4.31,4.53,97.5,3,TAYSEER_DWH,2026-07-09 03:15:00
2025-08-01,Eastern Province,Traffic & Transport,Branch,43890,37646,66.9,23.7,43.22,3.58,93.5,44,TAYSEER_DWH,2026-07-09 03:15:00
2026-02-01,Makkah,Municipal Services,Call Center,50599,33506,60.9,22.0,25.4,3.43,88.5,61,TAYSEER_DWH,2026-07-09 03:15:00
2025-10-01,Jazan,Health Services,Branch,24643,20937,51.4,29.6,58.57,3.44,89.7,24,CHANNEL_API,2026-07-09 03:15:00
04-01-2026,Riyadh,Labour & HR Services,Branch,"52,652",43521,70.0,27.9,51.41,3.7,91.4,52,TAYSEER_DWH,2026-07-09 03:15:00
Feb-2026,Jazan,Education & Training,Mobile App,"20,637",7845,50.9,5.7,4.07,4.32,97.2,10,TAYSEER_DWH,2026-07-09 03:15:00
2025-11-01,Asir,Business & Licensing,Call Center,13095,8781,59.0,25.2,,3.56,85.9,15,REGIONAL_UPLOAD,2026-07-09 03:15:00
2026-04-01,Al-Jouf,Justice & Notary,Call Center,1875,1263,59.9,27.6,28.22,3.71,92.2,2,TAYSEER_DWH,2026-07-09 03:15:00
2025-09-01,Eastern Province,Education & Training,Call Center,42812,27902,67.7,15.0,18.01,4.1,88.7,16,REGIONAL_UPLOAD,2026-07-09 03:15:00
2026-03-01,Hail,Education & Training,Call Center,4311,2847,67.8,15.1,20.17,4.04,90.1,3,CHANNEL_API,2026-07-09 03:15:00
2025-07-01,Northern Borders,Labour & HR Services,Web Portal,"2,354",1158,60.8,9.3,8.51,4.38,98.9,1,REGIONAL_UPLOAD,2026-07-09 03:15:00
Nov-2025,Eastern Province,Justice & Notary,Branch,21055,17290,65.5,44.4,58.7,3.57,90.1,25,TAYSEER_DWH,2026-07-09 03:15:00
2025-07-01,Asir,Social Support & Subsidies,Web Portal,10794,5721,56.9,11.1,6.82,4.11,97.1,5,TAYSEER_DWH,2026-07-09 03:15:00
2026-06-01,Madinah,Health Services,Call Center,20480,12587,63.2%,17.1,22.3,4.27,90.9,9,REGIONAL_UPLOAD,2026-07-09 03:15:00
2026-02-01,Hail,Identity & Civil Affairs,Branch,5705,4607,67.4,34.5,53.62,3.65,90.3,7,REGIONAL_UPLOAD,2026-07-09 03:15:00
2025-09-01,Northern Borders,Justice & Notary,Web Portal,1479,763,59.0,17.9,9.48,4.24,98.9,1,REGIONAL_UPLOAD,2026-07-09 03:15:00
2026-06-01,Asir,Justice & Notary,Branch,11673,9794,55.9,112.2,74.33,3.3,87.8,23,TAYSEER_DWH,2026-07-09 03:15:00
2025-08-01,Najran,Justice & Notary,Mobile App,4608,1823,50.1,12.3,5.21,4.18,99.5,3,TAYSEER_DWH,2026-07-09 03:15:00
2026-01-01,Hail,Social Support & Subsidies,Mobile App,9800,3674,62.6,6.0,4.56,N/A,98.8,1,TAYSEER_DWH,2026-07-09 03:15:00
2026/01/01,Northern Borders,Justice & Notary,Call Center,1501,1003,59.0,32.8,32.87,3.81,90.1,1,REGIONAL_UPLOAD,2026-07-09 05:40:00
2025-09-01,Najran,Traffic & Transport,Mobile App,12458,4849,54.1,5.9,3.54,4.25,98.2,5,TAYSEER_DWH,2026-07-09 03:15:00
2026-04-01,Hail,Identity & Civil Affairs,Web Portal,8942,4583,67.0,9.8,7.26,4.4,96.8,4,TAYSEER_DWH,2026-07-09 03:15:00
2026/05/01,Riyadh,Municipal Services,Branch,64952,52395,66.3,27.5,49.08,3.5,92.6,75,TAYSEER_DWH,2026-07-09 03:15:00
2025-12-01,AL-JOUF,Education & Training,Call Center,3466,2259,62.4,12.3,19.53,3.97,90.8,2,TAYSEER_DWH,2026-07-09 03:15:00
2026-02-01,Eastern Province,Identity & Civil Affairs,Branch,"40,008",31579,65.6,27.8,46.04,3.76,91.4,32,TAYSEER_DWH,2026-07-09 03:15:00
2025-11-01,Makkah ,Social Support & Subsidies,Call Center,43325,28622,59.7,20.4,21.59,3.8,93.0,44,REGIONAL_UPLOAD,2026-07-09 03:15:00
2026-03-01,Al-Baha,Education & Training,Branch,4577,3666,56.8,23.4,47.22,3.63,90.4,5,TAYSEER_DWH,2026-07-09 03:15:00
2026-03-01,EASTERN PROVINCE,Municipal Services,Web Portal,38581,19997,68.0,11.5,7.3,4.17,99.5,24,TAYSEER_DWH,2026-07-09 03:15:00
2025-08-01,Northern Borders,Labour & HR Services,Web Portal,"2,478",1240,61.2,10.7,7.7,4.34,98.4,1,CHANNEL_API,2026-07-09 03:15:00
2025/07/01,Eastern Province,Health Services,Call Center,42224,26351,65.4,16.1,21.41,4.0,88.4,31,TAYSEER_DWH,2026-07-09 03:15:00
2026-01-01,Najran,Labour & HR Services,Web Portal,3492,1777,51.8,10.1,7.38,3.97,99.0,4,TAYSEER_DWH,2026-07-09 03:15:00
2026-02-01,Tabuk,Education & Training,Call Center,5149,3243,67.5,15.6,20.42,3.62,89.0,5,CHANNEL_API,2026-07-09 03:15:00
2025-12-01,Aseer,Traffic & Transport,Branch,33639,27121,60.0,24.7,49.82,3.38,90.8,46,TAYSEER_DWH,2026-07-09 03:15:00
2026-06-01,Makkah,Social Support & Subsidies,Web Portal,"40,522",21083,60.9,10.8,7.04,4.23,98.1,24,TAYSEER_DWH,2026-07-09 03:15:00
2026-03-01,Najran,Education & Training,Call Center,4912,3009,55.9,17.6,19.51,3.79,91.8,4,REGIONAL_UPLOAD,2026-07-09 03:15:00
2025-11-01,Asir,Municipal Services,Mobile App,37804,14617,61.1,8.0,4.34,4.26,97.9,17,REGIONAL_UPLOAD,2026-07-09 05:40:00
2026-06-01,Tabuk,Municipal Services,Web Portal,6790,3475,63.9,11.6,7.9,-,99.2,5,REGIONAL_UPLOAD,2026-07-09 03:15:00
2025-09-01,Al-Baha,Health Services,Branch,6189,5109,56.8,28.4,50.8,3.74,92.1,8,TAYSEER_DWH,2026-07-09 03:15:00
2025-09-01,Madinah,Education & Training,Mobile App,61302,23431,63.7,5.3,3.44,4.69,99.5,9,TAYSEER_DWH,2026-07-09 03:15:00
2025-11-01,Riyadh,Labour & HR Services,Mobile App,146696,54905,68.8,5.8,NULL,4.48,99.5,38,TAYSEER_DWH,2026-07-09 03:15:00
2025-08-01,Eastern Province,Health Services,Branch,51943,41815,65.4,24.3,48.04,3.87,92.8,37,REGIONAL_UPLOAD,2026-07-09 03:15:00
2026-06-01,Al-Jouf,Social Support & Subsidies,Branch,3391,2768,62.3,32.5,55.2,3.8,94.3,3,REGIONAL_UPLOAD,2026-07-09 03:15:00
2025-12-01,Jazan,Justice & Notary,Web Portal,4824,2411,46.8,18.5,9.95,3.86,99.5,3,CHANNEL_API,2026-07-09 03:15:00
2026-03-01,منطقة حائل,Justice & Notary,Branch,3357,2662,59.9%,55.8,64.93,3.57,89.1,3,REGIONAL_UPLOAD,2026-07-09 03:15:00
2026-01-01,Hail,Identity & Civil Affairs,Call Center,5688,3753,67.2,18.9,20.57,3.97,89.9,4,TAYSEER_DWH,2026-07-09 03:15:00
2025-11-01,Riyadh,Health Services,Call Center,65695,44339,68.1%,13.2,20.24,4.08,90.8,37,REGIONAL_UPLOAD,2026-07-09 03:15:00
2026-01-01,Najran,Traffic & Transport,Branch,8349,6580,54.1%,23.0,47.45,3.45,88.9,12,CHANNEL_API,2026-07-09 03:15:00
2026-05-01,Asir,Identity & Civil Affairs,Call Center,21656,14046,62.2%,18.2,24.27,3.9,86.7,20,TAYSEER_DWH,2026-07-09 03:15:00
2025/11/01,Madinah,Municipal Services,Branch,20091,16603,60.0,36.7,48.78,3.6,89.0,20,CHANNEL_API,2026-07-09 03:15:00
2025-12-01,Makkah,Education & Training,Branch,68578,57932,63.7,24.7,45.13,3.42,90.1,105,TAYSEER_DWH,2026-07-09 03:15:00
2026-01-01,Asir,Health Services,Branch,30061,23759,59.6,26.7,58.36,3.61,90.3,46,TAYSEER_DWH,2026-07-09 03:15:00
12-01-2025,northern borders,Health Services,Branch,5246,4359,60.7%,25.4,55.24,3.83,89.8,5,TAYSEER_DWH,2026-07-09 03:15:00
2025-11-01,Asir,Labour & HR Services,Mobile App,31987,12377,59.1,5.7,4.29,4.57,91.3,9,REGIONAL_UPLOAD,2026-07-09 03:15:00
2026-04-01,Eastern Province,Social Support & Subsidies,Web Portal,25058,13137,65.6,9.1,6.78,4.41,99.5,13,TAYSEER_DWH,2026-07-09 03:15:00
2025-12-01,Riyadh,Labour & HR Services,Call Center,42542,26749,69.6,17.3,20.81,3.98,88.3,30,REGIONAL_UPLOAD,2026-07-09 03:15:00
2026-01-01,Northern Borders,Municipal Services,Branch,3185,2567,62.1,33.9,60.42,3.67,87.5,2,CHANNEL_API,2026-07-09 03:15:00
2025-09-01,Makkah,Health Services,Mobile App,200359,76042,62.2,5.8,4.53,4.53,99.5,63,TAYSEER_DWH,2026-07-09 03:15:00
2025/07/01,Makkah,Business & Licensing,Branch,56443,47785,59.2,86.1,56.7,3.35,86.6,84,TAYSEER_DWH,2026-07-09 03:15:00
2025-12-01,Northern Borders,Education & Training,Branch,3416,2734,62.7%,22.6,52.14,3.93,94.7,3,TAYSEER_DWH,2026-07-09 03:15:00
2025-12-01,Eastern Province,Health Services,Call Center,"48,504",31932,66.5,14.9,23.56,4.04,91.7,35,CHANNEL_API,2026-07-09 03:15:00
2026-06-01,Northern Borders,Identity & Civil Affairs,Mobile App,11119,4166,62.9%,6.4,4.31,4.7,96.6,2,TAYSEER_DWH,2026-07-09 03:15:00
2026-04-01,Asir,Social Support & Subsidies,Branch,15000,12383,56.7,27.1,53.85,3.68,89.3,16,TAYSEER_DWH,2026-07-09 03:15:00
2025-12-01,Makkah,Municipal Services,Branch,77531,64713,60.6,34.8,51.85,3.38,85.6,88,TAYSEER_DWH,2026-07-09 03:15:00
2026-03-01,Makkah,Justice & Notary,Branch,39433,31392,60.9,152.0,62.94,3.24,81.1,48,TAYSEER_DWH,2026-07-09 03:15:00
2025-10-01,Asir,Municipal Services,Branch,20793,17350,61.6,31.9,57.96,3.44,89.9,18,TAYSEER_DWH,2026-07-09 03:15:00
2025-07-01,Makkah,Education & Training,branch,81111,-,62.6,23.7,43.99,3.48,88.5,111,TAYSEER_DWH,2026-07-09 03:15:00
2026-02-01,Jazan,Justice & Notary,Branch,7637,6269,46.2,138.9,77.27,2.98,81.5,13,TAYSEER_DWH,2026-07-09 03:15:00
03-01-2026,Madinah,Education & Training,Call Center,13674,8526,64.4,14.3,18.66,4.18,90.1,10,REGIONAL_UPLOAD,2026-07-09 03:15:00
2026-04-01,Hail,Municipal Services,Web Portal,5029,2447,65.1,11.9,7.62,4.29,99.3,4,TAYSEER_DWH,2026-07-09 03:15:00
2025-12-01,Eastern Province,Justice & Notary,Web Portal,22641,11970,65.1,16.2,7.68,4.19,97.6,12,TAYSEER_DWH,2026-07-09 03:15:00
2026-01-01,Madinah,Justice & Notary,Call Center,9069,5925,58.9,36.1,30.0,3.76,88.1,9,CHANNEL_API,2026-07-09 03:15:00
01/06/2026,Al-Baha,Traffic & Transport,Web Portal,3638,1863,56.5,8.7,6.3,4.15,n/a,3,CHANNEL_API,2026-07-09 03:15:00
2026/02/01,Hail,Social Support & Subsidies,Call Center,2884,1909,62.9,19.4,21.75,,93.6,2,REGIONAL_UPLOAD,2026-07-09 03:15:00
2026-05-01,Jazan,Traffic & Transport,Web Portal,11441,6025,51.9,8.7,7.84,3.93,96.7,9,TAYSEER_DWH,2026-07-09 03:15:00
2025-09-01,Eastern Province,Identity & Civil Affairs,Call Center,45035,-,65.1,16.8,19.05,3.94,92.9,32,REGIONAL_UPLOAD,2026-07-09 03:15:00
2026-03-01,Makkah,Justice & Notary,Mobile App,"89,066",33739,60.9,11.7,5.37,4.17,94.0,63,TAYSEER_DWH,2026-07-09 03:15:00
2025-08-01,Asir,Health Services,Web Portal,21776,10991,59.4%,10.4,7.78,4.36,97.4,8,TAYSEER_DWH,2026-07-09 03:15:00
2026-03-01,Al-Baha,Justice & Notary,Call Center,2410,1526,50.8,35.0,29.47,3.61,91.2,2,TAYSEER_DWH,2026-07-09 03:15:00
2026-02-01,Najran,Justice & Notary,Web Portal,1685,868,50.1,18.6,8.6,3.94,99.4,2,TAYSEER_DWH,2026-07-09 03:15:00
2025-11-01,Hail,Labour & HR Services,Call Center,3836,2416,64.6,18.3,23.03,3.76,90.7,4,TAYSEER_DWH,2026-07-09 03:15:00
2025-07-01,Riyadh,Business & Licensing,WEB,51798,27150,63.2,14.5,7.59,4.21,98.7,36,REGIONAL_UPLOAD,2026-07-09 03:15:00
2026-05-01,Makkah,Traffic & Transport,Mobile App,299710,118683,62.8,5.3,3.86,4.21,96.2,152,TAYSEER_DWH,2026-07-09 03:15:00
2026-03-01,Asir,Health Services,Branch,26077,22066,60.4,25.0,57.15,3.63,88.5,27,TAYSEER_DWH,2026-07-09 03:15:00
2025-11-01,Najran,Health Services,Web Portal,5411,2810,51.9,8.7,7.04,4.31,99.5,2,TAYSEER_DWH,2026-07-09 03:15:00
2026-02-01,Asir,Social Support & Subsidies,Branch,9790,7802,57.3,33.6,57.82,3.61,88.5,10,TAYSEER_DWH,2026-07-09 03:15:00
2026-05-01,Al-Qassim,Education & Training,Branch,10827,8703,67.6,23.9,41.51,3.49,86.7,13,REGIONAL_UPLOAD,2026-07-09 05:40:00
2026-06-01,Tabuk,Business & Licensing,Call Center,5731,3665,64.1%,30.6,30.52,3.44,90.8,8,TAYSEER_DWH,2026-07-09 03:15:00
2025/12/01,Asir,Identity & Civil Affairs,Mobile App,61215,23004,61.9,5.9,4.43,4.46,95.8,10,TAYSEER_DWH,2026-07-09 03:15:00
2025-09-01,Northern Borders,Education & Training,Branch,5106,4332,62.1,25.6,49.43,3.76,89.7,4,TAYSEER_DWH,2026-07-09 03:15:00
01/04/2026,Tabuk,Health Services,Web Portal,9632,4883,63.8,9.4,7.19,4.1,99.4,7,TAYSEER_DWH,2026-07-09 03:15:00
2026-01-01,Jazan,Identity & Civil Affairs,Branch,27448,23031,48.9,36.8,61.15,3.33,90.5,33,REGIONAL_UPLOAD,2026-07-09 03:15:00
2025-11-01,Al-Jouf,Justice & Notary,Branch,2696,2150,58.8,50.4,63.92,3.43,87.3,3,TAYSEER_DWH,2026-07-09 03:15:00
2026-05-01,Al-Baha,Business & Licensing,Mobile App,5790,2280,53.0,10.8,5.29,4.32,96.7,3,TAYSEER_DWH,2026-07-09 03:15:00
2026-06-01,Tabuk,Health Services,Call Center,"7,888",5112,65.0,16.8,25.63,3.75,89.1,8,TAYSEER_DWH,2026-07-09 03:15:00
2025-07-01,منطقة نجران,Health Services,Branch,9426,7595,50.8,28.5,53.86,3.63,89.8,5,TAYSEER_DWH,2026-07-09 03:15:00
2026-02-01,Madinah,Education & Training,Mobile App,39214,15342,65.1,5.7,3.74,4.79,98.5,3,TAYSEER_DWH,2026-07-09 03:15:00
2026-03-01,Jazan,Labour & HR Services,Call Center,"12,879",8277,47.8,20.4,25.51,3.44,91.5,12,TAYSEER_DWH,2026-07-09 03:15:00
2025-10-01,Hail,Labour & HR Services,Branch,5624,4552,64.2,29.4,51.98,3.61,89.0,6,REGIONAL_UPLOAD,2026-07-09 03:15:00
2025-12-01,Jazan,Business & Licensing,Branch,14781,12045,48.1,122.6,72.22,3.02,?,22,CHANNEL_API,2026-07-09 03:15:00
2025-09-01,Mecca,Traffic & Transport,Mobile App,182946,69811,61.3,5.5,3.89,4.19,97.8,104,TAYSEER_DWH,2026-07-09 03:15:00
2026-04-01,Al-Baha,Education & Training,Call Center,3399,2205,56.5,15.4,21.67,3.84,89.0,3,REGIONAL_UPLOAD,2026-07-09 03:15:00
2025-08-01,Qassim,Social Support & Subsidies,Branch,8459,6638,63.9,29.8,48.62,3.48,91.4,9,TAYSEER_DWH,2026-07-09 03:15:00
2025-10-01,Tabuk,Labour & HR Services,Call Center,5213,3330,65.9,16.8,22.67,3.72,95.2,5,TAYSEER_DWH,2026-07-09 03:15:00
2026-02-01,Tabuk,Labour & HR Services,Call Center,4585,2946,67.0%,19.6,23.22,3.57,90.9,5,TAYSEER_DWH,2026-07-09 03:15:00
01/10/2025,Northern Borders,Business & Licensing,Mobile App,5188,2013,59.9,9.5,6.11,4.44,95.8,1,TAYSEER_DWH,2026-07-09 03:15:00
2025-12-01,Najran,Identity & Civil Affairs,Mobile App,"13,623",5282,51.6,7.5,n/a,null,99.0,7,CHANNEL_API,2026-07-09 03:15:00
2025-12-01,Northern Borders,Municipal Services,Branch,3184,2513,62.2,32.5,58.03,3.57,88.8,4,CHANNEL_API,2026-07-09 03:15:00
2026-06-01,Asir,Labour & HR Services,Call Center,13671,8400,59.5,16.0,25.11,3.77,88.4,12,REGIONAL_UPLOAD,2026-07-09 03:15:00
2026-06-01,N. Borders,Education & Training,Mobile App,7766,2924,62.9,4.8,4.04,4.82,98.4,0,REGIONAL_UPLOAD,2026-07-09 03:15:00
2025-10-01,Madinah,Traffic & Transport,Branch,25828,21525,60.7,24.5,48.64,3.56,88.8,28,TAYSEER_DWH,2026-07-09 03:15:00
2026-02-01,Al-Jouf,Social Support & Subsidies,Call Centre,2286,1420,61.2,20.4,23.33,4.01,91.0,1,TAYSEER_DWH,2026-07-09 03:15:00
2026-04-01,Jazan,Justice & Notary,Branch,10307,8643,46.3,162.7,76.4,3.03,84.0,14,CHANNEL_API,2026-07-09 03:15:00
2025-09-01,Jazan,Traffic & Transport,Mobile App,29715,11938,51.3,5.5,4.47,4.01,99.5,25,TAYSEER_DWH,2026-07-09 03:15:00
2025-08-01,Qassim,Health Services,Call Center,"10,907",6983,65.8,14.8,23.02,3.75,90.7,9,TAYSEER_DWH,2026-07-09 03:15:00
2025-08-01,Riyadh,Social Support & Subsidies,Branch,46785,37715,65.8,26.4,47.59,3.71,90.3,33,TAYSEER_DWH,2026-07-09 03:15:00
01/04/2026,Asir,Justice & Notary,Mobile App,20499,7843,55.5,10.3,5.76,4.18,99.5,11,CHANNEL_API,2026-07-09 03:15:00
2025/07/01,منطقة عسير,Justice & Notary,Branch,10442,8668,55.7,123.4,63.82,3.15,83.1,14,TAYSEER_DWH,2026-07-09 03:15:00
2026-02-01,Madinah,Traffic & Transport,Call Center,16060,10317,61.8,13.7,20.67,3.97,90.4,9,TAYSEER_DWH,2026-07-09 03:15:00
06-01-2026,albaha,Justice & Notary,Branch,2893,2462,51.0,98.4,68.89,3.27,85.7,5,TAYSEER_DWH,2026-07-09 03:15:00
2026-02-01,Eastern Province,Justice & Notary,Web Portal,18069,9064,66.0,16.7,8.19,4.08,98.4,12,TAYSEER_DWH,2026-07-09 03:15:00
2026-03-01,Al Baha,Health Services,Web Portal,4137,2105,57.3,10.0,7.28,4.44,98.4,2,TAYSEER_DWH,2026-07-09 03:15:00
2026-04-01,Northern Borders,Identity & Civil Affairs,Mobile App,10029,3652,62.4,6.5,-17.39,4.81,99.5,0,TAYSEER_DWH,2026-07-09 03:15:00
2026-04-01,Asir,Health Services,Web Portal,20391,10194,60.1%,8.1,8.13,4.32,99.5,9,TAYSEER_DWH,2026-07-09 03:15:00
2025-10-01,Madinah,Traffic & Transport,Mobile App,46417,18338,60.7,5.5,3.9,4.58,95.0,9,TAYSEER_DWH,2026-07-09 03:15:00
2026-06-01,Riyadh,Health Services, Branch,84998,70454,69.4,22.4,46.11,3.94,89.9,87,TAYSEER_DWH,2026-07-09 03:15:00
2025-10-01,Eastern Province,Traffic & Transport,Branch,"48,901",38955,67.6%,23.8,43.89,3.63,90.1,45,TAYSEER_DWH,2026-07-09 03:15:00
2025/10/01,Hail,Labour & HR Services,Web Portal,5054,2479,64.2,10.4,6.79,4.3,99.5,2,REGIONAL_UPLOAD,2026-07-09 03:15:00
2026-04-01,Jazan,Identity & Civil Affairs,Branch,27524,21610,49.4,34.5,61.01,3.36,91.4,51,REGIONAL_UPLOAD,2026-07-09 03:15:00
2025-08-01,Asir,Business & Licensing,Branch,15286,12157,59.0,96.2,64.7,3.19,84.3,25,TAYSEER_DWH,2026-07-09 03:15:00
2025-11-01,Najran,Traffic & Transport,Mobile App,12780,5094,54.6,5.9,4.06,4.15,99.3,6,CHANNEL_API,2026-07-09 03:15:00
2025-09-01,Riyadh,Education & Training,Branch,97657,85809,68.4,21.1,36.51,3.78,88.9,101,TAYSEER_DWH,2026-07-09 03:15:00
2025-11-01,Najran ,Identity & Civil Affairs,Branch,9209,7643,51.8,29.0,48.77,3.54,90.3,12,REGIONAL_UPLOAD,2026-07-09 03:15:00
2025-08-01,Riyadh,Municipal Services,Branch,62995,52345,64.9,31.6,49.92,3.59,89.5,100,TAYSEER_DWH,2026-07-09 03:15:00
2025-11-01,Hail,Identity & Civil Affairs,Call Center,5898,3829,66.8,19.0,19.43,4.04,90.7,4,TAYSEER_DWH,2026-07-09 03:15:00
2026-02-01,Makkah,Municipal Services,Web Portal,"49,484",24415,60.9,11.3,7.11,3.98,99.5,40,TAYSEER_DWH,2026-07-09 03:15:00
2025-07-01,tabuk,Municipal Services,Web Portal,6767,3348,62.0,10.8,8.33,3.87,99.5,5,TAYSEER_DWH,2026-07-09 03:15:00
2025-11-01,Northern Borders,Justice & Notary,Mobile App,3563,1378,58.9,11.6,5.82,4.37,97.8,2,CHANNEL_API,2026-07-09 03:15:00
2026-03-01,Al-Jouf,Education & Training,Branch,4680,3960,63.1,20.6,46.94,3.79,88.4,4,TAYSEER_DWH,2026-07-09 03:15:00
2026-04-01,Asir,Identity & Civil Affairs,Mobile App,58873,21635,61.9,7.0,4.2,4.54,99.3,18,TAYSEER_DWH,2026-07-09 03:15:00
2025-08-01,Jazan,Identity & Civil Affairs,Call Center,19991,12846,48.4,20.4,23.16,3.57,89.4,19,TAYSEER_DWH,2026-07-09 03:15:00
2025-12-01,Al-Jouf,Labour & HR Services,Mobile App,8760,3276,61.9,6.6,3.91,4.55,96.2,2,TAYSEER_DWH,2026-07-09 03:15:00
2026-04-01,Asir,Health Services,Call Center,18833,12284,60.1,15.5,25.19,3.82,90.7,17,TAYSEER_DWH,2026-07-09 03:15:00
2025-10-01,Al-Jouf,Labour & HR Services,Mobile App,7999,3147,60.3,6.4,4.29,4.43,98.4,3,TAYSEER_DWH,2026-07-09 03:15:00
2025-11-01,Madinah,Municipal Services,Call Center,14659,9667,60.0,23.4,24.29,3.83,88.7,6,TAYSEER_DWH,2026-07-09 03:15:00
2026-01-01,Jazan,Education & Training,Call Center,15096,9867,50.6,14.3,23.09,3.7,89.5,11,REGIONAL_UPLOAD,2026-07-09 03:15:00
2025-12-01,Hail,Justice & Notary,Call Center,2960,1924,60.0,32.2,28.6,3.77,90.5,3,TAYSEER_DWH,2026-07-09 03:15:00
2026-01-01,Qassim,Social Support & Subsidies,Call Center,6716,4293,64.8,18.3,21.26,3.67,88.8,8,TAYSEER_DWH,2026-07-09 03:15:00
2026-03-01,Tabuk,Education & Training,Web Portal,6842,3563,68.2,7.0,6.02,4.11,99.5,5,REGIONAL_UPLOAD,2026-07-09 03:15:00
2025-08-01,Madinah,Justice & Notary,Branch,11197,8697,58.0,51.4,63.0,3.51,86.9,13,TAYSEER_DWH,2026-07-09 03:15:00
2025-09-01,Riyadh,Justice & Notary,branch,37082,29041,63.2,45.6,57.6,3.57,90.8,28,TAYSEER_DWH,2026-07-09 03:15:00
2025-12-01,Jazan,Traffic & Transport,Branch,29814,24000,51.6,26.8,51.17,3.18,90.3,40,TAYSEER_DWH,2026-07-09 03:15:00
2025-11-01,Asir,Justice & Notary,Call Center,8709,5679,55.5,35.3,33.35,3.64,91.4,10,TAYSEER_DWH,2026-07-09 03:15:00
2025-11-01,Northern Borders,Education & Training,Call Center,2354,1530,62.8,14.0,22.03,4.0,87.7,2,TAYSEER_DWH,2026-07-09 03:15:00
2025-11-01,Al-Baha,Business & Licensing,Mobile App,6087,2305,52.9,10.9,5.46,,95.0,3,CHANNEL_API,2026-07-09 03:15:00
2025-12-01,Al-Jouf,Labour & HR Services,Branch,4027,3387,61.9,28.2,50.44,3.56,90.7,5,TAYSEER_DWH,2026-07-09 03:15:00
2025-10-01,منطقة الرياض,Health Services,Web Portal,91108,44924,67.9,8.1,6.49,4.65,97.4,14,CHANNEL_API,2026-07-09 03:15:00
2025-08-01,Northern Borders,Labour & HR Services,Mobile App,5674,2196,61.2,7.8,4.67,4.58,98.3,1,TAYSEER_DWH,2026-07-09 03:15:00
2025-08-01,Northern Borders,Social Support & Subsidies,Mobile App,4464,1694,59.5,7.7,5.02,4.67,98.6,1,TAYSEER_DWH,2026-07-09 03:15:00
01/03/2026,Al-Jouf,Education & Training,Mobile App,10094,3938,63.1,4.8,3.44,4.71,95.8,1,TAYSEER_DWH,2026-07-09 03:15:00
2026-05-01,Tabuk,Health Services,Call Center,8595,,64.6,15.6,23.28,3.7,92.7,7,REGIONAL_UPLOAD,2026-07-09 03:15:00
2025-10-01,Eastern Province,Labour & HR Services,Branch,34601,27101,66.1,25.7,50.99,3.64,91.1,28,REGIONAL_UPLOAD,2026-07-09 03:15:00
2026-05-01,EASTERN PROVINCE,Labour & HR Services,Web Portal,36511,19216,67.4,8.6,6.05,4.13,96.3,24,TAYSEER_DWH,2026-07-09 03:15:00
01/02/2026,Qassim,Justice & Notary,Mobile App,12904,4789,62.3,10.3,5.09,4.04,n/a,9,CHANNEL_API,2026-07-09 03:15:00
2025-09-01,Hail,Social Support & Subsidies,Mobile App,"8,913",3539,61.8,6.2,4.68,4.55,98.3,3,TAYSEER_DWH,2026-07-09 03:15:00
2026-02-01,Eastern Province,Traffic & Transport,Mobile App,121642,45795,68.3%,4.7,3.72,4.58,93.4,33,TAYSEER_DWH,2026-07-09 03:15:00
2026-04-01,Riyadh,Education & Training, Branch,56247,46563,69.9,19.8,40.94,3.82,88.0,54,REGIONAL_UPLOAD,2026-07-09 03:15:00
Oct-2025,Jazan,Health Services,Mobile App,31261,12124,51.4,6.3,4.88,4.32,95.0,14,REGIONAL_UPLOAD,2026-07-09 03:15:00
2026-04-01,Al-Jouf,Identity & Civil Affairs,Mobile App,14286,5674,64.3,6.5,4.61,4.63,95.8,3,CHANNEL_API,2026-07-09 03:15:00
2026-02-01,Jazan,Health Services,Call Center,17988,11873,51.9,20.1,26.27,3.73,90.3,17,TAYSEER_DWH,2026-07-09 03:15:00
2026-01-01,Al-Jouf,Traffic & Transport,Call Center,3992,2570,65.3,15.7,21.04,3.75,89.1,4,TAYSEER_DWH,2026-07-09 03:15:00
2025-10-01,Qassim,Municipal Services,Web Portal,10371,5211,62.5,7.9,6.92,4.01,98.5,7,CHANNEL_API,2026-07-09 03:15:00
2026-04-01,Najran,Health Services,Mobile App,12990,4969,51.5,6.0,4.05,4.51,97.8,5,TAYSEER_DWH,2026-07-09 03:15:00
2025-09-01,Makkah,Municipal Services,Web Portal,68079,34523,60.0,12.2,7.55,3.94,99.5,57,TAYSEER_DWH,2026-07-09 03:15:00
2026-04-01,Hail,Identity & Civil Affairs,Mobile App,20286,7713,67.0,5.8,3.93,4.71,99.5,3,REGIONAL_UPLOAD,2026-07-09 03:15:00
2026-06-01,Qassim,Traffic & Transport,Call Center,12177,7932,66.7,16.2,21.37,3.59,90.3,12,CHANNEL_API,2026-07-09 03:15:00
2025-09-01,Eastern Province,Justice & Notary,Branch,22240,18720,64.8%,47.0,61.11,3.55,91.9,24,TAYSEER_DWH,2026-07-09 03:15:00
2025-10-01,Riyadh,Social Support & Subsidies,Branch,46574,38165,66.3,30.9,47.38,3.79,,37,TAYSEER_DWH,2026-07-09 03:15:00
2026-02-01,Najran,Health Services,Call Center,"6,503",4412,51.6,17.4,22.35,3.88,90.4,5,TAYSEER_DWH,2026-07-09 03:15:00
2026/01/01,Asir,Education & Training,Web Portal,15041,7508,62.2,7.8,6.25,4.08,99.5,10,REGIONAL_UPLOAD,2026-07-09 03:15:00
01/02/2026,Asir,Labour & HR Services,Mobile App,31415,12014,59.0%,6.7,4.49,4.43,99.5,11,TAYSEER_DWH,2026-07-09 03:15:00
2025-10-01,Asir,Traffic & Transport,Call Center,18663,12012,59.6,14.4,22.32,3.67,92.0,19,TAYSEER_DWH,2026-07-09 03:15:00
2026-03-01,Najran,Social Support & Subsidies,Web Portal,2535,1276,52.6,10.6,6.99,4.15,97.3,1,TAYSEER_DWH,2026-07-09 03:15:00
2026-05-01,Hail,Traffic & Transport,Web Portal,6454,3403,63.7,7.5,6.3,4.38,96.3,2,TAYSEER_DWH,2026-07-09 03:15:00
2026-05-01,AL-JOUF,Health Services,Call Centre,5005,3186,62.7,16.3,23.11,4.07,91.7,3,CHANNEL_API,2026-07-09 03:15:00
01/02/2026,Eastern Province,Justice & Notary,Call Center,14792,9945,66.0,31.0,27.04,3.78,90.5,14,TAYSEER_DWH,2026-07-09 03:15:00
2026-01-01,Makkah,Municipal Services,Call Center,62276,39222,60.8,20.6,25.03,3.62,90.2,72,TAYSEER_DWH,2026-07-09 03:15:00
2026-05-01,Eastern Province,Identity & Civil Affairs,Web Portal,53431,28109,66.7,9.9,5.41,4.33,97.3,28,CHANNEL_API,2026-07-09 03:15:00
2025-08-01,منطقة القصيم,Justice & Notary,Call Center,5035,3251,61.1,29.1,28.68,3.43,89.8,7,TAYSEER_DWH,2026-07-09 03:15:00
2026-04-01,Hail,Identity & Civil Affairs,Call Center,6135,3964,67.0,19.8,21.94,4.12,93.8,3,TAYSEER_DWH,2026-07-09 03:15:00
2026-06-01,Najran ,Justice & Notary,Mobile App,5102,1884,50.5,12.7,5.15,4.21,97.0,3,TAYSEER_DWH,2026-07-09 03:15:00
2025-09-01,Jazan,Municipal Services,Call Center,14098,9003,48.6,21.4,n/a,3.39,91.3,19,CHANNEL_API,2026-07-09 03:15:00
Mar-2026,Najran,Justice & Notary,Call Center,2824,1852,50.7,34.5,30.96,3.56,?,3,TAYSEER_DWH,2026-07-09 03:15:00
2026-06-01,Tabuk,Justice & Notary,Mobile App,10199,3620,64.3,11.4,5.32,3.97,n/a,7,TAYSEER_DWH,2026-07-09 03:15:00
2025-07-01,Hail,Traffic & Transport,Web Portal,6760,3379,61.9,8.4,5.85,4.31,99.5,3,CHANNEL_API,2026-07-09 03:15:00
2025/08/01,Jazan,Justice & Notary,Branch Office,"10,494",8764,46.0,112.4,71.97,-,85.5,16,TAYSEER_DWH,2026-07-09 03:15:00
2026-04-01,Makkah,Health Services,Web Portal,85646,42449,63.4,8.2,7.39,4.21,99.5,42,TAYSEER_DWH,2026-07-09 03:15:00
2026-06-01,Najran,Social Support & Subsidies,Mobile App,7519,2939,52.5,7.2,4.22,4.53,98.3,2,TAYSEER_DWH,2026-07-09 03:15:00
2025-12-01,Al-Jouf,Labour & HR Services,Web Portal,3540,1811,61.9,9.7,6.06,4.24,99.5,2,TAYSEER_DWH,2026-07-09 03:15:00
2025-12-01,Riyadh,Education & Training,Mobile App,162050,61851,68.7,4.3,3.46,4.75,99.5,18,TAYSEER_DWH,2026-07-09 03:15:00
2025-09-01,Madinah,Health Services,Branch,26297,20507,61.3%,27.3,48.64,3.74,89.7,21,REGIONAL_UPLOAD,2026-07-09 05:40:00
2026-02-01,Makkah,Education & Training,web portal,56388,28054,63.6%,7.9,6.15,4.25,99.5,31,TAYSEER_DWH,2026-07-09 03:15:00
2026-01-01,Jazan,Health Services,Mobile App,37127,14561,51.3,6.6,4.91,4.33,96.8,15,TAYSEER_DWH,2026-07-09 03:15:00
2025-11-01,Al-Jouf,Traffic & Transport,Call Center,4281,2760,64.0,15.1,19.51,3.73,89.7,3,TAYSEER_DWH,2026-07-09 03:15:00
2025-11-01,Al-Jouf,Business & Licensing,Mobile App,7096,2586,60.8,10.3,5.16,4.29,99.5,3,TAYSEER_DWH,2026-07-09 03:15:00
2026-04-01,Hail,Municipal Services,Mobile App,14016,5044,65.1,7.5,4.64,4.45,99.5,4,TAYSEER_DWH,2026-07-09 03:15:00
2025-07-01,Madinah,Justice & Notary,Web Portal,7520,3926,57.7,17.5,7.63,4.22,98.7,4,TAYSEER_DWH,2026-07-09 03:15:00
2026/01/01,Makkah,Labour & HR Services,Call Center,"54,803",35283,61.3,18.4,22.41,3.7,89.9,59,CHANNEL_API,2026-07-09 03:15:00
2026-03-01,Madinah,Labour & HR Services,Branch,16847,13930,62.0,29.9,50.79,3.58,88.6,20,TAYSEER_DWH,2026-07-09 03:15:00
2026-05-01,Asir,Municipal Services,Branch,19054,15648,61.1,33.4,56.98,3.38,90.4,24,TAYSEER_DWH,2026-07-09 03:15:00
2025-12-01,Najran,Business & Licensing,Branch,"6,130",5079,51.0,125.6,,3.28,83.1,5,TAYSEER_DWH,2026-07-09 03:15:00
2026-02-01,Northern Borders,Identity & Civil Affairs,Mobile App,"8,610",3186,122.5,6.8,4.18,4.66,96.2,1,TAYSEER_DWH,2026-07-09 03:15:00
01/08/2025,Eastern Province,Social Support & Subsidies,Branch,26707,21357,64.5,26.8,44.77,3.82,89.5,15,CHANNEL_API,2026-07-09 03:15:00
2026-01-01,Makkah,Labour & HR Services,Web Portal,57164,29437,61.3,8.7,6.97,4.06,97.5,37,TAYSEER_DWH,2026-07-09 03:15:00
07-01-2025,Al-Jouf,Social Support & Subsidies,Call Center,2367,1520,60.9,22.7,23.54,3.87,94.8,2,TAYSEER_DWH,2026-07-09 03:15:00
2026-02-01,Najran,Municipal Services,Mobile App,"8,775",3160,51.2,8.1,4.52,4.22,99.5,3,TAYSEER_DWH,2026-07-09 03:15:00
2025-11-01,Makkah,Education & Training,Call Center,54608,36041,63.5,13.2,20.39,3.78,91.3,54,TAYSEER_DWH,2026-07-09 03:15:00
2025-11-01,Tabuk,Health Services,Branch,12303,10480,63.6,27.3,57.71,3.48,,18,TAYSEER_DWH,2026-07-09 03:15:00
2025-10-01,Eastern Province,Business & Licensing,Web Portal,35236,18250,65.1,14.5,7.49,null,98.1,16,REGIONAL_UPLOAD,2026-07-09 03:15:00
2025-11-01,Jazan,Municipal Services,Call Center,14495,8948,49.4,23.1,27.1,3.37,91.8,17,TAYSEER_DWH,2026-07-09 03:15:00
2025-07-01,Al-Baha,Education & Training,Call Center,3490,2186,55.3,15.3,19.63,3.94,93.4,2,CHANNEL_API,2026-07-09 03:15:00
2026/02/01,Qassim,Education & Training,Web Portal,"9,812",4787,67.1,6.9,5.74,4.16,99.5,5,TAYSEER_DWH,2026-07-09 03:15:00
2025-11-01,Makkah,Education & Training,Web Portal,61544,29850,63.5%,7.0,5.9,4.13,99.5,33,TAYSEER_DWH,2026-07-09 03:15:00
2026-01-01,Eastern Province,Municipal Services,mobile app,99149,40079,67.8,7.0,4.19,4.41,99.5,40,TAYSEER_DWH,2026-07-09 03:15:00
2026-04-01,Qassim,Health Services,Web Portal,"14,578",7252,67.0,7.9,6.77,4.25,99.5,6,REGIONAL_UPLOAD,2026-07-09 03:15:00
2025-12-01,Al-Jouf,Social Support & Subsidies,Mobile App,6922,2772,62.2,7.3,4.49,4.43,99.5,2,TAYSEER_DWH,2026-07-09 03:15:00
2026-04-01,Qassim,Traffic & Transport,Call Center,11275,7071,65.9,14.0,19.87,3.41,93.0,10,TAYSEER_DWH,2026-07-09 03:15:00
2025-09-01,Northern Borders,Labour & HR Services,Call Center,2031,1346,61.1,19.3,24.32,3.93,90.3,1,REGIONAL_UPLOAD,2026-07-09 03:15:00
2025-07-01,Hail,Health Services,Web Portal,7098,3693,64.4,8.8,7.57,4.39,99.5,2,TAYSEER_DWH,2026-07-09 03:15:00
Jul-2025,Riyadh,Traffic & Transport,Branch,69157,54748,66.9,25.1,41.32,3.74,91.6,49,CHANNEL_API,2026-07-09 03:15:00
2026-02-01,Madinah,Traffic & Transport,Mobile App,44218,17202,61.8,5.7,3.78,4.61,97.9,8,TAYSEER_DWH,2026-07-09 03:15:00
2026-02-01,Hail,Health Services,Call Center,5961,3676,64.9,16.0,21.9,4.01,91.4,4,TAYSEER_DWH,2026-07-09 03:15:00
2025-08-01,Al-Baha,Education & Training, Branch,7365,6148,55.7,25.2,47.8,3.58,92.2,8,CHANNEL_API,2026-07-09 03:15:00
2026-05-01,Hail,Social Support & Subsidies,Branch,3839,3284,62.9,31.0,53.35,3.72,90.4,4,TAYSEER_DWH,2026-07-09 03:15:00
2025-07-01,Qassim,Business & Licensing,Call Center,6770,4265,63.3,26.8,25.71,3.44,88.0,8,REGIONAL_UPLOAD,2026-07-09 03:15:00
2025-12-01,Riyadh,Health Services,Mobile App,241909,87878,68.4,5.2,4.01,4.75,99.5,21,TAYSEER_DWH,2026-07-09 03:15:00
2026-05-01,HAIL,Justice & Notary,Mobile App,7150,2783,60.5,9.2,5.31,4.56,99.3,2,TAYSEER_DWH,2026-07-09 03:15:00
2026-04-01,Al-Jouf,Labour & HR Services,Call Center,3465,2159,61.8,19.0,22.85,3.83,91.2,4,REGIONAL_UPLOAD,2026-07-09 03:15:00
2026-01-01,Najran,Justice & Notary,Call Center,"2,916",1927,50.4,33.3,28.84,3.58,86.4,3,REGIONAL_UPLOAD,2026-07-09 03:15:00
07-01-2025,Makkah,Identity & Civil Affairs,Web Portal,"94,768",48963,65.2,10.7,6.74,4.13,99.5,50,TAYSEER_DWH,2026-07-09 03:15:00
2025-07-01,Tabuk,Education & Training,Branch,7209,5770,66.4,21.5,41.23,3.51,89.4,9,REGIONAL_UPLOAD,2026-07-09 03:15:00
2026-04-01,Al-Jouf,Justice & Notary,Mobile App,5327,2064,59.9,8.9,4.77,4.36,97.0,2,TAYSEER_DWH,2026-07-09 03:15:00
2025-07-01,najran,Identity & Civil Affairs,Call Center,7181,4500,50.8,17.5,21.86,3.77,90.1,7,TAYSEER_DWH,2026-07-09 03:15:00
03-01-2026,Eastern Province,Health Services,Branch,53366,44113,67.0,26.0,53.85,3.84,91.3,35,CHANNEL_API,2026-07-09 03:15:00
2025-10-01,Al-Baha,Labour & HR Services,Branch,4235,3443,56.5,29.0,51.41,3.59,90.6,4,TAYSEER_DWH,2026-07-09 03:15:00
2026-05-01,Al-Jouf,Health Services,Mobile App,11948,4724,62.7,5.6,4.18,4.59,97.9,3,TAYSEER_DWH,2026-07-09 03:15:00
2026-06-01,Al-Baha,Social Support & Subsidies,Web Portal,1959,1015,54.0,11.2,7.56,4.12,99.0,1,TAYSEER_DWH,2026-07-09 03:15:00
2025-11-01,Madinah,Social Support & Subsidies,Branch,15195,13397,60.0,34.1,n/a,3.8,91.2,12,TAYSEER_DWH,2026-07-09 03:15:00
2025-12-01,منطقة المدينة المنورة,Health Services,Branch,25267,22211,62.5%,29.1,49.96,3.97,91.1,11,TAYSEER_DWH,2026-07-09 03:15:00
2025/11/01,Northern Borders,Traffic & Transport,branch,4253,3522,61.1,24.3,54.56,3.6,86.2,5,TAYSEER_DWH,2026-07-09 03:15:00
2026-03-01,northern borders,Traffic & Transport,Call Center,3510,2321,61.1,14.0,21.63,3.94,89.2,3,REGIONAL_UPLOAD,2026-07-09 03:15:00
2025-09-01,Madinah,Municipal Services,Call Center,15190,9262,59.7,23.3,23.87,3.92,90.7,16,TAYSEER_DWH,2026-07-09 03:15:00
2025-12-01,Qassim,Social Support & Subsidies,Mobile App,19755,7518,64.4,7.1,4.09,4.19,96.5,15,TAYSEER_DWH,2026-07-09 03:15:00
2026/06/01,Riyadh,Business & Licensing,Call Center,45865,30055,64.6%,29.2,25.5,3.69,90.1,44,CHANNEL_API,2026-07-09 03:15:00
2026/03/01,Asir,Business & Licensing,Branch,17034,13820,59.7,92.7,64.6,3.35,86.2,22,TAYSEER_DWH,2026-07-09 03:15:00
2025-07-01,Hail,Identity & Civil Affairs,Branch,7508,5986,66.3,33.2,45.91,3.62,93.4,8,REGIONAL_UPLOAD,2026-07-09 03:15:00
2026-01-01,Jazan,Municipal Services,Mobile App,22296,8324,48.5,7.6,5.39,4.16,93.3,9,TAYSEER_DWH,2026-07-09 03:15:00
2025-12-01,Jazan,Health Services,Mobile App,33947,12696,51.6,6.5,5.12,4.31,99.5,13,REGIONAL_UPLOAD,2026-07-09 03:15:00
2026-03-01,Asir,Business & Licensing,Web Portal,12796,6611,59.7%,16.6,9.27,3.87,99.5,11,TAYSEER_DWH,2026-07-09 03:15:00
2026-02-01,Eastern Province,Municipal Services,Web Portal,36284,NA,67.3,0.0,7.12,4.25,98.0,18,REGIONAL_UPLOAD,2026-07-09 03:15:00
2026/06/01,Jazan,Identity & Civil Affairs,Web Portal,12334,6117,49.8,9.2,7.45,4.05,99.5,7,CHANNEL_API,2026-07-09 03:15:00
06-01-2026,Hail,Social Support & Subsidies,Branch,4403,3560,63.1,31.9,52.68,3.67,91.5,4,TAYSEER_DWH,2026-07-09 03:15:00
07-01-2025,Riyadh,Identity & Civil Affairs,Mobile App,201770,78986,65.7,5.5,3.62,4.68,95.7,23,TAYSEER_DWH,2026-07-09 03:15:00
2025-09-01,Al-Jouf,Business & Licensing,Mobile App,7449,2808,60.1,10.7,5.54,,95.9,4,TAYSEER_DWH,2026-07-09 03:15:00
2026-04-01,Hail,Labour & HR Services,Web Portal,4891,2394,65.8,10.1,7.14,4.24,97.1,2,REGIONAL_UPLOAD,2026-07-09 03:15:00
2025-09-01,Al-Jouf,Health Services,Branch,6298,5113,61.5,23.5,54.25,3.84,91.2,5,REGIONAL_UPLOAD,2026-07-09 03:15:00
2026-03-01,منطقة الحدود الشمالية,Education & Training,Mobile App,6712,2465,62.9,5.2,3.9,4.87,98.2,0,TAYSEER_DWH,2026-07-09 03:15:00
2025-12-01,Hail,Labour & HR Services,Web Portal,5369,2876,64.6,9.6,6.33,,95.4,4,TAYSEER_DWH,2026-07-09 03:15:00
2025-10-01,Jazan,Labour & HR Services,Web Portal,8838,4481,47.6,11.0,7.84,3.99,97.6,7,TAYSEER_DWH,2026-07-09 03:15:00
2025-11-01,Eastern Province,Business & Licensing,Mobile App,82296,31175,65.3,10.4,4.89,4.42,96.8,26,TAYSEER_DWH,2026-07-09 03:15:00
Mar-2026,Jazan,Social Support & Subsidies,Mobile App,17367,6474,49.3%,7.1,5.35,4.23,98.0,13,TAYSEER_DWH,2026-07-09 03:15:00
Feb-2026,Qassim,Traffic & Transport,Branch,9776,7835,65.8,25.3,48.77,3.33,93.2,12,TAYSEER_DWH,2026-07-09 03:15:00
2025-11-01,Makkah,Municipal Services,Web  Portal,60473,32007,60.7,11.6,7.28,3.93,96.7,54,REGIONAL_UPLOAD,2026-07-09 03:15:00
2026-01-01,Eastern Province,Municipal Services,Web Portal,"40,290",21518,67.8,10.0,6.35,4.17,95.7,16,TAYSEER_DWH,2026-07-09 03:15:00
2026-01-01,Al-Jouf,Municipal Services,Mobile App,10265,4068,62.8,6.8,4.23,4.46,99.5,3,TAYSEER_DWH,2026-07-09 03:15:00
2026-06-01,Asir,Health Services,Call Center,23120,15016,59.7,15.5,23.76,3.87,90.9,17,REGIONAL_UPLOAD,2026-07-09 03:15:00
2026-01-01,Makkah,Education & Training,Web  Portal,65091,33266,63.3,7.5,5.94,4.2,98.7,42,TAYSEER_DWH,2026-07-09 03:15:00
2026-04-01,Madinah,Social Support & Subsidies,Mobile App,29113,11104,60.7,7.7,3.98,4.75,99.5,3,TAYSEER_DWH,2026-07-09 03:15:00
2026-05-01,Eastern Province,Municipal Services,Mobile App ,106353,38179,68.2,7.1,4.63,4.47,96.5,27,TAYSEER_DWH,2026-07-09 03:15:00
2026-01-01,Tabuk,Justice & Notary,Branch,4437,3648,63.8,55.1,n/a,3.11,88.7,6,TAYSEER_DWH,2026-07-09 03:15:00
2025-07-01,Riyadh,Justice & Notary,Branch,36907,29704,63.0,50.5,58.88,3.58,89.3,39,TAYSEER_DWH,2026-07-09 03:15:00
2025-08-01,Jazan,Education & Training,Branch,27064,22490,50.2%,27.7,51.65,3.45,86.1,26,TAYSEER_DWH,2026-07-09 03:15:00
2026-02-01,Makkah,Labour & HR Services,Mobile App,129001,48341,61.8%,6.3,4.28,4.3,99.5,61,TAYSEER_DWH,2026-07-09 03:15:00
2026-04-01,Eastern Province,Health Services,Branch,50317,41080,66.7,23.7,51.49,,92.1,39,REGIONAL_UPLOAD,2026-07-09 03:15:00
2025-07-01,Northern Borders,Justice & Notary,Branch,"1,700",1430,58.3,54.5,70.77,3.59,89.2,2,TAYSEER_DWH,2026-07-09 03:15:00
2025-10-01,Makkah,Social Support & Subsidies,web portal,48462,23744,59.5,11.3,7.26,4.07,99.2,26,TAYSEER_DWH,2026-07-09 03:15:00
2026-06-01,Hail,Municipal Services,Branch,5978,5029,65.0,33.4,51.18,3.51,92.7,6,TAYSEER_DWH,2026-07-09 03:15:00
Feb-2026,Eastern Province,Justice & Notary,Branch,15544,12555,66.0,50.8,,3.53,85.8,13,REGIONAL_UPLOAD,2026-07-09 03:15:00
2026-04-01,Eastern Province,Business & Licensing,Call Center,25136,17044,66.3,24.3,26.25,3.77,87.3,22,TAYSEER_DWH,2026-07-09 03:15:00
2026-04-01,Northern Borders,Education & Training,Call Center,2486,1572,63.3,14.7,23.93,4.05,89.3,1,REGIONAL_UPLOAD,2026-07-09 03:15:00
01/01/2026,Jazan,Business & Licensing,Call Center,12839,7798,47.8,31.6,29.74,3.41,91.1,11,TAYSEER_DWH,2026-07-09 03:15:00
2025-08-01,Al-Jouf,Traffic & Transport,Web Portal,4620,2403,63.6,8.3,6.23,4.31,98.2,2,TAYSEER_DWH,2026-07-09 03:15:00
2026-04-01,Riyadh,Health Services,Call Center,68173,42494,68.7,15.2,22.31,4.26,88.9,30,TAYSEER_DWH,2026-07-09 03:15:00
2025-12-01,Najran,Identity & Civil Affairs,Web Portal,5477,,51.6,10.7,7.35,4.25,95.1,4,TAYSEER_DWH,2026-07-09 03:15:00
2026-06-01,Qassim,Social Support & Subsidies,Call Center,6391,,65.3,17.1,20.63,3.64,,8,TAYSEER_DWH,2026-07-09 03:15:00
2025-07-01,Riyadh,Social Support & Subsidies,Call Center,32140,21308,65.9%,19.0,20.51,3.9,91.2,39,TAYSEER_DWH,2026-07-09 03:15:00
01/07/2025,Al-Baha,Justice & Notary,Branch,2649,2168,50.4,138.0,61.9,3.29,86.0,4,REGIONAL_UPLOAD,2026-07-09 03:15:00
2026-02-01,Madinah,Municipal Services,Web Portal,12385,6394,60.2,11.5,7.15,4.38,99.0,5,TAYSEER_DWH,2026-07-09 03:15:00
2025-09-01,Makkah,Education & Training,Call Center,88298,58871,62.5,14.8,18.47,3.84,93.1,52,TAYSEER_DWH,2026-07-09 03:15:00
2025-07-01,Tabuk,Health Services,Web Portal,9765,4897,62.7,9.8,7.34,4.0,?,5,CHANNEL_API,2026-07-09 03:15:00
2026-03-01,Najran,Labour & HR Services,Web Portal,3135,1586,51.5,9.1,7.22,4.22,99.5,2,TAYSEER_DWH,2026-07-09 03:15:00
2025/09/01,Qassim,Health Services,Call Center,11241,6898,65.9,15.2,21.61,3.72,90.0,11,TAYSEER_DWH,2026-07-09 03:15:00
2025-10-01,Makkah,Municipal Services,Mobile App,156237,58187,59.5,7.9,4.81,4.2,95.0,88,REGIONAL_UPLOAD,2026-07-09 03:15:00
2025/08/01,منطقة مكة المكرمة,Traffic & Transport,Call Center,68593,47209,61.7,14.7,22.28,3.65,?,72,TAYSEER_DWH,2026-07-09 03:15:00
2026-05-01,Hail,Labour & HR Services,Web Portal,4641,2386,65.2,9.4,6.81,4.21,94.1,3,TAYSEER_DWH,2026-07-09 03:15:00
2026-01-01,Madinah,Municipal Services,Mobile App,41040,16140,60.4,6.9,4.72,4.57,99.5,10,REGIONAL_UPLOAD,2026-07-09 03:15:00
2026-01-01,Eastern Province,Justice & Notary,call center,15868,10201,65.7,28.7,-14.47,3.95,83.5,14,CHANNEL_API,2026-07-09 03:15:00
2026-04-01,asir,Health Services,Mobile App,52033,-,60.1,5.7,4.68,4.54,99.5,16,TAYSEER_DWH,2026-07-09 03:15:00
2026-04-01,Jazan,Health Services,Branch,22070,17549,51.7,26.8,55.56,3.48,90.9,25,TAYSEER_DWH,2026-07-09 03:15:00
2025-11-01,Qassim,Traffic & Transport,Web Portal,14345,7447,65.7,7.3,5.64,3.93,99.3,12,REGIONAL_UPLOAD,2026-07-09 03:15:00
2026/03/01,Tabuk,Health Services,Web Portal,10365,5364,64.9,8.9,7.11,4.17,99.5,7,TAYSEER_DWH,2026-07-09 03:15:00
2025-08-01,Najran,Justice & Notary,Call Center,2422,1567,50.1,34.5,30.87,N/A,89.7,2,REGIONAL_UPLOAD,2026-07-09 03:15:00
2025-12-01,Jazan,Justice & Notary,Call Center,8628,5822,46.8%,34.2,31.84,3.4,85.9,10,CHANNEL_API,2026-07-09 03:15:00
2025-11-01,Tabuk,Identity & Civil Affairs,Mobile App,26562,10320,64.0,7.0,4.68,4.25,95.3,15,TAYSEER_DWH,2026-07-09 03:15:00
2025-10-01,Riyadh,Traffic & Transport,Web Portal,86173,44203,67.1,7.8,5.63,4.39,99.0,30,TAYSEER_DWH,2026-07-09 03:15:00
2026-01-01,Qassim,Traffic & Transport,Web Portal,13701,7163,65.9,8.2,5.94,3.98,98.2,11,TAYSEER_DWH,2026-07-09 03:15:00
2026-04-01,Tabuk,Identity & Civil Affairs,Mobile App,28372,10437,64.5,5.9,4.45,4.23,97.1,21,TAYSEER_DWH,2026-07-09 03:15:00
2025-10-01,Northern Borders,Business & Licensing,Branch,2604,2170,59.9,44.9,67.01,3.52,88.8,3,REGIONAL_UPLOAD,2026-07-09 03:15:00
2025-10-01,Makkah,Justice & Notary,Branch Office,44566,36187,60.0,112.2,68.81,N/A,83.7,61,REGIONAL_UPLOAD,2026-07-09 03:15:00
2025-08-01,Eastern Province,Health Services,Mobile App,123010,47454,65.4,5.6,4.49,4.74,98.9,14,TAYSEER_DWH,2026-07-09 03:15:00
2026-01-01,Qassim,Business & Licensing,Branch,9594,8101,64.0,44.5,63.43,N/A,89.6,11,TAYSEER_DWH,2026-07-09 03:15:00
2025-07-01,Qassim,Business & Licensing,Mobile App,19390,7663,63.3,10.6,5.12,4.07,95.9,12,TAYSEER_DWH,2026-07-09 03:15:00
2026-06-01,Hail,Traffic & Transport,Mobile App,17488,6866,64.1,5.4,3.99,4.4,98.7,5,TAYSEER_DWH,2026-07-09 03:15:00
2025-11-01,Hail,Business & Licensing,Branch,4987,4132,61.2,48.7,62.96,3.57,91.6,6,CHANNEL_API,2026-07-09 03:15:00
2025-12-01,Asir,Social Support & Subsidies,Mobile App ,24290,9265,56.5,7.2,4.48,4.39,99.5,8,TAYSEER_DWH,2026-07-09 03:15:00
2026-05-01,Al-Jouf,Municipal Services,Branch,4389,3575,62.7,32.9,57.29,3.52,90.0,6,CHANNEL_API,2026-07-09 03:15:00
2026-01-01,Madinah,Traffic & Transport,Mobile App,51154,18725,62.1,6.0,3.7,4.62,99.5,10,TAYSEER_DWH,2026-07-09 03:15:00
2026/04/01,Northern Borders,Social Support & Subsidies,Web Portal,1748,NA,59.8,10.3,7.82,4.5,98.1,0,CHANNEL_API,2026-07-09 03:15:00
2026-03-01,Asir,Education & Training,Mobile App,38705,14019,61.7,4.9,4.11,4.45,97.5,13,TAYSEER_DWH,2026-07-09 03:15:00
04-01-2026,Al-Jouf,Identity & Civil Affairs,Call Center,"4,775",2963,64.3,17.5,20.88,4.04,90.6,4,TAYSEER_DWH,2026-07-09 03:15:00
2025-09-01,Al-Jouf,Social Support & Subsidies,Branch,3515,2908,61.0,34.7,49.79,3.52,87.4,4,TAYSEER_DWH,2026-07-09 03:15:00
2026-05-01,Tabuk,Business & Licensing,Web Portal,5587,2976,64.7,17.2,9.01,3.88,94.9,4,TAYSEER_DWH,2026-07-09 03:15:00
2025-09-01,Qassim,Municipal Services,Branch,12880,10522,62.2,27.4,44.18,3.34,88.2,16,TAYSEER_DWH,2026-07-09 03:15:00
2025-11-01,Riyadh,Identity & Civil Affairs,Call Center,77135,52915,67.0%,14.4,17.23,4.02,93.8,63,TAYSEER_DWH,2026-07-09 03:15:00
2025-09-01,Eastern Province,Social Support & Subsidies,Web Portal,30001,14624,64.5,8.8,7.09,4.45,98.9,9,TAYSEER_DWH,2026-07-09 03:15:00
2026/03/01,Makkah,Identity & Civil Affairs,Call Center,78785,50062,66.1,16.8,21.93,3.89,87.0,73,REGIONAL_UPLOAD,2026-07-09 03:15:00
2025-10-01,Al-Baha,Education & Training,Web Portal,3136,-,56.6,7.3,6.83,4.29,99.5,2,TAYSEER_DWH,2026-07-09 03:15:00
2025-07-01,Jazan,Traffic & Transport,Branch,"22,193",17694,51.5,26.9,51.25,3.26,86.8,45,REGIONAL_UPLOAD,2026-07-09 03:15:00
2025-07-01,Eastern Province,Labour & HR Services,Web Portal,36787,18645,65.8,9.5,6.74,4.21,99.5,23,TAYSEER_DWH,2026-07-09 03:15:00
2026-02-01,Jazan,Justice & Notary,Call Center,6915,4343,46.2,33.9,36.27,3.49,89.6,5,TAYSEER_DWH,2026-07-09 03:15:00
2025-10-01,Qassim,Identity & Civil Affairs,Web Portal,15216,7635,66.7%,9.7,6.5,4.13,97.2,10,REGIONAL_UPLOAD,2026-07-09 03:15:00
2025-12-01,Al-Jouf,Business & Licensing,Call Center,2956,1887,60.5,29.6,29.08,3.67,90.6,2,TAYSEER_DWH,2026-07-09 03:15:00
2026-05-01,Jazan,Social Support & Subsidies,Branch,13148,11032,49.6,33.0,63.57,null,90.3,21,REGIONAL_UPLOAD,2026-07-09 03:15:00
2025-10-01,Qassim,Labour & HR Services,Call Center,8122,5181,63.4,17.0,22.8,3.67,89.1,5,TAYSEER_DWH,2026-07-09 03:15:00
2026-01-01,Northern Borders,Health Services,Branch,4777,4036,60.7,29.5,54.88,3.94,89.1,4,TAYSEER_DWH,2026-07-09 03:15:00
Oct-2025,Hail,Identity & Civil Affairs,Mobile App,18594,7342,66.4,7.2,3.96,4.69,96.5,3,TAYSEER_DWH,2026-07-09 03:15:00
2025-09-01,Madinah,Education & Training,Branch,26680,20925,63.7,30.4,43.69,3.8,93.2,31,TAYSEER_DWH,2026-07-09 03:15:00
2026-04-01,Najran ,Justice & Notary,Call Center,3030,1899,50.6,0.0,29.5,3.51,88.4,3,CHANNEL_API,2026-07-09 03:15:00
01/07/2025,Jazan,Health Services,Web Portal,13727,7076,51.2,9.3,8.13,4.07,99.5,13,REGIONAL_UPLOAD,2026-07-09 03:15:00
2025-12-01,tabuk,Education & Training,Call Center,5715,3610,67.2,13.8,21.14,3.76,90.8,6,TAYSEER_DWH,2026-07-09 03:15:00
01/07/2025,Northern Borders,Identity & Civil Affairs,Call Center,3254,2099,62.2,1440.0,25.25,3.92,91.7,2,REGIONAL_UPLOAD,2026-07-09 03:15:00
2026-01-01,Najran,Municipal Services,Web Portal,3541,1887,51.5,10.3,7.22,4.05,98.2,3,TAYSEER_DWH,2026-07-09 03:15:00
2025-10-01,Asir,Identity & Civil Affairs,Branch,29023,23929,61.6,28.1,52.51,3.41,88.6,44,TAYSEER_DWH,2026-07-09 03:15:00
2026/03/01,Asir,Traffic & Transport,Call Center,19383,12521,60.8,16.1,22.31,3.63,88.8,24,TAYSEER_DWH,2026-07-09 03:15:00
2025-07-01,Asir,Education & Training,Web Portal,15568,7647,60.7,6.9,6.56,4.33,99.3,8,CHANNEL_API,2026-07-09 03:15:00
2026-06-01,Northern Borders,Business & Licensing,call center,2235,1456,60.7,31.7,28.1,3.79,93.1,2,REGIONAL_UPLOAD,2026-07-09 03:15:00
2025-08-01,Asir,Justice & Notary,Mobile App,17925,6738,55.4,12.0,5.59,4.28,99.5,10,TAYSEER_DWH,2026-07-09 03:15:00
2026-02-01,Al-Jouf,Labour & HR Services,Web Portal,2881,1397,61.5,9.8,6.81,4.25,96.0,1,CHANNEL_API,2026-07-09 03:15:00
2025-11-01,Qassim,Traffic & Transport,Branch,14579,11739,65.7,22.4,NULL,-,89.5,20,TAYSEER_DWH,2026-07-09 03:15:00
2026-02-01,Madinah,Municipal Services,Mobile App,31047,11911,60.2,6.3,4.65,4.57,97.0,8,REGIONAL_UPLOAD,2026-07-09 03:15:00
Jun-2026,Qassim,Health Services,Web Portal,13459,7266,67.2,8.0,6.96,4.4,98.3,6,REGIONAL_UPLOAD,2026-07-09 03:15:00
2025-11-01,Northern Borders,Social Support & Subsidies,Mobile App,4751,1849,59.7,6.7,4.9,4.65,99.1,1,TAYSEER_DWH,2026-07-09 03:15:00
2025-09-01,منطقة القصيم,Labour & HR Services,call center,7182,4959,63.5,15.5,22.92,3.73,89.6,6,CHANNEL_API,2026-07-09 03:15:00
2026-04-01,Asir,Traffic & Transport,call center,19882,13003,60.4,14.0,21.45,3.73,91.0,18,REGIONAL_UPLOAD,2026-07-09 03:15:00
01/02/2026,Hail,Labour & HR Services,Branch,3555,2891,65.1,26.6,47.64,3.51,89.5,4,TAYSEER_DWH,2026-07-09 03:15:00
11-01-2025,Northern Borders,Traffic & Transport,Call Center,3157,2025,61.1,15.9,22.0,3.85,88.1,3,TAYSEER_DWH,2026-07-09 03:15:00
2026-01-01,Madinah,Identity & Civil Affairs,Web Portal,21178,10570,60.7,10.4,6.42,4.61,98.3,5,REGIONAL_UPLOAD,2026-07-09 03:15:00
2026-06-01,Jazan,Education & Training,Branch,16818,13327,50.7,25.6,52.97,3.41,92.9,20,CHANNEL_API,2026-07-09 03:15:00
2025-12-01,Eastern Province,Traffic & Transport,Branch,66051,,67.5,22.3,45.48,3.63,88.2,74,TAYSEER_DWH,2026-07-09 03:15:00
2026-06-01,Qassim,Education & Training,Mobile App,28309,10484,67.4,4.5,3.66,4.43,98.5,10,TAYSEER_DWH,2026-07-09 03:15:00
2025-11-01,Al-Baha,Social Support & Subsidies,Web Portal,2144,1102,53.3,11.2,7.56,4.31,98.3,1,TAYSEER_DWH,2026-07-09 03:15:00
2025-10-01,Eastern Province,Identity & Civil Affairs,Branch,63487,53296,64.9,28.1,47.69,null,93.0,60,TAYSEER_DWH,2026-07-09 03:15:00
2026-03-01,Hail,Municipal Services,Web Portal,5376,2856,167.7,10.1,7.11,4.19,99.3,3,TAYSEER_DWH,2026-07-09 03:15:00
2026-03-01,Tabuk,Social Support & Subsidies,Branch,5944,4788,63.5,32.3,52.02,3.35,90.3,9,REGIONAL_UPLOAD,2026-07-09 03:15:00
2026-04-01,Al-Baha,Identity & Civil Affairs,Branch,6870,5734,55.7,32.5,51.92,3.66,85.8,7,TAYSEER_DWH,2026-07-09 03:15:00
2025-12-01,Al-Baha,Health Services,Web Portal,4127,2057,57.3,9.0,7.45,4.39,95.8,2,TAYSEER_DWH,2026-07-09 03:15:00
2025-11-01,Jazan,Identity & Civil Affairs,Mobile App,"32,268",12255,48.8,7.6,5.27,4.24,99.3,17,TAYSEER_DWH,2026-07-09 03:15:00
2026-05-01,Eastern Province,Identity & Civil Affairs,Call Center,41200,27095,66.7,17.1,,4.02,90.9,29,CHANNEL_API,2026-07-09 03:15:00
2026-02-01,Najran,Identity & Civil Affairs,Web Portal,4397,2155,51.3,9.6,7.22,,98.6,2,TAYSEER_DWH,2026-07-09 03:15:00
2026/02/01,منطقة جازان,Identity & Civil Affairs,Mobile App,32146,11644,49.1,7.0,4.97,4.26,99.5,17,TAYSEER_DWH,2026-07-09 03:15:00
2026-02-01,Al-Baha,Health Services,Call Center,4893,3066,56.8,16.8,22.6,4.0,89.9,2,CHANNEL_API,2026-07-09 03:15:00
2025-11-01,Eastern Province,Education & Training,Mobile App,101266,39434,68.2,4.7,3.24,4.67,98.8,19,TAYSEER_DWH,2026-07-09 03:15:00
2026-05-01,Medina,Business & Licensing,Call Center,17330,11529,61.3,31.4,27.06,3.86,90.4,16,TAYSEER_DWH,2026-07-09 03:15:00
2025-07-01,Qassim,Social Support & Subsidies,Web Portal,8035,4071,63.8,10.1,6.41,4.09,96.3,6,REGIONAL_UPLOAD,2026-07-09 03:15:00
2025-09-01,Al-Jouf,Business & Licensing,Branch,3823,3168,60.1,39.6,61.91,3.37,89.6,4,REGIONAL_UPLOAD,2026-07-09 03:15:00
2025-08-01,Jazan,Health Services,Branch,22445,17844,50.8,28.3,61.28,3.52,91.6,29,TAYSEER_DWH,2026-07-09 03:15:00
2025-07-01,Asir,Health Services,Web Portal,18991,9902,59.5,8.5,7.35,4.26,99.1,8,TAYSEER_DWH,2026-07-09 03:15:00
2025-10-01,Hail,Municipal Services,Mobile App,13328,5308,63.7,7.2,4.44,4.44,99.1,5,TAYSEER_DWH,2026-07-09 03:15:00
2025-09-01,Tabuk,Justice & Notary,Call Center,3057,1979,62.9,31.1,28.6,3.51,90.4,3,TAYSEER_DWH,2026-07-09 03:15:00
2026-01-01,Northern Borders,Social Support & Subsidies,Portal,"1,811",934,59.5,11.1,7.68,4.53,99.5,1,TAYSEER_DWH,2026-07-09 03:15:00
2026-05-01,Najran,Municipal Services,Mobile App,9618,3708,51.0,8.0,4.78,4.24,96.2,4,CHANNEL_API,2026-07-09 03:15:00
2026-02-01,Al-Jouf,Business & Licensing,Call Center,2626,1742,60.6,25.0,28.25,3.7,91.3,3,CHANNEL_API,2026-07-09 03:15:00
07-01-2025,Asir,Business & Licensing,Call Center,11298,7229,58.5,26.9,26.55,3.65,93.4,9,TAYSEER_DWH,2026-07-09 03:15:00
2026-02-01,Al-Baha,Municipal Services,Call Center,3416,2204,54.3,20.7,24.15,3.7,90.8,3,REGIONAL_UPLOAD,2026-07-09 03:15:00
2026/01/01,Najran,Education & Training,Web Portal,3617,1861,55.6%,7.8,6.54,-,97.5,2,CHANNEL_API,2026-07-09 03:15:00
2026-06-01,Hail,Health Services,Web Portal,6715,3447,65.4,7.9,7.03,4.52,96.5,2,TAYSEER_DWH,2026-07-09 03:15:00
2025-11-01,jazan ,Health Services,Mobile App,30335,12027,51.0%,6.3,5.2,4.4,99.5,13,REGIONAL_UPLOAD,2026-07-09 03:15:00
Jun-2026,najran,Identity & Civil Affairs,Mobile App,14327,5353,51.7,7.4,4.11,4.43,n/a,6,TAYSEER_DWH,2026-07-09 03:15:00
2025-07-01,Asir,Health Services,Mobile App,"45,721",17143,59.5,6.5,n/a,4.5,96.7,12,TAYSEER_DWH,2026-07-09 03:15:00
2025-11-01,Tabuk,Justice & Notary,Call Center,3589,2354,63.9,35.4,27.13,3.34,90.7,6,TAYSEER_DWH,2026-07-09 03:15:00
2025-09-01,Al-Jouf,Business & Licensing,Web Portal,2924,1456,60.1,15.7,7.62,4.01,98.0,3,REGIONAL_UPLOAD,2026-07-09 03:15:00
2025-11-01,Northern Borders,Education & Training,Branch,3300,2769,62.8,21.9,50.07,3.93,90.0,3,TAYSEER_DWH,2026-07-09 03:15:00
2026-04-01,Eastern Province,Health Services,Call Center,42492,26854,66.7,13.7,20.14,4.27,93.6,21,TAYSEER_DWH,2026-07-09 03:15:00
2026-02-01,hail ,Justice & Notary,Web Portal,2201,1145,59.7,17.5,8.72,4.13,97.5,1,CHANNEL_API,2026-07-09 03:15:00
2025-10-01,Najran,Labour & HR Services,Web Portal,3347,1716,50.8,9.3,7.18,4.1,95.1,2,TAYSEER_DWH,2026-07-09 03:15:00
10-01-2025,Asir,Traffic & Transport,Mobile App,46911,19116,59.6,5.7,4.33,4.4,99.0,21,TAYSEER_DWH,2026-07-09 03:15:00
2025-12-01,northern borders,Business & Licensing,Branch,2654,2166,60.5,49.1,74.15,3.4,91.8,3,TAYSEER_DWH,2026-07-09 03:15:00
2026-03-01,Jazan,Municipal Services,Web Portal,9497,4710,49.4,12.3,7.87,3.83,99.5,10,TAYSEER_DWH,2026-07-09 03:15:00
2025-09-01,Al-Baha,Municipal Services,Web Portal,3305,1684,53.9,10.9,7.63,4.04,97.7,2,TAYSEER_DWH,2026-07-09 03:15:00
2025-11-01,Al Madinah,Labour & HR Services,Web Portal,14543,7141,61.5,9.4,6.29,4.41,94.2,5,TAYSEER_DWH,2026-07-09 03:15:00
2026-06-01,Najran,Justice & Notary,Call Center,3230,2158,50.5,30.8,,3.61,90.9,4,TAYSEER_DWH,2026-07-09 03:15:00
2025-08-01,Asir,Traffic & Transport,callcenter,17979,11310,59.5,17.1,23.55,3.64,93.4,22,TAYSEER_DWH,2026-07-09 03:15:00
2026-06-01,Hail,Labour & HR Services,Branch,5166,4177,65.3,28.9,53.92,3.57,87.6,7,REGIONAL_UPLOAD,2026-07-09 03:15:00
2025-07-01,Tabuk,Identity & Civil Affairs,Mobile App,21153,8373,62.9,7.3,4.52,4.35,97.9,11,TAYSEER_DWH,2026-07-09 03:15:00
2026-01-01,EASTERN PROVINCE,Social Support & Subsidies,Mobile App,69674,27105,65.5,6.8,4.07,4.64,96.2,9,REGIONAL_UPLOAD,2026-07-09 03:15:00
2025-11-01,Asir,Municipal Services,Web Portal,15734,8081,61.1%,10.8,7.27,4.06,95.4,13,TAYSEER_DWH,2026-07-09 03:15:00
2026-03-01,Northern Borders,Traffic & Transport,Mobile App,"8,957",3447,61.1,6.1,4.44,4.51,96.4,2,TAYSEER_DWH,2026-07-09 03:15:00
2026-05-01,Riyadh,Justice & Notary,Call Center,29127,18783,64.2,26.7,21.75,3.86,91.1,22,TAYSEER_DWH,2026-07-09 03:15:00
2026-03-01,Al-Jouf,Traffic & Transport,Mobile App,12408,4529,65.4,5.8,3.91,4.37,98.7,5,TAYSEER_DWH,2026-07-09 03:15:00
2026/06/01,Tabuk,Labour & HR Services,Mobile App,19496,7903,66.7,5.8,3.66,4.22,99.5,11,TAYSEER_DWH,2026-07-09 03:15:00
2025-07-01,Makkah,Municipal Services,Mobile App,136769,52565,120.1,7.0,4.24,4.18,98.8,94,REGIONAL_UPLOAD,2026-07-09 05:40:00
2026-04-01,Asir,Education & Training,Mobile App,40447,15138,61.7,4.8,3.67,4.46,94.9,10,TAYSEER_DWH,2026-07-09 03:15:00
2026-01-01,Eastern Province,Justice & Notary,Branch,21997,17229,65.7%,47.2,58.69,3.45,91.2,27,TAYSEER_DWH,2026-07-09 03:15:00
2025-07-01,Riyadh,Labour & HR Services,Branch,52438,43029,68.4,26.3,45.71,3.78,89.2,28,TAYSEER_DWH,2026-07-09 03:15:00
2025-11-01,Madinah,Municipal Services,Mobile App,37661,14235,60.0,6.7,4.4,4.59,95.8,9,CHANNEL_API,2026-07-09 03:15:00
2025-10-01,منطقة الحدود الشمالية,Traffic & Transport,Branch,4100,3366,61.3,28.1,51.11,3.58,87.1,6,REGIONAL_UPLOAD,2026-07-09 03:15:00
2025-12-01,Riyadh,Municipal Services,Call Center,53359,34245,65.3,19.9,22.68,3.72,91.7,66,TAYSEER_DWH,2026-07-09 03:15:00
2025-10-01,Al Madinah,Health Services,Mobile App,53027,21461,61.8,6.3,4.49,4.75,98.5,4,TAYSEER_DWH,2026-07-09 03:15:00
01/08/2025,Riyadh,Municipal Services,Mobile App,146572,57196,64.9,6.0,3.98,4.44,95.1,62,TAYSEER_DWH,2026-07-09 03:15:00
Jun-2026,Eastern Province,Municipal Services,Mobile App,111669,44881,68.6,6.3,4.11,4.51,96.1,42,TAYSEER_DWH,2026-07-09 03:15:00
10-01-2025,Eastern Province,Business & Licensing,Branch,34787,30067,65.1,41.0,53.13,3.44,88.1,41,CHANNEL_API,2026-07-09 03:15:00
12-01-2025,Riyadh,Social Support & Subsidies,Call Center,35937,23954,67.0,17.8,19.34,3.93,91.9,31,TAYSEER_DWH,2026-07-09 03:15:00
2026-05-01,منطقة مكة المكرمة,Health Services,Call Center,100452,63331,63.4,15.8,22.8,3.79,90.0,76,TAYSEER_DWH,2026-07-09 03:15:00
07-01-2025,Makkah,Social Support & Subsidies,Mobile App,95004,36528,59.1,7.3,4.3,4.38,99.4,44,TAYSEER_DWH,2026-07-09 03:15:00
2026-05-01,Al-Baha,Social Support & Subsidies,Mobile App,5586,2199,53.9,7.1,4.16,4.56,99.5,1,REGIONAL_UPLOAD,2026-07-09 03:15:00
2025-08-01,Asir,Business & Licensing,Web Portal,11897,6067,59.0,16.9,8.94,N/A,98.0,9,REGIONAL_UPLOAD,2026-07-09 03:15:00
2025-11-01,Jazan,Health Services,Call Center,18609,12206,51.0,18.7,28.07,3.71,90.9,21,TAYSEER_DWH,2026-07-09 03:15:00
2026-05-01,Hail,Education & Training,Web Portal,5596,2867,66.9,5.8,6.1,4.41,97.5,2,TAYSEER_DWH,2026-07-09 03:15:00
2026-02-01,Tabuk,Business & Licensing,Web Portal,5024,2660,64.0%,16.1,7.95,3.81,98.8,5,REGIONAL_UPLOAD,2026-07-09 03:15:00
2026-05-01,Al-Jouf,Justice & Notary,Web Portal,1797,888,60.3,18.2,8.77,4.02,96.4,1,TAYSEER_DWH,2026-07-09 03:15:00
2026-02-01,Northern Borders,Traffic & Transport,Call Center,2833,1855,61.6,14.7,23.57,3.96,91.8,3,REGIONAL_UPLOAD,2026-07-09 03:15:00
2026-06-01,Madinah,Health Services,Mobile App,58396,23446,63.2,5.2,4.1,4.83,98.0,2,REGIONAL_UPLOAD,2026-07-09 03:15:00
2026-03-01,Al-Jouf,Municipal Services,Web  Portal,3602,1815,63.0,11.3,,4.13,97.1,3,TAYSEER_DWH,2026-07-09 03:15:00
2026-03-01,Eastern Province,Health Services,Call Center,43486,28229,67.0,14.1,20.13,4.05,92.3,29,TAYSEER_DWH,2026-07-09 03:15:00
2026-01-01,Northern Borders,Justice & Notary,Mobile App,3455,1378,59.0,11.3,5.75,4.36,99.5,2,TAYSEER_DWH,2026-07-09 03:15:00
2026-06-01,Najran,Labour & HR Services,Branch,"6,661",5811,51.6,28.4,56.12,3.45,87.5,8,TAYSEER_DWH,2026-07-09 03:15:00
2026-06-01,Northern Borders,Labour & HR Services,Mobile App,6300,2472,62.1,7.1,4.47,4.76,97.7,0,TAYSEER_DWH,2026-07-09 03:15:00
2025-10-01,Eastern Province,Education & Training,Call Center,"29,126",18522,67.7,13.4,15.77,3.93,90.2,23,CHANNEL_API,2026-07-09 03:15:00
2026-02-01,northern borders,Labour & HR Services,Call Center,"2,069",1327,61.3,17.4,25.58,3.89,89.3,2,TAYSEER_DWH,2026-07-09 03:15:00
2025-07-01,Madinah,Education & Training,Web Portal,17569,9021,63.5,8.2,5.5,4.43,96.6,6,TAYSEER_DWH,2026-07-09 03:15:00
2026-05-01,Asir,Health Services,Branch,24947,20447,60.0,27.7,49.39,3.57,90.8,28,TAYSEER_DWH,2026-07-09 03:15:00
2026-03-01,Riyadh,Justice & Notary,Branch,"37,004",29343,64.1,47.3,59.44,N/A,90.2,29,TAYSEER_DWH,2026-07-09 03:15:00
2025-11-01,Madinah,Education & Training,Mobile App,"40,458",15890,64.7,5.6,3.42,4.81,97.5,2,TAYSEER_DWH,2026-07-09 03:15:00
2025-11-01,Al-Baha,Identity & Civil Affairs,Call Center,5171,3338,55.8,19.6,21.42,3.88,92.4,4,TAYSEER_DWH,2026-07-09 03:15:00
2026-01-01,Al-Baha,Municipal Services,Mobile App,7128,2838,53.5,7.4,4.59,4.41,99.5,3,TAYSEER_DWH,2026-07-09 03:15:00
2025-11-01,Al-Jouf,Traffic & Transport,Mobile App,12597,4694,64.0,5.9,4.01,4.51,99.5,2,CHANNEL_API,2026-07-09 03:15:00
2025-07-01,Tabuk,Health Services, Branch,10369,8425,62.7,26.4,55.04,3.42,85.4,14,TAYSEER_DWH,2026-07-09 03:15:00
2026-05-01,Tabuk,Labour & HR Services,Call Center,5247,3379,67.1,18.5,25.07,N/A,88.0,3,TAYSEER_DWH,2026-07-09 03:15:00
04-01-2026,Al-Baha,Identity & Civil Affairs,Call Center,5137,3389,55.7,19.4,22.4,3.77,93.1,4,CHANNEL_API,2026-07-09 03:15:00
2025-11-01,Jazan,Education & Training,Call Center,13972,9507,51.1,15.3,21.99,3.46,87.5,20,TAYSEER_DWH,2026-07-09 03:15:00
2026-02-01,Madinah,Social Support & Subsidies,Web Portal,"9,614",4927,60.6,10.4,6.81,4.49,98.5,4,CHANNEL_API,2026-07-09 03:15:00
2026-02-01,Eastern Province,Municipal Services,Mobile App,90597,32916,67.3,7.4,4.23,4.55,95.9,27,TAYSEER_DWH,2026-07-09 03:15:00
2026-06-01,Eastern Province,Identity & Civil Affairs,Branch,"56,065",45240,66.1,29.2,47.6,3.71,91.4,65,TAYSEER_DWH,2026-07-09 03:15:00
2025-11-01,Makkah,Health Services,Branch Office,95591,80842,62.6,25.9,55.95,3.64,91.9,81,CHANNEL_API,2026-07-09 03:15:00
2025-12-01,Tabuk,Municipal Services,Mobile App,17224,7098,62.9,8.5,4.96,4.2,99.5,9,TAYSEER_DWH,2026-07-09 03:15:00
2026-04-01,Qassim,Identity & Civil Affairs,Mobile App,43420,16795,67.1,6.4,3.67,4.42,96.2,14,REGIONAL_UPLOAD,2026-07-09 03:15:00
2025-10-01,Al Qassim,Justice & Notary,Branch,7192,5500,61.9,51.4,62.83,3.11,85.1,11,TAYSEER_DWH,2026-07-09 03:15:00
2026-05-01,Qassim,Municipal Services,Branch,12827,10607,63.2,29.6,49.37,3.35,90.8,16,TAYSEER_DWH,2026-07-09 03:15:00
2026-06-01,Al-Jouf,Business & Licensing,Web Portal,2584,1323,61.5,14.6,8.64,4.18,98.3,1,TAYSEER_DWH,2026-07-09 03:15:00
10-01-2025,Najran,Social Support & Subsidies,Mobile App,6849,2583,52.0,7.3,4.7,4.43,99.2,2,REGIONAL_UPLOAD,2026-07-09 05:40:00
2026-03-01,Makkah,Traffic & Transport,Branch,89514,75447,63.0,23.3,44.87,3.38,88.3,122,REGIONAL_UPLOAD,2026-07-09 03:15:00
2026-02-01,Eastern Province,Municipal Services,Branch,28320,23359,67.3,32.9,52.49,3.55,92.4,43,REGIONAL_UPLOAD,2026-07-09 03:15:00
2026-04-01,Northern Borders,Business & Licensing,Call Center,2308,1492,60.3,30.6,28.29,3.78,91.6,3,TAYSEER_DWH,2026-07-09 03:15:00
2026-06-01,Jazan,Education & Training,Web Portal,9456,4728,50.7,8.3,7.39,4.11,99.5,7,TAYSEER_DWH,2026-07-09 03:15:00
2026-02-01,Al-Jouf,Justice & Notary,Web Portal,1629,828,59.9,15.0,7.97,4.15,97.0,1,TAYSEER_DWH,2026-07-09 03:15:00
2026-02-01,Najran,Education & Training,Web Portal,3429,1836,55.9,7.5,6.13,4.16,98.2,2,TAYSEER_DWH,2026-07-09 03:15:00
2026-04-01,Jazan,Justice & Notary,Call Center,8264,5351,46.3,31.2,34.3,3.36,88.7,10,TAYSEER_DWH,2026-07-09 03:15:00
2025/11/01,Najran,Municipal Services,Mobile App,8545,3191,51.4,7.5,4.64,4.31,99.5,4,CHANNEL_API,2026-07-09 03:15:00
2025-08-01,Najran,Education & Training,Web Portal,6482,3291,55.4,9.2,5.8,4.21,96.7,3,TAYSEER_DWH,2026-07-09 03:15:00
2025-07-01,Northern Borders,Health Services,Web Portal,3788,1993,60.3,8.9,8.62,4.64,95.7,1,REGIONAL_UPLOAD,2026-07-09 03:15:00
2026-06-01,Eastern Province,Business & Licensing,Web Portal,29258,14634,66.1,15.5,7.83,4.07,97.9,20,TAYSEER_DWH,2026-07-09 03:15:00
2026-04-01,Riyadh,Traffic & Transport,Branch,81863,67121,68.0,19.4,43.35,3.68,?,78,TAYSEER_DWH,2026-07-09 03:15:00
2025-12-01,Qassim,Business & Licensing,Web Portal,9084,4684,64.2,15.0,8.18,,98.5,7,TAYSEER_DWH,2026-07-09 03:15:00
2026-04-01,Hail,Health Services,Mobile App,19272,7364,156.6,4.9,4.56,4.74,98.7,1,TAYSEER_DWH,2026-07-09 03:15:00
Jun-2026,Makkah,Education & Training,Branch,"63,266",51450,64.5,22.4,42.86,3.63,90.7,58,TAYSEER_DWH,2026-07-09 03:15:00
2025-12-01,منطقة الحدود الشمالية,Labour & HR Services,Web Portal,2606,1328,61.5,9.6,7.06,4.41,94.5,1,REGIONAL_UPLOAD,2026-07-09 03:15:00
2025-08-01,Eastern Province,Justice & Notary,branch,"20,202",17092,64.7,43.8,58.7,3.48,91.6,26,TAYSEER_DWH,2026-07-09 03:15:00
2025-10-01,Riyadh,Business & Licensing,Branch,60515,51704,64.1,40.7,51.68,3.58,88.8,45,REGIONAL_UPLOAD,2026-07-09 03:15:00
May-2026,Madinah,Education & Training,Call Center,19052,12601,65.3,12.4,17.7,4.21,88.2,9,CHANNEL_API,2026-07-09 03:15:00
2026-05-01,Asir,Justice & Notary,Mobile App,21268,8003,56.3,10.8,5.93,4.29,99.5,10,TAYSEER_DWH,2026-07-09 03:15:00
2026-03-01,Riyadh,Municipal Services,Call Center,51028,32127,66.0,17.6,21.53,4.05,90.9,30,REGIONAL_UPLOAD,2026-07-09 03:15:00
2026-02-01,Asir,Business & Licensing,call center,11107,6970,59.0,27.0,29.5,3.55,93.1,12,REGIONAL_UPLOAD,2026-07-09 03:15:00
2025-07-01,QASSIM,Health Services,Call Center,"10,939",7039,65.2,15.0,22.24,3.92,92.0,7,TAYSEER_DWH,2026-07-09 03:15:00
2026-03-01,منطقة المدينة المنورة,Labour & HR Services,Web Portal,13767,7097,62.0,10.0,6.76,4.35,98.3,5,TAYSEER_DWH,2026-07-09 03:15:00
2026-06-01,Al-Jouf,Municipal Services,Branch,4578,3584,63.3,30.0,53.59,3.53,89.0,6,CHANNEL_API,2026-07-09 03:15:00
2026-02-01,Makkah,Health Services,web portal,83548,41790,63.5,9.1,6.97,4.09,98.6,44,TAYSEER_DWH,2026-07-09 03:15:00
2026-01-01,Hail,Traffic & Transport,Branch,7813,-,63.0,24.4,46.95,3.51,91.3,7,TAYSEER_DWH,2026-07-09 03:15:00
2025/10/01,Madinah,Justice & Notary,Web Portal,8831,4564,59.2,17.5,8.28,4.37,96.7,3,REGIONAL_UPLOAD,2026-07-09 03:15:00
01/08/2025,Qassim,Social Support & Subsidies,Web Portal,8272,NA,63.9,9.4,6.72,4.07,99.4,6,TAYSEER_DWH,2026-07-09 03:15:00
2026-02-01,Hail,Business & Licensing,Call Center,3544,2285,62.5%,27.7,27.71,3.55,86.6,4,REGIONAL_UPLOAD,2026-07-09 03:15:00
2025-12-01,Tabuk,Education & Training,Mobile App,17598,6954,67.2%,5.3,3.91,,99.5,7,REGIONAL_UPLOAD,2026-07-09 03:15:00
2025-10-01,Al-Baha,Justice & Notary,Call Center,"2,067",1383,50.5,36.3,30.67,3.63,91.3,2,CHANNEL_API,2026-07-09 03:15:00
2025-10-01,Asir,Municipal Services,Mobile App,38773,14810,61.6,6.9,4.86,4.25,95.5,19,CHANNEL_API,2026-07-09 03:15:00
01/10/2025,Makkah,Identity & Civil Affairs,Web Portal,95255,50188,65.9,9.8,6.26,4.24,99.5,51,REGIONAL_UPLOAD,2026-07-09 03:15:00
2025-09-01,Madinah,Labour & HR Services,Web Portal,14893,7904,61.4,9.9,6.53,4.32,96.8,7,REGIONAL_UPLOAD,2026-07-09 03:15:00
2026-01-01,Najran,Labour & HR Services,Branch,6711,5331,51.8,32.4,52.26,3.46,84.8,9,TAYSEER_DWH,2026-07-09 03:15:00
2025-10-01,Madinah,Social Support & Subsidies,Branch,14888,12315,60.2,34.9,52.57,3.82,91.3,16,TAYSEER_DWH,2026-07-09 03:15:00
2026-04-01,Makkah,Social Support & Subsidies,Mobile App,110154,43428,61.3,7.0,4.42,,96.8,36,CHANNEL_API,2026-07-09 03:15:00
05-01-2026,Al-Baha,Health Services,Mobile App,11213,4411,57.4%,6.8,4.48,4.63,99.5,3,TAYSEER_DWH,2026-07-09 03:15:00
May-2026,Hail,Social Support & Subsidies,Web Portal,"3,576",1822,62.9,9.9,6.64,4.4,94.5,1,TAYSEER_DWH,2026-07-09 03:15:00
2026-05-01,Madinah,Justice & Notary,Mobile App,28803,11032,59.7,11.3,5.02,4.49,97.4,10,TAYSEER_DWH,2026-07-09 03:15:00
2026-04-01,Makkah,Justice & Notary,Branch,43423,32348,60.8,120.9,60.41,3.23,82.8,49,TAYSEER_DWH,2026-07-09 03:15:00
2026-01-01,Najran,Municipal Services,Branch,7217,5782,51.5,32.8,52.17,3.25,89.6,11,REGIONAL_UPLOAD,2026-07-09 03:15:00
2026-04-01,Riyadh,Health Services,Web Portal,85573,42655,68.7,7.9,6.21,4.63,98.4,10,CHANNEL_API,2026-07-09 03:15:00
01/12/2025,Makkah,Labour & HR Services,Branch,69575,54473,61.3,31.3,52.58,3.4,n/a,63,TAYSEER_DWH,2026-07-09 03:15:00
02-01-2026,Madinah,Traffic & Transport,Branch,16816,13609,61.8,25.8,,3.68,89.3,20,TAYSEER_DWH,2026-07-09 03:15:00
2025/07/01,JAZAN,Identity & Civil Affairs,CALL_CENTRE,18398,11938,48.7,20.0,25.16,3.56,89.3,24,REGIONAL_UPLOAD,2026-07-09 03:15:00
2025-12-01,Makkah,Municipal Services,App,152940,61826,60.6,9999.0,4.14,4.32,97.4,76,REGIONAL_UPLOAD,2026-07-09 03:15:00
01/04/2026,Najran,Labour & HR Services,Web Portal,3037,1538,51.8,10.7,6.97,4.13,96.8,2,CHANNEL_API,2026-07-09 03:15:00
2026-01-01,Hail,Municipal Services,Branch,5717,4632,65.0,32.2,53.3,3.57,89.6,5,TAYSEER_DWH,2026-07-09 03:15:00
02-01-2026,Riyadh,Traffic & Transport,Branch,59914,49694,67.7%,20.6,44.97,3.72,89.3,58,TAYSEER_DWH,2026-07-09 03:15:00
2026-02-01,Najran,Labour & HR Services,Branch,4869,3749,51.7,31.8,53.69,3.48,89.0,5,TAYSEER_DWH,2026-07-09 03:15:00
2026-02-01,Al-Jouf,Justice & Notary,Branch,1919,1653,59.9,58.1,66.85,3.37,87.1,2,TAYSEER_DWH,2026-07-09 03:15:00
2026-01-01,hail ,Labour & HR Services,Branch,4991,4128,64.9,29.2,53.37,3.57,88.9,5,CHANNEL_API,2026-07-09 03:15:00
2026-03-01,Al-Baha,Municipal Services,Call Center,3897,2550,54.2,23.1,NULL,3.72,88.7,3,REGIONAL_UPLOAD,2026-07-09 03:15:00
2026-01-01,Al-Baha,Labour & HR Services,Mobile App,6751,2526,57.1,6.7,4.45,4.45,99.5,2,TAYSEER_DWH,2026-07-09 03:15:00
2026-06-01,HAIL,Justice & Notary,Branch,3306,2714,135.9,55.7,62.68,3.43,89.9,3,REGIONAL_UPLOAD,2026-07-09 03:15:00
2025-07-01,Najran ,Social Support & Subsidies,Web Portal,2645,1387,51.9,11.4,NULL,4.2,92.9,2,TAYSEER_DWH,2026-07-09 03:15:00
2025/12/01,Madinah,Education & Training,Web Portal,15620,7821,64.8,8.2,6.05,4.5,95.0,7,TAYSEER_DWH,2026-07-09 03:15:00
2026-02-01,Jazan,Business & Licensing,Mobile App,15108,5642,48.9,10.6,5.85,4.05,96.8,10,TAYSEER_DWH,2026-07-09 03:15:00
2026-06-01,Makkah,Health Services,Mobile App,239553,91562,64.0,4.6,4.45,4.59,97.5,59,REGIONAL_UPLOAD,2026-07-09 03:15:00
2026-04-01,Jazan,Identity & Civil Affairs,Web Portal,13162,6565,49.4,9.4,7.51,4.13,,10,REGIONAL_UPLOAD,2026-07-09 03:15:00
2026-04-01,منطقة المدينة المنورة,Municipal Services,Mobile App,37454,14306,60.9,7.4,4.59,4.51,99.5,11,REGIONAL_UPLOAD,2026-07-09 03:15:00
2026-05-01,Asir,Social Support & Subsidies,Call Center,12420,7483,57.1,17.4,21.7,3.93,90.4,7,TAYSEER_DWH,2026-07-09 03:15:00
2026-03-01,Makkah,Labour & HR Services,Mobile App ,155162,58348,62.0,6.1,4.15,4.45,98.5,50,TAYSEER_DWH,2026-07-09 03:15:00
2025-07-01,Eastern Province,Municipal Services,Web Portal,43292,22901,67.0,9.2,6.33,4.24,99.5,25,REGIONAL_UPLOAD,2026-07-09 03:15:00
2026-05-01,Makkah,Identity & Civil Affairs,Call Center,91000,60622,66.9,18.4,21.17,3.8,88.7,58,REGIONAL_UPLOAD,2026-07-09 03:15:00
2025-10-01,Madinah,Social Support & Subsidies,Mobile App,25655,9859,60.2,8.0,4.34,4.61,97.5,5,TAYSEER_DWH,2026-07-09 03:15:00
2026-04-01,Hail,Business & Licensing,Call Centre,4098,2682,62.1,30.0,25.78,3.76,87.2,3,TAYSEER_DWH,2026-07-09 03:15:00
2026-02-01,Al-Jouf,Education & Training,Branch,2859,2433,63.2,21.4,46.48,3.74,86.9,3,CHANNEL_API,2026-07-09 03:15:00
2026-03-01,Northern Borders,Labour & HR Services,Web Portal,2280,1140,61.2,10.6,7.43,4.35,94.6,1,TAYSEER_DWH,2026-07-09 03:15:00
2026-06-01,منطقة تبوك,Identity & Civil Affairs,Web Portal,9789,5126,64.4,10.7,7.41,4.09,97.2,6,TAYSEER_DWH,2026-07-09 03:15:00
2025-07-01,Northern Borders,Social Support & Subsidies,Portal,1894,1006,59.2,11.0,7.59,4.55,99.5,1,REGIONAL_UPLOAD,2026-07-09 03:15:00
Mar-2026,Qassim,Social Support & Subsidies,Call Center,6787,3999,65.8,18.2,24.36,3.69,92.1,4,TAYSEER_DWH,2026-07-09 03:15:00
2026-04-01,Makkah,Labour & HR Services,Call Center,55429,35919,61.5,19.2,22.85,3.68,90.0,68,TAYSEER_DWH,2026-07-09 03:15:00
2025-09-01,Eastern Province,Traffic & Transport,Branch,"46,802",38106,144.9,22.0,45.1,3.58,88.4,63,TAYSEER_DWH,2026-07-09 03:15:00
2026-05-01,Northern Borders,Education & Training,Mobile App,8121,2962,63.3,5.5,3.93,4.8,96.7,0,TAYSEER_DWH,2026-07-09 03:15:00
2026-01-01,Hail,Traffic & Transport,Web Portal,6792,3552,63.0,7.8,6.09,4.24,99.5,4,TAYSEER_DWH,2026-07-09 03:15:00
2026-05-01,Al-Baha,Traffic & Transport, Branch,6122,5156,55.9%,29.3,,3.6,89.9,9,TAYSEER_DWH,2026-07-09 03:15:00
2025-11-01,Madinah,Labour & HR Services,Call Center,12500,7685,61.5,19.6,21.47,3.93,91.9,11,REGIONAL_UPLOAD,2026-07-09 03:15:00
2026-04-01,Eastern Province,Health Services,Web Portal,49658,25366,66.7,8.4,6.82,4.43,99.5,10,TAYSEER_DWH,2026-07-09 03:15:00
2026-02-01,Al-Baha,Business & Licensing,Call Center,2826,1770,52.7,34.7,29.25,3.65,87.7,3,CHANNEL_API,2026-07-09 03:15:00
2026-03-01,Asir,Business & Licensing,Call Center,11538,7246,59.7,29.7,29.66,null,90.5,15,TAYSEER_DWH,2026-07-09 03:15:00
2025-08-01,Hail,Business & Licensing,Branch,5363,4434,60.4,39.6,63.51,3.52,89.2,8,TAYSEER_DWH,2026-07-09 03:15:00
2026-03-01,Makkah,Business & Licensing,Branch,60869,49669,60.8,104.4,64.24,3.19,85.4,65,REGIONAL_UPLOAD,2026-07-09 03:15:00
2026-04-01,Hail,Justice & Notary,Branch,3298,2895,60.1,46.3,57.85,3.57,?,4,REGIONAL_UPLOAD,2026-07-09 03:15:00
2025-11-01,Al-Baha,Municipal Services,Call Center,3738,2498,53.4,21.6,23.13,3.63,91.9,5,TAYSEER_DWH,2026-07-09 03:15:00
06-01-2026,Makkah,Social Support & Subsidies,Mobile App,114204,44804,60.9,7.8,4.34,4.23,99.3,83,TAYSEER_DWH,2026-07-09 03:15:00
2026-04-01,Riyadh,Education & Training,Call Center,45504,28437,69.9,14.4,19.29,4.07,90.5,28,TAYSEER_DWH,2026-07-09 03:15:00
2025-12-01,Najran,Traffic & Transport,Web Portal,6184,3130,54.2,8.8,6.49,4.12,97.3,4,TAYSEER_DWH,2026-07-09 03:15:00
2026-01-01,Makkah,Justice & Notary,Branch,"40,511",33286,59.9,113.7,61.78,3.11,,62,TAYSEER_DWH,2026-07-09 03:15:00
2026-03-01,Najran,Health Services,Mobile App,13689,5068,51.3,6.5,4.28,4.34,98.1,5,TAYSEER_DWH,2026-07-09 03:15:00
2026-01-01,Eastern Province,Social Support & Subsidies,Web Portal,26239,13870,65.5%,8.8,6.58,4.38,99.5,12,REGIONAL_UPLOAD,2026-07-09 03:15:00
Jan-2026,Madinah,Health Services,Mobile App,57522,22649,62.5,6.3,4.23,4.81,99.5,2,REGIONAL_UPLOAD,2026-07-09 03:15:00
2026-01-01,Qassim,Municipal Services,Call Center,"9,151",5848,62.9,20.1,23.11,3.6,90.3,10,TAYSEER_DWH,2026-07-09 03:15:00
2026-05-01,Najran,Municipal Services,Call Center,5546,3577,51.0,19.9,24.76,3.65,89.5,6,REGIONAL_UPLOAD,2026-07-09 03:15:00
2026-04-01,منطقة الحدود الشمالية,Justice & Notary,Mobile App,3532,1378,59.4,11.1,5.99,4.41,97.5,1,TAYSEER_DWH,2026-07-09 03:15:00
2026-04-01,Qassim,Municipal Services,Call Center,9577,6125,63.3,22.1,25.93,3.47,93.1,13,REGIONAL_UPLOAD,2026-07-09 05:40:00
2025-07-01,northern borders,Education & Training,Call Center,2446,1618,62.1,13.8,23.46,4.1,90.8,1,TAYSEER_DWH,2026-07-09 03:15:00
2025-08-01,Northern Borders,Social Support & Subsidies,Web Portal,1948,987,59.5,10.1,7.84,4.52,96.8,1,REGIONAL_UPLOAD,2026-07-09 03:15:00
2026-05-01,Riyadh,Education & Training,Web Portal,64140,34320,69.6,6.5,5.72,4.48,97.1,22,TAYSEER_DWH,2026-07-09 03:15:00
2025-07-01,Al-Jouf,Social Support & Subsidies,Branch,"3,146",2528,60.9,31.0,53.24,3.58,92.1,4,TAYSEER_DWH,2026-07-09 03:15:00
2025-12-01,Najran,Health Services,Mobile App,12389,4752,51.0,6.5,4.44,4.4,99.5,4,TAYSEER_DWH,2026-07-09 03:15:00
2025-08-01,Najran,Justice & Notary,Branch,3683,2899,50.1,116.7,64.4,3.32,83.0,4,TAYSEER_DWH,2026-07-09 03:15:00
2026-03-01,Northern Borders,Health Services,Call Center,3505,2292,60.5,15.1,25.63,4.17,92.4,1,TAYSEER_DWH,2026-07-09 03:15:00
2025-07-01,Qassim,Education & Training,Call Center,7307,4683,66.2,13.6,19.12,3.75,90.9,8,TAYSEER_DWH,2026-07-09 03:15:00
2025-08-01,Hail,Education & Training,Branch,8778,7590,65.8,0.0,43.79,3.7,90.7,10,TAYSEER_DWH,2026-07-09 03:15:00
2025-09-01,Hail,Municipal Services,Web Portal,6023,2965,64.0,9.9,7.4,4.17,99.5,3,TAYSEER_DWH,2026-07-09 03:15:00
2026-01-01,Tabuk,Business & Licensing,Branch,6463,5461,64.1,50.3,66.26,3.23,93.4,9,TAYSEER_DWH,2026-07-09 03:15:00
2025-07-01,Northern Borders,Social Support & Subsidies,Call Center,1623,1031,59.2,20.5,23.63,4.04,90.1,1,TAYSEER_DWH,2026-07-09 03:15:00
2025-08-01,Jazan,Social Support & Subsidies,Mobile App,13696,5299,48.5,7.7,5.31,4.22,95.5,8,TAYSEER_DWH,2026-07-09 03:15:00
04-01-2026,منطقة الباحة,Traffic & Transport,Mobile App,10581,4120,55.7,5.8,3.84,4.4,99.5,4,TAYSEER_DWH,2026-07-09 03:15:00
2025-08-01,Riyadh,Health Services,Web Portal,90283,45722,67.2,7.6,6.57,4.61,98.6,25,TAYSEER_DWH,2026-07-09 03:15:00
2025-11-01,Riyadh,Municipal Services,Web Portal,65901,34580,64.8,10.4,6.88,4.25,99.5,22,TAYSEER_DWH,2026-07-09 03:15:00
2025-08-01,Jazan,Labour & HR Services,Call Center,11697,7396,47.5,22.7,24.05,3.53,88.0,11,CHANNEL_API,2026-07-09 03:15:00
2026-05-01,Jazan,Municipal Services,Web Portal,8258,4360,48.7,11.6,8.51,3.97,99.5,8,CHANNEL_API,2026-07-09 03:15:00
2025-11-01,Hail,Business & Licensing,Branch,4987,4132,61.2,48.7,62.96,3.57,91.6,6,CHANNEL_API,2026-07-09 03:15:00
2025-11-01,Asir,Health Services,Web Portal,21518,11043,59.4,7.3,7.55,4.35,98.2,6,TAYSEER_DWH,2026-07-09 03:15:00
2026-02-01,AR RIYADH,Education & Training,Call Center,40497,26415,68.6,13.4,16.71,4.07,90.9,31,TAYSEER_DWH,2026-07-09 03:15:00
01/12/2025,Eastern Province,Traffic & Transport,Web Portal,61971,33127,67.5,7.1,,4.2,97.2,41,TAYSEER_DWH,2026-07-09 03:15:00
2025-07-01,Riyadh,Education & Training,Branch,60392,48911,67.9,19.8,40.85,null,90.1,56,TAYSEER_DWH,2026-07-09 03:15:00
2026-04-01,منطقة الجوف,Business & Licensing,Mobile App,7973,3070,61.9,10.8,5.42,4.33,93.0,4,TAYSEER_DWH,2026-07-09 03:15:00
2026-05-01,Madinah,Education & Training,Branch,23622,20437,65.3,23.3,45.41,3.86,90.3,18,TAYSEER_DWH,2026-07-09 03:15:00
08-01-2025,Hail,Business & Licensing,Call Center,3626,2340,60.4,32.4,25.03,3.71,85.7,3,REGIONAL_UPLOAD,2026-07-09 03:15:00
2025-10-01,Riyadh,Identity & Civil Affairs,Call Center,67178,43322,66.9,15.5,17.67,4.02,n/a,33,REGIONAL_UPLOAD,2026-07-09 03:15:00
2025-10-01,Al-Jouf,Traffic & Transport,Call Center,4324,2705,64.5,14.2,19.07,3.78,89.3,3,REGIONAL_UPLOAD,2026-07-09 03:15:00
2026-04-01,Al-Jouf,Social Support & Subsidies,Web Portal,2706,1364,62.1,11.8,7.01,null,99.1,1,REGIONAL_UPLOAD,2026-07-09 03:15:00
2026-01-01,Al-Baha,Identity & Civil Affairs,Call Center,5179,3197,55.7,19.6,22.4,3.86,90.4,4,TAYSEER_DWH,2026-07-09 03:15:00
2026-06-01,Northern Borders,Identity & Civil Affairs,Call Center,3775,2341,62.9,19.3,22.49,4.06,89.3,3,CHANNEL_API,2026-07-09 03:15:00
2025-10-01,Riyadh,Justice & Notary,Call Center,33110,21832,63.2,29.2,24.27,3.79,94.1,28,REGIONAL_UPLOAD,2026-07-09 03:15:00
2025-08-01,Al-Jouf,Business & Licensing,Branch,3849,2887,60.2,45.1,56.91,3.27,89.6,6,TAYSEER_DWH,2026-07-09 03:15:00
2025-07-01,Madinah,Health Services,Web Portal,20388,10364,61.3,8.9,6.48,4.55,99.1,5,REGIONAL_UPLOAD,2026-07-09 03:15:00
2025-10-01,Northern Borders,Municipal Services,Web Portal,2774,1448,62.0,11.9,7.73,4.34,99.5,1,CHANNEL_API,2026-07-09 03:15:00
2026-01-01,Al-Baha,Labour & HR Services,Web Portal,2878,1425,57.1,10.3,7.36,4.12,97.7,2,REGIONAL_UPLOAD,2026-07-09 03:15:00
01/07/2025,Madinah,Social Support & Subsidies,Call Center,10042,6472,59.4%,20.7,20.39,4.19,91.4,6,REGIONAL_UPLOAD,2026-07-09 03:15:00
2026-02-01,Al-Baha,Justice & Notary,App,3459,1284,51.4,12.0,5.84,4.3,99.5,1,TAYSEER_DWH,2026-07-09 03:15:00
2025-10-01,Madinah,Identity & Civil Affairs,Web Portal,22423,11341,59.8%,10.2,6.52,4.56,97.1,4,TAYSEER_DWH,2026-07-09 03:15:00
2026-02-01,Riyadh,Business & Licensing,Call Center,37123,24553,64.3,28.5,23.67,3.84,90.7,34,TAYSEER_DWH,2026-07-09 03:15:00
2025-11-01,Eastern Province,Labour & HR Services,Mobile App,85762,32015,65.8,5.4,4.22,4.5,98.0,18,TAYSEER_DWH,2026-07-09 03:15:00
2025/07/01,Qassim,Identity & Civil Affairs,Mobile App,32540,12422,65.7,6.7,3.82,4.32,98.8,12,TAYSEER_DWH,2026-07-09 03:15:00
2025-07-01,المنطقة الشرقية,Health Services,Web Portal,50209,25698,65.4,8.3,6.45,4.37,96.9,16,TAYSEER_DWH,2026-07-09 03:15:00
2025-07-01,Al-Jouf,Education & Training,Branch,4403,3637,61.7,21.4,,3.72,92.0,3,TAYSEER_DWH,2026-07-09 03:15:00
2025-12-01,Tabuk,Labour & HR Services,Call Center,4933,3243,66.3,21.6,22.46,3.62,88.5,6,TAYSEER_DWH,2026-07-09 03:15:00
2026-03-01,JAZAN,Municipal Services,Mobile App,22824,8509,49.4,8.1,5.59,4.24,97.2,15,TAYSEER_DWH,2026-07-09 03:15:00
2025-08-01,Jazan,Identity & Civil Affairs,Web Portal,14437,7267,48.4,11.4,8.01,N/A,96.2,8,TAYSEER_DWH,2026-07-09 03:15:00
2026-05-01,AL-JOUF,Business & Licensing,Branch,3579,2930,61.2,48.9,66.04,3.35,89.5,4,TAYSEER_DWH,2026-07-09 03:15:00
2025-08-01,Hail,Traffic & Transport,Mobile App,13064,4948,61.8,5.4,3.88,4.44,99.5,3,TAYSEER_DWH,2026-07-09 03:15:00
2025-12-01,Madinah,Labour & HR Services,Mobile App,32312,12633,61.4,6.1,4.13,4.68,97.9,4,REGIONAL_UPLOAD,2026-07-09 03:15:00
10-01-2025,Al-Baha,Social Support & Subsidies,Web Portal,2047,1052,53.4,12.6,7.34,4.18,99.2,1,TAYSEER_DWH,2026-07-09 03:15:00
2026-02-01,Qassim,Business & Licensing,Mobile App,19604,7493,65.0,9.9,4.5,3.95,99.0,11,TAYSEER_DWH,2026-07-09 03:15:00
2026-03-01,Aseer,Business & Licensing,Mobile App,30987,11971,59.7,10.2,NULL,4.17,97.8,14,TAYSEER_DWH,2026-07-09 03:15:00
2026-06-01,Asir,Social Support & Subsidies,Branch,14175,10846,57.4,33.7,56.57,3.49,90.7,20,TAYSEER_DWH,2026-07-09 03:15:00
2025-12-01,Tabuk,Labour & HR Services,Mobile App,17236,6673,66.3,7.1,4.02,4.25,97.0,6,TAYSEER_DWH,2026-07-09 03:15:00
2025-11-01,Jazan,Identity & Civil Affairs,Call Center,21081,13953,48.8,19.8,23.72,3.71,89.6,16,TAYSEER_DWH,2026-07-09 03:15:00
2025/08/01,Makkah,Traffic & Transport,Web Portal,85114,46617,61.7,7.7,6.33,4.02,96.5,64,TAYSEER_DWH,2026-07-09 03:15:00
2026-02-01,Asir,Labour & HR Services,Call Center,12976,8307,59.0,18.6,24.45,3.71,91.0,14,TAYSEER_DWH,2026-07-09 03:15:00
2025-08-01,Asir,Identity & Civil Affairs,Mobile App,52207,19858,60.9,6.8,4.64,4.5,97.7,17,REGIONAL_UPLOAD,2026-07-09 03:15:00
2026-01-01,Eastern Province,Traffic & Transport,Mobile App,124262,48742,68.4,5.2,3.44,4.49,98.4,54,REGIONAL_UPLOAD,2026-07-09 03:15:00
2025-12-01,Al-Baha,Business & Licensing,MOBILE_APP,5407,2050,53.0,10.0,5.15,4.39,94.5,2,TAYSEER_DWH,2026-07-09 03:15:00
2026-04-01,Najran,Health Services,Call Centre,7265,4565,51.5%,17.6,21.59,3.92,88.5,3,REGIONAL_UPLOAD,2026-07-09 03:15:00
2025-11-01,Hail,Health Services,Web Portal,7686,3984,64.5,8.2,7.1,4.51,99.5,1,CHANNEL_API,2026-07-09 03:15:00
2026-06-01,Al-Baha,Health Services,Branch,5797,4934,57.2,28.3,-9.46,3.8,92.7,7,REGIONAL_UPLOAD,2026-07-09 03:15:00
2026-05-01,Asir,Education & Training,Call Center,14564,9774,62.1,12.4,20.55,3.83,92.3,14,TAYSEER_DWH,2026-07-09 03:15:00
2025-08-01,Northern Borders,Health Services,Mobile App,7662,2863,60.3,7.1,5.13,4.81,97.7,0,TAYSEER_DWH,2026-07-09 03:15:00
2025-09-01,Tabuk,Justice & Notary,Web Portal,4064,2072,62.9,16.8,9.07,3.93,96.9,4,TAYSEER_DWH,2026-07-09 03:15:00
2025-12-01,Jazan,Traffic & Transport,Mobile App,41444,15791,51.6,5.7,4.65,4.12,97.5,24,TAYSEER_DWH,2026-07-09 03:15:00
Feb-2026,Tabuk,Social Support & Subsidies,Web Portal,"4,134",2111,63.5,13.1,7.44,4.0,99.5,4,REGIONAL_UPLOAD,2026-07-09 03:15:00
2025-11-01,Hail,Labour & HR Services,Branch,5297,4382,64.6,31.1,49.57,3.6,n/a,7,TAYSEER_DWH,2026-07-09 03:15:00
2025-07-01,Qassim,Traffic & Transport,Mobile App,28641,10754,64.4,5.0,n/a,4.12,99.5,19,TAYSEER_DWH,2026-07-09 03:15:00
2026-06-01,Asir,Identity & Civil Affairs,Branch,27780,22880,62.1,27.9,50.51,3.66,89.1,22,REGIONAL_UPLOAD,2026-07-09 03:15:00
2025-12-01,Tabuk,Municipal Services,Web Portal,7399,3715,62.9,9.8,7.65,3.78,94.5,5,CHANNEL_API,2026-07-09 03:15:00
2025-10-01,Riyadh,Justice & Notary,Mobile App,85576,34214,63.2,10.0,5.1,4.4,99.5,25,TAYSEER_DWH,2026-07-09 03:15:00
2025-07-01,Qassim,Justice & Notary,Mobile App,11928,4324,61.3,11.0,4.92,4.14,95.8,7,TAYSEER_DWH,2026-07-09 03:15:00
2026-06-01,Jazan,Social Support & Subsidies,Web Portal,6697,3335,49.1,10.7,7.1,4.09,98.7,4,TAYSEER_DWH,2026-07-09 03:15:00
2025-08-01,Northern Borders,Business & Licensing,Call Center,1901,1234,59.4,29.4,29.66,3.76,88.6,1,CHANNEL_API,2026-07-09 03:15:00
2025-08-01,Eastern Province,Social Support & Subsidies,Call Center,20560,,64.5,18.1,21.46,3.97,90.7,15,REGIONAL_UPLOAD,2026-07-09 03:15:00
2025-11-01,Asir,Identity & Civil Affairs,Mobile App,60811,23851,139.4,6.8,4.34,4.51,99.5,18,TAYSEER_DWH,2026-07-09 03:15:00
2025-10-01,Eastern Province,Business & Licensing,Mobile App,80593,30670,65.1,8.6,4.97,4.39,99.2,33,TAYSEER_DWH,2026-07-09 03:15:00
2025-07-01,Najran,Business & Licensing,Call Center,4055,2534,155.3,33.4,25.55,3.54,88.5,4,TAYSEER_DWH,2026-07-09 03:15:00
2026-02-01,Makkah,Health Services,Branch,79665,64211,63.5,26.2,54.7,3.62,88.4,87,CHANNEL_API,2026-07-09 03:15:00
2025-09-01,Northern Borders,Health Services,Web Portal,4079,2032,59.5,8.7,7.68,4.55,97.4,1,REGIONAL_UPLOAD,2026-07-09 03:15:00
2025-12-01,Makkah,Labour & HR Services,Mobile App,137976,54757,61.3,6.5,4.35,4.21,97.9,80,TAYSEER_DWH,2026-07-09 03:15:00
2026-01-01,Madinah,Business & Licensing,Web Portal,13167,6655,60.8,15.2,7.87,4.34,96.0,6,TAYSEER_DWH,2026-07-09 03:15:00
2026-04-01,Qassim,Municipal Services,Branch,12019,9769,63.3,28.0,50.72,3.24,91.3,16,TAYSEER_DWH,2026-07-09 03:15:00
2026-06-01,Northern Borders,Health Services,Mobile App,9439,3483,60.7,5.5,4.88,4.65,96.3,1,TAYSEER_DWH,2026-07-09 03:15:00
2026-02-01,Najran,Traffic & Transport,Call Center,5569,3628,141.1,15.2,,3.68,92.8,4,TAYSEER_DWH,2026-07-09 03:15:00
2026-02-01,Asir,Social Support & Subsidies,Call Center,10334,6791,57.3,18.1,25.77,3.85,89.5,10,TAYSEER_DWH,2026-07-09 03:15:00
2026-04-01,Al-Baha,Health Services,Branch,6607,5457,57.3,24.3,55.86,3.72,88.3,6,TAYSEER_DWH,2026-07-09 03:15:00
2026-06-01,Northern Borders,Traffic & Transport,Mobile App,"9,229",3501,61.7,5.3,4.22,4.57,98.3,2,TAYSEER_DWH,2026-07-09 03:15:00
2025-07-01,Najran,Health Services,Call Center,6926,4451,50.8,20.0,21.56,3.95,88.8,4,TAYSEER_DWH,2026-07-09 03:15:00
2025-11-01,AL-JOUF,Health Services,Call Center,4904,3205,61.8%,15.4,22.33,4.03,94.2,3,TAYSEER_DWH,2026-07-09 03:15:00
2025-08-01,Al-Jouf,Education & Training,Branch,6473,5487,62.0,20.6,41.67,3.68,90.4,5,REGIONAL_UPLOAD,2026-07-09 05:40:00
2026-01-01,Hail,Labour & HR Services,Call Center,4300,2756,64.9,17.3,21.65,3.82,87.4,3,TAYSEER_DWH,2026-07-09 03:15:00
Sep-2025,Qassim,Labour & HR Services,Web Portal,9759,5025,63.5,10.1,6.81,4.06,99.5,7,TAYSEER_DWH,2026-07-09 03:15:00
2026-06-01,Najran,Social Support & Subsidies,Branch,4932,4109,52.5,37.4,n/a,3.54,90.8,6,REGIONAL_UPLOAD,2026-07-09 03:15:00
2025-09-01,tabuk,Identity & Civil Affairs,Call Center,9074,5783,63.1,21.8,NULL,3.73,89.6,11,TAYSEER_DWH,2026-07-09 03:15:00
2026-06-01,Madinah,Identity & Civil Affairs,Web Portal,20561,10998,61.3,11.2,6.33,4.49,99.5,6,REGIONAL_UPLOAD,2026-07-09 05:40:00
2025-08-01,Madinah,Justice & Notary,Web Portal,8207,4259,58.0,19.9,8.75,4.24,97.0,3,REGIONAL_UPLOAD,2026-07-09 03:15:00
2025-10-01,Madinah,Identity & Civil Affairs,Mobile App,52498,18209,59.8,6.3,4.41,4.75,97.8,6,TAYSEER_DWH,2026-07-09 03:15:00
01/03/2026,Eastern Province,Municipal Services,Branch,37540,29851,68.0,31.0,49.79,3.62,90.7,43,TAYSEER_DWH,2026-07-09 03:15:00
2025-08-01,Tabuk,Social Support & Subsidies,WEB,5523,2785,62.7,10.3,6.88,4.05,93.6,5,REGIONAL_UPLOAD,2026-07-09 03:15:00
10-01-2025,Hail,Business & Licensing,Call Center,3794,2468,61.8,26.1,25.72,3.66,92.0,3,TAYSEER_DWH,2026-07-09 03:15:00
2025-12-01,Northern Borders,Identity & Civil Affairs,Call Center,3865,2569,62.5,18.5,24.98,4.03,90.7,3,TAYSEER_DWH,2026-07-09 03:15:00
2026-06-01,Jazan,Municipal Services,Branch,18278,14381,49.7,36.6,61.14,3.19,86.2,33,TAYSEER_DWH,2026-07-09 03:15:00
2025-12-01,Tabuk,Business & Licensing,Branch,6655,5486,64.0,39.6,63.44,3.18,90.3,5,TAYSEER_DWH,2026-07-09 03:15:00
2025-08-01,albaha,Identity & Civil Affairs,mobile app,9908,3726,55.8,7.1,4.23,4.5,98.7,2,TAYSEER_DWH,2026-07-09 03:15:00
2026-02-01,Riyadh,Social Support & Subsidies,Web Portal,40501,20398,67.4,9.4,6.06,4.34,99.5,20,TAYSEER_DWH,2026-07-09 03:15:00
2026-03-01,Al-Baha,Education & Training,Call Center,3752,2361,56.8,15.1,20.51,4.01,91.0,3,TAYSEER_DWH,2026-07-09 03:15:00
2026-01-01,Jazan,Labour & HR Services,Call Center,14427,9331,48.0,21.9,27.67,3.6,89.0,13,TAYSEER_DWH,2026-07-09 03:15:00
2025-08-01,Madinah,Traffic & Transport,Mobile App,44303,16837,60.9,6.3,3.85,4.6,99.5,7,REGIONAL_UPLOAD,2026-07-09 03:15:00
May-2026,Eastern Province,Social Support & Subsidies,Web Portal,28005,13702,65.5,9.9,6.28,4.44,99.5,10,REGIONAL_UPLOAD,2026-07-09 05:40:00
2026-06-01,Qassim,Labour & HR Services,Call Center,7743,4981,64.7,16.3,20.22,3.53,89.6,8,CHANNEL_API,2026-07-09 03:15:00
2026-04-01,Makkah,Municipal Services,Branch,75176,59778,61.4,30.7,54.52,3.25,90.3,93,TAYSEER_DWH,2026-07-09 03:15:00
2025-09-01,Al-Jouf,Traffic & Transport,WEB,4993,2619,63.9,7.3,6.68,-,96.1,3,TAYSEER_DWH,2026-07-09 03:15:00
2025-12-01,Makkah,Health Services,Mobile App,246266,94779,62.5,5.3,n/a,4.54,98.9,56,TAYSEER_DWH,2026-07-09 03:15:00
2025-12-01,Northern Borders,Education & Training,Call Center,2666,1733,62.7,13.7,22.37,3.95,90.0,2,TAYSEER_DWH,2026-07-09 03:15:00
2025-08-01,Tabuk,Health Services,Mobile App,22413,8588,63.1,6.3,4.66,4.34,99.5,7,TAYSEER_DWH,2026-07-09 03:15:00
2026-05-01,Makkah,Health Services,Branch,130793,103955,63.4,27.7,-2.33,3.56,93.1,101,TAYSEER_DWH,2026-07-09 03:15:00
2025-12-01,Northern Borders,Labour & HR Services,Call Center,2354,1450,61.5%,18.7,23.48,3.93,87.6,2,TAYSEER_DWH,2026-07-09 03:15:00
2026-06-01,Al-Baha,Justice & Notary,Mobile App,3920,1489,51.0,12.1,5.82,4.32,98.1,1,REGIONAL_UPLOAD,2026-07-09 03:15:00
2025-11-01,Hail,Traffic & Transport,Call Center,5311,3342,63.5,14.6,20.84,3.8,89.7,5,TAYSEER_DWH,2026-07-09 03:15:00
2026-04-01,Makkah,Traffic & Transport,Web Portal,80165,41855,62.9,9.1,5.83,3.96,n/a,64,TAYSEER_DWH,2026-07-09 03:15:00
2025-09-01,Najran,Social Support & Subsidies,Web Portal,2889,1456,51.9,11.4,6.69,4.23,97.8,2,TAYSEER_DWH,2026-07-09 03:15:00
2026-06-01,Madinah,Justice & Notary,Web Portal,8076,4249,59.8%,17.7,8.75,4.3,97.2,3,CHANNEL_API,2026-07-09 03:15:00
2026-04-01,Madinah,Identity & Civil Affairs,Mobile App,56411,22210,60.7,7.3,3.74,4.82,97.1,2,TAYSEER_DWH,2026-07-09 03:15:00
2026-04-01,Jazan,Identity & Civil Affairs,Mobile App,36675,13745,49.4,6.3,4.85,N/A,98.6,17,TAYSEER_DWH,2026-07-09 03:15:00
2025-07-01,Madinah,Health Services,Branch,25271,20371,61.3%,22.9,56.03,3.95,91.7,20,TAYSEER_DWH,2026-07-09 03:15:00
2025-09-01,Riyadh,Traffic & Transport,Web Portal,88345,46596,66.5,7.4,5.53,4.43,97.3,34,TAYSEER_DWH,2026-07-09 03:15:00
2026-01-01,Eastern Province,Education & Training,Branch,40472,33754,68.1,20.6,40.84,3.84,91.1,39,REGIONAL_UPLOAD,2026-07-09 03:15:00
2026-06-01,Jazan,Health Services,Call Center,21022,13226,51.6,16.3,22.49,3.77,93.2,25,TAYSEER_DWH,2026-07-09 03:15:00
2026-06-01,Northern Borders,Social Support & Subsidies,Web Portal,1715,871,60.1,12.0,7.58,4.5,96.3,1,TAYSEER_DWH,2026-07-09 03:15:00
2025-09-01,HAIL,Municipal Services,Branch,"6,095",5106,64.0,32.5,,3.49,86.2,8,TAYSEER_DWH,2026-07-09 03:15:00
2025-10-01,Tabuk,Justice & Notary,Call Center,3489,2214,63.3,33.6,30.77,3.39,91.4,6,TAYSEER_DWH,2026-07-09 03:15:00
2025-08-01,Najran,Business & Licensing,Call Center,3970,2568,51.0,30.0,27.71,3.52,90.9,4,TAYSEER_DWH,2026-07-09 03:15:00
2025/09/01,Northern Borders,Labour & HR Services,Web Portal,2365,1304,61.1,8.6,7.66,4.29,95.3,1,TAYSEER_DWH,2026-07-09 03:15:00
Nov-2025,Al Jouf,Labour & HR Services,Mobile App,8414,3053,60.7,6.6,4.21,4.39,98.5,4,TAYSEER_DWH,2026-07-09 03:15:00
2026-01-01,Al-Jouf,Traffic & Transport,Web Portal,5219,2633,65.3,7.8,6.35,4.3,98.3,2,CHANNEL_API,2026-07-09 03:15:00
2026-04-01,Al-Jouf,Business & Licensing,Call Center,2900,1840,61.9,26.8,28.59,3.7,90.7,1,REGIONAL_UPLOAD,2026-07-09 03:15:00
2025-12-01,Jazan,Municipal Services, Branch,19159,15085,49.0,41.3,64.79,3.17,88.7,27,TAYSEER_DWH,2026-07-09 03:15:00
2026-01-01,Madinah,Justice & Notary,Web Portal,7802,4109,58.9,15.9,7.93,4.34,95.9,3,REGIONAL_UPLOAD,2026-07-09 03:15:00
2025-07-01,Asir,Health Services,Call Center,20008,13261,59.5,17.7,23.08,3.94,89.1,16,TAYSEER_DWH,2026-07-09 03:15:00
2026-01-01,Asir,Justice & Notary,Mobile App,19058,7402,55.8,10.8,5.56,4.26,99.5,10,REGIONAL_UPLOAD,2026-07-09 03:15:00
2025-12-01,Makkah,Identity & Civil Affairs,Branch,"93,531",78434,65.8,31.2,49.81,3.51,90.6,71,TAYSEER_DWH,2026-07-09 03:15:00
2025-11-01,Northern Borders,Labour & HR Services,Web Portal,2378,1153,61.1,9.1,6.84,4.47,99.5,1,REGIONAL_UPLOAD,2026-07-09 05:40:00
2026-05-01,Northern Borders,Traffic & Transport,Mobile App,"9,236",3574,60.8,5.4,4.54,4.67,98.1,2,TAYSEER_DWH,2026-07-09 03:15:00
2025-10-01,Makkah,Justice & Notary,Call Centre,34517,22346,60.0,35.8,29.74,3.48,89.1,42,REGIONAL_UPLOAD,2026-07-09 03:15:00
2026-04-01,Najran,Education & Training,Branch Office,6003,-,55.2,25.4,43.79,3.59,92.2,8,TAYSEER_DWH,2026-07-09 03:15:00
Feb-2026,Najran,Business & Licensing,Call Center,3663,2228,51.1,31.6,28.02,3.58,89.5,5,TAYSEER_DWH,2026-07-09 03:15:00
2026-03-01,Al-Baha,Labour & HR Services,Web Portal,2720,1366,56.7,9.8,7.13,,95.6,2,TAYSEER_DWH,2026-07-09 03:15:00
2026-05-01,Qassim,Justice & Notary,Web Portal,5172,2735,62.6,13.7,9.57,3.94,96.2,3,REGIONAL_UPLOAD,2026-07-09 03:15:00
2026-06-01,Najran,Traffic & Transport,Branch,8004,6705,54.2,22.8,49.53,3.37,89.7,10,REGIONAL_UPLOAD,2026-07-09 05:40:00
Jul-2025,Asir,Traffic & Transport,Mobile App,41450,15607,59.6%,5.2,4.0,4.34,96.4,15,TAYSEER_DWH,2026-07-09 03:15:00
2025-08-01,Eastern Province,Labour & HR Services,Mobile App,"81,501",30097,65.5,6.5,3.81,4.5,99.5,30,TAYSEER_DWH,2026-07-09 03:15:00
2026-06-01,Madinah,Identity & Civil Affairs,Branch Office,27679,21224,61.3,30.8,54.65,3.88,92.2,15,REGIONAL_UPLOAD,2026-07-09 03:15:00
2025-12-01,Al-Baha,Business & Licensing,Branch,4248,3684,53.0,139.6,63.02,3.21,83.8,5,REGIONAL_UPLOAD,2026-07-09 03:15:00
2025-12-01,Eastern Province,Municipal Services,Call Center,"29,687",18316,67.5,22.2,21.29,3.85,91.9,31,TAYSEER_DWH,2026-07-09 03:15:00
03-01-2026,Riyadh,Traffic & Transport,Portal,83270,42639,68.1,7.6,5.79,-,97.9,35,TAYSEER_DWH,2026-07-09 03:15:00
Nov-2025,Qassim,Justice & Notary,Call Center,5257,3232,62.0,28.9,27.19,3.4,89.0,6,TAYSEER_DWH,2026-07-09 03:15:00
2025-07-01,Northern Borders,Traffic & Transport,Web Portal,3658,1943,61.0,8.0,7.8,4.36,96.3,1,TAYSEER_DWH,2026-07-09 03:15:00
2025-12-01,Asir,Social Support & Subsidies,Web Portal,10326,5430,56.5,9.1,7.14,4.31,99.5,4,TAYSEER_DWH,2026-07-09 03:15:00
Feb-2026,Qassim,Health Services,Branch,10794,9081,67.0,25.4,54.18,null,87.5,12,TAYSEER_DWH,2026-07-09 03:15:00
01/07/2025,Hail,Municipal Services,Call Center,3946,2730,62.7,21.8,24.4,3.74,88.7,4,TAYSEER_DWH,2026-07-09 03:15:00
2025-11-01,Madinah,Business & Licensing,Mobile App,30685,11822,60.1%,11.2,4.97,4.51,99.2,11,TAYSEER_DWH,2026-07-09 03:15:00
2025-11-01,Al-Jouf,Justice & Notary,Mobile App,"4,627",1780,58.8,12.3,NULL,4.31,99.5,2,TAYSEER_DWH,2026-07-09 03:15:00
2026-02-01,Eastern Province,Business & Licensing,MOBILE_APP,69794,25989,65.5,9.3,4.84,4.42,99.0,25,REGIONAL_UPLOAD,2026-07-09 03:15:00
2025-09-01,Makkah ,Traffic & Transport,Web Portal,74623,37921,61.3,8.8,5.85,4.07,98.6,36,TAYSEER_DWH,2026-07-09 03:15:00
2026-04-01,Riyadh,Social Support & Subsidies,Branch,44635,36470,67.3,29.7,52.31,3.72,91.9,37,REGIONAL_UPLOAD,2026-07-09 03:15:00
2026-03-01,Tabuk,Traffic & Transport,Web Portal,"8,649",4456,63.8,8.4,6.46,3.99,99.5,7,TAYSEER_DWH,2026-07-09 03:15:00
2025-11-01,Qassim,Traffic & Transport,Call Center,11084,7274,65.7,16.2,20.35,3.56,94.3,13,REGIONAL_UPLOAD,2026-07-09 03:15:00
2025-10-01,Tabuk,Labour & HR Services,Web Portal,7089,3642,65.9,10.9,7.21,3.99,97.2,5,TAYSEER_DWH,2026-07-09 03:15:00
2025-09-01,Makkah,Education & Training,Branch,103265,81507,62.5,24.8,40.99,3.52,92.3,133,TAYSEER_DWH,2026-07-09 03:15:00
2025-12-01,Jazan,Municipal Services,Mobile App,23613,9251,49.0,7.5,5.19,4.06,97.0,16,CHANNEL_API,2026-07-09 03:15:00
2026-01-01,Najran,Traffic & Transport,Mobile App ,12541,4564,126.7,6.2,3.91,4.37,99.5,7,REGIONAL_UPLOAD,2026-07-09 03:15:00
2025-12-01,Hail,Municipal Services,Web Portal,4923,2483,64.5,10.6,7.43,4.09,97.7,4,TAYSEER_DWH,2026-07-09 03:15:00
2026-03-01,Riyadh,Labour & HR Services,Mobile App,168896,66042,69.9,5.9,3.8,4.63,99.2,20,CHANNEL_API,2026-07-09 03:15:00
2026-05-01,Al Qassim,Business & Licensing,Call Center,7328,4922,65.2,23.6,27.9,3.37,90.2,7,TAYSEER_DWH,2026-07-09 03:15:00
08-01-2025,Riyadh,Business & Licensing,Mobile App,113716,43833,63.7,8.5,4.77,4.36,97.3,46,TAYSEER_DWH,2026-07-09 03:15:00
2026-05-01,madinah,Health Services,Mobile App ,73049,26806,63.0,5.7,4.46,4.68,99.5,10,TAYSEER_DWH,2026-07-09 03:15:00
2026-05-01,Asir,Justice & Notary,Branch,11515,9453,56.3%,94.0,63.69,,84.0,18,TAYSEER_DWH,2026-07-09 03:15:00
2025-07-01,Northern Borders,Justice & Notary,Call Center,"1,323",830,58.3,33.4,31.45,3.7,91.0,1,REGIONAL_UPLOAD,2026-07-09 03:15:00
2025-09-01,Jazan,Municipal Services,Web Portal,9388,4721,48.6,12.3,8.13,3.83,96.2,7,TAYSEER_DWH,2026-07-09 03:15:00
2026-05-01,Najran,Social Support & Subsidies,Web Portal,2504,1170,52.4,11.4,7.47,4.23,99.5,1,CHANNEL_API,2026-07-09 03:15:00
2025-11-01,Qassim,Health Services,Web Portal,15157,8048,66.0,8.4,6.93,4.02,98.2,12,REGIONAL_UPLOAD,2026-07-09 03:15:00
2026-04-01,Najran,Social Support & Subsidies,Call Center,3845,2390,52.4,18.6,20.44,3.86,90.9,4,TAYSEER_DWH,2026-07-09 03:15:00
2025-07-01,Najran,Business & Licensing,Mobile App,6721,2624,109.8,11.4,5.22,4.09,98.2,4,TAYSEER_DWH,2026-07-09 03:15:00
2026-05-01,Eastern Province,Social Support & Subsidies,Mobile App,74727,27173,65.5,7.2,4.07,4.71,97.9,9,TAYSEER_DWH,2026-07-09 03:15:00
05-01-2026,Eastern Province,Labour & HR Services,Branch,32063,25895,67.4,24.5,50.5,3.64,92.5,30,TAYSEER_DWH,2026-07-09 03:15:00
2026-02-01,Asir,Identity & Civil Affairs,Web Portal,18733,9743,62.0,10.0,,null,99.0,11,TAYSEER_DWH,2026-07-09 03:15:00
2026-04-01,Qassim,Social Support & Subsidies,Web Portal,7665,3866,65.8,9.6,6.74,3.98,98.9,6,TAYSEER_DWH,2026-07-09 03:15:00
2026-01-01,Hail,Social Support & Subsidies,Branch,4539,3667,62.6,33.7,51.98,3.78,89.4,4,TAYSEER_DWH,2026-07-09 03:15:00
2026-05-01,Northern Borders,Justice & Notary,Mobile App,3635,1354,59.7,10.4,5.8,4.5,94.9,1,REGIONAL_UPLOAD,2026-07-09 03:15:00
01/04/2026,منطقة الجوف,Labour & HR Services,Web Portal,3525,1794,61.8,10.2,7.11,4.22,99.5,2,TAYSEER_DWH,2026-07-09 03:15:00
2025-11-01,Jazan,Municipal Services,Branch,19374,15761,49.4,36.3,62.37,3.11,92.2,27,TAYSEER_DWH,2026-07-09 03:15:00
2026-03-01,Najran,Education & Training,Mobile App,10051,3870,55.9,5.3,3.81,4.58,96.9,2,TAYSEER_DWH,2026-07-09 03:15:00
2026-04-01,Al-Baha,Social Support & Subsidies,Web Portal,2142,1052,54.0,9.6,6.86,4.21,99.2,1,TAYSEER_DWH,2026-07-09 03:15:00
01/08/2025,Eastern Province,Municipal Services,Branch,36098,29551,66.8,32.5,50.8,3.64,88.4,37,REGIONAL_UPLOAD,2026-07-09 03:15:00
2025/10/01,Al-Qassim,Labour & HR Services,Mobile App,24369,9354,63.4,5.8,4.3,4.38,98.9,9,TAYSEER_DWH,2026-07-09 03:15:00
2026-04-01,Jazan,Business & Licensing,Branch,16377,13724,48.6,123.3,69.47,2.96,84.6,30,TAYSEER_DWH,2026-07-09 03:15:00
2025-12-01,Makkah,Social Support & Subsidies,Mobile App,100730,39102,60.8%,7.3,4.09,4.34,97.4,38,TAYSEER_DWH,2026-07-09 03:15:00
01/04/2026,Qassim,Traffic & Transport,Mobile App,"34,580",13294,65.9,5.3,3.85,4.13,99.5,21,TAYSEER_DWH,2026-07-09 03:15:00
2025-09-01,Qassim,Traffic & Transport,Web Portal,15093,7411,65.6,8.0,6.0,3.99,99.5,11,REGIONAL_UPLOAD,2026-07-09 03:15:00
2026/02/01,Qassim,Justice & Notary,Call Center,4834,3338,62.3,31.3,,3.53,89.3,5,TAYSEER_DWH,2026-07-09 03:15:00
2025-07-01,Qassim,Traffic & Transport,Call Center,10239,6470,64.4,14.0,17.63,3.73,91.7,9,TAYSEER_DWH,2026-07-09 03:15:00
2025-11-01,Al-Jouf,Health Services,Web Portal,"5,319",2764,61.8,9.0,6.77,4.37,99.5,2,TAYSEER_DWH,2026-07-09 03:15:00
2026-03-01,Riyadh,Justice & Notary,Web Portal,36163,19054,64.1,16.0,7.89,4.18,99.5,19,TAYSEER_DWH,2026-07-09 03:15:00
2025-08-01,Najran,Health Services,Call Center,6448,4049,51.1,18.0,22.48,3.82,92.5,4,TAYSEER_DWH,2026-07-09 03:15:00
2025-08-01,Makkah,Identity & Civil Affairs,Branch,94509,75584,65.0,25.9,47.73,3.41,91.0,122,REGIONAL_UPLOAD,2026-07-09 03:15:00
2025-12-01,Northern Borders,Identity & Civil Affairs,Web Portal,3839,2035,62.5,9.2,6.56,4.41,98.8,1,TAYSEER_DWH,2026-07-09 03:15:00
2026-06-01,Eastern Province,Education & Training,Call Center,26321,17325,69.1,13.7,18.82,3.89,92.2,17,TAYSEER_DWH,2026-07-09 03:15:00
2025-08-01,Madinah,Education & Training,Branch,25109,20128,63.9,22.8,43.53,3.89,90.4,17,TAYSEER_DWH,2026-07-09 03:15:00
2026-03-01,Makkah,Municipal Services,Web Portal,58235,30150,61.1,11.5,7.79,4.0,97.2,37,TAYSEER_DWH,2026-07-09 03:15:00
2025-11-01,Makkah,Traffic & Transport,Call Center,71739,47147,62.3,15.8,17.13,3.65,90.0,90,TAYSEER_DWH,2026-07-09 03:15:00
2026-04-01,Najran,Municipal Services,Call Center,5067,3380,51.2,21.8,23.45,3.61,89.1,5,TAYSEER_DWH,2026-07-09 03:15:00
2025-09-01,Tabuk,Traffic & Transport,Mobile App,21662,7802,62.8,5.5,4.03,4.18,95.6,12,TAYSEER_DWH,2026-07-09 03:15:00
Jan-2026,Al-Baha,Labour & HR Services,Branch,"4,016",3402,57.1,30.8,54.72,3.51,90.7,4,CHANNEL_API,2026-07-09 03:15:00
2025-12-01,Madinah,Traffic & Transport,Branch,30570,25597,61.8,25.0,,3.7,90.3,38,CHANNEL_API,2026-07-09 03:15:00
2025-11-01,Najran,Business & Licensing,Branch,5774,4809,50.9,142.6,64.55,3.17,83.6,9,TAYSEER_DWH,2026-07-09 03:15:00
2025-12-01,Eastern Province,Identity & Civil Affairs,Call Center,47631,29518,65.1,16.1,20.01,4.12,89.8,39,TAYSEER_DWH,2026-07-09 03:15:00
2026-01-01,tabuk,Social Support & Subsidies,Web Portal,5014,2506,63.7,10.3,7.44,4.18,97.8,3,REGIONAL_UPLOAD,2026-07-09 03:15:00
2026-04-01,Asir,Education & Training,Web Portal,15068,7906,61.7,7.7,6.24,4.18,97.0,6,TAYSEER_DWH,2026-07-09 03:15:00
2025-07-01,jazan ,Municipal Services,Branch,18464,14730,48.4,39.8,63.39,3.17,85.4,22,TAYSEER_DWH,2026-07-09 03:15:00
2026-04-01,Al-Jouf,Education & Training, Branch,4132,3446,63.5,23.2,43.75,3.74,87.3,3,REGIONAL_UPLOAD,2026-07-09 05:40:00
2025-12-01,Al-Baha,Health Services,Branch,6652,5611,57.3,28.7,53.24,3.73,88.8,7,TAYSEER_DWH,2026-07-09 03:15:00
2025-12-01,Qassim,Labour & HR Services,Branch,10429,8411,64.3,28.3,48.09,3.45,87.6,12,REGIONAL_UPLOAD,2026-07-09 03:15:00
2025-07-01,HAIL,Social Support & Subsidies,Branch,4245,3480,61.3,32.2,46.71,3.54,86.4,3,REGIONAL_UPLOAD,2026-07-09 05:40:00
2026-05-01,N. Borders,Labour & HR Services,Branch,2975,2484,61.4,31.2,59.23,3.74,89.9,3,TAYSEER_DWH,2026-07-09 03:15:00
2025-08-01,Madinah,Identity & Civil Affairs,Web Portal,21215,11110,59.6,10.8,6.35,4.44,96.3,5,TAYSEER_DWH,2026-07-09 03:15:00
2025-07-01,Al-Baha,Health Services,Mobile App,8937,3406,56.6,6.1,4.58,4.48,99.5,3,TAYSEER_DWH,2026-07-09 03:15:00
2025-08-01,Riyadh,Labour & HR Services,Mobile App,128115,50254,68.4,5.4,3.66,4.56,99.5,45,TAYSEER_DWH,2026-07-09 03:15:00
2025-11-01,Al-Baha,Business & Licensing,Call Center,3154,2110,52.9,32.4,26.9,3.64,90.9,4,TAYSEER_DWH,2026-07-09 03:15:00
10-01-2025,Najran,Social Support & Subsidies,Mobile App,6849,2583,52.0,7.3,4.7,4.43,99.2,2,TAYSEER_DWH,2026-07-09 03:15:00
2025-10-01,Asir,Business & Licensing,Web Portal,13148,6862,59.7,15.8,8.71,4.02,97.6,7,TAYSEER_DWH,2026-07-09 03:15:00
2025-12-01,Jazan,Traffic & Transport,web portal,15211,7778,51.6,9.2,6.65,3.89,99.5,10,REGIONAL_UPLOAD,2026-07-09 03:15:00
2026-01-01,Asir,Labour & HR Services,Call Center,14030,9152,58.9,19.6,23.57,3.66,93.0,13,TAYSEER_DWH,2026-07-09 03:15:00
2026-03-01,Najran,Social Support & Subsidies,Mobile App,6849,2629,52.6,7.4,4.63,4.41,98.0,2,TAYSEER_DWH,2026-07-09 03:15:00
2025/11/01,Asir,Education & Training,Web Portal,16153,8355,62.0,7.8,6.1,4.08,99.5,12,TAYSEER_DWH,2026-07-09 03:15:00
2025-09-01,Riyadh,Education & Training,Call Center,61825,39976,68.4,13.9,17.05,4.06,92.4,30,TAYSEER_DWH,2026-07-09 03:15:00
2026-02-01,Tabuk,Identity & Civil Affairs,Branch,8461,6778,64.1,30.0,50.46,3.45,89.5,10,TAYSEER_DWH,2026-07-09 03:15:00
2026-05-01,Tabuk,Identity & Civil Affairs,Call Center,9829,6210,64.0,20.5,25.17,3.74,90.9,9,TAYSEER_DWH,2026-07-09 03:15:00
2025-10-01,Jazan,Municipal Services,Web Portal,9312,4735,48.9,11.4,8.73,3.85,99.5,7,TAYSEER_DWH,2026-07-09 03:15:00
2025-10-01,Asir,Education & Training,Branch,19975,16547,61.1,23.0,49.65,3.64,91.2,20,TAYSEER_DWH,2026-07-09 03:15:00
2025-08-01,Tabuk,Traffic & Transport,Branch,10133,-,62.7,23.1,47.24,3.13,89.6,16,TAYSEER_DWH,2026-07-09 03:15:00
2026-04-01,Makkah,Labour & HR Services,Mobile App,153471,57687,61.5,6.5,4.4,4.42,97.5,71,TAYSEER_DWH,2026-07-09 03:15:00
2025-07-01,Tabuk,Municipal Services,CALL_CENTRE,5817,3722,62.0,22.9,23.16,3.4,89.2,9,TAYSEER_DWH,2026-07-09 03:15:00
2025-07-01,Al-Baha,Identity & Civil Affairs,Branch,6371,5377,55.2,32.4,54.78,3.57,91.5,9,TAYSEER_DWH,2026-07-09 03:15:00
2025-12-01,Madinah,Labour & HR Services,Web Portal,13324,6564,61.4,10.8,6.61,4.47,96.8,5,TAYSEER_DWH,2026-07-09 03:15:00
2026-05-01,Makkah,Municipal Services,Call Center,85798,55064,61.2,21.2,23.2,3.6,90.7,93,TAYSEER_DWH,2026-07-09 03:15:00
2026-02-01,Qassim,Health Services,Call Center,11273,7264,67.0,16.5,22.74,3.85,89.3,13,REGIONAL_UPLOAD,2026-07-09 03:15:00
2026-02-01,Al Qassim,Labour & HR Services,Call Center,7182,4726,64.0,15.6,21.15,3.64,90.2,7,TAYSEER_DWH,2026-07-09 03:15:00
2026-04-01,Qassim,Labour & HR Services,Web Portal,8422,4106,64.1,9.8,7.14,3.93,98.9,7,TAYSEER_DWH,2026-07-09 03:15:00
2025-11-01,Al-Baha,Traffic & Transport,Branch,5542,4624,56.2,27.3,49.12,3.34,86.8,7,TAYSEER_DWH,2026-07-09 03:15:00
2026-05-01,Makkah,Traffic & Transport,Branch,129558,102121,62.8%,25.6,49.86,3.44,92.1,106,CHANNEL_API,2026-07-09 03:15:00
Jun-2026,Asir,Business & Licensing,Branch,13943,11232,59.3,83.9,70.67,3.21,91.3,22,TAYSEER_DWH,2026-07-09 03:15:00
2025-11-01,Najran,Justice & Notary,Branch,3949,3342,50.0,177.6,66.98,3.1,85.9,6,TAYSEER_DWH,2026-07-09 03:15:00
2025-08-01,Al-Baha,Business & Licensing,Web Portal,2311,1146,52.3,19.6,8.43,4.02,99.4,2,REGIONAL_UPLOAD,2026-07-09 05:40:00
01/01/2026,Najran,Business & Licensing,Web Portal,2859,1475,51.2,17.8,8.15,3.96,98.3,2,TAYSEER_DWH,2026-07-09 03:15:00
10-01-2025,Hail,Education & Training,Branch,5439,4278,66.5,22.8,45.43,3.78,91.2,5,TAYSEER_DWH,2026-07-09 03:15:00
2026-01-01,Al-Baha,Labour & HR Services,Mobile App,6751,2526,57.1,6.7,4.45,4.45,99.5,2,TAYSEER_DWH,2026-07-09 03:15:00
2026-03-01,Qassim,Health Services,Branch,15472,12838,66.6,28.4,50.49,3.64,90.7,12,REGIONAL_UPLOAD,2026-07-09 03:15:00
2025-08-01,Qassim,Labour & HR Services,Web Portal,8889,4548,63.2,9.6,6.98,4.08,97.7,5,TAYSEER_DWH,2026-07-09 03:15:00
2026-02-01,Najran,Education & Training,Branch,4468,NA,55.9,22.9,47.76,3.57,90.5,5,TAYSEER_DWH,2026-07-09 03:15:00
2025-08-01,Northern Borders,Business & Licensing,Branch,2291,1818,59.4,43.4,67.98,3.57,87.9,2,TAYSEER_DWH,2026-07-09 03:15:00
2025-09-01,madinah,Social Support & Subsidies,Web Portal,10123,5022,59.5,11.2,6.57,4.52,97.4,3,TAYSEER_DWH,2026-07-09 03:15:00
2026-01-01,Eastern Province,Health Services,Branch,61755,53682,66.1,22.2,51.34,,89.0,55,TAYSEER_DWH,2026-07-09 03:15:00
2026-02-01,منطقة الباحة,Justice & Notary,Call Center,2015,1314,51.4,31.4,30.52,3.6,86.3,2,REGIONAL_UPLOAD,2026-07-09 03:15:00
Jan-2026,Tabuk,Social Support & Subsidies,Call Center,4854,3154,63.7,0.0,23.67,3.61,92.1,6,TAYSEER_DWH,2026-07-09 03:15:00
2025-10-01,Qassim,Social Support & Subsidies,Web Portal,8225,4231,64.8%,10.4,7.05,4.13,99.5,5,TAYSEER_DWH,2026-07-09 03:15:00
Sep-2025,Tabuk,Labour & HR Services,Branch,6298,5135,66.3,28.5,56.93,3.24,90.9,9,TAYSEER_DWH,2026-07-09 03:15:00
2025-08-01,Tabuk,Education & Training,Mobile App,"26,307",10053,66.8,4.7,3.73,4.24,99.5,13,TAYSEER_DWH,2026-07-09 03:15:00
2025-12-01,Asir,Justice & Notary,Mobile App,18945,6873,55.7,11.5,5.31,4.24,99.0,8,TAYSEER_DWH,2026-07-09 03:15:00
2025-08-01,منطقة عسير,Social Support & Subsidies,Branch,14389,12430,56.5,32.9,53.75,3.61,90.3,14,TAYSEER_DWH,2026-07-09 03:15:00
2026-04-01,منطقة نجران,Traffic & Transport,Web Portal,4683,2424,54.9,8.4,6.33,4.09,96.0,3,REGIONAL_UPLOAD,2026-07-09 05:40:00
2026/04/01,Riyadh,Health Services,Branch,87762,76237,68.7,24.0,44.6,4.04,91.0,62,REGIONAL_UPLOAD,2026-07-09 03:15:00
2025-12-01,منطقة حائل,Education & Training,Mobile App,13467,5078,66.7,5.2,3.99,4.74,99.5,1,CHANNEL_API,2026-07-09 03:15:00
2026-01-01,Qassim,Identity & Civil Affairs,Branch,13561,11083,66.8%,27.5,44.95,3.54,88.6,18,TAYSEER_DWH,2026-07-09 03:15:00
2025-10-01,Eastern Province,Identity & Civil Affairs,Branch,63487,53296,64.9,28.1,47.69,null,93.0,60,TAYSEER_DWH,2026-07-09 03:15:00
2025-12-01,Tabuk,Identity & Civil Affairs,Call Center,9907,6462,63.9,22.3,22.45,3.57,89.4,11,TAYSEER_DWH,2026-07-09 03:15:00
2026-01-01,QASSIM,Labour & HR Services,Call Center,8168,5372,106.1,16.7,21.89,3.61,90.6,8,REGIONAL_UPLOAD,2026-07-09 03:15:00
2025-09-01,Al-Jouf,Municipal Services,Branch,4726,3749,61.7,32.1,51.22,3.25,89.3,4,TAYSEER_DWH,2026-07-09 03:15:00
2025-09-01,Hail,Education & Training,Mobile App,18921,7259,65.7,5.8,n/a,4.68,99.5,2,REGIONAL_UPLOAD,2026-07-09 03:15:00
2025-11-01,Riyadh,Business & Licensing,Call Center,48454,29424,63.9,27.2,21.06,3.83,88.9,36,TAYSEER_DWH,2026-07-09 03:15:00
2025-11-01,Al-Baha,Labour & HR Services,Call Center,"3,178",2043,56.8,19.5,25.62,3.82,90.9,3,TAYSEER_DWH,2026-07-09 03:15:00
2026-03-01,Tabuk,Health Services,Mobile App,23616,9197,64.9,6.4,4.25,4.55,98.6,6,TAYSEER_DWH,2026-07-09 03:15:00
2026-04-01,Jazan,Municipal Services,Branch,17769,14260,48.7,37.9,63.97,3.18,90.3,16,TAYSEER_DWH,2026-07-09 03:15:00
2026-04-01,Al Madinah,Justice & Notary,Mobile App,22016,8796,59.7,11.6,4.85,4.44,95.4,8,REGIONAL_UPLOAD,2026-07-09 03:15:00
2026-02-01,Al-Baha,Business & Licensing,Branch,2801,2194,52.7,112.3,67.62,3.3,85.7,5,TAYSEER_DWH,2026-07-09 03:15:00
2026-06-01,Al-Baha,Business & Licensing,Web Portal,2211,1134,52.8,18.2,9.37,4.08,99.4,1,TAYSEER_DWH,2026-07-09 03:15:00
2025-08-01,Al-Baha,Labour & HR Services,Branch,4088,3510,56.3,28.2,52.5,3.54,90.3,6,REGIONAL_UPLOAD,2026-07-09 03:15:00
2025-07-01,Makkah,Education & Training,Call Center,53837,36084,62.6,14.4,20.51,3.78,89.0,28,TAYSEER_DWH,2026-07-09 03:15:00
2026-01-01,Tabuk,Health Services,Web Portal,10995,5509,63.7,9.8,7.85,4.12,99.1,4,REGIONAL_UPLOAD,2026-07-09 03:15:00
2025-08-01,Makkah,Municipal Services,Branch,75407,58864,59.7,29.4,55.57,3.33,88.8,78,TAYSEER_DWH,2026-07-09 03:15:00
2025-07-01,Tabuk,Business & Licensing,Branch,6613,5592,62.4,45.1,60.63,null,91.7,10,TAYSEER_DWH,2026-07-09 03:15:00
2025-08-01,Madinah,Business & Licensing,Web Portal,11775,5893,59.7,16.5,7.85,4.31,n/a,6,CHANNEL_API,2026-07-09 03:15:00
2026-06-01,Al-Baha,Labour & HR Services,Web Portal,2778,1443,57.5%,10.7,6.27,4.3,94.3,2,CHANNEL_API,2026-07-09 03:15:00
2026-05-01,Madinah,Social Support & Subsidies,Branch,19043,14116,61.0,35.1,49.23,3.8,91.5,13,TAYSEER_DWH,2026-07-09 03:15:00
2025-10-01,Hail,Social Support & Subsidies,Web Portal,3772,1986,61.6,9.3,7.37,4.35,99.5,1,TAYSEER_DWH,2026-07-09 03:15:00
2025-11-01,Northern Borders,Business & Licensing,Call Center,2217,1470,59.9,31.6,31.38,3.75,92.4,2,TAYSEER_DWH,2026-07-09 03:15:00
2026-03-01,Madinah,Health Services,Branch,24666,19235,63.0%,27.3,47.6,3.86,88.9,22,TAYSEER_DWH,2026-07-09 03:15:00
2026-04-01,Madinah,Education & Training,Mobile App,42778,17324,65.3,5.9,3.88,4.8,98.2,2,TAYSEER_DWH,2026-07-09 03:15:00
2025-12-01,Riyadh,Labour & HR Services,Branch,56829,46014,69.6%,26.3,44.0,3.69,89.8,65,TAYSEER_DWH,2026-07-09 03:15:00
2026-06-01,Riyadh,Municipal Services,Web Portal,61237,30308,65.9,9.7,6.86,4.26,99.5,37,TAYSEER_DWH,2026-07-09 03:15:00
2025-10-01,Mecca,Health Services,Branch,"91,972",80691,62.3,26.9,50.01,3.51,88.6,120,REGIONAL_UPLOAD,2026-07-09 03:15:00
2025-12-01,Al-Baha,Education & Training,Mobile App,7444,2784,56.5,5.3,3.69,4.62,99.4,1,CHANNEL_API,2026-07-09 03:15:00
Oct-2025,Qassim,Health Services,Mobile App,36968,14323,66.4,5.8,4.46,4.32,99.0,18,REGIONAL_UPLOAD,2026-07-09 03:15:00
2026-01-01,المنطقة الشرقية,Labour & HR Services,Branch,32626,27443,66.8,27.6,47.7,3.55,89.8,37,TAYSEER_DWH,2026-07-09 03:15:00
2025-11-01,Riyadh,Traffic & Transport,Web Portal,"92,001",47704,67.0,7.3,6.3,4.37,98.6,39,TAYSEER_DWH,2026-07-09 03:15:00
2026-05-01,Qassim,Health Services,Web Portal,14613,7353,67.2%,8.7,6.36,4.29,99.5,7,CHANNEL_API,2026-07-09 03:15:00
2025-09-01,Tabuk,Social Support & Subsidies,Call Center,4570,3024,137.5,18.7,21.71,3.67,86.4,4,TAYSEER_DWH,2026-07-09 03:15:00
2025-11-01,Makkah,Labour & HR Services,Call Center,52752,33103,61.0,18.5,20.28,3.7,88.9,44,TAYSEER_DWH,2026-07-09 03:15:00
2025-12-01,Hail,Traffic & Transport,Mobile App,22346,8904,62.5,5.3,3.63,4.54,99.5,6,TAYSEER_DWH,2026-07-09 03:15:00
2026-02-01,Madinah,Labour & HR Services,Web Portal,11168,5516,61.9,9.3,6.32,4.49,99.5,4,REGIONAL_UPLOAD,2026-07-09 05:40:00
2025-08-01,Al-Jouf,Business & Licensing,Web Portal,2841,1526,60.2,15.8,NULL,4.2,97.9,2,CHANNEL_API,2026-07-09 03:15:00
2025-08-01,Najran,Health Services, Branch,7887,6468,51.1,34.2,53.26,3.54,87.7,10,TAYSEER_DWH,2026-07-09 03:15:00
2026-06-01,jazan ,Labour & HR Services,Web Portal,7408,3680,48.8,9.5,7.27,3.94,99.5,4,TAYSEER_DWH,2026-07-09 03:15:00
2026-01-01,JAZAN,Social Support & Subsidies,Mobile App,16819,6379,48.8,7.3,4.87,4.21,98.0,10,REGIONAL_UPLOAD,2026-07-09 05:40:00
2026-01-01,Al-Jouf,Social Support & Subsidies,Mobile App,6650,2574,61.6,7.6,3.9,4.47,99.5,2,TAYSEER_DWH,2026-07-09 03:15:00
2025-10-01,Qassim,Education & Training,Mobile App,"26,852",10710,66.5,4.6,3.61,4.35,99.5,15,CHANNEL_API,2026-07-09 03:15:00
06-01-2026,Madinah,Labour & HR Services,Mobile App,36813,14156,62.8,6.2,4.35,4.7,98.2,5,TAYSEER_DWH,2026-07-09 03:15:00
2025-12-01,Qassim,Traffic & Transport,Mobile App,42606,17409,65.6,4.9,3.63,4.18,97.1,22,TAYSEER_DWH,2026-07-09 03:15:00
2025-08-01,Eastern Province,Business & Licensing,Mobile App,73983,27984,65.0,9.3,4.87,4.29,99.5,33,TAYSEER_DWH,2026-07-09 03:15:00
2025-10-01,Jazan,Municipal Services,Call Center,13435,8648,48.9,22.4,30.06,3.43,90.5,20,REGIONAL_UPLOAD,2026-07-09 03:15:00
2026-04-01,Makkah,Justice & Notary,Web Portal,33654,17630,60.8,17.6,8.28,4.14,95.9,18,TAYSEER_DWH,2026-07-09 03:15:00
2026-02-01,Eastern Province,Business & Licensing,Web Portal,"25,308",12669,65.5,13.9,7.54,4.1,99.3,12,TAYSEER_DWH,2026-07-09 03:15:00
2025-11-01,Jazan,Municipal Services,Web Portal,9516,4753,49.4%,12.9,8.3,3.79,95.9,8,TAYSEER_DWH,2026-07-09 03:15:00
2026-05-01,Najran ,Business & Licensing,Mobile App,8310,3029,52.3,11.9,5.69,4.24,99.5,6,TAYSEER_DWH,2026-07-09 03:15:00
2025-07-01,Riyadh,Municipal Services,Call Center,46012,28178,64.1,18.0,21.12,3.91,88.3,37,TAYSEER_DWH,2026-07-09 03:15:00
2026-04-01,Jazan,Labour & HR Services,Branch,17388,14710,48.4,28.7,58.09,3.35,89.6,23,TAYSEER_DWH,2026-07-09 03:15:00
2025-10-01,Qassim,Traffic & Transport,Mobile App,33415,13202,65.0,5.4,3.88,4.17,97.4,17,CHANNEL_API,2026-07-09 03:15:00
2026-06-01,Northern Borders,Education & Training,Branch,3029,2524,62.9,22.5,46.46,3.73,92.0,2,TAYSEER_DWH,2026-07-09 03:15:00
2025-07-01,Northern Borders,Social Support & Subsidies,Call Center,1623,1031,59.2,20.5,23.63,4.04,90.1,1,REGIONAL_UPLOAD,2026-07-09 05:40:00
2025-09-01,Northern Borders,Social Support & Subsidies,Branch,2558,2077,59.4,35.3,53.7,3.69,91.9,3,REGIONAL_UPLOAD,2026-07-09 03:15:00
01/07/2025,Madinah,Labour & HR Services,Web Portal,13193,6791,59.8,9.8,6.8,4.36,97.1,4,REGIONAL_UPLOAD,2026-07-09 03:15:00
2026-05-01,Hail,Municipal Services,Mobile App,"13,491",5205,65.3,6.4,4.84,4.51,99.5,4,CHANNEL_API,2026-07-09 03:15:00
2025-10-01,Northern Borders,Justice & Notary,Call Center,1446,NA,59.1,31.6,30.9,3.83,,2,TAYSEER_DWH,2026-07-09 03:15:00
2025-07-01,Madinah,Justice & Notary,Web Portal,7520,3926,57.7,17.5,7.63,4.22,98.7,4,REGIONAL_UPLOAD,2026-07-09 05:40:00
2025-10-01,Jazan,Identity & Civil Affairs,Web Portal,14615,7143,48.7,11.8,7.47,4.01,96.8,10,TAYSEER_DWH,2026-07-09 03:15:00
2026-05-01,Al-Baha,Business & Licensing,Branch,3950,3261,53.0,137.6,61.61,3.22,83.1,6,TAYSEER_DWH,2026-07-09 03:15:00
2025-12-01,JAZAN,Education & Training,WEB,"9,594",4633,50.0,0.0,6.85,4.15,96.5,7,TAYSEER_DWH,2026-07-09 03:15:00
03-01-2026,Riyadh,Municipal Services,Branch,66032,54688,66.0,30.7,53.2,3.63,89.9,69,TAYSEER_DWH,2026-07-09 03:15:00
10-01-2025,Qassim,Identity & Civil Affairs,Mobile App,42591,16873,66.7,6.2,3.97,4.46,99.5,14,CHANNEL_API,2026-07-09 03:15:00
2026-02-01,Qassim,Identity & Civil Affairs,Call Center,11501,7519,67.1%,16.7,21.07,3.85,89.5,10,TAYSEER_DWH,2026-07-09 03:15:00
2025-12-01,Madinah,Justice & Notary,Branch,11510,9671,58.8,45.4,63.42,3.53,89.7,12,TAYSEER_DWH,2026-07-09 03:15:00
2025-08-01,Tabuk,Business & Licensing,Web Portal,5543,2793,62.6,15.3,7.72,3.76,97.3,6,TAYSEER_DWH,2026-07-09 03:15:00
2025-10-01,Al-Jouf,Health Services,Branch,6100,4796,61.5,24.2,49.2,3.63,90.1,7,CHANNEL_API,2026-07-09 03:15:00
2025-10-01,Tabuk,Traffic & Transport,Call Center,7659,4736,63.7,16.6,21.72,3.53,89.2,10,REGIONAL_UPLOAD,2026-07-09 03:15:00
10-01-2025,Hail,Health Services,Web Portal,7366,3813,64.7,9.2,7.17,4.44,98.0,3,TAYSEER_DWH,2026-07-09 03:15:00
2025-08-01,asir,Identity & Civil Affairs,Web Portal,25084,12843,60.9,9.3,6.53,4.23,99.5,14,TAYSEER_DWH,2026-07-09 03:15:00
2025-09-01,Qassim,Identity & Civil Affairs,Web Portal,17237,8380,66.4,10.6,6.39,4.09,99.3,14,REGIONAL_UPLOAD,2026-07-09 03:15:00
2025-07-01,Jazan,Labour & HR Services,Branch,15728,12791,47.5,34.4,63.45,3.13,88.0,25,CHANNEL_API,2026-07-09 03:15:00
2026-01-01,Najran,Labour & HR Services,Mobile App,8622,3246,51.8,7.0,4.41,4.23,?,4,REGIONAL_UPLOAD,2026-07-09 03:15:00
2025-12-01,Makkah,Identity & Civil Affairs,Branch,"93,531",78434,65.8,31.2,49.81,3.51,90.6,71,TAYSEER_DWH,2026-07-09 03:15:00
2025-08-01,Northern Borders,Health Services,Web Portal,3387,1728,60.3,9.1,7.89,4.61,94.5,1,TAYSEER_DWH,2026-07-09 03:15:00
2026-01-01,Al-Baha,Justice & Notary,Mobile App,"4,035",1499,51.1,11.6,5.44,4.31,96.0,2,TAYSEER_DWH,2026-07-09 03:15:00
2026-05-01,Riyadh,Education & Training,Call Center,50484,32772,69.6,14.1,17.93,4.02,95.4,31,TAYSEER_DWH,2026-07-09 03:15:00
2026-06-01,Eastern Province,Traffic & Transport,Mobile App,133547,53957,69.2%,4.9,3.6,,99.2,21,REGIONAL_UPLOAD,2026-07-09 03:15:00
2025-12-01,Jazan,Labour & HR Services,Branch,16213,12611,48.1,35.3,54.29,,89.9,31,REGIONAL_UPLOAD,2026-07-09 03:15:00
2025-12-01,منطقة الرياض,Identity & Civil Affairs,Branch,88610,72055,67.3,25.8,43.86,3.86,89.1,99,TAYSEER_DWH,2026-07-09 03:15:00
2026-02-01,Eastern Province,Health Services,Call Center,39552,26016,66.9,15.6,21.55,4.1,91.4,24,TAYSEER_DWH,2026-07-09 03:15:00
2026-02-01,Northern Borders,Education & Training,Call Center,2004,1323,63.2,13.3,23.71,N/A,87.7,1,TAYSEER_DWH,2026-07-09 03:15:00
2025-12-01,Jazan,Education & Training,Mobile App,22987,8764,50.0,5.7,4.41,4.41,97.9,9,TAYSEER_DWH,2026-07-09 03:15:00
2025-07-01,Northern Borders,Justice & Notary,Web Portal,1397,726,58.3,16.0,8.79,4.23,98.9,1,TAYSEER_DWH,2026-07-09 03:15:00
2025-09-01,Qassim,Traffic & Transport,Mobile App,31893,12422,65.6,4.6,3.49,4.17,99.5,13,TAYSEER_DWH,2026-07-09 03:15:00
2026-05-01,Najran,Traffic & Transport,Mobile App ,13127,4900,54.6,5.8,n/a,4.25,99.5,7,TAYSEER_DWH,2026-07-09 03:15:00
2026-05-01,Asir,Traffic & Transport,Branch,24003,20110,60.7,26.0,49.15,3.45,87.4,33,REGIONAL_UPLOAD,2026-07-09 03:15:00
2026-03-01,Madinah,Business & Licensing,Branch,14889,12305,60.8,45.5,,3.61,89.3,17,TAYSEER_DWH,2026-07-09 03:15:00
2026/03/01,Najran,Justice & Notary,Mobile App,"5,074",1915,50.7,13.3,5.73,4.39,98.8,2,TAYSEER_DWH,2026-07-09 03:15:00
2026-05-01,Al-Jouf,Labour & HR Services,Mobile App,9159,3513,61.8,5.8,4.24,4.37,97.6,4,REGIONAL_UPLOAD,2026-07-09 03:15:00
2025-12-01,Najran,Municipal Services,Mobile App,8926,3409,51.1,8.1,4.89,4.33,98.7,4,TAYSEER_DWH,2026-07-09 03:15:00
2026-06-01,Madinah,Municipal Services,Mobile App,37012,13526,60.5,8.2,5.04,4.46,97.0,11,TAYSEER_DWH,2026-07-09 03:15:00
2025-11-01,Al-Jouf,Traffic & Transport,Branch,5626,4648,64.0,24.4,45.46,3.39,93.2,6,CHANNEL_API,2026-07-09 03:15:00
2026-05-01,Tabuk,Identity & Civil Affairs,Mobile App,27139,9996,64.0%,6.7,4.21,4.52,96.7,6,TAYSEER_DWH,2026-07-09 03:15:00
2026-04-01,Qassim,Labour & HR Services,Call Center,"8,448",5178,64.1,19.7,21.0,3.5,?,9,TAYSEER_DWH,2026-07-09 03:15:00
2026-04-01,Makkah,Health Services,Mobile App,229371,84860,63.4,5.3,4.53,4.5,99.5,63,TAYSEER_DWH,2026-07-09 03:15:00
2026-01-01,Hail,Traffic & Transport,Mobile App,17035,6596,63.0,4.9,3.99,4.32,99.5,9,TAYSEER_DWH,2026-07-09 03:15:00
2026-05-01,Madinah,Education & Training,Mobile App,58758,-,65.3,4.6,3.53,4.79,97.3,2,TAYSEER_DWH,2026-07-09 03:15:00
01/10/2025,HAIL,Social Support & Subsidies,Branch,4419,3641,61.6,29.2,50.71,3.59,89.6,8,TAYSEER_DWH,2026-07-09 03:15:00
2026-01-01,Al-Qassim,Business & Licensing,Call Center,7909,4996,64.0%,27.4,25.12,3.56,92.5,6,TAYSEER_DWH,2026-07-09 03:15:00
2025-12-01,Al-Jouf,Social Support & Subsidies,Call Center,2499,1663,62.2,20.5,22.83,3.84,90.6,2,TAYSEER_DWH,2026-07-09 03:15:00
2025-11-01,Najran,Social Support & Subsidies,web portal,2601,1320,52.5,11.6,7.02,4.21,99.5,1,REGIONAL_UPLOAD,2026-07-09 03:15:00
2025/08/01,منطقة حائل,Identity & Civil Affairs,Web Portal,7721,3858,66.3,9.4,6.4,4.5,97.5,3,REGIONAL_UPLOAD,2026-07-09 05:40:00
2025-11-01,Madinah,Identity & Civil Affairs,Call Center,21024,13858,60.1,18.1,20.68,4.17,90.7,16,TAYSEER_DWH,2026-07-09 03:15:00
May-2026,Eastern Province,Social Support & Subsidies,Call Center,23746,15542,65.5,17.3,22.04,3.93,91.8,23,TAYSEER_DWH,2026-07-09 03:15:00
2025-10-01,Eastern Province,Social Support & Subsidies,Branch,33306,27886,64.3,31.9,46.97,3.69,87.1,33,TAYSEER_DWH,2026-07-09 03:15:00
2025-09-01,Hail,Education & Training,Call Center,6627,4237,65.7,14.6,21.09,4.02,90.5,5,TAYSEER_DWH,2026-07-09 03:15:00
2025-12-01,Eastern Province,Labour & HR Services,Call Center,26976,18309,66.5,15.2,18.94,3.77,90.2,25,TAYSEER_DWH,2026-07-09 03:15:00
2025-10-01,Hail,Business & Licensing,Mobile App,9779,3700,61.8,10.8,4.96,4.34,98.7,3,TAYSEER_DWH,2026-07-09 03:15:00
2026-02-01,Al-Jouf,Identity & Civil Affairs,Web Portal,4803,2456,64.4,10.7,7.66,4.31,96.9,3,REGIONAL_UPLOAD,2026-07-09 03:15:00
2025-09-01,Al-Baha,Health Services,Call Center,4527,2932,56.8,16.9,23.53,4.02,90.8,4,TAYSEER_DWH,2026-07-09 03:15:00
2026-05-01,Al-Qassim,Education & Training,Branch,10827,8703,67.6,23.9,41.51,3.49,86.7,13,TAYSEER_DWH,2026-07-09 03:15:00
2026-06-01,Riyadh,Health Services,Mobile App,251608,94761,69.4,4.9,3.93,4.77,97.6,14,CHANNEL_API,2026-07-09 03:15:00
2025-09-01,Jazan,Education & Training,Mobile App,35828,13570,50.5,5.3,4.36,null,97.1,14,TAYSEER_DWH,2026-07-09 03:15:00
2026-06-01,Riyadh,Justice & Notary,Web Portal,33191,16745,64.4,13.3,8.07,4.22,96.7,17,TAYSEER_DWH,2026-07-09 03:15:00
2026-02-01,Jazan,Traffic & Transport,Call Center,14635,9159,52.2,17.8,25.75,3.57,90.0,13,REGIONAL_UPLOAD,2026-07-09 03:15:00
2026/04/01,Tabuk,Justice & Notary,Call Center,3475,2211,63.8,36.7,30.51,3.48,86.9,5,TAYSEER_DWH,2026-07-09 03:15:00
Oct-2025,Riyadh,Education & Training,Branch Office,58968,48562,69.0,22.7,40.01,3.76,88.7,69,TAYSEER_DWH,2026-07-09 03:15:00
2025-09-01,Asir,Traffic & Transport,Branch,26062,21068,59.6%,27.5,47.81,3.41,91.8,27,TAYSEER_DWH,2026-07-09 03:15:00
2025-07-01,albaha,Health Services,Web Portal,4219,2096,56.6,10.1,7.01,4.23,99.5,2,TAYSEER_DWH,2026-07-09 03:15:00
2026-04-01,Tabuk,Social Support & Subsidies,Call Center,4593,2911,63.5,18.8,22.66,3.69,92.3,4,TAYSEER_DWH,2026-07-09 03:15:00
2025-11-01,Hail,Business & Licensing,Mobile App,10172,4042,61.2,10.8,5.91,4.31,98.6,4,TAYSEER_DWH,2026-07-09 03:15:00
2025-09-01,Najran,Traffic & Transport,Call Center,6699,4241,54.1,15.2,20.76,3.72,91.3,9,REGIONAL_UPLOAD,2026-07-09 03:15:00
2026-06-01,Makkah,Municipal Services,Branch,75509,59861,62.0%,32.7,55.47,3.43,90.6,98,TAYSEER_DWH,2026-07-09 03:15:00
2026-03-01,Al-Jouf,Municipal Services,Branch,4381,3491,63.0,34.7,47.58,3.38,93.0,5,TAYSEER_DWH,2026-07-09 03:15:00
2026-02-01,Northern Borders,Identity & Civil Affairs,Web Portal,3361,1841,62.4,10.3,7.36,4.59,95.9,1,TAYSEER_DWH,2026-07-09 03:15:00
2025-11-01,Riyadh,Identity & Civil Affairs,Branch,91828,72620,67.0,27.6,42.68,3.76,87.7,68,TAYSEER_DWH,2026-07-09 03:15:00
2025-12-01,Qassim,Social Support & Subsidies,Branch,8662,7154,64.4,25.7,48.76,3.42,93.6,9,TAYSEER_DWH,2026-07-09 03:15:00
2025-08-01,Makkah,Traffic & Transport,Branch,88078,73869,61.7,22.3,43.26,3.32,89.8,156,TAYSEER_DWH,2026-07-09 03:15:00
2025-07-01,Hail,Business & Licensing,Call Center,3666,2540,60.4%,30.9,24.89,3.81,92.0,3,TAYSEER_DWH,2026-07-09 03:15:00
2025-07-01,Najran,Labour & HR Services,Web Portal,3733,1937,51.5,10.7,6.76,4.04,97.0,2,TAYSEER_DWH,2026-07-09 03:15:00
2025-09-01,Asir,Traffic & Transport,Web Portal,20207,10303,59.6,8.7,6.71,,99.2,8,REGIONAL_UPLOAD,2026-07-09 03:15:00
02-01-2026,Northern Borders,Justice & Notary,Call Center,1296,847,58.7,30.6,32.03,3.83,87.5,1,REGIONAL_UPLOAD,2026-07-09 03:15:00
2026-02-01,Najran,Labour & HR Services,Call Center,4056,2558,51.7,18.3,24.61,3.66,87.1,4,TAYSEER_DWH,2026-07-09 03:15:00
2025-10-01,Al-Jouf,Health Services,Mobile App,11531,4422,61.5,5.8,4.5,4.62,96.7,2,TAYSEER_DWH,2026-07-09 03:15:00
2025-08-01,Al-Baha,Justice & Notary,Web Portal,1590,830,50.8,17.5,9.66,4.06,96.1,1,REGIONAL_UPLOAD,2026-07-09 03:15:00
2025-10-01,Eastern Province,Labour & HR Services,Web Portal,35207,18600,66.1,9.4,5.95,4.33,97.8,11,TAYSEER_DWH,2026-07-09 03:15:00
2025-12-01,Al-Jouf,Traffic & Transport,Web Portal,6348,3212,64.7,7.1,6.09,4.15,99.5,3,TAYSEER_DWH,2026-07-09 03:15:00
2026-05-01,Al-Jouf,Justice & Notary,Call Center,2063,1383,60.3,32.5,28.82,3.74,90.4,2,TAYSEER_DWH,2026-07-09 03:15:00
2026-03-01,Makkah,Health Services,Mobile App,219873,83329,63.1,5.8,4.57,4.54,99.5,74,TAYSEER_DWH,2026-07-09 03:15:00
2026-02-01,Tabuk,Health Services,Mobile App,23570,9175,64.3,6.1,4.69,4.4,97.5,7,TAYSEER_DWH,2026-07-09 03:15:00
2025-12-01,Asir,Identity & Civil Affairs,Web Portal,23265,11920,61.9,10.6,,4.3,99.1,12,TAYSEER_DWH,2026-07-09 03:15:00
2025-12-01,Riyadh ,Business & Licensing,Call Center,45197,29519,64.5,24.0,25.82,3.75,87.5,32,CHANNEL_API,2026-07-09 03:15:00
2025-09-01,Makkah,Traffic & Transport,Call Center,"74,846",46710,61.3,16.3,21.19,3.54,88.7,70,TAYSEER_DWH,2026-07-09 03:15:00
2025-08-01,Najran,Justice & Notary,Call Center,2422,1567,50.1,34.5,30.87,N/A,89.7,2,REGIONAL_UPLOAD,2026-07-09 03:15:00
2025-09-01,Najran,Identity & Civil Affairs,Call Center,7424,4830,51.4,20.7,21.65,3.81,89.7,7,TAYSEER_DWH,2026-07-09 03:15:00
2025-11-01,Al-Jouf,Business & Licensing,Web Portal,"3,231",1612,60.8,0.0,9.0,4.13,99.5,2,TAYSEER_DWH,2026-07-09 03:15:00
2026-04-01,منطقة جازان,Municipal Services,Call Center,14817,9432,48.7,22.3,28.99,3.46,87.5,20,CHANNEL_API,2026-07-09 03:15:00
2025-10-01,Jazan,Health Services,Call Center,19003,12435,51.4,18.9,25.94,3.69,91.8,17,CHANNEL_API,2026-07-09 03:15:00
2025-09-01,Northern Borders,Municipal Services,Web Portal,2814,1425,62.0,11.8,8.73,4.31,99.5,1,TAYSEER_DWH,2026-07-09 03:15:00
2026-01-01,Riyadh,Municipal Services,Web Portal,64144,33787,65.1,10.8,-32.13,4.22,96.2,28,TAYSEER_DWH,2026-07-09 03:15:00
2026-06-01,Al-Jouf,Health Services,Mobile App,13689,5204,63.3,5.9,4.05,4.65,95.4,3,TAYSEER_DWH,2026-07-09 03:15:00
2026-05-01,Northern Borders,Identity & Civil Affairs,Web Portal,3972,2058,62.4,9.3,7.29,4.49,95.9,1,CHANNEL_API,2026-07-09 03:15:00
2026-02-01,Al Baha,Identity & Civil Affairs,Mobile App,10671,4197,56.0%,7.1,4.23,4.6,99.0,2,TAYSEER_DWH,2026-07-09 03:15:00
2026-05-01,Tabuk,Traffic & Transport,Branch,10038,8076,63.9,23.2,53.31,3.21,94.5,14,TAYSEER_DWH,2026-07-09 03:15:00
2025-09-01,Al-Baha,Identity & Civil Affairs,Call Center,5373,3480,55.7,19.3,22.23,3.82,93.1,5,TAYSEER_DWH,2026-07-09 03:15:00
2026-01-01,Jazan,Health Services,Call Center,"19,301",12871,51.3,15.7,26.99,3.74,85.9,11,TAYSEER_DWH,2026-07-09 03:15:00
2026-04-01,Eastern Province,Justice & Notary,Mobile App,56902,23458,65.6,8.9,4.65,4.55,95.9,13,TAYSEER_DWH,2026-07-09 03:15:00
2026-02-01,Makkah,Municipal Services,Branch,51757,43116,60.9,31.5,54.18,3.33,?,67,TAYSEER_DWH,2026-07-09 03:15:00
2025-08-01,Al-Jouf,Health Services,Call Center,4392,2832,60.9,18.8,23.68,4.02,90.4,4,TAYSEER_DWH,2026-07-09 03:15:00
2026-05-01,Eastern Province,Health Services,Mobile App,"151,977",58179,67.1,5.2,3.97,4.78,97.4,11,TAYSEER_DWH,2026-07-09 03:15:00
2025-08-01,Hail,Labour & HR Services,Call Center,3679,2411,63.9,18.8,21.66,3.8,91.6,4,TAYSEER_DWH,2026-07-09 03:15:00
2025-11-01,Northern Borders,Municipal Services,Branch,3264,2689,62.6,35.6,52.24,3.52,89.5,4,REGIONAL_UPLOAD,2026-07-09 03:15:00
2026-01-01,Makkah,Social Support & Subsidies,Branch,59370,46993,60.1,30.8,50.94,3.57,89.2,69,REGIONAL_UPLOAD,2026-07-09 03:15:00
01/03/2026,Tabuk,Justice & Notary,Mobile App,10342,-,64.1,13.1,5.63,4.07,96.8,8,TAYSEER_DWH,2026-07-09 03:15:00
2026/01/01,Riyadh,Education & Training,Branch,61008,50429,69.4,21.3,43.13,3.93,89.6,52,CHANNEL_API,2026-07-09 03:15:00
2026-05-01,Eastern Province,Health Services,callcenter,41691,29108,67.1,17.0,21.41,4.16,87.2,25,REGIONAL_UPLOAD,2026-07-09 03:15:00
2025-08-01,Tabuk,Justice & Notary,Call Center,3015,1950,62.8,31.7,29.45,3.47,94.1,5,TAYSEER_DWH,2026-07-09 03:15:00
2026-04-01,منطقة تبوك,Traffic & Transport,Call Center,8015,5226,64.2,17.0,22.44,3.56,89.0,5,TAYSEER_DWH,2026-07-09 03:15:00
2026-06-01,Asir,Health Services,Mobile App,52707,20636,59.7,6.1,4.58,4.45,97.6,19,TAYSEER_DWH,2026-07-09 03:15:00
2025-08-01,Madinah,Social Support & Subsidies,Call Center,10181,6648,59.3,20.6,21.76,4.04,89.9,7,REGIONAL_UPLOAD,2026-07-09 03:15:00
2026-03-01,Al-Baha,Identity & Civil Affairs,Web Portal,4065,2132,56.1,9.6,7.08,null,99.5,2,TAYSEER_DWH,2026-07-09 03:15:00
2026-04-01,Najran,Traffic & Transport,Call Center,6360,4165,54.9,16.7,18.77,3.63,90.4,7,TAYSEER_DWH,2026-07-09 03:15:00
2026-06-01,Tabuk,Business & Licensing,Branch,6488,5235,64.1,47.8,65.11,3.24,,11,CHANNEL_API,2026-07-09 03:15:00
2026-05-01,Eastern Province,Education & Training,Call Center,31010,19911,68.8,12.8,18.15,4.17,88.1,21,TAYSEER_DWH,2026-07-09 03:15:00
2025-10-01,Jazan,Education & Training,Call Center,13658,9524,51.0,15.3,22.27,3.66,91.7,19,TAYSEER_DWH,2026-07-09 03:15:00
2026-04-01,Jazan,Social Support & Subsidies,Call Center,10185,6491,49.2,20.9,25.41,3.56,91.0,12,CHANNEL_API,2026-07-09 03:15:00
2026-03-01,Makkah,Business & Licensing,Call Center,50568,33105,60.8,32.1,27.05,3.58,91.3,54,TAYSEER_DWH,2026-07-09 03:15:00
2026-01-01,Makkah,Municipal Services,Mobile App,154154,60481,60.8,7.6,4.64,4.1,98.7,110,REGIONAL_UPLOAD,2026-07-09 03:15:00
2025-11-01,Tabuk,Traffic & Transport,Portal,9431,4708,63.4,9.3,7.02,3.79,99.5,8,CHANNEL_API,2026-07-09 03:15:00
2025-08-01,Tabuk,Education & Training,Web Portal,12757,6911,66.8,7.9,5.69,4.18,96.7,7,TAYSEER_DWH,2026-07-09 03:15:00
Mar-2026,Makkah,Education & Training,Branch,74118,63380,63.9,21.8,46.07,3.6,89.7,89,REGIONAL_UPLOAD,2026-07-09 03:15:00
2026-02-01,Riyadh,Justice & Notary,Call Center,24257,15318,64.3,25.8,26.62,3.86,89.4,20,TAYSEER_DWH,2026-07-09 03:15:00
2025-08-01,Asir,Social Support & Subsidies,Web Portal,"10,113",5107,56.5,10.5,6.78,4.16,98.3,6,REGIONAL_UPLOAD,2026-07-09 03:15:00
2025-12-01,Al-Baha,Labour & HR Services,Mobile App,6838,2660,56.8,6.5,4.58,4.46,?,2,TAYSEER_DWH,2026-07-09 03:15:00
2026-06-01,Al-Jouf,Business & Licensing,Call Center,3151,1936,61.5,27.2,28.63,3.64,89.4,3,TAYSEER_DWH,2026-07-09 03:15:00
2025-09-01,Makkah,Education & Training,Mobile App,229077,89752,62.5,5.3,3.71,4.42,95.5,67,TAYSEER_DWH,2026-07-09 03:15:00
2026-06-01,Tabuk,Education & Training,Web Portal,7636,3780,68.3,7.8,6.73,4.21,99.5,5,TAYSEER_DWH,2026-07-09 03:15:00
2026-06-01,Hail,Justice & Notary,Web Portal,"2,423",1219,60.1,16.1,7.91,4.06,97.9,1,TAYSEER_DWH,2026-07-09 03:15:00
2025-10-01,Riyadh,Traffic & Transport,Call Center,60712,40001,67.1,15.0,17.59,3.94,90.2,44,CHANNEL_API,2026-07-09 03:15:00
2025-10-01,Qassim,Traffic & Transport,Call Center,11060,-,65.0,14.6,19.32,3.61,90.0,12,TAYSEER_DWH,2026-07-09 03:15:00
2025-12-01,madinah,Social Support & Subsidies,Web Portal,10296,5400,60.2,11.5,6.74,4.5,99.5,3,TAYSEER_DWH,2026-07-09 03:15:00
2026-04-01,Asir,Justice & Notary,Web Portal,7751,4160,55.5,15.1,9.75,4.09,96.3,6,TAYSEER_DWH,2026-07-09 03:15:00
2025-08-01,Makkah,Identity & Civil Affairs,Web Portal,93157,44602,65.0,8.9,6.5,4.22,99.5,59,TAYSEER_DWH,2026-07-09 03:15:00
2026-06-01,Al-Baha,Traffic & Transport,Call Center,5047,3478,56.5,16.3,23.24,3.67,91.3,3,REGIONAL_UPLOAD,2026-07-09 03:15:00
2026-06-01,Eastern Province,Traffic & Transport,Web Portal,48142,25253,69.2,8.0,6.09,4.2,,28,REGIONAL_UPLOAD,2026-07-09 03:15:00
2026-05-01,منطقة الباحة,Municipal Services,Call Center,3703,2399,54.4,21.2,23.44,3.85,90.5,2,TAYSEER_DWH,2026-07-09 03:15:00
2026-04-01,Riyadh,Identity & Civil Affairs,Mobile App,251772,93506,67.8,6.0,3.74,4.72,97.3,28,REGIONAL_UPLOAD,2026-07-09 05:40:00
2026-05-01,Al-Baha,Traffic & Transport,Web Portal,3479,1794,55.9,8.9,6.29,4.17,99.5,2,TAYSEER_DWH,2026-07-09 03:15:00
01/06/2026,Najran,Municipal Services,Branch,"6,776",5637,51.3,36.3,61.69,3.21,92.9,10,TAYSEER_DWH,2026-07-09 03:15:00
2026-06-01,Qassim,Business & Licensing,Branch,8733,6998,64.9,43.6,64.19,3.23,94.0,10,TAYSEER_DWH,2026-07-09 03:15:00
2026-04-01,Tabuk,Education & Training,Mobile App,"18,605",7452,67.7,5.3,3.87,4.35,95.8,9,TAYSEER_DWH,2026-07-09 03:15:00
2025-10-01,Tabuk,Education & Training,Branch Office,7680,6311,67.2,23.9,48.46,3.38,93.3,12,TAYSEER_DWH,2026-07-09 03:15:00
2025-07-01,Hail,Justice & Notary,Mobile App,5485,2070,58.4,12.8,5.04,4.42,96.4,2,REGIONAL_UPLOAD,2026-07-09 03:15:00
2025-10-01,Northern Borders,Labour & HR Services,Mobile App,6560,2487,60.9,6.1,4.58,N/A,99.5,1,CHANNEL_API,2026-07-09 03:15:00
2025-10-01,Madinah,Labour & HR Services,Web Portal,14155,7363,61.0,9.8,6.66,4.39,96.6,5,TAYSEER_DWH,2026-07-09 03:15:00
Oct-2025,Hail,Education & Training,Call Center,4221,2735,66.5,13.4,18.94,4.05,92.1,2,TAYSEER_DWH,2026-07-09 03:15:00
2026/06/01,AR RIYADH,Justice & Notary,Call Center,30053,19651,64.4%,28.8,25.48,3.84,90.1,24,TAYSEER_DWH,2026-07-09 03:15:00
2025-07-01,Asir,Social Support & Subsidies,Branch,15104,12170,56.9,33.0,NULL,3.52,87.0,17,REGIONAL_UPLOAD,2026-07-09 03:15:00
2025-11-01,Riyadh,Business & Licensing,Branch,56993,46730,63.9,37.5,51.62,3.59,88.2,64,TAYSEER_DWH,2026-07-09 03:15:00
2025-12-01,Eastern Province,Health Services,branch,"63,016",51236,66.5,22.3,51.13,3.74,86.6,57,TAYSEER_DWH,2026-07-09 03:15:00
2026-04-01,منطقة جازان,Municipal Services,Call Center,14817,9432,48.7,22.3,28.99,3.46,87.5,20,REGIONAL_UPLOAD,2026-07-09 05:40:00
2025-10-01,Riyadh,Health Services,Call Center,67284,41037,67.9%,13.9,20.83,4.14,90.6,24,TAYSEER_DWH,2026-07-09 03:15:00
2026-03-01,Jazan,Health Services,Branch,22936,19136,51.4,30.1,59.66,3.37,88.5,34,TAYSEER_DWH,2026-07-09 03:15:00
2025-12-01,Eastern Province,Traffic & Transport,Mobile App,171025,65741,67.5,4.1,3.54,4.6,98.3,39,TAYSEER_DWH,2026-07-09 03:15:00
2025-07-01,Riyadh,Identity & Civil Affairs,Branch,91437,73219,65.7,31.3,42.97,3.75,88.1,97,TAYSEER_DWH,2026-07-09 03:15:00
2025-09-01,Tabuk,Identity & Civil Affairs,Mobile App,25218,9200,63.1,0.0,4.11,4.37,99.2,10,REGIONAL_UPLOAD,2026-07-09 03:15:00
2026-03-01,Tabuk,Labour & HR Services,Branch,6268,5429,67.1,31.7,54.67,3.35,87.5,10,REGIONAL_UPLOAD,2026-07-09 03:15:00
2026-06-01,Hail,Health Services,Mobile App,20310,7674,65.4,4.9,4.51,4.64,99.5,4,TAYSEER_DWH,2026-07-09 03:15:00
2025-09-01,Riyadh,Identity & Civil Affairs,Mobile App,216104,84571,66.7,6.6,3.83,4.62,97.8,35,REGIONAL_UPLOAD,2026-07-09 03:15:00
2026-04-01,Jazan,Municipal Services,Mobile App,24705,9433,48.7,7.8,5.04,4.02,96.2,13,TAYSEER_DWH,2026-07-09 03:15:00
2025-12-01,Eastern Province,Business & Licensing,Mobile App,"73,386",27618,65.6,9.1,4.76,4.4,93.7,28,REGIONAL_UPLOAD,2026-07-09 03:15:00
2025-09-01,Al-Jouf,Labour & HR Services,Call Center,"3,317",2210,60.2,17.2,21.45,3.83,90.8,3,TAYSEER_DWH,2026-07-09 03:15:00
2026-01-01,Riyadh,Labour & HR Services,Mobile App,157482,59138,69.6,6.1,3.77,,98.2,34,TAYSEER_DWH,2026-07-09 03:15:00
2025-11-01,Hail,Labour & HR Services,Mobile App,"13,366",5218,64.6,6.5,4.56,4.6,99.2,3,REGIONAL_UPLOAD,2026-07-09 05:40:00
2026-03-01,Asir,Education & Training,Call Center,"14,692",9680,61.7,14.8,21.51,3.92,92.9,10,TAYSEER_DWH,2026-07-09 03:15:00
2026-01-01,Northern Borders,Health Services,Mobile App,10132,3886,60.7,6.1,4.75,4.84,97.9,0,CHANNEL_API,2026-07-09 03:15:00
2026-02-01,Al-Baha,Education & Training,Mobile App,6918,2699,55.8,4.9,4.07,4.43,97.2,2,TAYSEER_DWH,2026-07-09 03:15:00
2026-02-01,Jazan,Social Support & Subsidies,Web Portal,5522,2781,49.0,11.8,7.69,3.92,95.3,4,REGIONAL_UPLOAD,2026-07-09 03:15:00
2026-02-01,Qassim,Education & Training,Branch,8292,6930,67.1,22.0,43.15,3.54,90.2,8,TAYSEER_DWH,2026-07-09 03:15:00
2025-12-01,Al-Jouf,Municipal Services,Call Center,3561,2356,62.9,19.8,24.81,3.71,88.7,3,REGIONAL_UPLOAD,2026-07-09 03:15:00
2025-07-01,Al-Jouf,Education & Training,Web Portal,"4,000",1964,61.7,8.6,6.15,4.37,97.2,2,TAYSEER_DWH,2026-07-09 03:15:00
2025-10-01,Northern Borders,Health Services,Call Center,"3,473",2260,60.0%,18.2,24.08,4.12,90.3,3,TAYSEER_DWH,2026-07-09 03:15:00
2025-07-01,Al-Jouf,Traffic & Transport,Branch,5322,4305,143.0,24.5,47.11,3.36,88.8,6,REGIONAL_UPLOAD,2026-07-09 05:40:00
2025-10-01,Al-Jouf,Health Services,Web Portal,4857,2574,61.5%,7.9,7.54,4.43,99.5,2,TAYSEER_DWH,2026-07-09 03:15:00
2025/07/01,Eastern Province,Social Support & Subsidies,Web Portal,29741,15690,64.0,9.5,6.45,4.45,97.7,12,REGIONAL_UPLOAD,2026-07-09 03:15:00
2025-11-01,Hail,Municipal Services,Web Portal,4784,2427,64.3,9.5,,4.24,96.4,2,TAYSEER_DWH,2026-07-09 03:15:00
2026-04-01,HAIL,Municipal Services,Branch,5464,4354,65.1,31.5,49.11,3.56,89.2,6,TAYSEER_DWH,2026-07-09 03:15:00
2026-02-01,Eastern Province,Labour & HR Services,Branch,23919,20430,66.9,26.6,43.7,3.67,89.3,25,TAYSEER_DWH,2026-07-09 03:15:00
2025-08-01,Qassim,Municipal Services,Web Portal,"9,891",5254,61.8,10.4,6.95,3.89,96.5,7,TAYSEER_DWH,2026-07-09 03:15:00
Apr-2026,Najran,Justice & Notary,Mobile App,4928,1923,50.6%,11.9,5.11,4.3,99.5,2,REGIONAL_UPLOAD,2026-07-09 03:15:00
2025-07-01,madinah,Traffic & Transport,Branch,22417,18697,60.8,26.5,43.36,3.72,92.0,19,TAYSEER_DWH,2026-07-09 03:15:00
2025-09-01,Riyadh,Identity & Civil Affairs,Web Portal,99515,51357,66.7,9.7,5.44,4.41,99.3,38,TAYSEER_DWH,2026-07-09 03:15:00
2025-10-01,Tabuk,Identity & Civil Affairs,Call Center,"9,198",5686,63.1,20.2,22.04,3.69,91.9,10,TAYSEER_DWH,2026-07-09 03:15:00
2026-06-01,Jazan,Traffic & Transport,Mobile App,31774,12525,140.1,6.1,4.61,4.11,?,16,TAYSEER_DWH,2026-07-09 03:15:00
2026-02-01,Jazan,Social Support & Subsidies,Call Center,9534,6324,49.0%,19.2,26.6,-,91.9,9,CHANNEL_API,2026-07-09 03:15:00
2026-05-01,Asir,Health Services,Call Center,"22,593",14431,60.0,15.4,26.32,3.86,92.5,16,REGIONAL_UPLOAD,2026-07-09 03:15:00
2026-05-01,Asir,Justice & Notary,Web Portal,7455,3617,56.3,16.7,9.35,4.17,95.6,5,REGIONAL_UPLOAD,2026-07-09 03:15:00
2025-12-01,Asir,Health Services,Web Portal,22373,10835,59.5,8.9,7.77,4.24,95.9,12,TAYSEER_DWH,2026-07-09 03:15:00
2025-09-01,Eastern Province,Traffic & Transport,Mobile App,113542,46230,67.4,4.8,3.82,4.51,99.5,42,TAYSEER_DWH,2026-07-09 03:15:00
2026-03-01,Riyadh,Education & Training,Mobile App,178340,69888,69.3,4.1,3.33,4.83,95.5,7,TAYSEER_DWH,2026-07-09 03:15:00
2026-01-01,Qassim,Social Support & Subsidies,Branch,"8,095",6657,64.8,29.7,54.62,3.55,85.9,9,REGIONAL_UPLOAD,2026-07-09 03:15:00
2025-08-01,Asir,Labour & HR Services,Call Center,13286,8342,58.3%,17.8,21.0,3.82,88.6,14,REGIONAL_UPLOAD,2026-07-09 03:15:00
2025-10-01,Makkah,Social Support & Subsidies,Mobile App,100023,39736,59.5,7.1,4.4,4.46,97.6,33,CHANNEL_API,2026-07-09 03:15:00
2025-10-01,Asir,Social Support & Subsidies,Call Center,11436,7077,56.7,19.5,23.98,3.81,87.3,10,CHANNEL_API,2026-07-09 03:15:00
2026-01-01,Tabuk,Education & Training,Web Portal,7792,4062,67.4,7.4,6.4,4.14,96.2,6,TAYSEER_DWH,2026-07-09 03:15:00
2026-04-01,Eastern Province,Municipal Services,Branch,35449,30261,68.5,32.8,50.6,3.49,89.6,41,CHANNEL_API,2026-07-09 03:15:00
2025-09-01,Al-Baha,Municipal Services,Mobile App,7053,2785,53.9,8.3,4.65,4.28,99.5,5,TAYSEER_DWH,2026-07-09 03:15:00
2025-07-01,Makkah,Social Support & Subsidies,Web Portal,47729,25471,59.1,11.0,7.07,4.03,98.6,40,REGIONAL_UPLOAD,2026-07-09 03:15:00
2026-05-01,Hail,Health Services,Branch,7552,6395,65.6,26.5,50.07,3.82,88.4,7,TAYSEER_DWH,2026-07-09 03:15:00
2025-12-01,منطقة الرياض,Justice & Notary,Web Portal,35166,18547,63.7,13.6,7.77,4.24,95.6,19,TAYSEER_DWH,2026-07-09 03:15:00
01/08/2025,madinah,Municipal Services,Branch,18768,15283,58.7,32.9,47.32,3.69,91.2,20,TAYSEER_DWH,2026-07-09 03:15:00
2025-11-01,منطقة الحدود الشمالية,Identity & Civil Affairs,Call Center,3638,2319,62.7,21.9,24.29,3.95,89.7,4,TAYSEER_DWH,2026-07-09 03:15:00
2026-06-01,Najran,Social Support & Subsidies,Web Portal,2531,1325,52.5,10.1,7.33,4.24,99.5,1,TAYSEER_DWH,2026-07-09 03:15:00
2026-02-01,Madinah,Identity & Civil Affairs,Web Portal,18161,9653,60.6,9.5,6.58,4.55,99.5,5,REGIONAL_UPLOAD,2026-07-09 03:15:00
01/10/2025,Qassim,Health Services,Web Portal,16491,8449,66.4,8.3,7.0,4.3,98.6,9,CHANNEL_API,2026-07-09 03:15:00
2025-08-01,Najran,Business & Licensing,Web Portal,2963,1485,51.0,18.6,8.29,3.89,99.5,2,CHANNEL_API,2026-07-09 03:15:00
2026-04-01,Najran,Education & Training,Web Portal,"3,590",,55.2,8.4,5.92,4.23,98.3,2,TAYSEER_DWH,2026-07-09 03:15:00
2026-05-01,Makkah,Labour & HR Services,Branch Office,88571,75838,61.5,31.6,50.72,3.36,90.6,120,TAYSEER_DWH,2026-07-09 03:15:00
2026-06-01,Al-Baha,Education & Training,Mobile App,7920,2927,56.9%,5.3,3.48,4.71,99.5,1,CHANNEL_API,2026-07-09 03:15:00
2026-04-01,Madinah,Health Services,Web Portal,20821,10541,62.7,9.1,7.28,4.6,98.6,4,TAYSEER_DWH,2026-07-09 03:15:00
2026-03-01,Qassim,Justice & Notary,Mobile App,14033,5594,62.9,10.7,5.02,4.15,95.5,8,REGIONAL_UPLOAD,2026-07-09 03:15:00
2025-08-01,Riyadh,Traffic & Transport,Branch,81091,66832,66.6,21.5,41.6,3.65,90.8,59,TAYSEER_DWH,2026-07-09 03:15:00
2026-06-01,Jazan,Identity & Civil Affairs,Mobile App,38792,14395,49.8,7.0,4.81,4.27,96.6,23,TAYSEER_DWH,2026-07-09 03:15:00
2025-08-01,Northern Borders,Identity & Civil Affairs,Branch,4224,3554,62.3,31.4,n/a,3.74,91.9,4,TAYSEER_DWH,2026-07-09 03:15:00
2026-01-01,Asir,Business & Licensing,Call Center,14009,9099,58.8,30.0,30.61,3.66,90.8,8,CHANNEL_API,2026-07-09 03:15:00
2026-04-01,Eastern Province,Education & Training,Mobile App,103830,41772,68.7,4.2,3.65,4.63,99.5,22,TAYSEER_DWH,2026-07-09 03:15:00
2026-04-01,Northern Borders,Social Support & Subsidies,Branch,2564,2041,59.8%,34.1,61.21,3.79,91.4,2,REGIONAL_UPLOAD,2026-07-09 03:15:00
Oct-2025,Northern Borders,Health Services,Mobile App,7755,3050,60.0,6.8,4.71,4.78,96.5,0,TAYSEER_DWH,2026-07-09 03:15:00
2025-11-01,Makkah,Business & Licensing,Web Portal,"51,914",27021,59.9,16.2,7.89,3.9,99.5,35,CHANNEL_API,2026-07-09 03:15:00
2025-07-01,Hail,Business & Licensing,Web Portal,"4,381",2390,60.4,14.8,7.89,4.22,99.5,2,TAYSEER_DWH,2026-07-09 03:15:00
06-01-2026,Al-Baha,Education & Training,Web Portal,2822,1456,56.9%,8.0,6.32,4.38,99.5,1,CHANNEL_API,2026-07-09 03:15:00
2025-10-01,Najran,Health Services,Branch,"9,738",8118,51.2,24.6,50.76,3.71,91.6,7,TAYSEER_DWH,2026-07-09 03:15:00
2025-09-01,Hail,Identity & Civil Affairs,Call Center,6226,4072,66.4,20.4,20.68,3.98,91.7,4,TAYSEER_DWH,2026-07-09 03:15:00
2025-08-01,Tabuk,Municipal Services,Web Portal,7255,3631,62.8,14.1,7.15,3.78,95.9,7,TAYSEER_DWH,2026-07-09 03:15:00
2026-03-01,Al-Baha,Justice & Notary,Branch,2879,2354,50.8,109.8,69.93,3.14,88.5,5,TAYSEER_DWH,2026-07-09 03:15:00
2025-08-01,Al-Jouf,Labour & HR Services,Web Portal,3383,1693,60.4,9.7,6.85,4.14,97.5,2,TAYSEER_DWH,2026-07-09 03:15:00
2025-09-01,N. Borders,Business & Licensing,Mobile App,5066,1959,60.1,10.8,6.0,4.41,99.1,1,TAYSEER_DWH,2026-07-09 03:15:00
Sep-2025,jazan ,Labour & HR Services,Branch,16912,14208,47.6,31.8,55.86,3.27,90.5,23,CHANNEL_API,2026-07-09 03:15:00
2026-01-01,Eastern Province,Traffic & Transport,Branch,45615,36792,68.4,25.6,44.95,3.45,89.7,50,REGIONAL_UPLOAD,2026-07-09 03:15:00
2025-12-01,Makkah,Labour & HR Services,Call Center,50726,33194,61.3,18.7,21.24,3.57,95.0,46,TAYSEER_DWH,2026-07-09 03:15:00
2026-04-01,Al-Jouf,Identity & Civil Affairs,Branch,5945,5008,64.3,31.5,46.69,3.67,86.5,5,TAYSEER_DWH,2026-07-09 03:15:00
2026-05-01,Riyadh,Education & Training,Mobile App,189637,72491,69.6,4.0,3.4,4.72,95.7,19,TAYSEER_DWH,2026-07-09 03:15:00
2025-07-01,Qassim,Labour & HR Services,Call Center,7936,5314,62.3,17.2,NULL,3.57,92.3,8,REGIONAL_UPLOAD,2026-07-09 03:15:00
2025-08-01,Al-Baha,Justice & Notary,Call Center,2101,1298,50.8,33.9,28.88,3.7,90.8,2,TAYSEER_DWH,2026-07-09 03:15:00
01/05/2026,Riyadh,Identity & Civil Affairs,Web Portal,88741,42472,67.3%,9.2,6.09,4.47,99.5,30,TAYSEER_DWH,2026-07-09 03:15:00
2025-11-01,Tabuk,Municipal Services,Branch,8228,6960,63.1,33.0,53.45,3.23,90.0,12,TAYSEER_DWH,2026-07-09 03:15:00
01/08/2025,Eastern Province,Labour & HR Services,Branch,34689,28950,65.5,27.5,45.65,3.54,90.5,42,REGIONAL_UPLOAD,2026-07-09 03:15:00
2025-10-01,Al-Baha,Health Services,Call Center,4558,3070,57.3,16.7,23.88,3.82,89.5,4,REGIONAL_UPLOAD,2026-07-09 03:15:00
2026-02-01,Riyadh,Identity & Civil Affairs,Branch,62560,49731,67.6,27.1,45.26,3.8,90.6,47,TAYSEER_DWH,2026-07-09 03:15:00
2025-12-01,Makkah ,Traffic & Transport,Mobile App,242015,92683,62.2%,6.0,3.59,4.24,99.5,159,TAYSEER_DWH,2026-07-09 03:15:00
2025-08-01,Eastern Province,Business & Licensing,Web Portal,31003,15409,65.0,13.5,7.56,4.14,97.0,17,CHANNEL_API,2026-07-09 03:15:00
2025-12-01,Najran,Municipal Services,Web Portal,3658,1897,51.1,13.1,7.7,3.97,97.9,3,REGIONAL_UPLOAD,2026-07-09 03:15:00
2026-05-01,Madinah,Municipal Services,Branch,29318,24792,60.6,36.0,51.89,3.71,89.7,23,TAYSEER_DWH,2026-07-09 03:15:00
2026-03-01,Al-Baha,Traffic & Transport,Call Center,5031,3099,56.5,15.6,21.66,-,90.3,6,TAYSEER_DWH,2026-07-09 03:15:00
2026-06-01,Madinah,Labour & HR Services,Call Center,"13,665",9099,62.8,18.3,21.5,4.16,89.8,9,REGIONAL_UPLOAD,2026-07-09 03:15:00
2026-03-01,Al-Jouf,Identity & Civil Affairs,Mobile App,14673,5763,64.4,5.8,4.52,4.67,99.5,2,CHANNEL_API,2026-07-09 03:15:00
2025-12-01,Eastern Province,Labour & HR Services,Branch,32364,27591,66.5,29.5,46.7,3.59,92.5,28,TAYSEER_DWH,2026-07-09 03:15:00
2026-04-01,Qassim,Labour & HR Services,Mobile App,25134,9606,64.1,6.1,3.62,4.2,97.4,17,TAYSEER_DWH,2026-07-09 03:15:00
2025-10-01,Riyadh,Social Support & Subsidies,Call Center,"35,278",22772,66.3,17.7,19.75,3.99,90.6,33,REGIONAL_UPLOAD,2026-07-09 03:15:00
2026-05-01,Madinah,Traffic & Transport,Call Center,22708,14563,62.0,15.8,19.1,3.89,92.4,20,TAYSEER_DWH,2026-07-09 03:15:00
2025-12-01,Qassim,Labour & HR Services,Call Center,8075,5337,64.3,16.1,21.72,3.67,92.2,10,TAYSEER_DWH,2026-07-09 03:15:00
2025/11/01,Najran,Traffic & Transport,Branch,"8,595",7156,54.6,26.0,47.56,3.39,93.7,8,REGIONAL_UPLOAD,2026-07-09 03:15:00
2025-11-01,Makkah,Identity & Civil Affairs,Call Center,74133,49109,65.4,20.4,21.82,3.78,89.9,70,TAYSEER_DWH,2026-07-09 03:15:00
2025-12-01,Madinah,Identity & Civil Affairs,Branch,27909,22292,60.3,30.3,45.46,3.74,88.9,20,REGIONAL_UPLOAD,2026-07-09 03:15:00
2026/06/01,Al Baha,Business & Licensing,Mobile App,5950,NA,134.6,11.2,5.26,,97.1,2,CHANNEL_API,2026-07-09 03:15:00
2025-11-01,Eastern Province,Business & Licensing,callcenter,24931,15786,65.3,24.8,n/a,3.6,91.0,34,TAYSEER_DWH,2026-07-09 03:15:00
2025-10-01,Al-Baha,Traffic & Transport, Branch,5892,4806,55.9,23.7,44.92,3.52,89.7,7,TAYSEER_DWH,2026-07-09 03:15:00
2025-09-01,Madinah,Municipal Services,Mobile App,32031,12248,59.7,6.9,4.36,4.62,99.5,6,TAYSEER_DWH,2026-07-09 03:15:00
2026-04-01,Qassim,Labour & HR Services,Branch,10400,9099,64.1,24.5,51.52,3.45,92.4,13,REGIONAL_UPLOAD,2026-07-09 03:15:00
2026-01-01,Hail,Justice & Notary,Branch,3655,2940,60.0,55.9,67.83,3.4,89.2,5,CHANNEL_API,2026-07-09 03:15:00
2026-02-01,Tabuk,Labour & HR Services,Branch Office,4598,3867,67.0,30.1,51.96,3.28,94.5,6,TAYSEER_DWH,2026-07-09 03:15:00
2025-08-01,Tabuk,Social Support & Subsidies,Mobile App,11765,4674,62.7,7.7,4.65,4.25,97.8,5,TAYSEER_DWH,2026-07-09 03:15:00
2026-03-01,Eastern Province,Traffic & Transport,callcenter,37099,24132,68.2,13.6,19.07,3.94,91.4,36,TAYSEER_DWH,2026-07-09 03:15:00
01/03/2026,Asir,Social Support & Subsidies,Call Center,10723,6746,57.2,19.3,26.49,3.82,89.6,10,TAYSEER_DWH,2026-07-09 03:15:00
2026-06-01,Riyadh,Municipal Services,Call Center,52899,32718,65.9,19.0,21.83,3.91,91.0,51,REGIONAL_UPLOAD,2026-07-09 03:15:00
2026-06-01,Madinah,Business & Licensing,Mobile App,34607,13083,61.5,10.5,5.25,4.5,99.5,10,TAYSEER_DWH,2026-07-09 03:15:00
2026-06-01,Hail,Business & Licensing,Branch,5168,NA,62.5,43.2,67.18,3.51,87.5,5,TAYSEER_DWH,2026-07-09 03:15:00
2025-07-01,Northern Borders,Business & Licensing,Web Portal,2171,1107,59.4%,15.1,9.64,4.13,98.0,1,REGIONAL_UPLOAD,2026-07-09 03:15:00
01/03/2026,Hail,Education & Training,Web Portal,5046,2607,67.8,6.7,5.75,4.35,99.5,2,TAYSEER_DWH,2026-07-09 03:15:00
2025-11-01,Al-Jouf,Social Support & Subsidies,Branch,3498,2982,61.0%,32.5,45.54,3.62,88.1,3,TAYSEER_DWH,2026-07-09 03:15:00
2026-06-01,Najran,Municipal Services,Web Portal,3092,1615,51.3,11.2,7.63,3.98,96.5,2,TAYSEER_DWH,2026-07-09 03:15:00
2026-06-01,Riyadh,Health Services,Call Center,64111,40585,69.4,14.1,20.9,4.04,92.2,49,TAYSEER_DWH,2026-07-09 03:15:00
2025-10-01,Makkah,Health Services,Call Center,76381,49330,62.3,17.0,21.32,3.8,91.8,60,TAYSEER_DWH,2026-07-09 03:15:00
2025-11-01,Qassim,Labour & HR Services,Web Portal,9947,4970,63.8%,8.7,6.31,4.11,97.7,8,TAYSEER_DWH,2026-07-09 03:15:00
2026-04-01,Najran,Education & Training,Mobile App ,10328,3821,55.2,5.2,3.99,4.37,99.1,6,TAYSEER_DWH,2026-07-09 03:15:00
2026-03-01,Al-Jouf,Identity & Civil Affairs,Branch,6402,5141,64.4,30.4,48.28,3.69,91.8,7,TAYSEER_DWH,2026-07-09 03:15:00
2025-07-01,Eastern Province,Education & Training,Mobile App,86690,33376,67.1,4.5,3.46,4.53,97.6,25,TAYSEER_DWH,2026-07-09 03:15:00
2026-06-01,Qassim,Municipal Services,Mobile App,27717,10585,62.9,6.9,4.35,4.2,99.1,13,TAYSEER_DWH,2026-07-09 03:15:00
2026-04-01,Al-Baha,Social Support & Subsidies,Branch,3834,3226,54.0,32.1,51.61,3.65,92.7,4,CHANNEL_API,2026-07-09 03:15:00
2025-10-01,Qassim,Labour & HR Services,Web Portal,9576,4898,63.4,8.2,6.54,4.01,99.5,7,TAYSEER_DWH,2026-07-09 03:15:00
2025-10-01,Eastern Province,Municipal Services,Mobile App,99425,37810,66.6,7.1,4.22,4.62,96.0,21,TAYSEER_DWH,2026-07-09 03:15:00
2026-04-01,Al-Baha,Health Services,Mobile App,10606,4218,57.3,6.3,4.79,4.62,96.1,2,TAYSEER_DWH,2026-07-09 03:15:00
2026-02-01,Najran,Health Services,Mobile App,12249,4718,51.6,7.1,4.76,4.39,97.2,5,TAYSEER_DWH,2026-07-09 03:15:00
2026-03-01,Jazan,Business & Licensing,Mobile App,19132,7251,48.6,10.5,6.41,4.15,99.5,9,TAYSEER_DWH,2026-07-09 03:15:00
2025-09-01,Qassim,Municipal Services,Mobile App,25052,9939,62.2,7.0,4.42,4.17,99.5,12,TAYSEER_DWH,2026-07-09 03:15:00
2026-03-01,Hail,Business & Licensing,Branch,"4,946",4266,61.7,47.9,65.67,3.56,93.6,6,TAYSEER_DWH,2026-07-09 03:15:00
2025-10-01,Asir,Traffic & Transport,Branch,24168,20113,59.6,27.0,52.94,3.37,91.8,27,TAYSEER_DWH,2026-07-09 03:15:00
11-01-2025,Jazan,Justice & Notary,Branch,9966,7818,46.0,118.6,70.92,-,85.7,14,TAYSEER_DWH,2026-07-09 03:15:00
2026-03-01,Northern Borders,Education & Training,Branch,3141,2491,62.9,21.5,51.77,3.89,93.3,3,REGIONAL_UPLOAD,2026-07-09 03:15:00
2025-10-01,Tabuk,Social Support & Subsidies,Branch,5889,4879,63.1,35.0,54.15,3.36,88.2,10,TAYSEER_DWH,2026-07-09 03:15:00
2025-08-01,Riyadh,Education & Training,Branch,97557,74829,68.4,21.3,40.43,3.69,91.0,112,TAYSEER_DWH,2026-07-09 03:15:00
2026-06-01,Qassim,Education & Training,Web Portal,10465,5210,67.4,6.8,6.13,4.12,99.5,5,REGIONAL_UPLOAD,2026-07-09 03:15:00
2025-11-01,Najran,Health Services,Call Center,7294,4830,51.9,18.2,24.91,3.86,91.4,6,TAYSEER_DWH,2026-07-09 03:15:00
2025-11-01,Qassim,Identity & Civil Affairs,Web Portal,17215,9153,66.3,9.6,6.66,4.09,99.5,13,TAYSEER_DWH,2026-07-09 03:15:00
2025-07-01,Madinah,Education & Training,Branch,"17,405",14033,63.5,20.6,46.55,3.84,92.7,11,REGIONAL_UPLOAD,2026-07-09 03:15:00
2026-01-01,Jazan,Health Services,Web Portal,14014,6929,51.3,9.8,8.99,4.1,99.2,9,TAYSEER_DWH,2026-07-09 03:15:00
2026-04-01,Riyadh,Social Support & Subsidies,Mobile App,129472,52518,67.3,6.5,3.45,4.58,97.0,24,TAYSEER_DWH,2026-07-09 03:15:00
May-2026,Makkah,Labour & HR Services,Call Center,84207,50249,61.5,17.1,19.11,3.74,92.2,81,TAYSEER_DWH,2026-07-09 03:15:00
2026/01/01,منطقة الرياض,Health Services, Branch,95151,77216,68.1,23.7,45.78,-,92.5,109,TAYSEER_DWH,2026-07-09 03:15:00
May-2026,Riyadh,Health Services,Web Portal,85109,44344,69.0,7.8,6.62,4.6,95.7,18,TAYSEER_DWH,2026-07-09 03:15:00
01/07/2025,Najran,Justice & Notary,Branch,3517,2938,49.9,161.9,65.21,3.15,83.0,5,CHANNEL_API,2026-07-09 03:15:00
2026-01-01,Najran,Business & Licensing,CALL_CENTRE,4654,2912,51.2,29.4,25.87,3.55,87.4,5,TAYSEER_DWH,2026-07-09 03:15:00
2026-05-01,Northern Borders,Traffic & Transport,Branch,4186,3430,60.8,25.7,50.87,3.74,91.0,4,REGIONAL_UPLOAD,2026-07-09 03:15:00
2025-10-01,tabuk,Identity & Civil Affairs,Web Portal,11090,5454,63.1,10.9,7.2,4.08,99.5,9,TAYSEER_DWH,2026-07-09 03:15:00
2026-04-01,Jazan,Education & Training,Mobile App,"24,694",9526,50.9,5.2,4.26,4.21,92.5,15,TAYSEER_DWH,2026-07-09 03:15:00
2025-09-01,Hail,Justice & Notary,Branch,3504,2907,59.0,48.8,NULL,3.61,90.7,5,TAYSEER_DWH,2026-07-09 03:15:00
2025-07-01,Al-Jouf,Health Services,MOBILE_APP,10956,NA,60.6,6.1,4.35,4.67,97.5,1,TAYSEER_DWH,2026-07-09 03:15:00
2026-01-01,Riyadh,Education & Training,Web Portal,65864,33119,69.4,6.7,5.63,4.46,99.5,24,REGIONAL_UPLOAD,2026-07-09 03:15:00
2025-09-01,Jazan,Social Support & Subsidies,Call Center,"10,295",6444,48.9,21.4,23.23,3.55,91.1,8,TAYSEER_DWH,2026-07-09 03:15:00
2025-12-01,Jazan,Identity & Civil Affairs,Call Center,"21,699",13870,49.1,21.9,23.83,3.61,91.2,35,CHANNEL_API,2026-07-09 03:15:00
2026-03-01,Al Baha,Municipal Services,Mobile App,8162,3066,54.2,7.5,4.45,4.41,99.5,3,REGIONAL_UPLOAD,2026-07-09 03:15:00
2025-08-01,Madinah,Traffic & Transport,Call Center,17188,11134,60.9,15.2,19.76,3.9,89.6,12,TAYSEER_DWH,2026-07-09 03:15:00
2025-10-01,Asir,Justice & Notary,Mobile App,20289,7320,55.7,11.2,5.79,4.31,99.5,8,CHANNEL_API,2026-07-09 03:15:00
2026-01-01,Najran,Identity & Civil Affairs,Mobile App,13251,5024,51.5,6.9,4.46,4.57,99.1,3,REGIONAL_UPLOAD,2026-07-09 03:15:00
2025-08-01,Eastern Province,Justice & Notary,Web Portal,20650,10319,64.7,18.4,8.8,4.06,95.1,14,TAYSEER_DWH,2026-07-09 03:15:00
2025-08-01,Eastern Province,Identity & Civil Affairs,Call Center,41234,26456,64.8,18.6,20.89,3.89,85.7,45,TAYSEER_DWH,2026-07-09 03:15:00
2025-08-01,Al-Jouf,Justice & Notary,Mobile App ,4098,1511,58.7,10.5,5.4,4.27,99.5,2,TAYSEER_DWH,2026-07-09 03:15:00
2025-12-01,Riyadh,Identity & Civil Affairs,Mobile App,230380,90778,67.3,5.9,,4.7,97.7,28,TAYSEER_DWH,2026-07-09 03:15:00
2025-10-01,Jazan,Education & Training,Branch,17907,14978,51.0%,22.6,52.47,3.37,91.1,31,REGIONAL_UPLOAD,2026-07-09 03:15:00
2026-05-01,Qassim,Health Services,Branch,14893,12243,67.2,24.5,48.7,3.57,89.1,15,TAYSEER_DWH,2026-07-09 03:15:00
2026-03-01,Riyadh,Traffic & Transport,Mobile App,208704,81610,68.1,4.5,3.68,4.55,95.6,60,TAYSEER_DWH,2026-07-09 03:15:00
2026-01-01,Tabuk,Education & Training,Mobile App,"18,833",7011,67.4,5.4,3.54,4.32,96.3,10,TAYSEER_DWH,2026-07-09 03:15:00
01/09/2025,Eastern Province,Municipal Services,Branch,"37,038",31137,66.5,27.9,49.05,3.63,86.8,44,CHANNEL_API,2026-07-09 03:15:00
2026-06-01,Najran,Traffic & Transport,Branch,8004,6705,54.2,22.8,49.53,3.37,89.7,10,TAYSEER_DWH,2026-07-09 03:15:00
2026-05-01,Eastern Province,Health Services,Branch,"51,934",45433,67.1,25.3,51.51,3.71,89.7,57,TAYSEER_DWH,2026-07-09 03:15:00
Oct-2025,Eastern Province,Justice & Notary,Web Portal,21585,11453,64.8,15.6,7.65,4.13,99.5,11,TAYSEER_DWH,2026-07-09 03:15:00
2025-12-01,Tabuk,Health Services,Branch,12266,10268,63.6,26.7,57.15,3.45,90.9,13,CHANNEL_API,2026-07-09 03:15:00
2026-06-01,Najran,Health Services,Call Center,7384,4734,52.0,16.9,22.72,3.91,92.3,6,TAYSEER_DWH,2026-07-09 03:15:00
2026/04/01,Najran,Business & Licensing,Call Center,4274,2748,51.5,31.4,28.26,3.48,87.7,6,REGIONAL_UPLOAD,2026-07-09 03:15:00
2026-03-01,Al-Jouf,Labour & HR Services,Web Portal,3321,1717,61.5%,9.2,6.66,4.33,99.5,2,TAYSEER_DWH,2026-07-09 03:15:00
2026-06-01,Najran,Identity & Civil Affairs,Web Portal,5036,2505,51.7,11.1,6.54,4.27,96.7,3,REGIONAL_UPLOAD,2026-07-09 03:15:00
2026-05-01,Northern Border,Identity & Civil Affairs,call center,3583,2385,62.4,19.3,24.77,3.94,90.8,3,REGIONAL_UPLOAD,2026-07-09 03:15:00
2025-07-01,Riyadh,Justice & Notary,Web Portal,32894,16742,63.0,16.1,-24.01,4.23,99.5,18,TAYSEER_DWH,2026-07-09 03:15:00
2026-04-01,Al-Jouf,Labour & HR Services,Mobile App,"9,310",3639,61.8,6.6,4.34,4.41,95.9,3,REGIONAL_UPLOAD,2026-07-09 03:15:00
2026-03-01,Al-Baha,Health Services,Branch,6207,5200,57.3,26.9,52.68,3.62,91.0,7,REGIONAL_UPLOAD,2026-07-09 03:15:00
2025-10-01,Makkah,Municipal Services,Web Portal,59662,30514,59.5,10.8,7.8,3.99,99.0,41,TAYSEER_DWH,2026-07-09 03:15:00
2025-07-01,Riyadh,Traffic & Transport,Mobile App,194063,70732,66.9,4.9,3.47,4.55,99.3,48,CHANNEL_API,2026-07-09 03:15:00
2025-12-01,Medina,Traffic & Transport,Mobile App,63075,25220,61.8,6.2,3.91,N/A,93.9,12,TAYSEER_DWH,2026-07-09 03:15:00
2026-01-01,Jazan,Traffic & Transport,Mobile App,30767,11925,51.3,5.7,4.42,4.19,99.5,19,CHANNEL_API,2026-07-09 03:15:00
2025-12-01,Madinah,Social Support & Subsidies,Call Center,11500,7573,60.2,21.4,21.4,4.03,88.4,11,TAYSEER_DWH,2026-07-09 03:15:00
2026-01-01,Jazan,Municipal Services,Call Center,14574,10053,48.5,24.0,29.01,3.48,87.9,24,CHANNEL_API,2026-07-09 03:15:00
11-01-2025,Asir,Identity & Civil Affairs,Call Center,21112,13801,61.5,19.4,21.75,3.72,91.4,19,REGIONAL_UPLOAD,2026-07-09 03:15:00
2026-04-01,Jazan,Traffic & Transport,Mobile App,32626,12978,51.9,5.5,4.79,4.15,99.5,23,TAYSEER_DWH,2026-07-09 03:15:00
2026-03-01,Madinah,Labour & HR Services,Call Center,13642,8899,62.0,19.1,21.14,3.87,90.6,15,TAYSEER_DWH,2026-07-09 03:15:00
2026-03-01,Al-Baha,Identity & Civil Affairs,Call Center,5667,3615,56.1,16.5,24.07,3.97,89.1,3,REGIONAL_UPLOAD,2026-07-09 03:15:00
2026-01-01,Jazan,Justice & Notary,Call Center,"8,285",5450,46.3,32.6,32.13,3.39,88.1,7,TAYSEER_DWH,2026-07-09 03:15:00
2025-11-01,Riyadh,Labour & HR Services,Web Portal,64238,33453,68.8,8.8,6.37,4.29,97.1,30,TAYSEER_DWH,2026-07-09 03:15:00
04-01-2026,Al-Baha,Labour & HR Services,Branch,4274,3560,57.3,33.6,48.3,3.49,91.6,6,TAYSEER_DWH,2026-07-09 03:15:00
2026/04/01,Asir,Traffic & Transport,Branch,25052,19689,60.4,25.1,53.84,3.32,90.7,34,TAYSEER_DWH,2026-07-09 03:15:00
2025-07-01,Northern Borders,Social Support & Subsidies,Mobile App,4047,1610,59.2,7.1,4.4,4.62,97.6,1,TAYSEER_DWH,2026-07-09 03:15:00
2026-06-01,Jazan,Justice & Notary,Branch,11149,9205,46.7,127.0,67.2,3.13,85.1,18,REGIONAL_UPLOAD,2026-07-09 03:15:00
2025-11-01,Tabuk,Traffic & Transport,Branch,9994,8007,63.4,26.6,44.37,3.16,90.7,14,TAYSEER_DWH,2026-07-09 03:15:00
2026-01-01,Eastern Province,Municipal Services,CALL_CENTRE,27501,17758,67.8,18.4,21.91,3.8,91.8,22,TAYSEER_DWH,2026-07-09 03:15:00
02-01-2026,Najran,Education & Training,Mobile App,8321,3144,55.9,5.1,3.96,4.54,97.8,2,REGIONAL_UPLOAD,2026-07-09 03:15:00
2025-10-01,Al-Jouf,Traffic & Transport,Web Portal,5443,2804,64.5,8.4,6.58,4.21,99.5,4,CHANNEL_API,2026-07-09 03:15:00
2026-05-01,Makkah,Justice & Notary,Call Center,"49,115",30649,61.0,32.3,29.21,N/A,90.8,69,REGIONAL_UPLOAD,2026-07-09 03:15:00
2025-11-01,Makkah,Education & Training,Call Center,54608,36041,63.5,13.2,20.39,3.78,91.3,54,REGIONAL_UPLOAD,2026-07-09 05:40:00
2026-02-01,Qassim,Municipal Services,Branch,8408,6808,63.0,30.8,n/a,3.29,93.0,11,TAYSEER_DWH,2026-07-09 03:15:00
2025-07-01,Al-Baha,Business & Licensing,Mobile App,4844,1800,165.7,10.8,5.42,4.08,95.9,3,TAYSEER_DWH,2026-07-09 03:15:00
2025/11/01,Madinah,Health Services,Call Center,19871,13134,62.3,17.6,21.91,4.24,89.2,9,TAYSEER_DWH,2026-07-09 03:15:00
2025-12-01,Makkah,Labour & HR Services,Web Portal,54857,28312,61.3,9.6,6.67,3.99,98.6,39,TAYSEER_DWH,2026-07-09 03:15:00
2025-09-01,Sharqiyah,Labour & HR Services,Web Portal,35851,16925,65.6,9.9,6.68,4.32,98.8,13,REGIONAL_UPLOAD,2026-07-09 03:15:00
2025-07-01,Jazan,Business & Licensing,branch,13140,10406,48.1%,0.0,72.5,3.02,86.1,19,TAYSEER_DWH,2026-07-09 03:15:00
2026-04-01,Al-Baha,Social Support & Subsidies,Mobile App,5514,2004,54.0,7.1,4.4,4.57,99.5,1,TAYSEER_DWH,2026-07-09 03:15:00
2026-03-01,Northern Borders,Labour & HR Services,Branch,2951,2422,61.2,32.4,52.56,3.66,90.9,3,TAYSEER_DWH,2026-07-09 03:15:00
2025-07-01,Riyadh,Education & Training,Call Center,45768,30868,67.9,12.1,17.42,4.15,91.6,36,TAYSEER_DWH,2026-07-09 03:15:00
2026-01-01,Asir,Municipal Services,Web Portal,16198,8244,61.3%,10.3,8.21,4.05,94.3,12,CHANNEL_API,2026-07-09 03:15:00
2025-10-01,Al-Jouf,Health Services,Call Center,4782,3126,61.5,15.3,22.47,4.03,89.4,4,TAYSEER_DWH,2026-07-09 03:15:00
2025-07-01,HAIL,Social Support & Subsidies,Branch,4245,3480,61.3,32.2,46.71,3.54,86.4,3,CHANNEL_API,2026-07-09 03:15:00
2026-05-01,Qassim,Education & Training,Call Center,8402,5624,67.6,12.4,19.3,3.66,92.5,11,TAYSEER_DWH,2026-07-09 03:15:00
2026-05-01,Tabuk,Social Support & Subsidies,Branch,6036,5017,64.2,32.9,55.87,3.48,90.7,7,REGIONAL_UPLOAD,2026-07-09 03:15:00
2026-03-01,EASTERN PROVINCE,Education & Training,Branch,35671,30498,69.0,21.4,43.05,3.79,90.5,26,TAYSEER_DWH,2026-07-09 03:15:00
2025-12-01,Jazan,Business & Licensing,Web Portal,7415,3985,48.1,18.3,9.36,3.78,97.5,8,CHANNEL_API,2026-07-09 03:15:00
2025-11-01,Al-Jouf,Health Services,Branch,6404,5305,61.8,30.2,56.74,3.63,88.4,6,CHANNEL_API,2026-07-09 03:15:00
2025-12-01,Jazan,Identity & Civil Affairs,Web Portal,14676,7328,49.1,10.4,7.39,3.92,97.2,10,TAYSEER_DWH,2026-07-09 03:15:00
2025-12-01,Northern Borders,Municipal Services,Mobile App,6997,2697,62.2,6.9,4.85,4.54,95.5,2,TAYSEER_DWH,2026-07-09 03:15:00
2026-02-01,Al-Baha,Labour & HR Services,Web Portal,2262,1176,56.9,12.0,6.93,4.18,98.8,1,REGIONAL_UPLOAD,2026-07-09 03:15:00
2025-11-01,Hail,Identity & Civil Affairs,Branch,7685,-,66.8,28.8,48.48,3.69,89.2,4,TAYSEER_DWH,2026-07-09 03:15:00
2025-08-01,Najran,Justice & Notary,Web Portal,1910,1022,50.1,18.3,8.79,3.95,99.5,2,TAYSEER_DWH,2026-07-09 03:15:00
2025-08-01,Hail,Education & Training,Branch,8778,7590,65.8,0.0,43.79,3.7,90.7,10,TAYSEER_DWH,2026-07-09 03:15:00
2025-09-01,Al-Jouf,Traffic & Transport,Branch,5677,4597,63.9%,24.7,44.22,3.49,88.9,7,TAYSEER_DWH,2026-07-09 03:15:00
2025-07-01,Riyadh,Identity & Civil Affairs,Web Portal,90226,46799,65.7,8.6,5.58,N/A,95.7,49,TAYSEER_DWH,2026-07-09 03:15:00
2025-07-01,Mecca,Education & Training,Mobile App,158198,59728,62.6,5.2,3.97,4.35,97.4,65,REGIONAL_UPLOAD,2026-07-09 03:15:00
2025-08-01,Tabuk,Business & Licensing,Branch,6283,5095,62.6,47.4,62.37,3.22,88.2,8,TAYSEER_DWH,2026-07-09 03:15:00
2026-03-01,Asir,Labour & HR Services,Branch,18682,14988,59.4,28.8,59.02,3.38,89.5,24,REGIONAL_UPLOAD,2026-07-09 03:15:00
2026-03-01,Najran,Municipal Services,Mobile App,9017,3598,51.1,8.1,4.55,4.33,98.7,5,TAYSEER_DWH,2026-07-09 03:15:00
2025-10-01,Al-Baha,Health Services,Web Portal,4216,2147,57.3,9.8,7.13,4.37,96.6,2,REGIONAL_UPLOAD,2026-07-09 03:15:00
2025-08-01,Najran,Traffic & Transport,Web Portal,5217,2770,54.0,9.6,6.79,3.99,98.5,4,TAYSEER_DWH,2026-07-09 03:15:00
2025-08-01,Aljouf,Municipal Services,Mobile App,7672,2948,61.1,7.5,4.72,4.4,97.6,3,TAYSEER_DWH,2026-07-09 03:15:00
2025-08-01,Riyadh,Traffic & Transport,Call Center,53074,34446,66.6,13.0,18.19,4.02,94.9,47,TAYSEER_DWH,2026-07-09 03:15:00
2025-12-01,Al-Baha,Identity & Civil Affairs,Mobile App,10448,3878,55.9,7.1,4.18,4.44,98.3,3,REGIONAL_UPLOAD,2026-07-09 03:15:00
2026-02-01,Al-Baha,Identity & Civil Affairs,Call Center,4341,2734,56.0,18.8,21.63,3.89,90.8,3,TAYSEER_DWH,2026-07-09 03:15:00
2026-06-01,Asir,Education & Training,Web Portal,15247,7726,62.2,7.3,5.97,N/A,99.5,5,REGIONAL_UPLOAD,2026-07-09 03:15:00
2026-06-01,Makkah,Education & Training,Call Center,56522,NA,64.5,12.6,18.87,3.85,91.1,50,TAYSEER_DWH,2026-07-09 03:15:00
Sep-2025,منطقة الباحة,Social Support & Subsidies,Call Center,2717,1774,53.6,21.1,25.04,3.86,87.3,2,TAYSEER_DWH,2026-07-09 03:15:00
2025-12-01,Hail,Social Support & Subsidies,Mobile App,9045,3478,61.8,7.5,4.24,4.51,96.9,3,TAYSEER_DWH,2026-07-09 03:15:00
2025-08-01,Qassim,Education & Training,Call Center,11663,7889,66.4,12.4,17.56,3.58,89.6,13,TAYSEER_DWH,2026-07-09 03:15:00
2025-10-01,albaha,Social Support & Subsidies,Call Center,"2,680",1775,53.4%,22.1,23.03,3.88,91.6,2,REGIONAL_UPLOAD,2026-07-09 03:15:00
2025-12-01,Makkah,Education & Training,Mobile App,149269,57489,63.7,5.0,3.71,N/A,98.5,36,TAYSEER_DWH,2026-07-09 03:15:00
2026-03-01,Eastern Province,Social Support & Subsidies,Web Portal,25848,12532,65.4,9.1,6.35,4.51,99.5,8,REGIONAL_UPLOAD,2026-07-09 03:15:00
2025-08-01,Najran,Municipal Services,Branch,7199,6047,50.3,37.1,57.27,3.34,90.8,8,TAYSEER_DWH,2026-07-09 03:15:00
2026-04-01,Northern Borders,Traffic & Transport,Web Portal,3156,1544,61.6,8.4,7.22,4.19,98.2,2,CHANNEL_API,2026-07-09 03:15:00
2025-09-01,Madinah,Municipal Services,Web Portal,14785,7984,59.7,11.8,7.23,4.3,95.9,6,TAYSEER_DWH,2026-07-09 03:15:00
2025-09-01,Hail,Social Support & Subsidies,Branch,4531,3796,61.8,28.9,53.9,3.72,91.0,7,TAYSEER_DWH,2026-07-09 03:15:00
2026-01-01,Al-Jouf,Education & Training,Web Portal,3875,1960,63.8,7.5,5.78,4.27,97.4,2,TAYSEER_DWH,2026-07-09 03:15:00
2025-07-01,Eastern Province,Municipal Services,Branch,33392,27138,67.0,34.1,49.88,null,86.2,38,TAYSEER_DWH,2026-07-09 03:15:00
2025-12-01,Eastern Province,Social Support & Subsidies,Branch,27730,NA,65.4%,29.3,49.97,3.61,93.9,27,TAYSEER_DWH,2026-07-09 03:15:00
2026-01-01,Al-Jouf,Labour & HR Services,Web Portal,3406,1731,61.3,9.2,6.94,4.23,97.8,1,REGIONAL_UPLOAD,2026-07-09 03:15:00
2025-11-01,Tabuk,Identity & Civil Affairs,Web Portal,9981,5151,64.0,10.7,7.15,4.18,95.5,3,TAYSEER_DWH,2026-07-09 03:15:00
2026-01-01,'Asir,Business & Licensing,Branch,16939,14544,58.8,104.3,69.76,3.28,83.6,28,TAYSEER_DWH,2026-07-09 03:15:00
2026-03-01,Riyadh,Health Services,Call Center,62956,,68.9,14.3,20.95,4.18,93.8,39,CHANNEL_API,2026-07-09 03:15:00
2025-08-01,Hail,Education & Training,Web Portal,8441,4336,65.8,8.2,5.78,4.31,96.6,3,TAYSEER_DWH,2026-07-09 03:15:00
2025-09-01,Asir,Education & Training,Web Portal,26091,12798,61.6,7.0,,4.46,97.6,9,REGIONAL_UPLOAD,2026-07-09 03:15:00
2026-02-01,Madinah,Health Services,Branch,18873,15377,62.3,28.7,53.55,3.81,89.4,19,CHANNEL_API,2026-07-09 03:15:00
2025-10-01,Hail,Business & Licensing,Web Portal,4093,2047,61.8,14.2,8.5,4.21,99.5,2,TAYSEER_DWH,2026-07-09 03:15:00
2025-09-01,Qassim,Business & Licensing,Branch,10347,8240,63.7,43.4,61.63,3.12,90.6,16,REGIONAL_UPLOAD,2026-07-09 03:15:00
2026-02-01,Tabuk,Municipal Services,Call Center,5208,3348,63.6,19.9,25.57,3.63,88.0,6,TAYSEER_DWH,2026-07-09 03:15:00
2025-11-01,Asir,Health Services,Branch,29488,24817,59.4,24.1,n/a,3.67,89.1,33,TAYSEER_DWH,2026-07-09 03:15:00
2026-01-01,Al-Baha,Justice & Notary,Web Portal,1524,762,51.1,18.2,8.39,4.12,98.4,1,TAYSEER_DWH,2026-07-09 03:15:00
2025-10-01,'Asir,Traffic & Transport,Web Portal,19933,10430,59.6,7.9,6.89,4.06,98.8,14,REGIONAL_UPLOAD,2026-07-09 05:40:00
2026-06-01,Madinah,Traffic & Transport,Branch Office,23012,18435,61.9,25.9,44.0,3.84,92.6,25,TAYSEER_DWH,2026-07-09 03:15:00
2026-01-01,Mecca,Education & Training,Call Center,60607,39969,63.3,14.9,19.15,3.85,89.9,44,REGIONAL_UPLOAD,2026-07-09 03:15:00
2025-08-01,Al-Baha,Education & Training,Mobile App,10766,4065,55.7,5.5,3.97,4.54,93.1,3,TAYSEER_DWH,2026-07-09 03:15:00
2026-01-01,Madinah,Municipal Services,Call Center,14866,9267,60.4,21.8,21.47,3.93,87.7,8,REGIONAL_UPLOAD,2026-07-09 03:15:00
2025-11-01,Riyadh,Social Support & Subsidies,Call Center,34390,-,66.7,19.5,20.14,4.03,89.9,26,TAYSEER_DWH,2026-07-09 03:15:00
2026/04/01,Jazan,Health Services,Web Portal,12965,6417,51.7,9.8,8.34,4.13,98.6,7,TAYSEER_DWH,2026-07-09 03:15:00
2025-12-01,N. Borders,Justice & Notary,Call Center,1437,935,59.0,30.1,29.63,3.77,88.6,1,TAYSEER_DWH,2026-07-09 03:15:00
2026-05-01,Jazan,Labour & HR Services,Branch,17652,13724,48.5,32.1,59.0,3.31,89.4,21,TAYSEER_DWH,2026-07-09 03:15:00
2026-06-01,Eastern Province,Health Services,Call Center,42664,27179,67.2,16.1,25.67,4.11,93.2,39,TAYSEER_DWH,2026-07-09 03:15:00
2026-01-01,'Asir,Municipal Services,Mobile App,41642,16267,61.3%,7.9,5.49,4.27,99.5,26,REGIONAL_UPLOAD,2026-07-09 03:15:00
01/05/2026,Qassim,Justice & Notary,Branch,6602,5761,62.6,49.2,73.55,3.15,88.2,9,REGIONAL_UPLOAD,2026-07-09 03:15:00
2026-02-01,Hail,Labour & HR Services,Mobile App,"11,299",4500,65.1,5.9,4.03,4.64,96.1,3,TAYSEER_DWH,2026-07-09 03:15:00
2025-12-01,Tabouk,Social Support & Subsidies,Call Center,4483,2879,63.2,21.6,24.62,3.79,93.1,3,REGIONAL_UPLOAD,2026-07-09 03:15:00
2026-01-01,Qassim,Social Support & Subsidies,Mobile App,19123,7280,108.0,6.1,4.36,4.39,99.5,7,TAYSEER_DWH,2026-07-09 03:15:00
2026-03-01,Hail,Health Services,Branch,7984,6403,64.7,22.4,50.12,3.81,93.0,6,TAYSEER_DWH,2026-07-09 03:15:00
01/10/2025,Al-Jouf,Justice & Notary,Call Center,2023,1307,59.5,35.4,27.81,3.64,89.1,2,TAYSEER_DWH,2026-07-09 03:15:00
08-01-2025,Najran,Identity & Civil Affairs,Call Center,7460,5002,50.9,22.1,23.02,3.85,89.1,5,REGIONAL_UPLOAD,2026-07-09 03:15:00
2026-02-01,Makkah,Justice & Notary,Web Portal,31164,15966,60.2,17.8,8.23,3.92,96.5,20,TAYSEER_DWH,2026-07-09 03:15:00
2025-11-01,Eastern Province,Health Services,Mobile App,136239,53105,66.6,5.7,3.97,4.73,98.9,16,REGIONAL_UPLOAD,2026-07-09 03:15:00
2026-03-01,Najran,Business & Licensing,Call Center,4356,2855,51.6,32.4,28.51,3.51,89.0,5,TAYSEER_DWH,2026-07-09 03:15:00
2025-09-01,Qassim,Education & Training,Mobile App,40652,16270,66.6,4.6,3.55,4.38,99.5,18,REGIONAL_UPLOAD,2026-07-09 03:15:00
2026-02-01,Al-Baha,Social Support & Subsidies,Mobile App,"4,656",1726,53.6,6.8,4.5,4.48,97.3,1,REGIONAL_UPLOAD,2026-07-09 03:15:00
2026-05-01,Makkah,Identity & Civil Affairs,Mobile App,330403,125051,66.9,6.1,4.23,4.5,95.7,76,TAYSEER_DWH,2026-07-09 03:15:00
2025/09/01,Jazan,Justice & Notary,Call Center,8417,5288,45.4,36.3,32.58,3.33,89.1,9,TAYSEER_DWH,2026-07-09 03:15:00
2026-03-01,Northern Borders,Traffic & Transport,Branch,3913,,156.9,26.4,48.84,3.63,88.8,5,TAYSEER_DWH,2026-07-09 03:15:00
2025-07-01,Tabuk,Education & Training,Mobile App,18711,7293,66.4,5.7,4.01,4.18,95.1,11,TAYSEER_DWH,2026-07-09 03:15:00
2025-07-01,madinah,Traffic & Transport,Call Center,17190,10801,60.8,17.5,21.21,-,89.0,12,TAYSEER_DWH,2026-07-09 03:15:00
2026-01-01,Qassim,Labour & HR Services,Mobile App,21975,8485,64.1%,6.3,4.4,4.23,99.5,10,REGIONAL_UPLOAD,2026-07-09 03:15:00
2026-06-01,Jazan,Business & Licensing,Branch Office,15249,12241,48.5,136.3,70.44,3.08,82.4,25,TAYSEER_DWH,2026-07-09 03:15:00
2026-03-01,Tabuk,Labour & HR Services,Call Center,5298,3230,67.1,19.3,23.67,3.47,88.9,7,TAYSEER_DWH,2026-07-09 03:15:00
2025-12-01,Hail,Business & Licensing,Branch,5172,4185,62.2,42.2,59.26,3.55,88.9,5,REGIONAL_UPLOAD,2026-07-09 03:15:00
2025-08-01,Eastern Province,Traffic & Transport,Call Center,35484,24158,66.9,15.6,19.12,3.94,88.3,35,REGIONAL_UPLOAD,2026-07-09 03:15:00
2025-09-01,Qassim,Identity & Civil Affairs,Call Center,11713,7387,66.4,18.4,20.82,3.8,93.8,10,TAYSEER_DWH,2026-07-09 03:15:00
09-01-2025,Madinah,Business & Licensing,Mobile App,29071,11094,59.5,11.4,5.49,4.56,94.6,6,CHANNEL_API,2026-07-09 03:15:00
2026-06-01,Eastern Province,Business & Licensing,Branch,33065,28396,66.1,42.4,63.09,3.43,89.4,38,TAYSEER_DWH,2026-07-09 03:15:00
2025-08-01,Makkah,Identity & Civil Affairs,Mobile App,199071,79794,65.0,7.1,4.03,4.46,97.5,54,TAYSEER_DWH,2026-07-09 03:15:00
2026-01-01,Hail,Identity & Civil Affairs,Web Portal,7523,3833,67.2,9.4,6.68,-,94.5,2,CHANNEL_API,2026-07-09 03:15:00
03-01-2026,Najran,Identity & Civil Affairs,Mobile App,13888,5251,51.9,7.0,3.85,4.43,99.2,5,TAYSEER_DWH,2026-07-09 03:15:00
2025-10-01,Eastern Province,Health Services,Call Center,38678,24677,66.1%,14.8,20.0,3.98,?,28,TAYSEER_DWH,2026-07-09 03:15:00
2026-02-01,Northern Borders,Identity & Civil Affairs,Call Center,2980,2004,62.4,19.9,24.31,4.1,86.8,2,TAYSEER_DWH,2026-07-09 03:15:00
2026-06-01,Sharqiyah,Municipal Services,Branch,36604,29437,68.6,26.5,51.77,3.46,86.3,30,TAYSEER_DWH,2026-07-09 03:15:00
2026-01-01,Qassim,Education & Training,Mobile App,27328,10219,67.1,4.4,3.68,4.41,98.4,10,TAYSEER_DWH,2026-07-09 03:15:00
2026-02-01,Jazan,Health Services,Web Portal,13026,6821,51.9,9.7,8.32,4.06,97.3,7,TAYSEER_DWH,2026-07-09 03:15:00
2026-05-01,Riyadh,Justice & Notary,Web Portal,31690,16266,64.2,15.9,7.61,4.23,97.5,14,TAYSEER_DWH,2026-07-09 03:15:00
2026-06-01,Asir,Education & Training,Mobile App,42230,15597,62.2,5.1,4.26,4.53,96.7,10,TAYSEER_DWH,2026-07-09 03:15:00
2026-04-01,Tabuk,Traffic & Transport,Branch,10275,8489,64.2%,26.3,44.5,3.31,93.2,17,CHANNEL_API,2026-07-09 03:15:00
2025-11-01,Hail,Business & Licensing,Call Center,4056,2549,61.2,28.5,26.15,3.71,90.2,5,TAYSEER_DWH,2026-07-09 03:15:00
01/08/2025,Al-Baha,Business & Licensing,Mobile App,5502,2093,52.3,11.0,5.27,4.16,99.4,3,TAYSEER_DWH,2026-07-09 03:15:00
2025-12-01,Qassim,Justice & Notary,Mobile App,14749,5942,62.9,9.7,4.53,4.16,99.0,8,TAYSEER_DWH,2026-07-09 03:15:00
2025-10-01,Riyadh,Education & Training,Call Center,"42,903",27425,69.0,10.7,17.19,4.09,90.8,20,TAYSEER_DWH,2026-07-09 03:15:00
2026-01-01,Madinah,Social Support & Subsidies,Mobile App,"28,946",11079,60.7,6.2,4.43,4.75,99.5,3,REGIONAL_UPLOAD,2026-07-09 03:15:00
2026-03-01,Al-Jouf,Business & Licensing,Branch,3612,2903,60.9,34.8,62.65,3.62,88.6,4,TAYSEER_DWH,2026-07-09 03:15:00
2026-02-01,Al-Baha,Labour & HR Services,Call Center,3021,1933,56.9,18.9,21.77,3.75,89.9,3,TAYSEER_DWH,2026-07-09 03:15:00
2025-08-01,Najran,Business & Licensing,Branch,5179,4344,51.0,113.6,60.18,3.22,85.8,7,TAYSEER_DWH,2026-07-09 03:15:00
2025-12-01,AR RIYADH,Identity & Civil Affairs,Call Center,72952,45799,67.3,16.6,20.23,3.95,92.5,47,CHANNEL_API,2026-07-09 03:15:00
Jul-2025,Makkah,Traffic & Transport,Branch,94732,75866,60.9,22.2,45.46,3.24,92.6,123,TAYSEER_DWH,2026-07-09 03:15:00
2026/03/01,Qassim,Traffic & Transport,Mobile App,38235,14082,66.7,4.9,3.67,4.3,99.5,18,REGIONAL_UPLOAD,2026-07-09 03:15:00
2025-12-01,Riyadh,Education & Training,Web Portal,67551,35688,68.7,7.0,5.68,4.44,95.5,26,TAYSEER_DWH,2026-07-09 03:15:00
01-01-2026,Riyadh,Social Support & Subsidies,Mobile App,120282,47221,67.1,5.8,4.09,4.83,99.3,5,TAYSEER_DWH,2026-07-09 03:15:00
2025-08-01,Hail,Labour & HR Services,Web Portal,4921,2568,63.9,10.0,7.34,4.31,97.0,3,TAYSEER_DWH,2026-07-09 03:15:00
2025-07-01,Asir,Health Services,Branch,24061,19816,59.5,25.9,54.65,3.74,91.0,16,TAYSEER_DWH,2026-07-09 03:15:00
2025-11-01,Tabuk,Health Services,Call Center,8374,5382,63.6,16.1,23.08,3.64,89.2,9,TAYSEER_DWH,2026-07-09 03:15:00
2026-06-01,Makkah,Health Services,Call Center,72360,47098,64.0%,18.1,24.82,3.85,85.2,70,REGIONAL_UPLOAD,2026-07-09 03:15:00
2026-04-01,Asir,Education & Training,Call Center,15180,9939,61.7,14.0,20.52,3.91,91.8,11,REGIONAL_UPLOAD,2026-07-09 03:15:00
2025-08-01,Najran,Municipal Services,Mobile App,7845,3158,50.3,7.2,4.8,,98.5,4,CHANNEL_API,2026-07-09 03:15:00
2026-05-01,Riyadh,Justice & Notary,Mobile App,82455,32784,64.2,10.2,4.84,4.46,97.8,35,CHANNEL_API,2026-07-09 03:15:00
2025-07-01,Eastern Province,Social Support & Subsidies,Call Center,20093,12871,64.0,17.2,21.77,3.9,89.8,15,TAYSEER_DWH,2026-07-09 03:15:00
2026-06-01,Asir,Municipal Services,Call Center,14380,9522,61.7,21.9,n/a,3.73,93.8,16,TAYSEER_DWH,2026-07-09 03:15:00
2025-08-01,Makkah,Identity & Civil Affairs,Call Center,70121,,65.0%,18.7,21.85,null,89.5,65,TAYSEER_DWH,2026-07-09 03:15:00
12-01-2025,Northern Borders,Municipal Services,Call Center,2569,1703,62.2,22.9,27.2,3.88,88.9,2,TAYSEER_DWH,2026-07-09 03:15:00
2025-08-01,Makkah,Identity & Civil Affairs,Web Portal,93157,44602,65.0,8.9,6.5,4.22,99.5,59,TAYSEER_DWH,2026-07-09 03:15:00
2026-01-01,Al-Jouf,Identity & Civil Affairs,Web Portal,5924,3153,63.7,9.2,6.32,null,99.5,4,TAYSEER_DWH,2026-07-09 03:15:00
2025-12-01,Northern Borders,Health Services,Web Portal,3798,1971,60.7,9.0,8.01,4.43,98.1,1,TAYSEER_DWH,2026-07-09 03:15:00
Feb-2026,Northern Borders,Education & Training,Mobile App,6422,2404,63.2%,5.0,3.95,4.89,97.8,0,REGIONAL_UPLOAD,2026-07-09 03:15:00
2026-04-01,Jazan,Labour & HR Services,Call Center,14164,9770,48.4,19.9,27.82,3.53,91.8,16,TAYSEER_DWH,2026-07-09 03:15:00
2026-06-01,Al-Jouf,Health Services,Call Center,4827,3132,63.3,17.3,22.5,3.97,n/a,3,TAYSEER_DWH,2026-07-09 03:15:00
2026-05-01,Jazan,Education & Training,Call Center,15798,10405,50.9%,16.5,22.45,3.74,93.0,21,TAYSEER_DWH,2026-07-09 03:15:00
2025-10-01,Najran,Business & Licensing,Call Center,4283,2791,51.5,30.6,27.41,3.58,91.0,3,TAYSEER_DWH,2026-07-09 03:15:00
2026-01-01,منطقة الجوف,Identity & Civil Affairs,Mobile App,12928,5007,63.7,6.2,4.09,4.54,98.2,4,TAYSEER_DWH,2026-07-09 03:15:00
May-2026,Tabuk,Justice & Notary,Call Center,3379,2224,63.9,34.1,28.55,3.54,90.4,3,TAYSEER_DWH,2026-07-09 03:15:00
2025-10-01,Al-Baha,Business & Licensing,Call Center,3182,2050,52.4,28.5,28.64,3.67,90.7,4,TAYSEER_DWH,2026-07-09 03:15:00
2025-10-01,Northern Borders,Municipal Services,Call Center,2554,1623,62.0,22.0,25.55,3.77,89.6,2,REGIONAL_UPLOAD,2026-07-09 03:15:00
2025-07-01,Makkah,Justice & Notary,Branch,44312,34967,58.9,114.2,64.94,3.13,83.1,66,TAYSEER_DWH,2026-07-09 03:15:00
2026-05-01,Jazan,Traffic & Transport,Call Center,17001,10933,51.9,17.8,24.99,3.54,88.0,16,TAYSEER_DWH,2026-07-09 03:15:00
2026-03-01,Tabuk,Municipal Services,Call Center,6423,4056,63.8,21.0,24.68,3.49,91.2,7,TAYSEER_DWH,2026-07-09 03:15:00
2026-05-01,Najran,Municipal Services,WEB,3388,1664,51.0,12.1,7.43,3.95,96.9,3,TAYSEER_DWH,2026-07-09 03:15:00
2025-08-01,Riyadh ,Health Services,Mobile App,187026,69879,67.2,5.2,4.51,4.81,99.5,7,TAYSEER_DWH,2026-07-09 03:15:00
2025-11-01,Najran,Identity & Civil Affairs,Call Center,7986,5212,51.8,19.1,21.88,3.75,91.8,6,CHANNEL_API,2026-07-09 03:15:00
Feb-2026,Al-Jouf,Justice & Notary,Mobile App,4530,1776,59.9,11.1,5.48,4.32,,2,TAYSEER_DWH,2026-07-09 03:15:00
01-01-2026,Asir,Traffic & Transport,Mobile App,45926,17489,60.1,5.4,4.36,-,98.0,23,TAYSEER_DWH,2026-07-09 03:15:00
2026-03-01,Northern Borders,Municipal Services,Mobile App,7457,2712,62.6,0.0,-23.32,4.47,97.3,2,REGIONAL_UPLOAD,2026-07-09 03:15:00
2025/11/01,Al-Baha,Municipal Services,Mobile App,7062,2658,53.4,7.8,5.24,4.38,98.9,3,TAYSEER_DWH,2026-07-09 03:15:00
2025-10-01,tabuk,Business & Licensing,Branch,"6,776",5415,63.0,48.2,66.72,3.2,87.2,4,TAYSEER_DWH,2026-07-09 03:15:00
2025-09-01,Eastern Province,Traffic & Transport,Call Center,34663,22246,67.4,15.3,16.65,-,91.8,26,TAYSEER_DWH,2026-07-09 03:15:00
12-01-2025,Tabuk,Justice & Notary,Mobile App,9974,3874,63.5,12.5,5.38,4.08,97.6,10,TAYSEER_DWH,2026-07-09 03:15:00
2026-03-01,منطقة المدينة المنورة,Labour & HR Services,Web Portal,13767,7097,62.0,10.0,6.76,4.35,98.3,5,TAYSEER_DWH,2026-07-09 03:15:00
2026-02-01,QASSIM,Social Support & Subsidies,Mobile App,17079,6197,65.1,6.8,3.89,4.42,99.5,6,TAYSEER_DWH,2026-07-09 03:15:00
2026-02-01,Madinah,Labour & HR Services,Call Center,11223,7181,61.9,18.8,20.97,3.97,90.4,10,TAYSEER_DWH,2026-07-09 03:15:00
2026/05/01,Madinah,Labour & HR Services,Call Center,18727,11703,62.1,19.2,21.43,3.83,85.5,18,TAYSEER_DWH,2026-07-09 03:15:00
2025-09-01,Al-Baha,Labour & HR Services,Web Portal,2937,1531,56.7,11.1,7.1,4.03,98.7,2,TAYSEER_DWH,2026-07-09 03:15:00
2025-11-01,Makkah,Justice & Notary,Call Center,31497,21228,60.2,35.8,28.37,3.51,88.3,26,CHANNEL_API,2026-07-09 03:15:00
2026-04-01,Najran,Traffic & Transport,Branch,8026,6455,54.9,26.7,48.38,null,89.0,9,REGIONAL_UPLOAD,2026-07-09 03:15:00
Oct-2025,Al-Baha,Labour & HR Services,Web Portal,3052,1659,56.5,10.8,7.06,4.17,99.0,1,TAYSEER_DWH,2026-07-09 03:15:00
2026-03-01,Tabuk,Health Services,Call Center,8458,5292,64.9,18.6,25.52,3.79,92.5,8,TAYSEER_DWH,2026-07-09 03:15:00
2026-03-01,Makkah,Labour & HR Services,Branch Office,64338,50077,62.0,31.4,46.08,3.37,89.7,97,TAYSEER_DWH,2026-07-09 03:15:00
2025-07-01,Makkah,Justice & Notary,Web Portal,31454,15724,58.9%,16.9,8.61,3.94,96.0,16,REGIONAL_UPLOAD,2026-07-09 03:15:00
03-01-2026,Tabuk,Justice & Notary,Web Portal,4099,2151,64.1,19.0,8.89,3.87,95.8,4,TAYSEER_DWH,2026-07-09 03:15:00
2026-04-01,Qassim,Business & Licensing,Mobile App,21771,8064,65.0,9.9,4.87,4.19,97.9,17,REGIONAL_UPLOAD,2026-07-09 03:15:00
2026-03-01,Najran,Health Services,Web Portal,4815,2309,51.3,9.4,7.48,4.27,96.7,2,TAYSEER_DWH,2026-07-09 03:15:00
2025-11-01,Eastern Province,Identity & Civil Affairs,Web Portal,55671,29213,65.7,9.3,6.29,4.42,98.1,20,TAYSEER_DWH,2026-07-09 03:15:00
2025-10-01,Hail,Traffic & Transport,Mobile App,"16,071",6195,62.5,5.2,3.9,4.5,99.2,5,TAYSEER_DWH,2026-07-09 03:15:00
Dec-2025,Qassim,Justice & Notary,branch,6526,4860,62.9,46.4,66.12,3.3,91.4,9,TAYSEER_DWH,2026-07-09 03:15:00
2026-06-01,Makkah,Business & Licensing,Web Portal,44688,23775,60.8,16.1,-23.77,4.02,99.5,30,CHANNEL_API,2026-07-09 03:15:00
Apr-2026,Eastern Province,Labour & HR Services,Web Portal,36385,18280,66.8,8.8,6.7,4.28,99.0,19,TAYSEER_DWH,2026-07-09 03:15:00
2025-08-01,Makkah,Municipal Services,Call Center,56989,36958,59.7,21.7,25.29,3.51,94.7,41,TAYSEER_DWH,2026-07-09 03:15:00
2025-10-01,Qassim,Business & Licensing,Branch,10062,8249,63.3,41.5,57.62,3.28,86.2,12,TAYSEER_DWH,2026-07-09 03:15:00
2026-05-01,Tabuk,Municipal Services,Branch,8010,6549,63.6,32.7,57.41,3.33,90.2,10,TAYSEER_DWH,2026-07-09 03:15:00
2025-07-01,Hail,Health Services,Call Center,5158,3123,64.4%,16.8,21.92,4.13,89.4,3,TAYSEER_DWH,2026-07-09 03:15:00
2025-12-01,Al-Jouf,Social Support & Subsidies,Web Portal,2907,1489,62.2,10.8,7.14,4.2,99.5,2,TAYSEER_DWH,2026-07-09 03:15:00
2026-03-01,Qassim,Business & Licensing,Mobile App,22156,8274,64.9,9.0,4.91,4.08,95.3,14,TAYSEER_DWH,2026-07-09 03:15:00
2025-11-01,Hail,Social Support & Subsidies,Branch,4457,3745,61.9,34.3,49.2,3.6,90.6,6,TAYSEER_DWH,2026-07-09 03:15:00
2025-08-01,Northern Borders,Traffic & Transport,Call Center,2941,1905,61.1,17.1,24.36,3.77,92.2,3,TAYSEER_DWH,2026-07-09 03:15:00
2025-09-01,Riyadh,Social Support & Subsidies,Web Portal,"52,578",28040,66.4,10.4,5.65,4.4,99.3,22,TAYSEER_DWH,2026-07-09 03:15:00
2026-06-01,N. Borders,Traffic & Transport,Web Portal,3145,1581,61.7,8.1,6.42,4.25,99.5,2,TAYSEER_DWH,2026-07-09 03:15:00
2026-06-01,Jazan,Municipal Services,Web Portal,8787,4599,49.7,12.3,8.22,3.74,97.4,8,REGIONAL_UPLOAD,2026-07-09 03:15:00
2025-08-01,Tabuk,Labour & HR Services,Call Center,4796,3170,65.8,18.5,22.04,3.57,93.7,6,TAYSEER_DWH,2026-07-09 03:15:00
2026-04-01,Tabuk,Social Support & Subsidies,Mobile App,13531,5411,63.5,7.4,4.59,4.2,96.6,8,TAYSEER_DWH,2026-07-09 03:15:00
2026-05-01,Najran,Identity & Civil Affairs,Branch,9851,7931,51.7,29.1,49.55,,91.3,12,TAYSEER_DWH,2026-07-09 03:15:00
2026-02-01,Makkah,Labour & HR Services,Branch,48227,38456,61.8,26.7,51.2,3.5,89.8,67,CHANNEL_API,2026-07-09 03:15:00
2025-10-01,Hail,Municipal Services,BRANCH,6174,5239,63.7,31.5,54.07,3.51,88.3,6,TAYSEER_DWH,2026-07-09 03:15:00
2026-03-01,Najran,Municipal Services,Branch,6634,5408,51.1,36.2,55.53,3.41,94.3,8,TAYSEER_DWH,2026-07-09 03:15:00
2025-08-01,Qassim,Identity & Civil Affairs,Web Portal,16336,8350,65.8,9.9,5.78,4.11,99.5,13,REGIONAL_UPLOAD,2026-07-09 03:15:00
01/12/2025,Eastern Province,Justice & Notary,Branch,21588,18052,65.1,42.9,57.17,3.46,91.9,25,CHANNEL_API,2026-07-09 03:15:00
2026-03-01,Hail,Labour & HR Services,Call Center,"4,008",2650,65.3,17.1,23.33,3.84,88.3,3,TAYSEER_DWH,2026-07-09 03:15:00
2026-04-01,Riyadh,Justice & Notary,Branch,39256,32261,64.6,42.3,63.0,3.61,93.2,43,TAYSEER_DWH,2026-07-09 03:15:00
07-01-2025,Qassim,Business & Licensing,Branch,"9,691",8032,63.3,43.0,57.39,3.17,87.7,18,TAYSEER_DWH,2026-07-09 03:15:00
2025/09/01,Al-Baha,Education & Training,Call Center,5356,3421,55.9,14.2,20.25,3.85,89.6,4,TAYSEER_DWH,2026-07-09 03:15:00
2025-07-01,منطقة مكة المكرمة,Business & Licensing,Call Center,47365,30917,59.2,28.8,27.26,3.48,90.7,49,CHANNEL_API,2026-07-09 03:15:00
2025-11-01,Al-Baha,Labour & HR Services,Branch,4465,3723,56.8,32.5,52.82,3.5,91.6,5,REGIONAL_UPLOAD,2026-07-09 03:15:00
2026-03-01,Northern Borders,Labour & HR Services,Mobile App,6546,2399,61.2,7.1,4.59,4.59,99.5,2,TAYSEER_DWH,2026-07-09 03:15:00
2025-08-01,Al-Baha,Business & Licensing,BRANCH,3920,3217,52.3,128.0,62.01,3.16,82.4,7,TAYSEER_DWH,2026-07-09 03:15:00
2026-02-01,Najran,Identity & Civil Affairs,Call Center,"6,628",4238,51.3%,19.9,23.11,3.86,91.9,5,TAYSEER_DWH,2026-07-09 03:15:00
2026-04-01,Northern Border,Education & Training,Branch,3202,2629,63.3,23.9,48.73,3.88,91.4,2,TAYSEER_DWH,2026-07-09 03:15:00
2025-11-01,Najran,Municipal Services,Call Center,5069,3326,51.4,21.8,26.57,3.71,88.8,5,REGIONAL_UPLOAD,2026-07-09 03:15:00
2026-02-01,منطقة المدينة المنورة,Business & Licensing,Call Center,10921,6874,120.7,31.6,28.68,3.86,90.2,12,TAYSEER_DWH,2026-07-09 03:15:00
2025-10-01,Asir,Identity & Civil Affairs,Mobile App,57935,22069,61.6,7.1,4.95,4.42,95.3,13,TAYSEER_DWH,2026-07-09 03:15:00
2026-02-01,Najran,Health Services,Web Portal,4888,2454,51.6,9.2,7.18,4.27,99.5,2,TAYSEER_DWH,2026-07-09 03:15:00
2025-09-01,Jazan,Business & Licensing,Branch,15765,12799,48.0,118.4,68.84,3.01,88.0,18,REGIONAL_UPLOAD,2026-07-09 03:15:00
Mar-2026,Najran,Justice & Notary,Branch,3840,3069,50.7,120.0,68.83,3.3,81.4,6,TAYSEER_DWH,2026-07-09 03:15:00
2025-11-01,Al-Baha,Municipal Services,Web Portal,3008,1474,53.4,12.2,n/a,4.09,96.7,2,REGIONAL_UPLOAD,2026-07-09 03:15:00
2026-02-01,Qassim,Education & Training,Call Center,6829,4401,67.1,14.3,18.42,3.68,88.5,9,TAYSEER_DWH,2026-07-09 03:15:00
01/01/2026,Najran,Municipal Services,Mobile App,8875,3707,51.5,8.2,4.66,4.16,97.7,5,TAYSEER_DWH,2026-07-09 03:15:00
2025/07/01,Riyadh,Health Services,Web Portal,93984,46655,67.5,8.0,6.61,4.55,99.5,23,REGIONAL_UPLOAD,2026-07-09 03:15:00
2026-06-01,Najran,Labour & HR Services,Mobile App,8532,3231,51.6,6.8,3.91,4.4,98.6,4,TAYSEER_DWH,2026-07-09 03:15:00
2025-10-01,Tabuk,Business & Licensing,Mobile App,14963,5895,63.0,9.5,5.11,4.08,97.5,8,TAYSEER_DWH,2026-07-09 03:15:00
2025-10-01,Tabuk,Health Services,Branch,11382,10124,63.6,30.8,49.43,3.35,90.1,16,TAYSEER_DWH,2026-07-09 03:15:00
2025-11-01,Riyadh,Education & Training,Branch,62207,51250,68.7%,18.7,41.94,3.82,91.3,60,TAYSEER_DWH,2026-07-09 03:15:00
2025-10-01,Jazan,Traffic & Transport,Branch,22093,17799,52.1%,26.2,54.76,3.15,88.7,28,TAYSEER_DWH,2026-07-09 03:15:00
2026-02-01,Al Qassim,Identity & Civil Affairs,Mobile App,36160,14105,67.1,6.7,4.06,4.25,98.2,15,TAYSEER_DWH,2026-07-09 03:15:00
2025-09-01,Makkah,Business & Licensing,Call Center,"46,451",29056,59.9,28.0,29.38,3.52,90.9,63,REGIONAL_UPLOAD,2026-07-09 03:15:00
2025/07/01,Northern Borders,Labour & HR Services,Call Center,1959,1277,60.8,18.5,26.11,3.94,90.9,2,TAYSEER_DWH,2026-07-09 03:15:00
2025-11-01,Eastern Province,Health Services,Branch,"50,498",42480,66.6,26.0,48.19,3.87,91.4,42,TAYSEER_DWH,2026-07-09 03:15:00
2025-10-01,Hail,Municipal Services,Call Center,4611,2904,63.7,21.0,24.08,null,91.4,4,CHANNEL_API,2026-07-09 03:15:00
2025/09/01,Al-Jouf,Labour & HR Services,Web Portal,3848,1957,60.2,10.3,7.46,4.1,97.1,3,TAYSEER_DWH,2026-07-09 03:15:00
2026-06-01,Riyadh,Education & Training,Web Portal,66237,34436,69.1,6.6,4.66,4.36,99.5,31,CHANNEL_API,2026-07-09 03:15:00
2026-04-01,Northern Borders,Business & Licensing,Mobile App,5288,2025,60.3,10.8,5.14,4.42,99.5,3,TAYSEER_DWH,2026-07-09 03:15:00
2026/05/01,Asir,Social Support & Subsidies,Mobile App,28288,10649,57.1,5.9,3.91,4.42,96.7,9,CHANNEL_API,2026-07-09 03:15:00
2026-03-01,Jazan,Justice & Notary,Branch,11104,9234,45.8,147.4,76.97,3.07,82.5,13,TAYSEER_DWH,2026-07-09 03:15:00
2025-11-01,Hail,Justice & Notary,Mobile App,6388,2415,59.2,11.4,5.35,4.45,99.2,2,REGIONAL_UPLOAD,2026-07-09 03:15:00
2025-11-01,Makkah,Education & Training,Branch,66139,-,63.5,21.7,45.81,3.49,92.4,65,TAYSEER_DWH,2026-07-09 03:15:00
2026-01-01,Riyadh,Justice & Notary,Web Portal,33763,16004,64.4%,14.8,7.75,4.12,96.1,18,TAYSEER_DWH,2026-07-09 03:15:00
2025-11-01,Al-Baha,Labour & HR Services,Mobile App,6609,2582,56.8,7.0,4.31,4.36,99.5,3,REGIONAL_UPLOAD,2026-07-09 03:15:00
01/06/2026,Najran,Education & Training,Call Center,5201,3403,55.3,14.6,18.97,3.93,91.2,4,TAYSEER_DWH,2026-07-09 03:15:00
2025-09-01,Riyadh,Labour & HR Services,Web Portal,68242,34970,68.7%,9.1,5.89,4.29,97.4,27,TAYSEER_DWH,2026-07-09 03:15:00
2025/09/01,Eastern Province,Justice & Notary,Web Portal,21711,11270,64.8,15.2,7.57,4.16,98.3,13,CHANNEL_API,2026-07-09 03:15:00
2026-06-01,Tabuk,Municipal Services,Call Center,6591,4257,63.9,22.0,24.29,3.47,88.5,8,TAYSEER_DWH,2026-07-09 03:15:00
2026-02-01,Al-Baha,Identity & Civil Affairs,Branch,5138,4133,56.0,37.1,55.45,3.63,89.8,6,CHANNEL_API,2026-07-09 03:15:00
2026-03-01,Jazan,Municipal Services,Call Center,14550,9775,49.4,19.2,26.85,null,87.7,20,TAYSEER_DWH,2026-07-09 03:15:00
2026-06-01,Najran,Labour & HR Services,Web Portal,3268,1686,51.6,9.9,7.08,4.25,98.5,2,REGIONAL_UPLOAD,2026-07-09 03:15:00
2025-12-01,Al-Jouf,Health Services,Call Center,5906,3865,61.7%,16.2,23.26,4.04,88.8,3,TAYSEER_DWH,2026-07-09 03:15:00
2025-07-01,Asir,Labour & HR Services,Web Portal,12632,6735,59.0,9.4,7.34,4.05,99.5,9,TAYSEER_DWH,2026-07-09 03:15:00
2025-10-01,najran,Labour & HR Services,Call Center,4608,2805,50.8,20.8,21.75,3.61,91.8,5,TAYSEER_DWH,2026-07-09 03:15:00
2025-11-01,Najran,Labour & HR Services,Mobile App,7896,3045,51.1%,6.1,4.24,4.34,95.1,3,REGIONAL_UPLOAD,2026-07-09 03:15:00
2026-04-01,Jazan,Social Support & Subsidies,Branch,13046,10760,49.2,30.9,58.99,3.38,89.9,15,TAYSEER_DWH,2026-07-09 03:15:00
2026-03-01,Tabuk,Municipal Services,Branch,8082,6532,63.8,35.7,55.76,3.23,89.6,9,TAYSEER_DWH,2026-07-09 03:15:00
2025-10-01,Qassim,Health Services,Branch,14819,11944,66.4,23.8,50.87,3.52,90.1,18,TAYSEER_DWH,2026-07-09 03:15:00
2026-01-01,Eastern Province,Health Services,Web Portal,58301,30935,66.1,7.6,6.4,4.59,98.3,12,TAYSEER_DWH,2026-07-09 03:15:00
2025-08-01,Tabuk,Identity & Civil Affairs,Call Center,8885,5538,62.9,19.1,22.73,3.6,88.8,14,REGIONAL_UPLOAD,2026-07-09 03:15:00
2025-09-01,Hail,Traffic & Transport,Branch,7425,6007,62.3,22.8,45.6,3.52,89.1,8,TAYSEER_DWH,2026-07-09 03:15:00
2025-12-01,Najran,Justice & Notary,Web Portal,2075,994,51.0,17.8,9.69,3.98,99.5,2,REGIONAL_UPLOAD,2026-07-09 03:15:00
2026-05-01,Madinah,Social Support & Subsidies,Call Center,14586,9862,61.0,20.6,19.83,4.13,87.7,8,REGIONAL_UPLOAD,2026-07-09 05:40:00
02-01-2026,Najran,Municipal Services,Web Portal,"3,273",1652,51.2%,11.4,8.04,4.0,98.4,3,TAYSEER_DWH,2026-07-09 03:15:00
2026-05-01,Eastern Province,Traffic & Transport,Web Portal,46799,25050,68.1,7.6,5.83,4.13,97.5,32,TAYSEER_DWH,2026-07-09 03:15:00
2026-04-01,Riyadh,Justice & Notary,Call Center,29936,18857,64.6,27.4,24.57,3.94,90.1,30,TAYSEER_DWH,2026-07-09 03:15:00
2025-09-01,Riyadh ,Identity & Civil Affairs,Call Center,68933,45867,66.7,16.8,20.62,4.0,92.9,57,REGIONAL_UPLOAD,2026-07-09 03:15:00
2026-06-01,Riyadh,Business & Licensing,Web Portal,45701,23839,64.6,12.5,NULL,4.27,97.0,17,CHANNEL_API,2026-07-09 03:15:00
01/11/2025,Northern Borders,Business & Licensing,Branch,2756,2311,59.9,46.7,70.01,3.59,90.5,4,TAYSEER_DWH,2026-07-09 03:15:00
2026-03-01,Tabuk,Identity & Civil Affairs,Branch Office,11439,9227,64.4,27.0,55.32,3.41,93.1,18,TAYSEER_DWH,2026-07-09 03:15:00
2026-02-01,Riyadh,Justice & Notary,Branch,28039,23609,64.3,41.7,54.59,3.54,88.5,23,REGIONAL_UPLOAD,2026-07-09 03:15:00
2025-12-01,Riyadh ,Health Services,Branch,89941,72770,68.4,22.4,n/a,3.89,91.4,62,TAYSEER_DWH,2026-07-09 03:15:00
2025-08-01,Qassim,Business & Licensing,Mobile App,19162,7290,63.9,10.1,5.07,4.04,99.5,13,REGIONAL_UPLOAD,2026-07-09 03:15:00
03-01-2026,Riyadh,Health Services,Mobile App,259961,105603,68.9,5.1,4.15,4.74,98.9,18,REGIONAL_UPLOAD,2026-07-09 03:15:00
01/02/2026,Riyadh,Labour & HR Services,Call Center,35041,21933,69.3,15.5,20.28,3.95,89.6,23,TAYSEER_DWH,2026-07-09 03:15:00
2026-01-01,Hail,Municipal Services,Mobile App,14091,5370,65.0,6.8,4.74,null,99.5,5,CHANNEL_API,2026-07-09 03:15:00
2025-12-01,Al-Jouf,Social Support & Subsidies,Mobile App,6922,2772,62.2,7.3,4.49,4.43,99.5,2,TAYSEER_DWH,2026-07-09 03:15:00
2026-05-01,Al-Jouf,Education & Training,Mobile App,9939,3874,63.0,5.2,3.75,4.6,99.3,2,CHANNEL_API,2026-07-09 03:15:00
11-01-2025,Jazan,Identity & Civil Affairs,Web Portal,13487,7031,48.8%,11.5,NULL,4.09,99.5,7,TAYSEER_DWH,2026-07-09 03:15:00
2025-07-01,Jazan,Traffic & Transport,Mobile App,27921,10968,51.5%,5.7,5.02,4.14,99.2,24,TAYSEER_DWH,2026-07-09 03:15:00
2026-06-01,Riyadh,Education & Training,Mobile App,174893,66195,69.1,5.1,3.32,4.8,97.8,7,TAYSEER_DWH,2026-07-09 03:15:00
2025-09-01,المنطقة الشرقية,Labour & HR Services,Mobile App,75359,29379,65.6,6.0,3.82,4.57,97.5,20,TAYSEER_DWH,2026-07-09 03:15:00
2026-02-01,Makkah,Justice & Notary,Mobile App,66176,25901,60.2,11.7,5.16,4.31,96.4,28,TAYSEER_DWH,2026-07-09 03:15:00
2026-05-01,Riyadh,Municipal Services,Mobile App,162346,60878,66.3,6.9,4.15,4.55,99.5,35,TAYSEER_DWH,2026-07-09 03:15:00
2026-05-01,Jazan,Labour & HR Services,Mobile App,"20,153",7713,48.5,7.3,4.56,4.28,99.4,12,TAYSEER_DWH,2026-07-09 03:15:00
2025-12-01,Jazan,Social Support & Subsidies,Branch,13585,11423,49.1%,34.7,56.47,3.25,90.3,23,REGIONAL_UPLOAD,2026-07-09 03:15:00
2026-06-01,Asir,Municipal Services,Mobile App,39433,14621,61.7,7.8,4.47,4.38,99.5,17,TAYSEER_DWH,2026-07-09 03:15:00
2026-05-01,Madinah,Social Support & Subsidies,WEB,13795,7295,61.0,11.4,6.6,null,99.5,4,TAYSEER_DWH,2026-07-09 03:15:00
2025-12-01,Jazan,Traffic & Transport,Call Center,22268,14725,51.6,19.3,24.09,3.52,90.1,31,TAYSEER_DWH,2026-07-09 03:15:00
2025-12-01,Tabuk,Identity & Civil Affairs,Branch,11164,9564,63.9,31.2,,3.47,88.0,12,TAYSEER_DWH,2026-07-09 03:15:00
2026-01-01,Jazan,Traffic & Transport,Web Portal,12471,6250,51.3,10.1,7.12,,96.3,9,TAYSEER_DWH,2026-07-09 03:15:00
2025-07-01,Hail,Labour & HR Services,Call Center,3644,2398,63.7,19.9,21.42,3.83,87.3,3,TAYSEER_DWH,2026-07-09 03:15:00
2025-07-01,Jazan,Labour & HR Services,Call Center,11258,7127,47.5,18.6,25.52,3.52,90.5,13,CHANNEL_API,2026-07-09 03:15:00
2026-02-01,Asir,Business & Licensing,Mobile App,25294,9608,59.0,10.5,5.73,4.29,97.9,13,TAYSEER_DWH,2026-07-09 03:15:00
2026-04-01,Eastern Province,Identity & Civil Affairs,Mobile App,135597,51947,65.5,6.0,4.15,4.59,99.0,34,TAYSEER_DWH,2026-07-09 03:15:00
2025-09-01,Al-Jouf,Identity & Civil Affairs,Call Center,4523,2966,62.9,16.6,19.16,,91.0,3,TAYSEER_DWH,2026-07-09 03:15:00
2025-12-01,منطقة القصيم,Identity & Civil Affairs,Call Center,11742,8167,66.5,19.9,21.39,3.68,89.7,7,TAYSEER_DWH,2026-07-09 03:15:00
01/11/2025,Eastern Province,Health Services,Web Portal,53115,NA,66.6,8.4,7.0,4.54,97.2,17,TAYSEER_DWH,2026-07-09 03:15:00
2025-08-01,northern borders,Education & Training,Mobile App,9554,3856,62.5,5.2,4.14,4.83,94.5,0,REGIONAL_UPLOAD,2026-07-09 03:15:00
2026-06-01,منطقة جازان,Education & Training,Call Center,14861,9340,50.7,15.9,20.73,3.76,91.5,14,REGIONAL_UPLOAD,2026-07-09 03:15:00
2026-06-01,Madinah,Social Support & Subsidies,Branch,13562,11651,61.1,36.5,54.48,3.88,90.6,12,CHANNEL_API,2026-07-09 03:15:00
2026-02-01,Jazan,Identity & Civil Affairs,Call Center,17777,11049,49.1,21.4,23.9,,90.3,18,REGIONAL_UPLOAD,2026-07-09 03:15:00
2025-10-01,Riyadh,Justice & Notary,Web Portal,35700,19487,63.2,14.0,7.65,4.09,97.4,24,TAYSEER_DWH,2026-07-09 03:15:00
2025-10-01,Madinah,Municipal Services,Branch,20012,16894,59.0,32.9,,3.65,90.3,18,TAYSEER_DWH,2026-07-09 03:15:00
2025-09-01,northern borders,Labour & HR Services,Branch,3043,2583,61.1,28.9,52.84,3.67,89.1,3,TAYSEER_DWH,2026-07-09 03:15:00
2025-09-01,Tabuk,Social Support & Subsidies,Web Portal,5649,2932,62.9,10.6,7.59,4.02,99.4,5,REGIONAL_UPLOAD,2026-07-09 03:15:00
2025-12-01,Northern Borders,Education & Training,Web Portal,2726,1413,62.7,7.8,6.78,4.53,99.5,1,TAYSEER_DWH,2026-07-09 03:15:00
2025-11-01,Hail,Labour & HR Services,Web Portal,5340,2767,64.6,9.1,6.48,4.29,97.6,2,CHANNEL_API,2026-07-09 03:15:00
01/07/2025,Al-Jouf,Identity & Civil Affairs,Branch,6285,5370,62.4,34.5,54.4,3.55,91.4,7,TAYSEER_DWH,2026-07-09 03:15:00
2025-09-01,منطقة نجران,Social Support & Subsidies,Mobile App,"6,492",2411,51.9,8.2,4.0,4.49,99.5,2,REGIONAL_UPLOAD,2026-07-09 03:15:00
2026/06/01,Hail,Traffic & Transport,Web Portal,6388,3301,64.1,8.3,6.2,4.22,96.3,4,TAYSEER_DWH,2026-07-09 03:15:00
2025-11-01,Riyadh,Social Support & Subsidies,Web Portal,49957,25060,66.7,10.0,6.18,4.38,99.5,22,REGIONAL_UPLOAD,2026-07-09 03:15:00
2026-01-01,Tabuk,Labour & HR Services,Web Portal,7101,3443,66.6,10.2,7.04,3.94,98.6,6,TAYSEER_DWH,2026-07-09 03:15:00
2025-07-01,Qassim,Education & Training,Mobile App,27593,11349,66.2,4.5,3.35,4.31,99.5,16,TAYSEER_DWH,2026-07-09 03:15:00
2025-11-01,Najran,Business & Licensing,Mobile App,7620,2877,50.9,12.1,5.3,4.29,99.4,4,TAYSEER_DWH,2026-07-09 03:15:00
2026-05-01,Al-Baha,Identity & Civil Affairs,Web Portal,4123,2130,56.0,10.2,7.11,4.33,98.6,2,REGIONAL_UPLOAD,2026-07-09 03:15:00
2025-09-01,Tabuk,Health Services,Mobile App,23769,8951,63.3,6.2,4.43,,95.3,7,TAYSEER_DWH,2026-07-09 03:15:00
2026-01-01,albaha,Traffic & Transport,Web Portal,4000,2019,56.1,9.2,6.87,4.07,98.6,3,REGIONAL_UPLOAD,2026-07-09 03:15:00
2026-01-01,Eastern Province,Social Support & Subsidies,Branch,"29,564",24636,65.5,28.2,47.53,3.61,89.3,39,TAYSEER_DWH,2026-07-09 03:15:00
2026-01-01,Northern Borders,Identity & Civil Affairs,Branch,4365,3593,62.5,27.5,53.34,3.84,90.3,4,TAYSEER_DWH,2026-07-09 03:15:00
2026-03-01,Eastern Province,Labour & HR Services,Mobile App,92253,36024,66.4,6.2,3.78,4.52,99.1,27,TAYSEER_DWH,2026-07-09 03:15:00
2026-01-01,Qassim,Identity & Civil Affairs,Portal,15460,7785,66.8,9.2,6.25,4.2,95.5,9,TAYSEER_DWH,2026-07-09 03:15:00
2026-05-01,Riyadh,Business & Licensing,Branch,55137,46641,65.1,44.5,56.99,3.56,89.4,49,TAYSEER_DWH,2026-07-09 03:15:00
01/06/2026,Al-Baha,Municipal Services,Web Portal,2895,1480,54.1,12.5,6.95,4.03,98.4,2,TAYSEER_DWH,2026-07-09 03:15:00
2025-10-01,albaha,Municipal Services,Web Portal,2955,1552,54.0,13.2,7.36,4.06,97.6,2,CHANNEL_API,2026-07-09 03:15:00
2025-12-01,Riyadh,Municipal Services,Web Portal,67702,34903,65.3%,9.9,7.25,4.29,95.9,28,REGIONAL_UPLOAD,2026-07-09 03:15:00
2025-10-01,NAJRAN,Education & Training,Web Portal,4140,2146,55.1,9.2,6.3,4.33,97.8,2,TAYSEER_DWH,2026-07-09 03:15:00
2026-06-01,منطقة الحدود الشمالية,Social Support & Subsidies,Mobile App,5210,-,60.1,7.3,4.72,4.65,97.3,1,REGIONAL_UPLOAD,2026-07-09 03:15:00
2026-04-01,Qassim,Business & Licensing,Branch,8389,6641,65.0,35.9,58.15,3.15,90.4,13,TAYSEER_DWH,2026-07-09 03:15:00
01/01/2026,Northern Borders,Health Services,web portal,3740,1833,60.7,9.5,8.18,,96.1,1,TAYSEER_DWH,2026-07-09 03:15:00
2026-01-01,Jazan,Identity & Civil Affairs,Call Center,19521,12678,48.9,20.4,22.16,3.66,93.7,19,CHANNEL_API,2026-07-09 03:15:00
2026-01-01,Asir,Social Support & Subsidies,Mobile App,25240,9780,56.7,6.8,4.91,4.47,99.5,8,TAYSEER_DWH,2026-07-09 03:15:00
2025-08-01,Al-Baha,Traffic & Transport,Web Portal,3711,1867,55.3,8.7,6.58,4.07,95.1,2,TAYSEER_DWH,2026-07-09 03:15:00
2025-10-01,Najran,Business & Licensing,Web Portal,3242,1676,51.5,14.0,n/a,4.01,97.2,1,TAYSEER_DWH,2026-07-09 03:15:00
2026-05-01,Al-Jouf,Traffic & Transport,Web Portal,4631,2382,65.3,7.6,6.36,4.23,99.5,3,TAYSEER_DWH,2026-07-09 03:15:00
2025-11-01,QASSIM,Education & Training,Branch,11950,9921,67.3,24.3,39.11,3.45,90.2,13,TAYSEER_DWH,2026-07-09 03:15:00
2026-04-01,Qassim,Traffic & Transport,Web Portal,13208,7190,65.9,7.6,5.69,4.05,94.7,11,TAYSEER_DWH,2026-07-09 03:15:00
2025-09-01,Al-Baha,Business & Licensing,Call Center,3106,2028,52.5,31.9,32.27,3.57,91.6,4,TAYSEER_DWH,2026-07-09 03:15:00
2026-01-01,Madinah,Municipal Services,Branch,19350,15881,60.4,37.6,56.03,3.74,90.7,12,CHANNEL_API,2026-07-09 03:15:00
2026-06-01,Tabuk,Health Services,Mobile App,25301,9803,65.0,5.2,4.65,N/A,98.2,9,REGIONAL_UPLOAD,2026-07-09 03:15:00
02-01-2026,Tabuk,Education & Training,Web Portal,6813,3418,67.5,8.5,6.24,4.0,96.8,4,TAYSEER_DWH,2026-07-09 03:15:00
2025-10-01,Makkah,Business & Licensing,Call Center,48875,30944,60.0,29.3,26.62,3.53,88.7,53,TAYSEER_DWH,2026-07-09 03:15:00
2026-04-01,Hail,Health Services,Branch,7753,6572,65.8,25.3,57.68,-,?,8,REGIONAL_UPLOAD,2026-07-09 03:15:00
2025-12-01,Al-Baha,Justice & Notary,Branch,2864,2338,51.1,173.2,68.39,3.3,80.2,5,TAYSEER_DWH,2026-07-09 03:15:00
Feb-2026,Asir,Traffic & Transport,branch,17336,14204,60.4,25.3,49.3,3.29,91.1,29,TAYSEER_DWH,2026-07-09 03:15:00
2025-09-01,Al-Jouf,Social Support & Subsidies,Mobile App,6872,2632,61.0,7.0,4.33,4.4,99.2,3,TAYSEER_DWH,2026-07-09 03:15:00
10-01-2025,Madinah,Municipal Services,Web Portal,15463,8073,59.0,10.9,7.13,4.38,97.1,8,TAYSEER_DWH,2026-07-09 03:15:00
2025-09-01,Al-Jouf,Education & Training,Mobile App,13366,5150,62.8,5.2,3.78,4.65,94.5,2,TAYSEER_DWH,2026-07-09 03:15:00
2026-05-01,Asir,Education & Training,Web Portal,"14,796",7562,62.1,7.3,6.19,4.24,99.4,9,TAYSEER_DWH,2026-07-09 03:15:00
12-01-2025,Northern Borders,Health Services,Call Center,3879,2543,60.7%,16.6,26.66,4.14,90.4,3,REGIONAL_UPLOAD,2026-07-09 03:15:00
2026/03/01,Tabuk,Municipal Services,Web Portal,7278,3713,63.8,12.5,7.31,3.92,95.0,6,CHANNEL_API,2026-07-09 03:15:00
2026-03-01,Eastern Province,Business & Licensing,Web Portal,30963,16235,66.0,14.4,7.72,4.0,99.5,21,TAYSEER_DWH,2026-07-09 03:15:00
2026-05-01,Tabuk,Traffic & Transport,Web Portal,8681,4273,63.9,8.8,6.2,3.89,97.3,7,TAYSEER_DWH,2026-07-09 03:15:00
2026-03-01,Asir,Education & Training,Web Portal,15829,8181,61.7,7.6,5.83,4.31,99.5,7,TAYSEER_DWH,2026-07-09 03:15:00
2026-05-01,Ha'il,Education & Training,Branch,"5,278",4078,66.9,23.0,43.72,3.7,90.1,5,TAYSEER_DWH,2026-07-09 03:15:00
2026-04-01,Northern Borders,Justice & Notary,Call Center,1462,977,59.4,30.3,34.22,3.8,88.2,2,TAYSEER_DWH,2026-07-09 03:15:00
2026-02-01,Al-Jouf,Health Services,Web Portal,4944,2432,62.2,8.3,6.86,4.43,98.3,2,REGIONAL_UPLOAD,2026-07-09 03:15:00
2025-12-01,منطقة الرياض,Justice & Notary,Mobile App,89016,34150,63.7,9.6,5.16,4.42,98.7,22,TAYSEER_DWH,2026-07-09 03:15:00
2025-08-01,Eastern Province,Business & Licensing,Branch,30937,25792,65.0,45.0,61.82,3.48,91.2,41,TAYSEER_DWH,2026-07-09 03:15:00
2026-02-01,Al-Jouf,Social Support & Subsidies,Mobile App,5468,2117,61.2,6.6,4.22,4.51,96.3,2,CHANNEL_API,2026-07-09 03:15:00
01/11/2025,Makkah,Justice & Notary,Branch,41614,35810,60.2,140.5,61.49,N/A,81.0,66,CHANNEL_API,2026-07-09 03:15:00
2025-08-01,Northern Borders,Municipal Services,Branch,2894,2362,62.1,34.4,57.01,3.63,90.6,3,REGIONAL_UPLOAD,2026-07-09 03:15:00
2026-05-01,Asir,Identity & Civil Affairs,Mobile App,61145,22907,62.2,6.4,4.62,4.5,94.3,23,TAYSEER_DWH,2026-07-09 03:15:00
Apr-2026,Madinah,Social Support & Subsidies,Web Portal,10085,5310,60.7,10.2,6.26,4.4,99.0,3,TAYSEER_DWH,2026-07-09 03:15:00
2026-01-01,Eastern Province,Business & Licensing,Call Center,22899,14942,65.5,27.3,23.75,3.93,90.6,12,CHANNEL_API,2026-07-09 03:15:00
2025-07-01,Eastern Prov.,Traffic & Transport,Mobile App,106029,41696,66.9,5.4,3.81,4.36,98.5,43,TAYSEER_DWH,2026-07-09 03:15:00
2025-11-01,Hail,Health Services,Branch,8121,6695,64.5,27.4,54.93,3.84,93.7,6,TAYSEER_DWH,2026-07-09 03:15:00
2025/11/01,Northern Borders,Identity & Civil Affairs,Mobile App,9036,3378,62.7,6.6,4.67,4.58,99.0,2,TAYSEER_DWH,2026-07-09 03:15:00
2025-07-01,Northern Borders,Health Services,Call Center,3354,2256,60.3,17.3,25.34,4.07,89.0,2,TAYSEER_DWH,2026-07-09 03:15:00
2025-08-01,Qassim,Traffic & Transport,Call Center,10168,6336,64.6,14.5,20.89,3.6,93.4,11,TAYSEER_DWH,2026-07-09 03:15:00
2026-02-01,Tabuk,Business & Licensing,Mobile App,12945,4968,64.0,11.3,4.75,4.07,99.5,9,TAYSEER_DWH,2026-07-09 03:15:00
2026-02-01,Asir,Education & Training,Mobile App,35308,13492,61.7,4.7,4.22,4.53,96.7,8,TAYSEER_DWH,2026-07-09 03:15:00
2025-08-01,Asir,Social Support & Subsidies,Mobile App,20459,7372,56.5,7.3,4.87,4.44,97.5,7,REGIONAL_UPLOAD,2026-07-09 03:15:00
2026-04-01,Jazan,Social Support & Subsidies,Web Portal,6465,3305,49.2,11.6,7.62,3.91,99.2,5,REGIONAL_UPLOAD,2026-07-09 03:15:00
2025/10/01,Riyadh,Identity & Civil Affairs,Mobile App,230162,94168,66.9,5.9,3.87,4.69,99.5,30,CHANNEL_API,2026-07-09 03:15:00
2025-09-01,Madinah,Social Support & Subsidies, Branch,14692,11834,59.5,35.2,n/a,3.78,90.0,13,TAYSEER_DWH,2026-07-09 03:15:00
2025-12-01,Makkah,Traffic & Transport,Web  Portal,101922,52493,62.2,8.0,NULL,4.0,99.5,81,TAYSEER_DWH,2026-07-09 03:15:00
09-01-2025,Tabuk,Traffic & Transport,Call Center,8126,5254,62.8%,16.4,21.99,3.53,89.0,8,TAYSEER_DWH,2026-07-09 03:15:00
2025-10-01,Hail,Social Support & Subsidies,Mobile App,9814,3710,61.6,6.1,4.02,4.72,96.4,1,REGIONAL_UPLOAD,2026-07-09 03:15:00
2026-01-01,Asir,Municipal Services,Call Center,15700,10412,61.3,18.0,25.88,3.65,85.9,12,TAYSEER_DWH,2026-07-09 03:15:00
2026-02-01,Najran,Justice & Notary,Call Center,"2,505",1668,50.1,34.7,26.81,3.61,93.2,3,TAYSEER_DWH,2026-07-09 03:15:00
2025-08-01,Tabuk,Municipal Services,Call Center,5668,3659,62.8,23.1,23.29,3.37,92.2,6,TAYSEER_DWH,2026-07-09 03:15:00
2025-09-01,Al-Baha,Identity & Civil Affairs,Web Portal,4706,2458,55.7,12.2,7.12,4.28,98.2,2,TAYSEER_DWH,2026-07-09 03:15:00
2026-06-01,Makkah,Social Support & Subsidies,Call Center,48032,30822,60.9%,16.8,20.51,3.78,89.5,45,TAYSEER_DWH,2026-07-09 03:15:00
2026/02/01,Qassim,Education & Training,Web Portal,"9,812",4787,67.1,6.9,5.74,4.16,99.5,5,TAYSEER_DWH,2026-07-09 03:15:00
2025-08-01,Najran,Social Support & Subsidies,Web Portal,2775,1399,52.0,11.6,7.06,4.14,99.0,2,TAYSEER_DWH,2026-07-09 03:15:00
2026-05-01,AL-JOUF,Health Services, Branch,5960,4730,62.7,24.7,51.31,N/A,91.8,6,TAYSEER_DWH,2026-07-09 03:15:00
2026-04-01,Tabuk,Education & Training,Call Center,5626,3564,67.7,13.7,18.03,3.63,92.2,7,TAYSEER_DWH,2026-07-09 03:15:00
2026-02-01,Madinah,Education & Training,Web Portal,14044,7201,65.1,8.4,5.76,4.6,99.5,3,TAYSEER_DWH,2026-07-09 03:15:00
2026-06-01,Hail,Business & Licensing,Web Portal,"3,677",1893,62.5,13.8,8.6,4.18,97.8,2,REGIONAL_UPLOAD,2026-07-09 03:15:00
2025-07-01,Makkah,Social Support & Subsidies,Branch,55343,45705,59.1,33.0,45.17,3.52,86.3,58,TAYSEER_DWH,2026-07-09 03:15:00
2025-12-01,N. Borders,Social Support & Subsidies,Web Portal,1930,983,59.6,9.6,7.45,4.32,96.6,1,TAYSEER_DWH,2026-07-09 03:15:00
2026-01-01,منطقة الحدود الشمالية,Traffic & Transport,BRANCH,4234,3461,61.1,24.5,50.73,3.71,93.1,4,TAYSEER_DWH,2026-07-09 03:15:00
2025-11-01,Qassim,Business & Licensing,Call Center,8035,5017,63.9,24.6,25.51,3.35,90.3,8,TAYSEER_DWH,2026-07-09 03:15:00
2025-09-01,Qassim,Labour & HR Services,Mobile App,22392,8854,63.5,6.4,4.09,4.27,99.5,14,REGIONAL_UPLOAD,2026-07-09 03:15:00
2026-01-01,Northern Borders,Labour & HR Services,Mobile App,6118,NA,61.4,6.8,4.04,4.53,97.2,1,TAYSEER_DWH,2026-07-09 03:15:00
2025-07-01,Al-Jouf,Labour & HR Services,Branch,4186,3256,59.8,27.5,50.57,3.56,89.8,6,TAYSEER_DWH,2026-07-09 03:15:00
2026-01-01,Qassim,Social Support & Subsidies,Web Portal,7575,3798,64.8,9.8,6.05,4.02,99.5,3,CHANNEL_API,2026-07-09 03:15:00
2025-08-01,Qassim,Justice & Notary,Branch,6115,4852,61.1,43.0,60.68,3.24,92.4,6,TAYSEER_DWH,2026-07-09 03:15:00
2025/11/01,منطقة تبوك,Municipal Services,Mobile App,17169,6622,63.1,8.4,4.69,4.14,97.5,9,TAYSEER_DWH,2026-07-09 03:15:00
2025-07-01,Jazan,Health Services,Call Center,17563,11391,51.2,19.8,23.15,3.6,89.0,20,CHANNEL_API,2026-07-09 03:15:00
2025-09-01,Riyadh,Labour & HR Services,Call Center,41012,26989,68.7,14.5,20.43,3.92,90.6,20,CHANNEL_API,2026-07-09 03:15:00
2025-11-01,Riyadh,Identity & Civil Affairs,Web Portal,98652,51548,67.0,8.8,6.12,4.42,97.9,38,TAYSEER_DWH,2026-07-09 03:15:00
2026-05-01,Jazan,Justice & Notary,Web  Portal,4451,2308,46.6,20.3,9.68,3.8,99.5,3,REGIONAL_UPLOAD,2026-07-09 03:15:00
2026-02-01,Northern Borders,Identity & Civil Affairs,Branch,"3,307",2756,62.4,29.9,52.61,3.73,91.9,3,TAYSEER_DWH,2026-07-09 03:15:00
2025-09-01,منطقة الحدود الشمالية,Municipal Services,Mobile App,6634,2678,62.0,7.1,5.13,4.47,99.5,2,TAYSEER_DWH,2026-07-09 03:15:00
Jul-2025,Northern Borders,Identity & Civil Affairs,Mobile App,8457,3240,62.2,6.8,4.47,4.65,96.6,2,TAYSEER_DWH,2026-07-09 03:15:00
Oct-2025,منطقة الباحة,Municipal Services,Branch,4612,3941,54.0,36.1,58.1,3.33,89.9,5,TAYSEER_DWH,2026-07-09 03:15:00
2026-06-01,Al-Baha,Health Services,Web Portal,4284,2310,57.2,7.9,6.83,4.41,96.3,2,TAYSEER_DWH,2026-07-09 03:15:00
2025-07-01,Najran,Municipal Services,Web Portal,3667,1835,50.5,11.9,7.86,3.98,n/a,2,TAYSEER_DWH,2026-07-09 03:15:00
2026-04-01,Asir,Justice & Notary,Web Portal,7751,4160,55.5,15.1,9.75,4.09,96.3,6,TAYSEER_DWH,2026-07-09 03:15:00
2025-10-01,Al-Jouf,Business & Licensing,Mobile App,"7,408",2856,60.0,10.2,5.08,4.3,98.4,2,TAYSEER_DWH,2026-07-09 03:15:00
2026-04-01,Al-Baha,Business & Licensing,Call Center,3436,2210,53.0,34.8,28.36,3.6,88.6,3,REGIONAL_UPLOAD,2026-07-09 03:15:00
2025-12-01,Najran,Identity & Civil Affairs,Call Center,"8,016",5160,51.6,19.9,22.5,3.8,91.9,10,TAYSEER_DWH,2026-07-09 03:15:00
2025-12-01,Qassim,Education & Training,Branch,10377,7985,67.3,19.8,42.81,3.46,85.1,11,TAYSEER_DWH,2026-07-09 03:15:00
2025-09-01,Asir,Municipal Services,Mobile App,"38,124",14446,61.4,8.3,5.12,4.32,95.9,18,CHANNEL_API,2026-07-09 03:15:00
2026-02-01,Northern Borders,Health Services,Branch,3682,3031,60.7,27.4,57.5,3.86,91.7,3,TAYSEER_DWH,2026-07-09 03:15:00
2026-05-01,Najran,Health Services,Web Portal,4868,2517,51.6,9.5,6.75,4.34,98.1,3,TAYSEER_DWH,2026-07-09 03:15:00
2026-01-01,Al-Jouf,Business & Licensing,Branch,3747,3277,61.6,46.1,65.82,3.5,91.7,4,TAYSEER_DWH,2026-07-09 03:15:00
2025-12-01,Qassim,Labour & HR Services,Mobile App,23871,9526,64.3,6.3,4.11,4.39,96.6,10,REGIONAL_UPLOAD,2026-07-09 03:15:00
2026-04-01,Al-Jouf,Municipal Services,Mobile App,9331,3575,62.7,0.0,,4.36,97.5,4,TAYSEER_DWH,2026-07-09 03:15:00
2025-12-01,Madinah,Municipal Services,Web Portal,15770,7446,59.7,12.1,7.64,4.25,97.0,9,CHANNEL_API,2026-07-09 03:15:00
2025-07-01,Al-Baha,Business & Licensing,Call Center,2785,1703,52.5,30.5,26.63,3.65,90.5,3,TAYSEER_DWH,2026-07-09 03:15:00
2025-12-01,Al-Jouf,Education & Training,WEB,3924,1985,62.4,7.9,5.98,4.37,98.1,2,TAYSEER_DWH,2026-07-09 03:15:00
01/01/2026,Qassim,Justice & Notary,Call Center,4990,3174,62.9,31.8,26.74,3.51,89.1,8,TAYSEER_DWH,2026-07-09 03:15:00
2026-03-01,Riyadh,Labour & HR Services,Web Portal,56961,28758,69.9,8.6,6.0,4.27,97.6,36,TAYSEER_DWH,2026-07-09 03:15:00
2025-10-01,Madinah,Labour & HR Services,Branch,"17,828",14902,61.0,27.6,52.81,3.67,91.1,16,TAYSEER_DWH,2026-07-09 03:15:00
2025-10-01,Al-Baha,Justice & Notary,Mobile App,"3,459",,50.5,12.3,5.64,4.22,96.4,2,TAYSEER_DWH,2026-07-09 03:15:00
2025-08-01,Jazan,Business & Licensing,Branch,14426,12189,47.8,113.5,71.87,2.97,85.3,22,TAYSEER_DWH,2026-07-09 03:15:00
2025-12-01,Makkah,Identity & Civil Affairs,Web Portal,93679,49534,65.8%,10.6,6.32,4.17,99.5,58,TAYSEER_DWH,2026-07-09 03:15:00
2026-05-01,Qassim,Traffic & Transport,Branch,14204,11932,66.1%,22.4,47.12,3.27,91.2,12,TAYSEER_DWH,2026-07-09 03:15:00
2026-04-01,Al-Jouf,Traffic & Transport,Web Portal,4756,2404,65.5,8.6,6.58,4.14,97.7,2,CHANNEL_API,2026-07-09 03:15:00
2026-03-01,Jazan,Business & Licensing,Web Portal,6762,3564,48.6,15.6,9.28,3.82,96.5,5,REGIONAL_UPLOAD,2026-07-09 03:15:00
2025-09-01,Qassim,Identity & Civil Affairs,Mobile App,36538,13920,66.4,6.5,3.84,4.34,96.8,14,TAYSEER_DWH,2026-07-09 03:15:00
2025-10-01,Asir,Traffic & Transport,Branch,24168,20113,59.6,27.0,52.94,3.37,91.8,27,REGIONAL_UPLOAD,2026-07-09 05:40:00
2025-10-01,Jazan,Social Support & Subsidies,Branch,13427,11112,48.7,32.1,56.24,3.33,86.3,19,TAYSEER_DWH,2026-07-09 03:15:00
2026-06-01,Al-Jouf,Municipal Services,Call Center,3494,2295,63.3,20.6,24.18,3.73,89.8,3,REGIONAL_UPLOAD,2026-07-09 03:15:00
2026-01-01,Al-Jouf,Business & Licensing,Web Portal,"3,027",1601,61.6%,15.7,8.16,4.05,97.6,3,TAYSEER_DWH,2026-07-09 03:15:00
2026-06-01,Al-Jouf,Identity & Civil Affairs,Mobile App,15247,5824,64.4,7.5,3.68,4.61,97.9,5,CHANNEL_API,2026-07-09 03:15:00
01/02/2026,Riyadh,Business & Licensing,Branch,"41,243",32192,64.3,40.7,54.15,3.5,88.5,32,TAYSEER_DWH,2026-07-09 03:15:00
2025-12-01,Tabuk,Social Support & Subsidies,Web Portal,5204,2779,63.2%,11.2,7.65,4.08,98.3,3,TAYSEER_DWH,2026-07-09 03:15:00
10-01-2025,Najran,Municipal Services,Branch,7036,5842,51.3,34.1,54.46,3.34,89.0,11,TAYSEER_DWH,2026-07-09 03:15:00
2026-06-01,Riyadh,Labour & HR Services,Mobile App,173130,67219,70.5,5.0,3.71,4.68,98.5,31,REGIONAL_UPLOAD,2026-07-09 03:15:00
2025-12-01,منطقة نجران,Traffic & Transport,Mobile App,16334,6196,54.2,5.4,4.0,4.26,99.5,10,TAYSEER_DWH,2026-07-09 03:15:00
2025-12-01,Riyadh,Municipal Services,Mobile App,160197,60973,65.3,6.9,4.05,4.47,99.3,42,TAYSEER_DWH,2026-07-09 03:15:00
2025-07-01,N. Borders,Social Support & Subsidies,Branch,2423,2041,59.2,33.0,53.33,3.61,89.8,3,TAYSEER_DWH,2026-07-09 03:15:00
Apr-2026,Tabuk,Justice & Notary,Branch,4206,3456,63.8,44.4,68.65,3.26,84.6,7,TAYSEER_DWH,2026-07-09 03:15:00
2026-04-01,Makkah,Justice & Notary,Mobile App,83704,32519,60.8,12.4,5.75,4.18,96.7,47,TAYSEER_DWH,2026-07-09 03:15:00
2025-11-01,Qassim,Business & Licensing,Mobile App,20783,7782,63.9,10.2,5.04,4.14,96.1,12,TAYSEER_DWH,2026-07-09 03:15:00
2026-05-01,Aljouf,Municipal Services,Web Portal,3383,1768,62.7,9.9,7.48,4.15,97.7,2,TAYSEER_DWH,2026-07-09 03:15:00
2026-02-01,Qassim,Justice & Notary,web portal,4834,2359,62.3%,16.3,8.08,3.87,99.5,5,TAYSEER_DWH,2026-07-09 03:15:00
2026/03/01,Najran,Health Services,Branch,9166,7767,51.3,29.9,53.05,3.63,89.1,8,TAYSEER_DWH,2026-07-09 03:15:00
2026-06-01,منطقة الجوف,Social Support & Subsidies,Mobile App,6886,2789,62.3,6.9,4.34,4.49,99.5,3,TAYSEER_DWH,2026-07-09 03:15:00
2025-11-01,Tabuk,Education & Training,Call Center,5566,3598,66.9,15.6,19.03,3.72,88.6,6,CHANNEL_API,2026-07-09 03:15:00
2026-02-01,Tabuk,Justice & Notary,Web Portal,3485,,64.1,16.1,8.75,3.89,?,3,TAYSEER_DWH,2026-07-09 03:15:00
2025-07-01,Qassim,Municipal Services,Call Center,8068,5256,62.1%,20.4,22.98,3.5,90.5,10,TAYSEER_DWH,2026-07-09 03:15:00
2025-11-01,Riyadh,Traffic & Transport,Branch,81775,67823,67.0,22.8,43.26,3.64,89.6,58,TAYSEER_DWH,2026-07-09 03:15:00
2026-05-01,Tabuk,Justice & Notary,Mobile App,10260,4108,63.9,12.2,5.05,4.03,95.7,8,TAYSEER_DWH,2026-07-09 03:15:00
2025-07-01,Asir,Business & Licensing,Mobile App,26065,10398,58.5,11.0,5.05,4.17,96.4,15,TAYSEER_DWH,2026-07-09 03:15:00
2026-05-01,Al-Bahah,Identity & Civil Affairs,Mobile App,12266,4605,56.0,6.9,4.26,4.5,99.5,4,TAYSEER_DWH,2026-07-09 03:15:00
2025-07-01,Najran,Social Support & Subsidies,Branch,4667,3771,51.9,32.5,52.18,3.53,87.9,3,TAYSEER_DWH,2026-07-09 03:15:00
2025-10-01,Al-Jouf,Social Support & Subsidies,Branch,3374,2787,60.9,33.2,50.13,3.73,89.1,2,TAYSEER_DWH,2026-07-09 03:15:00
2025-10-01,Al-Jouf,Identity & Civil Affairs,Mobile App,13696,5204,63.3,6.7,4.46,4.59,96.6,3,CHANNEL_API,2026-07-09 03:15:00
2025-09-01,Jazan,Social Support & Subsidies,Web Portal,7140,3736,48.9%,12.3,7.88,4.05,95.8,4,CHANNEL_API,2026-07-09 03:15:00
2026-01-01,Makkah,Municipal Services,Web Portal,60075,27565,60.8,11.4,6.64,null,95.1,62,TAYSEER_DWH,2026-07-09 03:15:00
2026-03-01,Makkah,Municipal Services,Call Center,56878,36994,61.1,17.7,22.19,3.6,92.5,62,TAYSEER_DWH,2026-07-09 03:15:00
2025-09-01,Qassim,Health Services,Mobile App,33947,13436,65.9,5.3,4.41,4.28,99.5,18,TAYSEER_DWH,2026-07-09 03:15:00
2026-03-01,Al-Jouf,Social Support & Subsidies,Mobile App,6328,2339,61.9,6.8,n/a,4.47,99.5,2,TAYSEER_DWH,2026-07-09 03:15:00
03-01-2026,Jazan,Identity & Civil Affairs,Branch,27551,21441,49.1,33.0,53.87,3.33,88.9,38,CHANNEL_API,2026-07-09 03:15:00
2025/07/01,Riyadh,Municipal Services,Web Portal,67655,33829,64.1%,11.3,7.18,4.21,99.5,38,TAYSEER_DWH,2026-07-09 03:15:00
2025-12-01,Al-Baha,Social Support & Subsidies,Web Portal,2046,1080,53.4,11.0,7.42,4.26,98.0,1,TAYSEER_DWH,2026-07-09 03:15:00
2026-02-01,Najran,Municipal Services,Call Center,4787,3133,116.7,23.5,24.5,3.54,90.5,5,TAYSEER_DWH,2026-07-09 03:15:00
2026-06-01,Aljouf,Business & Licensing,Branch,3462,3073,61.5,49.2,66.58,3.41,86.8,4,CHANNEL_API,2026-07-09 03:15:00
2025-10-01,Al-Jouf,Traffic & Transport,Branch,5290,4081,64.5,22.3,44.1,3.34,89.1,9,TAYSEER_DWH,2026-07-09 03:15:00
2025-12-01,Asir,Labour & HR Services,Branch,20855,16205,58.9,30.6,55.79,3.45,91.1,33,CHANNEL_API,2026-07-09 03:15:00
2025-12-01,Tabuk,Justice & Notary,Web  Portal,4054,2151,63.5%,17.8,9.61,3.79,99.5,4,TAYSEER_DWH,2026-07-09 03:15:00
01/07/2025,Makkah,Traffic & Transport,Mobile App,188160,72544,60.9,5.2,3.94,4.28,99.5,110,TAYSEER_DWH,2026-07-09 03:15:00
2026-04-01,Al-Jouf,Business & Licensing,Branch,"3,513",2876,61.9,43.2,68.09,3.62,91.5,3,REGIONAL_UPLOAD,2026-07-09 03:15:00
2026-01-01,Al-Baha,Social Support & Subsidies,Call Center,2659,1730,52.8,18.3,23.27,3.85,92.5,2,TAYSEER_DWH,2026-07-09 03:15:00
2025-09-01,Asir,Health Services,Branch,27552,23346,59.7,30.9,55.34,3.63,89.7,31,TAYSEER_DWH,2026-07-09 03:15:00
2026-04-01,Qassim,Business & Licensing,Call Center,7500,4630,65.0,27.2,25.61,3.57,89.2,8,REGIONAL_UPLOAD,2026-07-09 03:15:00
2025-09-01,Al-Jouf,Identity & Civil Affairs,Branch,6619,5322,62.9%,29.0,,3.71,90.2,6,REGIONAL_UPLOAD,2026-07-09 03:15:00
2026-03-01,Eastern Province,Education & Training,Web Portal,38877,19205,69.0,7.3,5.83,4.56,99.5,9,TAYSEER_DWH,2026-07-09 03:15:00
2025-07-01,Makkah,Health Services,Mobile App,177394,68401,62.0,5.5,4.74,4.46,98.4,74,CHANNEL_API,2026-07-09 03:15:00
2025-07-01,Riyadh,Traffic & Transport,Call Center,58440,39071,66.9,13.8,16.86,3.89,91.4,47,REGIONAL_UPLOAD,2026-07-09 03:15:00
2025-10-01,Qassim,Social Support & Subsidies,Branch,8983,7271,64.8,29.5,51.27,3.4,89.8,11,CHANNEL_API,2026-07-09 03:15:00
2026-03-01,Qassim,Health Services,Web Portal,14990,7861,66.6%,9.3,6.71,4.18,97.2,8,CHANNEL_API,2026-07-09 03:15:00
2026-03-01,Hail,Identity & Civil Affairs,Web Portal,7728,4040,67.4,10.8,6.42,4.31,98.0,3,REGIONAL_UPLOAD,2026-07-09 03:15:00
2026-06-01,Al-Jouf,Traffic & Transport,Mobile App,13429,4961,65.7,5.1,4.0,4.31,99.0,8,CHANNEL_API,2026-07-09 03:15:00
Aug-2025,منطقة الحدود الشمالية,Identity & Civil Affairs,Mobile App,8812,3580,62.3,7.2,4.71,4.64,97.9,2,TAYSEER_DWH,2026-07-09 03:15:00
2025-12-01,Riyadh,Traffic & Transport,Web Portal,114893,55630,67.1,6.4,5.47,4.29,99.5,62,TAYSEER_DWH,2026-07-09 03:15:00
2026-01-01,HAIL,Justice & Notary,Call Center,"2,627",1628,60.0,32.2,28.36,3.65,90.0,2,REGIONAL_UPLOAD,2026-07-09 03:15:00
2026-02-01,Jazan,Justice & Notary,Mobile App,9966,3717,46.2,12.7,6.17,3.99,98.2,7,REGIONAL_UPLOAD,2026-07-09 03:15:00
2025-11-01,Hail,Justice & Notary,Web Portal,2728,1400,59.2,17.1,8.27,4.1,97.5,2,TAYSEER_DWH,2026-07-09 03:15:00
Jul-2025,Northern Borders,Justice & Notary,Mobile App,2757,1057,58.3,11.9,6.23,4.46,98.6,1,REGIONAL_UPLOAD,2026-07-09 03:15:00
2026-04-01,Madinah,Labour & HR Services,Call Center,14287,9500,62.2,18.3,22.9,3.99,88.2,8,TAYSEER_DWH,2026-07-09 03:15:00
2026-03-01,Madinah,Identity & Civil Affairs,Mobile App,56108,21568,61.3%,6.5,4.15,4.87,97.8,2,TAYSEER_DWH,2026-07-09 03:15:00
2025-12-01,Qassim,Municipal Services,Call Center,"8,897",5732,63.3,17.4,25.32,3.52,92.3,11,REGIONAL_UPLOAD,2026-07-09 03:15:00
2026-03-01,Qassim,Education & Training,Web Portal,10766,5352,67.4,6.5,5.68,4.2,96.7,6,TAYSEER_DWH,2026-07-09 03:15:00
Jun-2026,Asir,Traffic & Transport,Mobile App,51911,19956,60.0,5.2,3.77,4.38,97.2,23,TAYSEER_DWH,2026-07-09 03:15:00
2025-08-01,Qassim,Identity & Civil Affairs,Mobile App,32864,12865,65.8,6.1,3.95,4.21,94.8,17,REGIONAL_UPLOAD,2026-07-09 03:15:00
2025-12-01,Jazan,Social Support & Subsidies,Web Portal,6932,3616,49.1,12.2,7.8,4.0,96.9,4,REGIONAL_UPLOAD,2026-07-09 05:40:00
2025-07-01,Al-Jouf,Identity & Civil Affairs,Web Portal,5656,2843,62.4,10.1,7.23,4.27,96.5,3,REGIONAL_UPLOAD,2026-07-09 03:15:00
2026-05-01,EASTERN PROVINCE,Business & Licensing,Call Center,25786,17566,66.0,23.4,23.41,3.73,89.6,21,TAYSEER_DWH,2026-07-09 03:15:00
2026-06-01,Jazan,Business & Licensing,Web Portal,6761,3502,48.5,9999.0,9.93,3.84,99.5,6,TAYSEER_DWH,2026-07-09 03:15:00
2026-01-01,Northern Borders,Business & Licensing,Branch,2914,2467,60.1,49.1,72.29,3.59,88.4,3,REGIONAL_UPLOAD,2026-07-09 03:15:00
01/03/2026,Madinah,Education & Training,Web Portal,15344,8392,64.4,7.9,5.4,4.54,99.5,4,REGIONAL_UPLOAD,2026-07-09 03:15:00
2026-02-01,Qassim,Education & Training,Mobile App,25051,9297,67.1,4.7,3.35,-,97.9,10,TAYSEER_DWH,2026-07-09 03:15:00
2025-08-01,Qassim,Business & Licensing,Web Portal,9080,5010,63.9,14.7,8.28,3.8,97.4,9,TAYSEER_DWH,2026-07-09 03:15:00
2025-09-01,Qassim,Municipal Services,Web Portal,9928,4923,62.2,9.5,7.52,3.85,97.5,11,TAYSEER_DWH,2026-07-09 03:15:00
2025-08-01,Asir,Labour & HR Services,Branch,17389,13202,58.3,31.0,55.41,3.46,90.8,26,TAYSEER_DWH,2026-07-09 03:15:00
2025-10-01,Tabuk,Justice & Notary,Web Portal,"4,416",2195,63.3,18.8,8.3,3.63,97.6,5,TAYSEER_DWH,2026-07-09 03:15:00
2026-01-01,Al-Jouf,Traffic & Transport,Call Center,3992,2570,65.3,15.7,21.04,3.75,89.1,4,TAYSEER_DWH,2026-07-09 03:15:00
2026-02-01,Hail,Identity & Civil Affairs,Web Portal,6661,3555,67.4,8.7,6.73,4.32,99.5,3,TAYSEER_DWH,2026-07-09 03:15:00
2025-10-01,Northern Borders,Social Support & Subsidies,Mobile App,4701,1842,59.4,7.6,4.69,-,99.4,1,TAYSEER_DWH,2026-07-09 03:15:00
2025-09-01,Tabuk,Identity & Civil Affairs,Web Portal,11327,6146,63.1,10.1,6.45,4.04,99.5,6,CHANNEL_API,2026-07-09 03:15:00
2026-02-01,Hail,Education & Training,BRANCH,"4,052",3201,66.8,22.0,45.36,3.77,88.3,4,TAYSEER_DWH,2026-07-09 03:15:00
2025-07-01,Northern Borders,Business & Licensing,Mobile App,4405,1693,59.4,11.0,5.78,4.43,96.9,1,TAYSEER_DWH,2026-07-09 03:15:00
2026-04-01,Najran,Municipal Services,Mobile App,8403,3231,51.2,8.5,4.63,4.27,99.3,3,REGIONAL_UPLOAD,2026-07-09 03:15:00
Jul-2025,Asir,Business & Licensing,Web Portal,12067,6193,58.5,16.3,NULL,4.07,99.5,6,TAYSEER_DWH,2026-07-09 03:15:00
01/08/2025,Ha'il,Municipal Services,Mobile App,11732,4389,63.5,7.4,4.86,,99.5,4,REGIONAL_UPLOAD,2026-07-09 03:15:00
2026-05-01,Hail,Justice & Notary,Branch,3661,2934,60.5,53.8,68.82,3.39,90.4,4,TAYSEER_DWH,2026-07-09 03:15:00
2026-04-01,Al-Jouf,Business & Licensing,Web Portal,2979,1577,61.9,16.0,8.51,4.2,95.7,2,CHANNEL_API,2026-07-09 03:15:00
2026-01-01,Riyadh,Labour & HR Services,Branch,52723,44863,69.6,27.9,47.1,3.66,87.7,67,TAYSEER_DWH,2026-07-09 03:15:00
2025-12-01,Al-Jouf,Municipal Services,Branch,4469,,62.9,30.5,52.48,3.62,90.1,6,TAYSEER_DWH,2026-07-09 03:15:00
2026-06-01,Najran,Traffic & Transport,Mobile App,12904,5111,54.2,5.2,3.7,4.29,96.6,6,TAYSEER_DWH,2026-07-09 03:15:00
2026-01-01,Hail,Labour & HR Services,App,12733,4918,64.9,6.6,4.41,4.51,96.5,4,CHANNEL_API,2026-07-09 03:15:00
2026-02-01,Eastern Province,Traffic & Transport,Web Portal,46322,23776,68.3,7.2,5.68,4.29,97.7,27,CHANNEL_API,2026-07-09 03:15:00
2025-08-01,Madinah,Health Services,Mobile App,46593,17379,61.2,6.2,4.08,4.84,95.9,2,TAYSEER_DWH,2026-07-09 03:15:00
2025-08-01,Northern Borders,Labour & HR Services,Call Center,2018,1299,61.2,19.9,23.16,3.92,89.9,1,TAYSEER_DWH,2026-07-09 03:15:00
2026-02-01,Makkah,Justice & Notary,Call Center,27172,17070,60.2,31.8,27.95,3.56,90.7,34,REGIONAL_UPLOAD,2026-07-09 03:15:00
2026-03-01,Asir,Municipal Services,Call Center,14942,9471,124.3,21.5,26.68,N/A,88.3,15,TAYSEER_DWH,2026-07-09 03:15:00
01/11/2025,Najran,Education & Training,web portal,4084,2279,55.3,8.4,6.28,null,99.5,1,TAYSEER_DWH,2026-07-09 03:15:00
2026-05-01,Eastern Province,Labour & HR Services,Call Center,29225,18410,67.4,14.9,21.9,3.96,90.0,17,REGIONAL_UPLOAD,2026-07-09 03:15:00
2026-04-01,Al-Jouf,Education & Training,Mobile App,10206,4066,63.5,5.2,3.4,4.54,99.5,4,TAYSEER_DWH,2026-07-09 03:15:00
2025-08-01,Makkah,Municipal Services,Mobile App,138512,50878,59.7,7.9,,4.15,98.6,79,TAYSEER_DWH,2026-07-09 03:15:00
01/04/2026,Asir,Business & Licensing,Call Center,13569,8769,59.2,29.8,27.17,3.65,87.5,11,TAYSEER_DWH,2026-07-09 03:15:00
2026-01-01,Madinah,Health Services,Web Portal,"23,841",12577,62.5,10.8,-17.86,4.49,95.2,9,TAYSEER_DWH,2026-07-09 03:15:00
2025-09-01,Al-Baha,Labour & HR Services,Branch,4851,4036,56.7,32.0,48.52,3.5,91.0,5,REGIONAL_UPLOAD,2026-07-09 03:15:00
2026-06-01,Asir,Labour & HR Services,Branch,18843,15123,59.5,31.4,55.99,3.59,90.6,26,TAYSEER_DWH,2026-07-09 03:15:00
2025-07-01,Al-Jouf,Health Services,Web Portal,5897,3001,60.6,9.2,6.44,4.49,98.1,2,TAYSEER_DWH,2026-07-09 03:15:00
2025-09-01,Najran,Business & Licensing,Call Center,4180,2730,51.4,27.0,26.86,3.55,89.7,4,REGIONAL_UPLOAD,2026-07-09 03:15:00
2025/11/01,Eastern Province,Municipal Services,Mobile App,103842,40012,67.7,6.9,4.16,4.43,99.5,49,REGIONAL_UPLOAD,2026-07-09 03:15:00
2026-03-01,Madinah,Business & Licensing,Mobile App,29090,11341,60.8,8.8,5.19,4.54,95.8,8,TAYSEER_DWH,2026-07-09 03:15:00
2026-03-01,Riyadh,Labour & HR Services,Branch,49430,43463,69.9,26.5,47.35,3.75,91.9,55,TAYSEER_DWH,2026-07-09 03:15:00
Sep-2025,Al-Jouf,Identity & Civil Affairs,Mobile App,14184,5379,62.9,6.7,4.42,,99.5,5,TAYSEER_DWH,2026-07-09 03:15:00
2025-08-01,Al-Jouf,Justice & Notary,Web Portal,2125,1085,58.7,17.1,8.87,-,99.5,2,REGIONAL_UPLOAD,2026-07-09 03:15:00
2025-07-01,Tabuk,Social Support & Subsidies,Call Center,4242,2744,62.5,21.2,24.27,3.52,90.2,4,REGIONAL_UPLOAD,2026-07-09 03:15:00
01/02/2026,Madinah,Justice & Notary,Call Center,7430,NA,59.4,31.4,27.72,3.83,91.6,6,TAYSEER_DWH,2026-07-09 03:15:00
2026-02-01,Qassim,Social Support & Subsidies,Branch,"5,831",4733,65.1,27.3,54.88,3.42,91.7,6,TAYSEER_DWH,2026-07-09 03:15:00
2025-09-01,Makkah,Municipal Services,Mobile App,142796,50417,60.0,7.4,4.67,4.33,98.6,68,REGIONAL_UPLOAD,2026-07-09 03:15:00
2025-10-01,Al-Baha,Identity & Civil Affairs,Mobile App,10908,4211,55.8,6.9,4.46,4.38,98.1,4,REGIONAL_UPLOAD,2026-07-09 03:15:00
2026-05-01,Riyadh,Labour & HR Services,BRANCH,46331,39450,70.3,25.1,48.25,3.5,86.9,56,TAYSEER_DWH,2026-07-09 03:15:00
2026-03-01,Makkah,Traffic & Transport,Mobile App,210625,78117,63.0,5.0,4.09,4.25,98.8,131,CHANNEL_API,2026-07-09 03:15:00
2026/04/01,Jazan,Identity & Civil Affairs,Call Center,22248,NA,49.4,22.1,26.34,3.62,89.6,19,TAYSEER_DWH,2026-07-09 03:15:00
2026-05-01,Al-Baha,Business & Licensing,Web Portal,2227,1178,53.0,14.3,8.14,3.92,98.2,2,TAYSEER_DWH,2026-07-09 03:15:00
2025-07-01,Al-Jouf,Municipal Services,Web Portal,3587,1819,61.7,11.1,7.05,4.11,99.5,3,TAYSEER_DWH,2026-07-09 03:15:00
2025-12-01,Al-Baha,Education & Training,Branch,4660,3966,56.5,26.6,46.4,3.64,92.8,6,TAYSEER_DWH,2026-07-09 03:15:00
2026-03-01,Makkah,Justice & Notary,Web Portal,32708,15717,60.9,19.2,8.73,3.93,99.5,34,TAYSEER_DWH,2026-07-09 03:15:00
2026-01-01,Northern Borders,Identity & Civil Affairs,Mobile App,9937,3841,62.5,7.4,4.17,4.71,96.8,1,TAYSEER_DWH,2026-07-09 03:15:00
Aug-2025,Jazan,Social Support & Subsidies,Call Center,9979,6497,48.5,20.1,25.05,3.6,86.7,11,REGIONAL_UPLOAD,2026-07-09 03:15:00
2025-12-01,Jizan,Labour & HR Services,Mobile App,22047,8441,48.1,7.7,4.63,4.24,,10,TAYSEER_DWH,2026-07-09 03:15:00
Jan-2026,Riyadh,Health Services,Mobile App,"262,386",100870,68.1%,5.1,3.99,4.83,97.2,8,TAYSEER_DWH,2026-07-09 03:15:00
2025-07-01,Tabuk,Health Services,Mobile App,23060,9082,62.7,6.0,4.97,4.4,99.5,10,TAYSEER_DWH,2026-07-09 03:15:00
2025-10-01,Hail,Education & Training,Mobile App,"12,864",4762,66.5,5.2,3.71,4.62,99.5,3,TAYSEER_DWH,2026-07-09 03:15:00
01/11/2025,Hail,Education & Training,Branch,5684,4740,148.1,20.9,43.51,3.68,91.0,6,TAYSEER_DWH,2026-07-09 03:15:00
2025-11-01,Northern Borders,Identity & Civil Affairs,Web Portal,4070,2131,62.7,9.8,7.04,4.44,99.5,1,REGIONAL_UPLOAD,2026-07-09 03:15:00
2026-01-01,Northern Borders,Identity & Civil Affairs,Web Portal,3600,1756,62.5,9.7,7.49,4.34,97.3,1,REGIONAL_UPLOAD,2026-07-09 05:40:00
2026-06-01,Al-Baha,Justice & Notary,Web Portal,1411,711,51.0,18.0,8.32,4.03,99.5,1,TAYSEER_DWH,2026-07-09 03:15:00
2026-02-01,Madinah,Education & Training,Branch,12293,9581,65.1,25.9,43.94,3.86,89.3,9,CHANNEL_API,2026-07-09 03:15:00
2025-09-01,Makkah,Social Support & Subsidies,Web Portal,47368,23947,60.1,10.9,7.08,4.07,98.0,30,REGIONAL_UPLOAD,2026-07-09 03:15:00
2026-05-01,Qassim,Justice & Notary,Mobile App,14563,5583,62.6,10.1,5.35,4.29,97.7,5,TAYSEER_DWH,2026-07-09 03:15:00
2026-04-01,Al-Baha,Justice & Notary,Branch,2932,2365,50.6%,104.8,66.22,3.45,86.3,3,CHANNEL_API,2026-07-09 03:15:00
2026-02-01,Northern Borders,Justice & Notary,Web Portal,1220,646,58.7,17.3,9.26,4.22,96.1,0,REGIONAL_UPLOAD,2026-07-09 03:15:00
2025-12-01,Najran,Labour & HR Services,App,9133,3635,51.2,6.4,4.45,4.38,97.2,4,TAYSEER_DWH,2026-07-09 03:15:00
2025/10/01,Jazan,Municipal Services,BRANCH,19255,15367,48.9,37.1,61.6,3.2,90.0,26,REGIONAL_UPLOAD,2026-07-09 03:15:00
2026-02-01,Eastern Province,Justice & Notary,Mobile App,47293,18524,66.0,9.8,5.27,4.37,99.5,26,TAYSEER_DWH,2026-07-09 03:15:00
2025-07-01,Eastern Province,Traffic & Transport,Web Portal,49566,25565,66.9,7.3,5.49,N/A,96.8,25,TAYSEER_DWH,2026-07-09 03:15:00
2025-11-01,Jazan,Social Support & Subsidies,branch,"15,040",11944,49.0,33.6,55.53,3.3,89.7,17,TAYSEER_DWH,2026-07-09 03:15:00
2025-12-01,Al-Baha,Health Services,Mobile App,11091,4143,57.3,6.0,4.8,4.5,98.5,3,CHANNEL_API,2026-07-09 03:15:00
2025-07-01,Tabuk,Labour & HR Services,Call Center,4635,3068,65.4,18.6,22.99,3.64,93.2,4,TAYSEER_DWH,2026-07-09 03:15:00
2026-04-01,Eastern Province,Municipal Services,Web Portal,39951,19706,68.5,10.2,6.99,4.24,97.6,27,TAYSEER_DWH,2026-07-09 03:15:00
2026-04-01,Makkah,Identity & Civil Affairs,Branch,101287,83629,67.1,27.9,49.83,null,92.4,103,REGIONAL_UPLOAD,2026-07-09 03:15:00
Feb-2026,Eastern Province,Identity & Civil Affairs,Mobile App,108675,42234,65.6,5.3,3.59,N/A,96.4,13,REGIONAL_UPLOAD,2026-07-09 03:15:00
2025-07-01,Al-Baha,Traffic & Transport,Web Portal,"4,257",2105,56.1,8.7,6.6,4.07,97.4,2,CHANNEL_API,2026-07-09 03:15:00
2026-04-01,Eastern Province,Social Support & Subsidies,Mobile App,69020,26713,65.6,7.2,4.15,4.63,99.5,14,TAYSEER_DWH,2026-07-09 03:15:00
2026-02-01,tabuk,Justice & Notary,Mobile App,8626,3300,64.1,12.8,5.46,3.94,94.7,7,TAYSEER_DWH,2026-07-09 03:15:00
2026-03-01,Northern Borders,Health Services,Mobile App,8821,3335,60.5,6.0,4.5,4.69,98.8,1,REGIONAL_UPLOAD,2026-07-09 03:15:00
2025-08-01,Makkah,Business & Licensing,Branch,62463,53739,60.1,119.7,60.45,3.09,86.5,88,TAYSEER_DWH,2026-07-09 03:15:00
2025-08-01,Tabuk,Justice & Notary,Web Portal,4165,2103,62.8,19.3,8.69,3.84,93.9,4,TAYSEER_DWH,2026-07-09 03:15:00
2025-09-01,Asir,Health Services,Call Center,"20,346",13123,59.7,17.6,n/a,3.93,87.7,21,CHANNEL_API,2026-07-09 03:15:00
2025-11-01,Najran,Justice & Notary,Mobile App,4677,1798,50.0,11.7,5.96,4.21,92.6,3,REGIONAL_UPLOAD,2026-07-09 03:15:00
2026-02-01,Tabuk,Social Support & Subsidies,Mobile App,11749,4446,63.5,7.9,4.43,4.3,95.3,7,TAYSEER_DWH,2026-07-09 03:15:00
2026-03-01,Al-Jouf,Labour & HR Services,Call Center,"3,328",2275,61.5,18.4,22.05,3.72,90.0,3,TAYSEER_DWH,2026-07-09 03:15:00
2025-07-01,Al-Baha,Education & Training,Web Portal,3496,1711,55.3,8.3,6.21,null,98.5,2,TAYSEER_DWH,2026-07-09 03:15:00
2026-05-01,منطقة القصيم,Labour & HR Services,Web Portal,"9,491",5046,64.6,8.1,6.33,3.99,97.1,6,TAYSEER_DWH,2026-07-09 03:15:00
2025-11-01,Al-Baha,Education & Training,Call Center,3891,2473,56.0,15.8,17.95,3.91,88.8,5,REGIONAL_UPLOAD,2026-07-09 03:15:00
2025-11-01,Najran,Education & Training,Branch,6043,4995,55.3,26.3,47.17,3.63,91.0,7,TAYSEER_DWH,2026-07-09 03:15:00
2025-10-01,Hail,Labour & HR Services,Mobile App,12316,4587,64.2,6.8,3.99,4.45,99.5,4,TAYSEER_DWH,2026-07-09 03:15:00
2025-11-01,Makkah,Business & Licensing,Mobile App,124901,45965,59.9,11.6,5.18,,97.3,67,REGIONAL_UPLOAD,2026-07-09 03:15:00
2025-08-01,Asir,Health Services,Branch,25879,20484,59.4,26.2,55.62,3.56,90.9,18,TAYSEER_DWH,2026-07-09 03:15:00
2025-11-01,Northern Borders,Municipal Services,Call Center,2421,1503,62.6,19.9,26.81,3.89,89.0,2,REGIONAL_UPLOAD,2026-07-09 03:15:00
08-01-2025,'Asir,Education & Training,Web Portal,23046,12809,60.7,8.0,6.48,4.14,94.8,13,TAYSEER_DWH,2026-07-09 03:15:00
2026-02-01,Northern Borders,Social Support & Subsidies,Mobile App,4040,1565,60.2%,6.9,4.84,4.65,99.5,1,TAYSEER_DWH,2026-07-09 03:15:00
2025-08-01,Jazan,Identity & Civil Affairs,Web Portal,14437,7267,48.4,11.4,8.01,N/A,96.2,8,TAYSEER_DWH,2026-07-09 03:15:00
2025-10-01,Makkah,Traffic & Transport,Call Center,77264,47496,61.4,15.7,22.61,null,89.8,91,TAYSEER_DWH,2026-07-09 03:15:00
01/01/2026,Al-Jouf,Health Services,Mobile App,13419,5233,61.9,5.9,4.65,4.63,96.8,2,CHANNEL_API,2026-07-09 03:15:00
2026-01-01,Hail,Traffic & Transport,Web Portal,6792,3552,63.0,7.8,6.09,4.24,99.5,4,TAYSEER_DWH,2026-07-09 03:15:00
2025-07-01,Al-Jouf,Justice & Notary,Branch,"2,607",2115,58.1%,48.2,62.99,3.36,88.3,4,TAYSEER_DWH,2026-07-09 03:15:00
2025-09-01,Najran,Labour & HR Services,Web Portal,3519,1781,51.1,10.7,7.16,,97.7,3,TAYSEER_DWH,2026-07-09 03:15:00
2025-11-01,Makkah,Traffic & Transport,Mobile App,193054,77175,62.3,5.5,3.76,4.27,98.6,81,TAYSEER_DWH,2026-07-09 03:15:00
2025-07-01,Madinah,Labour & HR Services,Call Center,12825,8362,59.8,20.2,22.79,3.91,90.5,12,CHANNEL_API,2026-07-09 03:15:00
2025-11-01,Riyadh,Social Support & Subsidies,Web Portal,49957,25060,66.7,10.0,6.18,4.38,99.5,22,REGIONAL_UPLOAD,2026-07-09 03:15:00
2025-07-01,Makkah,Education & Training,Web Portal,66766,33373,62.6,7.7,NULL,4.08,99.5,41,TAYSEER_DWH,2026-07-09 03:15:00
2026-05-01,Hail,Justice & Notary,Web Portal,2503,1253,60.5,15.1,8.92,4.06,97.9,2,TAYSEER_DWH,2026-07-09 03:15:00
2026-03-01,Tabuk,Identity & Civil Affairs,Web Portal,9470,4731,64.4,10.1,6.73,3.99,97.9,7,TAYSEER_DWH,2026-07-09 03:15:00
Jun-2026,منطقة مكة المكرمة,Business & Licensing,mobile app,128367,48741,60.8,9.6,4.74,4.15,99.5,58,TAYSEER_DWH,2026-07-09 03:15:00
2026-03-01,Riyadh,Business & Licensing,Call Center,46182,29844,64.5,25.1,23.62,3.77,90.8,36,CHANNEL_API,2026-07-09 03:15:00
2025-08-01,Makkah,Education & Training,Web Portal,98896,48569,62.7,7.4,6.21,4.13,98.4,66,TAYSEER_DWH,2026-07-09 03:15:00
Mar-2026,Al-Baha,Business & Licensing,Mobile App,5787,2212,52.6,10.0,5.39,4.28,98.5,2,TAYSEER_DWH,2026-07-09 03:15:00
2025-09-01,Al-Baha,Traffic & Transport,Mobile App,"10,279",4019,55.6,5.1,4.01,4.42,98.8,4,TAYSEER_DWH,2026-07-09 03:15:00
2026-01-01,Madinah,Municipal Services,Branch,19350,15881,60.4,37.6,56.03,3.74,90.7,12,CHANNEL_API,2026-07-09 03:15:00
2026-03-01,Asir,Justice & Notary,Web Portal,6969,3595,55.8,17.4,9.11,3.95,97.7,6,TAYSEER_DWH,2026-07-09 03:15:00
Sep-2025,Al-Baha,Justice & Notary,Branch,2801,2282,50.3,174.4,69.43,3.16,81.0,4,TAYSEER_DWH,2026-07-09 03:15:00
2025-08-01,Northern Borders,Municipal Services,Call Center,2247,1552,62.1,20.3,26.51,3.72,91.4,2,CHANNEL_API,2026-07-09 03:15:00
2026-06-01,Al-Jouf,Health Services,Branch,6511,5274,63.3,24.0,49.6,3.76,89.0,8,TAYSEER_DWH,2026-07-09 03:15:00
2025-07-01,Jazan,Health Services,Mobile App,28540,11223,51.2,7.1,4.75,4.29,97.4,14,TAYSEER_DWH,2026-07-09 03:15:00
2025-12-01,Jazan,Health Services,WEB,"15,403",7757,51.6,10.8,7.69,4.01,94.9,8,TAYSEER_DWH,2026-07-09 03:15:00
2025-10-01,Northern Borders,Labour & HR Services,Web Portal,"2,526",1311,60.9,10.7,7.77,4.25,98.2,1,CHANNEL_API,2026-07-09 03:15:00
2025-09-01,Asir,Health Services,Mobile App,49355,20740,59.7,6.0,4.4,4.64,95.3,8,TAYSEER_DWH,2026-07-09 03:15:00
2025-11-01,Qassim,Social Support & Subsidies,Mobile App,20356,8460,64.6,6.2,3.78,4.29,96.6,9,TAYSEER_DWH,2026-07-09 03:15:00
2026-03-01,Al-Jouf,Justice & Notary,Call Center,2063,1334,59.5,27.0,27.9,-,90.7,2,TAYSEER_DWH,2026-07-09 03:15:00
2026-05-01,Tabuk,Justice & Notary,Branch,4656,3558,63.9,54.5,70.71,3.18,87.4,7,TAYSEER_DWH,2026-07-09 03:15:00
2026-02-01,منطقة المدينة المنورة,Identity & Civil Affairs,Call Center,18158,12096,60.6,18.7,21.86,4.24,91.1,10,TAYSEER_DWH,2026-07-09 03:15:00
2026-05-01,Hail,Traffic & Transport,Mobile App,17817,7069,63.7,5.3,3.82,4.58,99.5,5,REGIONAL_UPLOAD,2026-07-09 03:15:00
01/08/2025,Al-Baha,Traffic & Transport,Mobile App,8514,-,55.3,5.6,3.92,4.39,99.4,3,TAYSEER_DWH,2026-07-09 03:15:00
2025-08-01,Jazan,Traffic & Transport,Call Center,16211,10891,51.4,18.6,23.29,3.44,93.0,18,TAYSEER_DWH,2026-07-09 03:15:00
2026-05-01,Al-Baha,Business & Licensing,Call Center,3463,2341,53.0,31.5,29.52,3.74,88.6,4,TAYSEER_DWH,2026-07-09 03:15:00
2025-07-01,Al-Jouf,Justice & Notary,Mobile App,4230,1613,58.1,11.7,5.06,4.35,99.4,2,TAYSEER_DWH,2026-07-09 03:15:00
2026-02-01,Northern Borders,Municipal Services,Branch,2296,1904,62.2,37.5,69.06,3.55,89.3,3,TAYSEER_DWH,2026-07-09 03:15:00
2026-06-01,Asir,Justice & Notary,Branch,11673,9794,55.9,112.2,74.33,3.3,87.8,23,TAYSEER_DWH,2026-07-09 03:15:00
2026-01-01,Hail,Business & Licensing,Call Center,3760,2417,61.9,30.0,26.51,3.68,?,5,REGIONAL_UPLOAD,2026-07-09 03:15:00
2026-05-01,Najran,Education & Training,Branch,6599,5270,55.6,27.0,48.16,3.65,87.1,5,TAYSEER_DWH,2026-07-09 03:15:00
2026-03-01,المنطقة الشرقية,Identity & Civil Affairs,Branch,58831,49420,65.9,30.5,47.12,3.85,90.6,50,TAYSEER_DWH,2026-07-09 03:15:00
2026-04-01,Najran,Justice & Notary,Web Portal,1901,,50.6,18.2,8.69,4.04,96.7,1,REGIONAL_UPLOAD,2026-07-09 03:15:00
2025-11-01,Makkah,Labour & HR Services,Branch,74945,63711,61.0,32.1,50.19,3.38,87.4,101,REGIONAL_UPLOAD,2026-07-09 05:40:00
2025-12-01,Madinah,Identity & Civil Affairs,Call Center,23174,14640,60.3,17.1,22.61,4.06,88.5,11,TAYSEER_DWH,2026-07-09 03:15:00
2026-03-01,Riyadh,Education & Training,Call Center,47861,31829,69.3,11.8,17.43,N/A,87.3,28,TAYSEER_DWH,2026-07-09 03:15:00
2025-10-01,Asir,Health Services,Branch,27695,21762,59.1,22.4,52.91,3.77,92.2,27,TAYSEER_DWH,2026-07-09 03:15:00
2025-07-01,Eastern Province,Justice & Notary,Web Portal,21188,10348,64.5,0.0,7.78,4.09,99.5,11,CHANNEL_API,2026-07-09 03:15:00
2025-09-01,Northern Borders,Education & Training,Mobile App,10003,3845,62.1,5.1,4.12,4.62,98.3,2,REGIONAL_UPLOAD,2026-07-09 03:15:00
2025-08-01,Riyadh,Social Support & Subsidies,Call Center,33618,22535,65.8,17.4,19.73,3.96,93.0,24,TAYSEER_DWH,2026-07-09 03:15:00
2026-01-01,Qassim,Justice & Notary,Web Portal,5723,2991,62.9,15.2,7.83,3.9,97.7,4,CHANNEL_API,2026-07-09 03:15:00
03-01-2026,Eastern Province,Social Support & Subsidies,Branch,29450,23324,65.4,29.9,45.04,3.66,90.8,35,TAYSEER_DWH,2026-07-09 03:15:00
2025-12-01,Riyadh,Business & Licensing,Branch,56214,47612,64.5,41.3,51.72,3.62,91.9,72,TAYSEER_DWH,2026-07-09 03:15:00
2025-11-01,Tabuk,Labour & HR Services,Web Portal,6490,3313,66.4,10.4,NULL,null,98.0,5,TAYSEER_DWH,2026-07-09 03:15:00
2025-10-01,Tabuk,Traffic & Transport,Mobile App,21186,8071,63.7,5.8,4.57,4.18,97.5,8,TAYSEER_DWH,2026-07-09 03:15:00
2026-04-01,Riyadh,Municipal Services,Web Portal,58753,31264,65.4,10.9,-22.13,4.42,,21,TAYSEER_DWH,2026-07-09 03:15:00
2025-09-01,Northern Borders,Municipal Services,Branch,3239,2605,166.6,35.6,60.65,,88.0,3,TAYSEER_DWH,2026-07-09 03:15:00
2025-12-01,Jazan,Social Support & Subsidies,Web Portal,6932,3616,49.1,12.2,7.8,4.0,96.9,4,TAYSEER_DWH,2026-07-09 03:15:00
2025-11-01,Northern Borders,Municipal Services,Mobile App,6732,2613,62.6,7.2,5.27,4.61,98.7,1,TAYSEER_DWH,2026-07-09 03:15:00
2026-02-01,Najran,Labour & HR Services,Mobile App,7150,2837,51.7,6.0,4.18,4.43,99.5,3,TAYSEER_DWH,2026-07-09 03:15:00
2026-06-01,Tabuk,Education & Training,Branch,7293,5967,68.3,24.5,45.55,3.49,92.7,8,REGIONAL_UPLOAD,2026-07-09 03:15:00
04-01-2026,Tabuk,Municipal Services,Mobile App,17729,6579,63.8,7.7,4.31,4.15,96.8,10,TAYSEER_DWH,2026-07-09 03:15:00
Feb-2026,Al-Jouf,Traffic & Transport,Mobile App,11783,4779,65.7,5.5,4.15,4.32,98.4,4,TAYSEER_DWH,2026-07-09 03:15:00
2026-04-01,Al-Baha,Business & Licensing,Mobile App,6288,2430,53.0,10.7,5.53,4.26,99.5,4,TAYSEER_DWH,2026-07-09 03:15:00
2026-02-01,Madinah,Municipal Services,Branch,14585,11394,60.2,30.8,52.46,3.67,92.2,14,REGIONAL_UPLOAD,2026-07-09 03:15:00
2025-08-01,Najran,Social Support & Subsidies,Mobile App,5974,2226,52.0,6.9,4.22,4.48,96.4,2,REGIONAL_UPLOAD,2026-07-09 03:15:00
2025/09/01,Najran,Business & Licensing,Mobile App,6394,2491,51.4,11.0,5.19,4.22,99.5,3,TAYSEER_DWH,2026-07-09 03:15:00
2025-12-01,Madinah,Labour & HR Services,Branch,18048,14795,61.4,28.7,50.28,3.67,92.5,20,TAYSEER_DWH,2026-07-09 03:15:00
2025-07-01,Eastern Province,Business & Licensing,Call Center,23451,15564,63.9,27.5,25.04,3.69,90.2,17,TAYSEER_DWH,2026-07-09 03:15:00
2026-05-01,Jazan,Justice & Notary,Web  Portal,4451,2308,46.6,20.3,9.68,3.8,99.5,3,REGIONAL_UPLOAD,2026-07-09 03:15:00
2025-11-01,Northern Borders,Health Services,Mobile App,9147,3530,60.3,5.3,4.75,4.83,99.5,0,REGIONAL_UPLOAD,2026-07-09 03:15:00
2025-08-01,Asir,Justice & Notary,Branch,"10,599",8306,55.4,116.0,72.04,3.27,84.4,12,TAYSEER_DWH,2026-07-09 03:15:00
2025-12-01,Makkah,Municipal Services,Web Portal,"63,904",33576,60.6%,10.2,7.7,3.9,97.8,47,TAYSEER_DWH,2026-07-09 03:15:00
2026-06-01,Tabuk,Municipal Services,Mobile App,20103,7571,63.9,7.6,4.8,4.12,95.2,15,REGIONAL_UPLOAD,2026-07-09 03:15:00
2025-09-01,Jazan,Business & Licensing,Mobile App,19184,7329,48.0,11.8,5.75,4.06,99.5,8,TAYSEER_DWH,2026-07-09 03:15:00
2025-09-01,Hail,Labour & HR Services,CALL_CENTRE,3823,2498,64.5%,18.8,22.48,3.79,92.6,3,REGIONAL_UPLOAD,2026-07-09 03:15:00
2026-04-01,Asir,Municipal Services,Mobile App,40522,15318,61.4,7.1,4.71,4.23,99.5,19,TAYSEER_DWH,2026-07-09 03:15:00
2026-05-01,Jazan,Identity & Civil Affairs,Mobile App,35407,13924,49.1,7.1,5.2,4.13,?,19,TAYSEER_DWH,2026-07-09 03:15:00
2025-11-01,Qassim,Health Services,Branch,15085,12038,66.0,24.9,46.88,3.55,91.5,16,TAYSEER_DWH,2026-07-09 03:15:00
2025-07-01,Najran,Labour & HR Services,Call Center,4465,2851,51.5,20.8,23.98,3.65,91.3,5,TAYSEER_DWH,2026-07-09 03:15:00
2025-09-01,Madinah,Health Services,Branch,26297,20507,61.3%,27.3,48.64,3.74,89.7,21,TAYSEER_DWH,2026-07-09 03:15:00
2026-06-01,Makkah,Justice & Notary,Mobile App,88658,34250,60.6,10.4,5.29,4.11,94.1,50,CHANNEL_API,2026-07-09 03:15:00
01/04/2026,Asir,Social Support & Subsidies,Mobile App,25302,9732,56.7,6.8,4.68,4.45,99.1,7,REGIONAL_UPLOAD,2026-07-09 03:15:00
2026-02-01,Tabuk,Business & Licensing,Branch,4390,3701,64.0,48.8,65.81,3.2,89.8,7,TAYSEER_DWH,2026-07-09 03:15:00
2026/04/01,Najran,Municipal Services,Branch,6524,5403,51.2,38.5,53.5,3.44,90.0,8,TAYSEER_DWH,2026-07-09 03:15:00
2026-06-01,Northern Borders,Traffic & Transport,Call Center,3304,2135,61.7,14.6,23.53,3.93,92.6,3,TAYSEER_DWH,2026-07-09 03:15:00
2025-08-01,Madinah,Social Support & Subsidies,Branch,"13,262",11581,59.3,39.2,51.49,3.84,88.1,13,REGIONAL_UPLOAD,2026-07-09 03:15:00
2026-04-01,Najran,Municipal Services,Web Portal,3671,1906,51.2,11.4,8.22,4.05,99.5,3,CHANNEL_API,2026-07-09 03:15:00
2026-04-01,Madinah,Education & Training,Branch,17205,13826,65.3,23.1,44.41,3.88,90.6,18,TAYSEER_DWH,2026-07-09 03:15:00
2026-03-01,Hail,Traffic & Transport,Branch,"7,380",6278,63.6,24.2,49.53,3.53,86.6,7,TAYSEER_DWH,2026-07-09 03:15:00
2026-03-01,Qassim,Business & Licensing,Branch,9907,8437,64.9%,39.0,58.54,3.13,90.6,15,TAYSEER_DWH,2026-07-09 03:15:00
2026-06-01,Najran,Education & Training,Web Portal,3897,2048,55.3,8.8,n/a,4.12,97.9,3,TAYSEER_DWH,2026-07-09 03:15:00
2025-09-01,Makkah ,Traffic & Transport,Branch,93294,74164,61.3,25.6,47.27,3.31,88.1,112,REGIONAL_UPLOAD,2026-07-09 03:15:00
2026-02-01,Asir,Education & Training,Call Center,13876,8603,61.7,13.0,21.77,3.81,89.5,17,TAYSEER_DWH,2026-07-09 03:15:00
2025-08-01,'Asir,Traffic & Transport,Branch,24724,19403,59.5,23.8,50.91,3.52,86.2,29,TAYSEER_DWH,2026-07-09 03:15:00
2026-05-01,Al-Baha,Health Services,Web Portal,4262,2297,57.4,9.6,6.85,4.37,99.5,2,TAYSEER_DWH,2026-07-09 03:15:00
2026-03-01,Makkah,Social Support & Subsidies,Web Portal,46084,22743,60.7,10.4,6.38,4.17,97.5,26,TAYSEER_DWH,2026-07-09 03:15:00
2025-10-01,AL-JOUF,Social Support & Subsidies,Web Portal,2627,1345,60.9,10.1,6.5,4.27,99.3,1,REGIONAL_UPLOAD,2026-07-09 03:15:00
2025-07-01,Qassim,Education & Training,Branch,11446,9655,66.2,22.4,43.56,3.54,91.0,10,CHANNEL_API,2026-07-09 03:15:00
2026-06-01,Hail,Labour & HR Services,Mobile App,13900,5045,65.3,6.5,4.31,4.64,96.9,1,TAYSEER_DWH,2026-07-09 03:15:00
2026-06-01,Jazan,Business & Licensing,Mobile App,19085,7296,48.5,10.6,6.22,3.99,99.5,10,TAYSEER_DWH,2026-07-09 03:15:00
2025-08-01,Al-Jouf,Identity & Civil Affairs,Branch,6556,NA,62.8%,29.2,46.69,3.61,89.1,6,TAYSEER_DWH,2026-07-09 03:15:00
2025-10-01,Jazan,Business & Licensing,Web Portal,8056,3967,48.5,17.4,10.47,3.81,98.3,7,TAYSEER_DWH,2026-07-09 03:15:00
2026-06-01,Al-Jouf,Education & Training,Call Center,3590,2403,63.3,14.3,18.36,3.9,93.4,3,CHANNEL_API,2026-07-09 03:15:00
01/11/2025,Eastern Province,Traffic & Transport,Web Portal,"51,080",26324,67.8,7.2,5.71,4.3,98.0,25,REGIONAL_UPLOAD,2026-07-09 03:15:00
12-01-2025,Tabuk,Traffic & Transport,Mobile App,29765,11524,63.7,5.8,4.25,4.12,96.7,22,TAYSEER_DWH,2026-07-09 03:15:00
2026-06-01,Jazan,Business & Licensing,Call Center,12579,7889,48.5,29.3,31.82,3.59,88.4,16,REGIONAL_UPLOAD,2026-07-09 03:15:00
2025-10-01,Makkah,Education & Training,Mobile App,170787,64889,63.4,5.4,3.56,4.52,95.6,47,REGIONAL_UPLOAD,2026-07-09 03:15:00
2025-11-01,Najran,Municipal Services,Web Portal,3990,1966,51.4,9.7,8.09,4.03,97.0,3,TAYSEER_DWH,2026-07-09 03:15:00
2026-03-01,Jazan,Identity & Civil Affairs,Web Portal,12643,6676,49.1,9.5,8.03,4.05,97.6,10,CHANNEL_API,2026-07-09 03:15:00
2026-02-01,AL-JOUF,Business & Licensing,Mobile App,6924,2775,60.6,9.1,4.92,4.37,94.4,2,REGIONAL_UPLOAD,2026-07-09 03:15:00
2026-01-01,Al-Baha,Municipal Services,Call Center,3899,2542,53.5,23.1,25.84,3.68,89.9,4,REGIONAL_UPLOAD,2026-07-09 03:15:00
2025-08-01,Jazan,Municipal Services,Mobile App,19794,7650,48.7,7.7,5.77,4.01,95.1,9,TAYSEER_DWH,2026-07-09 03:15:00
2025-08-01,Northern Borders,Municipal Services,Web Portal,2860,1476,62.1,11.9,8.37,4.24,97.0,2,REGIONAL_UPLOAD,2026-07-09 03:15:00
03-01-2026,المنطقة الشرقية,Justice & Notary,Web Portal,20792,10218,66.2,16.6,,4.08,97.7,14,REGIONAL_UPLOAD,2026-07-09 03:15:00
2025-07-01,Riyadh,Traffic & Transport,Web Portal,89307,43364,66.9,7.0,5.38,4.31,98.4,20,TAYSEER_DWH,2026-07-09 03:15:00
2026-02-01,Makkah,Justice & Notary,Call Center,27172,17070,60.2,31.8,27.95,3.56,90.7,34,REGIONAL_UPLOAD,2026-07-09 03:15:00
2025-12-01,Qassim,Social Support & Subsidies,Call Center,6762,4522,64.4,17.8,21.09,3.64,86.7,9,CHANNEL_API,2026-07-09 03:15:00
2026-05-01,Qassim,Social Support & Subsidies,Branch,8395,7276,65.7,30.0,52.97,3.4,89.2,8,TAYSEER_DWH,2026-07-09 03:15:00
2025-07-01,Najran,Municipal Services,Call Center,4940,3283,50.5,22.3,23.54,3.61,89.4,6,REGIONAL_UPLOAD,2026-07-09 03:15:00
06-01-2026,Al-Baha,Education & Training,Web Portal,2822,1456,56.9%,8.0,6.32,4.38,99.5,1,CHANNEL_API,2026-07-09 03:15:00
2026-01-01,Jazan,Business & Licensing,Branch,16260,13719,47.8,127.1,73.21,3.03,82.5,23,TAYSEER_DWH,2026-07-09 03:15:00
2025-08-01,Northern Borders,Traffic & Transport,Mobile App,7811,3130,61.1,5.3,4.2,-,97.6,3,TAYSEER_DWH,2026-07-09 03:15:00
2026-03-01,Al-Baha,Business & Licensing,Call Center,3139,1978,52.6,29.3,-30.76,3.67,87.6,3,TAYSEER_DWH,2026-07-09 03:15:00
2025-07-01,Al-Jouf,Municipal Services,Branch,4077,3325,61.7,36.9,53.72,3.26,89.5,5,TAYSEER_DWH,2026-07-09 03:15:00
2025-08-01,Jazan,Traffic & Transport,Mobile App,26731,10437,51.4,5.8,4.5,4.21,99.2,17,REGIONAL_UPLOAD,2026-07-09 03:15:00
2025-12-01,Tabuk,Health Services,Call Center,9330,6072,63.6,18.9,24.61,3.83,93.9,10,TAYSEER_DWH,2026-07-09 03:15:00
2026-06-01,Tabuk,Education & Training,Mobile App,19434,7508,68.3,4.5,n/a,4.29,99.5,9,TAYSEER_DWH,2026-07-09 03:15:00
11-01-2025,Tabuk,Labour & HR Services,Branch,7426,6239,66.4,30.7,48.41,3.29,84.8,8,TAYSEER_DWH,2026-07-09 03:15:00
2026-02-01,Jazan,Social Support & Subsidies,Branch,"9,480",7610,49.0,32.2,57.45,3.38,89.2,14,TAYSEER_DWH,2026-07-09 03:15:00
2025-07-01,Najran,Health Services,Web Portal,5305,2707,50.8,9.1,7.36,4.12,97.0,4,TAYSEER_DWH,2026-07-09 03:15:00
2025-12-01,Riyadh,Traffic & Transport,Branch,101806,85596,67.1%,22.6,42.18,3.53,87.0,113,TAYSEER_DWH,2026-07-09 03:15:00
2025-09-01,Madinah,Business & Licensing,Branch,16039,13103,59.5,48.8,62.65,3.7,87.1,13,TAYSEER_DWH,2026-07-09 03:15:00
2025-08-01,Riyadh ,Municipal Services,Call Center,49753,33536,64.9%,21.3,19.74,3.79,89.2,32,TAYSEER_DWH,2026-07-09 03:15:00
2025-11-01,Jazan,Education & Training,Branch,18359,14957,51.1,23.0,51.1,,90.6,27,TAYSEER_DWH,2026-07-09 03:15:00
2025-09-01,Riyadh,Business & Licensing,web portal,47778,25079,63.4,13.7,6.85,4.18,97.7,18,REGIONAL_UPLOAD,2026-07-09 03:15:00
2025-08-01,Hail,Traffic & Transport,Branch,8129,6279,61.8,24.0,49.44,3.39,90.7,9,TAYSEER_DWH,2026-07-09 03:15:00
2025-11-01,Tabuk,Justice & Notary,Call Center,3589,2354,63.9,35.4,27.13,3.34,90.7,6,TAYSEER_DWH,2026-07-09 03:15:00
2025-08-01,Al-Jouf,Labour & HR Services,Mobile App,"7,281",2685,60.4,6.3,4.09,4.46,99.5,2,TAYSEER_DWH,2026-07-09 03:15:00
04-01-2026,Qassim,Social Support & Subsidies,Mobile App,19407,7169,65.8,6.2,4.01,4.43,99.5,5,TAYSEER_DWH,2026-07-09 03:15:00
2026-01-01,Eastern Province,Traffic & Transport,Call Center,34105,20612,68.4,14.8,18.94,3.89,89.4,24,TAYSEER_DWH,2026-07-09 03:15:00
2026-05-01,Eastern Province,Municipal Services,Branch,36929,30166,68.2%,31.1,56.02,3.59,93.6,42,TAYSEER_DWH,2026-07-09 03:15:00
Dec-2025,Qassim,Traffic & Transport,Branch,18702,15287,65.6,21.6,47.33,3.36,85.7,20,REGIONAL_UPLOAD,2026-07-09 03:15:00
01/03/2026,Makkah,Education & Training,Web Portal,62477,32210,63.9,7.6,6.29,4.18,98.1,35,TAYSEER_DWH,2026-07-09 03:15:00
2025-07-01,Al-Jouf,Justice & Notary,Mobile App,4230,1613,58.1,11.7,5.06,4.35,99.4,2,TAYSEER_DWH,2026-07-09 03:15:00
2026-06-01,Makkah,Municipal Services,Call Center,64189,41848,62.0,21.2,,3.59,90.9,70,TAYSEER_DWH,2026-07-09 03:15:00
2025/07/01,Al-Jouf,Identity & Civil Affairs,Call Center,4606,2970,62.4,16.0,22.06,3.89,88.9,2,TAYSEER_DWH,2026-07-09 03:15:00
2025-08-01,Najran,Health Services,Mobile App,12351,4824,51.1,5.4,4.57,4.55,96.3,4,TAYSEER_DWH,2026-07-09 03:15:00
2026-06-01,Jazan,Municipal Services,Mobile App,26024,10079,49.7,7.7,4.79,4.01,96.1,13,TAYSEER_DWH,2026-07-09 03:15:00
2026-01-01,Madinah,Identity & Civil Affairs,Branch,28610,24111,60.7,30.9,50.44,3.69,90.5,36,TAYSEER_DWH,2026-07-09 03:15:00
2025-11-01,Makkah,Traffic & Transport,Branch,99003,80636,62.3,26.0,46.65,3.34,90.3,136,CHANNEL_API,2026-07-09 03:15:00
2026-05-01,Madinah,Health Services,Call Center,27553,17825,63.0,16.8,22.04,4.18,90.9,17,TAYSEER_DWH,2026-07-09 03:15:00
2026-02-01,Najran,Social Support & Subsidies,Call Center,3172,,52.0,19.6,23.13,null,89.5,4,TAYSEER_DWH,2026-07-09 03:15:00
2026-02-01,Northern Border,Labour & HR Services,Mobile App,5225,2068,61.3,6.6,4.58,4.66,99.5,1,TAYSEER_DWH,2026-07-09 03:15:00
2025-11-01,Jazan,Justice & Notary,Mobile App,11514,4505,46.0,13.3,6.42,3.96,,9,TAYSEER_DWH,2026-07-09 03:15:00
2026-06-01,Al-Jouf,Justice & Notary,Call Center,2177,1336,60.1,32.8,29.47,3.64,89.9,2,TAYSEER_DWH,2026-07-09 03:15:00
2025-07-01,Qassim,Justice & Notary,Branch,6601,5506,61.3,46.8,62.14,3.16,90.0,10,TAYSEER_DWH,2026-07-09 03:15:00
2025-08-01,Makkah,Justice & Notary,Branch,39781,34626,59.5,106.9,68.68,3.18,86.3,42,REGIONAL_UPLOAD,2026-07-09 03:15:00
2026-06-01,Najran,Traffic & Transport,Call Center,"7,123",4765,54.2,18.3,21.3,3.7,86.0,7,TAYSEER_DWH,2026-07-09 03:15:00
2025-08-01,Eastern Province,Justice & Notary,Mobile App,49393,18979,64.7,10.6,5.0,4.32,97.5,19,TAYSEER_DWH,2026-07-09 03:15:00
2025-07-01,Northern Borders,Municipal Services,Branch,"3,072",,61.9,32.4,58.06,3.48,87.8,4,TAYSEER_DWH,2026-07-09 03:15:00
2025-11-01,Qassim,Labour & HR Services,Call Center,8074,5151,63.8,18.0,,3.66,91.3,9,TAYSEER_DWH,2026-07-09 03:15:00
2026-03-01,Tabuk,Identity & Civil Affairs,Call Center,9119,5974,64.4,20.3,20.38,3.67,91.0,6,TAYSEER_DWH,2026-07-09 03:15:00
2026-01-01,Al-Jouf,Health Services,Web Portal,5433,,61.9,7.8,6.44,4.43,99.4,2,TAYSEER_DWH,2026-07-09 03:15:00
2025-09-01,Najran,Municipal Services,Branch,6887,5618,50.7,30.8,56.31,3.36,88.9,11,REGIONAL_UPLOAD,2026-07-09 03:15:00
2025-07-01,Najran,Business & Licensing,Call Center,4055,2534,155.3,33.4,25.55,3.54,88.5,4,TAYSEER_DWH,2026-07-09 03:15:00
2025-12-01,Makkah ,Identity & Civil Affairs,Call Center,76612,50283,65.8,18.1,22.93,3.76,94.3,55,TAYSEER_DWH,2026-07-09 03:15:00
2026-06-01,Makkah,Identity & Civil Affairs,Call Center,76553,48370,66.3,19.2,21.7,3.82,90.1,64,TAYSEER_DWH,2026-07-09 03:15:00
2026-06-01,Eastern Province,Justice & Notary,Web Portal,19755,10059,66.3,16.9,8.43,,98.8,9,REGIONAL_UPLOAD,2026-07-09 03:15:00
2026-05-01,Qassim,Labour & HR Services,Call Center,7531,5108,64.6,19.1,NULL,3.58,93.1,8,REGIONAL_UPLOAD,2026-07-09 03:15:00
2025-09-01,Qassim,Business & Licensing,Web Portal,8667,4304,63.7,13.0,8.25,3.88,99.5,8,TAYSEER_DWH,2026-07-09 03:15:00
Mar-2026,Najran,Business & Licensing,Mobile App,7616,2916,51.6,9.4,5.33,4.19,97.1,4,TAYSEER_DWH,2026-07-09 03:15:00
2026-03-01,Northern Borders,Municipal Services,Portal,"2,449",1258,62.6,10.4,8.29,4.31,97.0,1,REGIONAL_UPLOAD,2026-07-09 03:15:00
2026-04-01,Al-Baha,Justice & Notary,Web Portal,1438,740,50.6,17.8,9.41,4.06,96.0,1,TAYSEER_DWH,2026-07-09 03:15:00
2026-04-01,Riyadh,Identity & Civil Affairs,branch,89960,72804,67.8,25.5,43.49,3.83,88.1,59,TAYSEER_DWH,2026-07-09 03:15:00
2025-08-01,Tabuk,Traffic & Transport,Web Portal,8890,4539,62.7,8.4,6.92,3.85,97.8,6,TAYSEER_DWH,2026-07-09 03:15:00
2025-10-01,Najran,Labour & HR Services,Mobile App,8534,3267,50.8,6.2,4.87,4.28,95.2,4,TAYSEER_DWH,2026-07-09 03:15:00
2025-11-01,Tabuk,Business & Licensing,Branch,6799,5492,63.0,47.3,62.49,3.06,90.1,10,TAYSEER_DWH,2026-07-09 03:15:00
2026-02-01,Al-Baha,Identity & Civil Affairs,Call Center,4341,2734,56.0,18.8,21.63,3.89,90.8,3,TAYSEER_DWH,2026-07-09 03:15:00
2026-01-01,Northern Borders,Identity & Civil Affairs,Web Portal,3600,1756,62.5,9.7,7.49,4.34,97.3,1,CHANNEL_API,2026-07-09 03:15:00
2026-06-01,Northern Borders,Justice & Notary,Branch,1835,1479,59.5,56.3,69.09,3.62,91.7,2,TAYSEER_DWH,2026-07-09 03:15:00
May-2026,Jazan,Identity & Civil Affairs,Call Center,24326,16259,49.1,18.8,24.91,3.76,92.6,23,TAYSEER_DWH,2026-07-09 03:15:00
2026-01-01,Madinah,Social Support & Subsidies,Branch,13879,11406,60.7,31.7,54.97,3.83,87.1,12,TAYSEER_DWH,2026-07-09 03:15:00
2025-12-01,Asir,Traffic & Transport,Mobile App,65238,25590,60.0,5.8,4.22,4.38,99.5,26,CHANNEL_API,2026-07-09 03:15:00
2025-08-01,Madinah,Labour & HR Services,Web Portal,13196,7147,60.6,9.7,6.7,4.43,95.7,4,TAYSEER_DWH,2026-07-09 03:15:00
2026-04-01,Tabuk,Identity & Civil Affairs,Branch,11604,9436,64.5,30.6,53.32,3.44,90.0,12,TAYSEER_DWH,2026-07-09 03:15:00
2026-06-01,Al-Jouf,Business & Licensing,Mobile App,8437,3266,61.5,9.4,5.05,4.43,98.3,3,TAYSEER_DWH,2026-07-09 03:15:00
08-01-2025,Jazan,Education & Training,Call Center,20370,13253,50.2,16.4,22.78,3.74,90.6,18,REGIONAL_UPLOAD,2026-07-09 03:15:00
2026-01-01,Jazan,Identity & Civil Affairs,Web Portal,12140,6118,48.9,10.6,7.77,3.98,95.9,10,TAYSEER_DWH,2026-07-09 03:15:00
2026-04-01,Asir,Social Support & Subsidies,Call Center,12126,7942,56.7,18.1,23.57,3.8,92.1,14,TAYSEER_DWH,2026-07-09 03:15:00
2025-07-01,Riyadh,Labour & HR Services,Call Center,40123,25904,68.4,15.5,21.35,3.8,90.3,45,TAYSEER_DWH,2026-07-09 03:15:00
2026-01-01,Al-Jouf,Identity & Civil Affairs,Call Center,5168,3264,63.7,16.1,21.93,3.98,89.3,4,CHANNEL_API,2026-07-09 03:15:00
Sep-2025,Asir,Social Support & Subsidies,Web Portal,"11,434",5790,56.9,8.8,7.41,4.28,99.5,5,TAYSEER_DWH,2026-07-09 03:15:00
2025-07-01,Eastern Province,Labour & HR Services,Mobile App,83427,32416,65.8%,6.8,4.07,4.47,97.8,31,TAYSEER_DWH,2026-07-09 03:15:00
2025-08-01,Qassim,Justice & Notary,Web Portal,5191,2721,61.1,15.8,8.65,3.8,98.4,5,REGIONAL_UPLOAD,2026-07-09 03:15:00
2025-09-01,Jazan,Traffic & Transport,Call Center,17127,11117,51.3,17.4,22.97,3.52,88.4,15,TAYSEER_DWH,2026-07-09 03:15:00
01/03/2026,Hail,Labour & HR Services,Web Portal,4569,2424,65.3,9.7,6.21,4.27,97.9,2,REGIONAL_UPLOAD,2026-07-09 03:15:00
2026-01-01,Jazan,Education & Training,Branch,"18,509",15396,50.6,24.9,49.12,3.48,90.8,18,CHANNEL_API,2026-07-09 03:15:00
2026-03-01,Qassim,Justice & Notary,Branch,6606,5407,62.9,40.7,63.02,3.29,88.3,10,CHANNEL_API,2026-07-09 03:15:00
2025-12-01,Najran,Business & Licensing,web portal,3445,1873,51.0,16.5,8.58,3.82,99.5,4,TAYSEER_DWH,2026-07-09 03:15:00
2025-12-01,Al-Jouf,Identity & Civil Affairs,Mobile App,"13,600",5139,63.6,6.3,3.99,4.64,99.5,3,TAYSEER_DWH,2026-07-09 03:15:00
2025-11-01,منطقة الباحة,Justice & Notary,Call Center,2164,1324,50.7,34.0,25.31,3.63,93.0,2,REGIONAL_UPLOAD,2026-07-09 03:15:00
2025-10-01,Eastern Province,Identity & Civil Affairs,Web Portal,55393,29205,64.9,9.5,6.22,4.33,99.5,28,TAYSEER_DWH,2026-07-09 03:15:00
2026-03-01,Eastern Province,Justice & Notary,Branch,22387,17546,66.2,47.8,61.88,3.46,88.4,23,TAYSEER_DWH,2026-07-09 03:15:00
Nov-2025,Northern Borders,Education & Training,Web Portal,2711,1448,62.8,8.2,6.43,4.48,99.4,1,REGIONAL_UPLOAD,2026-07-09 03:15:00
2026-05-01,Tabuk,Labour & HR Services,branch,6548,5102,67.1,29.0,54.17,3.31,88.2,8,TAYSEER_DWH,2026-07-09 03:15:00
2025-09-01,asir,Identity & Civil Affairs,Mobile App,59077,22582,61.7,7.2,4.38,4.6,98.9,14,TAYSEER_DWH,2026-07-09 03:15:00
2025-08-01,Riyadh,Health Services,Branch,80702,65912,67.2,25.5,42.91,3.86,90.9,54,TAYSEER_DWH,2026-07-09 03:15:00
2025-10-01,Hail,Justice & Notary,Mobile App,6692,2697,58.9,11.5,5.66,4.39,96.1,2,TAYSEER_DWH,2026-07-09 03:15:00
2025/07/01,Medina,Health Services,Call Center,18014,11637,61.3,16.7,21.25,4.13,87.7,12,TAYSEER_DWH,2026-07-09 03:15:00
01/03/2026,Al-Baha,Traffic & Transport,Mobile App,"9,876",3714,56.5,5.5,4.48,4.43,98.7,3,TAYSEER_DWH,2026-07-09 03:15:00
2026-01-01,Eastern Province,Identity & Civil Affairs,Branch,57668,46594,65.8,28.4,47.57,3.76,93.1,53,REGIONAL_UPLOAD,2026-07-09 03:15:00
2026-06-01,Qassim,Business & Licensing,callcenter,7991,5331,64.9,27.9,27.26,3.53,89.7,10,TAYSEER_DWH,2026-07-09 03:15:00
2026-04-01,Riyadh,Identity & Civil Affairs,Call Center,75426,50460,67.8,16.8,19.54,4.04,88.8,49,TAYSEER_DWH,2026-07-09 03:15:00
2025-10-01,Qassim,Municipal Services,Branch,"12,280",10025,62.5,34.7,49.81,3.31,91.0,16,REGIONAL_UPLOAD,2026-07-09 03:15:00
2025-09-01,Al-Baha,Health Services,Web Portal,4492,2363,56.8,9.2,7.38,4.36,95.9,2,REGIONAL_UPLOAD,2026-07-09 03:15:00
2026-06-01,Hail,Labour & HR Services,Call Center,4489,2842,106.6,17.9,20.81,4.05,93.5,3,TAYSEER_DWH,2026-07-09 03:15:00
2026-02-01,Riyadh,Social Support & Subsidies,Call Center,"30,948",20911,67.4,18.3,20.03,3.96,91.2,30,TAYSEER_DWH,2026-07-09 03:15:00
2026-01-01,N. Borders,Business & Licensing,Web Portal,2121,1074,60.1,16.6,8.06,4.06,99.5,1,TAYSEER_DWH,2026-07-09 03:15:00
2025-11-01,Al-Jouf,Business & Licensing,Branch,3847,3227,60.8,44.3,62.69,3.41,90.7,4,CHANNEL_API,2026-07-09 03:15:00
2026-04-01,Madinah,Labour & HR Services,Mobile App,33382,12428,62.2,6.5,3.82,4.81,99.5,1,TAYSEER_DWH,2026-07-09 03:15:00
2025-07-01,Al-Jouf,Social Support & Subsidies,Web Portal,2854,1496,60.9,10.3,6.91,4.42,97.3,1,TAYSEER_DWH,2026-07-09 03:15:00
2025-10-01,Najran,Education & Training,Call Center,5105,3172,55.1,14.9,20.66,3.85,95.5,4,TAYSEER_DWH,2026-07-09 03:15:00
2025-08-01,Makkah,Business & Licensing,Call Center,"45,740",,60.1,30.9,26.8,3.54,89.0,27,TAYSEER_DWH,2026-07-09 03:15:00
2026/04/01,Al-Baha,Social Support & Subsidies,Call Center,2571,1703,54.0%,19.9,25.35,3.87,91.1,2,TAYSEER_DWH,2026-07-09 03:15:00
2026-01-01,Makkah,Traffic & Transport,Branch,94579,77106,62.7,27.0,-27.43,3.42,90.7,127,TAYSEER_DWH,2026-07-09 03:15:00
2026-04-01,Najran,Health Services,Web Portal,4745,2538,51.5,10.3,7.33,4.28,98.0,2,TAYSEER_DWH,2026-07-09 03:15:00
2025-12-01,Madinah,Identity & Civil Affairs,Web Portal,20289,10648,60.3,9.9,6.69,4.62,99.5,4,TAYSEER_DWH,2026-07-09 03:15:00
04-01-2026,Qassim,Education & Training,Branch,10481,8722,68.0,23.1,43.94,3.46,91.1,13,REGIONAL_UPLOAD,2026-07-09 05:40:00
2025-07-01,Hail,Municipal Services,Web Portal,5240,2807,62.7,10.3,7.56,4.16,99.4,3,REGIONAL_UPLOAD,2026-07-09 03:15:00
2026-02-01,AR RIYADH,Education & Training,Branch,44283,36523,68.6,19.5,39.98,3.87,88.5,29,TAYSEER_DWH,2026-07-09 03:15:00
2026-05-01,Eastern Province,Traffic & Transport,Mobile App,130853,48380,68.1,4.9,3.8,N/A,98.8,52,CHANNEL_API,2026-07-09 03:15:00
2025-11-01,Al-Baha,Labour & HR Services,Web Portal,2783,1327,129.1,10.1,6.71,4.33,96.0,1,TAYSEER_DWH,2026-07-09 03:15:00
Jul-2025,Al-Jouf,Justice & Notary,Web Portal,2074,1049,58.1,18.0,8.3,4.12,94.3,1,REGIONAL_UPLOAD,2026-07-09 03:15:00
2026-04-01,Al-Baha,Labour & HR Services,Mobile App,7404,2879,57.3,6.5,4.4,4.33,96.2,2,TAYSEER_DWH,2026-07-09 03:15:00
2026-01-01,Al-Jouf,Identity & Civil Affairs,Branch,6126,4982,63.7,30.1,NULL,3.63,90.6,6,REGIONAL_UPLOAD,2026-07-09 03:15:00
2025-07-01,Tabuk,Justice & Notary,Call Center,3145,2070,62.2,33.3,30.77,3.56,87.3,4,TAYSEER_DWH,2026-07-09 03:15:00
2025-11-01,Eastern Province,Justice & Notary,Call Center,17477,11337,65.5,28.4,27.44,3.68,92.6,13,TAYSEER_DWH,2026-07-09 03:15:00
2025-12-01,Makkah,Business & Licensing,Mobile App,132143,51726,60.4,8.4,5.2,4.21,95.3,82,TAYSEER_DWH,2026-07-09 03:15:00
2026-02-01,Eastern Province,Identity & Civil Affairs,Call Center,38813,24239,65.6,17.0,20.17,4.0,92.2,25,TAYSEER_DWH,2026-07-09 03:15:00
2025-09-01,Al-Jouf,Justice & Notary,Branch,3019,2419,58.3,49.8,67.86,3.46,87.3,3,TAYSEER_DWH,2026-07-09 03:15:00
2025-09-01,Al-Baha,Traffic & Transport,Call Center,4790,3077,55.6,16.2,,3.81,94.6,6,TAYSEER_DWH,2026-07-09 03:15:00
2025-07-01,Eastern Province,Social Support & Subsidies,Branch,27593,22537,64.0,31.6,45.82,3.73,90.0,28,TAYSEER_DWH,2026-07-09 03:15:00
2025-11-01,Al-Baha,Municipal Services,Branch,5055,4126,53.4,37.2,55.76,3.43,88.3,4,REGIONAL_UPLOAD,2026-07-09 03:15:00
2025-07-01,Hail,Social Support & Subsidies,Mobile App,8177,3261,61.3,7.5,4.02,4.67,99.2,1,TAYSEER_DWH,2026-07-09 03:15:00
2025-11-01,Riyadh,Traffic & Transport,Mobile App,214846,82042,67.0,5.1,3.28,4.51,99.5,67,TAYSEER_DWH,2026-07-09 03:15:00
2026-01-01,Riyadh,Business & Licensing,Call Center,40768,26301,64.1,24.1,,3.89,90.8,30,TAYSEER_DWH,2026-07-09 03:15:00
2026-04-01,Makkah,Justice & Notary,CALL_CENTRE,33068,21155,60.8,32.9,30.01,3.7,87.5,28,TAYSEER_DWH,2026-07-09 03:15:00
2026-04-01,Hail,Traffic & Transport,Call Center,5970,4088,63.6,17.6,20.24,3.83,89.8,6,CHANNEL_API,2026-07-09 03:15:00
2025-07-01,Tabuk,Identity & Civil Affairs,Branch,12122,9380,101.8,37.6,47.65,3.38,91.5,17,TAYSEER_DWH,2026-07-09 03:15:00
2025-10-01,AR RIYADH,Municipal Services,Web Portal,62534,31925,64.9,9.5,6.08,4.32,98.2,32,TAYSEER_DWH,2026-07-09 03:15:00
2026-01-01,Asir,Education & Training,Call Center,14116,8946,62.2,14.5,20.93,3.83,92.7,13,TAYSEER_DWH,2026-07-09 03:15:00
2026-05-01,Asir,Social Support & Subsidies,Branch,16388,12713,57.1,31.8,54.37,3.56,86.1,17,TAYSEER_DWH,2026-07-09 03:15:00
2025-10-01,Hail,Traffic & Transport,Call Center,5631,3701,62.5,14.2,21.71,3.89,86.6,4,CHANNEL_API,2026-07-09 03:15:00
2025-07-01,Asir,Justice & Notary,Call Center,8478,4923,55.7,33.9,30.05,3.69,89.0,10,TAYSEER_DWH,2026-07-09 03:15:00
2025-08-01,Northern Borders,Business & Licensing,Mobile App,4849,1880,59.4,10.5,5.86,4.46,98.0,2,TAYSEER_DWH,2026-07-09 03:15:00
01/11/2025,Hail,Traffic & Transport,Branch,7640,6170,63.5,23.4,47.32,3.64,91.3,8,TAYSEER_DWH,2026-07-09 03:15:00
2025-11-01,Najran,Justice & Notary,Call Center,3157,1995,50.0,33.6,26.49,3.52,91.5,4,TAYSEER_DWH,2026-07-09 03:15:00
2025-09-01,Asir,Labour & HR Services,Call Center,14906,10015,59.0,16.3,24.99,3.81,87.5,11,REGIONAL_UPLOAD,2026-07-09 03:15:00
2026/02/01,Eastern Province,Social Support & Subsidies,Mobile App,60794,24523,65.5,6.8,4.35,4.56,97.9,18,CHANNEL_API,2026-07-09 03:15:00
2026-03-01,Jazan,Social Support & Subsidies,Call Center,10499,6666,49.3,20.9,26.43,3.64,92.3,11,REGIONAL_UPLOAD,2026-07-09 03:15:00
Sep-2025,QASSIM,Traffic & Transport,Call Center,10458,6472,65.6,15.6,20.85,3.64,92.0,12,TAYSEER_DWH,2026-07-09 03:15:00
2026-01-01,Qassim,Education & Training,Call Center,8157,5194,67.1,14.4,18.96,3.8,91.9,9,TAYSEER_DWH,2026-07-09 03:15:00
2026-01-01,Najran ,Social Support & Subsidies,Branch,"4,820",4076,52.3,32.1,55.18,3.38,88.8,6,CHANNEL_API,2026-07-09 03:15:00
2025-07-01,Al-Jouf,Business & Licensing,Web Portal,3106,1534,59.8,0.0,8.33,3.97,95.4,3,TAYSEER_DWH,2026-07-09 03:15:00
2026-05-01,Riyadh,Traffic & Transport,Branch,82947,68300,68.2,23.8,39.94,3.7,88.6,99,TAYSEER_DWH,2026-07-09 03:15:00
2025-09-01,Al-Baha,Education & Training,Web Portal,4911,2388,55.9,6.8,6.2,4.37,97.7,2,TAYSEER_DWH,2026-07-09 03:15:00
2026-02-01,Northern Borders,Business & Licensing,Branch,"1,923",1668,60.1,39.0,69.27,3.71,88.3,1,CHANNEL_API,2026-07-09 03:15:00
2025-08-01,Jazan,Justice & Notary,Call Center,7476,4834,46.0,34.3,34.62,3.4,90.9,10,TAYSEER_DWH,2026-07-09 03:15:00
2026-03-01,Makkah,Identity & Civil Affairs,Web Portal,86468,42318,66.1,10.8,6.61,4.16,99.3,44,TAYSEER_DWH,2026-07-09 03:15:00
2025-07-01,Tabuk,Labour & HR Services,Branch,6686,5675,65.4,29.4,51.1,3.37,89.3,10,CHANNEL_API,2026-07-09 03:15:00
May-2026,Jazan,Justice & Notary,Branch,10219,8838,46.6,129.5,71.46,3.04,87.1,12,TAYSEER_DWH,2026-07-09 03:15:00
2025-10-01,Makkah,Social Support & Subsidies,Branch,57855,49734,59.5,32.8,55.36,3.58,88.1,49,TAYSEER_DWH,2026-07-09 03:15:00
Sep-2025,Jazan,Traffic & Transport,Branch,23449,19972,51.3,25.1,52.6,3.15,86.0,37,TAYSEER_DWH,2026-07-09 03:15:00
01/04/2026,Al-Jouf,Municipal Services,Call Center,3614,2366,62.7%,19.9,23.63,3.77,92.9,4,CHANNEL_API,2026-07-09 03:15:00
2025-11-01,Najran,Municipal Services,Branch,6400,5008,51.4,31.3,50.88,N/A,88.4,8,TAYSEER_DWH,2026-07-09 03:15:00
07-01-2025,Northern Borders,Identity & Civil Affairs,Branch,4542,3845,62.2,30.0,,3.74,88.8,4,TAYSEER_DWH,2026-07-09 03:15:00
2025-11-01,najran,Education & Training,Mobile App,"9,328",3434,55.3,6.3,3.88,4.31,93.7,4,TAYSEER_DWH,2026-07-09 03:15:00
2026-05-01,Madinah,Traffic & Transport,Mobile App,71799,29174,62.0,5.2,4.01,4.71,99.5,7,REGIONAL_UPLOAD,2026-07-09 03:15:00
2025-07-01,Hail,Business & Licensing,Call Center,3666,2540,60.4%,30.9,24.89,3.81,92.0,3,TAYSEER_DWH,2026-07-09 03:15:00
2026-01-01,Hail,Municipal Services,Call Center,"4,803",3014,65.0,21.5,24.49,null,91.3,3,REGIONAL_UPLOAD,2026-07-09 03:15:00
2025-10-01,jazan ,Justice & Notary,Branch,11290,9570,45.8,140.8,67.95,2.88,83.7,23,TAYSEER_DWH,2026-07-09 03:15:00
2025-10-01,Madinah,Labour & HR Services,Call Center,13710,8670,61.0,19.9,20.48,4.08,92.1,8,TAYSEER_DWH,2026-07-09 03:15:00
2025-07-01,Northern Borders,Municipal Services,Web Portal,2727,1388,61.9,12.4,8.97,4.15,99.4,2,TAYSEER_DWH,2026-07-09 03:15:00
2025-08-01,Hail,Identity & Civil Affairs,Branch,6649,5376,66.3,32.6,45.77,3.8,91.9,7,TAYSEER_DWH,2026-07-09 03:15:00
2026-06-01,Jazan,Social Support & Subsidies,Mobile App,18093,7414,49.1,6.7,4.83,4.19,96.4,10,TAYSEER_DWH,2026-07-09 03:15:00
2025-11-01,Najran,Labour & HR Services,Web Portal,3385,1724,51.1,11.0,n/a,4.08,97.5,3,TAYSEER_DWH,2026-07-09 03:15:00
2025-12-01,Hail,Municipal Services,Branch,6046,4662,64.5,32.0,55.18,3.49,91.2,8,CHANNEL_API,2026-07-09 03:15:00
2025-11-01,Madinah,Business & Licensing,Call Center,12818,8047,60.1,27.1,27.49,3.93,87.6,11,TAYSEER_DWH,2026-07-09 03:15:00
May-2026,Eastern Province,Social Support & Subsidies,Web Portal,28005,13702,65.5,9.9,6.28,4.44,99.5,10,TAYSEER_DWH,2026-07-09 03:15:00
2026-05-01,Eastern Province,Education & Training,Mobile App,101150,39126,68.8,4.8,3.35,4.63,99.5,22,CHANNEL_API,2026-07-09 03:15:00
2025-07-01,Northern Borders,Traffic & Transport,Mobile App,7539,2831,61.0,5.7,4.19,4.69,95.4,1,TAYSEER_DWH,2026-07-09 03:15:00
2025-09-01,Qassim,Municipal Services,Call Center,9520,6284,62.2,20.2,24.68,3.56,91.6,9,TAYSEER_DWH,2026-07-09 03:15:00
2025-10-01,Jazan,Social Support & Subsidies,Call Center,10437,7134,48.7%,19.6,27.29,3.72,88.2,10,REGIONAL_UPLOAD,2026-07-09 03:15:00
2025-10-01,Tabuk,Labour & HR Services,Branch,6645,5430,65.9,33.1,57.68,3.26,90.9,8,TAYSEER_DWH,2026-07-09 03:15:00
2025-10-01,Eastern Province,Identity & Civil Affairs,Call Center,"46,817",30058,64.9,16.5,17.83,4.09,91.7,29,TAYSEER_DWH,2026-07-09 03:15:00
2026-05-01,Al-Baha,Traffic & Transport,Mobile App,9767,3756,55.9,5.7,4.04,4.41,96.8,4,TAYSEER_DWH,2026-07-09 03:15:00
2026-04-01,Northern Borders,Municipal Services,Call Center,2604,1592,62.1,18.5,24.4,3.82,90.1,2,TAYSEER_DWH,2026-07-09 03:15:00
2025-10-01,Al-Baha,Social Support & Subsidies,Mobile App,5061,2038,53.4,7.7,4.45,4.56,,1,TAYSEER_DWH,2026-07-09 03:15:00
2026-06-01,Riyadh,Traffic & Transport,Branch,"79,833",64551,68.1,21.1,44.21,3.71,86.4,79,TAYSEER_DWH,2026-07-09 03:15:00
2025-09-01,Makkah,Labour & HR Services,Call Center,"48,899",30641,60.7,20.8,23.14,3.52,91.1,45,TAYSEER_DWH,2026-07-09 03:15:00
2025/07/01,Northern Borders,Labour & HR Services,Call Center,1959,1277,60.8,18.5,26.11,3.94,90.9,2,TAYSEER_DWH,2026-07-09 03:15:00
2025-10-01,Al-Baha,Identity & Civil Affairs,Web Portal,5028,2526,55.8,11.9,n/a,4.34,97.7,2,TAYSEER_DWH,2026-07-09 03:15:00
2026-06-01,Madinah,Identity & Civil Affairs,Mobile App,57544,21041,61.3,7.1,4.0,4.86,97.3,2,REGIONAL_UPLOAD,2026-07-09 03:15:00
2025-10-01,Najran,Health Services,Mobile App,"12,781",4815,51.2,5.5,4.66,4.4,99.1,5,TAYSEER_DWH,2026-07-09 03:15:00
2025-12-01,Najran,Labour & HR Services,Call Center,4691,2835,51.2,19.6,22.4,3.66,89.7,5,TAYSEER_DWH,2026-07-09 03:15:00
Mar-2026,Al-Baha,Identity & Civil Affairs,Mobile App,10549,4077,56.1,6.8,4.39,4.46,98.4,3,REGIONAL_UPLOAD,2026-07-09 03:15:00
2026-04-01,Qassim,Identity & Civil Affairs,Portal,14926,7686,67.1,10.1,6.4,4.3,97.9,6,TAYSEER_DWH,2026-07-09 03:15:00
2025-08-01,Najran,Labour & HR Services,BRANCH,5998,4554,51.2,35.2,47.86,3.42,87.7,5,TAYSEER_DWH,2026-07-09 03:15:00
2025-12-01,Madinah,Justice & Notary,Web Portal,7427,3740,58.8,17.5,9.05,-,99.1,3,TAYSEER_DWH,2026-07-09 03:15:00
2026-03-01,Al-Baha,Health Services,Mobile App,10922,4164,57.3,5.9,4.96,4.61,98.2,2,TAYSEER_DWH,2026-07-09 03:15:00
Mar-2026,Asir,Identity & Civil Affairs,Web Portal,22950,12252,62.0,9.4,7.62,4.29,99.5,13,TAYSEER_DWH,2026-07-09 03:15:00
2025-10-01,Qassim,Business & Licensing,Call Center,7303,4506,63.3,29.4,26.85,3.55,90.4,9,TAYSEER_DWH,2026-07-09 03:15:00
01/08/2025,Al-Baha,Education & Training,Call Center,5261,3500,55.7,14.9,19.82,3.9,92.6,4,TAYSEER_DWH,2026-07-09 03:15:00
2026-06-01,Northern Borders,Municipal Services,Call Center,2588,1725,62.6,20.4,27.39,3.91,92.9,2,CHANNEL_API,2026-07-09 03:15:00
2026-02-01,Madinah,Business & Licensing,Branch,11470,9562,60.3,42.9,61.21,3.64,90.2,9,TAYSEER_DWH,2026-07-09 03:15:00
2026-03-01,Hail,Identity & Civil Affairs,Web Portal,7728,4040,67.4,10.8,6.42,4.31,98.0,3,REGIONAL_UPLOAD,2026-07-09 03:15:00
2025-12-01,Asir,Business & Licensing,Mobile App,31495,12143,59.3%,11.6,5.15,4.19,97.0,20,TAYSEER_DWH,2026-07-09 03:15:00
2025-09-01,EASTERN PROVINCE,Social Support & Subsidies,Mobile App,70520,27907,64.5,6.4,3.75,4.55,99.5,19,REGIONAL_UPLOAD,2026-07-09 05:40:00
2026-02-01,Qassim,Municipal Services,Mobile App,"22,645",8886,63.0,7.2,4.42,4.16,99.5,12,TAYSEER_DWH,2026-07-09 03:15:00
2026-06-01,Riyadh ,Education & Training,callcenter,49763,32940,69.1,12.7,18.87,4.03,90.9,32,REGIONAL_UPLOAD,2026-07-09 03:15:00
2026-06-01,Asir,Social Support & Subsidies,Web Portal,10237,5257,57.4,10.5,7.15,4.39,99.4,4,REGIONAL_UPLOAD,2026-07-09 03:15:00
2026-02-01,Makkah,Education & Training,Mobile App,133212,50963,63.6,5.7,3.51,4.4,99.2,36,TAYSEER_DWH,2026-07-09 03:15:00
2025-10-01,Hail,Traffic & Transport,Branch,7011,5418,62.5,26.1,45.56,3.5,89.5,7,TAYSEER_DWH,2026-07-09 03:15:00
2025-08-01,Al-Baha,Health Services,Web Portal,"4,478",2203,56.9,8.8,7.58,4.35,99.5,2,TAYSEER_DWH,2026-07-09 03:15:00
2025-12-01,najran,Health Services,CALL_CENTRE,7860,5084,51.0,18.0,25.26,3.77,88.4,7,TAYSEER_DWH,2026-07-09 03:15:00
01/07/2025,Asir,Social Support & Subsidies,Mobile App,24831,9908,56.9,7.4,4.59,4.63,97.9,4,REGIONAL_UPLOAD,2026-07-09 03:15:00
2025-10-01,Asir,Business & Licensing,Mobile App,28752,11327,59.7,9.2,5.4,4.28,98.9,10,TAYSEER_DWH,2026-07-09 03:15:00
2026-06-01,Qassim,Municipal Services,Branch,12009,10189,62.9,31.5,53.68,3.4,86.6,18,CHANNEL_API,2026-07-09 03:15:00
2026-03-01,Najran,Traffic & Transport,Call Center,7189,4773,54.5,16.9,NULL,3.47,87.8,12,REGIONAL_UPLOAD,2026-07-09 03:15:00
2025-12-01,Qassim,Health Services,Web Portal,16380,8489,66.1,7.7,7.21,4.26,96.4,8,TAYSEER_DWH,2026-07-09 03:15:00
2026-03-01,Jazan,Labour & HR Services,Mobile App,20224,8062,47.8,6.9,4.66,4.07,99.5,13,TAYSEER_DWH,2026-07-09 03:15:00
2026-03-01,Asir,Health Services,Call Center,20648,13204,60.4,16.3,25.58,3.89,91.2,17,TAYSEER_DWH,2026-07-09 03:15:00
2025-08-01,makkah al-mukarramah,Labour & HR Services,Mobile App,125016,49875,60.1,5.2,-36.46,4.32,97.7,41,TAYSEER_DWH,2026-07-09 03:15:00
2026-06-01,Northern Borders,Labour & HR Services,Web Portal,2295,1205,62.1,9.7,7.45,4.29,99.0,1,TAYSEER_DWH,2026-07-09 03:15:00
2025-07-01,Al-Jouf,Justice & Notary,Call Center,1949,1238,58.1,31.6,24.21,3.61,92.2,2,REGIONAL_UPLOAD,2026-07-09 03:15:00
2025-09-01,Al-Jouf,Identity & Civil Affairs,Web Portal,5736,2965,62.9,9.2,7.04,4.34,96.5,2,TAYSEER_DWH,2026-07-09 03:15:00
01/03/2026,Al-Baha,Identity & Civil Affairs,Branch,6575,5315,56.1,33.3,52.69,3.62,89.3,6,TAYSEER_DWH,2026-07-09 03:15:00
2026-06-01,Hail,Business & Licensing,Call Center,3993,2769,62.5,29.5,29.33,3.81,90.3,5,TAYSEER_DWH,2026-07-09 03:15:00
2025-07-01,Al-Jouf,Traffic & Transport,Branch,5322,4305,143.0,24.5,47.11,3.36,88.8,6,TAYSEER_DWH,2026-07-09 03:15:00
2025-09-01,Eastern Province,Identity & Civil Affairs,Web Portal,64014,-,65.1,10.3,6.1,4.45,99.3,22,TAYSEER_DWH,2026-07-09 03:15:00
2026-03-01,Najran ,Education & Training,Branch,6624,5405,55.9,24.4,,3.58,88.2,7,TAYSEER_DWH,2026-07-09 03:15:00
02-01-2026,northern borders,Justice & Notary,Mobile App,3087,1168,58.7,11.5,6.33,4.34,97.2,1,REGIONAL_UPLOAD,2026-07-09 03:15:00
2026-05-01,Sharqiyah,Municipal Services,callcenter,28346,19206,68.2,16.5,22.64,3.8,88.9,35,TAYSEER_DWH,2026-07-09 03:15:00
2026-06-01,Al-Jouf,Identity & Civil Affairs,Branch,"6,501",5186,64.4,25.8,52.5,3.82,87.9,4,TAYSEER_DWH,2026-07-09 03:15:00
2026-06-01,Asir,Labour & HR Services,Mobile App,36169,13828,59.5,5.5,4.4,4.42,98.8,13,TAYSEER_DWH,2026-07-09 03:15:00
2025-12-01,Tabuk,Business & Licensing,Mobile App,14944,5739,64.0,10.7,5.6,4.08,99.1,10,TAYSEER_DWH,2026-07-09 03:15:00
2026-04-01,Madinah,Business & Licensing,Call Center,12820,8218,158.2,30.2,26.52,3.89,90.9,10,REGIONAL_UPLOAD,2026-07-09 03:15:00
2026-02-01,Al-Jouf,Social Support & Subsidies,Web Portal,2228,1207,61.2,10.2,6.69,4.25,93.9,1,TAYSEER_DWH,2026-07-09 03:15:00
2026-06-01,Hail,Education & Training,Call Center,4916,3130,67.1,15.3,19.35,3.99,91.1,4,TAYSEER_DWH,2026-07-09 03:15:00
2026-02-01,Al-Jouf,Identity & Civil Affairs,Branch,4403,3625,64.4,32.6,47.15,3.61,87.7,5,REGIONAL_UPLOAD,2026-07-09 03:15:00
Sep-2025,najran,Identity & Civil Affairs,Web Portal,5867,2986,51.4,10.6,6.6,4.11,97.2,3,REGIONAL_UPLOAD,2026-07-09 03:15:00
2025-08-01,Najran,Social Support & Subsidies,Branch,4383,3506,52.0,35.8,54.61,3.46,90.8,6,TAYSEER_DWH,2026-07-09 03:15:00
2026-03-01,Al-Baha,Social Support & Subsidies,Branch,3759,2891,53.5,37.2,54.35,3.58,83.4,5,TAYSEER_DWH,2026-07-09 03:15:00
2025-12-01,Qassim,Education & Training,Mobile App,27915,11080,67.3,5.2,3.41,4.37,97.5,8,TAYSEER_DWH,2026-07-09 03:15:00
2026-04-01,Al-Baha,Health Services,Web Portal,3549,1821,57.3,9.0,7.97,4.31,99.5,1,REGIONAL_UPLOAD,2026-07-09 03:15:00
2025-11-01,Asir,Social Support & Subsidies,Mobile App,27640,10990,57.1,7.2,4.84,4.35,95.8,13,TAYSEER_DWH,2026-07-09 03:15:00
01-01-2026,Hail,Justice & Notary,Mobile App,7023,2690,60.0,10.8,5.84,4.3,99.5,5,TAYSEER_DWH,2026-07-09 03:15:00
2026-02-01,Najran,Justice & Notary,Branch,2856,2507,50.1,133.0,65.85,,,4,TAYSEER_DWH,2026-07-09 03:15:00
2025-10-01,Riyadh,Justice & Notary,Branch,35557,30318,63.2,43.3,58.33,3.49,92.4,38,REGIONAL_UPLOAD,2026-07-09 05:40:00
2025-09-01,Hail,Municipal Services,Mobile App,12088,4384,64.0,7.6,4.14,4.48,97.6,5,REGIONAL_UPLOAD,2026-07-09 03:15:00
2025-09-01,Al-Baha,Identity & Civil Affairs,Mobile App,10800,4177,55.7,7.1,4.49,N/A,99.5,3,TAYSEER_DWH,2026-07-09 03:15:00
Jan-2026,Najran,Social Support & Subsidies,Web Portal,2708,1372,52.3,10.7,7.02,4.33,99.5,1,TAYSEER_DWH,2026-07-09 03:15:00
2025-11-01,Medina,Traffic & Transport,Mobile App,47138,18105,61.3,6.3,3.93,4.63,95.6,7,REGIONAL_UPLOAD,2026-07-09 03:15:00
2026-03-01,Asir,Labour & HR Services,Call Center,15386,9939,59.4,16.9,23.86,3.83,89.1,11,TAYSEER_DWH,2026-07-09 03:15:00
01/06/2026,Asir,Education & Training,Call Center,15197,10180,62.2,12.9,19.19,4.01,90.8,12,TAYSEER_DWH,2026-07-09 03:15:00
2026-01-01,Riyadh ,Social Support & Subsidies,Web Portal,52246,26703,67.1,8.9,6.3,4.35,96.7,14,REGIONAL_UPLOAD,2026-07-09 03:15:00
2026-04-01,Northern Borders,Labour & HR Services,Call Center,"2,449",1619,61.5,17.1,24.02,null,89.2,2,TAYSEER_DWH,2026-07-09 03:15:00
2025-08-01,Hail,Municipal Services,Web Portal,5917,2932,63.5,11.0,-17.39,4.11,96.3,3,TAYSEER_DWH,2026-07-09 03:15:00
2026-02-01,Asir,Traffic & Transport,mobile app,43553,17212,60.4,5.1,4.1,4.28,99.5,16,TAYSEER_DWH,2026-07-09 03:15:00
2025-12-01,Madinah,Health Services,Mobile App,56128,21305,62.5,5.3,4.44,4.94,99.5,2,REGIONAL_UPLOAD,2026-07-09 03:15:00
2025-08-01,Najran,Business & Licensing,Call Center,3970,2568,51.0,30.0,27.71,3.52,90.9,4,TAYSEER_DWH,2026-07-09 03:15:00
2026-02-01,Qassim,Municipal Services,Web  Portal,9109,4668,63.0,12.3,7.13,4.0,96.1,8,TAYSEER_DWH,2026-07-09 03:15:00
2025-08-01,Riyadh,Identity & Civil Affairs,Mobile App,205898,81475,66.5,5.9,3.56,4.71,99.4,28,TAYSEER_DWH,2026-07-09 03:15:00
01/05/2026,Northern Borders,Labour & HR Services,Call Center,2341,1470,61.4,19.6,24.87,4.02,92.0,2,TAYSEER_DWH,2026-07-09 03:15:00
2025-07-01,Madinah,Identity & Civil Affairs,Mobile App,51651,20776,59.8,6.9,4.18,4.76,99.5,4,TAYSEER_DWH,2026-07-09 03:15:00
06-01-2026,Northern Borders,Identity & Civil Affairs,Branch,4433,3944,62.9,27.6,52.68,3.86,90.7,4,TAYSEER_DWH,2026-07-09 03:15:00
2025-12-01,Eastern Province,Identity & Civil Affairs,Branch,58159,46103,65.1,29.7,48.06,3.74,89.2,48,REGIONAL_UPLOAD,2026-07-09 03:15:00
2026-03-01,Najran,Municipal Services,Web  Portal,3280,1683,51.1,10.9,7.48,3.93,98.1,3,TAYSEER_DWH,2026-07-09 03:15:00
04-01-2026,Tabuk,Education & Training,Web Portal,7537,3751,67.7,6.9,6.16,null,94.6,4,TAYSEER_DWH,2026-07-09 03:15:00
2026-04-01,Riyadh,Social Support & Subsidies,Web Portal,46600,23454,67.3,9.2,6.61,4.45,96.6,9,TAYSEER_DWH,2026-07-09 03:15:00
2025-10-01,Hail,Identity & Civil Affairs,Branch,8428,6937,66.4,30.8,,3.72,89.6,6,TAYSEER_DWH,2026-07-09 03:15:00
2026-06-01,Makkah,Social Support & Subsidies,Branch Office,54944,45449,60.9,30.8,51.45,3.49,91.0,90,REGIONAL_UPLOAD,2026-07-09 03:15:00
2026-03-01,Qassim,Education & Training,Mobile App,29669,11759,67.4,4.7,3.15,4.36,94.6,9,TAYSEER_DWH,2026-07-09 03:15:00
2026-06-01,Madinah,Education & Training,Branch,16648,13944,65.3%,23.3,46.09,3.87,88.8,11,TAYSEER_DWH,2026-07-09 03:15:00
2025-07-01,Asir,Municipal Services,Mobile App,"33,367",12505,60.7,6.8,5.38,4.2,90.7,20,REGIONAL_UPLOAD,2026-07-09 03:15:00
2026-02-01,Riyadh,Municipal Services,Branch,43066,NA,65.4,31.0,50.83,3.55,87.6,54,TAYSEER_DWH,2026-07-09 03:15:00
2025-10-01,Al-Baha,Municipal Services,mobile app,7414,2840,54.0,7.6,4.97,4.29,99.5,3,CHANNEL_API,2026-07-09 03:15:00
2025-09-01,Najran,Municipal Services,Mobile App,8646,3284,50.7,7.8,4.61,4.28,99.5,4,TAYSEER_DWH,2026-07-09 03:15:00
2025-12-01,منطقة الحدود الشمالية,Social Support & Subsidies,Branch,2365,1810,59.6,29.9,57.89,3.76,91.6,2,TAYSEER_DWH,2026-07-09 03:15:00
2025-11-01,Al-Baha,Identity & Civil Affairs,Web Portal,4527,2312,55.8,9.7,6.96,4.32,99.0,2,TAYSEER_DWH,2026-07-09 03:15:00
2026/05/01,Riyadh,Municipal Services,Call Center,47116,30984,66.3,19.4,22.98,3.9,89.4,37,TAYSEER_DWH,2026-07-09 03:15:00
2026-06-01,Madinah,Identity & Civil Affairs,Web Portal,20561,10998,61.3,11.2,6.33,4.49,99.5,6,TAYSEER_DWH,2026-07-09 03:15:00
2026-06-01,Jazan,Municipal Services,CALL_CENTRE,16209,10229,49.7,25.4,27.27,3.42,91.3,19,REGIONAL_UPLOAD,2026-07-09 03:15:00
2026-02-01,Makkah,Labour & HR Services,Web Portal,48333,24775,61.8,9.9,,4.07,99.5,33,TAYSEER_DWH,2026-07-09 03:15:00
2026-02-01,Al-Qassim,Identity & Civil Affairs,Web Portal,14405,7356,67.1,8.3,6.47,4.13,97.2,8,CHANNEL_API,2026-07-09 03:15:00
2025-11-01,Jazan,Health Services,Branch,23688,20288,51.0,27.8,61.82,3.45,91.5,33,TAYSEER_DWH,2026-07-09 03:15:00
2025-07-01,Najran,Education & Training,Mobile App,9499,3637,55.1,5.0,3.65,4.52,97.0,3,TAYSEER_DWH,2026-07-09 03:15:00
2025-12-01,Riyadh,Traffic & Transport,Call Center,"75,511",48472,67.1,14.8,16.68,4.02,90.5,63,TAYSEER_DWH,2026-07-09 03:15:00
2026-06-01,Riyadh,Municipal Services,Branch,59870,50986,65.9,26.2,48.29,3.54,90.9,75,TAYSEER_DWH,2026-07-09 03:15:00
2025-12-01,Al-Baha,Identity & Civil Affairs,CALL_CENTRE,5373,3660,55.9,20.2,21.51,4.0,92.8,4,CHANNEL_API,2026-07-09 03:15:00
2026-01-01,Tabuk,Identity & Civil Affairs,Call Center,9467,5926,63.4,19.6,23.28,3.92,89.1,7,CHANNEL_API,2026-07-09 03:15:00
2025-07-01,Hail,Identity & Civil Affairs,Web Portal,8939,4551,66.3,9.6,5.86,4.31,96.0,5,REGIONAL_UPLOAD,2026-07-09 03:15:00
2025-09-01,Najran,Identity & Civil Affairs,Branch,9453,,51.4,26.8,52.17,3.62,89.3,11,TAYSEER_DWH,2026-07-09 03:15:00
2026-05-01,Al-Jouf,Social Support & Subsidies,Mobile App,7467,2889,62.0,6.9,4.36,4.63,97.5,1,TAYSEER_DWH,2026-07-09 03:15:00
2025-07-01,Eastern Province,Education & Training,Web Portal,41198,21623,67.1,6.6,5.37,4.47,99.5,8,TAYSEER_DWH,2026-07-09 03:15:00
2025-08-01,Tabuk,Health Services,Call Center,8836,5914,63.1,18.9,24.02,3.79,91.0,8,REGIONAL_UPLOAD,2026-07-09 03:15:00
2025-12-01,Asir,Justice & Notary,Web Portal,7808,4147,55.7,18.5,8.76,4.19,99.5,5,CHANNEL_API,2026-07-09 03:15:00
2025-10-01,Hail,Health Services,Call Center,6190,,64.7,16.0,24.22,4.02,88.7,4,TAYSEER_DWH,2026-07-09 03:15:00
2025-07-01,Najran ,Traffic & Transport,BRANCH,7387,5729,54.2,25.5,44.68,3.38,91.0,11,TAYSEER_DWH,2026-07-09 03:15:00
2026-03-01,Al-Jouf,Social Support & Subsidies,Branch,3431,2887,61.9,31.1,50.69,3.67,89.5,4,REGIONAL_UPLOAD,2026-07-09 03:15:00
2025-07-01,Al-Baha,Identity & Civil Affairs,Mobile App,10072,3710,55.2,5.6,4.63,4.58,96.3,2,TAYSEER_DWH,2026-07-09 03:15:00
2026-05-01,Qassim,Social Support & Subsidies,WEB,8060,4363,65.7,10.7,6.88,4.28,99.5,5,TAYSEER_DWH,2026-07-09 03:15:00
2026-06-01,Jazan,Health Services,Branch,24684,19867,51.6,27.3,64.2,3.45,90.1,23,TAYSEER_DWH,2026-07-09 03:15:00
2026-02-01,Jazan,Health Services,BRANCH,19225,16452,51.9,26.7,56.25,3.36,91.4,31,TAYSEER_DWH,2026-07-09 03:15:00
2025-10-01,Al-Jouf,Education & Training,Mobile App,9652,3753,62.2,5.0,3.69,4.57,99.3,3,REGIONAL_UPLOAD,2026-07-09 03:15:00
2026-02-01,Jazan,Justice & Notary,Web Portal,4084,2056,46.2,16.6,10.81,3.74,93.8,5,CHANNEL_API,2026-07-09 03:15:00
2026-04-01,Northern Borders,Labour & HR Services,Mobile App,5869,2130,61.5,6.0,4.5,4.62,99.5,1,TAYSEER_DWH,2026-07-09 03:15:00
2025-08-01,Riyadh,Labour & HR Services,Web Portal,59139,29623,68.4%,8.0,6.44,4.45,98.1,19,TAYSEER_DWH,2026-07-09 03:15:00
2025-10-01,Najran,Business & Licensing,Branch,5646,4549,51.5,98.4,68.84,3.06,87.2,11,TAYSEER_DWH,2026-07-09 03:15:00
2026/02/01,Riyadh,Municipal Services,Web Portal,57295,29081,65.4,9.3,6.47,4.33,94.8,21,TAYSEER_DWH,2026-07-09 03:15:00
2026-06-01,Makkah,Traffic & Transport,Branch,92619,72574,62.8,25.7,46.85,3.41,93.5,145,REGIONAL_UPLOAD,2026-07-09 03:15:00
2025-10-01,Najran,Municipal Services,Web Portal,4107,2055,51.3,10.6,7.47,3.99,97.8,3,TAYSEER_DWH,2026-07-09 03:15:00
2026-05-01,Al Jouf,Labour & HR Services,Web Portal,3027,1466,61.8,10.0,6.52,4.14,99.0,2,REGIONAL_UPLOAD,2026-07-09 03:15:00
2026-02-01,Asir,Business & Licensing,Web Portal,10713,5453,59.0,15.4,8.11,3.94,94.7,6,TAYSEER_DWH,2026-07-09 03:15:00
2026-05-01,Al-Baha,Traffic & Transport,Web Portal,3479,1794,55.9,8.9,6.29,4.17,99.5,2,TAYSEER_DWH,2026-07-09 03:15:00
2025-08-01,Jazan,Business & Licensing,Web Portal,"7,181",3832,47.8,16.9,9.84,3.76,94.7,7,TAYSEER_DWH,2026-07-09 03:15:00
2026-04-01,Eastern Province,Social Support & Subsidies,Call Center,20095,13203,65.6,17.8,21.0,4.03,90.3,12,TAYSEER_DWH,2026-07-09 03:15:00
2026-05-01,Najran,Business & Licensing,Call Center,4166,2662,52.3,32.4,29.38,3.5,91.6,6,REGIONAL_UPLOAD,2026-07-09 03:15:00
2026-04-01,Northern Borders,Municipal Services,Mobile App,6452,2462,62.1,7.8,5.06,4.69,99.0,1,TAYSEER_DWH,2026-07-09 03:15:00
2026-05-01,hail ,Municipal Services,Call Center,4731,3017,65.3,20.8,-12.37,3.87,89.6,3,TAYSEER_DWH,2026-07-09 03:15:00
2025-08-01,Tabuk,Justice & Notary,Mobile App,7980,3007,62.8,11.3,5.21,4.11,98.0,6,TAYSEER_DWH,2026-07-09 03:15:00
2026-05-01,Northern Borders,Traffic & Transport,Call Center,3267,2015,60.8,15.2,22.8,3.87,88.5,3,REGIONAL_UPLOAD,2026-07-09 03:15:00
2025-08-01,Riyadh,Justice & Notary,Mobile App,75034,30684,62.9,10.7,4.86,4.4,95.8,30,CHANNEL_API,2026-07-09 03:15:00
2025-07-01,Najran,Business & Licensing,Web Portal,2986,1482,51.1,17.0,8.26,3.98,96.7,2,TAYSEER_DWH,2026-07-09 03:15:00
2025/07/01,Madinah,Justice & Notary,Call Center,7805,4791,57.7,31.9,23.68,3.91,90.3,6,TAYSEER_DWH,2026-07-09 03:15:00
2025-12-01,Tabuk,Justice & Notary,Call Center,3205,2005,63.5,35.2,NULL,3.48,88.1,5,REGIONAL_UPLOAD,2026-07-09 03:15:00
2026-02-01,Hail,Justice & Notary,Call Center,2412,1597,59.7,30.7,28.5,3.81,90.4,2,TAYSEER_DWH,2026-07-09 03:15:00
2026-02-01,Jazan,Municipal Services,Call Center,12689,8024,49.3,22.3,27.0,3.49,90.2,13,TAYSEER_DWH,2026-07-09 03:15:00
2025-11-01,Eastern Province,Identity & Civil Affairs,Mobile App,142942,55128,65.7,6.9,4.28,4.62,99.5,22,TAYSEER_DWH,2026-07-09 03:15:00
2025-09-01,Qassim,Health Services,Branch,"15,921",,65.9,25.7,51.63,3.56,90.1,17,TAYSEER_DWH,2026-07-09 03:15:00
2026-02-01,Eastern Province,Education & Training,Web Portal,33450,16393,67.9,6.6,5.76,4.42,95.1,11,TAYSEER_DWH,2026-07-09 03:15:00
2025-11-01,Riyadh,Business & Licensing,Web Portal,49210,26282,63.9,16.2,8.04,4.16,93.1,37,TAYSEER_DWH,2026-07-09 03:15:00
2026-01-01,Najran,Traffic & Transport,Web Portal,4805,2379,54.1%,8.6,6.57,4.03,97.6,3,REGIONAL_UPLOAD,2026-07-09 03:15:00
2025-11-01,Hail,Health Services,Call Center,5820,3774,64.5,15.6,23.84,4.03,94.7,3,TAYSEER_DWH,2026-07-09 03:15:00
2026/02/01,Eastern Province,Health Services,Mobile App,125074,45049,66.9,5.3,4.38,null,96.4,18,REGIONAL_UPLOAD,2026-07-09 03:15:00
2025-10-01,'Asir,Health Services,Call Center,20961,12267,59.1,17.6,26.64,3.9,90.3,21,TAYSEER_DWH,2026-07-09 03:15:00
2026-04-01,Riyadh,Labour & HR Services,Mobile App,"166,010",63602,70.0,6.3,3.76,4.54,99.5,48,REGIONAL_UPLOAD,2026-07-09 03:15:00
2026-01-01,Hail,Municipal Services,Branch,5717,4632,65.0,32.2,53.3,3.57,89.6,5,TAYSEER_DWH,2026-07-09 03:15:00
2026-06-01,Makkah,Municipal Services,Web Portal,57365,29518,62.0,12.4,,-,95.2,27,REGIONAL_UPLOAD,2026-07-09 03:15:00
2025-08-01,Al-Jouf,Labour & HR Services,Call Center,3108,2023,60.4,18.9,-35.4,3.84,91.6,3,TAYSEER_DWH,2026-07-09 03:15:00
2025/09/01,Hail,Business & Licensing,Branch,5340,NA,60.3,44.0,59.07,3.5,92.6,7,REGIONAL_UPLOAD,2026-07-09 03:15:00
2026-02-01,Hail,Labour & HR Services,Web Portal,4358,2263,65.1,10.1,6.48,4.32,94.0,2,TAYSEER_DWH,2026-07-09 03:15:00
2025-12-01,Asir,Traffic & Transport,Web Portal,23995,11607,60.0,8.4,6.59,4.07,99.5,15,REGIONAL_UPLOAD,2026-07-09 03:15:00
2026-04-01,Asir,Education & Training,Branch,18878,15512,61.7,23.9,50.35,3.63,,25,REGIONAL_UPLOAD,2026-07-09 03:15:00
2026-05-01,Al-Baha,Education & Training,Call Center,3721,2506,56.6,13.6,21.21,3.94,88.9,3,TAYSEER_DWH,2026-07-09 03:15:00
2025-08-01,Jazan,Municipal Services,Call Center,"13,122",8309,48.7,22.1,29.69,3.4,92.4,20,CHANNEL_API,2026-07-09 03:15:00
2025-08-01,Al-Baha,Identity & Civil Affairs,Branch,6353,5389,55.8,32.7,48.61,3.67,87.9,4,TAYSEER_DWH,2026-07-09 03:15:00
2025-11-01,Makkah,Social Support & Subsidies,Mobile App,103096,41256,59.7,7.0,4.53,4.38,98.8,45,TAYSEER_DWH,2026-07-09 03:15:00
2026-05-01,Madinah,Traffic & Transport,Web Portal,25519,13324,62.0,7.8,5.57,4.3,96.5,10,TAYSEER_DWH,2026-07-09 03:15:00
2026-03-01,Al-Jouf,Education & Training,Web Portal,3752,1881,63.1,6.8,,4.24,96.0,2,TAYSEER_DWH,2026-07-09 03:15:00
2025-07-01,Madinah,Traffic & Transport,Web Portal,18444,9407,60.8,8.4,,4.42,98.8,5,TAYSEER_DWH,2026-07-09 03:15:00
2026-05-01,Asir,Health Services,Mobile App,54483,21616,60.0,5.7,4.67,4.48,99.5,12,TAYSEER_DWH,2026-07-09 03:15:00
2025-07-01,Qassim,Social Support & Subsidies,Mobile App,"15,979",6111,63.8,6.5,3.86,4.29,99.5,7,TAYSEER_DWH,2026-07-09 03:15:00
2025-10-01,Aljouf,Municipal Services,Web Portal,4119,2108,61.8%,10.9,7.3,4.07,99.3,2,TAYSEER_DWH,2026-07-09 03:15:00
2026-06-01,Makkah,Traffic & Transport,Web Portal,"68,014",34356,62.8,8.2,6.42,null,99.5,43,TAYSEER_DWH,2026-07-09 03:15:00
2026-02-01,Al-Baha,Health Services,Web Portal,3866,1890,56.8,10.4,7.75,4.51,95.5,1,TAYSEER_DWH,2026-07-09 03:15:00
2026-05-01,Jazan,Social Support & Subsidies,Mobile App,17037,6427,49.6,7.2,5.17,4.3,96.6,5,TAYSEER_DWH,2026-07-09 03:15:00
2025-11-01,Eastern Province,Education & Training,Branch,36734,27768,68.2,20.2,43.27,3.76,90.4,33,REGIONAL_UPLOAD,2026-07-09 03:15:00
2025-11-01,Al-Jouf,Municipal Services,Call Center,3579,2265,62.5,21.9,25.23,3.71,87.6,3,REGIONAL_UPLOAD,2026-07-09 03:15:00
Nov-2025,Madinah,Justice & Notary,Branch,11636,9609,58.5,55.8,59.92,3.74,87.0,15,REGIONAL_UPLOAD,2026-07-09 03:15:00
2026-05-01,Asir,Municipal Services,Call Center,14886,9120,61.1,21.4,26.02,3.7,91.8,16,TAYSEER_DWH,2026-07-09 03:15:00
2025-09-01,Makkah,Justice & Notary,Call Center,35635,24441,59.7,34.9,26.68,3.57,89.0,56,TAYSEER_DWH,2026-07-09 03:15:00
2026-06-01,Al-Baha,Municipal Services,Call Center,4089,2673,54.1,18.7,27.04,3.66,89.3,4,REGIONAL_UPLOAD,2026-07-09 03:15:00
2026-01-01,N. Borders,Education & Training,Mobile App,7210,2787,62.8,4.6,4.14,4.62,99.5,1,CHANNEL_API,2026-07-09 03:15:00
2025-12-01,Al-Jouf,Justice & Notary,Mobile App,4648,1931,59.1,12.7,5.53,4.33,98.8,2,REGIONAL_UPLOAD,2026-07-09 03:15:00
2026-04-01,Al-Baha,Traffic & Transport,Web Portal,3821,1958,55.7,8.2,6.01,4.24,96.9,2,TAYSEER_DWH,2026-07-09 03:15:00
2026-01-01,Riyadh ,Social Support & Subsidies,Web Portal,52246,26703,67.1,8.9,6.3,4.35,96.7,14,REGIONAL_UPLOAD,2026-07-09 03:15:00
2025-08-01,Northern Borders,Traffic & Transport,Web Portal,"3,271",1569,61.1,8.3,7.64,4.18,?,2,TAYSEER_DWH,2026-07-09 03:15:00
2025-08-01,Al-Jouf,Labour & HR Services,Branch,"4,183",3446,60.4,26.4,50.23,3.63,92.4,5,TAYSEER_DWH,2026-07-09 03:15:00
2025-09-01,Northern Borders,Education & Training,Call Center,3564,2337,62.1,15.2,22.24,4.08,87.9,2,TAYSEER_DWH,2026-07-09 03:15:00
2025-11-01,Jazan,Justice & Notary,Call Center,8486,,46.0,34.7,33.11,3.3,87.5,12,REGIONAL_UPLOAD,2026-07-09 03:15:00
2025-07-01,Riyadh,Health Services,Call Center,60434,41066,67.5,15.6,19.94,4.1,91.5,43,TAYSEER_DWH,2026-07-09 03:15:00
2026-04-01,Eastern Province,Traffic & Transport,Call Center,36287,22588,68.7,13.7,19.34,3.86,91.1,31,TAYSEER_DWH,2026-07-09 03:15:00
2026-06-01,Al-Qassim,Health Services,Branch,15676,12136,67.2,25.4,52.67,3.5,91.2,18,REGIONAL_UPLOAD,2026-07-09 05:40:00
2025-12-01,Asir,Municipal Services,Branch,18594,14725,61.1%,32.6,56.94,3.28,88.6,27,TAYSEER_DWH,2026-07-09 03:15:00
2026-03-01,Al-Bahah,Labour & HR Services,Mobile App,7030,2841,56.7,7.1,4.25,4.4,98.8,3,TAYSEER_DWH,2026-07-09 03:15:00
01/04/2026,AL-JOUF,Traffic & Transport,Call Center,4158,2746,65.5,17.0,17.49,3.69,86.3,4,TAYSEER_DWH,2026-07-09 03:15:00
2026-04-01,Northern Borders,Traffic & Transport,Call Center,3368,2163,61.6%,16.0,23.21,3.94,87.2,2,CHANNEL_API,2026-07-09 03:15:00
2026-01-01,Asir,Labour & HR Services,Branch,18823,15088,58.9,28.9,54.94,3.32,90.6,29,TAYSEER_DWH,2026-07-09 03:15:00
2026-05-01,Madinah,Identity & Civil Affairs,Branch,37253,29751,61.1,28.3,53.05,3.8,91.7,31,TAYSEER_DWH,2026-07-09 03:15:00
2025-12-01,Al-Jouf,Identity & Civil Affairs,Branch,6458,5310,63.6,32.7,50.09,3.68,90.8,6,TAYSEER_DWH,2026-07-09 03:15:00
2026-06-01,Eastern Province,Education & Training,Mobile App,106404,40432,69.1,4.4,3.42,4.57,99.5,17,REGIONAL_UPLOAD,2026-07-09 03:15:00
2026-06-01,Najran,Business & Licensing,Call Center,4849,3083,51.0,30.6,29.91,3.55,90.2,5,REGIONAL_UPLOAD,2026-07-09 03:15:00
2026-04-01,Madinah,Traffic & Transport,Branch,"22,115",17945,62.5,25.2,42.85,3.74,93.9,22,TAYSEER_DWH,2026-07-09 03:15:00
2026-05-01,Makkah,Social Support & Subsidies,Branch,72257,60484,60.7,30.5,52.41,3.47,91.2,93,TAYSEER_DWH,2026-07-09 03:15:00
2026-03-01,Hail,Identity & Civil Affairs,Call Center,6010,3728,67.4,18.7,22.33,4.1,91.3,5,CHANNEL_API,2026-07-09 03:15:00
2025-10-01,Tabuk,Labour & HR Services,Mobile App,15127,5806,65.9,6.7,4.66,N/A,94.9,12,TAYSEER_DWH,2026-07-09 03:15:00
2026/01/01,Jazan,Labour & HR Services,Branch,17767,15124,48.0,31.9,59.37,3.19,90.1,25,TAYSEER_DWH,2026-07-09 03:15:00
2026-06-01,Makkah,Municipal Services,Mobile App,157397,55469,62.0,7.3,4.12,4.22,98.8,80,REGIONAL_UPLOAD,2026-07-09 03:15:00
2025-09-01,Riyadh ,Justice & Notary,Mobile App,84479,31749,63.2%,10.0,4.66,4.38,99.4,33,REGIONAL_UPLOAD,2026-07-09 03:15:00
2026-04-01,jazan ,Traffic & Transport,Call Center,18014,11398,51.9,15.2,24.55,3.51,93.0,17,TAYSEER_DWH,2026-07-09 03:15:00
01/08/2025,Al-Jouf,Health Services,Branch,5970,4986,60.9,27.7,52.66,3.75,89.4,4,TAYSEER_DWH,2026-07-09 03:15:00
2025-08-01,Jazan,Identity & Civil Affairs,Mobile App,30206,11411,48.4,7.5,4.67,4.15,99.0,18,TAYSEER_DWH,2026-07-09 03:15:00
2026/04/01,Madinah,Identity & Civil Affairs,Call Center,22817,14360,111.9,20.1,20.66,4.03,91.7,7,TAYSEER_DWH,2026-07-09 03:15:00
2025-10-01,Jazan,Justice & Notary,Web Portal,5379,2574,45.8,19.0,9.98,3.86,97.7,4,TAYSEER_DWH,2026-07-09 03:15:00
2026-05-01,Madinah,Traffic & Transport,Branch,31836,25498,62.0,24.5,49.31,3.63,91.7,36,TAYSEER_DWH,2026-07-09 03:15:00
2026-05-01,Asir,Municipal Services,Web Portal,13731,6947,61.1,12.3,8.03,4.18,96.0,8,REGIONAL_UPLOAD,2026-07-09 03:15:00
2025-10-01,Makkah,Labour & HR Services,Branch,66118,53294,60.4,31.4,54.15,3.44,91.5,68,TAYSEER_DWH,2026-07-09 03:15:00
2026-04-01,Riyadh,Traffic & Transport,Call Center,62012,40066,68.0,14.3,17.55,3.95,88.4,56,TAYSEER_DWH,2026-07-09 03:15:00
2025-09-01,Al-Baha,Traffic & Transport,Web Portal,4167,2170,55.6,9.1,6.37,4.13,95.9,3,TAYSEER_DWH,2026-07-09 03:15:00
2026-05-01,Jazan,Health Services,Branch,25793,21600,51.9,29.3,53.0,N/A,87.9,36,TAYSEER_DWH,2026-07-09 03:15:00
2025-07-01,Al-Jouf,Social Support & Subsidies,Mobile App,"5,869",2257,60.9,7.2,-14.1,4.49,98.3,3,TAYSEER_DWH,2026-07-09 03:15:00
2025-11-01,Asir,Education & Training,Mobile App,38207,14402,62.0,5.6,3.69,4.46,98.0,10,TAYSEER_DWH,2026-07-09 03:15:00
2026-06-01,Al-Baha,Health Services,Mobile App,10883,4113,57.2,5.8,4.26,4.74,96.5,1,TAYSEER_DWH,2026-07-09 03:15:00
2026-05-01,Riyadh,Justice & Notary,Branch,37541,30071,64.2,47.5,57.82,3.55,88.9,39,REGIONAL_UPLOAD,2026-07-09 05:40:00
2025-12-01,منطقة عسير,Health Services,Branch Office,32223,27161,59.5,24.3,52.61,3.71,87.9,33,TAYSEER_DWH,2026-07-09 03:15:00
2025-12-01,Northern Borders,Municipal Services,Web Portal,2709,1415,62.2,11.9,8.36,4.19,94.2,1,TAYSEER_DWH,2026-07-09 03:15:00
2026-04-01,Eastern Province,Health Services,Mobile App,132087,51608,66.7,5.5,4.49,4.61,99.5,31,REGIONAL_UPLOAD,2026-07-09 03:15:00
01/02/2026,'Asir,Education & Training,Web Portal,13105,7030,61.7,7.5,6.14,4.3,94.6,7,TAYSEER_DWH,2026-07-09 03:15:00
2025/08/01,Hail,Traffic & Transport,Call Center,5485,3454,61.8,14.6,20.52,3.7,88.2,7,TAYSEER_DWH,2026-07-09 03:15:00
2025-12-01,Al-Baha,Education & Training,Web Portal,2957,1484,56.5,7.8,6.1,4.25,99.5,1,TAYSEER_DWH,2026-07-09 03:15:00
2025-10-01,Makkah,Health Services,Mobile App,205804,77503,62.3,6.4,4.78,4.42,94.2,86,REGIONAL_UPLOAD,2026-07-09 03:15:00
2025-09-01,Jazan,Labour & HR Services,Mobile App,18931,7220,47.6,6.6,4.53,4.15,96.4,11,REGIONAL_UPLOAD,2026-07-09 03:15:00
2025-08-01,Asir,Business & Licensing,Call Center,12102,8093,59.0,32.2,30.32,3.42,91.4,9,TAYSEER_DWH,2026-07-09 03:15:00
2025-09-01,Qassim,Justice & Notary,Call Center,"5,153",3283,61.6,25.5,26.52,3.53,92.8,6,TAYSEER_DWH,2026-07-09 03:15:00
04-01-2026,asir,Identity & Civil Affairs,Branch,"26,068",22666,61.9,29.3,50.96,3.53,89.0,30,CHANNEL_API,2026-07-09 03:15:00
2025-11-01,Asir,Justice & Notary,Web Portal,7733,3753,55.5,15.4,9.82,4.01,95.7,4,TAYSEER_DWH,2026-07-09 03:15:00
2026-06-01,Madinah,Municipal Services,Web Portal,"13,800",7211,60.5,11.4,6.97,4.44,99.5,6,TAYSEER_DWH,2026-07-09 03:15:00
2025-12-01,Al-Baha,Labour & HR Services,Call Center,3432,2205,56.8%,19.5,23.18,3.87,91.3,4,CHANNEL_API,2026-07-09 03:15:00
2025-07-01,Najran,Justice & Notary,Mobile App,4668,1900,49.9,12.1,5.63,4.28,97.8,3,CHANNEL_API,2026-07-09 03:15:00
2026-06-01,Northern Borders,Municipal Services,Web Portal,2541,1352,62.6,11.8,9.15,4.15,99.0,2,TAYSEER_DWH,2026-07-09 03:15:00
2025-07-01,Eastern Province,Labour & HR Services,Call Center,"23,773",14589,65.8,15.7,18.34,3.9,90.5,22,TAYSEER_DWH,2026-07-09 03:15:00
2025-07-01,Qassim,Traffic & Transport,Web Portal,13788,7355,64.4,7.6,5.92,3.88,96.9,11,CHANNEL_API,2026-07-09 03:15:00
2026-06-01,Riyadh,Social Support & Subsidies,Call Center,36003,24147,67.7,15.3,20.98,4.04,93.7,31,TAYSEER_DWH,2026-07-09 03:15:00
2025-11-01,Al-Jouf,Labour & HR Services,Call Center,3239,2109,60.7,17.4,21.71,3.84,n/a,3,TAYSEER_DWH,2026-07-09 03:15:00
2026-04-01,Jazan,Social Support & Subsidies,Mobile App,16241,6136,49.2%,7.9,-25.35,4.16,99.5,10,REGIONAL_UPLOAD,2026-07-09 03:15:00
2026-04-01,'Asir,Business & Licensing,Web Portal,"11,205",5657,59.2,17.0,8.89,4.01,95.8,7,TAYSEER_DWH,2026-07-09 03:15:00
2025-08-01,Makkah,Business & Licensing,Mobile App,110483,40573,60.1%,10.8,5.12,4.17,97.9,76,TAYSEER_DWH,2026-07-09 03:15:00
2026-01-01,Riyadh,Justice & Notary,Call Center,31541,20284,64.4,28.7,26.72,null,89.8,18,TAYSEER_DWH,2026-07-09 03:15:00
Mar-2026,Al-Baha,Justice & Notary,Web Portal,1492,763,50.8,17.5,9.01,4.15,97.6,1,REGIONAL_UPLOAD,2026-07-09 03:15:00
2025-07-01,Najran,Justice & Notary,Web Portal,"1,883",964,49.9,20.0,9.28,3.93,96.7,2,TAYSEER_DWH,2026-07-09 03:15:00
2026-06-01,Al-Baha,Identity & Civil Affairs,Branch,6922,5775,55.9,29.8,52.2,3.61,91.0,8,TAYSEER_DWH,2026-07-09 03:15:00
2026-04-01,Qassim,Justice & Notary,Web Portal,4713,2439,62.7,15.1,8.48,4.03,96.8,3,TAYSEER_DWH,2026-07-09 03:15:00
2026-01-01,Makkah,Labour & HR Services,Branch,73139,62197,61.3,25.5,46.3,3.38,86.2,69,TAYSEER_DWH,2026-07-09 03:15:00
2025-07-01,Qassim,Municipal Services,Branch,12132,10115,62.1,32.0,50.15,3.24,87.1,18,TAYSEER_DWH,2026-07-09 03:15:00
2025-12-01,منطقة المدينة المنورة,Business & Licensing,Mobile App,31751,11507,60.4,10.9,5.4,4.41,99.0,12,REGIONAL_UPLOAD,2026-07-09 03:15:00
2025-12-01,Qassim,Business & Licensing,Branch,8335,6866,64.2,46.1,62.61,3.12,89.6,11,TAYSEER_DWH,2026-07-09 03:15:00
2025-08-01,Eastern Province,Education & Training,Mobile App,132428,49921,67.5%,5.1,3.46,4.63,95.3,21,TAYSEER_DWH,2026-07-09 03:15:00
2026-04-01,Makkah,Social Support & Subsidies,Call Center,41782,28860,61.3,20.2,21.76,N/A,89.9,31,REGIONAL_UPLOAD,2026-07-09 03:15:00
01/07/2025,Northern Borders,Identity & Civil Affairs,Call Center,3254,2099,62.2,1440.0,25.25,3.92,91.7,2,REGIONAL_UPLOAD,2026-07-09 05:40:00
2026-06-01,Northern Borders,Identity & Civil Affairs,Mobile App,11119,4166,62.9%,6.4,4.31,4.7,96.6,2,REGIONAL_UPLOAD,2026-07-09 05:40:00
2025-12-01,Madinah,Municipal Services,Branch,20909,16886,160.4,38.1,52.74,3.66,88.6,25,REGIONAL_UPLOAD,2026-07-09 03:15:00
01-01-2026,Al-Baha,Business & Licensing,Mobile App,5906,2218,52.9,10.2,5.32,4.25,97.8,3,CHANNEL_API,2026-07-09 03:15:00
01/07/2025,Hail,Justice & Notary,Call Center,2429,1567,58.4,33.7,26.74,3.72,91.1,2,TAYSEER_DWH,2026-07-09 03:15:00
2025-09-01,Riyadh,Business & Licensing,Mobile App,125111,46706,63.4,9.5,5.0,4.41,99.5,54,TAYSEER_DWH,2026-07-09 03:15:00
2026-06-01,Tabuk,Traffic & Transport,Web Portal,8031,3956,64.8,7.9,6.21,3.81,97.0,6,TAYSEER_DWH,2026-07-09 03:15:00
2026-06-01,Al-Jouf,Identity & Civil Affairs,Web Portal,5301,2779,64.4,10.6,5.98,4.25,96.1,4,TAYSEER_DWH,2026-07-09 03:15:00
2025-09-01,Al-Baha,Business & Licensing,Branch,4272,3474,52.5,118.5,66.2,3.29,87.0,4,REGIONAL_UPLOAD,2026-07-09 03:15:00
2026-05-01,Tabuk,Labour & HR Services,Web Portal,6505,3435,67.1,9.3,7.22,4.09,98.6,5,TAYSEER_DWH,2026-07-09 03:15:00
Sep-2025,Riyadh,Traffic & Transport,Mobile App,"202,366",77700,66.5,5.4,3.4,4.39,98.4,54,TAYSEER_DWH,2026-07-09 03:15:00
2026/04/01,Makkah ,Education & Training,Branch,69665,55842,63.8,22.6,50.86,3.63,93.8,56,TAYSEER_DWH,2026-07-09 03:15:00
2026-01-01,Najran,Municipal Services,Call Center,5416,3491,116.0,20.9,25.49,3.64,93.2,6,REGIONAL_UPLOAD,2026-07-09 03:15:00
2026-03-01,Makkah,Municipal Services,App,152170,58601,61.1,7.3,4.29,N/A,99.5,77,TAYSEER_DWH,2026-07-09 03:15:00
2026-06-01,Madinah,Education & Training,Mobile App,38970,15179,65.3,4.7,3.47,4.82,98.4,2,REGIONAL_UPLOAD,2026-07-09 03:15:00
2026-05-01,Asir,Business & Licensing,Web Portal,11708,6249,59.3,16.2,8.39,4.06,97.6,8,TAYSEER_DWH,2026-07-09 03:15:00
2025-11-01,Asir,Education & Training,Call Center,15227,-,62.0,14.2,21.7,3.9,86.8,14,CHANNEL_API,2026-07-09 03:15:00
2026-04-01,tabuk,Labour & HR Services,call center,5432,3557,66.8,21.0,23.73,3.43,85.8,5,TAYSEER_DWH,2026-07-09 03:15:00
2026-03-01,Eastern Province,Labour & HR Services,Call Center,29599,19112,66.4,14.9,21.2,3.96,88.3,27,TAYSEER_DWH,2026-07-09 03:15:00
2025-09-01,Madinah,Education & Training,Web Portal,25536,12986,63.7%,7.8,6.2,4.67,99.5,4,REGIONAL_UPLOAD,2026-07-09 03:15:00
2026-03-01,Madinah,Social Support & Subsidies,Call Center,"11,213",7252,61.1,21.0,21.21,4.1,90.9,6,TAYSEER_DWH,2026-07-09 03:15:00
2025-10-01,Jazan,Education & Training,Web Portal,10715,5375,51.0,7.1,6.73,4.02,99.5,11,TAYSEER_DWH,2026-07-09 03:15:00
2025-12-01,Qassim,Business & Licensing,Call Center,7082,4533,64.2,26.1,27.21,3.58,88.1,8,REGIONAL_UPLOAD,2026-07-09 03:15:00
2025-12-01,Riyadh ,Health Services,Branch,89941,72770,68.4,22.4,n/a,3.89,91.4,62,TAYSEER_DWH,2026-07-09 03:15:00
2025-11-01,Al-Baha,Health Services,Branch,6632,5423,56.3%,29.3,56.11,3.62,92.2,6,TAYSEER_DWH,2026-07-09 03:15:00
2026-02-01,Qassim,Business & Licensing,Branch,7061,5653,65.0,38.7,56.97,3.17,88.5,9,TAYSEER_DWH,2026-07-09 03:15:00
Dec-2025,Jazan,Health Services,Call Center,21117,13261,51.6,19.3,26.49,3.79,89.3,16,TAYSEER_DWH,2026-07-09 03:15:00
2025-11-01,Jazan,Social Support & Subsidies,Call Center,10125,6392,49.0,22.0,NULL,3.52,91.4,10,TAYSEER_DWH,2026-07-09 03:15:00
2026-01-01,Qassim,Identity & Civil Affairs,Mobile App,41617,15914,66.8,6.2,3.91,4.41,97.1,11,TAYSEER_DWH,2026-07-09 03:15:00
03-01-2026,AR RIYADH,Business & Licensing,Web Portal,"50,418",25501,64.5%,13.4,7.34,4.22,99.5,25,REGIONAL_UPLOAD,2026-07-09 03:15:00
2026-03-01,Qassim,Labour & HR Services,Call Center,8822,5490,64.0,18.8,21.77,3.61,91.3,12,TAYSEER_DWH,2026-07-09 03:15:00
2026-01-01,Madinah,Social Support & Subsidies,Call Center,10569,6641,60.7,19.6,22.19,4.24,92.7,7,REGIONAL_UPLOAD,2026-07-09 03:15:00
2026-01-01,AR RIYADH,Labour & HR Services,CALL_CENTRE,42787,26058,69.6,15.7,19.43,3.85,91.7,32,TAYSEER_DWH,2026-07-09 03:15:00
2026-04-01,Qassim,Municipal Services,Call Center,9577,6125,63.3,22.1,25.93,3.47,93.1,13,TAYSEER_DWH,2026-07-09 03:15:00
2025-10-01,Tabuk,Health Services,Mobile App,23967,9105,63.6,6.9,4.54,4.37,99.5,9,CHANNEL_API,2026-07-09 03:15:00
2026-05-01,Hail,Health Services,Call Center,6195,4195,65.6,17.2,21.47,4.02,92.5,5,TAYSEER_DWH,2026-07-09 03:15:00
2026-06-01,Eastern Province,Municipal Services,Call Center,30016,19433,68.6,19.8,22.06,3.85,90.1,25,REGIONAL_UPLOAD,2026-07-09 03:15:00
2025-09-01,Northern Borders,Health Services,Branch,"4,584",3668,59.5,25.9,53.6,3.92,n/a,5,CHANNEL_API,2026-07-09 03:15:00
2026-01-01,Riyadh,Municipal Services,Mobile App,161249,60523,65.1,6.5,4.18,4.56,n/a,27,TAYSEER_DWH,2026-07-09 03:15:00
2026-04-01,Najran,Social Support & Subsidies,Branch,4972,4061,52.4,29.8,54.67,3.53,87.8,7,TAYSEER_DWH,2026-07-09 03:15:00
01/11/2025,Riyadh,Traffic & Transport,Call Center,66536,41299,67.0,14.6,17.94,3.95,90.7,37,REGIONAL_UPLOAD,2026-07-09 03:15:00
2025-09-01,Al-Jouf,Municipal Services,Branch,4726,3749,61.7,32.1,51.22,3.25,89.3,4,TAYSEER_DWH,2026-07-09 03:15:00
2025-07-01,Al-Jouf,Health Services,branch,6000,4843,60.6,27.6,47.46,3.73,88.7,6,REGIONAL_UPLOAD,2026-07-09 03:15:00
2026-06-01,Najran,Justice & Notary,Branch,"3,731",3047,50.5,124.2,68.3,3.18,85.1,5,TAYSEER_DWH,2026-07-09 03:15:00
2025-12-01,Riyadh,Business & Licensing,Web Portal,49875,26644,64.5,15.8,6.81,4.16,99.0,24,TAYSEER_DWH,2026-07-09 03:15:00
2026-04-01,Madinah,Traffic & Transport,Mobile App,46960,17634,62.5,5.8,3.86,4.55,?,14,TAYSEER_DWH,2026-07-09 03:15:00
2026-06-01,Al-Baha,Municipal Services,Branch,4907,4073,54.1,34.6,56.61,3.53,89.1,6,CHANNEL_API,2026-07-09 03:15:00
01/06/2026,Al-Baha,Municipal Services,Mobile App,7804,3041,54.1,7.9,4.5,4.36,95.0,4,TAYSEER_DWH,2026-07-09 03:15:00
2026-03-01,Asir,Labour & HR Services,Mobile App,35747,14051,59.4,6.1,NULL,4.37,95.7,11,TAYSEER_DWH,2026-07-09 03:15:00
2025-07-01,Makkah,Health Services,Branch,99582,81556,62.0,27.1,51.73,3.48,87.7,105,REGIONAL_UPLOAD,2026-07-09 03:15:00
2026/01/01,Al-Jouf,Justice & Notary,Branch,2859,2309,59.1,41.6,66.73,3.41,88.1,4,TAYSEER_DWH,2026-07-09 03:15:00
2025-12-01,Tabuk,Health Services,Web Portal,10831,5489,63.6,9.9,6.65,4.0,97.3,10,CHANNEL_API,2026-07-09 03:15:00
2026-01-01,Najran,Business & Licensing,Branch,5512,4520,51.2,95.5,62.42,3.1,84.8,10,CHANNEL_API,2026-07-09 03:15:00
04-01-2026,Tabuk,Health Services,BRANCH,12206,10222,63.8,27.8,57.15,3.41,90.7,12,REGIONAL_UPLOAD,2026-07-09 03:15:00
2025-12-01,Makkah,Social Support & Subsidies,Web Portal,44645,23354,60.8,9.6,6.68,4.27,99.5,29,TAYSEER_DWH,2026-07-09 03:15:00
2026-04-01,Tabuk,Municipal Services,Branch,8356,7074,63.8,35.1,NULL,3.18,90.9,16,TAYSEER_DWH,2026-07-09 03:15:00
2025-10-01,Northern Borders,Traffic & Transport,Mobile App,8452,3278,61.3,5.2,4.44,4.63,98.1,2,REGIONAL_UPLOAD,2026-07-09 05:40:00
2026-02-01,Al-Jouf,Identity & Civil Affairs,Mobile App,11775,4610,64.4%,5.9,3.82,4.65,98.3,2,TAYSEER_DWH,2026-07-09 03:15:00
2025/08/01,Eastern Province,Labour & HR Services,Web Portal,36050,18392,65.5,8.5,NULL,4.37,95.5,14,TAYSEER_DWH,2026-07-09 03:15:00
01/06/2026,Riyadh,Health Services,Web Portal,88524,44465,69.4,8.1,6.31,4.5,98.5,22,TAYSEER_DWH,2026-07-09 03:15:00
2025-07-01,Riyadh,Labour & HR Services,Web Portal,59664,30802,68.4,8.9,6.12,4.35,99.5,33,TAYSEER_DWH,2026-07-09 03:15:00
2025-11-01,Makkah,Identity & Civil Affairs,Branch,107513,80916,65.4,29.5,55.23,3.52,91.5,139,TAYSEER_DWH,2026-07-09 03:15:00
2026-06-01,Madinah,Traffic & Transport,Mobile App,53027,21310,61.9,6.2,3.31,4.49,99.5,15,REGIONAL_UPLOAD,2026-07-09 03:15:00
2025-09-01,منطقة نجران,Labour & HR Services,Mobile App,7853,3016,51.1,6.2,4.52,4.39,97.6,3,CHANNEL_API,2026-07-09 03:15:00
2025-09-01,Najran,Health Services,Branch,9536,7786,51.0,26.7,54.78,3.48,90.4,5,TAYSEER_DWH,2026-07-09 03:15:00
2025-11-01,Qassim,Traffic & Transport,Mobile App,33610,13083,65.7,5.5,3.57,4.25,97.3,10,TAYSEER_DWH,2026-07-09 03:15:00
2025-11-01,N. Borders,Health Services,Branch,4371,3623,60.3,26.1,57.34,3.8,88.8,4,CHANNEL_API,2026-07-09 03:15:00
2025-10-01,Riyadh,Identity & Civil Affairs,Branch,96092,80699,66.9,25.5,43.67,3.84,89.4,108,REGIONAL_UPLOAD,2026-07-09 03:15:00
2025-07-01,Makkah,Labour & HR Services,Web Portal,55302,28008,60.0,8.4,6.77,4.12,94.8,31,TAYSEER_DWH,2026-07-09 03:15:00
2025-08-01,Madinah,Labour & HR Services,callcenter,12898,8087,60.6%,19.0,22.06,3.98,90.8,10,REGIONAL_UPLOAD,2026-07-09 03:15:00
2026-03-01,Asir,Municipal Services,Mobile App,41431,16547,61.2,8.1,5.03,4.46,99.0,14,TAYSEER_DWH,2026-07-09 03:15:00
2026-04-01,Northern Borders,Identity & Civil Affairs,Call Center,"3,935",2400,62.4,18.5,23.85,4.09,92.4,3,CHANNEL_API,2026-07-09 03:15:00
2025-07-01,Eastern Province,Education & Training,Call Center,29390,19285,67.1,15.0,17.51,4.02,91.0,20,TAYSEER_DWH,2026-07-09 03:15:00
2026-03-01,Riyadh,Municipal Services,Web Portal,60063,29084,66.0,9.6,6.16,4.2,98.0,37,TAYSEER_DWH,2026-07-09 03:15:00
2026-03-01,Makkah,Justice & Notary,Call Center,32300,21160,60.9,33.7,28.88,3.56,90.7,47,REGIONAL_UPLOAD,2026-07-09 03:15:00
2025-11-01,Makkah,Education & Training,Mobile App,161618,64763,63.5,5.4,3.56,4.57,99.5,51,TAYSEER_DWH,2026-07-09 03:15:00
2026-01-01,Riyadh,Municipal Services,Branch,61876,51318,65.1,31.8,45.51,3.52,89.4,55,REGIONAL_UPLOAD,2026-07-09 03:15:00
2026-01-01,Eastern Province,Health Services,Mobile App,148146,55495,66.1,5.0,4.41,-,99.5,19,TAYSEER_DWH,2026-07-09 03:15:00
2025-07-01,Eastern Province,Traffic & Transport,Call Center,34203,20971,66.9,13.2,18.99,3.87,88.5,33,REGIONAL_UPLOAD,2026-07-09 03:15:00
2026-05-01,northern borders,Health Services,Mobile App,9139,3578,60.4,6.4,4.91,4.84,99.5,0,TAYSEER_DWH,2026-07-09 03:15:00
2026-04-01,Northern Borders,Health Services,Web Portal,3574,1851,61.0,9.1,7.81,4.51,98.5,1,TAYSEER_DWH,2026-07-09 03:15:00
2026-04-01,Qassim,Education & Training,Web Portal,11487,6052,68.0,0.0,5.99,4.2,97.0,5,REGIONAL_UPLOAD,2026-07-09 03:15:00
2025-10-01,Hail,Justice & Notary,Call Center,2825,1781,58.9,30.5,28.98,3.61,90.5,3,CHANNEL_API,2026-07-09 03:15:00
01/03/2026,Al-Baha,Labour & HR Services,Call Center,3403,2098,56.7,19.0,25.22,3.69,90.4,3,TAYSEER_DWH,2026-07-09 03:15:00
2026-05-01,Hail,Health Services,Web Portal,6814,3452,65.6,8.5,7.16,4.38,95.2,3,TAYSEER_DWH,2026-07-09 03:15:00
2026-03-01,Madinah,Social Support & Subsidies,Branch,13062,10554,61.1,30.9,49.68,3.83,90.4,11,TAYSEER_DWH,2026-07-09 03:15:00
2025-12-01,Asir,Business & Licensing,Branch,17032,13755,59.3,86.7,64.53,3.3,89.1,20,TAYSEER_DWH,2026-07-09 03:15:00
2025-10-01,Madinah,Traffic & Transport,Call Center,19013,12383,60.7,17.3,NULL,4.0,90.3,13,TAYSEER_DWH,2026-07-09 03:15:00
2026-02-01,Makkah,Business & Licensing,Web Portal,42684,22417,60.9,16.0,7.47,3.8,95.5,28,TAYSEER_DWH,2026-07-09 03:15:00
2025-07-01,Asir,Traffic & Transport,Branch,25198,20265,59.6,24.8,49.55,3.32,91.2,22,TAYSEER_DWH,2026-07-09 03:15:00
2026-03-01,Najran,Labour & HR Services,Branch,6061,4975,51.5%,31.9,51.63,3.45,91.3,7,TAYSEER_DWH,2026-07-09 03:15:00
2025-10-01,Tabuk,Labour & HR Services,Call Center,5213,3330,65.9,16.8,22.67,3.72,95.2,5,TAYSEER_DWH,2026-07-09 03:15:00
2025-08-01,Northern Borders,Traffic & Transport,Call Center,2941,1905,61.1,17.1,24.36,3.77,92.2,3,TAYSEER_DWH,2026-07-09 03:15:00
2026-02-01,Makkah,Labour & HR Services,Mobile App,129001,48341,61.8%,6.3,4.28,4.3,99.5,61,TAYSEER_DWH,2026-07-09 03:15:00
2025-11-01,Tabuk,Municipal Services,Call Center,6607,4308,63.1,22.6,27.59,3.42,89.0,9,CHANNEL_API,2026-07-09 03:15:00
2026-03-01,madinah,Justice & Notary,Branch,10429,8667,59.3,49.2,65.55,3.65,88.4,11,TAYSEER_DWH,2026-07-09 03:15:00
2026-03-01,Hail,Business & Licensing,Call Center,3951,2548,61.7,27.4,25.94,3.56,89.2,4,TAYSEER_DWH,2026-07-09 03:15:00
2025-12-01,Qassim,Health Services,Call Center,12797,8570,66.1,16.6,20.83,3.68,88.9,11,REGIONAL_UPLOAD,2026-07-09 03:15:00
2026/04/01,Eastern Province,Justice & Notary,Call Center,16680,10112,65.6,27.7,27.22,3.79,87.4,14,TAYSEER_DWH,2026-07-09 03:15:00
2025-12-01,EASTERN PROVINCE,Social Support & Subsidies,Mobile App,69578,26337,65.4,7.6,4.41,4.65,98.5,12,CHANNEL_API,2026-07-09 03:15:00
2026-01-01,Al-Jouf,Justice & Notary,Mobile App,4591,1843,59.1,10.2,5.21,4.35,99.5,2,TAYSEER_DWH,2026-07-09 03:15:00
2026-03-01,Tabuk,Justice & Notary,Branch,4575,3782,64.1,51.5,68.55,3.26,90.0,5,TAYSEER_DWH,2026-07-09 03:15:00
2025-12-01,Hail,Social Support & Subsidies,Web Portal,3550,NA,61.8,9.4,6.9,4.41,99.5,1,TAYSEER_DWH,2026-07-09 03:15:00
2026-06-01,Riyadh,Identity & Civil Affairs, Branch,93985,78124,67.7,28.4,47.18,3.83,90.5,74,TAYSEER_DWH,2026-07-09 03:15:00
2026-02-01,Najran,Business & Licensing,Branch,3881,3214,51.1,125.6,68.06,3.21,89.3,7,REGIONAL_UPLOAD,2026-07-09 03:15:00
2026-06-01,Sharqiyah,Social Support & Subsidies,Mobile App,"77,594",29984,65.7,6.0,4.13,null,94.0,6,TAYSEER_DWH,2026-07-09 03:15:00
2025-07-01,Asir,Identity & Civil Affairs,Branch,28542,23451,61.7%,28.8,54.77,3.45,89.6,44,TAYSEER_DWH,2026-07-09 03:15:00
2025-10-01,Najran,Municipal Services,Mobile App,9351,3434,51.3,7.4,4.51,4.3,n/a,3,TAYSEER_DWH,2026-07-09 03:15:00
2026-03-01,Qassim,Business & Licensing,Call Center,7017,4681,64.9%,26.2,28.66,3.45,89.6,11,TAYSEER_DWH,2026-07-09 03:15:00
2025-12-01,Najran,Municipal Services,Branch,7014,5897,51.1,32.7,57.04,3.34,91.1,8,TAYSEER_DWH,2026-07-09 03:15:00
2026-05-01,Najran,Education & Training,App,10887,4061,55.6,5.0,3.81,4.55,94.8,3,TAYSEER_DWH,2026-07-09 03:15:00
2025-09-01,Riyadh,Education & Training,Web Portal,104443,54855,68.4,7.9,5.36,4.4,99.0,22,TAYSEER_DWH,2026-07-09 03:15:00
2026-05-01,Jazan,Health Services,Call Center,21036,13674,51.9,17.7,25.35,3.78,93.3,17,TAYSEER_DWH,2026-07-09 03:15:00
2026-06-01,Northern Borders,Health Services,Call Center,3452,2266,60.7,17.3,26.9,4.17,93.3,3,TAYSEER_DWH,2026-07-09 03:15:00
01/03/2026,Hail,Education & Training,Web Portal,5046,2607,67.8,6.7,5.75,4.35,99.5,2,TAYSEER_DWH,2026-07-09 03:15:00
2025-07-01,Makkah,Municipal Services,Branch,"74,993",60679,59.6,34.1,56.61,N/A,90.3,107,REGIONAL_UPLOAD,2026-07-09 03:15:00
2025-10-01,Al-Baha,Education & Training,Branch,4814,3847,56.6,22.0,45.94,3.54,94.1,6,TAYSEER_DWH,2026-07-09 03:15:00
2025-09-01,Tabuk,Education & Training,Branch,10913,9141,67.2,22.8,51.14,3.38,88.0,14,TAYSEER_DWH,2026-07-09 03:15:00
2026-03-01,Asir,Social Support & Subsidies,Branch,14353,11334,57.2,32.8,55.18,3.5,92.0,14,TAYSEER_DWH,2026-07-09 03:15:00
2026-03-01,Madinah,Traffic & Transport,Mobile App,52096,20030,61.5,6.2,3.78,4.55,99.5,11,TAYSEER_DWH,2026-07-09 03:15:00
2026-03-01,منطقة تبوك,Health Services,Branch,10579,8358,64.9,29.7,54.41,3.53,89.7,12,TAYSEER_DWH,2026-07-09 03:15:00
2025-07-01,Asir,Justice & Notary,Mobile App,17279,6341,55.7,11.4,6.33,4.24,97.1,9,TAYSEER_DWH,2026-07-09 03:15:00
2026-04-01,Hail,Labour & HR Services,Branch,4903,4082,65.8,24.9,55.73,3.58,91.6,6,TAYSEER_DWH,2026-07-09 03:15:00
2026-01-01,Madinah,Social Support & Subsidies,Web Portal,10932,5951,60.7,10.4,6.78,-,99.4,3,TAYSEER_DWH,2026-07-09 03:15:00
2025-11-01,Al-Baha,Traffic & Transport,Mobile App,10062,4021,56.2,5.8,4.26,4.45,98.5,3,TAYSEER_DWH,2026-07-09 03:15:00
2025-12-01,Northern Borders,Traffic & Transport,Web Portal,"4,870",2550,61.8,7.7,NULL,4.43,96.4,2,CHANNEL_API,2026-07-09 03:15:00
2025-10-01,Riyadh,Labour & HR Services,Web Portal,63976,33002,68.6,8.6,5.86,null,96.8,35,TAYSEER_DWH,2026-07-09 03:15:00
2026-06-01,Makkah ,Labour & HR Services,Branch,67365,53278,62.1,30.6,47.3,3.55,88.1,50,TAYSEER_DWH,2026-07-09 03:15:00
2026-02-01,Eastern Province,Traffic & Transport,Call Center,31461,19204,68.3,14.3,17.8,3.75,93.2,29,TAYSEER_DWH,2026-07-09 03:15:00
2025-10-01,Al-Baha,Labour & HR Services,Mobile App,6951,2751,56.5,7.4,4.33,4.3,98.6,2,TAYSEER_DWH,2026-07-09 03:15:00
2026-02-01,Eastern Province,Social Support & Subsidies,Branch,"18,631",15070,65.5,31.1,50.11,3.71,91.0,18,CHANNEL_API,2026-07-09 03:15:00
2026-05-01,Riyadh,Identity & Civil Affairs,Branch,92046,75465,67.3%,28.9,44.44,3.9,91.2,32,CHANNEL_API,2026-07-09 03:15:00
2026-04-01,Madinah,Traffic & Transport,Call Center,"17,374",10863,62.5,14.7,19.42,4.01,95.3,15,TAYSEER_DWH,2026-07-09 03:15:00
2025-11-01,Jazan,Justice & Notary,Web Portal,"4,627",2392,46.0,19.5,10.38,3.81,98.3,5,TAYSEER_DWH,2026-07-09 03:15:00
2026-05-01,Asir,Labour & HR Services,Branch,18120,14316,113.6,29.0,51.14,3.43,91.4,26,REGIONAL_UPLOAD,2026-07-09 03:15:00
2025-11-01,Hail,Health Services,Mobile App,19661,7351,64.5,6.1,4.68,4.57,99.2,5,REGIONAL_UPLOAD,2026-07-09 03:15:00
2025-09-01,Al-Jouf,Municipal Services,Mobile App,9193,3736,61.7%,6.6,4.26,4.43,99.5,4,TAYSEER_DWH,2026-07-09 03:15:00
2026-06-01,Eastern Province,Social Support & Subsidies,Call Center,24911,16403,65.7,17.2,21.74,4.02,91.7,22,TAYSEER_DWH,2026-07-09 03:15:00
2025-12-01,Al-Baha,Justice & Notary,Mobile App,"3,812",1486,51.1,12.2,5.66,4.37,93.2,2,TAYSEER_DWH,2026-07-09 03:15:00
2026-01-01,Najran,Identity & Civil Affairs, Branch,9750,7677,51.5,33.2,50.66,3.48,90.6,9,TAYSEER_DWH,2026-07-09 03:15:00
2026-02-01,Hail,Education & Training,call center,3668,2315,66.8,13.1,18.11,4.03,89.0,3,TAYSEER_DWH,2026-07-09 03:15:00
2025-10-01,Northern Borders,Social Support & Subsidies,Web Portal,2017,1018,59.4%,10.6,7.73,4.44,99.4,1,TAYSEER_DWH,2026-07-09 03:15:00
2026-02-01,Hail,Social Support & Subsidies,Web Portal,3128,1553,62.9,10.4,-32.03,4.34,96.5,2,REGIONAL_UPLOAD,2026-07-09 03:15:00
2025-11-01,Riyadh,Labour & HR Services,Branch,56670,46909,68.8,25.5,41.99,3.84,92.3,40,REGIONAL_UPLOAD,2026-07-09 03:15:00
2025-12-01,Qassim,Identity & Civil Affairs,MOBILE_APP,"40,212",15764,66.5,6.3,3.53,4.41,98.9,13,REGIONAL_UPLOAD,2026-07-09 03:15:00
2025-09-01,Riyadh,Health Services,Mobile App,213857,85061,67.6,5.3,4.09,4.67,96.8,41,TAYSEER_DWH,2026-07-09 03:15:00
2026-03-01,Tabuk,Identity & Civil Affairs,Mobile App,25128,9069,64.4,7.4,3.7,4.34,98.0,10,CHANNEL_API,2026-07-09 03:15:00
2026-06-01,Madinah,Justice & Notary,Mobile App,"22,344",8969,59.8,10.6,5.56,4.59,99.5,5,TAYSEER_DWH,2026-07-09 03:15:00
2025-11-01,Makkah,Labour & HR Services,Mobile App,132920,52097,61.0,7.2,4.32,4.28,95.3,85,TAYSEER_DWH,2026-07-09 03:15:00
2025-07-01,Hail,Labour & HR Services,Web Portal,4932,2614,156.7,10.0,6.72,4.31,99.0,2,TAYSEER_DWH,2026-07-09 03:15:00
2025-08-01,Al-Baha,Social Support & Subsidies,Branch,3224,2609,53.4,38.0,52.83,3.49,90.2,3,TAYSEER_DWH,2026-07-09 03:15:00
2026-01-01,Northern Borders,Social Support & Subsidies,call center,2152,1369,59.5,18.1,24.02,4.07,90.6,2,TAYSEER_DWH,2026-07-09 03:15:00
2026-05-01,Eastern Province,Labour & HR Services,Mobile App,90569,33933,67.4,6.5,3.71,4.48,97.3,33,TAYSEER_DWH,2026-07-09 03:15:00
2026-04-01,Jazan,Traffic & Transport,Web Portal,"11,715",5920,51.9,9.0,6.79,3.82,99.5,9,TAYSEER_DWH,2026-07-09 03:15:00
2025-07-01,Madinah,Business & Licensing,Web Portal,12862,6577,59.4,17.5,7.42,,99.5,6,CHANNEL_API,2026-07-09 03:15:00
2025-12-01,Eastern Province,Traffic & Transport,Call Center,49339,31391,67.5,14.0,18.64,3.76,92.5,60,TAYSEER_DWH,2026-07-09 03:15:00
2025-10-01,Makkah,Social Support & Subsidies,web portal,48462,23744,59.5,11.3,7.26,4.07,99.2,26,REGIONAL_UPLOAD,2026-07-09 05:40:00
2025-12-01,Jazan,Identity & Civil Affairs,Mobile App,35789,14211,49.1,8.1,4.87,4.3,99.1,17,CHANNEL_API,2026-07-09 03:15:00
2026-02-01,Tabuk,Labour & HR Services,Mobile App,16151,6203,67.0,6.6,4.33,4.14,99.5,8,TAYSEER_DWH,2026-07-09 03:15:00
2025-10-01,Eastern Province,Municipal Services,Call Center,30220,19049,66.6,19.7,23.02,3.79,89.1,34,TAYSEER_DWH,2026-07-09 03:15:00
2026-04-01,Riyadh,Justice & Notary,Web Portal,34934,17368,64.6,13.2,7.15,4.13,97.6,20,TAYSEER_DWH,2026-07-09 03:15:00
2025-07-01,Najran,Justice & Notary,Call Center,2682,1779,49.9,33.6,28.15,3.63,91.6,3,TAYSEER_DWH,2026-07-09 03:15:00
2026-03-01,Asir,Municipal Services,Web Portal,"13,728",6752,61.2,10.2,7.41,4.17,98.3,8,TAYSEER_DWH,2026-07-09 03:15:00
2025-07-01,Jazan,Justice & Notary,Branch,10318,8577,46.1,129.0,71.45,3.1,83.3,11,REGIONAL_UPLOAD,2026-07-09 03:15:00
2026-06-01,Eastern Province,Education & Training,Branch,32634,27647,69.1,20.3,39.61,3.89,89.8,28,REGIONAL_UPLOAD,2026-07-09 03:15:00
2025-09-01,Jazan,Social Support & Subsidies,Mobile App,17269,6855,48.9,7.5,4.88,4.2,93.9,10,CHANNEL_API,2026-07-09 03:15:00
04-01-2026,Qassim,Justice & Notary,Mobile App,15063,5783,62.7,10.6,5.01,4.2,99.5,7,TAYSEER_DWH,2026-07-09 03:15:00
2025-07-01,Eastern Province,Business & Licensing,Mobile App,67313,24882,63.9,9.8,5.0,4.45,99.2,23,TAYSEER_DWH,2026-07-09 03:15:00
2026-06-01,Al-Jouf,Labour & HR Services,Branch,"4,200",3272,61.9,27.6,56.07,3.58,91.1,4,REGIONAL_UPLOAD,2026-07-09 03:15:00
2026-06-01,Madinah,Business & Licensing,Call Center,12516,8223,61.5%,31.2,24.66,4.03,89.3,7,TAYSEER_DWH,2026-07-09 03:15:00
2026-02-01,Makkah,Municipal Services,Mobile App,134228,50868,60.9,7.4,4.44,4.27,n/a,84,CHANNEL_API,2026-07-09 03:15:00
2026-04-01,منطقة مكة المكرمة,Business & Licensing,Call Center,49553,31280,61.1,25.7,29.21,3.62,88.6,61,TAYSEER_DWH,2026-07-09 03:15:00
Apr-2026,Tabuk,Education & Training,Branch,7099,5613,67.7,23.3,45.13,,87.7,9,REGIONAL_UPLOAD,2026-07-09 05:40:00
2026-05-01,Jazan,Social Support & Subsidies,Call Center,11253,7662,49.6,19.8,28.95,3.57,91.5,13,CHANNEL_API,2026-07-09 03:15:00
2025-08-01,Tabuk,Municipal Services,Mobile App,17279,6681,62.8,7.3,4.79,4.17,99.5,9,TAYSEER_DWH,2026-07-09 03:15:00
01/10/2025,Riyadh,Identity & Civil Affairs,Web Portal,89388,48230,66.9,8.8,5.64,4.53,97.9,31,TAYSEER_DWH,2026-07-09 03:15:00
2026-04-01,Mecca,Social Support & Subsidies,Branch,57366,NA,61.3,32.5,51.77,3.54,92.0,69,TAYSEER_DWH,2026-07-09 03:15:00
2026-06-01,Eastern Province,Justice & Notary,Mobile App,56885,22601,66.3,11.5,5.03,null,99.1,17,TAYSEER_DWH,2026-07-09 03:15:00
2026-06-01,Hail,Justice & Notary,Web Portal,"2,423",1219,60.1,16.1,7.91,4.06,97.9,1,TAYSEER_DWH,2026-07-09 03:15:00
2025-08-01,Northern Borders,Education & Training,Call Center,3252,2079,62.5,16.8,21.74,3.95,91.1,3,REGIONAL_UPLOAD,2026-07-09 03:15:00
2025-09-01,Qassim,Business & Licensing,Mobile App,21152,8478,63.7,9.9,5.1,4.11,98.0,12,TAYSEER_DWH,2026-07-09 03:15:00
2026-01-01,Tabuk,Justice & Notary,Web Portal,4182,2185,63.8,18.6,9.12,3.82,96.8,4,REGIONAL_UPLOAD,2026-07-09 03:15:00
2025-09-01,Eastern Province,Justice & Notary,Mobile App,"50,949",19602,64.8,10.9,5.27,4.41,97.7,21,TAYSEER_DWH,2026-07-09 03:15:00
2026-04-01,Najran,Identity & Civil Affairs,Mobile App,14387,5487,52.0,6.3,4.35,4.52,99.5,5,TAYSEER_DWH,2026-07-09 03:15:00
2026-02-01,Al-Baha,Education & Training,Branch,3478,2857,55.8%,21.2,50.22,3.68,92.9,4,TAYSEER_DWH,2026-07-09 03:15:00
2026-04-01,Makkah,Education & Training,Web Portal,55859,29825,63.8,7.6,5.52,4.19,96.4,24,TAYSEER_DWH,2026-07-09 03:15:00
2026-04-01,Northern Borders,Social Support & Subsidies,Mobile App,5159,2053,59.8%,7.6,5.24,4.6,97.6,1,TAYSEER_DWH,2026-07-09 03:15:00
2026-02-01,Al-Jouf,Health Services,Branch,4826,3934,62.2,27.7,52.08,3.84,88.9,4,TAYSEER_DWH,2026-07-09 03:15:00
2026-03-01,Madinah,Health Services,Web Portal,20347,10083,63.0,8.4,6.84,4.56,96.5,5,TAYSEER_DWH,2026-07-09 03:15:00
2026-02-01,Al-Jouf,Education & Training,Call Center,3075,1986,63.2,14.1,17.82,4.03,91.0,2,REGIONAL_UPLOAD,2026-07-09 03:15:00
2025-09-01,Riyadh,Municipal Services,Web Portal,64533,32148,64.9,10.4,6.83,4.35,98.8,37,TAYSEER_DWH,2026-07-09 03:15:00
2025-10-01,Northern Borders,Traffic & Transport,Call Center,3120,1958,61.3,16.7,21.1,4.06,90.4,2,TAYSEER_DWH,2026-07-09 03:15:00
2026-05-01,Jazan,Traffic & Transport,Mobile App,"33,008",13303,51.9%,5.5,4.43,4.12,96.4,23,TAYSEER_DWH,2026-07-09 03:15:00
2025-11-01,Jazan,Education & Training,Web Portal,"9,145",4688,51.1,8.3,7.23,4.0,99.5,7,TAYSEER_DWH,2026-07-09 03:15:00
2026-01-01,Asir,Identity & Civil Affairs,Branch,24428,20025,61.8,28.4,55.9,3.6,95.3,14,TAYSEER_DWH,2026-07-09 03:15:00
2026-02-01,Tabuk,Municipal Services,Mobile App,"16,021",5973,63.6,8.4,4.55,4.18,99.5,7,TAYSEER_DWH,2026-07-09 03:15:00
2026-02-01,Makkah,Social Support & Subsidies,Call Center,38418,25598,60.0,20.9,22.49,3.77,90.2,28,TAYSEER_DWH,2026-07-09 03:15:00
2025-10-01,Asir,Health Services,Mobile App ,"51,493",19283,59.1,6.3,4.72,4.55,99.5,14,REGIONAL_UPLOAD,2026-07-09 03:15:00
2026-04-01,riyadh,Municipal Services,Mobile App,177742,68093,65.4,6.6,4.0,4.48,97.4,68,TAYSEER_DWH,2026-07-09 03:15:00
2026-05-01,Riyadh,Business & Licensing,Web Portal,48577,26143,65.1,10.5,7.58,-,97.4,20,TAYSEER_DWH,2026-07-09 03:15:00
03-01-2026,albaha,Traffic & Transport,Web Portal,3609,1798,105.6,9.2,6.43,4.23,99.5,1,CHANNEL_API,2026-07-09 03:15:00
04-01-2026,Qassim,Education & Training,Branch,10481,8722,68.0,23.1,43.94,3.46,91.1,13,TAYSEER_DWH,2026-07-09 03:15:00
2026-06-01,Riyadh,Social Support & Subsidies,Web Portal,47891,23235,67.7%,8.6,6.45,,97.3,18,TAYSEER_DWH,2026-07-09 03:15:00
2026-04-01,Asir,Traffic & Transport,Web Portal,17063,8706,60.4,7.7,6.64,4.12,97.0,8,TAYSEER_DWH,2026-07-09 03:15:00
2025-08-01,Jazan,Municipal Services,Branch,18280,14998,48.7,37.2,58.85,3.14,87.3,24,TAYSEER_DWH,2026-07-09 03:15:00
2026-03-01,Northern Borders,Business & Licensing,Web Portal,2111,1115,60.1,16.2,9.14,4.13,97.5,1,TAYSEER_DWH,2026-07-09 03:15:00
01/09/2025,Tabuk,Municipal Services,Call Center,6653,4303,62.5,23.6,25.44,3.49,86.2,8,TAYSEER_DWH,2026-07-09 03:15:00
2026-01-01,Northern Borders,Health Services,Call Center,3940,2487,60.7,17.3,25.78,4.09,89.4,3,TAYSEER_DWH,2026-07-09 03:15:00
2025-12-01,Najran,Municipal Services,Call Center,5461,3497,51.1,22.4,26.6,,92.2,5,TAYSEER_DWH,2026-07-09 03:15:00
2026-05-01,Riyadh,Identity & Civil Affairs,Mobile App,253272,97128,67.3,5.2,NULL,4.71,99.5,34,TAYSEER_DWH,2026-07-09 03:15:00
2025-08-01,Eastern Province,Education & Training,Branch,58930,48205,67.5,20.7,41.85,3.76,91.8,50,TAYSEER_DWH,2026-07-09 03:15:00
2025-09-01,Eastern Province,Business & Licensing,Call Center,22917,15553,152.8,28.9,26.21,3.81,88.6,14,TAYSEER_DWH,2026-07-09 03:15:00
03-01-2026,Riyadh,Traffic & Transport,Call Center,61587,39269,68.1,12.6,18.16,4.02,89.6,64,TAYSEER_DWH,2026-07-09 03:15:00
2025-12-01,Makkah,Business & Licensing,Web Portal,49988,25276,60.4,15.8,8.08,4.01,98.0,45,TAYSEER_DWH,2026-07-09 03:15:00
2025-12-01,Tabuk,Municipal Services,Branch,8137,6931,62.9,31.2,62.12,3.33,89.0,8,TAYSEER_DWH,2026-07-09 03:15:00
2026-02-01,Jazan,Labour & HR Services,Call Center,11834,7991,48.0,20.1,27.96,3.51,89.9,11,REGIONAL_UPLOAD,2026-07-09 03:15:00
2026-05-01,Madinah,Municipal Services,Mobile App,49690,19169,60.6,6.9,4.47,4.43,99.5,19,REGIONAL_UPLOAD,2026-07-09 03:15:00
2026-04-01,Al-Bahah,Health Services,Call Center,5402,3369,57.3,15.5,24.87,3.92,89.5,5,TAYSEER_DWH,2026-07-09 03:15:00
2026-06-01,Jazan,Labour & HR Services,Branch,"15,387",12851,48.8,30.9,59.88,3.18,90.1,24,CHANNEL_API,2026-07-09 03:15:00
2026-01-01,Najran,Justice & Notary,MOBILE_APP,4888,1845,50.4,11.6,5.92,4.14,99.0,3,TAYSEER_DWH,2026-07-09 03:15:00
01/02/2026,Najran,Municipal Services,Branch,4780,3931,51.2,36.4,62.85,3.37,87.7,6,REGIONAL_UPLOAD,2026-07-09 03:15:00
2026-03-01,Madinah,Business & Licensing,Call Center,12594,8518,60.8,29.7,26.5,3.93,91.5,15,REGIONAL_UPLOAD,2026-07-09 03:15:00
2025-11-01,Asir,Justice & Notary,Branch,13190,10679,55.5%,98.2,68.55,3.23,88.1,20,TAYSEER_DWH,2026-07-09 03:15:00
2025-11-01,AL-JOUF,Municipal Services,Branch,"4,611",3882,62.5,35.4,51.9,3.43,91.1,5,TAYSEER_DWH,2026-07-09 03:15:00
2025-10-01,منطقة جازان,Identity & Civil Affairs,Branch,28619,22345,48.7,28.2,54.15,3.35,90.2,36,TAYSEER_DWH,2026-07-09 03:15:00
2026-04-01,Tabuk,Social Support & Subsidies,Branch,"5,853",4837,63.5%,32.6,49.62,3.29,89.0,9,REGIONAL_UPLOAD,2026-07-09 03:15:00
2026-05-01,Al-Jouf,Business & Licensing,Call Center,3270,2199,61.2,28.2,26.13,3.64,91.8,3,TAYSEER_DWH,2026-07-09 03:15:00
2025-08-01,Najran,Health Services,Web Portal,4765,2338,51.1,8.9,7.51,4.19,98.9,2,TAYSEER_DWH,2026-07-09 03:15:00
2026-06-01,Hail,Traffic & Transport,Call Center,5539,3728,64.1,14.4,19.5,3.83,92.1,6,TAYSEER_DWH,2026-07-09 03:15:00
2026-06-01,Najran,Business & Licensing,Branch,5008,4023,51.0,106.6,69.15,3.26,85.2,8,TAYSEER_DWH,2026-07-09 03:15:00
2025-08-01,Jazan,Health Services,Web Portal,12676,6484,50.8,9.9,8.86,4.1,99.5,7,REGIONAL_UPLOAD,2026-07-09 03:15:00
2026-05-01,Makkah,Municipal Services,Branch,108226,91149,61.2%,35.7,57.82,3.37,91.9,178,TAYSEER_DWH,2026-07-09 03:15:00
06-01-2026,Tabuk,Traffic & Transport,Call Center,7896,4986,64.8,15.2,20.83,3.59,94.8,8,TAYSEER_DWH,2026-07-09 03:15:00
01/11/2025,Najran,Education & Training,web portal,4084,2279,55.3,8.4,6.28,null,99.5,1,TAYSEER_DWH,2026-07-09 03:15:00
2026-02-01,Najran,Health Services,Branch,7249,6002,51.6,28.4,50.92,3.6,91.1,9,REGIONAL_UPLOAD,2026-07-09 03:15:00
2025-08-01,Hail,Health Services,Mobile App,16848,-,63.8,5.0,3.91,4.69,99.5,3,TAYSEER_DWH,2026-07-09 03:15:00
2025-11-01,Tabuk,Health Services,Web Portal,9996,4906,63.6,9.6,7.58,4.2,98.1,7,TAYSEER_DWH,2026-07-09 03:15:00
2026-04-01,Eastern Province,Traffic & Transport,WEB,50190,25616,68.7,6.8,6.18,4.26,95.6,17,CHANNEL_API,2026-07-09 03:15:00
01/04/2026,Hail,Labour & HR Services,Mobile App,12478,5032,65.8,5.9,4.16,4.71,96.0,1,TAYSEER_DWH,2026-07-09 03:15:00
2026-03-01,Najran,Justice & Notary,Web Portal,1993,1012,50.7%,16.1,9.36,3.98,99.3,2,REGIONAL_UPLOAD,2026-07-09 03:15:00
2025-12-01,Northern Borders,Justice & Notary,Mobile App ,3457,1355,59.0,11.8,5.83,4.58,96.3,1,TAYSEER_DWH,2026-07-09 03:15:00
2025-09-01,Madinah,Traffic & Transport, Branch,23555,19129,61.2,24.9,45.45,3.58,87.6,32,TAYSEER_DWH,2026-07-09 03:15:00
2025-11-01,Asir,Social Support & Subsidies,Call Center,"10,973",7174,57.1,19.4,23.36,3.73,93.2,9,CHANNEL_API,2026-07-09 03:15:00
2026-04-01,Northern Borders,Identity & Civil Affairs,Web Portal,3767,,62.4,9.1,7.58,4.5,99.5,1,TAYSEER_DWH,2026-07-09 03:15:00
2026-03-01,Eastern Province,Education & Training,Mobile App,102042,39238,69.0,4.2,3.42,4.68,99.5,21,REGIONAL_UPLOAD,2026-07-09 03:15:00
2026-04-01,Najran,Social Support & Subsidies,Mobile App,7362,2967,52.4,7.6,4.31,4.36,96.7,3,TAYSEER_DWH,2026-07-09 03:15:00
2026-02-01,Tabuk,Municipal Services,Web Portal,6128,3222,63.6,12.4,7.64,3.9,96.8,3,TAYSEER_DWH,2026-07-09 03:15:00
2026-01-01,Eastern Province,Justice & Notary,Web Portal,20856,10755,65.7%,14.0,8.31,4.12,96.0,10,CHANNEL_API,2026-07-09 03:15:00
2026-04-01,jazan ,Business & Licensing,Web Portal,7105,3549,48.6,15.7,8.77,3.78,97.5,6,TAYSEER_DWH,2026-07-09 03:15:00
2026-03-01,Madinah,Traffic & Transport,Branch,22458,18419,61.5,23.1,46.01,3.64,92.0,30,TAYSEER_DWH,2026-07-09 03:15:00
2026-02-01,Hail,Identity & Civil Affairs,Call Center,5556,3472,67.4,18.5,22.5,4.09,90.4,4,REGIONAL_UPLOAD,2026-07-09 03:15:00
2026-04-01,Najran,Traffic & Transport,Mobile App,14071,5387,54.9,5.3,4.29,4.34,97.9,7,TAYSEER_DWH,2026-07-09 03:15:00
2025-12-01,Al-Baha,Traffic & Transport,Call Center,5795,3641,56.1%,16.9,22.19,3.62,92.1,7,TAYSEER_DWH,2026-07-09 03:15:00
2025-12-01,المنطقة الشرقية,Business & Licensing,Portal,31232,15977,65.6,14.6,n/a,4.06,94.8,20,TAYSEER_DWH,2026-07-09 03:15:00
2026-02-01,Al-Jouf,Municipal Services,Call Center,2831,1770,62.8,19.3,25.28,3.74,91.0,3,TAYSEER_DWH,2026-07-09 03:15:00
01/03/2026,Makkah,Identity & Civil Affairs,Branch,84141,66751,66.1,30.9,NULL,3.56,89.0,73,REGIONAL_UPLOAD,2026-07-09 03:15:00
2026-04-01,Hail,Traffic & Transport,Branch,7688,6341,63.6,20.7,47.77,3.5,90.7,7,REGIONAL_UPLOAD,2026-07-09 03:15:00
2025-10-01,Tabuk,Business & Licensing,Call Center,4949,3246,63.0,28.2,29.96,3.52,88.1,5,REGIONAL_UPLOAD,2026-07-09 03:15:00
2026-04-01,Hail,Justice & Notary,Mobile App,6614,2608,60.1,9.1,5.38,4.27,99.2,4,TAYSEER_DWH,2026-07-09 03:15:00
08-01-2025,Jazan,Education & Training,Web Portal,14154,7206,50.2,7.2,6.69,4.13,97.4,6,REGIONAL_UPLOAD,2026-07-09 03:15:00
2025-09-01,Eastern Province,Identity & Civil Affairs,Mobile App,"134,953",51515,65.1,6.0,3.91,4.59,98.2,28,TAYSEER_DWH,2026-07-09 03:15:00
2025-08-01,Makkah,Identity & Civil Affairs,Branch,94509,75584,65.0,25.9,47.73,3.41,91.0,122,REGIONAL_UPLOAD,2026-07-09 03:15:00
2026-03-01,Al-Jouf,Business & Licensing,Web Portal,2917,1499,60.9,13.8,8.17,4.07,95.2,2,TAYSEER_DWH,2026-07-09 03:15:00
08-01-2025,Asir,Identity & Civil Affairs,call center,20541,12850,60.9,18.7,22.86,3.86,92.2,23,TAYSEER_DWH,2026-07-09 03:15:00
2025-11-01,Makkah,Justice & Notary,Mobile App,87540,32289,60.2,10.4,5.38,4.3,99.5,40,TAYSEER_DWH,2026-07-09 03:15:00
2025-07-01,Makkah,Municipal Services,Call Center,57380,36805,59.6,24.5,21.95,3.62,92.4,63,TAYSEER_DWH,2026-07-09 03:15:00
2025-11-01,Al-Baha,Social Support & Subsidies,Branch,3935,3256,53.3,33.2,52.53,3.6,93.0,4,TAYSEER_DWH,2026-07-09 03:15:00
2026-02-01,Al-Baha,Municipal Services,Web Portal,2549,1275,54.3,11.9,7.85,4.07,94.9,2,TAYSEER_DWH,2026-07-09 03:15:00
2025-11-01,Riyadh,Municipal Services,Call Center,53422,33958,64.8,19.6,21.15,3.96,89.4,37,TAYSEER_DWH,2026-07-09 03:15:00
2026-03-01,Hail,Health Services,Call Center,6923,4484,64.7,16.6,23.42,4.02,93.1,4,REGIONAL_UPLOAD,2026-07-09 03:15:00
2025-09-01,Makkah,Business & Licensing,Web Portal,53060,26754,59.9,13.6,7.85,3.75,99.5,61,TAYSEER_DWH,2026-07-09 03:15:00
2026-05-01,Makkah,Labour & HR Services,Branch Office,88571,75838,61.5,31.6,50.72,3.36,90.6,120,TAYSEER_DWH,2026-07-09 03:15:00
2025-09-01,Riyadh,Municipal Services,Branch,72408,58444,64.9,31.4,49.38,3.5,90.0,80,CHANNEL_API,2026-07-09 03:15:00
Oct-2025,Najran,Business & Licensing,Mobile App,7579,3036,51.5,9.4,5.03,4.16,95.9,4,TAYSEER_DWH,2026-07-09 03:15:00
2026-03-01,Al-Jouf,Municipal Services,Mobile App,10013,3660,63.0,7.3,4.2,4.2,99.5,5,REGIONAL_UPLOAD,2026-07-09 03:15:00
2026-05-01,Jazan,Health Services,Web Portal,11331,5965,51.9,9.7,8.18,4.16,99.5,6,CHANNEL_API,2026-07-09 03:15:00
2025-07-01,Riyadh,Social Support & Subsidies,Mobile App,103349,40955,65.9,6.4,4.17,4.69,95.0,9,TAYSEER_DWH,2026-07-09 03:15:00
2025-09-01,Madinah,Traffic & Transport,Mobile App,47361,18204,61.2,5.4,3.67,4.67,95.0,6,CHANNEL_API,2026-07-09 03:15:00
2025-08-01,Riyadh,Business & Licensing,Call Center,36557,23458,63.7,23.5,22.44,3.87,89.9,39,TAYSEER_DWH,2026-07-09 03:15:00
2026-01-01,Jazan,Municipal Services,Web Portal,8952,4390,48.5,12.6,8.22,3.86,96.9,8,TAYSEER_DWH,2026-07-09 03:15:00
10-01-2025,Najran,Justice & Notary,callcenter,2931,1877,49.9%,35.6,30.98,3.5,85.3,3,TAYSEER_DWH,2026-07-09 03:15:00
2025-09-01,Najran,Labour & HR Services,Call Center,4921,3035,51.1,20.6,22.54,3.65,90.9,5,TAYSEER_DWH,2026-07-09 03:15:00
2026-02-01,QASSIM,Traffic & Transport,Call Center,10216,6796,65.8,13.6,21.59,3.5,91.7,12,TAYSEER_DWH,2026-07-09 03:15:00
2026-05-01,Najran,Social Support & Subsidies,Branch,4874,4085,52.4,33.0,51.75,3.55,88.3,5,TAYSEER_DWH,2026-07-09 03:15:00
2025-10-01,Eastern Province,Justice & Notary,Branch,23465,19670,64.8,48.5,61.3,3.57,87.7,28,TAYSEER_DWH,2026-07-09 03:15:00
2026-05-01,Al-Baha,Justice & Notary,Call Center,2388,1598,51.1,32.9,28.54,3.61,92.1,3,TAYSEER_DWH,2026-07-09 03:15:00
2026-06-01,madinah,Labour & HR Services,Web Portal,12159,6074,62.8,9.0,6.42,4.44,97.3,4,TAYSEER_DWH,2026-07-09 03:15:00
2026-01-01,Najran,Health Services,Mobile App,13350,5154,51.2,5.8,4.66,4.51,99.5,4,TAYSEER_DWH,2026-07-09 03:15:00
07-01-2025,Madinah,Business & Licensing,Call Center,11415,7534,59.4,31.5,25.44,3.8,90.1,10,REGIONAL_UPLOAD,2026-07-09 03:15:00
2026-04-01,Asir,Municipal Services,Call Center,14924,10325,61.4,22.6,25.28,3.65,91.4,15,TAYSEER_DWH,2026-07-09 03:15:00
2026-03-01,Qassim,Municipal Services,Web Portal,9444,4927,63.3,11.4,7.29,3.93,99.5,6,TAYSEER_DWH,2026-07-09 03:15:00
Jan-2026,Hail,Business & Licensing,Web Portal,4382,2191,61.9%,14.3,8.84,4.11,97.2,3,CHANNEL_API,2026-07-09 03:15:00
2026-02-01,Riyadh,Labour & HR Services,Mobile App,134815,53302,69.3,5.1,3.55,4.59,99.5,30,TAYSEER_DWH,2026-07-09 03:15:00
2026-04-01,Madinah,Traffic & Transport,Web Portal,17171,9008,62.5,8.4,6.34,4.4,96.4,7,TAYSEER_DWH,2026-07-09 03:15:00
2026-03-01,Qassim,Education & Training,Branch,10317,8670,67.4,19.6,40.13,3.6,86.8,8,REGIONAL_UPLOAD,2026-07-09 03:15:00
Aug-2025,Al-Baha,Health Services,Branch,5977,4918,56.9,30.1,52.31,3.65,89.4,7,CHANNEL_API,2026-07-09 03:15:00
2026-02-01,Eastern Province,Social Support & Subsidies,Web Portal,23118,12147,65.5,9.3,6.27,4.42,97.7,6,CHANNEL_API,2026-07-09 03:15:00
2026-01-01,Tabuk,Social Support & Subsidies,Mobile App,14596,5568,63.7,7.7,4.49,4.3,97.8,8,TAYSEER_DWH,2026-07-09 03:15:00
2025-11-01,Riyadh,Identity & Civil Affairs,Mobile App,235674,93713,67.0,6.1,3.88,4.66,99.5,39,CHANNEL_API,2026-07-09 03:15:00
2025-12-01,Riyadh,Education & Training,Web Portal,67551,35688,68.7,7.0,5.68,4.44,95.5,26,TAYSEER_DWH,2026-07-09 03:15:00
2026-06-01,Al-Baha,Traffic & Transport,Branch,5933,4905,56.5,26.9,47.64,3.43,91.5,6,TAYSEER_DWH,2026-07-09 03:15:00
2025-08-01,Makkah,Health Services,Branch,100687,82637,62.5,28.6,,3.6,87.9,91,TAYSEER_DWH,2026-07-09 03:15:00
2025-10-01,Al Madinah,Identity & Civil Affairs,Branch,28537,24210,59.8,29.3,48.12,3.82,89.2,31,TAYSEER_DWH,2026-07-09 03:15:00
2026-03-01,Najran,Identity & Civil Affairs,Call Center,7776,4981,51.9,18.8,23.09,3.8,91.9,8,TAYSEER_DWH,2026-07-09 03:15:00
2025-07-01,Al-Baha,Identity & Civil Affairs,Call Center,4850,3081,55.2,20.2,23.68,3.85,89.8,5,TAYSEER_DWH,2026-07-09 03:15:00
2025-09-01,Asir,Identity & Civil Affairs,Web Portal,23845,12562,61.7,9.3,7.38,4.36,99.5,9,REGIONAL_UPLOAD,2026-07-09 03:15:00
2026-05-01,Qassim,Labour & HR Services,Branch,10518,8611,64.6,27.4,52.22,3.31,90.9,16,TAYSEER_DWH,2026-07-09 03:15:00
2026-05-01,albaha,Labour & HR Services,Web Portal,2771,1434,56.9,10.9,6.82,4.05,99.5,2,TAYSEER_DWH,2026-07-09 03:15:00
2025-07-01,Tabuk,Business & Licensing,Web Portal,6131,2962,62.4,15.4,8.43,3.8,95.6,6,TAYSEER_DWH,2026-07-09 03:15:00
2026-03-01,Qassim,Health Services,Call Center,11651,7657,66.6,15.5,21.25,3.88,90.5,8,TAYSEER_DWH,2026-07-09 03:15:00
2025-10-01,Qassim,Justice & Notary,Mobile App,14056,5192,61.9,10.1,5.16,-,98.4,9,TAYSEER_DWH,2026-07-09 03:15:00
2025-10-01,Riyadh,Business & Licensing,Web Portal,57765,29429,64.1,13.7,7.4,4.3,99.5,29,TAYSEER_DWH,2026-07-09 03:15:00
2025-09-01,Hail,Traffic & Transport,Mobile App,16400,6146,62.3,4.6,4.06,4.41,96.7,6,TAYSEER_DWH,2026-07-09 03:15:00
2026-02-01,Asir,Social Support & Subsidies,Web Portal,9192,4798,57.3,10.9,7.3,4.33,96.4,3,TAYSEER_DWH,2026-07-09 03:15:00
2025-12-01,Al-Jouf,Identity & Civil Affairs,Call Center,5040,3265,63.6%,16.3,21.15,3.93,88.9,4,TAYSEER_DWH,2026-07-09 03:15:00
2025-11-01,Asir,Health Services,Call Center,21038,12759,59.4,17.4,25.18,3.98,90.5,18,TAYSEER_DWH,2026-07-09 03:15:00
2025-07-01,Northern Borders,Labour & HR Services,Branch,"3,104",2586,60.8,29.4,50.64,3.74,88.9,3,REGIONAL_UPLOAD,2026-07-09 03:15:00
2025-07-01,Al-Baha,Traffic & Transport,Branch,6002,4973,56.1,28.7,50.13,3.45,89.7,6,REGIONAL_UPLOAD,2026-07-09 03:15:00
2026-03-01,Jazan,Health Services,Web Portal,12241,6107,51.4,8.3,8.15,4.12,94.1,8,TAYSEER_DWH,2026-07-09 03:15:00
2025-12-01,Makkah,Education & Training,Web Portal,66954,34550,63.7,7.2,5.93,4.21,98.0,43,REGIONAL_UPLOAD,2026-07-09 03:15:00
2025-12-01,Najran,Justice & Notary,Mobile App,5231,1947,51.0,11.2,5.9,4.15,97.1,3,TAYSEER_DWH,2026-07-09 03:15:00
2026-03-01,Qassim,Municipal Services,Branch,11967,9710,63.3,33.4,50.91,3.21,86.5,12,TAYSEER_DWH,2026-07-09 03:15:00
2025-07-01,Qassim,Identity & Civil Affairs,Branch,15706,12439,65.7,29.1,46.98,3.45,?,16,TAYSEER_DWH,2026-07-09 03:15:00
2025-08-01,Jazan,Health Services,Call Center,17590,11142,50.8,16.9,26.11,3.85,90.7,16,TAYSEER_DWH,2026-07-09 03:15:00
2026-02-01,Tabuk,Traffic & Transport,Mobile App,20145,7481,64.6,5.5,4.15,4.16,98.0,13,TAYSEER_DWH,2026-07-09 03:15:00
2025-09-01,Hail,Education & Training,Mobile App,18921,7259,65.7,5.8,n/a,4.68,99.5,2,REGIONAL_UPLOAD,2026-07-09 03:15:00
2026-01-01,Najran,Business & Licensing,Mobile App,7812,3019,51.2,10.5,5.1,4.17,98.4,3,TAYSEER_DWH,2026-07-09 03:15:00
2025-07-01,Al-Jouf,Justice & Notary,Call Center,1949,1238,58.1,31.6,24.21,3.61,92.2,2,REGIONAL_UPLOAD,2026-07-09 05:40:00
2025-11-01,Qassim,Justice & Notary, Branch,6717,5337,62.0,44.3,60.93,3.26,88.5,8,REGIONAL_UPLOAD,2026-07-09 03:15:00
2026-06-01,Makkah,Identity & Civil Affairs,Branch,102588,84966,66.3,32.7,47.45,3.5,87.8,131,TAYSEER_DWH,2026-07-09 03:15:00
2025-08-01,Qassim,Traffic & Transport,Branch,13771,11084,64.6,25.0,43.54,3.35,92.2,15,TAYSEER_DWH,2026-07-09 03:15:00
2025-07-01,Hail,Education & Training,Call Center,4087,2546,65.8,15.7,20.1,3.94,,4,TAYSEER_DWH,2026-07-09 03:15:00
2026-03-01,Riyadh,Business & Licensing,Branch,53651,43127,64.5,42.8,56.15,3.42,91.3,66,CHANNEL_API,2026-07-09 03:15:00
2025-10-01,Eastern Province,Labour & HR Services,Mobile App,90008,34365,66.1,5.7,4.02,4.49,96.1,23,REGIONAL_UPLOAD,2026-07-09 03:15:00
2025-12-01,Makkah,Business & Licensing,Branch,65212,55180,60.4%,97.8,58.24,3.23,86.1,60,TAYSEER_DWH,2026-07-09 03:15:00
Feb-2026,QASSIM,Municipal Services,Call Center,8925,6092,63.0,18.3,22.48,3.57,90.6,9,REGIONAL_UPLOAD,2026-07-09 05:40:00
2025-08-01,Al-Baha,Labour & HR Services,Call Center,3083,1860,56.3,20.5,24.73,3.7,92.0,3,TAYSEER_DWH,2026-07-09 03:15:00
2026-04-01,Qassim,Municipal Services,Web Portal,10179,5378,63.3,11.0,7.1,3.88,98.1,8,TAYSEER_DWH,2026-07-09 03:15:00
2025-07-01,EASTERN PROVINCE,Municipal Services,Call Center,25476,15676,67.0,22.2,21.33,3.91,92.3,20,REGIONAL_UPLOAD,2026-07-09 03:15:00
2025-11-01,Madinah,Labour & HR Services,Branch,17191,13845,61.5,27.7,n/a,3.62,88.4,22,TAYSEER_DWH,2026-07-09 03:15:00
2025-08-01,Madinah,Education & Training,Mobile App,52978,20654,63.9,5.4,3.75,4.59,99.5,12,TAYSEER_DWH,2026-07-09 03:15:00
2025-11-01,Jazan,Labour & HR Services,Mobile App,19978,7576,47.9%,7.5,5.28,4.07,95.2,14,TAYSEER_DWH,2026-07-09 03:15:00
2025-11-01,Makkah,Municipal Services,Branch,73463,60640,60.7,34.8,58.99,3.3,88.3,76,TAYSEER_DWH,2026-07-09 03:15:00
01/02/2026,Northern Borders,Business & Licensing,Web Portal,1817,NA,60.1,14.6,9.38,4.14,97.7,1,TAYSEER_DWH,2026-07-09 03:15:00
2026-05-01,Qassim,Social Support & Subsidies,Mobile App,20953,8189,65.7,6.7,4.14,4.29,99.2,10,TAYSEER_DWH,2026-07-09 03:15:00
2026-05-01,Jazan,Identity & Civil Affairs,Branch,29369,23277,49.1%,28.5,56.55,3.42,91.9,54,TAYSEER_DWH,2026-07-09 03:15:00
2026-05-01,Jazan,Municipal Services,Branch,19661,16024,48.7,36.2,61.92,3.22,91.4,27,REGIONAL_UPLOAD,2026-07-09 03:15:00
2025-07-01,Qassim,Business & Licensing,Web Portal,7905,3947,63.3,14.5,7.93,3.76,95.1,8,TAYSEER_DWH,2026-07-09 03:15:00
2026-05-01,Jazan,Social Support & Subsidies,Web Portal,6588,3133,49.6,11.5,8.0,N/A,97.0,5,TAYSEER_DWH,2026-07-09 03:15:00
2025-10-01,Madinah,Health Services,Branch,26698,22796,61.8,26.9,51.25,4.09,89.7,15,TAYSEER_DWH,2026-07-09 03:15:00
2025-09-01,Northern Borders,Justice & Notary,Branch,2090,1737,59.0,47.9,71.45,,88.9,2,REGIONAL_UPLOAD,2026-07-09 03:15:00
2026-05-01,Northern Borders,Social Support & Subsidies,Web Portal,"1,885",973,59.9,12.0,7.54,4.52,99.5,1,TAYSEER_DWH,2026-07-09 03:15:00
2026-06-01,Tabuk,Labour & HR Services,Call Center,5628,3829,66.7,19.7,19.98,3.58,86.8,7,TAYSEER_DWH,2026-07-09 03:15:00
2025-12-01,Hail,Education & Training,Call Center,4228,2740,66.7,15.1,20.3,4.02,89.3,3,TAYSEER_DWH,2026-07-09 03:15:00
2025-08-01,Hail,Traffic & Transport,Web Portal,"6,303",3171,61.8,7.0,6.2,4.31,94.3,3,TAYSEER_DWH,2026-07-09 03:15:00
2025-09-01,Al Jouf,Social Support & Subsidies,Web Portal,2993,1479,61.0,9999.0,6.78,4.28,94.7,1,REGIONAL_UPLOAD,2026-07-09 03:15:00
2025/12/01,Jazan,Education & Training,Branch,18180,15350,50.0,26.7,50.08,3.47,90.6,16,TAYSEER_DWH,2026-07-09 03:15:00
2025-11-01,Madinah,Labour & HR Services,Mobile App,31797,13052,61.5,5.7,3.97,4.75,99.5,2,CHANNEL_API,2026-07-09 03:15:00
2025-09-01,Madinah,Labour & HR Services,Branch,17871,14357,61.4,29.7,48.81,3.75,91.4,16,TAYSEER_DWH,2026-07-09 03:15:00
2025-08-01,Al-Bahah,Identity & Civil Affairs,Web Portal,3805,1940,55.8%,10.4,-8.96,4.32,96.4,2,TAYSEER_DWH,2026-07-09 03:15:00
2025-10-01,Riyadh,Health Services,Mobile App,222589,83536,67.9,5.4,3.89,4.59,99.5,57,TAYSEER_DWH,2026-07-09 03:15:00
2026-02-01,Al-Jouf,Justice & Notary,Call Center,"1,811",1189,59.9,30.5,29.42,3.75,89.1,1,TAYSEER_DWH,2026-07-09 03:15:00
2026-03-01,Riyadh,Health Services, Branch,82372,65995,68.9,23.4,48.99,3.86,89.8,69,TAYSEER_DWH,2026-07-09 03:15:00
2025-07-01,Madinah,Municipal Services,Mobile App,33653,12910,59.3,7.8,4.55,4.54,99.5,7,REGIONAL_UPLOAD,2026-07-09 03:15:00
2025-11-01,Jazan,Social Support & Subsidies,Web Portal,6457,3265,49.0,12.0,8.05,4.05,96.2,4,TAYSEER_DWH,2026-07-09 03:15:00
2025-09-01,Makkah,Identity & Civil Affairs,MOBILE_APP,239022,93541,65.8,6.1,4.06,4.39,97.1,108,TAYSEER_DWH,2026-07-09 03:15:00
Mar-2026,Al-Baha,Education & Training,Web Portal,2965,1537,56.8,8.3,6.32,4.25,99.2,2,TAYSEER_DWH,2026-07-09 03:15:00
2026-05-01,Hail,Health Services,Mobile App,18727,6988,65.6,6.2,n/a,4.57,99.5,4,TAYSEER_DWH,2026-07-09 03:15:00
2025-11-01,Najran,Health Services,Branch,9495,7704,51.9,29.6,,3.57,90.0,9,TAYSEER_DWH,2026-07-09 03:15:00
2026-06-01,Madinah,Social Support & Subsidies,Web Portal,9687,4936,61.1,11.5,6.95,4.45,99.1,3,TAYSEER_DWH,2026-07-09 03:15:00
2025-09-01,Asir,Health Services,Web Portal,22327,10923,59.7,9.4,7.33,4.31,97.9,11,CHANNEL_API,2026-07-09 03:15:00
2025-11-01,Madinah,Education & Training,Branch,18193,15104,64.7,21.0,44.37,,93.4,15,TAYSEER_DWH,2026-07-09 03:15:00
2026-02-01,Asir,Municipal Services,Branch,13211,-,60.9,30.5,53.02,3.34,92.0,18,REGIONAL_UPLOAD,2026-07-09 03:15:00
2026-05-01,Makkah,Business & Licensing,Branch,80971,67017,60.3,93.1,60.79,3.27,86.9,132,TAYSEER_DWH,2026-07-09 03:15:00
2025-11-01,Makkah,Business & Licensing,Branch,64300,52942,59.9,147.6,60.11,3.05,83.8,103,REGIONAL_UPLOAD,2026-07-09 03:15:00
2025-10-01,Northern Borders,Justice & Notary,Branch,1782,1457,59.1,51.0,78.53,3.57,88.6,2,REGIONAL_UPLOAD,2026-07-09 03:15:00
2026-04-01,Makkah,Business & Licensing,Branch,59117,47995,61.1,105.9,65.01,3.26,87.6,79,TAYSEER_DWH,2026-07-09 03:15:00
01/01/2026,Hail,Business & Licensing,MOBILE_APP,11471,4616,61.9,9.8,5.26,4.47,96.4,4,REGIONAL_UPLOAD,2026-07-09 03:15:00
2026-02-01,Al-Baha,Health Services,Branch,5369,4398,56.8%,29.0,54.5,3.64,90.8,5,REGIONAL_UPLOAD,2026-07-09 03:15:00
2026-04-01,Hail,Education & Training,Web Portal,5535,2834,67.6,7.1,6.09,4.48,99.5,2,TAYSEER_DWH,2026-07-09 03:15:00
2026-02-01,Asir,Traffic & Transport,Web Portal,15976,NA,60.4,9.1,6.75,4.15,97.1,7,REGIONAL_UPLOAD,2026-07-09 03:15:00
2026-05-01,Hail,Business & Licensing, Branch,4876,3933,62.3,48.4,63.51,3.5,89.5,5,TAYSEER_DWH,2026-07-09 03:15:00
2025-12-01,Hail,Health Services,Branch,8645,6829,65.1,25.7,50.48,null,88.4,6,TAYSEER_DWH,2026-07-09 03:15:00
2025-10-01,Eastern Province,Education & Training,Web Portal,40106,20314,67.7,6.3,5.06,4.47,98.8,15,TAYSEER_DWH,2026-07-09 03:15:00
2025-09-01,Asir,Municipal Services,Call Center,14713,9688,61.4%,21.6,24.18,3.79,n/a,16,TAYSEER_DWH,2026-07-09 03:15:00
2025-10-01,Najran,Labour & HR Services,Branch,6547,5258,50.8,32.8,54.07,3.45,94.1,10,TAYSEER_DWH,2026-07-09 03:15:00
2025-07-01,Najran,Education & Training,Web Portal,4549,2304,55.1,8.4,5.74,4.36,96.0,2,REGIONAL_UPLOAD,2026-07-09 03:15:00
2025-10-01,tabuk,Identity & Civil Affairs,Branch,12516,10160,63.1,31.4,50.64,3.37,89.8,18,TAYSEER_DWH,2026-07-09 03:15:00
May-2026,Al-Jouf,Education & Training,Call Center,3399,2226,63.0,11.7,18.21,4.03,91.2,3,TAYSEER_DWH,2026-07-09 03:15:00
2026-04-01,Hail,Justice & Notary,Call Center,2499,1609,60.1,31.8,30.01,3.83,90.4,2,TAYSEER_DWH,2026-07-09 03:15:00
2025-08-01,Al-Baha,Social Support & Subsidies,Call Center,2450,1596,53.4,21.9,25.44,3.87,88.2,2,TAYSEER_DWH,2026-07-09 03:15:00
2026-02-01,Riyadh,Business & Licensing,Web Portal,43807,22726,64.3,15.0,7.56,4.24,95.4,25,TAYSEER_DWH,2026-07-09 03:15:00
2025-08-01,Al-Baha,Justice & Notary,Branch,2649,2102,50.8,114.2,69.09,3.36,84.9,3,TAYSEER_DWH,2026-07-09 03:15:00
2025-10-01,Eastern Province,Health Services,Branch,55045,45828,66.1,23.9,49.62,3.82,90.1,45,TAYSEER_DWH,2026-07-09 03:15:00
01/07/2025,Jazan,Business & Licensing,Mobile App,16512,6553,48.1,11.9,5.86,3.87,99.5,17,TAYSEER_DWH,2026-07-09 03:15:00
05-01-2026,Qassim,Municipal Services,Mobile App,29401,11356,63.2,7.7,4.19,4.28,95.7,7,TAYSEER_DWH,2026-07-09 03:15:00
2025-08-01,Medina,Business & Licensing,Branch,"15,940",12097,59.7,49.6,62.37,3.62,86.5,14,TAYSEER_DWH,2026-07-09 03:15:00
2025-10-01,Qassim,Education & Training,Branch,10292,8818,66.5,27.1,41.05,3.55,90.5,9,REGIONAL_UPLOAD,2026-07-09 03:15:00
2026-05-01,Makkah,Labour & HR Services,Mobile App,198412,76603,61.5,6.1,4.03,4.28,99.5,98,REGIONAL_UPLOAD,2026-07-09 03:15:00
2026-06-01,Eastern Province,Labour & HR Services,Branch,34674,27107,67.0,27.9,47.66,3.66,90.1,39,REGIONAL_UPLOAD,2026-07-09 03:15:00
2025/11/01,Hail,Traffic & Transport,Mobile App,"16,759",6395,63.5,5.4,4.03,4.41,97.8,6,CHANNEL_API,2026-07-09 03:15:00
2025-08-01,Makkah,Traffic & Transport,Mobile App,177279,67819,61.7,5.5,4.23,4.18,96.1,95,TAYSEER_DWH,2026-07-09 03:15:00
2026-04-01,Qassim,Traffic & Transport,Branch,14167,11978,65.9,23.0,46.55,3.27,91.0,22,REGIONAL_UPLOAD,2026-07-09 03:15:00
2025-12-01,Jazan,Municipal Services,Call Center,14375,9572,49.0,24.0,23.35,null,92.0,17,REGIONAL_UPLOAD,2026-07-09 03:15:00
2026-02-01,asir,Identity & Civil Affairs,Call Center,18842,12126,62.0,19.1,22.88,3.97,89.1,13,REGIONAL_UPLOAD,2026-07-09 03:15:00
02-01-2026,Northern Borders,Traffic & Transport,Branch,3040,2522,61.6,28.1,55.37,3.71,89.2,3,TAYSEER_DWH,2026-07-09 03:15:00
2025-10-01,Al-Baha,Traffic & Transport,Mobile App,"9,481",3710,55.9,5.9,4.28,4.39,97.9,5,TAYSEER_DWH,2026-07-09 03:15:00
2025-10-01,Al Jouf,Education & Training,Call Center,3310,2192,62.2%,12.3,21.48,3.79,90.2,3,REGIONAL_UPLOAD,2026-07-09 03:15:00
2026-04-01,Al-Baha,Municipal Services,Call Center,3702,2275,54.1,20.3,26.85,3.68,91.7,3,REGIONAL_UPLOAD,2026-07-09 03:15:00
2025-08-01,Riyadh,Business & Licensing,Branch,49745,41661,63.7,40.9,54.29,3.63,90.0,37,TAYSEER_DWH,2026-07-09 03:15:00
2025-11-01,Northern Border,Traffic & Transport,Web Portal,3449,1781,61.1,8.7,6.79,4.27,96.5,2,REGIONAL_UPLOAD,2026-07-09 03:15:00
2025-11-01,Tabuk,Justice & Notary,Mobile App,10258,3893,63.9,10.4,5.91,4.18,97.1,7,TAYSEER_DWH,2026-07-09 03:15:00
2026-05-01,Riyadh,Social Support & Subsidies,Mobile App,121549,46060,67.7,6.5,4.15,4.78,99.5,8,CHANNEL_API,2026-07-09 03:15:00
2026-01-01,Hail,Health Services,Branch,8550,6613,65.1,30.0,51.82,3.87,89.0,5,TAYSEER_DWH,2026-07-09 03:15:00
2026-03-01,albaha,Business & Licensing,Branch,4240,3352,52.6,124.9,61.56,3.31,85.8,5,CHANNEL_API,2026-07-09 03:15:00
2026-05-01,Makkah ,Identity & Civil Affairs,Branch,123495,105276,66.9,30.1,50.88,3.45,85.8,165,TAYSEER_DWH,2026-07-09 03:15:00
2026-03-01,Madinah,Municipal Services,Branch,19074,14971,60.5,32.8,57.19,3.66,90.9,17,CHANNEL_API,2026-07-09 03:15:00
2025-12-01,Tabuk,Education & Training,Web Portal,7861,4192,67.2,8.1,6.19,4.16,97.1,4,REGIONAL_UPLOAD,2026-07-09 03:15:00
2026-02-01,Riyadh,Health Services,Web Portal,85857,44176,68.4%,8.2,5.85,null,99.5,32,REGIONAL_UPLOAD,2026-07-09 03:15:00
2026-01-01,Madinah,Labour & HR Services,Branch,17388,14106,61.9,32.1,47.31,3.69,93.4,14,TAYSEER_DWH,2026-07-09 03:15:00
2026-05-01,Najran,Identity & Civil Affairs,Web Portal,5028,2516,51.7,10.2,7.22,4.24,98.4,3,TAYSEER_DWH,2026-07-09 03:15:00
2026-04-01,Al-Baha,Business & Licensing,Call Center,3436,2210,53.0,34.8,28.36,3.6,88.6,3,REGIONAL_UPLOAD,2026-07-09 03:15:00
2026-01-01,Makkah,Identity & Civil Affairs,Call Center,76067,47882,66.2,19.4,22.44,3.9,93.0,43,CHANNEL_API,2026-07-09 03:15:00
Nov-2025,Najran,Business & Licensing,Call Center,3832,2596,50.9,30.8,24.56,3.57,90.7,4,TAYSEER_DWH,2026-07-09 03:15:00
2025-08-01,Asir,Education & Training,Call Center,21084,14307,60.7,14.8,22.16,3.96,91.5,18,REGIONAL_UPLOAD,2026-07-09 03:15:00
2025-10-01,Al-Qassim,Municipal Services,Call Center,9891,6154,62.5,18.3,21.7,N/A,93.8,13,TAYSEER_DWH,2026-07-09 03:15:00
2025-11-01,Northern Borders,Justice & Notary,Call Center,1370,897,58.9,32.3,31.36,3.89,89.7,1,TAYSEER_DWH,2026-07-09 03:15:00
2026-03-01,Najran,Education & Training,Web Portal,3845,1946,55.9,8.5,6.27,4.15,99.4,3,TAYSEER_DWH,2026-07-09 03:15:00
2025-11-01,Qassim,Business & Licensing,Branch,9882,7955,63.9,45.8,57.89,3.15,88.1,13,TAYSEER_DWH,2026-07-09 03:15:00
Sep-2025,Tabuk,Social Support & Subsidies,Branch,"5,731",4542,62.9,37.0,52.68,3.48,89.0,10,REGIONAL_UPLOAD,2026-07-09 03:15:00
2025-07-01,Makkah,Labour & HR Services,Mobile App,115607,44020,60.0,6.3,4.44,4.31,93.0,52,TAYSEER_DWH,2026-07-09 03:15:00
2025-08-01,Madinah,Labour & HR Services,Branch,15249,12022,60.6,30.4,50.84,3.74,87.7,12,TAYSEER_DWH,2026-07-09 03:15:00
2025-09-01,Asir,Justice & Notary,Branch,12020,9491,55.5,149.3,68.73,3.29,82.5,16,TAYSEER_DWH,2026-07-09 03:15:00
2026-03-01,Eastern Province,Labour & HR Services,Branch,35767,29608,66.4,28.0,46.78,3.76,93.4,31,TAYSEER_DWH,2026-07-09 03:15:00
2025-08-01,Jazan,Justice & Notary,Call Center,7476,4834,46.0,34.3,34.62,3.4,90.9,10,TAYSEER_DWH,2026-07-09 03:15:00
2025-10-01,Asir,Identity & Civil Affairs,Mobile App,57935,22069,61.6,7.1,4.95,4.42,95.3,13,REGIONAL_UPLOAD,2026-07-09 05:40:00
2025-07-01,Qassim,Labour & HR Services,Web Portal,"10,177",5063,62.3,9.1,6.62,3.99,97.2,8,REGIONAL_UPLOAD,2026-07-09 03:15:00
2026-06-01,Qassim,Justice & Notary,Call Center,5217,3279,62.8,28.8,25.42,3.61,94.2,6,REGIONAL_UPLOAD,2026-07-09 03:15:00
2025-12-01,Makkah,Justice & Notary,Call Center,33332,20523,60.0,34.3,30.84,3.42,90.3,36,CHANNEL_API,2026-07-09 03:15:00
2026-04-01,Al-Jouf,Municipal Services,Branch,4051,3218,62.7,31.9,52.58,3.41,91.5,4,TAYSEER_DWH,2026-07-09 03:15:00
2026-06-01,Najran,Justice & Notary,Web Portal,1798,928,50.5,15.7,8.58,4.06,95.8,2,REGIONAL_UPLOAD,2026-07-09 03:15:00
2026-01-01,Tabuk,Business & Licensing,Web Portal,6022,3055,64.1,16.8,8.33,3.86,96.7,6,TAYSEER_DWH,2026-07-09 03:15:00
2025-12-01,Madinah,Health Services,Web Portal,23005,11859,62.5,10.1,6.94,4.55,99.5,8,TAYSEER_DWH,2026-07-09 03:15:00
2026-05-01,Madinah,Social Support & Subsidies,Mobile App,39422,14526,61.0,7.2,3.96,4.85,96.9,1,TAYSEER_DWH,2026-07-09 03:15:00
2025-10-01,Medina,Labour & HR Services,Mobile App,33185,12999,61.0,7.1,4.4,4.59,96.8,8,TAYSEER_DWH,2026-07-09 03:15:00
2025-12-01,Madinah,Social Support & Subsidies,Mobile App,26914,10070,60.2,8.0,4.23,4.69,97.1,4,TAYSEER_DWH,2026-07-09 03:15:00
2026-05-01,Al-Jouf,Business & Licensing,Mobile App,8506,3346,61.2,10.4,5.02,4.35,99.5,4,TAYSEER_DWH,2026-07-09 03:15:00
2025-08-01,Al-Qassim,Social Support & Subsidies,Mobile App,16528,6227,63.9,6.5,4.18,4.38,98.3,5,REGIONAL_UPLOAD,2026-07-09 03:15:00
2026-03-01,Makkah,Labour & HR Services,Web Portal,55792,27563,62.0,9.2,7.33,4.1,99.5,34,TAYSEER_DWH,2026-07-09 03:15:00
2026-05-01,Al-Jouf,Labour & HR Services,Call Center,3068,1969,61.8,17.8,22.14,3.8,89.8,2,TAYSEER_DWH,2026-07-09 03:15:00
2026-02-01,Eastern Province,Education & Training,Branch,25982,21642,67.9,18.6,41.94,N/A,91.9,23,TAYSEER_DWH,2026-07-09 03:15:00
2025-11-01,Tabuk,Business & Licensing,Mobile App,15281,5838,63.0,11.4,5.15,4.18,99.4,8,TAYSEER_DWH,2026-07-09 03:15:00
2025-08-01,Qassim,Education & Training,Mobile App,40022,15675,66.4,4.6,3.66,4.4,98.2,15,CHANNEL_API,2026-07-09 03:15:00
2025-12-01,Qassim,Health Services,Mobile App,38952,15612,66.1%,6.0,4.0,4.54,99.2,9,TAYSEER_DWH,2026-07-09 03:15:00
2025-10-01,Aseer,Labour & HR Services,Mobile App,"33,727",12606,58.9,6.0,4.81,4.48,95.0,12,TAYSEER_DWH,2026-07-09 03:15:00
2026-04-01,Madinah,Education & Training,Call Center,13696,8830,65.3,15.2,18.6,4.04,89.8,8,TAYSEER_DWH,2026-07-09 03:15:00
2026-02-01,Northern Borders,Health Services,App,8622,3258,60.7,7.0,n/a,4.81,98.7,0,TAYSEER_DWH,2026-07-09 03:15:00
2026-02-01,منطقة نجران,Identity & Civil Affairs,Branch,6824,5681,51.3,29.2,50.5,3.51,93.1,8,TAYSEER_DWH,2026-07-09 03:15:00
2025-10-01,Al-Jouf,Education & Training,Web Portal,3952,2038,62.2,7.8,6.03,4.37,99.5,2,TAYSEER_DWH,2026-07-09 03:15:00
02-01-2026,Al-Jouf,Education & Training,Web  Portal,3300,1750,63.2,7.2,6.39,-,99.5,1,REGIONAL_UPLOAD,2026-07-09 03:15:00
2025-12-01,Jazan,Health Services,Branch,27015,21727,51.6,30.1,57.55,3.34,90.4,43,CHANNEL_API,2026-07-09 03:15:00
01/06/2026,asir,Justice & Notary,Web  Portal,6856,3445,55.9,15.8,8.53,,96.3,4,TAYSEER_DWH,2026-07-09 03:15:00
2025-10-01,Najran,Identity & Civil Affairs,Call Center,7527,5053,51.5%,19.8,21.22,3.67,89.6,8,TAYSEER_DWH,2026-07-09 03:15:00
01-01-2026,Eastern Province,Education & Training,Web Portal,42179,21359,68.1,8.0,5.96,4.33,98.5,21,REGIONAL_UPLOAD,2026-07-09 03:15:00
2026-06-01,Najran,Health Services,Web Portal,4643,2235,52.0,9.0,7.66,4.31,99.5,2,REGIONAL_UPLOAD,2026-07-09 05:40:00
2025-12-01,Qassim,Education & Training,Web Portal,11160,5661,67.3,7.6,6.0,4.25,99.5,6,TAYSEER_DWH,2026-07-09 03:15:00
2026-01-01,Makkah,Health Services,Call Center,85193,54697,63.1,15.4,22.42,3.83,93.7,68,TAYSEER_DWH,2026-07-09 03:15:00
2025-08-01,Najran,Traffic & Transport,Call Center,6083,3812,54.0,15.3,20.24,3.64,90.6,7,TAYSEER_DWH,2026-07-09 03:15:00
2025-09-01,Al-Baha,Traffic & Transport,Branch,5982,4934,55.6,29.2,46.28,-,90.4,7,TAYSEER_DWH,2026-07-09 03:15:00
2025-10-01,makkah al-mukarramah,Health Services,Web Portal,89981,44872,62.3,7.9,7.58,4.29,97.2,42,TAYSEER_DWH,2026-07-09 03:15:00
2026-02-01,Al-Jouf,Health Services,Call Center,4630,3016,62.2,16.6,22.02,4.04,92.4,3,TAYSEER_DWH,2026-07-09 03:15:00
2025-10-01,Makkah,Traffic & Transport,Branch,89096,NA,61.4,25.1,48.3,3.44,90.7,102,TAYSEER_DWH,2026-07-09 03:15:00
