driver_id,full_name_en,city,hire_date,rating,status,national_id_hash,phone_hash
DRV-00001,Sara Al Shehri,RUH,"Jul 22, 2019",4.78,active,8629a325a33df68ae81f24afc01529a4,6958c7fe7046e5d2faaf89bb21c1e207
DRV-00002,Saud Al Sulami,RUH,28/05/2021,5.0,active,04e8cbc829b1ddf6cd0c76d0e09fb113,066a16bbed5eaf0667a7982aaef423c8
DRV-00003,Mishal Al Zahrani,RUH,2021-05-17,4.59,active,110b79b4f62b1d8e5ead2f09a4ce9c53,d10eefafdb2983ad883a672f5924f58c
DRV-00004,Imran Al Sulami,JED,2026-01-12,5.0,active,9b39439e3e7f62636fd936f2d1d65e28,9c8fcc4ec4e52fb0c2420be23c0bc50a
DRV-00005,Tariq Al Otaibi,RUH,"Jan 29, 2025",4.69,active,50c4d0ff5aff4217a9e584bab0196ea9,5d6f5bea2c274206284e9dc963f131cf
DRV-00006,Nasser Iqbal,RUH,14/05/2024,5.0,active,df77cda1fbdb4be1b86c214b1931922a,a48c53441bcce6e5dc5e4733ad0045e7
DRV-00007,Amal Al Juhani,JED,21/01/2025,4.72,inactive,94b9ef3fb50601344868e3deda59d643,fe37460b598059446cd5416c512e165e
DRV-00008,Bilal Al Turki,RUH,2021-09-03,4.75,active,cdd462b338c4505633be660e84759407,b783605d0d1bcada9f3d2dc8d86569ea
DRV-00009,Imran Al Balawi,JED,2025-05-11,4.66,active,0616b45a23491c3aa79170e14d599982,e8c94b0e50ca62e4705fb0e524ad0e7a
DRV-00010,Sultan Al Balawi,RUH,30/11/2024,5.0,active,2ae2b6d2cf9e15e10028cc1ff26dad89,6bf53ed220e0f50acb57d8f15fe91c8e
DRV-00011,Rakan Al Shehri,RUH,2020-11-25,4.49,active,b597275250cce5469dc8f660a43e5902,60ab0e1b821aedf2bd97913f6589d478
DRV-00012,Noura Farooq,RUH,2025-10-08,4.69,active,2742bbcd4eea97e71ecdfa6ecb7037f3,b8e4e3b7dc49b39a36b1059dc9359956
DRV-00013,Khalid Al Hamdan,RUH,2021-08-02,4.67,active,b76e140711a6feac81a92fa9ec4dfc74,606ad21856a56456d9177d458bfb1710
DRV-00014,Bilal Al Qahtani,RUH,2020-11-28,4.92,active,2065077eb74661446144e75233a46eac,2cf07cd056b180b6fd27407586172670
DRV-00015,Jawaher Al Moqbel,DMM,01/10/2023,4.87,active,ddb3f1b7c2c53c158cf1065a9162a699,93b9cc06bc6d3c1af0561657251c72a0
DRV-00016,Imran Siddiqui,RUH,26/12/2024,4.72,active,46ccaf65dc9b44286c60ae870b2f6c81,a83c7792e1147957995aa07e7bc9f2ed
DRV-00017,Waleed Al Faifi,RUH,2023-01-27,5.0,active,26e58b3af0bcee530fe0f72326385d60,54788e80b909f1576cc099a5494c4c90
DRV-00018,Aisha Al Malki,RUH,22/11/2023,4.88,active,0b4450e644fd3261600eb587327e655e,dad93c11b6bfcabfe9f86014bb58bbd4
DRV-00019,Abdullah Al Shammari,DMM,2025-09-29,4.59,active,a278da8a15e4d9bc1fbc1eb78d0ae5fd,f78b44094c1c9f9b911d0af2193f2bab
DRV-00020,Rayan Siddiqui,DMM,2025-11-11,4.85,active,f025a84ed81495aba63a4b84137cfa81,737fbabf8f2e0215086e0fc38a53ba40
DRV-00021,Mansour Al Otaibi,RUH,2025-05-02,4.31,active,c9f1f3822680a97ae29c3f3d249e056d,7e07758a41ec82ec8f38df076cd59cc7
DRV-00022,Majed Al Subaie,JED,10/09/2025,4.47,active,c66f99f47eb61b6265733a04dbc4b76d,69a6139339636e5a4e8fe014a0ece698
DRV-00023,Samir Al Bishi,RUH,2021-02-27,4.69,inactive,a6a09f40cfab03ecfd11e056186873c8,c7dc7148cb3e006db0f7f7b59e5a0397
DRV-00024,Turki Al Shammari,JED,2025-09-06,5.0,active,6dbd958893d321673e442b657295ca27,99e915480f6ea7d6bfa1251c49ff39ec
DRV-00025,Mishal Chowdhury,JED,19/04/2021,4.57,active,687d199c131b391e34fe1bd5ba76dc01,5f63ed6155b51c27eb602dc11c9a17a3
DRV-00026,Aisha Al Rajhi,RUH,2024-08-11,4.77,inactive,22aacf66dc2e2dca0b6053aaf116f837,c81e539b4fad918125155f4cb2543f07
DRV-00027,Mohammed Al Subaie,JED,12/02/2024,5.0,active,df33bcc3b60f69982efd018072d2890b,3a91d8c2f88c156c46913153488a7bd3
DRV-00028,Usman Al Dossari,RUH,30/03/2024,4.85,active,e25a8775f8b45266c6d7005bfcbbf3d9,ebe2a1d1cd9c2831d94ffd51dc0e938b
DRV-00029,Ahmed Al Ghamdi,RUH,2024-12-27,4.58,active,ed9869f40e7adc0207bbf2c4bfdcbb65,e0b9f67d1c3e9b5f534328b82a76e2c5
DRV-00030,Kareem Farooq,RUH,2021-03-02,4.71,active,f60496efe27a220d28187601a2db388b,f2bb1fd7d6249fb380970982b5a807af
DRV-00031,Bandar Al Saeed,RUH,2024-03-20,4.83,active,289cfae147fc12ba928038571a63bdae,20d23c9688f4c91385c3a762f212ea42
DRV-00032,Kareem Al Anazi,RUH,2025-10-24,5.0,active,2e0c570a945f3b2317e10eb1f86b2a98,ef33b12a6ce921f62905ca3f3f88925e
DRV-00033,Abdullah Al Suwailem,JED,2024-12-07,5.0,active,94356a30458238a91fe3c0f56ed2eeba,68489d910ce48dd9f8a38df65fcec912
DRV-00034,Hussein Al Juhani,JED,2020-05-12,4.65,active,bbafeb50a3dd12f9ad626c667bf88bee,07bf2f341d802a1e8be26dcdbe674487
DRV-00035,Saleh Al Asiri,RUH,2024-07-09,4.8,active,2e67b71e1b45619d682bb6fd4db626f5,899bbf6d3e11aa525d1fef3aa325f988
DRV-00036,Anas Al Malki,RUH,03/05/2021,4.48,active,8e442180c681ab1de1d7f73b40859349,c754c47bb1717ed5a4434bbc7364e955
DRV-00037,Turki Al Balawi,RUH,2022-01-30,4.48,active,6ddc438e89d795ea63db49af278923ae,b7374791cfd094619d0dacad18ed6f90
DRV-00038,Yousef Al Harbi,DMM,01/03/2025,4.94,inactive,595b485c3a6041b93cc541a45f770910,891a13720809d3fca11e0023463e9dbe
DRV-00039,Omar Al Juhani,DMM,2023-02-06,5.0,active,3bfa6eaa852032f32e84fb6adc0ece8d,0cc79074a9ea3e2f996a1548a899b946
DRV-00040,Nasser Al Suwailem,RUH,2024-01-20,4.81,active,0e8cc4453bf18256616438f0b2d7f283,f9bce35a916c92f4aaae3d71246fe452
DRV-00041,Mansour Al Mutairi,RUH,"Mar 23, 2025",4.96,active,280646c3e750ef0b69e3fe3f16517f2c,bc9d98f7a9763f353b67193844961659
DRV-00042,Mansour Al Rashidi,RUH,2026-02-07,4.63,inactive,8412c835e60520466161d340f581e6ac,21e9f3106fcbdd300c69582a2fb274c5
DRV-00043,Usman Rahman,JED,"Dec 31, 2020",4.94,active,5fe7e87ab1a26e8c0ccd6e4a055cf9c0,10205cb3270d8f562245e22a8c5f428b
DRV-00044,Bandar Chowdhury,RUH,2022-10-28,4.53,active,f3b2f744b27a8a2aa39a7de488b94343,501596339d3573c4451827560cb6bb17
DRV-00045,Anas Al Subaie,DMM,2026-01-02,4.76,inactive,ab1b600aa0912541730169b34375cfa8,f0609c7f176b951b4c826328bf8586bf
DRV-00046,Khalid Rahman,RUH,2024-08-25,4.68,active,094f9c35141fa43040267f6aea3790b0,d598bb5f818b33d790cad347b08ac1cb
DRV-00047,Ahmed Iqbal,RUH,2020-06-01,4.69,active,d73055eb0285c3e0d0013a0a7d9670dd,e4d525f6b075f5adb3837309fe834fbf
DRV-00048,Omar Al Rashidi,RUH,2024-06-03,4.6,active,fdfb5e574c3de377426979e9b6d0bd94,b8dfdd8706537ba4a1673edfffa86afe
DRV-00049,Ghada Al Dossari,JED,2026-05-03,4.93,active,6588c13f1dbb3ffcb6309398f4fc1477,cc988d0c123c13c5e170c000a9532a8d
DRV-00050,Samir Rahman,RUH,16/02/2024,4.89,inactive,3a24df8fadedd3947412008c1dda469c,c49193fbe20e3a33966811c30b90aefd
DRV-00051,Mansour Al Bishi,RUH,2024-08-20,4.73,active,d8144e1ad9050241542087c91fffacdc,6324b01bf830f3d0e781721f0f4f5d3c
DRV-00052,Bilal Al Shammari,RUH,2022-04-09,4.78,active,9061b4e58af645aec5a4498db8de7cfb,cb4632b06e08926a667f3de7b2b67f25
DRV-00053,Adel Al Zahrani,JED,12/09/2025,5.0,inactive,700235852e12de9cddfd82aaceed1f1f,cbe1b72710fc68ad9be926ac785f03a4
DRV-00054,Imran Al Dossari,RUH,2024-09-19,4.8,active,3634b854467d3ad327fb731f34a8a9cd,eeaf65f64a9fd9ce0b9304ee5f8ef23c
DRV-00055,Kareem Al Zahrani,RUH,2026-01-19,5.0,active,0bafdfa9f294b9e53070e1dae48766d1,a7edbb457546ea8b11881ce1beeb4171
DRV-00056,Salman Al Turki,JED,2023-04-21,4.92,active,5fbd043bed7d66c8715faf467f60c07d,de97f89487cd2cb79d0e1b58f853c781
DRV-00057,Badr Al Mutairi,JED,2024-07-27,5.0,active,bd9914b52e50533b9b53fef47866c6aa,7e34e378032b912dbbdece752b5eb4dd
DRV-00058,Reem Al Zahrani,RUH,01/10/2022,4.68,active,c3c4cb4ff22839daa9efa3e58d49efde,b372722b37a748e3ba16f621d036c725
DRV-00059,Rana Al Faifi,DMM,2024-06-27,4.94,active,bc79e0511881e5cd55213639991bfe84,e931af5c02bb80c7eb0dcb2ffac78297
DRV-00060,Zaid Hussain,RUH,18/01/2021,4.93,active,4d011a1c930f46b051f710b317172bc1,862bbded18f6996f5acb4e6a693f0d59
DRV-00061,Adel Hussain,RUH,2019-05-22,4.64,active,8bfd9ee14c109f97c0e3cab1cb26508d,d1cfbb496f83154522bf671ceebca859
DRV-00062,Nasser Al Juhani,JED,2024-06-12,4.94,active,4e356a677837416f6169cd0dc413f400,0108fb49c1d53e7ac40f7d7ad9d777da
DRV-00063,Rana Al Subaie,JED,2025-11-30,4.67,active,7bf65bf9aff9e855f402ea0bd098ed5e,effc5064d0cb62d1cb7a7305dfc9da4b
DRV-00064,Maha Al Subaie,RUH,12/05/2022,4.43,active,309bc96867b68415f7e9128a84656fe2,d66bad86af6faf7acd21189565b73bce
DRV-00065,Fatimah Al Hakami,DMM,16/12/2023,4.78,active,e9218e89df54b3baeb50495c148cee42,28e6bbb274fd36527afc578636293ec1
DRV-00066,Rayan Al Suwailem,DMM,11/11/2022,4.63,active,ddc83dcc919f4ea6b0b219a0636188b0,1019b17e7be125cd49d6e8d05e5a1da5
DRV-00067,Jawaher Hussain,DMM,2020-06-26,4.39,active,d92e43008e5b2138bde89887c4bdd2ab,5d4023879a533ec9b78b81c5dff88105
DRV-00068,Rayan Al Hakami,RUH,2025-07-28,4.94,active,82971cd75ce9f49fd78a891f935b9b04,e69de24b0459a7c94196dd37c148a2c7
DRV-00069,Khalid Al Zahrani,RUH,2023-10-21,4.79,active,21513fa6756d21fc62f3c87b58210cf6,0a60b8e5bff4f5800ef524ebb98d5de9
DRV-00070,Omar Farooq,RUH,2025-10-08,4.87,active,f5d3e48ab5be810c531b5279b87391f9,c985ce01b0597b9eeeb1774a38a27d5f
DRV-00071,Saleh Siddiqui,RUH,2021-07-24,4.25,active,ecbc2ff692621db11edc55778bccd1d4,9d793379204a804dd13d33fe6dadf095
DRV-00072,Jawaher Al Ghamdi,RUH,2022-11-26,4.67,active,36a37eb2d92ceae9fcb63a8d01ae91e7,ac4be05b7fe26aab2bf8b4d678f3c2fc
DRV-00073,Fahad Al Harbi,DMM,2022-04-08,4.52,inactive,813bd838d44a7fa297fe91b0646fece3,6adc53aad99322aff99661cef8293031
DRV-00074,Mansour Hussain,RUH,2023-04-26,4.45,active,e3b641bda304d6fc6f36e6c46536808c,9c9ce1da7d46c89faa0ed27900bd88a2
DRV-00075,Badr Al Suwailem,JED,2021-03-25,4.75,active,918ed06749996a37713161048b573b3c,cec21d40470709ff56a3719eea5f364f
DRV-00076,Haya Hussain,JED,2022-04-18,4.67,active,58c80be550e1c460759e710cec537f27,9e3774a1af8710eff2e5473ad1e54e9d
DRV-00077,Hussein Al Shammari,JED,2024-01-16,4.63,active,1103ec11d34c7c2d64965ff972b6b637,21e2dc441a666eec1cc72ecc5a9f3cce
DRV-00078,Turki Al Ghamdi,RUH,"Aug 06, 2025",4.67,active,670a5abf126d573ea7e6fe8dca5c2b50,3c119a43cfbcfc91720d495b024cb180
DRV-00079,Ziyad Al Rajhi,RUH,2022-10-08,4.48,active,e3adc801b655545868b74314ca30eb3e,d9e6e3903ae2a2de5c6306d03fb0c92b
DRV-00080,Samir Rahman,JED,"Apr 23, 2026",4.96,active,5cdc549fd4d8acf8cd8d363b322125b3,99551250c146125108563f84b72acbe1
DRV-00081,Ahmed Al Ghamdi,RUH,25/10/2019,4.77,active,8d24824c616e99fc5a6c8a9ce5254298,f923d8ac43470cca4b05b78df4a773ac
DRV-00082,Hessa Al Sulami,RUH,2022-03-09,4.56,active,707fb79177313480a0fb29119eb7ea93,6b9627cb8618b80fc842843cfc2a3bf6
DRV-00083,Nabil Al Mutairi,JED,"Jun 26, 2024",5.0,active,8b5fb3a027d26010f058a9c9b2c835b9,cdf9dfaccc436a6dcf387a12713f2b94
DRV-00084,Hussein Al Faifi,RUH,"Dec 29, 2022",4.94,active,f99afb70941f12acfd833d88fd21e27c,2101d1a322d2b39f78a5e6c4930a291b
DRV-00085,Imran Hussain,RUH,2025-11-29,5.0,inactive,ee483eda0d20046c6d21c806913307c8,464c815bf6bbfcbaf8cb6777d9e872a2
DRV-00086,Maha Al Rajhi,RUH,26/05/2022,4.9,active,1ab5bf2aca9edb7bc4ce24a6082a1851,d07ea667d357f7e0deb2409adacbdd87
DRV-00087,Ibrahim Al Asiri,DMM,01/02/2022,5.0,active,1eaa3b8f5d1aa11ee2a20680f15570fc,0886b5bae646480d90da0f0974165c61
DRV-00088,Yousef Al Rashidi,DMM,06/12/2023,4.68,active,3567e59ce4f25a948930b6dfb25a4195,43b499397762ac651d8b9db4037940a2
DRV-00089,Ziyad Al Subaie,JED,2023-04-09,4.87,active,aabf524f52a17a89645d23cb34489431,f7e43bee5d8e0590119a9630defaf117
DRV-00090,Amal Al Hakami,RUH,16/08/2024,4.71,active,e4c86419b71910a3de81c300d6a6e981,f27e719f654123411572c13f7e2a56d9
DRV-00091,Lama Al Shehri,RUH,2022-11-13,4.84,active,bb8927f06534b5e18d234fe400778746,0cf2da95b3579102455d1cfa1a87c603
DRV-00092,Bilal Al Faifi,RUH,24/10/2022,4.88,active,34cc93f40aaa47b16df3a48ab2b01351,9ddc7755b68ef03b0938ab08c00e2d16
DRV-00093,Bilal Hussain,DMM,"Jul 11, 2024",4.76,active,28dbbf465460fef9d65dbed5bc395a28,40ef03f3304f1b20e6486b893b3373b6
DRV-00094,Nabil Al Malki,RUH,2024-12-11,4.95,active,6d82bc993aa97697b1db8ee8b36a128c,b732d8446a79f7425ac46e9380dff916
DRV-00095,Ghada Al Hakami,RUH,2023-06-07,4.88,active,d4a9d5b67adf0f65c8fcc35f6798adc7,fb8931a1287ccd8a9bbb6a27c5bac992
DRV-00096,Ghada Al Malki,JED,2024-09-22,4.52,active,b54333aad360908c58ae76b98b9010e8,d0a9aaba4e1253f8448dbcebf837d0b2
DRV-00097,Saleh Al Asiri,RUH,03/04/2026,4.4,active,45c077daf832ce5dfdada29a6b32e313,114e30c1a3af9ae5d6f79ab829aa5cce
DRV-00098,Amal Al Rashidi,JED,"Jan 13, 2025",4.65,active,29e17651da805f286260dd2009e1944c,9bfa96c75acc290d38c374387ef43d5a
DRV-00099,Kareem Chowdhury,RUH,2024-05-21,4.87,active,6764876cb6319c51724eae780e19a874,5009533b8302b7a500a011bb4dcb49a9
DRV-00100,Lama Farooq,DMM,2025-11-23,5.0,active,483634dd7cc3d2bb6bc697625abf4891,2c18fee8f8278d0026fdf3d37b05c97d
DRV-00101,Saud Al Turki,RUH,2023-05-22,4.57,active,3c2ffc58a897f84f9f08d5c79bccf702,744561a17c8458c3a8606ad3a6120b70
DRV-00102,Yousef Farooq,RUH,"Jan 31, 2021",4.48,active,83c2c87fdb7bc5e1d1fcc9496f0e3de1,3f863ef73c9dfd0dec0e0232b9962678
DRV-00103,Reem Al Amri,JED,08/05/2022,5.0,inactive,04288cc5a425c1bbe37baf1f92c1bc51,8d5ae05635d5a68891e307c0fc9576df
DRV-00104,Usman Al Yami,JED,"Sep 11, 2021",4.55,active,1125875085cc9ec593974a00195addc5,8d18ad5df7b0197b0a5d743e18aee416
DRV-00105,Rana Chowdhury,RUH,2024-11-26,4.25,active,c7efa07a5bbaee4a2e2be7786eef2195,e8547352fa40794b3e4d7eca14369166
DRV-00106,Ahmed Al Turki,JED,"Sep 27, 2019",4.62,active,39f3e70f083395938b2928ddc679ba05,767f7a6f9bd42a9260d66d83feb847c0
DRV-00107,Samir Al Dossari,RUH,2025-05-26,4.64,active,9a162786a0a6f58eb3abc5ccda139dbc,ba78684a76b6f5195f5318286586759c
DRV-00108,Lama Iqbal,DMM,20/06/2020,4.69,active,0903bd95e208fde0a901cf81c116eeb7,42e0deee564ca6a4ded70ab0e7218a91
DRV-00109,Kareem Iqbal,RUH,17/03/2025,4.96,active,87ebd1f5ceeef04140b0dc9d13833f72,235d9924d262f94cd3b282b909bc6276
DRV-00110,Aisha Al Qahtani,RUH,11/03/2026,4.64,active,1fe6b306468b35004ce94e3d8253cfa9,2d3bd18bb7db75fd2fd583f263ae164a
DRV-00111,Faisal Al Asiri,RUH,2025-07-01,4.69,active,3ced59422253815ac8695e656a73fa3f,a5940c2b970bb6aac5b29c082efdd27b
DRV-00112,Nabil Hussain,JED,"Nov 07, 2022",4.97,active,8a233e69b5b46bb8cf5fa5e9144c45b6,95780904e89387e017df4de4ee7ce76a
DRV-00113,Saleh Al Saeed,RUH,2020-05-01,4.69,active,83850dfb0e0aa3966c04cd4dc31fa56c,2ebac93b03222a1cc4cfba8245f503eb
DRV-00114,Hamad Al Faifi,RUH,2024-09-12,5.0,active,424c241b0af49bb0e4b5aee255baeb56,5a0d2100179a91dedd10e63aed96e708
DRV-00115,Imran Al Zahrani,DMM,2024-10-18,4.4,active,957ebc3269a25196a628a75244ee3693,27a2c84a5e70af8003982c68a62ba870
DRV-00116,Salman Al Moqbel,JED,2023-08-08,4.48,active,8bbdaeb8e6ec991bed35f5d2d5fcc22e,c1fe0d146989404be9d670490880d547
DRV-00117,Rayan Al Balawi,RUH,09/09/2024,4.79,active,adcda3474a5f9926a2c427b708059b20,0e35a8846f3796ee906d973f1c8c9318
DRV-00118,Sultan Al Ghamdi,RUH,26/03/2023,4.49,active,24ecfa4c9389337ed16a53ed73219d1c,ce8d7fe8121e1569fbfa1e1cb7e5cc92
DRV-00119,Yousef Chowdhury,RUH,13/03/2020,4.57,active,79f8883e4d2b06c13f0f2aac46a73dc9,510b94f728115c76d9f8e9ba5eb609a4
DRV-00120,Sultan Al Rashidi,RUH,2022-07-06,4.35,active,8b11e553f06d916ce15a3afe7c236d3f,d732a470afc8c4536f5327ff38d2e71e
DRV-00121,Mishal Al Mutairi,DMM,2025-01-28,4.65,active,989d26c95e2c7487046d9f824a18aa3c,0184cda67c8a8e8bf2a96125f9422089
DRV-00122,Nasser Al Mutairi,JED,2020-04-16,4.9,active,756e03b141aad9b7095c6d71d5947a73,2ea66c11ddbf9a04a3e9a32fd20284af
DRV-00123,Omar Al Suwailem,JED,2022-10-31,4.53,active,c973fe87e3339e811f0d5c79c50de230,cce8b69bb421fc9133d63f2aa9bb083a
DRV-00124,Nasser Al Dossari,DMM,14/08/2024,4.78,active,a3e85bd23bad48d3ec5bbabf2163c91c,a6981881ffb0392241cd8baf7fc04173
DRV-00125,Haya Al Mutairi,JED,"Apr 19, 2022",5.0,inactive,a1c2d72c7367ccfcca196b6d7f10442b,bd270e8fd994f4140780aed376ff3628
DRV-00126,Saud Al Rashidi,RUH,2023-03-29,4.82,active,59318015f771722e0da96a45ed458e7e,672a053226493a8ba69bf3628a861dbe
DRV-00127,Hessa Al Amri,JED,03/01/2026,4.73,active,759edd55befca0c2f84d45d139d5263f,b0328507bea2b474376623bfe0b588c7
DRV-00128,Hussein Al Khalidi,RUH,2023-11-20,4.69,active,7168edaa5be602f8155598f4defef756,14c2386db6bfb2a44590fda53d8ff85b
DRV-00129,Sultan Al Suwailem,RUH,21/10/2025,4.76,active,fabf9cf6a727b7a0a274756d782ff167,23ce9b3d6bc2f81f5c5e395739551a08
DRV-00130,Hamad Al Qahtani,RUH,"Dec 25, 2022",4.31,active,92e93361a19e35ed2ee895f4e96a5f57,11f7380252038681365bcd56621fe61c
DRV-00131,Imran Al Hakami,DMM,2026-02-07,4.91,active,332b84ded296c3995265c7c9db67c1e2,b3e68dec080da6b865a1a2155c5f3909
DRV-00132,Zaid Al Subaie,RUH,2025-06-20,5.0,active,a29dc38ccac4208c270c36196eb3d06e,fd491475a2d2ea0bc95301f93a3b220b
DRV-00133,Mansour Al Sulami,RUH,2025-01-30,5.0,active,58d71935e03a959db5310642c2ec94fa,0329f85736736df40c47d1da7dd42dcf
DRV-00134,Sultan Al Dossari,JED,"Mar 24, 2023",4.74,active,bd5ecc4ab101121ecce916cd9fde2031,4fbdabde275f4edd6b8b34f530bbbc51
DRV-00135,Hussein Farooq,RUH,"Jul 14, 2020",4.65,active,bcadfbc259675dd4c1812bb86f28e7d1,d433186d7822d107a54a1a5ccdeeb299
DRV-00136,Bandar Al Shehri,JED,2025-09-01,4.79,active,174eab62298d73dec6f96c1552f49843,a13c571592bf6cec9a35ed287d1fb86a
DRV-00137,Rahul Al Sulami,RUH,2019-05-10,4.68,active,313af8bac615ad49129b61a227188949,946a47e0f317ce08b6479f251913f5f8
DRV-00138,Musaed Al Faifi,JED,2023-04-05,4.74,active,760225683841a20a7af363c0ad421f18,89016d3f93be446a02ae6f581a81c8a3
DRV-00139,Hessa Al Shehri,JED,2019-09-07,5.0,active,31a58f64c7a77927d2a935fa266b9f61,1faa3ae066f30d0379107765acffcdd8
DRV-00140,Mansour Al Juhani,JED,2023-08-24,4.91,active,3521d269a2a7d76e85b9f63d3fc1d60f,defece8466c59ce286910205435b7cc8
DRV-00141,Hassan Al Zahrani,DMM,2021-05-31,5.0,active,20bed058b049f55f50c67d68b16f3bd0,9c9f13bea4b9288ebdb9f39f683c7dac
DRV-00142,Anas Al Zahrani,RUH,03/06/2023,4.93,active,e7e7b72a71843fafab3253facee573e7,a626fc27938808614fe13abeb2796596
DRV-00143,Maha Al Hakami,RUH,08/01/2026,5.0,active,c55d8550c3e6603455894b9f8c537fb0,9ce2716e61ef59803cbac44208212d7e
DRV-00144,Khalid Al Hamdan,JED,2024-12-05,4.64,active,f2a2035b211dae2571e48c8d88a9d3c6,2c6f0705e1839a25fe0966959b10c362
DRV-00145,Mishal Al Khalidi,JED,"Oct 30, 2023",4.48,active,3f0c107d6066546eecd928786dcca909,6709530e2ded738f568b3a97bfd2045a
DRV-00146,Layla Al Yami,JED,2022-09-27,4.94,active,d5f16861ca6bdda4e7d176d5951951c7,a438d8a35cdd71527791fd68764d2c6c
DRV-00147,Fahad Al Khalidi,RUH,20/08/2024,4.99,active,7bf4a1c5e007702ee862ade6f90ad9b1,f9f8850ae9b9648432d21637cdb74935
DRV-00148,Hussein Al Shehri,JED,2025-08-30,5.0,active,1d55eb2db2bca34749efa7586379f211,38873eaf77920a3713385f6e85b198ed
DRV-00149,Zaid Al Hamdan,JED,2023-04-19,4.62,active,3165ae21c77d236d9ac77c9df0685e44,69e09fddce8d71a9f54c884fa2cc6588
DRV-00150,Mishal Al Shammari,RUH,2026-03-08,4.76,active,fe67d9839d2be4d00ab4a68809304c2a,fcd1d6a73d167e229a0d3d7dc682cfbc
DRV-00151,Zaid Al Juhani,DMM,2022-03-21,4.44,active,ea26cfe24bac5dc635047246a172364d,3d40259d645cd2e5ee982a2e93f2d315
DRV-00152,Faisal Al Anazi,RUH,2022-03-13,5.0,active,2c462921aabe1eb4e66cf705f154772a,64fad971224353dc6015fb411de37437
DRV-00153,Rana Al Malki,JED,2020-07-21,4.17,active,7917ca12293b71390c70f52c1645a713,a4fa5ad73aa97f3bbf6598e22c3a1e23
DRV-00154,Fahad Al Amri,DMM,2021-01-08,5.0,active,c013461ef2e137c20600b167109175bb,58689943767ab8e255762c0bd76c6e1c
DRV-00155,Faisal Chowdhury,JED,2024-06-25,4.22,suspended,61f8a86f4c08ec68d938304301cae58e,a8e5cadc9c89423c6dca4003d3abd8ee
DRV-00156,Layla Al Zahrani,DMM,2024-07-26,4.98,active,7b072fa42e482c8126bc2a25393b3d01,c46755c34a234791333b9aa79c1b4738
DRV-00157,Ghada Al Moqbel,RUH,2025-09-08,4.73,active,d78092202f0e1fe0d24942caf85c849c,2a726f6bfc63e681b541127919631757
DRV-00158,Badr Al Otaibi,RUH,"Feb 24, 2023",4.67,inactive,1f8999670d097edca890418adffd072e,939b9aff11cf2316ea2fd23923955c37
DRV-00159,Adel Iqbal,RUH,15/06/2024,4.5,active,b3b44a5e6a1536d55ddbb43fe2a71d95,d2bec39cd301c2f60af2e1659dbbbabb
DRV-00160,Mansour Farooq,RUH,21/11/2024,4.42,active,b27aca5be541977313546023af90ad4a,d33a95443bee9012bdb1eb148c95cca0
DRV-00161,Musaed Al Hamdan,RUH,"Apr 23, 2026",4.95,active,eb8c25446251c0211dba219d42d0628a,c3e3a31c5ef4891d2b6e8889dfa1f0be
DRV-00162,Aisha Al Nasser,JED,07/12/2022,4.94,active,cf15535357da6e854a8d79f16b0ea6bf,813c136384f5dfdf37d08042bd747bf4
DRV-00163,Fatimah Al Rashidi,RUH,2022-10-07,4.94,active,40f11a51bc0bdeb895838828069d5850,cfeb3fd52de898d8a294b63cc98eeb5f
DRV-00164,Saleh Farooq,RUH,2022-02-18,4.72,active,77c05f6c9aa832f6187b9097dad8b61d,d63095f3f570191a830efcc1e2f9b7c1
DRV-00165,Faisal Al Mutairi,RUH,2025-05-23,4.71,active,4e349ef38896e424c90dc44bd386c1fd,cca5a9e75f2a20c6f4c0fbec5dd2ef53
DRV-00166,Munira Al Rashidi,JED,2022-01-19,4.7,active,08ecf6e07757bd3b9150563787240a50,77d448d73ccf9f58e75b106dd9dcf90f
DRV-00167,Dana Al Hakami,RUH,2022-04-09,4.73,active,0f55fee4029c1fee26a17e71fdcb21b9,b30be2d5ff3d8c024b9724f5c0225132
DRV-00168,Hassan Hussain,JED,"Nov 08, 2022",4.46,active,1729cb64478e6438a3d8ee14c7eb6536,44d4a7558f96e0e8d62e15fd5ad4af9a
DRV-00169,Abdullah Al Saeed,RUH,2025-03-07,4.39,active,7696ff2b1e6f9979d7bf144d605556f4,e7175aea1c0983bab1e1e3111ba7450b
DRV-00170,Reem Al Otaibi,RUH,"Feb 28, 2025",4.42,active,bbd88114de4c19114adc52946be580ac,14c6ba9c4479bf723fd7002c135fa339
DRV-00171,Layla Al Malki,JED,2022-03-08,4.51,active,4d4798676a38ea0ca27356cb7cbd9c7a,27e39e52ef0b296dce9239b37c7af3fd
DRV-00172,Naif Al Juhani,JED,10/05/2026,4.56,active,7a399529d610dc39a2d962084a031102,2e360e8e8f003c5d42ffba918221a3bc
DRV-00173,Ziyad Al Zahrani,JED,2026-04-15,4.77,active,765395133e2b599c1e1a6708777a76cb,68b2be7a893867a4f071bc369e4ef58d
DRV-00174,Haya Al Rashidi,RUH,2024-03-25,4.41,active,7ce64dcb02f84b2f91d933b17f058f88,e4ef9ca8232aee0325c7955fd491166d
DRV-00175,Fahad Al Hakami,RUH,"Jan 10, 2021",4.55,active,4018d91e670ca5e86e5260f839205a4d,b6202b6e9e600db34c4efd4e6b7bc0b3
DRV-00176,Mishal Al Saeed,DMM,2019-10-22,4.6,active,6ec47717e936d81171b832ec61ec5aeb,fcd147ff78e4d7eeb4d454a5a1274540
DRV-00177,Noura Al Nasser,DMM,2025-06-18,4.25,active,6f13a294835c662cb5f816c47376822b,cb1070719f002b6e9b7dc7a23d91b128
DRV-00178,Noura Al Qahtani,JED,"Nov 19, 2025",5.0,active,58b9e3dedeba4a39d708cedf04c85a54,32b17c6bf9f93d61d168fe91e4d32435
DRV-00179,Hassan Al Balawi,JED,2019-06-30,4.76,active,f1bc5153a75be7a028dd1c53a7235b62,dff6fab5b44ac5b12a01434253a00636
DRV-00180,Imran Al Saeed,JED,"Apr 09, 2025",4.6,active,b4b6066b4408fad6e4e0f4f7a7da9107,d308df6eb1a8774f586a94c2c5289a7c
DRV-00181,Salman Al Nasser,JED,2024-04-07,4.66,active,21d067d9819adf07e1f2862e2fa8a38c,3435bc7f09f190642763cff442cd4555
DRV-00182,Majed Al Rashidi,RUH,"May 12, 2026",4.84,active,7a3374aa1249165faa7eddae0becd831,04ff4d91eeb04e80f74218804d33c0ae
DRV-00183,Bandar Al Malki,RUH,02/12/2020,4.52,active,78fca4429ef13773c537cdfe96c9021a,9169700efd30636989241511138ff696
DRV-00184,Bilal Al Balawi,JED,2025-09-26,4.8,active,b3b2592252dc1d054010a9f8a21f944b,b4788538b2918be89e112aee77d80716
DRV-00185,Haya Al Qahtani,RUH,01/06/2023,4.89,inactive,704a4f71abd0515618eff982cbcf6da5,d6ba495bfb0c64e5c30bce44f0b210f1
DRV-00186,Tariq Al Moqbel,JED,2025-10-22,4.37,active,51fc7739704ed11bf76888f65b6bd027,e46f4c6fdaa5a5f2a1d6185b630de4f6
DRV-00187,Jawaher Al Subaie,JED,2025-05-24,4.94,active,ff794df9fe428e8a8a1426a2c209daf1,caec9912568ee760a6714441bc6196fd
DRV-00188,Layla Al Turki,RUH,2024-02-28,5.0,active,08cb0d9529cedaf15ba7753a47117875,caea8614a18e36f2717686a1eab45607
DRV-00189,Maha Al Balawi,JED,17/05/2019,4.75,suspended,711457c4625e21e28de1f72fe6b84e4f,1b7d5a57f55b2149ffc63f7764314a6b
DRV-00190,Fatimah Chowdhury,JED,21/12/2025,5.0,inactive,933f85702c1cb09af9c90c6dc87789b1,8e236bf4311cc4dec454331a9baa9a7b
DRV-00191,Sara Al Anazi,RUH,2024-10-08,4.67,active,a55425e451a441632b99b7e741229945,aac22841fbb0af93e305814db9264f15
DRV-00192,Musaed Al Bishi,RUH,2022-04-06,4.94,active,67ab5bbe23d63440a3242e4589916e93,a2787e932b434c9fbf3fb9aa9174f86a
DRV-00193,Majed Iqbal,DMM,2026-03-07,5.0,active,770c3b22c07ce7d5301516d53047c237,179dd11caf02b631ea6fcf78c62d91ec
DRV-00194,Reem Al Amri,JED,2024-06-15,4.51,active,1a5133aa844368e07e16c476f7a2e412,c8e518c4175c1969ac293d5bf4b62d64
DRV-00195,Bilal Al Dossari,JED,10/09/2024,4.85,active,9a0ef8cbef146495da52733b6a953a31,78e8eaa4a12a1514d33570380691680b
DRV-00196,Kareem Al Dossari,JED,2021-11-13,4.84,active,441aaee36eb311de35eb378e05b81bbe,0aac158c4ac6d8759f8e5297b0a5d6ed
DRV-00197,Reem Al Sulami,RUH,2024-10-09,4.8,active,7f1c7c2e8e6dcb7ec41762899272d31d,7c673e3d3a66a3c773d8cf3c406c56ef
DRV-00198,Reem Al Moqbel,RUH,23/06/2025,4.91,active,351c2a8ce5f5318fa81483e38a0b8f11,d19cf1bb6ea30248f7969bd86e597e8b
DRV-00199,Samir Al Turki,RUH,2025-10-04,4.73,active,cecc5f691b4a1232ab28f9edbfb60173,d3e0a2f601a9af4beddd32c090f0ec9f
DRV-00200,Kareem Al Shammari,JED,2026-05-11,4.3,active,49e678f6999a77bcaae30db4ea5f7a15,802393bc55d2bd2afda1bb546f1c79d5
DRV-00201,Hassan Siddiqui,RUH,2022-11-09,4.61,suspended,ae4dc4e080f7c76daeb86cd2a3bd7788,9d1cab13246b9d2a20bd13da18b1f2f2
DRV-00202,Hamad Al Asiri,DMM,2026-05-09,4.88,active,ce4bc2bc648efefb7d0e4c412edf2b71,74f2cb6d6efaaac8ebcf0c3117f1ad17
DRV-00203,Salman Al Anazi,JED,17/02/2021,4.71,active,ecd9305b03bfa213c759dd9245f25140,dd9a2e973548eaae910c35b2722fa15b
DRV-00204,Waleed Farooq,DMM,02/01/2026,4.93,active,d2306226856350e112c58a0fee101412,1b1d6267864e029cdb97b9fbee05b669
DRV-00205,Aisha Al Suwailem,RUH,"Jun 12, 2024",4.31,active,210fe74a9ecf05ca4e2dab68a7cd292e,24c48f360a973a012f3bcf5d5604106e
DRV-00206,Layla Siddiqui,RUH,31/10/2023,4.97,active,52f23b86b7b11621201b1013751c701a,eddefb0166aa24435f67b660945c36f5
DRV-00207,Mohammed Al Moqbel,JED,2026-04-24,4.9,active,cfd4c99eaab512305495f5f64acb363a,4d198a914fb8e5ea95eafd866ce3de6e
DRV-00208,Faisal Al Saeed,RUH,2025-09-13,4.98,suspended,60616dfe68807560d6cba60d6012a9d6,e0f40637a23eb9054ee2dd3ebf1d0da0
DRV-00209,Mohammed Al Suwailem,DMM,2025-03-22,4.39,active,f73809f47933f3f3e1629b697dff18ae,52571a732ccfae827a40c08790f897bb
DRV-00210,Samir Al Nasser,JED,2024-12-13,4.59,active,0d0e952db5ce0f9fdbb71b2a72f3ea3f,fa8769b5d0c13aa1253b10fbbd42d8d2
DRV-00211,Mishal Al Asiri,RUH,2019-11-06,4.87,active,dd1fbbd0c2efa2d5703f101030a32bf9,d8453a20f0cb2898999da981485b366e
DRV-00212,Jawaher Al Yami,JED,2023-03-28,4.69,active,041bb71e11bea7aaf403e33b36b324c3,bcc0af40ad5f5fa612c6a7149ffc6b3e
DRV-00213,Badr Al Turki,RUH,2023-11-20,4.92,active,da23db7e688bb51568b85ff166032b44,526798b490f9b29f53cd8721b6c610cc
DRV-00214,Lama Al Faifi,JED,2022-11-22,4.39,active,2af1246a37127ee7e8056760621aa835,5f3cc2d7d7b4af9a84d42e5160036ba7
DRV-00215,Rana Al Moqbel,JED,"Jan 21, 2022",4.97,active,d2211483799375d5d2ef9bada7f630e8,a1d76d605f84dac08e275d33e3cb97bb
DRV-00216,Rana Al Qahtani,RUH,2021-11-23,4.63,active,001d423b5fd96966911d77bfc8777a9f,da5046cdc0e57c0c1f11c35610e08644
DRV-00217,Hassan Al Malki,RUH,2025-10-07,4.35,active,397cc8b55987526d15dcda7c6635d0f2,a1c3a490cc2e3d57a471838940700a35
DRV-00218,Munira Al Shehri,JED,13/03/2019,4.74,active,dccf10c833efa2d5a90da84ddf72fe6e,4182d965bb6b5b71db446f9369301d41
DRV-00219,Majed Al Hakami,RUH,25/01/2024,4.93,active,b53e735bc134c41a7a889c914fd13c65,784c96fead1a64f660fa061f089611a1
DRV-00220,Imran Al Faifi,RUH,2022-06-14,5.0,active,d8740570f58dde236ff3aa4e765b749b,db58979748a86006ceed23d53dd71158
DRV-00221,Sara Al Bishi,RUH,10/04/2026,4.59,active,582f9c8e70e4c228fe1bfd45a7069af5,0d103252990cdc71b96d602be03035c2
DRV-00222,Reem Al Saeed,JED,2025-12-05,4.72,active,f42e182b6972126edf50698a4d4f9fdc,ee6e75ef90db4319a19d6edeebd17041
DRV-00223,Tariq Al Moqbel,JED,"Apr 09, 2026",4.65,active,40e8dd1a46d233bf0b6fd2d443735694,835403140bca774347806ac7a4c1787a
DRV-00224,Rayan Al Saeed,JED,2021-02-04,4.8,active,f5c2f4d3bb8a24abf65bc56163af5b07,dea7288d11057c7cc3a8eabef65a4ce0
DRV-00225,Nabil Al Turki,RUH,"Feb 05, 2024",4.98,active,eb4e5c21791ee74656df0c5cc6d3396c,4ea75dc2a95d636891843592fd159282
DRV-00226,Khalid Rahman,JED,2019-08-21,4.8,active,4352f714c0a42b2efc703bd4b637edfb,bbbf44e0968f05eda825cb738b3b8090
DRV-00227,Rahul Al Turki,RUH,2024-04-04,5.0,active,7b7a9ef2157e608de7b62df7695546e0,26778ababf60e911b761d7750db2d848
DRV-00228,Majed Al Bishi,JED,2022-02-11,5.0,active,ec7f13fe41023d1a5d78a48608ecc2ce,66ecd72a42936e6018d66753428f3fb3
DRV-00229,Adel Al Zahrani,RUH,2019-10-28,4.79,active,8f8626f538fb6f9660051ee5faf5b7e4,589b5c9d48e148324c7f890ebfc180b9
DRV-00230,Jawaher Al Asiri,DMM,2026-03-03,4.81,active,be384e65620d985cd1a97cc6d064ef3b,818a50be81250acaf28bc8c06818e698
DRV-00231,Tariq Al Hakami,JED,2020-02-24,5.0,active,b4bf1b9adabc7becb1524dc70671c24e,8ce937e7bcef809405d8145b9b2a5587
DRV-00232,Yousef Al Shehri,RUH,2022-09-09,5.0,active,091bea096489f08cded9e81dc4b86ccb,8621e28ddaed72125e1a92b5d633033c
DRV-00233,Nasser Al Juhani,RUH,"Dec 06, 2021",4.79,active,6b306772156fe3d7429c83c85ed22722,4aef951bac095d704460bbeed99962f4
DRV-00234,Adel Al Harbi,RUH,07/10/2025,4.65,active,79cb5aeb51de4f5ca68f9097f295e0f4,765bc2e7d6a658c292bb8373b629abc3
DRV-00235,Sara Al Balawi,RUH,27/03/2024,4.77,active,a6b8a593475c131beedb4d82073d53a6,736849abccc2d42a800e96ebd0daaa59
DRV-00236,Anas Al Hakami,RUH,15/04/2025,4.6,active,efa1a4fd772f43ce50db9f1b5e4d5acc,ad2c41bffa0d5e92116e42005403c0f5
DRV-00237,Rahul Al Balawi,JED,2022-09-21,5.0,active,2d59af8c14805914dcf9b8d2e68ea8df,b477bea6a502ce0b61bc0fac5db926cc
DRV-00238,Ghada Al Suwailem,JED,2025-11-10,4.48,inactive,5e83a09aa1ff637b47c760b4c977538f,6377cbeceac77453c4e7d13d7fb6b40a
DRV-00239,Hamad Al Amri,RUH,2021-07-15,5.0,active,54291d6e04ff064d89a895683a77a441,e9f941fc4997dd02338daa0ae56ba9dc
DRV-00240,Abdullah Al Ghamdi,JED,2023-09-17,4.72,suspended,6e6ab6ca9247449fed736e9b4e97675e,7f17db59d44bdf4ba85981631b12fd54
DRV-00241,Noura Farooq,RUH,2025-10-27,4.75,active,179ed1b7bb3e50f7bad40774885e0411,5ba293db1ff05f069777f6061820cac0
DRV-00242,Hamad Al Subaie,RUH,2020-07-14,4.34,inactive,f9af4cd5923e4717b56a4ce603d64449,9b1713f16e4cc44c607a3f3495f963f4
DRV-00243,Mohammed Al Rajhi,RUH,25/11/2024,4.72,active,186e0101e55167a30a492d6b0766f0ff,ebc156df959b78f0388321b4b90d79bb
DRV-00244,Kareem Al Nasser,RUH,15/05/2021,4.56,active,b07a0e4a05815946f1ad246639e89436,10402098cf6741b28d4bc9f59d319cb0
DRV-00245,Mohammed Al Hamdan,DMM,2021-02-02,4.64,active,54913fcba36cabdd2b162610c0c86258,4b9b810c1d929a4c97db4cc83b67128a
DRV-00246,Ibrahim Farooq,JED,2025-03-13,4.52,active,ee6c74e0ad1c26d01aadf2d7d53e3890,9c16dc66690e035581ab01de7479364b
DRV-00247,Ziyad Al Asiri,JED,2024-04-01,4.72,active,3654006a5d03a30bda24b8b6a384563b,3622defe473add47534cb915d3780aed
DRV-00248,Aisha Al Asiri,JED,2023-05-23,4.84,active,9fc078329b027698fe65beebf0743ec9,a3fc67efa4f17d7117d6a13fce29bcee
DRV-00249,Hamad Al Amri,JED,2026-05-03,4.54,active,184966ea39402109934ba44683ecfdfb,25bfbe65277dacd920600d4fbb110ae0
DRV-00250,Kareem Al Mutairi,JED,2024-05-04,4.67,active,adf37abb9301ddd69f60e4255113ca0d,cfddcd0663f541703f2845fdd7671bf7
DRV-00251,Saud Al Hakami,JED,24/09/2023,4.71,active,5c29f1ff32ea3f22e25243ce0406733e,2d68eb2f36c87d9ee017ce08f14cf908
DRV-00252,Anas Al Rajhi,JED,2025-03-26,4.58,suspended,888c00616d2e178357aef0a39be3296e,9f02cc1e5adc3b1e9a4d74572e6e0b4d
DRV-00253,Fatimah Al Turki,RUH,2023-09-03,4.78,inactive,f1eb2603b2f42b827a571ae77a9d8457,d2e9494b099f0dbb4a62aa2a2953948e
DRV-00254,Salman Al Harbi,RUH,2026-03-31,4.69,active,e3d8bf8b371d79b7f1a71a8375a5a9a6,0a4266ac76458c598c8c7bcabbd498b7
DRV-00255,Ziyad Al Asiri,RUH,21/03/2026,4.69,active,221ad6539bf452164d7f8f164d71ede3,39486541c3fa89befbd4b0335a51cb2e
DRV-00256,Fatimah Al Subaie,JED,2025-10-21,4.66,active,2759dfcee10924fabced47acb8040653,8a2edf059da4938f33e65c78691c23c5
DRV-00257,Nasser Al Hakami,DMM,20/03/2025,4.81,active,32630b7e7132ccd86e3ad1f68ed7f378,533359d6988289e9854edf4de40df486
DRV-00258,Sultan Al Amri,JED,2023-03-02,4.97,active,987a1bb8772611337c59f57455dd4d9a,755927da688934686cff91a90e58fd8c
DRV-00259,Sara Rahman,RUH,02/03/2023,4.71,active,e0577f30ebbecd3a702fb8bc36bc327d,4c1ff3907404ab0295294eba79ebfe6d
DRV-00260,Turki Al Harbi,DMM,2024-02-15,4.86,active,31868fc3d5dc87e6a932c07b75aff74f,e8ebc0521b17adf97c23b66f66cdee21
DRV-00261,Jawaher Rahman,RUH,2025-05-27,4.48,active,9b06bdd3956a38e2a00a83873d4c59a8,84d657c4bdeae3a7167c1c5b4a1eb5af
DRV-00262,Jawaher Al Subaie,RUH,2025-09-27,4.6,active,5dd1b5da6693b260923c91abeadeb8f5,9cc2f2f1ea8c2b65af0723b700853e34
DRV-00263,Lama Hussain,RUH,2020-04-28,4.63,active,5e979339ea78bd76a1bf92e75d49c20e,0b1c0391fe1a953d190787c702fe192b
DRV-00264,Samir Al Sulami,JED,2019-06-13,5.0,active,0cb9ef0fe6f85f14301a4b6f8987b2cc,369c6abc9506a882cb3565a6062e4c46
DRV-00265,Waleed Al Zahrani,RUH,2023-03-20,4.92,active,81acf269c21d0fdcbbedc1f15b025032,a2e4e4e5b0e108dbb87be29005c9aae7
DRV-00266,Tariq Farooq,RUH,13/07/2025,4.62,active,6136de13811b9421ec71c811b04191d4,b5dbf22c8d24ecbaa1fc27080b55e4c5
DRV-00267,Tariq Al Malki,RUH,18/04/2022,4.93,active,7076cc934cb3752ef537af8d52228a0c,208a176ed4a9dfabab19064bebe9c741
DRV-00268,Musaed Al Mutairi,DMM,2025-09-14,4.38,active,d61219c7b571b697abd84ff5bee10e1c,d571753aa9af619220ea44edbd35d4bb
DRV-00269,Badr Al Rashidi,RUH,2025-10-31,5.0,active,0ac9bbee47c92aae95f43dd92be0823e,f6b7c123c93434f86773675161997bd2
DRV-00270,Ibrahim Al Faifi,RUH,"Jun 07, 2022",4.79,active,f8ccd2db2a211109b5e59c98efa70958,5baf8fb3c9f22c1c00ef037693d241de
DRV-00271,Khalid Al Harbi,DMM,2025-06-09,4.46,inactive,6def3b27bfccb97aa1020964a55fecdc,9e3902d44ec97916fd633c0bdc78b190
DRV-00272,Haya Al Juhani,RUH,08/08/2025,4.73,suspended,9efad1d99367798d96a736c5922a2e5b,2609b37ef0d55f9d73df69919722049b
DRV-00273,Anas Al Harbi,JED,"Mar 09, 2021",4.33,active,c4ecbaa91af2d8d69037172cdb2f9ddc,490b6769e8617b6c28b77907b996a034
DRV-00274,Kareem Al Asiri,JED,2023-05-21,4.47,active,74859a313014e8ffa4547a2e230d1384,f81b453ec6789fb4ff9a2bfa94f54376
DRV-00275,Tariq Hussain,JED,2023-07-29,4.29,active,a5380be569530ad892f0baad4c004d8b,d13e8ce78a939b460d47c4591c550cc9
DRV-00276,Khalid Al Mutairi,RUH,2026-02-18,5.0,active,6d56666dafa483aedd5b5a50bd24e673,2cfe36ec2548993d54bcf1b93eee2e59
DRV-00277,Bilal Siddiqui,JED,2024-09-12,4.59,active,4839d7f3d03e0cdd4bd80241bb1b1c07,8afdbe0349972bce870622b27aeb0993
DRV-00278,Rayan Al Ghamdi,DMM,21/05/2023,4.87,active,03aade615d93da9c6023a7f8ba0a2598,c35038a432c344c3f9d798af56eaaaa2
DRV-00279,Musaed Al Zahrani,RUH,"Jul 02, 2021",4.59,active,b35cae9fe2b9e8572bd0ef62f41a2fc3,b70dffbb6a0b72ae814bed5e7e448e76
DRV-00280,Samir Al Nasser,JED,2024-04-06,5.0,active,f3b9cd88ff3355533669902a402a2fb3,22c23a721add1e496cd30850fdd239ff
DRV-00281,Fahad Al Zahrani,RUH,2024-06-29,4.86,active,7ea4d28ef8a12131f9707f1c1621d1a4,a6a4b05b669f8a92c19aa67c14afc1b8
DRV-00282,Ahmed Al Yami,RUH,2024-01-30,4.93,active,b15d17b05517354126ca0ab8ef6ca901,ad33aa638fd4d824249b6edb8596e53a
DRV-00283,Jawaher Al Suwailem,JED,2024-11-04,4.69,active,c542a9c2bd597676784efb34d0ba42a2,8eb52ca7e60ac35ded1c11f9091b4be6
DRV-00284,Saud Al Shammari,JED,"Mar 26, 2022",4.69,inactive,4d3d6b96af4bd91b3349a1306d39a33b,80f80f512e1b0944371896a6b35c7ca8
DRV-00285,Mishal Al Saeed,RUH,01/12/2022,4.81,active,74ba415bf074c8365e688bd0d23761b1,a694ab8d6ff23a74cdaf77a8c7229765
DRV-00286,Anas Al Shehri,RUH,"Jun 18, 2024",5.0,active,9dded1eaf443e7140b52ef6e986b34b3,ca5aa0a53fb83c3b115cdf913f4ebaf9
DRV-00287,Aisha Al Khalidi,RUH,08/08/2020,4.93,active,f1802c3a0f399fad79e33ca1d6c4ae72,076b7ff455b0f0ad13869e0635f9af9e
DRV-00288,Rahul Al Shammari,RUH,14/10/2023,4.8,active,242c1831cc16a8b3084416e90f3f45db,15e4a8cc39324146583ff065401fa1f2
DRV-00289,Sultan Al Rashidi,DMM,2024-08-12,4.94,active,c67d3f29621742afddaa8e90d96d0f00,1574fa9910875b632ba9f8277e53358e
DRV-00290,Faisal Iqbal,JED,2024-01-24,5.0,active,1774c236bf0233d9484ac3ca5499282c,6b412cfac3246a07818d897ab3a2276d
DRV-00291,Rakan Al Mutairi,RUH,2022-03-23,4.86,active,d70475a0d4b64b123f3d73443d20e554,ecd53eba93a73d73b909d00de6b79c29
DRV-00292,Ibrahim Al Faifi,JED,23/02/2021,4.84,active,ad2031b13b36903f2038968f1669d39a,a9861cc224ee57669397646074238728
DRV-00293,Hessa Rahman,RUH,2024-01-04,5.0,active,c7c7197031567af67b07146c5542c26f,e1ab1190c34629e4f051b5acdad0efac
DRV-00294,Jawaher Al Harbi,RUH,30/01/2021,4.89,active,3fdb6cbe4157fa4b697cd726ed1e2a43,1bbc6caf6fa70d26bbcebdbc4ddac4a4
DRV-00295,Saud Al Turki,JED,12/12/2024,4.34,active,eb73483974219934794420db53a3eccc,39cfe192fb97589e2028120c0abe9606
DRV-00296,Fatimah Al Ghamdi,RUH,2025-08-06,4.56,active,2897b98895290e1e779b6205208b6f0b,076a87abbbffa624335aa75e6c3b1248
DRV-00297,Zaid Al Suwailem,RUH,2023-08-12,4.6,active,0d2ad74d58a7a22ecb779fd98e7ed87a,e639f6cc561ba5ee62c740d21f30c2fd
DRV-00298,Mansour Al Saeed,RUH,17/04/2020,5.0,active,715a330332552d997c476b8b3d5ff99f,29c4caa618cb513e4ba77eaf7bd29cea
DRV-00299,Amal Al Shehri,RUH,2020-07-10,4.51,active,957f07058627df4fb9ced3f5a7c10ce8,da2916a1eb95bfad308158c79e67202e
DRV-00300,Salman Al Mutairi,JED,2023-09-04,4.63,active,41bdfa57badaf9fa1bcc92a7e9e7b80e,cbfba807269bacad7fee1aa87172285a
DRV-00301,Hassan Al Juhani,JED,2024-04-01,4.5,active,fe2f75b5d44f4f96b20108e596cc6989,9c20a981afb8583d6f2673a3d4c5655a
DRV-00302,Majed Iqbal,RUH,2025-12-20,5.0,active,14af8894f2a29ef2d26df48d88f19bc9,52caa9c1734ccba8bc80f0a6e25bf19d
DRV-00303,Turki Al Suwailem,DMM,"Nov 13, 2023",4.28,active,d262240be5b018f09c7d9b7e7cb0ab48,e7092945b4ea2aea339f999e2cef3e4f
DRV-00304,Tariq Al Rajhi,DMM,2023-05-14,4.55,active,9287bf066d50fb097da63954b1d829ad,498fc4baf1edf79f90e5259f71b07411
DRV-00305,Samir Al Khalidi,JED,2022-01-08,4.65,active,1da388c9524dd1c4f2f4323fbbd2c519,d7f122ffa7e12aba5d275ee06beaaf73
DRV-00306,Imran Al Subaie,JED,2022-05-26,4.61,active,2c2e8f7009e4cc6900f8a9eee65077e2,ff5129e05c130f4bb4806bafda52d3fc
DRV-00307,Sultan Al Shammari,RUH,2021-06-09,4.8,active,b81a0e333893c84af9e6cbeba3fe8260,86d756be91fcadab773d2715ca36c244
DRV-00308,Aisha Al Hamdan,JED,2024-12-11,4.87,active,30646eaed1afd4190454f12cf56b12a9,c7c9e0d2c8d04556d0ad89e2a4b77de1
DRV-00309,Sara Al Suwailem,RUH,07/06/2025,4.84,active,b40d3bd6876b632cd53519c7f3132feb,b5c367a3728a6825c971dd73ccdfe47d
DRV-00310,Rayan Al Rajhi,RUH,"Sep 18, 2021",4.68,inactive,7b62901b57fca9bb254caba280ee9bbd,6b076a0bd3e18e7f2d5a7ffdb2ab8cbf
DRV-00311,Omar Al Yami,RUH,06/07/2025,4.45,active,7d1359032b9d3f7632482a86eeff6677,339bf6fa1ea919770a86bf12b10a5b54
DRV-00312,Hessa Al Anazi,RUH,2024-06-07,4.81,inactive,e758c704208674ffd55b914698c6e84c,e60a9046f1fd3bf6f1de55cbecd0137a
DRV-00313,Adel Al Yami,JED,2020-11-12,4.66,active,67f014c951a77fe6cf3563e9f354a273,e1be79941b7b8bc1106da5fea21b6033
DRV-00314,Fahad Al Turki,RUH,2021-01-02,4.6,inactive,02ec97a58d62a08b50b748a2813275f2,786a5637d59b8ef7e3c2b3a59afbc34d
DRV-00315,Sara Al Anazi,DMM,2025-05-27,4.79,active,0e5e97cb9a6182848812328408563b5c,7f97fa01786bd117c1fb15815554ae89
DRV-00316,Majed Al Qahtani,JED,2025-03-14,4.72,active,642dac80c4539c57c70029aec018cfac,a98fac88a70a1242cc07d4fc30911407
DRV-00317,Mansour Al Harbi,JED,2023-07-13,4.88,active,16c304ab7de831feb9a6b15008565e3a,7e63cb13c80f634f20ff19c35d736897
DRV-00318,Kareem Al Moqbel,JED,2024-12-02,5.0,active,b45950e99acd4f5d9493e610d8e1042c,21052db448200868f2d67d0a4b54df47
DRV-00319,Bandar Al Nasser,JED,20/06/2021,4.72,active,59c99bc1080e6c5d81eb15de41a6596d,1a84a3afff006c277d11fa244f72c83a
DRV-00320,Adel Al Khalidi,JED,2024-01-30,4.6,active,5ebab878099566935b8a147bb0611084,9b3e0d8d3f46920cbf5720f15e18732e
DRV-00321,Lama Al Balawi,DMM,2021-05-15,4.51,active,02928a7e2869933e3e05ea8d48e93dd0,3b0328610ae621527b80fe1263af0056
DRV-00322,Kareem Al Otaibi,RUH,2022-07-10,4.85,active,5dd01556a32d170935be37ba237995d6,ccb3633ff2c36e7cf69859f87bf63c76
DRV-00323,Ibrahim Al Juhani,RUH,09/01/2023,4.8,active,1b2fc370453bdb849a7a86ae27f3499e,53aeee91ca2a67a4d5e64cffe195fe19
DRV-00324,Ahmed Al Rajhi,JED,04/10/2024,4.99,active,4daa0ac9933692ae8ff458f62348fa4e,b9f78494fa30f1cce635806f950e014f
DRV-00325,Saud Al Mutairi,JED,2025-03-02,4.7,active,b7ba3edf3a02c88dc4a174ba74e08248,efee9ff91ead035bd27dbfcf04a5dca4
DRV-00326,Anas Al Saeed,JED,10/02/2025,5.0,active,93251f2a84b0395f0c17cca2a91e7b4a,4126118a108a857c809f7143de2bed43
DRV-00327,Yousef Al Balawi,RUH,"May 11, 2024",4.71,active,fb94a77292da41bdef9a97890091b4cf,10aaeba85d46dad5e6ddd6187898276a
DRV-00328,Munira Al Shammari,RUH,2022-11-08,4.96,active,0aca12b88d78d02e7a0972d310ce04b2,b7861c0b37206dff06e8298cdf2e212a
DRV-00329,Abdullah Siddiqui,RUH,23/04/2026,4.63,inactive,ad925de3badf43079b8501354318cd6f,b4646aacc6cbad1c0b1b0bede847583c
DRV-00330,Rakan Al Qahtani,JED,30/08/2022,5.0,active,f36460d81540fd51b88b116fffb88d92,9119ee8508c731467e8fdb09876d852c
DRV-00331,Adel Al Yami,DMM,2025-05-18,4.93,active,4621e340028eaa450c851ea0b7791a63,e0248ff2f2aa9b8129d676b11f9ca32e
DRV-00332,Ibrahim Al Mutairi,RUH,12/06/2021,4.78,active,958b7fe5faa2a7e6d1ff3ab2d1bf2d61,714a45afc42d70028825d489e294302f
DRV-00333,Rahul Al Mutairi,DMM,2025-09-25,4.81,active,80b25dcb49464ef8a39c32b9f06102cc,b26cf48e608459e75494f0eda900a236
DRV-00334,Imran Al Amri,JED,30/11/2023,4.5,active,14ecbc0a0bae306305a08ea506ff0957,e9b5d95bbea6ff6e8b4e0ec78fffaa05
DRV-00335,Mohammed Al Nasser,RUH,2022-04-09,4.96,active,e4806a5b566efcb001de19cbafe0557f,7f95c90b59b895793537691fa609e0f9
DRV-00336,Sara Al Qahtani,RUH,27/07/2020,4.37,active,61d1a3fbd60332a75303db5ca8f310aa,8dea0a1bce807509f92a3f304795da81
DRV-00337,Jawaher Al Malki,RUH,10/09/2023,4.49,active,7e48b02f59980de53b014c18e7bdd868,ca5e4827c7c31357f514e8178e753a8d
DRV-00338,Khalid Al Hamdan,RUH,2023-08-08,4.86,active,c23c636fc0cf88e17e6d30393e354cfe,9ca348faa6564abd72b0dd13ead79321
DRV-00339,Rakan Al Bishi,RUH,15/10/2020,4.86,inactive,5b1b9bc6d567f4023ebc7b13849c2b58,89a52582ef4a16eb253f2217ecfeaab9
DRV-00340,Hassan Al Malki,JED,2021-09-28,4.79,active,0f3d511093402e2755e719c9a6c522b5,7febb25ad5655d2ffd98b0d96128665b
DRV-00341,Sultan Siddiqui,JED,2023-09-16,5.0,active,2479258afaff665939c2407ae82918eb,87f8efc37021e58b2e894fc0a8ff3342
DRV-00342,Mohammed Al Malki,DMM,"Apr 18, 2024",4.52,active,072788e43da858584855eea1d2327592,c422969b9e767cd1cff78e758fcac28b
DRV-00343,Rayan Al Qahtani,DMM,2025-12-07,4.52,active,9136aec96f148cf9baa7a5ec2621058e,e1d985eb35735781d32032d16707e9da
DRV-00344,Noura Al Suwailem,DMM,02/11/2021,4.99,active,991677b90f2681a074a888f39e62e096,96f256310bce1a4b53aae8ad7f337126
DRV-00345,Hessa Al Anazi,JED,2025-10-16,4.75,active,70982baf5d7dd7b4259c245ecec491cc,d08f52a783a7b67482454f6ceff4d3a2
DRV-00346,Naif Al Khalidi,RUH,13/02/2025,4.69,active,ffee5c29d311f38566890cb1f1f44785,41417a7d66cff2faa898f90c712e239e
DRV-00347,Ziyad Al Subaie,RUH,18/11/2024,4.65,active,5e472f694706c61d4f11f8ecd5f20c1d,6f24b9ac06d272edfc31ce1e62fcff6c
DRV-00348,Musaed Al Khalidi,JED,2020-11-16,4.65,active,12729371d06de365cacd1622f8712c49,d35b2d7764cf1ff1d09c9d040ec800dd
DRV-00349,Munira Al Nasser,JED,27/06/2022,4.76,active,f4921748438bae0d08553df3303a77ab,43460f15757635f1eadae742e5cfdca5
DRV-00350,Mansour Chowdhury,DMM,2024-01-16,4.96,active,65eb99514c840552219d7aff68643a9f,f2afebba88625272e7f8b3b1f541eaa3
DRV-00351,Naif Al Ghamdi,JED,2023-06-15,4.81,active,602700a4e66ecc5ff6cf00754839a591,402918afea4f9a92f51d097defff4c26
DRV-00352,Abdullah Al Turki,RUH,"Mar 06, 2024",4.91,active,b0a537349fcd1c577cd8a4ffbcd1cdc5,2907adc72abfbd44998d8deeea17c65d
DRV-00353,Fahad Al Khalidi,RUH,2023-12-23,4.3,active,4fc27df9819740b5816e00bb15545dbc,38f605b5fd6f6bc8ddca575be7afd0c6
DRV-00354,Noura Al Shehri,RUH,2025-10-24,4.91,active,00ada7a5eff5e27bfac324f190f0c3a2,cb146546e51d9c890e7724696c8eddde
DRV-00355,Kareem Al Balawi,JED,09/11/2025,5.0,active,a31339505b2b472961c561cdd4bc3be6,3e9aec4c9be9c7c77a4d05d39dd6da97
DRV-00356,Fatimah Chowdhury,RUH,"May 25, 2019",4.89,active,d844710a4e26e7bdef7dca9895c70572,28657b99307a78f5260552474aa38954
DRV-00357,Bandar Al Balawi,RUH,"Jul 13, 2019",4.76,active,aef63b5bd3ff366ac8dba373fe3a4a5e,9384717f1f45f3a0ee662a6f4aaed537
DRV-00358,Nasser Al Ghamdi,RUH,18/04/2023,4.66,active,d7ff48978e3052279cc43379cae05477,8f1ea69e3ff84687380381435cd8b7b2
DRV-00359,Tariq Al Mutairi,RUH,04/01/2023,4.7,suspended,b463a8b4e50b0821a1868e8fbb7a04ef,9d473ada7391fd0e2d3a0fccee08e70e
DRV-00360,Kareem Al Sulami,RUH,30/05/2023,4.9,active,8120bd3191bff6f73a9b84dd6c54fc73,cb3215ff779d30ea91833c4ed82e65cc
DRV-00361,Rana Al Suwailem,DMM,2025-05-30,4.77,active,f9ef8e4ef1f510c39eaf7d23f99513c8,6e663c8cda2aba93646bb562493a5e44
DRV-00362,Rahul Al Moqbel,JED,01/11/2023,4.93,active,6ad2dc433054dc03d091f61de1aa010a,71c68d5917e31154d6d0af92d119a01b
DRV-00363,Haya Al Rajhi,JED,"Aug 30, 2024",4.38,active,dfd9c77364cb11a08f7f1f9c87518a07,27ad76caa56f142dbc726a100f60a8bb
DRV-00364,Rakan Al Suwailem,RUH,2026-05-07,4.71,active,c0d787a8d5e385d348ee2c5a5843bd90,48e2a775b3dc672aa57a903fd48d4661
DRV-00365,Waleed Al Saeed,RUH,2024-08-18,4.88,active,69aad8ae9d22fe4dd253508ce1d81069,a80db9db9c3d051f06a1fa7b2ec1a2ac
DRV-00366,Faisal Al Suwailem,RUH,2022-05-28,4.74,active,2f811318a545e078fe9d524902cd549d,b7ebf8778ea359ac046afb473f4c80f0
DRV-00367,Salman Al Sulami,RUH,2026-01-24,4.57,active,5309a773d41ebbc54ead2bcd015747a8,a1299e415730dfbdd37a8f395f53d2f1
DRV-00368,Sara Iqbal,RUH,2024-07-12,4.89,active,e41dd2a0b73049c977b278777dbcd81b,5fa4d56ef25bf9cc671740e6e7166522
DRV-00369,Naif Al Faifi,JED,2026-01-13,4.2,active,0df9e603a2a0d312dcb6df0dc9f35478,869f6aadbc469089e8dc4a23dfec9d19
DRV-00370,Abdullah Al Hakami,JED,"Jun 11, 2021",4.59,active,32fc24ae12c710fe3018ccc94fa96db1,91cc390f6a4601ac4663b0a7ff720e35
DRV-00371,Rana Al Turki,JED,06/02/2025,4.48,active,94816337b8626610671a0125a1a4cb28,c2e31e1be137d699465d262919331356
DRV-00372,Aisha Al Sulami,JED,2026-03-09,4.62,active,6e75c8046958fa58de67728cb6957bd0,807ebca909bb08881d8350c9590ab18b
DRV-00373,Haya Rahman,RUH,2022-05-07,4.41,active,4d1298856e3ae05fd60b8259d619bd08,71b8d369e2cd1af1c78879d306178aab
DRV-00374,Rahul Hussain,DMM,2023-04-28,5.0,active,1aa9a16697f8caea93f77993807e8e52,42ac3cb7506dde1eec0e2acc129756ee
DRV-00375,Naif Al Hamdan,RUH,2021-12-16,4.99,active,a5b9e5836bb64c48e4c04432f27355a8,6d7ecfa0cf3747064545027443486980
DRV-00376,Mishal Al Hakami,RUH,"Feb 08, 2023",4.64,active,080a3ed8ef5bf41ae7bc5958eac372b4,d8af900e32fb8e3767df37a2392738bc
DRV-00377,Imran Al Anazi,DMM,"Aug 18, 2021",4.51,active,7c7eb0d3b4e3bacd5df83fc9989586e5,775eff9a523e11c2d56e8c7384ae5719
DRV-00378,Fatimah Al Amri,RUH,2020-12-31,4.9,active,8acc43e39cc3250dabda5094db686e04,537e72ccedb985e371cc75076b7f44a2
DRV-00379,Hamad Al Subaie,RUH,18/12/2022,4.83,active,a41a84083b76bfb5e2cdf2a8a08e7e54,a1816d891d87026eab28374ecef2abe2
DRV-00380,Badr Al Amri,JED,2024-05-31,5.0,active,824c963b21e912570c4f760a1058ecca,08b323549339cd4747ee8f9a98bba536
DRV-00381,Majed Al Juhani,JED,20/05/2024,4.6,active,e55ee7a3b2abcbd2bc6140a2a98cc42f,3e35157c0eaa79675bbdf98caeaedb8a
DRV-00382,Zaid Al Harbi,RUH,2025-07-24,4.39,active,5fa43fc9d7e2a9686aebcac2b4e68e23,76b81c5cf995b48d04cf4ca1c8a80637
DRV-00383,Tariq Al Yami,RUH,2026-04-05,5.0,active,5d115da295291640e559a7aa7f3836c9,972b7aa281d3448dd473f3973ac71839
DRV-00384,Bilal Al Harbi,RUH,01/10/2024,4.23,active,a5d7b9320b13a3fffaadc80a902e1945,810a490e3a8b78bdd86e8635ba8d43a3
DRV-00385,Rakan Al Yami,JED,2025-03-14,4.89,active,d4bb0a7ebd4e58ebf708b8c23e07a46d,1ebb08fa448a6bee9c4dcc0aecc38270
DRV-00386,Layla Al Suwailem,JED,2022-07-13,4.89,active,0c60e135ff72c2d7534e6db789f72822,5d50a5ec4991ee645a84edfb9d7a70a8
DRV-00387,Rahul Al Hakami,DMM,2022-08-13,4.68,active,e29a3faad46ff260b4bde70688a54ef4,65485dd950072d3604e602a391745e57
DRV-00388,Ibrahim Al Hamdan,RUH,2026-03-15,4.78,active,7d543882b44348d4a4332ab36b6dd020,28ba38f8b5655e242ce80663c236f407
DRV-00389,Munira Al Yami,JED,2019-12-25,4.62,active,c651b22f032b80e478526e0a0db44159,ef2aa97207b387b4a7218cbd416be5f5
DRV-00390,Kareem Al Anazi,DMM,2022-12-30,5.0,active,bc3055d996e9f0bd97094e0251b56692,6035dc4802f3aa2d44df78ffedf300f9
DRV-00391,Lama Al Anazi,RUH,2019-08-29,4.7,active,c44a930225410603dd947635702ff33a,a8bb690f5fec1929aa0982883aafa149
DRV-00392,Imran Al Malki,DMM,2025-06-09,4.78,active,2aba83cc182e0afe146768619464961e,cdaeb20c8383d60f7f9d513b1f2b8f32
DRV-00393,Usman Al Khalidi,DMM,2025-08-10,4.88,active,af4a8c1335e445e18e4c397394be1b16,09883c17de56488f444db1558768ffc5
DRV-00394,Ibrahim Al Faifi,DMM,03/11/2023,5.0,active,9e432dc67d2524389ca598ca61985f15,dec5ddbebc96a7df9beb5c94fffed760
DRV-00395,Badr Al Otaibi,RUH,2024-10-04,4.98,active,eb63f8f4da40417c63cd6dac40b72e8e,341851df84e2daefade5c0cd2c39de34
DRV-00396,Hassan Al Malki,RUH,2022-07-13,4.4,active,e105d7411532362d492d851e0eacc136,e19ce6b7a9bbb70a5b995e1182992931
DRV-00397,Nabil Al Dossari,RUH,"May 10, 2025",4.57,active,243df20c5bd59d0ca251fcb003201759,1df3cfecbbd1cdad2969a949786ee0dd
DRV-00398,Mohammed Al Qahtani,JED,2020-06-09,4.47,active,a74e6aaaa68877e9f31ab3a68a829df5,5aab4f4b2eedbba7018c100440908d6e
DRV-00399,Maha Rahman,JED,"Mar 02, 2025",4.59,active,11a841efd279fd901cf8acbd5ed6fb76,883a69b5887465c4b24386c1c808e944
DRV-00400,Ziyad Al Moqbel,DMM,26/09/2021,5.0,active,d4b6acc982a95d738bf096b9f9076192,69869f2d238739d90cafefb78650790c
DRV-00401,Turki Al Amri,RUH,2025-08-22,5.0,active,ac6e6a4e184e650f6e43fe15dccc00b2,99faf96f77361b5f5603d60907a105e3
DRV-00402,Mansour Al Dossari,JED,2026-05-17,4.88,active,0bda9f31857e6d3d544240471c8219a2,4b5940ea01379b747689337d3d019044
DRV-00403,Saud Al Balawi,DMM,2023-12-23,4.68,active,999a1f4e7ebb49ffdd152a63e22f3836,681e8608e6be5742b13028dcea2993b1
DRV-00404,Rayan Al Anazi,RUH,2025-07-27,4.74,active,0540f4ebf90535ca57768668844dc589,c07ce7df6714f603e81233f1d9483ca2
DRV-00405,Usman Al Nasser,RUH,"Apr 27, 2024",4.94,active,82dfb51ec305f4428030156cb3571516,ffe8aea66fbdc1fc5cebd73f9c6a379a
DRV-00406,Nabil Al Otaibi,RUH,2024-03-09,4.94,active,1d678a5369074bd823e37121cde90627,abc4ba83444e0a14d2b4dc3359f43766
DRV-00407,Musaed Al Faifi,RUH,2020-08-07,4.83,active,644e2941d91e3a326aac59ab11c986e9,9f80dd6994e1b87bb44e7ef5ec673faf
DRV-00408,Faisal Al Turki,RUH,2024-10-12,4.6,active,499744be018406c70d856c5aab41c855,86da3585477b36f1d65db0640f638379
DRV-00409,Ahmed Al Subaie,RUH,2023-02-24,4.75,active,bbb11510893ad8c58cd5907ebcfa337b,26eb43081ce398b6c4b0c70da1ae41fd
DRV-00410,Musaed Al Amri,RUH,2023-09-16,5.0,inactive,884de9cdfa28c38da55c33afc2d154be,2ec986f95d33dd317cf77b3603fe2b32
DRV-00411,Salman Farooq,RUH,2024-03-01,4.64,active,060dbe06ddbb11ab74c5792627364410,8c32f24fd00e1949dde862ebddb1b493
DRV-00412,Fahad Al Anazi,RUH,2025-03-06,4.58,active,c900f03908bb117b1feaca8dd3db5cd2,36bb837c91eea77591c6dbc9adb2ae3b
DRV-00413,Tariq Al Dossari,JED,2024-01-14,4.55,active,cf7e3765a6ab3a3aac31b927f9a4ded9,70e9af9acfaa8f5317055218885b8156
DRV-00414,Turki Al Sulami,RUH,2026-02-04,4.53,active,632fdba03c0ec107f7f87d7d43972a67,1a45ad0735ac9f9d8aa3449a5f084b68
DRV-00415,Saleh Al Zahrani,JED,19/08/2025,4.66,inactive,989ab26d98d6b1f1b3e3af5edd7bda13,cf53d07160a86a11332ee949ecc4b942
DRV-00416,Rayan Al Qahtani,DMM,2026-02-04,5.0,active,8963d015700ab96f9fd221356083535d,294ed0e6019391c890c7ceade15653b9
DRV-00417,Faisal Al Dossari,JED,2025-04-03,4.68,active,32ccb2f9bb13cc5c679d885002314dc4,a6a8de37755d75fd3006f6f59e9527cc
DRV-00418,Sultan Al Bishi,RUH,2024-07-11,4.42,inactive,31a32618e157adec5ed6d45f2b7dbcec,8d772a071faa53adbba504b69b967280
DRV-00419,Nasser Al Qahtani,RUH,2026-01-07,4.67,active,f2145f5f726cb98875bb48e652090d30,c847acab95f7c3500e58dc93e1173926
DRV-00420,Lama Farooq,DMM,"May 27, 2021",4.51,active,066cb1650357554c353701f7d9640f94,fa413d1c64a1c8f448b478b74590c6df
DRV-00421,Turki Hussain,JED,"Sep 08, 2024",4.79,active,06b7d96e084a256e74103a350cfa430c,1892cb2d82a28b106e0000e66f6b0076
DRV-00422,Nasser Farooq,RUH,"Aug 02, 2025",5.0,active,bc7bd859e5ffea6d8e704d916a3b4870,855466987e4416529c1412bc1fe5ed25
DRV-00423,Yousef Farooq,RUH,2021-05-07,4.41,active,d4280c831da3977882ff27011485dedc,9e4c8fb865b098b4a102f7b6c9d02405
DRV-00424,Rayan Al Moqbel,RUH,2024-08-07,5.0,active,746e0ff7336800e86e95fdd3f4e8b649,b2d83272eede7ad7004dd2954ecc82cc
DRV-00425,Hamad Al Juhani,DMM,2026-03-30,4.46,active,5f45b7bbbc25ccb9854d313036ff7225,78d829221d08a52a7397002b0f3e0bdc
DRV-00426,Tariq Al Saeed,RUH,2022-10-28,4.59,active,d82c3fe7c86f019f41a0cd00018aa8bc,86109676b4f2e8aaafde74ed9f3dd878
DRV-00427,Fatimah Al Faifi,JED,24/09/2025,4.66,active,75f60b0fff040af5b6429c4815362c6b,aabaca55e6be33af7132d29859266249
DRV-00428,Aisha Al Harbi,RUH,2025-07-06,4.9,active,8b4b72fbec468c6277c12bf56d199631,1a01c4eb359678fc55b9f9d77b69c299
DRV-00429,Amal Hussain,RUH,"Feb 24, 2024",4.78,active,64d03170efb8e1afe05558740648e235,ba3a086ad4e8b31a44cebf2deecf626a
DRV-00430,Kareem Al Balawi,RUH,2022-01-28,4.62,active,fc0f8a1ff5d3c80cb88eafc4d4a0c1e7,aa461b392b38a71c8f002b10f12b1b7e
DRV-00431,Munira Al Juhani,RUH,2026-03-21,4.99,active,538c743012e80eef07e8bd2f561cac3d,f941e69d0ac3b4cf5b7fdf90b40ef260
DRV-00432,Hussein Al Hamdan,DMM,"Nov 06, 2024",4.56,active,2ba39dd8eafb66e08b3cfe7a2cc33bad,f69932716779418472c1e6fc63024253
DRV-00433,Omar Al Zahrani,DMM,2023-07-15,4.62,active,f9b36b055e2a2b5f8e7d9ca4874b4b46,3531c22cf25e5f0be29f8f5c2d6ee4c2
DRV-00434,Ziyad Al Rajhi,DMM,2024-12-01,4.89,active,adeb45ea1866692a2f2cd5648965925d,4fc8a68a9f968dd2e9094cd40682ad7c
DRV-00435,Jawaher Al Rajhi,RUH,2025-03-16,4.73,active,a96db93eccc863ca165636c72e084642,7df21be0a4d15963ad523fabd79a2cb0
DRV-00436,Samir Al Balawi,JED,2024-02-06,4.51,active,abde5051eaadb1d14dbb669988e8ef9f,95d58aec325e02278bb0c86ac76ba78f
DRV-00437,Usman Al Yami,JED,"Jan 26, 2020",4.44,active,19bb98c8b1ab35cee3963dca9e5370b4,811fde4460b583e6aa6ab2e90d8b4446
DRV-00438,Hussein Siddiqui,DMM,2019-11-13,4.65,active,15a0ac13b444a07024fb019522f73b51,fb34949469df81441c23283019528c2d
DRV-00439,Sultan Al Sulami,RUH,2022-04-02,4.74,active,a5b97947922acbc084f4007685dac998,25bb58553dcaabe7b806c00a36a36922
DRV-00440,Fahad Farooq,RUH,2020-11-09,4.49,active,96cf3b0d80501ecacd053999afc8bcb0,c2ff16a85e0f63afc64822f6c0555c60
DRV-00441,Sara Al Rashidi,JED,15/08/2023,4.92,active,fa0a260988097012d2ca96c680c4ff9d,8e2135c83f1350dc42ed87979e7405c7
DRV-00442,Rayan Al Juhani,RUH,2024-02-16,4.56,active,42974be66a75c5343beabf3a6be5f267,c23d5ca5ebbb0c04214dd5ab64d0d505
DRV-00443,Khalid Al Khalidi,RUH,2024-02-01,4.95,active,110dfac0afb365a64b158c5378cf0ba5,8f119d0545c2b99cf0e4ea58aad5a5b0
DRV-00444,Saleh Al Anazi,DMM,2022-08-27,4.78,active,9d43e444be70024e75c3ec94a1c09dfd,818033821683166fe030319832c90927
DRV-00445,Mansour Chowdhury,RUH,"Sep 28, 2024",4.88,active,b709f097d120ab09856cf3fb6de4cb48,d63f21a5ac8eeb08746bfc652c010309
DRV-00446,Salman Al Harbi,RUH,16/06/2023,4.71,active,b1215e53f78bfbff96b3d6c2dd7fc5d8,7f21596871188b2d5d6812a4326cbc4f
DRV-00447,Rayan Farooq,DMM,2023-12-17,4.86,active,6b8690be40bc285930b58ea7c450dd96,393f402d4f026126abcd0b85fde905cc
DRV-00448,Rakan Al Otaibi,RUH,"Jul 21, 2024",4.8,active,cea2ac92429a05aaabd27e5022d332a2,078c2259f13d53e92f173afe94b05420
DRV-00449,Waleed Hussain,DMM,2024-10-11,5.0,active,546cc653a5eb3f25ab7a320423340a92,6f5f450a04290315467115f151aa544d
DRV-00450,Hussein Al Malki,DMM,2024-08-03,4.52,active,d35784ad2c3cf17b981b2e688d2503c0,d08cd39eaa6be62eb7161b3a350ce149
DRV-00451,Fahad Rahman,DMM,12/04/2026,4.64,active,d7c6a2f99c5a0702c554bf56c7905240,ab02f4d6967de78a6f2b3f1d7da861b2
DRV-00452,Omar Al Shehri,JED,07/12/2024,5.0,active,2c6ea2f46277b99378186a34e2351395,65f3ca72b36ef022ba1aabe90df5721c
DRV-00453,Ibrahim Al Faifi,RUH,26/03/2020,4.45,active,6de3d65c2fb298353e2c717ee8c90da6,cbcb9e8e1ba580c37bba33c79b77cdc1
DRV-00454,Aisha Al Harbi,JED,2020-02-24,4.51,active,6a209e4b694115756cc6deb901392cda,01887fd01b2235331fdc6360c4818118
DRV-00455,Ahmed Al Saeed,RUH,"Apr 25, 2023",4.89,active,504f46dd62ff519e4b7586c10adc9b70,40ea07dfbea84f7696b47b3401933984
DRV-00456,Maha Rahman,JED,2021-07-07,4.57,active,3d4cc45b479d63821e32c4535e34781c,fa1c901f71cf38ca12d210966ed96d54
DRV-00457,Kareem Hussain,JED,05/11/2020,4.49,active,c1cbefca76c02136a18c0d0914fd9d03,b4457a740a1cfdf8e70ca5ffdfd37511
DRV-00458,Samir Al Ghamdi,DMM,2025-06-09,4.81,active,5aa4cc1c3777f3437709bd79c842415d,e2d4862a5e7d4e816063dcf4a5dfd080
DRV-00459,Saud Al Nasser,RUH,05/08/2024,5.0,inactive,6c5b93aa36f78149b508f25669acbcf7,ddc60f6b22494bc0ed6a52b097507477
DRV-00460,Badr Farooq,RUH,2022-07-27,4.18,active,ea9816cb51348e8db69236ca6013e84f,9d8996e5b2a6d064e9598764e3823a4f
DRV-00461,Kareem Al Bishi,RUH,2024-09-03,4.88,active,c00fc8ab31ad482436c5311876f4469f,16e50c692c5737506e2f89ebeeeb9180
DRV-00462,Hessa Al Khalidi,DMM,10/06/2021,4.78,active,b1eecfe993918a9193b3868962ee216a,54d36f179e0ba5c40b950694ea65a81f
DRV-00463,Maha Al Qahtani,JED,2023-06-18,4.89,active,086264051dcd776e426bc52f7103051e,8e400ba0b1e766a1482af7afc9b82f67
DRV-00464,Rana Chowdhury,RUH,"Sep 19, 2025",4.59,active,72a4e4667fde8592d943276c4532b73f,9b2fe4e7316c8fe3da0d10c1ae26b4f1
DRV-00465,Adel Al Otaibi,RUH,2023-10-30,4.8,active,8cae399e095b4e53a7b95540639a7b86,08c10906a2488fd11552be6f4b5c1271
DRV-00466,Kareem Al Nasser,RUH,2021-12-19,5.0,active,3ed8698f3565f72134f7bdaecd016b2d,2b679c14c83c5701a9978e0b63632fa8
DRV-00467,Majed Al Hamdan,JED,2025-02-23,4.74,active,9f8f604fa41f5ce98d715b712ede4636,4d098176f54fb31716a1e50a85efc839
DRV-00468,Mishal Al Rajhi,JED,2020-12-25,4.74,active,7bd4cf272e997bcd3ee4f6a2c57efade,57cdc98f40f100f0e19fae482b4ce16a
DRV-00469,Mansour Al Anazi,JED,2021-05-19,4.69,active,90af58ca9f8f8c56308e19eec8843f9a,8590173338416225be51bec0b9923176
DRV-00470,Jawaher Al Zahrani,RUH,17/08/2025,4.8,active,77bafe147771ce18d7cced6c0255bef1,0845853adff67091e80307166250ba5c
DRV-00471,Mishal Al Rashidi,RUH,2020-12-12,4.66,active,062e1ce245397d213b7d56b785afecbe,8df8ed02652bcce66b63f07d64d77b29
DRV-00472,Ibrahim Al Yami,RUH,2020-04-24,5.0,active,d71ca83077ff453e4aabc6021e57f69f,bfce1901617c3bc52d8a62ba9eb7a7af
DRV-00473,Ziyad Al Harbi,JED,2022-05-05,5.0,active,313107c29af6564b6f0e839bdf9ab727,17675c85da3e3b2ea5550e91d4492f88
DRV-00474,Hussein Rahman,RUH,2022-03-17,4.5,active,c25beb47e9f9a429b41368cf676bf117,d9646805392f2bc6394e8562a8bc54de
DRV-00475,Amal Al Turki,RUH,02/10/2024,4.55,inactive,45ca21f4097918cb965c5bcd58ee4826,10cc7f5c96978e3d3ce7bdcbea23f4e1
DRV-00476,Turki Al Suwailem,RUH,13/08/2025,5.0,active,abbe2e391557a7a992d56ef12ff6dda0,20efee92f0de658f71213f46b29ba0ba
DRV-00477,Fatimah Siddiqui,DMM,2023-06-20,4.37,inactive,5ee6cc123a3a8a53cb55831c66262294,6b9a947e42447c8a7469e65c174fb737
DRV-00478,Saud Al Suwailem,JED,2022-05-25,4.96,active,ed30d4bf41c9754ae5b1f043f6661873,a098fdcd8767e2c1cff7817741dacea0
DRV-00479,Nasser Al Rajhi,RUH,2023-10-29,4.93,active,10c21afa5ebc94311ea34cfdcecfa0b0,bf6df44448bcab16a8e3e0937d22515b
DRV-00480,Hassan Al Zahrani,RUH,2023-05-30,4.58,active,76ba3c0cb24517886a4f0193e5723bd0,f80aa44c5dab1a4bf6ab6fa5c97abd5a
DRV-00481,Mishal Al Otaibi,JED,2020-06-30,5.0,active,c850e7fa4c0faed179a29d698d361668,db5b00be55f27d3272a895fa2f01a10d
DRV-00482,Imran Al Amri,RUH,04/04/2026,4.91,active,cfc8217685c521dfae2356ef4433e16a,dab1b803b968646ec2731fd3bf18cddc
DRV-00483,Rahul Farooq,JED,2023-08-21,5.0,active,10221c2066c0ddebc2b45d6147522322,7a703fd49859443af7cc701c28cfd11a
DRV-00484,Mansour Al Sulami,RUH,2024-02-04,4.73,active,3ddcf85c3e630d82ee6d33fa9dd93d76,738181944794efd4ca6a174f48e13ad8
DRV-00485,Samir Al Harbi,DMM,15/11/2025,4.7,inactive,e77179a0c6c11ca0df240fe52b4efbbc,942517b62e4537baa98e9c25f2e1da04
DRV-00486,Rana Iqbal,JED,2023-05-14,4.36,active,37558f24e3defd5fda6042fe6cf40451,2bf095cb36f3792092fdde59018e7565
DRV-00487,Hussein Al Yami,DMM,2022-03-09,4.62,active,dfe058b01a59df4f5e1f8c8994be5b3a,86bd5d7541eb55c4269090ddcb8f7743
DRV-00488,Noura Al Suwailem,RUH,2025-11-30,5.0,active,9cb6051094cf64c7993d17cecfe51087,eeb9f085c5802e78aa9bc406eee6d4f8
DRV-00489,Aisha Al Otaibi,JED,2021-01-09,4.93,active,cc482f18586bfee0656d4a0cc1c3931f,2c2c0d16aaf80e21d45cad640c41a128
DRV-00490,Saleh Al Sulami,DMM,13/05/2026,4.95,active,091ef17a7375defe66aa4064caf89536,56df51245b4dce8caec9aedf7bde0bf1
DRV-00491,Hessa Al Nasser,RUH,03/09/2024,4.51,active,e5b3c34b5dbd41831150ea442e66f2c5,ec4c2014d34a90a8a54be457d0177152
DRV-00492,Rakan Al Hamdan,RUH,2024-01-28,4.63,active,8dc3d7ef294e0ebf9641fb103d1e2077,7ddf8b9c51d7255a9d5030464677d398
DRV-00493,Hussein Al Sulami,RUH,2025-05-06,4.69,active,4230efd5d645a5c06b93482fe7ff22d2,9ada5dd9a1fe00be4173fc433ef394e8
DRV-00494,Naif Al Nasser,RUH,19/06/2020,4.73,active,249b353d2bc841da220f179e86db13e4,dfbfa43c27aa1783d2bc1bb253158159
DRV-00495,Faisal Al Ghamdi,JED,18/04/2024,4.74,inactive,6db6040427c3548cfe65a3e967d59800,ab35ddf4067f56412fee55e5e8cf7a4d
DRV-00496,Anas Al Ghamdi,DMM,"Jun 13, 2025",5.0,active,515fba722d43353a52f083bedd88282c,16be286736710d35323a442fc27fe6ff
DRV-00497,Anas Rahman,JED,28/04/2026,4.58,active,3862fc70a3889b016da88a335197fa65,ef84e57aae4771934e2f9542cf321157
DRV-00498,Abdullah Al Sulami,JED,03/11/2024,4.89,active,a95f6509a2e2fec741c47b694b36c272,4bd6e4b5d4c3d48fefc62af99a9886a9
DRV-00499,Omar Al Zahrani,RUH,06/09/2025,5.0,active,2e36f23d932c9c07d0863a099f3b81be,fcf69a142b4a436ab45c5fd301296ca7
DRV-00500,Bilal Al Otaibi,RUH,2020-11-12,4.94,active,d7a9636c6f5c1886e8ff3a74722a6247,aa149a6827947ba38864b71b7cc77ac9
DRV-00501,Saud Al Dossari,DMM,2022-07-11,4.9,active,4547855eaf1c396bfeb865f061658359,277d93355e1bebd4fd7e770401f44edf
DRV-00502,Nasser Al Harbi,JED,"Nov 26, 2025",4.44,active,acef3090c7635df8415f9704928754af,17212b80caea285c7da247fdea8ca105
DRV-00503,Mishal Al Yami,JED,"Feb 01, 2024",4.83,active,52bfa048dff8ec60c304e9a41b4fee48,fa0860754b2638b8607e16a9ab58fc24
DRV-00504,Zaid Rahman,JED,2025-06-22,4.83,active,83511bbc7b831b237024dc0fe4484d26,eb5dd841b083417ad3f31da0710d1370
DRV-00505,Yousef Al Faifi,JED,"Apr 02, 2024",4.69,active,83fe72a5bfa7c1b7c58c0ddc611c8176,8bdb109b99af1c318ff61aa9e76f3c82
DRV-00506,Hassan Al Hamdan,JED,2021-07-23,4.69,active,8697dda703800875e230c96a41cbcd84,85104d697f459b128a3d2338b2f035b7
DRV-00507,Lama Al Zahrani,DMM,2022-01-03,4.37,active,135a716ab7f7b7440b8dcdfd7c61d2fd,b7b91fcc66d99136d14b92f54b0a31b7
DRV-00508,Badr Chowdhury,JED,2021-11-12,4.9,active,efebf09bd0ba494db84bd168b1835b7c,80f6a91a1a76051ef1ee572ff2d748e6
DRV-00509,Mansour Al Dossari,RUH,28/03/2020,4.94,suspended,b2af25325433d7a1dd1afd9e6f3f907a,e0d70ffa35566f9734a88309788cb01c
DRV-00510,Ghada Al Anazi,RUH,2025-02-02,4.44,active,93ce135016531ec7569a6b0bd562ba3e,8119d1972ef981f0172c87390975426d
DRV-00511,Fatimah Al Shehri,DMM,20/04/2023,5.0,active,1cbf9d7a62ba129a2447d5cae0ecf579,8752364959fe59c9f8d2759346c27b6f
DRV-00512,Lama Al Harbi,DMM,2024-03-09,4.26,active,dd266854552da4dca2b897258982d6ff,5bb92d2d8c0225e064bfb93c36b32ec5
DRV-00513,Ahmed Al Ghamdi,JED,2023-09-08,4.89,active,4b0554e89a748d2d5ac77516fa743196,de1ab4bd2a43f001e02355c0d0d5f683
DRV-00514,Reem Al Hamdan,RUH,2023-09-01,4.71,active,97fdcede9de3adf9ac67bc763479eb57,406b2488822cef5b39b3aa60d0c59214
DRV-00515,Mishal Rahman,RUH,2023-06-27,5.0,active,a401eb4c2674e9d0ced0dec27d91b017,fa8c7f2706f0d325e1b1aaab558ca0af
DRV-00516,Hassan Al Shehri,RUH,2024-07-20,4.45,active,83a6acf17bf06b4a166afb7ed4257ab6,b8234a4137c5c98b2b9609e7b0d3ae36
DRV-00517,Bandar Al Hakami,RUH,10/06/2024,4.73,active,2071f4d20767ee0a94047a97fa93817d,b4fefeed2bea82edd92f9f445ae2c9cb
DRV-00518,Saleh Rahman,JED,27/07/2020,5.0,active,41ecb59c929c8a2af8b81133f742fa12,73220a7416d45cd1d2658ec288ff32f8
DRV-00519,Imran Al Anazi,RUH,18/02/2025,4.71,active,8e799fa75f7697ee75da197571c795f5,f018c54cd207dcee85163b92c199d48f
DRV-00520,Omar Al Subaie,RUH,2026-03-17,4.6,active,de8276330faead6ea18883ad8ed338f8,79960ac5457871cd33e443fdbecc9b5b
DRV-00521,Fahad Al Moqbel,DMM,2024-01-24,4.97,active,e3121d71b4a246d9c0224661714a6084,27203fdb096b49d5388c632ce2f13699
DRV-00522,Kareem Al Yami,RUH,2025-01-05,4.23,inactive,7e30d2d39d14e1aa02f9a3f46530cb26,308bab2bb653fc0c0400a5d79109ba52
DRV-00523,Turki Al Qahtani,RUH,2022-03-13,4.78,active,a14026b68c180ba3aa853745077658b3,dca1ddf9a28848b5fe2eaedd59e7a8fb
DRV-00524,Naif Al Malki,RUH,2022-04-29,4.81,inactive,0a8600c9e7c0840aa11b6ebed60f1e98,f374c7f421e8206cc08aa09aa87f5bc6
DRV-00525,Bandar Hussain,RUH,2022-10-15,5.0,active,f7bee16111ca0093fec0c04c26bfe6ff,b5d5730d7500a0c15921357585149ad6
DRV-00526,Fatimah Iqbal,RUH,2024-09-10,4.59,active,7ddfd4b37c3c6c0070e7b8d8cc337976,2a6f8a6d73a38c0b8654d289fc2faa8d
DRV-00527,Mansour Siddiqui,DMM,2025-04-26,4.45,active,5c705e507523587f13f8ac0c9f2be244,fc828298a46c4feb2b8eee0acc3bf1c3
DRV-00528,Hussein Al Bishi,RUH,2021-11-11,4.84,active,9f724acfe4c81dded47b392a288babcd,1a6e86cef3f1ce3488da24bfa0b46729
DRV-00529,Kareem Al Qahtani,JED,2025-04-21,5.0,active,3e3d4c40cb1a3f13c1ae55f910046523,79c9c5e1b896b116c425e5c6f3ef704e
DRV-00530,Ghada Al Harbi,RUH,"Oct 11, 2022",4.87,active,e7ea5a311d717254f4977c76383c2b14,206bc7f92c59020cfc2a73b4532e5dfd
DRV-00531,Waleed Al Suwailem,JED,2020-10-23,4.98,active,a656dd1246657c8eea4e054cd1b0d8d4,08c3dfb6fa774aa1a6b0c0a2ea81bbde
DRV-00532,Tariq Al Nasser,RUH,27/02/2026,4.17,active,2959fc8164215f9b9c5aeeed0fadc764,8899c31f97b2099daabae057e0de37cf
DRV-00533,Hussein Al Anazi,DMM,2025-04-10,5.0,active,2bbdad221a1a60843de26637e8410538,1a114e5214716a1176db21f6b2d25176
DRV-00534,Jawaher Chowdhury,RUH,2024-02-19,5.0,active,6c6ee8ac2c841586060d4ce97ec0d0aa,2303ce17197d92f491cad574f01392ea
DRV-00535,Hessa Farooq,RUH,2023-09-27,4.83,active,6794758133739fd8aa1913e71c971fa7,289ddc55bfac783edcb5f6362d5d654f
DRV-00536,Samir Al Balawi,RUH,2022-05-11,4.93,active,9f856a3a0dc2308f4eb833f5f9c00e9a,a50debc5f4bdb3839e67999f41d023ff
DRV-00537,Ghada Al Asiri,RUH,28/06/2023,4.64,active,d7cbff49f6fccccb52c2b14596459ff2,7151f912d8084713a26d86c8c4fe491c
DRV-00538,Naif Siddiqui,RUH,18/06/2020,4.68,active,74736f01c4681f4276c9fc41b66ad895,71e9dc63a425961a4a0b71af697f241a
DRV-00539,Hussein Al Mutairi,RUH,2023-09-22,4.77,active,8c976c94c3dcc46953b93e5eae9151bc,48cffe3894e2c2f4bb77fdaa61406742
DRV-00540,Rahul Al Zahrani,JED,2025-11-02,4.61,active,0d91382b80929c38d58d26d2b90b6ecf,6b8e0905ccfd57d677f7998b0868a91d
DRV-00541,Jawaher Al Dossari,DMM,2023-09-13,5.0,active,e5ac90ac85a9b3ae9c37ccaa1057d218,16c53c30e4d181aa126b9e15e150f1c3
DRV-00542,Amal Chowdhury,DMM,17/02/2025,4.65,active,d79f33fc03cb9d57a4e3049c979e20dd,75ddda3c05b2822d8e410f7b2938f585
DRV-00543,Nabil Al Turki,RUH,07/08/2021,4.55,active,29ecefb3731be648f4504e4702e3efc0,32ed9e1e0e562b393d46c785dd8c1062
DRV-00544,Omar Al Turki,JED,2019-11-06,4.61,active,e02c26246b391cfedc8100e720064d57,50224e2de2a4bdf20776a8189df9a8e1
DRV-00545,Khalid Al Hakami,DMM,2025-10-03,4.36,active,6064d5d50540ddb17130b92d0d32f69d,18080c2ab839fd7f9f2518ee75bcf9a4
DRV-00546,Naif Al Amri,RUH,15/01/2025,4.65,active,7d970f529f3bc5acfc2b87e73fa9fdfa,b10f9bdb70ae0b4c41d30100a2181af4
DRV-00547,Saud Rahman,RUH,2024-07-20,4.67,active,b8157176b9ace250e8f25cc1dd7cfac5,e239bccee9e35bf7aa2420edba7bdb30
DRV-00548,Sara Rahman,RUH,2022-12-07,4.45,active,4aa9f10fc8fae7470baf0cd550e6e580,88141850f5d8b8d5a142942316c25101
DRV-00549,Musaed Al Turki,RUH,23/03/2026,4.8,inactive,1c5441124efed61d920ec3eb77957345,6a0d3ac285da39af4734781a9b237088
DRV-00550,Lama Al Sulami,JED,2022-05-17,4.85,inactive,e91022194155ef00c0159c6ed2e9d71a,98f645dbbd0b1571a6d01536e32db187
DRV-00551,Usman Al Rashidi,RUH,2025-11-29,4.97,active,e7f8924a6eea713aa1e4945cf1bf6073,cc1309b904e1ee11cb32bfc53617a081
DRV-00552,Anas Al Harbi,DMM,2021-05-31,5.0,active,60c30f1fb3fe03ae9a18b59b44d9e441,a5770daf501031a06932c76d4a3e4cba
DRV-00553,Adel Al Amri,JED,2024-01-24,4.38,active,ba8916b19c4dada44018711115cc99cc,0b434d2db3006003bbfda4e3044a10c5
DRV-00554,Reem Al Hakami,RUH,2025-03-06,5.0,active,7d96480999d351d7d4ee0dc1192d7844,e5c2f3b7f4d25d73eb8db7dcc7b1d697
DRV-00555,Tariq Al Balawi,RUH,2021-06-22,4.94,active,9bf6f87eec8066bef165c1f0f0ddb0fd,7327df7e83c02bde40f052f93e803549
DRV-00556,Rayan Al Hamdan,JED,23/01/2023,4.6,active,90c7cd145bc20665a18afcc0cea480d7,eaa9d4200045e6ddb9ff3fe33a8fa2fe
DRV-00557,Amal Al Saeed,DMM,2021-08-30,4.87,active,5114e1f73e6e806915dd37727d847017,938ce7849e66e9baa6096690f3c47084
DRV-00558,Mansour Al Suwailem,JED,"May 01, 2024",4.67,active,4465572a82c24475b719b2116a7d59b5,34b89c6d7565b47631e22c2a1bbbee3c
DRV-00559,Usman Al Malki,RUH,2021-08-11,4.7,active,3ebf4edb9b88e4f4753bba176ad5abda,3fa39f532bc64ce5368eb5c0a21d4da3
DRV-00560,Nabil Al Rashidi,JED,23/10/2024,4.64,active,363fb297ff5f11a3cae6948f51dcc3b1,63ff94f2ec572bfda4a581670a3bbaa0
DRV-00561,Noura Al Bishi,JED,2024-12-07,4.79,active,237445f844fc41d35e09e50f0bf8759d,0a90a33753d6cc355402ae13d7fb48f5
DRV-00562,Noura Siddiqui,JED,21/08/2025,4.71,active,d115f0b016a990f23390bbe8b9ce8057,a106d6f442c8462bbe4104e09ddd45d4
DRV-00563,Ghada Al Juhani,JED,2023-12-23,4.69,active,81c1083973bcb0f82771436a010a4870,009cad53303ab220aa73f0687f8a29f8
DRV-00564,Munira Rahman,JED,05/01/2021,4.92,active,fd9dc236b557dddc75dabfe67942cbc3,7ee0fef228e128bb7936259205c7d7f9
DRV-00565,Bilal Siddiqui,RUH,2020-11-29,5.0,inactive,7fb54c55092a9e5ac21b9f99d84cd870,b7bfb951b5ee0798175aa909ebc98ad6
DRV-00566,Zaid Al Mutairi,JED,2025-05-04,4.83,active,14cecd9f90bac86d080cedc4adb016b9,1d60ab16ed40512051d90e02a71151f8
DRV-00567,Ahmed Siddiqui,DMM,08/04/2024,4.99,active,d6e5e04907a5ceae025237d02bfb371f,7c1f630b49bcb6da5ab73aad61ea73c3
DRV-00568,Hassan Al Moqbel,RUH,"Jul 25, 2025",4.57,active,4730d115555a2a1cb49c9c748aed020e,131c74ea59faedea533b9e3968a27041
DRV-00569,Musaed Chowdhury,RUH,2022-09-22,4.59,active,4f85d7576be613f9c257d8eb17361199,f7b6ae5098c48d2a3339054779a9b6a5
DRV-00570,Amal Farooq,JED,2025-07-08,4.24,active,dcbc9d63b141bb4bbdb7cbaed297d393,536799e9c971e2b779bccc96d8b7beed
DRV-00571,Fahad Al Balawi,RUH,"Jan 08, 2026",4.84,active,b1f7d9e4afea29dbdc21b2a8c992ecc5,5099430bb4b0f22120dd33192d445119
DRV-00572,Hussein Al Moqbel,RUH,"Oct 03, 2021",4.86,active,9a81c47259296ce3cb4aac1a999a2342,300655b97ce9ad1be47aaad208fc4c27
DRV-00573,Tariq Al Juhani,JED,2025-06-25,4.72,active,3fb8c6bfa00a174c6e0fa4c0ec36a8d7,28efb82e3b9a9cc6cd9b72d0c0a4ec8f
DRV-00574,Munira Al Ghamdi,RUH,2021-02-16,4.65,active,87c6d7efbf49664c47517182542203fb,bce7d0a781dd4806ec08e95859014f86
DRV-00575,Lama Al Khalidi,DMM,2023-09-30,4.48,active,fc1290734a612fa3e8124177b6eb4efb,0aa3db70855146ad7f27ea360e2eb2d8
DRV-00576,Faisal Al Mutairi,DMM,2021-02-11,4.74,active,bbc538f44fe6b79aa96e4a7e58f40a1b,82210d55c8d2edd91d772872f357cda9
DRV-00577,Musaed Al Nasser,RUH,2025-04-29,4.96,active,4b2bfb47a862ba29bffe3e5280f10add,ec08307b7a25fe1ab6120d8e297c4179
DRV-00578,Waleed Rahman,RUH,2021-06-24,4.63,active,fd561e297b3bdac0897862af0ff788f4,c4d0742ef1b78837603e6f8c6749b96c
DRV-00579,Haya Al Turki,JED,"Apr 26, 2025",4.86,active,4948ede2ea8394644d3112f264a337ca,332b8a1cfb9e8fffbafd4919cff5fd41
DRV-00580,Hassan Al Subaie,RUH,2021-09-16,4.5,active,f3d954295f54063e0d3475e1315c0cfd,d71e26f5dcc6b62c32abad8c41fc3caf
DRV-00581,Sultan Al Amri,RUH,"Mar 03, 2023",4.52,active,e02a575fdf7a11f0eab80bd266f3558d,eed3a1601f835bb7dba1c8e39f9fc51a
DRV-00582,Lama Al Moqbel,RUH,22/09/2025,4.83,active,bb6759086e3ed2df7167cb23eb090be8,32c790f455b3ceafad5fee41d9d6885c
DRV-00583,Mishal Al Anazi,RUH,2024-02-22,4.69,inactive,088b127e258f5832306f5023803393ff,2b5aaa6bfd189445b38292d3bf08a627
DRV-00584,Majed Al Subaie,RUH,26/07/2025,4.67,inactive,9be02d2cd87d0a10ebec4941e061f404,8cab1323eb9a1de7134770155b879c75
DRV-00585,Munira Al Harbi,JED,14/06/2024,4.63,active,cca7e14131c90e6e656a650477572aed,462f4ac7afc45544adba1462e04dbef0
DRV-00586,Tariq Al Shehri,RUH,2020-04-25,4.89,active,78cf7141d17c921a583400db7961d871,6f68fd0ba8dbbd679fa8455d4d2a6b32
DRV-00587,Mohammed Al Rashidi,JED,08/06/2022,4.58,active,485d6b0d81d9057b0b99efeb931fbae9,51c8ca5bd75a44df098486b108ad87b9
DRV-00588,Waleed Al Bishi,RUH,2019-11-16,4.93,active,89538cd2bdf62809431dd9710bd23830,dba1d1d95ab82da785f2249549dff52b
DRV-00589,Fatimah Al Saeed,RUH,27/08/2022,5.0,active,1254a8cec9394ee1de6efebb1511ef30,b5d897d8c67a80a198670d27add0880b
DRV-00590,Usman Al Asiri,JED,"Dec 19, 2020",4.82,active,0da1111a7a7ec0a987cc976e9986d192,a66d23d3c7c5c9e32f593e158208092b
DRV-00591,Saleh Al Otaibi,JED,28/09/2022,4.67,active,6702aeb0de5c2692c75f766a2632eecc,fa0b01ac594443a48ed353d94d626f84
DRV-00592,Ziyad Al Nasser,RUH,2026-02-12,4.83,active,76b86e83765d88d8767130892d14aea9,a3a39afed8f0356cc25325a0976b0791
DRV-00593,Rana Al Hamdan,RUH,11/05/2025,4.79,active,41582fc3b653da92441116ae4ea60064,e87f0565e2934c60d79c5f326d1e2383
DRV-00594,Rahul Al Suwailem,RUH,2019-06-04,4.85,active,be8a8c3c0d9afb24a00263624b694ccc,0b1bce2e210d404c56aeeb8540ce8e09
DRV-00595,Rayan Al Moqbel,JED,07/12/2025,4.36,active,78d31f035e610fe118da85217b122657,b1cc68a6b3f266aac695b5c5eed7c994
DRV-00596,Layla Al Juhani,RUH,2026-04-09,4.78,inactive,04d0fc6c410c0d5a37387698f99347de,f6f4a61bc9cd1e0bc89be08ce20454c4
DRV-00597,Imran Chowdhury,JED,2025-06-14,4.98,active,56b44ff83d5d921d3a7a210fc159dc46,fc272280579440a00bff09ea73bc0ecc
DRV-00598,Imran Al Faifi,RUH,2025-09-05,4.67,active,62e99203eeba179690fb9a4c83dd25a9,7d31cb08d9b1eef2abfa217be259deea
DRV-00599,Omar Al Shammari,JED,2022-02-01,4.47,active,de6013d2917cc9c0b7301a7d1ebcbee4,4310fc85942793b78ad937bc2e5931f6
DRV-00600,Samir Al Ghamdi,RUH,2026-04-20,4.74,active,21ef28d161bd2a3eac145f2fcc571b6c,a747e5339db64ed6b6fd63fc7750ae14
DRV-00601,Nasser Al Subaie,JED,"Dec 23, 2020",4.74,active,687af009302684ad221f5e9c9a8b731f,1b2931fb4e905c5a885c4791033c5103
DRV-00602,Badr Al Hakami,RUH,"Aug 22, 2025",4.71,active,736e90b528cbd761d96c003a82c767ae,90e680424b732fc53f75312034105ea4
DRV-00603,Majed Al Hakami,RUH,2023-12-22,4.69,inactive,2cb95241e534e5a0f0323a94550e6d4f,6eda13fc1044885f211b3dca7b46302d
DRV-00604,Saud Al Bishi,JED,14/06/2022,4.55,active,44669529728834802a56d03ea1db4ac4,fc2bfa6d6429675e38442ceb52f5cb4a
DRV-00605,Samir Rahman,JED,2026-02-08,4.84,active,95d8e4fa203b64dad3e8a8bc65d5d670,aa56db468e04dbd9d1184eac3f40f57c
DRV-00606,Fatimah Al Zahrani,RUH,2020-08-15,4.84,active,6684d8f6a007827be818784282a2c023,2c05d99861a5a5cb82606eec981ed2ac
DRV-00607,Haya Al Rashidi,RUH,2023-11-18,4.8,active,44c4c8d623f1282f5e8c341a1c9f2734,2e40653b95859850f72be94d19a581df
DRV-00608,Layla Al Rashidi,DMM,2023-09-05,4.79,active,842d5297cf1856ac1791ad64cd1273bd,e58c522e8af0e05b205887e985b2c4a0
DRV-00609,Fahad Al Amri,JED,2020-11-20,4.59,active,9d0b937cc2ec1fc78ed4545004fe3895,5b85455f139c4c80cb86aacd63bd87bd
DRV-00610,Munira Al Faifi,JED,2020-06-26,4.53,active,44a8a22e5fb55b971d7e7c53da19abff,b73a49d7a6c76375c60056a6c81dcb55
DRV-00611,Adel Al Sulami,JED,24/08/2023,4.86,active,3bf2c499842741cee17f0c4bce4b2a90,59b00588d8719ab6352e8b6786523d98
DRV-00612,Badr Al Shammari,RUH,2023-01-08,4.38,active,20db3ba42b1ce4177dbf77d26fb88c17,242a45f4f5b661ae646dac3b7985b4ac
DRV-00613,Fahad Al Rajhi,RUH,"Sep 02, 2022",4.56,active,aab1a1a98ad7ac88b2b6fddaab48c881,469e8a9f58a28d1010c5638ff5b2da8e
DRV-00614,Imran Al Saeed,DMM,08/05/2025,4.83,active,7ca117dca904cc1c19139d88b6c15612,2f1d05411820ef60615bbc427a08aaf6
DRV-00615,Ahmed Al Hakami,RUH,30/03/2024,4.57,inactive,2553d08b78b1e4daa3c257e34b090e16,ebfc2d9442bb01044277f9232ee99d6c
DRV-00616,Saleh Al Saeed,JED,2024-04-02,5.0,active,2c7a0dcd2348a4112a36e44f51c41945,885c9a223a2bb984f81e2ac73bf00291
DRV-00617,Maha Al Shammari,RUH,19/07/2025,4.3,inactive,fb4d436a1276d8fed29c4111db04e9d0,8d6c4dbebbb417e5babadc0f57672a93
DRV-00618,Khalid Al Shammari,JED,2026-01-14,4.5,active,f730a47031e902a817ca091319e201e3,9d34c2f9d3674eea1c168ae5063065bc
DRV-00619,Amal Al Dossari,RUH,21/12/2022,4.92,active,4c3b0aef8563ae7e9a956d296d3bb7c3,15be73d4fc6be9a85ed983dd295223c2
DRV-00620,Hassan Al Nasser,JED,17/09/2025,4.81,active,35ac32a3fa6033ce261db7b6029980ad,9d368c65a74219246e31b19044de462c
DRV-00621,Majed Al Bishi,JED,22/03/2025,4.92,active,ee44d2e44bf6b97c414eae65c7999425,5673b7a48f5e788270ac589f23c81d75
DRV-00622,Lama Al Otaibi,JED,2025-12-03,4.74,active,6c5e484ce84bae97d9b2486a92559393,dfeaacb883f9e649448257d978b4b2e5
DRV-00623,Fahad Iqbal,DMM,2025-07-13,5.0,active,d01ee5a05e55297bf1ced5ed2a6810be,2d13f5e10e96b064fb6c12ef33f16d4d
DRV-00624,Nabil Al Otaibi,JED,2021-02-11,4.88,inactive,12c1f3a64efc6621c8700941febdc083,301a70ceb6d298dd3a645443e2906aaf
DRV-00625,Bandar Al Saeed,JED,2022-11-22,5.0,active,da89bc20a7937ac34cf98e86898db59d,6d8c3e34925d55721ffc25e0425e5113
DRV-00626,Ibrahim Chowdhury,RUH,2022-09-23,4.88,inactive,e5a3750eaa3458a4b6016a128b612ab2,24fd4774f29f10ff295482f304443ba6
DRV-00627,Turki Al Amri,RUH,"Nov 22, 2023",4.82,active,40750fb6891ba4fdc7917de49c3f3852,bb862e5a28f5d125aca00804a6c31d33
DRV-00628,Mohammed Al Ghamdi,JED,2022-03-21,4.57,active,ceae99fdd447c358d7295b1b5467b5b0,6a6063338e2ada979bcd2c7f5f39ef2d
DRV-00629,Aisha Al Suwailem,RUH,18/07/2021,4.49,active,524d0ac49b62a46d6d8849d400a03638,a3e57adaf2c6d0b6e66166f0871a9167
DRV-00630,Bilal Al Yami,JED,27/02/2026,5.0,inactive,5a9ea0ca31443c559e51ecd47e61c4c5,2fb5c69475507792ff3efe591f2763e2
DRV-00631,Rahul Al Hakami,RUH,"Oct 29, 2022",4.75,active,f6198275fac7234cb8cc933da995d865,68eb62fb64207995fbc412c6a2b72f8a
DRV-00632,Rakan Al Amri,DMM,2025-12-01,5.0,active,12b894e89882851c35d8272b05c3aef1,b09589ff60d45983c49b04659271caf4
DRV-00633,Waleed Al Rajhi,DMM,2020-10-05,4.68,active,abd65fd44027e783a2977c501db98164,3aad1ed09a4eaf75fb1be8d067c11af5
DRV-00634,Lama Al Rashidi,JED,2020-12-04,4.24,active,2989609119da5f5c56bd6ba78263e611,f5a00070db7a54000c5ad98b14d21621
DRV-00635,Naif Al Moqbel,RUH,2023-10-21,4.66,active,33d14003419416dabc09f2b1106ad395,6aecea7c1e32b0b4356fb76eedbd1883
DRV-00636,Turki Rahman,RUH,"Jun 01, 2020",4.66,active,d20eb67f5f8a75ce770a5cbf92f3cb4e,1b06db2562eb5c0cfb8cc0b030079ece
DRV-00637,Rana Al Amri,RUH,19/10/2021,4.59,active,db075472d4c6cdb1e1d3f6e11cd680ef,ca4d554dfc1d2af95b859ea95e3bd2a5
DRV-00638,Ghada Al Qahtani,RUH,2026-03-28,4.94,active,19c07a56e813995f2302d87b3df1d7b1,566a2d46e5f434890df4bd2f28d8a86c
DRV-00639,Hamad Al Qahtani,RUH,2022-02-27,4.62,active,dd88ad28a7435f156463bc4010a1f71a,13d2c85c2d11a468e2c4b2e4450de0df
DRV-00640,Yousef Al Hamdan,RUH,01/02/2026,4.54,active,1ff22f772a2224da375c85d217a5a6a6,1ad06dae2f727b4f67b9e4fd8adfcdbe
DRV-00641,Munira Al Turki,RUH,"Aug 10, 2023",4.73,active,3b755d95da47bc18362e1dac366eab8f,dc898896646a45271ee13c90f07d442d
DRV-00642,Ghada Al Asiri,JED,2024-07-04,4.66,active,7618f8020fec3ef977204ef8a5850bc9,6444f627c761d497857d56e7f3d345b5
DRV-00643,Rayan Al Rajhi,DMM,01/08/2021,4.92,active,2dbf159310cf5c400aa944b51244399b,b1ca73147e850256a9e88d79989a4f89
DRV-00644,Haya Farooq,RUH,2021-01-20,4.61,inactive,2f305c7a252a1a714cd2bf46c8a0894b,d5c01e6ba473040388eb79114a823df9
DRV-00645,Samir Al Suwailem,RUH,2021-12-14,4.71,active,16245a069f55901efa0db637ff22f093,8e35a564314cb5eedc937fd2a900ccdd
DRV-00646,Zaid Al Ghamdi,RUH,"Aug 07, 2022",4.78,suspended,16ba9689cfaaa04db159d6b58d1517a9,6b5b4095800e3c76350aa1dc326015a2
DRV-00647,Bandar Al Subaie,JED,2024-05-18,4.71,active,8befbbe518ed546098c508f74d5a658f,77c491d1bbeb6be978719af5e83b1f0b
DRV-00648,Yousef Al Yami,RUH,17/03/2023,4.38,suspended,f842d38d189719bf9bfab3f50654cdc0,b64d3d3fe512fc87436f9c5263ac9fab
DRV-00649,Lama Al Suwailem,RUH,18/09/2025,4.61,active,4b7208dad15d20b515faed07b511d31e,0a73907c11916cdb93f818ee8894a5dd
DRV-00650,Adel Al Dossari,RUH,14/11/2021,4.76,active,14babce3ec6d1cd65e2d9767fa2bd453,7f3c6499c33bc3d00ba8457ceadbeaed
DRV-00651,Mohammed Siddiqui,DMM,2025-05-03,5.0,active,be94177e6afbe551af7d517460568529,580a426247a03b7b1c86a8701a123716
DRV-00652,Usman Al Harbi,RUH,2025-09-08,4.74,active,02f3db7defd1c38f359c67d02bad64df,43998343668a6b87c2ab563beb882f67
DRV-00653,Bandar Farooq,DMM,2025-12-26,4.16,active,1d4632c06dbcde4a5e6884a75f538d8d,f7e74bfaba18a7c0c541d2d84c46cef2
DRV-00654,Faisal Al Rajhi,RUH,2021-12-25,4.88,active,247c42ebe460c593d60a5d61309fd5e3,1d35c7ad3f7d46d531cb509e1790d66c
DRV-00655,Lama Al Dossari,RUH,03/04/2026,4.71,active,40012c32da016f4b29632df24f68130c,f4481c54a73af180aba778cfe4ce0f76
DRV-00656,Nabil Al Faifi,JED,31/08/2022,4.49,active,f361701c4be98d8608a0fc02cb5d4bde,20c6a8044e61e86ffc48772da694f8b2
DRV-00657,Noura Al Harbi,RUH,2025-02-27,4.43,active,ec99bd241a73a983676c8155aa5cf9aa,c5bea0beedc97bda153d11dcf19aa399
DRV-00658,Badr Al Yami,RUH,14/07/2024,4.69,active,e3f2daf689c6f2be467b41522787c4e8,fe2653ce7bb0bb283337d5f6139ad73a
DRV-00659,Rayan Al Sulami,DMM,"Feb 02, 2024",4.89,active,839128a081026e1bee41dddd829ddd3e,3e8cf32e18a5fc2a357acde94bf43d98
DRV-00660,Reem Chowdhury,RUH,2025-03-16,4.65,active,7a59a5974a00110b34af7168b5aee63c,68bc4e5bd8ac195ed2143b35b9164e41
DRV-00661,Salman Al Ghamdi,RUH,"Jul 06, 2025",4.67,active,58049a4f9511b5fd193c5b3fa865886d,cfe59df6e57c20d49213a1723e245122
DRV-00662,Waleed Al Amri,JED,22/01/2026,4.7,active,56c26bcf42a3702d9954f28825f6206e,bebfa4fdd1abc0960f5ca3caf222cb09
DRV-00663,Anas Al Amri,JED,2023-07-10,4.64,active,b77c6f3d33dffdc310cc3bd9025be421,0dbf4165dbb1db3fdd928a6d2287b4b7
DRV-00664,Rana Al Asiri,RUH,2024-03-08,4.59,active,bb5995ccc41f005a7ddfbf12f076c288,0ae72eef169595c97477698f711f0aec
DRV-00665,Saud Al Bishi,DMM,25/01/2022,4.52,inactive,620282512604ef980761deace146aea7,48d6f0686eb989ddbf585bd0bf1c9efe
DRV-00666,Zaid Al Asiri,RUH,24/11/2019,4.73,active,d9fdb761b05ace9a14de7727d23895c0,755ab016b2b482587676db52da895b87
DRV-00667,Reem Al Turki,RUH,30/04/2021,4.65,active,92589d4076a5463363bbb72c181b2d2c,8d6f57be619b16f7306d7b7005f1f1d3
DRV-00668,Rayan Al Harbi,JED,"Jul 27, 2023",4.7,active,9747196f0e96bc6aa10ecb3ffd591e6a,15883f1750e62cbe7124f418ea35ce89
DRV-00669,Fahad Al Anazi,DMM,16/08/2024,4.77,active,0cba93d5e566f4d5a823740afde7ef72,51bd4240b8a62fbfaf84c85daf9a0e4d
DRV-00670,Nasser Al Sulami,RUH,2024-03-03,4.73,active,10a9d215167aca21de91659ef72c466d,ac5f52b7fe877786dc2cef5774b02cda
DRV-00671,Naif Al Hamdan,JED,2023-11-27,4.73,active,b9ec6beee9f382163b69340998d236f1,97ea0c178e4d6c3bdbbda49208e227d1
DRV-00672,Saleh Al Harbi,JED,2022-09-14,4.76,active,d55be526c67d195ba7202da9901156ba,b41b1ae3aa1a9cd2836f7766b41a80d3
DRV-00673,Fahad Al Shehri,JED,16/04/2026,4.78,active,80ae515af79b48ee504da71275b0f397,206422fb7c70f546c23a77de27d77b03
DRV-00674,Aisha Rahman,JED,"Mar 10, 2025",4.63,active,9511d423a83e3d17e6269cfbc9f888fd,87f8cc3902c6c8c324500bf777fb6192
DRV-00675,Imran Al Juhani,RUH,2025-10-29,4.62,inactive,786e58a6495a90c2d1058b8a77f45d84,37ad72cfeb45be45038d64603808eec2
DRV-00676,Maha Al Amri,RUH,2024-11-01,4.63,active,3c683ceba5093c333cd5f36dcf9f5af0,554cd0a9b26e9b6c2a7d4b603f2caa2c
DRV-00677,Mohammed Al Bishi,JED,21/01/2023,4.32,active,5b4be992531a9ef4471a0ab0b997f55e,a004bc9b9afb4c23c6dc2edc609d8c0d
DRV-00678,Turki Al Mutairi,JED,2025-12-14,4.52,active,f06c042cda32d74faeee397289a625c6,7eae32a1f322fcfa61891c16d435b1fe
DRV-00679,Usman Al Harbi,RUH,2024-09-18,4.68,active,9125571416640ffbd68c8982276d4a9a,a4facb939ee4efeffd0eaf6312142185
DRV-00680,Noura Al Amri,DMM,2024-08-21,4.5,active,b442dc52ad7adcae6508cabd63b6a042,396fc566e5ebf893e393a11d1bda09b0
DRV-00681,Tariq Al Amri,JED,2019-12-31,4.62,active,cddc825d497345ea7d6e8be9af0e93fd,c197fdd72e5ffa10731c4a5e980ba98b
DRV-00682,Noura Al Amri,RUH,2023-08-30,4.29,active,b82104973735694233e17019c8652fa2,70c65dd056e6dd910e156fbbc298d259
DRV-00683,Omar Iqbal,JED,2025-08-15,4.75,active,ede43be7d1bf6a34a0bc63073697e013,610412677fbda6d772639a5c42e3e3c6
DRV-00684,Hassan Al Asiri,RUH,2025-09-24,4.63,active,9db79e3aae651f978b2aaf99fba21287,9ece0597c2100072c7faf85bb51d304a
DRV-00685,Nabil Al Rajhi,RUH,2024-02-28,4.84,active,a2c6550a442ec73855aeeedadbd12a5a,42e01352137b03efd48ac25dfca14e10
DRV-00686,Ibrahim Al Shehri,JED,2020-05-03,5.0,active,8ae829b460240265220ad6432c2dbe8d,4d2e29ea19c7c04bb68644f1e5133450
DRV-00687,Musaed Al Khalidi,JED,2025-10-30,4.94,active,4f4f6bc9a1d33b7b127cfe1f110e23f0,b21574b93b99d0a66cf37291db74579d
DRV-00688,Naif Al Malki,RUH,2020-09-28,4.43,active,e107e4d21213720a2eef0280439d65d9,aee69ca3851fa2b68551100e191fe0b5
DRV-00689,Rana Al Mutairi,RUH,2020-12-01,5.0,active,1246fa478516d77e37b6bd317943270d,cfd5009f8934954b92abd7c95e7e3488
DRV-00690,Nasser Iqbal,JED,22/03/2025,4.5,active,bed1308b51432d5042b06a7852fec0e1,3d1c509f8c9685de505d24ecd8c5a884
DRV-00691,Naif Al Shehri,JED,19/12/2022,4.7,active,24b33deb83a14f4c894048549291f446,5234885b3b091b963ab3daf7402e42b6
DRV-00692,Anas Al Faifi,JED,26/02/2023,4.66,active,31da3b65dac0954ccefac5b657c16f28,2f5a19fb4510e7a2e8e0e134fa9d86c3
DRV-00693,Yousef Al Nasser,JED,02/03/2026,4.8,active,f4cafb13630b1bff815208095814803b,b973f021a306c2424170b78fbe6d2c5a
DRV-00694,Rana Al Khalidi,JED,2020-03-24,4.89,active,75bffea748c2647dbf145a21b0b23090,199f6b5a2e6de3166683ff448b2f4441
DRV-00695,Anas Al Anazi,DMM,2022-10-06,4.46,active,c46e8dac58ed55fcecd3285756ea63e1,f9585948ed558c7bd03b105e8f6f09d1
DRV-00696,Layla Al Dossari,JED,2023-05-23,4.65,active,526436b572a4b723affadb52927d6f43,01240377cb5174cd69007e2c544459ef
DRV-00697,Badr Al Rajhi,JED,2024-04-17,4.72,active,932f86d07f55349d54065599d1a38b86,4d6e9c688bdb278fa7d16dcb743eae6c
DRV-00698,Layla Al Rashidi,RUH,2023-08-09,4.67,active,40a9ce4675f1d00efc01a63610de6505,6795f94d8a8c3fd84ef9d20580734b52
DRV-00699,Nabil Al Sulami,JED,"Feb 24, 2021",4.77,active,ed16e91630e6b8022a8d167d2bacf891,508720fc669463e21bcf8e603c529f92
DRV-00700,Ibrahim Al Harbi,JED,2026-03-02,4.83,active,4e6bba64590ec180fbdd1f053f783209,0f9dcbf9d2aa4b240213861fadbcfbf4
DRV-00701,Waleed Al Ghamdi,DMM,30/06/2022,4.76,active,137b9f865ebce19e25f7a7d61bfe06ed,ece082b87ae446e3c972b793dbeb084d
DRV-00702,Anas Al Shehri,JED,2024-05-06,4.71,active,c2d81b76163ed769985b50cd36618c3f,50753e153a98b7e8b1ce0c3bfa13b3d0
DRV-00703,Waleed Al Turki,RUH,30/08/2023,4.98,active,638d715e4a3173966388a90d2b689c13,46c68fe35e0d96cf6d91351619bb9d7a
DRV-00704,Ibrahim Al Rajhi,RUH,22/10/2023,4.77,active,85ee082dedb4f289f534b71339ef8ac7,2528b3b79816b8b42470d4e56dc87e89
DRV-00705,Nasser Al Amri,JED,2024-04-09,4.53,inactive,47b10f289a575828015e381be29c9e91,156dc77df7302afd3d632c4885158329
DRV-00706,Bandar Al Ghamdi,JED,2022-10-22,4.74,suspended,b1765b2868c4a2ff3a497149b660b7ef,7c0322d391151a0016e3f0133904f2db
DRV-00707,Usman Al Sulami,JED,2025-06-12,4.82,inactive,ec41ae0ffdc6632cf39c79a6dc0cf49a,ca0deab42b824dbee2d56c17730ee4db
DRV-00708,Fahad Al Otaibi,RUH,28/02/2026,4.74,active,c2efbeb1045cd093107f3488d82a0b4f,4ac5b39810e1d2d8dbbead3ef8d982b2
DRV-00709,Saud Al Zahrani,JED,2020-12-26,4.86,active,d7ecbf0efa07a9a01e57c17eed55d7b0,d4077415c15504fd2bf30f876d77658e
DRV-00710,Turki Al Faifi,DMM,"Jun 01, 2023",4.74,active,915ac75d0b81b5ccede1f2e46cdf8beb,1355049279c4417db8df047ec0227d03
DRV-00711,Maha Farooq,DMM,11/10/2024,4.68,active,b41ecfaa58fa197feba511942c8c13d1,7a7c8837ea65a76f668349d02a233db4
DRV-00712,Ghada Al Shammari,JED,2022-07-24,4.77,active,898b4a0f26627e25c913d78c216c01cd,05daddbf9deb64907405b4f51474406a
DRV-00713,Kareem Al Otaibi,RUH,2026-03-08,4.55,suspended,660115a39f2285fa1df4f3b57658ded2,0720f03e0eac4875373eebc644916364
DRV-00714,Kareem Al Khalidi,DMM,2023-10-27,4.52,active,51166cfef609e7904c0ed1f2c7127aaa,de684e75df36253c7621f9edb0ac2339
DRV-00715,Naif Al Malki,RUH,2025-12-19,4.4,active,8a3007a386b0b893147686cb9cba2c90,ad7acc5fab139429d2216d64255acc43
DRV-00716,Ghada Al Bishi,RUH,15/07/2020,5.0,active,0aee2232e20dee2fc336ef16dd18cd4a,b7e79295a07d82a055ae474df56e211e
DRV-00717,Dana Al Hamdan,JED,"May 23, 2022",4.63,active,449df0365f405ea9f93988aafec878d6,34b5372cfc313570b298c8d61649ce42
DRV-00718,Samir Al Ghamdi,RUH,2022-09-27,4.36,active,0c311f3ad4598cabca99b5e68ce9b122,3810233a180c9883cdcb48edd957ea92
DRV-00719,Mohammed Al Dossari,JED,30/06/2024,4.75,active,c0ae14dad37b7a81b07e27d2913c3db2,cea00f09cf8b73ed702402031661e483
DRV-00720,Bandar Iqbal,RUH,2024-12-26,4.25,active,7ba264352765ba654487c8c7da635923,c1c4a416a848250ba5fbaefc73b85b0b
DRV-00721,Rana Al Hamdan,RUH,15/04/2023,4.56,active,d1710826e8c644c02425dfc5efca843e,7fb8ce8e96ad2a367e29d0b7fb4dcf03
DRV-00722,Dana Al Asiri,RUH,2025-05-20,4.73,active,a6d11cc38cfbc0af99ab5a392090efde,fe1b8c16dbc35fc4a68677e385525e03
DRV-00723,Abdullah Al Hakami,JED,2025-11-12,5.0,active,a747544d82e4e00fb7e20b47a98cc92e,f9ae40c44ba219a8084637529cd43224
DRV-00724,Rayan Al Asiri,DMM,2022-12-23,4.78,active,145761759a722f81a86a28662d281672,22f61ff31694081f23ff507cffc18eb9
DRV-00725,Hussein Al Moqbel,JED,24/06/2021,4.48,suspended,b32bd91c003b70f15a5f9fec151321c0,7633d72314a29d9b4344c537a982aa0a
DRV-00726,Tariq Al Saeed,JED,17/10/2024,4.94,active,d3728423a09e177df175839f74617026,4d0f7bca072d44c288a8d3e74eb3a9a3
DRV-00727,Noura Al Rashidi,JED,2019-02-11,4.71,active,d997b9810ac15ad11c17fd35b18e3686,e6b323a2a871ddb96d789a21d164a750
DRV-00728,Rakan Chowdhury,RUH,2025-06-27,4.64,active,3d54bac5ca735d0002bd59b76777fca2,e6fa1fc4da74bf4790c77d7a7f56eed3
DRV-00729,Yousef Al Balawi,RUH,"Oct 01, 2025",4.68,active,be78c9c73f2cb5dd978101f9fdf5ff7e,34c419ef421069957690146b94126e86
DRV-00730,Tariq Al Zahrani,RUH,"Nov 03, 2021",4.46,active,049af5bfcc5e818fc8fb23c244881b1e,f5fe9015b0c78f3474446a6fb055aa30
DRV-00731,Faisal Al Qahtani,JED,"Mar 04, 2025",4.75,active,a858136df5a80fe75a4b3af1587dd876,0fadb56fbb3c48ac2aec092e212bd191
DRV-00732,Bilal Al Hamdan,RUH,"Jul 03, 2024",4.67,active,86bedccd335c729af47102a9e4b0fcd3,35ba95fe2b1928be2937f24359e2c441
DRV-00733,Hamad Al Asiri,RUH,2025-03-05,4.76,suspended,9fc0222a4faa82637c50091026bb5d56,8bc24df22666b3a007eba58b4a70eb01
DRV-00734,Nabil Al Otaibi,JED,2026-03-30,4.88,active,7850c14de654a65a1fc6a67a1de6635f,f91ffe3a3fd2101743a2435bbfdd3fc5
DRV-00735,Zaid Al Shammari,DMM,"Oct 16, 2023",4.78,active,17f4fa899d76d4487f5182e55804f3f0,61c1fcc97af9e2bb521235b929cc4d91
DRV-00736,Dana Al Dossari,DMM,2026-04-11,4.7,active,c312fc3a15b3adc15a2a50a2ca824b71,90d6c2784c159246f1af1177bc7b3b05
DRV-00737,Sara Al Moqbel,JED,06/10/2025,4.6,active,31f4fba06ef5a6ee5abb05f644c8fc11,3a87b175c405170d81e8d0bc92f05775
DRV-00738,Salman Al Mutairi,DMM,2020-07-26,4.53,active,787eca2289e3741e109ed53c6df88cac,df1bee52634e38440812b0151d9062e3
DRV-00739,Hussein Al Moqbel,DMM,2023-08-11,4.81,active,87ca2b8e9d7c2e837e2e43059fc7623e,7c43791f8e3b1c3028f3397e12ad0618
DRV-00740,Abdullah Al Hamdan,RUH,"Jul 10, 2019",4.48,active,28d33ce376c14a16d2a4510a574d279b,cb0bd768fc4ab4581ef6928ff3a0c181
DRV-00741,Saud Al Hakami,JED,2025-12-26,4.84,active,90cd71460e7cebf4e52276ba7d677c1d,f271a38ae4c42a73d60001fa075dd450
DRV-00742,Imran Siddiqui,RUH,"Sep 07, 2021",4.59,active,e3d9d5d8367a212654c6e902f156a4cc,96fb7418e757ff86b8ebbfabc9a692ff
DRV-00743,Nasser Rahman,JED,"Apr 14, 2026",4.43,active,91d19a7df330d4b0d0f68f32e962e97b,e8dcb78b92b3a27a31801860652726ad
DRV-00744,Amal Al Balawi,DMM,2023-01-23,4.47,active,676dfedfafb1b482224569a590848a6d,c6a0ae7bec17aea5554764dc4f0ee3af
DRV-00745,Lama Farooq,RUH,2025-12-01,4.61,active,6adf74724e4b4135e5f4460c112b6b49,8371675cd9058298f5af683f0738baee
DRV-00746,Anas Al Hakami,RUH,"Jun 12, 2025",4.47,inactive,d416713770397f61564c2e355353bd67,3652624f27018fb75047dccc03338e45
DRV-00747,Hessa Al Faifi,RUH,2025-01-22,4.62,inactive,2cde5bfb0c39f23677ec963ee97b774e,c075a17448cce8bd5641c13f1d84ff6f
DRV-00748,Faisal Al Harbi,JED,2022-01-20,4.83,active,ad0fb9de594e829d2195535b038d9a68,26ad8cc8b825a663fd94f3a82f9de9e2
DRV-00749,Bilal Chowdhury,DMM,28/06/2023,4.87,active,216894bc55cc0f55583acfe167807044,1b3774d2c2e2e48db4a344ad01d92faf
DRV-00750,Hamad Al Turki,JED,2023-12-29,4.55,active,9b7a0d32e4f1e627d82ba95774e1befd,a8f0fbbe3478fe0d365ef2a9936086d3
DRV-00751,Munira Al Malki,RUH,2024-05-08,5.0,active,cb5162f0d69a5f7d03149be1732f6a99,b109a8851f1f3581359d48a5989bc2cd
DRV-00752,Fatimah Al Zahrani,DMM,19/06/2023,4.62,active,b918a06cd5520429e2bde56b3565846d,627bf5348322e03806942af024a2124f
DRV-00753,Usman Al Suwailem,RUH,2020-05-25,4.39,active,9db63b6a872375f0e5868192e2f84814,053c331208723eb2d81c0a09b3a1b7db
DRV-00754,Ibrahim Al Asiri,RUH,23/10/2024,4.66,active,f6644ddde82212ef245b6b3a0cd51471,7c9f52e3098e230e7f02d648c7054b68
DRV-00755,Aisha Al Saeed,JED,2021-05-20,4.43,inactive,7d122f56257d7ee07eaa2ed3b198aae2,e91f4806475a0392936ef0e798aef14e
DRV-00756,Khalid Al Malki,RUH,2024-12-23,4.45,active,b0dfde290bd7613d65a5d0adbceba02f,ba54deaa261f901a5e52ce6541d02f73
DRV-00757,Saleh Al Suwailem,RUH,2025-01-04,5.0,active,e809bd4fe26fc49f27861b250d73b82d,74e3420a56e8cd2c34a965dc01cbe53d
DRV-00758,Badr Al Amri,RUH,"Sep 10, 2024",4.41,active,37a6b9b264965016d9ba2e28073c57e1,765cbb1ab0cf17e3d95650ce6b72e87e
DRV-00759,Rayan Hussain,DMM,27/09/2024,4.83,active,0a16e94be8bd288e3d67cb379da52edc,76011757ba727f2c090c5953f7f368f8
DRV-00760,Rakan Al Malki,JED,2024-06-21,4.43,active,0ae70164255c5562762b0cc1ad8e1e42,cab1130d6b3a8883ed45edc2ac684748
DRV-00761,Mohammed Al Sulami,RUH,2024-02-10,4.59,active,4774e9f9cc6733b717d205a09c9776d4,80f1d1965c3a2282a079db8b3baa1a95
DRV-00762,Amal Al Shammari,RUH,2022-08-23,4.81,active,3ba40e476ec17dd096baa9fa7ded6278,cc94c525f7eac6745ca771c2b1da505e
DRV-00763,Maha Chowdhury,RUH,2019-12-06,4.24,active,e0a5bcb79b7a74d5fdf9742e996d16ba,67177d66cf54fc2ae6c3e4a51a3df8ab
DRV-00764,Rayan Al Hamdan,JED,2026-02-09,4.91,active,6631a0f87b73f344eecfa12d723bdb89,2eea7f30f69d06589cac5f039dfc4015
DRV-00765,Khalid Al Rashidi,RUH,2022-03-14,4.68,inactive,8af85925338f2e3675205918e27b13de,e5e5f3f52f3d822d46be2eaf586f9592
DRV-00766,Khalid Al Faifi,RUH,2024-12-30,4.86,active,5215ea02ca075c5ae97d68c21477b48b,fb266026576967b861f62de6a659502a
DRV-00767,Sara Al Shammari,RUH,2019-04-12,4.56,active,86ea226b91a5e06a2a498de9b1fd8699,c27ebbd7e33896faab8418a51901de11
DRV-00768,Aisha Al Khalidi,RUH,2024-07-16,4.59,active,ea44b3baf3d55827b53e5ff2d0c2bf0f,f784298f2c44a3848f763ecfe6cdfc43
DRV-00769,Ziyad Al Juhani,RUH,08/06/2024,4.61,active,76406273baa16ec8d5487daf1d003c08,b9667526621f5cdf99b38f0bff7f62bf
DRV-00770,Aisha Al Dossari,JED,10/08/2024,4.49,active,7871284e1a98e034ce2ff206aed1f7fc,4950ef3d0ce26fc7a108f854bd6d5c5f
DRV-00771,Musaed Al Rajhi,DMM,2021-09-24,4.81,active,3cb2b8b91c66240e8c588195653cfa7d,ff080cbed9638476c33f36542cc754f5
DRV-00772,Fatimah Al Khalidi,JED,2026-04-29,4.48,active,b604b3bd6b3743880ab46012c31f59af,aa8df9fe91b3bb613b1c05bf0536a11e
DRV-00773,Badr Al Ghamdi,JED,14/10/2022,4.69,active,ec1a466d9afdca793127b6bfa2fb6489,5489031565e235a3d4722ad8692d414d
DRV-00774,Hussein Siddiqui,RUH,2022-10-09,4.55,active,09b338d9d51da823c5301daba8ac9270,d1da66819a3c2a17398177408941c345
DRV-00775,Saud Al Dossari,RUH,"Jul 04, 2021",4.26,active,00b520e801f2b1202e0c1f275af72a4f,ecca9f79269c35bb7caee7dbf46186d8
DRV-00776,Rana Al Khalidi,RUH,2023-03-22,4.31,active,b058569fb19438b8491e3699dc4ab720,a3f798a2599b9475982c356d7e95ea48
DRV-00777,Zaid Al Faifi,DMM,"May 09, 2023",4.16,active,61955004001d94e57816669ce0475fe5,5534479b84629f5720d3a6bf42fbf4b0
DRV-00778,Hussein Al Hakami,JED,2025-07-08,4.8,active,0c2c2e62c3ac032e4b602cbbb36a47d6,ff68a60956c3252779470e46fda6bdb2
DRV-00779,Ghada Iqbal,RUH,2020-05-27,5.0,active,403b7a4e693d40702490a8939d236054,832a1c34e6ea3d2b3e4c39d8306c1f44
DRV-00780,Turki Al Harbi,RUH,"Nov 03, 2024",4.89,active,0b5c8ecca9674fe7f352cbb707776d12,87c7c992fd42fe8a839e67b548b39d78
DRV-00781,Khalid Al Asiri,RUH,2024-02-26,4.74,active,18ce1f96ee4d34c086bb58054d8d5a54,a7b0596505905e251d54e71c8994bca1
DRV-00782,Mansour Al Amri,RUH,2023-10-14,4.53,inactive,5d51cb807e50bd60602f1e73562a311f,3ef6aeb3cece80b1ed8e18096e6e6f2a
DRV-00783,Waleed Al Rajhi,JED,2024-10-25,4.95,active,130f482bed441a0da0cd027397c17213,4b4cf0947f4038e8263db6832dd2da34
DRV-00784,Rana Al Otaibi,RUH,2025-06-01,4.65,active,87c5ea3e73e5ee5054f214c44675e097,401ff7ecacc7b74e33734038daeb8334
DRV-00785,Abdullah Al Shehri,RUH,2021-09-19,4.8,active,0fcbd4c7a14b2d4958a5f0e0b663ce9e,afbdb5263a8b33c0bec9ccdc14fb6058
DRV-00786,Waleed Al Subaie,RUH,2020-11-22,4.51,active,5e0ed5fbacde0d699fce48b098dee705,29bd3e9e2149f1d02dbc63d977a92a36
DRV-00787,Layla Al Asiri,DMM,2024-05-12,5.0,active,c6b1cb7f50fe5d26968e845b88177c66,d2d5d19a90cdcd3efb023874e9f82f09
DRV-00788,Anas Al Asiri,RUH,2026-02-16,4.26,active,a9634dc4fb58f82531f24b468f97bdb8,b84a83c8a959ead02be5fffdbfabb207
DRV-00789,Reem Al Ghamdi,RUH,07/04/2024,4.55,active,ae52cc784b3f32aeb2240e25fc17d32e,2c858f245672c23adeaf520eb408a729
DRV-00790,Noura Al Rajhi,RUH,2021-02-23,4.97,active,951e36ca77fd2e88dfb92bc4aa9a2c87,74a252ac8152993401b57cfe46cb93ba
DRV-00791,Anas Al Qahtani,RUH,2024-12-21,4.32,active,0227146af19c2b90d91c357621f39e50,5596b830b633eefbecf845b8ac68eae9
DRV-00792,Hussein Al Qahtani,RUH,2023-11-25,4.73,active,d4c9e91c5bd730e365583536bf80028d,246f69f261ff79ab7d5691df2d81f0f2
DRV-00793,Salman Al Turki,RUH,2025-09-01,4.87,active,cfba5ae968f0bc782a7c851429f5a389,648f01e47ce57429de05b84217e3e090
DRV-00794,Waleed Hussain,JED,2025-12-26,4.66,active,a21dffce919e8f5f7cce698c60cef432,136f6b0becc4fa1ff6231320b17565bc
DRV-00795,Ahmed Al Saeed,JED,2024-04-26,4.55,active,49fc37f6ec8251be424af94bd3c8838f,926aa28ecb2fad62f36021af1f3d3382
DRV-00796,Ibrahim Al Hamdan,RUH,2024-08-03,4.6,active,39a0f93cab68a54dde9ba740fe099564,0d938fa219ccd6a6af31c8c66a537c1c
DRV-00797,Hassan Al Shehri,RUH,16/01/2025,5.0,active,058b6975f9cbb541bed490d00c6db2a9,7c13b25014a9c46c49533f01c296b08b
DRV-00798,Abdullah Al Turki,RUH,2020-12-14,4.73,inactive,961b46b0a8172a097b2bd86ad4f315ea,d49259c1b4930b42ff67557bc28a8d14
DRV-00799,Usman Al Turki,JED,2020-10-30,4.78,active,cbc953bdce58e54677c310ed5502c43c,03e6bf4ea8faf2a1ab3a72a3f6cd28ec
DRV-00800,Hessa Al Balawi,RUH,2025-04-25,4.54,active,4482d022b3254b36338653cd94473d12,f81a4f5eebbaa34a466ef4c094b4a3b1
DRV-00801,Ghada Al Suwailem,DMM,2023-12-11,4.49,active,f683dd5fa8a30429eafbeb4f04b94d6c,3792cacca0c28492663e6aa2f5ef89e0
DRV-00802,Amal Farooq,RUH,"Aug 12, 2024",4.53,inactive,ffae06e795cfdfae4d42d81113130674,2bb604a16298e8e0aefa2b3e5897820c
DRV-00803,Samir Al Saeed,RUH,2022-05-11,4.79,active,8d294705881e22382d0e79c3b813a963,68191cd154e86cd63dc5239ad92878db
DRV-00804,Omar Al Mutairi,DMM,2024-12-22,4.52,active,ac924096e3ee2912cc9c3e96e8d1a558,87fc846f519346f63b73792c36c919dc
DRV-00805,Abdullah Chowdhury,RUH,"Nov 02, 2021",4.98,active,11b1588b7a244fe14aee386c3b8d5d02,32cb2808a262b045b9646c36025f9293
DRV-00806,Anas Al Nasser,RUH,"Oct 16, 2021",4.7,active,36bc17ddf0b8b51469188cca0801bf0e,883e2043ceb860b7302d2ca3ec5d1ea8
DRV-00807,Sultan Al Mutairi,RUH,2025-06-02,5.0,active,1a6d172593b0b5c7ff89f05ffd370fed,4b294cdc19ad2a99db28cda4cbc37f5c
DRV-00808,Ahmed Al Anazi,JED,09/06/2022,5.0,active,2f0492aa262ce82210f9e57f46b9b2a1,e6c1498d2c3294f5e3a275673ed7096a
DRV-00809,Sara Al Subaie,RUH,22/02/2025,4.41,active,5ea0c45a4838a965e789c36cff3d8abe,e8925703b6f54ba64da200dfc4b3c53b
DRV-00810,Hassan Al Faifi,RUH,2023-12-18,4.82,active,b6ee23fc96920618898b861dd5fcb05c,d7d9a1e71f6531d7e090d0f3d5694fe0
DRV-00811,Ghada Al Yami,JED,2024-05-20,4.71,active,966250886cde1ef1068cbc5f1f42c026,7aa1b2e49ccf73d31fe7702a8419d121
DRV-00812,Khalid Hussain,DMM,17/02/2026,4.83,active,28f45dbe1b41f5f46759cd028adc6e1f,2450f294dc810858aedb21c67f27b9c9
DRV-00813,Ghada Al Faifi,RUH,"Sep 23, 2025",4.86,active,d7fc43cb982ada4426bb90afa1fa9b96,c429d66a97fa254b7f04f531672752cb
DRV-00814,Saud Al Dossari,DMM,2024-08-17,4.84,active,bbc1f4b98c7ffd770dd46748605f75ff,8ec94dc31897024458268437ae4b4370
DRV-00815,Reem Al Saeed,RUH,2021-05-27,4.47,active,29a48c405f0c6c666edbf2b7ced0b923,569ae97638ecea0aff56b4d7eabb25e0
DRV-00816,Kareem Hussain,RUH,2026-01-06,4.64,active,8304f3ba34fbbbe74998eb20a99df786,d3cb7a912697d559d50890abbe6a8d85
DRV-00817,Rahul Chowdhury,RUH,2025-03-20,4.35,active,fa9736c3b4746937d8e99f3de1c44005,8a946c2cf835967a5eceea281ed49f36
DRV-00818,Nasser Al Sulami,JED,"Jun 24, 2023",4.51,active,8bb098fd053733415d5d5c8af3f4e5f4,05b2e12b1ff805b44692aa7f40aac4d6
DRV-00819,Kareem Al Amri,DMM,05/07/2024,4.47,active,f04c33ca66d5c86082fa123a6cab38fc,1fd8139d77f9bb66e1726e449c5130b0
DRV-00820,Zaid Al Rashidi,RUH,2025-06-05,4.72,active,4c7a255fb7927708377191a44e2d9aff,495a8ac3b8e447addf05c920173e88e5
DRV-00821,Jawaher Al Hamdan,RUH,2020-11-11,4.59,active,51d832039a4af07180d911f1b4404fb9,a16d08a112858c1655b99a3a006ff8f7
DRV-00822,Mohammed Al Yami,RUH,25/02/2026,4.79,active,d4d503cc94b1a8a96951d55fc3165d7d,cd4f478cecbfa066550c827f23259644
DRV-00823,Munira Al Subaie,JED,2022-05-25,4.68,active,c56bf9b109dd0bbf94987c1c15857a49,1d871c28a15a550e84639ca46cf179c1
DRV-00824,Dana Al Sulami,RUH,2020-02-23,4.75,active,eabca960b9be90848084bc183c89fcf8,20cf3adfe9b028fdf09f7865efafd94a
DRV-00825,Saud Al Anazi,RUH,2021-04-22,4.79,active,6ef82089cd12ff116f50a6f3710f92a9,93a9c19602791ec6eaf79b13ce311b6d
DRV-00826,Lama Rahman,JED,2022-01-29,4.54,active,f2e02ffdaf90da431f600d1f74e60986,7480eaa509a8088b609ccbe37a3cad58
DRV-00827,Salman Al Malki,JED,2022-03-17,4.42,active,59c350faf577d2caca77e3922e2e7886,6718c8ca6807840ef59663d25077d8fd
DRV-00828,Rayan Al Otaibi,RUH,2022-10-11,5.0,active,eafbb648fc4a1f15c418710d602a7889,f668dbe530632a175e82e1f7bf6d6ece
DRV-00829,Rayan Al Yami,RUH,2020-10-14,4.58,active,d16f1ac17d90e68fa02b6db817a000e6,b76cf4d9a794e848e17aad26284b021e
DRV-00830,Zaid Al Otaibi,RUH,2023-12-18,4.4,active,cbdc0696b4c2dc92fd58978ea582fbda,c20e3c500b696be80044bc443395d0d4
DRV-00831,Maha Al Suwailem,RUH,2026-01-05,4.96,active,722f78426465a18a2d4f817d699cb75f,4f201855751512dd1f92f9e2ba36a5a1
DRV-00832,Hamad Chowdhury,RUH,11/12/2022,4.38,active,2f8171b1b822b4842d5918328f1384e2,0bc26b85dcce0adbe28916a6f66f9fad
DRV-00833,Mishal Al Amri,RUH,04/07/2024,4.6,active,cf2c5618a468e1a88c1576754b9a9f83,ff0c18d2664855f0fac7506bab60bc03
DRV-00834,Abdullah Al Juhani,DMM,2024-11-08,4.93,active,d28d92f31ab999700795913db9533a65,e70546b27d1b0581967dd8beb3a08d12
DRV-00835,Badr Al Bishi,JED,2020-06-15,4.82,active,9c085606603615b0215b4b9fe61a76d1,14740b22071fba157c8c6a3869296887
DRV-00836,Rana Al Hakami,RUH,2023-04-03,4.65,active,e00d6fc6c72665efa8f15af4b2ccc6ce,ef4a0158d3d2d8bb5708858c60210240
DRV-00837,Hamad Al Dossari,JED,2026-01-13,4.5,active,e44803ea76d8b0f900fbbe988285b170,8deec994f9f0ec05720a3e40ee9bb7e9
DRV-00838,Nabil Rahman,RUH,2020-09-19,4.72,active,0e1d0d0a5b1b6a77aeaad12f1e517ede,d557faa51963c145e6c64bf3411fc0ae
DRV-00839,Rakan Al Otaibi,JED,2024-01-20,5.0,active,000c1152a18ece70a240ab7f38e64af0,fcfc3fd3eedf865a20cee04b53b9bf7b
DRV-00840,Turki Al Ghamdi,JED,2024-11-02,4.9,active,7ba00ce0d9b0361588de0b79151d8867,0701c5befcb82a4c147f4848f2c38b5a
DRV-00841,Tariq Al Dossari,JED,2026-04-05,4.86,active,fe3b7ac5d67f33a8e50f73f36988f757,6105c5414e75679b2cd2ac2cb71bb7e1
DRV-00842,Layla Al Hakami,RUH,2022-08-27,4.82,inactive,d33bdfea5fb5de35d677efc3e1c16759,60f3d52e1b17f9f6af46112b1bfce73a
DRV-00843,Fahad Al Malki,RUH,2023-03-04,5.0,active,6815301785df32da6df3acd8ae5741b0,37bee6b49ea1ffb9f427eb9bca427854
DRV-00844,Imran Al Rajhi,JED,2025-04-04,4.77,suspended,fa195ad5bdd33d4505b07037aabc4af5,5e79e48fb2dfefa8ada98bd6cf27b661
DRV-00845,Faisal Al Balawi,RUH,2022-09-02,4.93,active,92775f906b99c1271fdb1664e2b72e5a,e89e6a3f83e5e5be15c073a3614076fd
DRV-00846,Omar Rahman,DMM,2026-05-16,4.68,inactive,cef7ef34a14884e3dbf3417163870437,9aba8c69f8428f73b7e55f1bb6e5632f
DRV-00847,Mansour Al Shehri,RUH,02/08/2023,4.74,active,3300233d4846dc01f3bd50e51da6c40c,f195e560a9f84d20be3b0425d65fe2a6
DRV-00848,Naif Al Balawi,RUH,2026-03-23,5.0,active,871aa1563872f2effc6cf446da0c659a,31a79183e5a277ac8ff93086f08df52f
DRV-00849,Khalid Al Nasser,RUH,2019-12-13,5.0,inactive,8ec559ebf9ce10dc4921c7788636d12e,34e12dbd163646fda6175ca107e1af45
DRV-00850,Amal Al Sulami,JED,2020-01-06,4.77,active,57646ebb69e01400d5de47740990fa5e,a1c47b5d9f6574a90af1e382c9efb2db
DRV-00851,Khalid Al Saeed,RUH,2026-02-17,4.58,active,ce8a58dbb25d3b6b4d45922de5d83a23,4dc5e4cc735504ff388828ee894b849e
DRV-00852,Ibrahim Al Anazi,JED,2024-12-30,5.0,active,3fe1934ad96dded727f6ded4833b4ff2,8973b8a8495a67f2c86b879e80868325
DRV-00853,Layla Chowdhury,RUH,2023-09-23,4.86,active,9d2f58a652a9c2aef3133da06b52abca,83accee2e5fa14f130890a480129fa58
DRV-00854,Majed Al Rajhi,RUH,2020-12-28,4.99,inactive,898cac69f66139a4247c1b8384b0d8e5,f14c5355662b19d4701bd592f82c7a47
DRV-00855,Imran Al Juhani,RUH,27/05/2023,4.71,active,c53ce4721f7b4c5ee42ff405adc28fe8,33635a28455e158530dcbc7ac00a0693
DRV-00856,Tariq Al Bishi,JED,2023-05-04,4.77,suspended,3bd9e7c3863990997904c488d122f615,73353b1116b2ac9140a06f0f57ac00f8
DRV-00857,Ziyad Farooq,RUH,2024-05-16,4.62,active,550496564bc4b1c615cac38c73c874e3,7c47a9001730930b49283e034d981e40
DRV-00858,Abdullah Al Moqbel,JED,2023-02-21,4.75,active,b098877e39e3a198094cd40b48100d84,39bcba8cddeb974d2a4856b7cffb2646
DRV-00859,Noura Al Balawi,RUH,2024-01-13,4.58,active,aab01952bb4b455a7145578677a97ba0,3b5eafa901e7122e47bdccf3e2e2c711
DRV-00860,Khalid Al Bishi,JED,2020-06-29,4.59,active,da7754dfc11b5f445a826d122abfd5d4,a23ca427e939ff7bb26ed5ddef0466d8
DRV-00861,Rakan Al Yami,DMM,2024-10-21,4.51,active,c49d8ba8f9656cc0089f2c72565adb5c,f21f9079a29b7dcf78f0f9a2320b802b
DRV-00862,Mishal Al Khalidi,RUH,2025-01-18,4.63,active,89c4e4470f8e140616dbcc3977736042,41a1317529a690b8bdcccbfae75260a6
DRV-00863,Badr Al Asiri,RUH,2022-05-04,4.71,active,5d92f2a3e502be7dbac1ffa5056878f7,5b687fb0a7aa90fb09b48788ac4e5217
DRV-00864,Hamad Al Sulami,RUH,2021-02-05,4.71,inactive,e76173dc0381cb779f88a3929e866e50,ddaae42ef8659c0c13e754b953849cbd
DRV-00865,Haya Al Hakami,RUH,"Oct 28, 2021",4.53,active,8d45270f6d26bf975d6097220ea9f52a,d315055a2f1f1e1e47c2d665ca1b8dce
DRV-00866,Hessa Al Qahtani,DMM,2021-02-18,4.87,inactive,833f499552038c3987fe8bc5d8c8ac01,dc0eb902990f75697b9f11e3227111e4
DRV-00867,Imran Al Mutairi,RUH,2026-04-22,4.86,active,73ba462d8d9820f023d1e19d0fd9bbae,1c056416eedf91ab313f15afda89bfd0
DRV-00868,Munira Rahman,RUH,2025-05-22,4.73,active,92d12bad41fea0fe874d65c462b04256,00073014c880954ce49543515dc25eca
DRV-00869,Noura Al Balawi,JED,2021-02-03,4.7,inactive,d65532a2c02737110283f104fe6bab41,ef19a0d8a9ea519f932dc8cca6af2463
DRV-00870,Naif Al Turki,JED,2021-06-26,4.82,active,5a9465078cff28d8d9eb961f056eb879,a41b165a004fb2e958c15a1512153e41
DRV-00871,Bilal Al Faifi,DMM,2021-07-21,4.54,active,31ba99e32b98a3ea5f0337c6f19740a0,86e24ba966d3ca2ce53f50f325c9492e
DRV-00872,Ahmed Farooq,RUH,2023-02-26,4.73,active,211b4a54484f46e69ff620533ae0279d,881843fdae7ec2011d6cbc3f3924566e
DRV-00873,Sara Al Harbi,RUH,16/12/2025,4.8,active,fa0f6984843d10cac2ba135df634c0d6,d0284f0557aca4434f7a0094394b41ef
DRV-00874,Hussein Al Turki,JED,02/12/2021,4.46,active,6c70cad8ecfa75ec89284d5d88f988d8,818bece6e3c474cb97574bda18da1469
DRV-00875,Rayan Al Dossari,DMM,2022-03-19,4.81,active,1f3da5566c0d96b51e20258ab361b75d,c27db0c05e57ab2448fab4a5616948d1
DRV-00876,Aisha Al Suwailem,JED,"Dec 31, 2024",5.0,active,e293576d169ff0c7189f13ec6c287287,f51c4f3046115f4a3c5a34abbe341e98
DRV-00877,Ibrahim Al Asiri,JED,2022-08-15,4.76,active,6ff211bfa256fbb0d32ed5f1d898271b,d11665eef9a4d7424fb46c249da9462e
DRV-00878,Zaid Chowdhury,RUH,2021-08-01,4.67,active,3afd222df891ca73aeaffb92f1d15f0b,3296134b6367c6f7da58a8412e6b8650
DRV-00879,Turki Al Malki,RUH,27/12/2022,4.95,active,223852d9a85ff1b642fa03b270002ec3,429a5a8d197ef5d56866c554d53e3cf3
DRV-00880,Turki Al Ghamdi,RUH,04/06/2019,4.26,active,41e5d574589e376b3727c53b19c23b26,87b9362dc9799c4d79a9db1997bb1d05
DRV-00881,Lama Al Turki,JED,2022-10-07,5.0,active,dd983657e420415e109943e91647c3fc,d88b69a2881f0b9b0c81f639a35738a7
DRV-00882,Ghada Al Shehri,DMM,2025-04-12,4.55,active,0d3b266a2c4f87205d100a515987a596,793f1d65629c44160753fa7c3fc3e8ed
DRV-00883,Layla Al Nasser,RUH,19/12/2023,4.99,active,3ac83fe125ec1d8926ece353080e3b83,966ea640d137d7988b62e0e9f2970b2a
DRV-00884,Anas Al Zahrani,DMM,2026-01-02,4.65,active,fb32c2acdb1417bc3d09ed0b2fde1d02,8b30302056a9432ed3b4e17b1ff90b0a
DRV-00885,Anas Al Shehri,JED,2024-12-31,4.57,active,642e0365f86c843807c59c0ab38c8a06,def65bdd8f5cd76b5461900c002d6eab
DRV-00886,Musaed Al Malki,JED,2023-02-23,4.77,active,ec0e5e639a37cc00b046d9b2c679018e,8db2425f5cd442773a02af6c2ec1ce3d
DRV-00887,Samir Siddiqui,DMM,28/05/2022,5.0,active,055738d623798161ae5fab838b5be136,9fc7454d9cfbb58b862466d1f1ae3741
DRV-00888,Tariq Al Juhani,JED,29/07/2023,4.92,active,abed984e5d9e02f8baf008daf3daf6f7,aaaba9daa3c41917feb42106a78f0e0a
DRV-00889,Haya Al Turki,RUH,2021-02-06,4.5,active,2889242c192a5d02b3172dee9287d2f2,31685635fdd9f85f753de9de4d769998
DRV-00890,Kareem Al Rashidi,JED,2024-07-22,4.83,active,01cdf2aca7bc3b55ab66a3f0e4bab6de,ae6912fb1205546decdf10b44cbe3256
DRV-00891,Samir Al Qahtani,RUH,"Dec 08, 2025",4.75,active,2ac1975add28b145b9faeac397a75382,c2c2f2d8ec581213cc4245e5cfec577e
DRV-00892,Waleed Al Malki,RUH,2021-10-07,4.62,inactive,383e000c2ab382a3f0c819e13c19f36b,0ece8886462723a3bbebe5a9f6faa165
DRV-00893,Lama Al Sulami,RUH,24/10/2022,5.0,active,ea39baa7f77c331a495fcbc5133652c5,37243f623c3408df8e145d5ad759ea01
DRV-00894,Layla Al Turki,JED,02/10/2025,4.53,inactive,91d9afcdd07c856cb9f987fb32d8bcce,ba5f0f5d336feca86029ae45433c4ba4
DRV-00895,Mishal Al Otaibi,RUH,22/03/2021,5.0,active,d7dcc57ff152e220721129eef3b3c249,4b2208afc6cfede9804182eb81b94721
DRV-00896,Dana Al Faifi,RUH,2024-02-20,4.76,active,dd76210f948b9e89808ed532e8e93c94,8b03ba4133248d51457bca1cdf54f04c
DRV-00897,Aisha Al Saeed,RUH,2024-09-16,4.55,active,833ef7b744207e7e7ce4a2deb8b66c6c,417e7244647cce06181f805017d6b665
DRV-00898,Saleh Al Anazi,RUH,2025-11-18,4.73,active,98e1e7ccfb4e2074c3ab8eafa5b25f4a,3d898071ff0d8e57da33d9f40d7dd55e
DRV-00899,Waleed Rahman,JED,2024-03-06,4.93,active,3040853d61133a247ac8b11e39bcf966,16cbff30469852c8d8df98013103ffc7
DRV-00900,Adel Al Moqbel,RUH,2025-12-03,4.95,active,45a68290a85702f3f343d3a139113ae8,fb0a4972a4030b5fc118bd82328ba24a
DRV-00901,Mishal Al Yami,RUH,2022-05-21,4.91,active,f658d68685f5181e64d769d12971abb4,957128eb7b3b3f305dc9a4322aeddb59
DRV-00902,Hessa Al Rajhi,RUH,14/05/2020,4.87,suspended,a75d54b1f427da252ba98eef56a3d835,171f4496f297cf15a602ba8384f66747
DRV-00903,Usman Al Mutairi,DMM,2023-02-17,5.0,active,b6c203fb85ac32e1977e85225c4b425a,755c884130342baf662a94b0e2e1da12
DRV-00904,Nasser Chowdhury,RUH,05/06/2021,4.65,active,21414c3c259f949a8ed6cebb7fe70647,8584940181e17c432a66e1d09c484d3f
DRV-00905,Aisha Al Shehri,JED,2023-08-01,4.22,active,8ffe6c88c051b4f21bfc3cf66c293abb,e4a2cf20c1668d973483e144c2b550f2
DRV-00906,Ziyad Chowdhury,JED,15/03/2025,4.77,active,1a45b87601ec6416a706d3929968a000,c1b798937a0804cd6af86b495d86581c
DRV-00907,Nasser Al Ghamdi,JED,2023-07-21,4.99,active,dcd9b44ea2c270561be8e83fe1d3cfa6,132e956a1b60fc46fe793a513c446d11
DRV-00908,Rakan Al Suwailem,JED,2025-10-26,4.96,active,2d5dd8b217138fae57bbc06079c0b8dc,50c691be9afbde5c651351bafe96f19f
DRV-00909,Turki Farooq,RUH,2025-01-18,4.53,active,ed2eb5ff1f4c76180644f851646c50e9,009426b400962b24be73f9e97595bb2f
DRV-00910,Hessa Al Ghamdi,RUH,04/04/2024,4.9,active,bfa9314ebd84170af4d496698a8c1d7f,433ff568073cbde5f3a3de08b5b10f3b
DRV-00911,Rahul Al Ghamdi,RUH,01/07/2025,4.92,active,151286c9bfa9b26bbf7d57cd4c2e9f8c,16f2fcf968be9d0cb9cea48dccb0605f
DRV-00912,Naif Al Asiri,DMM,2022-01-06,4.57,active,e389fe781f3752b3e6eb38830fb5ef6c,45a717387b5e42f2b3d91380e1b86c71
DRV-00913,Rakan Al Shehri,RUH,2022-02-11,4.71,active,8b00ca25860097363c7aaba462d3a60e,e5db472dc5e3d7a42f98fa8c50b53629
DRV-00914,Musaed Al Dossari,RUH,2024-11-30,4.45,active,776113ccc9bf5c3881a2060f606c572c,c38039ee79efa1806c46f4d13fa6986e
DRV-00915,Dana Al Asiri,DMM,06/10/2024,4.95,active,32d7d9d2b04a791e30f4fcc96ffacf66,74c549f462618819a572f29976a9cfa5
DRV-00916,Dana Al Khalidi,RUH,2022-10-08,4.63,active,ab7c529b678350b0fe1ef69d17e344b4,8e13c3d686beec11fe8f30350a8a4c5d
DRV-00917,Munira Al Ghamdi,JED,2022-10-16,4.8,active,d391d4e58db6c57b3b2f6cb319c03510,ed9dad5332b216caf5eaf00858b43498
DRV-00918,Noura Al Sulami,RUH,18/12/2024,4.74,active,da404d414920cf0302ad788db54825a0,2c94abc71663ea24e1e7ca9d57bc7d24
DRV-00919,Jawaher Al Faifi,RUH,2025-04-09,4.79,active,2c28d0f4c240c2dc60258df92abd188a,c918f6ca8e3a35d50f1e03474af98c9a
DRV-00920,Bandar Hussain,RUH,2026-04-09,4.26,active,01f49cbc8c3f3a61f81a4ce77885a1a5,bf64cf613c28759adc298e720f45f44e
DRV-00921,Khalid Al Ghamdi,RUH,2021-06-08,5.0,inactive,1f78cf04f7f9eeb4ced429b2df2ee0e5,5af2c8ab0e668a372f10f94835570957
DRV-00922,Saleh Al Harbi,RUH,20/11/2025,4.91,inactive,6dbc14da0ed2b892cc9237cfd5518e65,4d5cffeb84bc15aaf6accc5fb8b4241f
DRV-00923,Kareem Al Otaibi,RUH,"Jan 19, 2026",4.99,active,b40549748c1912fcb7fe0221683ac676,fb402e7bb8b3709b991522f273158b1f
DRV-00924,Mishal Al Zahrani,RUH,2025-04-01,4.72,inactive,46a4e06389cd7715d3a79d0af8573eeb,ee96f7999fb92a53c391934f9c952ef3
DRV-00925,Rana Al Nasser,RUH,27/02/2022,4.86,active,77adbeedda3f93dac2b4c7f53809eaf6,1e8bb4cfa3a9a84a293f4d4d4182e538
DRV-00926,Mohammed Al Mutairi,RUH,02/02/2024,4.91,active,4aefe5dbd1156b498a80f6b76a56bc99,1c3c09a34071052f79d5326f78334076
DRV-00927,Salman Rahman,RUH,06/01/2024,4.58,active,0d85990f1c2c13f0b45a63815e31c935,56155e064bbbee6fddac756bd77fae30
DRV-00928,Kareem Al Shehri,JED,30/05/2025,4.65,active,82a037b561255bad80acb66f1fe6d52b,7e7faee3e8c2e184de48f6c05c0ac339
DRV-00929,Khalid Al Rajhi,DMM,2026-04-19,4.45,inactive,638be4883e8ed846e6c01b4f98db859a,cb0170bbca68acb92e7afeeae4a98148
DRV-00930,Majed Al Qahtani,RUH,2019-05-22,4.18,active,f9e966c33047cc356a47ac5cf9ae9725,07dbfb46ef374c71bb8bd5344c5fcdeb
DRV-00931,Mansour Al Saeed,RUH,"Jun 25, 2025",4.4,active,ad66e9051fc9e94df6c79f46579b46e1,fe39e61e461fcb5ff8f692f9c8ac6f7b
DRV-00932,Musaed Al Harbi,DMM,2025-12-05,4.61,inactive,bbe33746752fb879962e07bd69c551f2,3c4fa1ae42b1dc723409b7aa700da27a
DRV-00933,Maha Al Hamdan,JED,"Nov 24, 2024",4.25,inactive,1e523e37494211a7543681ff1e728515,d16c5b5154ef5863c617ec42b2770073
DRV-00934,Badr Chowdhury,JED,24/10/2023,4.51,active,e643bde7235629885d5920cac8726477,154b4857b9cd3d616d10f7fbb413c593
DRV-00935,Rayan Al Ghamdi,RUH,2024-12-20,4.63,inactive,ec4c72c3914321d722966c33b45ffae2,055a9bc7a5f63a852c14af9c71849377
DRV-00936,Aisha Al Amri,RUH,18/12/2020,4.58,active,dcdf729e1abbe4120369a7485f963cae,1b4272634653a5341cfc6e2136bd95a4
DRV-00937,Waleed Al Anazi,JED,2026-01-19,4.86,inactive,57ff0e1af3ab99c2aaea0e69a05a4a0a,817157f036af0755dffe35a8d5461128
DRV-00938,Kareem Al Amri,JED,19/01/2022,4.88,active,71e6b491bee15555cb02dff762bbfe4b,3d9f0c2fc08eea2a0aaf4d1ee2ba7a05
DRV-00939,Waleed Al Yami,RUH,2025-06-11,4.41,active,1fbaec1bdaa7e155bc36fdc6e2d6e854,6ff40b494961cc230616371238156246
DRV-00940,Maha Al Zahrani,RUH,2025-07-09,4.48,active,5d54841a27422d4b2b7f6a9f859bcdbe,148d5f12f77c7744cf0a35b8ae594a8b
DRV-00941,Yousef Chowdhury,JED,2021-01-30,4.55,active,1198aa73de2b5429183a8b6c13baf9a4,3efd49fb6d0364f99eb7039f83842b79
DRV-00942,Adel Al Suwailem,JED,2020-06-06,4.64,active,b0d78d473c7d9ffb03bb49071a7ea6ab,b7047945bc1e0ad677bf0616e53d7195
DRV-00943,Musaed Al Otaibi,RUH,2024-09-24,4.88,active,462bdcdfd736c5d45b242db9646d9f47,4a34595d3a63758dd7493d68df9fba2f
DRV-00944,Lama Al Saeed,JED,2024-08-04,4.9,active,aa88027abd441fdff0a854726933bb9c,9ba34bd773bc40ca3abb5a9011103f5c
DRV-00945,Bandar Al Moqbel,RUH,07/03/2024,4.38,active,04c517f8c9eeae27f3c81cb1a347770a,c759bf1ddf42478cc85f00e0693f9a92
DRV-00946,Adel Al Khalidi,JED,2022-12-18,4.74,active,df00a4729db33f1619c6471d514fa297,6a39b0b129b03de3fc0367fd5e78a0a5
DRV-00947,Aisha Al Qahtani,JED,2023-09-05,4.82,active,2fd68f3cbc9aa13d5234f20f9c71b959,4837bd8e42131566199ebe9c76a0a287
DRV-00948,Ibrahim Al Otaibi,JED,2022-07-27,4.54,active,2f114c196dc6996821302d3371a11f76,30dcaef807223415ca26bcfb8df69d90
DRV-00949,Tariq Al Mutairi,DMM,2024-08-24,4.95,active,701bfc35a0b62e617adeaf6bbb059571,d8fd03662fb8d8566065b8794cca867a
DRV-00950,Usman Al Zahrani,RUH,"Feb 05, 2022",4.58,active,ba97e01bd3d53cdb8974130e5e2e5439,aec543aa30be597f934017dc6ad5ce9a
DRV-00951,Aisha Al Suwailem,RUH,2026-01-14,4.25,active,cc41af1390b770bf075481757bcf98ee,b4232e8c5a2709e16a183feab6e36c75
DRV-00952,Noura Al Suwailem,RUH,2025-12-14,4.56,active,6946b000d243d038f89f507ec39bae56,5cb4ebd373b3abc75afe277a75f70d8e
DRV-00953,Nabil Al Subaie,RUH,23/10/2023,4.6,suspended,cd3fd927a8d77933d231cb1a306cb20b,a869f63c77276df4fd1cdf7cffed0def
DRV-00954,Kareem Siddiqui,DMM,2023-06-04,4.61,active,78c986205efce08e2fd4e036e5da355d,64a0526ad6cdb8dba0f085e3f640450a
DRV-00955,Munira Al Suwailem,RUH,"Dec 21, 2025",5.0,active,ca8f52aef4106100894375f0f242d59e,129d402c5e64f2bc3bf66829456b8f72
DRV-00956,Saud Al Qahtani,DMM,2025-01-04,4.82,active,50a3b5fabeaa4ec3e90cd2d1a1175f23,d034e39b0b579dca659460baa1aa47ce
DRV-00957,Samir Al Suwailem,RUH,21/09/2021,4.63,active,f24ba6c65f43773719340067a58aab19,438047e0e2c4280b88f588b0cf7a7852
DRV-00958,Fatimah Al Rajhi,DMM,2022-09-08,4.48,active,f1e60b2664a9eff959f497c439de1662,86717222852f41abf97dd35e88099b7e
DRV-00959,Aisha Hussain,RUH,2021-12-16,4.75,active,37729accfb2b48c360b0523a7c9e92cb,2c096778d3ed644dfc934d4962791523
DRV-00960,Fatimah Al Subaie,JED,21/02/2025,4.91,active,8a6a097b95c91631cb73552d35e09fc0,f4a8464153bdccf08f5ce816a049f3b8
DRV-00961,Musaed Al Bishi,JED,2026-02-16,4.62,inactive,4453f8641683f215c16cf7c849df2edd,cdb9ab6b40f2c9254d36f59931b3c014
DRV-00962,Noura Al Hamdan,RUH,2025-03-30,5.0,active,265e60970a35d4bd2875ec306c5beee2,a824bb66b13c06c2c5c8baf6ec5e03ba
DRV-00963,Nabil Iqbal,RUH,"Feb 28, 2025",5.0,active,9027d9ad041f809bf4348df25fc05d6b,4dcd8f3afabf00da203df94bd5489ce6
DRV-00964,Rahul Al Mutairi,RUH,2022-04-13,4.52,active,5acfd235ae378f8ef11d7d2f711d99c1,f19518d7a45374b547dea5e842533aa0
DRV-00965,Maha Hussain,RUH,19/08/2024,4.9,active,cf20377d2a801f74d40f54950c76af3f,6eafe145fcc72677de8db7ab0573b45a
DRV-00966,Mansour Al Khalidi,DMM,2023-04-23,4.72,active,f76b25739385ab3011eaa9bdc46cb704,fda436a2ae7e0bec6be7c7b817f951c9
DRV-00967,Naif Rahman,RUH,"Nov 19, 2022",4.52,active,4c6b707e33d8a294bd394ae7848120f7,2d220770a0f70a6a33f2291d7186a1bd
DRV-00968,Saud Al Moqbel,JED,2020-05-18,5.0,active,b063b7ed087a6405903404370d6eb4f7,9b964391521c63d8cd97e4774eff099a
DRV-00969,Sultan Iqbal,DMM,2021-11-30,4.62,active,e8fb9c9d74de1235c68539cee3576ba6,4b6dbc3fbdcd893cadc044cabe674ede
DRV-00970,Dana Al Turki,RUH,13/12/2022,4.57,active,bda9af05b30d33cb7fd1855bacc6ddd3,c64937e7222ba12602288f3ca0a1292e
DRV-00971,Mishal Al Yami,DMM,2024-08-01,4.64,active,61a70a48e2f8929993f5ffa97b5af89f,b4ad44a9456388df9ea4e9000e819768
DRV-00972,Hassan Al Ghamdi,RUH,16/09/2025,5.0,active,e3b8eb9b85220c5e9e0aca908d161e87,710b4b0cfa1867b807245342cb45abd0
DRV-00973,Kareem Al Juhani,RUH,2026-05-12,4.53,active,ef4c6b1348d4345afc8305cd46647e76,9d51ad82089ef31f04c3b82cfde7df42
DRV-00974,Rakan Rahman,JED,22/12/2025,4.78,active,86f5b3dc9b2bcb0f1779831a07a4cf15,05c4772412c05f4b283506c35cefeefa
DRV-00975,Khalid Al Sulami,RUH,2021-12-14,4.91,active,27bcab7ba8658985fa3712353f9aa5f7,b1a4677fb4a0cd5807337f96fb3e15bc
DRV-00976,Nasser Al Rajhi,JED,2025-10-25,4.83,active,1040433c33c99faf3b704de0bf02997c,f66483607c0fd1b987c89bbb46f028f0
DRV-00977,Aisha Al Juhani,RUH,2021-03-18,4.71,inactive,d38f38f361ae3a562b79e50b04c88cb9,51bb7d235f42379c4e82d366609f9926
DRV-00978,Yousef Al Harbi,JED,15/07/2020,4.83,active,05064115585a26253e654e0ec469d7bc,b6c9b7128ed9f279dbacd70f91876cc4
DRV-00979,Turki Al Shehri,RUH,2023-08-02,4.99,active,82adbe45ad323274301a57ea6abab5d0,fec1ce2a2fdede13108d5369e87f1e9d
DRV-00980,Khalid Al Hamdan,RUH,2019-05-23,4.33,active,999ae26212aad435f1bc0221387003e3,72ecbf07bcd9c44dbb4fc69fb7356571
DRV-00981,Mohammed Al Qahtani,RUH,2024-07-03,4.91,active,bfbc76dd351c0515cf90a128a86b8ca1,0dee8392623ef2f7d5b05f01d47fbf62
DRV-00982,Bandar Al Subaie,RUH,2025-04-27,4.41,active,e1020291a76c43d8517583850a04c789,f1e49e836157bf0db32661f1a2baae1f
DRV-00983,Omar Al Suwailem,RUH,06/11/2025,4.61,active,80e64ff03ff8ee2fd814cd7846654c33,9043c6609b325370e3f6bfde46c6311f
DRV-00984,Anas Al Anazi,RUH,"Dec 19, 2023",4.39,inactive,7cd2bccca7575edfc6da0f53d69668a4,bbdee826db2104c10d3b2dea4c731d65
DRV-00985,Sara Al Bishi,JED,2025-09-25,5.0,active,7d570f08fcb858c1acf1556095ba08f3,4d3800d63383c59c660e5aa795690896
DRV-00986,Fatimah Al Amri,RUH,2025-12-05,4.74,active,86002e65faabafe9c0d53a1a8931d7f2,50f8bdcf52d36c055635bc707f5ebbfb
DRV-00987,Samir Al Malki,JED,2025-08-03,4.89,inactive,77c063f8af920fb4b04a6c5bbda991e3,4c2854f3b6bc35dbe71304b132592915
DRV-00988,Faisal Al Otaibi,DMM,"Jan 03, 2023",4.81,active,2f140020b76aa7588580c399ec79f71b,7fd9ff6caf628131bd2fea1cbc184152
DRV-00989,Fahad Al Faifi,DMM,2019-11-13,4.99,active,c68ee4f5fa28db81cddfe8b953f793d9,e65664dc0df042b889c73289b6b73f1e
DRV-00990,Omar Al Mutairi,RUH,18/11/2025,4.27,active,4ed7351d2ced1cf5ad3d98fef8cb98a5,aa09ee47f988825c39952b3d511f7068
DRV-00991,Ibrahim Al Nasser,RUH,2023-07-21,5.0,active,48a0b2aff0422c07e7d8100b337d5f47,47c6e90e7a0a74d166307598d882cbfe
DRV-00992,Badr Al Khalidi,JED,02/02/2024,4.63,active,dd05119327f41f67c5e5d510369ba065,ad783a3065c325411b0d30c0a2221c00
DRV-00993,Aisha Al Khalidi,DMM,2020-04-13,4.63,inactive,2c39f0c6606cae05d705e023d1c74127,da4656068aea368ba0df3e2a264845fe
DRV-00994,Maha Al Shammari,RUH,2025-11-23,4.88,active,ac526456ec39b5ca87b71bd2f58959f3,d2e3a890863e5c6f1cbef5dde28dc4c3
DRV-00995,Mishal Al Anazi,JED,2025-06-29,5.0,active,410184e4bb53a58964496ea61f53d45d,e80ed88784ab6201e824639881b97f17
DRV-00996,Saud Al Ghamdi,RUH,"Nov 11, 2021",4.47,active,9108a0376a2778d44ba31df5843b703d,a3aa74d50bb28387c7cb00b103037708
DRV-00997,Hussein Al Malki,RUH,2025-01-27,4.61,active,852381d2c49c5266015490bd7480150a,2e70aacba4451ff52b8ce2349645c0f0
DRV-00998,Fatimah Al Hamdan,JED,2021-05-19,4.69,active,d50f56ec26071f8620d691290371a7a6,a2ece562e39e4a4f695b42c7762da831
DRV-00999,Hamad Al Harbi,JED,2025-11-13,5.0,active,e27d8df10b6c7c6386a68974273894db,9655f8a855aada6427345ea1ad7c18e0
DRV-01000,Rakan Al Suwailem,DMM,2022-04-14,4.76,active,c533743d632abe2109eb230d2e004b73,76add99ef6b65b256cd6b079d2ebc73e
DRV-01001,Yousef Al Sulami,JED,2020-03-07,4.86,active,c55db015283572754a6a4603aeaf5327,fb7a7a2ee49249189e59b4d8f4355182
DRV-01002,Omar Siddiqui,DMM,18/06/2021,4.81,active,012ac22ba90172fc7a33099aa51975e1,7b9be4a51f5aca319c87134c52df0cb1
DRV-01003,Saleh Al Shehri,RUH,2024-08-28,4.7,active,e8191c6f3114437e14d87e1839516f10,8836dfa26c8513c0958e11c70c7390c8
DRV-01004,Badr Al Mutairi,JED,2024-03-05,4.62,active,cb1ac032009da0af76b189f442632cba,00de39a71cd5107e207b3f652a5fad93
DRV-01005,Nabil Al Hakami,RUH,2023-02-20,4.86,active,14e13d3564aac699735f87456b4e63bf,cf8833fe23c9902c68d871c7b0036ffa
DRV-01006,Amal Al Saeed,RUH,16/05/2023,4.94,active,1e1c7031bf6dc10b1214667540d47ea8,13dd4807a0bc6e3ff6802592b0f31931
DRV-01007,Nasser Farooq,DMM,"Mar 07, 2025",4.92,active,f35ce9ffb639a9e59f3d9c18848497de,1ae903134ff517bdf15c3e9bd47bb2ac
DRV-01008,Adel Al Otaibi,JED,2022-11-07,4.78,active,43da7085558dec02a21bf8a1473056d7,8990cb4b5b5f8ba74f1e2648a63cdbc1
DRV-01009,Munira Hussain,DMM,2022-01-20,4.59,active,398e05eff1b4c0966ffcb2db962565f4,82c0109ccfb497a810f35cffca4ab2b9
DRV-01010,Lama Al Sulami,JED,2026-02-08,4.54,active,61855e510b52a3b85863fac067857e5f,026fedd4f66967d24ed27add68b0a033
DRV-01011,Rana Al Shammari,JED,2025-07-23,4.89,active,1c8eb3b86011f9633cc691f08474dfb0,84d742c2ffc2a6e503d78a67b144fc26
DRV-01012,Aisha Al Nasser,RUH,2024-10-25,5.0,active,97236ea04ab5499067403e303f8d156d,34c9852ac46040e026c0a151ccf5d81c
DRV-01013,Badr Al Otaibi,RUH,2024-02-11,4.97,active,004f6c3367d2566517a65cdf55851c63,f9525fb87eac33232a6726bd807f07c3
DRV-01014,Mishal Al Saeed,RUH,15/11/2023,5.0,active,5a4aa489670030f5a5fe84ee2a6fa2a7,c1011f0ce7631ae51be51b59bcef4d76
DRV-01015,Waleed Al Balawi,RUH,2025-11-10,4.71,active,6fc79ed7d30bd398d08a8b8c2d566003,caa128b533eaf5e0891c974f40009c03
DRV-01016,Rakan Al Nasser,RUH,2023-05-24,4.56,active,06b9310ac6f343da4cf772c3f9a349ba,6763a1ad6d7c043fd3517c97d7578e40
DRV-01017,Hessa Al Asiri,JED,2021-10-09,4.76,active,59612360516d60b6537955cf04aa83dd,74a612844f9cce0b32df790fa080ced9
DRV-01018,Lama Iqbal,RUH,2023-09-11,5.0,active,a3215c3b84c60d61d1610f2b62bb4c27,2e04ff1e9e9ef3b5d191bd9900b4997e
DRV-01019,Aisha Al Bishi,RUH,04/10/2024,4.39,active,b78c92bc441f7d9b877f69f9ed207931,2666dfbee1b2206c6758bff712aa03b0
DRV-01020,Munira Al Hamdan,RUH,"Dec 26, 2022",4.79,active,a47cdbfaad60b839b7a8be668264ecc7,221a86ee986e7a928d5ec9bb20931c24
DRV-01021,Samir Al Mutairi,DMM,04/12/2025,4.91,active,4c69d530736839ae3b0a53375d78d085,ec53e6f4bfd78b15745f7f945ee677c3
DRV-01022,Khalid Al Sulami,RUH,04/10/2025,4.61,active,e2dc4b259cd1bc96b436212a73db8ea8,2d7aa12143eebb17c073f3756557db87
DRV-01023,Dana Al Dossari,RUH,"Jul 15, 2024",4.86,active,ffbe522a47c578172bc81470c391da25,392c752f53e18686e81ad73f0d974913
DRV-01024,Dana Chowdhury,RUH,09/12/2025,4.9,active,d8a5162b0559af72bd11e492e357b984,4be70dd900c1aa22a6243aa2e4bb8b52
DRV-01025,Khalid Al Balawi,DMM,2021-03-28,4.75,active,48625a13f4c2c143fc7c06c947539f80,c308116eed8b233ee8ede4d9a5060493
DRV-01026,Nasser Al Harbi,RUH,2026-03-06,4.8,active,4997197ead5aa7787eacb0a0191675bc,4f7dc22f3f59dcc110d67bd1365014fe
DRV-01027,Ibrahim Al Hamdan,RUH,2024-09-20,4.86,active,51a4bf302881c138fa345d13c73e2ef7,2eb58013616eccfa383b00de1165fa89
DRV-01028,Khalid Iqbal,JED,2024-08-08,5.0,active,4188de6601f3cba274f8145204010c05,7285025938746c4e37e840433a6c793e
DRV-01029,Badr Farooq,RUH,2023-06-18,4.8,active,7ed2df9a3d1b0d467f6e898a6c851452,075b7a9b6d236df2a981eed062ed89a3
DRV-01030,Layla Al Otaibi,RUH,2020-10-01,4.83,active,34914a01e83bc7549d1bc47b9dcd7643,5ccb6d914d869e72170a7dbbd29adafc
DRV-01031,Kareem Al Hakami,JED,"Feb 04, 2026",4.62,inactive,0b1ee744dd37ef1049798bf194f6c123,a361884017e09f064c8870b0befe01db
DRV-01032,Hessa Al Moqbel,DMM,2023-08-20,4.66,active,1b584b1e4743060e95cf08c7c834c9c3,4ebd0da133374e0486cecb8bbc86368e
DRV-01033,Bandar Al Balawi,RUH,2020-06-16,5.0,inactive,4d2760883aeb13c1db7f6c48fb698215,f156519699cc1df12d03688b0e2fd3f4
DRV-01034,Reem Al Malki,JED,15/01/2025,4.47,active,95810f299b7a05bcd924ac11750ef077,ee92527945a16230c8d8b795efb10777
DRV-01035,Rakan Al Saeed,RUH,2025-08-07,4.73,active,956c3a8c7d17ccbf51a49465bf822d54,3d5202802addcbcc51d248fa6c7d77f9
DRV-01036,Majed Al Amri,JED,2023-04-08,4.91,active,8e4ea00e4dffe7136241b04ef196ff67,06e0ee0e236d56e8e09fce19d8f01bbf
DRV-01037,Reem Al Zahrani,RUH,08/04/2024,4.72,active,eea2e3686de87e3a3326ebe0b6dffd3f,43bad58ff1e43bd6cc50b3b9874757dc
DRV-01038,Badr Hussain,RUH,"Jun 23, 2025",4.98,active,321eb47b01129f09c9d5b942923e6e95,f49ace474cca396dd8b9def7392d0823
DRV-01039,Haya Al Dossari,DMM,2024-02-25,4.39,active,531cb8524daeea472f6d7208946f660b,ccf007807dc99bd9c2283fdb49fd633c
DRV-01040,Sultan Al Saeed,RUH,"Nov 22, 2024",4.82,active,e92f672ffe128d94c0007391035bb02f,ebf2bee0b23a50dff0a61c0f44903cde
DRV-01041,Omar Al Anazi,JED,2024-09-09,5.0,active,e6eb27117954f3164ba247b7b4db5357,2deeb9c6fec69570577dd77ca9236d81
DRV-01042,Nasser Al Rajhi,RUH,19/05/2023,4.55,active,fdf88d60d767feec82fc122e00c20c9e,e5d0e8e3b96fdc40ff2325c4206b7cb6
DRV-01043,Zaid Al Otaibi,DMM,2026-02-26,4.5,active,b3cb4407efef5d9e0aa06ca50459b653,6185d8150714f4237c9d4f3836f93a16
DRV-01044,Rakan Al Turki,RUH,2024-11-13,4.81,active,cc4e35d1f3dbfb0db5ce73bde86c51b7,d6422c7581ba8aedd970e147cbd2725d
DRV-01045,Amal Al Juhani,RUH,2026-01-26,4.61,active,de0ee4c54bc0d9168e60c78f850c3768,2337293831aa55d3a9c1cc3cc604b275
DRV-01046,Sara Siddiqui,RUH,"Dec 05, 2023",4.86,active,9a7903c913204a26ad7b6bf872eb3d8b,bba036443798098cec4c47ac627118a7
DRV-01047,Naif Al Anazi,JED,2024-01-03,4.74,active,271cfbd0c86dd3ed845781b69b67755a,a7feaf2c56845862f649a5981c85eaae
DRV-01048,Hassan Al Juhani,RUH,2022-09-05,4.33,active,1afd61d4d83a75e0688d3cb41a3271c4,aae654c433fb66e16c3bb8be79c84dbe
DRV-01049,Usman Al Balawi,RUH,2025-09-12,4.64,active,1fea4ae42de4493fb292e6b7c86e1494,807f9a18ce2ef6837a980f62ca893dc3
DRV-01050,Ziyad Al Qahtani,RUH,2023-12-28,4.53,active,5f0893bbcd451a0b3e1f939c4d928c7e,61f60266c5d067077f909941b93b5495
DRV-01051,Turki Al Anazi,DMM,2022-05-26,4.67,active,1fd5bdb10413d9618a7c56d9f0aa9bc1,7a27feec0e6432705527e94bab91ff7a
DRV-01052,Fatimah Al Nasser,JED,2020-12-19,4.82,active,2410dbcb00c6cf356b1254d802068109,ce0f9dd83de08114b4f666755d0bd8b5
DRV-01053,Sara Al Rajhi,RUH,22/01/2022,4.91,active,38e8b469a398f7712911016ec3b1df50,44ba3e40870468dc561124cffa3745e2
DRV-01054,Turki Rahman,RUH,18/12/2025,5.0,active,2c6d4efb28828bd55af2b5addf40dc56,b46ab9524a2e77de6c984e92befade39
DRV-01055,Mohammed Al Asiri,RUH,2025-06-04,4.75,active,680b52c24eecea805012d0ca58dd0180,4521680e37e3c181efca1ed76b988a04
DRV-01056,Imran Al Juhani,DMM,2023-10-29,4.66,active,152ef9bc700310f4cdbf625f70d41bfc,5fa5abcd7975830f95f76f6a24784116
DRV-01057,Fatimah Al Shammari,RUH,09/08/2025,4.83,active,e0de34407d56298bd3085506103451d7,3487cef0852b2b7d9bc2880e738b1774
DRV-01058,Jawaher Al Ghamdi,JED,2024-01-21,4.82,inactive,97a8a3113dab2f50561de03b929d21b0,05fb08df6d08f53669c431922b730072
DRV-01059,Noura Al Ghamdi,RUH,2026-01-06,4.8,active,9e47d2fdb40530e2552f99b2c7770b79,9ddae6e62e2b40cbf08a0355f8095994
DRV-01060,Hassan Al Faifi,JED,2023-03-23,4.73,active,a369c90ede5bdf7444c8aeb3bf55a3b8,8067bd73846ef4db621886757e7aa7d6
DRV-01061,Bandar Al Zahrani,RUH,2022-12-21,4.79,active,36e1b04deb40b015e5c3f4e978c1ff3b,f436fcdd9784149564f15161e1c7cc5f
DRV-01062,Saleh Al Saeed,JED,"Dec 26, 2024",4.77,active,e4a559478f628b9096f7e0980a7697d2,1b32674dfd8a13b6553815d1eea27934
DRV-01063,Usman Al Anazi,RUH,2024-11-07,5.0,inactive,ecfa8a614fdac36dcaf7611ce40d5321,3b4f9e3b479fba8cc0c6c6671036f0ed
DRV-01064,Maha Al Malki,DMM,"Nov 13, 2020",4.81,active,4c651281d2eaf53f8dafa3b3a1f3e92f,6c674ee28dff152480867d7165f813f8
DRV-01065,Hassan Al Hakami,JED,2024-02-25,4.63,active,b7bc9601434449dfa489be7d27204139,f7f0c63b629692f1a4e22007fef5b45b
DRV-01066,Adel Al Dossari,RUH,18/09/2024,5.0,active,9370a46d5ebe0a9c82aafe1c354f9257,988554ece4b1a799cca3352bea44cf15
DRV-01067,Ghada Al Bishi,JED,2025-11-26,4.9,active,ad69a5c1313cf04cc0e796bcfbe12866,3af2d3b4c412abdee9bd2a602ee65b54
DRV-01068,Bilal Al Hamdan,RUH,18/05/2025,4.92,active,ff960f0b321e3db8c3371e9b03ea0980,6e9e92d82aeb55e6953cafce008074eb
DRV-01069,Jawaher Hussain,DMM,"Jul 03, 2023",5.0,active,247ea2152222b797cc2b5fa441bd8284,a127415d1f5cfb4d38d004d20a66c9ff
DRV-01070,Aisha Al Qahtani,RUH,2024-11-02,4.74,active,893f89fec266e8af0dad2eb52683a53f,67f7419a0b1081366ad2bd66db5bae30
DRV-01071,Turki Al Sulami,RUH,2026-03-28,4.97,active,b7173fe48b4801d7113270eb658be277,94e58ae5d1ad766c56a9e16940330808
DRV-01072,Kareem Al Balawi,RUH,"Nov 01, 2021",4.49,active,9b3952fe476311fbfad50fc4da89d9ac,8244e8043bce882f2e22cd1be011e3e8
DRV-01073,Mansour Al Yami,RUH,2025-05-28,4.87,active,28b07c014acd61e493b2a51197a9af88,3777a19ab1b8325e80b642a58c854d01
DRV-01074,Bandar Al Rashidi,JED,2024-02-09,4.67,active,24399f1c26a79f62098b5026e8cf24b8,0b3c42e2e0323e558a9458cdffeed2d6
DRV-01075,Omar Al Sulami,DMM,2023-08-23,4.45,active,56ec9e88c764b1ac10ecd867d1ad4b27,9a7cbe16211e0382a052d4d0223fc0d9
DRV-01076,Rakan Al Bishi,RUH,2019-12-06,4.49,active,c5dcbf7e8fce9d2287d084190da14160,27bb65c4a82ddc5a8aefea967b82cd3d
DRV-01077,Musaed Al Saeed,JED,2024-02-14,4.49,active,18fa2b4d0d5d437feacbf316a7299ee6,98ad3ddbd7c6dab47702724e8f61b431
DRV-01078,Munira Al Mutairi,DMM,2024-03-28,4.79,active,3c029d021ece7b5bafedd059e64a5f12,9eb76534e2846456c6e09c2fd7f6e98b
DRV-01079,Tariq Al Hamdan,RUH,01/01/2021,4.77,active,204080a7373859b0ae75ee3febc314e5,42dbeed380aee7bd40a94d1eaa21b3d8
DRV-01080,Kareem Al Shehri,DMM,2022-02-20,4.71,active,6ae85932b38d2fc533cf4c3485f53f09,20500e1c6b62ae12cebd8177ee7af535
DRV-01081,Ahmed Al Harbi,RUH,2024-05-25,4.71,active,f28c23e7b7c9cdeb863a1237221b3f49,ee30d81bb00430da494cdce9d906c159
DRV-01082,Rayan Al Bishi,RUH,12/01/2026,4.59,active,e19759204acc3a95015e814e53c8fba9,806688fe43a079cafa0199039d8c820c
DRV-01083,Mansour Farooq,JED,2023-09-24,4.89,active,a5dc1da4c21f02d89031fa87578034de,efca804a122b5c02e2e1d92e7b6d9348
DRV-01084,Noura Al Amri,RUH,2026-03-18,4.82,active,e03990ebdb2a347b5c7a95cdd8fb25e5,bbde64b404d04c8f42938567b41b1f19
DRV-01085,Mishal Al Suwailem,JED,15/02/2025,4.73,active,1a65f5f3b57831290ca85edfdccd8166,10e2b13920cae8b12585c6e60b86826a
DRV-01086,Sultan Al Amri,RUH,2022-07-23,4.91,active,d6dc63288b8774104a4431388fe33fff,5ba000a4df36b04695214710505b1ffc
DRV-01087,Lama Al Nasser,DMM,2023-10-29,4.58,active,45f8557a84021396b194b374236075bf,60bc559a4db67e3121a8a4e090c69a75
DRV-01088,Mishal Siddiqui,RUH,2025-11-23,4.6,active,ddb3b4f6374c66f834d9700b86a37f9b,3c616e4f0d6c9b38a74d83702041e159
DRV-01089,Omar Al Subaie,RUH,2023-11-24,4.89,active,bdb3469f7e10c0da5380ab0e11a2357c,b0637fde623d55b0b7d2704a81c0b7e3
DRV-01090,Majed Al Sulami,DMM,13/04/2023,4.79,active,ca11612878a1f4381b39dcce885624f4,5a7e7bf8e4a507d10258d3ffe7f8145a
DRV-01091,Munira Al Shehri,RUH,14/09/2021,4.2,active,76cde19653f208a9366dfa04011faa9f,61b1787ac38a4f602ead4a03d3891c7f
DRV-01092,Fahad Siddiqui,RUH,2024-12-06,5.0,active,4f509a4d2618e7269057d39128541a33,0793beae0bdeeca47428aa90a071dbd8
DRV-01093,Rana Al Saeed,DMM,24/08/2023,4.83,active,17fd3dd556395678e314c1410889953f,6557eb6365654e0f46be794a4cc68799
DRV-01094,Adel Al Bishi,JED,2025-03-13,4.62,active,694a886d94d3d0b9b2feb2e524e77567,10614aa9685374cde7d49072c7754c33
DRV-01095,Dana Hussain,RUH,2026-04-23,4.28,active,e9863e62bb1a178d3cfc47e61e34d739,d7f0884f543c2628d5abe5d9219d47b9
DRV-01096,Musaed Al Dossari,RUH,2025-05-21,5.0,inactive,2e5e01da1154d444b861e69ef8609d44,1c087f649a3fbfb281d5d217edaaca5f
DRV-01097,Yousef Al Harbi,DMM,2025-06-16,4.89,active,ff9443822ec660d388bc3078ce063f7d,3c09e0190cecb48d5bfa78a17e32b43d
DRV-01098,Bilal Al Dossari,RUH,31/08/2025,4.41,active,f2225118d03b4a23654dad36b0790348,cdedc6b05367da1fc4b79b84d18e7db6
DRV-01099,Jawaher Al Hakami,RUH,2019-05-27,4.82,active,073ffb0be4455a66a1323292e52b1ba1,b133b2bef6e05a8ffd76e26370f6f0bb
DRV-01100,Samir Al Moqbel,JED,2024-04-07,4.63,active,acd9959a5e491c1481e4e08cb51d0d63,36e995bace6fc62b728af0674425ceaf
DRV-01101,Hamad Al Faifi,RUH,03/11/2023,4.63,active,dcff007f6fd08226a6a98ace9b288605,076a506e5738add936b38c1f9626e53c
DRV-01102,Saud Al Balawi,RUH,24/11/2024,4.6,active,a0556f23db4d9bffdfdda1164399b461,b5ea1dae5e3f11ad44c7ced8da7e1a7f
DRV-01103,Hassan Al Hamdan,JED,2025-10-22,4.49,inactive,5001e7c2fd975967072d207560361b0d,f9f8be9b58e3554b0572d4cbbcdf9fc5
DRV-01104,Waleed Al Anazi,RUH,"Nov 01, 2023",4.68,inactive,3342702c88b214c66280b6489d972c52,c81e4322c8d6072fad4b2ccab35167a1
DRV-01105,Aisha Al Moqbel,DMM,02/08/2021,4.79,active,97cb7521c974bcc067b1e205e4f8e31b,6291a2c35b566f1c36b0a7a17af89348
DRV-01106,Samir Al Sulami,JED,2025-01-17,5.0,active,5fb7bf40360d3e55f6ebaab1e8c9c882,86885139c000e769b4b99842a881b897
DRV-01107,Adel Al Shammari,RUH,"Nov 26, 2022",4.78,active,34ad177333810610105dfd2f773748cb,2ea3bf595da6ad6e4776d2c62a6c7ddd
DRV-01108,Rana Al Suwailem,RUH,2022-09-20,4.91,active,0c0c36e93c28f75003486ebecf205bf5,679a9c6e1510d4c5365e8b193b0e9730
DRV-01109,Naif Al Hakami,RUH,2020-07-16,4.61,active,3487ba46291848e58dc5dd19e551a52e,6dd046b528ead28cdfb0942b69032c1b
DRV-01110,Waleed Al Zahrani,RUH,2021-10-24,4.88,active,075bb32e321c3f3a8f35ba1780ea54db,17f8b6b22f20567242948d2a601ae020
DRV-01111,Saud Al Sulami,RUH,"Jan 25, 2019",4.72,active,ef865b3dc847dde6b8fe7396241333a0,30dec7d695a083e3c8b145c2ce4f6a50
DRV-01112,Salman Al Amri,RUH,09/04/2026,4.96,active,f260832fba407269eac35eb26534bbe6,f10c6f10422732263168138103bd0d5c
DRV-01113,Layla Al Otaibi,RUH,2022-06-12,4.98,active,0f1e0f0502080bdb633b1d4cd7c3ea6e,d9f99948a7db6b516e7e44d79588aa60
DRV-01114,Zaid Al Moqbel,JED,2023-04-26,4.85,active,157c94ef9237c4e77765770128bfb3f3,c96891f4e66ba708f6547d054a02ca50
DRV-01115,Sara Al Ghamdi,JED,2024-06-12,4.64,active,26b53f09e2a09ee9719412cb878a6d29,9d58b32919ebdeffd593211c240be526
DRV-01116,Zaid Al Saeed,RUH,2025-06-07,4.88,active,13c31cf78c8f09f5b2d398f71bb2d3d4,a104296065fd24f0da63d50e493e9159
DRV-01117,Hussein Al Nasser,RUH,2024-09-03,4.46,active,edd06c1e0dce5b6d6876053355644b0a,6131865cd02e7ae022c73536cbef8240
DRV-01118,Sultan Iqbal,JED,2025-01-25,4.88,suspended,ba40fb901f898e3fb1497ef701f59e8c,141443b3bec638f20ba13d06c12b700d
DRV-01119,Sultan Al Hakami,DMM,21/05/2025,4.41,active,15147c152ea258bbb9db6a8b7ca8b954,ddbb0ed12205a6b8054b26a26ede202f
DRV-01120,Mohammed Al Rajhi,JED,28/03/2025,4.86,active,1602a0f3258d0fb07e7d04bbe4e65849,67d6670387c00c91d1d70bf7dea35216
DRV-01121,Ibrahim Al Subaie,JED,2026-01-23,4.4,inactive,b09b045dbc757d730380ea7ba2dfe0fc,7bd16b9a9b3a16a61d47cc25bd8e5a25
DRV-01122,Rahul Al Moqbel,RUH,2023-08-03,4.72,active,43ea10a1e94ea0040b80add2f099d6f1,351c219d84d31180bdf02af67251d76d
DRV-01123,Majed Al Nasser,RUH,2023-11-05,4.59,active,f294063a885c177cefb222eb6ede6ed4,14106cc8a15a7dd020581867c1533169
DRV-01124,Yousef Al Asiri,RUH,14/02/2023,4.73,active,5035df0860da2530c24fee3ac281dace,33ee98750308f5982833652e0bddae0e
DRV-01125,Maha Al Mutairi,RUH,2024-12-27,4.61,active,66ad4414394077129a7cb191f0727333,f58b0d7adabb17b0f8582dc5f52fde97
DRV-01126,Lama Al Harbi,RUH,"May 25, 2022",4.47,active,c5486ca46f6dc74111ed03295e9a9f41,cb348480d0b09d9ff4a89c8225531f54
DRV-01127,Ziyad Hussain,RUH,2023-04-26,4.2,active,1de0ff09c848411a4739011496e9e045,849031d4d1353a25ced5d47336990b05
DRV-01128,Musaed Al Ghamdi,JED,2021-10-23,4.66,active,c04dd324370e7853ecac428afa4cd41a,439281542ae661e0d5266cc1343ec9b7
DRV-01129,Fahad Hussain,RUH,2026-04-01,4.41,active,1e12a847021b5826f85de4ad5661169b,c674ea1989cd1a53d22409b3f6070ac5
DRV-01130,Turki Al Hamdan,JED,"Jun 23, 2023",5.0,active,d348ec7676bb3e3649bfe1337f986161,2ef784b7b5404bd49e2d52220d176229
DRV-01131,Amal Al Otaibi,JED,08/02/2024,5.0,active,59464cb2b32f46faedeb23a132296881,dd969679a604b571b0b5a0ddc98b456a
DRV-01132,Samir Chowdhury,RUH,14/11/2023,4.39,active,fcc5f73e2f7ac2ae0d2c784b1b85ec09,adf60c2bd3d9a4462899abecd300dd14
DRV-01133,Rakan Al Rashidi,RUH,2025-10-27,4.44,active,5154c168bd49e28fa3b15a9e40474dc5,fad3eebdf8ffce586fddc8689da3da03
DRV-01134,Badr Al Asiri,JED,2025-03-17,4.9,active,948677847acba939f7de23381072684b,a1dfa55358a5be69386efe1126cb4646
DRV-01135,Samir Al Faifi,RUH,2021-03-05,4.67,inactive,28a2e3def56c1a531db8933c1d19c5d8,c3fc724b90b0362d3d1cd5ddadbefd81
DRV-01136,Hamad Chowdhury,JED,02/08/2021,4.51,active,72ad629f63f9f44c11e4fa63634f6ec6,879413fccf0ffd18ffcd7cd59add38ec
DRV-01137,Salman Al Turki,RUH,01/07/2024,4.51,suspended,d731e295d3a55a114aad9826caafe377,3a19bd6d8dd42e543864ef7d3f8f166d
DRV-01138,Ibrahim Al Malki,RUH,2023-06-15,4.54,active,b534d64cd887e0499c1aeff51792a161,060cde0310fea7afec84ffb5664b952a
DRV-01139,Musaed Farooq,JED,06/02/2023,4.76,active,6b11d6b59e1e1cd975b229e0a1f74c45,a5ae686b91233069438e6cfeb41e1a2a
DRV-01140,Abdullah Al Amri,JED,03/05/2021,5.0,active,8865bea972fe1734c8f9677805c4dfc5,466de9419bc59abb9028349c6c06a6e9
DRV-01141,Saleh Al Yami,RUH,26/09/2022,5.0,active,b3e5be1e2592b43e1d7f48797f56f92e,c18925e9cf143aeb045ce3d7f6004523
DRV-01142,Faisal Al Dossari,RUH,2024-03-01,4.43,active,0dc995bea5b357cead9574e7eaaeb8ad,f3b13d7560ffe039538474888919a5f8
DRV-01143,Amal Al Shehri,RUH,2020-04-24,4.58,active,3f1800c54855249ce667062dade78d7c,13a3a9b57ac4afae7b82d8ab36feeb8f
DRV-01144,Saud Al Moqbel,RUH,2022-12-29,4.64,active,679fb0894639bddb0fbead5c04a41be4,1d32dd3c5566f12826038bd8c2346478
DRV-01145,Mohammed Al Dossari,JED,2019-12-16,5.0,active,2c3db892f5150d5112767530794f99fb,9be46d18efde0757e13bcd7633be4f8a
DRV-01146,Ghada Al Faifi,RUH,2021-10-13,4.35,active,5ff07dac55f8bd7a9a86fb42d698dbab,1c5cfe0e7761dc2e149bba9f1bcf2a36
DRV-01147,Mansour Rahman,RUH,2024-04-26,4.95,active,650f8519c32198cf89184163f524b00b,030320f7f0507005bb610084db061b08
DRV-01148,Dana Al Suwailem,RUH,23/09/2023,4.86,active,65695f86dae571c93bab000349fb5f10,5a3950f42e8179451437d1107ccb0c23
DRV-01149,Adel Al Ghamdi,DMM,12/09/2025,4.5,active,81a7dd806df3a50988c519653fd4fc87,9fa09d8d556be481ddbcdea952451372
DRV-01150,Badr Rahman,RUH,2024-07-10,4.62,active,c8daed86ff1fac88bd3a3cdd048f2e7c,387dff1760476d55f79025e237b57030
DRV-01151,Aisha Al Rashidi,RUH,2024-09-07,5.0,inactive,fc41a8585cf7be8591c8373f12c5ebd4,d11b880410698be390d21065c343488a
DRV-01152,Majed Al Hamdan,RUH,2021-10-24,4.71,active,1c4474472ff46f11f89f9c92ffddf4ba,ade6ac3c363dd78ec15b686084802baa
DRV-01153,Hessa Al Sulami,JED,2025-08-15,4.54,active,d546e7c36643e1eff6e9b20950bfeda0,30e3e8eada2900cd9f120276553972ae
DRV-01154,Rayan Al Balawi,DMM,29/10/2025,4.77,active,ac37e8eb6bca8d23c708cf5823a6ff7f,c37c9c08b1dd2631ce7de9c9032c167d
DRV-01155,Lama Al Amri,RUH,"Feb 10, 2024",4.84,active,464cc8a1947931f78ccc283ca1c5c0c0,a4a5b17aeec434b52edb0ad2020f0df7
DRV-01156,Yousef Al Qahtani,RUH,18/02/2020,4.89,active,8e12677ceaea19611280ba512ce4574c,153d46d65d239d0eeddec9bc528c692a
DRV-01157,Reem Al Ghamdi,RUH,2021-08-27,4.84,active,c43e1a4f778ef0d20db58bdd9ad46565,c0a26c35f8529f0342c445728766e5b3
DRV-01158,Zaid Al Dossari,JED,2025-12-30,4.77,active,663205664234c71ae72ea623b2770d96,47ed6ac699b00ea384bcf4262f895a38
DRV-01159,Mansour Al Rashidi,RUH,2022-08-05,4.75,active,2efc5735849cb2f5ef598d9b61121482,9de3758e557ffc2112af1a32d2c712b1
DRV-01160,Abdullah Al Bishi,DMM,22/03/2024,4.4,active,7845b4a84348575e4e11e69953acb8cd,9811f4d8cc314e7eed2a54b333ea1ebe
DRV-01161,Dana Al Qahtani,RUH,2022-02-28,5.0,active,0b3ade4c774ed301202e4c11fe6be07c,c02dcbff786bc8d30485bf8c2fca0cdf
DRV-01162,Hamad Al Dossari,JED,2022-12-24,4.83,inactive,134fc049ec1e6bb6df968015e47e3f32,5fcc1c3c5fba5a78e34cf6c8ff38e40e
DRV-01163,Reem Al Yami,DMM,24/01/2025,4.8,inactive,d922cc875fd8af4d570365ac54f1f70a,23c7f4ac97eb9279f76724177808fc01
DRV-01164,Saleh Al Dossari,RUH,2024-07-23,4.52,active,e77ea26b51293d868e66bd730cc089dd,3ab1a45d990823b937e6a9f83f8984d7
DRV-01165,Rana Al Anazi,RUH,27/09/2023,4.6,active,10857216eb4be12197f767dda74d0200,cc670cef1522e3295dd9b14e6e644039
DRV-01166,Salman Iqbal,RUH,2019-09-09,4.86,active,c5d97a370b31eab352e1e25dfb58a520,0ca2e2af925d6c0412bdf6088016aa4c
DRV-01167,Tariq Al Shehri,RUH,2021-11-25,4.44,active,b825695806fedd08689cf6392ab1a84d,81f4b9fcb8c3f7f7e77247bf5b78381a
DRV-01168,Saleh Al Malki,JED,2023-05-03,4.62,active,8458ec46827ac3bbd74545747bd67b55,85ce1d9a9749f3121e9f3cd1beafe58a
DRV-01169,Hassan Farooq,RUH,2022-08-31,4.71,active,8868d6ac3589af5234fbad323811ac69,8f84e7ad1d0cc1b813221f5b5ed40abb
DRV-01170,Jawaher Al Turki,JED,2022-08-18,4.96,active,aae4436b8f619da4411940e53811478c,c205aa50b5061750a0e5dd785aaa8e49
DRV-01171,Ghada Al Harbi,JED,2023-04-17,4.67,active,f4887e05701a833453a5856be61222ab,471ee032ef38475154893de91887ec95
DRV-01172,Aisha Al Malki,RUH,2023-08-09,4.76,active,74f60c5184536e17898c880cc0c531b0,2ab29fc46534044e4cfb23a5d52eff51
DRV-01173,Usman Al Khalidi,JED,2022-05-21,4.69,active,92504480c35bab4605dae25b2f687317,2487d18459cf4bb065009a951b1cf15e
DRV-01174,Imran Al Zahrani,DMM,2023-08-25,4.5,active,d9228e6fdd1a68dbffb63f8bab2e16b8,2a6669965aac1de00a0ce1c7db645660
DRV-01175,Rayan Al Moqbel,DMM,2024-03-31,4.57,active,5a97919973a016afb8ddc20509830a4e,9303e79dcd70da4adc643fa42f29a706
DRV-01176,Layla Al Shammari,DMM,2021-04-17,4.77,active,62090e4fb9f196fc93e1f844ff3fb170,76992cf7e3d506071d5be1316c9cb248
DRV-01177,Abdullah Al Anazi,RUH,2020-09-23,4.3,active,d8083559f76221c5c9b15c296df2a81b,a46114c78fc8cf6ad1b799e70beea0c9
DRV-01178,Hamad Al Hakami,RUH,"Apr 05, 2025",4.86,active,5daef3d35583f89177fb93385a16a75c,ead7e6bed6c94fef317f9143e37acc78
DRV-01179,Haya Al Saeed,DMM,2022-01-18,5.0,active,3e98dc245b898d07e6a59cc8b7c65cbd,d974cb9af36ab023c6d00a5b82b4c78c
DRV-01180,Badr Al Juhani,RUH,2023-10-25,4.76,inactive,5bb197af2ea8794b43a5eecf8457b4a6,c89388c94f0601e5aa4f3fd2f1014623
DRV-01181,Kareem Al Otaibi,RUH,2021-07-23,4.69,inactive,a669fc5f5f26cc1dd458c8e82792fb6c,687db31f6c61c4dff424cc12ec2e0d7e
DRV-01182,Anas Al Balawi,RUH,2026-03-15,4.36,active,9623c96dc4d45130293d6192f6025efc,c4e3be2029096ffc3a927cf3fe204838
DRV-01183,Ghada Al Turki,RUH,2024-10-13,4.86,active,b1f4fe82f63d6bd1fb69030275d1e1ae,36209795adea51501d31239a37de7957
DRV-01184,Rana Al Harbi,JED,18/04/2023,4.67,active,7ab2bcfd3d0a9fc49d7dff7da676910f,0c77ebfb9e36bd5fb6d5b4eed2cba398
DRV-01185,Amal Siddiqui,JED,2024-09-02,4.51,active,91f8024d32c76f3be2f3e44e39d31d1a,bef69fdb787a46bd2101b0b468e57574
DRV-01186,Sara Al Hamdan,RUH,2024-07-27,4.78,active,eaac9fd445c2f3d1ce38fd524accd884,e1cd6c8a2ccb34aa3268e8b956b08bb0
DRV-01187,Munira Al Nasser,RUH,2025-07-31,4.84,active,2cd611480df8e14b73647fcd2e05f29e,e3091ceb54ec86c235a20e62aa656a76
DRV-01188,Kareem Chowdhury,RUH,2021-08-16,5.0,active,85cf83a6a8faaceb4b4d1bc30f3f6cd9,ff0dbe5f644d7f3a44459d8da19abdc1
DRV-01189,Naif Al Amri,DMM,2026-03-20,4.43,active,8ec6ddae32df7ece7daf5a700959c37a,a5adf4eaa848f17d446229a9f99d8c89
DRV-01190,Waleed Al Hakami,RUH,24/05/2019,4.76,active,29e6d10589e7203dfa2012d776ab45bb,57d797480421e331c38b6f2b9bc3c968
DRV-01191,Lama Al Juhani,DMM,"Feb 06, 2023",4.75,active,340f01fbe86dbcfbf45d6c3fa94218ba,8ce1508973faa10b7bcaf9c17814b8c7
DRV-01192,Ziyad Al Malki,RUH,"Apr 16, 2023",4.99,active,0a231c3e6615b53660a2ba96ce84d3c5,0f60ad4531c2691729916c6a18c7e82b
DRV-01193,Tariq Al Harbi,JED,2023-09-19,4.88,suspended,f9ab03a330f4ae3a0ce7fc37ce9529a5,7adb26fbaeecb92d62db7c5118d4c7ee
DRV-01194,Maha Al Malki,JED,2024-07-16,4.72,active,e00873fb063f187190504aa630d01301,fc407677e55f7f62ebff6fb48c5906a0
DRV-01195,Bilal Al Rashidi,JED,2023-03-10,4.63,inactive,4ba92467195a5fedb7f1f5d5b412b615,c05c4dec3944b5ffc72ac5e0ba64bb18
DRV-01196,Layla Al Qahtani,RUH,"Jan 01, 2024",4.91,active,5c3f5d574441a2c46ada215563ac0435,b563646b8752bbe2f4f85d7ea079741d
DRV-01197,Tariq Al Subaie,DMM,2022-04-25,4.83,active,e92f04747510435196ee9701ddd262c3,96b681f05d4a21e0c373d46b3207fc9b
DRV-01198,Ghada Chowdhury,JED,"Jul 09, 2024",4.58,active,1406e257f9e5cf2460c7cf7b6fc297f6,4a546674b05e4c02476d9fafaa63f4f1
DRV-01199,Mohammed Al Hamdan,RUH,2025-03-13,4.48,active,bf1d7ed19afb8fdbefa3f4af3b93903e,e18afb034d74cc0cd32ba5f3c18e3ea6
DRV-01200,Salman Farooq,RUH,2026-01-04,4.76,active,68ae8fa9dadc0bbde810255a7f7a8750,5b745d159dbdf777b0c91b56678ddd48
DRV-01201,Hassan Al Subaie,RUH,09/09/2025,4.96,active,6653a6148be3cb3884c23b80d478cd8b,463d4bde0a3325fe25aa5cf34db50aa5
DRV-01202,Rakan Al Shehri,JED,2024-05-17,4.82,active,8b3a83c1cec355e5e3b50cb1e9aaac9f,b4ce5ad8c87bd81c4196bc35a8644712
DRV-01203,Nabil Al Ghamdi,RUH,2025-03-02,4.81,active,83c7d67e87800b83e56a9679a26fc430,c509c98d1ce0b0c639084d32c8e22aab
DRV-01204,Abdullah Al Moqbel,JED,09/04/2023,4.57,active,a75912113031efffb5d71de9558e5d2b,090a47a97b5cf964c7dcbde72be8bd2b
DRV-01205,Anas Al Mutairi,RUH,2020-07-05,4.53,active,d45a82af15cb3478931f3ff6af6a43a5,671fba0ee3b926588df34c0a32ac0b83
DRV-01206,Ghada Al Bishi,JED,2021-01-18,4.75,active,028dfabe64864daf809270e2366ddffc,e74ac3cfbfb9cdfc5cd9760d64dad785
DRV-01207,Fatimah Al Mutairi,RUH,2023-08-01,4.74,active,91d4143ed71ca556048d8f2656df98eb,4347518e3ca1ee973ce2d3e661490080
DRV-01208,Nasser Al Malki,RUH,2025-10-31,5.0,active,5f2491a57d94a06e46f8f0a40cbac5fd,40d46d21709921fc882ff45e734836bf
DRV-01209,Sara Al Hamdan,JED,2023-09-10,4.94,active,8817e3a16b1c8f812e737664e0ea1993,fd61f3b018d03586741444995774032d
DRV-01210,Turki Al Dossari,RUH,2021-09-27,4.98,active,51e1b0091dad5225702f9210d9bb9412,fae61f0837bc6f10012487a85d1e62a6
DRV-01211,Samir Al Balawi,DMM,2022-06-02,4.93,active,33dd573904df8d132d61b3ade632a458,bde2ac93ea2e1be31a514f0740307a43
DRV-01212,Adel Al Juhani,JED,15/07/2021,4.59,active,d21fd8c395be466370c55ccc9ed979cb,ada4d91199ba42ad735335655fb2a421
DRV-01213,Abdullah Al Malki,DMM,2023-06-30,4.48,inactive,4be9a9b6ff52825b1282602df54d56c3,daa03a13e54de8222a98bb75c50fe5a9
DRV-01214,Lama Al Shammari,RUH,"Sep 18, 2025",4.67,active,e1e02d53d35a92370d66be222f04814d,d24443061f75399e4c8c734d5f2ae93f
DRV-01215,Hussein Al Zahrani,RUH,2024-03-11,4.45,active,2b01fe0a3933a3e5ff53746a6ddb6e2f,b7322c56d5045dc9b9d7dfcbd0a375b9
DRV-01216,Fatimah Al Amri,DMM,"May 14, 2023",4.81,active,1644d8767f8075f8bf349e3276a22080,000b422bd35e61ca9a3f722fd22b2390
DRV-01217,Mohammed Al Balawi,RUH,2023-02-01,4.58,active,1cee2dd9ab045ded78a03be90fd36a0f,8bfcb4bbd0637def5a0cf34f06d4a96e
DRV-01218,Noura Al Turki,JED,"Jun 04, 2019",4.77,active,9dc2218a9e4dfb993ae0f1280084f2ef,6997818d9f43f040a28832968bb353fa
DRV-01219,Hessa Siddiqui,RUH,2024-07-24,4.28,active,c3638640da473b45ca9a3a5d5d3a474c,0d2f82678d7cec2e0221b4ec6dc017a0
DRV-01220,Mohammed Al Shammari,RUH,2026-01-30,4.68,active,1269fb7800b0e22a540cfc8ff5f47245,28fe359f1c56dbba41cf43009fb60edc
DRV-01221,Nasser Al Zahrani,RUH,2024-08-11,4.61,active,23cfa832db0e87c04f85c46b222acdd1,d4084cf2d2c232477ec35cfd246ede23
DRV-01222,Naif Al Balawi,RUH,2026-04-27,5.0,active,a28c57f155233e00691739e2f69fdecf,0ef231b515e6e29fbec7ef96875ee34b
DRV-01223,Nasser Al Suwailem,RUH,2024-09-09,4.94,active,706732db92c7b89bdb08664c2d65e5a7,82daacf5bde34ac8235d72d5a64d7ccb
DRV-01224,Naif Al Amri,RUH,2025-04-17,5.0,active,b66ea2e37c5511a676db4967c0ea002e,7c32ffef87766111589e2eb25cdc72c2
DRV-01225,Abdullah Al Otaibi,RUH,2021-06-21,4.45,active,ecfa1f6729eaba6da9f478b5b19cfae0,2930b6e2d463691b2b49c02c37f31679
DRV-01226,Reem Al Nasser,DMM,2022-06-12,4.77,inactive,b548f09b490ba7d0cbbe0df3210e19e5,bcea9c705d1321d692e5f4f91d7babb5
DRV-01227,Mishal Al Shammari,RUH,2025-03-27,4.71,active,64f8b4a0bb07e49b78ab326b71f91ea5,0263355b2f07df258a27e47461c76912
DRV-01228,Rahul Al Shehri,JED,2019-05-17,4.66,active,026985c2dcd26af248458943edf6cb8b,abc0edcd6174bfd9d01a77d0cf830e32
DRV-01229,Mansour Al Hakami,JED,2021-12-22,4.17,active,2b3e548685a14ec7090cedcf6a8d596f,ecebb7c32b403ff2e2612f151bee0151
DRV-01230,Mishal Al Amri,DMM,2024-12-09,4.76,active,c1e4e4e2b0932c8016975788e642994e,62da03824c8b39aca41f1aed1771a557
DRV-01231,Nabil Iqbal,RUH,2020-08-28,4.85,active,53ddbf26fc5abba49b8f0893dc2fab35,fc76df46d28f166e4365a7fb40372436
DRV-01232,Maha Al Amri,JED,2024-05-02,4.98,active,b9e59a8f1d24bea0f1943547f0ce53c9,4b2e1575fa619e010462a99b03b63ed2
DRV-01233,Mohammed Al Rajhi,JED,2023-01-31,4.88,inactive,56577290e4065ca0303b4f458feec259,1d3db0fde1e7edaa30d31f98ce5dba09
DRV-01234,Nabil Siddiqui,DMM,2025-07-03,4.47,active,f5737f1392aff7123289eb7c83a96d16,c5d5cf312a0e38563af7e322cf58f250
DRV-01235,Majed Al Dossari,RUH,2025-01-17,4.82,active,f659875d38787f93d45b2b579e0d9a7e,cfa831ae479c839d7185cee7cb129eb2
DRV-01236,Sultan Al Faifi,RUH,12/10/2022,4.6,active,fedda26203096b2c1fc5edb19c69a5be,ea73b1e6f09a8ea7aa3372101d9ac65b
DRV-01237,Hamad Al Suwailem,DMM,2025-06-14,4.55,inactive,b8d4d0be1399e7e05fae3c81ad5f784d,f822842dffde972aca6350a5ec853e99
DRV-01238,Aisha Al Amri,RUH,2024-01-10,4.57,active,98162c8d898f36fa8114783d1e2a377a,de76e39ad02cea63ec24676f4d39dd82
DRV-01239,Omar Siddiqui,DMM,2019-12-03,4.65,active,ddd54d43188a8e85456c2767fd3ee6cb,e1d7723a93e94de57a1621b3cee746c6
DRV-01240,Lama Al Otaibi,DMM,16/12/2020,4.6,active,de222a88da500e8e533bf5064839793f,72cce8cd1e224a52dbbd97a879001396
DRV-01241,Mansour Iqbal,JED,2022-07-10,4.84,inactive,7b2827f4fd481110732ed22330c987fd,b68d8a0e1af45667f0b857583e318566
DRV-01242,Saleh Al Mutairi,DMM,2021-12-23,4.59,active,e9981bb90cbe5b22e03add3f6b951d03,2f291625029e2bd07add20de1c0cc7ba
DRV-01243,Rana Al Yami,JED,2025-09-22,4.22,active,35bdb5aa34aa3a819aa6d61937a8ba1d,5af4561c2ad7e583b8d2b9b5ba902229
DRV-01244,Hussein Iqbal,RUH,2021-12-16,4.9,active,8d2692beca998f9fa7251f0448b1e1e6,5a376015137122b464c7c8b1b4418c50
DRV-01245,Rana Farooq,DMM,14/08/2023,4.91,active,12aa6c123d6f39cd9bb330aaec86fb5f,febb50c181ba4c0ab8ed96ac13a7628b
DRV-01246,Faisal Hussain,JED,2024-12-27,4.76,active,548e29b2d2b1564704a0e138fec22912,703263276100fc36c02cf52ea99fbf12
DRV-01247,Noura Al Suwailem,DMM,2023-08-26,4.39,active,a41a5acf56a7cd318a90edbbf71ea462,b8ebf991504e19600a1fdcd1def7bbc5
DRV-01248,Amal Al Bishi,RUH,2022-05-17,4.5,active,cdf40f40f82c5881be7e9967243a5457,58d43e1cdd997666c73f5a0eaacad751
DRV-01249,Ghada Al Anazi,DMM,2022-07-12,4.53,active,9c13045c55a8f05b4ee28bc5c3f00107,8bb0487e9f6794d924c5916dccdf1924
DRV-01250,Jawaher Al Bishi,JED,"Jan 10, 2026",5.0,active,bc771e457199541075a2f884dde363bc,98a0df7b656f4722079380c516d0eb2b
DRV-01251,Sara Al Otaibi,JED,"Nov 13, 2023",4.39,active,10bc600dbb103c075068e9982c76bba3,aa13b43919a86406b83ee44b9320aa55
DRV-01252,Mansour Al Nasser,DMM,2024-03-18,4.51,active,a34429085c8d4ee712de872a89b98deb,f4c782d12f0ec859a16c8afedb912101
DRV-01253,Ibrahim Al Moqbel,DMM,2023-10-31,4.62,active,ef2697b45190929c5621e248bbac1345,d68ab3d1990b859f25bd2008008351f1
DRV-01254,Hessa Al Hakami,RUH,2025-05-31,5.0,active,ee62760abe066c30ab695995636776a7,0a70570bfd98c2ec515247a3a712625e
DRV-01255,Bandar Siddiqui,RUH,2026-02-26,5.0,active,416ba482ce75c3a9e4e5586da4664e9f,1130e1c60cd57d45a0aca067e0ad9687
DRV-01256,Salman Al Zahrani,JED,03/01/2025,4.8,active,67e02cc60a2bc8b54fd094dcb8879659,af6d6e9ead34d66401e626969da2a5de
DRV-01257,Hessa Al Shehri,RUH,2025-01-03,4.64,active,61f948b2da2b726a5016473a027ac761,1f6e0cad708022316d59ee45cfa362e7
DRV-01258,Sara Al Ghamdi,DMM,"May 17, 2022",4.81,active,4a5528b74b097a9104e23156ca56e2a9,6d5b5210d90d38e61a4fdaeeae9e299e
DRV-01259,Faisal Hussain,RUH,2021-09-10,4.4,active,684d314dbd1e2ecc1cba8f7ef8439185,5181e48f0d1aa290f5683487fbe2dbfe
DRV-01260,Layla Chowdhury,RUH,"Apr 06, 2026",4.72,active,4447c6da095c146f87dd99b1b346254b,f3c3b2d991b06cf039782b95293e1f1d
DRV-01261,Ziyad Al Shehri,JED,10/04/2024,4.62,active,9336512720800ae0a204f9872ad578c3,a14d2be3e16a9ebeb789ff0e09acd259
DRV-01262,Nasser Al Hakami,JED,2023-05-23,4.55,active,9af9302677ab8254e8c48a39f943a962,6ac924c1ff95a28a3c1a8fc1f2705e41
DRV-01263,Ahmed Al Subaie,DMM,23/04/2023,4.59,active,d4e7e82fbdd406e05487dc32f37d7c2c,bc2daa3704f7ba906a3188dc3781fe82
DRV-01264,Maha Al Bishi,RUH,2025-06-07,4.58,inactive,da480d35cacc171b5231f8e00d488f9f,c728a9c095e8a937da4a91504703e840
DRV-01265,Amal Al Shammari,RUH,"Jun 28, 2023",5.0,active,08ab0bec28d3af2541e648e92c53202d,ce872d770697fe00e6e50a964af9cb59
DRV-01266,Usman Al Hakami,RUH,"Jun 26, 2024",4.64,active,9af311a5da2c5e3099f282bdc8f292c3,0030f7a4d28f7fe2519d87214865e4c6
DRV-01267,Bilal Al Malki,RUH,2024-10-25,4.63,active,d9ad1f9f788325ee5776f7ffe842b725,cad438794cf21e6779f0af03ef0aa2c4
DRV-01268,Tariq Al Qahtani,RUH,17/08/2019,4.62,active,ce7b41529399089e6d39ad053da3c255,998e0018af91da254be7c90b14166b30
DRV-01269,Rana Al Suwailem,RUH,2025-12-15,4.77,active,03315ee959edd20142bb2f8d2f779752,cdf91c247a033d2244e14a7976e7dd5f
DRV-01270,Haya Al Bishi,JED,2021-10-14,4.75,active,b76fa6d0fade6cec0722c9726971ad70,01910e239ad3b106522929d4f677a35b
DRV-01271,Ziyad Chowdhury,RUH,2024-02-01,5.0,active,58b0056b5915981a6addf8ae82295757,66c6f4fb7df2a086627e4238e8f21b3a
DRV-01272,Munira Al Sulami,DMM,2024-04-19,5.0,active,9f3be93ad8472914d5f1df77405e2ae4,3cb9c10aa25b3a01a867f199718aadca
DRV-01273,Munira Al Balawi,RUH,2021-08-02,4.82,active,215bb6de719f2e19791c4b0f092f9456,e2f0403c1cd90cdc413ffc33a99299d2
DRV-01274,Faisal Iqbal,RUH,2025-10-30,4.56,active,65cb4c0715314443d3d4aa97e7d5b9d3,4d483bc2e3bf9886398d7cf193f48290
DRV-01275,Salman Al Dossari,RUH,2022-11-13,4.7,active,d70bda9856a269f89adb38bdb347f127,9239783eeec35b93d978a0ce447d2d20
DRV-01276,Hessa Al Faifi,RUH,14/02/2025,5.0,inactive,14aa64ca7dff9a17927be7ba6a9e43f6,6407c7904ea2a0cc943a70ec89ac09c6
DRV-01277,Lama Al Anazi,JED,2024-08-06,4.39,active,c96044ee4fdc794c44cadd111123a2a5,24679efc6c19d5bb2075f78130f8f457
DRV-01278,Yousef Al Amri,RUH,"Feb 03, 2022",5.0,active,2b755fce5296db7eb6879ecde02e0abf,5d0b8c10bd0ffd7cabb1cfef11f7e6a6
DRV-01279,Usman Al Balawi,DMM,2021-05-17,4.66,active,65a9f7f1a565e7aaa53ab0ff56d3c394,03a663267dc40af433ade77f94009dc7
DRV-01280,Faisal Al Juhani,RUH,26/03/2020,4.84,active,19a7a22cb617cefa60ed808d1ac9413c,bb24018b3285e20bb74a16b51b14c213
DRV-01281,Noura Hussain,JED,2019-09-25,4.9,inactive,72e908d0fca2ea50f92e62e4f08b9364,a6081c3a54828ab0e7f8cba2d9e59545
DRV-01282,Zaid Al Anazi,RUH,2023-04-14,4.72,active,87efc68a42863a58aa028ee66ca739cb,d5a1f11e387019c5aa5306989b18d74f
DRV-01283,Ibrahim Al Mutairi,DMM,06/06/2024,4.98,active,1447c8a52e247a938c60aeb3adccf781,b80b100fd1c39902589e017167ef3e32
DRV-01284,Mishal Al Shammari,RUH,2021-07-29,4.94,active,26e477b1ab3273b0efb7029198c13578,052798c8a71caa5e8526a487095ebfe4
DRV-01285,Yousef Al Ghamdi,DMM,2024-08-03,4.36,active,005a34b5c27cfc8e830748fe7217d2d4,af61b66f3adfeec584edb62664019027
DRV-01286,Sara Al Rajhi,RUH,19/07/2021,4.68,active,5f5ffa7e2a679211fe41269d8a5e1fb3,36cde25e0ca61ea2b417096eabe0ad02
DRV-01287,Aisha Al Subaie,RUH,11/06/2022,4.72,active,17f310d62e9442d24a8fa19f06bf8d9e,38ac4cf2c6584ec379a96bf430abfc6d
DRV-01288,Fatimah Al Dossari,RUH,2024-08-10,4.52,active,56da889bcb6d77832a18968744f58df8,6b8f6d73d28965374c54383bd6d1a1dd
DRV-01289,Turki Al Yami,DMM,22/01/2023,4.94,active,1154f6a498af4502d92a4404178009b0,0bdb1597a2a267be8a4615020a44e84c
DRV-01290,Omar Siddiqui,RUH,2021-02-12,4.76,active,d25709b592787f2abc8fefc3b088a5fc,fc73d86e578a6611a9eac62deaee0450
DRV-01291,Waleed Al Qahtani,RUH,2023-09-22,4.93,active,34951c38d0d181b94f5b9f382444dcdf,ecc559880069f4c25a1588cb9cacf812
DRV-01292,Rahul Al Juhani,RUH,2023-03-02,4.58,active,db59540435864646bad2116e48df7df9,59836a3d2dc95fca042f1c700ac0404b
DRV-01293,Lama Al Sulami,JED,2024-08-26,4.86,active,7c1e9f607b068e4d96cdae61906bd90a,e42c237332f0426317de927fedb5e048
DRV-01294,Adel Al Yami,JED,2024-07-11,4.81,inactive,43b9ba09d81188f57d9f204a8fa838b9,616fb5eb599f7d06d020e0b50a833a18
DRV-01295,Badr Al Anazi,RUH,02/11/2024,4.44,active,682b4eeb8ec244d3dfda189e9f1bac79,f522f6b989855392340acce83ac28324
DRV-01296,Rayan Al Saeed,JED,26/06/2024,4.35,active,f56e50969c7769f8d44ab31475493e7a,5ad481364b1c9b22386efc520074653f
DRV-01297,Aisha Al Subaie,RUH,2023-01-07,5.0,active,8e82b5246c84f240f4da3a288b4bfe4d,08f3a8c46c8e03bba08a05680c1fc21f
DRV-01298,Waleed Al Hakami,RUH,"May 08, 2026",4.94,inactive,43d11753081a03dd6f767ef647e6fa83,b291a430dab2b477aa947d1f752c653a
DRV-01299,Yousef Al Amri,RUH,"Jan 19, 2026",4.37,active,a7e3d06457c113879710b923938c5a97,59397d83a4daff86569e93fcffa53044
DRV-01300,Nabil Al Subaie,RUH,27/04/2024,4.79,active,f622ab62702421be46ba818165ca26a5,e8d4817ac4c6998a37925ed1e5ad1acc
DRV-01301,Fahad Al Hakami,RUH,04/02/2021,4.84,active,53119761eb34479fc11f41f8ebf05ecc,9a475bf4253b59342dd7814275078243
DRV-01302,Imran Al Hamdan,DMM,24/03/2024,4.86,active,9feac52a28656ad5057bc6bac3b70636,94fd4b6d041093d772c7cfed4f7e2ff6
DRV-01303,Naif Farooq,RUH,2025-04-26,4.29,active,1ac0fa6b6c4d450dcf7e4bacf9c5383f,e66eb23304c0e92dbd63715ba62e064d
DRV-01304,Naif Al Shammari,RUH,2023-07-30,4.89,active,8ac093041271d76cae3c4f1a7d7e8109,b6c5fec05d2cfa1a0cfbd01a60f18ef9
DRV-01305,Rakan Al Otaibi,JED,2021-11-02,4.89,active,32e9dbb2455f395d7946183aa0855d3f,2a832e815a539a83a1b4b4c9c45c6b23
DRV-01306,Nasser Iqbal,RUH,14/04/2021,4.64,active,84e9a4fb8ddf016b66d0c20a71b783c1,851be055259384feffcdc1a605ec8757
DRV-01307,Adel Hussain,RUH,2025-01-17,4.34,active,bbec3e0b53ce1e0d9ddf1626a21d6b4d,3e868fd7b9af94adc25e8aceb75db58c
DRV-01308,Musaed Al Yami,RUH,2025-03-02,4.63,active,db8c8665adb9cab7de0e2b9894aed6d3,56dd45c6cbc123aaf1b4397dde02b311
DRV-01309,Faisal Al Sulami,DMM,10/08/2025,4.6,active,dccb4bcd26fd8562e3fc432da6671775,fc7610b0ee851ed8e7f0ff9ea1b0314a
DRV-01310,Sara Rahman,JED,2024-06-03,4.67,active,d2a0312d839f2a1a14fc43c89041eb40,50e780e3fcf9f91c12e856b137ddfcea
DRV-01311,Bandar Al Zahrani,RUH,2025-12-12,4.59,active,f2c1e2520c813aed195af643c3c5f497,ff6294ef2fedb78ff37c2babbe90ed88
DRV-01312,Naif Al Amri,DMM,17/11/2024,4.89,active,07e40652808abd325b908d761cb540aa,c18dc19026e72a39d8c70e7b21d57569
DRV-01313,Turki Al Ghamdi,RUH,2021-04-25,4.62,active,c668f5c8f1d787e279eb678da7ea8868,7101d1d1ff6c4d0d04ac7a218e759f0d
DRV-01314,Maha Al Shammari,RUH,2024-08-08,4.67,active,860beffcc2c5ce035c684fe687db27a3,bb92fddbd50fb809b68cea49cae55b03
DRV-01315,Rayan Iqbal,DMM,2023-04-26,5.0,active,25ada30fb0a9098c8c9e7c403039d14a,a2333557c6980cf27effe1dee7270f84
DRV-01316,Nasser Al Qahtani,RUH,2024-08-04,4.82,active,5875de9f3850f0c9d05fdbe358043f45,08807fe04207b7c6eaf5c512d1e2e4ad
DRV-01317,Layla Al Subaie,RUH,2024-10-08,5.0,active,441ed265466f0ac3475f3c82659786e5,1887bd74e3640cb5eb80fc194f2e727f
DRV-01318,Salman Al Hakami,RUH,2023-09-08,4.41,active,7485a190b25bd1f8f0fd2c912df59f51,731b9bf6dd84a105254cfc76f1f774ec
DRV-01319,Khalid Al Dossari,RUH,2024-05-07,4.81,active,dcb82de15f44ff559d1aac81c13f6cb7,c48845d9ca470220855ebce0d5e32e27
DRV-01320,Hamad Al Suwailem,DMM,24/10/2025,4.51,inactive,dcef9583b48f7cd6eef4548311a8f05f,ca4244786403337bc4cedf47a2347d5f
DRV-01321,Rahul Farooq,RUH,2024-07-13,4.46,active,d4b5e17a4377f8cf31119cbac7a7b4a7,512315a846cba82893c7a287646725d8
DRV-01322,Turki Al Moqbel,DMM,2023-02-28,4.36,active,51d684069afd9e62e7390f88dc21ec04,f953f814dddce6575a1b18674f01ad5c
DRV-01323,Anas Al Nasser,JED,"Oct 11, 2024",4.81,active,ed1c5f4c8e3c9fa479b2f123b62754bd,c8e6303778d438a5da174cb19949d35b
DRV-01324,Kareem Al Moqbel,JED,2024-03-21,4.86,active,5c493125d451f06c94b5848cb01cb650,bf94cdc210093d912ba6bf9829bb8b3c
DRV-01325,Usman Al Nasser,JED,2021-05-30,4.55,active,84e5f9c68c7261acb69312104f30e610,d3267b6cde6536d8736d674bedce2394
DRV-01326,Reem Al Khalidi,RUH,15/05/2025,4.91,active,949c7eed7c04b0d38218e0b507f11bda,456717ff25db646c725bd9cfa45651fb
DRV-01327,Reem Siddiqui,JED,2025-01-04,4.67,active,a1965214f40ab92f560843772bbadb11,c261a5b0d6642ce576e9d7b2f69eff01
DRV-01328,Saleh Hussain,RUH,2023-05-01,5.0,active,5745c12b51a8e6760cb8af0cbf7abbbb,be2bd0450b22fbebc7c6bf8d1a63d652
DRV-01329,Layla Al Ghamdi,DMM,2021-09-05,4.65,active,3e8b68da74fe9810a197d6d8ef1b7a2f,ce8c82a9b909c145248450aebe448572
DRV-01330,Imran Al Faifi,JED,2025-03-20,4.18,active,2e8a5ce6080b036a51c0cf7f87ef1a73,f118a8d41dd56ad9628e32ff3a6be2a8
DRV-01331,Amal Al Asiri,RUH,23/01/2024,4.76,active,7156947b92f70ce5661c31ad82995d34,0eac0cd1aa6e884b33efbc666518723e
DRV-01332,Jawaher Al Dossari,RUH,2023-01-04,4.45,active,27ba0b30d44404797ddce83ce254aa63,33db2494baeed2fc6d1e794b24c868a6
DRV-01333,Mansour Al Turki,RUH,2024-10-17,5.0,active,a752089af9f939d60c0c02ace9cb93b8,d98d72f302afcd3f03f4cd5bbf074c22
DRV-01334,Rakan Al Hamdan,JED,2021-11-21,4.71,active,87fb19b36c9df17c87eaccf660ecd70c,d63bcbf76f38f7e4fffc0d8186bff90a
DRV-01335,Zaid Al Hamdan,DMM,"Jul 26, 2021",4.4,active,c5d312f2755867f2491887a56b71ffc8,33b5821ed8ed7b19120f2a472ab7b931
DRV-01336,Ahmed Al Zahrani,RUH,14/01/2026,4.61,active,1d46ef024c13eccfedce50f86d19eceb,103c9c67c328f9b1923b21397ad4bd2b
DRV-01337,Khalid Al Otaibi,RUH,2022-12-04,4.59,active,24123217724538d2e087c931f59a04f9,26af4a66a7e122fb113738b47dbdfcfe
DRV-01338,Kareem Al Yami,RUH,2022-04-11,4.64,active,9d893315fc1f19602219e180781cd88b,ee64e9e760dde7fce3da304a2ed42c42
DRV-01339,Nasser Al Anazi,RUH,2021-10-06,4.65,active,f7adbcf00a94c11b013147b4911d1691,bc204d539fce33569a2a79e7e35680c3
DRV-01340,Tariq Al Suwailem,RUH,01/09/2022,4.71,inactive,b6e957c2dcec2b070274b9ff45568636,5bb15a95b5ba6f28b5b33e14839d844d
DRV-01341,Abdullah Al Asiri,JED,2022-01-14,4.41,active,8539b4dd98fc429458453e2f81408c38,f961e25495b4059daa712d898d9153ff
DRV-01342,Anas Al Suwailem,JED,2022-10-13,4.22,active,e114be91115405a7c293e726e7d51544,4696e2f87931c53d0fc6e699dff492ae
DRV-01343,Majed Al Mutairi,RUH,16/04/2023,4.45,active,fa87225636327d8e0654fd2de1ecd714,99dabecfeae9647e360efe57783f8163
DRV-01344,Imran Al Suwailem,JED,19/11/2025,4.67,active,832a8f4d8bf133a35fa6c3f71c4d9991,070b9273b4a428b15d030f9cbe8388ff
DRV-01345,Nabil Al Shammari,RUH,2024-12-04,4.72,active,fa5dcdd523f722f0d0e20bf29612e95b,d95112763949e89542275de7c40e08d2
DRV-01346,Saleh Al Amri,RUH,2023-01-15,4.51,active,ff056a8bcc6c757f3428eaadb1a2a8ce,27e09726a494aba60da8befec50893b8
DRV-01347,Fatimah Al Otaibi,DMM,2023-11-08,4.7,active,77001c1a9717a2866dcaffed6d993f22,006cfa30c780a5717acb7249700e928a
DRV-01348,Anas Al Rajhi,JED,"Jan 30, 2021",4.73,active,7b524428b03356290dc775523e4adea4,b4838fd840276c59442891c717153425
DRV-01349,Ahmed Al Dossari,RUH,"Jun 09, 2025",4.84,suspended,522b82b19a7f27873c8fdb5877c7e1d9,2120faed9e6c5a482cd7a9727241f097
DRV-01350,Salman Al Juhani,JED,2025-02-25,4.55,active,5bd254c053996ac453f58a91bdc3ed5f,2ddbbd19ee35c2a916c7e0267b6b947e
DRV-01351,Amal Al Shammari,JED,2023-08-02,4.62,active,e4612d56dcc5ecf7a185a5a9f1bbeea5,f08240963fccdb86070460c2322ab450
DRV-01352,Rahul Al Otaibi,DMM,2023-11-18,4.78,active,5c31c9d6b9a7f58738c38e3a87addd8e,fdfc909017e328e981dd0a22b9f0bcbf
DRV-01353,Khalid Hussain,RUH,2023-11-24,4.95,active,1df4e68d675a52790c833b7cf0e34d90,d2842039fcb0a5b3f266b53328c166fb
DRV-01354,Saud Al Balawi,RUH,2021-09-08,4.92,inactive,85740e02dfec371b267765419cc98f25,b7de2e972f5340610ef42af717b2f63f
DRV-01355,Nasser Al Nasser,RUH,2025-07-17,5.0,active,d231c8634d021aed57f60960fb673769,dd6ae2143b80c80f72aa92090c486a2b
DRV-01356,Bandar Al Faifi,RUH,2023-07-03,5.0,active,4958d26f90e0368bcc4e3e7e181bea0c,16b94a41fe45332512904ceb0e6522a7
DRV-01357,Ibrahim Al Turki,JED,2020-11-01,4.89,active,a03e75874b6672756c6ddfd0279df40a,a3dc04caf72c8d6cc122dc9c41f3aff2
DRV-01358,Hamad Al Bishi,DMM,2024-05-15,4.83,active,b3527e9ba95c2c123a8bc7996c4f9427,0d7f66622933acfd512603b30df0c39d
DRV-01359,Nasser Al Suwailem,RUH,2022-03-05,4.97,active,30f31b4b7a7731b015d5945ff5418711,6f8f9ecd1d77c2bd147d1929f92ba136
DRV-01360,Saleh Al Rajhi,RUH,11/09/2022,4.51,active,20218e2bc266a591e771593ed41896a1,c1d931a6e8a57e85c2efd9bfe3b87b30
DRV-01361,Abdullah Al Amri,JED,2024-03-15,4.54,active,c658ef006ade1229bc78150e8de94042,1f192a8421135119fb1b588021e44713
DRV-01362,Naif Al Subaie,JED,2025-02-24,4.64,active,5ef9eaa201a988c2e08246f9421b40bf,b37e6be0046683ac589a1abb96e23738
DRV-01363,Hamad Al Ghamdi,JED,10/11/2024,4.89,inactive,03a47c29a9ee9de0975cb4a3b04c3995,b719285ca34903fc48b51144f9a0e984
DRV-01364,Mohammed Chowdhury,RUH,"Aug 28, 2021",4.94,active,4948eb2ed9f0efa11dd780a376fcb53b,4a0b4f181853ceeaaf574fc1156878f2
DRV-01365,Ghada Al Anazi,DMM,2025-04-11,4.83,active,201bcfa675d6ad9c7ce26b4b850f4448,9f6b83ea16da60841ee2a3b3e756565f
DRV-01366,Tariq Al Amri,JED,2021-01-01,4.71,active,4a2e39b2056cd2f99a7b2e1341639fda,0a93ed068d2e042a8ad3f681beebaf41
DRV-01367,Mansour Al Malki,JED,2026-02-22,4.89,active,c44bc317042123ad05526d073528add9,6174cd06bc0822a81d47c108d9a484c0
DRV-01368,Amal Siddiqui,RUH,2025-09-11,4.86,active,8ee9ee811f10fb4462aa998d3ca7e726,3e53ee8d28d6610e18f0d591e0db807c
DRV-01369,Dana Al Sulami,JED,"Apr 03, 2026",4.73,active,3e5cfee76b72a4a7dbfcf647f2e5335b,58ed978a62e8ec8d4283a9d2fee62f32
DRV-01370,Nasser Al Shammari,RUH,18/05/2025,4.86,active,848ca0732e7d941e5ef5302ae65fcc4d,a0af4b96db59ffd466f8ca772d3b0990
DRV-01371,Maha Al Yami,RUH,2024-03-02,4.75,inactive,5ea3a8792195ff4a3dd6fe7fdb4b4e21,22f071f43143aa4fee81fa6f43c261fd
DRV-01372,Lama Farooq,DMM,2022-10-11,4.7,active,bceab175432743a2aaaa77063b1ea9b4,61949d43a74a706bea6ae96068d8a2e4
DRV-01373,Turki Al Suwailem,JED,2020-02-21,5.0,inactive,820e136b400e646b88cd8bb6bf7b7084,9d1449678acf43b438136ff58553c601
DRV-01374,Amal Chowdhury,DMM,2025-04-12,4.66,active,0b28533f3b515c2e1a63f3b72d3c1e96,70144a080a6ea283cf6479e422d36d59
DRV-01375,Saud Al Moqbel,RUH,2026-03-16,4.57,active,50456500e423f5f5649fbf28dc3cc4a1,1b57726a767475c7e0531657409e6ab4
DRV-01376,Waleed Al Turki,RUH,2025-06-16,5.0,active,d07fdc082f6296ca2aca021e5969da14,e2d1c14f936a64fd7937feb623956a5e
DRV-01377,Fahad Al Turki,JED,08/09/2024,4.34,active,f74e414a5dd8c9fc0878650d9637d0d2,b581f846b32bb70f394c555b124e020f
DRV-01378,Ibrahim Al Shehri,JED,2020-01-16,4.41,active,e4efd33b584894982d0f302fdc7c8123,0aa42f52e81659c834d33c44b33c37db
DRV-01379,Fahad Al Sulami,JED,2023-07-17,4.28,active,a62ff729e105cd301b378058f0394790,7f273f039ab6df00bc53fe3fb7691452
DRV-01380,Mansour Al Qahtani,RUH,"Jul 16, 2025",4.9,active,1621384b1914b455ae5c6e09216c01d3,dd131d0d82f6ba6b43db8dc686929d2c
DRV-01381,Rana Chowdhury,RUH,"Dec 09, 2022",4.73,inactive,a5e336d04ef3bc431b51e87dcfa10f40,e4d82f62d6211e701d248fb459d9f3ca
DRV-01382,Sara Rahman,RUH,2025-06-11,4.73,active,aa087a5887f09523c966e3a436b982d1,84c5b567808d5a684b3fd6b8c82d0c04
DRV-01383,Rana Al Qahtani,DMM,2021-08-09,5.0,active,81275ec4e7d3a0aa1935073957725f6a,d668478adaae6b9a11592656bde8fde5
DRV-01384,Ziyad Al Asiri,RUH,2025-08-28,4.45,active,29126d2fe5aeb2d717190a81ea9cb009,15c78735da084042dc4af920d162f02f
DRV-01385,Adel Rahman,DMM,2021-10-12,4.7,active,0aa19a047720be89622d76f8559efc3d,7350850ed68c030852d7f21718efb51c
DRV-01386,Nabil Al Otaibi,DMM,03/01/2024,4.85,active,26ebd6ae55011798995429552b0e2bd7,dca32b7cd1f0f1b0de22e74ab842f049
DRV-01387,Zaid Al Amri,JED,2025-08-21,4.62,active,e00a9557399ec5fde08865387d38dac9,772f1113ff0e8df5c938129431c36db3
DRV-01388,Layla Al Saeed,JED,2024-08-03,4.65,active,eb39f2d77446591c3b6f52ddf31de2fd,1c68e2ee7de97f708d02c0c7ec07d1e0
DRV-01389,Zaid Al Subaie,DMM,2024-04-22,4.69,active,819251329363a1e345df82db42602618,11b7bfcd1362af21765684335ca47c83
DRV-01390,Haya Al Harbi,RUH,27/03/2023,4.33,active,6c8067d1427c2f1eaf04aa4c98952145,18c1f26a16a3032873d671d3c0edf25a
DRV-01391,Waleed Al Sulami,JED,"Jan 25, 2023",4.92,inactive,68c6f5bfb73eeb879ad4646021c25df4,c8b035b81f2297de4c75d8ee8fb84420
DRV-01392,Khalid Al Balawi,RUH,2025-01-24,4.77,active,c7f35fe61c2360f31f09126256950df5,f8ca1448797a5e6e9215c70d91fd4075
DRV-01393,Reem Al Shehri,RUH,2022-11-05,4.85,active,7e41160a3c0e61b3f285ce9fb956d0a9,966b7cf598f7853b6b884425e83bcb2c
DRV-01394,Hussein Al Suwailem,RUH,2020-11-19,4.65,active,9d7bd1139bb5ae2163effa3d4b6814d5,49613a00d0f1c7b355129a7c10879306
DRV-01395,Nasser Al Mutairi,RUH,2025-02-13,5.0,active,d72cce8f1db0ee66bd1a29949d1a68ae,e1faac284323a8ac017d7c8dbf348398
DRV-01396,Rayan Siddiqui,JED,2021-08-17,4.56,active,f9c2120ba071e57051517cc24291ed02,e512fa76cc54932bc09d767f8fb2c365
DRV-01397,Nasser Al Hakami,DMM,"Jan 02, 2026",5.0,active,28e526a9d21a7075d22f15170a85c22b,3a5e51021e669ff5a62adc32aaa3a28f
DRV-01398,Aisha Al Saeed,DMM,2025-04-03,5.0,active,d7de7cc59093661321751553b28995da,5d84933ff1863b7b02f262bc6cb9b1ed
DRV-01399,Bilal Al Ghamdi,RUH,2023-10-24,4.9,active,66a0d6eff0ca28fe1c3c85f1333f967e,c984f815dad768e3fe6f50d88b39d454
DRV-01400,Noura Al Subaie,JED,"Dec 17, 2025",4.71,active,5578f89724853495412d335fa0142eb7,166fcf5f77037f6ac8e23abaeff10b2f
DRV-01401,Lama Al Saeed,JED,25/01/2025,4.76,active,0b711bf164525357ccfad43ceb64dda9,7fbd48b5f5d0fdbec4f0c8ca8d6c56b7
DRV-01402,Waleed Al Otaibi,RUH,"Sep 18, 2020",4.69,active,7fc4fe3c192249365c4e30832f06c0f1,24a2e642a1ad7f833e5681833eccd32a
DRV-01403,Munira Al Zahrani,RUH,2021-05-04,4.49,active,587b078830d0ac37dd495fc0c4836f02,d6d1d23e61d6977af04ab084859513dc
DRV-01404,Saud Al Suwailem,JED,2023-12-20,4.89,active,af881a2027a602213a80eb11a9b5ed79,cc6c4b6efeeada84cf271e716b76ec3e
DRV-01405,Ibrahim Al Asiri,JED,2023-01-06,4.97,active,9d6b998da610154211a6407ddb80b6cc,7a3f4ea14c43307bdf652855a49f1f1f
DRV-01406,Samir Siddiqui,RUH,2024-11-19,4.96,active,5f390790027e23a97e3f5f7cd970d1eb,d27ac467e73b8b67e15c86104cc0f193
DRV-01407,Rayan Al Bishi,RUH,2024-11-05,4.65,active,1a29831bdfdf62694fc0994220f2d1ed,f13030a2f84f8e1f7cad157f0149b20a
DRV-01408,Fahad Al Shehri,DMM,2023-11-22,5.0,active,7b676f3e2657e7ebf7084a59faeade64,6f5d041ffe035b136f0d355d22d90c0c
DRV-01409,Nasser Al Shehri,JED,2023-03-30,4.92,inactive,c8910970fdf9c63a0e6218f14772b24b,893b1f570152ead4a11883b061504c84
DRV-01410,Hussein Al Ghamdi,JED,2020-01-16,4.62,active,c49bef1e7b714230a7f58e1bf8dfeb50,fca509a6076b5b9e04c359f38feedeae
DRV-01411,Ibrahim Al Faifi,RUH,09/06/2023,4.62,active,cb0c99636d388a096933d61fb7f1d11f,523cb5eca5d245f7904debf03a44cdb3
DRV-01412,Reem Al Harbi,RUH,2023-04-26,4.41,active,61bac43d85adebcd87200a45d328f9fe,6e1cd9ffcaae1324bcd41144e091b441
DRV-01413,Adel Al Suwailem,RUH,2021-06-14,4.75,inactive,6668e72f4aa4c2a1bc0e52ae94e83ab1,9dcab01f23033674014130efe48fbc88
DRV-01414,Lama Al Mutairi,RUH,"Dec 22, 2019",4.49,active,0239f73cf631a5fdc18d78304208ced0,ba0e0690ec5736b05f5b9b5e4b4ac7f9
DRV-01415,Turki Al Hakami,JED,"Jun 27, 2023",4.58,active,0f6bd79da9c679084135566961920f3b,04ebf53d45eda7a7ddac477a4a5408f6
DRV-01416,Abdullah Al Anazi,DMM,11/03/2022,4.68,active,96a17b71f7a9519a8968039242fc813b,3bbdf7e21cdf20f0b1a5322c94549eff
DRV-01417,Hessa Al Zahrani,JED,2021-04-22,4.97,inactive,ac3544adec5d70a0105f53a6b9a3b957,300e5ecf73b34806312f301ce99fa5dd
DRV-01418,Khalid Al Shehri,RUH,2022-02-22,4.64,active,6568c4ab4f1d7563d08fe37b497ce91e,ac09fb0ca176ea437b597bd56524c799
DRV-01419,Omar Al Ghamdi,JED,02/08/2022,4.79,active,03de5241b6d8ca7a8642d32901915ac6,9b0d852c18e2c6ce06431cd6c7760efb
DRV-01420,Faisal Al Zahrani,JED,2026-03-20,4.65,inactive,6cf2eec14cbb6bde41d40a6121f13a16,76bed995cd16c2664bae5a1f91f04b22
DRV-01421,Faisal Al Nasser,JED,"Aug 01, 2025",4.33,inactive,e69778d3245b1857ade8f3c39a202dec,caf15a51e9a66196142998d13f41e569
DRV-01422,Bilal Al Harbi,RUH,2020-10-17,4.67,active,35f50d4411c67a6da233d20ae9b8f769,47dc1162ffe3739873bb877a463ff36e
DRV-01423,Ziyad Al Sulami,JED,2023-09-17,5.0,active,8d4814c2ec57fbf2ef5634ee98978b45,e31ebe74abf534dcb5bf4370d78ed96c
DRV-01424,Fatimah Al Otaibi,RUH,2026-03-13,4.98,active,efc7792773a9dd2367e9a65224117a5c,4ca561ea4e2770132e5629d968beb6b4
DRV-01425,Rakan Al Hamdan,RUH,2022-05-13,4.98,active,6dc340bf1fccd0d1635a898fe4bc1cfa,8b1a5ab7de8580487cbedc35c5e33e52
DRV-01426,Bandar Al Balawi,DMM,"Dec 16, 2020",5.0,active,6cf057d7e49424af2dcb0496566f8ed9,9546e4ea2ef78f81bd93b6c60e437232
DRV-01427,Khalid Al Rajhi,DMM,2026-04-24,4.85,active,3e381b6158b7248491782dc0749393f1,9c6a5d2039feb47fb235c561fbf39e9b
DRV-01428,Rakan Al Otaibi,RUH,25/05/2022,4.83,active,c205ec4ce49f86c31a0173a7ac0d2466,1384761c088ccc45eb27b4bb26209935
DRV-01429,Sara Rahman,RUH,2025-01-25,4.64,active,d156566afa673e5487f302df135a2565,065f4a0e3a3aab4f933f9e79634ade8d
DRV-01430,Abdullah Farooq,JED,"Aug 12, 2022",4.7,active,b19af9e49be202ff1dd32e239110ca0c,c130af149c179506f8d39acccc865451
DRV-01431,Salman Al Khalidi,RUH,2024-01-21,4.33,active,c0f85c56b9fdc68ec7254fba8e18aa5c,6987b8db233aee02a210ed4d3ddee2ef
DRV-01432,Saleh Al Moqbel,JED,2025-10-19,4.72,active,635beb42351fe0b2b5716d013b09d07e,8474f503629ad19b6bc59e6ce5b8e0eb
DRV-01433,Hessa Al Harbi,JED,2026-05-09,4.65,active,5261c578cafda0b8c86513dfb9e2fd11,56228062849950fa8f6bbe4c5b3f1441
DRV-01434,Faisal Al Mutairi,JED,2021-07-25,4.89,active,bf4cada84b1c43759558a99ce8f023bd,cafcaf8ec80a40663dd4390aa3efddbf
DRV-01435,Tariq Al Balawi,RUH,13/11/2021,4.42,active,81b3e5a7c3022f16773fbf5438fe7b2d,65a4d511e1889dc61cb15cea3e7b7099
DRV-01436,Rahul Al Nasser,RUH,30/09/2024,4.65,active,4ebf0a2277ec0a2252f4807969447220,5cbeb01de6d259774ed67bed0e942655
DRV-01437,Hussein Al Harbi,RUH,2024-08-17,4.44,active,0a6f15f5349401a5fed82c97b2ef4811,a9aded5d51977f34b4b4a6278061e71f
DRV-01438,Sultan Al Shammari,RUH,2020-01-23,4.58,active,c68b84988c921ba68d5d91a41d316d8d,df141745467e459f055c1889133d92a0
DRV-01439,Anas Al Ghamdi,RUH,2023-11-11,4.78,inactive,6235201c4fbb6ba293e26c90c8b51d58,a506cf3ff43cd616143cfe042f62bcf1
DRV-01440,Noura Al Shehri,RUH,2025-06-16,4.32,active,30b3749dec3b5af82fd43abf93c62444,01fce1d5313636e8d301a1ab35105fc3
DRV-01441,Rakan Al Juhani,RUH,18/11/2024,4.33,active,455cba28d5fc84b5aec1b086919795cd,d2503795c2956693a5c7bb6b1599e3ba
DRV-01442,Hamad Al Anazi,JED,2022-09-06,5.0,active,2d1675cbfeec0fb7aaf60323704211e5,65e89f3d76abc5108ad93862859f4e15
DRV-01443,Maha Al Khalidi,JED,2025-05-12,5.0,active,6763be931f20a65c43d827abc183341d,2871cd8ef361d11aa462a55f5e20e2c0
DRV-01444,Omar Al Hakami,RUH,"Nov 24, 2021",4.58,active,25116527c21bd0227594f5888aa7ff66,d11af3af1976cb7a763ea3ed92a5dd4a
DRV-01445,Faisal Al Amri,DMM,2025-06-20,4.6,inactive,faad00f01d92011a1d253045774bcb9e,99b0f65a095feb7ef53eaa64850d46e5
DRV-01446,Khalid Al Hakami,RUH,14/03/2025,4.75,active,42c53166395cf117a2cd59306d5aa877,da918eb02dfebb65a8123b6bef23c06b
DRV-01447,Rahul Al Juhani,RUH,23/07/2023,4.91,active,1f29ac41369ba530e71a01223a240341,a290b8c9cd2e6d751c1bcc10c9b778c0
DRV-01448,Sara Al Mutairi,JED,2024-05-08,4.79,active,9aa187f82fd65a2451bb40171189ccb4,91f0f2b744525d4f4166e4a93a805470
DRV-01449,Nasser Al Ghamdi,JED,2023-11-11,4.68,active,522277565ac9b12e86809cad4f21c374,7649d3171040f787ab0b32050757de05
DRV-01450,Dana Hussain,JED,14/02/2025,4.6,active,a7e23a30ced5b61af9f5be498023d6e5,8f8f76d0016d67ba0e61079d1f8e295e
DRV-01451,Hussein Al Juhani,RUH,"Jan 24, 2023",4.77,active,00a71938871acdcf426fa4fdd4a7ca41,087ccecde0c97c39b6cbcb317c888cab
DRV-01452,Rayan Al Nasser,RUH,06/06/2024,4.7,active,163611780509d83d7a75d6b7fb891e4e,402bcb4a835b4e5ab38f0099ec1e56c6
DRV-01453,Ahmed Al Khalidi,DMM,2023-03-01,5.0,active,269098dbe8f2afd88a71d7582735394d,f164ec54c557f88287dd838fd7c4b21e
DRV-01454,Tariq Al Asiri,RUH,"Mar 01, 2024",4.29,active,5840f2006bda0793e5b59e200cdb0717,6ff50f28eb2734809fa479bbfb3ba95e
DRV-01455,Hessa Iqbal,RUH,2019-12-22,4.78,active,9a66dc74ca3392e27c4662c70fe84dd5,52e8a4da849c3ec498a5e8863e701d48
DRV-01456,Ghada Al Dossari,DMM,"Jul 18, 2025",4.71,active,7cff786833ee44423a83c2fd7926db6f,e856762793f9383f135e15aa0bb9dcdb
DRV-01457,Imran Al Ghamdi,RUH,01/02/2025,4.53,active,5df360523f886c3bee17abcbdfbf6591,8e7ebe81314b89e76760d26e04524f28
DRV-01458,Adel Al Bishi,RUH,2024-04-21,4.84,active,2ef6c0f549a892e284eaeef9ac48f418,2800e42e3efa45eedff87c881d76b47c
DRV-01459,Nabil Hussain,RUH,2024-01-01,4.94,active,490ee1d6d39f259e80387e263200fdc6,fc86e4cdad1739aea867ffa4935dad67
DRV-01460,Nasser Al Moqbel,DMM,2025-12-01,4.73,active,ca2636f8fab2bb84929ca0997853a67e,abd0a33900868f1ce7c420bbf6e1991d
DRV-01461,Abdullah Al Khalidi,JED,2025-09-14,4.14,active,eb41c2686c61ad81334bc8a4003e2aec,f12b7a8a107b421d2042dcd7b99f60e9
DRV-01462,Mohammed Al Malki,RUH,28/01/2026,4.96,active,e66d06b2cb3ad47dcacaa0a59d47c414,fab69fcb2458c34e5668b22c516645e9
DRV-01463,Rakan Rahman,JED,2022-03-24,4.42,active,b50d65132a9af88fcd75a83c1c2e762b,cf13567380d0c4de1c97c5234eca1113
DRV-01464,Nasser Al Otaibi,JED,22/11/2024,4.68,active,1fa3f3a88f6717afcfc4054cd58dde4b,f2967a627da5b0510d8ce2053c2ee794
DRV-01465,Samir Al Balawi,RUH,"Aug 18, 2021",5.0,active,4e863d4bf2bd8f6c1735791821cd9194,08294875e76f8ee90e86d738253f1a63
DRV-01466,Zaid Al Anazi,RUH,16/01/2023,4.67,active,56c2d785b0dd9f4a0df7af6244e54be0,481cbdf39f318fcdf67714382ef7f4df
DRV-01467,Ahmed Al Rashidi,RUH,2025-01-29,4.56,inactive,13442190ed364b1e1e66cdb441ddb8f6,be319ddc410fcf4ea475c4c6941b3cf3
DRV-01468,Jawaher Al Anazi,RUH,2022-08-10,4.57,active,26ea399125ea41a7a1b3f108c55eb4db,00274e28b63864c257a0b678d266094c
DRV-01469,Usman Al Dossari,RUH,2023-06-27,5.0,inactive,f04a3b2ae3ef6c65e7c82c02f9298e54,dbbda534b17ff627da3eeb02342acc05
DRV-01470,Munira Al Otaibi,RUH,2020-12-15,4.43,active,3210e73b65e793e26d5b9a692a920417,a2b73abed4b1a5367192f04bd77d2537
DRV-01471,Saleh Al Yami,RUH,"Jan 25, 2020",4.71,active,cb0dd5a65c63ee192167c475d675632d,dc9ab70e4dca0a07a8ead94e23685959
DRV-01472,Turki Al Rashidi,JED,2026-04-21,4.59,active,d197ea5f16642f9d56f8225fcc52be4e,bd8860547b6367858d206452315d0fbe
DRV-01473,Bandar Al Dossari,RUH,2025-01-03,4.96,active,62fe4f14178177da9c50ebdc77d040ce,21b2e84301e4dc66752f5c11ea14dde0
DRV-01474,Rakan Al Ghamdi,RUH,2024-05-21,4.74,active,b0da36d41d10ec5a5e931b59ce511073,12dc8e61e2c8a22355fe81ccfe1c7b4c
DRV-01475,Imran Al Hamdan,RUH,2021-12-21,4.98,active,f1f96a4fe9cf90a68f3a9d2a30e6d185,af37996e9ebeb9a2b6d7669d0761d51a
DRV-01476,Majed Al Balawi,DMM,2024-05-06,5.0,active,6b3d1cdadf91084ed68af743df5e174a,10273bfcc3993705c8ad86cf08a37b26
DRV-01477,Bandar Al Balawi,RUH,18/04/2019,5.0,inactive,64b87f5508eb7563b059ab5883d6b696,6dcd43911358f0e4a8209e53e1bbed59
DRV-01478,Bandar Al Ghamdi,DMM,2021-03-08,4.79,active,5d5a98d1df686f58ad5976b584548f63,54b0b023358252aa8a9d0b3ee83d9eb0
DRV-01479,Fahad Chowdhury,JED,26/12/2022,4.56,active,9a76b9e86adaa9396005795fca6c2252,eff94a3323dc4dcb79cbf94c851a30d8
DRV-01480,Saleh Al Rashidi,RUH,2021-11-18,4.99,inactive,5cf7defc2498268cc692b041eec1f4e0,64a1b99497feffc78fb6d371573fc81d
DRV-01481,Munira Al Suwailem,RUH,"Jul 25, 2024",4.69,active,6b33278230465f280d1d691755963eb1,e8450f2cad7147c7cd0abec5ef1f2d0e
DRV-01482,Saleh Al Asiri,RUH,2025-01-07,4.95,active,073e9ed0875dad52db24e0aaed7d26b0,127877d0b32915bd9176f2930eb61e06
DRV-01483,Majed Al Balawi,DMM,2024-07-26,4.36,active,d908693d96251c04a4385805ae977cc4,429b43a0531eb609a18391f631b297bb
DRV-01484,Rayan Al Balawi,JED,2024-06-21,5.0,active,e735a5ddf3822987fa83981d693f3973,1b205c8d06b790c507215d6f9b1645a6
DRV-01485,Ziyad Al Faifi,RUH,2021-05-23,4.68,inactive,bee752589cc8500717925a39cb9e2740,35b6a555b6666e11e924626de3670df6
DRV-01486,Yousef Al Anazi,DMM,26/07/2022,4.87,inactive,bb75efdc7751ff9cc324a63e4947bc2b,099e434a0599ef69815ad23530b48531
DRV-01487,Saleh Rahman,JED,2025-12-07,4.59,active,b38b5295eb059db7bf11eb7e9f4f7d07,f7e74a173d5bbae78b14c4701dc3f8af
DRV-01488,Layla Al Suwailem,JED,2020-01-01,4.57,active,df580f815ab893f8bd717f6b165d54a7,29bb67a369f20e22fabcad2491523618
DRV-01489,Munira Al Dossari,RUH,2026-03-10,4.73,active,0c2571011c658ad66fb698fbfc91b9d4,b741c25fbec2634e17e7e3c2bb85410b
DRV-01490,Fatimah Hussain,RUH,2024-11-23,4.56,active,373c135a90d9d78a5c7673d8736a4091,58488e57ac1796686c77eca44d6a8b52
DRV-01491,Khalid Al Saeed,JED,"Nov 24, 2024",4.36,active,d41d76e80ea5781b2989b032f0592323,68db8c367d3f2c6fbcf8f9a078ad448f
DRV-01492,Sultan Al Rajhi,RUH,2025-10-12,4.72,active,4b2dddad22f87264666f45270362e042,75ea176c2683139db23ef721823b44df
DRV-01493,Ghada Al Hakami,RUH,"Jun 25, 2021",4.7,active,592fcee3b65cb5b8f9a129253d1f107b,e3d064a5c10289b436f1e38d8d34380f
DRV-01494,Faisal Siddiqui,DMM,2025-10-07,5.0,active,27379a3181c522c5fb61a2595dd0909d,427d766cc46eff6d3a0917e045310f60
DRV-01495,Omar Al Khalidi,JED,07/02/2024,4.88,suspended,21d91bb90826b7a4f32d8bb76fafe250,8d68e19a11868f9e301f6c77f9a51553
DRV-01496,Saud Al Faifi,JED,14/04/2022,5.0,active,8ba477277c6538e10acddf84968e1ada,d992c1356476c6ca8e899b211ca462d6
DRV-01497,Musaed Al Otaibi,JED,2020-10-15,4.75,active,2fac87541b79fde06d4924394b7ce52e,10747724f4cd0bc4e6dfbe218f891f59
DRV-01498,Hamad Iqbal,JED,"Feb 28, 2023",4.85,active,750f89ae48bc65bd12cc74ba4076916c,e87242f15f2e144509faa9aa5aca4b1b
DRV-01499,Maha Al Asiri,RUH,"May 18, 2024",4.96,active,998637c61ebd22cd3a083f7f2fbea33b,2f13c2210d58639c94c8ac18a3247523
DRV-01500,Nabil Al Nasser,DMM,"Oct 14, 2025",4.35,active,a80c309327dbb11c580f1c533aa8c44f,fb44d905a39f316c46c60f9334094d8c
DRV-01501,Layla Al Moqbel,RUH,11/03/2021,4.41,active,b528d39e3c3f0dd1d10bbc3f292bcf7e,583963f38e2cde086fc7f7d03301cd87
DRV-01502,Hamad Al Ghamdi,RUH,2024-11-04,4.96,active,0e8359c5aab18b8c13d0cda4d20b11b0,36ce0aa8e7f013958f67d89e42d903e8
DRV-01503,Hassan Al Shehri,RUH,"Sep 16, 2021",4.65,active,071c44aeca5eeb0a4fb5ee15f95079cd,60df907d4357557b5d5c33630c6268d7
DRV-01504,Jawaher Al Saeed,DMM,"Jan 23, 2021",4.74,active,86d79cac7c9a4f31957c92ceaee99369,91d8a1e6984dd50b428c4f2a7668ac07
DRV-01505,Samir Al Amri,RUH,2023-03-24,4.85,active,10ac5c33c51bce77013323a19b9dba16,3e73b0868f8f45ce78b764b86b24581d
DRV-01506,Dana Al Faifi,JED,26/12/2025,4.85,active,545fba577267d1c67f4da4f485858390,09e518bed391e04bb7d2fe52a949d7b6
DRV-01507,Naif Iqbal,RUH,2022-01-02,4.86,active,f5c282f26f58b7c7bcb14fc4fcca5959,64ed8fb6d4202b4a63e8d561f12beb88
DRV-01508,Hassan Al Balawi,JED,2022-05-26,5.0,active,ec8469d0eb6f5cb9264493e085f4da0e,e95a1d2b3caece59f3cbc03dfaeb223c
DRV-01509,Hessa Al Rajhi,JED,"Apr 12, 2025",4.97,active,b27253d8bb92cfc68e6d3bae0f73f415,7bcbe1ae05a1eaf0c5d086239da8dfcb
DRV-01510,Fahad Al Suwailem,RUH,2023-08-11,4.37,active,555df196eb215aca5c40c35cd2340191,50272a296e2120510208e83d52d312fc
DRV-01511,Rahul Al Bishi,JED,2022-06-09,4.44,active,ca8cb53390d1566096603d2b74ce7482,6a2cf128ecebb13ba6977772e8e3d0d9
DRV-01512,Faisal Hussain,RUH,2024-08-21,4.67,active,9bd57b1922c0c2ce399ca482e1f2271f,000a0ab6a9a3d3a0d9363bf2377e8b2f
DRV-01513,Layla Al Dossari,JED,2020-04-22,4.53,active,603dc0d8ebf6af8e6c9736b1f924f0cb,d1a0caa24ac868f9cb847c2f49c94fa9
DRV-01514,Kareem Al Yami,RUH,2024-07-28,4.83,active,286822e6264f0bb9ff898cd8d449c84e,995b855f03577924e811ee09112d793a
DRV-01515,Dana Al Rajhi,RUH,2024-01-12,4.64,active,f91af9b2a87a51b9eed5c20301afd586,94fa955c560b773d8123fdcf4431e703
DRV-01516,Hamad Al Shehri,RUH,2026-02-18,4.86,inactive,32e8829ef7523164a8ee480d4ee0b2a0,8e7852da65f2c29d2ed0ece0399f70f3
DRV-01517,Mishal Al Subaie,RUH,2020-06-01,4.89,active,a760507a8f531c769ca7e37db179f12e,32ca7fdfa91aa4c346d345112ba7a5de
DRV-01518,Badr Iqbal,JED,2020-07-09,4.54,active,d31107abbb7bd5dad9ab837ffc8b6197,9646a6e39d3e8f6f520ee0f67ab55877
DRV-01519,Hamad Al Anazi,DMM,2026-02-20,4.7,active,0d3fd6425505dc2df826a0ea01ef7355,1573769c5f32630227f9caadf727d143
DRV-01520,Faisal Hussain,JED,2025-07-13,4.59,active,a25ca7f5c2b8fc788f5266732fb5e0a2,8d034f010f4b7a4b32eb323d8b503a1f
DRV-01521,Haya Rahman,DMM,02/02/2026,4.97,active,62314c97beb216f6f18e1cc4adf8dc15,e5fde53871058d38dfa990bf469bd532
DRV-01522,Rahul Siddiqui,RUH,29/07/2025,4.88,active,832aab315feebf7ce2fdf10e2fc5fb2c,77fb7c90cbce6fb47bba628bc34e7173
DRV-01523,Reem Al Nasser,DMM,2025-12-14,4.93,active,b846d5a5f5d870bba04ab1007188fc43,c9d2dae95f56cd0f8a3086c7e0401e1d
DRV-01524,Haya Al Amri,RUH,2024-11-28,4.73,active,8f0d870c3974f226f4f6cfb08123ccf9,3fcaa095b43b66de8248b5fcd9704317
DRV-01525,Sara Al Malki,RUH,18/10/2024,4.45,active,12cc26f2d43d8d9cce8decba5dc96914,58852d0885680e6444843eab9b9ec263
DRV-01526,Rayan Al Harbi,JED,2026-04-25,4.73,active,e1b40e1ed142982107a491e2ca48ee1d,b2a3b3ba867ac7c949e0e6aa53e69776
DRV-01527,Lama Al Juhani,JED,08/01/2022,4.59,active,c9a07adb0afd05a95850167dba9283f6,bf97ecf1cc35f21d9598d744d8518201
DRV-01528,Turki Al Anazi,RUH,24/05/2020,4.4,active,7753af4fe9e4d87baecec3d31f4c9c01,4a53a3bffed3b8ae699b77d3adec6f3d
DRV-01529,Fatimah Al Shammari,JED,2021-07-22,5.0,active,9a765f091fcb549acd41f7f7ee984055,a52fa8afdec0ef9835efc589fb186458
DRV-01530,Hassan Al Moqbel,RUH,2025-03-12,4.5,active,d9f91fb1b8ac2de922f4cb3462eb321d,af550ce4aeded976665ee29d04c04ea9
DRV-01531,Reem Al Suwailem,JED,01/10/2024,4.83,inactive,1d0abdfb14b27bcffcc2120547d784a4,df2b50d87c2fc41d314bf9b2bd93621b
DRV-01532,Naif Al Yami,RUH,13/04/2022,4.6,active,515faa4a41d0146f0f4b695d4be2041e,f792c175380437d218de085ea3f0202f
DRV-01533,Mansour Al Suwailem,RUH,03/07/2023,4.97,active,ac7364ff111f7717d2a8c1c70d777389,e277b3496029adef6fd34a620b39cf9f
DRV-01534,Mishal Al Dossari,JED,"Apr 30, 2025",4.83,active,ddd1785797a9facd136a41f5b19ae5ee,3154ee71d6d4073bec27918ae84d927b
DRV-01535,Abdullah Al Juhani,DMM,2024-02-12,4.86,active,420613592093f0a7ef1481181a7542e0,bac230e47dbfc38f835988e3ef5466a3
DRV-01536,Sara Al Anazi,JED,2021-03-23,4.75,active,c9145e0905e4c2c0763f86258ffb6aa2,c599b99d27e053d82bde9a6b4c6a8efc
DRV-01537,Badr Al Malki,JED,2022-10-21,4.77,active,b2a078b4f97d484d2293efc5e5ee5931,1798c646115df3f7b09470960522ae88
DRV-01538,Salman Al Rashidi,RUH,11/09/2024,4.81,active,7a915ad147558e6c8a7cacbf1fe461dd,9370117fa9d87289406d04794849119e
DRV-01539,Layla Al Anazi,RUH,2023-07-20,4.74,active,6ee389c343ce3cdbc1a4bcce26e3fb73,fb35c1303dd3f34bd4bd86df104e5626
DRV-01540,Sultan Al Shammari,RUH,"Sep 11, 2025",4.84,active,83ad7d122a0d179a4689fbb3f8dc3e7f,4f409a448a71d328f61ee167d86fd3c4
DRV-01541,Mansour Al Zahrani,DMM,2023-02-02,4.37,active,cb76a422869a1ef716e0a787da208f9a,cc31d4ad1e0a3da9d0d9d147c9b4c321
DRV-01542,Hamad Iqbal,RUH,"Apr 24, 2026",4.94,active,4e35348384254ddab36130aad6d856f8,50b595b5d922cae3e5b9d7c0d2d7ce9d
DRV-01543,Rahul Al Amri,RUH,"Aug 31, 2025",4.51,active,2d2fa1c9ec88d4e54d64b53497054dfc,913cfb4c3bcf8f444b1e0571f9ed5494
DRV-01544,Imran Al Faifi,RUH,2024-12-01,4.8,active,ff2896f4226b03d35e329ca362846212,d934e212964a5ff977c9653c879d426c
DRV-01545,Saleh Al Khalidi,RUH,2024-05-09,4.59,active,6ab5f1ef07de8f9f2c30e78d87a568ab,c1cc343af2181ded09ba8da7c7cec15a
DRV-01546,Anas Al Amri,RUH,2024-06-07,4.67,suspended,119d69ffba30069d01dac5b6002ff9a1,db325005829adcc54a3cc404610769b0
DRV-01547,Fatimah Hussain,JED,2023-12-10,4.51,active,479b62339017a168ea80a72c34c81f73,cfdfe2938ff9a6a22787183e77019e11
DRV-01548,Rayan Al Suwailem,RUH,2025-07-22,4.82,active,74e79141f57e726363038a2f7841b7e2,059dd3e6aa5f7ad8ea654fd3aa1398b8
DRV-01549,Rakan Al Zahrani,RUH,16/04/2026,4.02,active,f0573c28bf96f1016f1b2d368f21fb7f,a2c48742f0e7feccb0e2a9242b9300a4
DRV-01550,Imran Al Amri,RUH,2023-01-26,4.82,active,cdfdd119e3d5da3aa9481dd41fbf0ce9,6d01eeeaf895b812d6ffbdb498c4f83b
DRV-01551,Hessa Siddiqui,RUH,2023-12-07,4.47,active,13a75c91badf0cf2551377253d8e9a69,7e8e90c8f54226cdfdc6b5af71ef4206
DRV-01552,Ahmed Al Khalidi,JED,2025-04-09,5.0,active,fdc18462bf676dba7085aa52029f5e68,8309997fc174abd21248ceb29b5b1b4b
DRV-01553,Adel Al Sulami,RUH,2021-02-18,4.63,inactive,c63df0bdb98de08a1251bc00729f2d90,0a729c562ab507d399fa481115f7a03a
DRV-01554,Samir Al Turki,JED,2019-08-23,5.0,active,d80a7fab4aa2aafd9d44dfb9a822c4fe,d8ec65287268682ba94ec07e9ca65077
DRV-01555,Badr Al Saeed,RUH,30/06/2024,4.86,active,198df018b8d513d9b32e528b6a2280be,7ef50f5a648b3f354c109d46c2ebf971
DRV-01556,Nabil Al Harbi,RUH,2021-04-25,4.58,active,62b24a147a2222b6e3849f7739b62816,8a006b466b0e5c14db21c53a92009132
DRV-01557,Omar Al Zahrani,DMM,04/09/2022,4.45,active,c9c3f2b536879e60477a23b85214470a,27ca7bb515c30f097888298f287c173c
DRV-01558,Abdullah Al Suwailem,JED,2021-11-16,5.0,active,f7ce5d18384b40124ee2404e4285582d,ba51d3e45cbb0da83c50f2dd00fdffb3
DRV-01559,Hassan Al Rashidi,RUH,2021-07-08,4.68,suspended,a9d86d12b1e9e925f00d1761f639fd98,53ee8dead2fb037e377029d91c304844
DRV-01560,Nabil Al Otaibi,RUH,2024-03-31,4.5,active,a7f61808a2672f4d3a64c399c8c06548,4ecdc8243665a6d96ed329fe22e63b86
DRV-01561,Ibrahim Al Anazi,RUH,2026-01-20,4.69,active,6e67f9a519212ee7da6602af39b46b9d,9027fb4d7f7db1e463d64971dc2a778a
DRV-01562,Adel Al Nasser,JED,2024-01-27,4.72,active,307c080788bcb4d26a135e9ab368f09c,0236a71c54d25c8aa27fccdad81bb997
DRV-01563,Khalid Al Mutairi,DMM,"Sep 25, 2024",4.39,active,e6e92eba6a612e490dfb073aa49c435f,6f422c224c740e8f2761ef9ba313e2f5
DRV-01564,Dana Al Shehri,JED,2023-10-08,4.51,active,b5ed5b887a0513597b8049fd2b127b54,0690d94b94aa95535a8a231ccdb99845
DRV-01565,Omar Al Shammari,RUH,04/01/2024,5.0,active,c2ab7ce041208609ffdbadf8478ac82b,e15d13be3b76149249a9f0a77ffd34f0
DRV-01566,Saud Al Turki,RUH,2023-11-09,4.29,active,ecb7ee466b1283677435d2eec5c36224,d40ce85a9cdd01f4d78372242cce8580
DRV-01567,Bandar Al Asiri,JED,"Jan 08, 2020",4.69,active,1a0d30ceba731d72a3c516d013c75ed0,17f9e48a31e58466eb14ba3e154da836
DRV-01568,Naif Hussain,JED,10/01/2026,4.68,active,5c682aacccf766bb425c5531076d24de,526bd5c474bcd1666d82e034a59b7783
DRV-01569,Ahmed Al Balawi,RUH,10/07/2023,4.79,active,0fe6a869fd05b60c070dc86ec0793f89,8b5e5f40ca032de6414c7ac20365b66b
DRV-01570,Samir Al Yami,JED,03/09/2025,4.96,active,a098e40689a9cf70d8eb53e1d3d5d23c,5a42017d36353839e975dda2cb2d95d7
DRV-01571,Mishal Al Otaibi,DMM,2020-11-23,4.43,active,bffcd9a25645f3d0f3f1d4210a55d45e,ed23b296bbf8875c85010c0b6cee54ac
DRV-01572,Hessa Al Otaibi,RUH,2024-04-22,4.49,active,d063ab0bbd51018147cdc1f4ab58de41,0af80120128f1e6dcafd6a9553f40090
DRV-01573,Badr Farooq,DMM,2026-02-08,5.0,active,f8db084269abf5ac50c38043203f4160,17a26b1248bb1d2e7abfabbc0206ca19
DRV-01574,Fatimah Al Khalidi,RUH,2023-04-26,4.65,active,de93ff8bbf92fb9b4637deb0b62181c6,f1b94a5633e7f875819f4dd03b290566
DRV-01575,Nabil Al Shammari,RUH,"Oct 03, 2022",4.9,active,05a727c2efcd49beef28c8d7c96cd90d,c10d7769a8cb118d2d70cdd04e231261
DRV-01576,Rana Al Hakami,RUH,14/06/2020,4.52,active,1862c52e69ecd0cbcf4a0bc5bfc97172,0886e94f948253695086b50569c6d570
DRV-01577,Saud Al Hamdan,RUH,2021-10-18,4.29,inactive,b42c58e20b1fb98872bad77a32bf9cce,f12051a564b55d52c1569c36e724fbe8
DRV-01578,Waleed Al Turki,RUH,2023-04-18,4.58,active,71e430f61d5ad0232ee14dea13a71553,73054c159a34aab468ce0780399b90f3
DRV-01579,Rakan Al Sulami,DMM,2022-05-17,4.95,active,773b0dbc7cd35cf6db05c394d35a4e54,d73fbdf7d46dbd863367dbd179520a6b
DRV-01580,Majed Al Hamdan,JED,2024-09-17,4.46,inactive,18db8390ce5f8d25dee2e3e0d322be23,6a359fc317d3bb99a05cdf62501f2cea
DRV-01581,Usman Al Bishi,DMM,"Oct 26, 2024",4.54,active,f06f29ded4e44310d73fb179098ce2ba,0aa2a1e273bb2af178d98c1a9fec45f8
DRV-01582,Jawaher Al Hamdan,DMM,2024-07-31,4.42,active,f679e8d023911b67eebf260b65dca0da,d630202d4c60afb6149650acf168dbbd
DRV-01583,Ziyad Al Mutairi,RUH,2020-03-01,4.36,active,8bcea429ff618bd1caaf30db40cccae7,306b0f2a3d808caa478b01807cda9bed
DRV-01584,Nabil Al Hamdan,RUH,2021-08-07,4.98,active,27cd4d300faa52c29d9b3efb45795009,cd316cb93b55212cef7e93aec23be20c
DRV-01585,Rahul Al Malki,JED,2026-04-20,4.66,active,c74533b5ecaebc7783030e7e239f82db,295b124fac67542f21b23a910294abd1
DRV-01586,Mansour Al Turki,RUH,2022-06-27,5.0,active,1820ddbbb442935d8ec5cc2ba54b4db5,8ea82b6058fc1944ecf11413b02b2a5b
DRV-01587,Yousef Al Suwailem,RUH,2025-04-24,4.88,active,caa0399705bdb939a4304a0d919b40d0,e211e0e2c31983d5b8f17425cac71c17
DRV-01588,Turki Al Saeed,JED,2025-10-05,5.0,active,265f53d2b5e2a45ca55fc673a3d4b554,1681a80080c3b19b71a7a0a2c4e80979
DRV-01589,Noura Al Hakami,JED,"Oct 05, 2022",5.0,active,79691885abd861bb6e71e14e6a323d8b,3b5f93932d7b9d417befe202ca178c23
DRV-01590,Salman Al Hakami,RUH,2019-05-09,4.7,active,a405f131ecaa59029cb65ef25e794034,15e7ca701db88c34fc69abc37c0f1b6f
DRV-01591,Ghada Al Shehri,JED,28/11/2025,4.54,active,8589cbc4280a20eefc7b0dffe92bc997,b2860e1c167a0f01fd7ad92355f353e0
DRV-01592,Ghada Al Hakami,JED,06/09/2024,4.64,active,9693ba7f90d6a7cf4ef2fd64cde87ef8,44a3075983a40d5971f15c09e99d568d
DRV-01593,Adel Al Sulami,RUH,"Dec 13, 2023",4.67,active,9d1ec0a884ebca639c28c81472021a50,a9a8bd807fa745d767f8a57b7c6aeb9c
DRV-01594,Mansour Al Khalidi,DMM,"Apr 10, 2024",4.65,active,bc1823b6da37c8e2057e333fbdca900e,fcd825030223c5afceafd3bf3a2d4feb
DRV-01595,Waleed Iqbal,RUH,2025-03-23,4.52,active,26afc4eef2bd6c2971573bf9b4bf1b18,ef394c430f60800e0f7822e1cefc640f
DRV-01596,Hussein Al Anazi,RUH,"Nov 24, 2025",4.7,active,64e1c239ce8960d7e40d8eafb25f940f,cdc0ba6a2974b4d6e5027c90cf7bf550
DRV-01597,Saleh Al Balawi,JED,2022-10-29,4.64,active,ec109778c84996da7ad29955697ee9c4,681d292b36084e2b214c03dbe8a87f1d
DRV-01598,Bilal Al Juhani,DMM,2023-11-22,4.74,active,5daefe1bc1a0f81c60a34a58d5966dbc,d38db338835aac7317f0fe83433269bb
DRV-01599,Waleed Al Saeed,RUH,2020-08-24,5.0,active,28eff8ebe35f0b8849fa5bdf2dee160a,ab14ceef3f7ec9ed851de4f9dbc91576
DRV-01600,Nabil Chowdhury,RUH,2020-09-11,4.41,active,c31c34666c952235026d14a9c303dc8e,7d62de729145ab7d5326bb39592b63ce
DRV-01601,Kareem Al Juhani,JED,2023-11-04,5.0,active,217c9d3713961a6b969a11a98d9de69f,87ef179e9bd8ac1207155f01db8c5af6
DRV-01602,Reem Al Hamdan,RUH,"Mar 19, 2023",4.57,active,0f2f838bc2d458b118f4056a33b3e2be,e60793a94a19780d08364a94a68e97b2
DRV-01603,Adel Al Qahtani,RUH,2021-12-17,4.64,active,fdc4a7ac363891f8e9dc093c9078ceae,30d7b96702b717e19303bc97fb1b36c5
DRV-01604,Mansour Hussain,JED,2022-04-20,4.58,active,5d41bc3b0f1f9ffb736c8280cc80b483,4eec90c399465d500c6941087535f7da
DRV-01605,Zaid Al Shammari,RUH,2020-12-21,4.56,active,9167f380ecc798e16b756324bf80edcf,78cf1e5eea474ff0a41072b84f48c856
DRV-01606,Kareem Chowdhury,RUH,2024-12-16,4.94,inactive,af7484d10596237fa2e25cdca8ed5f73,d67b2b83efa10f91e5862851f8b77c60
DRV-01607,Jawaher Al Harbi,JED,"Dec 31, 2022",4.29,active,a21e98ce3ece442185f0f6d9ee5c6eb2,6a9abd81820a9723cd55cdf9f6ac60d5
DRV-01608,Bilal Al Qahtani,DMM,2024-06-07,4.56,active,28054cef6fe9bfe1f88c09cc27d1d165,0c16d935e535ad208ce83b8b1208eee7
DRV-01609,Tariq Al Ghamdi,JED,2025-06-16,4.95,active,4877e9007d3db6f1893b2252fb0b38a4,8421170285e3bdf6692f175e5c0efa80
DRV-01610,Faisal Al Bishi,JED,10/06/2024,4.81,inactive,1f1d08a85d6a9e062aea6cff6d447939,08469966cc1deff664821e9cc31258f7
DRV-01611,Aisha Al Hakami,DMM,2023-11-18,4.61,inactive,c914dc2306e0b309b30f022dedb79c44,77126c9fb1f17f724a16b7c759d6e521
DRV-01612,Majed Siddiqui,RUH,2023-03-23,4.72,active,03fb4a2793ad1d184356bf97e8da61b6,1aa7c47b0a78e96f16d107dcf8840c06
DRV-01613,Ziyad Al Malki,RUH,2023-05-20,4.92,active,4c1708f1dae571e78bef181713286ac6,4b6c1db0b8736dcbdd343425029eb4a9
DRV-01614,Imran Al Anazi,RUH,2023-08-14,4.58,active,7c997ee3e9f13148dc9f5a68ecc2fa66,df06e8b5041bdfec8cc16a41320467fb
DRV-01615,Rayan Al Zahrani,JED,2026-03-24,4.76,active,c52b643ed70f7b9770a07472207b00db,1072b2e5b0e9479b56a2e8ed23ce1508
DRV-01616,Abdullah Al Faifi,JED,2019-10-21,4.86,active,f27b7deafb2edad5acb1751c4e8d5f87,a6c87c291e064d317352797498fdcfdb
DRV-01617,Fatimah Al Khalidi,RUH,04/05/2022,4.44,active,574b49c3fbdea7f1cbfcac038d911c46,a97a9193ac106623407199c99c91fd35
DRV-01618,Mishal Al Dossari,RUH,14/07/2025,5.0,inactive,4a487a5b0c7f23c6fd618557406946dc,f419d233248255eb343a2240d8152db6
DRV-01619,Samir Al Bishi,RUH,17/12/2024,4.95,active,646c2e52e9241f6035359984be87bd5e,3f48218518a5d56e1cfaf134f1b4e472
DRV-01620,Ahmed Al Anazi,RUH,2021-09-25,5.0,active,b3cca8710ffc295d48ca92ffaf536a79,f6f20ce01066fe1418f089c87bc9db1b
DRV-01621,Jawaher Al Shehri,JED,2024-08-09,4.68,active,13ee579aa055225494f63682327142fb,ed076713d4c9307f68f849220f567960
DRV-01622,Usman Al Rashidi,RUH,2023-11-02,4.9,active,4130d291a28c3ef1519ea60deff7aed8,4ee23e4d1d6eff0047f0856341c9ab75
DRV-01623,Fahad Al Hamdan,JED,08/06/2020,4.89,active,23ea5ac19018dc8c7319b4e2a6506c98,48e8ce1cc9ba99abebd8d061b846a465
DRV-01624,Nabil Al Harbi,RUH,2025-06-12,4.9,active,0bd9972c4433ce96675dfe57b7dceb74,7caad20cf93f2a272df851f8ac00e9f4
DRV-01625,Lama Al Faifi,RUH,2025-10-25,4.8,active,74b5a90e9115b98ae450cec46de1ca93,045992c3ede1635b1325638c5e385cc4
DRV-01626,Omar Al Harbi,RUH,11/07/2024,4.58,active,59bd57cc98198fa90a91aa5676a9ec8b,164bf22d91ba9a5edd5a402ad476fa67
DRV-01627,Fatimah Al Amri,RUH,10/01/2021,4.76,active,171df6daeee616bff12024a045174afa,f4c54eea13e3d36ba08ce207946a36b2
DRV-01628,Salman Al Amri,RUH,2023-09-05,4.33,active,04f9010e88884c674daa26337b262400,64b8987210fea6a16a27e6f50309f5b4
DRV-01629,Fahad Al Faifi,RUH,2025-08-23,4.52,active,e2a49ab3550d80b14e7d688093fff338,362cc4df4472cd371529b94556dc83e0
DRV-01630,Nasser Farooq,RUH,30/07/2020,4.67,active,dbb19c75223c9b0298a828d1aec5a37c,61bfb147e6d7879beaa893e4668b9433
DRV-01631,Ziyad Al Dossari,RUH,2026-03-23,5.0,active,fdc9038ff63604c967320e00dafe3f61,5da77d917f9ca9f3f430e2140935f72a
DRV-01632,Imran Al Shehri,DMM,2021-03-06,4.49,active,1026675108b4e70bb56bf7b26009a64e,1dd9224cbf2a6bda1f625db0e833792c
DRV-01633,Layla Al Amri,RUH,"Jul 15, 2025",5.0,active,6ed4e8fa7da720393b147596e0d89bcd,e9fe2165fd0ed95d2b96d61adff6f385
DRV-01634,Majed Al Bishi,RUH,2026-02-04,4.46,active,9526aa8b7ba66b543698ba78cd515904,e7e0ed51d31f97e69f54de8dbb663b21
DRV-01635,Mansour Al Bishi,JED,19/08/2022,4.63,active,8ed21a970a820e81bc475838df9ce0cf,03b9686899a18d789b68a04df3208408
DRV-01636,Ibrahim Al Ghamdi,JED,07/07/2024,4.6,inactive,b9c678b1cc04437526c9a4296ded5161,5c74b983259cc0424697da6f7f71da70
DRV-01637,Aisha Al Otaibi,RUH,24/11/2023,4.77,active,f9bc6dd3eb40c4de3a3f92cfd9d82ec7,c7ebc216787c4b9d79d0ecb8a7dccdea
DRV-01638,Mansour Al Khalidi,JED,2025-09-15,4.62,active,6863a714103d23dbb033795282aafa07,0ec7f3bc1a0f715572822a4634b9311c
DRV-01639,Haya Al Shehri,DMM,2025-02-14,4.65,active,ce85fba9683d495d58d5497221355625,4e5f6324fb80814e5335a4f0e4bc720c
DRV-01640,Zaid Hussain,JED,"Mar 25, 2020",5.0,active,6c941fb5b9a1d95d31f9ce0695fedfc7,694adec00cbd03456469c08b9ed6b2a7
DRV-01641,Ziyad Al Khalidi,RUH,2019-05-23,5.0,active,27d30ce0ff7357b2703e6cb427e42b5a,108d95e9cb061bf7a7de4be3689fba80
DRV-01642,Lama Al Ghamdi,JED,2025-10-15,4.57,inactive,c4e90b82432276f8e1bf1311dffee1a4,0bc994a7c7fd73a451e1ceb3512f21f3
DRV-01643,Mansour Al Dossari,DMM,2022-08-20,4.57,active,5d5473526b30293801ea1709640e997e,8ad56267b9d99b4b2bbcea491b2203fd
DRV-01644,Zaid Al Bishi,RUH,2023-01-19,4.86,active,a05b1e4944699f2832604eb5fb436c4f,a2b06018e6d789d5fa5422964335070d
DRV-01645,Noura Al Khalidi,RUH,2022-01-01,4.88,active,ea1af535f3e03acad6271c3adcba56e2,63552ef74e6e92ff55ed326e5946fd28
DRV-01646,Samir Al Hamdan,RUH,"Mar 05, 2021",4.88,inactive,a1d2d0e1629e7362491fa9111fb2ef53,935432b4baa0c487350706923296c195
DRV-01647,Naif Al Zahrani,JED,06/05/2021,4.78,active,9f08e9de24b0cca0e31c658985ccacff,3e227d48b6a93178a0470a354b1caf54
DRV-01648,Abdullah Al Subaie,RUH,2024-09-20,4.76,active,0b7b0aad4677355eb32004c3539e79db,f75827a528618b867196bbcf374915c3
DRV-01649,Hussein Iqbal,RUH,"Apr 18, 2024",5.0,active,b0e47ff1c9a52a0e098e5e4c0ed094d5,91a2a048cc5deef8e26f3f75e4291a68
DRV-01650,Turki Al Turki,JED,2022-12-14,5.0,active,ec1e9625781ead89107d2e06b6c3fa52,b45256a84621593ab4dba3aea8c89484
DRV-01651,Ibrahim Al Asiri,JED,17/07/2024,4.9,active,f41bc945e786a491fe8f37539369dc35,c216a5f1a36309b36208d75e046f3fae
DRV-01652,Omar Al Asiri,RUH,2025-10-28,5.0,active,cbb6416d9545f886232207015ccf93c8,dc1f3185d695139ebaa8f034e43278dc
DRV-01653,Waleed Al Zahrani,RUH,2021-11-15,4.94,active,b58a5656538156169392211f0cb4f6ff,23c87fe50999317cdd48e9e71de54cf0
DRV-01654,Abdullah Al Juhani,RUH,2022-04-18,4.66,active,cba8a1e17de7a0c91de434a5f16399c0,5f544b637c3a8d37fe87a9fae25f5b6e
DRV-01655,Layla Al Moqbel,JED,03/11/2020,4.75,active,7db1a5d5528abd5f1204e2947817b03a,ec79e4c515cdab1ec92a77c80d2c6256
DRV-01656,Munira Farooq,DMM,2026-01-06,4.88,active,57bd280d9a37210bc87129d30356a26e,d8cefb676cab9da84e0fdeb1d7d8cda7
DRV-01657,Mishal Hussain,RUH,2023-01-21,4.92,active,f98d8d18714168799dfa3e75f52c9117,e1933e186dd191982817b8486f695caf
DRV-01658,Rahul Al Asiri,JED,2023-11-15,4.77,active,6123915c38494da2c2b552cec0b4c9ff,3e00d3e9ea7e63298b52d8ab9abddea2
DRV-01659,Layla Al Rashidi,RUH,05/09/2024,4.49,inactive,18b0266f14048b45fc30b87a91da55f7,c88ffe996182f522d323860f84c74afe
DRV-01660,Zaid Al Saeed,RUH,28/11/2024,4.59,active,05dd16fbc6b1d7ca3505d58cb6381d94,8be2548beeeef944e8cbb931ab921186
DRV-01661,Hessa Al Saeed,RUH,"Nov 26, 2024",5.0,active,09afb9f0ef874726475f4aad26424094,b1fba0e8d3c52be405194d2174fedf50
DRV-01662,Ahmed Al Moqbel,JED,04/10/2020,4.34,active,f016e0bb10cbb6d2ddc59a200b59f826,d21587c3479c70543c86727d4a892f95
DRV-01663,Bandar Siddiqui,DMM,2022-11-17,4.71,inactive,11d4fd4e3ceb02798e64b5b868543d9b,c0daa82429156e31d5d4b4d6e54acf91
DRV-01664,Dana Al Anazi,DMM,2025-02-22,4.75,active,d22766584cec67b7f0f4d916af7dfc2d,cbcbc79eb4caf620677bb31d4cf2b7c1
DRV-01665,Amal Al Khalidi,DMM,2023-06-08,5.0,active,af391baa0b353fd85e4e000d5baa4357,5900cf76203065311a6217873d86ae6e
DRV-01666,Saud Al Zahrani,RUH,2025-10-18,4.7,active,e7e72cb1ddc4452b2f8e54f7b00455fb,8193946afff65d05577cb424e50596f3
DRV-01667,Aisha Al Moqbel,JED,2021-02-04,4.45,inactive,b56065fe1f2f039cb214b60f6a158a40,6cf730d2a4a6ae909da07b87687010be
DRV-01668,Omar Al Amri,RUH,24/11/2024,4.56,inactive,08aab8b93fc169c6a9d9dc94b8acdae5,fed4b9976d9ec182eff1241372efd674
DRV-01669,Rayan Al Malki,DMM,"Jun 16, 2024",4.74,active,50118bc4778a30a600f2c34b8cfa29c9,0014eb250f3f591679ead19ab3abcb2b
DRV-01670,Ahmed Chowdhury,DMM,19/12/2021,4.52,active,dd60db169ee8928e295bbb347b5eeed7,3d7debfcd76576d5dd2d3edaf6e61479
DRV-01671,Bandar Al Juhani,DMM,2025-09-19,4.75,active,2a47a049b92ce3671fad6e7e67edcc74,ebf75c3ef28ca8bf038eda97ffdc44cd
DRV-01672,Sultan Al Khalidi,JED,2025-05-23,5.0,active,719621c269bf0fc143ed758be47ed97c,28a8ca829b28ed5063c670256c8c5b7f
DRV-01673,Turki Al Juhani,RUH,2025-05-13,4.65,active,4941752edec872eeb14ea2c7a43d5f2c,4221e924d4914df68c330ca08a2e4915
DRV-01674,Waleed Al Rajhi,DMM,"Aug 21, 2019",4.59,active,00e01ab31371a5784282e70ac4ff95e8,ba576f8f54e4b7116f849f9a46d3d084
DRV-01675,Abdullah Al Nasser,RUH,"Oct 14, 2021",4.55,active,0ef4ca0e3531fb5cf1b27d4ebe891206,c9b175535549a462893d740b1c7306ec
DRV-01676,Ghada Al Ghamdi,DMM,2024-03-26,4.53,active,3bf3fbe5991c3ef796dfbbd409da678f,0211ac4611a96366ab8db88082194b9b
DRV-01677,Fahad Al Nasser,RUH,"Dec 31, 2025",4.66,active,e5c3f70a37d35869256dd2c5b456ee43,a0f50bfbfaeaa7e1756c79d8df913f2d
DRV-01678,Saud Al Nasser,RUH,11/08/2025,4.64,active,90dec40d7ba66a8768ed35ace62067ab,3f1b7bdc6cb86571e193b88869de5989
DRV-01679,Haya Al Suwailem,JED,2020-07-14,4.67,active,4f71bca8b7affd9ee8c5e243f949236b,ebc2770c89f28b110c8c9f49a7e4896a
DRV-01680,Ziyad Al Mutairi,RUH,"Nov 26, 2020",4.87,active,640a0dafbdae1de1586dce66a9fdc1f1,7bd8bea0dcead1f04bd18bc7b7285f7e
DRV-01681,Amal Al Zahrani,RUH,2019-12-16,4.67,active,03da8cd728a938544350d2eec4de216a,a753b1e2cd2b3d2555d603057601045e
DRV-01682,Faisal Al Malki,RUH,2023-10-27,4.63,active,467b358d4696f4c9b5932cf03b5a08e0,41d1932b8640c4eb1432a623176bcad9
DRV-01683,Bilal Al Qahtani,RUH,"Jul 07, 2025",4.19,active,179196d2f8a108598966bfc8003206f2,12e10791a5d528bfbd13b400ad20e9d9
DRV-01684,Turki Al Faifi,RUH,2025-12-10,4.69,inactive,4d55e493f732a641c4d8be2a5983a98d,13153971aa4238240ce47ffb31991e80
DRV-01685,Amal Al Hakami,JED,2026-05-11,4.65,active,21b7d6b64f615b6678dfd01247a5bda2,71bad0a9b82757f2b95d66274de5908e
DRV-01686,Khalid Chowdhury,RUH,27/12/2019,4.49,active,44a7bccba967dba1d4e768776631b8ad,b4c098ad040501a8a6591e4265598430
DRV-01687,Faisal Siddiqui,RUH,27/08/2025,4.69,active,78f447a7aafc8adb036064fac3044416,16b60ed2b98981c377f189f290201f98
DRV-01688,Munira Al Suwailem,RUH,2021-09-17,4.96,active,80ffaabee4aa0c6724f99e06243bd843,381d37d0987410bbcc4a71e76f92f175
DRV-01689,Saud Al Saeed,RUH,2024-03-09,4.89,active,96d67fdade21f1ccbd725f4a192e943f,0a958b3ab1f808a031d299ebcb0894ea
DRV-01690,Mohammed Al Hamdan,JED,"Dec 02, 2019",5.0,active,8013c6b4fc714fa333d203c339f185ba,fae4823d9b15a2fb4a21a9ae1e8a5ec8
DRV-01691,Ahmed Iqbal,DMM,2023-05-26,4.38,active,ac53abef15bb04e0278f6556ed5d7c1a,acc26efcb3262e47ef08ae300fa61975
DRV-01692,Ahmed Al Nasser,DMM,06/03/2023,4.56,active,eb42b2c34d0d138b8849632e1c9bcff9,01d6a19571fa80d6128154392212f4bf
DRV-01693,Musaed Al Mutairi,JED,2025-02-18,4.29,active,a28cd6fa291056f7032539a32be6325e,be05f5d5f7169ba417cff0f082c091f4
DRV-01694,Amal Chowdhury,DMM,2023-09-12,5.0,active,8ab6aa7f27ba37c2b640ae99ab8e5665,0c02c0898e62653360144121a3efeabf
DRV-01695,Maha Al Suwailem,DMM,20/05/2024,4.97,active,3096b3ba847ee1bf34cbda396dcf84f7,c2ffbd7d85b72f705fc0f40a9f6388d0
DRV-01696,Turki Al Sulami,JED,2022-11-08,5.0,active,c064a45e3226b1e1050c7780d1dc5c89,d214d7dca3a11ab3915662c37dce6bfc
DRV-01697,Turki Siddiqui,JED,12/06/2024,4.59,active,19dd019377068ea4cc82486f1c95d391,696c0928bc42c1f62f90cc8f7447ef0e
DRV-01698,Hassan Al Anazi,RUH,2022-05-11,4.39,active,68f6c78e76e50813699f1172eedb940e,66eac50075c0086ad405536965daf1b2
DRV-01699,Zaid Al Otaibi,RUH,24/09/2022,4.65,active,4dca42a12a22a2a858fab1166e8f2240,85b91b1c6c72e30b06e3298994296eb2
DRV-01700,Lama Rahman,DMM,"May 04, 2026",4.86,active,8c504a06dc27b9a847ce7f2273cf29bc,52c1584bd6d2eb4d8d8d183c9e7a96d0
DRV-01701,Hamad Al Anazi,DMM,2023-09-26,5.0,active,98f8554f97d2f88d1557845a15900ed8,6ad7f7eda1481612a28d267d38c4280f
DRV-01702,Ahmed Al Yami,DMM,28/07/2022,4.5,active,bbd7c0101ce5c1ca42f1b6c915f17a38,90c9a7cc39a45c1f8225847b1a473594
DRV-01703,Aisha Al Juhani,JED,2023-02-24,4.88,active,d16b7c4cf69ab3d1983e480f70f89720,581bcd55b6b0224c744910f2e3a9070e
DRV-01704,Rayan Al Otaibi,JED,2026-05-15,4.97,active,73a184a5a94f5ed036b8bf194cc24be0,c66f0fae4dd93287d8052aa79faede83
DRV-01705,Musaed Al Yami,RUH,2026-05-17,4.74,active,f5ed324f82e28896a3831e0bde440906,af92b5cd76374549d31b324a27781b10
DRV-01706,Ghada Al Hakami,RUH,2023-01-28,4.71,active,dc36b737fe4a276420bd60f656188f01,49a1d3205afc51e1ef30066d811bf471
DRV-01707,Hamad Al Shehri,RUH,14/10/2024,4.82,active,c1ecbd9409e298129ea51b4cf131425d,1c1b79cc8a730bde12afb9cb3df64872
DRV-01708,Rana Al Zahrani,RUH,"Jan 16, 2020",4.78,active,7593e62ef426ec2f14ddb584706b7959,5908ab325a730978da67f729b483543c
DRV-01709,Rana Al Rashidi,RUH,2021-06-03,4.55,active,35573422b93e7a2187a66ffcd615ff8c,6228f091f57f3fb96b839e7a76d65e6d
DRV-01710,Saud Al Anazi,RUH,"Aug 01, 2023",4.9,active,6f12aada2f1a820f789d2c138f5760c7,d18faf9f21b60dce1aeb4e93e2dd67d9
DRV-01711,Zaid Al Juhani,RUH,2022-03-13,4.91,active,ca4abf41231f628268a903ca10772dce,ffc6b4a29f6cd9bf5415e9a40114d926
DRV-01712,Layla Al Turki,RUH,2025-03-08,4.91,active,1d14e2e0816b36f9c730f63e33b18952,0249e45186fc81ec6b3819282b32215d
DRV-01713,Sultan Al Bishi,RUH,2026-01-10,4.85,inactive,494364a1f76af66a8789bf83c28ac924,8344e54558fa6026a34fcecb09a11082
DRV-01714,Majed Al Faifi,JED,"Feb 24, 2022",4.66,inactive,9167eb0bc8562a7a8729896888fda0e4,82130a713110e5b48ac4b7424b04cf3d
DRV-01715,Nabil Al Bishi,RUH,2022-05-31,5.0,inactive,9e0e3431ef2685989212668ce111d7fe,f72135d45614b4c6d04147c22556e7c6
DRV-01716,Bandar Al Moqbel,RUH,2024-05-31,4.45,active,d728dfee2202bd74a65f738623cfd6f3,797fbec60059a9df756e1c9803935978
DRV-01717,Ziyad Iqbal,JED,2022-05-06,4.89,active,419eca6a51cb089b5c2aa2e1fc0e3cfc,61af35137de8d3f77d423740493a203f
DRV-01718,Adel Al Turki,RUH,2025-02-28,4.66,active,6a66498eb74bba4ee0bc4ac823815571,db9de633aa3e4bbf6095c1c467ed5d52
DRV-01719,Zaid Al Moqbel,RUH,2021-12-22,4.69,active,17c73a7a5edf76466963d86df1524944,8dc5ac8062007012bf4d4b50f2cacf91
DRV-01720,Saleh Al Shehri,JED,"Apr 28, 2021",4.82,active,ccf02066de0a9e8a8cfdb2ec9fa60937,8773396621ad495a38ca4d3912c751ae
DRV-01721,Usman Al Turki,JED,2022-06-30,4.8,active,82ba86550980950ad02ab452f0272021,2fad8b1a3693ccbf36679bff402c2012
DRV-01722,Nasser Al Harbi,RUH,2022-12-07,4.78,active,20054c855c8b78721791c781e3067ceb,c29f0ba9cd4c7449ebfa3d3199e3f225
DRV-01723,Sultan Al Mutairi,RUH,2022-10-22,4.57,active,06372f006de88c9d70c9425da54b5009,969769cb3834deaa71c88624cc988aac
DRV-01724,Rana Al Ghamdi,RUH,2020-06-21,4.82,active,24725dd0f9bf388f0f9090256570cad6,4e65b8b34eefdb13d3ed22beb0ac8be4
DRV-01725,Rayan Al Mutairi,JED,17/01/2025,4.88,active,9267ffc32cbdaff07ee6e0d2f48cf802,5587903e7a0bc1b5a3e3c95484eee438
DRV-01726,Lama Al Qahtani,RUH,"Nov 30, 2024",4.59,active,9b88f2f4b089ef2cb1a087bf9def8df1,b4a68b20ffd970bac874bece07793dc9
DRV-01727,Yousef Al Qahtani,DMM,2021-08-30,5.0,active,36d19738dfeaa6b34250ca6ccb6645d9,5fe306fb1144f28fb69db6f5f1ce876e
DRV-01728,Haya Al Anazi,DMM,"Dec 14, 2025",4.89,active,333c5747d1b774fe51b95585ea8b82ec,dad9024e516458b19ae2735c1d5881b0
DRV-01729,Fahad Al Bishi,DMM,2025-08-23,5.0,active,b175b4361c18a181428f7a715fce32ae,8958b7ae83265d0cb20d017509124d65
DRV-01730,Tariq Al Faifi,DMM,15/09/2024,4.59,active,7c057e20f1d8992a1ce9f7111d4cba7d,556647a6df9d61435f95a2e21a3683d2
DRV-01731,Hamad Hussain,RUH,2026-05-04,4.83,active,ee63427079173bbe089485f2d7e6a3de,15c3a9b9f940594ca4ea1aaa106edcdb
DRV-01732,Hessa Al Balawi,JED,2025-07-29,4.4,active,2433c95afe7e687ca5dd2f3ca0a7e44b,398cda2caa27cd7e7c190ad4021437ff
DRV-01733,Maha Al Asiri,JED,11/12/2021,4.58,active,a8661f04fddea61145d3df99d9dd162c,847e513a5bbb63a5e0f916d03cc62785
DRV-01734,Hamad Al Dossari,RUH,"Nov 08, 2025",4.45,active,0f98378c57b8936d429e1f12c6998327,cf84e9f100cc6696b5e038d470187f4d
DRV-01735,Rayan Al Ghamdi,RUH,20/05/2024,4.77,active,3d91b78d64bda5ba71ed54ef0d7e9e87,90c739e6a55ea9a62f7d04ae9a28dff1
DRV-01736,Mohammed Farooq,JED,2023-10-03,4.56,active,3db1c0f3217c52fff3614e654b833afb,962144a6b04833560d5fecf69a3626cb
DRV-01737,Abdullah Al Malki,RUH,2020-03-15,4.65,active,c7dc4fb286715f31e93697ae5e7f3cf2,6e8b5d55feeaea390af0991f13fb507e
DRV-01738,Tariq Al Suwailem,RUH,2024-10-12,4.72,active,c2ff3864b0e69abd015c8978254a11b5,146e4ba9507934d0cf6d60cddea813a9
DRV-01739,Aisha Chowdhury,RUH,2023-08-20,4.54,active,57c3930be411cd240685b288e96d623f,33355b4d3a309329ffe2830b6f18b1fe
DRV-01740,Waleed Chowdhury,RUH,08/05/2020,4.53,active,d391f4dd5004802c547784f4d6237dd9,6c3d2a1375a210370db16648e8fa88c0
DRV-01741,Hussein Al Yami,RUH,2020-08-11,4.92,active,cb5c8757ad660efdc2b1899c9a164c2e,f1028de25d773cb70214dff3d8b10917
DRV-01742,Mishal Al Shammari,JED,2023-11-17,4.59,active,087685609b175f9e2c29deab932b788d,e6fa9a55deccd765bde129b0bed7ec7a
DRV-01743,Adel Al Khalidi,RUH,2022-06-27,4.61,active,fdd5ee40f8b73006ed00ff0c10261e79,04746643e3d95ba8af9e51bb98c6a52a
DRV-01744,Lama Al Zahrani,RUH,2024-12-26,4.7,active,6cb2d433752b50c9ec3df334be76921a,907bec0525e2e9dc5c93872a9e5e84ea
DRV-01745,Maha Farooq,JED,11/04/2024,4.73,active,35cc42b814423368ed9a4305e41d5733,7eb86679031a8435e6fa6445b83c885e
DRV-01746,Ghada Al Suwailem,RUH,2023-11-23,4.27,active,a31de3fd772589f5be967c1d4bef01b9,dc8dcd57bfbbd3298adb7cb524dc955f
DRV-01747,Sultan Al Malki,DMM,2023-08-03,5.0,active,5836b6659cedfa8e3cd3615871f2b9df,ab75167981939a469aff5877a75c053d
DRV-01748,Lama Al Hamdan,RUH,2021-09-26,4.92,active,dc6194986019ab99cadf4fa36176cc00,1cc07fb3817def5529961a502b582cdc
DRV-01749,Ahmed Al Saeed,JED,2024-09-09,5.0,active,a2bb4362dca62d2157029fec38f4e08a,a677167121cbd86c2774aee38b315117
DRV-01750,Dana Al Moqbel,RUH,07/04/2024,4.74,active,e02545623803054fd323f687811091ff,170456dfd196c87ddc0f84cda478dafa
DRV-01751,Hamad Al Suwailem,RUH,2024-02-29,4.59,active,f438b9942ef0c73460a8aa4119d6dc0e,c79d889b9f030058e9601c08a20ced27
DRV-01752,Waleed Al Anazi,RUH,2024-09-05,4.94,active,e0ae05ea877714f73862dbeb215809af,c36bf3179516c6b8f36ab8e93a8c0a9e
DRV-01753,Rana Al Asiri,JED,2022-04-14,4.65,active,27d972061ea4f5e030a54d6b65f67505,ee9fb53855d1aab71fc8eab5ec34e9e5
DRV-01754,Samir Al Nasser,JED,2026-03-02,4.64,active,424835f79f02a77212c6063d5dd3f7bb,f8c081d4ae90027b32416776bbcc1b75
DRV-01755,Saleh Al Balawi,JED,2025-08-27,4.77,active,d9b9449a83fda769a0ade75f0ef164b5,20f25fe13ce76a819696d0698248d754
DRV-01756,Bilal Al Juhani,RUH,2025-05-18,4.83,active,76eab60b41b0b45f3976197bc1c9e34a,6a34f883ed1c6c7f67b9f80762943616
DRV-01757,Zaid Al Faifi,RUH,2023-04-19,4.82,active,a40b65c0cafc0e8ff5e9d92050e1f02d,3e8acfd52796e2c57f148e7e9b53837c
DRV-01758,Hessa Al Amri,JED,2021-09-04,4.84,inactive,518341ed5321a780dc23bb3c2adfd5ab,ceb6b2a6f13b3fda1896452efe15bc60
DRV-01759,Lama Al Subaie,RUH,2024-07-27,4.8,active,bf45dbdad903bb6d2bb48c1660e202be,b698ce976de7b0fd375db6acdc6b63cf
DRV-01760,Aisha Al Suwailem,DMM,2024-12-16,4.79,active,6dacc6bc089d7450cad74b3b70aaea7e,67ebe235a2e45f0ced1ede333a0ed200
DRV-01761,Yousef Al Subaie,RUH,2021-08-21,4.55,active,2a242e53cdf641a4f2efafc3434e0730,2fd4f6505ef94603c80481ec7dd0e8ca
DRV-01762,Lama Al Anazi,RUH,23/01/2021,4.62,active,7bc9a35bda1cc2f01f40a60c4ea431a9,5b211213fa9aff9aed45f0928c6a2b73
DRV-01763,Naif Chowdhury,RUH,11/03/2020,4.89,active,1f0a698aa85e8d783d3ba841187ef224,3dbe225a0c7039cb10571dc7599656f7
DRV-01764,Hamad Al Yami,JED,2025-07-31,4.68,active,13a9b4b2bcbec331d398cb27c2946ae9,307cf84f8ba653f29b9106608eaad8ca
DRV-01765,Jawaher Al Saeed,RUH,2022-01-05,4.69,active,913d7349809d000c96a6afa361441b8a,75900e0235a12daa0c124f467798d53e
DRV-01766,Fatimah Al Ghamdi,RUH,2022-03-09,4.76,active,b3d6f7099afefab5c80703b962cd5739,9069d95edfedbb6e919d445671d22752
DRV-01767,Nasser Al Turki,JED,2023-01-20,4.87,active,5e74f96998ba521dfeb7c0020c204540,4b31a24e12163401e90668e35600ce66
DRV-01768,Sara Rahman,RUH,2020-09-01,4.9,active,15c16acfb71430d9a801b475474fed18,621061248c7c7beae31b22126e427a6b
DRV-01769,Mishal Al Dossari,DMM,"Apr 05, 2025",4.6,inactive,7a56b2b6ea61fd9e2c56ae5260e46e9a,fbf07d5942830c46546f7901127537bf
DRV-01770,Amal Al Suwailem,JED,2023-09-09,4.99,active,e805005380327e3c84d5849598682ef1,d1e341b5bdfcefb38bdfe72067613af7
DRV-01771,Naif Al Juhani,RUH,2025-01-25,4.85,active,baa4f304a1a767e06bfd931a5266c035,80d0dd8b4f0df635a2cdc89ae82aacb4
DRV-01772,Musaed Al Bishi,RUH,2020-08-01,4.92,active,f3de6b5e58211487f83256273e07603a,11e00e568e6b9ce911bfa4b5b13b6696
DRV-01773,Layla Al Hakami,RUH,31/01/2025,4.82,active,a4124b0311e46e99acba23fcd9e9d953,d2340343bb74c34e050b65fa33e2792c
DRV-01774,Badr Al Otaibi,DMM,16/04/2025,4.66,active,b81ec45f5a86473a4fb541654e150258,07bf0effd705d855911cfc9432ee0f2c
DRV-01775,Layla Hussain,RUH,2024-07-15,4.88,active,72116574ad66ef67ade299297ce1ceca,9638f12020b94e769bb273fbd748ee9f
DRV-01776,Adel Al Harbi,RUH,23/09/2022,4.89,active,e72dbbed1c104b7c4b2527d761c11142,cb6c43c0e5d548bd99e35bcd728c926e
DRV-01777,Majed Al Balawi,JED,2025-12-30,4.46,active,661db01d7aaf897fc9905d6892807263,29460daa647e7dc0e6e35acd9f6e2daf
DRV-01778,Naif Al Qahtani,RUH,2024-06-27,5.0,active,da8837ececdf91b0b5740209e0eed90b,97c7790e59c449e1a9c4561eb6abec76
DRV-01779,Kareem Al Malki,RUH,2024-11-10,5.0,active,69b52db7f565d5451ea80edaa85633fd,5a07b960c6cd2f0068a40bc6dc825e47
DRV-01780,Khalid Al Mutairi,DMM,30/04/2020,4.99,active,01b619dac19ba0fc5d60d9b2861fb92c,c363c78bc91f71f45cb96c727b6bd0c8
DRV-01781,Hamad Al Suwailem,RUH,2024-01-31,4.74,active,9f82e64d00f23f0d075e0ce40c7c21c6,8f2e42e8ec11140d2f52289a080b7683
DRV-01782,Mohammed Hussain,RUH,"Dec 23, 2025",4.7,active,9186401369734855eece00e3b5df1f0f,50252bd20d57ed060616f0b52225f62c
DRV-01783,Mishal Al Zahrani,RUH,21/02/2023,4.59,inactive,449e7c18edb3f355f0113f9a11aea04b,b873d987a1eb48b07160fcae16a8cb4c
DRV-01784,Rana Al Saeed,RUH,"Nov 14, 2024",4.12,active,c9198356b04c3329c50ad631f245a878,7dc7e806907b5acb6a18358f2d079efb
DRV-01785,Aisha Al Dossari,RUH,2022-09-18,4.59,active,bc9a8d6aa2108eabafc37bee4f476874,2dde7112adeaf4e2f9fd4e45fbeac39c
DRV-01786,Naif Al Malki,JED,2021-05-13,4.56,active,94ab5cd92fe8d43f40dbacdd887774b9,e7c2490ba5be38a4779b78d81bea05ba
DRV-01787,Rayan Al Shammari,RUH,2023-04-24,4.78,active,00bb00684f16f1c14e2a4b3debd309da,fb0f3260f3a5d95d52db1eaa242c866e
DRV-01788,Samir Al Qahtani,RUH,2020-07-01,4.81,inactive,970edd980e2b3e0430f6b3cbd252ee78,eb72a1b1ce29de00df259a85ff5679fa
DRV-01789,Nasser Al Sulami,JED,2025-11-02,4.68,active,af8962c947c209603f1f5cb9517d9445,287ac600b737cd49a48827a79086da18
DRV-01790,Musaed Al Malki,RUH,2025-04-12,4.46,active,672ae6226b91b3246d90844959b13aae,f6416ca86ba949e4703dce682e68eb5d
DRV-01791,Turki Chowdhury,JED,2022-03-22,5.0,active,9a3012ed2354d38fa27afb91d3caf708,7a82036d21129804b6aee54661e673c1
DRV-01792,Zaid Al Malki,JED,2021-10-26,5.0,active,35c65b2807fcffc88111125e5232fd90,9c143a0b921f4d6b9aa3d2b954b74bee
DRV-01793,Saleh Al Malki,RUH,2020-11-27,4.66,active,5cf2d5ef9db47bc5c74e124a703b54ec,8f8e92436721e8408163a4ed1ae6f832
DRV-01794,Khalid Al Shammari,DMM,"Feb 04, 2021",5.0,inactive,7fdadfb0f936a3bf8b32f2ea6e490cb0,ef304f83a59a3c06c8462a15bd7a7e6f
DRV-01795,Maha Rahman,RUH,"Aug 24, 2024",4.28,active,4ab5a778a5a50e807660a7c416f1b298,23a81700b76485fbbfd1482a28eaaa16
DRV-01796,Omar Al Rajhi,RUH,2019-09-19,4.48,active,d85351d4faa24e9727f9a2e7036f86fd,9815e8c6c870a9b3172273429eaa6c85
DRV-01797,Amal Al Khalidi,RUH,2024-03-02,4.62,active,79856fa239a74e0005ff955688d5125c,8f10b4fea7b0dbbe1b6ff954b96a8288
DRV-01798,Faisal Al Anazi,RUH,"Feb 10, 2023",4.7,active,55e50db034de97aae453e750caa75231,fa51e959304012e0b15e4c412efcedc8
DRV-01799,Munira Al Balawi,DMM,"Sep 30, 2024",4.43,active,831ee9410f68fb0f9fe98174ad2aad95,14ffab4561222abab7c95a69b10f7c73
DRV-01800,Naif Al Moqbel,DMM,2021-09-26,4.66,active,c35d1a399ae4bb65285f7469fd6bae63,6f03b0ec411bf4a57c37c2d2cfe8f35f
DRV-01801,Usman Hussain,DMM,"Mar 09, 2025",4.82,active,77db32290b0de8ece4d3fae08bb6350f,1e0c355eac45b1a86979b1fab2536b0f
DRV-01802,Rana Al Moqbel,JED,31/03/2024,4.64,active,6a1142edb40745a63c393c96167d8455,a300ddc3582c64046795c2fe020ec732
DRV-01803,Rahul Iqbal,JED,03/12/2025,4.73,active,c57084c2b5a44b6218abad8f3fbc96f2,3593fcbdaec51f0d39db161be89dbc56
DRV-01804,Zaid Al Shammari,JED,2026-02-03,4.48,active,c0ec67ada2f25ae1b5ad918145c63484,083a5704609637b897452590285a2b9e
DRV-01805,Rahul Al Asiri,RUH,2023-04-09,4.81,active,96f2d6aab932e313f3ae2e179db50181,49ed8f897edcc0ae376fef30fbe25911
DRV-01806,Abdullah Al Shammari,RUH,2025-04-02,4.78,active,d844c6a5f2d9dd15cae6319d2d349dbb,eb30a0a50220f50f3823e83a9da35984
DRV-01807,Adel Al Otaibi,RUH,"Mar 14, 2026",4.7,active,358883fcdd6cf60db3e20475a3808480,3daaaba23a0226a10f2100b835348e40
DRV-01808,Sultan Al Mutairi,JED,"Jul 01, 2025",4.41,active,2c4d5b79060fcde4a04c56f07475e6d4,2217f45b90cc71911d7aac7aa41ebec1
DRV-01809,Faisal Al Faifi,RUH,2024-08-20,4.67,active,e25d112e2588037014d4c9c1f55516e8,aa075ef9eff776cdf05028c393c8a9dd
DRV-01810,Rayan Al Ghamdi,RUH,2022-05-21,4.91,active,cbf75dae99666968a8e5ab8ae7e11405,23b76cbb40867c87fa336f4adcbbe511
DRV-01811,Tariq Al Mutairi,DMM,2025-10-30,4.09,active,af5386b997ea58b14821d3145017b96f,300a8d197d3f3e7838f3175733287044
DRV-01812,Haya Al Balawi,RUH,"Sep 29, 2021",4.94,suspended,ae81afa2bab2d5bfebdae7c189ebd1fa,f230ab0c9e465fee71eb1dbb701f381c
DRV-01813,Salman Al Bishi,RUH,2025-01-02,4.6,inactive,c56923bf62d91f48d36780547df11168,0a77962e10b7829079b8e56ab2c489c8
DRV-01814,Sultan Al Nasser,DMM,"Jul 27, 2024",4.96,inactive,0d53d44c0b3df1c110e42f0400f205ea,128f1cc4ac21d258eb6b347230264015
DRV-01815,Saleh Rahman,RUH,14/09/2024,4.9,inactive,1d9bb70885905912c1f74087badb7e3c,64b57aa5b94d19c106d50f72277b1947
DRV-01816,Hassan Farooq,RUH,17/07/2020,5.0,active,1ae09f0e3d065361a989fecdda606a4f,46cc1c36ac98532e5a2ac1eb5326783f
DRV-01817,Tariq Al Bishi,RUH,2022-01-09,4.88,active,7b702c77c69024c02d83031c9e7706e2,6438e935cd8ec270505dfbc5e37090bd
DRV-01818,Hessa Al Malki,JED,2024-08-05,4.85,active,348269cca2f5ed299eb7376e348521ab,d9a2c6ccb050b530dd4ca247371ae867
DRV-01819,Mansour Al Sulami,RUH,2024-01-24,4.47,active,1a32fd842b724b8b72aa5ba8bd4db915,965cbcfdf31a4aa67c788273f1021dae
DRV-01820,Majed Al Nasser,RUH,24/06/2025,4.7,active,ccfb6ef3c5deec474c1e2bacc78cd2b7,4ce9d7f72834639bd7da1d6d582bab9b
DRV-01821,Waleed Al Zahrani,JED,05/04/2025,4.74,active,47c9a9a190a3d53a0c3a10db0fab780b,acf05f9e48f6e52b95bd6094addfead2
DRV-01822,Abdullah Al Qahtani,RUH,2026-02-23,4.7,active,bfc1eb7385ac5cb785d97efbe6d9c394,7cef151b6ad4cf16ce140230f38bbef1
DRV-01823,Anas Al Hakami,DMM,04/03/2023,4.71,inactive,6bcea64cc24be2a83ff89fee6871549d,b49caf2f4af3e8572b2fe352c601e699
DRV-01824,Nasser Iqbal,JED,07/07/2022,4.75,active,76df74a8819b168968f42f7be13dda63,6347ce4501e7d44234c4d2e115b60771
DRV-01825,Badr Farooq,DMM,2023-11-11,4.54,active,4638db36bdaf3e237cd673f9895a3fad,6fb523559e375a967b6d4752ea95a0c4
DRV-01826,Hassan Al Mutairi,JED,07/09/2022,4.9,inactive,c62bbe97b34506f31b73d5d64a8c07bf,73d373092c86390f95674eebfbfe92b2
DRV-01827,Omar Al Khalidi,JED,"Jan 19, 2026",4.62,active,6be60a84207d3a987de4244c3fb42062,1d2e58d358fbc646db9e3003e1b80bc0
DRV-01828,Ghada Al Hakami,RUH,2025-03-30,4.91,active,5503f3bfad53a52d9c2813bd91fc4b3d,b07a352ddad1d07b50a6ee31c4ca523d
DRV-01829,Sultan Al Faifi,RUH,2024-09-11,4.91,active,ff0ca8e1ee26c43bfde2602f45a2a0b0,62dc0c3461305952cbb52e7fbe087941
DRV-01830,Amal Al Hakami,DMM,01/11/2025,4.86,inactive,21451c93b82914bca35e4fee1afc7485,76c55eda5349b35a95e7205ced72b9c9
DRV-01831,Hessa Al Anazi,RUH,"Feb 19, 2022",5.0,active,f862bf9587f1179cbd7010800b71f597,ea1b2aec793737f557be60a7c64ad6fa
DRV-01832,Rahul Al Shammari,JED,20/10/2025,4.94,active,79f1f9eee17d9065991b5d0b8c0256be,aef346dd339691b9c480b6c288ae4e45
DRV-01833,Sultan Al Shehri,JED,2023-10-15,4.95,active,4707ec5600a80068ca846fd6e5e9652c,7d3f156935605a4315d6bd5f5f722185
DRV-01834,Hessa Al Balawi,RUH,2025-10-03,3.93,active,d0b7381df5d09b11162b6a59eed1b2fd,7a90af5de21ddc294aeb760b4f9acda8
DRV-01835,Adel Al Harbi,RUH,2026-02-17,4.44,active,aba3702302e26e1be2f7ceade6e6f28b,ec03a0f9705578cd680abb1d061cb090
DRV-01836,Bilal Farooq,RUH,"Feb 10, 2024",4.86,active,edfe4aeefab22410af75cd30290bc94c,d9195bcf52ebe7f1eb4fb451e5e4275d
DRV-01837,Salman Al Otaibi,RUH,2024-04-28,4.79,active,b4e91fb7df5bf87b702763ee4c854d5f,a95d09b6c56a9eef49ce44abe24910fc
DRV-01838,Ahmed Al Juhani,RUH,2025-01-20,4.81,inactive,9e551adada02fa17ce6d61e46424df32,ddf7c72df9781ccda3b89a7f94e58d04
DRV-01839,Rakan Al Amri,RUH,2024-08-12,4.59,active,80c25595bfe748abd430b54cdc592447,58e2dd5ea85058281da9b1cdf2c57e8c
DRV-01840,Rahul Al Faifi,RUH,2019-05-24,4.99,active,26e64135fb8da762bc40cc4df1fc40d8,8650c49fec6a3a34c3203ff1fac6fa46
DRV-01841,Hussein Al Balawi,JED,2021-08-23,5.0,active,fc8dee4629572cea80090acb5835d75b,4eb7a097a2f25da64650640265d608bf
DRV-01842,Ghada Siddiqui,RUH,2026-03-21,4.46,active,2b561094252eb6c087e5a93fcdfcb403,65922437b13591a93effacf1cd4ca9c7
DRV-01843,Usman Al Rashidi,RUH,"Oct 21, 2025",4.96,active,30b71d3802905e4910bb77aba5560f5d,5234538d17650ad587c898fd8d8f8ce1
DRV-01844,Ahmed Al Faifi,RUH,2026-03-24,4.95,inactive,3f4aa628b31927a6a106b6d22f8e32ff,09e2bdc86047cf7fba82512dad8beb31
DRV-01845,Reem Al Amri,RUH,06/07/2021,4.8,active,8dfad5f16e78f116141353f3a80307cd,66bf0f5388f65e13c6d19ab5fd2fe9e9
DRV-01846,Reem Al Bishi,JED,2023-03-15,4.81,active,e7f841e0bc823218905879310498fb20,50617a5815126d3a1a01a6aeaa727aea
DRV-01847,Naif Siddiqui,RUH,"Nov 25, 2022",4.86,active,5c8df234ba3de7dcb3196fd8faa88c91,a063818f16b045b9a959b93ede3bfef8
DRV-01848,Badr Al Nasser,JED,01/12/2022,4.75,inactive,ef1e1c8d5c1afafff3a4446b6e45cfff,f0ae3617892ff5a75100956d0dea1441
DRV-01849,Kareem Al Mutairi,JED,2025-11-12,4.32,active,04e6f227979318a47fbeabb393fded60,de3311705dc176d9b5e93e09cab17495
DRV-01850,Majed Al Hakami,RUH,16/10/2025,4.64,active,649e40efc820a7ed9899698138b62818,6b54561e11b4a758254fcb5fbf0a3b5b
DRV-01851,Usman Al Moqbel,RUH,2024-09-30,4.77,active,867b07e2876065e468f8df7c6bf4594b,2258474956891b6422d4f3a67ef9d370
DRV-01852,Reem Al Juhani,RUH,12/08/2021,4.78,active,e9973c83c07d2b2b1ce7ae83907720d5,bc92c170175be9de3bc41a685e67f1be
DRV-01853,Ahmed Hussain,DMM,"Dec 15, 2022",4.72,inactive,5f39cee923cb093c0f9ecf88203b425b,0aa6240a4c0f5a179f31123b19ed6651
DRV-01854,Reem Al Otaibi,JED,05/09/2020,4.79,active,cfb5b824e311fef6cccf6010986bfe87,35292440264212b42c1da985842c9926
DRV-01855,Kareem Al Shehri,RUH,2020-12-15,5.0,active,1fe461b713af693c7f3d221e165243d8,74ef714e469c095a265538a1544b0144
DRV-01856,Khalid Al Mutairi,RUH,2022-12-24,4.68,active,734206e38a9911cceaece0516026c04b,db0cb208b5d6e2e75a4b52745b5398bd
DRV-01857,Rahul Al Balawi,RUH,2023-11-15,4.72,active,288c8698c4102f5810a10227d2fc1abb,d1733b88a44e75b2dfc623ccfafc59ff
DRV-01858,Noura Al Malki,DMM,"May 24, 2025",4.62,active,85fbf963bd8d6ceceb6fea5ceee36941,d4322e7ad8a35433aa1e27ac8a334148
DRV-01859,Anas Al Qahtani,JED,2021-02-25,5.0,active,1181005bb8a80ce454cdf76bcbc35064,bd281f9db34fb76aa146c1deb7f6d754
DRV-01860,Mishal Al Moqbel,RUH,"Mar 03, 2023",4.64,active,34b6b8897e4036a4e7a5a1b30f48ef89,93d0f85f98ee238b76d2e0a6ad2500d3
DRV-01861,Adel Al Rashidi,DMM,2024-10-29,5.0,active,b5a6ad96cd761791ee9759623b9d6a28,110704b00e8c1d86af3880c8c34ee204
DRV-01862,Hussein Al Hakami,JED,2024-02-09,4.93,active,4849c2670b1f4573e145c89d330e9d40,fbc92b7c9b85ee8d3282154bf45273e1
DRV-01863,Ghada Al Asiri,JED,2026-02-02,4.57,active,0d55bcff24285fae32e3fcbef424f125,0e93765828b2506666968f2268e84633
DRV-01864,Tariq Al Hamdan,RUH,2023-06-26,4.31,active,b6132f0b007acadd84714a75e19cff7e,fe1611d06f3b56b92e5126fe49ada09f
DRV-01865,Aisha Al Dossari,JED,2020-11-21,4.86,active,e47242298d85077be3363797424b6adf,cdade3acc18c6b24156dd5d9ef5d2daa
DRV-01866,Hessa Al Qahtani,JED,2022-11-21,4.91,active,b80e96b98e3c30ee6dc5d71f4a90143d,a31074e063f478d02b4117541bd0ace5
DRV-01867,Amal Al Ghamdi,DMM,17/05/2024,4.42,inactive,6012693abc97715665022ce83c5a5551,bce89157863b5af5e3212bfa922a6f83
DRV-01868,Jawaher Al Subaie,JED,28/11/2023,4.97,active,ec0a8e419713f7e4f1851fd9682c45db,dbe2f9b886497186c84985f5a2fd95fd
DRV-01869,Dana Al Turki,RUH,2023-05-08,4.45,inactive,02c22a0e969f1fcfa96c5044130cdf6c,a4549090d32af65b97808590ee404133
DRV-01870,Haya Al Rashidi,RUH,"Sep 04, 2019",4.82,inactive,5157db22cc241e9fee3b332a331d013b,9f817a9b33d47c23790005528c708901
DRV-01871,Yousef Al Juhani,RUH,25/03/2020,4.65,active,e7cbabc9f106412b13186eb6c89ada25,a02e5a2bcc7fdb3bf2a59e6172b37417
DRV-01872,Mishal Al Bishi,JED,2024-11-17,4.8,active,43d899887c3d53991d58c8bc004f0e49,c177fd11754147203d179771d9bd9744
DRV-01873,Naif Siddiqui,DMM,2022-05-22,4.83,active,ae3c7331518cf033e20b5ab48b8b1466,1999fcfa81c10262b0607be40422c969
DRV-01874,Usman Al Anazi,JED,26/11/2024,4.56,active,74e90f949757b8648a910d3657f29d39,e190d127551e3fc93d6230af00d3d820
DRV-01875,Ahmed Al Ghamdi,JED,2025-10-23,5.0,active,c97ac6c482615a4526b687b840110f67,f4928ab58dcfc5d7a72b6faf76f4131e
DRV-01876,Bilal Al Juhani,RUH,14/03/2020,4.42,active,0ac6b7def609fd6bf9a9aa9f504ed9ac,dab620b78a978ad17893798e65617943
DRV-01877,Fatimah Al Malki,JED,2025-09-05,4.55,active,21e45b67a6838caab362d248d73e41ad,4d32b6134c97dad9ce70dda3374f93a5
DRV-01878,Badr Al Shammari,JED,16/04/2022,4.47,inactive,cfd721a2504b1517a91759240dbd385a,8dce4ff1ea0ad21682bc955b276d6996
DRV-01879,Usman Al Shammari,JED,26/03/2020,4.91,active,64e69752c86a8b8367c0d698d50eecca,0bc5c93981eac5c9fa97457318e95316
DRV-01880,Faisal Al Khalidi,DMM,"Apr 22, 2026",4.81,active,0e8944360676c7cef26fd2d0db9fb40d,929f0e0bc34df943df1d61939b236894
DRV-01881,Hussein Al Sulami,RUH,30/05/2021,4.58,active,7111fc1e638303e2c2c87b1b9820bfcf,28b96fa2b705164c5e2290f0df821e44
DRV-01882,Hussein Al Amri,DMM,2021-01-02,4.94,active,22328d5f7666b054c5fa7a9d6608d816,d7c3a3e3cf50bcf58b21bd7175b6b481
DRV-01883,Tariq Al Saeed,DMM,28/02/2020,4.74,active,b921bc0b89eab8f7e0d9b060b122fc3c,f75081682b4bc7a6c0c1935a61d192db
DRV-01884,Majed Al Bishi,RUH,2025-06-12,4.83,active,0cbaee4083b201e822d86d092ec9c8af,f3c6cf973288a96c3e23e28195a93fec
DRV-01885,Sara Chowdhury,RUH,06/05/2022,4.66,active,ba35f1f1cca33dcf0cf421740e137058,bca99849fbcd516c6e379e21bd6d2e40
DRV-01886,Omar Al Shammari,RUH,2022-11-13,4.8,active,e2e97aaab0733ee0abd995b2e0bb0e68,4e5bc5fceef77600352ff9bd0da4d55d
DRV-01887,Tariq Al Harbi,RUH,10/05/2022,4.44,active,04b63e969ce09eaa8a0618b4d72d3151,6882f0885eb737b17be7eb65d7e39ab9
DRV-01888,Zaid Al Malki,DMM,18/04/2026,4.44,active,44b5249b36717d7bac294164cad76e2d,87fab4345af01ee3dad809c29ed16e0e
DRV-01889,Saleh Al Zahrani,JED,2023-11-21,4.37,active,f880874cc4b25cce5d128627b81279d4,e46099c36862108084dc9d73c18ab0dd
DRV-01890,Samir Al Dossari,DMM,11/01/2025,4.85,active,0b30805482443de7677f559a4b582b23,d4307fc0720a0e89a50b7091723fbd4b
DRV-01891,Usman Siddiqui,RUH,2022-11-13,4.62,active,03bcf5f7fe3c41df32310e43d4dee574,11f141f162a22651c0842cf276c908de
DRV-01892,Aisha Al Suwailem,JED,2020-02-07,4.91,active,3a42e4e730a2212c4389869006b17f0d,6976a563a538c8ab4848b1d4a934b930
DRV-01893,Yousef Al Balawi,RUH,2022-09-09,4.91,inactive,4bbc2e115049a508c67411ee674bcb92,12b403d008585131dab89c7568e2fc7f
DRV-01894,Zaid Al Zahrani,DMM,2026-05-05,4.91,active,1e2ca48019b3da45e800fec8b78a73fa,a46bf15cb3c75b963537f10c1407b585
DRV-01895,Haya Al Shehri,DMM,2026-03-12,4.33,active,05d7fababb5ef22f3d3a60cfc87ae873,5ccc02575298a34dfeaad3d862e272e9
DRV-01896,Mohammed Siddiqui,RUH,2025-03-28,4.74,active,f3fa79fd21d735288d22b6eb008f2347,16c8be4b397f3507c9f5f430c322783f
DRV-01897,Maha Al Saeed,JED,2024-07-23,4.64,active,53ca19e2efb583c8d067cb7522382428,54f7c27db3500518e63f0953426f3f29
DRV-01898,Anas Rahman,JED,14/05/2022,4.73,active,3e5c96446bb7818a92b80889f27ebd35,148b95a2d95d40db9ba8f3836c399d06
DRV-01899,Rayan Al Asiri,RUH,2025-07-26,4.72,active,3554fc4a5b075b96e68deae274973f04,e0b45afe039de34548de3ade6ce95fac
DRV-01900,Nabil Al Amri,DMM,26/03/2026,4.4,active,d772fec4a99987ae96e727e926ac7fc1,ad52933b2267741059abf999a1d1b0d9
DRV-01901,Khalid Al Asiri,JED,19/02/2022,4.62,active,043b92fd78685f2b9803634d18a64f55,7690902f406c96cb666d460ea0b4202f
DRV-01902,Omar Al Moqbel,DMM,01/03/2020,4.28,active,e0b43f5b53f4f627cb15be16db4abd57,699f230adf8ead48191e36ca37954e07
DRV-01903,Rana Al Juhani,DMM,2022-11-01,4.83,active,12d32c24e9c5cc7573fd510969ab79a7,7ef2cb5dd5cd73a4bb2cb45908a679e3
DRV-01904,Ziyad Al Saeed,RUH,"Feb 25, 2023",4.48,active,cf8f6b2bc20675a22942b6d99e4f368e,8f45da2cb126cf221a35df0b9fc5d29a
DRV-01905,Yousef Iqbal,RUH,2025-09-05,4.71,active,1f43c6b408f0a6dd658ebf81420c1e98,61b16b1bfb6015ffa831a1f05e73215d
DRV-01906,Ahmed Al Juhani,RUH,2021-10-04,4.41,active,1769ff134da08fdeb61824a9232e0e34,4429a9b5bc08cc3b7d84fe2ff2a78f23
DRV-01907,Anas Iqbal,DMM,25/10/2019,4.72,active,37415b37cdf7716504146079ea1edea6,91bef294dbc2c57bc5f031b973480865
DRV-01908,Turki Al Dossari,DMM,"Oct 08, 2022",4.99,active,2198865fdd5d331f183eaa2f0e8ac07d,5fb1ad8b307fc01ae8ccdda255605315
DRV-01909,Ghada Al Suwailem,JED,09/05/2021,4.76,inactive,817b4500e764684373509d6d727edb2e,9970a56bda847d0e3375fe5b7f99b867
DRV-01910,Samir Al Hakami,DMM,2021-12-10,5.0,inactive,1a5de6ff6ac44bc4efcd77c750274f40,86a95c88bf0fd307ecbc5c7dab11ecbd
DRV-01911,Bandar Al Mutairi,JED,2021-02-09,4.79,suspended,e2fd1ee2fe5d78f09c412f4f8e8b581f,40cc7fa05a12e709720815dc1c950ca0
DRV-01912,Turki Al Hamdan,JED,2021-05-14,4.84,active,13c3e04e6d6ad83f2a3a74f7a87065e3,786179e2e4c3b7331e562b658fcd1102
DRV-01913,Zaid Al Yami,JED,09/11/2024,5.0,active,7478696edb42cde445ca3cd5d2c4e697,bb69d5724c6924ab44cb5c5546f3a32b
DRV-01914,Mishal Al Nasser,RUH,2026-04-19,4.63,inactive,e541f73f2303528f46fabbfd01a25f57,d377ee1339e7052da0f80a6508ed0583
DRV-01915,Bandar Al Nasser,RUH,01/12/2024,4.64,active,5d1380246b1e50aaba1d523a4b27561a,3047aace503cbea9748b674e39757dc8
DRV-01916,Tariq Al Shammari,DMM,03/06/2025,4.68,active,55e27cfd2a5bb0a00011fa33210c575c,7e61e68dd39610119b5c242b459a786a
DRV-01917,Faisal Al Hamdan,JED,2025-04-10,4.53,active,2da9700a56d04eba23fa37c6459091fa,87b6d4cdd10077fe8e6e80726be2ee16
DRV-01918,Ghada Al Rashidi,RUH,2025-09-13,4.45,active,3c54481f6a3c01edd320745744e892c0,7bece9506524c766fbabee2d8c7eac77
DRV-01919,Waleed Al Amri,RUH,14/02/2022,4.26,active,784db79e14f5a2639b537a3b663f0630,07eef63b293a050c0aec477e1203947e
DRV-01920,Hassan Al Juhani,RUH,"Mar 19, 2025",4.68,active,0d6ab1e7cd0dabf8ef60ccc116c8d336,7264b45cd1e0c8d3a002620c81db0477
DRV-01921,Hessa Al Khalidi,RUH,"May 23, 2021",4.76,inactive,6596cfe5700b47b0ac611b676e96c1f8,4a30e003f9727312a48455e0043fc3be
DRV-01922,Hussein Al Faifi,JED,2026-02-21,4.62,active,5e177cc2519ede2d410250aa06c151d3,ee481d359c11de87d541311bb5cbab63
DRV-01923,Sultan Al Nasser,JED,09/10/2024,4.28,active,c6fe42aa66267cc4755982d0abc04c9e,b4279e24fcfe84d1f4752668f28630f3
DRV-01924,Yousef Al Balawi,RUH,07/01/2025,4.55,inactive,aaf43fb6eebf25e8e8e3aadb86e21e55,170f72bf8077631e687393dddb7df8d5
DRV-01925,Noura Al Rajhi,JED,2025-10-16,4.73,active,cda2f1d193660c00d75f8fbd0cc9dec7,1642562f0a584851611208405c2d33ee
DRV-01926,Bandar Al Saeed,RUH,04/12/2021,4.78,active,fe608cf57734400be01c765ccd05ac54,ae7048a3835fc2121b01ff01c02ccc55
DRV-01927,Rayan Al Otaibi,DMM,2022-02-22,4.78,active,51b2045c5567269a73c3b5463923d64b,8ea480c04f53eeec6af7f6f2dd71070e
DRV-01928,Noura Al Hakami,DMM,2022-07-11,5.0,active,21d31816d6d6c9f2b9830e102e22bfe1,702200f4d46c491720265dde00523c87
DRV-01929,Maha Al Khalidi,RUH,"Jul 07, 2024",4.29,active,c97c20b3b979bd90df8e8aca5c8915ee,e59ec85baf5dce383785ae64a1b5126b
DRV-01930,Zaid Al Faifi,RUH,2024-08-03,4.84,active,03bca73a6e12d36bfcd99135a85bf3e5,65ac02a81c11b9309e08a9628bf40df2
DRV-01931,Fahad Hussain,RUH,2023-07-23,4.29,active,e8866c9964b8e256ae77dae3cee51dec,ba4ff84452906ecb6013b43fa2816755
DRV-01932,Noura Al Yami,RUH,10/09/2024,4.63,active,4bee6b12b647fd851cb58f53e0f027e4,4a6216ee8c1835d1a7b6ab53d7d3b934
DRV-01933,Usman Al Zahrani,RUH,25/01/2026,4.5,active,98b7b3c7946e41047aef523ed11d8731,bac5015ea1e73f4a39f04b0d683bd276
DRV-01934,Rahul Al Saeed,RUH,09/07/2023,4.67,active,5b1e59d23c6ec96acb835daba8e3b67b,564d5e124fa5c4b45bcbb7ab4005258d
DRV-01935,Imran Al Subaie,RUH,07/11/2023,4.53,active,2ece3aee6acafe3a1d3ca86f66c080bc,b658e250cea70c4beea01184f9a827fb
DRV-01936,Anas Al Harbi,JED,2025-04-10,4.45,active,89dba8b832d711ed1c5996f3c72e64cc,b7cce8df7a5f5c1f629055bd7e33e9e3
DRV-01937,Mohammed Al Nasser,DMM,2020-09-26,4.96,active,e41a5618facbe6a8173c0bbe91534ebf,fa239362308dfeabee367b631fc1cc8f
DRV-01938,Reem Al Suwailem,RUH,05/05/2021,4.66,active,c5fd82fb251defa3d85a567e4b3410a3,e11c2d239c8e5c2e30c841cb84cd329a
DRV-01939,Hessa Al Faifi,JED,2021-09-11,4.58,active,3ca44c0f1fd1b7aa986db7a14de052cd,246cfdd0e4c3994327de82275e28655b
DRV-01940,Fatimah Al Qahtani,DMM,2026-01-03,4.47,active,7930a57ddcb8a485aee6b1f17ef69197,04924294e639ceaa9c3a11cb225e3eb2
DRV-01941,Ahmed Hussain,RUH,"Nov 22, 2024",4.91,active,76eaef5350b665e0c4cc14aa12514a68,42a35467a920327227b0407de2cf802e
DRV-01942,Nasser Al Otaibi,RUH,2025-07-18,4.89,active,9aa77dde73995f3bef6e8dd19e911fcd,8ea758040ccf5799f8130c17f855f1db
DRV-01943,Munira Al Mutairi,RUH,28/10/2024,4.85,active,170e6b24825a4372b5b718c441f08369,199d95d3bd94ee45ea7bfd1ba2da1411
DRV-01944,Adel Al Hamdan,JED,2021-04-13,4.61,active,49dc87bd5cf9100ac0e18ce86f83bb89,29979ce920f9e876669b8f2fae2f05c1
DRV-01945,Mohammed Al Dossari,JED,2025-12-25,4.62,active,3b5a9b0c6aaab1bf3e2f7b625330bbf4,396a7903a4899582ead42c96a4dd90a5
DRV-01946,Badr Al Qahtani,JED,2023-04-08,4.71,active,07fbbc19eca9a3b05f95f611bccae3f2,33747fa8f1b60e9713a5593a6bac8cdb
DRV-01947,Dana Al Bishi,DMM,2023-04-20,4.83,active,5b00cfc4e4d7df498f3f6f3ba5301ea6,8e8296149505a1197cd04af9f032a20d
DRV-01948,Rakan Al Nasser,JED,24/06/2025,4.73,active,438e76fa84d2da72fea447211198e2d3,b8be86bec5a797ff5da557df230be85b
DRV-01949,Faisal Al Yami,JED,"Jun 14, 2022",4.88,active,3072b6662a7906e7535f065bc09ebcfe,e946ad93d2f0d3ce20f4b81b7f9269e3
DRV-01950,Adel Al Otaibi,RUH,"Apr 18, 2021",4.57,active,b3d4b889e2f93619fbef4d2d174941a7,94e5e1e47c20e6fc4edc3c01bcc5a804
DRV-01951,Sara Al Shehri,JED,07/03/2021,4.98,active,c086bc1a94344aa2926892ba9bb49ec1,7353a09822587eae6c539e12fbf70f8b
DRV-01952,Samir Al Moqbel,JED,2024-05-02,4.82,active,a319f80f6b43b03a6c128a9467dfe051,cdd1423f02eda996b44e2f9680a42065
DRV-01953,Majed Al Rajhi,JED,"Jul 20, 2024",4.55,active,ed7a9573daeb9bdc19d7f20f77e26a8f,b1bf6ac21345a65e65a65ca5a55c235a
DRV-01954,Tariq Al Khalidi,DMM,"Apr 23, 2021",4.75,active,bfadac2991a564d1c915f7bba1358f44,eb09a8a025bae6978195772a45f324aa
DRV-01955,Sara Al Suwailem,DMM,2022-01-06,4.55,active,f3d3eb345e8293513dd91900cafa9e34,e9c80dba547a518318928f438c320982
DRV-01956,Maha Al Dossari,RUH,27/11/2023,4.69,active,635157e2157527b5cb57c2b8e81911f2,31e1df4e9d86ca8d9a6b1d03b27303b3
DRV-01957,Nasser Al Shammari,RUH,2020-08-13,5.0,active,0ed0ed74ad6326f9b74bb93970f3dfd5,4838038625132936842211649f3e4463
DRV-01958,Majed Al Khalidi,JED,2020-03-31,4.7,active,cb7948f7c618d18f5c2aef420b1608bf,a61dcea4e5580abd12888499499a83c7
DRV-01959,Bandar Al Mutairi,RUH,2025-12-04,4.77,active,20c96bf98c3ae97884da3c999c37da6a,1a010d8950a017a1de4edafe7fdbda40
DRV-01960,Noura Al Harbi,DMM,2022-01-02,4.98,active,b3ee1c0916f39d1f966b9d48631e0464,c465794de1d568927dca861fd450ec63
DRV-01961,Salman Al Sulami,JED,2022-02-01,5.0,active,626e20797abc8a9789590c8dd391a0d3,69bf9db84c6c987b899b73c3806f5b16
DRV-01962,Faisal Al Dossari,RUH,2025-04-04,4.56,active,f4d68ccb7d839153b55bf1f776b4536a,8f73e5873f7e4673359506ac606c4550
DRV-01963,Tariq Chowdhury,DMM,2024-06-27,4.56,active,500b5b43ea132660eb18da709136bcf3,1034de71edff9dd6fc19d5c8406e1234
DRV-01964,Musaed Farooq,RUH,2024-01-07,4.53,inactive,548a38b2a37084e25e990c1e7b0d0bfe,1edfb21bafb6dc17de10b3d65ed7f04b
DRV-01965,Nasser Al Suwailem,JED,31/12/2021,4.48,active,e2b1f230f5c6021ebdcbaa16807c6807,1bb7989e8f6a4ba05d2f2bb472c5bfe3
DRV-01966,Nasser Al Yami,JED,2022-12-09,4.89,active,34141c61b0923d581d8c507350059ad5,6afd12c593e6318909dc6441ee93db2d
DRV-01967,Lama Al Moqbel,JED,2020-10-13,4.86,active,6c2226f03d61239ce78eae0edd5953e6,f736efb2f9826c32f02e04ac6b12fb9a
DRV-01968,Ghada Hussain,RUH,20/04/2022,4.66,inactive,c32d2b4bb259285010c0fbb223538729,e000f9b64a1c63cf0290bf6bc6e43ff2
DRV-01969,Salman Rahman,JED,"Jun 23, 2022",4.35,active,0bff943d73396e77727c6bc8bab2871b,4690f5369a04035240a08b810f9cdc5c
DRV-01970,Waleed Al Amri,RUH,2025-03-05,4.75,active,f6cd7d936b0992bb7bd290c78d048a29,9839bbb88da813b84d87780656b315b4
DRV-01971,Salman Al Asiri,RUH,"Oct 14, 2023",4.69,active,249731624753bf3746daea50ec9058f6,adb0450d6714a75d14b48b1c6d6dcfc4
DRV-01972,Hussein Al Balawi,RUH,"Jun 11, 2022",4.73,active,51c16cd1cd648edecb047dda1566c83c,adb3d0b1bb6317c8e976d2b375b685a1
DRV-01973,Bandar Al Shehri,DMM,"Dec 30, 2023",4.3,active,96ec69fe17612417e9db003405eb4447,364b7e2c5047084ffe4ac2876db5cb3d
DRV-01974,Anas Al Shehri,RUH,"Nov 29, 2024",4.38,active,e00be35409f1f18a0d70b934c9207081,26211a401fa1ba7c671813ada96d26e1
DRV-01975,Samir Al Turki,JED,2019-02-20,4.6,inactive,ff262601eb15074f10ab9a8c80b90375,1d198267d88043cce2ef21c7cd1e2af6
DRV-01976,Yousef Hussain,RUH,"Feb 23, 2023",4.93,active,c30df54149407949e934d7671c17980b,e0651a0d1c36d3521939b3ba979064af
DRV-01977,Fahad Al Yami,DMM,2020-05-20,4.88,suspended,67a66afcc1e427aa3735ea8f5f5d74bf,c05361810acd3823173491b2efeb44a8
DRV-01978,Waleed Al Zahrani,DMM,02/12/2022,4.7,inactive,0a30be81895fd2e501297292cf8c3942,ff351fe6e30cc5fecf01d3ecb638d286
DRV-01979,Munira Al Subaie,RUH,2024-03-21,4.85,active,a036ac4a0ee69382cd40a5671892df72,d6099978eae8dea1127559cf8c9d8b29
DRV-01980,Rahul Al Suwailem,RUH,2023-05-20,4.98,active,4bdf922fdfdd655a915313e29e1e6b32,247407946c70516933a65df543a358ae
DRV-01981,Hessa Al Qahtani,RUH,2025-05-20,4.55,active,25e035d9d3e1eca1e242d474e764ed24,e7e24992068d152fb0f6632e3de10352
DRV-01982,Mishal Al Hamdan,RUH,2025-03-28,5.0,active,3676aa52b4c3735354158ad9305cebe2,126e01b451c70d148b4c87b4eda1ea8c
DRV-01983,Hassan Chowdhury,RUH,27/12/2020,4.97,active,793738876a5647090f57d963d334b157,2b88991ac2162dd5527501f9e0125afc
DRV-01984,Fahad Al Dossari,RUH,2024-12-20,4.95,active,9539f001a4b498c3e1a2156568593aab,bb7643f8b411f9af7566f719c5ea5b90
DRV-01985,Omar Al Bishi,RUH,16/03/2024,5.0,active,707804347ec0a60cbc2ccca73ed3b5c4,3ba0e9a05f90a20dc34ac2d15ac84949
DRV-01986,Musaed Iqbal,RUH,09/03/2026,4.29,inactive,de7dca14b0958533e81cc524e028e957,db352c2c94e632562bc200ef5c1ebb0c
DRV-01987,Usman Al Rashidi,RUH,2023-10-19,4.82,active,da468b863b22d365a00cfe62646fd96a,e6f54f385eda6abeabaefde405922811
DRV-01988,Haya Chowdhury,JED,2021-01-08,4.55,active,e824597847474fbe774c37cee29cd645,378beb96d21f373d202e47b64e84838c
DRV-01989,Hassan Al Faifi,RUH,"Mar 03, 2025",4.73,active,88fbbe69978c11f7c4c201c4b5722f74,a2305e512a16e1945c855eca4f5a3a60
DRV-01990,Samir Al Khalidi,RUH,2025-07-14,4.53,active,aaf9274e89ff84797ef8cfd66af6c55e,9eec19d693b0f1d1559fa5fa37c1181f
DRV-01991,Tariq Al Subaie,RUH,23/06/2023,4.63,active,410f92ecb98f80f745b90bab88573b1c,adb1ff00efb06ae1c9e44a7ca8c970b8
DRV-01992,Fahad Al Rashidi,RUH,"May 07, 2025",4.49,active,0d58c329f87eb07f52d393f17b1df33b,65877715704eca4b3f7465e910eb5e15
DRV-01993,Saud Al Qahtani,RUH,"May 27, 2023",4.94,active,3e463ff1e1ec850c56a37196e333c9cb,303b46afa5ac9f584c59ecc2a222b42b
DRV-01994,Munira Al Turki,RUH,2019-12-17,5.0,active,3af5cf73eaea329ccaec002f82e1e9e6,434d845794a399ac605ee57bc1aad02e
DRV-01995,Ghada Al Faifi,RUH,"Dec 02, 2024",4.49,active,97d531a31ef9a71c55b845993793cc73,5abdbeecba66e1c047fd12cde59bc9f1
DRV-01996,Nabil Al Khalidi,JED,2022-09-03,4.7,active,91bc768241c50e428b160241a8cff700,3bab9639277548ab1c1c289c3acc2d75
DRV-01997,Saleh Al Qahtani,RUH,2022-09-15,4.95,active,b2c9fbbaf01b485538d8af01e0b37169,d3693347cf54df67e75fb2ce4c2b4f99
DRV-01998,Layla Al Shammari,RUH,2023-09-15,4.73,active,a994f8ffd93dd281593f85bd4042524d,36418a3f38fb7987cabea150a9a571bc
DRV-01999,Saud Al Zahrani,JED,2024-09-16,4.98,active,d6f9afb50b47e5a4c141e771504895d2,2c8da5fb9fecda1de8484de514bf7071
DRV-02000,Abdullah Farooq,DMM,2020-12-27,4.62,inactive,6f7724e094d29f8754c242ea0935ed6e,62a89515f89e286876ac561ba03cb3cc
DRV-02001,Haya Al Subaie,RUH,"Sep 20, 2024",4.64,active,6f81094ac83d95da41ab35225d70acd2,3b675ec266724cc77c07fa99f0ac39fd
DRV-02002,Lama Al Hakami,RUH,2025-07-11,5.0,active,c1ed537f8173d930621489f0f73f645e,57d150fd6f58f7e3bcd97472e858ed4b
DRV-02003,Faisal Al Asiri,JED,11/06/2025,5.0,active,4640b12c35c155712f8e403d0b5fc19e,4d40031534db3b30da17fdc9145f6934
DRV-02004,Sultan Al Moqbel,DMM,2025-09-05,4.48,active,04472c40720f7f0699d06b2bedbd17b2,ad3b242eb5cede646eceec13511ea245
DRV-02005,Sultan Al Amri,JED,2020-07-03,4.72,active,2660bae01834c9ec98619a33c4e5d323,e854f9e472b3366349dea54862b9844d
DRV-02006,Mansour Al Yami,RUH,2023-11-27,4.42,active,04a06445d79248f56031a55de86eb63f,03df269d702439490dabaa1e75007f6d
DRV-02007,Faisal Al Turki,RUH,29/04/2026,4.58,active,eff00054a2867ad9a3f6cda95d6a38a4,d923ab43bd7c83c6764e0b815e701dc9
DRV-02008,Maha Al Juhani,JED,"Jan 21, 2023",5.0,suspended,cf66937737fdadfb0de0f71f85bcb4ad,17198c6493f4caa77ef0b97b6ee7bb67
DRV-02009,Ibrahim Al Rajhi,JED,08/01/2024,4.61,active,1d56efbb52ba16377c54a1f3895fca12,9666af6e8a8901412171a7d7963c42f4
DRV-02010,Dana Al Saeed,JED,23/07/2024,4.89,active,ceb61a8eedd2bde0ff17e77f396c744d,1daad5a9882d2a7c84203e7f80069bcf
DRV-02011,Lama Al Dossari,RUH,10/01/2026,4.47,active,6a6b5e01b0fa721807a58c6fe7e3f0b3,74f18522c48ee601890308a62fc9c94b
DRV-02012,Naif Al Suwailem,JED,2025-09-03,4.63,active,9c19e790bc19737f11a3ed91b151b22c,b3835eeded61cca77bb450f05d4b813e
DRV-02013,Munira Al Shammari,RUH,2023-01-04,4.73,active,cf7ae423b40f718126c680c350fc3d0a,c8b42588aa52371a9ac9e742b425d1a6
DRV-02014,Mansour Iqbal,RUH,08/09/2023,4.58,active,bd0e370779ea02311eb78c60dadad037,f2fdffdee93d45e2c5de8b2391d43939
DRV-02015,Sultan Al Hakami,RUH,2022-10-02,4.63,active,a6749fea587e65692f2e9be12517f4c0,00eb602f786a29724b446228576c9361
DRV-02016,Anas Al Saeed,RUH,"Nov 23, 2024",4.54,active,b3b9ba93c0916400ffcf4a0eedcd2782,5810a6e9b5ed401489e99626c777ab08
DRV-02017,Yousef Al Dossari,RUH,"Oct 11, 2024",4.78,active,2d276b9cc8efa5ae6f02a5d4c614a5d9,cc901c94622e5809377945b16ff4bcf0
DRV-02018,Yousef Al Suwailem,JED,2023-03-09,4.72,active,09a3e7d872d1ee3d45aaf1eee1047f47,9baa6e5a17201e642c73021f504e0bdc
DRV-02019,Bandar Al Sulami,JED,2023-12-08,4.54,inactive,6b9d94a712b86eb801945b3f09f0ae96,cd1346f974f389530c5d35d2877ed54d
DRV-02020,Reem Al Suwailem,JED,2020-12-02,4.69,active,60953434635b98ec11ff54a23ab1d5a4,a8e7688e507dfad6887e23ad37ab2749
DRV-02021,Bandar Al Subaie,RUH,29/01/2025,4.6,inactive,383e02dd626365ebc4a64eae02e9737f,2cdcf4c1c6c142b4ee601ef2406863c2
DRV-02022,Munira Al Otaibi,DMM,23/07/2024,4.66,suspended,2ee2fd8025f7330af321ca7f22ebe2d6,465d68ae0d3903485dce7ea538e15b82
DRV-02023,Hamad Al Harbi,JED,08/06/2021,4.64,active,0edc4d737b0d56e67307bb0f989be4d3,475ea640e86754f7533b9287766881b9
DRV-02024,Rakan Al Rashidi,DMM,2023-10-18,4.47,active,2aa6f2e262713d92fd1161188ab7f4b8,9b84fd36bc6a5a8dd7f4c2cb1f7644be
DRV-02025,Kareem Al Suwailem,RUH,2025-11-24,4.41,active,06dc5ac8a24e959b73b8590812d55ee2,dbe5ee94150e284d2946cf1aa831c7ae
DRV-02026,Majed Al Mutairi,JED,2021-03-12,4.76,active,0d1242859cf75473e37dbef975d4dc5b,62b98945c396613d10df3c72565f2ac8
DRV-02027,Badr Chowdhury,RUH,2021-11-04,4.48,active,439082f2287e4d07119c7d8e1344bf39,784caf52c57b4f591fae6bbeac754155
DRV-02028,Sultan Al Mutairi,DMM,2026-04-17,4.86,active,e4dc1e0b7921f7a6919139566288c429,869bad9f0a0f5d7aea00cf5cd6dfcc6b
DRV-02029,Khalid Al Yami,DMM,2023-09-28,4.33,active,14ad22ddad1569a62ab6382c5ae9cdb7,b1c612820e4bfce199e83b7ccf51693c
DRV-02030,Dana Al Amri,RUH,2025-12-11,4.44,inactive,05db51560b8b7d406b52eab3c692289b,cc6f979449146c057b828c7b45f74e97
DRV-02031,Waleed Al Dossari,DMM,"Jan 24, 2022",4.86,active,fd07094d36a099dd14481a9675b089d8,6a1b608e67e3c475ad623999a95f5b69
DRV-02032,Munira Al Otaibi,JED,2021-11-06,4.72,active,a61868e0161eeb775a1af370b1a04692,7766caf78a9befba91a388c74ae0363d
DRV-02033,Reem Al Harbi,RUH,"Dec 22, 2022",4.38,active,3e47dd3f4e76f2b325d25505eea28545,4e8321d495a80bcc742ed90e880d5e9d
DRV-02034,Omar Al Hamdan,RUH,2021-01-02,4.7,inactive,1660954a4434540bb542c305075fa0a5,3c45f296b4ce52e80cc937e43535e9fe
DRV-02035,Rahul Al Sulami,JED,"Dec 20, 2025",4.92,active,58f4db39ff99fa9f1996f760141366d3,a35b362ff61c6f897516b9d877a202ca
DRV-02036,Kareem Rahman,RUH,29/10/2024,4.83,active,d97c7e12c06ea56d7970cdb6c48e479a,340098b22139ac6cf1f160eed9598cce
DRV-02037,Salman Siddiqui,RUH,"Jan 21, 2024",4.51,active,0cc218bb8e77d585ab9c6c05788f4fe7,40a34808266343d9f35b01fcaacb4f9c
DRV-02038,Imran Al Zahrani,JED,2021-05-17,4.62,active,13bb43149b2f718485becf88f8f92084,c965435807ffa8c6ff3fbe267edca71f
DRV-02039,Noura Iqbal,RUH,"Apr 17, 2024",4.71,active,52bbf246f9f41153ce2edad67d3e1c59,fadc2cabe2eeab2c9ddf648d76c2eadf
DRV-02040,Saud Al Amri,RUH,06/01/2023,4.45,active,8dba729ebca9c0c74320b26d719d45e9,80f42bc41202cc045b3c44c288356fd2
DRV-02041,Anas Iqbal,RUH,12/04/2023,4.97,active,ff4af1649646bdbd293836f2b573cae5,4d547b9a7c7d4c44d23558861a37aff0
DRV-02042,Ibrahim Al Zahrani,RUH,2022-10-31,4.29,active,11a18244b099a4f942eb74cc86665482,ecc255cd1c153e9b40622c9b77b47191
DRV-02043,Munira Al Hamdan,JED,2022-07-18,4.69,active,f2e0dd4ccf949246b60b21dd76efbbe0,2cbd33b33c29d123e84d87492dd41495
DRV-02044,Ziyad Iqbal,RUH,30/04/2024,4.8,active,7abead9e8af73abe0a548ecb3946f631,7be92180fd05ea9e864123c57004d5c0
DRV-02045,Yousef Chowdhury,RUH,2026-03-07,4.54,active,939a0ddead7220a3884bdcd7fed41f6d,960a87588cc28ecee342212971342d72
DRV-02046,Ahmed Farooq,RUH,2022-11-03,5.0,active,58dbe539f2940ce8048b1e42da02a42f,097b8cbe41f057dd52533e070039f4d7
DRV-02047,Mishal Al Malki,RUH,26/11/2020,4.7,active,e939766601145950386713394aa64851,ce0ef9affc6d304df2fe1f00cdab1a33
DRV-02048,Musaed Al Zahrani,RUH,"Jul 30, 2024",4.72,active,f1b879f97346081e899c755b626bcf58,8ca00d506cac4f41375e425887dadae4
DRV-02049,Hamad Al Faifi,JED,13/01/2024,4.13,active,b64e888589cdd57c979af6581646eab5,83db63f3ed3e4e2589001d5a79a4459d
DRV-02050,Bilal Al Dossari,RUH,2022-02-15,4.48,active,b1048ae4a46976d45ff679f8f3d5ff3d,71882469091d4e98c142a71cf188aea5
DRV-02051,Jawaher Al Amri,RUH,2024-12-31,4.92,active,417c66c7188ce177b33a459b2a52267c,6fd61f43e5e90eb72eb2e0901d88ebe9
DRV-02052,Salman Al Shehri,JED,2025-09-22,4.48,active,7780197baf681063afd8e8471273cb6f,0b78acc831b9aaa6f8ab8229119e1f69
DRV-02053,Amal Al Asiri,JED,2020-12-22,5.0,active,9ed03d58bc2c750900d198104682e9f1,b3ed724124f50ca3fcd80b656e68fdea
DRV-02054,Adel Al Shammari,JED,2023-12-09,4.59,active,64f53556ba4ce7f983efffbe3794247f,d9a5209d76e01166337ff80f02f7bbb6
DRV-02055,Usman Al Mutairi,RUH,2021-01-17,4.53,active,25c12475d99f6e2e2685f7802b71e67e,695572c41f697df95613b05d95733a1f
DRV-02056,Ziyad Al Malki,RUH,2024-12-17,4.6,active,e0ead8288e41f3f9c5f408f587a305f1,e28c35d8cdf3ace35d2e813a28bd79a2
DRV-02057,Saud Al Anazi,JED,2022-12-10,4.59,inactive,cd34fa09448a4cf976e8299adc33e598,50c52e953b1edbca88894e6f76ca3fc1
DRV-02058,Omar Al Amri,RUH,2025-07-29,4.4,active,f4cc3736c3cc5983260ae09090539999,75e8b40ee69f12abfc42108c793ea11e
DRV-02059,Khalid Al Bishi,JED,2025-03-31,5.0,active,2cde5891889aea1da475ca9861ea4797,ce10cb0e908191897297be6046bc824d
DRV-02060,Adel Al Dossari,RUH,"Aug 14, 2021",4.56,active,3f15a93ccc5ca33b58a12a1f290c85e2,d19f374423a685fb57051b6b976f8d1e
DRV-02061,Kareem Al Zahrani,RUH,2026-01-20,4.57,active,00dc936d3c9584aa31403c59d7c2eade,b2db2b1e2dade86a6a29a300d669eefd
DRV-02062,Saleh Al Yami,RUH,2024-09-11,4.65,active,82435070e6323da1e47ba5e2f7da05de,755293c9617859a3be8becebfeffa2f6
DRV-02063,Saleh Al Subaie,JED,03/04/2024,4.88,active,db379605fc7bbd875ee6f0d988cd138d,198d5ffc8caf467f1f473713171d9dd8
DRV-02064,Mishal Rahman,JED,12/07/2021,4.53,active,80b5572000b56602299d4fa1d0856186,31238041b09e961bbc991456a8742b13
DRV-02065,Amal Al Bishi,RUH,30/08/2025,4.73,inactive,d0112a6a20097e979677d5e27fd96840,5e72be1641bae9400b37bcc81cc659fb
DRV-02066,Mishal Al Otaibi,RUH,2026-04-30,4.74,active,0f75dcd79b0ba673557359ac281fd358,f31871345c4ca0e287da31765fd3d7b6
DRV-02067,Noura Al Dossari,RUH,2024-08-27,4.52,inactive,cd0d6bb74340370b154a63ff606ae4c1,0e5f83087b335b425e831b03fef3a1f3
DRV-02068,Hamad Al Bishi,JED,30/01/2023,4.72,active,22c03962a99790f459169cb3e7f655ab,522a4926db0ee18c8de3b0da5cea67ed
DRV-02069,Omar Al Hamdan,RUH,13/02/2025,4.63,active,dcb8375bda8811a17e0db996762be80b,6ec6154d3b3eb84ce826b53f0938a18c
DRV-02070,Kareem Al Moqbel,JED,2023-05-14,5.0,active,3441cb7f04fa40338fc794c5c131a08d,d0d4148c400a761244cf398e503c24a9
DRV-02071,Rayan Al Saeed,JED,22/06/2022,4.61,active,1b0a65ef91439c792393e525830cf2c1,60136bc42c4d8b87f42f528879fc31df
DRV-02072,Ziyad Al Ghamdi,RUH,27/07/2023,4.68,inactive,11b8f4a46d467674c6e02ed48fd62160,c547e96c024465fe97151c1145a52c51
DRV-02073,Yousef Chowdhury,JED,"Dec 11, 2019",4.22,active,795f9dccea7407c917f3c572317ad9b6,83e44d31eae2fa3de00e3f2c8cae2d86
DRV-02074,Rayan Al Malki,JED,2020-07-11,4.95,active,b9573f9697acb723bf1fe0296747da2a,89e1b8a155f4575ad15d51d6279b286e
DRV-02075,Anas Al Rajhi,RUH,2023-04-08,4.75,active,f862cc66c47b45809da2bd85d903555a,e083d3451fd1a8c8f98e2017c86dc72f
DRV-02076,Sara Iqbal,DMM,12/10/2023,4.5,active,c78159c2f1cdd1eb8e6468352c49bf11,b1d9afeb3851fd7fe6a362ad53413ec2
DRV-02077,Waleed Al Bishi,JED,19/04/2025,5.0,suspended,e57191e3d9cb34bbc9bfd6f1dd7907c5,66564b0601ed424761be75ae2894beb9
DRV-02078,Musaed Al Hakami,RUH,2023-01-17,4.58,active,04ad21697113ef83bc6fb6b8f6e09ce4,ab9721cc9796c2fe849238a8b708a798
DRV-02079,Rayan Al Ghamdi,RUH,22/04/2026,4.86,active,645e03ea70af9f2a6efaad1f21becb24,b75bc2c810115093b2ea5094b4cc2cb3
DRV-02080,Anas Al Mutairi,RUH,2021-10-26,4.55,active,72fbad800f1936593d5355ac3938d949,1bccefc83ef12c9db76ed18ecc13fdca
DRV-02081,Noura Al Asiri,RUH,10/01/2021,4.41,active,cdaa647eb4b0616ddfa5579a5811cc49,03c135a6a96ebdd650be422caa522ff1
DRV-02082,Ghada Al Asiri,RUH,2024-10-18,5.0,active,cc301ce921f20bf5ce03894ff4b41ad3,b78c3c2a9bca9ecefd23344647e571bb
DRV-02083,Samir Rahman,RUH,"Oct 20, 2021",4.84,active,b1a95b59c42a1e8155a36f2458fcb18f,79634e3234d999c76efb86d0bc75fca6
DRV-02084,Reem Al Suwailem,JED,2025-12-19,4.86,active,ceca04d371b9f6fa57fbaf9b8d095782,7129e91f5019786c0f25924cf6a190f4
DRV-02085,Noura Siddiqui,RUH,19/10/2020,4.32,active,5468c71f8915e95f84b9e5326577f582,b3fea898e6d54d0599c35d5bcbaddc37
DRV-02086,Dana Siddiqui,RUH,2024-08-02,4.55,active,199c6db6730f8b7f3cca9f689417eb37,fbbfe6f1ae7ee9844811ab89fff10d87
DRV-02087,Saud Al Anazi,JED,19/10/2025,4.63,active,ba4f630da68d8874c0ef56fcd5736a7c,5817b8d5f838caf45ceb963fa8f9571c
DRV-02088,Waleed Al Zahrani,DMM,"Jan 16, 2022",4.54,active,01cb4e4386336e26bfc27627f6cb9c45,1ee53068943e70f0d0beffc5c5a89c01
DRV-02089,Adel Al Bishi,JED,2022-10-05,4.5,active,9931f1073a4edda3df9d6ab667fd049a,24c94b7274121aa6597ba89928f1f533
DRV-02090,Maha Al Zahrani,RUH,2024-08-03,4.74,active,8c0a6eb2b6b34f46ff85674d580886d6,d47779c8c1cd235ba6427bb0c2897b7b
DRV-02091,Majed Farooq,RUH,2023-11-24,4.72,active,743ee66cde4afe72cfa354755358e9af,e4fbbbba2a485428f62e895e66df6598
DRV-02092,Hamad Al Khalidi,JED,04/10/2024,4.41,active,c2a81e069692d8217079c775d5be19ec,58ea5c66a084ca71456fc078ab0bed86
DRV-02093,Anas Al Shammari,RUH,18/12/2021,4.79,active,5f92cad5c5fdb40b7d5cc7d11636c7a2,46019dd38a72475bc8ad4e5b851583e2
DRV-02094,Imran Al Faifi,DMM,"Feb 06, 2020",4.73,active,cacedbe192e14800f9df27b712a355d3,bf087b13c29f33ca0ac73c6b7283296b
DRV-02095,Hussein Iqbal,RUH,15/05/2026,4.91,active,2741475645bd24108785fd4b20149cfd,484eed571922a05bf0448c954258ae52
DRV-02096,Hessa Al Amri,RUH,2025-10-04,5.0,active,aff8cd3e1ef038f2426d83c805a4c029,f592ec2e6efac9c58100f96ff50754f6
DRV-02097,Fahad Al Amri,JED,24/01/2021,4.46,active,54903a227df4bc01fb09cba4551f3611,57564563a75ff5af01306c5e6be9f978
DRV-02098,Nabil Al Rashidi,JED,11/05/2024,4.55,active,1930eede0c4ba7286c1736d423660b83,ba7a37ee3849830ca2fb14f5cec125f0
DRV-02099,Noura Al Sulami,RUH,07/05/2026,4.45,active,bd549579d1b927583ae8380183355e38,219dc463534e959a023bf221e9e38c37
DRV-02100,Samir Hussain,RUH,2023-09-06,4.4,active,c58d9a9c203eb358aee38002da63f994,cb2c877658e532e5f6e218e670bdc7ef
DRV-02101,Ziyad Hussain,RUH,30/10/2024,4.54,active,fc504364b22dc1566b3d5828a0cb1127,ce0d86146358e099b69371440142f403
DRV-02102,Hussein Al Sulami,RUH,"May 11, 2026",4.52,active,aeb3c5712867f8e82188345af0bdc025,8b3576b61a2f650143ba8e4f4d74dc3e
DRV-02103,Usman Al Zahrani,RUH,"Oct 04, 2021",4.81,active,791caaff5edde69b182fa6ce1be2f932,03268ce985a95240590d822b66f53102
DRV-02104,Reem Al Subaie,DMM,2024-06-19,4.65,inactive,da2cc6f0aaee1d5eccd5cacc2cd84c77,6790100c8e7ab5d8c7b2da15856d5713
DRV-02105,Rayan Al Moqbel,RUH,2020-05-15,4.94,active,4469672aebe31f74993718f572527bcb,de167b37876bb7d3654e04c59b8866ef
DRV-02106,Faisal Al Khalidi,RUH,2021-11-24,5.0,suspended,c5cbf3156f7845fc7d2f30bef564ebd4,8e7628d3542b2b6ef148e5c5aa2f53dd
DRV-02107,Nabil Al Moqbel,RUH,30/09/2022,4.6,active,3f85bf6d3192185c3cda3da4f73ab590,b5b38c4a655f368a002f579863ca9fb6
DRV-02108,Rahul Al Moqbel,RUH,2024-08-26,4.98,active,29bb53cab3674691feb54eeb62763328,b126814937229cc56816542568f684a7
DRV-02109,Haya Al Bishi,DMM,2022-01-24,4.56,inactive,75846e993b6a1f16b8f02987492e5c83,d55e3c49453824cf28cd58013baf5176
DRV-02110,Noura Hussain,RUH,2024-10-26,4.5,inactive,502abc64f1d862f8aa0d10912ff147fb,f70d0dacf6b24e1b7f9530fffa161737
DRV-02111,Saud Farooq,RUH,2025-12-21,4.55,active,1228d873ca3922234bef8231eaf15a49,cc14247ac0d4888edd3fe71207f7ec7f
DRV-02112,Munira Siddiqui,JED,2020-12-16,4.77,active,c6420d84a2643a1adc0f0f065a4d0df0,d28fed501d076e6e02ad279d0a728e01
DRV-02113,Amal Al Nasser,RUH,2022-03-30,4.51,active,86a1b2d8d0391aea12f0f3bac9f00f31,48533e8e7a1aef7c3ec2509d0db3c7ba
DRV-02114,Zaid Al Dossari,RUH,"Jun 19, 2023",4.95,active,efbe77b327ace8a10ead549f37a23552,523e17cacb0e2f4e23211e661c3fc28a
DRV-02115,Khalid Al Bishi,DMM,2026-03-31,4.6,active,00ebfbfcfe5207d9017e57f3dae4320d,caca0c03a591df86342fee7321adcd39
DRV-02116,Anas Al Suwailem,JED,13/02/2026,4.64,active,3fdbe7ae24e82ecbf381df0503b561a8,b2c1ce3043c848d2cb3ca79ee41a6c2f
DRV-02117,Sultan Al Hakami,JED,05/04/2025,4.81,active,397930770a820ea22980e4d6e9986e14,59d69bb6a6d92688fed6c68e4024b412
DRV-02118,Ibrahim Al Hakami,RUH,2024-06-23,4.53,active,41fc19e366464240477499007c6944c4,ffa5ba1f489cc1f89bd396f61d3ebf66
DRV-02119,Nasser Al Balawi,JED,08/02/2023,4.93,active,0c738459a6892dc619d36d60abb3b9d6,0adb36ef9d1679c42ca9e4ddf2e06a2c
DRV-02120,Adel Al Bishi,RUH,2023-05-18,4.48,active,20e06059b5bd275bb345beeb2ca27a18,1af31cfb5fec78014cbb6ca0d57f4f18
DRV-02121,Reem Al Suwailem,DMM,2020-11-23,4.36,active,4e095d27445d18b4a732d27f692131eb,1e1e43918ea1fa189db04b2b2aa8623f
DRV-02122,Hessa Al Anazi,JED,2021-11-01,4.62,active,05011cfe1e3b886258bf61f8405e20a5,ffa95d3f642f4464e3ae763186571524
DRV-02123,Zaid Al Rashidi,DMM,16/06/2020,4.73,active,dff872774d9302d386b482c4788912e4,98f0fa99fb339bb33e7db040e4b77e53
DRV-02124,Aisha Al Moqbel,RUH,2019-07-12,4.67,active,121a124c6d8730245059b86a33782850,958f6b83dc065175e9a3a07f0748e8fe
DRV-02125,Amal Al Sulami,RUH,2025-08-13,4.9,active,32732db96a9e5063f6b89d764dbb6a1e,ff6dbd30522bc299793931bc40bc60d2
DRV-02126,Hessa Al Amri,RUH,14/02/2021,4.55,active,4930eb2b05da40ad4145a79cc03434cc,1451871b3306396552d9618566187347
DRV-02127,Kareem Al Asiri,RUH,2024-10-29,4.68,active,6208195796094ae53d67f1eaf0644a5a,8cfc46b08d9e48ead38991840979ddc6
DRV-02128,Zaid Al Yami,DMM,2022-02-05,5.0,active,3b55949bc69a55847b690f28c78ee39e,5ddb71c0c2ae87f582ed1a8794d6ac04
DRV-02129,Sultan Al Nasser,RUH,2025-01-04,4.23,active,4173d3bd18102edb42e0721d85ffc69c,d49bd33109b581fcbb1ca91cdf21d82d
DRV-02130,Haya Al Mutairi,RUH,2023-07-17,4.75,active,c28cf4feb29db701ae71e87948910938,4f7b1352ed342b57134f57e5cb022677
DRV-02131,Samir Al Dossari,RUH,2023-03-21,4.75,active,7e2232f026c3a1227746cc2e0543311e,4c9538acc8d6d1f99408012550883d56
DRV-02132,Salman Al Saeed,RUH,2020-02-07,5.0,active,4056c15772ea2996e2a8584d64023bdf,eac083b10f405336c1c921907fbb1f25
DRV-02133,Yousef Al Shehri,RUH,2023-06-16,4.86,active,529d3bff6ad5be915d4811da2dc41e4e,831b7033d58968ecd83d80250a382c52
DRV-02134,Fahad Al Asiri,JED,27/03/2025,4.72,active,06e36674b79f178f42d597a756dfdee2,e8cd9cd5f05e0745efc9616ce1a5ef4d
DRV-02135,Saud Al Malki,JED,12/03/2025,5.0,active,739ddfcd2a132f9591d04e2a3418547c,fd927e83539388c70d595a61b7dda367
DRV-02136,Sara Al Zahrani,RUH,2026-05-14,4.72,active,71d721e404059c9cd767d428745f7db4,c95cc24f97405d175ca226f97b493c49
DRV-02137,Ahmed Al Anazi,RUH,2022-09-16,4.98,active,ede4c4ee553ac8e7c1179524b2afac84,fa7a22b97cb7bb298400fc8ddc68efb9
DRV-02138,Layla Al Shammari,JED,"Sep 13, 2025",4.76,active,7b528a66f72053950017051a45072ed4,f243aa5b26e79fb2ad2c2d60c3d513ec
DRV-02139,Adel Farooq,JED,30/08/2020,4.77,active,d1ec2cf4e68486349de531ad49affe5a,35267f3bbe19f355fbbfd3e6769a352e
DRV-02140,Lama Siddiqui,DMM,"Oct 03, 2024",5.0,active,4ccc3dfdc305ccce9bc301f30027698d,cfebf02073784a9afd7ec03564ad87a6
DRV-02141,Abdullah Rahman,JED,"Dec 06, 2021",4.78,active,c573a3ba09809dc1a13170b240dbf149,c1f727db34a784a609c7e72a3f2c570c
DRV-02142,Nasser Al Moqbel,DMM,2024-04-15,4.55,active,27f9ce67214f34726797eb85da905100,5636311d724c669c52f26f03db08ce96
DRV-02143,Yousef Al Juhani,RUH,"Jan 28, 2023",4.56,active,5ec1530b820d635f880028782e67bf16,6d5d0f8b806efc2273afc736969884bb
DRV-02144,Hamad Al Turki,RUH,2021-11-15,4.64,inactive,e34225939797f5a2818ac66cf13edd72,d5b0baa35c4ac822a99134b159c98c0c
DRV-02145,Rakan Al Amri,RUH,2020-09-24,4.44,inactive,786825f275d302c6e706c9b3e8071e4a,83f6ba6c55cb931b4d28e1a948ec10e7
DRV-02146,Rayan Al Bishi,DMM,2024-06-26,4.85,active,ab93769fa4cf8105a4f0cd8320c23a86,185b9e228021d1a6241e0cace1898203
DRV-02147,Fahad Al Subaie,RUH,2025-07-12,4.43,active,b5a0ff62902d51103981cb9c6e754ecf,61e243d051c6a6def16ee48f0eb2f072
DRV-02148,Hassan Siddiqui,JED,06/04/2023,4.54,active,de4c306527164dd0016f894d44cc2bb6,366ac85205a476352cf15c9899efb284
DRV-02149,Haya Al Mutairi,RUH,02/12/2019,5.0,active,19cd43391ee232849c62b176a90d9244,e04c536db9a90c2ddc3fb37d2645d3e3
DRV-02150,Bandar Al Zahrani,RUH,2025-01-12,4.84,active,bebef058013e9608703e8e12b05b059c,13b252a0fa2486924413065dce571d05
DRV-02151,Anas Al Moqbel,JED,2023-12-14,5.0,inactive,c9a58a29d1fb77ab822d4f6568903459,dbfc6d1f550363f21d6f77bc32baad58
DRV-02152,Kareem Al Qahtani,RUH,02/08/2023,4.67,active,c09f5685aa1ab1a5e1fbb4866fcb5fe8,a6daeff27b5c60ebbdd8c889d7b35fbe
DRV-02153,Mohammed Al Balawi,RUH,07/01/2021,4.58,inactive,faeaed6a36691e1a2f2ec6cb6c30db30,7c814a785339224f87b90a8dd9ba8c08
DRV-02154,Rakan Al Juhani,JED,2020-12-25,4.92,active,6c915dadd60369531f4e5600601cdc06,6d8d6e9e1f15aae0eec6763f48fb8c0d
DRV-02155,Rahul Al Yami,JED,2025-05-02,4.62,active,c637cf15b3ae824a5ec9973d069aa088,d1ba80710076eab73a97076f40ac794c
DRV-02156,Ghada Al Sulami,RUH,14/01/2025,4.3,active,6e08f24c9e116ba259fb8cbf8c57d0fd,ba282d1d47a171396d67756b1185f69e
DRV-02157,Ahmed Al Malki,JED,2025-04-06,5.0,inactive,1fbe88753c8b6425f75531fafb14eb4d,dbc2d0819870bf5ec2844e1a2282d61e
DRV-02158,Sara Al Nasser,RUH,2025-12-25,4.72,active,948daa944439bc7757ce870c88118af8,b4d4b2f3e4c5e0c0a178ccbdcae7514f
DRV-02159,Saleh Al Malki,RUH,"Jan 26, 2022",4.77,active,1eafb9f6b6c284be58ff04c7e9920bb1,9997daf145f2676055065d4183ea6c09
DRV-02160,Ziyad Al Ghamdi,RUH,2024-10-24,4.5,inactive,af2dcf0ccb2d1b1ed53d008c89fc5a88,62e8e0aeab525091f849bcf4999678e9
DRV-02161,Waleed Al Amri,RUH,2022-02-27,5.0,active,581506e1fbfe05c0182c3a925e03b1c7,c3efaff362a3262d4f7bb8ce72754095
DRV-02162,Dana Hussain,RUH,23/03/2024,4.53,inactive,3f518049b1a4e050a72ece3fedbdf9e3,0319c230b642d0c7226004fcc96fd0cb
DRV-02163,Omar Al Bishi,JED,15/11/2020,4.73,active,9d858d88f5396643146e95cc1c779ddc,f846bacb2dc84d31af37c6b15ef989af
DRV-02164,Usman Farooq,RUH,2023-01-28,4.84,active,85a2bc5dcdcdf8b3e38cf5ad760707de,d9a578b6e06fe004dc9c51c28d8cc760
DRV-02165,Samir Al Subaie,RUH,2022-06-15,4.28,active,6f70bc31a168dfaa9bf2354d1f131a6b,dcac9a6728e9f007983a8df290bf1067
DRV-02166,Ghada Al Balawi,RUH,2022-11-30,4.71,active,c7b2dc4ed79b4422bb330060694357f2,51071ec0cbd7b1bc0e80e8e6832b33fc
DRV-02167,Reem Al Dossari,RUH,2024-08-19,4.61,inactive,9e9d247d98354fd7edf08a4725515f54,3706bbc10d3f0a4afe18befde3e625d5
DRV-02168,Munira Al Yami,RUH,20/01/2025,4.9,active,44925a66545325a043a2008b38341e9e,b3dfe4badd76a20f7f032b982d0e2c90
DRV-02169,Rayan Al Dossari,DMM,2021-03-22,4.83,inactive,102382394f3cdef0c76a5aa84c8ee431,9bf95a2d971226f533cae2bf6c2878b1
DRV-02170,Omar Al Qahtani,RUH,26/07/2020,4.5,active,cf73aa38c64767a6eef47c8229a9a51f,a523f074e298f9986e437b3404af78c1
DRV-02171,Badr Al Balawi,RUH,2025-04-02,4.69,active,e2ff1ba9a1bab382cff5954b8461edca,79c53df4620053c27ef17674ae3d9bca
DRV-02172,Majed Al Rajhi,RUH,"Jan 11, 2023",4.68,active,c4ec15bc45c5a22f33f91562abf8a631,442b67a07f49be0e3bde7e0681c9b325
DRV-02173,Sara Al Asiri,JED,2019-08-08,4.6,active,38bec1e3265acdd3de4c225182984373,68cc6c0d321460e36e9e85aff75cca62
DRV-02174,Naif Al Moqbel,DMM,2020-10-26,4.6,active,175564a8e658c36707b05dfa4eeff517,6bc50c4bc605b8c887dcde22fe98f46f
DRV-02175,Mishal Al Hamdan,JED,"Apr 13, 2020",4.13,active,405f48a3f021d3630d1c7135434f99e8,9a174d8fa5e5ff30e0868a87fcd558d0
DRV-02176,Jawaher Al Anazi,DMM,2025-07-24,4.84,active,6513399323518999a57a55cf6cf724bf,ca1010c4d36ade4487db3379d4f90912
DRV-02177,Mansour Al Shehri,JED,2023-03-01,4.67,active,e5d5deaffdda0caa3f5d65641a14db23,ed51f645279fb876309257e49241bef6
DRV-02178,Rakan Al Anazi,RUH,2022-05-25,4.56,active,a75e3d632fd10c24b8425d5dc8fb1c50,55bbc558c45d98ebf7d23a5fe17bb27f
DRV-02179,Bandar Rahman,JED,2025-09-27,4.72,active,bdc9906d2bd446c4ee07c966bcfc494e,a613a3f82087a758e43d1892dbfdb041
DRV-02180,Rahul Al Sulami,JED,2025-12-04,4.81,active,bf44c030b1dd040aa2a213632ce5ecc8,3ea515f0a702517dd2dd23644264b125
DRV-02181,Rahul Al Suwailem,DMM,2026-01-22,4.79,active,4cf49a32e566d4f1ca3debd535c534bc,89743ff5b6f704f263cdb7d3a13bee6d
DRV-02182,Majed Al Harbi,DMM,"Aug 12, 2024",4.71,active,d34871be345661010cd09fbd80efb88d,10f4ec1db64a7c8bc899e91c80a54163
DRV-02183,Ibrahim Al Yami,RUH,"Feb 06, 2025",4.82,active,ff3ea2f2d46dd637cc12d7caab20a430,42501637aeaed69732bae18bb2f154d6
DRV-02184,Bilal Al Balawi,DMM,2025-09-25,4.61,active,70302c33befbf528e423ebdbf9640a2d,b88e9fc23f74e0e1d344c19480b14792
DRV-02185,Waleed Al Turki,RUH,"Aug 28, 2021",4.89,active,678a1546186661a133d0777887d3090b,cd73c3284f494f7bb2b6eeba68cb6817
DRV-02186,Adel Al Qahtani,DMM,2022-11-29,4.81,active,dee93da533177e7d2f5be6677270717c,2068ad9baa609d8d4ee6dfac6c2ac81c
DRV-02187,Layla Al Bishi,RUH,2023-10-29,4.42,active,2dea281ca371ccffc20cc036bfb210f3,d8511a5bee2bf1d8e5f1590af4b14326
DRV-02188,Yousef Al Rashidi,JED,09/10/2022,4.54,active,595ed5ccf607021090562389e1efc869,0a7d616206d48147e594b867fd10d2c1
DRV-02189,Abdullah Al Shammari,JED,"Dec 12, 2025",4.56,inactive,9338c1eb84b10aeb03bd68424ce068e1,70f54b2a79d182ce246b21d98cd1238c
DRV-02190,Ahmed Al Turki,RUH,2025-07-05,4.48,active,130289a180e14b023956a843573b93b2,b62e0565858fbce24232bd88d9b0d7a5
DRV-02191,Mansour Al Dossari,DMM,21/04/2025,4.86,inactive,9d874c70485780949adadfec83de7282,cf671f43b0b7fbe83e79ca267b3949d7
DRV-02192,Fatimah Hussain,DMM,2021-11-10,4.77,active,a5f8063eb6a369d0a37e0a78d1abe3e4,441fb87630adcf26fe89eac606024ed6
DRV-02193,Noura Al Hakami,JED,2026-05-18,4.55,active,c1f610edc23c24f9400d1a9863abd4ff,198a3aa9ab470dd030ce5d6099353550
DRV-02194,Anas Al Anazi,DMM,2024-03-07,5.0,active,246f096afe77e893842e674fd6eac17d,cfe3fd9285173e52e6b65cd45ccd079f
DRV-02195,Badr Al Khalidi,RUH,2024-06-08,4.31,inactive,cd143073a312dbfb49d40e9b084bcd44,c9d938dc544a6c6345fcac5f1a9affa3
DRV-02196,Tariq Al Amri,RUH,2026-05-18,4.68,active,2b2853b916affa86f6513abcbc9d4f71,914a526e7d90b77f66ec0216a852ef80
DRV-02197,Sara Farooq,RUH,"Oct 22, 2021",4.55,active,8897cdb0381aed468632f8dadf0434e5,ad192cbfbc4a6f8c34d70357d73cb666
DRV-02198,Turki Al Rajhi,DMM,09/08/2022,4.5,active,c4374d4df9fbac5cca2d1d287eddbf8c,a859622972534975f7eaadd4ac047973
DRV-02199,Waleed Rahman,JED,2021-05-31,4.58,active,fb12579df271d9831c5c88d1e10b8b42,9d505f6f624feaab8e33cfa74977028d
DRV-02200,Majed Al Yami,RUH,24/09/2022,4.95,active,369d37fc791b65297b48d16eaf68810e,773d99079f0654cbbcbf24b3d8dca04c
DRV-02201,Sultan Al Sulami,DMM,"Feb 22, 2024",4.45,active,2791dd8c38c897691427ca23c4c8ba68,33548ff79b3c5be54acf7297888c3a61
DRV-02202,Sultan Al Otaibi,RUH,24/02/2026,4.65,active,7e16932a0dd705818c310238491767f6,05adc074e90bee5ccf77ee03d004de52
DRV-02203,Faisal Al Juhani,RUH,2026-03-02,4.38,active,149619eb8017a14b4c6121de1ad8f5c1,dfe656661da7ecdff2cbf983eafae5db
DRV-02204,Dana Al Otaibi,RUH,17/04/2025,5.0,active,44ea5aa5d595066e80407b32ea88b414,298667079d4b717a61f2f30d40f0dad4
DRV-02205,Mishal Iqbal,JED,2026-03-20,4.46,active,b6ca4d7b344c4a3a184f9bf78236a3c6,4f965db960d4c95f94ab4d873031f99d
DRV-02206,Rakan Al Faifi,RUH,"Nov 03, 2023",5.0,active,d5ae789d91efba9a71227160f8c06b82,a55851b5dc00cabf937cdf0b6a645f15
DRV-02207,Ibrahim Al Hakami,RUH,2019-02-12,4.77,inactive,32e9f44a5e25a3be6680b12d3f57777a,5755881d9dae36a0256acf0fb722c57e
DRV-02208,Amal Al Juhani,RUH,2021-06-03,4.67,inactive,3afef81f9ee2e51137a0971f6ddfe3a1,20995b6844a97e9a399315fd9c84fee6
DRV-02209,Nasser Al Otaibi,RUH,2025-03-30,4.88,active,40bf482db29ccaf7846d46ad327b86e2,88b5441a27747da19977ae400ccaedb9
DRV-02210,Usman Al Dossari,DMM,"May 29, 2021",4.81,active,cc50f5c6e5ff3943a5aac0d7da7584f7,fc92412d8c7b57df08e79958042f2968
DRV-02211,Faisal Al Nasser,RUH,2025-12-10,4.5,active,7ee4ab8f46e522e4c081b424d04ec8bd,e2d7624faf4465381b7f318f60c72b78
DRV-02212,Majed Al Hamdan,RUH,13/11/2023,4.19,active,be0e2faf29c05ae8d70bab8082f10f70,499e274621f784cd6b7f118510929754
DRV-02213,Saleh Al Khalidi,JED,09/04/2026,4.64,active,68b1c7ea4ec09ae6f2eaad67bb738ff8,fe5e568912b582b839a954914857c8dd
DRV-02214,Zaid Al Ghamdi,DMM,2020-10-13,5.0,active,91cb392e3d3f54e26d42a0ab107ee89d,2e7ecdda32edd266746cfdc68bcc2f55
DRV-02215,Bandar Al Subaie,RUH,03/09/2022,4.89,active,a96c1fa45305eb44b57bd10e69349354,07492852464580aace52e0029cbdce19
DRV-02216,Munira Al Sulami,RUH,2025-12-19,4.64,active,fc6fb11e3fec4fe12c01c0eec6fd81c1,9188f3efd40b4ada9ff958a84a37c035
DRV-02217,Nasser Farooq,RUH,26/06/2022,4.64,active,9a30cda5d459b32d634db2c67e4790ee,604abde1b3de6e58d740018a5cbb5bd8
DRV-02218,Usman Al Moqbel,JED,2021-04-13,4.45,active,7c666dbec75aca2188320eeaaa8e43b8,b5bf6eeaae1325a0c726a60c98fb30e5
DRV-02219,Bandar Chowdhury,RUH,2024-01-14,4.6,active,936f43f464b572e2a81dd90103f0de94,82942e23b9b15dc4e16c744a0f67e128
DRV-02220,Hussein Al Shehri,RUH,2025-01-11,4.95,active,b95111fd89c6e178d0979d0da6eeb854,f76caa7ff99f37a5f7e893662bd298a2
DRV-02221,Maha Al Mutairi,JED,2022-06-15,4.39,active,3ad798d5265e43d26f12a09913631bdc,98e9531c7fa409bc8af042d0d25eaa4a
DRV-02222,Ziyad Al Rashidi,JED,28/12/2025,4.92,active,23897d99591cb66a054e851da8879fa5,478b29aa78e7366d1a821c09b3bf3368
DRV-02223,Ibrahim Al Suwailem,JED,2024-06-21,4.42,active,749cfc603eb9e9e7f3b0bc49d471ebd9,2b7abd7be34f32bcd713bdb25f522cd4
DRV-02224,Fatimah Al Mutairi,RUH,13/10/2024,4.61,active,cf7db132d83ee44a6fcb7e07884e66dc,2a1c5421a0c6e8b3c5d153f4d69c59e2
DRV-02225,Amal Al Shehri,JED,"Jul 09, 2021",4.55,active,5e45b2518d1cd6f08c0340018326ea46,912b1c18db1610f388ec629ab54a8746
DRV-02226,Kareem Iqbal,DMM,2024-12-26,4.58,active,d05785859c10bf7203dafdf5cda41dff,daad92ad85a5195138a8e51940628cba
DRV-02227,Adel Al Hamdan,RUH,2026-02-05,4.78,active,7840292c4fe0b274df1792dfb7f54adb,b5b0d80f746e2c8bb3d0815a556f357d
DRV-02228,Ibrahim Chowdhury,RUH,20/08/2021,4.51,active,afb990af900549834afaf7d197c3461d,69f83cd1d284889f8822fbc936d3599a
DRV-02229,Hessa Siddiqui,RUH,2026-02-14,4.36,active,9e0943736a971954cf0edd7df25c4f2c,83adba6612c8b3b7c2a01788096bcb65
DRV-02230,Samir Al Ghamdi,RUH,2026-01-05,4.72,inactive,a1b7c6eccdb021a57bdf26f61114bafa,b6826958c79470362426c0ef0de1777a
DRV-02231,Nasser Al Zahrani,RUH,2024-07-15,4.37,active,c5cb8c63eb37af8de4c05da4f5b16080,8712dbdc8f5aaac5a7f5b221563505b9
DRV-02232,Hussein Al Rajhi,RUH,2023-11-12,4.53,active,a29f8dc9b28e2c455f51ad66b9bde504,f9e4f08f31ef2e902f2bed2637a61bf3
DRV-02233,Faisal Al Qahtani,RUH,2025-11-10,4.92,active,de721cabd0860b8bd141a1c650f8ac20,a5f0bfa28e3d15c97845c4e81bd778c8
DRV-02234,Mansour Al Balawi,RUH,2021-12-19,4.92,active,158c4f65dc985d70b8d17e1c7a4175f5,35e89e1f2b6fd7f6bb47faa0de523a77
DRV-02235,Ghada Al Turki,RUH,27/07/2025,4.78,active,16be14dc18e2f2f943b78bca700d56a4,69cca702028feac1673618eaeea161ed
DRV-02236,Fahad Al Turki,JED,10/07/2021,4.96,active,f4bf0c40ef62854d53c5e2ff5e28411f,5a2b9d613c854f945db887633fc9e4e8
DRV-02237,Reem Al Suwailem,RUH,"Jul 29, 2022",4.58,active,16b0fc42593d19d6559ba2cbb0752834,e78ea65e2d9b071440264f6326aaeb64
DRV-02238,Rayan Farooq,RUH,05/03/2021,4.85,active,8023b7909cb7077c8fe35a883678eee7,9775bc2b4a78e4f955af65440da459f9
DRV-02239,Abdullah Al Mutairi,RUH,22/01/2026,5.0,inactive,cf2af58d2395113f473aed859e4086ab,e81f29886ddba9081242443d65d38280
DRV-02240,Bandar Al Shammari,JED,"Dec 10, 2020",4.82,active,72c7c062390ebc029aa885cb82b62b91,bd6ffcf3e7c5c0f4837ce5a37a2bb553
DRV-02241,Ahmed Al Hamdan,JED,25/02/2024,4.84,active,b2feaf0324c5294153feecc9bca46126,3a139502eed9023fb39222731fe84df6
DRV-02242,Dana Rahman,RUH,2021-06-12,4.9,active,ab718eb6ecd7f537104b49d088352466,f8e28c1dd11c53f6b1b2bc74343cc961
DRV-02243,Sultan Al Moqbel,JED,20/04/2019,4.95,active,34ac3d9dd5c1c70fb701f815322aeb11,81829ef35690d859721f2a1bec6647f8
DRV-02244,Haya Al Dossari,JED,2020-09-15,4.79,active,a256335337057ca3fd58d47043ee93b6,d3349baf5e45cb8f57ad5b23fbb7ee05
DRV-02245,Rahul Hussain,RUH,2022-11-13,4.69,active,8590e42bfa4c27dff351b6a59ae4dbff,442ec790ffdbd6d87ace498c230639ee
DRV-02246,Salman Al Anazi,JED,2026-03-31,4.92,active,116a69a3aae6047abd2b8eb5e15c22f0,aea6fbafd5f568a46510d678bd0ab8b8
DRV-02247,Ahmed Al Shehri,RUH,2025-05-13,4.69,active,dedecef32c3ce7f90c049fa8cdbab95f,091292d9d43b445af981d86ef85da602
DRV-02248,Rayan Al Anazi,RUH,2026-05-10,4.31,active,5977adcf0157545c6370b1cbf1db31b1,a3159501a5e584d243adaa1ece0e493c
DRV-02249,Sara Al Dossari,JED,2023-04-17,4.61,active,b091081362c8b44129f7f4a74a6845e6,f6d4507a0433b90c55f5e41afe124607
DRV-02250,Rahul Al Zahrani,DMM,08/01/2026,4.41,active,607fd8b6656be6fbba2c9244959c9eb4,6ab9b72e85ec562c00e20f14ee82af6e
DRV-02251,Rayan Al Rajhi,DMM,2023-12-27,4.75,active,8331473977619976734249e8727f3b60,cb41a388d1aefeb1065c6b23bbd7f56a
DRV-02252,Saleh Al Ghamdi,RUH,28/11/2025,4.8,active,17e2271f68c95aea3d0559d103143599,68076ca4ef6d130333195154f032f266
DRV-02253,Anas Al Ghamdi,RUH,28/03/2024,4.17,active,6c100b6bff1dcc760b98aae91bab3c2d,a1bd1179fbbc1bc7943eb4ff37e81828
DRV-02254,Rahul Al Turki,RUH,"Feb 25, 2026",4.74,active,30fad37ae3a76395d29f897b333b21de,df1a3e7aecbfd631e05016d26f7dcdf5
DRV-02255,Fahad Chowdhury,DMM,2026-02-15,4.54,inactive,4c60df38191bd616ea0448bbe5492e33,58c7bd7c2a26b782d67d8b9acf54f029
DRV-02256,Imran Al Yami,RUH,"May 07, 2025",4.26,active,9cc46e380bd6336b208810ec7ce6918e,17cc7cbd99cd7d513c6549496e1af2c5
DRV-02257,Bandar Al Yami,RUH,2019-05-12,4.73,active,335a1dba2f53728fbf44de4c903656e2,9762268bbe24f031271b1dcd2fa4f35f
DRV-02258,Saleh Al Turki,DMM,2023-03-23,5.0,active,90f00313d59b5cdb86ee382c0dfa8eda,6cf3c52911c0b18880274d3cde37292b
DRV-02259,Saleh Al Juhani,RUH,2024-08-22,4.82,active,6c0a2ee7c40a71654b321aedb3d9ca4f,c6c3274dc9942885ceff261193d5f586
DRV-02260,Zaid Al Faifi,JED,28/09/2020,4.99,active,b567483fee06e9d165d2964de8ce5750,c622669d3e88d5b769d29a2ff57d9bde
DRV-02261,Tariq Al Hakami,DMM,2019-09-15,4.67,active,da0255f682fd9baaac770cbbc1596d92,eaeeea4a2a018ffe911726d79c6bccd6
DRV-02262,Abdullah Al Turki,RUH,2025-08-04,4.35,active,ec3b097b852c3aa6e2ebc32ef36b5757,875f0310f68e902c0be0d82a2615eba8
DRV-02263,Saud Al Rajhi,RUH,2026-03-29,4.44,active,12083f1a3ff718276d8bfaabee8848a9,5c33edd9a7cce6350638482c9712c820
DRV-02264,Abdullah Al Malki,RUH,2023-01-21,4.7,active,7013a9cb5530608074427bafa137bf66,1471a357f5157fbc88535d5f43260da1
DRV-02265,Reem Al Amri,RUH,2020-11-02,4.76,active,5631419bcaced699d0f0fd3bb1c907b5,4cba70dcee12351d81121a9f62ae573d
DRV-02266,Hassan Al Rashidi,DMM,2026-03-03,4.93,active,8aa015ab1fc4d6be790cfd952aa64770,9219943f94abd17a60ad6cb06a34ac8c
DRV-02267,Saud Al Shehri,RUH,"Aug 29, 2023",4.64,active,a0dcff7844c09130b98b11aeb33f76f5,c0251db71733ec2489482239b6366f95
DRV-02268,Mohammed Al Faifi,JED,2025-04-13,4.87,active,2f74d55a884942262fe86248d5504a76,5ff605feaf4a87397c8746e64a8fd0ec
DRV-02269,Saud Chowdhury,RUH,08/07/2025,4.42,active,8e32a7d2e00dbacc4f5d992f5c3043e8,a019a6355dfe77b87a9bfc0da704cbda
DRV-02270,Fatimah Al Shehri,JED,2022-10-18,5.0,suspended,15509958c0b40b0c8ec3ab77765f7c48,7fce9406fb0cd0d45a11ce598679abc0
DRV-02271,Munira Al Mutairi,RUH,2022-02-19,4.95,active,4250ea44119a2d9f7c51331a44a5751b,a9d0256f12b93cea2c8316d182b98854
DRV-02272,Hessa Al Asiri,DMM,"Dec 06, 2023",4.54,active,edd4305339d03f52b3d3e20e0a740724,f21b6411c02424c4ea8bc9704ac88788
DRV-02273,Rahul Al Turki,RUH,2025-01-18,5.0,active,46e769f3c8d606927c8835dffad36bcd,91ef82bfa15044462a351f18798983f9
DRV-02274,Zaid Al Saeed,RUH,2020-09-27,4.65,active,0371aae9912d0a57f3629837cf0eeebb,bc99a5e91a4395d1d0ac6a5443e32ab1
DRV-02275,Saud Al Rashidi,RUH,04/02/2023,4.35,active,33fa021e17a981ac4143589ca27449da,acf4c6d52f6359fcf6a456b38b60d299
DRV-02276,Omar Al Rashidi,RUH,2025-04-30,5.0,active,34a1a8c5d7725bcd654615bdf0e7589c,e12c2b6a021f401e2e7ec7e279d53c4d
DRV-02277,Nabil Al Suwailem,RUH,2021-04-15,4.72,active,958b405e622e7818742a95f1ee9dfd22,9e04402371706b209bd0b52de27762b5
DRV-02278,Anas Al Faifi,JED,"Jan 18, 2025",4.74,active,330dc997c90f6db9063a8139eaa3c301,05f1cd9c9d31687e155a6b573a662eee
DRV-02279,Khalid Iqbal,JED,"Jan 02, 2026",4.79,inactive,d4a4eb3ef4d6e2890c887008caba4355,623a04497c95185d3a2bcb46c90b0b19
DRV-02280,Saud Al Asiri,DMM,2024-02-18,4.6,active,13f04b073cbec534767825dd8c027b50,c103b1af1fda0674524d586049cb8320
DRV-02281,Hussein Al Sulami,RUH,2023-08-12,4.73,active,4d21fb83a6d8a03706c487bc2fa8ffcf,230e95dfadac7b3537c6933009da0dc4
DRV-02282,Majed Al Qahtani,JED,21/01/2026,4.78,inactive,13c02c093369ea749d2a42addf4763f2,4b96f0c40e551c089063c19c10198646
DRV-02283,Reem Al Shammari,JED,2026-02-02,4.94,active,ca0ad30e55e6883125c0612cf4b400a2,92f505c305cd1c50c1e05f93882ba96e
DRV-02284,Turki Al Balawi,RUH,"Jul 11, 2025",4.74,active,66ad92cbf6eb135a144d6ad20e94251d,0d2713714d3ce30097bdd8bb57b17768
DRV-02285,Salman Al Suwailem,DMM,"Jul 05, 2023",4.73,active,e6cdf5e66f067bf2beeb188a6f6a638f,5e05da4f5e03652aebd3e9ec3e24f456
DRV-02286,Haya Al Harbi,JED,2023-09-09,4.69,active,67b167816e18e446a82e68fbbd52774c,701d6321767a9e29e264c1e8a2e1662e
DRV-02287,Hessa Siddiqui,JED,2025-01-07,4.83,active,f2b55b63e53ac01b0a5bad83f71b7172,d43a3e145ef13c559a6a147e16cf2273
DRV-02288,Fatimah Al Sulami,RUH,2020-04-07,5.0,active,b49e20a53839e56c4deedbfa5c30e646,511199eac1338921210134ebdbed8bd6
DRV-02289,Mohammed Chowdhury,JED,2026-04-23,4.94,active,01ba52e1330ac4d05a627b05a3c3daa0,a0d12747ef153c26c0826aa2ef6c6eff
DRV-02290,Imran Al Anazi,RUH,2020-02-24,4.63,active,74cf0f55d664140cfeb3db3743b2405e,141249ea944a3151d27ecf6790ed407c
DRV-02291,Noura Al Sulami,RUH,10/10/2023,4.44,active,a78ac7782b13f9748512b3321de73567,f7a51bd1f938bca16d5bbfb17c9dbc16
DRV-02292,Haya Al Nasser,JED,2022-03-18,4.59,active,66db4bbbf1f7743d22dbb0856bb6d24e,4c6138c8f157d3d3c2d5f082b35abbd6
DRV-02293,Mansour Al Zahrani,DMM,2024-12-31,4.53,active,d1de856dd5d079a26d83c9a397aea2d2,eb225b91a4cce7d017f21330fb496dcf
DRV-02294,Rana Al Nasser,RUH,2022-10-22,4.2,inactive,84449cfb67a2c146c5bb02d3e32b317d,ea99690d940352bfc4f7ea02889f5b20
DRV-02295,Layla Iqbal,JED,2021-01-29,4.68,active,3eee3eea42be88895d43feafc676b738,5b0be4127f5bcc392234388ae5d6dadb
DRV-02296,Abdullah Al Shammari,JED,17/08/2024,4.62,active,65910a845d4b96d0b1a7e0b8b3222395,28feb7efa3ee5803c7129333db00b3dd
DRV-02297,Abdullah Al Suwailem,DMM,2025-02-28,4.8,active,829578e594db9d3f9ced05814ea9798a,103b31e52db15c786f3d8d052c85cc4e
DRV-02298,Rayan Al Qahtani,DMM,2023-03-18,4.58,active,7f4499a73c161f77a4b9160e3bf0dee1,aff5bd750b56a1d375257802c659b10a
DRV-02299,Reem Al Saeed,JED,2024-02-10,4.99,active,2d42c20ddf44eb91905fc67f173374d7,0872131d4c67c9835ce19c639a204b7f
DRV-02300,Haya Al Khalidi,DMM,06/04/2026,4.69,active,76896c4daae31d3dcd8296307d23d846,a058a377bd0ed1caad7b60bab972723e
DRV-02301,Musaed Al Hamdan,DMM,"Sep 17, 2025",4.22,active,e7651e2daa6d2ea59eace84fe02ee8c5,4a120c619384466388c47019dca56f53
DRV-02302,Naif Al Dossari,RUH,04/12/2023,4.58,active,9ba14ebb25f47207d9438d7d415f8f89,b8ed9007f5d634924eaf99ae20b3876a
DRV-02303,Rana Siddiqui,JED,2026-02-25,4.67,active,b3d82baf781baa6f55bc636c967b4131,f766d610a9d74940ffab8628d4289fdf
DRV-02304,Reem Al Hamdan,DMM,2022-10-31,4.66,active,320d40f038bf1812aa8ef144ee802431,3c6b76c03117e320f8fc5fa791445b65
DRV-02305,Zaid Al Nasser,RUH,18/09/2020,4.7,active,d7c446b57580d325bbb8e6456604b360,8d6bb2266c767c0801f9c411f484d08a
DRV-02306,Tariq Al Saeed,RUH,28/05/2021,4.57,active,17a4b62f250dd4e034faa5390ba31541,ffb34fcdd93dc28f9fa48376d26cb9ec
DRV-02307,Mishal Al Otaibi,JED,27/08/2020,4.76,active,a47d0575d757145c0b702ea5ef3be22c,92ab4f64f51776d2dea03207028091a7
DRV-02308,Naif Rahman,RUH,14/05/2025,4.73,active,6577759592c9d4949c93db22f59aa7f5,4ccd3467b80a60b3df3a3ddefa0faf15
DRV-02309,Munira Al Qahtani,RUH,30/10/2025,4.7,inactive,0cc528487690a1d8824a4b70a23c14d0,67f033ee622d33309ba2651b4a95716e
DRV-02310,Imran Al Faifi,RUH,2023-03-05,4.69,active,861aa96b8ebc5a534ab7b4de1f7cda04,02d1a6d642fd37282e59e2667c2d64a5
DRV-02311,Aisha Al Suwailem,JED,2021-11-02,5.0,active,cb4cf70540f95d3570136e8f86d04e00,6cfc6a653b0eefd48bd2eef70cc6104b
DRV-02312,Reem Hussain,JED,04/03/2020,4.59,active,4ce8d873cda2cafe81b997ebfeaadc8c,4df9fc7c43fe4ef0de7885bd844cdee2
DRV-02313,Fatimah Al Amri,RUH,2023-02-06,4.89,active,ca74c5756fba1aa97a68a477823837c5,8d265b79575e8d38a53036de5287627a
DRV-02314,Faisal Al Hakami,RUH,2024-08-05,4.68,active,925ea2e5c2df114f764f9be208f03626,77c46dc6faa1e02d4dc1c3848c8a52bf
DRV-02315,Layla Al Amri,RUH,2022-03-15,4.2,active,2d97bf7bf30bab7124d0bb83c6fe926e,db41a040176c45376c093a1c53a39ceb
DRV-02316,Salman Al Faifi,JED,2023-10-29,4.39,active,3661820eace2cc43b5775d7b2111655b,3fce70f1a886aa0248f34f1c8b8556dc
DRV-02317,Layla Al Faifi,JED,2019-08-25,5.0,active,4e40c40225f5d79b0737d7b663b16d55,07624a9e657d69bf2ed7998f339d8b8f
DRV-02318,Hessa Al Bishi,RUH,2024-01-24,4.57,active,36a3541ff60deca666a634d10bdf6155,a28a698ff96c225b83da9087627ae8e5
DRV-02319,Haya Al Rajhi,RUH,2020-04-18,4.78,active,8f80b1fbd8777d4c82ad6e1eedaff17d,1e62d3d66632a921e6152252434058ff
DRV-02320,Khalid Al Malki,RUH,27/01/2026,4.7,active,1c2f9329744ce8cc7a1e92c4e896f6c6,846d8e6a331268fa944e2c955000dae5
DRV-02321,Haya Iqbal,JED,2024-08-04,5.0,active,5209acecc330f342b54e99a741502f6d,7ede3197d8f9ded42a57e9a443475a29
DRV-02322,Rakan Al Hamdan,JED,18/10/2023,4.58,active,5ececb15756c983e1b2e37d4c52a4771,0c07249b4116d56bb1030c5376ff4d8a
DRV-02323,Samir Al Zahrani,RUH,2025-03-24,4.39,active,4c4cae82c539e2a59b6ccbc48d0c31e3,bbba6cc96604e3f635951d16bb089212
DRV-02324,Fatimah Al Shehri,DMM,2023-11-18,4.48,active,2aa404181793588cfb91706b850d3359,323be7e6ad0e57840be390f271d0d09e
DRV-02325,Hussein Iqbal,JED,25/11/2025,4.71,active,c094bbd0900f5827640d9983e2dfc740,7a5ba50a1761eac41c03678c258a57e7
DRV-02326,Khalid Al Malki,RUH,26/04/2026,4.68,active,7d7c615e2be2dbfcfd66e198d182e6a0,7c405f3be8f1711ae04bfd455f184ef9
DRV-02327,Lama Al Saeed,DMM,2020-02-23,4.63,active,d28d54fdcfdc3d48cf9da2b73254766d,fb011e0b67b44f9ced9c491b48fdbd18
DRV-02328,Maha Al Saeed,RUH,"Apr 01, 2026",4.54,active,b16bae2b6b39782c0ca52b10eb6f451a,255fbaf982442f8ece5c599b767896f8
DRV-02329,Salman Al Harbi,RUH,05/01/2021,4.63,active,c216d1978c2e3c1d9bc4cd36f0967036,6190ece4e901d85be7ce375ccaa9fe02
DRV-02330,Bandar Al Rashidi,DMM,"Apr 26, 2024",4.27,active,bd80ef64cd78de65e841060535e3f505,dcf6682134aae330c5f24d71061d8b0b
DRV-02331,Tariq Iqbal,JED,07/11/2025,4.73,active,1fcbcfd9bdeb8bc257f7f81651a7ae10,935fdec53cdaed91d054fbc54c3cd8df
DRV-02332,Amal Al Hamdan,RUH,05/11/2025,4.95,active,811bf3510b9ce7f314c55674fab3020a,d03f6514957ac3b24746547e1dce5d24
DRV-02333,Ahmed Al Mutairi,JED,2023-02-01,4.52,active,7799020070ee31acb53525db4b73c349,0f72e306ba64d36036578c2af80e5b56
DRV-02334,Ziyad Al Hamdan,DMM,24/07/2024,4.66,active,d88789d076470bd32e62959dc9659ea4,63cb018c92d9352831eea7e05d4e1345
DRV-02335,Maha Al Juhani,RUH,2024-11-22,4.63,active,4964b7e5a9124dbe1d1423080a0a4f81,e396fce2fb72f32f2ab92bccf987d896
DRV-02336,Fahad Al Turki,RUH,2024-03-20,4.68,inactive,3280d3c3602a1a3f968bdd69e7e7bebf,e5df7cf7f4637260e8b19b1e98045ef3
DRV-02337,Ghada Al Shehri,RUH,"Oct 17, 2025",4.85,active,6b72844968d0af8502b101222e913686,c897a86a27bca38565504b32f4c30fc2
DRV-02338,Sultan Al Shammari,JED,2026-01-30,4.61,active,382eb57f0f4b0efc30ecefc8ca463416,653f4451173d2b706d45fb0ed7d28921
DRV-02339,Rayan Al Bishi,JED,2025-08-20,5.0,active,111e903cc40c9fb32252019c9d0a3940,8571334d79fd2a1d46b8b5714bbb5582
DRV-02340,Rakan Al Moqbel,DMM,23/02/2025,4.59,active,88d14fa09c1d43d2c7174610078500b2,2646514d02e14590b9fdc82eaeb6ddf6
DRV-02341,Amal Al Hamdan,JED,2021-03-06,4.88,active,4266706a9e70cfcb87f944f743e3ba32,504d496599bc3f4ab8ac03ed186283e1
DRV-02342,Haya Al Khalidi,RUH,2025-09-17,4.75,active,023d554bbe7d01ce6737594b1181f22f,e95fb9f55dcc53cc50a6bc11c352b0b1
DRV-02343,Tariq Al Harbi,RUH,02/02/2026,4.8,inactive,dfb259a2b8f19ac01c980a84aa64bcfc,92a3537fa2295248aa7c6a3251aebcb9
DRV-02344,Sultan Al Amri,JED,2024-06-18,4.49,active,97ddf558f93d4750f45aa6b4d70a5187,24e800ba4d94b07170cceeb4258b29bf
DRV-02345,Fatimah Al Shehri,RUH,2021-02-17,4.91,active,4e88cc74515c30d5e0e8efa76c3cef1c,da26dc56041dcfd20465dc03b4f78387
DRV-02346,Turki Al Bishi,RUH,"Sep 11, 2023",4.68,active,e051f18c02ae2a6400cd98806d13c6ee,c8042e890167e68f9ee85c03bad36958
DRV-02347,Hussein Al Anazi,RUH,2025-09-20,4.94,active,74e8cd4f84b386152b567638d3753259,943001558e8dbd220e42d60c09f479e8
DRV-02348,Dana Al Hamdan,RUH,01/09/2025,4.69,active,f9f93f3c3e3bbabc3827738a0299b430,6045407594337b05a29b133ef9561834
DRV-02349,Anas Al Sulami,RUH,2021-02-04,5.0,active,e2bbc6a73f699546a2e88898afc32ae0,21706dedf1a0f7d7c8ffdc7887d4ea53
DRV-02350,Saud Al Malki,RUH,2022-11-15,4.89,active,eaf10a56ee2cc62a45a5618acfeacd29,de7291599f3b9fd67fae7d4ed0f995cf
DRV-02351,Zaid Al Yami,JED,2025-08-27,4.86,active,b25d3aef9cb7432c14caa0978ebaf673,88569af2773d28fb2d4b7f933975433b
DRV-02352,Mishal Al Moqbel,DMM,11/11/2022,4.93,active,78dd9dc25eb3857d914a6bd7181eb441,2f9098fc095db300756a93e8f3c30b7c
DRV-02353,Yousef Al Hakami,RUH,2021-11-17,4.97,active,8ae94dd99711b0e2f49d580bfee2b7b4,2bee08254660c31ac7c325ec06a44279
DRV-02354,Hussein Al Subaie,JED,2020-07-10,4.57,active,c565b039eb95b8c9a5370470523cd4d4,e8bdd60511a8bf192ca91e50deafdb46
DRV-02355,Layla Al Asiri,RUH,17/05/2023,4.62,active,c111e4f7802cd1bede67f6f5635d399d,58b544a21d9dcfc4c1f4ae63de74b8a5
DRV-02356,Imran Hussain,JED,31/01/2025,4.4,active,6c27eb8babae16d2a5da740d7c87d16a,0a57b54aa9fa7045981f89902c7b8a80
DRV-02357,Samir Chowdhury,RUH,2024-11-07,4.56,active,9376db04d1b12895e4020362f66cf8b8,12b62fe3caa697a1eb18bf309988636c
DRV-02358,Saud Al Saeed,RUH,2024-03-16,4.84,suspended,bfef6c126720974af05b261abfb72649,4e799f9637cfd6ed5af87e7548b39109
DRV-02359,Usman Al Anazi,JED,2021-08-15,4.59,active,367d55f6c8c572744f0cf6b175c6ee73,fe947bdcb7bd3cd0b963ca6c7189a7d7
DRV-02360,Yousef Al Otaibi,DMM,2025-04-24,4.69,active,9978e1895a86bdc4a06ca155f43fba19,d6c4021bb620c988078540523f3c695f
DRV-02361,Nabil Al Sulami,JED,2021-09-15,4.51,active,9b359df37772c5ecdf15305e7af44cc9,ce2c905ad067582e0a8e6f4773d0d11d
DRV-02362,Bandar Iqbal,DMM,2025-07-27,4.73,active,9d23c5024af096d222cb2871f99c5b89,fa59fe8503b72eabbe4c1f2fd0f49f0b
DRV-02363,Nasser Al Malki,RUH,01/06/2020,4.76,active,d1059104c76a6fe051825a459ea730a2,264c9c90be6bfb46cb3beaf2a44ad795
DRV-02364,Nabil Hussain,RUH,2025-07-24,4.67,active,80f1e76dd28b263edcb78df9db5be738,fbd8d78eed803c102b8185e6cf92ae16
DRV-02365,Rahul Al Saeed,JED,2024-04-22,5.0,active,96f9e00214ea4693a232a7d1cf63a3b3,15cce48d8d817a4975541ca073786d18
DRV-02366,Jawaher Farooq,RUH,2023-12-28,4.95,active,0abc4ba86db6aeb468fb8a3fde7b28f5,3dc767fb9e6d6ba9481bdccf693cc55c
DRV-02367,Noura Al Otaibi,RUH,"Jan 28, 2026",4.57,active,bac7ff21620526a694fa3901c17df6ef,6e8c9be16170b3cd157030922f02cfa4
DRV-02368,Noura Al Khalidi,RUH,2019-07-24,5.0,active,053f81ef80ce25e2808b62f8edc5ba9a,4660b7f55b311ea10fca83477bbf426c
DRV-02369,Munira Iqbal,JED,28/08/2024,4.97,active,0361dfbb53be310c9ecf4e4e6ebf242d,79f10596210c1b10c3fffac6a74da776
DRV-02370,Anas Iqbal,RUH,2025-07-13,4.45,active,aa5d174e897251d46332ee0f6a201eb2,b3977573f46cedc2f577e3ecc6647921
DRV-02371,Yousef Al Bishi,RUH,27/05/2024,4.89,active,02664d83a6a828509b213a934fd51085,7981c846aaa9edacc61a4e821da4c3a6
DRV-02372,Musaed Iqbal,RUH,2022-01-25,5.0,active,dbb1c2af8d8f5c5da66917442df28523,d23c2f950a757a4dd0a0b19c5b42e600
DRV-02373,Waleed Farooq,RUH,2022-04-27,4.59,active,98acd89ad379ffc8a8a46fa00cc333da,44067aeeda9df3e77b6f33421223d777
DRV-02374,Hessa Al Juhani,RUH,2025-11-08,4.56,active,3838c090072d83beec67da0855cb0887,f0e1567a76731b201ab4655e2d2b1d69
DRV-02375,Turki Al Amri,RUH,2026-04-12,4.75,active,48fdc162b203dbe7592b04814a03a934,d09077ca18abffa12664e85da02c8adf
DRV-02376,Salman Al Harbi,DMM,2023-07-31,4.75,active,f473b9559728fe41b3b72e834435e889,a69c531bfc392b5d12858feec91b39c1
DRV-02377,Musaed Al Moqbel,DMM,08/11/2022,4.69,active,4df7e7eb130197cde4be5862b19e9808,858e26ac35aa3955e9699b5f6c1d64f7
DRV-02378,Saud Al Hamdan,RUH,2025-04-02,4.6,active,d6983c69de0396401dda514a68910d19,d17f5cfb4a94b4632254a26d8875aa75
DRV-02379,Badr Al Harbi,RUH,2024-04-19,4.45,active,7c10709ae1da55cdec6819175b714695,902a274d3c1806263de8a1b9e26408c8
DRV-02380,Reem Al Amri,JED,22/05/2023,4.87,inactive,161aaaaa16808173db3c2c4989f7a1c2,af5865a30d240f506e1a7cba86bb1f5e
DRV-02381,Khalid Al Balawi,RUH,06/08/2021,4.58,active,217524a6cdd8ad39cc632aef80e2eeb0,95b8054e62179f99f180c32a614cfb50
DRV-02382,Abdullah Al Moqbel,RUH,2025-06-04,4.68,active,dae296e33ca4b4fac443de0d4607e9cd,f5d6d258c656ce3ece05c42d91e0e406
DRV-02383,Adel Al Shehri,JED,11/06/2024,4.18,active,726feb0608eaa26954344a4bd8aa2a27,9fae5bcd43b3a9fda85119fdcdd5fb99
DRV-02384,Aisha Al Hakami,JED,2022-06-23,4.54,active,feab74bdd45c8ce431f57c662894b43d,144b097e1c37f90ca264f1388f572e22
DRV-02385,Tariq Chowdhury,RUH,2022-07-05,4.65,active,51f52c7f5312adf2b42975849ac38d8b,f55e1cbe86f29bc35cf3da13028dfe07
DRV-02386,Reem Al Suwailem,JED,"Jan 14, 2023",4.82,active,bd363bd2dc373604df3c781baaf8bad8,bac87f69ec302e7e50013e33fd2a8133
DRV-02387,Imran Al Juhani,RUH,"Nov 29, 2022",4.53,active,1637404dccdd0a1c1de7f54bffabaf02,7913f64de8a98d6273d64de802a1b761
DRV-02388,Sara Al Saeed,RUH,"Aug 04, 2023",4.72,active,8847fa564e7c4d9d152a6feef485f58f,590cf516a746f3c81837b6dddabd9d92
DRV-02389,Imran Al Amri,RUH,2026-04-30,4.74,active,ef5f450d7d0d66d814340e536ddc1a99,8c13626626bc4b3a061253e62110ca27
DRV-02390,Mohammed Al Moqbel,RUH,"Jan 06, 2023",4.81,active,8b23f39dd5b8533b6a1eaabb5599e99f,f29ce5e85e438312b43024be50531e8d
DRV-02391,Zaid Al Subaie,JED,2025-10-22,4.86,active,21f495ee994a1d3f5787aef18ba82dbd,bbe2364c726d0c584baf684d08430b97
DRV-02392,Kareem Al Balawi,RUH,2025-07-19,5.0,inactive,6331b3afb7dce4910bcf33a219fd4e88,0d88ffa1c5cfbac3bcdbb9af975987b0
DRV-02393,Dana Al Rajhi,JED,2023-08-25,4.94,active,8d69a08e3dc1ccc17d2169ba48fa79db,7dadbc227b3e37b06a3d5695152dca3d
DRV-02394,Fatimah Al Ghamdi,RUH,"Dec 05, 2021",5.0,active,49682ac99853e2f192ff94c719ba5bbb,5e8387fd78c02c8aa52443f8443fd0b9
DRV-02395,Hessa Al Moqbel,RUH,05/01/2023,4.63,active,6aebf2726c5519ef66c63b7f067f79ed,058be1f26dd0ffb18e56f47201259f57
DRV-02396,Zaid Al Hamdan,RUH,"Jun 19, 2021",4.63,inactive,d36fa52c189b795cb8cc876797f7d971,c79574aa794de055fc4137d32174b4e5
DRV-02397,Rayan Al Subaie,RUH,27/08/2023,4.6,active,8822ab6f68734e262b8957f19c18a244,e2df05cf9bf5123bace441ce1c24ffd5
DRV-02398,Rana Al Malki,DMM,2022-04-27,4.68,active,216103530e0df5645813a4594d704b55,e3bac3a00ad2a1a7f6834324edb54fb0
DRV-02399,Kareem Siddiqui,JED,"May 19, 2024",4.61,active,52b8ba3bf17113918dfa2b436155d00a,6528e273aea7eeb611430ffa202ccac3
DRV-02400,Fahad Chowdhury,JED,2021-08-02,4.75,active,627196230b6cb655f31d11a85e06d94e,0f3417fdbb24fa7ada876503fc3587b5
DRV-02401,Musaed Chowdhury,JED,03/07/2023,4.75,active,f39e7e5d05823fff366a41d247eb772e,a6cfe6f819cb09a7667d3db54e241d4f
DRV-02402,Majed Al Amri,JED,26/01/2024,4.97,active,83a80c008303973bb4d5e783345f392a,5a90fc8306557253765a9f6e1465a055
DRV-02403,Bandar Al Anazi,RUH,2021-10-07,4.54,active,3fa32176cb8c3d33022558d32bad41f8,ec62dcb55d793dc241654b5461d7ce55
DRV-02404,Hessa Al Asiri,JED,2022-07-02,4.65,active,057889a84058ae3c12839544ef6d6e57,db91e943a32928a770bfec3c3a8ee2fc
DRV-02405,Mishal Al Amri,RUH,2024-11-28,4.48,active,2ccdf23bf11651ce4018572a7911dab2,368eef789dca4fd962eec49c464a939e
DRV-02406,Musaed Al Dossari,JED,25/07/2022,4.94,inactive,1465f232973f2c490a409ca612f2fe83,5d579d115d4a26881b5ad89e3f8a5191
DRV-02407,Mohammed Al Shammari,RUH,2024-05-31,4.41,active,73f8060bb11877520b3387718f2e4f08,90b8b52a01436c0773fa1320ea19a995
DRV-02408,Ghada Al Shammari,DMM,05/03/2025,4.7,active,750ddcb1abc5c74070f481a0eb7f76d4,99a6848881531c41c9a95434d040a75e
DRV-02409,Adel Al Faifi,RUH,04/08/2023,4.61,active,7ba8a476367e643953db3b64b224c402,b85a71129656092810275f634650ff83
DRV-02410,Jawaher Al Moqbel,DMM,2020-12-13,4.27,active,5e4864f435be75908f0d2a36fb2ed2b0,2a89281d42e821a9584842870dfddd88
DRV-02411,Zaid Al Zahrani,RUH,03/06/2023,4.96,active,0083abb7913d116dfc31e605c3226a0a,2cabe4b6672704f150244da38531042e
DRV-02412,Hassan Al Subaie,JED,2024-08-14,4.74,active,4dc8d6982d8ab021df564a43764e9478,0a1849a56aff5bbc7909b9996ddc770f
DRV-02413,Imran Al Suwailem,JED,"Sep 10, 2024",4.67,active,fb06e71f2cb050c447e7b1d8a7a28f78,dce403d14b6ff2de2378c59a8cadbbc7
DRV-02414,Lama Al Yami,JED,2023-07-23,5.0,active,6edadcc320f2ceaf93f4fcea4dc44205,19d702212b572b0dd4bde62c424f775c
DRV-02415,Reem Al Rashidi,RUH,19/05/2026,4.63,active,c76e9c097736b2ee4a331e8bb5b14ac0,f7e08598348782ef3890e763441ba666
DRV-02416,Sara Al Shehri,JED,2025-07-06,4.88,active,5a5f7d85a3d82f201cad9c158d07710b,48dad572b41da6f5f15163c313f8a6af
DRV-02417,Ibrahim Al Shammari,RUH,26/11/2024,4.63,suspended,fe944cbb8a009098092bb5c4b75326cf,f7b5be797d3b226f60a3e9f6ab6189d7
DRV-02418,Nasser Al Mutairi,RUH,20/04/2023,4.58,active,0b2854b682b033f403696f2430792d68,4649b0ab144c6cb04c494392701fa26d
DRV-02419,Nasser Al Juhani,RUH,2023-05-07,4.41,active,25048a7ce6915201c739a058b67f46c5,a9a8029f5bae7dfa152397a3106f879b
DRV-02420,Badr Chowdhury,RUH,2021-12-30,4.43,inactive,50cb38d8cfc4a604aeec3faf9212f106,90d2aab3f69408a8a62c20cc8c40effb
DRV-02421,Hessa Al Subaie,RUH,19/04/2020,4.8,active,a4f7a28cc3cd8445e13c18ccd4d315db,5c9b75522733bc894f0a0fdea243839d
DRV-02422,Bilal Al Bishi,RUH,2024-07-09,4.54,active,f5c29ed42629c0bfcd254605d0ab24c7,98e1a50366664026c9e69ac0b5d941b0
DRV-02423,Reem Al Qahtani,JED,2020-11-20,4.64,active,8c9ba62340552248e52765df523fdb7c,4ad8c6ba8dbb6bd32c1f1c228e61b953
DRV-02424,Mishal Al Shehri,RUH,2020-07-28,4.93,active,9a453f29be09bb122e030ed90dfbc84b,53874287639b4622863af5c40a1de95c
DRV-02425,Munira Al Suwailem,RUH,12/06/2024,4.91,active,7a8520bd60ab84c13ddbba0c994c3d19,0b2602840a70bdb5800950323e27dd0a
DRV-02426,Abdullah Al Juhani,RUH,25/08/2022,4.62,active,d809b27d3c1ae9a80c4944a47512fa27,f181dd9f4f9c93cba74704fb2eba9fb6
DRV-02427,Fahad Farooq,RUH,"Dec 02, 2025",4.54,active,69b32e3970e0be5ca744041c206be7de,c43b8dcc4dd692d5175c345d9ced9c93
DRV-02428,Hussein Al Otaibi,JED,"Jan 30, 2021",4.56,active,f8c922013852e69c981943babb1c6bba,63a0eed720a3ca5e806b45dac02bc65a
DRV-02429,Bilal Iqbal,RUH,2021-03-01,4.7,active,9f26759cc162b509ac0151d384e88de9,03e32c990533539299edaf72c50378b2
DRV-02430,Kareem Al Faifi,JED,27/07/2024,5.0,active,909d2ddaa7994c3b357cd61540fefe2f,1c8aa322d43cb0eda7bed36b786e2455
DRV-02431,Faisal Al Rashidi,RUH,20/01/2026,4.43,active,a9bc8934591c935e12fe6a0ac0d7b92c,c86b82f58631c295f33e7361fcb88b16
DRV-02432,Mansour Al Subaie,DMM,2021-07-26,4.57,active,f74755e3544f25e944f4fb02f9f5744c,74118c7c4c6fd96153496804d7422568
DRV-02433,Munira Al Ghamdi,RUH,2019-04-02,4.81,active,7e8a64504fab3ca8fe69b2a18106a88e,0defc6d39737201be6388ae167a260d1
DRV-02434,Hassan Al Moqbel,JED,2024-06-04,4.53,active,7dc766ba63643f25d3c94c4c6dfb0215,5e9d84279b5912716f9384b5bbd163da
DRV-02435,Mansour Al Asiri,RUH,2023-08-28,4.68,inactive,6b7ee3c03a59d0f4cab47026d275fbfe,a88901dce38e7833d7077c2156c06acf
DRV-02436,Munira Al Juhani,RUH,2022-06-12,5.0,active,296f74d8ef3a740c4385eac9010926de,48a8c4ab73f891de129ef17db262fec1
DRV-02437,Nabil Al Harbi,RUH,2024-01-09,4.72,active,9d4250a0f88cb549a43bff110a491302,22c86f2d92ec2cac4a84c8948a1be425
DRV-02438,Rana Al Sulami,RUH,2022-01-23,4.45,active,dfff586d3419ad450dc67137809e5353,b3ef8898065a33e32bb07da877c182c1
DRV-02439,Ibrahim Hussain,RUH,"Aug 09, 2024",4.47,active,c4b63e45210c912b6eb00ffbaa74e8b2,49488825ee4b028f2c091dc7e4e3be33
DRV-02440,Ibrahim Al Mutairi,DMM,20/08/2023,4.33,active,308b30fde319a31e9912c3490d0a0931,358bc3df847323cdaadd8e0447fb51e0
DRV-02441,Saud Al Suwailem,RUH,22/02/2024,4.89,inactive,31adf738811ec6ec43a8b1700fefaaed,8799a36944aa0864ef9cb0760912b56f
DRV-02442,Jawaher Al Turki,JED,2025-01-20,4.48,active,187e81407a65598ca359b7972995c51a,6297e3589617b3d93f91795ff19eb99c
DRV-02443,Rana Rahman,JED,2022-06-22,4.27,active,9acb9b331f52258568874ca9c022cd5e,580c2cda9f4eeda167530c34d3a39853
DRV-02444,Ahmed Al Hakami,DMM,01/07/2022,5.0,active,cfde5caa0f7f20be136c77c1c35415d8,2d0904890001e3a19f6f6d7f46d9b601
DRV-02445,Sara Al Shehri,RUH,14/12/2025,4.97,active,0ff74d7d768c682315c4f0b812f24529,df84d61ceb2bfba90ae7752a7d0f4e0c
DRV-02446,Hassan Al Nasser,RUH,2020-04-25,4.5,active,409f440ca34fcc58d032f1b2538be1b5,ad53c08a232cce33c9401c3b90b03399
DRV-02447,Saud Al Anazi,RUH,2021-07-06,5.0,inactive,b61f8c418e81285fc13ae7feb3f6ed23,bed3d36ee74b32b14b7c40e984dd4244
DRV-02448,Adel Al Shehri,RUH,"Jan 27, 2026",4.82,active,b1c66010670a9ee8fb4e3b56619c7e06,0a5f167eebdeaa69f4e11fead17e4741
DRV-02449,Rakan Al Dossari,DMM,"Aug 26, 2022",4.92,active,bf29826c53191a08e22481b680fa353b,9ce7b85f7b90e93e7a45285faba49bbb
DRV-02450,Haya Al Qahtani,JED,2024-06-20,4.72,active,3b9a27ea627e74332de2961b5855813f,293d3583138b5f60aaed53b73a8e9b9d
DRV-02451,Hussein Al Balawi,JED,2025-10-12,4.63,active,8320ab3764e4e8030d2e87e07ce8b22f,2fe3ba4944fa41973bcbf040534a0ad2
DRV-02452,Faisal Farooq,JED,2022-11-25,4.61,active,fc9e67676368c90460078cecf6014a03,c44ee78b360f2153b372f8466241decd
DRV-02453,Layla Al Sulami,JED,07/04/2026,4.29,active,5cad32da3b30cd6b2b42453197372f4b,1339f2edcf3e9929c89fe88b828170fc
DRV-02454,Maha Al Otaibi,RUH,2025-10-17,4.58,active,56b9e371cd41cb8b65d25f36e0ac1652,95cd30e61e3e0048379efe22c529efd3
DRV-02455,Nabil Al Sulami,JED,2023-01-14,5.0,active,54145adc9e0f92b8d36fc14ad0ab50f1,9c134094852d8f5905a670690ce080c1
DRV-02456,Rakan Al Harbi,DMM,2024-09-23,5.0,active,e1d63bebe08eed0024785ebb34a75869,380fe5e9ccb9cc0a7fdd0bfbb1eb0a1e
DRV-02457,Omar Chowdhury,RUH,2024-09-02,4.56,active,348708e91549eddcc9b98eb356531d70,c89219ba0f3a77d8f75da407afa569c2
DRV-02458,Hassan Al Zahrani,RUH,26/09/2021,4.79,active,f0ea3494ac91144652e59652ee1a54c1,e651a2f43362cab646d5cf7fbb9a4317
DRV-02459,Reem Al Suwailem,DMM,2026-01-28,4.91,inactive,8f94f03ca3c9e56b517ccbf66074460d,b2f2275b8319e6b0d3f0a0f1fc8d43a3
DRV-02460,Maha Al Hakami,RUH,12/04/2026,5.0,active,f6f8b5bea1f2e4813c32adb6967a865c,0311036df798ba0f10b950740a6c604a
DRV-02461,Zaid Al Anazi,RUH,2023-07-14,4.72,active,948df34509ae0bea1ea3258d48ea69a7,4957bc1a8b17c0efa70d18880fcd71e7
DRV-02462,Haya Al Qahtani,RUH,"Sep 30, 2019",4.92,inactive,49fdb3ef9b94250d46ecb6ac4ed66dbe,36f29f5c0a365de9af5855a59b90c713
DRV-02463,Amal Al Amri,JED,2023-05-24,4.89,active,6aa4e7b89741d00d6f8074c7040edcd6,6ffce58bed02e83c81846e876d1ab8a9
DRV-02464,Majed Al Qahtani,RUH,2024-08-24,4.72,active,4ae33a620d16217ad16d3b7e7b81add7,bd552fc868844933e940dd67fa0a8317
DRV-02465,Sara Al Khalidi,RUH,2022-05-30,4.84,active,c39d9e439216cd89ce47da02dca6f5b1,8f42dc25227edb30957579b44f1240ff
DRV-02466,Zaid Al Anazi,RUH,2023-07-05,5.0,active,50de45a5cd6a76d7770543fb21df2411,4bb4a531950de2a97151085b2b1f2555
DRV-02467,Mohammed Al Juhani,RUH,02/07/2021,4.54,active,329dcd6ab00838313ef7825fb636b8f5,5b19419252e3ae874b77586516a81a64
DRV-02468,Tariq Al Faifi,RUH,2025-03-18,4.59,active,9d2c5f1c617a007599f1990160f8f92f,5ae575886ecdf283db5b0a1246042d43
DRV-02469,Reem Farooq,RUH,2020-05-24,4.22,active,6bc013d62d6826c77d1b8a8cc89163b8,a58bfb3dfb225bf73c3c627f4342f149
DRV-02470,Tariq Al Otaibi,JED,2021-08-18,4.2,active,f351c63c27d56e9d5a66688b21855fd1,9e734e3be648c5a25466f9ebf80bca55
DRV-02471,Mishal Al Hamdan,DMM,2022-06-07,4.74,active,5a3a1de3b955ad7c5c0d47304b48d968,a2de9f1a7fcf2bfc6636faad3ca2d5af
DRV-02472,Majed Al Khalidi,JED,"Aug 05, 2025",4.89,active,29b598c01a6fe87ad657378a71d4d37f,e6fa9734d71ea67d93f6bcd2e45347fd
DRV-02473,Sara Al Faifi,RUH,2024-12-26,4.92,active,2cafd28a81b3cd71499d8420fc61197d,42c9a7508aa657799551da320272b3ff
DRV-02474,Rakan Al Balawi,RUH,2023-10-24,4.92,active,687d0e327b19c8e96bccba6c5494ae33,422eabc01dd31397cc2b3343191e511d
DRV-02475,Aisha Al Malki,RUH,28/02/2021,5.0,active,0e91995d37f0429ae08604df72098b6d,ff52be36b1c541dbbcae055d0d5d72c6
DRV-02476,Sultan Al Suwailem,RUH,2021-09-14,4.62,active,8f1aeac139b2737f6a994af118fbaf05,c71ad190e53d6883c03673e23450ea96
DRV-02477,Rayan Rahman,RUH,"May 29, 2020",4.68,active,a66cb72de17cd342f6ed604a2ae43114,081d394d400481c4f5541da46920b737
DRV-02478,Reem Al Turki,RUH,2024-01-07,5.0,active,177c90774bc1270a6a0e154740c5520f,e0f55c87e08e2993b5eced82cb57e93f
DRV-02479,Ibrahim Al Suwailem,DMM,2023-11-15,4.65,active,f97bf1377eee770d91e171079f5fcdd9,b6126cf9b1096c18c2dc262976b11777
DRV-02480,Khalid Al Balawi,RUH,2023-08-13,5.0,active,75493e884b9d55347f8254ca6a293e51,d652bdf5509c0c9929f699122c3ea14d
DRV-02481,Faisal Al Moqbel,RUH,2020-08-07,4.72,suspended,098f1ccbd0827d8675a09c37552f24c1,084be303ba7896a1ecde5ad5300d1b90
DRV-02482,Fahad Chowdhury,RUH,2024-03-14,4.71,active,8a02eb090e7957343198d80685a34ec5,1e367e46513a2eaee51cf392eebbedbf
DRV-02483,Jawaher Farooq,JED,2023-03-07,4.97,active,435e2755889af428eaf6332bd494300d,d1b756b1cebf19054914d4d4d01bb29b
DRV-02484,Khalid Al Sulami,RUH,2025-04-26,4.83,active,077a62e34354049b9a03c8db922e7f30,75acb1d83c0a38ab8b58e53094299bbc
DRV-02485,Amal Siddiqui,RUH,22/11/2023,4.57,active,e61d279fd6f9371b1845d9af786d63a3,94e825902802491e95e5473e660531fb
DRV-02486,Rakan Al Hamdan,RUH,2021-11-08,5.0,active,47a3c55f2ccb69a4885d37fde7fd913c,76d07dcf1f18046e591ddaec83afc4f5
DRV-02487,Musaed Siddiqui,JED,2026-02-08,4.96,active,c2f93ac5e1605271e45fd982d75f38e0,a628a17942d62362ea841c452cc22a1a
DRV-02488,Nasser Iqbal,RUH,2022-02-21,4.93,active,7a03f5cfec46d7d52e7b125777b904eb,e4285164744711e4e4a6f310a10a8a10
DRV-02489,Rahul Al Khalidi,JED,"May 17, 2025",4.54,active,cc68f51cbcf1060d2b46627b95de4cc1,e6dddc3402b4decfa8ca919d581930a8
DRV-02490,Musaed Al Juhani,RUH,"Dec 27, 2020",4.86,active,d5b219040ae24ca95e7f9b0bf6c27e9b,e63f972738197334e208c1e8ef5b4a08
DRV-02491,Mishal Al Shehri,JED,06/03/2025,4.82,active,723c2c00593063e24d6f39a36f1de2cc,5035c8b46f250a848f940dbcb9ea75da
DRV-02492,Omar Al Anazi,DMM,07/03/2025,4.76,active,e66b29dd408ab10bcc1e2027caca915f,1c8c75cc31db6dce76ce3ae989c267b1
DRV-02493,Faisal Al Rashidi,RUH,2024-11-23,4.56,active,6eb1bc85a67b7cdecc6137cccced2f06,36ae5baee131ef0e1e5f34951f02e922
DRV-02494,Ziyad Al Mutairi,RUH,2025-05-08,4.63,active,0fe69e2c87c9999d9415fe938e275b79,3c04e95e0667907c89867f1222647c21
DRV-02495,Ziyad Al Rashidi,RUH,2024-01-12,4.22,active,8ae8be7935de3f5e900196e549ba707a,f89a1c92f5fd2cb2fea263093b0d275e
DRV-02496,Rayan Hussain,RUH,29/10/2024,4.66,active,2ee9bfdfff4e96bf40b18edc59f9a6d1,564eb8305c41f5611fe0f324480a75cd
DRV-02497,Rana Al Shammari,RUH,"Sep 16, 2020",4.72,active,c47f1d46927cb3aefdc26edfac280e50,26074f65aedecc9e672d50b57e186cd6
DRV-02498,Rana Al Amri,JED,2025-12-30,4.67,active,bff2f2d35d0d7366d157997b98ae13a6,69dd7a402b78cd168437cf2d4a64236a
DRV-02499,Zaid Al Hamdan,RUH,2022-04-27,4.36,active,32d24e469c00c8fc88caae5d3d588ac3,7d60c77bd3f380dcec72ea8ac183ebaf
DRV-02500,Samir Rahman,RUH,2021-11-28,4.78,active,d7ce1c82b07e73b227595bec809125d3,85bc23c94dd59be17dff658fd673f50e
DRV-02501,Dana Al Mutairi,RUH,07/09/2022,4.94,inactive,3b49785f587f49ed27f7260c5b306520,440d676b1aa63cd931f3dbbf2596dec7
DRV-02502,Nabil Al Shammari,RUH,01/01/2023,4.73,active,445650c86bad1d1d215f20c701098e5c,1c3c3355166af709b025d08d892f76fb
DRV-02503,Turki Farooq,DMM,2023-05-20,4.32,active,81ffc5c3564b6741ac83780797bfcde7,0b02a2a07e28d0b6f2fe0c564871614e
DRV-02504,Hessa Farooq,RUH,2025-05-31,4.85,active,05de230479f6e0d81c35c8cee7b02925,6788ed3b357d0205011e899ddb51aeae
DRV-02505,Fatimah Al Shehri,JED,2021-02-08,5.0,active,43af85978d823219eaed5cf05d794489,9ec3df720ce28eb9dbd3f122421b7948
DRV-02506,Badr Al Ghamdi,RUH,09/12/2025,4.46,active,7e0caa52a8372a9011b1db4aab6224ef,9c0f7c2b820c231c2217edac0d1f9aa0
DRV-02507,Amal Al Amri,RUH,2022-12-17,4.61,active,f521487f0c273aa5a9f885300119c31e,fae6c0a7e7bb11e8ee2013eccd84cb09
DRV-02508,Amal Al Qahtani,RUH,2022-11-23,4.62,active,2759cfecc17a3816fa79577bae89e118,714d92fa942cbe1b5c5d3a1a280bc29e
DRV-02509,Salman Al Saeed,RUH,2020-05-27,5.0,active,f531e256447a8eb39a619e1b81c54a3e,73719391bc7d80c24fec64e27004f954
DRV-02510,Fatimah Hussain,RUH,2024-11-20,4.57,active,92c1b3141fe6bc84121cfdb863f4551e,ebe91aaa58e709b8d4ee863ed18f6b58
DRV-02511,Imran Al Qahtani,RUH,2021-12-30,4.73,active,b30f245c7f66b78e3d48344f8b109fe4,38732e0a5c1ca8a8dc7412be96f8b730
DRV-02512,Rana Al Ghamdi,DMM,"Mar 11, 2026",4.63,inactive,4ac5c8018bc53b333695dbc0e1dad5c0,8be02845fcba613c92e1e687175d7e9d
DRV-02513,Mansour Siddiqui,JED,"Apr 05, 2022",4.38,active,a647866f5dcd6b44e3e710dd5b7ae513,b661b5e8c4ef576db33ea567013884e0
DRV-02514,Fatimah Al Rashidi,RUH,2024-01-15,4.86,active,5d81860144913d7a969ddfa98678c310,caa89543bedba59cd50ee12650d5c08e
DRV-02515,Saleh Al Zahrani,RUH,2026-01-12,5.0,active,6a57229472ea4ddc53ae147a9ba51ace,d2eaf42da76c2bd21824de5e7c6faac6
DRV-02516,Saud Al Suwailem,RUH,2021-08-19,4.72,suspended,d381299427bf54c28582fcb0bac66f35,afdab14fb6cd548c7e83093b2e5ae57b
DRV-02517,Anas Al Rashidi,DMM,"Oct 20, 2023",4.94,active,7d9e3b8729190051012c0d43b06c6049,3df77a68fc0587d3fa2addc6e6e77a6f
DRV-02518,Imran Iqbal,JED,2026-04-22,4.99,active,ae528be8a3daa06c8f8f390b890c31b6,9a3a387b89e56f0ac32d5cfd2e645bd5
DRV-02519,Sultan Iqbal,RUH,2023-08-07,4.49,active,f9bb15fa70ae970833122d2a538c9134,299dc511d2a8eb5ccaff71aa7e89d09c
DRV-02520,Tariq Farooq,DMM,2025-06-19,4.71,active,3a70cacf3a507ed6f4f538aaf33d34ff,bfe0b16881539fc7628331d9e46ef423
DRV-02521,Saleh Rahman,RUH,21/04/2023,5.0,active,bf858caa870cb786c302c4e7a93ceb60,5b8ceff84669a20862307007829324fd
DRV-02522,Noura Al Qahtani,JED,2020-10-29,4.74,active,1057aea5c81d77d888c2ecf3ed3bd038,1bd8c182dd431a63983ae72bf2055e70
DRV-02523,Mishal Al Rashidi,RUH,"Aug 04, 2025",4.78,active,88a44b38a3f77ec2d5e6c58347909e2c,804b9c10bddb2e192ec31543ad205ba3
DRV-02524,Omar Al Rajhi,RUH,2022-11-29,4.83,inactive,066fc6f85b331c0cf5aeed471409f3e1,3592d1e8e8f8011087ba0df50ffd5c12
DRV-02525,Abdullah Al Shammari,DMM,31/03/2026,4.71,active,b6d10147abad19368f3501eb6235d948,f80a4119a44f82452a329e0a58f63e06
DRV-02526,Bilal Al Otaibi,RUH,2022-10-04,4.8,active,c446a2c1278b4281b55891b93b139639,a83d8663fb9b836a8938598bf7c5be59
DRV-02527,Omar Hussain,JED,"Jul 03, 2025",4.58,active,6bfebf310dd5c97ffe1e5b96a46d6ce1,48bb805f23e7c5b1311608c2117656e6
DRV-02528,Musaed Al Qahtani,JED,2023-02-23,5.0,active,cd7e7ced1297874aaacceb4d0e204e14,77f9e72417bbc356ba9fac87e3bae38c
DRV-02529,Aisha Farooq,JED,26/03/2025,5.0,active,f01fd1f3120c755d1c3413876aad9032,ae4a98776ad160864b49d616d173a992
DRV-02530,Turki Al Asiri,DMM,09/06/2024,4.77,suspended,742cd21d3806d5e05dda238aecdc41ea,a5c98927c5a6bf5e0b148884f30aff16
DRV-02531,Rakan Al Ghamdi,JED,2023-10-27,4.8,inactive,0bd96e5f0f39b5e53e64e747651d0033,a9a0a2ff2f80153924ab7b74560e71e7
DRV-02532,Yousef Al Turki,DMM,2025-08-23,4.74,active,68fe4ea63b77fc4b463f41ee1d50f86a,df3564dd0ac9ee9d3979393e7a20df9e
DRV-02533,Rayan Al Asiri,RUH,2020-08-24,4.83,active,51d4413ae449fba825c9f936eff57682,a1b0394c7e320edc0ac6046d3ec40c74
DRV-02534,Hamad Al Faifi,JED,2022-06-07,4.49,active,4a0c2b7a92c6b3bf323567671735d1bd,c02edfccfc4186b1aaacf7e87322bd8c
DRV-02535,Khalid Al Mutairi,RUH,"Apr 01, 2024",4.99,active,2bf3885edc7c008f10205e24d7154423,5a170f9a06161068fc663be6f2a426e6
DRV-02536,Yousef Farooq,RUH,2026-05-18,5.0,active,fe95d0f4788d6acf8675e5cfc1e09aab,f7a7f47ff95bf1030d91d9f1eadab8e8
DRV-02537,Reem Al Khalidi,JED,14/05/2024,4.62,active,bcc3aae0c4a615dfc6c1578afb33acf6,b6d8620ba0d86809f4f5f13827f21489
DRV-02538,Salman Al Saeed,JED,"Jun 14, 2024",5.0,active,f703686179165385401912061f4d4dcd,9130b2cadccc9b0baa25e9272e85a830
DRV-02539,Bandar Al Malki,RUH,2023-09-29,4.84,active,62012cd6abf2925f84dc275198eee5b5,7f5a404642b2b960005b48d1fd6f5af9
DRV-02540,Tariq Rahman,RUH,24/07/2023,4.6,active,2027641932683571549be873f3743f20,728e636e1d4c4e19862e682faa0a9274
DRV-02541,Haya Chowdhury,RUH,2020-08-10,4.92,active,428dc7e473585fc6a65103cbb80cb0f7,1cd739a3a6fd7c343162bc6ce1451768
DRV-02542,Noura Al Zahrani,JED,30/05/2023,4.76,active,b79eeb1e4e657dd8e36c0f713803b91c,e820ae8ecf4c9945aac621bbeaff9f74
DRV-02543,Maha Rahman,RUH,2022-09-22,4.28,active,d8fb5d4971278dd3339381bfb3aac42e,1e201a329a12cb4e7dc15e7b2a4ea5d3
DRV-02544,Ghada Al Qahtani,JED,2022-07-22,4.75,active,b0930b9a0bb72f3f69c7dc8caedc7c0a,18d1c59a7f358bf21010d0cf001eaba6
DRV-02545,Fatimah Al Shehri,JED,"Feb 26, 2023",4.93,active,8a97d15b76625f854fe6f9abd539f52f,5f0a5593cb3a22e88c6a35a96c373fe5
DRV-02546,Noura Al Nasser,JED,"Nov 15, 2019",4.82,active,7c7b10093b6fcd5c22da6799fb864aa4,7a03f077aaba9146a725f65cb4b337f1
DRV-02547,Ghada Al Balawi,RUH,2025-03-20,4.59,active,14f109d2bb0af8b7685696fc88f56a4e,0f9b3f8d441a9e632fc94094f8c23dae
DRV-02548,Munira Al Otaibi,DMM,2024-02-25,4.71,active,e44a102e4a1671fc42bdf2be4376d98e,3f49d3d9045ccbb83543b7e9379ad071
DRV-02549,Badr Hussain,RUH,"May 02, 2024",4.57,active,aa79aa504e1e8582995fbd3887729a9b,7dcce4f548e8d4704b678805863dfe6e
DRV-02550,Mishal Iqbal,JED,"Jun 10, 2025",4.68,active,34c439ee58d0b4c542b0b9921c11dbd0,57c43e3a9802f322ffe8d7ae82fc12b0
DRV-02551,Hessa Al Otaibi,JED,2022-04-29,4.59,inactive,a130c3072dd72b23047152ad424c1b94,e59e214d7943ada9218430f60da6bbce
DRV-02552,Badr Al Dossari,JED,2022-07-02,4.43,active,cabe9e344532131496b24fa4de287a27,665c24829300b9c7a749d74af376ff80
DRV-02553,Yousef Al Harbi,RUH,28/02/2024,4.55,active,64409a3aba266ebde6268d33191e19b4,aa9e6790dc8d608f341cde638b69ecff
DRV-02554,Nabil Al Rajhi,JED,2021-11-27,4.93,active,48a8022cca33fd400119a85e603727c4,687b3ba04d307775ffa63e9131baf67e
DRV-02555,Salman Al Suwailem,RUH,15/12/2021,4.83,active,cd5bfd9ec2942bdbfc0991d7de5446bb,50b4181d4a928e33d1314f03218c4850
DRV-02556,Zaid Al Shammari,JED,2024-12-01,4.35,active,62f0b756ef89d7aa056f63d3722e266d,1d7002b3f76fb7842eeacf6171c6fcb1
DRV-02557,Layla Al Yami,JED,2022-12-07,4.7,active,6d38e75162d4d981b6bbcb3635318d74,0e5dfee1b4f5c85047e7bc5c94ce1953
DRV-02558,Jawaher Al Saeed,RUH,2025-10-21,4.67,active,b11478274ac45bb006199a937b0fa068,7aafa5bfe702ee2062435474059000f9
DRV-02559,Fahad Al Shammari,RUH,2021-03-01,4.74,active,3403ba9b9751c80252a2abc51d010423,60c92954164df55d52890551899c134d
DRV-02560,Lama Hussain,JED,2025-06-29,4.63,active,079e051832cd7171b87c7c7cff0b2d45,3e723ba5cc23999fdc79c6b8e7bd16ca
DRV-02561,Salman Al Anazi,RUH,"Oct 03, 2021",4.44,active,51db022abf3b1008801b1dfefcab2af2,1bfbde3176643557bda4f61e94d66635
DRV-02562,Anas Al Qahtani,RUH,2020-05-25,4.67,active,9b72a118e40d200fd9175f54027c30cf,681bcf9f0520d973bd48a9ea5075e11f
DRV-02563,Badr Al Anazi,JED,"Jul 23, 2021",4.83,active,54f71c2fc9361534ac2a0e9bc99952b2,7a64c88c02ff298e6621a43079158925
DRV-02564,Mohammed Al Ghamdi,RUH,"Mar 09, 2023",4.78,active,490c25e6dab213df8b27b82b57b6b187,30c74e3841dfa003f82d543ed8dc9afc
DRV-02565,Khalid Rahman,RUH,2021-03-25,4.8,active,ec72172153dc761843fdd3a5d8286f16,d8ab5e2cb1bd3a584a51e68b2251025b
DRV-02566,Rayan Hussain,JED,2025-07-25,4.64,inactive,963a4d443f9fe7649e99ff86c8c8bb60,d544d83e7117bd11929204ae343172d3
DRV-02567,Amal Al Amri,RUH,2022-10-01,4.63,suspended,f65f9d4015b42e2ac112bf1ad2317bfb,fe6f8ee6565dae6d4345d74e5478a177
DRV-02568,Badr Al Rashidi,JED,2024-08-26,4.92,active,07885ce3ed4a8462171a9e79ecca187d,239a1a5e490fdaab0184384f272cf79b
DRV-02569,Hassan Al Rashidi,RUH,2020-07-06,4.82,active,912e8c756247c19f1174ed6b18d4b978,bc14f6d49e0cbea1de9560f0355aa300
DRV-02570,Salman Al Dossari,DMM,2022-06-27,4.83,active,7ac2b08e42996fae0b1936b068d206dc,de9068003183d745db43584f41db1ca8
DRV-02571,Ziyad Al Malki,JED,14/05/2026,4.46,active,52ed9601dd1652c0363fe0198878536a,b5913868402803d4855e8b4918f6dc6a
DRV-02572,Faisal Iqbal,JED,2019-10-16,4.76,active,47cce4e21a7339f57f4980afaa3ceb6a,657f9c1f2914c4f0d93b23b460349c81
DRV-02573,Salman Al Turki,RUH,"Jul 22, 2023",4.58,inactive,19e75e89dda1a9ec2bec276730bc0de2,08062d0b9f045bb46a11279a2b54aac8
DRV-02574,Saleh Al Suwailem,RUH,12/03/2021,4.3,suspended,892ebdf22b31cdfa094ab112ef8e6d07,5bc840c30487edd1e370cbd8a86acdfc
DRV-02575,Badr Al Subaie,RUH,"Feb 26, 2026",4.27,active,d2277e52612323682ad56d7672c3603a,a9d140104a9e92813af7a07049532b3f
DRV-02576,Adel Al Mutairi,JED,2021-09-18,4.85,inactive,253d4e1fe008c765786b49cc494611a4,585b9f1d09ab537da606b2b3dda44b84
DRV-02577,Faisal Al Khalidi,DMM,18/10/2021,4.48,inactive,b897f78c5ee32212305d4dff73c5f7b9,a3ad3df0f97ea4deb07295a0e597109c
DRV-02578,Fatimah Al Amri,DMM,2022-04-19,4.69,active,6bee80070e613292393265732c178f65,b0a91538520a808e970acce620891eee
DRV-02579,Ziyad Al Shammari,RUH,"Sep 13, 2023",4.71,inactive,8f26f02e3c30cac179a982c024f8caef,7baa295b56b0be8e7fac7f2405437449
DRV-02580,Rahul Al Khalidi,RUH,2022-07-30,4.52,active,792b2784a7df1abf218fcfcf086722ea,c5c15ad38fc56a52c285917accf239fd
DRV-02581,Nasser Chowdhury,DMM,2023-10-28,4.77,active,8a68494c671e97d9a6028bda092b8efe,da9180426f1799f89c466477aa92978a
DRV-02582,Sara Al Asiri,RUH,13/01/2026,4.39,active,0f88a58d675b01694493d7c79c1115e3,1e2c8757885cce547ec4395a8ab39e7a
DRV-02583,Fatimah Hussain,RUH,25/11/2021,4.74,active,f974781d2f075289397266383a9c3ad8,2753ee9473414fbef6f699984e78bf3e
DRV-02584,Abdullah Al Suwailem,RUH,2024-08-11,4.97,active,4ff0ab1f59336dd5a99a914274751497,245b66c1e81d3818bbc7343b8ab5e415
DRV-02585,Rakan Al Balawi,JED,2026-03-10,4.55,active,4add995ca916f6561e44b4aa8050afe5,129b13b749f9d88bf52f5d756e2668ca
DRV-02586,Hamad Al Ghamdi,RUH,2023-04-05,4.56,active,b131809bb1e352192a0fadd57df66c60,fb0eda9409b65113fc7e0b36876910bd
DRV-02587,Saud Al Anazi,JED,04/07/2021,4.58,active,78d0aad4f7263ff24d1f8abe3d2fd813,68deaa2166e726b0a60c819c8b9ca8bd
DRV-02588,Naif Al Saeed,JED,"Sep 14, 2025",4.76,active,93b995a70a50afa12cd5b81669940ba0,5d8e4b7d88d4a5b26b3eea2b6228acef
DRV-02589,Rahul Al Rashidi,RUH,"Aug 24, 2024",4.65,active,a236414d4c7a41749b5141ea74a472f4,6ef7523b92447c5df26b86b641266138
DRV-02590,Dana Al Nasser,JED,2026-04-03,4.7,active,0f37e01326f400092dfa7419c531cc13,e27ec16c1a976c3e8a3c9eb4ab77b664
DRV-02591,Badr Al Turki,DMM,2023-02-21,4.83,active,3531501f682485761ea3da7d56317b75,60caaa492dd9b0b31b87c28fda277004
DRV-02592,Majed Al Balawi,RUH,2025-12-09,4.33,active,b0c6ef7809898cce41bc58a6a33ced71,296cc85fa818603f8974ca071539e3d4
DRV-02593,Nabil Al Malki,JED,19/05/2023,5.0,active,1d6d1d515b9d0a0c13b9789a974bcd89,c43fb5dbd4f8b6fe94e18e3d0e6f139d
DRV-02594,Nabil Al Shehri,JED,2026-01-02,4.8,active,0dfd77809870e63dda789eecb24976fc,9f56d5559f52cc24430298528a872fd7
DRV-02595,Nabil Hussain,JED,2025-08-11,4.46,active,5fef5dddc6f78a51cdb45a1a89199915,7fabb94caeda2acc052df8a3ad01eac7
DRV-02596,Samir Al Nasser,RUH,09/07/2022,5.0,active,1342ff41b605bbab0c7b7da8bf2a9728,4cb9010c80bd2ee043989170f812d9fa
DRV-02597,Rana Siddiqui,RUH,25/11/2022,4.38,active,161cd8638fad93d32d24585e212b4a8e,270b59637a82e01a45ede16c51685bd4
DRV-02598,Nasser Al Shehri,DMM,28/06/2019,4.69,active,ec48a32f73ee7cf1172e6e6f98ffbb43,bd99d25b35fff8c1cfd5bb24c563875e
DRV-02599,Nabil Al Ghamdi,RUH,2022-09-10,4.02,active,436c21aeacc317bc080beb7f83b93572,dfdb334c9da451bc16ee9d68f85ae4a9
DRV-02600,Musaed Al Sulami,JED,2022-08-13,4.67,active,80bba64f7e96b3331e1ee48255d23695,60a4ec65ebdad72ee0fb4a26cc2e96be
DRV-02601,Fatimah Al Hamdan,DMM,15/08/2023,4.71,active,af2741d052f865e78b74225f1672f9c1,ca7b04931bf9efa00b7ff31f72e1161c
DRV-02602,Ahmed Al Rashidi,RUH,"Feb 20, 2021",4.75,active,0b9328f532730228f34f4806cfd75e2a,6affa3638b3b24209105a51576b255bd
DRV-02603,Ghada Al Harbi,JED,2023-10-04,4.73,inactive,8a1591af2548adf656f05fd39a2df8e3,2b41c92fe22f25b7baa315c190816020
DRV-02604,Rakan Al Balawi,RUH,23/10/2023,4.78,active,cf1101ef783af9c6a0e5489672a9d2b4,eca6e550c3017cd30436ec7abfa623d6
DRV-02605,Nasser Al Hakami,DMM,"Jul 16, 2021",4.82,active,c264fb40c7cde0e882cfa3af7243d6b0,8dc8c2256029800af4695e56624a3acc
DRV-02606,Kareem Al Shammari,JED,2022-05-03,4.76,active,09773a59486175a2b79953945ecbb634,59ce07a75a8ad105aca7caf1a2e71885
DRV-02607,Aisha Al Qahtani,DMM,2021-05-26,4.61,active,8cf412c31b58e5c21f8a9679289b1736,eda9b59e249b1580f767116ba53d33af
DRV-02608,Mansour Al Moqbel,DMM,17/10/2019,4.54,active,d0b48d0503d74c92503fbe2695a49bd3,31f4db0301a6073da02cc7654d5bf130
DRV-02609,Ziyad Al Shammari,JED,2020-11-23,4.88,active,1b702586cfd89b4f1def092c63c67f5a,cf7102ebe79bce4b96bc6bbbf6dc43c5
DRV-02610,Usman Al Nasser,RUH,2024-06-05,4.6,active,cabce5f1769b2f12aa35dc1aec13c3d4,573739748767fff32667b39ddfd82dd4
DRV-02611,Sultan Hussain,JED,2019-02-24,4.82,active,7bbcee83320f28d342b040c3ecbfb6e0,216872404c8681b798159719724f5a5b
DRV-02612,Tariq Al Dossari,DMM,2025-04-13,5.0,active,9bd1d8301257ff09a3f3c70bcc8c7fb0,ced2d9fd441d7346157c7e7511b2dad3
DRV-02613,Bandar Al Qahtani,DMM,2022-09-21,4.57,suspended,4750c6cae4f56bda54dfe0da5130cf2f,5bc5fe9a89f0628125a3235e97779657
DRV-02614,Saleh Al Yami,RUH,2025-05-08,4.82,active,df8c76cd28a9f27cab56239f9f832472,ed6296c5198517bf6b54b96edf30999e
DRV-02615,Hassan Al Anazi,JED,2023-01-06,4.77,active,22bcd3c86b57645135c225610e888ae8,55655118b39f5c58224c393e2f556956
DRV-02616,Ghada Siddiqui,DMM,11/02/2026,4.47,active,7219959cc36f40151e4e6d0e462d6a24,53f5cf9db2b1a9d1868a7d2dd1dcb5cd
DRV-02617,Fahad Al Asiri,RUH,25/04/2025,4.94,active,33a066b198871cbf0f40d6a9e539fbe6,c3d7b280d7a1d26f5b5daf2eda3a884b
DRV-02618,Mishal Al Faifi,RUH,2022-10-10,4.97,inactive,d6a503f554cc5cd452039f4ba8d13d63,af62e83dcc66368a989753cd6425345e
DRV-02619,Turki Hussain,RUH,2024-01-18,4.74,active,f47ce738077819ae7b2f028872a66597,bf46c8a7a87159dfd3b3bbad88156ebc
DRV-02620,Anas Al Moqbel,DMM,23/07/2023,4.98,active,03cecf8a999506ac5c7b13cf315d646f,03848c459e60820b833828772ebaed69
DRV-02621,Rayan Al Shammari,JED,2022-06-25,4.72,active,4582ed95cf9a2403f402668a0ff817ef,05a260611b57d1cd70146d932d8dafa9
DRV-02622,Ahmed Al Malki,RUH,04/09/2024,4.44,active,900e9de8b6b53bafea4e070497b4e026,824d6528c3da4448aa9c0edba382765c
DRV-02623,Badr Al Subaie,DMM,23/10/2024,4.76,active,b605505939d90999ba28bb34c5df1c26,c3f401ee7f4ab1ef74e799f749a71f6f
DRV-02624,Majed Al Nasser,JED,2024-12-29,4.91,active,0d83c464b2329b224fd801b6ab6f4571,945da08c05aa48e70ea1d4b150318c27
DRV-02625,Rayan Siddiqui,JED,2021-07-15,4.88,suspended,6f68f6359822c465433d7b7eb819de5e,5c7c80ba07151d6e4821e056ed572e64
DRV-02626,Nasser Al Shehri,JED,2022-07-07,4.75,active,8d15496ac71a140137502ba6847aa49d,c9e1b16ad337f3055cbdc915148a11c7
DRV-02627,Bandar Al Shammari,DMM,2025-01-27,4.81,active,8401092d4bf6ab20c8869a9cba8c1e6d,981f82619488325d1a41c68190dc6097
DRV-02628,Rana Al Rashidi,RUH,22/01/2023,4.45,active,906dcabb3f46018fcd55f999b6321ac5,17cd8e7bf00670443eba695347ffe5dd
DRV-02629,Rakan Al Nasser,JED,"Aug 23, 2023",4.42,active,294271ee1d0a5adc2e7f66806e11c90f,2f365583a4297afc71070c96904f9a30
DRV-02630,Adel Hussain,RUH,2023-12-02,4.7,active,9a009052b41f768927b0017c71822aaa,2a5fe730dd1ec1b927ec029dd91946f2
DRV-02631,Hussein Al Juhani,RUH,2021-12-21,4.66,active,c656ceb08a8caebc55d6590ac897a489,68d1d1195b8505e07e4c1ffd5cac9e60
DRV-02632,Abdullah Al Khalidi,DMM,31/01/2021,4.59,inactive,bfa0d6d893baeb532538413e44c52332,4c76fa8a865cd413d65eecf8e432eb77
DRV-02633,Usman Al Nasser,JED,2026-05-08,4.68,active,03955d7668a17add42061eda2b9de803,b183e512137a06cbec5dd693289a8f6c
DRV-02634,Hassan Al Hamdan,RUH,2025-11-19,4.63,active,a917da54e4ba5f49a195282d58ccbe51,5b270e075848d0e9f86ee700cecb744b
DRV-02635,Abdullah Al Sulami,DMM,2026-04-17,5.0,inactive,54909a761b83db4e2ca80e4f3432f486,01e192a494df41647cee77ed97ebbb05
DRV-02636,Rakan Al Anazi,DMM,2021-08-11,4.95,active,b7cb9248c711e4c5a0317347e786c817,de6c6e4ea724a9ca14a2225fb02dcacc
DRV-02637,Maha Iqbal,RUH,2025-10-17,4.62,active,a7fe484ea79a65919c0b721795909d6d,4b03529ecbaf3dff7261bb09ec80c1e2
DRV-02638,Munira Al Juhani,RUH,"Jan 26, 2021",4.67,active,191728bd5d0215207a0eda84c9705474,73126d1bc4b0583341826f8e6cfa1f4c
DRV-02639,Aisha Al Otaibi,RUH,2022-11-29,4.71,active,bf97aec88b55fa89be560714950d68f9,1c695d8f099f54d1b2a5cb6dd934974f
DRV-02640,Rana Al Harbi,RUH,2022-12-26,4.97,inactive,91b57e82fc10923b7ad7306845e61e17,cbdc4dd66dfa4a2cb38ddca2325b6419
DRV-02641,Mansour Al Subaie,RUH,2025-09-25,4.63,active,11f2d34ca9e5775edfe37f16d5bc28e3,16ae3aa6696090ee9c4ab63438736581
DRV-02642,Samir Siddiqui,JED,22/07/2024,5.0,active,5a69d081ae5c61f2249a1dc27a247b30,6fa704298def2b1e1f0f82fa89a0bfa3
DRV-02643,Ziyad Al Saeed,RUH,"Apr 18, 2026",4.84,active,8eade6bc89f2de17c373a4a1af2797d2,5b43c64ccbe98e1433a4bfdf6e41eae0
DRV-02644,Kareem Al Anazi,RUH,12/12/2022,4.94,inactive,2b1e94e1f9e9c5567681600a4ba049de,3debaf261adaa4e444ce97adcad9a3a2
DRV-02645,Reem Iqbal,DMM,2025-04-21,4.72,active,3f7810e8e4d7b68389e54defdf3377fa,b45e2c3b49fcc538fbd57b3f6b8f1c76
DRV-02646,Musaed Al Hamdan,RUH,2023-06-23,4.91,active,824a446af93ea73de32e9eb471a3d122,376e78a2f2cf32304c9d9dd55415f8b1
DRV-02647,Khalid Al Nasser,JED,10/09/2019,4.72,active,876621a1fdb0ce67329ec765a8b81e1d,c4a0b7767dee8cf64799b4f2ba94d0c2
DRV-02648,Mohammed Al Turki,DMM,"Jan 26, 2021",4.5,active,59c894723e6365a109d49c7708b8244d,210688eb079841bd5cd2f85642ae298e
DRV-02649,Munira Al Yami,DMM,2024-06-29,4.84,active,490cd243d1bfbab27e94351e2cf585bc,240ab21a48e43e67b96f8655071af077
DRV-02650,Bilal Siddiqui,DMM,01/10/2022,4.89,active,40583b1f9690727cacdbbba98c5ba57a,3729ced1f4cde660c61f452c03fda037
DRV-02651,Zaid Al Rajhi,RUH,2024-08-12,4.43,active,5ab6beaaa33236e9424b3e1cb1152e7f,8bcf78d5a7bf312d60298f0a3c0de8d2
DRV-02652,Noura Al Balawi,RUH,2025-08-31,4.39,active,469ac35b7b3f6d6e8524d43f7523a752,932ca895273e6988483aca4ccf118eb5
DRV-02653,Ghada Farooq,RUH,"Jan 29, 2020",4.88,active,b8316a2143ef8976beba4caa1f484da0,720b9816002a9e6e98490d7b8adac636
DRV-02654,Adel Al Rajhi,JED,2022-11-04,4.74,active,6e8f16372708b4e0f9feba420246a2e7,75f4f8410e887f40310c66cf703e30b4
DRV-02655,Waleed Al Turki,JED,2023-05-23,4.48,active,0664b47abb469649b69a5de2ae857427,eb400c7c7b813a721dede80dac7de1b8
DRV-02656,Naif Al Bishi,RUH,2022-07-30,4.29,active,c5ccf5b783e3e10cfa6cdc09e098e99d,fffd5df602427c3761aeb44261b3ec9c
DRV-02657,Dana Farooq,DMM,"Jan 19, 2022",4.62,inactive,eb7d6e353fdf547b749f6b58bbe50406,9dc3c3bad807ce8f249a94e15f35172a
DRV-02658,Ghada Al Shehri,RUH,2022-06-20,5.0,active,f9684094b94e61753da73f7312a5aca3,b7823ed4a2092a9e55d482e924348a5c
DRV-02659,Usman Al Rajhi,RUH,2026-03-20,4.65,active,78d83de02aae946ba76f53542db6c5b5,844e3530ba36d15628e6634c3582a6fa
DRV-02660,Imran Farooq,RUH,2022-09-25,4.65,active,ecd82b90d4da5a0cb81f7f852720968a,d00370903a5b920b0008ddd963509872
DRV-02661,Ahmed Al Sulami,RUH,2023-11-12,4.97,active,baf158904d51b50a572bb5ec8582ebbc,49c80d08e05c047c946ceb6a9fcd2c2f
DRV-02662,Majed Al Qahtani,JED,05/01/2024,4.74,active,12a4ea5fd0045cd7b92d10a25c756cab,932a4943ccc8684a9f0177cf5995e6d8
DRV-02663,Omar Al Khalidi,RUH,2025-05-11,4.86,active,618806134dc17d52f73397bd90dff85d,651e24fcb2392a32decb38ef1b5fa836
DRV-02664,Rahul Al Zahrani,JED,"Feb 20, 2024",4.84,active,fb165aad9607c068c4425a0911ef646c,a831f0fa8f1363c790b85f20bb2d09e4
DRV-02665,Hassan Al Otaibi,JED,2025-06-13,4.82,active,13f3bde39fa9f2eec2ccd43f64dbfdfa,1567f2ab512cd6967da5ac1bcb5c777d
DRV-02666,Dana Al Balawi,RUH,2025-02-21,4.52,active,0b747d88b7770215757cd75511fe277d,88adf04c037d2d27736d48aa4fe0d36c
DRV-02667,Rakan Al Moqbel,JED,2023-05-26,4.57,active,fc9639c80f9f6a0bd1b1aa58a4119f58,711d8fbb3a3bd21218157699249970c8
DRV-02668,Jawaher Al Rajhi,RUH,"Mar 05, 2026",4.77,active,d7e8b20316e3fdfdf4fcb8e95284c463,88bc698644945776de8d4e44f201d3dc
DRV-02669,Saleh Al Asiri,RUH,2023-06-28,4.73,active,029eb2f37395fc76e47fc23bad2a90ba,aa9ee0ede61220ef322fdad95aa682e0
DRV-02670,Musaed Al Shehri,RUH,2024-10-12,4.73,active,83c8d61a8e6303ace9a9e2acd88966b9,c5b1f8f67d0a13dfb810d0cdbe7a5e0a
DRV-02671,Anas Al Harbi,RUH,2025-08-23,4.79,active,9eb52a663c02e181848d9b901431b706,96f6459a05be2be340fa7c57e1c90ffd
DRV-02672,Dana Al Mutairi,JED,"Nov 03, 2021",4.65,suspended,1913f74f960eb4129559f3680af527c9,045695d23cef38b1e51808f4bc3a391e
DRV-02673,Rana Farooq,DMM,2024-03-19,4.64,suspended,2d4b6e95f7134e036cf68c64a506895a,9dcbcd5c7811e16502714deab7f4c426
DRV-02674,Adel Al Yami,RUH,2025-08-24,4.99,active,354e0439b3adba09d7143b4047b7100f,622b983cd81802babec2adafeb0abc38
DRV-02675,Rahul Al Balawi,RUH,2023-04-22,4.46,active,7b429f362ef14b74c64d5e4256f0bf7f,58b57f71b3838ff8d0647d15de6dc615
DRV-02676,Abdullah Al Zahrani,JED,"Dec 17, 2024",4.82,active,885cd40778f23c6a3c4c3192b991f659,bad4c5ead1015121d3864be7beb0bd92
DRV-02677,Fatimah Al Ghamdi,RUH,2019-12-16,4.61,inactive,7575a634f6ae291d4b5eddd5e0c82e6f,3a9a750ba7a72c174198505c8ba7a00b
DRV-02678,Hessa Al Balawi,RUH,2025-03-14,5.0,active,9d38dd6cf07b2cac582bcf4909f4ae52,25b9ee77a6812d51b1a6ecee3fc62d01
DRV-02679,Naif Al Malki,RUH,"Apr 29, 2024",4.59,active,a2222f1a257533e7abe756ea2b3adef0,16e4143be04dbe31e41d9c5b4df9ca6a
DRV-02680,Hussein Farooq,RUH,22/10/2024,4.91,active,959947931aa14e0973b82b5bd3e44228,dd8d5b2934d69a90907b1289323071f0
DRV-02681,Mohammed Al Zahrani,RUH,2024-02-06,4.89,active,d70c89cc6191b1ebe3ee29f60f0790da,ec5cdb12bdee2b9d4d5a4579c2140df4
DRV-02682,Hassan Al Dossari,RUH,25/10/2024,4.85,active,addc4f8896d8d8e900ddbb209f08be4f,997b1a4fed77848b0246fa93f4d9e106
DRV-02683,Adel Al Rashidi,DMM,2022-10-15,4.65,inactive,ce0b063c09e38d8bdaf37ce6a4c6523d,f2c0e4fa7999bb97059b681cdca4feb5
DRV-02684,Sultan Al Juhani,RUH,05/12/2022,4.97,active,c00bef34b0702685d825a26a17a8a60c,0a568f12501380f97b59f96b038c6192
DRV-02685,Rana Al Balawi,RUH,2021-03-19,4.59,active,7ebff676353b8cc0ba9b2f634bfb5dc5,16b904ed206cee8f5d20348452a6710c
DRV-02686,Anas Al Malki,DMM,"Aug 25, 2022",4.44,active,24cd4854121d2e9df4102c9ac13cb38f,f9f03ba5c0400256a24a625d3e6e8ede
DRV-02687,Faisal Al Bishi,RUH,"Oct 01, 2024",4.24,active,1a00442e8a2437d2b70b0972dd3392db,51d77545b07067bcf20934362b657f5d
DRV-02688,Amal Al Mutairi,JED,"May 25, 2022",4.67,active,ae2421e420501d52659a6e6df5aaf980,29bb0549d85252b168601c65d1321f05
DRV-02689,Layla Al Harbi,RUH,2025-11-12,5.0,active,0701b2ebe4af3d8011e6ecd72bcb71f3,56f95213fdaccc406b0d5e06d15f25c1
DRV-02690,Hassan Al Zahrani,RUH,2025-09-17,4.6,active,59418f46fff4238ae47c579d07c579bb,804a7ed89ba523f4c7e58f2c157ad4e4
DRV-02691,Fahad Al Qahtani,RUH,2021-11-26,4.78,inactive,8bc34b4c06ccefac2efd98eb0584ae7a,1851b4873f1b921bdcf8c28f1085075d
DRV-02692,Dana Farooq,RUH,2024-03-10,4.71,active,919cf1a7d3d806b4b46d295a008c7453,90a44d3aa60458130f769c9b5151a98a
DRV-02693,Hassan Al Dossari,JED,2021-11-08,4.93,active,ee154cc19f84a5ace812b32d4ac3da8e,7d981baa70c2f15d027c0013f011e948
DRV-02694,Hussein Rahman,JED,07/08/2023,5.0,active,f57637a660f9efbf8d79bb52c98d14bc,bd535c43ea751a6c9321db695f5cb95b
DRV-02695,Maha Al Qahtani,JED,11/01/2025,4.64,active,c8b4e6a9353cca049dbaab7ee08c270b,06a7cfe54e756677bb30bf182ca8c3bd
DRV-02696,Ibrahim Al Yami,DMM,2020-07-30,4.7,active,1a52149d487ff9cf25d7e52f7355c0b1,0bb2a7de8914a09f94fcacf80efd3804
DRV-02697,Rahul Al Shammari,JED,03/05/2024,4.8,active,7f7ba77164fda54d89e32a2767aa4f92,6bf2ff7d61494986836c30cd7675cffa
DRV-02698,Naif Al Balawi,DMM,2024-11-25,4.9,active,d93463857d96a73c9334c468a6f803f1,a16daed885270be03732ed45a22d832b
DRV-02699,Abdullah Iqbal,JED,20/12/2025,4.88,active,1de3d0b1dd72355a2417699a79a07b57,6601d87143fbc3ed4ce46970c1071f19
DRV-02700,Aisha Chowdhury,DMM,2026-03-31,4.5,active,d1591d77afe13b4ddd03013c971006a1,6834577fcb62679348ee23edf480328b
DRV-02701,Nabil Al Balawi,RUH,2023-11-30,4.76,inactive,841e32249a3047313aa469b393c24d93,6bf20a1952427b71b9b9053c617eb97b
DRV-02702,Majed Farooq,RUH,2021-04-23,4.62,active,d9e30a70fd5e737547a2571c59c56378,10c557a2c9383329d52def74c80595da
DRV-02703,Haya Al Ghamdi,RUH,2022-03-15,4.89,inactive,0fb0f4ec1f71550d34f353c631c37560,696d8949dc2c96ba3e6caf3ac3cf55de
DRV-02704,Sultan Al Juhani,RUH,15/11/2021,4.35,active,b725b02c94103be84247fb6bfe33949c,9e2996f2498192d7519e256adcd33454
DRV-02705,Sultan Al Khalidi,DMM,2025-06-12,4.61,active,58a362f2ecc0ba330cce1bbf68df42ec,b88aace8c0016e322e747e8a4d935a8e
DRV-02706,Omar Al Shehri,RUH,2025-09-26,4.79,active,92c1f8ad328932266a63703f09f48ec1,8c3f4431f3f16017614edd40205a93e8
DRV-02707,Rayan Al Mutairi,RUH,01/01/2026,4.71,active,ca0df0c70d7527111762f5edf120148c,3b2559160da4ae1e8cd22161d1bec420
DRV-02708,Nabil Iqbal,JED,2020-04-27,4.76,active,34955e8f27a92b3dac610957b385ffe0,50d4b72ca73f62fc15959fc9e2f0d402
DRV-02709,Bilal Al Harbi,RUH,2024-10-22,4.8,active,0eead79236b68aec0a67885eab01324a,39d800a0684770e1b429045204a88c16
DRV-02710,Zaid Al Nasser,JED,2023-12-21,5.0,active,9db5effb402a9b7cb75a589c2d59d2c1,43b66eef390bdafa24b6308a9d689108
DRV-02711,Naif Al Balawi,RUH,2024-05-05,4.75,active,a12ef33210e5839194c625e05dbd0a1b,d930bd4233bfd67d0463b786c6c1de37
DRV-02712,Ahmed Rahman,RUH,2023-01-25,4.22,active,6a096f8b962ca4a64c9edce6a6e6ef94,95d925d464d8c47e8e8050922657f269
DRV-02713,Maha Al Shehri,JED,2022-12-12,4.71,active,f2d1e96fe334141eaddc190d4107d2be,db85b3e05e28d7f5162be115017c03a5
DRV-02714,Kareem Al Zahrani,RUH,2020-10-24,4.54,active,5b9e0f9c2bf843de18732368c623e116,20cae50e835eece5fafc28d9b2a41e83
DRV-02715,Faisal Al Shammari,RUH,"Aug 06, 2024",4.63,active,f2fcb6fba7d0c24f9b7f55bda85b446b,332efba25d80546fd2b790a42775dca2
DRV-02716,Rayan Al Qahtani,RUH,2024-12-18,4.35,active,bc1c5149115e6a211bf7752c91571b8f,c3a447b663d98199eaf5a9917e1eb170
DRV-02717,Mohammed Al Yami,RUH,2025-06-28,4.15,inactive,72606f1cc71b227885f5b34b99ee0d47,abf450f0aba07dda1bd4a63de903f24c
DRV-02718,Ahmed Chowdhury,RUH,2022-03-15,4.73,inactive,14b7ae0e544d7d45dc79c08540849560,99ee433d8a9d4711c0817efa13f4236d
DRV-02719,Waleed Al Anazi,JED,2021-04-06,4.51,active,3cda74ed731edda93c9268647b6eace9,c2bdfc93ce7eb147780619da46582ca4
DRV-02720,Munira Al Shammari,RUH,2024-04-27,4.83,active,f4880fa65ddc269591c1e3db0370905b,99ce985fb84652dcba98ff0aea2471c7
DRV-02721,Noura Farooq,JED,2024-07-12,5.0,active,031466b66fd9da22382c3ac0055ef469,5adffae9125b189a92734cc6fd7276ec
DRV-02722,Sultan Al Shehri,RUH,2023-09-23,5.0,active,614476093ea32cd8fb4b5a116f1919bb,24a477682172ec97caeabe65c128cea3
DRV-02723,Lama Al Hamdan,DMM,2023-10-26,4.47,inactive,d0076422d2c8720413295f6ee2a50fc4,7106b39f5f3aef3e0439789264fa7323
DRV-02724,Aisha Al Amri,RUH,2023-09-28,4.81,inactive,2677a56f865c74f2d7316da25a1a6d16,6740b7445f264e44b04052d7f87ce0b2
DRV-02725,Reem Al Nasser,RUH,03/09/2025,4.93,active,fe482853041ce6fe50ffe6eb433530c3,755589044e7b49e4af03e5d82f5b95ad
DRV-02726,Anas Al Moqbel,JED,2026-01-18,4.82,active,0b4f6559ab39ced380cb70dc00a0ddee,d111100b84c4d031aaa2040e9bcda8aa
DRV-02727,Saleh Farooq,RUH,"Mar 12, 2023",4.48,active,155d6e26a9d363293606d1a07c854cda,83fb644163ff7a93e080a375acf02a14
DRV-02728,Salman Al Balawi,RUH,"Aug 02, 2023",4.82,active,28e137503f792c6b4a187f022c7d4746,0f74b73c62ad4325f22c444d6eeba50c
DRV-02729,Faisal Chowdhury,DMM,"Jan 15, 2020",4.55,active,d78c5eeda413730f098e21cd314fba93,df7ab1a98e291c813f7f6d29e0edd9a9
DRV-02730,Hassan Al Hakami,RUH,2023-04-22,4.63,active,6e07111c89102d9790f5687588a3a102,4ea9ae0de03a51cf2b04f997082f636d
DRV-02731,Musaed Al Nasser,JED,2023-07-12,4.82,active,9b52c22e486e9f145415364c136e76cd,eb0661ed38ff250178a658666b2b54e8
DRV-02732,Fatimah Al Rajhi,RUH,2024-08-23,4.36,active,39eb81e436486153ad25661b79fe638d,438d85dea458c47cc4d64ac7d0033f31
DRV-02733,Majed Al Hamdan,JED,2024-11-02,4.91,active,7f7dd21be31b0d3318ac90e804bd278a,02587bd2e0bbd0ebffa1d927057517c4
DRV-02734,Rakan Al Mutairi,RUH,2026-01-02,5.0,active,62a222b6f900680134e1c4c3da31dda4,49bd7851cd3e014e3b5abab73cde67d5
DRV-02735,Faisal Al Zahrani,JED,2023-06-18,4.44,active,dab7f881aaca87336b8594eef58a843b,96e41d7a15fa0426aa396ece39433a64
DRV-02736,Amal Al Juhani,JED,09/01/2022,5.0,active,b95482c72554f044016ad42868a3fea4,7451e99eb4cf01f2bb2330c079704f8f
DRV-02737,Samir Al Asiri,RUH,14/05/2023,4.71,active,2e231fe5b07a55ad8431b467446d42d8,63d147e6b4fc7115d0924a83011d1ae2
DRV-02738,Rakan Al Turki,DMM,2026-03-22,5.0,active,cd1cf3f378e11183f101c43388440480,34230300c95f79b75f286b27cf9eb352
DRV-02739,Sara Al Hamdan,RUH,2021-09-20,4.47,active,85a59a126989bdbb68a7d548145c3277,87f9d5aa0be78e4969ac29a1f25f7964
DRV-02740,Lama Al Saeed,RUH,2023-01-24,4.22,active,55fd7a48b339d823b303ca7b038dc474,be618c9f707556dab8e904f7d4d02a51
DRV-02741,Sara Al Faifi,DMM,2025-10-16,5.0,active,ab926579cebcc3404ab7ab243097dbae,69a55de75578c61101420391ae8eba92
DRV-02742,Fahad Al Harbi,RUH,28/01/2023,4.89,active,c4517228e870fdfeb5191ed97e4071b3,2288b8f995517c1064422a7c0674ea8c
DRV-02743,Samir Al Hamdan,RUH,2020-11-04,4.59,inactive,5d4d344dd8c5d1e433975528afd17bbd,af786dde894a909a6d664cbeeb20dbf8
DRV-02744,Anas Al Faifi,JED,2023-10-21,4.77,active,471be4d1d48b68371c97f47c06997928,f2aff5dd4fcc3fcc8ee8f261f859f3b4
DRV-02745,Fatimah Al Rashidi,RUH,30/05/2025,4.27,active,1024bae0522643969830281f3076df9a,a98aaca3d7ca9ed4bb86ffad2546b3d4
DRV-02746,Yousef Al Juhani,RUH,2025-07-11,4.59,active,acc7e7dc6bc03df80ca13f9629143bbf,352dd6230a70f31b9074577b360162a9
DRV-02747,Reem Al Otaibi,RUH,2024-08-09,4.53,active,10db9585df74d8ae713ab359835fe37e,c4a5dd2326402c60de9800dab09b7465
DRV-02748,Munira Al Amri,JED,2020-09-25,4.96,active,b8b03962ae48a48e71d81a849facfbb3,3e07ecbca8dfd6ec425a10ac34210857
DRV-02749,Reem Al Nasser,RUH,2026-02-06,4.98,active,d04683fb55bc61487935d50aeb4566a8,563123c1040ce12559b782b7d4eab21d
DRV-02750,Anas Al Malki,RUH,2023-11-10,5.0,active,3f50804c66a0b28246d62e822963206b,2326d6776c27809a0302a3dc014ca6e9
DRV-02751,Waleed Al Amri,DMM,04/10/2019,4.52,active,087313685814d771b7b773b20ca0a818,8aa44363b31794f91bb81d4b2f5470ca
DRV-02752,Ghada Al Otaibi,JED,2025-09-10,4.85,active,bb6be05d52cc34ec4fa7f306e8cbcffb,cf127d780972f79a0902c4adf5ee110c
DRV-02753,Jawaher Al Amri,DMM,2023-08-13,4.78,active,233a271ca6264715859791f79e493e92,84ad661f6df41ba7781b88021c202b83
DRV-02754,Dana Al Rashidi,RUH,2021-02-20,4.65,active,cb7056f8dc2df7b29feb0b893e4de4d0,ad1f3552f47d7105e5089d6143c61be2
DRV-02755,Faisal Al Asiri,JED,2025-11-29,4.85,suspended,72f5c9ca091804079824a81f00416fef,40c2f08fa0fd94882ebfbdb66bb5e8d0
DRV-02756,Hassan Al Ghamdi,JED,2025-09-23,4.91,inactive,2d8dcde2053e27742c354f5645901785,d33f9c2605cffc8af056058fee97a61d
DRV-02757,Rayan Farooq,DMM,2024-11-13,4.72,active,640643ad3cc0634c2ee53a3ebfaab382,f8e4f6736c0fe1dd45a6b11450e19577
DRV-02758,Waleed Iqbal,RUH,01/02/2023,4.89,active,754f7cf655f44ec4c6e36968a20bb5b0,bc01f44b2cb9f1de3cddc1b9188a29ac
DRV-02759,Bilal Al Qahtani,JED,16/11/2022,4.34,active,cce92d05162537ece995a58d03c3a801,455063f65eb18c55f063b29be1e9de50
DRV-02760,Rayan Al Otaibi,JED,2020-06-18,4.96,active,f11f1bb9cb333c1e5025934e53fabc5b,5d13587f9559259a6459ebd4ecbca961
DRV-02761,Hamad Al Turki,JED,2021-07-16,5.0,active,281a517d9771d086e638b3e791cdfdb6,69de5b8f4d5291b642d715f64cd8bdb9
DRV-02762,Hussein Siddiqui,DMM,2024-11-06,4.41,active,7f3b62ec59a1abee1f4d147d7efa6a37,07c8bd2a7e7d754f3d0e8ba8ec015080
DRV-02763,Majed Al Shammari,DMM,2020-11-07,4.69,active,c7759c13c12ea1bf2a73ac10dd8b3891,b38a36b1c9cd811c823bed0c6ccfac49
DRV-02764,Amal Al Subaie,RUH,2023-05-05,4.58,inactive,852e26e09aab3e1f94129eefa5cddf28,2aa51141cd5003a6b50f7318dd2036d4
DRV-02765,Sara Al Zahrani,RUH,2024-04-07,4.7,active,e2a51e5cdb23af1833c61d3ea722766c,bdcfec573de9b0b7fe6830a562e3c81f
DRV-02766,Musaed Al Suwailem,JED,2023-11-20,4.72,active,7da9cde0f834d84a6d039a4e0a5e3855,af5c350389c431c2218b298ef42a811e
DRV-02767,Fatimah Al Dossari,JED,2022-05-08,4.97,active,73958b4e39eb4a42332c99cfb6a26732,242b9e0004def3ab8134e8aa313c2105
DRV-02768,Rakan Al Bishi,DMM,2022-12-29,4.49,active,ef0a0795841da3b3f13cc67de373431e,4e83b932e9a385f608c0ffeb4ddafce8
DRV-02769,Rayan Chowdhury,DMM,27/01/2026,4.82,active,bdfe8628405744b1b548f619e0184aac,96dac7b1c6deb2399a1db2536377b384
DRV-02770,Salman Al Harbi,DMM,2021-10-02,4.51,active,1e31b837d85380a48168412cee18eb71,bb36e11b618957da8316de0882615833
DRV-02771,Nabil Iqbal,JED,"Jan 15, 2023",5.0,active,82c42f3d930b77a1f32d7ab347e5706d,ab01ae14f1c7fb9e37a9408a324ab10e
DRV-02772,Samir Al Bishi,RUH,2026-03-30,4.78,active,a611536aa858875a47ddb7f3d916f499,a40f38952ddf026fc6e4d877cd6600b6
DRV-02773,Khalid Al Saeed,RUH,2024-05-03,4.62,active,dcf2679204e60ff9b4153ef889c27d39,68d58f1555bbab17d4c673825804ea57
DRV-02774,Hassan Iqbal,RUH,"May 08, 2026",4.61,active,5dd508836def0b8d7e5895bcc0c659c5,65474753f84b598392d3c2ed3fe1ad68
DRV-02775,Layla Al Ghamdi,RUH,06/10/2025,4.64,active,4163eb669e43877168b5ce97f4df775d,0b560381de6d6460d50560bb1fe06964
DRV-02776,Ibrahim Al Rajhi,RUH,"Nov 07, 2021",4.62,active,fe499d648e5f275bb80f75b06b8e1b97,97c8f8b13d9bc243cffa5624bfc07878
DRV-02777,Nabil Al Shehri,RUH,2021-04-28,4.8,active,1da81aca73cec5f2506d62afe4ecb1c3,7f77149f0eac4496ba0e1fa31eeb2d26
DRV-02778,Abdullah Al Malki,RUH,2023-03-27,4.89,active,08fa91a0d359fba21dbe49cb3dda3ff1,035c0f0bdf9118c7a657e20ae9c9bcbc
DRV-02779,Hassan Al Faifi,RUH,2021-12-02,4.9,active,77cc8fb70fd14caaa441cce302348ad9,1354273df90b681a101381c712ffc694
DRV-02780,Haya Al Qahtani,JED,2024-07-29,4.85,active,faf54c5cc70d18200e04b495035822ab,bbfbb242722d1d0a9065b8be37dc2f31
DRV-02781,Aisha Al Turki,RUH,"Mar 30, 2026",4.81,active,fa16665514ba7180b12c4d60f93274fb,e53d3e84a90ed9e824e2c7b184e64432
DRV-02782,Jawaher Al Zahrani,RUH,02/02/2024,5.0,active,1fec7b2a9c30bd37ee3b49203bef2ff7,e579cf7afec200a80a771144c9cc3b02
DRV-02783,Fatimah Al Ghamdi,RUH,2024-07-06,4.68,active,82a9a8d964d1bcfd8579b7716351b4ab,fef0166e56e1bb1802eace187b4e0838
DRV-02784,Bandar Hussain,JED,"Feb 08, 2026",4.82,active,b10f07233178367120b14fb084a94cbc,ff2cf0c43d51775af396289f2a78b35b
DRV-02785,Usman Al Zahrani,RUH,08/11/2022,4.6,active,78dd2e97bd453a662e75f6c5e1597f60,4663528dc3ea09846e7fc61276949bb8
DRV-02786,Faisal Al Subaie,JED,12/09/2024,4.6,active,d6ce66202336d075cae3ab71522f1746,864c248020f09b4a70c7181b7e36f01b
DRV-02787,Turki Al Harbi,DMM,21/03/2025,4.37,active,e700af582f8163d49f6c11aefb285d4a,ae4821316821d904c4897c748945f4db
DRV-02788,Maha Al Yami,RUH,"Aug 07, 2023",4.9,active,82644e280167e075162ae021a19554a2,099b4314a19a9abbe7de13054cb062e0
DRV-02789,Adel Al Faifi,RUH,2024-04-01,4.56,inactive,a78b0fc192022a1895d9940c88af31b2,5a82a9a874dce438e4ed32e2f491e917
DRV-02790,Waleed Al Amri,RUH,2019-12-21,4.79,active,ce0861c43f6188c37e5b10206f977ac1,9556694d0f33ce46ffc0cd06d8b70936
DRV-02791,Hessa Al Zahrani,RUH,2024-07-24,4.87,active,8c712cff0d0516bef5bfa3e9ac732b97,9b796add574dc139bef15652d35ced23
DRV-02792,Ibrahim Al Suwailem,JED,19/04/2024,4.59,active,dcdc5822297eaebcace26a86ee943719,40f8ceb32fff120d5e73b0706715287a
DRV-02793,Reem Al Turki,RUH,"Jan 12, 2024",4.92,active,075479a01007757c92f742239bf71bbb,392262d563fd6605ced6448074f95d03
DRV-02794,Munira Al Otaibi,RUH,2026-05-11,4.88,active,39562ddf82d68000d6a7aeebbefe88f0,5332d9d50b7c2d4dab6ec3b464b28da0
DRV-02795,Noura Al Juhani,DMM,2025-12-09,4.62,active,abfad46aa5c23a5aa9831f1ae7887b8f,d8996b661c631fb9d6015b4287313d04
DRV-02796,Lama Al Khalidi,JED,2023-06-17,4.84,active,7de57120dc3697a99006d1944dc9713c,11a515ab708495a893e49940556ee535
DRV-02797,Saud Hussain,JED,2025-02-23,4.83,active,05188a9cef4d9a227faad32691f5a48c,e55fad4321bca48d06fbf6f4abb5df68
DRV-02798,Adel Al Asiri,JED,2023-09-13,4.59,active,9368eb98227edcdbb8c3ba2319ddd124,c87e28dd385f301d4ba1470c4c6a041f
DRV-02799,Mohammed Al Balawi,RUH,"Dec 21, 2019",4.67,active,284f58b0ed2d7a461b4a93a6eb39f53b,7fe4b4f1121fa95ed361b8ac7efbda22
DRV-02800,Layla Al Rashidi,RUH,10/05/2024,4.67,active,d8934207ca99cbe0cb6e7fbd0caf5c71,74741ca5555fc0424e6aa6926c787019
DRV-02801,Mohammed Al Asiri,RUH,2025-08-30,5.0,active,33c429222d7e4fdac9bfa7b128d0b12c,9fdaf508590feacbbf88da2c110b13df
DRV-02802,Ziyad Al Balawi,RUH,2024-12-27,4.98,active,1090a240fa17f1f27e15c9b8521d829c,71217220d4d73dc39161a490b39c62d8
DRV-02803,Sultan Rahman,RUH,18/09/2019,4.51,active,5f30e40d6d1e91db427ec93c97214d96,118dc92bd6cf9c09e2bea00c80cc12ee
DRV-02804,Reem Al Suwailem,JED,2021-03-20,4.79,active,423647fc8129f51445a043016af4787c,7eeabf73fc33b3b62984cab3ad97b855
DRV-02805,Tariq Al Dossari,RUH,2021-10-10,4.95,active,31fe71c18c503ffd87e499a6ef9f5c3b,8b0dbdacfd92d7c4ec17b937dfec98ec
DRV-02806,Mansour Al Bishi,JED,2020-06-13,4.71,active,e8fe6ffa885514daa6c0ec94c7832493,2852ad6bd65387f8d9e50a8d56a87f1d
DRV-02807,Anas Al Turki,RUH,2025-03-20,4.98,active,865a656029e2c855665cfeb5b2c9a619,9e5dd9ac04495c1aa3bb6dc4d711a1c8
DRV-02808,Aisha Hussain,JED,"May 12, 2024",5.0,active,963e12c51482a31e840018fc3cb266d2,b31d44499f6dd026449ef076cd8f5bd0
DRV-02809,Jawaher Al Nasser,RUH,2024-10-20,4.9,active,42e5e047b5596a60fb4115a1a5a45f55,d0d218343d6b6360a217ac26f2ef8248
DRV-02810,Saud Al Amri,RUH,2024-08-04,4.81,active,e51002144121a6396eb987c49b93011d,efaf1e258a7d7ca8fb3c996c115e3c37
DRV-02811,Salman Al Asiri,DMM,2021-09-06,4.58,active,9d28d7ffe332841cbc5dd4fd3b37febe,3dd602e6d42a40b02a2a3ce5010dd6bd
DRV-02812,Waleed Hussain,RUH,2025-12-02,4.76,active,0065dcd0f049c444c09d3b220b6d10db,4a56395c4c69e7283d64d8a525c27906
DRV-02813,Ziyad Al Subaie,DMM,"Jan 10, 2022",4.56,active,d1ade86d1b807e3b576fd54378023070,a2da2950738e4af36dec4818c70c4709
DRV-02814,Kareem Al Turki,RUH,2025-11-01,4.97,active,1fe232d68df61b67a86bf75665a42569,28a1be23d246dee279e77dc9b69aaec4
DRV-02815,Waleed Al Hamdan,RUH,2021-10-09,4.65,active,9504e4df1f01be4cc1d169b7a099728b,bdaf0b3af1ed96382b422f7b3c9bd9b0
DRV-02816,Turki Iqbal,JED,2025-08-20,4.99,active,888036683ddd2745a48c78f973ef909c,9ada65d61a22e788b29d81c4d07ac246
DRV-02817,Abdullah Iqbal,JED,2025-04-09,5.0,inactive,120ebc70c9b6aeed56bc71db645d42c7,254635ff27bfd3648c97c26b4fb65896
DRV-02818,Yousef Al Rashidi,RUH,12/06/2023,4.73,active,fd34070b02f030e3e474f8b4868b734a,0836854739a110ac32f0349143363121
DRV-02819,Ahmed Al Asiri,RUH,2025-02-12,4.96,active,d7418e3afc1f962537132c02c80259a2,1d4cc307c36878653ede3a19215be72e
DRV-02820,Hussein Farooq,JED,18/01/2025,4.52,active,48533406d818daaefb3bbf9d8485e7a1,1f46c0c1127d27ba5b26e48c8639572c
DRV-02821,Ibrahim Al Turki,DMM,04/08/2021,4.63,active,7b90a406cecc4f8e0c4336dd09fd065d,08e5083afe3438e1d6940bf836cfff18
DRV-02822,Ziyad Al Shammari,DMM,2026-03-28,4.95,active,7c545fc21d74cb91a8196477304fbd9a,05aa28d94ba7132e1b9c183243ab9920
DRV-02823,Amal Iqbal,RUH,2024-05-03,4.76,active,bd2087d059f4d505e70729de7a6c75c8,7105464c0bd02aa08ee88fd565b813c5
DRV-02824,Rakan Al Turki,JED,2022-06-20,4.7,inactive,85350d1aaea1fda95242fe33ef514dfe,7521576ffb1b0baf908256208456f21c
DRV-02825,Tariq Farooq,RUH,2024-05-07,4.65,active,4e20558b28183ea7372ff1382675b70f,ddab560e1c52b4ee22d6cee6ec0485a2
DRV-02826,Mohammed Al Hamdan,RUH,02/02/2026,4.61,inactive,b1908a55085b0af4ac55d22e76ca0bb4,b906a8ac90960921a7a9730497a03c03
DRV-02827,Reem Al Subaie,JED,2019-12-29,4.87,active,c2b9084c5f5790294a4707bc7b72fc2a,e4b32687720f8aa7d8b3ea5b42bda35d
DRV-02828,Jawaher Al Otaibi,JED,2024-02-10,4.49,active,2efc2d986a34be8725e41d2647ebe8c7,3180d39e821a52c76b4d5a9fd0916646
DRV-02829,Munira Al Mutairi,JED,"Jun 01, 2022",5.0,active,144ba3fba10d5a86a997e236d580943d,646e60b705369a81349b3c06b4c531a9
DRV-02830,Nasser Chowdhury,RUH,21/11/2019,5.0,active,b83b1b2eee6b8dda5167835b86a01bf5,4311518387be06221badd8501ede7df0
DRV-02831,Omar Al Sulami,JED,27/06/2022,5.0,active,6ebfc2687d123d4ee6dfac9123f942ea,e632d027005eb3511b862d1985e9ca0e
DRV-02832,Sultan Siddiqui,JED,2025-08-16,4.72,active,277a281214a814cfd9217d912d440827,f838d4480e334013927521870f2975ef
DRV-02833,Salman Al Juhani,JED,20/03/2026,4.74,active,9f30693d5bff1809246dd48eae7a3658,849daf5cf12b14002f8dc377c3a6dff0
DRV-02834,Faisal Al Nasser,JED,"Oct 05, 2022",4.49,active,8391b45ed6da58ac8e7d012826e06e8b,9c98e42651b5b7d881c5f8ee15e90b23
DRV-02835,Kareem Al Mutairi,RUH,2021-05-26,4.49,active,ea003530aed0635a0e26e3a1af923f90,68dadfcc8c8e69978db0c7c7ff60b9ef
DRV-02836,Noura Chowdhury,JED,2025-08-18,4.78,active,8ff22b5bd340699b398eaf4f4309a5fd,e87d59d166b7f56708beebcd05c800df
DRV-02837,Mohammed Al Malki,DMM,19/05/2026,4.38,active,499e4462daa9d01f299a9279a44b4f26,1ee8bedb7dfde714c6f0363a7ad4797f
DRV-02838,Imran Al Yami,RUH,2026-03-17,4.85,active,2f5665521ff2b52f905263d74ff8f26c,f084aa0156d549c2be9cb797f1f3a658
DRV-02839,Turki Al Zahrani,RUH,20/09/2025,4.78,active,2b7c60b0aacd967950db93b3edfc818e,233af4ce65d9973884a907f3663f8658
DRV-02840,Rayan Al Balawi,RUH,29/12/2021,4.89,active,4b3bb15f73cd6fefb940882d52011384,9fe2d1ad645021ad2c8e0a5aa4172b12
DRV-02841,Adel Al Subaie,RUH,2024-07-24,4.12,active,4669ff2c51689a388f367b97a5e57805,c25963841e654e59d9b5c7d2f5caa6fa
DRV-02842,Omar Al Mutairi,RUH,04/06/2025,4.68,active,de349495ef030cb6403a12ee965e788e,d15d3da9be08ec76c4beee4ed609f375
DRV-02843,Hussein Hussain,RUH,2024-12-06,4.74,active,304da555e3d71219a8b5f441d5d0163d,f02d77c6fc45499ccf8174af0f62bfa8
DRV-02844,Majed Al Rajhi,RUH,2026-01-09,4.42,active,8eb5599fb865d012da5878cc170357a0,6f0da3c5c347564dd00176d4ed50fc08
DRV-02845,Salman Al Subaie,JED,"Feb 25, 2026",4.76,active,54fd97f6e7ce1088306b837d2cfd44c8,fb1119135d676215217a5e4b87e5bf4b
DRV-02846,Adel Farooq,JED,"Feb 04, 2026",4.91,active,fc7a8dc2c9b31c5c4d69ab734d746990,81265249b0230b86d93ff05700e86a0f
DRV-02847,Ahmed Al Anazi,JED,2025-03-21,4.92,active,af25074421008d5d177814215a08dc87,45891e9e4d2e3ef5853c26cca263474d
DRV-02848,Sultan Rahman,JED,2023-08-09,4.56,active,22489a1d8424d8bd7630ab9e5a15c777,a7067690d8c2d7bdc196d056af75b511
DRV-02849,Rayan Al Shammari,JED,01/01/2026,4.75,active,52717963877f29748794c28b4fe88327,07bc17a5b8213c011e596ea26ae4f70c
DRV-02850,Mishal Al Dossari,RUH,2021-08-07,4.6,active,d027fb8122ba164e55aea8189a9d9685,78f2ee6be0fc73fda0baf6c17293529c
DRV-02851,Hassan Al Asiri,RUH,2024-10-10,5.0,active,0efc755f2532831e8240458fbcdc655c,a888563849ee13cd367cbc097d5094b6
DRV-02852,Haya Al Juhani,RUH,2024-07-07,4.72,active,1af3ce4307a56e67dbf4a6f3cc902a93,a4d19c60e505bec80ba196326feadb7f
DRV-02853,Ghada Al Rajhi,JED,2020-03-18,4.49,active,28ed9389187c03f783661aaac9c4007d,67b9660754a467a773a0959519bbbd49
DRV-02854,Ghada Al Turki,DMM,2023-08-16,4.81,active,2c71c3aa0a6fb2399371b61efb0f340d,f9ac083deab13c94de4037bcd69d657a
DRV-02855,Anas Al Balawi,RUH,30/12/2020,4.84,inactive,c873c2ece780c481bbceceff337332dd,8d0b508815c27c7e1a641835ebc07f1a
DRV-02856,Jawaher Al Balawi,DMM,12/02/2024,4.9,inactive,ff140767595bfd75b8cdc384343ce9a4,70f5d7b97bc9a56fe84b9608fdc8a3af
DRV-02857,Rahul Al Hamdan,RUH,2025-12-21,4.88,active,b3160945de90f5428e639c101f6f3fb4,edf39acbf000740cd424ce953bd0d2db
DRV-02858,Aisha Al Hakami,JED,23/01/2024,4.51,inactive,1f164879be4fb707472a94b6c0036041,43b6e98d03849b01de7929e1bfe6983a
DRV-02859,Mansour Al Yami,RUH,2026-02-13,4.85,active,4199b4a8d44264b4496f190bac430a38,8005ce714d3f34cfff11079ba22d78fe
DRV-02860,Majed Al Shehri,DMM,27/10/2025,4.64,active,c99ee5e1ef10d66e7bdd9f5e2cc90d5b,763d2ca199209db8e8c821d935b5100b
DRV-02861,Amal Al Saeed,RUH,2025-01-09,4.81,active,9de086487e6fb5f97e51609c3c7b7559,7be082866bd354955f6bdac102a31b8e
DRV-02862,Bilal Al Dossari,RUH,"Mar 09, 2026",4.53,active,45bfd6524dfa0f5cefdb90168bd2ad97,f897adefd1ea306756d4c00468a44689
DRV-02863,Sara Siddiqui,RUH,19/08/2023,4.3,active,e65b4c60443b25ab9532139fd2bc0c1b,60eca4971502e1112b282f7646b9c17f
DRV-02864,Haya Al Harbi,DMM,30/11/2023,4.83,active,7cc76562f70dafc4c77be18ad1b0b47d,f5801fb8cb0a50c8ee02e49aee513936
DRV-02865,Saud Iqbal,DMM,2023-05-21,4.93,active,c6edde93ac117c9db6dbee9c985dcc3a,a27200789fdc1d3aefbfdb7f0d5060c9
DRV-02866,Zaid Al Juhani,DMM,23/08/2020,4.54,inactive,74f0a44ea215e056edd4743cb3021b6f,ee328ac8552789eb095b67b0f330958f
DRV-02867,Rakan Siddiqui,JED,"Jul 19, 2024",4.58,active,a7bb5017b1ad809a4bac03e98e6aedce,0825b70388c9b2b1a42ea801919b0477
DRV-02868,Usman Al Malki,RUH,2023-12-05,4.71,active,1e07b930cae4a046462fbf37ab9aeb27,6ff0d4fdc720c668de1bf9d2f9ed1051
DRV-02869,Bandar Al Amri,JED,2023-10-31,4.4,inactive,d7356f1907cbe21ebfca34c773dfae38,77e661882464fb63269555034bd95dcd
DRV-02870,Rakan Al Khalidi,RUH,2019-07-29,4.82,active,3bf0feb56d6555ed96db793ab62d382d,40743f72d66a171551abbf318ed805e1
DRV-02871,Turki Al Bishi,JED,2023-11-30,4.83,inactive,9e3eb03117ce4712133e8a5fd55dd914,db892aeab3cb6447f1ec400c2b253215
DRV-02872,Naif Siddiqui,RUH,2025-11-08,4.49,active,09b95fd916b4266898acb14226853790,7f8f031557ad93abb759bfcae241ee01
DRV-02873,Rana Al Mutairi,RUH,2024-08-06,4.84,active,ba41622c7ed09302752e8cef7b09eca1,54239625cdc763b7392ed600e1de9d66
DRV-02874,Samir Al Juhani,RUH,2021-03-12,5.0,active,e2a2a5bc978e9e1e50bb72d39cbf3bfc,58ff92c40d6b8965d59ee05074115025
DRV-02875,Abdullah Hussain,JED,2019-08-27,4.98,active,14006086ebb252a794d4cbcae230053c,fba26aff08b682384aa0f8fcde8562ca
DRV-02876,Reem Al Saeed,DMM,2020-10-03,4.8,active,be5328018a6bf09895e8fc3670d8ad57,4229816b098f20c48eb92e362d5a9d2b
DRV-02877,Waleed Iqbal,RUH,2023-03-12,4.85,active,625aa350964e87b12fc43999ed521ae1,cc9acd76b8ab147cba4cfba4ca02a407
DRV-02878,Fatimah Farooq,RUH,2020-06-06,4.39,active,baf06b8b6b5ffc8aa5b19f6a00f2a93a,8c4a85a207105bb3585439d6659ca773
DRV-02879,Omar Al Anazi,JED,2021-09-16,4.59,inactive,f354e15ea8dde3dc228c890dff7f575d,b092e668408b22664c5784a6a619a1ed
DRV-02880,Yousef Chowdhury,RUH,"Jul 31, 2025",4.74,active,c8ed43c3d01d63c9be211e3de99d28c3,904544a8693156863b98401c74969863
DRV-02881,Sultan Al Hamdan,DMM,14/07/2025,4.97,active,f690b509f9bf0c4b15763ab658e52f14,2c6958e34c36ee2bff75cb5057fc3bba
DRV-02882,Dana Iqbal,RUH,04/09/2021,4.72,active,6c8cf40738b7bc889d8f736e03239d36,74c1638a8433401b62fed86aea9935ce
DRV-02883,Rahul Al Yami,RUH,2024-01-06,5.0,inactive,82dc6c7a54ee3345b2ac838dbf82772b,90227d715e549f3c7fd7a33cb285bba0
DRV-02884,Bandar Al Asiri,JED,2021-06-05,4.68,active,81129c2f99e4782e6e2d2fc4ac5cd802,a52b151149a74bac2714fb623aa23a42
DRV-02885,Fahad Farooq,JED,12/01/2026,4.77,active,659fcf1bc2b3512bed95e2f230a968ba,5f68998cb9dca14a6bfbe6d54acf9311
DRV-02886,Yousef Farooq,DMM,2021-02-14,4.84,active,aadfa37a8ef0126b0265ed5acb1113f8,a843d67a77a46f8059288e3da56dfe9b
DRV-02887,Omar Al Dossari,RUH,16/06/2020,5.0,active,b9d4e9df743735e5f85c2cba3ebd0edd,4fc7f47587651e7e0dc66aba001213e4
DRV-02888,Hassan Al Faifi,RUH,2023-08-06,4.59,active,3f1bced5001251544291d93dbd7e0c2d,b90be968a616fbe1508aab0bc6c26d6b
DRV-02889,Tariq Al Harbi,RUH,2025-06-29,4.88,active,946ce1deaf317da6323472c54f167631,4a8eb08b0263e8b1e1adf748ab38ea88
DRV-02890,Hamad Al Moqbel,RUH,2025-08-25,4.82,active,bd135a1405c3e3d909a2d534fb5d9e49,1dae1306ec8ae9f6b639265dc0e88e53
DRV-02891,Dana Al Nasser,RUH,2022-05-10,4.87,active,dd1e09bd4d982cdceda2508ec5ccea46,e307454824399189d6d33d170d879cd5
DRV-02892,Nasser Al Sulami,JED,14/01/2020,4.39,active,8e16dc43ca0425447366c862e140a4b1,8c840bdb9af2bf92a5d062de3c3d01f3
DRV-02893,Omar Al Bishi,JED,2024-01-23,5.0,active,d8c9eea979e4645b562e5d2d71701ecd,93c906756b874db91c6d5c2e63515eb2
DRV-02894,Mishal Al Suwailem,RUH,2022-01-07,4.73,active,0cdae0f10257b553ac0ba87620fa5683,6ee255477610b71b859b9efde2bdefc7
DRV-02895,Sara Al Asiri,RUH,10/10/2025,4.92,active,0688325d82dee7faf9c80de79e489b1c,1db686d3e0f0ec5dcfcde8411155c2dc
DRV-02896,Layla Al Faifi,RUH,08/08/2023,4.72,active,9fd7847980499e3a301b3340e625204d,14c3e0a08f574ac04250655421cbfd8a
DRV-02897,Musaed Al Khalidi,RUH,"Nov 03, 2024",4.73,active,4da00397e0b8381ea620f583dfa9f28d,5a4befbd24829c614b589e65c743234d
DRV-02898,Sara Rahman,JED,2024-04-24,4.51,active,3c4e6f07c480eae521da33b960d1c1b4,2be8d65e96c545759b32d6e33bdae27b
DRV-02899,Fatimah Al Asiri,RUH,2025-12-26,4.6,active,2c18a308d7e53d78cf9cf95377b5d0ab,cdb717352f5a048ac83ca5280c953deb
DRV-02900,Rahul Al Rashidi,RUH,2025-10-12,4.54,active,a2d8b6519c09d9c07a3e71f0b0cc4e89,c7371fd149b4aab8d3a2180f6a81b72b
DRV-02901,Badr Siddiqui,JED,"Mar 20, 2020",5.0,active,1d20838b6ffdb827d8525a45e6764077,236091ca8bf1d61cb5b6657eee53f0ad
DRV-02902,Hussein Al Qahtani,JED,2022-01-19,4.79,active,8a300be3cd1beaa81632b9406d014bb5,0dcd09f3de77ab2914ea2aa8f8c6cb69
DRV-02903,Ziyad Siddiqui,DMM,29/10/2023,4.71,active,caa813ccd4717dc44a1061a61415a546,5a05b813f2e388b21b7edeeb91252afc
DRV-02904,Yousef Chowdhury,RUH,25/06/2024,4.4,active,0e3e8edc2d728495e819942c6da7a123,2106975efe80efea3a7cccd3946c466b
DRV-02905,Mohammed Al Dossari,RUH,2025-09-17,4.53,active,80ae66ef41752b70f2bb960f181c5a46,acba29198d1a69f0d05bd7739f49c27f
DRV-02906,Ziyad Al Harbi,RUH,2022-11-09,4.38,active,66ee9edd7c970fae4e2e5f48d5031b60,264b0fefbbf8de45157238855c6d6a27
DRV-02907,Majed Al Yami,JED,15/07/2021,4.9,active,fb5bbbb6e6a767cb839357f9ca88e5c1,a49417fd90eef283b2b68f0fd847a41b
DRV-02908,Rakan Al Khalidi,JED,2021-11-11,4.7,active,2e4a6e34e4920b574fe881afa2ff4f83,fc9e67898d9be8cd7add3f39dabc9814
DRV-02909,Jawaher Al Otaibi,DMM,2026-01-09,4.75,active,ecfd5bdb357b06187ff19a4d97b81819,2a06688683b757a658db0bb3a10d933e
DRV-02910,Nasser Al Rajhi,RUH,03/02/2026,4.83,active,833e70e2091d7de49e79895dd292e95b,a1d565c88ff998895028b52c0948f79c
DRV-02911,Munira Al Qahtani,JED,26/02/2024,4.26,active,6d817e7fba473856eea3a620835e58f8,535f149296d0ed41673a306b606771c8
DRV-02912,Mansour Al Bishi,JED,2024-05-11,4.54,active,b9bd13596f4baa54e286fd28f65e3f55,7c590fec8a5a5b693c0b1ff12102df9e
DRV-02913,Hessa Al Hakami,DMM,2024-01-23,4.52,active,1fb181e9d55cd53a476405b09e98d4c2,c40058278b1ec6ffd6819e2f44492abb
DRV-02914,Kareem Al Sulami,DMM,05/10/2022,4.42,active,e2f9859567c481af6ece16f4f34a029d,2b1d24b1d9dccdc5ba9023a5a7a93929
DRV-02915,Khalid Al Harbi,DMM,2021-09-05,4.68,inactive,dbe55be1a6d29f522c2268543519ae9a,439fe4b4821e0ffabcd83c2f723d2ccb
DRV-02916,Noura Al Rashidi,JED,"May 03, 2023",5.0,active,bd96a716c345419c05fd07c98f4b0ece,b49d15dd134faeaeb760d3dd55c46028
DRV-02917,Munira Al Anazi,RUH,"Nov 16, 2020",4.88,active,527123f1dd5f9693b3adf0684c94b6aa,75c0905609d26d86fb0dfc91d35430fc
DRV-02918,Mishal Al Amri,JED,"Jun 18, 2022",4.87,active,caac14a55fdb976a33c5870db69699b1,52f3161a7701befb0989d264a5ec709a
DRV-02919,Hassan Rahman,RUH,2025-02-27,4.93,active,a8b7b18df1c65775575560385ba27832,99e31fb7fee8af4b219a624a4994e921
DRV-02920,Samir Al Suwailem,RUH,2026-04-05,4.3,active,580f5f5b57b768f5ebda405561f14861,d1dfb38d7ee89c48837501d5122906a0
DRV-02921,Rakan Al Rajhi,RUH,2025-01-16,4.53,active,12eea5c4ae7eed4dc7185b7a8d99846b,a1bc899e261163815ada10d9676e070a
DRV-02922,Nabil Al Qahtani,RUH,"Mar 07, 2022",4.83,active,dbf2c9e9e6995bf0cd8ae842c7e63fd4,1a44186456706f33baec09d6ea72a428
DRV-02923,Sultan Al Shammari,JED,2026-01-24,4.84,active,cdd4728623492fa7457dc05f221c245c,b6c69ecd187880a0dae03468b57bf724
DRV-02924,Layla Al Dossari,RUH,2023-12-08,4.5,active,5f5e43c7b50989f44c87c016b67ad700,d6b3c3b7d620c70df91c3fa17c34e2b8
DRV-02925,Usman Al Qahtani,JED,2022-10-09,4.56,active,e70fe9f3d479a58fa36fe11c90f20e26,9d9e2ea3246b1a4992dbfda9f0fe4878
DRV-02926,Haya Al Saeed,RUH,2022-10-16,5.0,active,126cbf69fc79ea5091f0e3c3eebfeb84,56a6559e9705bae08b08c644ebfebf87
DRV-02927,Aisha Al Turki,RUH,2025-03-05,4.6,active,2413f38a69e6fecd1c12a2fa91fd7829,3e4276cb69089c77fbf5e082a4a76aa8
DRV-02928,Dana Al Ghamdi,DMM,2022-05-03,4.67,active,05d7a46d38df52ac8ce5bdf6d92c8c88,cd3b5f147c12a9c6e3d639c38d957464
DRV-02929,Ahmed Al Anazi,JED,17/02/2023,4.41,active,a846f6b772308248314be5c082c2ffcc,1076194cc873b3bdb9e35ce2028ba16e
DRV-02930,Waleed Al Bishi,RUH,2023-06-19,4.98,active,b2ed83bbfa594edd5269aa447ab050a0,f504cae50084f87619789e7de421243e
DRV-02931,Ibrahim Al Asiri,DMM,2024-06-24,4.49,active,269e048b45a7ddf568d1aba2e33412e0,d65d2ce01c89a8ec3b90bbdf4d56a95f
DRV-02932,Aisha Al Khalidi,RUH,2020-02-27,4.38,active,c23524eae74207f864ec945ae7139537,0af5b6563847d3452f46d5f5589c8c39
DRV-02933,Majed Al Qahtani,JED,2025-08-02,4.63,active,b896bb859b19a10489fc6412fb34b4d3,3691c8e3ca73f00d0bebd8de8e85afea
DRV-02934,Waleed Al Moqbel,RUH,19/11/2025,4.59,active,5ccf40b1593609488f283bc80d6a2e6d,ef8462a20d5b4b9a23892198e43e8de5
DRV-02935,Khalid Al Saeed,JED,"Mar 01, 2023",4.81,active,c96f26920dd026ebd940f7ac04750ed6,1053bcc40682e7ea330c5529f5f3e9ba
DRV-02936,Usman Al Faifi,JED,2022-02-24,4.75,inactive,ce6cb9cfd0192b12fb5578a777fbcdbe,ef1f59a56071f6e4124ed4ddd1895e15
DRV-02937,Maha Al Sulami,RUH,2022-12-04,4.55,active,bd1e2e3705ce55346a5d8452b2ba991f,57ed151ab5283dee41a4a1839d04db8c
DRV-02938,Bilal Al Subaie,JED,"Apr 11, 2021",4.68,active,d2bf236c3b4591bff8e68225618ca008,806b90fc4fdff6f0a626a6d5ce5f1078
DRV-02939,Ahmed Hussain,RUH,2021-01-12,4.75,active,716269769cb339bd1dcc57d49fe2e705,dec3ad4957341f628bdad631127ef35c
DRV-02940,Jawaher Al Juhani,DMM,2023-05-13,4.47,active,f3bc17638e6ba09a20522c1914535584,672a5d76d0d24a74598a6886cd4f1693
DRV-02941,Lama Al Amri,RUH,2024-03-26,4.91,active,b7a2454c54e1f05e304366d58720844d,d97f64ff4d4f0827133196bdcdcf80af
DRV-02942,Nabil Al Harbi,RUH,"Jun 26, 2021",4.5,active,8e3a556a5a412a1b8c84973a46510170,b69661767cb64f808309d98ac7eb711b
DRV-02943,Rayan Chowdhury,RUH,12/12/2019,4.65,active,6b3d8c06392466d98d09072a0884856a,a7766c3738c3b7603caac5d309c5a542
DRV-02944,Hassan Al Moqbel,JED,2025-11-03,4.71,active,11f9770518b42a98b17a9a7c84a9e6c4,062fa856798df3592dca504cc368783b
DRV-02945,Sultan Al Qahtani,RUH,2023-06-22,4.82,active,12a8e2ebdbea7d4d105d5f202dc7dfc6,ceb9664fc20ea56f8461571beab13652
DRV-02946,Faisal Al Turki,RUH,2026-04-21,4.9,active,f4c5125ea889cccbd984846723676667,899c93343560a082d6b390e7a42ec3e4
DRV-02947,Saleh Al Dossari,RUH,"Jun 26, 2024",4.36,active,825fb85c6e77711ce42ed4abc1868be3,c7230abf4411c02600ced09b38a67715
DRV-02948,Ibrahim Al Shammari,DMM,2026-05-10,4.86,active,25669d70a4c47f9fb75d020961ed5373,1e234e78c1a00bd9f3d0b1b0c974f64e
DRV-02949,Layla Al Subaie,DMM,2025-02-03,4.62,active,5ac3ea285f4b3ddb95816b7461d78c27,56b497e9b464a0646cd63ac26e7d6964
DRV-02950,Nabil Al Turki,RUH,2026-04-08,4.59,active,c639b039044ebc07c14de0229b457a1c,b39aabc317abba620e60d807e1cd50a1
DRV-02951,Anas Al Turki,JED,2022-07-25,4.86,active,d9ab6d7cbc14af34fd4a1e2184d7c287,86bbb5dfc0a3215e279aeae5d98923dc
DRV-02952,Munira Farooq,RUH,"Feb 10, 2022",4.69,active,8d5a2c85d1a02f5e281eb3387f94ae06,3a9080392efed7236170206e7217d5bb
DRV-02953,Samir Al Moqbel,DMM,"Sep 06, 2022",4.75,active,8633d1cd64fae50fc668c8659e125fdd,d898ca2777f438b4767d3f8ce99689b9
DRV-02954,Mansour Al Harbi,RUH,"Oct 24, 2023",4.78,active,89853fd96c7efa521a57c1036b67c4a0,a22615ed2412fea17b2ce220a5552bba
DRV-02955,Kareem Al Turki,JED,"Mar 25, 2026",4.55,active,562faee3d4c5275534eaccff5741baa2,c2844f627e46f3fdb06aec43b9c9c472
DRV-02956,Hamad Al Amri,DMM,2025-08-31,4.49,active,13f8bb2c1dc2a64cfd91ae41121f6419,300c21b8ae9914083844477175186b0c
DRV-02957,Nasser Al Bishi,RUH,27/03/2024,4.74,active,37a2c1f9079135ef79e2038b223950ad,877681cf12869f2b85456084be55a51a
DRV-02958,Ziyad Al Mutairi,JED,2023-01-13,4.8,active,cf29b469dbecf0819c3d4ff04b23be60,8767491c852a1c04c367fba869eadb44
DRV-02959,Mishal Al Sulami,RUH,"Aug 22, 2023",4.83,active,24dc54c2e74d31f5042bfecd4a4dbdbc,d25720d20e77de50220e65ab6a5450d6
DRV-02960,Lama Siddiqui,DMM,"Dec 20, 2025",4.21,suspended,93365827b2c488dc4ef1e79319d41e7e,97d63742794dc7690933e0f874ff554a
DRV-02961,Haya Al Zahrani,RUH,2020-06-06,4.6,active,30be579c65f11b4ea5884b6f4f40d3cf,5bcac9a4073be4818c5e76717124daf8
DRV-02962,Rahul Al Qahtani,RUH,2020-08-29,4.55,active,d500b890b04e0305d0d1fd2eedbfbf34,4c8ad8a74a37140447dd0c2733467762
DRV-02963,Mohammed Farooq,DMM,18/02/2026,4.12,active,ec19723c2695d71de5f570a256faa49b,87b2f504cdf88099937b6cbd3b940084
DRV-02964,Munira Al Qahtani,RUH,16/11/2022,4.77,active,ce67383efa02434ff20f1ca292d07e12,68e08aa1cb428b687c0513008d64d954
DRV-02965,Khalid Al Harbi,RUH,2022-10-08,4.68,inactive,18fc9df4cb1b0e5ef24ee5c2e8f0fdf1,fb5f1342e3b346480e7845e09a2495ae
DRV-02966,Noura Al Balawi,DMM,2020-11-11,4.64,active,32a11e735535c0f3b5ca8da6868165af,1207f39ac1cb5e4af57cb2a52bacabff
DRV-02967,Kareem Al Malki,RUH,"Feb 28, 2026",4.88,active,95de151367b1deeef420906cc7d40f16,1248747622047cd367f56b401134f8b6
DRV-02968,Hessa Al Amri,JED,"Aug 18, 2021",4.79,active,ec8b8ada0935b13a913c350edcdb2c06,06c41311a911d1c45a0e003b885cd74a
DRV-02969,Zaid Al Harbi,RUH,"May 23, 2025",4.46,active,fe4492a2d757fa772a5e7f62ea64bed4,63be78337f076c6a18846102e3e54593
DRV-02970,Saleh Al Subaie,DMM,2026-03-14,4.67,inactive,96e7181aceaee1b7e731dfc405b08739,de5c63c0bdcc4a01770f44e289eb0760
DRV-02971,Ibrahim Al Shehri,RUH,"Sep 20, 2020",4.66,active,569fb0e9c2da4dfb07dffeabf2b92b28,91f24373a914bd648487a8d84c4573c0
DRV-02972,Mishal Al Moqbel,RUH,2023-08-11,4.75,active,19249bd6d5fdbe144a2438ec18690c8f,79e621b73919b76001e557827e651dde
DRV-02973,Kareem Al Mutairi,RUH,2022-03-08,4.7,active,fd6779e241324deab945904c1c3b533f,37952b2a7143c4f7a9270adb23fdd93c
DRV-02974,Musaed Al Subaie,JED,2020-10-15,4.93,active,3b869bfae014ea933bd621e0326eb58f,3422e4696a4f5cd591bbdc811d8347f0
DRV-02975,Mansour Al Anazi,RUH,2024-07-13,4.79,active,e459c27ed0036e080a0b39031a0de3f3,ae80e6a3a6864b5d1bcf32697c134150
DRV-02976,Nasser Al Yami,JED,29/08/2025,4.75,active,744f1b80563497f3192370da50274407,2d93c26f44a1496ea2674ec656714093
DRV-02977,Rana Al Subaie,DMM,01/10/2021,4.8,active,10dbe166331311b8491fa8b1b5765ffb,a33d4bbec56fde1ce787dcc54b7cf3a9
DRV-02978,Layla Chowdhury,RUH,2024-09-23,4.88,active,84eb2c5558d5a94b5a19bb96474bdfd9,75f027aa2fe1e0f5a7acb65fafffa458
DRV-02979,Lama Al Amri,RUH,2022-07-21,4.71,active,fd34b146058b47c49f6197fbbc927698,21d9cb650e335bbb2d28b2d31b93141c
DRV-02980,Rahul Siddiqui,RUH,2025-08-28,4.69,suspended,df5d60ba9304e4060a74cd9699340c3b,bef475314a6fee12aef7bfdeb329b07a
DRV-02981,Faisal Al Balawi,RUH,2026-04-08,4.69,active,041e8744b932e771817a5c99bb5cf292,de74fad12af73c3b6095de2710a70198
DRV-02982,Bandar Al Anazi,DMM,2025-11-12,4.77,active,56a73442616b662cb713e2032a1ecaae,07f6855cde8bbe5d239ad45de7b2f23f
DRV-02983,Ghada Farooq,DMM,2024-04-03,4.92,active,466a3f8ffaf88b34f0b2fe709f6ff375,0648e0ee2d0d75889f687d94f015608e
DRV-02984,Kareem Al Rajhi,JED,2025-06-02,4.5,active,f6a7523a2d5b41b7524532bdf0c8e0a0,f88de8269a0418b0d5ecf49e247fb8a4
DRV-02985,Haya Al Hakami,RUH,2024-04-09,4.59,active,e3c8477a8106f14c06eaba277e4aa2b2,0ec288bd0780fef631af1fd4d721a9fc
DRV-02986,Noura Al Rashidi,JED,"Nov 23, 2025",4.85,active,517362a7f122b07cc5e7c250e4a8a045,bb1541e098fe4fae49677d2c07075f86
DRV-02987,Maha Al Otaibi,RUH,2025-01-12,4.98,active,88edc43e54ef55125e5ed7f1477c8438,5a27dee8f90e522b07409092a123181d
DRV-02988,Mohammed Al Bishi,RUH,2026-01-08,4.54,active,b395996c226ace9a285e600ee29f4f25,295d327b283f08d80733c97efba7b01f
DRV-02989,Saleh Farooq,JED,"Jan 07, 2024",4.83,active,8329cdf0f3279b42b36af0caa0067988,f80eba0ce2d045791d236f5350d49ea0
DRV-02990,Imran Rahman,DMM,2022-08-22,4.28,active,ee62c6cc759893edeeb4ad8cf1fd8e0c,17cb4a8a4b9ad7f8b7e259d0a55c98b8
DRV-02991,Rana Al Anazi,JED,2024-02-04,4.45,active,2ccee54c2df25e56123a963615ab9dd0,62361a0d3e2d9e3363c7ea5f5d739b59
DRV-02992,Ziyad Al Asiri,DMM,2021-03-19,4.67,active,b3da11ef32c0b43cff3c33ad852222af,ee69e7d0191a814729b99811bafac9d4
DRV-02993,Imran Al Sulami,JED,"Oct 28, 2020",4.52,active,1a262e14d805ad02ee29fbceb99ee16a,6c9109776f4781a2ca128ea865ff342e
DRV-02994,Jawaher Al Asiri,DMM,2025-04-01,4.7,active,3a290df61eb828376bf92b0e9a78042e,a23ab08fb0787c7051f0047fd75304a8
DRV-02995,Saud Al Juhani,RUH,2024-02-23,4.54,active,03b1552f2ef620a403117d0428159edb,8fc12a87a1d90e089d2c6302537018ba
DRV-02996,Salman Siddiqui,RUH,"Jan 07, 2024",4.78,active,371bf997c8ba9f5eda27bcf1b9639865,1968b4a47c07ea66bdb037bb18f45594
DRV-02997,Turki Al Rajhi,JED,"Aug 20, 2021",4.75,active,bf607c36c6ca3d9ef7975f36f2a46f70,8bb85514e8764f6ff145c3dba7bbb693
DRV-02998,Yousef Al Sulami,JED,2023-03-19,4.5,active,9a03819a356e43e78ff999389f149890,6f807ea26ae9047d71b2495204f576f6
DRV-02999,Nasser Al Sulami,RUH,"Dec 20, 2021",4.88,active,73b16240073067443e16405f0fd2a2f0,cb37604088feaa02ddd75bc8d49688ff
DRV-03000,Hussein Al Hakami,RUH,28/11/2025,5.0,active,21e21fe78dc24fed4da3d39b8286af45,631936780aa86561aa971b859e7fd221
DRV-03001,Haya Al Hakami,RUH,11/01/2025,4.29,active,043bf6065179ad87ae8e97854216890d,462cb3f3b2f761a58aab86de4b05be9d
DRV-03002,Bilal Al Rajhi,RUH,2021-11-06,4.7,active,a6fbb364c42445ce45aa00a151d4c17a,9a27b46a3dbad21fb6c1619bacb863eb
DRV-03003,Khalid Al Faifi,JED,"Jan 20, 2021",4.5,active,68d6c7d7887f230ccb4b77083bb6a5ea,a88a329583db38176c9ac8db68288cf1
DRV-03004,Ahmed Al Rajhi,JED,2022-03-04,5.0,active,785e68ba01fba38c8066d2f1e0dd7502,c30a214905061d6494111f2066404b98
DRV-03005,Hussein Al Subaie,RUH,2023-05-16,4.69,active,81df376c4b3d5b54dc526b53652c9590,b214be8ffca029ff01a6b96c3bcb1c37
DRV-03006,Salman Al Subaie,JED,07/02/2026,4.29,active,1ce3c9bcc62d25c1bcedd876fbe42f72,18dbdbd4b91edb864ff035c20d021385
DRV-03007,Maha Al Nasser,RUH,2021-07-20,4.48,active,c18001e01f957a3f70449873c8a0f21c,8676d33c3e2b0c8ecc70b1aa90d45b80
DRV-03008,Layla Al Suwailem,RUH,2023-04-24,4.92,active,1ced666d83ea3250962a54db4d9fb017,20175d422f122532c921ee0eb288235b
DRV-03009,Omar Al Nasser,DMM,2021-08-02,4.48,active,baa5e67a3e4ce40b319533f09f26a483,6a51f68be73fe56db63599151a09720d
DRV-03010,Musaed Al Suwailem,JED,2023-10-25,4.42,active,a70610ab71dd91423640961cae912753,e4363182a990d977213042262cbb9b24
DRV-03011,Fahad Al Shehri,JED,27/11/2023,4.52,active,5682d75c2efc3c84ee7da52888f04192,62e8db764fda5b978ff5ce94baf564ab
DRV-03012,Nabil Al Sulami,RUH,2026-01-02,4.56,suspended,ae325a08df5d46f5e01313e8e0932bfc,36027e5da7f70d72407c09d7ed412187
DRV-03013,Sultan Al Ghamdi,RUH,2024-09-20,4.74,active,70c7a8f79f06864968469db1dca6c2c5,59f90228cedd64ae1568d5b5f121b077
DRV-03014,Ghada Al Saeed,JED,18/07/2021,4.84,active,b515d70a2a62488cac38d5632ac6381f,7cfcc71282201c84e044d4f61421ae8e
DRV-03015,Adel Al Sulami,JED,09/11/2019,4.75,active,f84493b3b40d4cf0c5adb37e27b11113,582e04809063d543b95bf7403c103eac
DRV-03016,Salman Al Yami,DMM,"Nov 19, 2021",4.84,active,5317c8d39ee7d57418c7e605d04b4906,996be7855ae75e3f623743f22ff450d0
DRV-03017,Haya Siddiqui,DMM,2024-12-22,4.84,active,f799d8cc94f14d06c1b31dd03b8ed93e,bf620b7202cee4126c82cad48d557cf7
DRV-03018,Ibrahim Al Hakami,RUH,26/06/2022,5.0,active,d2504bcc7d85119c316ec8cf681581f9,87d31457d708e850df9d9e5d098a8001
DRV-03019,Turki Al Ghamdi,JED,2021-08-09,4.83,active,788d530938c7ea836bd551e02e1e4685,bb13d1271d0349d3695a3eeb470ac34b
DRV-03020,Naif Chowdhury,RUH,2025-09-14,5.0,active,7f97f1ae7129f85283e371486dd35eb6,ccb06471b260203e1733c1ba052dabcb
DRV-03021,Mansour Iqbal,DMM,2025-08-19,4.54,active,80680895f4fee9e4781b3d27390d9072,76421319b2620835b994fc3eb332b3cb
DRV-03022,Nasser Al Turki,RUH,10/04/2026,4.77,active,4f91c8aa33a4a36d2a65540670da041d,139f174d776755e75620f754e1341fbc
DRV-03023,Mishal Hussain,RUH,25/10/2019,4.95,active,067635dde78e1706e8c3d8054d8386e1,e863eacf52364cdc7e9a02a9fae301a2
DRV-03024,Jawaher Al Ghamdi,DMM,"Aug 30, 2020",4.25,active,edd4e5b1a96730f0b642f0da1485b064,001778e0abfcb74731132e7a93d607d6
DRV-03025,Layla Al Subaie,DMM,03/09/2025,4.87,active,78db5382df3cf54d1de8418ad160521a,fa6e750c65089a857e671c0fd49d7818
DRV-03026,Samir Al Khalidi,JED,2020-06-26,4.61,active,0b82b81b2c017bf472f7277dc9d6f3fd,cd662a25ad59790ea34ecb05cb1fee2f
DRV-03027,Lama Al Faifi,RUH,2025-07-15,4.66,active,380af7cb6b0553a0d5eaf92a10c2d364,25c903f52313813738822c78a0cbe291
DRV-03028,Turki Al Shehri,RUH,2020-04-12,4.86,active,e19ad45d44815dd3c6eb10b60d14a54c,7d73f7f87546509809a6cfbed99604ef
DRV-03029,Bandar Al Mutairi,RUH,2023-03-03,4.92,active,7e915563e0757792fac2aaa6032ca96d,439ef911d2eaf1da3c66c488ba76f478
DRV-03030,Sara Al Rajhi,RUH,2025-02-25,5.0,active,3cf1f89332d4eb41fcbb54cf447fc317,e56e4d5ed530738fc9a417c74e50f6a2
DRV-03031,Zaid Farooq,RUH,2024-12-10,4.54,active,dadfd17e35845ac5b7ca4e537a613520,5e72b43999e3c7a4b178a399be7d516c
DRV-03032,Majed Al Mutairi,JED,2021-07-11,5.0,active,db48aaf7dd58a7e069ae54a76c905982,69564a011351eaff0246ba34395f2bce
DRV-03033,Lama Rahman,DMM,30/08/2021,4.64,active,905ecb1e25e8a98e514c9ab89f9e9e7c,4dfd440ec387386ab38ab22da9399be9
DRV-03034,Fatimah Al Shehri,DMM,2025-09-19,4.79,active,5bf170c7c4e7ff13d2684a93414fb8a3,c8d0ac2f4e8d55e88bd6dd28b7ae9fe4
DRV-03035,Yousef Chowdhury,RUH,2021-01-20,5.0,active,dea1e8ba20b9790adbc4284b1f0ebac1,c999c391cb73e155faedee397fdd7e75
DRV-03036,Lama Al Khalidi,RUH,2025-08-25,4.8,inactive,24fdc6d92c690efc2eb4de2590c4e1cd,9e303f315820b6ed7d0bf8264446fb28
DRV-03037,Mansour Al Rashidi,JED,06/05/2022,5.0,active,69766923cfe8653302f9d305905e5a38,b326fbfc1bdd43a6618b2d386c379b50
DRV-03038,Musaed Hussain,JED,2024-02-07,4.92,active,f642f59dea7ae39323808ae30732c4f2,ec8f4922afe2ebfa8c5618efb8c0339c
DRV-03039,Usman Al Suwailem,DMM,2019-10-09,4.93,active,959c709347ff0941ecdd30b95ad9ff01,f3fec49a1bbf0c4e8754600679531b8e
DRV-03040,Adel Al Subaie,RUH,"Dec 29, 2020",4.79,active,334aa47cd2ee283a91fa4b6b131d7644,a76283d5125fa5ca9c2368ed6d617810
DRV-03041,Jawaher Al Hakami,JED,2019-12-20,4.77,active,62d643b718aaa7e97909576fc7617b61,4f9a775502da0031e21acf9ff9066bfd
DRV-03042,Nasser Al Bishi,RUH,2022-10-04,4.56,active,3a760a3717051316bf7ba3dbda8066a8,495158deb2a2e41fd9f754bc0c0669c6
DRV-03043,Hussein Al Malki,RUH,03/07/2020,4.96,active,8541f1c1850e56a6c54fd2b2b5032c04,0ec6a33821f36110ca32c97de54da097
DRV-03044,Abdullah Al Nasser,RUH,16/04/2023,4.72,active,6b990791e75091389053f1a319fba4c2,78d9eea593aef7e5b796891a72c8aebd
DRV-03045,Saleh Al Subaie,DMM,2024-12-07,4.74,active,b68de5921c1e3cebd5f7c8a2b1311161,aa1789057ab8327bd0ef046806f300b1
DRV-03046,Noura Al Ghamdi,JED,"Mar 19, 2022",5.0,active,173f9266b427f0a21d52d6b99541cc91,cf3d4edda1396fbff5a3087cf9ecfc75
DRV-03047,Hessa Al Balawi,JED,2023-12-28,5.0,active,6fa5cf3697c650ea4ebde18456eed197,b565558d333d33b78572fb8d1463eafd
DRV-03048,Layla Siddiqui,JED,04/07/2024,4.68,active,75e6b63810908ea60bbe54216cba5fb6,3d4a625d9562381a7a26bcc230c50a59
DRV-03049,Munira Iqbal,RUH,24/12/2021,4.58,active,e04ec4d54497fbffaaeab74ab0e29991,199a1268c6c165fd8f52affc7305884d
DRV-03050,Adel Chowdhury,DMM,2021-01-30,4.68,active,eb5b9a249a7a297061d773ee309487a7,49c61818683344358760774ef5c21779
DRV-03051,Musaed Al Harbi,DMM,2023-08-31,5.0,active,1c84edaa9c6d347d7c7b3eb052244530,e18b5b9631a9e4782a111dbbc6c7dc63
DRV-03052,Nabil Al Qahtani,RUH,22/09/2023,5.0,active,661605b39c96a43832705da819cb181a,3ee4e3dad3bcbf51794880b97111bf5d
DRV-03053,Jawaher Siddiqui,RUH,2019-09-12,4.81,active,86f1542104f436cdd2eebdd92a356b48,6b536386310c96ed3f4cfa19c8f1c10a
DRV-03054,Jawaher Al Nasser,JED,24/03/2024,4.97,active,2cbc4e99ca62cc429597ec64418f0976,54adc246b35dcb3969ededbf54243505
DRV-03055,Saud Al Amri,RUH,2024-07-09,4.74,active,b39538316ffc139bfd51eed6bfab4827,5c1546db86e75e959aa4f6f6ad4bb6e2
DRV-03056,Dana Al Shehri,RUH,19/12/2024,4.79,active,1dd1c218d01b257009b45f4f3204c15d,af7624e26f6997fc7a61e701bc670bdb
DRV-03057,Lama Al Malki,RUH,2021-04-19,4.58,active,798a6871607e442e13707dce4a2b40d5,92327babe7c6725b817fd69b88910e5d
DRV-03058,Aisha Al Amri,RUH,2025-07-25,4.47,inactive,63bdf23beb899e343d879df0598e61e2,59922303ad6a87f84bd6a7c32537aa1f
DRV-03059,Saud Al Turki,RUH,2025-03-31,5.0,active,a968d81505e5bc9d190adb9f05893565,4dae1db5f41263ca314d99c795f201c6
DRV-03060,Samir Al Yami,RUH,2021-11-18,4.73,active,601d5b941a2544d963c473d3cbd753e9,bfd13da90f6fb39d92d3895dff56014a
DRV-03061,Imran Al Balawi,RUH,2021-03-29,4.6,active,7adc02888a8b64c80af3994da9a96ef1,907fcabe0341316bc6343b8d0813a861
DRV-03062,Sara Al Ghamdi,RUH,"Jun 02, 2025",4.71,active,69b384b47d3535c93aed4a7b18b384e0,ab9aa85878b801aad90212bd0e903097
DRV-03063,Bilal Al Harbi,RUH,2021-08-22,4.66,active,51641575df10d55feaa9294d349d9b0e,34715d9334c830b2b83f2bc9f1f73c5d
DRV-03064,Ahmed Al Shammari,RUH,23/04/2023,4.55,inactive,f97dba698d92e7996a95e0f5e0efc292,0f83bb161db093f0e561967a52325a13
DRV-03065,Hussein Al Rashidi,DMM,"Dec 22, 2024",4.71,active,a5c4db60bda989544800932ee056d5cc,d6dd7bc2787c46d0e4278b8056c24ea2
DRV-03066,Ahmed Al Faifi,RUH,06/12/2024,4.71,suspended,9bd485409e250b8f35960841be5d9c18,919fc80f4b683be2e3095e8b65eecf86
DRV-03067,Rayan Al Dossari,DMM,2025-09-24,5.0,active,7d7fdd6bfb68a4066981eea3952c7b1a,c3f2a3da75b177fbb31580aa919e6a88
DRV-03068,Jawaher Al Hakami,RUH,2021-08-10,4.86,active,580379112398cadc2e71e9baa55454b5,aa7ffe297463ccc9f9f3442c0b72ee0f
DRV-03069,Yousef Al Otaibi,RUH,"Jun 29, 2022",4.66,active,89e0160a28c93bbc9ada870c139ab876,c0f4986ef315d255535ce0df91d97c56
DRV-03070,Hussein Al Malki,DMM,2022-02-09,4.44,active,b628339710f35376b2d16bbdb8e858d8,d3e1e8571e1f795d97bd1ec20d2af230
DRV-03071,Omar Al Sulami,JED,16/07/2023,4.81,active,7a4088284df54c6c8992cf2c66b04fd4,488a56ce95c48c7f994f295d5100c959
DRV-03072,Samir Al Nasser,JED,"Mar 31, 2024",4.85,active,b5cac2d84b48b3b93b24da0ebe169586,575995d69f6bd036e396329976e21131
DRV-03073,Lama Al Zahrani,RUH,12/01/2025,4.35,inactive,c8191f0e28282a4329a516112dfa0950,8e975d305f787903f1ef2c25138f84e1
DRV-03074,Ahmed Al Hamdan,RUH,30/09/2022,4.76,active,991ad781781ae1748c73a259e71ed4eb,ae6def3fa425d33b9f7cf8fa54da0261
DRV-03075,Hamad Rahman,RUH,2024-09-20,4.66,active,d7e263e85fa94b67ef9e74d40dd2f861,17ed006d43c8cb97dfed130dda06afcc
DRV-03076,Rayan Al Moqbel,JED,26/09/2022,4.78,active,2c52c37976b40b1f5d3bc2fa8b900d9c,7f992d50fc97137bdeb389cffae5fe56
DRV-03077,Reem Al Harbi,JED,04/07/2025,4.41,active,bf4694d4a8037c712e7624f97bf400c3,d1f21224d39d63f134dea1728423b345
DRV-03078,Ibrahim Al Shehri,RUH,2023-07-07,4.52,active,f73b761ada8c076d1fbf7895577d892c,1a120f442acc66b27b508c2bd7c58b57
DRV-03079,Anas Al Balawi,RUH,17/06/2022,5.0,active,c033ae44b8a8ea0608c80fcf9cacffa1,bdcdafab0c6c56ca2c69f2bc7d848ee8
DRV-03080,Bilal Al Amri,JED,2023-05-19,4.69,active,9636c4a4a8abd5f89ebe3d8458e93dbc,704c0d81e1064de3302470a88aa25bcb
DRV-03081,Bilal Al Turki,JED,2026-01-02,4.74,active,e33ebb427757e5e97e568f10573a31c3,7b2b629144bbf328e80db3d0c3f6ff51
DRV-03082,Faisal Al Hakami,RUH,2022-02-21,4.71,active,fe7172bd066ee2c5634a8dee5b09c70a,1cbb4ed1c7dac155fa49710356d537a6
DRV-03083,Ahmed Al Hamdan,DMM,28/11/2021,4.61,suspended,caa488f5bbc5a272d707f23711fa979a,235d16d68b80d7d067aba567108f4339
DRV-03084,Adel Al Khalidi,RUH,"Jan 11, 2020",4.87,active,ca9fdfbe49d8405d2b2071ff3a4b7e02,d756c692a9b9f11f6c003b609d64b10e
DRV-03085,Nabil Al Subaie,RUH,2021-04-12,4.22,active,c52d7f282e3fdaf49766600ecb80ca5e,f68d684811106c5cf0fd9db5cf604731
DRV-03086,Rana Al Subaie,RUH,2025-07-21,4.7,active,c8c12e864c3f3be4e926638f3fcae092,c8a2c2fcf73e5a5201056c81d9256172
DRV-03087,Bandar Al Qahtani,JED,"Jun 28, 2021",4.42,active,fcd110b51b9b542972b94bdc2f8e2a13,9d9364de432c172323ea87e86bbc3f0c
DRV-03088,Jawaher Al Mutairi,RUH,2026-04-26,4.53,active,8e75e2368857cb7d5db161785779c840,5286c450c025761c9006849b2eca1087
DRV-03089,Aisha Al Malki,RUH,24/09/2025,4.49,active,b67c07199f8f12da453b7d4b8898710d,d648c1a9fd00920013d9897f6289a06b
DRV-03090,Nasser Al Hakami,JED,2024-02-09,4.79,active,d40b3f2218c0edce2e4909342d5aae37,88e5f70eb842b4416ad028821d1133a4
DRV-03091,Mishal Iqbal,RUH,2026-05-18,4.82,active,e3fcece88e2f9c20d28db3db17f451cc,43552143ffa07d7bafc864f5bcadebde
DRV-03092,Layla Al Yami,JED,2024-05-09,4.7,active,96372463514ba08df5c3e20d216abad8,9f7ef64663ec3ba879699a0c4554ca8f
DRV-03093,Omar Al Faifi,RUH,2020-04-19,4.77,active,c1a5d14cdc50e5363bd5b11251e6bcc7,69aeb93153fb973f6ab88d20e856776c
DRV-03094,Mansour Farooq,JED,16/01/2024,5.0,active,5cacf5c6f4cc2d3de8cbdffd00096ced,cf0f6264c8a22d6645f348e4511e7ddc
DRV-03095,Majed Al Nasser,RUH,09/10/2024,4.86,active,b03bb74ed3de7ecbc46a4ad1277d7420,b9fd6f9c84a5bdd62b7b2f0523d94307
DRV-03096,Sara Al Dossari,JED,28/02/2026,4.47,active,66a41aeb6a7b7f9435e69af472cbd7e1,29e9847ba13c8919f4aaea26927d575a
DRV-03097,Layla Al Balawi,RUH,2023-04-19,4.75,active,06462faea90702d217579160b118a679,de2dcd26c7e7c0c22ec449beb566e7bf
DRV-03098,Tariq Al Asiri,RUH,2022-02-16,4.52,suspended,3d7f85596b03ec2da3e8da87a035d8b3,1ba54f2ccef7cd905c5c5ccfd4ad7370
DRV-03099,Ziyad Al Harbi,JED,24/01/2022,4.55,active,3012e536cae9e2e9aadd678ec8be6008,dd1909df7d36b792ec011c06525840ca
DRV-03100,Samir Al Rajhi,JED,"Oct 21, 2025",4.93,active,1f303a237d2f14cd8094b706273f8e4c,4c4d22e71f8bf418d4f8dbd7c6e3c764
DRV-03101,Layla Siddiqui,JED,"May 02, 2026",4.9,active,1d0fe38572c3a2443a6a07ca9ebd6eeb,ec1fafdcb72e55b1ea4cf1a96fa5d3ad
DRV-03102,Mohammed Al Asiri,JED,2024-06-09,4.87,active,970ef6f54985d73113d6941d1fd81900,dba588b477b8a1db199b4ebb93bbdbd0
DRV-03103,Jawaher Al Zahrani,JED,2023-10-03,4.52,active,17a5304a80433a5eaa1cbf7a745121dd,8d27b56152e0af94ae5b4b79bedd5e53
DRV-03104,Lama Al Hamdan,DMM,27/02/2024,4.6,active,366cc605c1162e2a38f4032b9245b978,572cc10c6e2cda076ea196b8a4f5df48
DRV-03105,Jawaher Al Saeed,DMM,2022-06-16,4.58,active,45bfa74ffc70058d6b78a917b8dd3763,ed59b7a3415e34f3bd05bcc82efb83c3
DRV-03106,Yousef Al Hamdan,RUH,2026-02-03,4.78,active,42917d2d81f885f9bf8c0a6cfc4a1cc7,7a9d360aa176ad4642f09c050617e0d2
DRV-03107,Sara Chowdhury,RUH,2025-07-01,4.76,active,38139940d1e1c9ff60b1212309c4f71b,e628609e61c3e07ec3dd3b9b92cdcddb
DRV-03108,Usman Al Shehri,RUH,"Aug 06, 2022",4.77,active,765c167d5fe91103dc4c7bab158621ef,492c13d1513429423b29df32e4be1e70
DRV-03109,Samir Iqbal,RUH,"Feb 15, 2026",5.0,active,e81e208b358f73b502a921d32f45a820,e511bb5a32feb83eb507c2a5488ce37e
DRV-03110,Imran Al Rajhi,DMM,2020-07-07,4.52,active,fc9bf61f2b86f7db18eebc45f31d9c92,ea74a1c3537462e182872e20fb6a20cc
DRV-03111,Adel Al Harbi,RUH,2023-04-16,4.73,active,e7670eb771178863558a864f796414c3,f7a65acbec5de3bc153331f53e2089e0
DRV-03112,Sultan Siddiqui,DMM,"Mar 28, 2025",4.97,active,8c31a7e4fd0e0cfd3163b0b01693e521,329c30d90cbf730309ca5b246c26eb17
DRV-03113,Yousef Al Sulami,RUH,"Jul 29, 2020",4.4,active,17efb92d14c7d30230c007a56bb64cfe,5465d8ebb589e91cc54f5c2106e28a0c
DRV-03114,Amal Al Zahrani,JED,"May 24, 2024",4.98,active,541df99dde1ef4ec944b420d209b93b6,16d281aaf308a3a44fb6c8da50a446a8
DRV-03115,Mansour Al Sulami,JED,2024-04-29,4.83,inactive,c27c1ac8eb2215730846ce4717b2f95b,ce94075eb6682bf4c49b964fb4d5d075
DRV-03116,Tariq Al Moqbel,JED,25/10/2024,4.51,active,0996201d0a05b66ad5709b4b6acb346a,5ec2c17cc2739d64f0d667bd3d7a5a42
DRV-03117,Ziyad Rahman,RUH,2022-04-12,4.44,active,ed02a2896558e17348d1489530146312,dcf779411753959c39c4e64beb158502
DRV-03118,Kareem Al Dossari,DMM,15/02/2026,5.0,active,24dca2da8e10a66ef5c28a59f3288aba,8df8dcccfc5cdbf956ba4d27c3aeef6d
DRV-03119,Fatimah Hussain,DMM,2021-07-17,4.45,active,932b0910abdea19cb68d36f30da63e3a,9b8c3511e0f4fc8eeb445a58b5cba161
DRV-03120,Kareem Al Shammari,RUH,"Nov 01, 2022",4.73,active,489a6d0154451f3d4151dc536a527c15,9b4c6d0c14709914c47d14f4d0ae83f1
DRV-03121,Bilal Al Otaibi,DMM,2025-03-12,4.63,active,21360e431b47074eb333dd3bfa64bd1e,e66ed80387d9758333cda685a146fe69
DRV-03122,Usman Al Hamdan,RUH,2025-07-15,4.91,active,ac77fe31db5e5b09289a705be59458b2,6678f83b0ae5c77374d7fb3e36dbf9cb
DRV-03123,Fatimah Al Juhani,RUH,15/01/2024,4.59,active,cf803c0d97de0e58bfa4a1558ac7d87e,ff695c683102b7463c93fee461c0ae75
DRV-03124,Samir Hussain,RUH,"Jan 24, 2026",4.86,suspended,4d3ba761facd3a275141325bad77131f,9b4291e23a044094d28b00400d015fe1
DRV-03125,Layla Al Bishi,JED,24/05/2022,4.84,active,080b8bb9518b93ec4fa5f9b698247ee0,a7111158df43ae12a5f1d87c7102b1ea
DRV-03126,Rahul Al Rashidi,RUH,09/06/2023,4.71,active,e7e5ac9ac673f2fac5c8a28c50c97cfa,fa8d2d433ac3ab58b75a33a0e3dd3419
DRV-03127,Rana Al Bishi,JED,11/08/2020,4.72,active,34f3d8651a5b986eb1db32a617b9d2dd,96cefd70dd6c50a7b0528986c0a249db
DRV-03128,Badr Al Juhani,RUH,2020-08-21,4.78,active,dcd64e302b58d13acc1bf1fa315e1270,bd9c5cc96c72d2f0ee5e6e1297d50189
DRV-03129,Bandar Al Rashidi,RUH,"Dec 09, 2025",5.0,active,0a6d7a2ca86960238b7d074eb9a59687,cc4e4c329db2cbec40d46c6823f793fa
DRV-03130,Waleed Al Saeed,JED,"Jun 20, 2023",4.86,active,d2b4af2405127ec1089c335f40fc8bea,ffa08ff734ae562202046e266550539d
DRV-03131,Tariq Al Subaie,RUH,11/09/2019,4.79,active,1c8219d8ae6da7b9a4e765aa8b3be0f2,21511cf174d6b022b9c484e04e7df0d4
DRV-03132,Khalid Al Faifi,DMM,17/08/2023,4.74,active,7fb36f7f2892fdb6b0ecc9e959147614,f307e1346b9018bf6f44ae5681921d6e
DRV-03133,Sultan Al Dossari,DMM,2023-10-28,4.9,active,39c2a9e42ad938d98e65b3db29affa2d,6ca748c7a26254ac5931d8808c8658ba
DRV-03134,Salman Al Zahrani,JED,2024-01-19,4.58,active,c1f96ef9bdd4721f2a3403db431e808a,a2d85f9b2343f6a265eec38720f1738e
DRV-03135,Rakan Al Otaibi,RUH,2022-10-31,4.75,active,473a17a523fbeccd79cde73ea4fbee95,cfea15eee3d594bee1958e719177be98
DRV-03136,Kareem Al Turki,RUH,2021-12-12,4.87,active,0be70c7810aff920e5498530f4b00361,a8ec46aef0d1ae718655781932380f55
DRV-03137,Bilal Chowdhury,RUH,2025-08-26,4.5,inactive,2da549d3b368deae60eb3e54b4ee9fbf,fd333f9709acf1cd988f430f7eddaafe
DRV-03138,Kareem Al Malki,RUH,2021-04-21,4.74,active,1e5959aaa3fbb04ff6b675d962bf79e2,17d131db22489f92ccbeb6210434e7e8
DRV-03139,Turki Al Suwailem,JED,2024-01-28,4.7,active,76ccb72f7eb419b74c3c629be9f8797e,a42c1adf75dc34dcc3799f5374f57cf7
DRV-03140,Jawaher Chowdhury,RUH,2025-01-28,4.94,active,d4df27efe15388c601517235f608fb7e,ebdc9cbebd5892d4d1d0f039b95a2699
DRV-03141,Hamad Al Turki,RUH,25/09/2023,4.71,active,b5c5390cd555c3404c1ba2af687e284d,f1021a9f8023237a761deede9db7f9f5
DRV-03142,Rana Al Sulami,DMM,29/04/2026,4.67,active,3d28e03acf858ea4ece1ee6260421615,c58a88a07563842e3b9cad6c4998b988
DRV-03143,Ziyad Al Moqbel,RUH,2020-09-15,4.74,active,fc8123aee43977e580fecb60f87e8f5a,d4165d03f7a9c61705459a5e5f4a7cbc
DRV-03144,Munira Al Mutairi,RUH,2021-09-29,4.8,active,77c72e8491bd6afb4da8e9ba5aac6e13,d0759c9607b9336a9312b574e35ebdf1
DRV-03145,Badr Farooq,DMM,20/05/2025,4.69,active,4325f101ce1f6b456e5c1737d0701f78,5fa6ef732c106db3462d0352cd8fc23a
DRV-03146,Noura Al Moqbel,JED,2024-08-29,4.79,active,d3ddd473555089bf1b190607d39481cf,c0c4e6363ca44e5984d7c2525185ab38
DRV-03147,Bilal Al Ghamdi,DMM,2022-03-27,4.84,active,761389fad5fba03ba069fd280aa97220,6888c6822bf3e3e666a17e8c9bc4d2e1
DRV-03148,Naif Al Saeed,RUH,10/07/2025,4.79,active,1b46b09aa4ce993ec285b48f1e74c7b0,60ff60ec597e89450ca7807c47dc1305
DRV-03149,Khalid Al Balawi,DMM,2024-04-29,4.66,active,ef6cce550fddeeaee0517309b81cfd79,1ad95013a5d4eaf8ebfda9531aacce58
DRV-03150,Turki Hussain,RUH,2021-06-21,4.81,active,adbedae4e843bbd8359518251ddf8aee,981b85093017ab4b7bbb376d9c5ab5b2
DRV-03151,Hessa Al Nasser,DMM,2023-03-05,4.83,active,58b2b8aa992bb53ce502d5cd4ef773e9,ec1258d4a3bea0410b22a1fdecb4b90d
DRV-03152,Rayan Al Rashidi,RUH,2020-01-17,4.84,active,1b44838f00a9857fc62ebf2cb4639b6d,b3c4630eded03a269c3461e6dc639cec
DRV-03153,Imran Al Nasser,RUH,"Sep 23, 2025",4.75,active,268bd8debf4e5ea673f107ea310166a8,1a565caae0f742d35771b0247ebd7f18
DRV-03154,Ahmed Al Moqbel,JED,2023-12-29,4.97,active,9f4536d6847df4c72b63b4284a6fef3c,362c673e30d0275247f454a9477be727
DRV-03155,Bilal Al Subaie,JED,2025-01-06,4.83,active,26519f59adfc1602298a9e39784944c9,cb21d9323905b9e56958db711650be98
DRV-03156,Imran Al Mutairi,JED,2022-12-12,5.0,active,a618093bcbef34ca916b6e50c7123312,90cf898d7582e10848e68966d49e85a3
DRV-03157,Lama Iqbal,RUH,2025-06-13,4.57,active,a4bf56594e40031010d7dd5537147871,575e5b167b2bad5c098514b5d6bcafff
DRV-03158,Ghada Al Suwailem,RUH,2026-02-24,4.88,active,25d156972cbdf8409bb96b5218a93517,2b493707120082e12fbec561fed69eeb
DRV-03159,Hassan Al Balawi,JED,2023-10-12,4.56,active,fcf2beda4dc88390adf01d83cbb5268c,ada5445cb8b6c885a8085c0bf3e40c2f
DRV-03160,Usman Al Subaie,RUH,2026-03-17,4.92,suspended,c7532c28938db1cf44b17815617da7bd,b0e5480b653760359bbec0d827ebf754
DRV-03161,Reem Al Suwailem,DMM,"Jan 23, 2023",4.49,active,eddb53d0b0342854b31b20bccc18945d,3210251f78386953935848d0ed65faee
DRV-03162,Sara Al Suwailem,RUH,"Nov 17, 2024",4.75,inactive,17292701af057eadfe62faabe7ae1a33,ea65056f934a2dca96f379f1a4e7d1be
DRV-03163,Majed Iqbal,RUH,2026-01-17,4.83,active,4cdba54696a93f36bbb18d5bef6ed021,1d5fe86c23d06eb3d3c8befc25af775f
DRV-03164,Zaid Siddiqui,RUH,2025-02-18,4.94,active,5d1a919d74d1a5a1d8073bfb99ce33ad,619f06a166b9045381113ae2ef6da0de
DRV-03165,Abdullah Al Zahrani,RUH,2025-03-16,4.89,active,d28fcd78f70491a58b62a5003ec0c8c6,bad806ba54a0de6f09f2328143264f5d
DRV-03166,Yousef Al Hamdan,RUH,2025-08-24,4.82,active,0044fa2f652c3d48d6d771ec54aa4408,ba6911c5f28247cbb3f23155d9e6b5e2
DRV-03167,Majed Al Turki,RUH,2025-09-18,5.0,active,2cd285d898d0368814a76cb1dbc5406c,b974d062c18ff129cdf8bc55b0650261
DRV-03168,Reem Al Sulami,RUH,"Mar 19, 2020",5.0,active,551d5d45801c07806c5ae8bc730f02bf,d7f7dc4462c8ee412020d08e1e636c34
DRV-03169,Imran Farooq,RUH,2024-04-28,4.66,active,a64601b7455023a78ba186311ae7dfed,1e74f1ca4956d25464f161b635719b1e
DRV-03170,Ziyad Al Hakami,JED,2020-12-19,5.0,active,0556c234cf3f660891e707882c867ea4,2c616143b1de6688b0822141d4157ad8
DRV-03171,Samir Al Mutairi,JED,2025-09-24,5.0,active,46524b74d35d91c9df6c91d1928e62b0,08ce899681d07ed0867259d9481b93f6
DRV-03172,Ibrahim Al Shehri,RUH,2024-03-22,4.74,active,811bbdc0b7c9b0eccd0209a0d7cfbfac,64cbd1801da7fbb072618384311cec90
DRV-03173,Ghada Al Turki,RUH,14/01/2022,4.81,active,455057f58f8fe64b7ffe695d9e561a8b,ab112f962268648330ea7cc91a911529
DRV-03174,Yousef Siddiqui,RUH,2019-09-09,4.43,active,0578e5bd9fd0ca9ed016af266a14c625,da1754229b6223f30b8f786caecebc94
DRV-03175,Nabil Siddiqui,RUH,"Aug 22, 2025",4.61,active,be17a8fbd31d6c229271214d4c156bb8,92a6c5859a73e786d9db6cdd110533cc
DRV-03176,Adel Al Yami,JED,2020-06-25,4.77,inactive,9943ebe320840a392b6802b32f5fa044,7aadb9a408374c4a67184eefdd2f4cc7
DRV-03177,Mohammed Al Amri,RUH,2025-07-24,4.88,active,81a393622ba5110429744685f0b691d2,940ab8edbba0fdfdb53a12bbaed8f5df
DRV-03178,Amal Al Subaie,JED,25/02/2024,4.44,active,951e2a744dfad2e1a83e0df0e464371a,d7f3a182f37462115b3a792212c6e469
DRV-03179,Kareem Al Rashidi,RUH,2023-02-12,5.0,inactive,0731e854676bfacedcf56c0f03042621,6aff80eaed37b4abae88d434e41b66b2
DRV-03180,Ziyad Al Dossari,RUH,2022-04-29,5.0,active,1b4a51b56661d2647604b599ab6f95e8,e8147fa255b6a87ac693dbc123ff457b
DRV-03181,Fatimah Al Ghamdi,RUH,"Oct 30, 2024",4.79,active,1149efe1408fed6d1e508fa85d60af4d,a3777457e8c4d85f94657ac37463d218
DRV-03182,Fahad Al Turki,RUH,2019-10-10,4.85,active,2c1ddddbd445cd877de738a2239e806d,4078b659b27398a0f38c9207a10f9266
DRV-03183,Salman Al Sulami,RUH,2024-06-20,4.68,active,a19b1cfeb0bdc16cfc300d2a7699c704,ea2b352946c531507e92930162df8845
DRV-03184,Zaid Al Juhani,JED,20/10/2025,5.0,active,4f8321eb38343fa321ce0e502a4f1d30,08c88b007303dbc9c1a279e5b5099104
DRV-03185,Sara Al Mutairi,RUH,2021-02-21,4.43,active,3c699e64e3618658534d6b4d4b25ba22,5a2db1d4113c1e4e870880375e4c54bf
DRV-03186,Saleh Iqbal,RUH,2025-10-11,4.52,active,f108b0809a946f49e2d4749174cb583b,12e0cf46b6e2a73e4e2b3649dd89fef3
DRV-03187,Usman Al Ghamdi,RUH,2023-07-22,4.64,active,e9959c6acb64f9074db391301ba2c5be,3e753082d9713b3dceff6b2e4a69a8c4
DRV-03188,Ghada Al Zahrani,RUH,2022-05-14,4.45,active,15f0c64ca43481ce106a70a8db3b5f03,b87b4c880cd581c4b60edf3fe598afdd
DRV-03189,Ibrahim Siddiqui,RUH,30/05/2022,4.46,active,b01e671b127d7f6df59b97f74fab86f3,53419d6e7a3d94567f46f30bbcd9258a
DRV-03190,Mohammed Siddiqui,RUH,2024-04-17,4.5,active,3e209d20d48ff577fe58612640b95d1d,95a97f3d6a752e3ad26e7be52d32bc59
DRV-03191,Mishal Al Mutairi,RUH,2022-03-31,4.77,active,ff6be799b77f5ef4d517b362feed9f4f,1bb5ec6ed5d42989c624e540bc76da23
DRV-03192,Fahad Al Suwailem,JED,2026-03-04,4.35,active,c3f84f29838c7e2a4296cda21b75054c,36bcbfae2f6c92961255f9622bfd7a48
DRV-03193,Rakan Hussain,RUH,"Oct 08, 2021",4.44,active,d034476eddc71c27871c9dc043ccd049,caf20bd350dae96eaf6354f487069eb7
DRV-03194,Haya Al Malki,JED,17/06/2023,4.47,active,72b7b18abd640a6782d34f8ea5b43ffe,51d51ef28180375355d6400e33d8348e
DRV-03195,Rahul Iqbal,JED,2021-02-07,4.49,active,c23a3510788a834c25c6b759f3a6ec21,1709c923945686d189982090d27cf563
DRV-03196,Mohammed Al Sulami,RUH,24/06/2022,4.74,active,f5ef9a04d2bbe19060767b8315eb8a00,6364ea215cbf3730947070d71e852588
DRV-03197,Hessa Siddiqui,JED,2025-02-24,4.82,active,9eea050ebc8bd6187593d181df2bdfa6,55e4a8e9de4a936bc3a7833cf6071384
DRV-03198,Anas Farooq,RUH,2019-09-19,4.63,active,c3a4f2275422bd06522df502f5c6bae9,b3dac91f0d82209f605b12bcdbb227e3
DRV-03199,Fatimah Farooq,RUH,18/04/2021,4.49,active,3b5a443da27f51a7b95a50268a4c63fb,4e319269c78dc0009f2fb9cf19be33fe
DRV-03200,Amal Al Moqbel,JED,2026-04-23,4.52,active,ff5f56136b30dea44a87d51ac27fd03a,0d488437afd60af96ed7dd25b675a694
DRV-03201,Zaid Al Rashidi,DMM,"Jul 01, 2024",4.59,active,ef1719159b38cea70d1ecdfec2e3cf21,85b9ab7f5f4b7539d858c24e2f351fee
DRV-03202,Rana Al Subaie,JED,2019-06-12,4.8,active,5b1586e40003fbd3a14601f403728d27,129aeab433dad29a175c380b473264ca
DRV-03203,Mohammed Chowdhury,RUH,07/09/2019,4.59,inactive,7e62a4fd99de982de39d5b84d408629a,85ce50c119b819101ea3519b68161422
DRV-03204,Turki Al Balawi,JED,2025-05-03,5.0,active,936508b95bbe28e0756a5804038671ba,2075f1c20e3af1c62edc147d7928b33e
DRV-03205,Saud Al Anazi,DMM,2020-10-27,4.44,active,587f22bdbca3bcb9000ad6246dcf185f,6a9f77aa266aaf05f487cc3b4852a222
DRV-03206,Ahmed Al Asiri,RUH,11/02/2021,5.0,active,f8aa85a8bfaa80f1f67d35592811140e,44fbe933e533213271109b1d1bea93e3
DRV-03207,Amal Siddiqui,RUH,2022-10-23,4.97,inactive,ef0dd5804f5140bbf2907693e93b2844,04a49322c1963c881209319fcc03c465
DRV-03208,Ibrahim Al Turki,JED,"Feb 04, 2025",4.53,active,228f8d7dff8151d441b587847621ae85,b13121ed658f27d07875cdba49543026
DRV-03209,Aisha Al Rashidi,JED,2024-05-16,4.4,active,681de013af0e0c48e4698bced9edb2d7,3ee33d6ba3006a6fb44c1ffc5537c741
DRV-03210,Hessa Al Subaie,JED,"Nov 09, 2025",4.79,active,0e785739f127e0fb013cfbaeb649b1a2,cae7dffe104a3b45fcd8bdcd0869e7b4
DRV-03211,Turki Al Amri,DMM,2024-04-22,4.55,active,b644346092cef1f87b9368cb5ff04d2d,06f12c3efe84ca89f454b1ac0add8711
DRV-03212,Anas Al Subaie,JED,2022-06-16,4.29,active,f3a20d00872aae80348dde9fd78726bf,c80f59fd9d76e619a0e7735fcf96c5df
DRV-03213,Ziyad Al Dossari,JED,"May 18, 2023",4.78,active,408c4e8affad2e294c4b69d9c0b40b18,3dee4a14e51b5763f32931fcc3c24470
DRV-03214,Mohammed Al Nasser,DMM,2023-11-21,4.67,active,2881b7fea8262e0de4af53f5fd51ee02,21c1ad2c3a2e19ab3fa7ab47907ed25d
DRV-03215,Rayan Al Rajhi,RUH,2023-03-08,4.94,active,7c98c8c84423dab1b69285250fc1e792,fb7d692a0e34afb568e842ac6f06f8e4
DRV-03216,Samir Al Nasser,DMM,2024-05-27,4.54,active,31951977629fd6f07c55764896d09572,02905a9ad25a8ebba1dd36371baaf297
DRV-03217,Fahad Al Shehri,DMM,2021-08-05,4.63,active,8cd34e4ca8980999ecc77ae9bc11b175,6f4fed7caca967c2ad86d7649f0451f4
DRV-03218,Bandar Al Yami,JED,17/10/2021,4.77,active,dd00f38e942b560966b494c9037f9785,51b998bdf369c3919aed872dd5d31a05
DRV-03219,Reem Al Saeed,DMM,2024-11-21,4.4,suspended,85d7b2b2df011aa7399e6d4c5327795c,fdefb97ef2ac1ef95a3b461e6b1980b1
DRV-03220,Saud Al Rashidi,JED,2025-07-14,4.63,active,a26b2f5374a12432d343c85228815ac5,4c475ba8b781af75d0b5e7583a7f8a5b
DRV-03221,Sultan Al Juhani,JED,2023-06-30,4.63,active,0b6f4445f5289aedd28bc829008879e1,8cb0ec9e3e5c9ee75dd6927c9e40f38d
DRV-03222,Zaid Al Subaie,DMM,10/06/2024,4.88,active,c3bee013ea2129ebb96c20220c51b5a8,ec8d5e40ce2c14145520e611c02351ef
DRV-03223,Anas Al Moqbel,RUH,2022-05-14,4.93,active,2cd27882eeb9abb0850481f44fccc8ba,fcb11e2104edd21eba8e7fe0cd81233d
DRV-03224,Waleed Al Hamdan,JED,"Jan 17, 2021",4.66,active,5a8b1bffc1b675ce4e43901479e611b7,a73a123d9d5300c86a7b32c16337fb25
DRV-03225,Abdullah Al Shehri,RUH,2024-02-22,5.0,inactive,8a88aec1db7dd6f332ea0c5e9bd51c01,47379471ea29371d3019125f48483a78
DRV-03226,Saud Al Rashidi,RUH,10/11/2020,4.47,active,bf5dc5b1f00ab83611fa54cbe54f2f89,2c4ae844687e38008666c72943e97e50
DRV-03227,Majed Farooq,RUH,"Jan 13, 2019",5.0,active,b98019596815e5b4b43117f32756e8d8,aa898bf1de753d0e617abd422855ee95
DRV-03228,Badr Al Shammari,RUH,08/05/2024,5.0,active,cdfe7525096360c32c88056edccb06cb,8e9f47b897eb351ed6391b006dfd5969
DRV-03229,Reem Al Juhani,JED,"Sep 07, 2022",4.59,active,f915ee5108c17e0db00a72066c7674f5,66e880f7ad62f272f644ac5bc5efa245
DRV-03230,Sara Al Faifi,RUH,15/09/2024,4.54,inactive,0ce808a199922e4b995b2f2d30c6ef99,431b0ae7358ed09c1df8abdc9aebc586
DRV-03231,Omar Al Mutairi,RUH,"May 09, 2024",4.56,active,a9ceb091abe5b5d16c61478ea6eee4e6,07a51ebd5fcabbb7a68e9eb4cf748b8a
DRV-03232,Hamad Al Bishi,DMM,27/04/2022,4.63,active,3ec81c6c6ce12611a9e5ea74fb05cac6,2dd82591b3af205ce0190314f2b6a1ab
DRV-03233,Fahad Al Khalidi,JED,2025-08-22,4.91,active,e540cbecca208e566be44b2f03096df1,78d5fa94e4c8b0a7ddaaed833d8f272d
DRV-03234,Sara Al Hamdan,JED,2021-11-29,4.47,active,79219847d5de6ed381ee296c6589b252,e5713c3b87b5c7a117bbe6e22112e285
DRV-03235,Sara Al Malki,RUH,2024-08-18,5.0,active,ea9f5cf703cbfc6a8ba3a49eeb3f25b6,072551f1feea32fe4c4b86e4f47cf26f
DRV-03236,Fahad Al Shammari,RUH,2024-12-27,4.64,active,0f94608fb6745cad4f870e315bb167be,101bb91dce0b78de4be6846c5ca368ed
DRV-03237,Khalid Al Subaie,RUH,04/02/2023,4.62,active,1f89d94c99e53eab7ac4cbd42655d81f,6d6953fb66d0f049e37ed4b0a7aad442
DRV-03238,Sara Al Malki,JED,"Dec 23, 2024",4.48,active,e61c741f136b08d346cedd9b7bc26a12,1661f45a703c239c149f88dbc61e7542
DRV-03239,Reem Al Rajhi,DMM,2023-08-21,4.41,inactive,2588071d3393f4378f6eed5d8bcc5e75,4ef913aeb91768494407f17e9a5ee7de
DRV-03240,Faisal Al Yami,RUH,"Aug 03, 2022",4.69,active,a36ca7684bb4435be351f5f3c9c661cc,a3703f4cfe165cd8475e4c8cd54174e1
DRV-03241,Bandar Al Khalidi,JED,30/11/2025,4.46,active,f560c15ed8bdf18842c3299c1f9c4995,afa723b9db802730c1c30ad5b7b88e98
DRV-03242,Rayan Siddiqui,RUH,2022-06-08,4.42,active,a4d88fdb9dd237be46382945819668ed,4f15f0fd1a70dff6d57e4998195a9a0d
DRV-03243,Hassan Al Yami,JED,08/08/2025,4.82,active,040977027c88fa9a6d87c64b64715a02,77bb59844087046d5e2124890e2052fa
DRV-03244,Ghada Al Shammari,DMM,04/02/2022,4.58,inactive,bb650fe7476df12399d02729e5b3c428,d0c321f0bc14a54d14b4045cc3bb63ce
DRV-03245,Ziyad Al Moqbel,JED,26/02/2026,5.0,active,185f1bd950de6ad03618fbd520751b83,9b1b1911b8d0e4324ca282838099a5fc
DRV-03246,Mansour Al Nasser,RUH,2025-09-04,4.66,active,d1b1007935eb13c4ef0e361879c3a225,e034aac50325c1e7c4af442cb7bc1d0a
DRV-03247,Rahul Al Bishi,JED,2022-11-25,4.76,active,e88cd9d60f6b3b510fe33b95e1a840c1,dd2b4af6b0be7e6f0a3613317c7a2ac2
DRV-03248,Mansour Iqbal,JED,24/07/2021,4.89,active,b3c087ac4d6bf08b3d31ecaf4882afe2,49e75c5115c58a2a8cdbda04df68543a
DRV-03249,Rakan Siddiqui,JED,2021-10-29,4.84,active,34b449a8b3a98c1c07ff30ff0acb5e89,7e2bb0bf3b8c43422c534e3fc368fb94
DRV-03250,Ahmed Al Subaie,RUH,2025-02-03,4.92,active,f32f5e8b77c07db5d6845ba15539226e,ea16718f3d1321bd2effb9a70f561dc7
DRV-03251,Saud Al Rajhi,RUH,2024-03-25,4.67,active,496705a57c762bf4d1096b833d04db1a,de2875ac278bff2baa9688c56aa9fc5b
DRV-03252,Hussein Al Juhani,RUH,07/03/2024,5.0,active,6edd9e1edf1e8e735ec98f6d00910477,1fc7a0cdf4a55ef22e3d80dd58a75c2b
DRV-03253,Tariq Al Rajhi,RUH,03/03/2025,4.57,suspended,2f8f09ca63bc1931fc0d7b6227001a5e,a57646937a09d49d82ad2aa89827045f
DRV-03254,Bilal Hussain,RUH,2023-03-02,4.58,active,b889d76fdf8bfbd136fd666fdaac48c9,932d546c25d74d15cfb0746bf0a7da07
DRV-03255,Rayan Al Qahtani,JED,2021-10-13,4.96,active,06b65f0002bb51519d7b3bfb0311d273,1e31789fb1966590f9cbc280cdc88331
DRV-03256,Hussein Al Juhani,RUH,20/12/2024,4.73,active,efd0b2b9488d504db6a7b2c563fa8ad4,ca80bc71c0c755d78af8bfa11011b593
DRV-03257,Waleed Al Turki,RUH,23/02/2025,4.6,active,b45bcfc5a86627fb4cf8961d3991cb2e,5b9cf69472ab23d215d8fdbf455ab835
DRV-03258,Reem Al Sulami,RUH,2022-12-15,4.85,inactive,bd59942ee845d51a32fac674ecd09d46,728c44744260f955e32515dfdb5676fd
DRV-03259,Rayan Al Malki,RUH,2023-10-15,5.0,active,88ddfc9c0c047da33fb840c7a9d77be8,0acff917f0e8003cb8d05837f879f031
DRV-03260,Noura Al Amri,RUH,"Mar 20, 2023",4.61,active,9c7e08cff4fad799316540c8351971e2,5f52550ee7afa38ed8e5806cea466343
DRV-03261,Dana Al Shammari,RUH,2025-04-01,4.86,active,ea183f122f86fbafa4c0a27f17c61269,4cc4b2cb516407a772806ddb1a77ca2d
DRV-03262,Anas Al Moqbel,JED,2023-07-23,4.81,active,d6b8e4e8a4bbe1ababe7f70c4ba16431,b322d8b50495d227d4d8a44d43b98864
DRV-03263,Dana Siddiqui,RUH,2021-06-22,4.69,active,b3e5b4b7f22d09f65b7b1c4ebec10ae2,7b93900c3f13aae3ae52613e0ea2ddd2
DRV-03264,Badr Al Sulami,DMM,2021-10-01,4.95,active,e19bbc90c7fac1655e09bb4fe3c7ccf3,f00f1b70fe4b4604751f65c03533f668
DRV-03265,Yousef Al Hamdan,RUH,"Nov 26, 2022",4.59,active,8054c9c8bcbe5b2e0afbe705673b6a86,a590bc823f19c2b846b14d942da349fe
DRV-03266,Mohammed Al Hamdan,JED,2024-11-15,4.39,inactive,19416109757e34c2d580ccd45f0f105d,ed3430c2b5ab3d5b00327dc063d04f2d
DRV-03267,Dana Farooq,RUH,2022-05-14,4.39,active,82c073394e41cf515c94ac9c88c72998,af24f720db473cf14a2858ecba77f2d0
DRV-03268,Rahul Al Yami,JED,21/08/2021,4.8,active,ac8f6202974bee10692f4aa9fc26ef70,b5aa049c8a95a59c5924e10485d492e2
DRV-03269,Sara Al Hamdan,JED,"Jul 02, 2025",4.43,active,67a7e90afeee82d18de00ebbb53913dc,67f40f823ff48ae5f34dfa65f68782fd
DRV-03270,Sara Al Anazi,JED,09/08/2022,4.67,active,dfe0f1e40da0a40aea08b70b097a2c6b,983500af3d76de2c18e9e82c32725065
DRV-03271,Saleh Al Bishi,DMM,"Aug 20, 2023",5.0,suspended,3c45b68b8e6ff249620e02908ccae305,cbace9ff0938aaa04b8d0c39849fc3b4
DRV-03272,Faisal Al Anazi,DMM,25/03/2026,4.75,active,fc8721bea04d8c483c9e6fb11ac9d0b8,40e1094f27cdf3db04f1821b1a838f8c
DRV-03273,Zaid Al Anazi,RUH,2021-07-23,4.85,active,f1381f4624283c43afc43b52352dc56d,a60e9be816d17dfcf0f0677c1c365eb6
DRV-03274,Hassan Al Mutairi,DMM,2024-07-26,5.0,active,9ceb10c7f8366653a771f2e8f9c869bb,bafaed1bf43fe68cfa3fba05611644fc
DRV-03275,Ziyad Al Dossari,RUH,24/05/2025,4.79,active,9609610cd0185ed6285691bdd72897e0,0a8df657c0a2b6410960580170625e3e
DRV-03276,Naif Al Turki,RUH,2024-02-18,5.0,active,da42681698ff528ffcb5c0e313fbc09f,2486a68761e0c2b107b4ee55b157b571
DRV-03277,Noura Al Hakami,RUH,2023-04-18,4.3,active,6185c66e5d1117113841339aea66b606,0c3ec923e0f785359ce81ff5cb68af47
DRV-03278,Musaed Al Shehri,RUH,03/01/2025,4.95,active,1e8ec597041c8868a9181690bb2e96d2,263d15e9debb7dfe09a74bdeb9821c49
DRV-03279,Nasser Al Moqbel,DMM,2023-03-24,4.74,active,4aea6e70c5b2ed416b605dc6d783dd05,8a74b1548c1189320ecfe9369a2dfb1b
DRV-03280,Lama Farooq,DMM,03/03/2025,4.83,active,ea03d8864ab45679336820d3caa3d555,aad546f9ccad4e88480c621663c703cb
DRV-03281,Turki Al Nasser,JED,18/09/2023,4.61,active,ede1c9b05d7332c56a5cc68f10ac7e01,2ce9b3a35a82cf1128dd8d5a0a9a6780
DRV-03282,Sara Al Moqbel,JED,2024-01-13,4.7,active,cc18f550f905e9c332fbf30a845ef420,087e0c7a3d91359c39502e61bae8db1b
DRV-03283,Yousef Farooq,RUH,2022-05-09,4.45,active,a65546b05622d685256f644894a7dc37,58f2f5ad907cd559f25c842c8566eea9
DRV-03284,Nabil Al Nasser,RUH,2025-08-05,4.68,active,209e4b224214757fe2ed64d302e7c5aa,f4235c50e7a4b74e7f9415260c136356
DRV-03285,Haya Al Dossari,JED,2025-08-30,5.0,active,33d397dc2f69f9d20d641f325e075df1,bfa1cd35b4b625728f0841e054084da4
DRV-03286,Tariq Al Anazi,JED,07/12/2025,4.52,active,5ed5815767ed1914c86d787e9a2c2e19,44260aa9e955590f406e4b77b190d95d
DRV-03287,Samir Al Anazi,DMM,10/08/2022,4.71,active,67a2fa76b188d9342a80a921a9007b25,f125ba9996b4bf4632fec9e7e1e7d086
DRV-03288,Naif Al Suwailem,DMM,2025-09-17,4.75,active,70c3e62af6d18dcc2345f3dd8c0e960b,2da506b4b74b2d58c21ab1571b7a533e
DRV-03289,Salman Al Hamdan,RUH,14/11/2024,5.0,active,4214f25d40245b00616ad613f3712a76,0845007ae12724457cede7478e99b8c1
DRV-03290,Imran Al Rajhi,RUH,2025-08-15,4.99,active,49f81813adf45accf1bd6425057c8a64,1a40fb305e9a457cb4a8feaa7d2eef33
DRV-03291,Rakan Al Yami,JED,"Jan 28, 2026",4.59,inactive,bbdedb46bff9e22e4674f96bbf01a411,4cb7986bd8e1f32dcef244737ae5ab05
DRV-03292,Hussein Al Harbi,DMM,2021-06-01,4.88,active,612fb637316843a53c05822c4d37778e,36239b7b2c720c45bdf90e315c2b8b9a
DRV-03293,Usman Al Zahrani,RUH,2024-03-28,4.96,active,de7558f5d50373bc21d651d25ebe7c65,dc19d8b2535a53cbeb79b457b595b8aa
DRV-03294,Imran Al Shehri,RUH,2023-10-03,4.58,active,06d0325ec58f7622eaff0f52294a84f8,7bd4b7669cb182221a578baa2c79ca2f
DRV-03295,Rana Siddiqui,JED,2024-12-06,4.69,active,7e8803035fbfd2270379e5f904a87c1c,18844132a8220942ccc4bed865fd6041
DRV-03296,Faisal Al Asiri,RUH,2021-12-11,4.72,active,63e7d52efd80af8b136b99332ee9eadf,9063f65647a4f99001599f98fc3aec0d
DRV-03297,Ahmed Al Shehri,RUH,2021-10-13,4.15,active,3d69686cd5f85e9a3aa67c88eca064b8,b4f3e89f588ccbf2228cc00b17ea018e
DRV-03298,Samir Al Mutairi,RUH,"Nov 28, 2022",4.74,active,11e61aa3c44105a09fb7e8bd6c13bfde,b5f84c862893514022e5851fb9be5ef1
DRV-03299,Ziyad Farooq,JED,"Jul 16, 2023",4.69,active,848ea257a8856446d77cd4d7f8f67d0a,e4aef347785e681245abd7b0fc11242d
DRV-03300,Bilal Al Asiri,JED,2019-11-10,4.68,active,8d0918cc52f999efbbb4c7c6d4c5fb7b,3de2245bb225fd0f86b1c3811f5f3340
DRV-03301,Maha Al Dossari,RUH,2025-06-27,4.74,active,6de79f3a5c6a2de957af5df0589bcfaf,cd3b1ecf83382eb7970a5b8ba04d7cc3
DRV-03302,Amal Al Otaibi,RUH,2025-07-10,4.73,active,c77cdd51acbcf8f7f20882c246996673,86ef36cf669637bc6cc6f304d7dc2e2e
DRV-03303,Yousef Al Asiri,RUH,2022-04-02,4.57,active,c1ac19c6afaeb501d6057872ced6a5ac,5905e9bc033a5020b0820b66356af4f0
DRV-03304,Adel Al Zahrani,JED,2022-05-24,5.0,active,6ec09d3566a31cf1816e0fe9059d1b96,ec107e962d42e1c9db68a18b7bfafda6
DRV-03305,Turki Al Suwailem,RUH,2021-04-05,4.61,active,b2f15cbf1a2e54d567b0c8934dcce51c,c34087ea8129f628f0fa0fbeec556bcc
DRV-03306,Adel Al Moqbel,RUH,2023-09-17,4.6,active,27b0e83ea92bf164cc0af9b5e34de4bb,672ca89604bc413b068cacda565e1304
DRV-03307,Ahmed Al Mutairi,JED,25/02/2025,4.88,active,3e34a6d541de1cde1897153fab89b95b,840a1f8c079e2d0f3a8ca82deaeac6fe
DRV-03308,Badr Al Shehri,RUH,"Apr 11, 2023",4.49,active,f94e8eb2c2cb8ff4980de6f2599f57af,8d1b47200156542f7fdfef1b16c88b2e
DRV-03309,Rana Al Moqbel,JED,2025-04-12,4.72,active,8ead5b1a0e851959dd7a8a770fe30852,76e98ac1d53836f295dec9fe3b3e81d0
DRV-03310,Majed Al Amri,JED,2024-12-30,4.56,active,45b0ee17430d1882bcb3e17887823528,fa52f7321dcbf0f28f53a3f503687b92
DRV-03311,Ghada Al Khalidi,JED,2021-09-30,4.43,inactive,6a9c08980913c3933aefc04484b29f6e,2c4abef79dec42925982745b6a600d28
DRV-03312,Waleed Al Shammari,JED,2022-05-26,5.0,active,b2224037c7c26b1dd204d23f2dda2add,c175852ee603d89241f143547c0e02cd
DRV-03313,Musaed Al Harbi,RUH,2021-02-12,4.7,active,3a83ef7e26b0a4705e05a17c4a148f37,c48cbbf728833dbf9e34a5ac107c8ee4
DRV-03314,Sara Al Bishi,DMM,"Nov 29, 2023",4.71,active,84f5cc92f7e266abbf7026404399f637,53a5012b66ef064cae88438d2fec0db1
DRV-03315,Rana Al Ghamdi,JED,2024-08-09,4.34,active,b72407aad3a916208c0939bbc3f06d25,84564d442cc3ad4f70cad0cb25d812ec
DRV-03316,Ziyad Al Malki,JED,2024-07-02,4.56,active,590ca446558d7e68a38b83fed0454ea1,fb29d7bcdf6245cac1724c012ee88d15
DRV-03317,Anas Farooq,RUH,2026-01-27,4.86,active,fc0a087456e7c8dba03ddd1accdacc72,83d5e2f7e5724b003e2cd23751e2a2e3
DRV-03318,Tariq Al Hakami,DMM,"Aug 10, 2023",4.97,active,636314d5caa0e82fbf6c059b8b1f0bcc,4088502d9d62f952bbf45acfdce83fd7
DRV-03319,Hassan Al Ghamdi,JED,2024-12-03,4.63,active,a893ede9b77a0b94b5f45a694c9fd532,6799f2712c899c33bfa62939757de9d2
DRV-03320,Rakan Al Dossari,RUH,04/11/2024,5.0,active,4559c5a4d2699ea2b8044dc7ede6ecb2,be7f850ba809a945ad6068eec2890da1
DRV-03321,Ibrahim Al Subaie,JED,2023-04-30,4.44,active,ebeffe1411699f8bf19cb4faa0e2f2b4,35c9b890de888b03c35f6a2da62b179b
DRV-03322,Imran Al Shammari,RUH,2020-11-18,4.84,active,6d173e017b6d4c5605ba97215aea6dc0,723e325f7e30aa0eca7fae8bd41dc921
DRV-03323,Noura Al Subaie,RUH,2021-12-22,4.41,active,3e4ef8858061d11a416ad9e5b133211e,4beb857a2af98bb8aaed1ca2c2a23f5f
DRV-03324,Hassan Al Bishi,RUH,30/05/2021,4.23,active,133d4a2e2292830f43d6c045a27ad882,4969050538b36abeaad4b175ba91dc5b
DRV-03325,Dana Al Nasser,RUH,2023-01-15,4.24,active,791a8edb037264c30be24941f04b22e0,261d3dc81f0c666b221e34b194ebc81b
DRV-03326,Amal Al Yami,JED,13/07/2019,5.0,active,42b59ec0e2c3f13f3214383f63c16db7,576fb9b290ea02fdd226e50b0dd1b7bf
DRV-03327,Adel Al Shammari,RUH,2023-05-15,4.65,active,e2a86293c2f46a3f59e5b69f26cd5bc8,e5ea17658ac51c2535f796d2ef34cb90
DRV-03328,Ahmed Al Balawi,JED,2022-12-27,4.65,active,fab92f7fd15a4dcb04adbdd62bd12551,59a972f2b5263770290ac94604d79df5
DRV-03329,Imran Chowdhury,RUH,2024-02-22,4.99,active,b426c2b21919048c863454df9c3fffc2,88439e1f587fe9e5e76fd30b651801c8
DRV-03330,Jawaher Al Zahrani,RUH,15/05/2020,4.74,active,86edd050a5a8cd348e3617d9021cfc35,1dd7f30a6e3c6cce2f502673a3839a3d
DRV-03331,Ahmed Al Rajhi,RUH,18/12/2019,4.98,active,0456c50dd8d11232e8c7b66a8cb313f5,eec1d014dd688b6c2eabb49a3e7baa1f
DRV-03332,Hessa Rahman,JED,11/06/2022,4.66,active,075ac7f947d6a118ed1a676c12516716,9a29310cf8e6657d2f83f4fb5c3b1217
DRV-03333,Rayan Rahman,JED,04/11/2021,4.73,active,a00a9dc8f5e017c76e85d2e6df2c1684,ddd5a5a725b5337ecc133c4cec7296e2
DRV-03334,Yousef Hussain,DMM,2025-04-25,4.55,active,fd608315483f840f3d7c3ec05919275d,832ab914a0ca9e6b38a2353e6bc39c72
DRV-03335,Maha Al Qahtani,JED,"Feb 23, 2023",4.44,active,4055098cd84bf98c1615f712b8ab2a82,02f1314e837d3ef1855715846dc346fc
DRV-03336,Rana Hussain,JED,2023-06-18,4.79,active,2a296216e85061269fc03ed5cee1dcbc,d9715b6f32a2ba23620769beea777f86
DRV-03337,Tariq Al Shehri,RUH,"Jun 25, 2025",4.49,active,fe9273a7920afcb308f3d79d79ad1538,9563958cd6822e16e501ff19d94bf17b
DRV-03338,Rahul Al Anazi,JED,"Oct 22, 2023",4.63,active,4299cbeac62509c3c3af128ef138e91b,0fe7e80751561871cd93c2cc455c3606
DRV-03339,Maha Al Faifi,RUH,2022-09-09,4.82,active,24a7e18b66bd7e374994373445aac018,7b0a05619121868600c91b18425208e4
DRV-03340,Hassan Al Sulami,RUH,2021-05-01,4.51,active,c63ef6d05566632e001886bb73570ebb,5a523e3cb651ffbce467cd4ff411bd79
DRV-03341,Hussein Al Anazi,RUH,2022-06-23,4.49,active,00581b2f7c3625d7b01c45dd12b148cc,d64a879f7f417c8c99a1a2a193e079fd
DRV-03342,Fahad Al Nasser,RUH,2024-08-02,4.95,active,820ea8f6f470774e7499f4e619affc8e,b23ebcefd63d8f426b673d97b80d516d
DRV-03343,Sara Al Dossari,DMM,2025-09-11,4.6,active,239563f6659c59307f8916563fc3135e,9a9f9c2341492e6701486f880a83ba5f
DRV-03344,Abdullah Al Shammari,RUH,"Dec 13, 2025",5.0,active,21cc14cc3098fffb18e972aec9e3222b,e659cf24116250e49cec2d48a368dbc1
DRV-03345,Rahul Al Suwailem,JED,2024-10-03,4.65,active,8e6dcb95f0b671af3007127ef60e6b21,9cf49845ddeade87a27757a47369f687
DRV-03346,Amal Al Ghamdi,JED,30/01/2023,4.79,active,4e65a772330c03f90fb3ceb5ec152f12,e734de1e8f9e6eade38a42551149cae7
DRV-03347,Bilal Al Rajhi,DMM,22/09/2023,4.65,active,9cad9ed87c1cf84c96e0f83b8a8bd467,fd13591838947bee29cb81fb92145daa
DRV-03348,Nasser Al Otaibi,RUH,21/09/2025,4.83,active,b99751e4658a6a7188cb4ee71a182a0c,c2923a9aa8e4b449b1699ceac34513a0
DRV-03349,Mishal Al Turki,JED,21/10/2022,4.69,active,463992739019667b5ed9866cec6e0665,769bad06cfcdf8e50c696ba7706b5c0a
DRV-03350,Hamad Al Ghamdi,DMM,2022-12-27,4.88,active,91490bc51a78bf6951a7ec6fca37a207,84ce19ff5c684b73fa409ac7b00268fe
DRV-03351,Layla Al Yami,RUH,2025-12-27,4.73,suspended,6ed76ff3898e1667159356e007d2bd09,5c707de9699345893efb318d70c499b4
DRV-03352,Tariq Al Yami,RUH,2021-07-31,5.0,active,8b9d9c96c3528fffa69b41bd32f0e386,aa6c3a06727192858b5995acafc3efb4
DRV-03353,Zaid Al Anazi,DMM,2022-07-12,4.33,active,cf30c62bf9b8398f003a8fb51c2e4f23,e240d5cfdbd2906df2e678f6264bb6b6
DRV-03354,Fahad Al Mutairi,RUH,2025-07-06,4.53,inactive,a87fcf776d5753f31127c7d67c3923e4,09b0af8832397166a6f49c59cd9bad7b
DRV-03355,Hamad Al Faifi,DMM,02/12/2022,4.54,active,199cf463b4aa3c21f36816365c303993,87dcd6129c8e07c4b5e4f9501a5beadf
DRV-03356,Rahul Al Mutairi,RUH,2022-03-07,4.36,active,7f58338f0cb5f6aac2ceb43e6b147fe7,dd9777950c0e50e5554f18e914473263
DRV-03357,Naif Al Saeed,DMM,28/02/2023,4.55,active,4cd7f9957b1fabfd14152d718a3c795d,6265efaa2d5db1b8a2749e6c955099e8
DRV-03358,Nasser Al Anazi,RUH,2026-04-19,4.6,active,42a18db2bdd922a909a08ffb38efa5c5,a7c801661c4e5174a1e484fdc837f688
DRV-03359,Reem Hussain,RUH,2023-08-03,5.0,active,0de678d42595cd4ce64cdc9817bd24d3,3e6a874b28a6d8937e718da4d7e4d481
DRV-03360,Rahul Al Subaie,RUH,2026-03-18,4.81,active,1e9a76f84473e5836bf217013404dceb,f8937bddc7163f5234316fe09e79a31c
DRV-03361,Noura Al Ghamdi,RUH,2025-10-30,4.77,active,657ca98aef42b43ddc9dd52a45ca1c9e,6d960faf04f908da3793be576bbf5a2c
DRV-03362,Ziyad Al Shammari,DMM,2022-03-13,5.0,active,81ffc336c942a3fd2309e70a41dd8087,f53f751ec8db138b981ae092791909fc
DRV-03363,Sultan Al Sulami,RUH,2022-11-24,5.0,active,243f47c2ee0c221df656be24fa19c6a0,3e4430a131d498d045408472e0bbae31
DRV-03364,Abdullah Al Moqbel,RUH,"Jan 30, 2026",4.69,inactive,f351268a97462eda91bf3b60784012f0,25218ab70a0011c38bb106ec8b6d46ae
DRV-03365,Faisal Al Mutairi,RUH,27/06/2020,4.22,inactive,d80cff43eced9fcbfea25ab5890c1c04,a8799502a9b5a0fdbc795e18685b0208
DRV-03366,Samir Al Asiri,DMM,2022-01-09,4.84,active,7acfdc696e36742879d4b30146758249,a7875dd15971b7fafbda8d3dc5129e6b
DRV-03367,Nabil Al Subaie,DMM,2021-06-03,5.0,active,64b4266d2d714516e306efa4c1de9dc4,5fdb09f08859f5f94a995047672d0655
DRV-03368,Ibrahim Al Harbi,JED,2021-09-19,4.85,active,4e56f03cc0a44d1447a78d27b38ddc19,907686e93b2c74ee5bc2f906abb980c0
DRV-03369,Yousef Al Otaibi,RUH,2024-12-02,4.84,active,e7371df3bc3b815ac75b23d47e130cae,c5579475e0771f6dbded7ccf471a29a7
DRV-03370,Naif Al Bishi,RUH,"Apr 20, 2023",4.85,active,eb476171221da836b41b05cfdf5446fa,622bea7d41e4de5b7f505d46dc6ec4b1
DRV-03371,Kareem Al Malki,JED,2022-02-26,4.26,inactive,ddacd6563f8cf38d3b63e88503406835,56ec31ca78946e4fdb6c733bfd68e661
DRV-03372,Usman Al Juhani,JED,"Jul 20, 2024",5.0,active,95707e6244cbbdfb9befb1239f6d6476,fc79461c048f8ea239806cb5a52064c7
DRV-03373,Munira Al Subaie,JED,2024-09-21,4.82,active,6eb56d02fe7203b3bf4d36da624d71ae,a8b19b49a7eea8a2381acc6d82156cc8
DRV-03374,Anas Al Khalidi,RUH,2025-03-14,4.81,active,88fd13a0fb4433087e748a4452b6838e,48365707445e946d8251a92771187246
DRV-03375,Hussein Chowdhury,RUH,"Oct 28, 2025",4.65,active,ee13c4dd228ad07eb309cc6adb6bcff6,98d2ecf0afee36cb75b88577910b436c
DRV-03376,Munira Al Hakami,DMM,16/11/2020,4.65,active,f2e08a4f9f32f02dc58e7df70405642e,02cb873bff14da9a0ceb640df564127f
DRV-03377,Reem Iqbal,RUH,30/06/2024,4.5,active,01e4569dae73e09d5780f127cd39c801,c57c315308e9ef576faa3f0a5aaa5146
DRV-03378,Noura Al Sulami,DMM,2021-06-26,5.0,active,94d955077efd38c45303ebd05ed4e9f5,cdb513db65d56f93a386b479b9238167
DRV-03379,Amal Chowdhury,DMM,24/02/2026,4.54,active,81c6a4cad9f489a5f5615f3696ebd97b,86e28060149492d1b78c4be29ab4d740
DRV-03380,Yousef Al Hakami,DMM,2025-04-24,4.73,active,a24a4282894af076062fb72c25c94aef,8eb6e9b3295fd0fb56290b710a7aaf28
DRV-03381,Dana Al Malki,JED,05/05/2023,4.81,active,6956d9fbd361185abfb36ee27745e159,4353d5e910d96ccced1150ec640d4fa3
DRV-03382,Sultan Al Subaie,JED,2021-04-22,4.71,active,a1a256d57088c8e6fabe611c3c4e5017,a2d91b0cb41fa39895f613613794d963
DRV-03383,Zaid Al Hakami,DMM,"Mar 24, 2024",4.7,active,d2a1e3734ec1c935367460b69f8d3fb4,33fa8809174fd70f98eda12667e0b28c
DRV-03384,Saleh Al Balawi,DMM,2024-12-17,4.64,active,42501fcfd0098680d4d18644bfcad360,f5471198aef26ea22a148f9bcf224e18
DRV-03385,Haya Al Mutairi,DMM,17/04/2021,4.51,active,09ee2df8ab356f4af5723a17db55f830,ab23646f485e24b5522b9277e568fb85
DRV-03386,Mishal Al Turki,RUH,09/04/2025,4.89,active,ef3c3f26086c0f2b201ecfb784f6ddbe,031da5832db6caf0ab4fe745e7af078c
DRV-03387,Khalid Siddiqui,JED,2019-03-27,4.8,active,a8f9311d824a6d2b0e35c41492f6dccb,045218c7793f507ac750bde69df11284
DRV-03388,Ahmed Al Qahtani,RUH,2020-11-06,5.0,active,fa5c68d243dfa77f41581be5baf92ae4,25a8c5c2e85b9e15f4123634633f3dde
DRV-03389,Fatimah Al Rajhi,RUH,20/11/2024,4.71,active,a87b4653a5b1f34aecfcdcbbff216ac1,fa34802d5371cd411d975aa0a89597eb
DRV-03390,Mishal Al Rashidi,RUH,"Apr 25, 2023",4.86,active,892072d423ec5f20c871c8915c0b4f4d,26ba43d9911cdbee69fb1f0f6d981fbb
DRV-03391,Munira Hussain,JED,2021-04-22,4.94,active,f620c8177e705448a8d851b56260d788,e6a6b1a67fb4d399231d30622494ef01
DRV-03392,Fahad Iqbal,JED,11/10/2023,4.77,active,73a7ea233ee9604f76ba530d65182064,1022db9758c3036484907ac5b542a2f8
DRV-03393,Adel Al Hakami,RUH,10/10/2022,4.82,inactive,3b0862f714afa29f6fda5a8e5023a9b6,8d22efd26a9e3426469459c80f5a9573
DRV-03394,Rana Hussain,DMM,29/04/2022,4.63,active,5664534dca72d3a1d95af512bff05e2d,3469746bc7bebf99e6ae95fb32a9f75a
DRV-03395,Fatimah Siddiqui,JED,14/10/2023,4.6,active,e424e580907e898845d70e5fda1b8423,90213a0974f9a57c3ad481cca7b83ea3
DRV-03396,Waleed Al Rajhi,RUH,21/08/2020,4.65,active,33fb669b59b8a0144f4777fb2379dcaa,d7b88b55c9bc315b1f696b81c70d1a4a
DRV-03397,Naif Al Ghamdi,RUH,2020-03-10,4.77,active,d88ebe9a8357d5bdd02cc94691660673,3aa2aea7df07ee8d0f832e80ceaf32a4
DRV-03398,Rahul Al Harbi,RUH,16/05/2025,4.57,active,11c310cdccf4acb1200bfa8c31459c35,b017840e2df614abe1717f337558cc56
DRV-03399,Hussein Al Bishi,RUH,2021-09-12,4.68,active,1a3cbc85b9e8c68dae51b605d13a5664,dd28d9c402b06eca019466c3f2930c4f
DRV-03400,Usman Al Balawi,RUH,2023-05-22,4.79,active,2d62384a7097caf807bf0189b2beb00c,7163892471252a2e7a15e1d07b9e4825
DRV-03401,Saud Al Rashidi,JED,"Jul 10, 2020",4.47,active,fc309781500788f304fcb15460047a80,3e5d274d359364f522c05c4c10b1a975
DRV-03402,Sara Al Moqbel,RUH,02/09/2022,4.8,active,c2ec551bdd41d717f7a326c96176b72b,4f0ec53d76e9213c9de0fb9db60e4e20
DRV-03403,Rayan Al Dossari,DMM,"Oct 28, 2023",4.29,inactive,e13857975bd0e3c4b7049ab4fe238683,81c8402648607289dd260989e9b5d21c
DRV-03404,Rayan Al Malki,JED,2024-02-28,4.73,active,a725375ab870cbc9368eb662fef52846,46ea72d8747340ae418611861f98734d
DRV-03405,Hussein Al Suwailem,DMM,2024-05-16,4.55,active,4a86549afb9c0ad59136b92008a4ec4b,0330021aee447463b36156c72d58098e
DRV-03406,Yousef Farooq,RUH,"Oct 02, 2022",4.43,active,1d3bad05dd0d3a237b0d0a4fd0a06b05,2dd669a59242dbf5cf32b775db14c119
DRV-03407,Zaid Farooq,JED,02/11/2021,5.0,active,d8454608213ce8e02826d3cf4ee0a601,0a34ea664220a21a522acb851dee106e
DRV-03408,Khalid Al Yami,RUH,22/07/2021,4.5,active,fd04b2bae2f9ff0c7f182a129ee075bf,b6645f3a9b6e75854690368b858cfed1
DRV-03409,Sara Hussain,RUH,2025-03-09,4.57,active,8b450eef88061362d5ae86bccb699296,a8857f2442171a53f1e340e9a4cd5af8
DRV-03410,Yousef Al Juhani,RUH,2025-01-31,4.49,active,22cc158332e246c622e33bab2296ebb5,1d4d8689bc57e365f2dac08c68b0b5b0
DRV-03411,Lama Chowdhury,RUH,2023-08-09,4.73,inactive,c9740835923e2ccbf82ce8f01b39cbb3,01f9d7ac77a17ddded0a8f4a575af095
DRV-03412,Mansour Farooq,JED,17/10/2024,4.73,active,d43103bbaf5cbb54bf2767e96ef3a936,2e318316a8002c175c072fc2e0080886
DRV-03413,Haya Al Turki,RUH,2026-03-29,4.56,active,c507547fa4c1aa14db0d2237ac108358,f5502845ae776b494a54d74f1e279ffa
DRV-03414,Bandar Al Shammari,DMM,2025-06-12,4.33,active,22ea6df1824b97ddcaacf259db0ae5e0,b020b1bfc72f8bcb8d8e1ea763bea290
DRV-03415,Ahmed Al Shammari,RUH,"Nov 23, 2022",4.34,active,cfddc56dbdd0ace73e947f37e3128325,211a6603dcb912306dfe3c66a26e45bb
DRV-03416,Nasser Al Faifi,DMM,09/10/2019,4.93,active,b554eb9ec1692797969e875e1b921ad3,2d8b857561aa286ea78765a5194c6226
DRV-03417,Rahul Al Amri,DMM,2026-03-04,5.0,active,84f75afcc2f4a4a9e44d3e4bff81b8b3,4753ad22cf5d2e324f7c1dc38aa6d0ac
DRV-03418,Majed Iqbal,RUH,2023-01-02,4.69,inactive,aa704c849b2fe9331532da8376d1cf1b,d4201ec3da38d9cdb90f85c6ce9da90a
DRV-03419,Bilal Al Shammari,RUH,2020-11-13,4.44,active,23a0e16916cf806467f5eb907015cbd6,efb5ea1c2495d7dc1b9acb9a31e619d9
DRV-03420,Yousef Siddiqui,RUH,02/02/2025,4.42,active,a54e65a35592fcd773f8fdf182ecd594,c9efc0eadbe097e6950d05bdcb33221f
DRV-03421,Rana Al Mutairi,RUH,08/09/2022,4.31,active,4fe09875c0c875ec19a637ad594e0df3,c08f523698fb6ef7b03223f839a22744
DRV-03422,Hussein Al Anazi,JED,2020-06-26,4.81,active,1eaaddfabb30191115bf946bde06056b,7be120f23a29a269aa3be091cacbb6d5
DRV-03423,Bilal Hussain,RUH,23/01/2026,4.7,active,e027eccbf85a8b2ca54662131ea679b5,cb380580069773efdedd53bf2264a788
DRV-03424,Mishal Siddiqui,RUH,2025-12-09,4.57,inactive,d22bb10ddda9babb24c95c1b00485dd8,4accfdf9dcee07825f679dded482bcf9
DRV-03425,Layla Al Amri,RUH,2024-10-17,4.66,active,64d627da9352ad54e725ba348f18619f,7725a885dd5a249aa9a97f175be13c65
DRV-03426,Hessa Al Moqbel,DMM,2025-09-22,4.19,active,1dd910ddc2a9aa44b631d07df9e1190a,d110380205750bbd080c62a0023bb6b9
DRV-03427,Tariq Al Shehri,DMM,2022-02-17,4.31,active,e13c0def2d56edfaf33c6426d45116f1,d3958c8b0fb575ef5976644d237faea5
DRV-03428,Yousef Al Faifi,JED,17/02/2026,4.89,active,41a6367ab838347a4b9a2a33561b6065,fd93ae8d18d1e77d39cccfb6fee8dcae
DRV-03429,Nasser Al Balawi,RUH,16/05/2023,4.76,active,f7dad92fce4f315c970c6e9a86f4e982,4844fb8a2dba68ec1c2b9929c035bc37
DRV-03430,Rayan Al Dossari,RUH,2023-02-17,4.7,inactive,5ba5285c627754f1d4329be93703b341,459f19f7022937ff52975f576d5dc049
DRV-03431,Jawaher Al Khalidi,RUH,2019-10-09,4.56,active,9e4fa7ef9a5d332c57b260d999b1e735,4ad8ae64ebb8346c9fb24f7cc49a144d
DRV-03432,Nabil Al Bishi,JED,2025-02-13,5.0,active,596762b606e70a3aaf934370d1d3373a,68f9fa4d356b40733230fad3ef19f6cf
DRV-03433,Bilal Al Otaibi,RUH,2023-04-09,4.87,active,cfafe71f7cfc6c7135fd7567c2e40b8e,352f51ee42765956c7789c5c937b37ff
DRV-03434,Turki Iqbal,RUH,22/04/2025,4.48,active,de92341392aa99bc5ffc8a0e93150b47,9bbc0dcfb4097b2b47679f33d5699823
DRV-03435,Aisha Al Harbi,JED,2024-03-24,4.77,active,0007584c6b6bbdcfda1d666e37603014,a76cd6bcb7b41585a2a343fa5ef49417
DRV-03436,Omar Al Ghamdi,RUH,2023-01-30,4.72,active,46f73770023b58faa81cbff4cd9b2dd3,a40e8fc1a7274b511b083f1b4fcdee04
DRV-03437,Reem Rahman,RUH,2023-03-10,4.81,active,7b9c92137d3da517a2c050e1ae65b52a,81c0da4cc45dfc536068537ce777cf38
DRV-03438,Lama Al Mutairi,JED,2021-07-01,4.68,active,169ce50ee4b65a969d8f0c4a7eef9568,0ea271e6df8f47051b65b0ec21fc9b42
DRV-03439,Turki Al Asiri,RUH,"Sep 27, 2024",4.59,active,f16206d34024574cc776119f13cc7211,4065c3167560af9a45e7d7c560f1739c
DRV-03440,Hessa Al Moqbel,DMM,2023-01-29,4.62,active,5bb73ced608a5355bf3fec27165088fa,877ede3733ece6c3400b2bccc3f42ef9
DRV-03441,Saud Rahman,JED,2026-03-03,5.0,active,05851ee2173f7455ec82f50e2b9c481f,aca58843526d6cc99452cf6934413500
DRV-03442,Zaid Farooq,RUH,10/08/2024,4.96,active,314fcf6aec76efff1586c81df8acc90a,2e8d7372ace55f46c21606b9e332323e
DRV-03443,Ghada Al Subaie,JED,"Oct 30, 2025",4.5,active,09bf787d5888f55691d6cc7b841cc59c,19fc787f8ead9066fb55b74af85be16d
DRV-03444,Rahul Siddiqui,JED,2026-02-10,4.76,active,a43cffb02702cfea0bea7f1cc274d956,13cf854b695067ad5fe919dfdd4b8546
DRV-03445,Omar Al Harbi,RUH,2020-09-09,4.62,active,bca07313386ebc998f6d69c90710297a,605bb791d056eaf603b9052c354cc42f
DRV-03446,Hessa Al Ghamdi,RUH,03/03/2025,4.73,active,97bca505dd419ccc780a33de991bf10d,560f0731552f27bff4ce792f25ffd567
DRV-03447,Imran Rahman,RUH,2024-08-02,4.3,inactive,8554abb543e05f9e18f771150c384c83,d7febede26930c0cbf518f233995a0db
DRV-03448,Mishal Al Rashidi,DMM,2023-10-06,4.44,active,9811cce25a4912b79c9b53f261f46703,e72243bdb5fb3bcbabaa2da8d1f1abf3
DRV-03449,Nasser Al Shammari,DMM,"May 04, 2023",4.62,active,7e71ce9ad7967a3d74edaa465b0826be,3f52526012e77328d28ae8b9db33d0ce
DRV-03450,Ghada Al Saeed,DMM,2024-11-10,4.85,active,7917bf13121173be5a6e1448457a65f7,e4c0db869a60240736af3e73e1b3f27b
