payment_id,trip_id,amount_sar,method,status,settled_ts
PAY-20260602-0000000,TRP-20260602-0000000,137.21,mada,settled,2026-06-03 15:39:06
PAY-20260602-0000001,TRP-20260602-0000001,25.23,mada,settled,2026-06-02 06:48:07
PAY-20260602-0000002,TRP-20260602-0000002,19.57,credit_card,settled,2026-06-02 14:42:31
PAY-20260602-0000003,TRP-20260602-0000003,12.49,mada,settled,2026-06-02 10:12:06
PAY-20260602-0000004,TRP-20260602-0000004,22.31,mada,settled,2026-06-02 07:10:41
PAY-20260602-0000005,TRP-20260602-0000005,19.38,mada,settled,2026-06-02 10:27:00
PAY-20260602-0000006,TRP-20260602-0000006,22.30,mada,settled,2026-06-02 09:19:00
PAY-20260602-0000007,TRP-20260602-0000007,12.77,mada,settled,2026-06-02 22:29:05
PAY-20260602-0000008,TRP-20260602-0000008,16.25,credit_card,settled,2026-06-02 20:43:06
PAY-20260602-0000010,TRP-20260602-0000010,42.38,mada,settled,2026-06-02 23:17:59
PAY-20260602-0000011,TRP-20260602-0000011,16.09,cash,settled,2026-06-02 08:54:25
PAY-20260602-0000012,TRP-20260602-0000012,18.95,stc_pay,settled,2026-06-02 15:33:03
PAY-20260602-0000013,TRP-20260602-0000013,14.70,mada,settled,2026-06-02 04:55:13
PAY-20260602-0000014,TRP-20260602-0000014,10.42,credit_card,settled,2026-06-02 14:27:17
PAY-20260602-0000015,TRP-20260602-0000015,19.54,cash,settled,2026-06-01 22:06:11
PAY-20260602-0000016,TRP-20260602-0000016,38.50,cash,settled,2026-06-02 13:58:59
PAY-20260602-0000017,TRP-20260602-0000017,53.91,credit_card,settled,2026-06-03 11:07:26
PAY-20260602-0000018,TRP-20260602-0000018,26.51,mada,settled,2026-06-02 00:01:06
PAY-20260602-0000020,TRP-20260602-0000020,69.86,stc_pay,settled,2026-06-01 23:38:43
PAY-20260602-0000021,TRP-20260602-0000021,166.54,apple_pay,settled,2026-06-02 14:34:28
PAY-20260602-0000022,TRP-20260602-0000022,122.30,wallet,settled,2026-06-02 07:20:50
PAY-20260602-0000023,TRP-20260602-0000023,36.44,cash,settled,2026-06-02 15:07:56
PAY-20260602-0000024,TRP-20260602-0000024,101.16,mada,settled,2026-06-02 06:33:38
PAY-20260602-0000025,TRP-20260602-0000025,22.58,apple_pay,settled,2026-06-03 15:07:04
PAY-20260602-0000026,TRP-20260602-0000026,135.78,stc_pay,settled,2026-06-02 08:13:19
PAY-20260602-0000027,TRP-20260602-0000027,19.02,apple_pay,settled,2026-06-02 20:00:47
PAY-20260602-0000028,TRP-20260602-0000028,64.19,mada,settled,2026-06-02 09:36:19
PAY-20260602-0000029,TRP-20260602-0000029,51.59,credit_card,settled,2026-06-02 11:47:50
PAY-20260602-0000030,TRP-20260602-0000030,74.79,mada,settled,2026-06-02 05:44:44
PAY-20260602-0000031,TRP-20260602-0000031,20.39,mada,settled,2026-06-02 04:37:55
PAY-20260602-0000032,TRP-20260602-0000032,12.20,mada,settled,2026-06-02 19:35:52
PAY-20260602-0000033,TRP-20260602-0000033,35.89,mada,settled,2026-06-02 09:46:21
PAY-20260602-0000034,TRP-20260602-0000034,30.86,credit_card,pending,2026-06-03 07:13:49
PAY-20260602-0000035,TRP-20260602-0000035,36.34,mada,settled,2026-06-02 15:25:42
PAY-20260602-0000036,TRP-20260602-0000036,19.01,mada,settled,2026-06-02 14:14:20
PAY-20260602-0000037,TRP-20260602-0000037,17.36,mada,settled,2026-06-02 19:14:52
PAY-20260602-0000038,TRP-20260602-0000038,128.64,mada,settled,2026-06-02 19:46:33
PAY-20260602-0000040,TRP-20260602-0000040,14.10,wallet,settled,2026-06-02 13:52:38
PAY-20260602-0000041,TRP-20260602-0000041,16.34,credit_card,settled,2026-06-02 05:21:22
PAY-20260602-0000042,TRP-20260602-0000042,49.45,mada,settled,2026-06-02 14:10:42
PAY-20260602-0000043,TRP-20260602-0000043,50.42,mada,pending,2026-06-02 23:20:55
PAY-20260602-0000044,TRP-20260602-0000044,20.81,credit_card,settled,2026-06-02 12:17:35
PAY-20260602-0000045,TRP-20260602-0000045,14.90,mada,settled,2026-06-02 10:40:41
PAY-20260602-0000047,TRP-20260602-0000047,21.33,mada,settled,2026-06-02 13:16:31
PAY-20260602-0000048,TRP-20260602-0000048,6.00,mada,settled,2026-06-02 15:52:47
PAY-20260602-0000049,TRP-20260602-0000049,26.67,credit_card,settled,2026-06-02 07:31:17
PAY-20260602-0000050,TRP-20260602-0000050,76.66,mada,settled,2026-06-02 16:12:58
PAY-20260602-0000051,TRP-20260602-0000051,18.72,stc_pay,settled,2026-06-03 15:10:56
PAY-20260602-0000052,TRP-20260602-0000052,55.70,apple_pay,settled,2026-06-03 03:09:33
PAY-20260602-0000053,TRP-20260602-0000053,78.41,apple_pay,settled,2026-06-02 05:20:56
PAY-20260602-0000054,TRP-20260602-0000054,40.64,credit_card,settled,2026-06-02 14:46:34
PAY-20260602-0000055,TRP-20260602-0000055,53.62,mada,settled,2026-06-02 17:27:18
PAY-20260602-0000056,TRP-20260602-0000056,19.50,apple_pay,settled,2026-06-01 22:01:53
PAY-20260602-0000058,TRP-20260602-0000058,31.07,apple_pay,settled,2026-06-01 22:55:14
PAY-20260602-0000059,TRP-20260602-0000059,37.40,mada,settled,2026-06-03 08:13:16
PAY-20260602-0000060,TRP-20260602-0000060,92.73,mada,settled,2026-06-02 07:24:59
PAY-20260602-0000061,TRP-20260602-0000061,31.39,apple_pay,settled,2026-06-02 12:57:53
PAY-20260602-0000062,TRP-20260602-0000062,130.00,apple_pay,settled,2026-06-02 21:01:32
PAY-20260602-0000063,TRP-20260602-0000063,56.98,wallet,settled,2026-06-02 09:37:05
PAY-20260602-0000064,TRP-20260602-0000064,24.19,mada,settled,2026-06-02 17:08:35
PAY-20260602-0000065,TRP-20260602-0000065,82.34,apple_pay,settled,2026-06-03 15:40:39
PAY-20260602-0000066,TRP-20260602-0000066,20.78,mada,settled,2026-06-02 13:10:22
PAY-20260602-0000067,TRP-20260602-0000067,20.31,credit_card,settled,2026-06-02 08:02:41
PAY-20260602-0000068,TRP-20260602-0000068,19.58,mada,settled,2026-06-02 07:24:47
PAY-20260602-0000070,TRP-20260602-0000070,46.36,credit_card,settled,2026-06-02 10:03:42
PAY-20260602-0000071,TRP-20260602-0000071,17.76,mada,settled,2026-06-02 04:26:21
PAY-20260602-0000072,TRP-20260602-0000072,57.82,apple_pay,settled,2026-06-02 15:08:52
PAY-20260602-0000073,TRP-20260602-0000073,37.49,mada,settled,2026-06-02 15:40:18
PAY-20260602-0000075,TRP-20260602-0000075,32.49,mada,settled,2026-06-02 16:15:58
PAY-20260602-0000076,TRP-20260602-0000076,38.29,cash,settled,2026-06-02 11:12:20
PAY-20260602-0000077,TRP-20260602-0000077,51.97,credit_card,settled,2026-06-02 14:52:38
PAY-20260602-0000078,TRP-20260602-0000078,63.78,mada,settled,2026-06-02 20:11:51
PAY-20260602-0000079,TRP-20260602-0000079,56.13,stc_pay,settled,2026-06-02 17:43:32
PAY-20260602-0000080,TRP-20260602-0000080,53.98,cash,settled,2026-06-02 06:27:37
PAY-20260602-0000081,TRP-20260602-0000081,33.16,credit_card,settled,2026-06-03 00:25:57
PAY-20260602-0000082,TRP-20260602-0000082,21.59,cash,settled,2026-06-02 06:05:53
PAY-20260602-0000083,TRP-20260602-0000083,187.73,cash,settled,2026-06-02 16:35:21
PAY-20260602-0000084,TRP-20260602-0000084,46.89,mada,settled,2026-06-03 06:23:41
PAY-20260602-0000085,TRP-20260602-0000085,20.73,apple_pay,settled,2026-06-02 23:52:51
PAY-20260602-0000086,TRP-20260602-0000086,35.23,mada,settled,2026-06-02 12:41:54
PAY-20260602-0000087,TRP-20260602-0000087,47.61,credit_card,settled,2026-06-02 05:03:37
PAY-20260602-0000088,TRP-20260602-0000088,106.52,stc_pay,settled,2026-06-02 20:36:01
PAY-20260602-0000089,TRP-20260602-0000089,19.59,mada,settled,2026-06-02 07:33:55
PAY-20260602-0000090,TRP-20260602-0000090,94.44,mada,settled,2026-06-03 10:07:41
PAY-20260602-0000091,TRP-20260602-0000091,69.28,wallet,settled,2026-06-02 02:22:37
PAY-20260602-0000092,TRP-20260602-0000092,39.27,credit_card,settled,2026-06-03 03:48:37
PAY-20260602-0000093,TRP-20260602-0000093,28.41,wallet,settled,2026-06-02 17:49:33
PAY-20260602-0000094,TRP-20260602-0000094,83.66,mada,settled,2026-06-02 18:59:14
PAY-20260602-0000095,TRP-20260602-0000095,63.56,mada,settled,2026-06-03 13:55:01
PAY-20260602-0000096,TRP-20260602-0000096,18.65,mada,settled,2026-06-03 11:29:20
PAY-20260602-0000097,TRP-20260602-0000097,13.17,apple_pay,settled,2026-06-02 12:54:03
PAY-20260602-0000098,TRP-20260602-0000098,16.41,mada,settled,2026-06-02 11:10:46
PAY-20260602-0000099,TRP-20260602-0000099,24.40,apple_pay,settled,2026-06-02 08:44:23
PAY-20260602-0000100,TRP-20260602-0000100,69.32,credit_card,settled,2026-06-02 14:35:37
PAY-20260602-0000101,TRP-20260602-0000101,17.57,mada,settled,2026-06-02 08:18:09
PAY-20260602-0000102,TRP-20260602-0000102,14.67,apple_pay,settled,2026-06-02 10:50:40
PAY-20260602-0000103,TRP-20260602-0000103,10.00,mada,settled,2026-06-03 01:50:34
PAY-20260602-0000104,TRP-20260602-0000104,65.65,cash,settled,2026-06-02 16:28:25
PAY-20260602-0000105,TRP-20260602-0000105,50.44,mada,settled,2026-06-01 23:36:42
PAY-20260602-0000106,TRP-20260602-0000106,40.09,wallet,settled,2026-06-02 17:40:47
PAY-20260602-0000107,TRP-20260602-0000107,46.95,wallet,settled,2026-06-02 11:37:36
PAY-20260602-0000108,TRP-20260602-0000108,47.91,mada,settled,2026-06-02 15:20:22
PAY-20260602-0000109,TRP-20260602-0000109,16.80,mada,settled,2026-06-02 21:09:56
PAY-20260602-0000110,TRP-20260602-0000110,29.56,wallet,settled,2026-06-03 00:22:31
PAY-20260602-0000111,TRP-20260602-0000111,55.42,wallet,settled,2026-06-02 23:15:46
PAY-20260602-0000112,TRP-20260602-0000112,97.79,stc_pay,settled,2026-06-03 13:41:57
PAY-20260602-0000113,TRP-20260602-0000113,65.57,cash,settled,2026-06-02 06:47:31
PAY-20260602-0000114,TRP-20260602-0000114,42.35,stc_pay,settled,2026-06-03 16:59:51
PAY-20260602-0000115,TRP-20260602-0000115,39.78,mada,settled,2026-06-02 11:30:38
PAY-20260602-0000116,TRP-20260602-0000116,29.02,credit_card,settled,2026-06-02 19:32:35
PAY-20260602-0000117,TRP-20260602-0000117,28.82,apple_pay,refunded,2026-06-02 22:33:34
PAY-20260602-0000118,TRP-20260602-0000118,40.43,mada,settled,2026-06-02 17:36:15
PAY-20260602-0000119,TRP-20260602-0000119,72.98,credit_card,settled,2026-06-02 15:18:54
PAY-20260602-0000120,TRP-20260602-0000120,16.25,credit_card,settled,2026-06-02 14:49:26
PAY-20260602-0000121,TRP-20260602-0000121,32.58,mada,settled,2026-06-03 17:21:11
PAY-20260602-0000122,TRP-20260602-0000122,19.57,mada,settled,2026-06-01 22:48:33
PAY-20260602-0000123,TRP-20260602-0000123,111.11,apple_pay,settled,2026-06-03 12:40:13
PAY-20260602-0000124,TRP-20260602-0000124,74.08,cash,settled,2026-06-02 16:38:03
PAY-20260602-0000125,TRP-20260602-0000125,15.51,apple_pay,settled,2026-06-03 01:31:11
PAY-20260602-0000126,TRP-20260602-0000126,36.97,cash,settled,2026-06-02 20:44:46
PAY-20260602-0000127,TRP-20260602-0000127,15.33,credit_card,settled,2026-06-03 14:41:09
PAY-20260602-0000128,TRP-20260602-0000128,22.95,stc_pay,settled,2026-06-02 13:22:59
PAY-20260602-0000129,TRP-20260602-0000129,18.39,cash,settled,2026-06-02 02:47:58
PAY-20260602-0000130,TRP-20260602-0000130,42.70,mada,settled,2026-06-03 16:58:42
PAY-20260602-0000131,TRP-20260602-0000131,95.13,cash,settled,2026-06-02 17:49:12
PAY-20260602-0000132,TRP-20260602-0000132,22.75,credit_card,settled,2026-06-02 05:48:34
PAY-20260602-0000133,TRP-20260602-0000133,82.85,mada,settled,2026-06-01 23:34:09
PAY-20260602-0000134,TRP-20260602-0000134,12.38,mada,settled,2026-06-02 18:12:25
PAY-20260602-0000135,TRP-20260602-0000135,8.00,wallet,settled,2026-06-02 06:11:11
PAY-20260602-0000136,TRP-20260602-0000136,13.43,cash,settled,2026-06-02 02:16:47
PAY-20260602-0000137,TRP-20260602-0000137,15.63,mada,settled,2026-06-02 13:28:27
PAY-20260602-0000138,TRP-20260602-0000138,44.67,credit_card,settled,2026-06-02 15:01:54
PAY-20260602-0000139,TRP-20260602-0000139,65.83,apple_pay,settled,2026-06-02 15:43:41
PAY-20260602-0000140,TRP-20260602-0000140,58.87,stc_pay,settled,2026-06-03 01:45:30
PAY-20260602-0000141,TRP-20260602-0000141,49.17,credit_card,settled,2026-06-02 23:13:05
PAY-20260602-0000142,TRP-20260602-0000142,20.58,mada,settled,2026-06-02 13:46:08
PAY-20260602-0000143,TRP-20260602-0000143,59.07,credit_card,settled,2026-06-02 15:28:59
PAY-20260602-0000144,TRP-20260602-0000144,63.91,credit_card,settled,2026-06-03 09:15:31
PAY-20260602-0000145,TRP-20260602-0000145,21.09,cash,settled,2026-06-02 04:45:17
PAY-20260602-0000146,TRP-20260602-0000146,38.29,mada,settled,2026-06-03 17:16:19
PAY-20260602-0000147,TRP-20260602-0000147,15.86,credit_card,settled,2026-06-02 07:17:05
PAY-20260602-0000148,TRP-20260602-0000148,105.58,wallet,settled,2026-06-02 10:03:06
PAY-20260602-0000149,TRP-20260602-0000149,47.22,credit_card,settled,2026-06-02 12:09:18
PAY-20260602-0000150,TRP-20260602-0000150,27.54,stc_pay,settled,2026-06-02 07:13:28
PAY-20260602-0000151,TRP-20260602-0000151,13.04,mada,settled,2026-06-02 17:54:11
PAY-20260602-0000152,TRP-20260602-0000152,101.03,mada,settled,2026-06-02 16:38:44
PAY-20260602-0000153,TRP-20260602-0000153,26.01,stc_pay,settled,2026-06-02 13:45:39
PAY-20260602-0000154,TRP-20260602-0000154,15.44,credit_card,settled,2026-06-02 03:49:05
PAY-20260602-0000155,TRP-20260602-0000155,128.30,credit_card,settled,2026-06-03 15:16:53
PAY-20260602-0000156,TRP-20260602-0000156,21.76,mada,settled,2026-06-02 07:24:04
PAY-20260602-0000157,TRP-20260602-0000157,84.75,stc_pay,settled,2026-06-02 14:21:48
PAY-20260602-0000158,TRP-20260602-0000158,49.92,apple_pay,settled,2026-06-03 01:47:50
PAY-20260602-0000159,TRP-20260602-0000159,60.24,mada,settled,2026-06-02 12:56:57
PAY-20260602-0000160,TRP-20260602-0000160,21.23,apple_pay,pending,2026-06-02 22:33:37
PAY-20260602-0000161,TRP-20260602-0000161,29.97,apple_pay,settled,2026-06-02 14:08:53
PAY-20260602-0000162,TRP-20260602-0000162,27.42,mada,settled,2026-06-03 15:56:26
PAY-20260602-0000163,TRP-20260602-0000163,47.69,mada,settled,2026-06-03 09:35:24
PAY-20260602-0000164,TRP-20260602-0000164,114.14,apple_pay,settled,2026-06-03 00:04:43
PAY-20260602-0000165,TRP-20260602-0000165,25.25,wallet,settled,2026-06-02 15:19:18
PAY-20260602-0000166,TRP-20260602-0000166,62.24,mada,settled,2026-06-02 19:42:19
PAY-20260602-0000167,TRP-20260602-0000167,32.33,apple_pay,settled,2026-06-02 15:33:21
PAY-20260602-0000168,TRP-20260602-0000168,101.46,credit_card,settled,2026-06-03 03:29:11
PAY-20260602-0000169,TRP-20260602-0000169,24.95,mada,settled,2026-06-02 12:16:46
PAY-20260602-0000170,TRP-20260602-0000170,62.44,apple_pay,settled,2026-06-02 15:02:06
PAY-20260602-0000171,TRP-20260602-0000171,34.50,mada,settled,2026-06-02 19:51:55
PAY-20260602-0000172,TRP-20260602-0000172,27.29,wallet,settled,2026-06-02 19:31:05
PAY-20260602-0000173,TRP-20260602-0000173,10.00,stc_pay,settled,2026-06-02 22:24:56
PAY-20260602-0000174,TRP-20260602-0000174,89.51,mada,settled,2026-06-03 00:05:38
PAY-20260602-0000175,TRP-20260602-0000175,13.99,mada,settled,2026-06-01 22:45:11
PAY-20260602-0000176,TRP-20260602-0000176,27.55,cash,settled,2026-06-02 09:49:43
PAY-20260602-0000177,TRP-20260602-0000177,74.69,cash,settled,2026-06-02 21:08:37
PAY-20260602-0000178,TRP-20260602-0000178,27.42,credit_card,settled,2026-06-02 17:51:08
PAY-20260602-0000179,TRP-20260602-0000179,29.08,credit_card,refunded,2026-06-02 11:32:11
PAY-20260602-0000180,TRP-20260602-0000180,21.99,mada,settled,2026-06-02 03:55:58
PAY-20260602-0000181,TRP-20260602-0000181,22.97,cash,settled,2026-06-02 14:05:02
PAY-20260602-0000182,TRP-20260602-0000182,26.88,mada,settled,2026-06-02 14:29:21
PAY-20260602-0000183,TRP-20260602-0000183,33.57,credit_card,settled,2026-06-02 09:25:54
PAY-20260602-0000184,TRP-20260602-0000184,81.96,credit_card,settled,2026-06-02 20:45:33
PAY-20260602-0000185,TRP-20260602-0000185,34.41,apple_pay,settled,2026-06-03 14:38:29
PAY-20260602-0000186,TRP-20260602-0000186,10.91,cash,settled,2026-06-02 06:17:07
PAY-20260602-0000187,TRP-20260602-0000187,35.99,credit_card,settled,2026-06-02 21:44:13
PAY-20260602-0000188,TRP-20260602-0000188,14.54,mada,settled,2026-06-02 06:44:33
PAY-20260602-0000190,TRP-20260602-0000190,18.58,credit_card,settled,2026-06-03 05:28:49
PAY-20260602-0000191,TRP-20260602-0000191,27.40,apple_pay,settled,2026-06-02 17:05:42
PAY-20260602-0000192,TRP-20260602-0000192,70.84,stc_pay,settled,2026-06-02 12:34:10
PAY-20260602-0000193,TRP-20260602-0000193,213.09,mada,settled,2026-06-02 17:26:11
PAY-20260602-0000194,TRP-20260602-0000194,67.80,mada,settled,2026-06-02 16:27:52
PAY-20260602-0000195,TRP-20260602-0000195,27.65,apple_pay,settled,2026-06-03 13:47:25
PAY-20260602-0000196,TRP-20260602-0000196,31.79,cash,settled,2026-06-02 11:59:29
PAY-20260602-0000197,TRP-20260602-0000197,21.62,mada,settled,2026-06-03 04:52:16
PAY-20260602-0000198,TRP-20260602-0000198,27.41,mada,settled,2026-06-02 17:57:17
PAY-20260602-0000199,TRP-20260602-0000199,85.50,cash,settled,2026-06-02 10:21:34
PAY-20260602-0000200,TRP-20260602-0000200,28.05,mada,pending,2026-06-02 05:00:41
PAY-20260602-0000201,TRP-20260602-0000201,36.88,mada,settled,2026-06-01 22:48:38
PAY-20260602-0000202,TRP-20260602-0000202,40.18,apple_pay,settled,2026-06-02 18:09:59
PAY-20260602-0000203,TRP-20260602-0000203,95.02,cash,settled,2026-06-02 17:48:41
PAY-20260602-0000204,TRP-20260602-0000204,13.63,wallet,settled,2026-06-03 04:28:43
PAY-20260602-0000205,TRP-20260602-0000205,71.01,mada,settled,2026-06-02 17:33:07
PAY-20260602-0000206,TRP-20260602-0000206,21.44,stc_pay,failed,2026-06-02 15:21:57
PAY-20260602-0000207,TRP-20260602-0000207,13.93,cash,settled,2026-06-02 15:50:35
PAY-20260602-0000208,TRP-20260602-0000208,90.69,mada,settled,2026-06-02 16:49:10
PAY-20260602-0000209,TRP-20260602-0000209,6.00,cash,settled,2026-06-02 05:21:35
PAY-20260602-0000210,TRP-20260602-0000210,29.34,mada,settled,2026-06-02 17:13:59
PAY-20260602-0000211,TRP-20260602-0000211,56.98,mada,settled,2026-06-02 23:25:02
PAY-20260602-0000212,TRP-20260602-0000212,18.07,wallet,settled,2026-06-02 05:38:18
PAY-20260602-0000213,TRP-20260602-0000213,62.55,credit_card,settled,2026-06-02 10:06:07
PAY-20260602-0000214,TRP-20260602-0000214,54.54,apple_pay,settled,2026-06-02 06:12:17
PAY-20260602-0000215,TRP-20260602-0000215,80.44,cash,settled,2026-06-02 17:31:15
PAY-20260602-0000216,TRP-20260602-0000216,12.32,mada,settled,2026-06-02 07:15:50
PAY-20260602-0000217,TRP-20260602-0000217,34.03,wallet,settled,2026-06-02 05:26:29
PAY-20260602-0000218,TRP-20260602-0000218,11.51,mada,settled,2026-06-02 09:58:50
PAY-20260602-0000219,TRP-20260602-0000219,10.05,apple_pay,settled,2026-06-02 10:43:38
PAY-20260602-0000220,TRP-20260602-0000220,36.83,cash,settled,2026-06-02 11:24:22
PAY-20260602-0000221,TRP-20260602-0000221,50.71,apple_pay,settled,2026-06-02 11:13:24
PAY-20260602-0000222,TRP-20260602-0000222,48.36,credit_card,settled,2026-06-02 14:36:09
PAY-20260602-0000223,TRP-20260602-0000223,102.39,credit_card,settled,2026-06-02 20:06:44
PAY-20260602-0000224,TRP-20260602-0000224,36.31,cash,settled,2026-06-02 16:14:07
PAY-20260602-0000225,TRP-20260602-0000225,35.31,apple_pay,pending,2026-06-02 05:33:06
PAY-20260602-0000226,TRP-20260602-0000226,20.10,apple_pay,settled,2026-06-03 09:20:37
PAY-20260602-0000227,TRP-20260602-0000227,52.30,stc_pay,pending,2026-06-02 05:38:55
PAY-20260602-0000228,TRP-20260602-0000228,51.09,apple_pay,settled,2026-06-03 06:38:37
PAY-20260602-0000232,TRP-20260602-0000232,14.15,apple_pay,settled,2026-06-03 03:58:42
PAY-20260602-0000233,TRP-20260602-0000233,20.45,cash,settled,2026-06-02 19:44:06
PAY-20260602-0000234,TRP-20260602-0000234,25.24,stc_pay,settled,2026-06-02 09:57:58
PAY-20260602-0000235,TRP-20260602-0000235,20.90,credit_card,settled,2026-06-02 05:53:56
PAY-20260602-0000236,TRP-20260602-0000236,24.95,credit_card,settled,2026-06-02 21:50:15
PAY-20260602-0000237,TRP-20260602-0000237,10.00,mada,settled,2026-06-02 09:50:44
PAY-20260602-0000238,TRP-20260602-0000238,27.78,apple_pay,settled,2026-06-02 19:42:32
PAY-20260602-0000239,TRP-20260602-0000239,23.33,stc_pay,settled,2026-06-03 01:10:56
PAY-20260602-0000240,TRP-20260602-0000240,13.78,mada,settled,2026-06-02 04:48:49
PAY-20260602-0000241,TRP-20260602-0000241,70.04,apple_pay,settled,2026-06-02 12:24:28
PAY-20260602-0000242,TRP-20260602-0000242,51.26,credit_card,settled,2026-06-03 04:07:58
PAY-20260602-0000243,TRP-20260602-0000243,73.15,stc_pay,settled,2026-06-02 17:26:50
PAY-20260602-0000244,TRP-20260602-0000244,14.57,mada,settled,2026-06-02 14:38:06
PAY-20260602-0000245,TRP-20260602-0000245,64.27,cash,settled,2026-06-02 13:26:22
PAY-20260602-0000246,TRP-20260602-0000246,16.80,wallet,settled,2026-06-02 05:24:31
PAY-20260602-0000247,TRP-20260602-0000247,17.94,credit_card,settled,2026-06-02 12:15:55
PAY-20260602-0000248,TRP-20260602-0000248,17.99,wallet,settled,2026-06-03 14:19:49
PAY-20260602-0000249,TRP-20260602-0000249,16.23,mada,settled,2026-06-02 06:16:20
PAY-20260602-0000250,TRP-20260602-0000250,15.20,apple_pay,settled,2026-06-03 06:24:27
PAY-20260602-0000251,TRP-20260602-0000251,20.71,apple_pay,settled,2026-06-02 17:21:25
PAY-20260602-0000252,TRP-20260602-0000252,14.98,stc_pay,settled,2026-06-02 05:10:02
PAY-20260602-0000253,TRP-20260602-0000253,54.50,cash,settled,2026-06-02 04:19:07
PAY-20260602-0000254,TRP-20260602-0000254,26.23,mada,settled,2026-06-02 19:38:29
PAY-20260602-0000255,TRP-20260602-0000255,17.67,wallet,settled,2026-06-02 23:31:00
PAY-20260602-0000256,TRP-20260602-0000256,19.55,wallet,settled,2026-06-02 11:53:46
PAY-20260602-0000257,TRP-20260602-0000257,50.75,cash,settled,2026-06-02 15:05:38
PAY-20260602-0000258,TRP-20260602-0000258,24.50,stc_pay,settled,2026-06-03 07:30:23
PAY-20260602-0000259,TRP-20260602-0000259,53.26,mada,settled,2026-06-02 10:03:03
PAY-20260602-0000260,TRP-20260602-0000260,28.95,mada,settled,2026-06-02 11:56:40
PAY-20260602-0000261,TRP-20260602-0000261,24.48,mada,settled,2026-06-02 14:25:05
PAY-20260602-0000262,TRP-20260602-0000262,20.59,mada,settled,2026-06-03 11:15:28
PAY-20260602-0000263,TRP-20260602-0000263,59.71,cash,settled,2026-06-02 18:20:06
PAY-20260602-0000264,TRP-20260602-0000264,16.87,apple_pay,settled,2026-06-02 09:45:05
PAY-20260602-0000265,TRP-20260602-0000265,79.66,credit_card,settled,2026-06-02 06:28:28
PAY-20260602-0000266,TRP-20260602-0000266,11.94,mada,settled,2026-06-01 22:51:18
PAY-20260602-0000267,TRP-20260602-0000267,82.99,stc_pay,settled,2026-06-02 16:59:43
PAY-20260602-0000268,TRP-20260602-0000268,12.00,apple_pay,settled,2026-06-02 14:59:48
PAY-20260602-0000269,TRP-20260602-0000269,67.79,credit_card,settled,2026-06-02 15:04:42
PAY-20260602-0000270,TRP-20260602-0000270,22.01,mada,settled,2026-06-02 18:33:20
PAY-20260602-0000271,TRP-20260602-0000271,69.26,apple_pay,settled,2026-06-02 00:09:21
PAY-20260602-0000272,TRP-20260602-0000272,32.58,mada,settled,2026-06-02 20:15:12
PAY-20260602-0000274,TRP-20260602-0000274,16.86,apple_pay,settled,2026-06-02 04:34:51
PAY-20260602-0000276,TRP-20260602-0000276,8.00,mada,settled,2026-06-03 04:37:04
PAY-20260602-0000277,TRP-20260602-0000277,26.84,mada,settled,2026-06-02 09:42:44
PAY-20260602-0000278,TRP-20260602-0000278,91.73,apple_pay,settled,2026-06-02 14:46:27
PAY-20260602-0000279,TRP-20260602-0000279,10.00,cash,settled,2026-06-02 16:49:08
PAY-20260602-0000280,TRP-20260602-0000280,19.50,cash,settled,2026-06-02 10:45:56
PAY-20260602-0000281,TRP-20260602-0000281,38.84,stc_pay,settled,2026-06-02 23:53:13
PAY-20260602-0000282,TRP-20260602-0000282,19.96,apple_pay,settled,2026-06-02 13:49:40
PAY-20260602-0000283,TRP-20260602-0000283,13.92,stc_pay,settled,2026-06-02 18:32:53
PAY-20260602-0000284,TRP-20260602-0000284,51.38,credit_card,settled,2026-06-02 20:42:14
PAY-20260602-0000285,TRP-20260602-0000285,20.26,mada,settled,2026-06-02 07:02:29
PAY-20260602-0000286,TRP-20260602-0000286,12.80,mada,settled,2026-06-02 07:28:20
PAY-20260602-0000287,TRP-20260602-0000287,22.20,cash,settled,2026-06-02 19:01:30
PAY-20260602-0000288,TRP-20260602-0000288,70.73,cash,settled,2026-06-02 13:14:56
PAY-20260602-0000289,TRP-20260602-0000289,29.44,apple_pay,settled,2026-06-02 22:13:29
PAY-20260602-0000290,TRP-20260602-0000290,78.07,credit_card,settled,2026-06-03 04:09:19
PAY-20260602-0000291,TRP-20260602-0000291,61.92,mada,settled,2026-06-02 12:03:52
PAY-20260602-0000292,TRP-20260602-0000292,15.98,credit_card,settled,2026-06-02 14:39:24
PAY-20260602-0000293,TRP-20260602-0000293,15.40,mada,settled,2026-06-02 19:13:24
PAY-20260602-0000294,TRP-20260602-0000294,6.00,mada,settled,2026-06-02 06:52:39
PAY-20260602-0000295,TRP-20260602-0000295,39.81,mada,settled,2026-06-02 18:06:00
PAY-20260602-0000296,TRP-20260602-0000296,114.31,mada,settled,2026-06-02 17:54:46
PAY-20260602-0000297,TRP-20260602-0000297,87.08,credit_card,settled,2026-06-02 15:52:27
PAY-20260602-0000298,TRP-20260602-0000298,17.32,mada,settled,2026-06-02 06:41:00
PAY-20260602-0000299,TRP-20260602-0000299,78.54,mada,settled,2026-06-02 15:46:32
PAY-20260602-0000300,TRP-20260602-0000300,28.79,credit_card,settled,2026-06-02 05:58:47
PAY-20260602-0000301,TRP-20260602-0000301,39.23,mada,settled,2026-06-03 00:15:46
PAY-20260602-0000302,TRP-20260602-0000302,10.00,apple_pay,settled,2026-06-02 14:57:06
PAY-20260602-0000303,TRP-20260602-0000303,22.51,mada,settled,2026-06-02 17:07:21
PAY-20260602-0000304,TRP-20260602-0000304,19.44,credit_card,settled,2026-06-02 23:15:19
PAY-20260602-0000305,TRP-20260602-0000305,21.02,stc_pay,settled,2026-06-02 13:49:13
PAY-20260602-0000306,TRP-20260602-0000306,32.26,credit_card,settled,2026-06-02 23:45:07
PAY-20260602-0000307,TRP-20260602-0000307,27.68,cash,settled,2026-06-02 17:36:19
PAY-20260602-0000308,TRP-20260602-0000308,10.00,cash,settled,2026-06-01 21:35:46
PAY-20260602-0000309,TRP-20260602-0000309,170.94,credit_card,settled,2026-06-03 02:31:19
PAY-20260602-0000310,TRP-20260602-0000310,26.52,credit_card,settled,2026-06-02 15:50:29
PAY-20260602-0000311,TRP-20260602-0000311,29.41,credit_card,settled,2026-06-02 04:52:26
PAY-20260602-0000312,TRP-20260602-0000312,17.64,credit_card,settled,2026-06-02 10:18:39
PAY-20260602-0000313,TRP-20260602-0000313,25.80,credit_card,settled,2026-06-02 22:11:33
PAY-20260602-0000314,TRP-20260602-0000314,68.40,cash,settled,2026-06-02 08:39:05
PAY-20260602-0000316,TRP-20260602-0000316,84.52,credit_card,settled,2026-06-02 10:20:04
PAY-20260602-0000317,TRP-20260602-0000317,12.73,mada,settled,2026-06-02 16:01:43
PAY-20260602-0000318,TRP-20260602-0000318,70.17,mada,settled,2026-06-02 15:25:25
PAY-20260602-0000319,TRP-20260602-0000319,6.00,mada,settled,2026-06-02 07:22:34
PAY-20260602-0000320,TRP-20260602-0000320,153.94,stc_pay,settled,2026-06-03 15:03:57
PAY-20260602-0000321,TRP-20260602-0000321,79.26,mada,settled,2026-06-02 21:24:35
PAY-20260602-0000322,TRP-20260602-0000322,16.02,mada,settled,2026-06-03 05:49:21
PAY-20260602-0000323,TRP-20260602-0000323,16.00,mada,settled,2026-06-02 06:47:14
PAY-20260602-0000324,TRP-20260602-0000324,35.23,apple_pay,settled,2026-06-02 19:06:27
PAY-20260602-0000325,TRP-20260602-0000325,17.70,mada,settled,2026-06-03 10:38:06
PAY-20260602-0000326,TRP-20260602-0000326,25.39,mada,settled,2026-06-02 12:48:35
PAY-20260602-0000327,TRP-20260602-0000327,47.59,mada,settled,2026-06-03 02:17:57
PAY-20260602-0000328,TRP-20260602-0000328,38.37,mada,settled,2026-06-02 15:38:58
PAY-20260602-0000329,TRP-20260602-0000329,39.72,cash,settled,2026-06-02 15:39:20
PAY-20260602-0000330,TRP-20260602-0000330,76.57,mada,settled,2026-06-02 10:49:37
PAY-20260602-0000331,TRP-20260602-0000331,38.54,apple_pay,settled,2026-06-02 20:56:21
PAY-20260602-0000332,TRP-20260602-0000332,103.40,stc_pay,settled,2026-06-02 17:16:58
PAY-20260602-0000333,TRP-20260602-0000333,18.74,mada,settled,2026-06-03 08:23:05
PAY-20260602-0000334,TRP-20260602-0000334,26.86,stc_pay,settled,2026-06-02 06:37:12
PAY-20260602-0000335,TRP-20260602-0000335,20.61,cash,settled,2026-06-02 17:54:44
PAY-20260602-0000338,TRP-20260602-0000338,130.91,apple_pay,settled,2026-06-02 20:27:04
PAY-20260602-0000339,TRP-20260602-0000339,68.49,mada,settled,2026-06-02 11:28:22
PAY-20260602-0000340,TRP-20260602-0000340,17.57,credit_card,pending,2026-06-02 19:20:22
PAY-20260602-0000341,TRP-20260602-0000341,65.07,credit_card,settled,2026-06-02 15:13:58
PAY-20260602-0000342,TRP-20260602-0000342,19.01,mada,settled,2026-06-02 08:28:30
PAY-20260602-0000343,TRP-20260602-0000343,70.15,stc_pay,settled,2026-06-02 17:30:18
PAY-20260602-0000344,TRP-20260602-0000344,53.02,stc_pay,settled,2026-06-02 20:06:28
PAY-20260602-0000345,TRP-20260602-0000345,17.81,mada,settled,2026-06-02 14:07:03
PAY-20260602-0000346,TRP-20260602-0000346,50.34,cash,settled,2026-06-02 00:56:25
PAY-20260602-0000347,TRP-20260602-0000347,80.11,cash,settled,2026-06-02 08:40:57
PAY-20260602-0000348,TRP-20260602-0000348,129.21,wallet,settled,2026-06-02 12:00:53
PAY-20260602-0000349,TRP-20260602-0000349,26.52,apple_pay,settled,2026-06-02 16:19:01
PAY-20260602-0000350,TRP-20260602-0000350,24.33,credit_card,settled,2026-06-03 07:39:56
PAY-20260602-0000351,TRP-20260602-0000351,12.67,cash,settled,2026-06-02 05:06:25
PAY-20260602-0000352,TRP-20260602-0000352,43.62,credit_card,settled,2026-06-02 21:41:15
PAY-20260602-0000353,TRP-20260602-0000353,68.32,mada,settled,2026-06-02 13:52:51
PAY-20260602-0000354,TRP-20260602-0000354,33.97,mada,settled,2026-06-02 13:39:51
PAY-20260602-0000355,TRP-20260602-0000355,14.04,apple_pay,settled,2026-06-02 17:37:22
PAY-20260602-0000356,TRP-20260602-0000356,13.37,credit_card,settled,2026-06-02 14:48:11
PAY-20260602-0000357,TRP-20260602-0000357,6.00,credit_card,settled,2026-06-03 00:37:14
PAY-20260602-0000358,TRP-20260602-0000358,17.30,wallet,settled,2026-06-03 06:13:35
PAY-20260602-0000359,TRP-20260602-0000359,21.68,credit_card,settled,2026-06-02 10:04:04
PAY-20260602-0000360,TRP-20260602-0000360,20.29,mada,settled,2026-06-02 21:37:23
PAY-20260602-0000361,TRP-20260602-0000361,70.68,credit_card,settled,2026-06-02 11:20:36
PAY-20260602-0000362,TRP-20260602-0000362,27.49,mada,settled,2026-06-02 06:48:14
PAY-20260602-0000363,TRP-20260602-0000363,18.16,wallet,settled,2026-06-03 06:09:18
PAY-20260602-0000364,TRP-20260602-0000364,6.00,cash,settled,2026-06-02 20:16:16
PAY-20260602-0000366,TRP-20260602-0000366,31.45,mada,failed,2026-06-03 14:37:14
PAY-20260602-0000367,TRP-20260602-0000367,11.77,mada,settled,2026-06-02 14:21:38
PAY-20260602-0000368,TRP-20260602-0000368,47.18,mada,settled,2026-06-02 18:23:20
PAY-20260602-0000369,TRP-20260602-0000369,23.55,mada,settled,2026-06-03 06:42:19
PAY-20260602-0000370,TRP-20260602-0000370,37.44,stc_pay,settled,2026-06-02 05:51:34
PAY-20260602-0000371,TRP-20260602-0000371,25.94,stc_pay,settled,2026-06-02 19:13:00
PAY-20260602-0000372,TRP-20260602-0000372,21.81,stc_pay,pending,2026-06-02 23:55:33
PAY-20260602-0000373,TRP-20260602-0000373,103.48,mada,settled,2026-06-02 19:18:08
PAY-20260602-0000374,TRP-20260602-0000374,10.00,apple_pay,settled,2026-06-03 13:17:00
PAY-20260602-0000375,TRP-20260602-0000375,73.59,credit_card,settled,2026-06-03 08:50:40
PAY-20260602-0000376,TRP-20260602-0000376,18.53,mada,settled,2026-06-01 21:56:04
PAY-20260602-0000377,TRP-20260602-0000377,93.97,mada,settled,2026-06-03 03:13:38
PAY-20260602-0000378,TRP-20260602-0000378,109.11,stc_pay,settled,2026-06-02 18:44:13
PAY-20260602-0000379,TRP-20260602-0000379,15.03,mada,failed,2026-06-02 11:41:09
PAY-20260602-0000380,TRP-20260602-0000380,101.18,credit_card,settled,2026-06-02 13:56:09
PAY-20260602-0000381,TRP-20260602-0000381,23.35,mada,settled,2026-06-02 19:15:17
PAY-20260602-0000382,TRP-20260602-0000382,20.57,apple_pay,settled,2026-06-02 11:41:47
PAY-20260602-0000383,TRP-20260602-0000383,25.04,mada,settled,2026-06-02 23:52:43
PAY-20260602-0000384,TRP-20260602-0000384,59.58,credit_card,settled,2026-06-03 05:16:17
PAY-20260602-0000385,TRP-20260602-0000385,24.42,mada,settled,2026-06-02 05:45:58
PAY-20260602-0000386,TRP-20260602-0000386,39.69,mada,settled,2026-06-02 13:00:12
PAY-20260602-0000387,TRP-20260602-0000387,15.05,mada,refunded,2026-06-02 14:59:54
PAY-20260602-0000389,TRP-20260602-0000389,81.98,credit_card,settled,2026-06-02 15:38:56
PAY-20260602-0000390,TRP-20260602-0000390,22.68,mada,settled,2026-06-02 20:12:51
PAY-20260602-0000391,TRP-20260602-0000391,75.83,mada,settled,2026-06-03 00:56:30
PAY-20260602-0000392,TRP-20260602-0000392,65.29,cash,settled,2026-06-02 16:56:59
PAY-20260602-0000393,TRP-20260602-0000393,114.85,credit_card,pending,2026-06-02 09:04:04
PAY-20260602-0000394,TRP-20260602-0000394,16.40,credit_card,settled,2026-06-02 05:22:02
PAY-20260602-0000395,TRP-20260602-0000395,56.92,mada,settled,2026-06-02 18:36:48
PAY-20260602-0000396,TRP-20260602-0000396,75.71,apple_pay,settled,2026-06-02 14:21:41
PAY-20260602-0000397,TRP-20260602-0000397,10.00,cash,settled,2026-06-02 10:02:20
PAY-20260602-0000399,TRP-20260602-0000399,102.16,apple_pay,settled,2026-06-03 11:15:55
PAY-20260602-0000400,TRP-20260602-0000400,20.26,mada,settled,2026-06-02 04:42:53
PAY-20260602-0000401,TRP-20260602-0000401,15.95,credit_card,settled,2026-06-03 07:41:25
PAY-20260602-0000402,TRP-20260602-0000402,68.05,stc_pay,settled,2026-06-02 16:30:54
PAY-20260602-0000403,TRP-20260602-0000403,18.02,cash,settled,2026-06-02 17:33:18
PAY-20260602-0000404,TRP-20260602-0000404,24.67,wallet,settled,2026-06-02 07:17:09
PAY-20260602-0000405,TRP-20260602-0000405,37.06,credit_card,settled,2026-06-02 15:00:07
PAY-20260602-0000406,TRP-20260602-0000406,69.35,mada,settled,2026-06-02 09:12:34
PAY-20260602-0000407,TRP-20260602-0000407,85.58,mada,settled,2026-06-02 08:53:26
PAY-20260602-0000408,TRP-20260602-0000408,12.48,mada,settled,2026-06-02 20:37:19
PAY-20260602-0000409,TRP-20260602-0000409,30.53,apple_pay,settled,2026-06-02 13:28:09
PAY-20260602-0000410,TRP-20260602-0000410,23.57,cash,settled,2026-06-02 10:10:27
PAY-20260602-0000411,TRP-20260602-0000411,35.61,mada,settled,2026-06-02 15:17:33
PAY-20260602-0000412,TRP-20260602-0000412,23.44,apple_pay,settled,2026-06-02 12:35:23
PAY-20260602-0000413,TRP-20260602-0000413,103.10,mada,settled,2026-06-03 01:04:08
PAY-20260602-0000414,TRP-20260602-0000414,123.66,mada,settled,2026-06-02 17:27:29
PAY-20260602-0000415,TRP-20260602-0000415,15.34,mada,settled,2026-06-02 17:14:52
PAY-20260602-0000416,TRP-20260602-0000416,23.04,mada,settled,2026-06-03 00:55:25
PAY-20260602-0000418,TRP-20260602-0000418,40.45,cash,settled,2026-06-02 16:27:43
PAY-20260602-0000419,TRP-20260602-0000419,36.90,credit_card,settled,2026-06-02 23:37:08
PAY-20260602-0000420,TRP-20260602-0000420,38.27,cash,settled,2026-06-02 06:52:23
PAY-20260602-0000421,TRP-20260602-0000421,14.17,apple_pay,settled,2026-06-02 06:58:01
PAY-20260602-0000422,TRP-20260602-0000422,29.47,mada,settled,2026-06-02 15:35:06
PAY-20260602-0000423,TRP-20260602-0000423,24.19,cash,settled,2026-06-02 09:36:11
PAY-20260602-0000424,TRP-20260602-0000424,128.64,cash,settled,2026-06-02 15:30:03
PAY-20260602-0000425,TRP-20260602-0000425,20.27,mada,settled,2026-06-03 11:00:02
PAY-20260602-0000426,TRP-20260602-0000426,21.41,credit_card,settled,2026-06-02 17:21:30
PAY-20260602-0000427,TRP-20260602-0000427,24.09,cash,settled,2026-06-02 06:01:56
PAY-20260602-0000428,TRP-20260602-0000428,57.18,mada,settled,2026-06-02 09:46:43
PAY-20260602-0000429,TRP-20260602-0000429,20.78,cash,settled,2026-06-02 15:16:57
PAY-20260602-0000430,TRP-20260602-0000430,35.82,mada,settled,2026-06-02 19:19:27
PAY-20260602-0000431,TRP-20260602-0000431,17.19,apple_pay,settled,2026-06-02 20:50:54
PAY-20260602-0000432,TRP-20260602-0000432,39.43,cash,settled,2026-06-02 12:55:42
PAY-20260602-0000433,TRP-20260602-0000433,120.89,mada,settled,2026-06-02 21:05:56
PAY-20260602-0000434,TRP-20260602-0000434,26.25,credit_card,settled,2026-06-02 08:19:16
PAY-20260602-0000435,TRP-20260602-0000435,143.25,mada,settled,2026-06-02 03:08:27
PAY-20260602-0000436,TRP-20260602-0000436,22.67,mada,settled,2026-06-02 19:59:01
PAY-20260602-0000437,TRP-20260602-0000437,31.56,wallet,settled,2026-06-02 20:18:16
PAY-20260602-0000438,TRP-20260602-0000438,13.09,apple_pay,settled,2026-06-02 05:11:34
PAY-20260602-0000439,TRP-20260602-0000439,31.73,stc_pay,settled,2026-06-02 09:35:53
PAY-20260602-0000440,TRP-20260602-0000440,20.44,credit_card,settled,2026-06-02 05:23:09
PAY-20260602-0000441,TRP-20260602-0000441,18.51,apple_pay,settled,2026-06-02 21:58:53
PAY-20260602-0000442,TRP-20260602-0000442,12.00,mada,settled,2026-06-02 18:02:19
PAY-20260602-0000443,TRP-20260602-0000443,135.24,mada,settled,2026-06-02 17:25:52
PAY-20260602-0000444,TRP-20260602-0000444,25.25,mada,settled,2026-06-03 05:08:22
PAY-20260602-0000445,TRP-20260602-0000445,40.70,mada,settled,2026-06-02 15:41:28
PAY-20260602-0000446,TRP-20260602-0000446,27.78,cash,settled,2026-06-02 15:58:32
PAY-20260602-0000447,TRP-20260602-0000447,79.25,mada,settled,2026-06-02 13:30:44
PAY-20260602-0000448,TRP-20260602-0000448,26.60,mada,settled,2026-06-03 04:27:16
PAY-20260602-0000449,TRP-20260602-0000449,33.75,mada,settled,2026-06-02 15:59:39
PAY-20260602-0000450,TRP-20260602-0000450,73.16,cash,settled,2026-06-02 08:34:47
PAY-20260602-0000451,TRP-20260602-0000451,12.00,credit_card,settled,2026-06-02 13:48:22
PAY-20260602-0000452,TRP-20260602-0000452,111.43,credit_card,settled,2026-06-02 16:07:40
PAY-20260602-0000453,TRP-20260602-0000453,80.77,stc_pay,settled,2026-06-02 11:15:10
PAY-20260602-0000454,TRP-20260602-0000454,97.51,mada,settled,2026-06-02 21:27:42
PAY-20260602-0000455,TRP-20260602-0000455,26.63,credit_card,settled,2026-06-02 15:13:28
PAY-20260602-0000456,TRP-20260602-0000456,25.77,cash,settled,2026-06-02 16:48:02
PAY-20260602-0000457,TRP-20260602-0000457,14.98,cash,settled,2026-06-02 13:43:49
PAY-20260602-0000458,TRP-20260602-0000458,35.09,mada,settled,2026-06-02 20:50:01
PAY-20260602-0000459,TRP-20260602-0000459,80.15,apple_pay,settled,2026-06-02 22:35:42
PAY-20260602-0000460,TRP-20260602-0000460,23.10,wallet,settled,2026-06-02 13:20:17
PAY-20260602-0000461,TRP-20260602-0000461,17.86,apple_pay,settled,2026-06-02 06:07:51
PAY-20260602-0000462,TRP-20260602-0000462,33.68,stc_pay,settled,2026-06-02 15:01:15
PAY-20260602-0000463,TRP-20260602-0000463,13.29,stc_pay,settled,2026-06-02 22:06:00
PAY-20260602-0000464,TRP-20260602-0000464,45.66,credit_card,settled,2026-06-02 17:35:03
PAY-20260602-0000465,TRP-20260602-0000465,106.45,apple_pay,settled,2026-06-02 20:04:21
PAY-20260602-0000466,TRP-20260602-0000466,83.04,mada,settled,2026-06-02 08:01:49
PAY-20260602-0000467,TRP-20260602-0000467,55.89,stc_pay,settled,2026-06-02 16:51:10
PAY-20260602-0000468,TRP-20260602-0000468,57.33,credit_card,settled,2026-06-02 15:26:17
PAY-20260602-0000469,TRP-20260602-0000469,42.42,credit_card,settled,2026-06-02 21:39:42
PAY-20260602-0000470,TRP-20260602-0000470,30.12,mada,settled,2026-06-03 04:00:29
PAY-20260602-0000471,TRP-20260602-0000471,12.00,credit_card,settled,2026-06-02 20:15:27
PAY-20260602-0000472,TRP-20260602-0000472,20.56,wallet,settled,2026-06-02 20:39:50
PAY-20260602-0000473,TRP-20260602-0000473,21.27,mada,settled,2026-06-02 06:19:55
PAY-20260602-0000474,TRP-20260602-0000474,72.43,mada,settled,2026-06-03 13:01:07
PAY-20260602-0000476,TRP-20260602-0000476,24.71,credit_card,settled,2026-06-02 07:18:41
PAY-20260602-0000477,TRP-20260602-0000477,60.28,mada,settled,2026-06-02 20:23:44
PAY-20260602-0000478,TRP-20260602-0000478,58.95,stc_pay,settled,2026-06-02 16:33:10
PAY-20260602-0000479,TRP-20260602-0000479,56.48,mada,settled,2026-06-02 06:37:46
PAY-20260602-0000480,TRP-20260602-0000480,41.10,apple_pay,settled,2026-06-02 06:58:57
PAY-20260602-0000481,TRP-20260602-0000481,18.42,credit_card,settled,2026-06-02 18:16:30
PAY-20260602-0000482,TRP-20260602-0000482,24.15,credit_card,settled,2026-06-02 13:40:22
PAY-20260602-0000483,TRP-20260602-0000483,16.71,credit_card,settled,2026-06-02 07:46:53
PAY-20260602-0000484,TRP-20260602-0000484,19.30,mada,settled,2026-06-02 09:15:26
PAY-20260602-0000485,TRP-20260602-0000485,59.67,mada,settled,2026-06-02 08:10:29
PAY-20260602-0000486,TRP-20260602-0000486,28.58,apple_pay,settled,2026-06-02 16:08:38
PAY-20260602-0000487,TRP-20260602-0000487,18.89,mada,settled,2026-06-03 10:00:28
PAY-20260602-0000488,TRP-20260602-0000488,29.92,credit_card,settled,2026-06-02 23:00:51
PAY-20260602-0000489,TRP-20260602-0000489,108.62,credit_card,settled,2026-06-03 03:24:43
PAY-20260602-0000490,TRP-20260602-0000490,15.16,apple_pay,settled,2026-06-02 12:48:25
PAY-20260602-0000491,TRP-20260602-0000491,26.23,mada,settled,2026-06-03 03:33:19
PAY-20260602-0000492,TRP-20260602-0000492,11.00,wallet,settled,2026-06-02 12:23:36
PAY-20260602-0000493,TRP-20260602-0000493,161.38,apple_pay,settled,2026-06-02 17:43:21
PAY-20260602-0000494,TRP-20260602-0000494,20.57,credit_card,settled,2026-06-03 14:22:26
PAY-20260602-0000495,TRP-20260602-0000495,28.22,credit_card,settled,2026-06-02 10:39:56
PAY-20260602-0000496,TRP-20260602-0000496,69.99,stc_pay,settled,2026-06-02 17:29:15
PAY-20260602-0000497,TRP-20260602-0000497,43.95,mada,settled,2026-06-02 15:48:56
PAY-20260602-0000498,TRP-20260602-0000498,31.75,credit_card,settled,2026-06-02 19:11:25
PAY-20260602-0000499,TRP-20260602-0000499,62.21,credit_card,settled,2026-06-02 19:57:15
PAY-20260602-0000500,TRP-20260602-0000500,33.75,credit_card,settled,2026-06-02 15:47:47
PAY-20260602-0000501,TRP-20260602-0000501,11.00,mada,settled,2026-06-02 07:19:12
PAY-20260602-0000502,TRP-20260602-0000502,60.46,cash,settled,2026-06-02 12:06:03
PAY-20260602-0000503,TRP-20260602-0000503,21.62,stc_pay,settled,2026-06-02 11:09:42
PAY-20260602-0000504,TRP-20260602-0000504,21.89,stc_pay,settled,2026-06-02 07:34:34
PAY-20260602-0000505,TRP-20260602-0000505,22.07,mada,pending,2026-06-02 05:58:17
PAY-20260602-0000506,TRP-20260602-0000506,12.00,mada,settled,2026-06-02 08:07:34
PAY-20260602-0000507,TRP-20260602-0000507,15.91,credit_card,settled,2026-06-02 09:52:55
PAY-20260602-0000508,TRP-20260602-0000508,87.84,mada,refunded,2026-06-02 10:12:59
PAY-20260602-0000509,TRP-20260602-0000509,120.42,cash,settled,2026-06-02 16:50:41
PAY-20260602-0000510,TRP-20260602-0000510,15.26,wallet,settled,2026-06-03 08:23:22
PAY-20260602-0000511,TRP-20260602-0000511,40.68,mada,settled,2026-06-02 12:23:32
PAY-20260602-0000512,TRP-20260602-0000512,99.61,cash,settled,2026-06-02 16:44:45
PAY-20260602-0000513,TRP-20260602-0000513,19.68,credit_card,settled,2026-06-03 11:16:28
PAY-20260602-0000514,TRP-20260602-0000514,23.87,apple_pay,settled,2026-06-02 16:11:09
PAY-20260602-0000515,TRP-20260602-0000515,61.49,cash,settled,2026-06-02 08:36:58
PAY-20260602-0000516,TRP-20260602-0000516,21.41,cash,settled,2026-06-02 15:35:33
PAY-20260602-0000517,TRP-20260602-0000517,65.44,stc_pay,settled,2026-06-02 22:55:26
PAY-20260602-0000518,TRP-20260602-0000518,12.00,credit_card,settled,2026-06-02 18:41:37
PAY-20260602-0000519,TRP-20260602-0000519,102.51,mada,settled,2026-06-02 17:40:02
PAY-20260602-0000520,TRP-20260602-0000520,166.49,credit_card,settled,2026-06-02 10:00:53
PAY-20260602-0000521,TRP-20260602-0000521,74.94,wallet,settled,2026-06-03 06:48:21
PAY-20260602-0000522,TRP-20260602-0000522,65.32,cash,settled,2026-06-02 14:32:18
PAY-20260602-0000523,TRP-20260602-0000523,10.58,mada,settled,2026-06-02 16:05:17
PAY-20260602-0000524,TRP-20260602-0000524,16.80,mada,settled,2026-06-02 16:39:02
PAY-20260602-0000525,TRP-20260602-0000525,27.45,credit_card,settled,2026-06-02 04:25:50
PAY-20260602-0000526,TRP-20260602-0000526,21.07,credit_card,settled,2026-06-02 04:25:34
PAY-20260602-0000527,TRP-20260602-0000527,58.69,apple_pay,settled,2026-06-02 09:03:51
PAY-20260602-0000528,TRP-20260602-0000528,44.47,credit_card,settled,2026-06-01 22:59:54
PAY-20260602-0000529,TRP-20260602-0000529,83.90,credit_card,settled,2026-06-02 12:04:03
PAY-20260602-0000530,TRP-20260602-0000530,22.05,cash,settled,2026-06-02 16:11:25
PAY-20260602-0000531,TRP-20260602-0000531,46.05,wallet,settled,2026-06-02 16:39:46
PAY-20260602-0000532,TRP-20260602-0000532,10.00,credit_card,settled,2026-06-02 06:41:13
PAY-20260602-0000533,TRP-20260602-0000533,27.44,mada,settled,2026-06-02 10:35:14
PAY-20260602-0000534,TRP-20260602-0000534,24.49,stc_pay,settled,2026-06-03 13:38:00
PAY-20260602-0000535,TRP-20260602-0000535,67.53,mada,settled,2026-06-03 05:02:48
PAY-20260602-0000536,TRP-20260602-0000536,25.40,cash,settled,2026-06-02 05:49:23
PAY-20260602-0000537,TRP-20260602-0000537,71.73,mada,settled,2026-06-02 06:53:58
PAY-20260602-0000539,TRP-20260602-0000539,77.42,mada,settled,2026-06-02 10:21:00
PAY-20260602-0000541,TRP-20260602-0000541,126.46,wallet,settled,2026-06-02 06:56:41
PAY-20260602-0000542,TRP-20260602-0000542,62.98,stc_pay,settled,2026-06-02 15:13:41
PAY-20260602-0000543,TRP-20260602-0000543,44.45,mada,settled,2026-06-02 14:15:56
PAY-20260602-0000544,TRP-20260602-0000544,53.94,mada,settled,2026-06-02 08:12:09
PAY-20260602-0000545,TRP-20260602-0000545,35.50,credit_card,settled,2026-06-02 08:47:09
PAY-20260602-0000546,TRP-20260602-0000546,23.69,apple_pay,settled,2026-06-02 15:56:09
PAY-20260602-0000547,TRP-20260602-0000547,14.81,cash,settled,2026-06-02 14:07:15
PAY-20260602-0000548,TRP-20260602-0000548,10.00,credit_card,settled,2026-06-02 10:36:38
PAY-20260602-0000549,TRP-20260602-0000549,6.00,mada,settled,2026-06-02 17:54:20
PAY-20260602-0000550,TRP-20260602-0000550,35.69,credit_card,settled,2026-06-02 06:11:04
PAY-20260602-0000551,TRP-20260602-0000551,27.17,mada,settled,2026-06-02 13:11:52
PAY-20260602-0000552,TRP-20260602-0000552,49.28,mada,settled,2026-06-03 05:57:04
PAY-20260602-0000553,TRP-20260602-0000553,20.12,apple_pay,settled,2026-06-02 05:33:42
PAY-20260602-0000554,TRP-20260602-0000554,56.43,mada,settled,2026-06-02 15:59:36
PAY-20260602-0000555,TRP-20260602-0000555,10.00,mada,settled,2026-06-02 19:27:39
PAY-20260602-0000556,TRP-20260602-0000556,36.20,mada,settled,2026-06-03 11:03:31
PAY-20260602-0000557,TRP-20260602-0000557,24.33,mada,settled,2026-06-02 19:56:25
PAY-20260602-0000558,TRP-20260602-0000558,24.63,wallet,settled,2026-06-02 12:43:26
PAY-20260602-0000559,TRP-20260602-0000559,32.30,credit_card,settled,2026-06-02 08:13:25
PAY-20260602-0000560,TRP-20260602-0000560,48.59,apple_pay,settled,2026-06-02 18:12:26
PAY-20260602-0000561,TRP-20260602-0000561,10.00,cash,settled,2026-06-02 12:23:56
PAY-20260602-0000562,TRP-20260602-0000562,18.86,mada,settled,2026-06-03 00:02:16
PAY-20260602-0000563,TRP-20260602-0000563,30.47,wallet,settled,2026-06-02 04:59:18
PAY-20260602-0000564,TRP-20260602-0000564,8.00,mada,settled,2026-06-02 08:58:48
PAY-20260602-0000565,TRP-20260602-0000565,71.71,mada,settled,2026-06-02 13:01:45
PAY-20260602-0000566,TRP-20260602-0000566,14.50,mada,settled,2026-06-02 19:33:45
PAY-20260602-0000567,TRP-20260602-0000567,20.70,credit_card,settled,2026-06-02 04:49:10
PAY-20260602-0000568,TRP-20260602-0000568,20.08,mada,settled,2026-06-02 11:32:59
PAY-20260602-0000569,TRP-20260602-0000569,42.44,mada,settled,2026-06-03 20:06:15
PAY-20260602-0000570,TRP-20260602-0000570,35.72,credit_card,settled,2026-06-02 13:00:04
PAY-20260602-0000571,TRP-20260602-0000571,30.69,mada,settled,2026-06-02 12:09:26
PAY-20260602-0000572,TRP-20260602-0000572,26.36,mada,settled,2026-06-02 16:36:16
PAY-20260602-0000573,TRP-20260602-0000573,12.86,mada,settled,2026-06-02 06:47:47
PAY-20260602-0000574,TRP-20260602-0000574,12.00,mada,settled,2026-06-02 20:23:29
PAY-20260602-0000575,TRP-20260602-0000575,24.83,credit_card,settled,2026-06-03 00:59:54
PAY-20260602-0000576,TRP-20260602-0000576,20.29,credit_card,settled,2026-06-02 00:00:50
PAY-20260602-0000577,TRP-20260602-0000577,6.00,mada,settled,2026-06-02 05:45:34
PAY-20260602-0000578,TRP-20260602-0000578,46.79,apple_pay,settled,2026-06-02 16:39:26
PAY-20260602-0000579,TRP-20260602-0000579,67.45,apple_pay,settled,2026-06-03 08:45:26
PAY-20260602-0000580,TRP-20260602-0000580,19.64,cash,settled,2026-06-02 17:00:42
PAY-20260602-0000581,TRP-20260602-0000581,25.24,mada,settled,2026-06-02 22:14:19
PAY-20260602-0000582,TRP-20260602-0000582,44.14,stc_pay,settled,2026-06-02 22:05:01
PAY-20260602-0000583,TRP-20260602-0000583,17.37,credit_card,settled,2026-06-02 09:40:30
PAY-20260602-0000584,TRP-20260602-0000584,22.48,credit_card,settled,2026-06-02 15:26:22
PAY-20260602-0000585,TRP-20260602-0000585,10.46,cash,settled,2026-06-02 08:26:53
PAY-20260602-0000586,TRP-20260602-0000586,64.35,mada,settled,2026-06-02 05:01:33
PAY-20260602-0000587,TRP-20260602-0000587,58.20,mada,settled,2026-06-02 12:03:10
PAY-20260602-0000588,TRP-20260602-0000588,23.12,apple_pay,settled,2026-06-02 09:25:01
PAY-20260602-0000589,TRP-20260602-0000589,14.73,mada,settled,2026-06-02 10:06:40
PAY-20260602-0000590,TRP-20260602-0000590,19.67,apple_pay,settled,2026-06-02 14:22:45
PAY-20260602-0000591,TRP-20260602-0000591,78.83,wallet,settled,2026-06-02 20:36:38
PAY-20260602-0000592,TRP-20260602-0000592,33.16,stc_pay,settled,2026-06-02 11:03:13
PAY-20260602-0000593,TRP-20260602-0000593,32.70,mada,settled,2026-06-02 21:00:37
PAY-20260602-0000594,TRP-20260602-0000594,66.46,cash,settled,2026-06-02 05:41:55
PAY-20260602-0000595,TRP-20260602-0000595,17.20,credit_card,settled,2026-06-02 11:28:33
PAY-20260602-0000596,TRP-20260602-0000596,60.38,mada,settled,2026-06-02 13:22:02
PAY-20260602-0000597,TRP-20260602-0000597,41.78,mada,settled,2026-06-03 05:33:41
PAY-20260602-0000598,TRP-20260602-0000598,39.88,cash,settled,2026-06-02 14:01:36
PAY-20260602-0000599,TRP-20260602-0000599,11.00,mada,settled,2026-06-02 18:34:19
PAY-20260602-0000600,TRP-20260602-0000600,129.35,cash,settled,2026-06-02 16:41:32
PAY-20260602-0000601,TRP-20260602-0000601,50.79,cash,settled,2026-06-02 09:14:44
PAY-20260602-0000602,TRP-20260602-0000602,16.66,wallet,settled,2026-06-02 19:18:27
PAY-20260602-0000603,TRP-20260602-0000603,16.44,credit_card,settled,2026-06-02 02:07:44
PAY-20260602-0000604,TRP-20260602-0000604,22.62,mada,settled,2026-06-03 10:48:49
PAY-20260602-0000605,TRP-20260602-0000605,6.00,cash,settled,2026-06-02 09:28:14
PAY-20260602-0000606,TRP-20260602-0000606,45.60,stc_pay,settled,2026-06-02 08:18:28
PAY-20260602-0000608,TRP-20260602-0000608,49.86,mada,settled,2026-06-02 11:23:51
PAY-20260602-0000609,TRP-20260602-0000609,6.00,cash,settled,2026-06-02 15:20:10
PAY-20260602-0000610,TRP-20260602-0000610,32.69,mada,settled,2026-06-03 02:50:40
PAY-20260602-0000611,TRP-20260602-0000611,18.19,apple_pay,settled,2026-06-02 11:52:31
PAY-20260602-0000612,TRP-20260602-0000612,47.32,mada,settled,2026-06-02 08:12:11
PAY-20260602-0000613,TRP-20260602-0000613,17.32,credit_card,settled,2026-06-02 21:08:36
PAY-20260602-0000614,TRP-20260602-0000614,90.47,credit_card,pending,2026-06-02 18:07:18
PAY-20260602-0000615,TRP-20260602-0000615,14.62,stc_pay,settled,2026-06-02 14:55:25
PAY-20260602-0000616,TRP-20260602-0000616,25.76,credit_card,settled,2026-06-02 06:06:38
PAY-20260602-0000617,TRP-20260602-0000617,11.00,mada,settled,2026-06-02 04:54:30
PAY-20260602-0000618,TRP-20260602-0000618,42.72,mada,settled,2026-06-02 15:30:34
PAY-20260602-0000619,TRP-20260602-0000619,80.06,mada,settled,2026-06-02 05:50:27
PAY-20260602-0000620,TRP-20260602-0000620,30.78,mada,settled,2026-06-02 18:24:33
PAY-20260602-0000621,TRP-20260602-0000621,26.65,cash,settled,2026-06-02 13:59:53
PAY-20260602-0000622,TRP-20260602-0000622,31.22,cash,settled,2026-06-02 07:59:49
PAY-20260602-0000623,TRP-20260602-0000623,22.28,credit_card,settled,2026-06-02 04:23:37
PAY-20260602-0000624,TRP-20260602-0000624,60.46,cash,settled,2026-06-02 09:08:07
PAY-20260602-0000625,TRP-20260602-0000625,58.96,credit_card,settled,2026-06-02 16:43:33
PAY-20260602-0000626,TRP-20260602-0000626,43.15,credit_card,settled,2026-06-02 15:01:33
PAY-20260602-0000627,TRP-20260602-0000627,18.48,cash,settled,2026-06-02 09:48:35
PAY-20260602-0000628,TRP-20260602-0000628,37.06,cash,settled,2026-06-02 19:44:15
PAY-20260602-0000629,TRP-20260602-0000629,58.30,credit_card,settled,2026-06-02 07:31:07
PAY-20260602-0000630,TRP-20260602-0000630,46.47,credit_card,settled,2026-06-02 15:08:49
PAY-20260602-0000631,TRP-20260602-0000631,55.22,cash,settled,2026-06-02 04:44:36
PAY-20260602-0000632,TRP-20260602-0000632,41.76,stc_pay,settled,2026-06-02 21:19:35
PAY-20260602-0000633,TRP-20260602-0000633,61.56,apple_pay,settled,2026-06-03 11:26:42
PAY-20260602-0000634,TRP-20260602-0000634,25.84,apple_pay,settled,2026-06-02 20:11:42
PAY-20260602-0000635,TRP-20260602-0000635,27.67,cash,settled,2026-06-02 15:24:40
PAY-20260602-0000636,TRP-20260602-0000636,19.23,wallet,settled,2026-06-02 13:20:29
PAY-20260602-0000637,TRP-20260602-0000637,50.28,stc_pay,settled,2026-06-02 21:22:12
PAY-20260602-0000638,TRP-20260602-0000638,34.09,credit_card,settled,2026-06-02 15:01:43
PAY-20260602-0000639,TRP-20260602-0000639,28.79,mada,settled,2026-06-01 23:31:47
PAY-20260602-0000640,TRP-20260602-0000640,24.88,wallet,settled,2026-06-02 16:03:06
PAY-20260602-0000641,TRP-20260602-0000641,11.09,mada,settled,2026-06-02 15:25:20
PAY-20260602-0000642,TRP-20260602-0000642,24.85,mada,settled,2026-06-02 16:34:03
PAY-20260602-0000644,TRP-20260602-0000644,160.88,stc_pay,settled,2026-06-02 18:02:33
PAY-20260602-0000645,TRP-20260602-0000645,108.96,stc_pay,settled,2026-06-02 15:20:24
PAY-20260602-0000646,TRP-20260602-0000646,26.25,mada,settled,2026-06-02 21:46:17
PAY-20260602-0000647,TRP-20260602-0000647,11.63,mada,settled,2026-06-02 17:46:27
PAY-20260602-0000648,TRP-20260602-0000648,11.53,credit_card,settled,2026-06-02 19:42:38
PAY-20260602-0000649,TRP-20260602-0000649,41.30,cash,settled,2026-06-02 15:56:31
PAY-20260602-0000650,TRP-20260602-0000650,15.37,credit_card,settled,2026-06-02 04:45:27
PAY-20260602-0000651,TRP-20260602-0000651,16.44,apple_pay,settled,2026-06-01 22:10:03
PAY-20260602-0000652,TRP-20260602-0000652,77.83,cash,settled,2026-06-02 11:48:20
PAY-20260602-0000653,TRP-20260602-0000653,11.05,mada,settled,2026-06-02 05:03:19
PAY-20260602-0000654,TRP-20260602-0000654,25.42,apple_pay,settled,2026-06-02 21:32:14
PAY-20260602-0000655,TRP-20260602-0000655,97.14,mada,settled,2026-06-02 08:17:44
PAY-20260602-0000656,TRP-20260602-0000656,32.20,credit_card,settled,2026-06-02 07:04:20
PAY-20260602-0000657,TRP-20260602-0000657,93.32,stc_pay,settled,2026-06-03 10:17:59
PAY-20260602-0000658,TRP-20260602-0000658,107.40,mada,settled,2026-06-02 20:28:48
PAY-20260602-0000659,TRP-20260602-0000659,56.16,stc_pay,settled,2026-06-02 17:33:14
PAY-20260602-0000660,TRP-20260602-0000660,31.52,apple_pay,pending,2026-06-03 06:22:21
PAY-20260602-0000661,TRP-20260602-0000661,32.78,credit_card,settled,2026-06-02 12:37:38
PAY-20260602-0000662,TRP-20260602-0000662,20.11,cash,settled,2026-06-02 06:49:43
PAY-20260602-0000663,TRP-20260602-0000663,48.20,apple_pay,settled,2026-06-02 22:47:51
PAY-20260602-0000664,TRP-20260602-0000664,19.93,cash,settled,2026-06-02 05:49:40
PAY-20260602-0000665,TRP-20260602-0000665,74.83,mada,settled,2026-06-03 09:34:33
PAY-20260602-0000666,TRP-20260602-0000666,45.82,apple_pay,settled,2026-06-02 19:34:14
PAY-20260602-0000667,TRP-20260602-0000667,45.17,stc_pay,settled,2026-06-02 21:50:44
PAY-20260602-0000668,TRP-20260602-0000668,52.45,stc_pay,settled,2026-06-02 05:50:04
PAY-20260602-0000669,TRP-20260602-0000669,71.17,credit_card,settled,2026-06-02 16:19:12
PAY-20260602-0000670,TRP-20260602-0000670,29.94,credit_card,settled,2026-06-02 08:26:19
PAY-20260602-0000671,TRP-20260602-0000671,60.23,stc_pay,settled,2026-06-02 07:32:13
PAY-20260602-0000672,TRP-20260602-0000672,43.31,mada,settled,2026-06-02 15:59:42
PAY-20260602-0000673,TRP-20260602-0000673,10.00,stc_pay,settled,2026-06-02 12:01:16
PAY-20260602-0000674,TRP-20260602-0000674,20.53,mada,settled,2026-06-02 19:43:44
PAY-20260602-0000675,TRP-20260602-0000675,30.44,mada,settled,2026-06-02 22:22:39
PAY-20260602-0000676,TRP-20260602-0000676,138.54,apple_pay,settled,2026-06-02 14:56:40
PAY-20260602-0000677,TRP-20260602-0000677,26.16,mada,settled,2026-06-02 10:52:31
PAY-20260602-0000678,TRP-20260602-0000678,19.05,cash,settled,2026-06-02 16:04:45
PAY-20260602-0000679,TRP-20260602-0000679,120.84,mada,settled,2026-06-02 17:54:01
PAY-20260602-0000680,TRP-20260602-0000680,44.55,mada,settled,2026-06-02 21:16:05
PAY-20260602-0000681,TRP-20260602-0000681,60.87,wallet,settled,2026-06-02 11:28:28
PAY-20260602-0000682,TRP-20260602-0000682,51.67,cash,settled,2026-06-02 19:24:10
PAY-20260602-0000683,TRP-20260602-0000683,59.97,apple_pay,settled,2026-06-02 16:40:22
PAY-20260602-0000684,TRP-20260602-0000684,16.79,mada,settled,2026-06-03 03:02:38
PAY-20260602-0000685,TRP-20260602-0000685,18.35,mada,settled,2026-06-02 12:57:49
PAY-20260602-0000686,TRP-20260602-0000686,24.10,stc_pay,settled,2026-06-02 14:44:26
PAY-20260602-0000687,TRP-20260602-0000687,23.80,mada,settled,2026-06-02 23:10:47
PAY-20260602-0000688,TRP-20260602-0000688,32.22,stc_pay,settled,2026-06-02 11:18:44
PAY-20260602-0000689,TRP-20260602-0000689,38.30,credit_card,settled,2026-06-02 16:24:45
PAY-20260602-0000690,TRP-20260602-0000690,27.39,stc_pay,settled,2026-06-03 03:30:06
PAY-20260602-0000691,TRP-20260602-0000691,24.23,mada,settled,2026-06-02 16:26:47
PAY-20260602-0000692,TRP-20260602-0000692,56.48,cash,settled,2026-06-02 16:29:57
PAY-20260602-0000693,TRP-20260602-0000693,77.10,apple_pay,settled,2026-06-02 09:57:05
PAY-20260602-0000694,TRP-20260602-0000694,32.41,credit_card,settled,2026-06-02 07:59:25
PAY-20260602-0000695,TRP-20260602-0000695,17.02,credit_card,settled,2026-06-03 10:14:42
PAY-20260602-0000696,TRP-20260602-0000696,33.27,mada,settled,2026-06-02 06:04:13
PAY-20260602-0000697,TRP-20260602-0000697,40.08,wallet,settled,2026-06-03 08:28:56
PAY-20260602-0000698,TRP-20260602-0000698,57.39,mada,settled,2026-06-02 16:17:06
PAY-20260602-0000699,TRP-20260602-0000699,28.57,wallet,settled,2026-06-03 08:37:56
PAY-20260602-0000700,TRP-20260602-0000700,12.00,mada,settled,2026-06-02 16:45:15
PAY-20260602-0000701,TRP-20260602-0000701,19.29,credit_card,settled,2026-06-02 19:31:38
PAY-20260602-0000702,TRP-20260602-0000702,24.57,credit_card,settled,2026-06-02 21:58:41
PAY-20260602-0000703,TRP-20260602-0000703,31.10,stc_pay,settled,2026-06-02 09:08:36
PAY-20260602-0000704,TRP-20260602-0000704,43.75,cash,settled,2026-06-02 16:11:57
PAY-20260602-0000705,TRP-20260602-0000705,12.00,stc_pay,settled,2026-06-03 12:51:33
PAY-20260602-0000706,TRP-20260602-0000706,12.21,mada,settled,2026-06-02 22:41:15
PAY-20260602-0000707,TRP-20260602-0000707,12.00,stc_pay,settled,2026-06-02 19:39:17
PAY-20260602-0000708,TRP-20260602-0000708,27.90,mada,settled,2026-06-02 05:26:48
PAY-20260602-0000709,TRP-20260602-0000709,12.62,apple_pay,settled,2026-06-02 21:20:07
PAY-20260602-0000710,TRP-20260602-0000710,28.59,credit_card,settled,2026-06-02 17:46:49
PAY-20260602-0000711,TRP-20260602-0000711,24.90,apple_pay,settled,2026-06-02 17:21:48
PAY-20260602-0000712,TRP-20260602-0000712,33.13,mada,settled,2026-06-02 08:14:09
PAY-20260602-0000713,TRP-20260602-0000713,11.36,cash,settled,2026-06-02 04:24:23
PAY-20260602-0000714,TRP-20260602-0000714,15.36,mada,settled,2026-06-02 08:31:33
PAY-20260602-0000715,TRP-20260602-0000715,68.89,credit_card,settled,2026-06-03 11:29:59
PAY-20260602-0000716,TRP-20260602-0000716,30.29,cash,settled,2026-06-02 15:17:56
PAY-20260602-0000717,TRP-20260602-0000717,47.10,credit_card,settled,2026-06-02 14:14:40
PAY-20260602-0000718,TRP-20260602-0000718,18.95,mada,settled,2026-06-02 06:37:43
PAY-20260602-0000719,TRP-20260602-0000719,79.03,credit_card,settled,2026-06-02 07:14:44
PAY-20260602-0000720,TRP-20260602-0000720,17.00,apple_pay,settled,2026-06-02 17:50:14
PAY-20260602-0000721,TRP-20260602-0000721,15.51,credit_card,settled,2026-06-02 14:57:17
PAY-20260602-0000722,TRP-20260602-0000722,112.71,mada,settled,2026-06-02 07:49:37
PAY-20260602-0000723,TRP-20260602-0000723,20.43,apple_pay,settled,2026-06-03 07:14:47
PAY-20260602-0000724,TRP-20260602-0000724,42.68,cash,settled,2026-06-02 16:03:22
PAY-20260602-0000725,TRP-20260602-0000725,25.14,mada,settled,2026-06-02 15:10:54
PAY-20260602-0000726,TRP-20260602-0000726,37.79,apple_pay,settled,2026-06-02 17:51:30
PAY-20260602-0000727,TRP-20260602-0000727,75.98,stc_pay,settled,2026-06-02 16:02:55
PAY-20260602-0000728,TRP-20260602-0000728,144.81,cash,settled,2026-06-02 18:40:35
PAY-20260602-0000729,TRP-20260602-0000729,20.86,credit_card,settled,2026-06-02 06:37:35
PAY-20260602-0000730,TRP-20260602-0000730,35.79,mada,settled,2026-06-02 00:20:34
PAY-20260602-0000731,TRP-20260602-0000731,158.00,mada,pending,2026-06-03 00:03:06
PAY-20260602-0000732,TRP-20260602-0000732,33.01,credit_card,settled,2026-06-03 15:04:18
PAY-20260602-0000733,TRP-20260602-0000733,101.39,mada,settled,2026-06-02 06:14:05
PAY-20260602-0000734,TRP-20260602-0000734,36.17,mada,settled,2026-06-02 07:21:35
PAY-20260602-0000735,TRP-20260602-0000735,8.00,credit_card,settled,2026-06-02 18:52:22
PAY-20260602-0000736,TRP-20260602-0000736,64.63,mada,settled,2026-06-02 16:25:13
PAY-20260602-0000737,TRP-20260602-0000737,35.81,mada,settled,2026-06-02 17:39:16
PAY-20260602-0000738,TRP-20260602-0000738,6.00,stc_pay,settled,2026-06-03 04:34:24
PAY-20260602-0000739,TRP-20260602-0000739,96.51,mada,settled,2026-06-02 05:54:08
PAY-20260602-0000740,TRP-20260602-0000740,16.57,credit_card,settled,2026-06-02 08:02:53
PAY-20260602-0000741,TRP-20260602-0000741,50.16,credit_card,settled,2026-06-02 16:09:53
PAY-20260602-0000742,TRP-20260602-0000742,8.00,credit_card,settled,2026-06-02 18:48:44
PAY-20260602-0000743,TRP-20260602-0000743,15.43,mada,settled,2026-06-02 19:25:59
PAY-20260602-0000744,TRP-20260602-0000744,101.58,wallet,settled,2026-06-02 19:08:32
PAY-20260602-0000745,TRP-20260602-0000745,16.07,stc_pay,settled,2026-06-02 18:50:14
PAY-20260602-0000746,TRP-20260602-0000746,22.92,apple_pay,settled,2026-06-02 17:46:22
PAY-20260602-0000747,TRP-20260602-0000747,16.33,credit_card,settled,2026-06-02 21:31:18
PAY-20260602-0000748,TRP-20260602-0000748,47.27,credit_card,settled,2026-06-02 16:21:15
PAY-20260602-0000749,TRP-20260602-0000749,44.57,mada,settled,2026-06-03 01:03:43
PAY-20260602-0000750,TRP-20260602-0000750,37.35,cash,settled,2026-06-02 04:39:48
PAY-20260602-0000751,TRP-20260602-0000751,204.83,credit_card,settled,2026-06-02 16:49:06
PAY-20260602-0000752,TRP-20260602-0000752,12.83,mada,settled,2026-06-02 16:14:49
PAY-20260602-0000753,TRP-20260602-0000753,23.20,stc_pay,settled,2026-06-03 09:18:42
PAY-20260602-0000754,TRP-20260602-0000754,43.94,credit_card,settled,2026-06-02 17:01:17
PAY-20260602-0000755,TRP-20260602-0000755,71.61,mada,settled,2026-06-02 09:42:56
PAY-20260602-0000756,TRP-20260602-0000756,15.63,cash,settled,2026-06-02 14:16:05
PAY-20260602-0000757,TRP-20260602-0000757,83.46,stc_pay,settled,2026-06-02 20:24:47
PAY-20260602-0000758,TRP-20260602-0000758,50.06,stc_pay,settled,2026-06-02 15:10:20
PAY-20260602-0000759,TRP-20260602-0000759,73.53,mada,settled,2026-06-02 11:14:55
PAY-20260602-0000761,TRP-20260602-0000761,111.87,mada,settled,2026-06-02 17:17:11
PAY-20260602-0000762,TRP-20260602-0000762,32.87,wallet,settled,2026-06-02 12:37:40
PAY-20260602-0000763,TRP-20260602-0000763,19.45,apple_pay,settled,2026-06-02 12:03:22
PAY-20260602-0000764,TRP-20260602-0000764,58.69,credit_card,pending,2026-06-03 15:45:06
PAY-20260602-0000765,TRP-20260602-0000765,30.83,apple_pay,pending,2026-06-02 12:23:55
PAY-20260602-0000766,TRP-20260602-0000766,27.70,credit_card,settled,2026-06-02 07:19:47
PAY-20260602-0000767,TRP-20260602-0000767,40.58,credit_card,settled,2026-06-02 17:55:47
PAY-20260602-0000768,TRP-20260602-0000768,71.60,mada,settled,2026-06-03 18:17:06
PAY-20260602-0000769,TRP-20260602-0000769,12.73,cash,settled,2026-06-02 12:25:28
PAY-20260602-0000771,TRP-20260602-0000771,28.50,mada,settled,2026-06-02 23:07:16
PAY-20260602-0000772,TRP-20260602-0000772,15.86,apple_pay,settled,2026-06-02 14:24:33
PAY-20260602-0000773,TRP-20260602-0000773,22.78,cash,settled,2026-06-02 18:29:22
PAY-20260602-0000774,TRP-20260602-0000774,23.70,cash,settled,2026-06-02 05:49:42
PAY-20260602-0000775,TRP-20260602-0000775,58.30,stc_pay,settled,2026-06-02 22:16:49
PAY-20260602-0000776,TRP-20260602-0000776,50.12,credit_card,settled,2026-06-03 04:19:44
PAY-20260602-0000777,TRP-20260602-0000777,21.50,mada,settled,2026-06-02 19:26:56
PAY-20260602-0000778,TRP-20260602-0000778,11.00,mada,pending,2026-06-02 21:11:03
PAY-20260602-0000779,TRP-20260602-0000779,141.42,mada,settled,2026-06-02 11:59:02
PAY-20260602-0000780,TRP-20260602-0000780,29.67,mada,settled,2026-06-02 09:14:04
PAY-20260602-0000781,TRP-20260602-0000781,44.61,credit_card,settled,2026-06-02 12:20:26
PAY-20260602-0000782,TRP-20260602-0000782,27.07,credit_card,settled,2026-06-02 16:25:19
PAY-20260602-0000783,TRP-20260602-0000783,80.32,credit_card,settled,2026-06-02 08:21:34
PAY-20260602-0000784,TRP-20260602-0000784,35.08,mada,settled,2026-06-03 03:42:03
PAY-20260602-0000785,TRP-20260602-0000785,24.08,credit_card,settled,2026-06-02 14:31:44
PAY-20260602-0000786,TRP-20260602-0000786,52.65,mada,settled,2026-06-03 06:05:54
PAY-20260602-0000788,TRP-20260602-0000788,18.49,cash,settled,2026-06-02 08:09:41
PAY-20260602-0000789,TRP-20260602-0000789,19.46,mada,settled,2026-06-02 06:25:58
PAY-20260602-0000790,TRP-20260602-0000790,18.74,stc_pay,settled,2026-06-02 07:18:18
PAY-20260602-0000791,TRP-20260602-0000791,35.59,credit_card,settled,2026-06-02 12:13:25
PAY-20260602-0000792,TRP-20260602-0000792,86.85,credit_card,settled,2026-06-02 23:51:52
PAY-20260602-0000793,TRP-20260602-0000793,31.18,apple_pay,settled,2026-06-02 19:15:07
PAY-20260602-0000794,TRP-20260602-0000794,23.39,mada,settled,2026-06-02 08:04:04
PAY-20260602-0000795,TRP-20260602-0000795,13.91,mada,settled,2026-06-02 18:50:13
PAY-20260602-0000796,TRP-20260602-0000796,53.53,mada,settled,2026-06-03 08:59:05
PAY-20260602-0000797,TRP-20260602-0000797,11.00,mada,settled,2026-06-02 21:07:16
PAY-20260602-0000798,TRP-20260602-0000798,63.65,stc_pay,settled,2026-06-03 03:18:42
PAY-20260602-0000799,TRP-20260602-0000799,29.51,stc_pay,settled,2026-06-02 10:27:43
PAY-20260602-0000800,TRP-20260602-0000800,24.67,apple_pay,settled,2026-06-02 11:46:34
PAY-20260602-0000801,TRP-20260602-0000801,22.17,credit_card,settled,2026-06-02 04:49:04
PAY-20260602-0000802,TRP-20260602-0000802,12.53,wallet,settled,2026-06-02 11:40:57
PAY-20260602-0000803,TRP-20260602-0000803,23.94,mada,settled,2026-06-02 07:52:07
PAY-20260602-0000804,TRP-20260602-0000804,40.39,apple_pay,settled,2026-06-02 16:06:20
PAY-20260602-0000805,TRP-20260602-0000805,126.14,cash,settled,2026-06-02 12:32:40
PAY-20260602-0000806,TRP-20260602-0000806,68.41,mada,settled,2026-06-02 07:05:45
PAY-20260602-0000807,TRP-20260602-0000807,27.64,cash,settled,2026-06-02 14:41:15
PAY-20260602-0000808,TRP-20260602-0000808,53.16,cash,settled,2026-06-02 06:14:51
PAY-20260602-0000809,TRP-20260602-0000809,40.47,mada,settled,2026-06-03 00:20:30
PAY-20260602-0000810,TRP-20260602-0000810,17.55,cash,settled,2026-06-02 05:32:17
PAY-20260602-0000811,TRP-20260602-0000811,31.48,mada,settled,2026-06-02 15:21:05
PAY-20260602-0000812,TRP-20260602-0000812,37.78,credit_card,settled,2026-06-03 04:24:32
PAY-20260602-0000813,TRP-20260602-0000813,23.62,mada,settled,2026-06-02 15:39:46
PAY-20260602-0000814,TRP-20260602-0000814,101.80,apple_pay,settled,2026-06-02 07:21:14
PAY-20260602-0000815,TRP-20260602-0000815,11.00,credit_card,settled,2026-06-02 09:17:29
PAY-20260602-0000816,TRP-20260602-0000816,22.86,wallet,settled,2026-06-02 21:41:42
PAY-20260602-0000817,TRP-20260602-0000817,28.01,stc_pay,settled,2026-06-02 17:41:07
PAY-20260602-0000818,TRP-20260602-0000818,100.51,cash,settled,2026-06-02 04:33:15
PAY-20260602-0000819,TRP-20260602-0000819,22.11,mada,pending,2026-06-02 23:37:43
PAY-20260602-0000820,TRP-20260602-0000820,18.08,mada,settled,2026-06-02 18:57:49
PAY-20260602-0000821,TRP-20260602-0000821,35.97,wallet,settled,2026-06-02 00:02:10
PAY-20260602-0000822,TRP-20260602-0000822,25.22,apple_pay,settled,2026-06-02 04:32:40
PAY-20260602-0000823,TRP-20260602-0000823,12.00,mada,settled,2026-06-02 04:11:04
PAY-20260602-0000824,TRP-20260602-0000824,23.52,apple_pay,settled,2026-06-02 08:53:02
PAY-20260602-0000825,TRP-20260602-0000825,18.19,credit_card,settled,2026-06-02 18:06:32
PAY-20260602-0000826,TRP-20260602-0000826,25.86,cash,settled,2026-06-02 13:12:24
PAY-20260602-0000827,TRP-20260602-0000827,12.47,mada,settled,2026-06-02 00:47:41
PAY-20260602-0000828,TRP-20260602-0000828,37.92,cash,settled,2026-06-02 14:45:40
PAY-20260602-0000829,TRP-20260602-0000829,49.83,stc_pay,settled,2026-06-03 10:39:43
PAY-20260602-0000830,TRP-20260602-0000830,18.56,credit_card,settled,2026-06-02 17:08:20
PAY-20260602-0000831,TRP-20260602-0000831,16.18,cash,settled,2026-06-02 20:57:11
PAY-20260602-0000832,TRP-20260602-0000832,19.75,credit_card,settled,2026-06-02 16:53:22
PAY-20260602-0000833,TRP-20260602-0000833,70.80,cash,settled,2026-06-02 00:30:25
PAY-20260602-0000834,TRP-20260602-0000834,15.57,credit_card,settled,2026-06-02 03:49:37
PAY-20260602-0000835,TRP-20260602-0000835,122.29,apple_pay,settled,2026-06-02 16:27:44
PAY-20260602-0000836,TRP-20260602-0000836,61.76,mada,settled,2026-06-02 06:29:42
PAY-20260602-0000837,TRP-20260602-0000837,47.66,credit_card,settled,2026-06-02 05:44:46
PAY-20260602-0000838,TRP-20260602-0000838,21.77,mada,settled,2026-06-02 11:05:01
PAY-20260602-0000839,TRP-20260602-0000839,11.04,wallet,settled,2026-06-02 20:40:43
PAY-20260602-0000840,TRP-20260602-0000840,40.95,credit_card,settled,2026-06-02 07:25:48
PAY-20260602-0000841,TRP-20260602-0000841,16.73,stc_pay,settled,2026-06-01 22:42:42
PAY-20260602-0000842,TRP-20260602-0000842,31.28,mada,settled,2026-06-02 08:43:20
PAY-20260602-0000843,TRP-20260602-0000843,36.12,mada,settled,2026-06-02 16:20:09
PAY-20260602-0000844,TRP-20260602-0000844,30.88,credit_card,settled,2026-06-02 22:48:12
PAY-20260602-0000845,TRP-20260602-0000845,58.86,credit_card,settled,2026-06-02 18:47:49
PAY-20260602-0000846,TRP-20260602-0000846,35.29,wallet,settled,2026-06-02 13:49:17
PAY-20260602-0000847,TRP-20260602-0000847,10.00,apple_pay,settled,2026-06-02 16:14:17
PAY-20260602-0000848,TRP-20260602-0000848,42.59,mada,settled,2026-06-03 10:22:34
PAY-20260602-0000849,TRP-20260602-0000849,35.90,cash,settled,2026-06-02 16:17:29
PAY-20260602-0000850,TRP-20260602-0000850,13.71,mada,settled,2026-06-02 21:17:24
PAY-20260602-0000851,TRP-20260602-0000851,68.59,mada,settled,2026-06-03 03:27:05
PAY-20260602-0000853,TRP-20260602-0000853,99.42,stc_pay,settled,2026-06-02 20:23:57
PAY-20260602-0000854,TRP-20260602-0000854,12.82,mada,settled,2026-06-02 07:04:17
PAY-20260602-0000855,TRP-20260602-0000855,23.21,mada,settled,2026-06-03 01:43:48
PAY-20260602-0000856,TRP-20260602-0000856,58.37,credit_card,settled,2026-06-02 10:29:43
PAY-20260602-0000857,TRP-20260602-0000857,19.15,wallet,settled,2026-06-02 18:22:17
PAY-20260602-0000858,TRP-20260602-0000858,14.37,mada,settled,2026-06-02 12:17:19
PAY-20260602-0000859,TRP-20260602-0000859,34.65,mada,settled,2026-06-02 20:49:40
PAY-20260602-0000860,TRP-20260602-0000860,16.19,mada,settled,2026-06-03 03:50:53
PAY-20260602-0000861,TRP-20260602-0000861,27.54,mada,settled,2026-06-02 17:19:47
PAY-20260602-0000862,TRP-20260602-0000862,76.86,mada,settled,2026-06-02 16:27:46
PAY-20260602-0000863,TRP-20260602-0000863,28.94,apple_pay,settled,2026-06-03 11:23:39
PAY-20260602-0000864,TRP-20260602-0000864,59.23,apple_pay,settled,2026-06-02 15:43:01
PAY-20260602-0000865,TRP-20260602-0000865,86.69,mada,settled,2026-06-02 10:08:33
PAY-20260602-0000866,TRP-20260602-0000866,34.45,apple_pay,settled,2026-06-02 19:14:57
PAY-20260602-0000867,TRP-20260602-0000867,17.60,mada,settled,2026-06-02 19:15:47
PAY-20260602-0000869,TRP-20260602-0000869,21.30,apple_pay,settled,2026-06-01 21:14:35
PAY-20260602-0000870,TRP-20260602-0000870,49.76,wallet,settled,2026-06-02 23:31:14
PAY-20260602-0000871,TRP-20260602-0000871,8.00,apple_pay,settled,2026-06-02 20:04:46
PAY-20260602-0000872,TRP-20260602-0000872,96.88,credit_card,settled,2026-06-02 17:13:42
PAY-20260602-0000873,TRP-20260602-0000873,15.64,mada,settled,2026-06-02 10:30:08
PAY-20260602-0000874,TRP-20260602-0000874,71.04,cash,settled,2026-06-02 06:14:31
PAY-20260602-0000875,TRP-20260602-0000875,49.29,wallet,settled,2026-06-03 00:47:26
PAY-20260602-0000876,TRP-20260602-0000876,28.44,stc_pay,settled,2026-06-02 11:19:36
PAY-20260602-0000877,TRP-20260602-0000877,50.58,mada,settled,2026-06-02 13:22:59
PAY-20260602-0000878,TRP-20260602-0000878,211.82,mada,settled,2026-06-03 00:02:20
PAY-20260602-0000879,TRP-20260602-0000879,19.05,mada,settled,2026-06-02 17:21:28
PAY-20260602-0000880,TRP-20260602-0000880,45.01,mada,settled,2026-06-02 16:49:13
PAY-20260602-0000881,TRP-20260602-0000881,34.93,mada,settled,2026-06-03 17:58:28
PAY-20260602-0000883,TRP-20260602-0000883,21.85,cash,settled,2026-06-02 11:28:11
PAY-20260602-0000884,TRP-20260602-0000884,126.76,credit_card,settled,2026-06-02 18:46:46
PAY-20260602-0000885,TRP-20260602-0000885,15.51,mada,settled,2026-06-02 14:01:23
PAY-20260602-0000886,TRP-20260602-0000886,52.14,mada,settled,2026-06-02 07:55:29
PAY-20260602-0000887,TRP-20260602-0000887,32.61,credit_card,settled,2026-06-02 08:47:51
PAY-20260602-0000888,TRP-20260602-0000888,29.80,stc_pay,settled,2026-06-02 15:51:32
PAY-20260602-0000889,TRP-20260602-0000889,12.91,mada,settled,2026-06-02 12:51:19
PAY-20260602-0000890,TRP-20260602-0000890,93.45,apple_pay,settled,2026-06-02 06:18:37
PAY-20260602-0000891,TRP-20260602-0000891,37.36,mada,settled,2026-06-02 18:56:23
PAY-20260602-0000892,TRP-20260602-0000892,20.35,mada,settled,2026-06-02 05:34:34
PAY-20260602-0000893,TRP-20260602-0000893,34.28,credit_card,settled,2026-06-01 22:27:48
PAY-20260602-0000894,TRP-20260602-0000894,13.75,credit_card,settled,2026-06-03 06:11:00
PAY-20260602-0000895,TRP-20260602-0000895,26.94,cash,settled,2026-06-02 06:28:41
PAY-20260602-0000896,TRP-20260602-0000896,46.37,credit_card,settled,2026-06-02 20:06:08
PAY-20260602-0000897,TRP-20260602-0000897,28.71,mada,settled,2026-06-03 15:37:26
PAY-20260602-0000898,TRP-20260602-0000898,18.67,credit_card,settled,2026-06-02 05:41:29
PAY-20260602-0000899,TRP-20260602-0000899,39.86,mada,settled,2026-06-02 06:48:40
PAY-20260602-0000900,TRP-20260602-0000900,30.68,wallet,settled,2026-06-02 18:18:49
PAY-20260602-0000901,TRP-20260602-0000901,63.25,credit_card,settled,2026-06-02 20:43:03
PAY-20260602-0000902,TRP-20260602-0000902,12.39,apple_pay,settled,2026-06-02 10:16:29
PAY-20260602-0000903,TRP-20260602-0000903,24.45,mada,settled,2026-06-02 16:20:59
PAY-20260602-0000904,TRP-20260602-0000904,41.23,mada,settled,2026-06-03 10:34:00
PAY-20260602-0000905,TRP-20260602-0000905,18.21,stc_pay,settled,2026-06-02 20:12:20
PAY-20260602-0000906,TRP-20260602-0000906,40.43,mada,settled,2026-06-02 19:11:35
PAY-20260602-0000908,TRP-20260602-0000908,95.19,mada,settled,2026-06-02 07:13:35
PAY-20260602-0000909,TRP-20260602-0000909,104.54,stc_pay,settled,2026-06-02 23:27:24
PAY-20260602-0000910,TRP-20260602-0000910,42.63,mada,settled,2026-06-02 15:32:23
PAY-20260602-0000911,TRP-20260602-0000911,42.62,mada,settled,2026-06-03 12:19:10
PAY-20260602-0000912,TRP-20260602-0000912,26.66,cash,settled,2026-06-02 19:07:35
PAY-20260602-0000913,TRP-20260602-0000913,35.27,mada,settled,2026-06-02 12:59:09
PAY-20260602-0000914,TRP-20260602-0000914,72.93,credit_card,failed,2026-06-02 15:59:37
PAY-20260602-0000915,TRP-20260602-0000915,28.52,apple_pay,settled,2026-06-02 16:14:10
PAY-20260602-0000916,TRP-20260602-0000916,36.70,apple_pay,settled,2026-06-02 11:26:40
PAY-20260602-0000917,TRP-20260602-0000917,67.78,mada,settled,2026-06-02 21:05:00
PAY-20260602-0000918,TRP-20260602-0000918,20.55,credit_card,settled,2026-06-02 22:19:47
PAY-20260602-0000919,TRP-20260602-0000919,46.69,mada,settled,2026-06-02 08:07:03
PAY-20260602-0000920,TRP-20260602-0000920,28.86,cash,settled,2026-06-01 23:53:32
PAY-20260602-0000921,TRP-20260602-0000921,18.56,cash,settled,2026-06-02 10:53:30
PAY-20260602-0000922,TRP-20260602-0000922,27.22,mada,settled,2026-06-03 04:43:20
PAY-20260602-0000923,TRP-20260602-0000923,21.77,mada,settled,2026-06-02 10:12:41
PAY-20260602-0000924,TRP-20260602-0000924,40.68,mada,settled,2026-06-03 04:10:31
PAY-20260602-0000925,TRP-20260602-0000925,25.73,credit_card,settled,2026-06-02 17:45:35
PAY-20260602-0000926,TRP-20260602-0000926,26.79,mada,settled,2026-06-02 04:44:19
PAY-20260602-0000927,TRP-20260602-0000927,38.05,credit_card,settled,2026-06-02 21:29:23
PAY-20260602-0000928,TRP-20260602-0000928,71.91,apple_pay,settled,2026-06-03 07:50:23
PAY-20260602-0000929,TRP-20260602-0000929,13.16,credit_card,settled,2026-06-02 19:31:46
PAY-20260602-0000930,TRP-20260602-0000930,48.67,apple_pay,settled,2026-06-02 07:06:11
PAY-20260602-0000931,TRP-20260602-0000931,32.06,stc_pay,settled,2026-06-02 13:47:50
PAY-20260602-0000932,TRP-20260602-0000932,8.00,credit_card,settled,2026-06-02 17:36:36
PAY-20260602-0000933,TRP-20260602-0000933,268.33,apple_pay,settled,2026-06-02 18:39:03
PAY-20260602-0000934,TRP-20260602-0000934,70.13,cash,settled,2026-06-02 19:07:11
PAY-20260602-0000935,TRP-20260602-0000935,12.00,apple_pay,settled,2026-06-02 20:58:49
PAY-20260602-0000936,TRP-20260602-0000936,113.60,credit_card,settled,2026-06-03 12:59:02
PAY-20260602-0000937,TRP-20260602-0000937,49.76,wallet,settled,2026-06-02 16:05:46
PAY-20260602-0000938,TRP-20260602-0000938,48.52,cash,settled,2026-06-02 11:08:07
PAY-20260602-0000939,TRP-20260602-0000939,62.36,credit_card,settled,2026-06-02 08:22:44
PAY-20260602-0000940,TRP-20260602-0000940,58.46,mada,settled,2026-06-02 10:46:14
PAY-20260602-0000941,TRP-20260602-0000941,125.98,mada,settled,2026-06-02 23:44:09
PAY-20260602-0000942,TRP-20260602-0000942,33.53,mada,settled,2026-06-02 15:10:13
PAY-20260602-0000943,TRP-20260602-0000943,176.39,mada,settled,2026-06-02 18:30:34
PAY-20260602-0000944,TRP-20260602-0000944,21.05,apple_pay,settled,2026-06-02 12:26:45
PAY-20260602-0000945,TRP-20260602-0000945,44.77,mada,settled,2026-06-03 08:06:26
PAY-20260602-0000946,TRP-20260602-0000946,87.94,stc_pay,settled,2026-06-02 17:00:58
PAY-20260602-0000947,TRP-20260602-0000947,108.53,stc_pay,settled,2026-06-02 17:13:30
PAY-20260602-0000948,TRP-20260602-0000948,19.54,apple_pay,settled,2026-06-02 06:20:08
PAY-20260602-0000949,TRP-20260602-0000949,17.00,mada,settled,2026-06-03 07:34:36
PAY-20260602-0000950,TRP-20260602-0000950,43.18,credit_card,settled,2026-06-02 21:23:07
PAY-20260602-0000951,TRP-20260602-0000951,56.69,cash,settled,2026-06-02 14:51:19
PAY-20260602-0000952,TRP-20260602-0000952,69.89,apple_pay,settled,2026-06-02 14:56:44
PAY-20260602-0000953,TRP-20260602-0000953,6.00,mada,settled,2026-06-02 07:03:00
PAY-20260602-0000954,TRP-20260602-0000954,27.59,cash,settled,2026-06-02 09:30:40
PAY-20260602-0000955,TRP-20260602-0000955,14.32,credit_card,settled,2026-06-03 01:36:51
PAY-20260602-0000956,TRP-20260602-0000956,43.33,apple_pay,settled,2026-06-02 06:50:56
PAY-20260602-0000957,TRP-20260602-0000957,16.49,credit_card,settled,2026-06-02 18:19:36
PAY-20260602-0000958,TRP-20260602-0000958,20.14,mada,settled,2026-06-02 09:33:24
PAY-20260602-0000959,TRP-20260602-0000959,116.55,cash,settled,2026-06-02 19:37:55
PAY-20260602-0000960,TRP-20260602-0000960,74.10,mada,settled,2026-06-02 06:28:29
PAY-20260602-0000961,TRP-20260602-0000961,193.96,apple_pay,settled,2026-06-03 10:43:05
PAY-20260602-0000962,TRP-20260602-0000962,31.81,apple_pay,settled,2026-06-02 06:22:35
PAY-20260602-0000963,TRP-20260602-0000963,21.43,credit_card,settled,2026-06-02 09:54:20
PAY-20260602-0000964,TRP-20260602-0000964,17.54,mada,settled,2026-06-03 04:23:22
PAY-20260602-0000966,TRP-20260602-0000966,43.25,stc_pay,settled,2026-06-02 09:02:40
PAY-20260602-0000967,TRP-20260602-0000967,28.43,cash,settled,2026-06-02 15:32:21
PAY-20260602-0000968,TRP-20260602-0000968,20.89,stc_pay,settled,2026-06-02 17:35:02
PAY-20260602-0000969,TRP-20260602-0000969,13.78,credit_card,settled,2026-06-02 11:54:36
PAY-20260602-0000970,TRP-20260602-0000970,32.86,credit_card,settled,2026-06-02 08:51:25
PAY-20260602-0000971,TRP-20260602-0000971,6.00,cash,settled,2026-06-02 08:20:26
PAY-20260602-0000972,TRP-20260602-0000972,38.30,credit_card,settled,2026-06-02 14:51:51
PAY-20260602-0000973,TRP-20260602-0000973,14.73,stc_pay,settled,2026-06-03 12:00:36
PAY-20260602-0000974,TRP-20260602-0000974,40.32,stc_pay,settled,2026-06-02 21:39:02
PAY-20260602-0000975,TRP-20260602-0000975,21.84,apple_pay,settled,2026-06-02 16:54:57
PAY-20260602-0000976,TRP-20260602-0000976,32.42,credit_card,settled,2026-06-02 23:37:54
PAY-20260602-0000977,TRP-20260602-0000977,18.69,credit_card,settled,2026-06-02 10:01:50
PAY-20260602-0000978,TRP-20260602-0000978,21.99,mada,settled,2026-06-02 13:51:47
PAY-20260602-0000979,TRP-20260602-0000979,83.15,mada,settled,2026-06-03 11:41:39
PAY-20260602-0000980,TRP-20260602-0000980,14.06,credit_card,settled,2026-06-02 17:05:05
PAY-20260602-0000981,TRP-20260602-0000981,43.26,mada,settled,2026-06-02 11:11:27
PAY-20260602-0000982,TRP-20260602-0000982,55.51,stc_pay,settled,2026-06-02 06:38:49
PAY-20260602-0000983,TRP-20260602-0000983,49.47,credit_card,pending,2026-06-02 17:01:38
PAY-20260602-0000984,TRP-20260602-0000984,15.51,cash,settled,2026-06-02 08:08:49
PAY-20260602-0000985,TRP-20260602-0000985,69.82,credit_card,settled,2026-06-03 12:42:40
PAY-20260602-0000986,TRP-20260602-0000986,98.61,apple_pay,settled,2026-06-02 20:06:45
PAY-20260602-0000987,TRP-20260602-0000987,8.00,cash,settled,2026-06-02 07:52:28
PAY-20260602-0000988,TRP-20260602-0000988,10.00,credit_card,settled,2026-06-02 16:34:13
PAY-20260602-0000989,TRP-20260602-0000989,29.39,cash,settled,2026-06-02 10:17:23
PAY-20260602-0000990,TRP-20260602-0000990,16.72,wallet,settled,2026-06-02 17:53:58
PAY-20260602-0000991,TRP-20260602-0000991,25.34,mada,settled,2026-06-02 18:28:45
PAY-20260602-0000992,TRP-20260602-0000992,209.20,wallet,settled,2026-06-02 18:01:09
PAY-20260602-0000993,TRP-20260602-0000993,50.21,mada,settled,2026-06-02 16:41:01
PAY-20260602-0000994,TRP-20260602-0000994,6.00,credit_card,settled,2026-06-03 06:05:17
PAY-20260602-0000995,TRP-20260602-0000995,12.00,wallet,settled,2026-06-02 06:33:20
PAY-20260602-0000996,TRP-20260602-0000996,39.47,apple_pay,settled,2026-06-03 11:33:16
PAY-20260602-0000997,TRP-20260602-0000997,22.74,mada,settled,2026-06-02 16:01:11
PAY-20260602-0000998,TRP-20260602-0000998,38.56,apple_pay,settled,2026-06-02 08:20:24
PAY-20260602-0000999,TRP-20260602-0000999,64.17,mada,settled,2026-06-02 14:49:59
PAY-20260602-0001000,TRP-20260602-0001000,61.22,wallet,settled,2026-06-02 19:08:31
PAY-20260602-0001001,TRP-20260602-0001001,36.28,credit_card,pending,2026-06-02 12:33:05
PAY-20260602-0001002,TRP-20260602-0001002,95.13,wallet,pending,2026-06-02 09:08:37
PAY-20260602-0001003,TRP-20260602-0001003,17.64,credit_card,settled,2026-06-02 16:34:38
PAY-20260602-0001004,TRP-20260602-0001004,163.31,apple_pay,settled,2026-06-02 10:37:56
PAY-20260602-0001005,TRP-20260602-0001005,22.24,mada,settled,2026-06-02 08:30:20
PAY-20260602-0001006,TRP-20260602-0001006,36.36,cash,settled,2026-06-02 15:27:32
PAY-20260602-0001007,TRP-20260602-0001007,42.99,mada,settled,2026-06-02 18:23:01
PAY-20260602-0001008,TRP-20260602-0001008,15.58,mada,pending,2026-06-02 10:12:08
PAY-20260602-0001009,TRP-20260602-0001009,16.14,mada,settled,2026-06-02 21:53:05
PAY-20260602-0001010,TRP-20260602-0001010,10.00,credit_card,settled,2026-06-02 21:44:28
PAY-20260602-0001011,TRP-20260602-0001011,11.29,mada,settled,2026-06-02 04:54:52
PAY-20260602-0001012,TRP-20260602-0001012,48.08,mada,settled,2026-06-03 15:21:40
PAY-20260602-0001013,TRP-20260602-0001013,25.25,credit_card,settled,2026-06-03 13:44:05
PAY-20260602-0001014,TRP-20260602-0001014,10.70,mada,settled,2026-06-02 07:19:26
PAY-20260602-0001016,TRP-20260602-0001016,54.50,mada,settled,2026-06-03 02:19:28
PAY-20260602-0001017,TRP-20260602-0001017,41.96,stc_pay,settled,2026-06-02 18:12:33
PAY-20260602-0001018,TRP-20260602-0001018,27.65,mada,settled,2026-06-02 05:28:42
PAY-20260602-0001019,TRP-20260602-0001019,15.27,mada,settled,2026-06-02 10:13:08
PAY-20260602-0001020,TRP-20260602-0001020,30.96,cash,settled,2026-06-02 14:11:24
PAY-20260602-0001021,TRP-20260602-0001021,16.89,cash,settled,2026-06-02 16:12:27
PAY-20260602-0001022,TRP-20260602-0001022,68.87,stc_pay,settled,2026-06-03 07:41:47
PAY-20260602-0001023,TRP-20260602-0001023,44.74,mada,settled,2026-06-02 12:34:52
PAY-20260602-0001024,TRP-20260602-0001024,17.19,mada,settled,2026-06-03 05:48:30
PAY-20260602-0001025,TRP-20260602-0001025,24.76,apple_pay,settled,2026-06-02 07:34:34
PAY-20260602-0001026,TRP-20260602-0001026,28.10,wallet,settled,2026-06-02 21:42:18
PAY-20260602-0001027,TRP-20260602-0001027,10.68,apple_pay,settled,2026-06-02 07:52:09
PAY-20260602-0001028,TRP-20260602-0001028,55.45,mada,settled,2026-06-03 00:13:48
PAY-20260602-0001029,TRP-20260602-0001029,30.73,mada,settled,2026-06-02 18:06:19
PAY-20260602-0001030,TRP-20260602-0001030,39.50,mada,pending,2026-06-02 04:49:22
PAY-20260602-0001031,TRP-20260602-0001031,74.68,mada,settled,2026-06-02 19:51:54
PAY-20260602-0001032,TRP-20260602-0001032,8.00,wallet,settled,2026-06-03 11:58:51
PAY-20260602-0001033,TRP-20260602-0001033,53.11,mada,settled,2026-06-02 11:57:12
PAY-20260602-0001035,TRP-20260602-0001035,50.11,apple_pay,settled,2026-06-02 16:54:52
PAY-20260602-0001036,TRP-20260602-0001036,14.65,stc_pay,settled,2026-06-02 13:18:10
PAY-20260602-0001037,TRP-20260602-0001037,53.31,credit_card,settled,2026-06-02 19:59:35
PAY-20260602-0001038,TRP-20260602-0001038,12.23,apple_pay,settled,2026-06-02 12:44:56
PAY-20260602-0001039,TRP-20260602-0001039,27.34,stc_pay,settled,2026-06-02 19:13:28
PAY-20260602-0001040,TRP-20260602-0001040,53.79,cash,settled,2026-06-02 16:40:36
PAY-20260602-0001041,TRP-20260602-0001041,21.66,mada,settled,2026-06-03 04:50:00
PAY-20260602-0001042,TRP-20260602-0001042,12.19,mada,settled,2026-06-02 15:46:54
PAY-20260602-0001043,TRP-20260602-0001043,66.24,mada,settled,2026-06-03 04:03:37
PAY-20260602-0001044,TRP-20260602-0001044,8.00,apple_pay,settled,2026-06-02 18:39:30
PAY-20260602-0001045,TRP-20260602-0001045,14.84,credit_card,settled,2026-06-02 15:07:57
PAY-20260602-0001046,TRP-20260602-0001046,88.80,mada,settled,2026-06-02 01:15:26
PAY-20260602-0001047,TRP-20260602-0001047,8.00,stc_pay,settled,2026-06-03 06:54:44
PAY-20260602-0001048,TRP-20260602-0001048,46.79,credit_card,settled,2026-06-02 10:02:06
PAY-20260602-0001049,TRP-20260602-0001049,51.77,mada,settled,2026-06-02 09:14:57
PAY-20260602-0001050,TRP-20260602-0001050,31.31,cash,settled,2026-06-02 05:06:51
PAY-20260602-0001051,TRP-20260602-0001051,21.22,cash,settled,2026-06-02 19:27:44
PAY-20260602-0001052,TRP-20260602-0001052,12.20,apple_pay,settled,2026-06-03 09:28:04
PAY-20260602-0001053,TRP-20260602-0001053,64.58,credit_card,settled,2026-06-02 08:28:26
PAY-20260602-0001054,TRP-20260602-0001054,17.77,stc_pay,settled,2026-06-02 20:13:55
PAY-20260602-0001055,TRP-20260602-0001055,32.62,stc_pay,settled,2026-06-02 01:41:24
PAY-20260602-0001056,TRP-20260602-0001056,65.47,wallet,settled,2026-06-03 06:50:06
PAY-20260602-0001057,TRP-20260602-0001057,20.42,stc_pay,settled,2026-06-02 09:21:21
PAY-20260602-0001058,TRP-20260602-0001058,14.34,mada,settled,2026-06-02 18:57:56
PAY-20260602-0001059,TRP-20260602-0001059,126.40,mada,settled,2026-06-03 08:54:45
PAY-20260602-0001060,TRP-20260602-0001060,93.48,mada,settled,2026-06-02 13:46:31
PAY-20260602-0001061,TRP-20260602-0001061,8.00,credit_card,settled,2026-06-03 03:31:30
PAY-20260602-0001062,TRP-20260602-0001062,12.00,stc_pay,settled,2026-06-02 21:46:59
PAY-20260602-0001063,TRP-20260602-0001063,36.91,mada,settled,2026-06-02 18:28:07
PAY-20260602-0001064,TRP-20260602-0001064,173.43,cash,settled,2026-06-02 18:57:44
PAY-20260602-0001065,TRP-20260602-0001065,24.17,stc_pay,settled,2026-06-03 05:47:38
PAY-20260602-0001066,TRP-20260602-0001066,70.28,credit_card,settled,2026-06-02 14:33:09
PAY-20260602-0001067,TRP-20260602-0001067,25.37,mada,settled,2026-06-02 12:22:16
PAY-20260602-0001068,TRP-20260602-0001068,20.62,apple_pay,settled,2026-06-03 10:00:17
PAY-20260602-0001069,TRP-20260602-0001069,20.20,credit_card,settled,2026-06-03 03:19:18
PAY-20260602-0001070,TRP-20260602-0001070,27.35,cash,settled,2026-06-02 20:47:59
PAY-20260602-0001071,TRP-20260602-0001071,41.10,mada,settled,2026-06-03 09:33:51
PAY-20260602-0001072,TRP-20260602-0001072,53.39,cash,settled,2026-06-02 04:42:20
PAY-20260602-0001073,TRP-20260602-0001073,74.02,mada,settled,2026-06-03 13:13:13
PAY-20260602-0001074,TRP-20260602-0001074,29.05,wallet,settled,2026-06-02 11:28:55
PAY-20260602-0001075,TRP-20260602-0001075,35.73,mada,settled,2026-06-02 19:21:31
PAY-20260602-0001076,TRP-20260602-0001076,25.91,mada,settled,2026-06-02 15:47:09
PAY-20260602-0001077,TRP-20260602-0001077,28.01,cash,settled,2026-06-02 02:23:13
PAY-20260602-0001079,TRP-20260602-0001079,12.00,cash,settled,2026-06-02 19:43:23
PAY-20260602-0001080,TRP-20260602-0001080,17.41,cash,settled,2026-06-02 16:07:01
PAY-20260602-0001081,TRP-20260602-0001081,24.69,wallet,settled,2026-06-02 04:12:34
PAY-20260602-0001082,TRP-20260602-0001082,8.00,credit_card,settled,2026-06-03 02:53:16
PAY-20260602-0001083,TRP-20260602-0001083,17.46,mada,settled,2026-06-02 09:35:16
PAY-20260602-0001084,TRP-20260602-0001084,13.39,apple_pay,refunded,2026-06-02 11:17:07
PAY-20260602-0001085,TRP-20260602-0001085,18.29,cash,settled,2026-06-02 17:30:12
PAY-20260602-0001086,TRP-20260602-0001086,54.89,apple_pay,settled,2026-06-02 17:02:02
PAY-20260602-0001087,TRP-20260602-0001087,42.56,cash,settled,2026-06-02 10:57:25
PAY-20260602-0001088,TRP-20260602-0001088,18.91,wallet,settled,2026-06-02 06:46:14
PAY-20260602-0001089,TRP-20260602-0001089,84.21,stc_pay,settled,2026-06-02 11:16:42
PAY-20260602-0001090,TRP-20260602-0001090,13.51,apple_pay,settled,2026-06-02 09:52:18
PAY-20260602-0001091,TRP-20260602-0001091,8.00,stc_pay,settled,2026-06-03 05:13:10
PAY-20260602-0001092,TRP-20260602-0001092,22.82,mada,settled,2026-06-02 17:08:21
PAY-20260602-0001093,TRP-20260602-0001093,83.55,mada,settled,2026-06-02 13:39:52
PAY-20260602-0001094,TRP-20260602-0001094,44.77,mada,settled,2026-06-02 06:24:16
PAY-20260602-0001095,TRP-20260602-0001095,20.34,apple_pay,pending,2026-06-02 10:11:14
PAY-20260602-0001096,TRP-20260602-0001096,24.37,mada,settled,2026-06-02 19:58:32
PAY-20260602-0001097,TRP-20260602-0001097,31.09,mada,settled,2026-06-02 18:26:29
PAY-20260602-0001098,TRP-20260602-0001098,14.40,mada,settled,2026-06-02 17:04:27
PAY-20260602-0001099,TRP-20260602-0001099,47.87,mada,settled,2026-06-02 18:30:43
PAY-20260602-0001100,TRP-20260602-0001100,34.31,cash,settled,2026-06-02 18:40:56
PAY-20260602-0001101,TRP-20260602-0001101,67.33,cash,settled,2026-06-02 05:44:19
PAY-20260602-0001102,TRP-20260602-0001102,18.98,credit_card,settled,2026-06-02 11:18:55
PAY-20260602-0001103,TRP-20260602-0001103,142.83,credit_card,settled,2026-06-02 15:08:50
PAY-20260602-0001104,TRP-20260602-0001104,25.83,mada,settled,2026-06-02 15:39:15
PAY-20260602-0001105,TRP-20260602-0001105,30.78,mada,settled,2026-06-03 01:02:54
PAY-20260602-0001106,TRP-20260602-0001106,57.55,credit_card,settled,2026-06-02 16:20:40
PAY-20260602-0001107,TRP-20260602-0001107,20.17,mada,settled,2026-06-02 09:54:48
PAY-20260602-0001108,TRP-20260602-0001108,17.53,credit_card,settled,2026-06-02 07:25:04
PAY-20260602-0001109,TRP-20260602-0001109,59.89,mada,settled,2026-06-01 23:52:25
PAY-20260602-0001110,TRP-20260602-0001110,21.10,mada,settled,2026-06-02 04:19:46
PAY-20260602-0001111,TRP-20260602-0001111,24.02,mada,settled,2026-06-02 21:35:27
PAY-20260602-0001112,TRP-20260602-0001112,6.00,credit_card,settled,2026-06-03 03:13:05
PAY-20260602-0001113,TRP-20260602-0001113,35.14,mada,settled,2026-06-02 17:16:47
PAY-20260602-0001115,TRP-20260602-0001115,53.64,wallet,settled,2026-06-02 16:25:23
PAY-20260602-0001116,TRP-20260602-0001116,22.00,mada,pending,2026-06-02 17:06:22
PAY-20260602-0001117,TRP-20260602-0001117,23.31,credit_card,settled,2026-06-02 19:28:29
PAY-20260602-0001118,TRP-20260602-0001118,121.61,cash,settled,2026-06-02 07:21:39
PAY-20260602-0001119,TRP-20260602-0001119,14.81,stc_pay,settled,2026-06-02 18:46:00
PAY-20260602-0001120,TRP-20260602-0001120,77.54,credit_card,settled,2026-06-02 00:26:09
PAY-20260602-0001121,TRP-20260602-0001121,29.22,wallet,settled,2026-06-02 17:49:59
PAY-20260602-0001122,TRP-20260602-0001122,105.64,credit_card,settled,2026-06-02 10:35:18
PAY-20260602-0001123,TRP-20260602-0001123,44.03,apple_pay,settled,2026-06-02 12:57:52
PAY-20260602-0001124,TRP-20260602-0001124,16.76,apple_pay,settled,2026-06-02 13:46:59
PAY-20260602-0001126,TRP-20260602-0001126,37.48,cash,settled,2026-06-02 13:02:28
PAY-20260602-0001127,TRP-20260602-0001127,38.93,stc_pay,pending,2026-06-02 13:29:19
PAY-20260602-0001128,TRP-20260602-0001128,44.05,wallet,settled,2026-06-02 02:25:23
PAY-20260602-0001129,TRP-20260602-0001129,16.26,apple_pay,settled,2026-06-02 18:36:32
PAY-20260602-0001130,TRP-20260602-0001130,106.49,mada,settled,2026-06-03 07:56:39
PAY-20260602-0001131,TRP-20260602-0001131,67.24,mada,settled,2026-06-02 18:41:06
PAY-20260602-0001132,TRP-20260602-0001132,30.76,mada,settled,2026-06-03 11:43:54
PAY-20260602-0001133,TRP-20260602-0001133,11.93,mada,pending,2026-06-02 18:04:15
PAY-20260602-0001134,TRP-20260602-0001134,29.75,mada,settled,2026-06-02 23:04:01
PAY-20260602-0001135,TRP-20260602-0001135,65.00,apple_pay,settled,2026-06-02 16:48:29
PAY-20260602-0001136,TRP-20260602-0001136,15.67,apple_pay,settled,2026-06-02 11:01:59
PAY-20260602-0001137,TRP-20260602-0001137,105.67,credit_card,settled,2026-06-02 12:30:09
PAY-20260602-0001138,TRP-20260602-0001138,16.91,credit_card,settled,2026-06-02 20:39:57
PAY-20260602-0001139,TRP-20260602-0001139,24.76,wallet,settled,2026-06-02 13:34:33
PAY-20260602-0001140,TRP-20260602-0001140,70.55,wallet,settled,2026-06-02 05:42:58
PAY-20260602-0001141,TRP-20260602-0001141,13.48,cash,settled,2026-06-02 06:49:02
PAY-20260602-0001142,TRP-20260602-0001142,75.62,apple_pay,settled,2026-06-02 19:34:23
PAY-20260602-0001143,TRP-20260602-0001143,45.78,mada,settled,2026-06-02 19:07:06
PAY-20260602-0001144,TRP-20260602-0001144,47.61,credit_card,settled,2026-06-03 07:24:05
PAY-20260602-0001145,TRP-20260602-0001145,42.71,mada,settled,2026-06-03 04:55:40
PAY-20260602-0001146,TRP-20260602-0001146,17.19,stc_pay,settled,2026-06-02 04:47:43
PAY-20260602-0001147,TRP-20260602-0001147,14.58,stc_pay,settled,2026-06-02 05:16:12
PAY-20260602-0001148,TRP-20260602-0001148,89.10,stc_pay,settled,2026-06-03 14:11:06
PAY-20260602-0001149,TRP-20260602-0001149,23.83,cash,settled,2026-06-02 06:16:19
PAY-20260602-0001150,TRP-20260602-0001150,15.49,apple_pay,settled,2026-06-02 09:03:08
PAY-20260602-0001151,TRP-20260602-0001151,49.64,mada,settled,2026-06-02 17:40:21
PAY-20260602-0001152,TRP-20260602-0001152,79.33,cash,settled,2026-06-02 16:15:57
PAY-20260602-0001153,TRP-20260602-0001153,29.55,cash,settled,2026-06-02 17:01:20
PAY-20260602-0001154,TRP-20260602-0001154,74.28,apple_pay,settled,2026-06-02 06:08:52
PAY-20260602-0001155,TRP-20260602-0001155,17.32,mada,settled,2026-06-02 12:10:08
PAY-20260602-0001156,TRP-20260602-0001156,48.16,apple_pay,settled,2026-06-03 04:02:38
PAY-20260602-0001157,TRP-20260602-0001157,13.77,mada,settled,2026-06-02 10:12:03
PAY-20260602-0001158,TRP-20260602-0001158,35.71,credit_card,settled,2026-06-02 15:11:03
PAY-20260602-0001159,TRP-20260602-0001159,84.94,mada,settled,2026-06-02 06:48:23
PAY-20260602-0001160,TRP-20260602-0001160,84.84,mada,settled,2026-06-02 16:10:18
PAY-20260602-0001161,TRP-20260602-0001161,19.95,apple_pay,settled,2026-06-02 16:53:59
PAY-20260602-0001163,TRP-20260602-0001163,22.60,mada,settled,2026-06-02 15:29:28
PAY-20260602-0001164,TRP-20260602-0001164,28.56,stc_pay,settled,2026-06-02 20:15:59
PAY-20260602-0001165,TRP-20260602-0001165,10.00,apple_pay,settled,2026-06-02 18:25:40
PAY-20260602-0001166,TRP-20260602-0001166,10.00,mada,settled,2026-06-02 19:06:20
PAY-20260602-0001167,TRP-20260602-0001167,25.71,mada,settled,2026-06-03 15:24:26
PAY-20260602-0001168,TRP-20260602-0001168,13.87,cash,settled,2026-06-02 05:47:35
PAY-20260602-0001169,TRP-20260602-0001169,8.00,credit_card,settled,2026-06-02 23:47:58
PAY-20260602-0001170,TRP-20260602-0001170,13.86,credit_card,settled,2026-06-02 07:33:18
PAY-20260602-0001171,TRP-20260602-0001171,104.46,credit_card,settled,2026-06-02 08:38:03
PAY-20260602-0001172,TRP-20260602-0001172,40.17,wallet,settled,2026-06-02 21:03:08
PAY-20260602-0001173,TRP-20260602-0001173,6.00,mada,settled,2026-06-02 17:19:39
PAY-20260602-0001174,TRP-20260602-0001174,16.80,stc_pay,settled,2026-06-01 22:59:38
PAY-20260602-0001175,TRP-20260602-0001175,25.30,cash,settled,2026-06-02 12:06:26
PAY-20260602-0001176,TRP-20260602-0001176,38.78,credit_card,settled,2026-06-02 11:54:57
PAY-20260602-0001177,TRP-20260602-0001177,12.00,mada,settled,2026-06-03 09:33:50
PAY-20260602-0001178,TRP-20260602-0001178,17.03,apple_pay,settled,2026-06-02 17:48:53
PAY-20260602-0001179,TRP-20260602-0001179,14.58,mada,settled,2026-06-02 06:25:26
PAY-20260602-0001180,TRP-20260602-0001180,138.90,credit_card,settled,2026-06-02 16:44:00
PAY-20260602-0001181,TRP-20260602-0001181,12.28,mada,settled,2026-06-02 19:55:23
PAY-20260602-0001182,TRP-20260602-0001182,58.80,mada,settled,2026-06-02 20:51:21
PAY-20260602-0001183,TRP-20260602-0001183,43.37,credit_card,settled,2026-06-02 16:56:00
PAY-20260602-0001184,TRP-20260602-0001184,133.65,wallet,settled,2026-06-02 16:11:57
PAY-20260602-0001185,TRP-20260602-0001185,81.40,credit_card,settled,2026-06-02 10:27:26
PAY-20260602-0001186,TRP-20260602-0001186,12.00,credit_card,settled,2026-06-02 19:01:30
PAY-20260602-0001187,TRP-20260602-0001187,97.23,stc_pay,settled,2026-06-03 00:14:37
PAY-20260602-0001188,TRP-20260602-0001188,32.65,mada,settled,2026-06-02 12:40:44
PAY-20260602-0001189,TRP-20260602-0001189,21.89,credit_card,settled,2026-06-03 15:47:55
PAY-20260602-0001190,TRP-20260602-0001190,56.02,cash,settled,2026-06-02 15:32:46
PAY-20260602-0001191,TRP-20260602-0001191,31.63,mada,settled,2026-06-02 18:45:42
PAY-20260602-0001192,TRP-20260602-0001192,68.09,mada,settled,2026-06-02 09:39:28
PAY-20260602-0001193,TRP-20260602-0001193,16.31,wallet,settled,2026-06-02 10:56:36
PAY-20260602-0001194,TRP-20260602-0001194,67.73,stc_pay,settled,2026-06-02 10:08:28
PAY-20260602-0001195,TRP-20260602-0001195,42.54,mada,settled,2026-06-02 10:57:20
PAY-20260602-0001196,TRP-20260602-0001196,14.44,mada,failed,2026-06-02 19:19:09
PAY-20260602-0001197,TRP-20260602-0001197,58.56,mada,settled,2026-06-03 07:06:22
PAY-20260602-0001198,TRP-20260602-0001198,144.66,wallet,settled,2026-06-02 18:09:53
PAY-20260602-0001199,TRP-20260602-0001199,112.46,cash,settled,2026-06-02 16:53:37
PAY-20260602-0001200,TRP-20260602-0001200,90.65,mada,settled,2026-06-02 06:57:57
PAY-20260602-0001201,TRP-20260602-0001201,21.72,cash,settled,2026-06-02 09:41:19
PAY-20260602-0001202,TRP-20260602-0001202,10.38,cash,settled,2026-06-02 09:27:12
PAY-20260602-0001203,TRP-20260602-0001203,10.00,mada,settled,2026-06-02 08:50:13
PAY-20260602-0001204,TRP-20260602-0001204,17.28,credit_card,settled,2026-06-02 11:03:37
PAY-20260602-0001205,TRP-20260602-0001205,18.85,wallet,settled,2026-06-02 14:05:55
PAY-20260602-0001206,TRP-20260602-0001206,31.69,cash,settled,2026-06-02 15:51:47
PAY-20260602-0001207,TRP-20260602-0001207,127.26,credit_card,settled,2026-06-02 19:29:49
PAY-20260602-0001208,TRP-20260602-0001208,49.57,apple_pay,settled,2026-06-02 17:53:07
PAY-20260602-0001209,TRP-20260602-0001209,13.86,credit_card,settled,2026-06-02 05:06:43
PAY-20260602-0001210,TRP-20260602-0001210,14.41,cash,settled,2026-06-02 05:06:06
PAY-20260602-0001211,TRP-20260602-0001211,63.75,credit_card,pending,2026-06-03 18:09:50
PAY-20260602-0001212,TRP-20260602-0001212,42.35,mada,settled,2026-06-02 22:34:29
PAY-20260602-0001213,TRP-20260602-0001213,30.01,mada,settled,2026-06-02 14:12:31
PAY-20260602-0001214,TRP-20260602-0001214,28.55,apple_pay,settled,2026-06-02 06:46:32
PAY-20260602-0001215,TRP-20260602-0001215,55.76,apple_pay,settled,2026-06-03 00:46:38
PAY-20260602-0001216,TRP-20260602-0001216,19.52,credit_card,failed,2026-06-02 15:44:44
PAY-20260602-0001217,TRP-20260602-0001217,37.11,cash,settled,2026-06-02 10:19:24
PAY-20260602-0001218,TRP-20260602-0001218,16.67,wallet,pending,2026-06-02 20:21:03
PAY-20260602-0001219,TRP-20260602-0001219,55.99,apple_pay,settled,2026-06-01 21:55:15
PAY-20260602-0001220,TRP-20260602-0001220,11.00,mada,settled,2026-06-03 14:11:48
PAY-20260602-0001221,TRP-20260602-0001221,68.71,credit_card,settled,2026-06-02 19:02:51
PAY-20260602-0001222,TRP-20260602-0001222,23.26,credit_card,settled,2026-06-02 00:48:26
PAY-20260602-0001223,TRP-20260602-0001223,28.00,mada,settled,2026-06-02 12:44:18
PAY-20260602-0001224,TRP-20260602-0001224,36.92,apple_pay,settled,2026-06-03 06:54:46
PAY-20260602-0001225,TRP-20260602-0001225,16.22,wallet,settled,2026-06-02 19:03:43
PAY-20260602-0001226,TRP-20260602-0001226,29.29,mada,settled,2026-06-02 16:31:51
PAY-20260602-0001227,TRP-20260602-0001227,32.61,cash,settled,2026-06-02 11:43:02
PAY-20260602-0001228,TRP-20260602-0001228,14.59,stc_pay,settled,2026-06-02 02:33:42
PAY-20260602-0001229,TRP-20260602-0001229,53.61,credit_card,settled,2026-06-02 08:44:14
PAY-20260602-0001230,TRP-20260602-0001230,66.18,apple_pay,settled,2026-06-02 14:18:10
PAY-20260602-0001231,TRP-20260602-0001231,17.23,credit_card,settled,2026-06-02 05:02:41
PAY-20260602-0001232,TRP-20260602-0001232,157.15,apple_pay,settled,2026-06-03 01:37:50
PAY-20260602-0001233,TRP-20260602-0001233,73.03,cash,settled,2026-06-02 15:56:54
PAY-20260602-0001234,TRP-20260602-0001234,24.04,cash,settled,2026-06-02 20:44:38
PAY-20260602-0001235,TRP-20260602-0001235,34.15,credit_card,settled,2026-06-03 09:01:41
PAY-20260602-0001236,TRP-20260602-0001236,21.69,stc_pay,settled,2026-06-02 05:22:41
PAY-20260602-0001237,TRP-20260602-0001237,41.59,mada,settled,2026-06-02 16:16:48
PAY-20260602-0001238,TRP-20260602-0001238,35.27,credit_card,settled,2026-06-02 17:43:18
PAY-20260602-0001239,TRP-20260602-0001239,128.59,credit_card,settled,2026-06-02 07:09:33
PAY-20260602-0001240,TRP-20260602-0001240,38.92,mada,settled,2026-06-02 07:06:57
PAY-20260602-0001241,TRP-20260602-0001241,58.74,stc_pay,settled,2026-06-02 17:07:34
PAY-20260602-0001242,TRP-20260602-0001242,94.83,credit_card,failed,2026-06-02 15:31:35
PAY-20260602-0001243,TRP-20260602-0001243,12.00,stc_pay,settled,2026-06-02 04:57:49
PAY-20260602-0001244,TRP-20260602-0001244,29.51,cash,settled,2026-06-02 16:14:49
PAY-20260602-0001245,TRP-20260602-0001245,17.10,mada,settled,2026-06-02 01:44:19
PAY-20260602-0001246,TRP-20260602-0001246,25.31,mada,settled,2026-06-02 13:11:10
PAY-20260602-0001247,TRP-20260602-0001247,6.00,credit_card,settled,2026-06-02 17:13:41
PAY-20260602-0001249,TRP-20260602-0001249,25.40,apple_pay,settled,2026-06-02 11:39:44
PAY-20260602-0001250,TRP-20260602-0001250,16.77,credit_card,settled,2026-06-02 12:32:12
PAY-20260602-0001251,TRP-20260602-0001251,68.94,mada,settled,2026-06-02 14:01:54
PAY-20260602-0001252,TRP-20260602-0001252,24.77,mada,settled,2026-06-02 17:03:13
PAY-20260602-0001253,TRP-20260602-0001253,39.84,mada,settled,2026-06-02 11:35:18
PAY-20260602-0001254,TRP-20260602-0001254,48.06,mada,settled,2026-06-02 06:37:24
PAY-20260602-0001255,TRP-20260602-0001255,76.69,wallet,settled,2026-06-02 16:50:42
PAY-20260602-0001256,TRP-20260602-0001256,20.66,mada,settled,2026-06-03 00:44:44
PAY-20260602-0001257,TRP-20260602-0001257,66.12,mada,settled,2026-06-02 09:31:19
PAY-20260602-0001258,TRP-20260602-0001258,40.63,credit_card,settled,2026-06-02 16:48:43
PAY-20260602-0001259,TRP-20260602-0001259,13.37,credit_card,settled,2026-06-02 01:52:24
PAY-20260602-0001260,TRP-20260602-0001260,47.28,apple_pay,settled,2026-06-01 23:49:07
PAY-20260602-0001261,TRP-20260602-0001261,56.65,cash,settled,2026-06-02 17:57:06
PAY-20260602-0001262,TRP-20260602-0001262,12.78,mada,settled,2026-06-02 10:54:25
PAY-20260602-0001263,TRP-20260602-0001263,36.78,credit_card,settled,2026-06-02 06:50:02
PAY-20260602-0001266,TRP-20260602-0001266,17.07,mada,settled,2026-06-02 18:21:23
PAY-20260602-0001267,TRP-20260602-0001267,25.39,wallet,settled,2026-06-02 18:39:37
PAY-20260602-0001268,TRP-20260602-0001268,70.59,mada,settled,2026-06-02 07:51:54
PAY-20260602-0001269,TRP-20260602-0001269,36.56,cash,settled,2026-06-02 14:49:26
PAY-20260602-0001270,TRP-20260602-0001270,12.78,wallet,settled,2026-06-02 06:26:44
PAY-20260602-0001271,TRP-20260602-0001271,11.00,mada,settled,2026-06-02 07:31:36
PAY-20260602-0001272,TRP-20260602-0001272,19.24,mada,settled,2026-06-02 08:49:55
PAY-20260602-0001273,TRP-20260602-0001273,33.23,mada,settled,2026-06-02 09:30:14
PAY-20260602-0001274,TRP-20260602-0001274,90.06,credit_card,settled,2026-06-02 16:36:08
PAY-20260602-0001275,TRP-20260602-0001275,50.46,cash,settled,2026-06-02 09:47:40
PAY-20260602-0001276,TRP-20260602-0001276,80.24,apple_pay,settled,2026-06-02 18:20:37
PAY-20260602-0001277,TRP-20260602-0001277,56.79,mada,settled,2026-06-03 03:09:49
PAY-20260602-0001278,TRP-20260602-0001278,66.46,mada,settled,2026-06-02 05:49:37
PAY-20260602-0001279,TRP-20260602-0001279,148.16,mada,settled,2026-06-02 19:43:55
PAY-20260602-0001280,TRP-20260602-0001280,39.45,wallet,settled,2026-06-03 02:17:35
PAY-20260602-0001281,TRP-20260602-0001281,29.37,mada,settled,2026-06-02 05:19:31
PAY-20260602-0001283,TRP-20260602-0001283,62.66,cash,settled,2026-06-02 19:22:42
PAY-20260602-0001284,TRP-20260602-0001284,37.96,mada,settled,2026-06-03 03:55:27
PAY-20260602-0001285,TRP-20260602-0001285,21.57,mada,settled,2026-06-02 12:26:17
PAY-20260602-0001286,TRP-20260602-0001286,15.35,mada,settled,2026-06-02 22:10:20
PAY-20260602-0001287,TRP-20260602-0001287,16.24,mada,settled,2026-06-02 19:01:46
PAY-20260602-0001288,TRP-20260602-0001288,25.12,wallet,settled,2026-06-02 08:40:35
PAY-20260602-0001289,TRP-20260602-0001289,39.07,credit_card,settled,2026-06-03 02:19:15
PAY-20260602-0001290,TRP-20260602-0001290,50.69,credit_card,settled,2026-06-03 10:08:56
PAY-20260602-0001292,TRP-20260602-0001292,35.43,mada,settled,2026-06-03 01:36:24
PAY-20260602-0001293,TRP-20260602-0001293,26.03,mada,settled,2026-06-03 05:03:26
PAY-20260602-0001294,TRP-20260602-0001294,18.45,cash,settled,2026-06-02 19:03:39
PAY-20260602-0001295,TRP-20260602-0001295,42.65,mada,settled,2026-06-02 21:21:20
PAY-20260602-0001296,TRP-20260602-0001296,12.00,mada,settled,2026-06-02 07:01:28
PAY-20260602-0001297,TRP-20260602-0001297,24.81,stc_pay,settled,2026-06-02 17:28:24
PAY-20260602-0001298,TRP-20260602-0001298,43.09,apple_pay,settled,2026-06-03 07:29:04
PAY-20260602-0001299,TRP-20260602-0001299,92.85,wallet,settled,2026-06-02 09:21:20
PAY-20260602-0001300,TRP-20260602-0001300,130.26,mada,settled,2026-06-02 18:35:35
PAY-20260602-0001301,TRP-20260602-0001301,32.04,credit_card,settled,2026-06-02 12:18:17
PAY-20260602-0001302,TRP-20260602-0001302,66.86,apple_pay,settled,2026-06-02 18:13:31
PAY-20260602-0001303,TRP-20260602-0001303,51.49,credit_card,settled,2026-06-03 05:01:47
PAY-20260602-0001304,TRP-20260602-0001304,34.39,credit_card,settled,2026-06-03 03:04:51
PAY-20260602-0001305,TRP-20260602-0001305,30.82,credit_card,settled,2026-06-03 12:53:04
PAY-20260602-0001306,TRP-20260602-0001306,17.28,mada,settled,2026-06-02 13:42:48
PAY-20260602-0001307,TRP-20260602-0001307,68.16,credit_card,settled,2026-06-02 16:17:23
PAY-20260602-0001308,TRP-20260602-0001308,25.92,cash,settled,2026-06-02 03:14:21
PAY-20260602-0001309,TRP-20260602-0001309,29.78,mada,settled,2026-06-02 09:38:08
PAY-20260602-0001310,TRP-20260602-0001310,65.21,mada,settled,2026-06-02 13:12:41
PAY-20260602-0001311,TRP-20260602-0001311,35.37,cash,settled,2026-06-02 01:20:33
PAY-20260602-0001312,TRP-20260602-0001312,35.93,apple_pay,settled,2026-06-02 19:00:59
PAY-20260602-0001313,TRP-20260602-0001313,36.32,stc_pay,settled,2026-06-02 05:40:25
PAY-20260602-0001314,TRP-20260602-0001314,20.15,mada,settled,2026-06-02 11:55:20
PAY-20260602-0001315,TRP-20260602-0001315,35.51,apple_pay,settled,2026-06-02 20:22:21
PAY-20260602-0001316,TRP-20260602-0001316,82.30,apple_pay,settled,2026-06-02 06:29:02
PAY-20260602-0001317,TRP-20260602-0001317,27.84,mada,settled,2026-06-03 08:36:17
PAY-20260602-0001318,TRP-20260602-0001318,27.01,apple_pay,settled,2026-06-03 09:13:47
PAY-20260602-0001319,TRP-20260602-0001319,15.26,cash,settled,2026-06-02 08:50:48
PAY-20260602-0001320,TRP-20260602-0001320,52.43,cash,settled,2026-06-02 11:29:44
PAY-20260602-0001321,TRP-20260602-0001321,33.45,credit_card,settled,2026-06-02 20:46:20
PAY-20260602-0001322,TRP-20260602-0001322,26.05,mada,settled,2026-06-03 10:24:38
PAY-20260602-0001323,TRP-20260602-0001323,199.30,apple_pay,settled,2026-06-03 02:36:47
PAY-20260602-0001324,TRP-20260602-0001324,26.90,cash,settled,2026-06-02 07:06:03
PAY-20260602-0001325,TRP-20260602-0001325,20.46,cash,settled,2026-06-02 14:32:30
PAY-20260602-0001326,TRP-20260602-0001326,15.97,wallet,settled,2026-06-03 12:02:33
PAY-20260602-0001327,TRP-20260602-0001327,26.15,apple_pay,settled,2026-06-02 07:07:30
PAY-20260602-0001328,TRP-20260602-0001328,61.00,credit_card,settled,2026-06-02 05:28:44
PAY-20260602-0001329,TRP-20260602-0001329,32.10,credit_card,settled,2026-06-02 14:56:20
PAY-20260602-0001330,TRP-20260602-0001330,8.00,cash,settled,2026-06-02 10:23:47
PAY-20260602-0001331,TRP-20260602-0001331,34.48,credit_card,settled,2026-06-02 03:47:11
PAY-20260602-0001332,TRP-20260602-0001332,30.91,mada,settled,2026-06-02 13:48:36
PAY-20260602-0001333,TRP-20260602-0001333,37.75,mada,settled,2026-06-02 09:55:19
PAY-20260602-0001334,TRP-20260602-0001334,58.35,stc_pay,settled,2026-06-03 07:08:03
PAY-20260602-0001335,TRP-20260602-0001335,80.93,mada,settled,2026-06-02 10:04:58
PAY-20260602-0001336,TRP-20260602-0001336,70.13,stc_pay,settled,2026-06-02 10:10:18
PAY-20260602-0001337,TRP-20260602-0001337,19.02,cash,settled,2026-06-02 06:06:27
PAY-20260602-0001338,TRP-20260602-0001338,13.93,mada,settled,2026-06-02 09:35:29
PAY-20260602-0001339,TRP-20260602-0001339,21.55,credit_card,settled,2026-06-02 07:46:13
PAY-20260602-0001340,TRP-20260602-0001340,77.21,apple_pay,settled,2026-06-03 01:48:34
PAY-20260602-0001341,TRP-20260602-0001341,11.80,mada,settled,2026-06-02 03:26:15
PAY-20260602-0001342,TRP-20260602-0001342,37.24,credit_card,settled,2026-06-02 19:26:08
PAY-20260602-0001343,TRP-20260602-0001343,10.00,mada,settled,2026-06-03 11:41:11
PAY-20260602-0001345,TRP-20260602-0001345,59.11,mada,settled,2026-06-02 20:36:21
PAY-20260602-0001346,TRP-20260602-0001346,17.00,cash,settled,2026-06-02 11:32:04
PAY-20260602-0001347,TRP-20260602-0001347,58.67,apple_pay,settled,2026-06-02 14:48:13
PAY-20260602-0001348,TRP-20260602-0001348,27.18,apple_pay,settled,2026-06-02 17:44:27
PAY-20260602-0001349,TRP-20260602-0001349,28.89,wallet,settled,2026-06-03 11:16:39
PAY-20260602-0001350,TRP-20260602-0001350,28.12,mada,settled,2026-06-03 09:48:02
PAY-20260602-0001351,TRP-20260602-0001351,33.01,apple_pay,settled,2026-06-03 15:35:36
PAY-20260602-0001352,TRP-20260602-0001352,17.84,credit_card,settled,2026-06-03 03:40:25
PAY-20260602-0001353,TRP-20260602-0001353,67.59,mada,settled,2026-06-01 23:01:27
PAY-20260602-0001354,TRP-20260602-0001354,20.56,credit_card,settled,2026-06-02 09:15:40
PAY-20260602-0001355,TRP-20260602-0001355,57.08,cash,settled,2026-06-02 12:17:51
PAY-20260602-0001356,TRP-20260602-0001356,60.64,mada,settled,2026-06-03 09:58:17
PAY-20260602-0001357,TRP-20260602-0001357,36.96,apple_pay,settled,2026-06-03 07:04:03
PAY-20260602-0001358,TRP-20260602-0001358,45.49,mada,settled,2026-06-03 07:37:40
PAY-20260602-0001359,TRP-20260602-0001359,13.08,credit_card,settled,2026-06-02 14:58:35
PAY-20260602-0001360,TRP-20260602-0001360,22.44,apple_pay,settled,2026-06-02 10:01:10
PAY-20260602-0001361,TRP-20260602-0001361,69.28,cash,settled,2026-06-02 10:45:16
PAY-20260602-0001362,TRP-20260602-0001362,16.31,stc_pay,settled,2026-06-03 02:31:13
PAY-20260602-0001363,TRP-20260602-0001363,18.81,mada,settled,2026-06-02 09:04:28
PAY-20260602-0001364,TRP-20260602-0001364,13.02,mada,settled,2026-06-02 08:28:04
PAY-20260602-0001366,TRP-20260602-0001366,29.86,credit_card,settled,2026-06-02 06:17:46
PAY-20260602-0001367,TRP-20260602-0001367,8.00,credit_card,settled,2026-06-02 16:20:10
PAY-20260602-0001368,TRP-20260602-0001368,41.09,mada,settled,2026-06-02 15:55:38
PAY-20260602-0001369,TRP-20260602-0001369,15.87,mada,settled,2026-06-02 14:55:38
PAY-20260602-0001370,TRP-20260602-0001370,76.49,stc_pay,settled,2026-06-02 16:02:32
PAY-20260602-0001371,TRP-20260602-0001371,56.15,apple_pay,settled,2026-06-03 09:24:01
PAY-20260602-0001372,TRP-20260602-0001372,45.54,apple_pay,settled,2026-06-02 15:40:35
PAY-20260602-0001373,TRP-20260602-0001373,80.99,credit_card,settled,2026-06-02 19:02:05
PAY-20260602-0001374,TRP-20260602-0001374,48.74,credit_card,settled,2026-06-02 08:16:06
PAY-20260602-0001375,TRP-20260602-0001375,37.52,mada,settled,2026-06-02 20:23:06
PAY-20260602-0001376,TRP-20260602-0001376,22.68,mada,settled,2026-06-03 07:21:48
PAY-20260602-0001377,TRP-20260602-0001377,61.61,stc_pay,settled,2026-06-02 10:06:30
PAY-20260602-0001378,TRP-20260602-0001378,48.03,mada,settled,2026-06-02 06:01:49
PAY-20260602-0001379,TRP-20260602-0001379,55.92,apple_pay,settled,2026-06-02 18:41:25
PAY-20260602-0001380,TRP-20260602-0001380,68.54,mada,pending,2026-06-02 16:53:15
PAY-20260602-0001381,TRP-20260602-0001381,151.97,mada,settled,2026-06-02 22:49:58
PAY-20260602-0001382,TRP-20260602-0001382,111.60,credit_card,settled,2026-06-02 06:45:29
PAY-20260602-0001383,TRP-20260602-0001383,61.27,cash,settled,2026-06-02 16:21:26
PAY-20260602-0001384,TRP-20260602-0001384,12.92,credit_card,settled,2026-06-02 14:16:16
PAY-20260602-0001385,TRP-20260602-0001385,58.76,stc_pay,settled,2026-06-03 09:31:44
PAY-20260602-0001386,TRP-20260602-0001386,31.30,apple_pay,settled,2026-06-02 08:01:43
PAY-20260602-0001387,TRP-20260602-0001387,29.20,apple_pay,settled,2026-06-02 07:14:23
PAY-20260602-0001388,TRP-20260602-0001388,6.00,apple_pay,settled,2026-06-02 16:29:01
PAY-20260602-0001390,TRP-20260602-0001390,18.68,mada,settled,2026-06-02 06:55:44
PAY-20260602-0001391,TRP-20260602-0001391,65.43,wallet,settled,2026-06-02 16:31:17
PAY-20260602-0001392,TRP-20260602-0001392,40.87,apple_pay,settled,2026-06-02 20:05:56
PAY-20260602-0001393,TRP-20260602-0001393,25.94,credit_card,settled,2026-06-03 17:18:10
PAY-20260602-0001394,TRP-20260602-0001394,44.56,credit_card,settled,2026-06-02 16:38:40
PAY-20260602-0001395,TRP-20260602-0001395,20.90,mada,settled,2026-06-02 06:30:22
PAY-20260602-0001396,TRP-20260602-0001396,18.09,apple_pay,settled,2026-06-02 18:30:44
PAY-20260602-0001397,TRP-20260602-0001397,65.66,apple_pay,settled,2026-06-02 17:30:43
PAY-20260602-0001398,TRP-20260602-0001398,20.61,wallet,settled,2026-06-02 20:02:46
PAY-20260602-0001399,TRP-20260602-0001399,11.62,mada,settled,2026-06-02 11:29:47
PAY-20260602-0001400,TRP-20260602-0001400,24.48,mada,settled,2026-06-02 06:13:45
PAY-20260602-0001401,TRP-20260602-0001401,66.78,cash,settled,2026-06-02 18:24:01
PAY-20260602-0001402,TRP-20260602-0001402,96.87,mada,pending,2026-06-02 16:01:06
PAY-20260602-0001403,TRP-20260602-0001403,131.03,mada,settled,2026-06-03 02:55:23
PAY-20260602-0001404,TRP-20260602-0001404,20.92,mada,settled,2026-06-02 08:33:08
PAY-20260602-0001405,TRP-20260602-0001405,21.81,mada,settled,2026-06-02 16:23:14
PAY-20260602-0001406,TRP-20260602-0001406,18.92,mada,settled,2026-06-02 20:02:58
PAY-20260602-0001407,TRP-20260602-0001407,19.28,mada,settled,2026-06-03 12:29:52
PAY-20260602-0001408,TRP-20260602-0001408,16.45,stc_pay,pending,2026-06-02 21:52:54
PAY-20260602-0001409,TRP-20260602-0001409,53.27,credit_card,settled,2026-06-02 00:59:36
PAY-20260602-0001410,TRP-20260602-0001410,16.07,mada,settled,2026-06-02 06:09:53
PAY-20260602-0001411,TRP-20260602-0001411,49.02,stc_pay,settled,2026-06-02 07:49:03
PAY-20260602-0001412,TRP-20260602-0001412,11.12,stc_pay,settled,2026-06-02 04:53:52
PAY-20260602-0001413,TRP-20260602-0001413,37.68,mada,settled,2026-06-02 06:34:12
PAY-20260602-0001415,TRP-20260602-0001415,15.71,stc_pay,settled,2026-06-02 21:19:24
PAY-20260602-0001416,TRP-20260602-0001416,10.00,mada,settled,2026-06-02 19:37:42
PAY-20260602-0001417,TRP-20260602-0001417,22.20,cash,settled,2026-06-02 08:08:44
PAY-20260602-0001418,TRP-20260602-0001418,31.69,mada,settled,2026-06-02 15:35:36
PAY-20260602-0001419,TRP-20260602-0001419,33.74,mada,settled,2026-06-02 16:54:05
PAY-20260602-0001420,TRP-20260602-0001420,37.49,credit_card,pending,2026-06-02 16:19:25
PAY-20260602-0001421,TRP-20260602-0001421,24.84,stc_pay,settled,2026-06-02 17:42:06
PAY-20260602-0001422,TRP-20260602-0001422,27.17,stc_pay,settled,2026-06-02 06:55:15
PAY-20260602-0001423,TRP-20260602-0001423,14.38,apple_pay,settled,2026-06-02 10:18:23
PAY-20260602-0001424,TRP-20260602-0001424,20.49,mada,settled,2026-06-02 13:45:36
PAY-20260602-0001425,TRP-20260602-0001425,21.93,credit_card,settled,2026-06-02 09:11:40
PAY-20260602-0001426,TRP-20260602-0001426,13.55,mada,settled,2026-06-02 08:17:58
PAY-20260602-0001427,TRP-20260602-0001427,28.57,stc_pay,settled,2026-06-02 06:47:34
PAY-20260602-0001428,TRP-20260602-0001428,11.63,stc_pay,settled,2026-06-02 19:04:25
PAY-20260602-0001430,TRP-20260602-0001430,12.00,credit_card,settled,2026-06-02 18:25:07
PAY-20260602-0001431,TRP-20260602-0001431,21.59,wallet,settled,2026-06-02 06:13:13
PAY-20260602-0001432,TRP-20260602-0001432,43.03,cash,settled,2026-06-02 15:18:51
PAY-20260602-0001433,TRP-20260602-0001433,54.54,mada,settled,2026-06-02 13:05:11
PAY-20260602-0001434,TRP-20260602-0001434,16.53,mada,settled,2026-06-02 18:06:48
PAY-20260602-0001435,TRP-20260602-0001435,41.15,mada,failed,2026-06-02 05:53:23
PAY-20260602-0001436,TRP-20260602-0001436,12.66,cash,settled,2026-06-02 10:27:03
PAY-20260602-0001437,TRP-20260602-0001437,40.52,credit_card,settled,2026-06-02 16:17:43
PAY-20260602-0001438,TRP-20260602-0001438,14.35,mada,settled,2026-06-02 07:32:12
PAY-20260602-0001439,TRP-20260602-0001439,33.11,wallet,settled,2026-06-02 05:02:06
PAY-20260602-0001440,TRP-20260602-0001440,39.81,cash,settled,2026-06-02 11:31:45
PAY-20260602-0001441,TRP-20260602-0001441,67.85,stc_pay,failed,2026-06-03 11:04:52
PAY-20260602-0001442,TRP-20260602-0001442,20.86,mada,settled,2026-06-02 05:57:01
PAY-20260602-0001443,TRP-20260602-0001443,13.99,credit_card,settled,2026-06-03 10:24:34
PAY-20260602-0001444,TRP-20260602-0001444,58.65,credit_card,settled,2026-06-02 11:32:40
PAY-20260602-0001445,TRP-20260602-0001445,80.13,wallet,settled,2026-06-02 15:38:36
PAY-20260602-0001446,TRP-20260602-0001446,52.42,stc_pay,settled,2026-06-02 06:05:16
PAY-20260602-0001447,TRP-20260602-0001447,31.94,apple_pay,failed,2026-06-02 19:22:56
PAY-20260602-0001448,TRP-20260602-0001448,23.96,apple_pay,settled,2026-06-02 16:15:13
PAY-20260602-0001449,TRP-20260602-0001449,33.49,wallet,settled,2026-06-03 13:28:25
PAY-20260602-0001450,TRP-20260602-0001450,29.83,apple_pay,settled,2026-06-02 10:32:44
PAY-20260602-0001451,TRP-20260602-0001451,12.00,cash,settled,2026-06-01 22:55:43
PAY-20260602-0001452,TRP-20260602-0001452,13.74,wallet,settled,2026-06-02 12:32:52
PAY-20260602-0001453,TRP-20260602-0001453,54.68,mada,settled,2026-06-02 18:55:36
PAY-20260602-0001454,TRP-20260602-0001454,50.57,wallet,settled,2026-06-02 18:13:00
PAY-20260602-0001455,TRP-20260602-0001455,24.03,stc_pay,settled,2026-06-02 23:28:35
PAY-20260602-0001456,TRP-20260602-0001456,12.30,mada,settled,2026-06-02 21:03:16
PAY-20260602-0001457,TRP-20260602-0001457,43.25,apple_pay,settled,2026-06-03 00:08:57
PAY-20260602-0001458,TRP-20260602-0001458,11.11,mada,settled,2026-06-02 08:35:57
PAY-20260602-0001459,TRP-20260602-0001459,24.87,mada,settled,2026-06-02 00:52:10
PAY-20260602-0001460,TRP-20260602-0001460,46.20,stc_pay,settled,2026-06-02 06:54:42
PAY-20260602-0001461,TRP-20260602-0001461,17.17,stc_pay,settled,2026-06-02 17:50:48
PAY-20260602-0001462,TRP-20260602-0001462,49.96,stc_pay,settled,2026-06-02 07:12:08
PAY-20260602-0001463,TRP-20260602-0001463,31.69,credit_card,settled,2026-06-02 22:43:17
PAY-20260602-0001464,TRP-20260602-0001464,21.60,cash,settled,2026-06-02 11:47:20
PAY-20260602-0001465,TRP-20260602-0001465,62.46,mada,settled,2026-06-02 17:22:03
PAY-20260602-0001466,TRP-20260602-0001466,68.19,credit_card,settled,2026-06-02 13:58:37
PAY-20260602-0001467,TRP-20260602-0001467,114.72,mada,settled,2026-06-02 04:53:35
PAY-20260602-0001468,TRP-20260602-0001468,41.23,cash,settled,2026-06-02 06:07:12
PAY-20260602-0001469,TRP-20260602-0001469,6.00,mada,settled,2026-06-02 22:56:53
PAY-20260602-0001470,TRP-20260602-0001470,23.43,cash,settled,2026-06-02 20:34:49
PAY-20260602-0001471,TRP-20260602-0001471,49.64,mada,settled,2026-06-02 15:23:18
PAY-20260602-0001472,TRP-20260602-0001472,34.70,cash,settled,2026-06-02 10:45:48
PAY-20260602-0001473,TRP-20260602-0001473,31.98,mada,settled,2026-06-02 06:45:37
PAY-20260602-0001474,TRP-20260602-0001474,28.41,credit_card,settled,2026-06-02 20:38:50
PAY-20260602-0001475,TRP-20260602-0001475,101.77,mada,settled,2026-06-02 15:21:27
PAY-20260602-0001476,TRP-20260602-0001476,33.52,mada,settled,2026-06-02 07:13:20
PAY-20260602-0001477,TRP-20260602-0001477,16.90,cash,settled,2026-06-02 10:43:01
PAY-20260602-0001478,TRP-20260602-0001478,45.89,wallet,settled,2026-06-02 21:49:12
PAY-20260602-0001479,TRP-20260602-0001479,6.00,cash,settled,2026-06-02 15:52:24
PAY-20260602-0001480,TRP-20260602-0001480,52.33,credit_card,settled,2026-06-02 17:22:53
PAY-20260602-0001481,TRP-20260602-0001481,22.50,mada,settled,2026-06-03 12:54:28
PAY-20260602-0001482,TRP-20260602-0001482,32.71,apple_pay,settled,2026-06-02 06:32:38
PAY-20260602-0001483,TRP-20260602-0001483,122.53,mada,settled,2026-06-02 13:53:26
PAY-20260602-0001484,TRP-20260602-0001484,103.03,cash,settled,2026-06-02 09:48:17
PAY-20260602-0001485,TRP-20260602-0001485,20.06,mada,settled,2026-06-02 20:46:29
PAY-20260602-0001486,TRP-20260602-0001486,53.27,mada,settled,2026-06-02 08:59:44
PAY-20260602-0001487,TRP-20260602-0001487,55.37,credit_card,settled,2026-06-03 04:21:01
PAY-20260602-0001488,TRP-20260602-0001488,52.37,mada,settled,2026-06-02 17:45:17
PAY-20260602-0001489,TRP-20260602-0001489,78.85,apple_pay,settled,2026-06-03 08:55:17
PAY-20260602-0001490,TRP-20260602-0001490,22.65,apple_pay,settled,2026-06-02 18:58:48
PAY-20260602-0001491,TRP-20260602-0001491,58.07,wallet,settled,2026-06-02 13:19:11
PAY-20260602-0001492,TRP-20260602-0001492,22.05,mada,settled,2026-06-02 13:02:37
PAY-20260602-0001493,TRP-20260602-0001493,156.40,credit_card,settled,2026-06-02 17:49:13
PAY-20260602-0001494,TRP-20260602-0001494,88.21,credit_card,settled,2026-06-02 16:18:52
PAY-20260602-0001495,TRP-20260602-0001495,119.97,mada,settled,2026-06-02 18:22:07
PAY-20260602-0001496,TRP-20260602-0001496,24.55,credit_card,failed,2026-06-02 19:10:24
PAY-20260602-0001497,TRP-20260602-0001497,15.31,credit_card,settled,2026-06-02 05:17:26
PAY-20260602-0001498,TRP-20260602-0001498,84.40,mada,settled,2026-06-02 18:01:01
PAY-20260602-0001499,TRP-20260602-0001499,15.39,mada,settled,2026-06-02 14:26:58
PAY-20260602-0001500,TRP-20260602-0001500,19.64,credit_card,settled,2026-06-02 13:38:56
PAY-20260602-0001501,TRP-20260602-0001501,102.57,mada,settled,2026-06-02 22:52:03
PAY-20260602-0001502,TRP-20260602-0001502,43.75,stc_pay,settled,2026-06-02 15:38:56
PAY-20260602-0001503,TRP-20260602-0001503,45.39,mada,settled,2026-06-02 08:12:21
PAY-20260602-0001504,TRP-20260602-0001504,12.07,apple_pay,settled,2026-06-02 11:47:06
PAY-20260602-0001505,TRP-20260602-0001505,16.47,mada,settled,2026-06-02 13:20:53
PAY-20260602-0001506,TRP-20260602-0001506,68.89,wallet,settled,2026-06-02 07:13:38
PAY-20260602-0001507,TRP-20260602-0001507,26.27,wallet,settled,2026-06-02 19:10:52
PAY-20260602-0001508,TRP-20260602-0001508,15.64,mada,settled,2026-06-02 21:27:48
PAY-20260602-0001509,TRP-20260602-0001509,38.27,credit_card,settled,2026-06-02 16:14:03
PAY-20260602-0001510,TRP-20260602-0001510,88.97,stc_pay,settled,2026-06-03 02:21:43
PAY-20260602-0001511,TRP-20260602-0001511,38.40,apple_pay,settled,2026-06-02 09:02:47
PAY-20260602-0001512,TRP-20260602-0001512,34.64,mada,settled,2026-06-02 16:48:00
PAY-20260602-0001513,TRP-20260602-0001513,26.13,cash,settled,2026-06-02 13:44:55
PAY-20260602-0001514,TRP-20260602-0001514,39.89,wallet,settled,2026-06-02 10:07:25
PAY-20260602-0001515,TRP-20260602-0001515,6.00,cash,settled,2026-06-02 10:20:29
PAY-20260602-0001516,TRP-20260602-0001516,16.12,mada,settled,2026-06-02 11:38:26
PAY-20260602-0001517,TRP-20260602-0001517,28.11,mada,settled,2026-06-02 14:51:51
PAY-20260602-0001518,TRP-20260602-0001518,28.71,apple_pay,settled,2026-06-02 14:28:07
PAY-20260602-0001519,TRP-20260602-0001519,48.77,cash,settled,2026-06-02 15:44:15
PAY-20260602-0001520,TRP-20260602-0001520,11.90,stc_pay,settled,2026-06-03 18:28:56
PAY-20260602-0001521,TRP-20260602-0001521,93.44,mada,settled,2026-06-02 19:10:48
PAY-20260602-0001522,TRP-20260602-0001522,102.40,cash,settled,2026-06-02 16:13:46
PAY-20260602-0001524,TRP-20260602-0001524,20.14,mada,settled,2026-06-02 17:54:23
PAY-20260602-0001525,TRP-20260602-0001525,21.64,credit_card,settled,2026-06-02 16:30:54
PAY-20260602-0001527,TRP-20260602-0001527,28.32,credit_card,settled,2026-06-02 20:18:52
PAY-20260602-0001528,TRP-20260602-0001528,17.79,mada,settled,2026-06-02 06:15:38
PAY-20260602-0001529,TRP-20260602-0001529,57.03,apple_pay,settled,2026-06-02 16:06:05
PAY-20260602-0001530,TRP-20260602-0001530,38.92,mada,settled,2026-06-03 14:34:10
PAY-20260602-0001531,TRP-20260602-0001531,8.00,apple_pay,settled,2026-06-03 06:31:41
PAY-20260602-0001532,TRP-20260602-0001532,24.50,mada,settled,2026-06-02 17:23:52
PAY-20260602-0001533,TRP-20260602-0001533,123.64,credit_card,settled,2026-06-02 06:25:49
PAY-20260602-0001534,TRP-20260602-0001534,34.24,credit_card,settled,2026-06-02 15:07:35
PAY-20260602-0001535,TRP-20260602-0001535,55.46,cash,settled,2026-06-02 05:03:26
PAY-20260602-0001536,TRP-20260602-0001536,26.70,mada,settled,2026-06-02 07:40:26
PAY-20260602-0001537,TRP-20260602-0001537,25.54,mada,pending,2026-06-02 18:01:45
PAY-20260602-0001538,TRP-20260602-0001538,51.30,cash,settled,2026-06-02 19:36:12
PAY-20260602-0001539,TRP-20260602-0001539,16.36,mada,settled,2026-06-02 14:43:23
PAY-20260602-0001540,TRP-20260602-0001540,22.92,apple_pay,settled,2026-06-02 12:04:14
PAY-20260602-0001541,TRP-20260602-0001541,42.32,cash,settled,2026-06-02 07:29:30
PAY-20260602-0001542,TRP-20260602-0001542,22.21,stc_pay,settled,2026-06-02 07:48:34
PAY-20260602-0001543,TRP-20260602-0001543,63.95,apple_pay,failed,2026-06-02 19:15:44
PAY-20260602-0001544,TRP-20260602-0001544,23.78,credit_card,settled,2026-06-02 20:33:26
PAY-20260602-0001545,TRP-20260602-0001545,30.83,wallet,pending,2026-06-02 13:53:32
PAY-20260602-0001546,TRP-20260602-0001546,28.89,mada,settled,2026-06-02 21:31:36
PAY-20260602-0001547,TRP-20260602-0001547,139.00,credit_card,settled,2026-06-03 03:54:35
PAY-20260602-0001548,TRP-20260602-0001548,30.90,mada,settled,2026-06-02 04:42:43
PAY-20260602-0001549,TRP-20260602-0001549,104.77,mada,refunded,2026-06-02 17:46:14
PAY-20260602-0001550,TRP-20260602-0001550,23.34,mada,settled,2026-06-02 21:08:40
PAY-20260602-0001551,TRP-20260602-0001551,52.51,credit_card,settled,2026-06-02 14:44:32
PAY-20260602-0001552,TRP-20260602-0001552,36.40,wallet,settled,2026-06-02 19:23:56
PAY-20260602-0001553,TRP-20260602-0001553,56.03,credit_card,settled,2026-06-02 16:13:46
PAY-20260602-0001554,TRP-20260602-0001554,74.10,cash,settled,2026-06-02 18:23:59
PAY-20260602-0001555,TRP-20260602-0001555,65.00,credit_card,settled,2026-06-02 11:20:22
PAY-20260602-0001556,TRP-20260602-0001556,48.39,mada,settled,2026-06-02 10:24:59
PAY-20260602-0001557,TRP-20260602-0001557,6.00,mada,settled,2026-06-02 02:11:41
PAY-20260602-0001558,TRP-20260602-0001558,26.38,mada,settled,2026-06-02 06:16:47
PAY-20260602-0001559,TRP-20260602-0001559,17.52,credit_card,settled,2026-06-03 06:47:13
PAY-20260602-0001560,TRP-20260602-0001560,207.32,wallet,settled,2026-06-02 18:59:14
PAY-20260602-0001561,TRP-20260602-0001561,11.96,credit_card,settled,2026-06-02 07:39:01
PAY-20260602-0001562,TRP-20260602-0001562,73.07,apple_pay,settled,2026-06-02 17:33:25
PAY-20260602-0001564,TRP-20260602-0001564,161.26,credit_card,settled,2026-06-02 19:28:15
PAY-20260602-0001565,TRP-20260602-0001565,27.42,cash,settled,2026-06-02 12:16:32
PAY-20260602-0001566,TRP-20260602-0001566,67.58,mada,settled,2026-06-02 19:57:22
PAY-20260602-0001567,TRP-20260602-0001567,37.51,mada,settled,2026-06-02 12:29:43
PAY-20260602-0001568,TRP-20260602-0001568,23.85,stc_pay,settled,2026-06-03 00:03:22
PAY-20260602-0001569,TRP-20260602-0001569,19.64,apple_pay,settled,2026-06-02 20:21:06
PAY-20260602-0001570,TRP-20260602-0001570,81.32,mada,pending,2026-06-02 19:16:58
PAY-20260602-0001571,TRP-20260602-0001571,15.29,mada,settled,2026-06-02 20:34:12
PAY-20260602-0001572,TRP-20260602-0001572,27.78,credit_card,settled,2026-06-03 00:30:39
PAY-20260602-0001573,TRP-20260602-0001573,39.06,stc_pay,settled,2026-06-02 17:44:34
PAY-20260602-0001574,TRP-20260602-0001574,26.43,cash,settled,2026-06-02 15:19:36
PAY-20260602-0001575,TRP-20260602-0001575,22.75,mada,settled,2026-06-02 09:26:15
PAY-20260602-0001576,TRP-20260602-0001576,75.02,stc_pay,settled,2026-06-02 06:23:11
PAY-20260602-0001577,TRP-20260602-0001577,23.85,credit_card,settled,2026-06-02 19:02:54
PAY-20260602-0001578,TRP-20260602-0001578,34.56,mada,settled,2026-06-02 07:18:07
PAY-20260602-0001580,TRP-20260602-0001580,73.73,mada,settled,2026-06-02 16:16:18
PAY-20260602-0001581,TRP-20260602-0001581,59.21,credit_card,settled,2026-06-02 20:47:12
PAY-20260602-0001582,TRP-20260602-0001582,36.74,wallet,settled,2026-06-02 14:03:14
PAY-20260602-0001583,TRP-20260602-0001583,27.19,stc_pay,settled,2026-06-02 20:12:57
PAY-20260602-0001584,TRP-20260602-0001584,23.33,wallet,settled,2026-06-02 08:15:12
PAY-20260602-0001585,TRP-20260602-0001585,27.09,cash,settled,2026-06-02 16:46:42
PAY-20260602-0001586,TRP-20260602-0001586,27.83,mada,settled,2026-06-02 01:46:28
PAY-20260602-0001587,TRP-20260602-0001587,18.31,mada,settled,2026-06-02 19:58:26
PAY-20260602-0001588,TRP-20260602-0001588,72.92,wallet,settled,2026-06-02 02:59:03
PAY-20260602-0001589,TRP-20260602-0001589,21.42,credit_card,settled,2026-06-02 19:46:49
PAY-20260602-0001590,TRP-20260602-0001590,22.41,apple_pay,settled,2026-06-02 15:22:38
PAY-20260602-0001591,TRP-20260602-0001591,45.92,mada,settled,2026-06-02 05:34:52
PAY-20260602-0001592,TRP-20260602-0001592,178.02,cash,settled,2026-06-02 16:56:13
PAY-20260602-0001594,TRP-20260602-0001594,19.91,credit_card,settled,2026-06-02 13:13:27
PAY-20260602-0001595,TRP-20260602-0001595,41.61,stc_pay,settled,2026-06-02 08:20:33
PAY-20260602-0001596,TRP-20260602-0001596,74.78,mada,settled,2026-06-02 09:23:17
PAY-20260602-0001597,TRP-20260602-0001597,123.88,mada,settled,2026-06-02 11:15:04
PAY-20260602-0001598,TRP-20260602-0001598,27.61,credit_card,settled,2026-06-02 20:40:55
PAY-20260602-0001599,TRP-20260602-0001599,65.35,cash,settled,2026-06-02 05:10:54
PAY-20260602-0001600,TRP-20260602-0001600,15.28,cash,settled,2026-06-02 19:47:39
PAY-20260602-0001601,TRP-20260602-0001601,69.12,apple_pay,settled,2026-06-03 03:23:05
PAY-20260602-0001602,TRP-20260602-0001602,18.78,credit_card,settled,2026-06-02 09:37:44
PAY-20260602-0001603,TRP-20260602-0001603,24.92,stc_pay,settled,2026-06-03 01:55:16
PAY-20260602-0001604,TRP-20260602-0001604,48.16,mada,settled,2026-06-02 22:32:57
PAY-20260602-0001605,TRP-20260602-0001605,28.36,stc_pay,settled,2026-06-02 11:27:31
PAY-20260602-0001606,TRP-20260602-0001606,39.30,credit_card,settled,2026-06-02 17:23:37
PAY-20260602-0001607,TRP-20260602-0001607,45.95,mada,settled,2026-06-02 14:10:06
PAY-20260602-0001608,TRP-20260602-0001608,11.16,stc_pay,settled,2026-06-02 08:30:23
PAY-20260602-0001609,TRP-20260602-0001609,63.30,credit_card,settled,2026-06-03 07:50:10
PAY-20260602-0001610,TRP-20260602-0001610,13.70,credit_card,settled,2026-06-02 18:17:30
PAY-20260602-0001611,TRP-20260602-0001611,33.90,apple_pay,settled,2026-06-02 14:26:40
PAY-20260602-0001612,TRP-20260602-0001612,16.67,stc_pay,settled,2026-06-02 17:41:49
PAY-20260602-0001613,TRP-20260602-0001613,58.80,mada,settled,2026-06-02 10:39:26
PAY-20260602-0001614,TRP-20260602-0001614,118.45,mada,settled,2026-06-02 05:37:20
PAY-20260602-0001615,TRP-20260602-0001615,81.60,credit_card,settled,2026-06-02 15:41:11
PAY-20260602-0001616,TRP-20260602-0001616,16.11,mada,settled,2026-06-02 14:52:07
PAY-20260602-0001617,TRP-20260602-0001617,91.65,mada,settled,2026-06-02 11:19:33
PAY-20260602-0001618,TRP-20260602-0001618,19.26,stc_pay,settled,2026-06-02 06:47:31
PAY-20260602-0001619,TRP-20260602-0001619,27.62,credit_card,settled,2026-06-02 12:47:45
PAY-20260602-0001620,TRP-20260602-0001620,32.65,credit_card,settled,2026-06-02 16:00:25
PAY-20260602-0001621,TRP-20260602-0001621,33.05,cash,settled,2026-06-02 05:59:43
PAY-20260602-0001622,TRP-20260602-0001622,24.14,stc_pay,settled,2026-06-02 16:47:12
PAY-20260602-0001623,TRP-20260602-0001623,15.65,mada,settled,2026-06-02 05:09:47
PAY-20260602-0001624,TRP-20260602-0001624,31.68,mada,settled,2026-06-02 18:40:39
PAY-20260602-0001625,TRP-20260602-0001625,14.34,mada,settled,2026-06-02 14:26:44
PAY-20260602-0001626,TRP-20260602-0001626,21.24,credit_card,settled,2026-06-02 11:09:13
PAY-20260602-0001627,TRP-20260602-0001627,23.60,mada,settled,2026-06-02 12:50:53
PAY-20260602-0001628,TRP-20260602-0001628,49.74,stc_pay,settled,2026-06-02 07:51:48
PAY-20260602-0001629,TRP-20260602-0001629,26.99,mada,settled,2026-06-03 13:58:28
PAY-20260602-0001630,TRP-20260602-0001630,25.14,mada,settled,2026-06-03 01:42:32
PAY-20260602-0001631,TRP-20260602-0001631,31.01,credit_card,settled,2026-06-03 13:40:44
PAY-20260602-0001632,TRP-20260602-0001632,10.84,credit_card,settled,2026-06-02 15:38:16
PAY-20260602-0001633,TRP-20260602-0001633,37.83,credit_card,settled,2026-06-02 19:12:27
PAY-20260602-0001634,TRP-20260602-0001634,22.80,mada,failed,2026-06-02 20:22:42
PAY-20260602-0001635,TRP-20260602-0001635,23.01,mada,settled,2026-06-02 18:09:57
PAY-20260602-0001636,TRP-20260602-0001636,44.44,credit_card,settled,2026-06-02 00:46:32
PAY-20260602-0001637,TRP-20260602-0001637,20.48,apple_pay,refunded,2026-06-02 14:45:54
PAY-20260602-0001638,TRP-20260602-0001638,75.75,mada,settled,2026-06-02 15:37:21
PAY-20260602-0001639,TRP-20260602-0001639,34.33,apple_pay,pending,2026-06-02 18:14:41
PAY-20260602-0001640,TRP-20260602-0001640,56.19,stc_pay,settled,2026-06-02 17:40:47
PAY-20260602-0001641,TRP-20260602-0001641,28.12,credit_card,settled,2026-06-03 17:12:24
PAY-20260602-0001642,TRP-20260602-0001642,14.05,cash,settled,2026-06-02 05:10:23
PAY-20260602-0001643,TRP-20260602-0001643,12.00,mada,settled,2026-06-02 10:54:41
PAY-20260602-0001644,TRP-20260602-0001644,16.97,cash,settled,2026-06-02 04:58:51
PAY-20260602-0001645,TRP-20260602-0001645,84.72,mada,settled,2026-06-03 07:56:19
PAY-20260602-0001646,TRP-20260602-0001646,51.56,mada,settled,2026-06-02 07:05:08
PAY-20260602-0001647,TRP-20260602-0001647,18.35,wallet,settled,2026-06-02 10:53:00
PAY-20260602-0001648,TRP-20260602-0001648,63.83,stc_pay,settled,2026-06-02 20:48:34
PAY-20260602-0001649,TRP-20260602-0001649,43.66,credit_card,settled,2026-06-02 18:29:22
PAY-20260602-0001650,TRP-20260602-0001650,31.58,stc_pay,settled,2026-06-03 12:06:37
PAY-20260602-0001651,TRP-20260602-0001651,68.15,apple_pay,settled,2026-06-02 19:41:55
PAY-20260602-0001652,TRP-20260602-0001652,26.08,stc_pay,settled,2026-06-02 12:02:17
PAY-20260602-0001653,TRP-20260602-0001653,17.98,mada,settled,2026-06-03 05:12:05
PAY-20260602-0001654,TRP-20260602-0001654,67.39,credit_card,settled,2026-06-03 11:06:27
PAY-20260602-0001655,TRP-20260602-0001655,21.04,apple_pay,settled,2026-06-02 10:43:05
PAY-20260602-0001656,TRP-20260602-0001656,46.30,credit_card,settled,2026-06-02 16:22:04
PAY-20260602-0001657,TRP-20260602-0001657,99.69,wallet,settled,2026-06-02 16:43:23
PAY-20260602-0001658,TRP-20260602-0001658,38.51,cash,settled,2026-06-02 17:31:46
PAY-20260602-0001659,TRP-20260602-0001659,33.72,wallet,settled,2026-06-02 19:30:59
PAY-20260602-0001660,TRP-20260602-0001660,65.19,credit_card,settled,2026-06-02 12:32:24
PAY-20260602-0001661,TRP-20260602-0001661,10.00,credit_card,settled,2026-06-02 15:03:36
PAY-20260602-0001662,TRP-20260602-0001662,29.88,credit_card,settled,2026-06-03 16:39:46
PAY-20260602-0001663,TRP-20260602-0001663,88.66,credit_card,settled,2026-06-03 00:28:29
PAY-20260602-0001665,TRP-20260602-0001665,18.64,mada,settled,2026-06-02 05:32:41
PAY-20260602-0001666,TRP-20260602-0001666,65.29,mada,settled,2026-06-02 10:36:18
PAY-20260602-0001667,TRP-20260602-0001667,18.57,apple_pay,settled,2026-06-02 06:37:04
PAY-20260602-0001668,TRP-20260602-0001668,24.08,credit_card,settled,2026-06-02 19:09:31
PAY-20260602-0001669,TRP-20260602-0001669,45.01,apple_pay,settled,2026-06-02 06:24:19
PAY-20260602-0001670,TRP-20260602-0001670,24.21,wallet,settled,2026-06-02 15:06:08
PAY-20260602-0001671,TRP-20260602-0001671,52.10,cash,settled,2026-06-02 04:28:52
PAY-20260602-0001672,TRP-20260602-0001672,33.60,credit_card,settled,2026-06-02 14:18:46
PAY-20260602-0001673,TRP-20260602-0001673,64.04,credit_card,pending,2026-06-02 17:05:42
PAY-20260602-0001674,TRP-20260602-0001674,34.43,mada,settled,2026-06-02 16:30:25
PAY-20260602-0001675,TRP-20260602-0001675,24.37,mada,settled,2026-06-02 20:58:12
PAY-20260602-0001676,TRP-20260602-0001676,12.00,cash,settled,2026-06-02 10:27:17
PAY-20260602-0001677,TRP-20260602-0001677,21.31,credit_card,settled,2026-06-03 16:52:35
PAY-20260602-0001678,TRP-20260602-0001678,99.12,stc_pay,settled,2026-06-02 17:51:29
PAY-20260602-0001679,TRP-20260602-0001679,49.67,credit_card,settled,2026-06-02 10:00:16
PAY-20260602-0001680,TRP-20260602-0001680,21.40,mada,settled,2026-06-03 11:44:42
PAY-20260602-0001681,TRP-20260602-0001681,32.28,cash,settled,2026-06-02 06:44:15
PAY-20260602-0001682,TRP-20260602-0001682,41.51,wallet,settled,2026-06-02 02:14:14
PAY-20260602-0001683,TRP-20260602-0001683,26.94,apple_pay,settled,2026-06-02 05:43:36
PAY-20260602-0001684,TRP-20260602-0001684,45.64,apple_pay,settled,2026-06-03 04:31:57
PAY-20260602-0001685,TRP-20260602-0001685,10.00,apple_pay,settled,2026-06-02 19:24:49
PAY-20260602-0001686,TRP-20260602-0001686,19.53,credit_card,settled,2026-06-02 08:23:14
PAY-20260602-0001687,TRP-20260602-0001687,54.43,apple_pay,settled,2026-06-02 10:28:25
PAY-20260602-0001688,TRP-20260602-0001688,35.80,mada,settled,2026-06-03 15:06:08
PAY-20260602-0001689,TRP-20260602-0001689,10.00,apple_pay,settled,2026-06-02 14:48:22
PAY-20260602-0001690,TRP-20260602-0001690,13.56,mada,settled,2026-06-03 09:51:50
PAY-20260602-0001691,TRP-20260602-0001691,58.27,credit_card,settled,2026-06-03 05:44:13
PAY-20260602-0001692,TRP-20260602-0001692,57.68,apple_pay,settled,2026-06-02 05:11:54
PAY-20260602-0001693,TRP-20260602-0001693,41.10,stc_pay,settled,2026-06-02 21:43:50
PAY-20260602-0001694,TRP-20260602-0001694,11.00,credit_card,settled,2026-06-02 12:01:42
PAY-20260602-0001695,TRP-20260602-0001695,31.29,wallet,settled,2026-06-03 09:26:07
PAY-20260602-0001696,TRP-20260602-0001696,20.15,cash,settled,2026-06-02 09:05:17
PAY-20260602-0001697,TRP-20260602-0001697,27.44,credit_card,settled,2026-06-02 17:34:33
PAY-20260602-0001698,TRP-20260602-0001698,29.22,wallet,settled,2026-06-02 15:30:05
PAY-20260602-0001699,TRP-20260602-0001699,22.28,wallet,failed,2026-06-03 01:51:50
PAY-20260602-0001700,TRP-20260602-0001700,21.40,apple_pay,settled,2026-06-03 07:38:36
PAY-20260602-0001701,TRP-20260602-0001701,76.83,apple_pay,settled,2026-06-02 06:03:43
PAY-20260602-0001702,TRP-20260602-0001702,35.48,apple_pay,settled,2026-06-03 05:19:38
PAY-20260602-0001703,TRP-20260602-0001703,86.02,stc_pay,settled,2026-06-02 16:39:09
PAY-20260602-0001704,TRP-20260602-0001704,141.62,credit_card,settled,2026-06-02 18:34:41
PAY-20260602-0001705,TRP-20260602-0001705,11.08,credit_card,settled,2026-06-02 10:03:37
PAY-20260602-0001706,TRP-20260602-0001706,19.05,wallet,settled,2026-06-03 08:55:48
PAY-20260602-0001707,TRP-20260602-0001707,17.16,cash,settled,2026-06-02 14:21:48
PAY-20260602-0001708,TRP-20260602-0001708,13.05,cash,settled,2026-06-01 22:10:35
PAY-20260602-0001709,TRP-20260602-0001709,23.71,apple_pay,settled,2026-06-03 05:45:11
PAY-20260602-0001711,TRP-20260602-0001711,25.35,mada,settled,2026-06-02 08:54:13
PAY-20260602-0001712,TRP-20260602-0001712,23.77,mada,settled,2026-06-02 12:50:43
PAY-20260602-0001713,TRP-20260602-0001713,10.00,apple_pay,settled,2026-06-02 23:23:28
PAY-20260602-0001714,TRP-20260602-0001714,36.00,mada,settled,2026-06-02 22:43:11
PAY-20260602-0001715,TRP-20260602-0001715,50.73,stc_pay,pending,2026-06-02 10:26:55
PAY-20260602-0001716,TRP-20260602-0001716,22.32,apple_pay,settled,2026-06-02 21:42:39
PAY-20260602-0001717,TRP-20260602-0001717,107.09,cash,settled,2026-06-02 17:10:00
PAY-20260602-0001718,TRP-20260602-0001718,44.80,credit_card,settled,2026-06-03 01:01:20
PAY-20260602-0001719,TRP-20260602-0001719,28.96,mada,settled,2026-06-02 10:54:02
PAY-20260602-0001720,TRP-20260602-0001720,100.96,apple_pay,settled,2026-06-02 08:35:56
PAY-20260602-0001721,TRP-20260602-0001721,14.51,mada,settled,2026-06-02 15:04:37
PAY-20260602-0001722,TRP-20260602-0001722,34.38,cash,settled,2026-06-02 06:12:03
PAY-20260602-0001723,TRP-20260602-0001723,99.22,cash,settled,2026-06-02 13:04:14
PAY-20260602-0001724,TRP-20260602-0001724,8.00,stc_pay,settled,2026-06-02 14:36:09
PAY-20260602-0001725,TRP-20260602-0001725,18.74,cash,settled,2026-06-02 14:36:25
PAY-20260602-0001726,TRP-20260602-0001726,45.68,stc_pay,settled,2026-06-02 17:03:46
PAY-20260602-0001727,TRP-20260602-0001727,26.46,credit_card,settled,2026-06-02 07:20:58
PAY-20260602-0001728,TRP-20260602-0001728,16.75,apple_pay,settled,2026-06-02 23:30:36
PAY-20260602-0001729,TRP-20260602-0001729,30.29,apple_pay,settled,2026-06-02 15:39:13
PAY-20260602-0001730,TRP-20260602-0001730,13.51,credit_card,settled,2026-06-02 12:11:30
PAY-20260602-0001731,TRP-20260602-0001731,20.08,credit_card,settled,2026-06-02 19:06:45
PAY-20260602-0001732,TRP-20260602-0001732,12.35,mada,settled,2026-06-02 11:45:15
PAY-20260602-0001733,TRP-20260602-0001733,134.83,mada,settled,2026-06-02 06:54:01
PAY-20260602-0001734,TRP-20260602-0001734,15.04,stc_pay,settled,2026-06-03 16:02:52
PAY-20260602-0001735,TRP-20260602-0001735,20.89,apple_pay,settled,2026-06-03 05:01:48
PAY-20260602-0001736,TRP-20260602-0001736,33.25,stc_pay,refunded,2026-06-02 17:37:58
PAY-20260602-0001737,TRP-20260602-0001737,10.00,credit_card,settled,2026-06-02 15:06:00
PAY-20260602-0001738,TRP-20260602-0001738,96.23,mada,settled,2026-06-02 17:21:24
PAY-20260602-0001739,TRP-20260602-0001739,129.59,stc_pay,settled,2026-06-02 20:16:18
PAY-20260602-0001740,TRP-20260602-0001740,20.15,stc_pay,settled,2026-06-03 11:35:08
PAY-20260602-0001741,TRP-20260602-0001741,17.71,apple_pay,settled,2026-06-02 20:05:01
PAY-20260602-0001742,TRP-20260602-0001742,11.87,cash,settled,2026-06-02 09:57:43
PAY-20260602-0001743,TRP-20260602-0001743,49.40,mada,settled,2026-06-02 17:31:22
PAY-20260602-0001744,TRP-20260602-0001744,34.55,mada,settled,2026-06-02 15:49:40
PAY-20260602-0001747,TRP-20260602-0001747,46.72,mada,settled,2026-06-02 19:03:27
PAY-20260602-0001748,TRP-20260602-0001748,93.02,cash,settled,2026-06-02 07:54:17
PAY-20260602-0001749,TRP-20260602-0001749,21.39,apple_pay,settled,2026-06-02 14:25:49
PAY-20260602-0001750,TRP-20260602-0001750,33.42,mada,settled,2026-06-03 10:39:27
PAY-20260602-0001751,TRP-20260602-0001751,25.40,apple_pay,settled,2026-06-03 10:18:03
PAY-20260602-0001752,TRP-20260602-0001752,52.85,stc_pay,settled,2026-06-02 15:05:11
PAY-20260602-0001754,TRP-20260602-0001754,17.43,mada,settled,2026-06-02 13:54:38
PAY-20260602-0001755,TRP-20260602-0001755,57.67,apple_pay,settled,2026-06-03 08:53:42
PAY-20260602-0001756,TRP-20260602-0001756,15.61,cash,settled,2026-06-02 13:42:14
PAY-20260602-0001757,TRP-20260602-0001757,83.09,mada,settled,2026-06-02 21:51:20
PAY-20260602-0001758,TRP-20260602-0001758,104.09,mada,settled,2026-06-02 23:51:29
PAY-20260602-0001759,TRP-20260602-0001759,19.89,mada,settled,2026-06-02 19:16:47
PAY-20260602-0001760,TRP-20260602-0001760,84.59,credit_card,settled,2026-06-02 15:27:10
PAY-20260602-0001761,TRP-20260602-0001761,19.27,credit_card,settled,2026-06-02 05:27:50
PAY-20260602-0001762,TRP-20260602-0001762,47.88,credit_card,settled,2026-06-02 08:44:05
PAY-20260602-0001763,TRP-20260602-0001763,20.49,cash,settled,2026-06-02 09:48:23
PAY-20260602-0001764,TRP-20260602-0001764,81.91,mada,settled,2026-06-02 11:10:17
PAY-20260602-0001765,TRP-20260602-0001765,28.69,cash,settled,2026-06-02 01:24:34
PAY-20260602-0001766,TRP-20260602-0001766,34.73,mada,refunded,2026-06-02 14:46:20
PAY-20260602-0001767,TRP-20260602-0001767,120.41,wallet,pending,2026-06-02 20:57:38
PAY-20260602-0001768,TRP-20260602-0001768,30.87,apple_pay,settled,2026-06-02 20:02:23
PAY-20260602-0001769,TRP-20260602-0001769,75.16,mada,settled,2026-06-02 21:29:58
PAY-20260602-0001770,TRP-20260602-0001770,111.53,apple_pay,settled,2026-06-03 10:04:39
PAY-20260602-0001771,TRP-20260602-0001771,63.58,credit_card,refunded,2026-06-02 10:20:46
PAY-20260602-0001772,TRP-20260602-0001772,10.97,apple_pay,settled,2026-06-03 01:12:16
PAY-20260602-0001773,TRP-20260602-0001773,29.01,stc_pay,settled,2026-06-02 08:35:49
PAY-20260602-0001774,TRP-20260602-0001774,42.17,apple_pay,settled,2026-06-02 19:40:09
PAY-20260602-0001775,TRP-20260602-0001775,54.75,apple_pay,pending,2026-06-02 17:32:56
PAY-20260602-0001776,TRP-20260602-0001776,42.94,credit_card,settled,2026-06-02 08:13:07
PAY-20260602-0001777,TRP-20260602-0001777,15.38,apple_pay,settled,2026-06-02 18:28:48
PAY-20260602-0001778,TRP-20260602-0001778,26.27,stc_pay,settled,2026-06-02 09:26:45
PAY-20260602-0001779,TRP-20260602-0001779,26.75,mada,settled,2026-06-02 14:47:21
PAY-20260602-0001780,TRP-20260602-0001780,88.53,mada,settled,2026-06-02 07:47:28
PAY-20260602-0001781,TRP-20260602-0001781,76.91,cash,settled,2026-06-02 19:17:41
PAY-20260602-0001782,TRP-20260602-0001782,145.43,mada,settled,2026-06-02 05:44:38
PAY-20260602-0001783,TRP-20260602-0001783,20.05,mada,settled,2026-06-02 12:00:37
PAY-20260602-0001784,TRP-20260602-0001784,14.93,mada,settled,2026-06-03 11:31:46
PAY-20260602-0001785,TRP-20260602-0001785,51.87,mada,settled,2026-06-02 08:24:14
PAY-20260602-0001786,TRP-20260602-0001786,64.81,stc_pay,settled,2026-06-02 20:11:58
PAY-20260602-0001787,TRP-20260602-0001787,79.43,apple_pay,settled,2026-06-02 11:50:05
PAY-20260602-0001788,TRP-20260602-0001788,85.49,credit_card,settled,2026-06-02 14:17:22
PAY-20260602-0001789,TRP-20260602-0001789,19.90,mada,settled,2026-06-02 09:00:35
PAY-20260602-0001790,TRP-20260602-0001790,28.69,apple_pay,settled,2026-06-02 06:14:55
PAY-20260602-0001791,TRP-20260602-0001791,25.75,apple_pay,settled,2026-06-02 16:55:28
PAY-20260602-0001792,TRP-20260602-0001792,29.31,stc_pay,settled,2026-06-02 20:31:26
PAY-20260602-0001793,TRP-20260602-0001793,13.19,cash,settled,2026-06-02 10:29:38
PAY-20260602-0001794,TRP-20260602-0001794,29.68,wallet,settled,2026-06-02 16:16:16
PAY-20260602-0001795,TRP-20260602-0001795,21.58,credit_card,settled,2026-06-02 16:49:59
PAY-20260602-0001796,TRP-20260602-0001796,24.70,cash,settled,2026-06-02 13:26:48
PAY-20260602-0001797,TRP-20260602-0001797,23.15,apple_pay,settled,2026-06-02 15:56:41
PAY-20260602-0001798,TRP-20260602-0001798,38.52,stc_pay,settled,2026-06-03 08:31:15
PAY-20260602-0001799,TRP-20260602-0001799,194.98,apple_pay,settled,2026-06-02 16:52:12
PAY-20260602-0001800,TRP-20260602-0001800,26.08,apple_pay,settled,2026-06-02 14:06:47
PAY-20260602-0001801,TRP-20260602-0001801,23.36,mada,settled,2026-06-02 16:13:29
PAY-20260602-0001802,TRP-20260602-0001802,73.77,mada,settled,2026-06-02 18:07:08
PAY-20260602-0001803,TRP-20260602-0001803,28.56,credit_card,settled,2026-06-03 07:38:25
PAY-20260602-0001804,TRP-20260602-0001804,18.89,credit_card,settled,2026-06-02 22:38:08
PAY-20260602-0001805,TRP-20260602-0001805,17.23,apple_pay,settled,2026-06-02 08:10:07
PAY-20260602-0001806,TRP-20260602-0001806,26.65,apple_pay,settled,2026-06-02 05:18:43
PAY-20260602-0001807,TRP-20260602-0001807,18.32,mada,settled,2026-06-02 15:33:42
PAY-20260602-0001808,TRP-20260602-0001808,22.39,mada,settled,2026-06-02 12:34:51
PAY-20260602-0001809,TRP-20260602-0001809,22.51,credit_card,settled,2026-06-02 06:11:25
PAY-20260602-0001810,TRP-20260602-0001810,77.37,apple_pay,settled,2026-06-02 12:22:49
PAY-20260602-0001811,TRP-20260602-0001811,18.06,mada,settled,2026-06-02 05:57:12
PAY-20260602-0001812,TRP-20260602-0001812,14.58,credit_card,settled,2026-06-03 12:07:01
PAY-20260602-0001813,TRP-20260602-0001813,34.87,credit_card,settled,2026-06-03 14:26:03
PAY-20260602-0001814,TRP-20260602-0001814,37.52,credit_card,settled,2026-06-02 17:16:28
PAY-20260602-0001815,TRP-20260602-0001815,20.81,mada,settled,2026-06-02 07:48:33
PAY-20260602-0001816,TRP-20260602-0001816,10.00,stc_pay,settled,2026-06-02 13:32:44
PAY-20260602-0001817,TRP-20260602-0001817,63.12,credit_card,settled,2026-06-02 18:40:43
PAY-20260602-0001818,TRP-20260602-0001818,48.17,mada,settled,2026-06-02 11:41:47
PAY-20260602-0001819,TRP-20260602-0001819,38.97,wallet,settled,2026-06-02 08:47:48
PAY-20260602-0001820,TRP-20260602-0001820,20.49,credit_card,settled,2026-06-02 18:41:22
PAY-20260602-0001821,TRP-20260602-0001821,18.06,mada,settled,2026-06-02 06:56:08
PAY-20260602-0001822,TRP-20260602-0001822,25.07,mada,settled,2026-06-03 05:47:05
PAY-20260602-0001823,TRP-20260602-0001823,20.12,mada,settled,2026-06-02 13:00:02
PAY-20260602-0001824,TRP-20260602-0001824,39.71,stc_pay,settled,2026-06-02 14:02:10
PAY-20260602-0001825,TRP-20260602-0001825,40.15,stc_pay,settled,2026-06-02 09:57:10
PAY-20260602-0001826,TRP-20260602-0001826,58.10,mada,settled,2026-06-02 07:09:45
PAY-20260602-0001827,TRP-20260602-0001827,19.22,mada,settled,2026-06-02 16:18:16
PAY-20260602-0001828,TRP-20260602-0001828,23.17,mada,settled,2026-06-02 19:04:50
PAY-20260602-0001829,TRP-20260602-0001829,62.79,apple_pay,settled,2026-06-02 13:22:08
PAY-20260602-0001830,TRP-20260602-0001830,56.33,credit_card,settled,2026-06-03 11:05:57
PAY-20260602-0001831,TRP-20260602-0001831,102.15,mada,settled,2026-06-02 15:48:15
PAY-20260602-0001832,TRP-20260602-0001832,33.60,stc_pay,settled,2026-06-02 19:55:48
PAY-20260602-0001833,TRP-20260602-0001833,12.79,cash,settled,2026-06-02 21:05:10
PAY-20260602-0001834,TRP-20260602-0001834,50.80,mada,settled,2026-06-02 15:55:52
PAY-20260602-0001835,TRP-20260602-0001835,35.10,mada,pending,2026-06-02 08:08:49
PAY-20260602-0001836,TRP-20260602-0001836,67.67,cash,settled,2026-06-02 08:47:53
PAY-20260602-0001837,TRP-20260602-0001837,31.26,credit_card,settled,2026-06-02 10:13:22
PAY-20260602-0001838,TRP-20260602-0001838,6.00,mada,settled,2026-06-02 12:32:06
PAY-20260602-0001839,TRP-20260602-0001839,17.35,apple_pay,settled,2026-06-02 11:52:58
PAY-20260602-0001840,TRP-20260602-0001840,69.02,apple_pay,settled,2026-06-03 06:49:37
PAY-20260602-0001841,TRP-20260602-0001841,63.54,mada,settled,2026-06-02 14:58:12
PAY-20260602-0001842,TRP-20260602-0001842,98.67,mada,settled,2026-06-03 14:23:19
PAY-20260602-0001843,TRP-20260602-0001843,18.80,stc_pay,settled,2026-06-02 22:51:59
PAY-20260602-0001844,TRP-20260602-0001844,11.71,apple_pay,settled,2026-06-03 01:18:57
PAY-20260602-0001845,TRP-20260602-0001845,62.61,credit_card,settled,2026-06-02 15:49:32
PAY-20260602-0001846,TRP-20260602-0001846,12.00,stc_pay,settled,2026-06-03 03:23:34
PAY-20260602-0001847,TRP-20260602-0001847,13.71,cash,settled,2026-06-02 09:44:06
PAY-20260602-0001848,TRP-20260602-0001848,43.44,apple_pay,settled,2026-06-02 12:56:36
PAY-20260602-0001849,TRP-20260602-0001849,8.00,mada,settled,2026-06-02 17:56:24
PAY-20260602-0001850,TRP-20260602-0001850,23.22,mada,settled,2026-06-03 16:56:33
PAY-20260602-0001851,TRP-20260602-0001851,26.74,mada,settled,2026-06-02 22:35:07
PAY-20260602-0001852,TRP-20260602-0001852,14.43,credit_card,settled,2026-06-03 07:55:47
PAY-20260602-0001853,TRP-20260602-0001853,136.07,stc_pay,settled,2026-06-02 12:58:15
PAY-20260602-0001854,TRP-20260602-0001854,14.49,mada,settled,2026-06-02 21:14:54
PAY-20260602-0001855,TRP-20260602-0001855,30.37,stc_pay,settled,2026-06-02 06:29:28
PAY-20260602-0001856,TRP-20260602-0001856,96.76,mada,settled,2026-06-02 14:42:24
PAY-20260602-0001857,TRP-20260602-0001857,15.49,stc_pay,refunded,2026-06-02 12:33:52
PAY-20260602-0001858,TRP-20260602-0001858,36.72,wallet,pending,2026-06-02 07:00:26
PAY-20260602-0001859,TRP-20260602-0001859,23.21,mada,settled,2026-06-02 17:37:57
PAY-20260602-0001860,TRP-20260602-0001860,36.15,apple_pay,settled,2026-06-02 20:45:03
PAY-20260602-0001861,TRP-20260602-0001861,14.58,mada,pending,2026-06-02 04:17:26
PAY-20260602-0001862,TRP-20260602-0001862,35.82,stc_pay,settled,2026-06-02 10:25:04
PAY-20260602-0001863,TRP-20260602-0001863,21.02,credit_card,pending,2026-06-02 15:08:42
PAY-20260602-0001864,TRP-20260602-0001864,21.12,apple_pay,settled,2026-06-02 19:29:37
PAY-20260602-0001865,TRP-20260602-0001865,50.66,mada,settled,2026-06-02 12:49:52
PAY-20260602-0001866,TRP-20260602-0001866,17.93,mada,settled,2026-06-02 15:31:02
PAY-20260602-0001867,TRP-20260602-0001867,56.32,mada,settled,2026-06-02 16:05:04
PAY-20260602-0001868,TRP-20260602-0001868,60.75,mada,settled,2026-06-02 09:01:41
PAY-20260602-0001869,TRP-20260602-0001869,17.39,mada,settled,2026-06-02 20:04:23
PAY-20260602-0001870,TRP-20260602-0001870,41.61,credit_card,settled,2026-06-01 23:44:35
PAY-20260602-0001871,TRP-20260602-0001871,46.73,credit_card,settled,2026-06-02 21:54:08
PAY-20260602-0001872,TRP-20260602-0001872,50.11,mada,settled,2026-06-02 14:16:24
PAY-20260602-0001873,TRP-20260602-0001873,22.38,apple_pay,settled,2026-06-02 18:44:35
PAY-20260602-0001874,TRP-20260602-0001874,18.15,mada,settled,2026-06-02 10:37:28
PAY-20260602-0001875,TRP-20260602-0001875,14.75,apple_pay,settled,2026-06-02 11:07:06
PAY-20260602-0001876,TRP-20260602-0001876,174.22,credit_card,settled,2026-06-02 17:01:45
PAY-20260602-0001877,TRP-20260602-0001877,27.35,credit_card,settled,2026-06-03 17:05:10
PAY-20260602-0001878,TRP-20260602-0001878,41.87,stc_pay,settled,2026-06-03 14:54:24
PAY-20260602-0001879,TRP-20260602-0001879,21.85,wallet,settled,2026-06-02 10:34:11
PAY-20260602-0001880,TRP-20260602-0001880,74.20,mada,settled,2026-06-02 09:42:01
PAY-20260602-0001881,TRP-20260602-0001881,139.82,apple_pay,settled,2026-06-02 16:50:33
PAY-20260602-0001882,TRP-20260602-0001882,43.69,cash,settled,2026-06-02 10:45:35
PAY-20260602-0001883,TRP-20260602-0001883,11.00,credit_card,settled,2026-06-03 18:34:41
PAY-20260602-0001884,TRP-20260602-0001884,56.26,cash,settled,2026-06-02 11:46:02
PAY-20260602-0001885,TRP-20260602-0001885,23.21,apple_pay,settled,2026-06-02 16:17:37
PAY-20260602-0001886,TRP-20260602-0001886,81.07,stc_pay,settled,2026-06-02 17:02:15
PAY-20260602-0001887,TRP-20260602-0001887,67.61,credit_card,settled,2026-06-02 18:03:56
PAY-20260602-0001888,TRP-20260602-0001888,55.43,mada,settled,2026-06-03 01:43:54
PAY-20260602-0001889,TRP-20260602-0001889,12.74,credit_card,settled,2026-06-02 10:38:54
PAY-20260602-0001890,TRP-20260602-0001890,22.56,cash,settled,2026-06-02 19:52:04
PAY-20260602-0001891,TRP-20260602-0001891,77.01,mada,settled,2026-06-02 21:05:12
PAY-20260602-0001892,TRP-20260602-0001892,21.64,cash,settled,2026-06-01 21:35:26
PAY-20260602-0001893,TRP-20260602-0001893,78.07,apple_pay,settled,2026-06-02 18:14:39
PAY-20260602-0001894,TRP-20260602-0001894,42.15,credit_card,settled,2026-06-02 19:41:29
PAY-20260602-0001895,TRP-20260602-0001895,17.98,apple_pay,settled,2026-06-02 14:11:20
PAY-20260602-0001896,TRP-20260602-0001896,18.70,mada,settled,2026-06-02 14:30:48
PAY-20260602-0001897,TRP-20260602-0001897,78.15,mada,settled,2026-06-02 13:08:25
PAY-20260602-0001898,TRP-20260602-0001898,23.33,apple_pay,settled,2026-06-02 15:53:18
PAY-20260602-0001899,TRP-20260602-0001899,87.82,mada,settled,2026-06-02 15:57:29
PAY-20260602-0001900,TRP-20260602-0001900,17.20,mada,settled,2026-06-02 20:39:21
PAY-20260602-0001901,TRP-20260602-0001901,61.16,credit_card,settled,2026-06-02 18:22:54
PAY-20260602-0001902,TRP-20260602-0001902,12.59,cash,settled,2026-06-02 18:11:29
PAY-20260602-0001903,TRP-20260602-0001903,29.29,wallet,settled,2026-06-02 06:06:47
PAY-20260602-0001904,TRP-20260602-0001904,75.67,apple_pay,settled,2026-06-02 18:39:12
PAY-20260602-0001905,TRP-20260602-0001905,37.63,apple_pay,settled,2026-06-02 23:11:46
PAY-20260602-0001906,TRP-20260602-0001906,32.75,apple_pay,settled,2026-06-02 08:43:51
PAY-20260602-0001908,TRP-20260602-0001908,12.00,mada,settled,2026-06-01 22:32:43
PAY-20260602-0001909,TRP-20260602-0001909,71.83,apple_pay,settled,2026-06-02 13:14:56
PAY-20260602-0001910,TRP-20260602-0001910,20.02,stc_pay,settled,2026-06-02 14:49:35
PAY-20260602-0001911,TRP-20260602-0001911,10.51,apple_pay,settled,2026-06-02 23:21:47
PAY-20260602-0001912,TRP-20260602-0001912,64.64,mada,settled,2026-06-02 20:50:29
PAY-20260602-0001913,TRP-20260602-0001913,28.91,cash,settled,2026-06-02 07:14:50
PAY-20260602-0001914,TRP-20260602-0001914,24.92,credit_card,settled,2026-06-02 14:32:16
PAY-20260602-0001916,TRP-20260602-0001916,35.79,stc_pay,pending,2026-06-02 14:12:11
PAY-20260602-0001917,TRP-20260602-0001917,22.81,stc_pay,settled,2026-06-03 03:40:29
PAY-20260602-0001918,TRP-20260602-0001918,129.02,cash,settled,2026-06-02 16:13:44
PAY-20260602-0001919,TRP-20260602-0001919,79.53,credit_card,settled,2026-06-02 05:59:06
PAY-20260602-0001920,TRP-20260602-0001920,82.33,credit_card,settled,2026-06-02 18:08:08
PAY-20260602-0001921,TRP-20260602-0001921,26.25,mada,settled,2026-06-03 07:00:56
PAY-20260602-0001922,TRP-20260602-0001922,215.67,mada,settled,2026-06-03 01:56:15
PAY-20260602-0001923,TRP-20260602-0001923,45.36,cash,settled,2026-06-02 15:37:49
PAY-20260602-0001924,TRP-20260602-0001924,16.40,cash,settled,2026-06-02 08:32:03
PAY-20260602-0001925,TRP-20260602-0001925,24.48,stc_pay,settled,2026-06-03 11:08:54
PAY-20260602-0001926,TRP-20260602-0001926,59.81,apple_pay,settled,2026-06-02 06:26:55
PAY-20260602-0001927,TRP-20260602-0001927,26.54,apple_pay,settled,2026-06-02 07:37:23
PAY-20260602-0001928,TRP-20260602-0001928,81.30,wallet,settled,2026-06-02 10:02:25
PAY-20260602-0001929,TRP-20260602-0001929,28.63,cash,settled,2026-06-02 17:10:56
PAY-20260602-0001930,TRP-20260602-0001930,54.25,apple_pay,settled,2026-06-02 13:29:15
PAY-20260602-0001931,TRP-20260602-0001931,18.64,mada,settled,2026-06-02 08:16:04
PAY-20260602-0001932,TRP-20260602-0001932,39.92,mada,settled,2026-06-02 12:38:15
PAY-20260602-0001933,TRP-20260602-0001933,19.36,wallet,settled,2026-06-02 09:46:13
PAY-20260602-0001934,TRP-20260602-0001934,73.10,credit_card,settled,2026-06-02 15:32:03
PAY-20260602-0001935,TRP-20260602-0001935,47.45,credit_card,settled,2026-06-02 13:31:37
PAY-20260602-0001936,TRP-20260602-0001936,77.33,apple_pay,settled,2026-06-03 01:31:27
PAY-20260602-0001937,TRP-20260602-0001937,72.59,credit_card,settled,2026-06-02 09:43:02
PAY-20260602-0001938,TRP-20260602-0001938,19.35,credit_card,settled,2026-06-02 21:52:01
PAY-20260602-0001939,TRP-20260602-0001939,39.54,mada,settled,2026-06-02 10:30:52
PAY-20260602-0001940,TRP-20260602-0001940,180.41,stc_pay,settled,2026-06-02 17:39:43
PAY-20260602-0001941,TRP-20260602-0001941,15.79,apple_pay,settled,2026-06-02 19:06:01
PAY-20260602-0001942,TRP-20260602-0001942,25.87,mada,settled,2026-06-02 11:54:44
PAY-20260602-0001943,TRP-20260602-0001943,15.01,mada,pending,2026-06-02 20:06:53
PAY-20260602-0001944,TRP-20260602-0001944,65.07,mada,settled,2026-06-02 23:31:41
PAY-20260602-0001945,TRP-20260602-0001945,12.66,mada,settled,2026-06-02 18:02:53
PAY-20260602-0001946,TRP-20260602-0001946,51.22,apple_pay,settled,2026-06-02 09:05:20
PAY-20260602-0001947,TRP-20260602-0001947,12.21,cash,settled,2026-06-02 12:13:21
PAY-20260602-0001948,TRP-20260602-0001948,36.11,apple_pay,refunded,2026-06-02 19:58:44
PAY-20260602-0001949,TRP-20260602-0001949,34.73,stc_pay,settled,2026-06-02 15:47:55
PAY-20260602-0001950,TRP-20260602-0001950,14.93,apple_pay,settled,2026-06-02 22:30:36
PAY-20260602-0001951,TRP-20260602-0001951,24.21,apple_pay,settled,2026-06-02 19:48:49
PAY-20260602-0001952,TRP-20260602-0001952,26.69,mada,settled,2026-06-02 18:22:06
PAY-20260602-0001953,TRP-20260602-0001953,24.94,mada,settled,2026-06-02 16:37:16
PAY-20260602-0001954,TRP-20260602-0001954,32.27,apple_pay,settled,2026-06-03 02:40:52
PAY-20260602-0001955,TRP-20260602-0001955,83.87,mada,settled,2026-06-02 12:38:04
PAY-20260602-0001956,TRP-20260602-0001956,107.24,mada,settled,2026-06-02 14:44:31
PAY-20260602-0001957,TRP-20260602-0001957,22.91,stc_pay,settled,2026-06-02 08:10:09
PAY-20260602-0001958,TRP-20260602-0001958,36.40,credit_card,settled,2026-06-02 18:48:31
PAY-20260602-0001959,TRP-20260602-0001959,30.69,wallet,settled,2026-06-03 09:38:41
PAY-20260602-0001960,TRP-20260602-0001960,29.14,apple_pay,settled,2026-06-03 14:04:34
PAY-20260602-0001961,TRP-20260602-0001961,55.91,cash,settled,2026-06-02 04:20:54
PAY-20260602-0001962,TRP-20260602-0001962,28.57,mada,settled,2026-06-02 14:16:15
PAY-20260602-0001963,TRP-20260602-0001963,29.29,stc_pay,settled,2026-06-02 08:17:22
PAY-20260602-0001964,TRP-20260602-0001964,43.29,cash,settled,2026-06-02 03:21:07
PAY-20260602-0001965,TRP-20260602-0001965,13.86,wallet,settled,2026-06-02 10:31:52
PAY-20260602-0001966,TRP-20260602-0001966,21.28,mada,settled,2026-06-02 07:01:41
PAY-20260602-0001967,TRP-20260602-0001967,50.26,mada,settled,2026-06-02 06:56:04
PAY-20260602-0001968,TRP-20260602-0001968,142.08,mada,settled,2026-06-02 09:39:42
PAY-20260602-0001969,TRP-20260602-0001969,19.80,mada,settled,2026-06-02 09:06:06
PAY-20260602-0001970,TRP-20260602-0001970,24.30,mada,settled,2026-06-03 08:00:00
PAY-20260602-0001971,TRP-20260602-0001971,26.82,mada,settled,2026-06-02 19:05:08
PAY-20260602-0001972,TRP-20260602-0001972,25.56,stc_pay,settled,2026-06-03 16:02:11
PAY-20260602-0001974,TRP-20260602-0001974,99.49,mada,settled,2026-06-03 06:09:25
PAY-20260602-0001975,TRP-20260602-0001975,26.17,mada,settled,2026-06-03 11:40:22
PAY-20260602-0001976,TRP-20260602-0001976,24.06,credit_card,settled,2026-06-02 08:24:52
PAY-20260602-0001977,TRP-20260602-0001977,42.12,mada,settled,2026-06-03 13:47:25
PAY-20260602-0001978,TRP-20260602-0001978,46.03,mada,settled,2026-06-03 07:01:17
PAY-20260602-0001979,TRP-20260602-0001979,19.01,cash,settled,2026-06-01 23:13:03
PAY-20260602-0001980,TRP-20260602-0001980,41.52,apple_pay,settled,2026-06-02 19:57:13
PAY-20260602-0001981,TRP-20260602-0001981,46.58,mada,settled,2026-06-02 14:03:05
PAY-20260602-0001982,TRP-20260602-0001982,12.00,credit_card,settled,2026-06-02 21:18:56
PAY-20260602-0001983,TRP-20260602-0001983,6.00,cash,settled,2026-06-02 15:02:27
PAY-20260602-0001984,TRP-20260602-0001984,12.91,credit_card,settled,2026-06-02 23:01:14
PAY-20260602-0001985,TRP-20260602-0001985,37.38,cash,settled,2026-06-02 15:32:49
PAY-20260602-0001986,TRP-20260602-0001986,38.45,mada,settled,2026-06-03 01:37:03
PAY-20260602-0001987,TRP-20260602-0001987,22.49,mada,settled,2026-06-02 07:42:01
PAY-20260602-0001988,TRP-20260602-0001988,18.38,wallet,settled,2026-06-02 00:17:08
PAY-20260602-0001989,TRP-20260602-0001989,12.00,mada,settled,2026-06-02 11:22:52
PAY-20260602-0001990,TRP-20260602-0001990,51.25,mada,settled,2026-06-02 20:57:57
PAY-20260602-0001991,TRP-20260602-0001991,20.88,mada,settled,2026-06-02 13:07:37
PAY-20260602-0001992,TRP-20260602-0001992,46.19,cash,settled,2026-06-02 13:46:31
PAY-20260602-0001993,TRP-20260602-0001993,73.84,apple_pay,settled,2026-06-02 10:36:38
PAY-20260602-0001994,TRP-20260602-0001994,10.00,cash,settled,2026-06-02 16:21:18
PAY-20260602-0001995,TRP-20260602-0001995,126.46,mada,settled,2026-06-02 13:56:15
PAY-20260602-0001996,TRP-20260602-0001996,26.04,mada,settled,2026-06-02 16:38:57
PAY-20260602-0001997,TRP-20260602-0001997,64.44,stc_pay,settled,2026-06-02 13:35:08
PAY-20260602-0001998,TRP-20260602-0001998,45.36,credit_card,settled,2026-06-02 19:37:51
PAY-20260602-0001999,TRP-20260602-0001999,41.69,wallet,settled,2026-06-02 09:24:38
PAY-20260602-0002000,TRP-20260602-0002000,69.85,mada,settled,2026-06-02 18:51:29
PAY-20260602-0002001,TRP-20260602-0002001,40.52,mada,settled,2026-06-03 03:26:57
PAY-20260602-0002002,TRP-20260602-0002002,27.51,stc_pay,settled,2026-06-02 19:26:31
PAY-20260602-0002003,TRP-20260602-0002003,23.73,stc_pay,settled,2026-06-02 19:14:32
PAY-20260602-0002004,TRP-20260602-0002004,111.70,credit_card,settled,2026-06-02 10:43:13
PAY-20260602-0002005,TRP-20260602-0002005,59.55,wallet,settled,2026-06-02 15:29:35
PAY-20260602-0002006,TRP-20260602-0002006,45.48,credit_card,settled,2026-06-02 18:16:56
PAY-20260602-0002008,TRP-20260602-0002008,41.46,mada,settled,2026-06-02 18:10:43
PAY-20260602-0002009,TRP-20260602-0002009,6.00,apple_pay,settled,2026-06-02 19:30:06
PAY-20260602-0002010,TRP-20260602-0002010,21.38,credit_card,settled,2026-06-02 13:35:02
PAY-20260602-0002011,TRP-20260602-0002011,70.88,credit_card,settled,2026-06-02 21:17:35
PAY-20260602-0002012,TRP-20260602-0002012,20.20,credit_card,settled,2026-06-02 05:55:34
PAY-20260602-0002013,TRP-20260602-0002013,111.85,mada,settled,2026-06-02 21:37:50
PAY-20260602-0002014,TRP-20260602-0002014,25.41,stc_pay,settled,2026-06-02 08:26:09
PAY-20260602-0002015,TRP-20260602-0002015,70.99,credit_card,settled,2026-06-02 10:44:01
PAY-20260602-0002016,TRP-20260602-0002016,30.27,apple_pay,settled,2026-06-03 01:20:23
PAY-20260602-0002018,TRP-20260602-0002018,26.62,mada,settled,2026-06-02 11:00:43
PAY-20260602-0002019,TRP-20260602-0002019,166.70,mada,settled,2026-06-03 03:21:58
PAY-20260602-0002020,TRP-20260602-0002020,30.00,credit_card,settled,2026-06-02 18:39:32
PAY-20260602-0002021,TRP-20260602-0002021,33.48,cash,settled,2026-06-02 11:56:14
PAY-20260602-0002022,TRP-20260602-0002022,45.14,mada,settled,2026-06-02 17:05:19
PAY-20260602-0002023,TRP-20260602-0002023,30.17,mada,settled,2026-06-02 19:24:20
PAY-20260602-0002024,TRP-20260602-0002024,35.37,mada,settled,2026-06-02 06:15:31
PAY-20260602-0002025,TRP-20260602-0002025,24.23,apple_pay,settled,2026-06-02 09:13:41
PAY-20260602-0002026,TRP-20260602-0002026,74.66,mada,settled,2026-06-02 12:44:45
PAY-20260602-0002027,TRP-20260602-0002027,14.48,mada,settled,2026-06-02 11:13:10
PAY-20260602-0002028,TRP-20260602-0002028,6.00,apple_pay,settled,2026-06-02 11:44:13
PAY-20260602-0002029,TRP-20260602-0002029,41.75,credit_card,settled,2026-06-02 16:21:19
PAY-20260602-0002030,TRP-20260602-0002030,126.51,wallet,settled,2026-06-02 06:54:48
PAY-20260602-0002031,TRP-20260602-0002031,22.43,credit_card,settled,2026-06-02 06:31:39
PAY-20260602-0002032,TRP-20260602-0002032,29.89,wallet,settled,2026-06-02 23:43:08
PAY-20260602-0002033,TRP-20260602-0002033,46.03,credit_card,settled,2026-06-02 22:41:24
PAY-20260602-0002034,TRP-20260602-0002034,26.78,apple_pay,settled,2026-06-02 11:29:39
PAY-20260602-0002035,TRP-20260602-0002035,35.78,credit_card,settled,2026-06-02 22:49:02
PAY-20260602-0002036,TRP-20260602-0002036,30.14,cash,settled,2026-06-02 13:02:01
PAY-20260602-0002037,TRP-20260602-0002037,26.86,credit_card,settled,2026-06-02 10:07:07
PAY-20260602-0002038,TRP-20260602-0002038,45.42,credit_card,settled,2026-06-02 12:34:57
PAY-20260602-0002039,TRP-20260602-0002039,56.20,credit_card,settled,2026-06-02 10:35:05
PAY-20260602-0002040,TRP-20260602-0002040,125.85,apple_pay,settled,2026-06-03 00:28:48
PAY-20260602-0002041,TRP-20260602-0002041,36.38,wallet,settled,2026-06-02 15:56:32
PAY-20260602-0002042,TRP-20260602-0002042,89.45,stc_pay,settled,2026-06-03 01:37:33
PAY-20260602-0002043,TRP-20260602-0002043,39.32,credit_card,settled,2026-06-02 15:25:54
PAY-20260602-0002044,TRP-20260602-0002044,191.24,credit_card,settled,2026-06-02 20:36:01
PAY-20260602-0002045,TRP-20260602-0002045,33.15,apple_pay,pending,2026-06-02 05:42:14
PAY-20260602-0002046,TRP-20260602-0002046,20.91,apple_pay,settled,2026-06-03 16:58:27
PAY-20260602-0002047,TRP-20260602-0002047,28.52,mada,settled,2026-06-02 18:43:54
PAY-20260602-0002048,TRP-20260602-0002048,48.89,mada,settled,2026-06-02 18:07:45
PAY-20260602-0002049,TRP-20260602-0002049,13.19,mada,settled,2026-06-02 03:29:48
PAY-20260602-0002050,TRP-20260602-0002050,72.98,mada,settled,2026-06-02 06:45:59
PAY-20260602-0002051,TRP-20260602-0002051,21.84,stc_pay,settled,2026-06-03 10:47:28
PAY-20260602-0002052,TRP-20260602-0002052,41.76,stc_pay,settled,2026-06-03 02:59:05
PAY-20260602-0002053,TRP-20260602-0002053,52.61,credit_card,settled,2026-06-02 19:20:13
PAY-20260602-0002054,TRP-20260602-0002054,30.61,apple_pay,settled,2026-06-02 06:12:27
PAY-20260602-0002055,TRP-20260602-0002055,52.79,credit_card,settled,2026-06-02 15:30:27
PAY-20260602-0002056,TRP-20260602-0002056,27.16,credit_card,settled,2026-06-02 05:28:17
PAY-20260602-0002057,TRP-20260602-0002057,12.35,apple_pay,settled,2026-06-02 16:45:42
PAY-20260602-0002059,TRP-20260602-0002059,162.96,cash,settled,2026-06-02 16:47:59
PAY-20260602-0002061,TRP-20260602-0002061,86.48,stc_pay,settled,2026-06-02 10:57:24
PAY-20260602-0002062,TRP-20260602-0002062,45.92,mada,failed,2026-06-02 16:57:19
PAY-20260602-0002063,TRP-20260602-0002063,40.84,mada,settled,2026-06-03 05:00:15
PAY-20260602-0002064,TRP-20260602-0002064,19.42,cash,settled,2026-06-02 06:50:57
PAY-20260602-0002065,TRP-20260602-0002065,31.72,apple_pay,settled,2026-06-02 04:30:47
PAY-20260602-0002066,TRP-20260602-0002066,46.89,apple_pay,settled,2026-06-02 15:56:42
PAY-20260602-0002067,TRP-20260602-0002067,59.41,apple_pay,settled,2026-06-02 06:31:18
PAY-20260602-0002068,TRP-20260602-0002068,13.93,apple_pay,settled,2026-06-02 21:34:07
PAY-20260602-0002069,TRP-20260602-0002069,107.80,mada,settled,2026-06-03 02:03:53
PAY-20260602-0002070,TRP-20260602-0002070,22.96,credit_card,pending,2026-06-02 06:52:13
PAY-20260602-0002071,TRP-20260602-0002071,89.10,credit_card,settled,2026-06-03 03:26:35
PAY-20260602-0002072,TRP-20260602-0002072,71.10,apple_pay,settled,2026-06-02 12:13:31
PAY-20260602-0002073,TRP-20260602-0002073,30.70,mada,settled,2026-06-02 18:54:59
PAY-20260602-0002074,TRP-20260602-0002074,51.19,credit_card,settled,2026-06-03 11:27:18
PAY-20260602-0002075,TRP-20260602-0002075,32.94,credit_card,settled,2026-06-02 21:28:25
PAY-20260602-0002076,TRP-20260602-0002076,6.00,wallet,settled,2026-06-02 19:34:50
PAY-20260602-0002077,TRP-20260602-0002077,36.72,mada,settled,2026-06-02 15:03:59
PAY-20260602-0002078,TRP-20260602-0002078,29.31,mada,settled,2026-06-02 08:49:41
PAY-20260602-0002079,TRP-20260602-0002079,58.95,apple_pay,settled,2026-06-02 18:21:49
PAY-20260602-0002080,TRP-20260602-0002080,26.81,apple_pay,settled,2026-06-02 05:41:27
PAY-20260602-0002081,TRP-20260602-0002081,26.13,cash,settled,2026-06-02 10:03:03
PAY-20260602-0002082,TRP-20260602-0002082,33.08,mada,settled,2026-06-02 08:18:58
PAY-20260602-0002083,TRP-20260602-0002083,48.75,mada,settled,2026-06-03 09:02:54
PAY-20260602-0002084,TRP-20260602-0002084,39.93,mada,settled,2026-06-02 06:47:19
PAY-20260602-0002085,TRP-20260602-0002085,14.10,stc_pay,settled,2026-06-02 13:26:33
PAY-20260602-0002086,TRP-20260602-0002086,39.45,stc_pay,settled,2026-06-02 12:59:08
PAY-20260602-0002087,TRP-20260602-0002087,28.97,stc_pay,settled,2026-06-03 11:09:10
PAY-20260602-0002088,TRP-20260602-0002088,26.06,mada,settled,2026-06-02 21:26:11
PAY-20260602-0002089,TRP-20260602-0002089,8.00,mada,settled,2026-06-02 09:08:36
PAY-20260602-0002090,TRP-20260602-0002090,43.68,cash,settled,2026-06-02 14:25:12
PAY-20260602-0002091,TRP-20260602-0002091,72.92,stc_pay,settled,2026-06-02 16:30:10
PAY-20260602-0002092,TRP-20260602-0002092,18.01,apple_pay,failed,2026-06-03 05:27:29
PAY-20260602-0002093,TRP-20260602-0002093,12.84,apple_pay,settled,2026-06-02 16:39:15
PAY-20260602-0002094,TRP-20260602-0002094,12.24,credit_card,settled,2026-06-02 07:47:46
PAY-20260602-0002095,TRP-20260602-0002095,16.05,mada,settled,2026-06-02 08:49:10
PAY-20260602-0002096,TRP-20260602-0002096,10.67,wallet,settled,2026-06-03 10:13:05
PAY-20260602-0002097,TRP-20260602-0002097,29.19,cash,settled,2026-06-02 17:40:47
PAY-20260602-0002098,TRP-20260602-0002098,17.70,cash,settled,2026-06-02 20:05:50
PAY-20260602-0002099,TRP-20260602-0002099,22.89,credit_card,settled,2026-06-02 16:28:57
PAY-20260602-0002100,TRP-20260602-0002100,42.09,cash,settled,2026-06-02 17:33:52
PAY-20260602-0002101,TRP-20260602-0002101,29.81,mada,settled,2026-06-02 22:57:36
PAY-20260602-0002102,TRP-20260602-0002102,44.85,cash,settled,2026-06-02 08:47:24
PAY-20260602-0002104,TRP-20260602-0002104,47.03,mada,settled,2026-06-02 17:51:50
PAY-20260602-0002105,TRP-20260602-0002105,121.17,wallet,settled,2026-06-02 18:52:13
PAY-20260602-0002106,TRP-20260602-0002106,8.00,credit_card,failed,2026-06-02 04:26:24
PAY-20260602-0002107,TRP-20260602-0002107,56.77,mada,settled,2026-06-02 21:29:09
PAY-20260602-0002108,TRP-20260602-0002108,31.65,mada,settled,2026-06-02 05:40:41
PAY-20260602-0002109,TRP-20260602-0002109,6.00,mada,settled,2026-06-02 17:39:51
PAY-20260602-0002110,TRP-20260602-0002110,24.72,stc_pay,settled,2026-06-02 07:03:58
PAY-20260602-0002111,TRP-20260602-0002111,19.69,stc_pay,settled,2026-06-02 18:42:03
PAY-20260602-0002112,TRP-20260602-0002112,48.41,mada,settled,2026-06-02 18:04:52
PAY-20260602-0002113,TRP-20260602-0002113,42.63,stc_pay,settled,2026-06-02 16:18:17
PAY-20260602-0002114,TRP-20260602-0002114,12.59,mada,settled,2026-06-02 10:12:22
PAY-20260602-0002115,TRP-20260602-0002115,20.97,mada,settled,2026-06-02 15:18:00
PAY-20260602-0002116,TRP-20260602-0002116,59.57,credit_card,settled,2026-06-02 15:04:30
PAY-20260602-0002117,TRP-20260602-0002117,42.15,mada,settled,2026-06-02 09:22:37
PAY-20260602-0002118,TRP-20260602-0002118,19.26,mada,settled,2026-06-03 01:55:42
PAY-20260602-0002119,TRP-20260602-0002119,39.50,apple_pay,settled,2026-06-02 17:55:04
PAY-20260602-0002120,TRP-20260602-0002120,38.12,credit_card,settled,2026-06-02 14:58:14
PAY-20260602-0002121,TRP-20260602-0002121,58.66,apple_pay,settled,2026-06-02 11:15:22
PAY-20260602-0002122,TRP-20260602-0002122,6.00,mada,settled,2026-06-02 12:13:11
PAY-20260602-0002123,TRP-20260602-0002123,15.91,credit_card,settled,2026-06-03 04:33:51
PAY-20260602-0002124,TRP-20260602-0002124,22.97,mada,settled,2026-06-02 12:35:50
PAY-20260602-0002125,TRP-20260602-0002125,15.67,mada,settled,2026-06-02 02:25:06
PAY-20260602-0002126,TRP-20260602-0002126,78.70,credit_card,settled,2026-06-02 17:37:28
PAY-20260602-0002127,TRP-20260602-0002127,92.35,mada,settled,2026-06-02 20:31:48
PAY-20260602-0002128,TRP-20260602-0002128,16.46,mada,settled,2026-06-02 19:53:20
PAY-20260602-0002129,TRP-20260602-0002129,38.34,stc_pay,settled,2026-06-02 08:38:05
PAY-20260602-0002130,TRP-20260602-0002130,57.26,mada,settled,2026-06-02 18:47:34
PAY-20260602-0002131,TRP-20260602-0002131,75.67,mada,settled,2026-06-02 11:59:37
PAY-20260602-0002132,TRP-20260602-0002132,10.00,credit_card,settled,2026-06-02 20:09:50
PAY-20260602-0002133,TRP-20260602-0002133,46.86,mada,settled,2026-06-02 15:31:45
PAY-20260602-0002134,TRP-20260602-0002134,72.31,mada,settled,2026-06-03 02:30:04
PAY-20260602-0002135,TRP-20260602-0002135,39.94,mada,refunded,2026-06-02 16:25:53
PAY-20260602-0002136,TRP-20260602-0002136,20.09,mada,settled,2026-06-03 03:55:39
PAY-20260602-0002137,TRP-20260602-0002137,17.65,stc_pay,settled,2026-06-02 18:08:18
PAY-20260602-0002138,TRP-20260602-0002138,49.39,credit_card,settled,2026-06-02 00:59:11
PAY-20260602-0002139,TRP-20260602-0002139,19.29,credit_card,settled,2026-06-02 11:45:23
PAY-20260602-0002140,TRP-20260602-0002140,19.95,stc_pay,pending,2026-06-02 04:49:07
PAY-20260602-0002141,TRP-20260602-0002141,17.16,mada,settled,2026-06-03 18:40:03
PAY-20260602-0002142,TRP-20260602-0002142,72.53,cash,settled,2026-06-02 16:05:55
PAY-20260602-0002143,TRP-20260602-0002143,44.93,stc_pay,settled,2026-06-02 08:40:38
PAY-20260602-0002144,TRP-20260602-0002144,35.00,mada,settled,2026-06-02 11:21:44
PAY-20260602-0002145,TRP-20260602-0002145,80.44,mada,settled,2026-06-02 21:07:19
PAY-20260602-0002146,TRP-20260602-0002146,30.90,mada,settled,2026-06-02 16:08:08
PAY-20260602-0002147,TRP-20260602-0002147,15.33,stc_pay,settled,2026-06-03 03:01:25
PAY-20260602-0002148,TRP-20260602-0002148,45.55,apple_pay,settled,2026-06-02 17:07:48
PAY-20260602-0002149,TRP-20260602-0002149,17.86,credit_card,settled,2026-06-02 14:34:24
PAY-20260602-0002150,TRP-20260602-0002150,80.19,mada,settled,2026-06-02 16:34:50
PAY-20260602-0002151,TRP-20260602-0002151,41.28,mada,settled,2026-06-02 16:35:07
PAY-20260602-0002153,TRP-20260602-0002153,10.00,cash,settled,2026-06-02 05:04:14
PAY-20260602-0002154,TRP-20260602-0002154,20.32,cash,settled,2026-06-02 11:43:20
PAY-20260602-0002155,TRP-20260602-0002155,88.61,credit_card,settled,2026-06-02 13:13:43
PAY-20260602-0002156,TRP-20260602-0002156,84.12,mada,settled,2026-06-02 17:02:52
PAY-20260602-0002157,TRP-20260602-0002157,19.56,apple_pay,settled,2026-06-03 04:36:51
PAY-20260602-0002158,TRP-20260602-0002158,67.51,cash,settled,2026-06-02 16:40:44
PAY-20260602-0002159,TRP-20260602-0002159,75.63,cash,settled,2026-06-02 10:17:47
PAY-20260602-0002160,TRP-20260602-0002160,163.38,mada,settled,2026-06-02 22:58:30
PAY-20260602-0002161,TRP-20260602-0002161,50.77,credit_card,settled,2026-06-02 17:39:53
PAY-20260602-0002162,TRP-20260602-0002162,18.63,credit_card,settled,2026-06-02 17:55:50
PAY-20260602-0002163,TRP-20260602-0002163,103.97,mada,settled,2026-06-02 13:59:06
PAY-20260602-0002164,TRP-20260602-0002164,63.10,stc_pay,settled,2026-06-02 05:52:41
PAY-20260602-0002165,TRP-20260602-0002165,46.98,credit_card,settled,2026-06-02 15:13:05
PAY-20260602-0002166,TRP-20260602-0002166,43.35,apple_pay,settled,2026-06-01 23:31:20
PAY-20260602-0002167,TRP-20260602-0002167,13.90,mada,settled,2026-06-03 15:58:38
PAY-20260602-0002168,TRP-20260602-0002168,57.93,credit_card,settled,2026-06-02 04:10:49
PAY-20260602-0002169,TRP-20260602-0002169,52.97,cash,settled,2026-06-02 14:48:47
PAY-20260602-0002170,TRP-20260602-0002170,33.09,mada,settled,2026-06-02 14:59:01
PAY-20260602-0002171,TRP-20260602-0002171,15.45,stc_pay,settled,2026-06-02 10:54:17
PAY-20260602-0002172,TRP-20260602-0002172,12.00,cash,settled,2026-06-02 13:33:17
PAY-20260602-0002173,TRP-20260602-0002173,39.18,apple_pay,settled,2026-06-03 02:33:34
PAY-20260602-0002174,TRP-20260602-0002174,15.79,credit_card,settled,2026-06-02 23:37:46
PAY-20260602-0002175,TRP-20260602-0002175,39.52,apple_pay,settled,2026-06-02 19:48:10
PAY-20260602-0002176,TRP-20260602-0002176,21.89,mada,settled,2026-06-03 15:14:32
PAY-20260602-0002177,TRP-20260602-0002177,63.65,mada,settled,2026-06-02 12:15:18
PAY-20260602-0002178,TRP-20260602-0002178,152.87,cash,settled,2026-06-02 16:28:27
PAY-20260602-0002179,TRP-20260602-0002179,35.94,credit_card,settled,2026-06-02 06:17:40
PAY-20260602-0002180,TRP-20260602-0002180,21.78,apple_pay,settled,2026-06-02 10:46:06
PAY-20260602-0002181,TRP-20260602-0002181,30.37,credit_card,settled,2026-06-02 12:16:26
PAY-20260602-0002182,TRP-20260602-0002182,56.55,mada,settled,2026-06-02 20:09:04
PAY-20260602-0002183,TRP-20260602-0002183,10.00,apple_pay,settled,2026-06-02 13:11:42
PAY-20260602-0002184,TRP-20260602-0002184,77.04,credit_card,settled,2026-06-03 01:40:54
PAY-20260602-0002185,TRP-20260602-0002185,28.51,credit_card,settled,2026-06-02 12:00:48
PAY-20260602-0002186,TRP-20260602-0002186,30.60,mada,settled,2026-06-03 04:12:49
PAY-20260602-0002187,TRP-20260602-0002187,28.28,apple_pay,settled,2026-06-03 03:15:12
PAY-20260602-0002188,TRP-20260602-0002188,22.53,wallet,settled,2026-06-02 05:48:03
PAY-20260602-0002189,TRP-20260602-0002189,33.79,credit_card,settled,2026-06-03 02:10:44
PAY-20260602-0002190,TRP-20260602-0002190,44.26,mada,settled,2026-06-03 07:44:57
PAY-20260602-0002191,TRP-20260602-0002191,31.02,mada,settled,2026-06-02 18:03:51
PAY-20260602-0002192,TRP-20260602-0002192,14.48,cash,settled,2026-06-02 14:55:28
PAY-20260602-0002193,TRP-20260602-0002193,11.00,mada,settled,2026-06-02 20:15:24
PAY-20260602-0002194,TRP-20260602-0002194,10.00,apple_pay,settled,2026-06-02 19:02:14
PAY-20260602-0002195,TRP-20260602-0002195,12.03,credit_card,failed,2026-06-03 14:42:57
PAY-20260602-0002196,TRP-20260602-0002196,82.49,credit_card,settled,2026-06-02 09:25:06
PAY-20260602-0002197,TRP-20260602-0002197,15.57,mada,settled,2026-06-03 00:39:02
PAY-20260602-0002198,TRP-20260602-0002198,32.92,apple_pay,settled,2026-06-02 09:14:41
PAY-20260602-0002199,TRP-20260602-0002199,45.40,credit_card,settled,2026-06-02 16:15:44
PAY-20260602-0002200,TRP-20260602-0002200,11.00,credit_card,settled,2026-06-01 22:20:21
PAY-20260602-0002201,TRP-20260602-0002201,30.29,cash,settled,2026-06-02 12:39:41
PAY-20260602-0002202,TRP-20260602-0002202,94.38,stc_pay,settled,2026-06-02 07:51:01
PAY-20260602-0002203,TRP-20260602-0002203,31.32,apple_pay,settled,2026-06-02 05:09:56
PAY-20260602-0002204,TRP-20260602-0002204,34.32,mada,settled,2026-06-01 23:42:14
PAY-20260602-0002205,TRP-20260602-0002205,43.25,apple_pay,settled,2026-06-03 03:47:28
PAY-20260602-0002206,TRP-20260602-0002206,57.90,mada,settled,2026-06-02 20:01:11
PAY-20260602-0002207,TRP-20260602-0002207,46.92,wallet,pending,2026-06-02 07:01:33
PAY-20260602-0002208,TRP-20260602-0002208,28.59,apple_pay,settled,2026-06-02 17:58:24
PAY-20260602-0002209,TRP-20260602-0002209,16.77,credit_card,settled,2026-06-02 06:06:36
PAY-20260602-0002210,TRP-20260602-0002210,103.67,apple_pay,settled,2026-06-02 18:06:48
PAY-20260602-0002211,TRP-20260602-0002211,40.81,mada,settled,2026-06-02 14:57:25
PAY-20260602-0002212,TRP-20260602-0002212,48.83,mada,settled,2026-06-02 05:05:08
PAY-20260602-0002213,TRP-20260602-0002213,94.38,cash,settled,2026-06-02 19:06:16
PAY-20260602-0002214,TRP-20260602-0002214,26.33,stc_pay,settled,2026-06-02 14:37:42
PAY-20260602-0002215,TRP-20260602-0002215,13.52,mada,settled,2026-06-02 07:07:48
PAY-20260602-0002217,TRP-20260602-0002217,62.76,cash,settled,2026-06-02 21:03:19
PAY-20260602-0002218,TRP-20260602-0002218,111.98,stc_pay,settled,2026-06-03 08:36:42
PAY-20260602-0002219,TRP-20260602-0002219,48.03,mada,settled,2026-06-02 20:22:23
PAY-20260602-0002220,TRP-20260602-0002220,72.33,mada,settled,2026-06-02 16:27:53
PAY-20260602-0002221,TRP-20260602-0002221,106.67,credit_card,settled,2026-06-02 22:10:04
PAY-20260602-0002222,TRP-20260602-0002222,68.56,apple_pay,settled,2026-06-02 16:03:52
PAY-20260602-0002223,TRP-20260602-0002223,8.00,mada,settled,2026-06-02 20:46:50
PAY-20260602-0002224,TRP-20260602-0002224,46.79,mada,settled,2026-06-02 20:21:23
PAY-20260602-0002225,TRP-20260602-0002225,48.66,mada,settled,2026-06-02 18:40:15
PAY-20260602-0002226,TRP-20260602-0002226,78.48,mada,settled,2026-06-02 17:06:17
PAY-20260602-0002227,TRP-20260602-0002227,65.83,mada,settled,2026-06-02 16:05:39
PAY-20260602-0002228,TRP-20260602-0002228,44.71,stc_pay,settled,2026-06-03 04:02:34
PAY-20260602-0002230,TRP-20260602-0002230,17.52,mada,settled,2026-06-02 13:20:56
PAY-20260602-0002231,TRP-20260602-0002231,21.24,stc_pay,settled,2026-06-02 06:38:58
PAY-20260602-0002232,TRP-20260602-0002232,89.68,mada,settled,2026-06-02 15:58:59
PAY-20260602-0002233,TRP-20260602-0002233,15.32,mada,settled,2026-06-02 19:32:08
PAY-20260602-0002234,TRP-20260602-0002234,21.69,mada,settled,2026-06-02 07:16:29
PAY-20260602-0002235,TRP-20260602-0002235,23.43,apple_pay,settled,2026-06-03 08:48:45
PAY-20260602-0002236,TRP-20260602-0002236,18.75,mada,settled,2026-06-02 08:39:12
PAY-20260602-0002237,TRP-20260602-0002237,13.62,stc_pay,settled,2026-06-02 11:12:20
PAY-20260602-0002238,TRP-20260602-0002238,14.04,stc_pay,settled,2026-06-02 20:10:45
PAY-20260602-0002240,TRP-20260602-0002240,34.59,mada,settled,2026-06-02 16:25:07
PAY-20260602-0002241,TRP-20260602-0002241,33.37,credit_card,settled,2026-06-02 03:19:29
PAY-20260602-0002242,TRP-20260602-0002242,16.72,credit_card,settled,2026-06-02 20:15:50
PAY-20260602-0002243,TRP-20260602-0002243,42.64,mada,settled,2026-06-02 22:32:18
PAY-20260602-0002244,TRP-20260602-0002244,93.54,credit_card,settled,2026-06-02 17:15:32
PAY-20260602-0002245,TRP-20260602-0002245,20.04,wallet,settled,2026-06-02 13:48:26
PAY-20260602-0002246,TRP-20260602-0002246,40.50,credit_card,settled,2026-06-02 06:08:23
PAY-20260602-0002247,TRP-20260602-0002247,25.33,stc_pay,settled,2026-06-02 13:36:30
PAY-20260602-0002248,TRP-20260602-0002248,17.40,mada,settled,2026-06-02 09:25:00
PAY-20260602-0002249,TRP-20260602-0002249,14.27,apple_pay,settled,2026-06-02 06:11:07
PAY-20260602-0002250,TRP-20260602-0002250,37.42,credit_card,settled,2026-06-02 17:16:36
PAY-20260602-0002251,TRP-20260602-0002251,51.49,stc_pay,settled,2026-06-03 18:33:09
PAY-20260602-0002252,TRP-20260602-0002252,13.54,cash,settled,2026-06-02 12:14:49
PAY-20260602-0002253,TRP-20260602-0002253,34.34,mada,settled,2026-06-03 10:51:36
PAY-20260602-0002254,TRP-20260602-0002254,15.87,credit_card,settled,2026-06-02 14:42:34
PAY-20260602-0002255,TRP-20260602-0002255,11.00,apple_pay,settled,2026-06-03 20:23:34
PAY-20260602-0002256,TRP-20260602-0002256,46.61,credit_card,settled,2026-06-03 01:04:50
PAY-20260602-0002257,TRP-20260602-0002257,13.67,apple_pay,settled,2026-06-02 23:28:35
PAY-20260602-0002258,TRP-20260602-0002258,17.24,apple_pay,settled,2026-06-03 11:54:44
PAY-20260602-0002260,TRP-20260602-0002260,8.00,credit_card,settled,2026-06-02 04:16:44
PAY-20260602-0002261,TRP-20260602-0002261,14.82,credit_card,settled,2026-06-02 18:17:23
PAY-20260602-0002262,TRP-20260602-0002262,80.73,mada,settled,2026-06-03 09:29:40
PAY-20260602-0002263,TRP-20260602-0002263,31.99,mada,settled,2026-06-02 15:27:34
PAY-20260602-0002264,TRP-20260602-0002264,26.68,mada,settled,2026-06-03 00:32:24
PAY-20260602-0002265,TRP-20260602-0002265,36.38,credit_card,settled,2026-06-03 08:14:31
PAY-20260602-0002266,TRP-20260602-0002266,94.18,wallet,settled,2026-06-02 15:56:22
PAY-20260602-0002267,TRP-20260602-0002267,14.24,stc_pay,settled,2026-06-02 06:46:41
PAY-20260602-0002268,TRP-20260602-0002268,19.80,mada,settled,2026-06-03 08:24:30
PAY-20260602-0002269,TRP-20260602-0002269,45.85,cash,settled,2026-06-02 18:47:00
PAY-20260602-0002270,TRP-20260602-0002270,44.94,stc_pay,settled,2026-06-02 11:54:53
PAY-20260602-0002271,TRP-20260602-0002271,46.67,mada,settled,2026-06-03 05:02:05
PAY-20260602-0002272,TRP-20260602-0002272,26.68,credit_card,settled,2026-06-02 10:30:39
PAY-20260602-0002273,TRP-20260602-0002273,46.00,stc_pay,settled,2026-06-02 20:04:32
PAY-20260602-0002274,TRP-20260602-0002274,10.00,stc_pay,settled,2026-06-02 05:47:23
PAY-20260602-0002275,TRP-20260602-0002275,93.67,mada,settled,2026-06-02 08:17:19
PAY-20260602-0002276,TRP-20260602-0002276,8.00,apple_pay,settled,2026-06-03 07:55:24
PAY-20260602-0002277,TRP-20260602-0002277,11.00,stc_pay,settled,2026-06-02 19:47:42
PAY-20260602-0002278,TRP-20260602-0002278,22.58,mada,settled,2026-06-02 15:16:09
PAY-20260602-0002279,TRP-20260602-0002279,23.90,mada,settled,2026-06-02 10:01:43
PAY-20260602-0002280,TRP-20260602-0002280,98.46,mada,settled,2026-06-02 08:27:15
PAY-20260602-0002281,TRP-20260602-0002281,24.89,mada,settled,2026-06-02 14:37:12
PAY-20260602-0002282,TRP-20260602-0002282,12.60,credit_card,settled,2026-06-02 09:09:57
PAY-20260602-0002283,TRP-20260602-0002283,46.71,cash,settled,2026-06-02 16:24:37
PAY-20260602-0002284,TRP-20260602-0002284,117.21,wallet,settled,2026-06-03 12:43:19
PAY-20260602-0002285,TRP-20260602-0002285,11.84,credit_card,settled,2026-06-02 17:00:20
PAY-20260602-0002286,TRP-20260602-0002286,6.00,cash,settled,2026-06-02 13:00:12
PAY-20260602-0002287,TRP-20260602-0002287,29.52,mada,settled,2026-06-02 18:47:43
PAY-20260602-0002288,TRP-20260602-0002288,16.39,mada,settled,2026-06-02 10:57:50
PAY-20260602-0002289,TRP-20260602-0002289,49.25,stc_pay,settled,2026-06-02 10:43:13
PAY-20260602-0002290,TRP-20260602-0002290,48.98,cash,settled,2026-06-02 05:45:12
PAY-20260602-0002291,TRP-20260602-0002291,14.50,mada,settled,2026-06-02 10:37:50
PAY-20260602-0002292,TRP-20260602-0002292,14.98,mada,settled,2026-06-02 16:36:58
PAY-20260602-0002293,TRP-20260602-0002293,14.62,mada,settled,2026-06-02 13:52:22
PAY-20260602-0002294,TRP-20260602-0002294,20.53,mada,settled,2026-06-02 13:03:50
PAY-20260602-0002295,TRP-20260602-0002295,21.04,mada,settled,2026-06-02 09:58:17
PAY-20260602-0002296,TRP-20260602-0002296,65.86,cash,settled,2026-06-02 15:46:54
PAY-20260602-0002297,TRP-20260602-0002297,15.14,apple_pay,settled,2026-06-02 21:25:31
PAY-20260602-0002298,TRP-20260602-0002298,12.00,cash,settled,2026-06-02 20:05:38
PAY-20260602-0002299,TRP-20260602-0002299,11.00,mada,settled,2026-06-02 21:12:34
PAY-20260602-0002301,TRP-20260602-0002301,15.58,credit_card,settled,2026-06-03 02:00:40
PAY-20260602-0002302,TRP-20260602-0002302,64.31,apple_pay,settled,2026-06-02 09:30:37
PAY-20260602-0002303,TRP-20260602-0002303,92.94,credit_card,settled,2026-06-02 18:08:43
PAY-20260602-0002304,TRP-20260602-0002304,38.12,credit_card,settled,2026-06-02 15:47:43
PAY-20260602-0002305,TRP-20260602-0002305,31.79,mada,settled,2026-06-02 23:03:31
PAY-20260602-0002306,TRP-20260602-0002306,26.12,mada,settled,2026-06-02 23:13:25
PAY-20260602-0002307,TRP-20260602-0002307,45.93,credit_card,settled,2026-06-02 14:54:08
PAY-20260602-0002308,TRP-20260602-0002308,26.08,wallet,settled,2026-06-02 17:35:33
PAY-20260602-0002309,TRP-20260602-0002309,46.40,mada,settled,2026-06-02 19:58:41
PAY-20260602-0002310,TRP-20260602-0002310,46.13,mada,settled,2026-06-02 05:52:06
PAY-20260602-0002311,TRP-20260602-0002311,16.94,mada,settled,2026-06-02 18:58:01
PAY-20260602-0002312,TRP-20260602-0002312,20.94,apple_pay,settled,2026-06-02 12:08:08
PAY-20260602-0002313,TRP-20260602-0002313,25.04,cash,settled,2026-06-02 11:14:12
PAY-20260602-0002314,TRP-20260602-0002314,35.55,credit_card,settled,2026-06-02 21:59:47
PAY-20260602-0002315,TRP-20260602-0002315,99.44,apple_pay,settled,2026-06-02 16:40:56
PAY-20260602-0002316,TRP-20260602-0002316,52.33,mada,settled,2026-06-02 14:35:54
PAY-20260602-0002317,TRP-20260602-0002317,13.33,cash,settled,2026-06-02 18:47:22
PAY-20260602-0002318,TRP-20260602-0002318,18.63,cash,settled,2026-06-02 11:14:26
PAY-20260602-0002319,TRP-20260602-0002319,20.07,mada,failed,2026-06-02 07:06:00
PAY-20260602-0002320,TRP-20260602-0002320,18.54,cash,settled,2026-06-02 00:38:02
PAY-20260602-0002321,TRP-20260602-0002321,31.03,apple_pay,settled,2026-06-02 17:22:39
PAY-20260602-0002322,TRP-20260602-0002322,11.00,mada,settled,2026-06-02 23:35:57
PAY-20260602-0002323,TRP-20260602-0002323,79.93,apple_pay,settled,2026-06-02 09:45:21
PAY-20260602-0002324,TRP-20260602-0002324,170.40,cash,settled,2026-06-02 18:00:14
PAY-20260602-0002325,TRP-20260602-0002325,61.30,mada,settled,2026-06-02 20:14:59
PAY-20260602-0002326,TRP-20260602-0002326,29.08,apple_pay,settled,2026-06-02 16:52:16
PAY-20260602-0002327,TRP-20260602-0002327,121.37,stc_pay,settled,2026-06-02 16:17:02
PAY-20260602-0002328,TRP-20260602-0002328,6.00,cash,settled,2026-06-02 06:10:52
PAY-20260602-0002329,TRP-20260602-0002329,34.51,wallet,settled,2026-06-03 02:16:19
PAY-20260602-0002330,TRP-20260602-0002330,6.00,cash,settled,2026-06-02 09:58:57
PAY-20260602-0002331,TRP-20260602-0002331,16.22,cash,settled,2026-06-02 19:26:29
PAY-20260602-0002332,TRP-20260602-0002332,29.24,apple_pay,settled,2026-06-02 10:18:14
PAY-20260602-0002333,TRP-20260602-0002333,19.08,stc_pay,settled,2026-06-02 11:23:30
PAY-20260602-0002334,TRP-20260602-0002334,25.80,apple_pay,settled,2026-06-02 20:44:19
PAY-20260602-0002335,TRP-20260602-0002335,98.87,mada,settled,2026-06-02 08:15:28
PAY-20260602-0002336,TRP-20260602-0002336,95.28,cash,settled,2026-06-02 12:28:44
PAY-20260602-0002337,TRP-20260602-0002337,28.90,mada,settled,2026-06-02 15:07:24
PAY-20260602-0002338,TRP-20260602-0002338,55.84,apple_pay,settled,2026-06-02 17:17:24
PAY-20260602-0002339,TRP-20260602-0002339,39.07,stc_pay,settled,2026-06-03 05:50:55
PAY-20260602-0002340,TRP-20260602-0002340,17.26,apple_pay,settled,2026-06-02 11:15:31
PAY-20260602-0002341,TRP-20260602-0002341,26.65,mada,settled,2026-06-02 18:59:59
PAY-20260602-0002342,TRP-20260602-0002342,14.33,apple_pay,settled,2026-06-03 12:23:32
PAY-20260602-0002343,TRP-20260602-0002343,26.75,wallet,settled,2026-06-02 09:05:34
PAY-20260602-0002344,TRP-20260602-0002344,22.02,mada,settled,2026-06-02 11:56:41
PAY-20260602-0002345,TRP-20260602-0002345,29.40,mada,settled,2026-06-03 01:18:34
PAY-20260602-0002346,TRP-20260602-0002346,62.80,credit_card,settled,2026-06-02 18:59:08
PAY-20260602-0002347,TRP-20260602-0002347,14.18,mada,settled,2026-06-02 15:26:51
PAY-20260602-0002348,TRP-20260602-0002348,35.90,credit_card,settled,2026-06-02 06:35:56
PAY-20260602-0002349,TRP-20260602-0002349,17.05,credit_card,settled,2026-06-02 09:49:50
PAY-20260602-0002350,TRP-20260602-0002350,27.10,mada,settled,2026-06-02 15:53:45
PAY-20260602-0002351,TRP-20260602-0002351,62.43,apple_pay,settled,2026-06-02 16:54:41
PAY-20260602-0002352,TRP-20260602-0002352,28.94,mada,settled,2026-06-02 22:58:52
PAY-20260602-0002353,TRP-20260602-0002353,11.00,credit_card,settled,2026-06-02 20:58:53
PAY-20260602-0002354,TRP-20260602-0002354,106.19,mada,settled,2026-06-02 20:58:31
PAY-20260602-0002355,TRP-20260602-0002355,27.09,mada,settled,2026-06-03 01:38:20
PAY-20260602-0002356,TRP-20260602-0002356,11.00,mada,settled,2026-06-02 17:06:24
PAY-20260602-0002357,TRP-20260602-0002357,11.07,apple_pay,failed,2026-06-03 01:21:08
PAY-20260602-0002359,TRP-20260602-0002359,91.68,wallet,settled,2026-06-02 06:11:52
PAY-20260602-0002360,TRP-20260602-0002360,41.90,mada,settled,2026-06-02 19:05:40
PAY-20260602-0002361,TRP-20260602-0002361,93.78,cash,settled,2026-06-02 15:08:34
PAY-20260602-0002362,TRP-20260602-0002362,18.58,mada,settled,2026-06-03 01:55:58
PAY-20260602-0002363,TRP-20260602-0002363,21.09,credit_card,settled,2026-06-02 15:07:32
PAY-20260602-0002364,TRP-20260602-0002364,22.51,credit_card,settled,2026-06-02 18:12:57
PAY-20260602-0002365,TRP-20260602-0002365,19.43,credit_card,settled,2026-06-03 05:54:52
PAY-20260602-0002366,TRP-20260602-0002366,17.77,mada,settled,2026-06-02 21:50:58
PAY-20260602-0002367,TRP-20260602-0002367,12.00,cash,settled,2026-06-02 19:16:20
PAY-20260602-0002368,TRP-20260602-0002368,102.88,mada,settled,2026-06-02 20:45:22
PAY-20260602-0002369,TRP-20260602-0002369,12.24,wallet,settled,2026-06-02 21:01:50
PAY-20260602-0002370,TRP-20260602-0002370,15.79,apple_pay,settled,2026-06-02 22:03:39
PAY-20260602-0002371,TRP-20260602-0002371,12.69,stc_pay,settled,2026-06-03 05:03:09
PAY-20260602-0002372,TRP-20260602-0002372,46.93,apple_pay,settled,2026-06-02 19:41:37
PAY-20260602-0002373,TRP-20260602-0002373,35.73,credit_card,settled,2026-06-03 10:51:45
PAY-20260602-0002374,TRP-20260602-0002374,48.42,mada,settled,2026-06-02 10:46:12
PAY-20260602-0002375,TRP-20260602-0002375,46.40,mada,refunded,2026-06-02 07:41:53
PAY-20260602-0002376,TRP-20260602-0002376,77.64,mada,settled,2026-06-02 17:40:24
PAY-20260602-0002377,TRP-20260602-0002377,22.81,wallet,settled,2026-06-03 01:48:35
PAY-20260602-0002378,TRP-20260602-0002378,26.08,mada,settled,2026-06-03 07:44:44
PAY-20260602-0002379,TRP-20260602-0002379,38.17,mada,settled,2026-06-03 10:53:49
PAY-20260602-0002380,TRP-20260602-0002380,23.92,stc_pay,settled,2026-06-02 00:43:11
PAY-20260602-0002381,TRP-20260602-0002381,6.00,mada,settled,2026-06-02 17:14:50
PAY-20260602-0002382,TRP-20260602-0002382,37.03,mada,settled,2026-06-02 19:20:13
PAY-20260602-0002383,TRP-20260602-0002383,134.94,mada,settled,2026-06-02 11:38:43
PAY-20260602-0002384,TRP-20260602-0002384,22.85,credit_card,settled,2026-06-02 02:08:36
PAY-20260602-0002385,TRP-20260602-0002385,51.93,mada,settled,2026-06-02 23:27:55
PAY-20260602-0002386,TRP-20260602-0002386,20.37,wallet,settled,2026-06-02 08:54:51
PAY-20260602-0002387,TRP-20260602-0002387,22.21,credit_card,settled,2026-06-02 14:51:45
PAY-20260602-0002388,TRP-20260602-0002388,34.19,stc_pay,settled,2026-06-02 15:07:13
PAY-20260602-0002389,TRP-20260602-0002389,44.47,credit_card,settled,2026-06-02 22:19:33
PAY-20260602-0002390,TRP-20260602-0002390,28.25,credit_card,settled,2026-06-03 10:25:35
PAY-20260602-0002391,TRP-20260602-0002391,97.15,mada,settled,2026-06-02 21:05:07
PAY-20260602-0002392,TRP-20260602-0002392,99.36,cash,settled,2026-06-02 17:34:30
PAY-20260602-0002393,TRP-20260602-0002393,25.53,mada,settled,2026-06-02 07:52:33
PAY-20260602-0002394,TRP-20260602-0002394,12.06,mada,settled,2026-06-02 10:06:08
PAY-20260602-0002395,TRP-20260602-0002395,60.53,cash,settled,2026-06-02 06:44:15
PAY-20260602-0002396,TRP-20260602-0002396,14.15,mada,settled,2026-06-03 17:16:54
PAY-20260602-0002397,TRP-20260602-0002397,156.64,mada,settled,2026-06-03 05:43:12
PAY-20260602-0002398,TRP-20260602-0002398,65.61,mada,settled,2026-06-02 17:46:12
PAY-20260602-0002399,TRP-20260602-0002399,46.70,cash,settled,2026-06-02 16:45:03
PAY-20260602-0002400,TRP-20260602-0002400,22.54,mada,settled,2026-06-03 03:39:24
PAY-20260602-0002402,TRP-20260602-0002402,74.84,cash,settled,2026-06-02 18:05:26
PAY-20260602-0002403,TRP-20260602-0002403,49.15,stc_pay,settled,2026-06-02 17:45:56
PAY-20260602-0002404,TRP-20260602-0002404,15.68,stc_pay,settled,2026-06-02 17:56:47
PAY-20260602-0002405,TRP-20260602-0002405,19.70,credit_card,settled,2026-06-02 07:00:14
PAY-20260602-0002406,TRP-20260602-0002406,40.91,cash,settled,2026-06-02 11:09:22
PAY-20260602-0002407,TRP-20260602-0002407,45.54,mada,settled,2026-06-02 06:30:16
PAY-20260602-0002408,TRP-20260602-0002408,47.95,mada,settled,2026-06-02 16:25:55
PAY-20260602-0002409,TRP-20260602-0002409,21.95,stc_pay,settled,2026-06-02 11:43:27
PAY-20260602-0002410,TRP-20260602-0002410,24.64,mada,settled,2026-06-02 19:11:02
PAY-20260602-0002411,TRP-20260602-0002411,12.73,cash,settled,2026-06-02 17:02:49
PAY-20260602-0002412,TRP-20260602-0002412,10.00,apple_pay,settled,2026-06-02 16:55:11
PAY-20260602-0002413,TRP-20260602-0002413,154.02,apple_pay,settled,2026-06-03 14:56:56
PAY-20260602-0002414,TRP-20260602-0002414,62.76,mada,settled,2026-06-03 06:10:22
PAY-20260602-0002415,TRP-20260602-0002415,21.51,mada,settled,2026-06-03 05:35:33
PAY-20260602-0002416,TRP-20260602-0002416,16.51,credit_card,settled,2026-06-02 03:45:47
PAY-20260602-0002417,TRP-20260602-0002417,78.50,mada,pending,2026-06-02 16:05:13
PAY-20260602-0002418,TRP-20260602-0002418,54.41,credit_card,settled,2026-06-02 19:40:03
PAY-20260602-0002419,TRP-20260602-0002419,76.78,credit_card,settled,2026-06-02 14:27:29
PAY-20260602-0002420,TRP-20260602-0002420,65.63,cash,settled,2026-06-02 15:37:36
PAY-20260602-0002421,TRP-20260602-0002421,90.81,credit_card,settled,2026-06-02 16:40:34
PAY-20260602-0002422,TRP-20260602-0002422,34.90,mada,settled,2026-06-02 23:54:19
PAY-20260602-0002423,TRP-20260602-0002423,60.08,mada,settled,2026-06-02 15:56:16
PAY-20260602-0002424,TRP-20260602-0002424,31.90,credit_card,settled,2026-06-03 14:44:55
PAY-20260602-0002425,TRP-20260602-0002425,19.72,mada,settled,2026-06-02 10:37:54
PAY-20260602-0002426,TRP-20260602-0002426,14.93,wallet,settled,2026-06-02 05:07:33
PAY-20260602-0002427,TRP-20260602-0002427,12.00,cash,settled,2026-06-02 18:32:33
PAY-20260602-0002428,TRP-20260602-0002428,45.47,stc_pay,settled,2026-06-02 08:08:06
PAY-20260602-0002429,TRP-20260602-0002429,36.53,credit_card,settled,2026-06-02 04:12:09
PAY-20260602-0002430,TRP-20260602-0002430,75.35,credit_card,settled,2026-06-03 07:22:24
PAY-20260602-0002431,TRP-20260602-0002431,17.47,apple_pay,settled,2026-06-03 08:56:57
PAY-20260602-0002432,TRP-20260602-0002432,49.59,mada,settled,2026-06-02 15:41:09
PAY-20260602-0002433,TRP-20260602-0002433,20.86,mada,settled,2026-06-02 14:52:48
PAY-20260602-0002434,TRP-20260602-0002434,66.47,stc_pay,settled,2026-06-02 20:44:33
PAY-20260602-0002435,TRP-20260602-0002435,23.95,mada,settled,2026-06-02 18:50:13
PAY-20260602-0002436,TRP-20260602-0002436,10.00,cash,settled,2026-06-02 08:13:52
PAY-20260602-0002437,TRP-20260602-0002437,17.83,apple_pay,settled,2026-06-02 17:12:54
PAY-20260602-0002438,TRP-20260602-0002438,14.29,wallet,settled,2026-06-02 08:14:09
PAY-20260602-0002439,TRP-20260602-0002439,12.54,mada,settled,2026-06-02 18:24:16
PAY-20260602-0002440,TRP-20260602-0002440,28.31,wallet,settled,2026-06-02 11:28:58
PAY-20260602-0002441,TRP-20260602-0002441,12.82,wallet,settled,2026-06-02 09:29:12
PAY-20260602-0002442,TRP-20260602-0002442,34.25,mada,settled,2026-06-02 21:37:23
PAY-20260602-0002443,TRP-20260602-0002443,18.10,mada,settled,2026-06-02 11:37:03
PAY-20260602-0002444,TRP-20260602-0002444,13.28,stc_pay,settled,2026-06-02 11:40:50
PAY-20260602-0002445,TRP-20260602-0002445,18.05,mada,settled,2026-06-02 12:09:33
PAY-20260602-0002446,TRP-20260602-0002446,53.43,mada,settled,2026-06-01 23:16:26
PAY-20260602-0002447,TRP-20260602-0002447,25.72,stc_pay,pending,2026-06-02 18:04:55
PAY-20260602-0002448,TRP-20260602-0002448,14.19,mada,settled,2026-06-03 03:49:46
PAY-20260602-0002449,TRP-20260602-0002449,41.58,credit_card,settled,2026-06-02 19:06:04
PAY-20260602-0002450,TRP-20260602-0002450,49.14,wallet,settled,2026-06-02 07:14:02
PAY-20260602-0002451,TRP-20260602-0002451,55.60,credit_card,settled,2026-06-02 16:16:18
PAY-20260602-0002452,TRP-20260602-0002452,27.00,cash,settled,2026-06-02 16:05:26
PAY-20260602-0002453,TRP-20260602-0002453,33.13,stc_pay,settled,2026-06-02 16:46:59
PAY-20260602-0002454,TRP-20260602-0002454,44.54,mada,settled,2026-06-02 04:27:29
PAY-20260602-0002455,TRP-20260602-0002455,39.49,apple_pay,pending,2026-06-02 15:43:21
PAY-20260602-0002456,TRP-20260602-0002456,66.05,credit_card,settled,2026-06-02 10:39:16
PAY-20260602-0002457,TRP-20260602-0002457,108.62,cash,settled,2026-06-02 12:35:38
PAY-20260602-0002458,TRP-20260602-0002458,18.49,cash,settled,2026-06-02 18:45:56
PAY-20260602-0002459,TRP-20260602-0002459,30.22,apple_pay,settled,2026-06-03 09:37:32
PAY-20260602-0002460,TRP-20260602-0002460,52.62,credit_card,settled,2026-06-02 02:27:34
PAY-20260602-0002461,TRP-20260602-0002461,120.44,mada,settled,2026-06-02 19:43:16
PAY-20260602-0002462,TRP-20260602-0002462,51.78,credit_card,settled,2026-06-02 17:41:15
PAY-20260602-0002464,TRP-20260602-0002464,11.75,mada,settled,2026-06-02 08:44:08
PAY-20260602-0002465,TRP-20260602-0002465,6.00,wallet,settled,2026-06-03 09:27:20
PAY-20260602-0002466,TRP-20260602-0002466,60.48,mada,settled,2026-06-02 18:42:42
PAY-20260602-0002467,TRP-20260602-0002467,20.19,cash,settled,2026-06-02 17:42:49
PAY-20260602-0002468,TRP-20260602-0002468,93.76,mada,settled,2026-06-02 21:27:41
PAY-20260602-0002469,TRP-20260602-0002469,23.60,credit_card,settled,2026-06-02 17:09:33
PAY-20260602-0002470,TRP-20260602-0002470,23.26,wallet,settled,2026-06-02 12:46:15
PAY-20260602-0002471,TRP-20260602-0002471,55.50,credit_card,settled,2026-06-02 12:05:28
PAY-20260602-0002472,TRP-20260602-0002472,26.35,cash,settled,2026-06-02 17:25:53
PAY-20260602-0002473,TRP-20260602-0002473,31.93,mada,settled,2026-06-02 10:36:07
PAY-20260602-0002474,TRP-20260602-0002474,44.95,mada,settled,2026-06-02 15:33:50
PAY-20260602-0002475,TRP-20260602-0002475,19.81,cash,settled,2026-06-02 08:17:23
PAY-20260602-0002476,TRP-20260602-0002476,27.89,stc_pay,settled,2026-06-02 07:16:40
PAY-20260602-0002477,TRP-20260602-0002477,23.73,credit_card,settled,2026-06-02 13:11:02
PAY-20260602-0002478,TRP-20260602-0002478,85.32,stc_pay,settled,2026-06-02 12:35:10
PAY-20260602-0002479,TRP-20260602-0002479,159.64,mada,settled,2026-06-02 16:32:33
PAY-20260602-0002480,TRP-20260602-0002480,36.58,cash,settled,2026-06-02 07:39:17
PAY-20260602-0002481,TRP-20260602-0002481,47.33,apple_pay,settled,2026-06-02 10:30:03
PAY-20260602-0002482,TRP-20260602-0002482,28.83,cash,settled,2026-06-02 12:06:11
PAY-20260602-0002483,TRP-20260602-0002483,16.57,credit_card,settled,2026-06-02 09:17:28
PAY-20260602-0002485,TRP-20260602-0002485,84.17,apple_pay,settled,2026-06-02 13:44:11
PAY-20260602-0002486,TRP-20260602-0002486,67.03,mada,settled,2026-06-02 22:42:08
PAY-20260602-0002487,TRP-20260602-0002487,27.46,mada,settled,2026-06-02 14:29:11
PAY-20260602-0002489,TRP-20260602-0002489,23.02,mada,settled,2026-06-02 18:42:16
PAY-20260602-0002490,TRP-20260602-0002490,35.08,apple_pay,settled,2026-06-03 06:07:23
PAY-20260602-0002491,TRP-20260602-0002491,36.93,mada,settled,2026-06-03 05:58:54
PAY-20260602-0002492,TRP-20260602-0002492,11.62,wallet,settled,2026-06-02 03:48:16
PAY-20260602-0002493,TRP-20260602-0002493,21.40,cash,settled,2026-06-02 13:59:51
PAY-20260602-0002494,TRP-20260602-0002494,121.46,apple_pay,settled,2026-06-03 08:42:36
PAY-20260602-0002495,TRP-20260602-0002495,50.67,apple_pay,settled,2026-06-03 15:34:51
PAY-20260602-0002496,TRP-20260602-0002496,16.72,apple_pay,settled,2026-06-02 10:24:49
PAY-20260602-0002497,TRP-20260602-0002497,16.16,cash,settled,2026-06-02 05:28:51
PAY-20260602-0002498,TRP-20260602-0002498,42.93,mada,settled,2026-06-02 19:54:28
PAY-20260602-0002499,TRP-20260602-0002499,31.30,wallet,settled,2026-06-02 20:23:23
PAY-20260602-0002500,TRP-20260602-0002500,66.95,credit_card,settled,2026-06-02 16:16:34
PAY-20260602-0002501,TRP-20260602-0002501,17.30,cash,settled,2026-06-02 19:31:50
PAY-20260602-0002502,TRP-20260602-0002502,10.00,wallet,settled,2026-06-03 02:02:33
PAY-20260602-0002503,TRP-20260602-0002503,21.14,mada,settled,2026-06-02 06:18:49
PAY-20260602-0002504,TRP-20260602-0002504,41.60,mada,settled,2026-06-02 07:22:00
PAY-20260602-0002505,TRP-20260602-0002505,47.77,mada,settled,2026-06-02 09:55:34
PAY-20260602-0002506,TRP-20260602-0002506,98.78,apple_pay,settled,2026-06-03 04:56:12
PAY-20260602-0002507,TRP-20260602-0002507,19.81,mada,settled,2026-06-03 07:32:34
PAY-20260602-0002508,TRP-20260602-0002508,26.72,mada,settled,2026-06-02 13:43:52
PAY-20260602-0002509,TRP-20260602-0002509,37.52,apple_pay,settled,2026-06-02 17:15:24
PAY-20260602-0002510,TRP-20260602-0002510,93.35,stc_pay,settled,2026-06-02 16:30:35
PAY-20260602-0002511,TRP-20260602-0002511,35.28,cash,settled,2026-06-02 18:45:20
PAY-20260602-0002512,TRP-20260602-0002512,129.59,mada,settled,2026-06-02 16:00:29
PAY-20260602-0002513,TRP-20260602-0002513,12.00,credit_card,settled,2026-06-01 23:14:18
PAY-20260602-0002514,TRP-20260602-0002514,15.18,wallet,settled,2026-06-02 20:59:38
PAY-20260602-0002515,TRP-20260602-0002515,37.58,mada,settled,2026-06-02 14:03:09
PAY-20260602-0002516,TRP-20260602-0002516,19.29,mada,settled,2026-06-03 03:43:55
PAY-20260602-0002517,TRP-20260602-0002517,50.01,mada,settled,2026-06-02 16:01:28
PAY-20260602-0002518,TRP-20260602-0002518,22.09,mada,settled,2026-06-02 09:04:28
PAY-20260602-0002519,TRP-20260602-0002519,31.93,cash,settled,2026-06-02 18:03:01
PAY-20260602-0002520,TRP-20260602-0002520,17.87,cash,settled,2026-06-02 16:54:29
PAY-20260602-0002522,TRP-20260602-0002522,14.98,mada,settled,2026-06-03 03:47:16
PAY-20260602-0002523,TRP-20260602-0002523,83.79,mada,settled,2026-06-02 08:37:04
PAY-20260602-0002524,TRP-20260602-0002524,12.00,credit_card,settled,2026-06-02 10:16:03
PAY-20260602-0002525,TRP-20260602-0002525,28.60,mada,settled,2026-06-02 12:00:06
PAY-20260602-0002526,TRP-20260602-0002526,18.91,cash,settled,2026-06-02 08:39:08
PAY-20260602-0002527,TRP-20260602-0002527,45.07,cash,settled,2026-06-02 06:20:25
PAY-20260602-0002528,TRP-20260602-0002528,83.20,credit_card,settled,2026-06-02 09:50:19
PAY-20260602-0002529,TRP-20260602-0002529,50.28,mada,pending,2026-06-02 04:51:03
PAY-20260602-0002530,TRP-20260602-0002530,23.32,mada,settled,2026-06-02 04:01:20
PAY-20260602-0002531,TRP-20260602-0002531,206.22,apple_pay,settled,2026-06-02 10:31:55
PAY-20260602-0002532,TRP-20260602-0002532,17.66,credit_card,settled,2026-06-02 12:07:17
PAY-20260602-0002533,TRP-20260602-0002533,23.53,mada,settled,2026-06-02 12:13:47
PAY-20260602-0002534,TRP-20260602-0002534,18.03,credit_card,settled,2026-06-02 22:13:10
PAY-20260602-0002535,TRP-20260602-0002535,45.85,cash,settled,2026-06-02 19:24:40
PAY-20260602-0002536,TRP-20260602-0002536,12.15,mada,settled,2026-06-02 13:16:34
PAY-20260602-0002537,TRP-20260602-0002537,89.14,mada,settled,2026-06-03 09:55:33
PAY-20260602-0002538,TRP-20260602-0002538,51.70,credit_card,settled,2026-06-02 05:51:02
PAY-20260602-0002539,TRP-20260602-0002539,26.12,mada,settled,2026-06-02 06:22:00
PAY-20260602-0002540,TRP-20260602-0002540,85.04,apple_pay,settled,2026-06-02 23:53:46
PAY-20260602-0002541,TRP-20260602-0002541,12.84,mada,settled,2026-06-03 08:18:54
PAY-20260602-0002542,TRP-20260602-0002542,8.00,credit_card,settled,2026-06-03 12:52:39
PAY-20260602-0002543,TRP-20260602-0002543,93.67,credit_card,settled,2026-06-03 12:05:57
PAY-20260602-0002544,TRP-20260602-0002544,107.43,credit_card,settled,2026-06-03 11:53:22
PAY-20260602-0002545,TRP-20260602-0002545,30.90,credit_card,settled,2026-06-02 11:08:11
PAY-20260602-0002546,TRP-20260602-0002546,8.00,mada,settled,2026-06-01 22:56:06
PAY-20260602-0002547,TRP-20260602-0002547,31.30,cash,settled,2026-06-02 14:40:16
PAY-20260602-0002548,TRP-20260602-0002548,24.92,cash,settled,2026-06-02 03:26:50
PAY-20260602-0002549,TRP-20260602-0002549,6.00,mada,settled,2026-06-02 22:58:56
PAY-20260602-0002550,TRP-20260602-0002550,169.07,mada,settled,2026-06-02 08:37:48
PAY-20260602-0002551,TRP-20260602-0002551,162.01,cash,settled,2026-06-02 16:40:13
PAY-20260602-0002552,TRP-20260602-0002552,25.03,credit_card,settled,2026-06-02 15:17:29
PAY-20260602-0002553,TRP-20260602-0002553,73.07,credit_card,settled,2026-06-02 20:02:34
PAY-20260602-0002554,TRP-20260602-0002554,20.23,cash,settled,2026-06-02 02:20:04
PAY-20260602-0002555,TRP-20260602-0002555,43.62,apple_pay,settled,2026-06-02 21:17:27
PAY-20260602-0002556,TRP-20260602-0002556,12.00,apple_pay,settled,2026-06-02 21:28:58
PAY-20260602-0002557,TRP-20260602-0002557,52.30,cash,settled,2026-06-02 06:23:10
PAY-20260602-0002558,TRP-20260602-0002558,80.42,mada,settled,2026-06-02 09:46:32
PAY-20260602-0002559,TRP-20260602-0002559,12.52,credit_card,settled,2026-06-02 17:45:17
PAY-20260602-0002560,TRP-20260602-0002560,16.19,credit_card,settled,2026-06-02 20:25:01
PAY-20260602-0002561,TRP-20260602-0002561,59.93,mada,settled,2026-06-03 14:36:46
PAY-20260602-0002562,TRP-20260602-0002562,76.18,credit_card,settled,2026-06-02 16:07:42
PAY-20260602-0002564,TRP-20260602-0002564,115.02,apple_pay,settled,2026-06-02 06:02:40
PAY-20260602-0002565,TRP-20260602-0002565,81.33,stc_pay,settled,2026-06-02 07:45:37
PAY-20260602-0002567,TRP-20260602-0002567,20.57,mada,settled,2026-06-03 00:38:48
PAY-20260602-0002568,TRP-20260602-0002568,101.56,cash,settled,2026-06-02 10:28:49
PAY-20260602-0002569,TRP-20260602-0002569,99.91,cash,settled,2026-06-02 17:38:42
PAY-20260602-0002570,TRP-20260602-0002570,22.87,wallet,settled,2026-06-02 09:30:19
PAY-20260602-0002571,TRP-20260602-0002571,24.44,cash,settled,2026-06-02 09:40:47
PAY-20260602-0002572,TRP-20260602-0002572,86.10,cash,settled,2026-06-02 17:04:18
PAY-20260602-0002573,TRP-20260602-0002573,22.80,mada,settled,2026-06-02 14:35:30
PAY-20260602-0002574,TRP-20260602-0002574,17.90,cash,settled,2026-06-02 06:47:32
PAY-20260602-0002575,TRP-20260602-0002575,46.01,mada,settled,2026-06-02 14:32:33
PAY-20260602-0002576,TRP-20260602-0002576,45.40,credit_card,settled,2026-06-02 11:39:47
PAY-20260602-0002577,TRP-20260602-0002577,22.38,wallet,settled,2026-06-03 17:00:59
PAY-20260602-0002578,TRP-20260602-0002578,43.83,apple_pay,settled,2026-06-02 15:38:46
PAY-20260602-0002579,TRP-20260602-0002579,43.05,stc_pay,pending,2026-06-02 17:43:05
PAY-20260602-0002580,TRP-20260602-0002580,20.06,credit_card,settled,2026-06-03 03:08:53
PAY-20260602-0002581,TRP-20260602-0002581,18.11,mada,settled,2026-06-02 14:20:26
PAY-20260602-0002582,TRP-20260602-0002582,30.30,stc_pay,settled,2026-06-02 06:41:27
PAY-20260602-0002583,TRP-20260602-0002583,36.37,mada,settled,2026-06-03 00:03:16
PAY-20260602-0002584,TRP-20260602-0002584,156.43,credit_card,settled,2026-06-02 20:33:11
PAY-20260602-0002585,TRP-20260602-0002585,6.00,credit_card,settled,2026-06-02 10:09:34
PAY-20260602-0002586,TRP-20260602-0002586,15.67,cash,settled,2026-06-02 20:00:54
PAY-20260602-0002587,TRP-20260602-0002587,18.61,mada,settled,2026-06-02 11:09:02
PAY-20260602-0002588,TRP-20260602-0002588,43.25,credit_card,settled,2026-06-02 10:12:50
PAY-20260602-0002589,TRP-20260602-0002589,14.48,mada,settled,2026-06-01 23:02:46
PAY-20260602-0002590,TRP-20260602-0002590,26.80,mada,settled,2026-06-02 08:31:53
PAY-20260602-0002592,TRP-20260602-0002592,18.64,apple_pay,settled,2026-06-01 23:01:37
PAY-20260602-0002593,TRP-20260602-0002593,16.60,credit_card,settled,2026-06-02 15:11:46
PAY-20260602-0002594,TRP-20260602-0002594,36.97,mada,settled,2026-06-02 19:44:06
PAY-20260602-0002595,TRP-20260602-0002595,38.26,mada,settled,2026-06-03 08:25:43
PAY-20260602-0002596,TRP-20260602-0002596,16.18,mada,settled,2026-06-02 12:32:08
PAY-20260602-0002597,TRP-20260602-0002597,16.80,cash,settled,2026-06-02 18:16:43
PAY-20260602-0002598,TRP-20260602-0002598,14.74,credit_card,settled,2026-06-02 06:18:54
PAY-20260602-0002599,TRP-20260602-0002599,128.72,mada,settled,2026-06-02 13:49:37
PAY-20260602-0002600,TRP-20260602-0002600,33.30,credit_card,settled,2026-06-02 12:55:54
PAY-20260602-0002601,TRP-20260602-0002601,19.16,mada,settled,2026-06-02 13:07:42
PAY-20260602-0002602,TRP-20260602-0002602,32.29,mada,settled,2026-06-02 16:16:57
PAY-20260602-0002603,TRP-20260602-0002603,44.64,cash,settled,2026-06-02 17:47:52
PAY-20260602-0002604,TRP-20260602-0002604,25.60,mada,settled,2026-06-03 01:20:53
PAY-20260602-0002605,TRP-20260602-0002605,53.39,credit_card,settled,2026-06-02 17:07:16
PAY-20260602-0002606,TRP-20260602-0002606,200.00,mada,settled,2026-06-02 19:20:20
PAY-20260602-0002607,TRP-20260602-0002607,8.00,cash,settled,2026-06-02 18:27:22
PAY-20260602-0002608,TRP-20260602-0002608,17.17,credit_card,settled,2026-06-02 07:24:08
PAY-20260602-0002609,TRP-20260602-0002609,22.45,mada,settled,2026-06-03 02:30:18
PAY-20260602-0002610,TRP-20260602-0002610,11.00,credit_card,settled,2026-06-03 04:11:19
PAY-20260602-0002611,TRP-20260602-0002611,71.77,mada,settled,2026-06-02 12:05:28
PAY-20260602-0002612,TRP-20260602-0002612,44.43,stc_pay,pending,2026-06-02 18:22:48
PAY-20260602-0002613,TRP-20260602-0002613,11.46,credit_card,settled,2026-06-02 20:33:05
PAY-20260602-0002614,TRP-20260602-0002614,49.46,stc_pay,settled,2026-06-02 09:37:27
PAY-20260602-0002615,TRP-20260602-0002615,81.74,cash,settled,2026-06-02 12:47:11
PAY-20260602-0002616,TRP-20260602-0002616,36.35,mada,settled,2026-06-02 03:41:05
PAY-20260602-0002617,TRP-20260602-0002617,36.75,stc_pay,settled,2026-06-02 19:34:19
PAY-20260602-0002618,TRP-20260602-0002618,71.78,mada,settled,2026-06-02 13:23:52
PAY-20260602-0002619,TRP-20260602-0002619,25.63,credit_card,settled,2026-06-02 05:54:48
PAY-20260602-0002620,TRP-20260602-0002620,15.25,credit_card,settled,2026-06-02 01:52:16
PAY-20260602-0002621,TRP-20260602-0002621,15.26,mada,settled,2026-06-02 05:27:57
PAY-20260602-0002622,TRP-20260602-0002622,11.24,stc_pay,settled,2026-06-03 04:19:49
PAY-20260602-0002623,TRP-20260602-0002623,12.89,cash,settled,2026-06-02 04:13:37
PAY-20260602-0002624,TRP-20260602-0002624,30.01,mada,settled,2026-06-02 15:52:23
PAY-20260602-0002625,TRP-20260602-0002625,29.58,mada,settled,2026-06-02 22:24:24
PAY-20260602-0002626,TRP-20260602-0002626,20.97,apple_pay,settled,2026-06-02 15:57:45
PAY-20260602-0002627,TRP-20260602-0002627,85.24,cash,settled,2026-06-02 16:30:39
PAY-20260602-0002628,TRP-20260602-0002628,36.09,credit_card,settled,2026-06-02 15:23:01
PAY-20260602-0002629,TRP-20260602-0002629,99.42,cash,settled,2026-06-02 16:32:23
PAY-20260602-0002630,TRP-20260602-0002630,117.00,mada,pending,2026-06-02 18:39:14
PAY-20260602-0002631,TRP-20260602-0002631,54.67,apple_pay,settled,2026-06-02 10:01:22
PAY-20260602-0002632,TRP-20260602-0002632,17.32,mada,settled,2026-06-02 06:18:29
PAY-20260602-0002633,TRP-20260602-0002633,53.98,apple_pay,settled,2026-06-02 13:21:55
PAY-20260602-0002634,TRP-20260602-0002634,64.37,mada,settled,2026-06-02 09:52:48
PAY-20260602-0002635,TRP-20260602-0002635,49.70,mada,pending,2026-06-02 13:52:12
PAY-20260602-0002636,TRP-20260602-0002636,14.66,mada,settled,2026-06-02 11:17:39
PAY-20260602-0002637,TRP-20260602-0002637,35.12,wallet,settled,2026-06-03 17:19:06
PAY-20260602-0002638,TRP-20260602-0002638,28.27,mada,settled,2026-06-02 04:57:35
PAY-20260602-0002639,TRP-20260602-0002639,46.29,credit_card,settled,2026-06-03 10:15:51
PAY-20260602-0002640,TRP-20260602-0002640,18.86,credit_card,settled,2026-06-02 17:11:34
PAY-20260602-0002641,TRP-20260602-0002641,55.18,cash,settled,2026-06-02 16:57:26
PAY-20260602-0002642,TRP-20260602-0002642,47.90,apple_pay,settled,2026-06-02 05:02:24
PAY-20260602-0002643,TRP-20260602-0002643,62.87,apple_pay,settled,2026-06-02 16:31:49
PAY-20260602-0002644,TRP-20260602-0002644,10.00,mada,settled,2026-06-03 21:20:04
PAY-20260602-0002645,TRP-20260602-0002645,28.97,credit_card,settled,2026-06-02 02:11:01
PAY-20260602-0002647,TRP-20260602-0002647,89.36,mada,settled,2026-06-02 17:56:10
PAY-20260602-0002648,TRP-20260602-0002648,151.40,mada,settled,2026-06-02 18:23:06
PAY-20260602-0002649,TRP-20260602-0002649,39.14,credit_card,settled,2026-06-02 06:20:43
PAY-20260602-0002650,TRP-20260602-0002650,24.09,cash,settled,2026-06-02 12:55:49
PAY-20260602-0002651,TRP-20260602-0002651,84.95,apple_pay,settled,2026-06-02 17:02:52
PAY-20260602-0002652,TRP-20260602-0002652,24.99,cash,settled,2026-06-02 14:28:54
PAY-20260602-0002653,TRP-20260602-0002653,25.63,credit_card,settled,2026-06-02 06:24:50
PAY-20260602-0002654,TRP-20260602-0002654,35.94,mada,settled,2026-06-02 14:47:10
PAY-20260602-0002655,TRP-20260602-0002655,49.06,wallet,settled,2026-06-03 09:44:30
PAY-20260602-0002657,TRP-20260602-0002657,15.44,mada,settled,2026-06-02 10:56:42
PAY-20260602-0002658,TRP-20260602-0002658,40.08,mada,settled,2026-06-03 15:02:30
PAY-20260602-0002659,TRP-20260602-0002659,22.42,mada,settled,2026-06-03 03:26:27
PAY-20260602-0002660,TRP-20260602-0002660,45.14,mada,settled,2026-06-02 11:52:05
PAY-20260602-0002661,TRP-20260602-0002661,42.50,credit_card,settled,2026-06-02 17:49:43
PAY-20260602-0002662,TRP-20260602-0002662,16.64,credit_card,settled,2026-06-02 07:45:53
PAY-20260602-0002663,TRP-20260602-0002663,17.56,mada,settled,2026-06-03 08:00:17
PAY-20260602-0002664,TRP-20260602-0002664,44.52,mada,failed,2026-06-02 16:01:52
PAY-20260602-0002665,TRP-20260602-0002665,27.45,credit_card,settled,2026-06-02 14:18:25
PAY-20260602-0002666,TRP-20260602-0002666,37.37,wallet,settled,2026-06-02 13:15:01
PAY-20260602-0002667,TRP-20260602-0002667,40.17,mada,settled,2026-06-01 21:30:21
PAY-20260602-0002668,TRP-20260602-0002668,38.03,apple_pay,settled,2026-06-02 19:08:43
PAY-20260602-0002669,TRP-20260602-0002669,45.76,credit_card,failed,2026-06-02 16:41:45
PAY-20260602-0002670,TRP-20260602-0002670,11.33,stc_pay,settled,2026-06-02 08:41:32
PAY-20260602-0002672,TRP-20260602-0002672,163.66,mada,settled,2026-06-02 11:26:09
PAY-20260602-0002673,TRP-20260602-0002673,130.21,wallet,settled,2026-06-02 08:40:50
PAY-20260602-0002674,TRP-20260602-0002674,95.15,apple_pay,settled,2026-06-02 16:15:38
PAY-20260602-0002675,TRP-20260602-0002675,24.65,mada,settled,2026-06-02 18:17:10
PAY-20260602-0002676,TRP-20260602-0002676,11.29,credit_card,pending,2026-06-02 18:10:03
PAY-20260602-0002677,TRP-20260602-0002677,40.02,cash,settled,2026-06-02 16:52:16
PAY-20260602-0002678,TRP-20260602-0002678,29.74,credit_card,settled,2026-06-02 18:48:03
PAY-20260602-0002679,TRP-20260602-0002679,36.37,mada,settled,2026-06-03 05:29:14
PAY-20260602-0002680,TRP-20260602-0002680,23.98,cash,settled,2026-06-02 13:36:09
PAY-20260602-0002681,TRP-20260602-0002681,18.49,mada,settled,2026-06-02 07:04:10
PAY-20260602-0002682,TRP-20260602-0002682,67.68,credit_card,settled,2026-06-02 11:57:05
PAY-20260602-0002683,TRP-20260602-0002683,30.21,stc_pay,settled,2026-06-03 11:12:11
PAY-20260602-0002684,TRP-20260602-0002684,175.00,cash,settled,2026-06-02 15:48:59
PAY-20260602-0002685,TRP-20260602-0002685,32.67,mada,failed,2026-06-02 18:08:06
PAY-20260602-0002686,TRP-20260602-0002686,22.67,mada,settled,2026-06-02 11:20:46
PAY-20260602-0002688,TRP-20260602-0002688,48.74,cash,settled,2026-06-02 07:12:12
PAY-20260602-0002689,TRP-20260602-0002689,13.34,mada,settled,2026-06-02 08:22:06
PAY-20260602-0002690,TRP-20260602-0002690,12.00,wallet,settled,2026-06-03 02:24:36
PAY-20260602-0002691,TRP-20260602-0002691,33.55,stc_pay,settled,2026-06-02 13:28:32
PAY-20260602-0002692,TRP-20260602-0002692,50.07,mada,settled,2026-06-03 03:51:26
PAY-20260602-0002693,TRP-20260602-0002693,27.36,mada,settled,2026-06-03 11:58:58
PAY-20260602-0002694,TRP-20260602-0002694,28.36,mada,settled,2026-06-02 07:02:19
PAY-20260602-0002695,TRP-20260602-0002695,116.39,mada,settled,2026-06-02 13:16:08
PAY-20260602-0002696,TRP-20260602-0002696,21.90,mada,settled,2026-06-02 08:14:44
PAY-20260602-0002697,TRP-20260602-0002697,63.93,mada,settled,2026-06-02 20:12:57
PAY-20260602-0002698,TRP-20260602-0002698,134.86,apple_pay,settled,2026-06-02 12:47:58
PAY-20260602-0002699,TRP-20260602-0002699,22.18,mada,settled,2026-06-02 13:28:43
PAY-20260602-0002700,TRP-20260602-0002700,27.34,stc_pay,settled,2026-06-02 22:17:04
PAY-20260602-0002701,TRP-20260602-0002701,31.91,credit_card,settled,2026-06-03 08:53:48
PAY-20260602-0002702,TRP-20260602-0002702,16.50,wallet,settled,2026-06-02 06:26:16
PAY-20260602-0002703,TRP-20260602-0002703,34.92,cash,settled,2026-06-02 15:51:00
PAY-20260602-0002704,TRP-20260602-0002704,20.87,cash,settled,2026-06-02 09:44:39
PAY-20260602-0002705,TRP-20260602-0002705,52.56,credit_card,failed,2026-06-02 05:34:43
PAY-20260602-0002706,TRP-20260602-0002706,42.86,cash,settled,2026-06-02 05:01:11
PAY-20260602-0002707,TRP-20260602-0002707,138.67,mada,settled,2026-06-02 14:33:09
PAY-20260602-0002708,TRP-20260602-0002708,58.39,mada,settled,2026-06-02 20:57:08
PAY-20260602-0002709,TRP-20260602-0002709,66.23,mada,settled,2026-06-03 03:28:38
PAY-20260602-0002710,TRP-20260602-0002710,27.18,credit_card,settled,2026-06-02 10:33:54
PAY-20260602-0002711,TRP-20260602-0002711,14.60,mada,settled,2026-06-03 05:23:27
PAY-20260602-0002712,TRP-20260602-0002712,78.58,stc_pay,settled,2026-06-02 07:41:01
PAY-20260602-0002714,TRP-20260602-0002714,20.72,mada,settled,2026-06-02 06:49:52
PAY-20260602-0002715,TRP-20260602-0002715,27.64,stc_pay,settled,2026-06-02 12:40:20
PAY-20260602-0002716,TRP-20260602-0002716,70.61,apple_pay,settled,2026-06-02 16:32:28
PAY-20260602-0002717,TRP-20260602-0002717,27.81,apple_pay,pending,2026-06-02 14:28:07
PAY-20260602-0002718,TRP-20260602-0002718,76.02,apple_pay,settled,2026-06-02 15:46:34
PAY-20260602-0002719,TRP-20260602-0002719,8.00,mada,settled,2026-06-03 04:22:17
PAY-20260602-0002720,TRP-20260602-0002720,39.48,credit_card,settled,2026-06-02 10:51:57
PAY-20260602-0002721,TRP-20260602-0002721,92.64,cash,settled,2026-06-02 04:31:54
PAY-20260602-0002723,TRP-20260602-0002723,30.35,cash,settled,2026-06-02 19:47:31
PAY-20260602-0002724,TRP-20260602-0002724,77.83,stc_pay,settled,2026-06-02 06:33:29
PAY-20260602-0002725,TRP-20260602-0002725,31.19,apple_pay,settled,2026-06-02 22:17:59
PAY-20260602-0002726,TRP-20260602-0002726,19.21,credit_card,pending,2026-06-02 08:55:39
PAY-20260602-0002727,TRP-20260602-0002727,59.04,mada,settled,2026-06-02 13:07:02
PAY-20260602-0002728,TRP-20260602-0002728,33.95,mada,settled,2026-06-02 15:35:11
PAY-20260602-0002729,TRP-20260602-0002729,33.38,mada,settled,2026-06-02 15:17:15
PAY-20260602-0002730,TRP-20260602-0002730,264.29,cash,settled,2026-06-02 18:57:44
PAY-20260602-0002731,TRP-20260602-0002731,18.54,credit_card,settled,2026-06-02 12:46:00
PAY-20260602-0002732,TRP-20260602-0002732,62.39,credit_card,settled,2026-06-02 15:03:38
PAY-20260602-0002733,TRP-20260602-0002733,38.98,mada,settled,2026-06-02 15:43:19
PAY-20260602-0002734,TRP-20260602-0002734,15.49,mada,settled,2026-06-02 12:51:10
PAY-20260602-0002735,TRP-20260602-0002735,17.31,mada,settled,2026-06-02 22:10:53
PAY-20260602-0002736,TRP-20260602-0002736,34.78,credit_card,settled,2026-06-02 10:01:44
PAY-20260602-0002737,TRP-20260602-0002737,10.00,cash,settled,2026-06-02 20:27:07
PAY-20260602-0002738,TRP-20260602-0002738,16.81,cash,settled,2026-06-02 09:49:33
PAY-20260602-0002739,TRP-20260602-0002739,31.76,mada,failed,2026-06-02 11:29:14
PAY-20260602-0002740,TRP-20260602-0002740,14.64,apple_pay,settled,2026-06-02 10:43:32
PAY-20260602-0002741,TRP-20260602-0002741,28.63,cash,settled,2026-06-01 21:39:55
PAY-20260602-0002742,TRP-20260602-0002742,153.17,credit_card,settled,2026-06-03 13:28:25
PAY-20260602-0002743,TRP-20260602-0002743,30.32,mada,settled,2026-06-03 07:33:09
PAY-20260602-0002744,TRP-20260602-0002744,44.68,credit_card,settled,2026-06-02 11:35:45
PAY-20260602-0002746,TRP-20260602-0002746,31.87,mada,settled,2026-06-03 07:18:55
PAY-20260602-0002747,TRP-20260602-0002747,29.79,cash,settled,2026-06-02 07:25:06
PAY-20260602-0002748,TRP-20260602-0002748,77.76,wallet,settled,2026-06-02 05:56:34
PAY-20260602-0002749,TRP-20260602-0002749,38.65,apple_pay,settled,2026-06-02 11:01:00
PAY-20260602-0002750,TRP-20260602-0002750,10.00,mada,settled,2026-06-02 10:10:17
PAY-20260602-0002751,TRP-20260602-0002751,19.13,mada,settled,2026-06-02 22:10:24
PAY-20260602-0002752,TRP-20260602-0002752,26.41,mada,settled,2026-06-02 17:24:03
PAY-20260602-0002753,TRP-20260602-0002753,11.78,apple_pay,settled,2026-06-03 08:51:23
PAY-20260602-0002754,TRP-20260602-0002754,18.40,mada,settled,2026-06-02 20:32:59
PAY-20260602-0002755,TRP-20260602-0002755,20.92,mada,settled,2026-06-01 23:13:42
PAY-20260602-0002756,TRP-20260602-0002756,14.99,mada,settled,2026-06-02 10:30:31
PAY-20260602-0002758,TRP-20260602-0002758,19.33,mada,settled,2026-06-02 17:37:43
PAY-20260602-0002759,TRP-20260602-0002759,39.16,cash,settled,2026-06-02 05:30:50
PAY-20260602-0002760,TRP-20260602-0002760,20.31,stc_pay,settled,2026-06-03 08:47:48
PAY-20260602-0002762,TRP-20260602-0002762,125.89,stc_pay,settled,2026-06-02 11:38:25
PAY-20260602-0002763,TRP-20260602-0002763,8.00,mada,settled,2026-06-03 10:43:39
PAY-20260602-0002764,TRP-20260602-0002764,52.77,credit_card,settled,2026-06-03 02:42:53
PAY-20260602-0002765,TRP-20260602-0002765,53.60,wallet,settled,2026-06-02 11:25:50
PAY-20260602-0002766,TRP-20260602-0002766,37.23,wallet,settled,2026-06-02 05:31:24
PAY-20260602-0002767,TRP-20260602-0002767,76.22,mada,settled,2026-06-02 17:03:45
PAY-20260602-0002768,TRP-20260602-0002768,22.79,credit_card,settled,2026-06-02 17:32:13
PAY-20260602-0002769,TRP-20260602-0002769,28.77,mada,settled,2026-06-02 20:14:40
PAY-20260602-0002770,TRP-20260602-0002770,10.00,mada,settled,2026-06-02 19:06:43
PAY-20260602-0002771,TRP-20260602-0002771,30.94,apple_pay,settled,2026-06-02 20:01:18
PAY-20260602-0002772,TRP-20260602-0002772,108.38,credit_card,settled,2026-06-02 15:18:43
PAY-20260602-0002773,TRP-20260602-0002773,70.17,mada,settled,2026-06-02 11:54:09
PAY-20260602-0002775,TRP-20260602-0002775,71.84,apple_pay,settled,2026-06-02 15:30:28
PAY-20260602-0002776,TRP-20260602-0002776,41.73,wallet,settled,2026-06-02 16:45:53
PAY-20260602-0002777,TRP-20260602-0002777,98.43,apple_pay,settled,2026-06-02 06:13:28
PAY-20260602-0002778,TRP-20260602-0002778,32.82,cash,settled,2026-06-02 05:36:32
PAY-20260602-0002779,TRP-20260602-0002779,122.56,credit_card,settled,2026-06-02 16:53:20
PAY-20260602-0002780,TRP-20260602-0002780,29.29,cash,settled,2026-06-02 09:43:56
PAY-20260602-0002782,TRP-20260602-0002782,20.02,credit_card,settled,2026-06-02 08:25:07
PAY-20260602-0002783,TRP-20260602-0002783,36.30,apple_pay,settled,2026-06-02 13:53:07
PAY-20260602-0002784,TRP-20260602-0002784,16.76,apple_pay,settled,2026-06-02 05:01:23
PAY-20260602-0002785,TRP-20260602-0002785,118.88,credit_card,settled,2026-06-03 05:37:35
PAY-20260602-0002786,TRP-20260602-0002786,37.11,mada,settled,2026-06-02 13:59:13
PAY-20260602-0002787,TRP-20260602-0002787,25.02,credit_card,settled,2026-06-02 18:36:52
PAY-20260602-0002788,TRP-20260602-0002788,17.93,credit_card,settled,2026-06-02 19:06:12
PAY-20260602-0002789,TRP-20260602-0002789,17.11,cash,settled,2026-06-02 11:55:51
PAY-20260602-0002790,TRP-20260602-0002790,30.06,mada,settled,2026-06-02 10:50:19
PAY-20260602-0002791,TRP-20260602-0002791,131.02,credit_card,settled,2026-06-03 14:25:50
PAY-20260602-0002792,TRP-20260602-0002792,10.00,cash,settled,2026-06-02 14:07:37
PAY-20260602-0002793,TRP-20260602-0002793,19.96,apple_pay,settled,2026-06-02 06:41:33
PAY-20260602-0002794,TRP-20260602-0002794,16.75,credit_card,settled,2026-06-02 18:07:29
PAY-20260602-0002795,TRP-20260602-0002795,21.16,mada,settled,2026-06-02 15:26:29
PAY-20260602-0002796,TRP-20260602-0002796,23.77,mada,settled,2026-06-03 18:19:54
PAY-20260602-0002797,TRP-20260602-0002797,20.09,apple_pay,settled,2026-06-03 02:26:12
PAY-20260602-0002798,TRP-20260602-0002798,20.79,mada,settled,2026-06-03 07:35:53
PAY-20260602-0002800,TRP-20260602-0002800,117.98,credit_card,settled,2026-06-02 19:59:18
PAY-20260602-0002801,TRP-20260602-0002801,39.61,mada,settled,2026-06-02 17:48:28
PAY-20260602-0002802,TRP-20260602-0002802,8.00,credit_card,settled,2026-06-02 16:27:17
PAY-20260602-0002803,TRP-20260602-0002803,20.11,wallet,settled,2026-06-02 06:03:58
PAY-20260602-0002804,TRP-20260602-0002804,30.55,credit_card,settled,2026-06-01 23:43:05
PAY-20260602-0002805,TRP-20260602-0002805,66.71,credit_card,settled,2026-06-02 15:34:51
PAY-20260602-0002806,TRP-20260602-0002806,34.17,apple_pay,settled,2026-06-03 10:24:52
PAY-20260602-0002807,TRP-20260602-0002807,125.02,credit_card,settled,2026-06-02 15:41:18
PAY-20260602-0002808,TRP-20260602-0002808,86.90,credit_card,settled,2026-06-02 18:57:43
PAY-20260602-0002809,TRP-20260602-0002809,46.87,stc_pay,settled,2026-06-02 22:32:01
PAY-20260602-0002810,TRP-20260602-0002810,8.00,cash,settled,2026-06-02 13:20:17
PAY-20260602-0002811,TRP-20260602-0002811,26.68,credit_card,settled,2026-06-02 17:49:32
PAY-20260602-0002812,TRP-20260602-0002812,100.95,mada,settled,2026-06-02 05:04:09
PAY-20260602-0002813,TRP-20260602-0002813,56.46,wallet,settled,2026-06-02 10:29:55
PAY-20260602-0002814,TRP-20260602-0002814,14.70,mada,settled,2026-06-01 22:09:39
PAY-20260602-0002815,TRP-20260602-0002815,20.69,mada,settled,2026-06-02 20:08:42
PAY-20260602-0002816,TRP-20260602-0002816,42.57,apple_pay,settled,2026-06-02 17:23:01
PAY-20260602-0002817,TRP-20260602-0002817,33.34,wallet,settled,2026-06-02 14:43:08
PAY-20260602-0002818,TRP-20260602-0002818,24.99,credit_card,settled,2026-06-02 01:14:22
PAY-20260602-0002819,TRP-20260602-0002819,33.30,mada,settled,2026-06-03 07:51:16
PAY-20260602-0002820,TRP-20260602-0002820,47.72,wallet,settled,2026-06-03 11:34:11
PAY-20260602-0002821,TRP-20260602-0002821,10.00,stc_pay,refunded,2026-06-02 18:36:52
PAY-20260602-0002822,TRP-20260602-0002822,15.63,apple_pay,settled,2026-06-02 04:51:00
PAY-20260602-0002823,TRP-20260602-0002823,8.00,apple_pay,settled,2026-06-03 12:10:18
PAY-20260602-0002824,TRP-20260602-0002824,52.52,mada,settled,2026-06-02 04:46:32
PAY-20260602-0002825,TRP-20260602-0002825,25.71,apple_pay,settled,2026-06-02 04:37:39
PAY-20260602-0002826,TRP-20260602-0002826,11.12,cash,settled,2026-06-02 03:17:13
PAY-20260602-0002827,TRP-20260602-0002827,55.58,credit_card,settled,2026-06-02 04:50:17
PAY-20260602-0002828,TRP-20260602-0002828,51.63,stc_pay,settled,2026-06-02 08:07:18
PAY-20260602-0002829,TRP-20260602-0002829,114.86,mada,failed,2026-06-02 08:02:05
PAY-20260602-0002830,TRP-20260602-0002830,133.40,credit_card,settled,2026-06-02 18:18:54
PAY-20260602-0002831,TRP-20260602-0002831,103.91,cash,settled,2026-06-02 07:56:04
PAY-20260602-0002832,TRP-20260602-0002832,48.67,cash,settled,2026-06-02 09:28:48
PAY-20260602-0002833,TRP-20260602-0002833,16.96,mada,settled,2026-06-02 17:42:51
PAY-20260602-0002834,TRP-20260602-0002834,22.61,mada,settled,2026-06-02 06:32:38
PAY-20260602-0002835,TRP-20260602-0002835,22.20,mada,settled,2026-06-02 07:49:38
PAY-20260602-0002836,TRP-20260602-0002836,34.53,apple_pay,pending,2026-06-02 10:45:25
PAY-20260602-0002837,TRP-20260602-0002837,21.97,mada,settled,2026-06-02 16:34:06
PAY-20260602-0002838,TRP-20260602-0002838,17.69,cash,settled,2026-06-02 13:38:51
PAY-20260602-0002839,TRP-20260602-0002839,110.26,credit_card,settled,2026-06-02 19:12:18
PAY-20260602-0002840,TRP-20260602-0002840,13.30,cash,settled,2026-06-02 02:39:22
PAY-20260602-0002841,TRP-20260602-0002841,77.09,credit_card,settled,2026-06-02 11:12:00
PAY-20260602-0002842,TRP-20260602-0002842,21.82,mada,pending,2026-06-02 23:49:17
PAY-20260602-0002843,TRP-20260602-0002843,59.11,mada,settled,2026-06-02 21:37:13
PAY-20260602-0002844,TRP-20260602-0002844,8.00,apple_pay,settled,2026-06-02 08:40:40
PAY-20260602-0002845,TRP-20260602-0002845,34.24,stc_pay,settled,2026-06-03 11:58:49
PAY-20260602-0002846,TRP-20260602-0002846,34.39,apple_pay,settled,2026-06-02 20:47:25
PAY-20260602-0002847,TRP-20260602-0002847,103.98,mada,settled,2026-06-02 21:00:51
PAY-20260602-0002849,TRP-20260602-0002849,111.94,credit_card,settled,2026-06-02 16:04:37
PAY-20260602-0002850,TRP-20260602-0002850,21.25,mada,settled,2026-06-03 16:48:53
PAY-20260602-0002851,TRP-20260602-0002851,22.37,cash,settled,2026-06-02 11:35:34
PAY-20260602-0002852,TRP-20260602-0002852,84.00,credit_card,settled,2026-06-03 15:14:48
PAY-20260602-0002853,TRP-20260602-0002853,13.27,mada,settled,2026-06-02 03:41:41
PAY-20260602-0002854,TRP-20260602-0002854,32.15,mada,settled,2026-06-03 03:36:23
PAY-20260602-0002855,TRP-20260602-0002855,13.71,mada,settled,2026-06-02 05:07:49
PAY-20260602-0002856,TRP-20260602-0002856,12.24,cash,settled,2026-06-02 10:33:03
PAY-20260602-0002857,TRP-20260602-0002857,11.88,stc_pay,settled,2026-06-02 07:33:47
PAY-20260602-0002858,TRP-20260602-0002858,22.36,stc_pay,settled,2026-06-03 02:46:39
PAY-20260602-0002859,TRP-20260602-0002859,72.89,mada,settled,2026-06-02 16:24:54
PAY-20260602-0002860,TRP-20260602-0002860,72.71,stc_pay,settled,2026-06-02 18:16:53
PAY-20260602-0002861,TRP-20260602-0002861,24.01,mada,settled,2026-06-02 10:05:07
PAY-20260602-0002862,TRP-20260602-0002862,87.77,cash,settled,2026-06-02 16:12:56
PAY-20260602-0002863,TRP-20260602-0002863,12.00,apple_pay,settled,2026-06-02 19:54:56
PAY-20260602-0002864,TRP-20260602-0002864,12.82,mada,settled,2026-06-02 11:36:05
PAY-20260602-0002865,TRP-20260602-0002865,31.39,credit_card,settled,2026-06-02 03:31:36
PAY-20260602-0002866,TRP-20260602-0002866,47.61,apple_pay,settled,2026-06-01 22:40:20
PAY-20260602-0002867,TRP-20260602-0002867,16.10,cash,settled,2026-06-02 11:34:59
PAY-20260602-0002868,TRP-20260602-0002868,85.59,mada,settled,2026-06-02 16:55:42
PAY-20260602-0002869,TRP-20260602-0002869,24.92,mada,settled,2026-06-02 10:41:59
PAY-20260602-0002870,TRP-20260602-0002870,45.78,credit_card,settled,2026-06-02 11:18:39
PAY-20260602-0002871,TRP-20260602-0002871,65.33,wallet,settled,2026-06-02 17:33:51
PAY-20260602-0002872,TRP-20260602-0002872,43.46,wallet,settled,2026-06-03 01:34:20
PAY-20260602-0002873,TRP-20260602-0002873,42.44,mada,settled,2026-06-02 16:28:40
PAY-20260602-0002874,TRP-20260602-0002874,18.76,stc_pay,settled,2026-06-03 00:57:45
PAY-20260602-0002875,TRP-20260602-0002875,19.36,apple_pay,settled,2026-06-02 17:32:57
PAY-20260602-0002876,TRP-20260602-0002876,25.27,mada,settled,2026-06-03 05:00:41
PAY-20260602-0002877,TRP-20260602-0002877,16.33,mada,settled,2026-06-02 18:07:29
PAY-20260602-0002878,TRP-20260602-0002878,17.13,credit_card,settled,2026-06-03 04:59:43
PAY-20260602-0002879,TRP-20260602-0002879,164.89,mada,settled,2026-06-03 05:07:10
PAY-20260602-0002880,TRP-20260602-0002880,40.96,mada,settled,2026-06-03 16:29:50
PAY-20260602-0002881,TRP-20260602-0002881,17.46,mada,settled,2026-06-02 18:23:35
PAY-20260602-0002882,TRP-20260602-0002882,157.56,mada,settled,2026-06-02 19:21:12
PAY-20260602-0002883,TRP-20260602-0002883,21.63,credit_card,settled,2026-06-02 05:00:40
PAY-20260602-0002884,TRP-20260602-0002884,28.27,mada,settled,2026-06-02 08:50:38
PAY-20260602-0002885,TRP-20260602-0002885,23.21,mada,settled,2026-06-02 10:21:11
PAY-20260602-0002887,TRP-20260602-0002887,183.24,cash,settled,2026-06-02 17:08:11
PAY-20260602-0002888,TRP-20260602-0002888,174.20,mada,settled,2026-06-02 19:15:44
PAY-20260602-0002889,TRP-20260602-0002889,25.41,mada,settled,2026-06-02 06:43:57
PAY-20260602-0002890,TRP-20260602-0002890,19.27,mada,settled,2026-06-02 13:53:32
PAY-20260602-0002891,TRP-20260602-0002891,24.72,cash,settled,2026-06-02 14:25:26
PAY-20260602-0002892,TRP-20260602-0002892,195.14,mada,settled,2026-06-02 18:40:01
PAY-20260602-0002893,TRP-20260602-0002893,47.83,mada,settled,2026-06-02 07:57:20
PAY-20260602-0002894,TRP-20260602-0002894,37.19,mada,settled,2026-06-02 18:28:14
PAY-20260602-0002895,TRP-20260602-0002895,25.36,apple_pay,settled,2026-06-03 07:46:12
PAY-20260602-0002896,TRP-20260602-0002896,13.38,wallet,settled,2026-06-02 19:15:46
PAY-20260602-0002898,TRP-20260602-0002898,10.00,mada,settled,2026-06-02 18:25:25
PAY-20260602-0002899,TRP-20260602-0002899,52.39,apple_pay,settled,2026-06-02 14:56:13
PAY-20260602-0002900,TRP-20260602-0002900,31.79,mada,settled,2026-06-02 17:39:05
PAY-20260602-0002901,TRP-20260602-0002901,28.80,apple_pay,settled,2026-06-02 09:10:03
PAY-20260602-0002902,TRP-20260602-0002902,47.97,apple_pay,settled,2026-06-02 13:44:14
PAY-20260602-0002903,TRP-20260602-0002903,42.03,mada,settled,2026-06-02 23:19:27
PAY-20260602-0002904,TRP-20260602-0002904,27.70,stc_pay,settled,2026-06-02 07:01:11
PAY-20260602-0002906,TRP-20260602-0002906,40.40,cash,settled,2026-06-02 17:54:33
PAY-20260602-0002907,TRP-20260602-0002907,12.00,mada,settled,2026-06-02 16:28:18
PAY-20260602-0002908,TRP-20260602-0002908,15.10,mada,settled,2026-06-02 14:04:35
PAY-20260602-0002909,TRP-20260602-0002909,13.88,wallet,settled,2026-06-02 19:55:09
PAY-20260602-0002910,TRP-20260602-0002910,10.00,mada,settled,2026-06-02 06:57:24
PAY-20260602-0002911,TRP-20260602-0002911,25.97,mada,settled,2026-06-02 12:54:29
PAY-20260602-0002912,TRP-20260602-0002912,32.13,credit_card,settled,2026-06-02 16:03:26
PAY-20260602-0002913,TRP-20260602-0002913,75.29,mada,settled,2026-06-02 06:43:01
PAY-20260602-0002914,TRP-20260602-0002914,108.87,stc_pay,settled,2026-06-02 19:06:07
PAY-20260602-0002915,TRP-20260602-0002915,19.31,credit_card,settled,2026-06-02 05:04:09
PAY-20260602-0002916,TRP-20260602-0002916,21.05,stc_pay,settled,2026-06-02 10:49:29
PAY-20260602-0002917,TRP-20260602-0002917,49.05,apple_pay,settled,2026-06-03 14:54:26
PAY-20260602-0002918,TRP-20260602-0002918,14.66,credit_card,settled,2026-06-03 02:32:14
PAY-20260602-0002919,TRP-20260602-0002919,49.87,credit_card,settled,2026-06-03 17:36:46
PAY-20260602-0002920,TRP-20260602-0002920,13.32,mada,settled,2026-06-02 04:15:19
PAY-20260602-0002921,TRP-20260602-0002921,18.98,mada,settled,2026-06-01 22:14:18
PAY-20260602-0002922,TRP-20260602-0002922,37.32,mada,settled,2026-06-02 03:53:13
PAY-20260602-0002923,TRP-20260602-0002923,90.90,cash,settled,2026-06-02 18:42:59
PAY-20260602-0002924,TRP-20260602-0002924,119.20,apple_pay,settled,2026-06-02 17:52:09
PAY-20260602-0002925,TRP-20260602-0002925,12.57,cash,settled,2026-06-02 06:42:39
PAY-20260602-0002926,TRP-20260602-0002926,29.97,mada,settled,2026-06-02 19:29:00
PAY-20260602-0002927,TRP-20260602-0002927,21.91,mada,settled,2026-06-03 10:31:55
PAY-20260602-0002928,TRP-20260602-0002928,22.07,wallet,settled,2026-06-02 06:18:07
PAY-20260602-0002929,TRP-20260602-0002929,29.67,mada,failed,2026-06-02 10:08:30
PAY-20260602-0002930,TRP-20260602-0002930,28.44,mada,settled,2026-06-03 15:06:46
PAY-20260602-0002932,TRP-20260602-0002932,59.38,cash,settled,2026-06-02 11:02:42
PAY-20260602-0002933,TRP-20260602-0002933,12.00,mada,settled,2026-06-02 13:03:24
PAY-20260602-0002934,TRP-20260602-0002934,11.30,apple_pay,settled,2026-06-02 11:27:44
PAY-20260602-0002935,TRP-20260602-0002935,14.21,stc_pay,settled,2026-06-02 06:23:18
PAY-20260602-0002936,TRP-20260602-0002936,40.93,credit_card,settled,2026-06-02 20:39:19
PAY-20260602-0002937,TRP-20260602-0002937,50.33,wallet,settled,2026-06-02 21:03:38
PAY-20260602-0002938,TRP-20260602-0002938,11.00,cash,settled,2026-06-02 19:06:20
PAY-20260602-0002939,TRP-20260602-0002939,13.86,stc_pay,settled,2026-06-03 02:20:32
PAY-20260602-0002940,TRP-20260602-0002940,15.44,apple_pay,settled,2026-06-02 06:52:08
PAY-20260602-0002941,TRP-20260602-0002941,11.64,mada,settled,2026-06-02 03:53:40
PAY-20260602-0002942,TRP-20260602-0002942,24.96,cash,settled,2026-06-02 20:02:10
PAY-20260602-0002943,TRP-20260602-0002943,20.57,wallet,settled,2026-06-02 09:43:37
PAY-20260602-0002944,TRP-20260602-0002944,15.05,wallet,settled,2026-06-02 07:24:18
PAY-20260602-0002945,TRP-20260602-0002945,41.56,cash,settled,2026-06-02 17:34:28
PAY-20260602-0002946,TRP-20260602-0002946,22.53,credit_card,settled,2026-06-02 13:11:07
PAY-20260602-0002947,TRP-20260602-0002947,38.77,credit_card,settled,2026-06-02 18:48:45
PAY-20260602-0002948,TRP-20260602-0002948,67.17,mada,settled,2026-06-02 15:25:30
PAY-20260602-0002949,TRP-20260602-0002949,83.37,mada,settled,2026-06-02 15:40:23
PAY-20260602-0002950,TRP-20260602-0002950,40.67,apple_pay,settled,2026-06-02 05:01:58
PAY-20260602-0002951,TRP-20260602-0002951,18.07,mada,settled,2026-06-02 19:29:35
PAY-20260602-0002952,TRP-20260602-0002952,24.81,apple_pay,settled,2026-06-02 15:34:32
PAY-20260602-0002953,TRP-20260602-0002953,33.42,mada,settled,2026-06-03 02:26:35
PAY-20260602-0002954,TRP-20260602-0002954,6.00,stc_pay,settled,2026-06-03 07:05:44
PAY-20260602-0002955,TRP-20260602-0002955,16.03,wallet,pending,2026-06-02 11:08:24
PAY-20260602-0002956,TRP-20260602-0002956,38.26,mada,settled,2026-06-02 19:16:01
PAY-20260602-0002957,TRP-20260602-0002957,12.92,stc_pay,settled,2026-06-02 16:41:57
PAY-20260602-0002958,TRP-20260602-0002958,45.02,mada,settled,2026-06-03 04:37:54
PAY-20260602-0002959,TRP-20260602-0002959,37.56,apple_pay,settled,2026-06-02 12:41:02
PAY-20260602-0002960,TRP-20260602-0002960,37.51,cash,settled,2026-06-02 14:55:37
PAY-20260602-0002961,TRP-20260602-0002961,34.41,mada,settled,2026-06-02 17:41:25
PAY-20260602-0002962,TRP-20260602-0002962,11.47,mada,settled,2026-06-02 19:59:57
PAY-20260602-0002963,TRP-20260602-0002963,31.65,mada,settled,2026-06-02 09:39:42
PAY-20260602-0002964,TRP-20260602-0002964,26.14,mada,settled,2026-06-02 04:07:59
PAY-20260602-0002965,TRP-20260602-0002965,8.00,mada,settled,2026-06-02 11:43:49
PAY-20260602-0002966,TRP-20260602-0002966,84.20,apple_pay,settled,2026-06-03 08:14:48
PAY-20260602-0002967,TRP-20260602-0002967,42.98,wallet,settled,2026-06-02 15:52:23
PAY-20260602-0002968,TRP-20260602-0002968,11.07,cash,settled,2026-06-02 19:56:09
PAY-20260602-0002969,TRP-20260602-0002969,39.20,credit_card,settled,2026-06-02 16:14:30
PAY-20260602-0002970,TRP-20260602-0002970,18.94,cash,settled,2026-06-02 05:20:57
PAY-20260602-0002971,TRP-20260602-0002971,95.06,mada,settled,2026-06-03 08:45:52
PAY-20260602-0002972,TRP-20260602-0002972,8.00,cash,settled,2026-06-02 14:09:46
PAY-20260602-0002973,TRP-20260602-0002973,127.66,cash,settled,2026-06-02 15:18:26
PAY-20260602-0002974,TRP-20260602-0002974,278.96,credit_card,settled,2026-06-02 18:18:11
PAY-20260602-0002975,TRP-20260602-0002975,10.00,apple_pay,settled,2026-06-02 17:30:45
PAY-20260602-0002976,TRP-20260602-0002976,17.01,mada,settled,2026-06-02 18:20:56
PAY-20260602-0002977,TRP-20260602-0002977,29.89,mada,pending,2026-06-02 17:39:39
PAY-20260602-0002978,TRP-20260602-0002978,10.00,cash,settled,2026-06-02 03:15:10
PAY-20260602-0002979,TRP-20260602-0002979,110.43,credit_card,settled,2026-06-02 17:16:59
PAY-20260602-0002980,TRP-20260602-0002980,17.26,credit_card,settled,2026-06-03 08:54:18
PAY-20260602-0002981,TRP-20260602-0002981,96.69,mada,settled,2026-06-02 07:09:31
PAY-20260602-0002982,TRP-20260602-0002982,66.61,credit_card,settled,2026-06-03 07:17:19
PAY-20260602-0002983,TRP-20260602-0002983,10.00,credit_card,settled,2026-06-02 18:07:47
PAY-20260602-0002984,TRP-20260602-0002984,16.94,cash,settled,2026-06-02 11:39:55
PAY-20260602-0002985,TRP-20260602-0002985,15.97,mada,settled,2026-06-02 19:11:26
PAY-20260602-0002986,TRP-20260602-0002986,59.22,mada,settled,2026-06-02 16:36:06
PAY-20260602-0002987,TRP-20260602-0002987,6.00,mada,settled,2026-06-02 14:47:27
PAY-20260602-0002988,TRP-20260602-0002988,18.52,stc_pay,settled,2026-06-02 17:30:39
PAY-20260602-0002989,TRP-20260602-0002989,16.35,cash,settled,2026-06-02 07:43:45
PAY-20260602-0002990,TRP-20260602-0002990,44.69,credit_card,settled,2026-06-02 16:27:01
PAY-20260602-0002991,TRP-20260602-0002991,23.13,credit_card,settled,2026-06-02 08:28:59
PAY-20260602-0002992,TRP-20260602-0002992,30.31,mada,settled,2026-06-02 17:42:57
PAY-20260602-0002994,TRP-20260602-0002994,20.82,stc_pay,pending,2026-06-02 20:50:30
PAY-20260602-0002995,TRP-20260602-0002995,48.28,mada,settled,2026-06-03 08:53:24
PAY-20260602-0002996,TRP-20260602-0002996,22.58,credit_card,settled,2026-06-02 05:55:20
PAY-20260602-0002997,TRP-20260602-0002997,41.63,stc_pay,settled,2026-06-02 12:50:38
PAY-20260602-0002998,TRP-20260602-0002998,83.10,mada,settled,2026-06-03 09:20:56
PAY-20260602-0002999,TRP-20260602-0002999,13.76,apple_pay,settled,2026-06-02 22:11:36
PAY-20260602-0003000,TRP-20260602-0003000,26.26,credit_card,settled,2026-06-02 18:18:03
PAY-20260602-0003002,TRP-20260602-0003002,32.36,mada,settled,2026-06-02 21:29:13
PAY-20260602-0003003,TRP-20260602-0003003,43.05,mada,settled,2026-06-02 20:53:19
PAY-20260602-0003004,TRP-20260602-0003004,67.12,stc_pay,settled,2026-06-02 17:26:43
PAY-20260602-0003005,TRP-20260602-0003005,16.34,credit_card,settled,2026-06-03 03:05:10
PAY-20260602-0003006,TRP-20260602-0003006,51.23,mada,settled,2026-06-03 04:36:18
PAY-20260602-0003009,TRP-20260602-0003009,35.45,stc_pay,settled,2026-06-02 10:31:45
PAY-20260602-0003010,TRP-20260602-0003010,46.51,wallet,settled,2026-06-02 16:29:46
PAY-20260602-0003011,TRP-20260602-0003011,16.06,credit_card,settled,2026-06-02 16:38:43
PAY-20260602-0003012,TRP-20260602-0003012,21.44,mada,settled,2026-06-02 02:26:23
PAY-20260602-0003013,TRP-20260602-0003013,104.41,mada,settled,2026-06-02 15:34:12
PAY-20260602-0003014,TRP-20260602-0003014,10.00,mada,settled,2026-06-02 00:23:49
PAY-20260602-0003015,TRP-20260602-0003015,51.50,cash,settled,2026-06-02 09:51:29
PAY-20260602-0003016,TRP-20260602-0003016,118.85,mada,settled,2026-06-02 17:58:44
PAY-20260602-0003018,TRP-20260602-0003018,21.65,cash,settled,2026-06-02 17:32:38
PAY-20260602-0003019,TRP-20260602-0003019,8.00,mada,settled,2026-06-02 07:42:54
PAY-20260602-0003020,TRP-20260602-0003020,26.47,stc_pay,settled,2026-06-02 17:41:17
PAY-20260602-0003021,TRP-20260602-0003021,36.66,mada,settled,2026-06-03 01:12:14
PAY-20260602-0003022,TRP-20260602-0003022,90.82,wallet,settled,2026-06-03 11:34:58
PAY-20260602-0003023,TRP-20260602-0003023,36.95,mada,settled,2026-06-02 17:02:56
PAY-20260602-0003024,TRP-20260602-0003024,87.54,credit_card,settled,2026-06-03 05:08:29
PAY-20260602-0003025,TRP-20260602-0003025,25.38,mada,settled,2026-06-02 02:40:55
PAY-20260602-0003026,TRP-20260602-0003026,33.37,mada,settled,2026-06-02 19:35:10
PAY-20260602-0003027,TRP-20260602-0003027,24.88,cash,settled,2026-06-02 07:10:09
PAY-20260602-0003028,TRP-20260602-0003028,25.30,mada,settled,2026-06-02 11:36:17
PAY-20260602-0003029,TRP-20260602-0003029,28.97,stc_pay,settled,2026-06-02 10:15:33
PAY-20260602-0003030,TRP-20260602-0003030,20.18,wallet,settled,2026-06-02 20:37:45
PAY-20260602-0003031,TRP-20260602-0003031,90.02,stc_pay,settled,2026-06-02 15:16:55
PAY-20260602-0003032,TRP-20260602-0003032,11.00,cash,settled,2026-06-02 13:42:58
PAY-20260602-0003033,TRP-20260602-0003033,104.46,apple_pay,settled,2026-06-02 20:11:13
PAY-20260602-0003034,TRP-20260602-0003034,12.48,apple_pay,settled,2026-06-02 06:35:12
PAY-20260602-0003035,TRP-20260602-0003035,11.48,wallet,settled,2026-06-02 22:06:07
PAY-20260602-0003036,TRP-20260602-0003036,12.99,cash,settled,2026-06-02 06:57:05
PAY-20260602-0003037,TRP-20260602-0003037,123.78,apple_pay,settled,2026-06-03 17:47:10
PAY-20260602-0003038,TRP-20260602-0003038,23.20,mada,settled,2026-06-02 04:31:53
PAY-20260602-0003039,TRP-20260602-0003039,36.59,apple_pay,settled,2026-06-02 01:24:37
PAY-20260602-0003040,TRP-20260602-0003040,26.86,mada,settled,2026-06-02 15:30:15
PAY-20260602-0003041,TRP-20260602-0003041,139.38,cash,settled,2026-06-02 18:26:00
PAY-20260602-0003042,TRP-20260602-0003042,78.12,wallet,settled,2026-06-02 06:20:19
PAY-20260602-0003043,TRP-20260602-0003043,14.31,mada,settled,2026-06-02 18:58:54
PAY-20260602-0003044,TRP-20260602-0003044,138.16,stc_pay,settled,2026-06-03 12:59:19
PAY-20260602-0003045,TRP-20260602-0003045,53.55,cash,settled,2026-06-02 19:56:30
PAY-20260602-0003046,TRP-20260602-0003046,17.72,apple_pay,settled,2026-06-01 22:08:42
PAY-20260602-0003047,TRP-20260602-0003047,59.51,credit_card,settled,2026-06-02 16:58:43
PAY-20260602-0003048,TRP-20260602-0003048,19.77,stc_pay,settled,2026-06-02 08:03:06
PAY-20260602-0003049,TRP-20260602-0003049,6.00,cash,settled,2026-06-02 00:33:10
PAY-20260602-0003050,TRP-20260602-0003050,15.89,apple_pay,settled,2026-06-02 19:35:25
PAY-20260602-0003051,TRP-20260602-0003051,63.96,mada,settled,2026-06-02 14:24:36
PAY-20260602-0003052,TRP-20260602-0003052,22.72,mada,settled,2026-06-02 19:04:54
PAY-20260602-0003053,TRP-20260602-0003053,11.86,mada,settled,2026-06-03 05:39:57
PAY-20260602-0003054,TRP-20260602-0003054,27.59,credit_card,settled,2026-06-02 05:46:26
PAY-20260602-0003055,TRP-20260602-0003055,44.26,cash,settled,2026-06-02 14:37:09
PAY-20260602-0003056,TRP-20260602-0003056,36.93,stc_pay,settled,2026-06-02 17:53:01
PAY-20260602-0003057,TRP-20260602-0003057,62.56,cash,settled,2026-06-02 14:34:53
PAY-20260602-0003058,TRP-20260602-0003058,6.00,mada,settled,2026-06-03 17:58:51
PAY-20260602-0003059,TRP-20260602-0003059,20.05,stc_pay,settled,2026-06-03 07:13:54
PAY-20260602-0003060,TRP-20260602-0003060,23.96,wallet,settled,2026-06-02 17:59:22
PAY-20260602-0003061,TRP-20260602-0003061,82.56,cash,settled,2026-06-02 06:06:01
PAY-20260602-0003062,TRP-20260602-0003062,26.96,apple_pay,settled,2026-06-02 19:08:56
PAY-20260602-0003063,TRP-20260602-0003063,25.99,credit_card,refunded,2026-06-02 05:56:40
PAY-20260602-0003064,TRP-20260602-0003064,89.16,mada,settled,2026-06-02 19:49:10
PAY-20260602-0003065,TRP-20260602-0003065,33.72,wallet,settled,2026-06-02 14:52:23
PAY-20260602-0003066,TRP-20260602-0003066,21.38,mada,settled,2026-06-02 10:21:29
PAY-20260602-0003067,TRP-20260602-0003067,28.55,wallet,settled,2026-06-02 18:41:22
PAY-20260602-0003068,TRP-20260602-0003068,51.00,credit_card,settled,2026-06-02 10:05:14
PAY-20260602-0003069,TRP-20260602-0003069,23.67,stc_pay,settled,2026-06-02 06:04:53
PAY-20260602-0003070,TRP-20260602-0003070,13.37,credit_card,settled,2026-06-02 05:23:44
PAY-20260602-0003071,TRP-20260602-0003071,82.46,mada,settled,2026-06-02 15:39:35
PAY-20260602-0003072,TRP-20260602-0003072,6.00,cash,settled,2026-06-02 13:04:30
PAY-20260602-0003073,TRP-20260602-0003073,21.34,mada,settled,2026-06-02 20:56:19
PAY-20260602-0003074,TRP-20260602-0003074,73.23,apple_pay,settled,2026-06-02 20:17:32
PAY-20260602-0003075,TRP-20260602-0003075,10.00,mada,settled,2026-06-02 10:17:20
PAY-20260602-0003076,TRP-20260602-0003076,67.19,credit_card,settled,2026-06-02 09:07:34
PAY-20260602-0003077,TRP-20260602-0003077,72.64,mada,settled,2026-06-02 00:20:51
PAY-20260602-0003078,TRP-20260602-0003078,27.21,cash,settled,2026-06-02 14:32:20
PAY-20260602-0003079,TRP-20260602-0003079,87.05,credit_card,settled,2026-06-03 09:22:17
PAY-20260602-0003080,TRP-20260602-0003080,23.92,cash,settled,2026-06-02 08:09:10
PAY-20260602-0003081,TRP-20260602-0003081,18.47,mada,settled,2026-06-02 05:12:10
PAY-20260602-0003082,TRP-20260602-0003082,14.40,mada,settled,2026-06-03 07:59:46
PAY-20260602-0003083,TRP-20260602-0003083,14.76,mada,settled,2026-06-02 19:08:58
PAY-20260602-0003084,TRP-20260602-0003084,48.46,cash,settled,2026-06-02 06:08:47
PAY-20260602-0003085,TRP-20260602-0003085,37.79,credit_card,settled,2026-06-02 20:24:28
PAY-20260602-0003086,TRP-20260602-0003086,55.20,mada,settled,2026-06-03 16:05:44
PAY-20260602-0003087,TRP-20260602-0003087,16.78,wallet,settled,2026-06-01 23:39:21
PAY-20260602-0003088,TRP-20260602-0003088,111.34,credit_card,settled,2026-06-03 10:04:15
PAY-20260602-0003089,TRP-20260602-0003089,31.80,credit_card,settled,2026-06-02 07:37:40
PAY-20260602-0003090,TRP-20260602-0003090,115.40,cash,settled,2026-06-02 17:36:49
PAY-20260602-0003091,TRP-20260602-0003091,28.92,mada,pending,2026-06-02 06:03:45
PAY-20260602-0003092,TRP-20260602-0003092,59.37,credit_card,settled,2026-06-02 17:59:57
PAY-20260602-0003093,TRP-20260602-0003093,28.55,cash,settled,2026-06-02 13:59:29
PAY-20260602-0003094,TRP-20260602-0003094,118.40,apple_pay,pending,2026-06-02 20:59:43
PAY-20260602-0003095,TRP-20260602-0003095,42.46,cash,settled,2026-06-02 14:41:54
PAY-20260602-0003096,TRP-20260602-0003096,41.64,mada,settled,2026-06-02 17:04:50
PAY-20260602-0003097,TRP-20260602-0003097,19.34,credit_card,settled,2026-06-03 01:00:00
PAY-20260602-0003098,TRP-20260602-0003098,51.41,credit_card,settled,2026-06-01 23:41:49
PAY-20260602-0003099,TRP-20260602-0003099,39.65,mada,settled,2026-06-03 08:34:37
PAY-20260602-0003101,TRP-20260602-0003101,41.87,mada,settled,2026-06-03 08:28:18
PAY-20260602-0003102,TRP-20260602-0003102,28.11,credit_card,settled,2026-06-03 13:55:36
PAY-20260602-0003103,TRP-20260602-0003103,101.69,credit_card,settled,2026-06-02 18:41:48
PAY-20260602-0003104,TRP-20260602-0003104,91.90,wallet,settled,2026-06-02 07:42:06
PAY-20260602-0003105,TRP-20260602-0003105,51.42,cash,settled,2026-06-02 17:54:19
PAY-20260602-0003106,TRP-20260602-0003106,14.55,cash,settled,2026-06-02 15:26:54
PAY-20260602-0003107,TRP-20260602-0003107,8.00,credit_card,settled,2026-06-02 08:32:40
PAY-20260602-0003108,TRP-20260602-0003108,25.37,mada,settled,2026-06-02 17:25:42
PAY-20260602-0003109,TRP-20260602-0003109,59.45,cash,settled,2026-06-02 06:07:00
PAY-20260602-0003110,TRP-20260602-0003110,18.11,apple_pay,settled,2026-06-02 13:19:26
PAY-20260602-0003111,TRP-20260602-0003111,22.29,mada,settled,2026-06-02 11:54:38
PAY-20260602-0003112,TRP-20260602-0003112,54.02,credit_card,settled,2026-06-02 15:02:20
PAY-20260602-0003113,TRP-20260602-0003113,19.74,cash,settled,2026-06-02 18:26:35
PAY-20260602-0003114,TRP-20260602-0003114,18.84,apple_pay,settled,2026-06-03 02:22:21
PAY-20260602-0003115,TRP-20260602-0003115,40.25,wallet,settled,2026-06-03 17:06:19
PAY-20260602-0003116,TRP-20260602-0003116,83.25,mada,settled,2026-06-03 01:07:29
PAY-20260602-0003117,TRP-20260602-0003117,27.55,credit_card,settled,2026-06-02 17:03:31
PAY-20260602-0003118,TRP-20260602-0003118,28.45,mada,settled,2026-06-02 15:26:26
PAY-20260602-0003119,TRP-20260602-0003119,61.45,mada,settled,2026-06-03 02:31:38
PAY-20260602-0003120,TRP-20260602-0003120,19.84,mada,settled,2026-06-02 19:03:23
PAY-20260602-0003122,TRP-20260602-0003122,10.00,mada,settled,2026-06-02 21:13:22
PAY-20260602-0003123,TRP-20260602-0003123,136.04,mada,settled,2026-06-03 00:58:52
PAY-20260602-0003124,TRP-20260602-0003124,57.32,credit_card,settled,2026-06-02 06:10:42
PAY-20260602-0003125,TRP-20260602-0003125,54.28,wallet,settled,2026-06-02 14:00:09
PAY-20260602-0003126,TRP-20260602-0003126,43.99,stc_pay,settled,2026-06-03 03:39:39
PAY-20260602-0003127,TRP-20260602-0003127,45.05,mada,settled,2026-06-02 14:36:28
PAY-20260602-0003128,TRP-20260602-0003128,18.71,apple_pay,settled,2026-06-02 09:57:54
PAY-20260602-0003129,TRP-20260602-0003129,10.00,credit_card,settled,2026-06-02 07:08:42
PAY-20260602-0003130,TRP-20260602-0003130,38.46,stc_pay,settled,2026-06-02 16:09:12
PAY-20260602-0003131,TRP-20260602-0003131,16.94,stc_pay,settled,2026-06-02 11:36:56
PAY-20260602-0003132,TRP-20260602-0003132,23.93,wallet,settled,2026-06-02 11:32:47
PAY-20260602-0003133,TRP-20260602-0003133,8.00,stc_pay,settled,2026-06-02 18:30:36
PAY-20260602-0003134,TRP-20260602-0003134,19.21,mada,settled,2026-06-03 05:13:13
PAY-20260602-0003135,TRP-20260602-0003135,82.95,mada,settled,2026-06-02 15:43:42
PAY-20260602-0003136,TRP-20260602-0003136,23.76,mada,settled,2026-06-02 22:38:59
PAY-20260602-0003137,TRP-20260602-0003137,18.71,stc_pay,settled,2026-06-02 08:02:51
PAY-20260602-0003138,TRP-20260602-0003138,27.37,stc_pay,settled,2026-06-03 08:14:29
PAY-20260602-0003139,TRP-20260602-0003139,103.77,apple_pay,settled,2026-06-02 11:24:23
PAY-20260602-0003140,TRP-20260602-0003140,20.07,apple_pay,settled,2026-06-03 02:03:10
PAY-20260602-0003141,TRP-20260602-0003141,12.26,mada,settled,2026-06-03 13:51:06
PAY-20260602-0003142,TRP-20260602-0003142,51.05,mada,settled,2026-06-02 08:46:41
PAY-20260602-0003143,TRP-20260602-0003143,39.43,apple_pay,settled,2026-06-02 19:30:37
PAY-20260602-0003144,TRP-20260602-0003144,55.17,credit_card,settled,2026-06-03 17:42:16
PAY-20260602-0003145,TRP-20260602-0003145,91.81,cash,settled,2026-06-02 04:48:00
PAY-20260602-0003146,TRP-20260602-0003146,25.26,apple_pay,settled,2026-06-02 05:01:48
PAY-20260602-0003147,TRP-20260602-0003147,35.39,mada,settled,2026-06-02 05:21:45
PAY-20260602-0003148,TRP-20260602-0003148,10.00,credit_card,settled,2026-06-02 04:38:07
PAY-20260602-0003149,TRP-20260602-0003149,6.00,wallet,refunded,2026-06-03 13:39:38
PAY-20260602-0003150,TRP-20260602-0003150,53.83,mada,settled,2026-06-03 15:32:13
PAY-20260602-0003151,TRP-20260602-0003151,59.97,apple_pay,settled,2026-06-02 22:13:35
PAY-20260602-0003152,TRP-20260602-0003152,13.59,apple_pay,settled,2026-06-03 07:00:49
PAY-20260602-0003153,TRP-20260602-0003153,6.00,credit_card,settled,2026-06-02 05:09:01
PAY-20260602-0003155,TRP-20260602-0003155,22.72,credit_card,settled,2026-06-02 16:40:29
PAY-20260602-0003157,TRP-20260602-0003157,17.76,credit_card,settled,2026-06-03 02:02:31
PAY-20260602-0003158,TRP-20260602-0003158,28.14,stc_pay,settled,2026-06-02 19:49:40
PAY-20260602-0003159,TRP-20260602-0003159,19.07,mada,settled,2026-06-02 18:53:08
PAY-20260602-0003160,TRP-20260602-0003160,15.07,mada,settled,2026-06-02 23:00:45
PAY-20260602-0003161,TRP-20260602-0003161,23.66,mada,settled,2026-06-02 15:07:32
PAY-20260602-0003162,TRP-20260602-0003162,18.94,credit_card,settled,2026-06-03 06:48:25
PAY-20260602-0003163,TRP-20260602-0003163,66.48,apple_pay,settled,2026-06-02 21:21:16
PAY-20260602-0003164,TRP-20260602-0003164,14.69,cash,settled,2026-06-02 16:23:47
PAY-20260602-0003165,TRP-20260602-0003165,31.33,mada,settled,2026-06-02 12:02:02
PAY-20260602-0003166,TRP-20260602-0003166,22.62,mada,settled,2026-06-02 17:45:06
PAY-20260602-0003167,TRP-20260602-0003167,125.40,credit_card,pending,2026-06-03 03:19:16
PAY-20260602-0003168,TRP-20260602-0003168,27.75,mada,settled,2026-06-03 13:25:09
PAY-20260602-0003169,TRP-20260602-0003169,12.86,mada,settled,2026-06-02 05:48:39
PAY-20260602-0003170,TRP-20260602-0003170,28.92,mada,settled,2026-06-02 09:07:19
PAY-20260602-0003171,TRP-20260602-0003171,12.67,credit_card,settled,2026-06-02 18:50:24
PAY-20260602-0003172,TRP-20260602-0003172,14.66,stc_pay,settled,2026-06-02 20:42:51
PAY-20260602-0003173,TRP-20260602-0003173,19.76,mada,settled,2026-06-02 19:43:37
PAY-20260602-0003174,TRP-20260602-0003174,111.71,credit_card,settled,2026-06-02 09:22:30
PAY-20260602-0003175,TRP-20260602-0003175,30.72,apple_pay,settled,2026-06-02 18:49:25
PAY-20260602-0003176,TRP-20260602-0003176,17.25,credit_card,settled,2026-06-02 07:21:14
PAY-20260602-0003177,TRP-20260602-0003177,28.16,credit_card,settled,2026-06-02 19:00:18
PAY-20260602-0003178,TRP-20260602-0003178,50.82,credit_card,settled,2026-06-02 13:38:09
PAY-20260602-0003179,TRP-20260602-0003179,32.16,credit_card,settled,2026-06-02 13:45:35
PAY-20260602-0003180,TRP-20260602-0003180,20.84,apple_pay,settled,2026-06-02 10:48:23
PAY-20260602-0003181,TRP-20260602-0003181,108.32,mada,settled,2026-06-02 18:01:16
PAY-20260602-0003182,TRP-20260602-0003182,28.54,credit_card,settled,2026-06-02 08:44:11
PAY-20260602-0003183,TRP-20260602-0003183,119.98,cash,settled,2026-06-02 03:34:56
PAY-20260602-0003184,TRP-20260602-0003184,39.41,cash,settled,2026-06-02 06:47:08
PAY-20260602-0003185,TRP-20260602-0003185,96.31,apple_pay,settled,2026-06-02 17:31:20
PAY-20260602-0003186,TRP-20260602-0003186,40.19,stc_pay,settled,2026-06-02 20:46:27
PAY-20260602-0003187,TRP-20260602-0003187,31.69,cash,settled,2026-06-02 05:47:31
PAY-20260602-0003188,TRP-20260602-0003188,12.00,apple_pay,settled,2026-06-02 21:56:38
PAY-20260602-0003189,TRP-20260602-0003189,40.61,stc_pay,settled,2026-06-02 17:54:26
PAY-20260602-0003190,TRP-20260602-0003190,11.19,mada,settled,2026-06-02 12:52:42
PAY-20260602-0003191,TRP-20260602-0003191,38.30,wallet,settled,2026-06-02 20:08:12
PAY-20260602-0003192,TRP-20260602-0003192,62.70,credit_card,settled,2026-06-03 10:40:21
PAY-20260602-0003193,TRP-20260602-0003193,112.58,credit_card,settled,2026-06-02 19:07:38
PAY-20260602-0003194,TRP-20260602-0003194,40.28,stc_pay,settled,2026-06-02 10:36:22
PAY-20260602-0003195,TRP-20260602-0003195,14.19,mada,settled,2026-06-02 07:30:38
PAY-20260602-0003196,TRP-20260602-0003196,14.63,apple_pay,settled,2026-06-02 22:43:04
PAY-20260602-0003197,TRP-20260602-0003197,12.68,mada,settled,2026-06-02 13:53:57
PAY-20260602-0003198,TRP-20260602-0003198,15.01,stc_pay,settled,2026-06-02 21:40:21
PAY-20260602-0003199,TRP-20260602-0003199,22.21,credit_card,settled,2026-06-02 10:37:30
PAY-20260602-0003200,TRP-20260602-0003200,59.22,stc_pay,settled,2026-06-02 08:14:07
PAY-20260602-0003201,TRP-20260602-0003201,35.26,apple_pay,settled,2026-06-03 01:18:37
PAY-20260602-0003202,TRP-20260602-0003202,39.19,credit_card,settled,2026-06-02 05:26:33
PAY-20260602-0003204,TRP-20260602-0003204,17.28,cash,settled,2026-06-02 04:27:37
PAY-20260602-0003206,TRP-20260602-0003206,52.27,cash,settled,2026-06-02 15:04:04
PAY-20260602-0003207,TRP-20260602-0003207,59.25,mada,settled,2026-06-02 20:23:29
PAY-20260602-0003208,TRP-20260602-0003208,138.12,mada,settled,2026-06-03 18:13:34
PAY-20260602-0003209,TRP-20260602-0003209,6.00,stc_pay,pending,2026-06-02 11:50:20
PAY-20260602-0003210,TRP-20260602-0003210,21.96,credit_card,settled,2026-06-02 08:42:47
PAY-20260602-0003211,TRP-20260602-0003211,13.52,stc_pay,settled,2026-06-03 09:02:29
PAY-20260602-0003212,TRP-20260602-0003212,15.09,mada,settled,2026-06-02 19:35:24
PAY-20260602-0003213,TRP-20260602-0003213,23.95,mada,settled,2026-06-02 09:12:24
PAY-20260602-0003214,TRP-20260602-0003214,40.54,cash,settled,2026-06-02 16:58:03
PAY-20260602-0003215,TRP-20260602-0003215,25.17,credit_card,settled,2026-06-03 20:29:30
PAY-20260602-0003216,TRP-20260602-0003216,24.07,mada,settled,2026-06-02 15:09:43
PAY-20260602-0003217,TRP-20260602-0003217,19.48,mada,settled,2026-06-02 12:58:24
PAY-20260602-0003218,TRP-20260602-0003218,11.04,stc_pay,settled,2026-06-02 11:27:49
PAY-20260602-0003220,TRP-20260602-0003220,36.94,credit_card,settled,2026-06-02 13:23:12
PAY-20260602-0003221,TRP-20260602-0003221,17.56,cash,settled,2026-06-02 08:22:59
PAY-20260602-0003222,TRP-20260602-0003222,15.67,wallet,settled,2026-06-02 13:32:34
PAY-20260602-0003223,TRP-20260602-0003223,71.61,stc_pay,settled,2026-06-02 15:15:39
PAY-20260602-0003224,TRP-20260602-0003224,28.19,stc_pay,settled,2026-06-03 00:31:13
PAY-20260602-0003225,TRP-20260602-0003225,17.64,mada,settled,2026-06-02 13:27:51
PAY-20260602-0003226,TRP-20260602-0003226,162.75,credit_card,settled,2026-06-03 13:13:23
PAY-20260602-0003227,TRP-20260602-0003227,19.68,apple_pay,settled,2026-06-02 11:30:52
PAY-20260602-0003228,TRP-20260602-0003228,13.83,mada,settled,2026-06-02 18:59:21
PAY-20260602-0003229,TRP-20260602-0003229,76.06,credit_card,settled,2026-06-02 21:09:43
PAY-20260602-0003230,TRP-20260602-0003230,14.54,mada,settled,2026-06-02 05:58:40
PAY-20260602-0003231,TRP-20260602-0003231,77.70,mada,settled,2026-06-02 20:46:38
PAY-20260602-0003232,TRP-20260602-0003232,29.68,cash,settled,2026-06-02 20:10:28
PAY-20260602-0003233,TRP-20260602-0003233,71.66,credit_card,settled,2026-06-02 14:17:51
PAY-20260602-0003234,TRP-20260602-0003234,149.34,stc_pay,settled,2026-06-02 12:05:45
PAY-20260602-0003235,TRP-20260602-0003235,17.12,stc_pay,settled,2026-06-03 08:16:43
PAY-20260602-0003236,TRP-20260602-0003236,38.92,mada,settled,2026-06-02 07:03:37
PAY-20260602-0003237,TRP-20260602-0003237,26.88,credit_card,settled,2026-06-03 06:49:10
PAY-20260602-0003238,TRP-20260602-0003238,20.60,credit_card,settled,2026-06-02 20:54:14
PAY-20260602-0003239,TRP-20260602-0003239,39.87,credit_card,settled,2026-06-02 08:32:36
PAY-20260602-0003240,TRP-20260602-0003240,24.84,stc_pay,settled,2026-06-02 19:10:00
PAY-20260602-0003241,TRP-20260602-0003241,31.69,credit_card,settled,2026-06-02 23:02:08
PAY-20260602-0003242,TRP-20260602-0003242,30.41,mada,settled,2026-06-02 18:47:42
PAY-20260602-0003244,TRP-20260602-0003244,52.69,apple_pay,settled,2026-06-02 13:14:08
PAY-20260602-0003245,TRP-20260602-0003245,27.28,mada,settled,2026-06-02 18:26:50
PAY-20260602-0003246,TRP-20260602-0003246,25.55,mada,settled,2026-06-02 08:07:07
PAY-20260602-0003247,TRP-20260602-0003247,26.54,apple_pay,settled,2026-06-02 11:15:17
PAY-20260602-0003248,TRP-20260602-0003248,21.74,mada,settled,2026-06-02 18:46:24
PAY-20260602-0003249,TRP-20260602-0003249,60.10,stc_pay,settled,2026-06-02 08:30:24
PAY-20260602-0003250,TRP-20260602-0003250,17.14,stc_pay,settled,2026-06-02 05:13:38
PAY-20260602-0003251,TRP-20260602-0003251,36.23,cash,settled,2026-06-02 06:32:38
PAY-20260602-0003252,TRP-20260602-0003252,70.78,apple_pay,settled,2026-06-02 16:05:37
PAY-20260602-0003253,TRP-20260602-0003253,23.03,mada,settled,2026-06-02 08:37:54
PAY-20260602-0003254,TRP-20260602-0003254,19.35,credit_card,settled,2026-06-02 13:16:06
PAY-20260602-0003255,TRP-20260602-0003255,42.37,stc_pay,settled,2026-06-02 14:23:32
PAY-20260602-0003256,TRP-20260602-0003256,13.79,mada,settled,2026-06-02 09:40:37
PAY-20260602-0003257,TRP-20260602-0003257,17.88,apple_pay,settled,2026-06-02 07:53:53
PAY-20260602-0003258,TRP-20260602-0003258,48.54,cash,settled,2026-06-02 14:53:16
PAY-20260602-0003259,TRP-20260602-0003259,49.78,cash,settled,2026-06-02 17:34:51
PAY-20260602-0003260,TRP-20260602-0003260,136.78,apple_pay,settled,2026-06-02 16:41:00
PAY-20260602-0003261,TRP-20260602-0003261,36.47,credit_card,settled,2026-06-02 08:52:04
PAY-20260602-0003262,TRP-20260602-0003262,39.37,apple_pay,settled,2026-06-02 16:53:02
PAY-20260602-0003263,TRP-20260602-0003263,10.00,credit_card,settled,2026-06-02 19:09:50
PAY-20260602-0003264,TRP-20260602-0003264,22.44,cash,settled,2026-06-02 11:49:25
PAY-20260602-0003265,TRP-20260602-0003265,120.36,mada,settled,2026-06-02 11:50:44
PAY-20260602-0003266,TRP-20260602-0003266,36.11,mada,settled,2026-06-02 14:25:58
PAY-20260602-0003267,TRP-20260602-0003267,19.53,credit_card,settled,2026-06-02 12:05:47
PAY-20260602-0003268,TRP-20260602-0003268,105.61,cash,settled,2026-06-02 16:56:30
PAY-20260602-0003269,TRP-20260602-0003269,48.86,mada,settled,2026-06-02 16:56:13
PAY-20260602-0003271,TRP-20260602-0003271,22.44,credit_card,settled,2026-06-02 06:04:39
PAY-20260602-0003272,TRP-20260602-0003272,43.39,mada,settled,2026-06-02 10:34:29
PAY-20260602-0003273,TRP-20260602-0003273,32.78,stc_pay,settled,2026-06-03 07:53:30
PAY-20260602-0003274,TRP-20260602-0003274,36.11,wallet,settled,2026-06-02 17:18:43
PAY-20260602-0003275,TRP-20260602-0003275,16.21,credit_card,settled,2026-06-02 23:14:16
PAY-20260602-0003276,TRP-20260602-0003276,41.79,credit_card,settled,2026-06-02 06:33:46
PAY-20260602-0003277,TRP-20260602-0003277,12.90,credit_card,settled,2026-06-02 13:14:24
PAY-20260602-0003278,TRP-20260602-0003278,14.39,mada,settled,2026-06-02 11:09:27
PAY-20260602-0003279,TRP-20260602-0003279,35.33,credit_card,settled,2026-06-03 06:38:37
PAY-20260602-0003280,TRP-20260602-0003280,10.00,wallet,settled,2026-06-02 15:42:15
PAY-20260602-0003282,TRP-20260602-0003282,15.44,cash,settled,2026-06-02 08:08:30
PAY-20260602-0003283,TRP-20260602-0003283,26.74,mada,pending,2026-06-03 06:14:06
PAY-20260602-0003284,TRP-20260602-0003284,20.81,cash,settled,2026-06-02 16:35:45
PAY-20260602-0003285,TRP-20260602-0003285,12.99,stc_pay,settled,2026-06-02 03:28:40
PAY-20260602-0003286,TRP-20260602-0003286,69.71,wallet,settled,2026-06-02 07:53:08
PAY-20260602-0003287,TRP-20260602-0003287,21.81,mada,settled,2026-06-02 15:56:52
PAY-20260602-0003288,TRP-20260602-0003288,23.86,mada,settled,2026-06-03 03:17:18
PAY-20260602-0003289,TRP-20260602-0003289,23.12,cash,settled,2026-06-02 19:56:12
PAY-20260602-0003290,TRP-20260602-0003290,59.99,mada,settled,2026-06-02 13:30:27
PAY-20260602-0003291,TRP-20260602-0003291,55.60,mada,settled,2026-06-02 07:02:47
PAY-20260602-0003292,TRP-20260602-0003292,12.59,apple_pay,settled,2026-06-02 10:31:16
PAY-20260602-0003293,TRP-20260602-0003293,23.09,stc_pay,settled,2026-06-02 17:04:33
PAY-20260602-0003294,TRP-20260602-0003294,15.03,mada,settled,2026-06-02 08:03:03
PAY-20260602-0003295,TRP-20260602-0003295,37.34,apple_pay,settled,2026-06-02 18:24:33
PAY-20260602-0003296,TRP-20260602-0003296,55.47,apple_pay,settled,2026-06-03 15:40:21
PAY-20260602-0003297,TRP-20260602-0003297,69.94,mada,settled,2026-06-02 12:04:07
PAY-20260602-0003298,TRP-20260602-0003298,19.21,mada,settled,2026-06-03 06:46:31
PAY-20260602-0003299,TRP-20260602-0003299,26.78,wallet,settled,2026-06-02 17:27:39
PAY-20260602-0003300,TRP-20260602-0003300,12.00,mada,settled,2026-06-03 18:35:18
PAY-20260602-0003301,TRP-20260602-0003301,23.38,apple_pay,settled,2026-06-02 17:55:20
PAY-20260602-0003302,TRP-20260602-0003302,23.21,stc_pay,settled,2026-06-03 00:48:45
PAY-20260602-0003303,TRP-20260602-0003303,33.31,credit_card,settled,2026-06-02 20:24:11
PAY-20260602-0003304,TRP-20260602-0003304,10.00,credit_card,settled,2026-06-02 07:50:39
PAY-20260602-0003305,TRP-20260602-0003305,15.02,mada,settled,2026-06-03 17:38:55
PAY-20260602-0003306,TRP-20260602-0003306,30.48,mada,settled,2026-06-02 14:29:30
PAY-20260602-0003307,TRP-20260602-0003307,25.17,mada,settled,2026-06-03 00:09:08
PAY-20260602-0003308,TRP-20260602-0003308,18.33,apple_pay,settled,2026-06-02 13:51:46
PAY-20260602-0003309,TRP-20260602-0003309,20.13,mada,settled,2026-06-02 18:27:53
PAY-20260602-0003310,TRP-20260602-0003310,23.32,mada,settled,2026-06-02 13:04:14
PAY-20260602-0003311,TRP-20260602-0003311,25.12,apple_pay,settled,2026-06-02 09:20:33
PAY-20260602-0003312,TRP-20260602-0003312,33.69,wallet,settled,2026-06-02 15:32:29
PAY-20260602-0003313,TRP-20260602-0003313,26.70,credit_card,pending,2026-06-02 11:02:09
PAY-20260602-0003314,TRP-20260602-0003314,45.11,stc_pay,settled,2026-06-02 12:01:03
PAY-20260602-0003315,TRP-20260602-0003315,21.61,mada,settled,2026-06-02 23:26:11
PAY-20260602-0003316,TRP-20260602-0003316,30.91,mada,settled,2026-06-02 04:37:57
PAY-20260602-0003317,TRP-20260602-0003317,106.07,cash,settled,2026-06-02 17:50:26
PAY-20260602-0003318,TRP-20260602-0003318,41.69,mada,settled,2026-06-02 16:05:58
PAY-20260602-0003319,TRP-20260602-0003319,19.88,credit_card,settled,2026-06-02 09:15:29
PAY-20260602-0003320,TRP-20260602-0003320,18.42,cash,settled,2026-06-02 13:57:11
PAY-20260602-0003321,TRP-20260602-0003321,76.11,mada,settled,2026-06-02 14:16:15
PAY-20260602-0003322,TRP-20260602-0003322,83.76,mada,settled,2026-06-02 16:38:12
PAY-20260602-0003323,TRP-20260602-0003323,17.41,mada,settled,2026-06-03 04:18:07
PAY-20260602-0003324,TRP-20260602-0003324,24.00,stc_pay,settled,2026-06-02 19:57:46
PAY-20260602-0003325,TRP-20260602-0003325,37.43,mada,settled,2026-06-02 15:09:40
PAY-20260602-0003326,TRP-20260602-0003326,19.99,credit_card,settled,2026-06-03 00:14:08
PAY-20260602-0003327,TRP-20260602-0003327,22.03,apple_pay,settled,2026-06-02 05:49:47
PAY-20260602-0003328,TRP-20260602-0003328,54.26,credit_card,settled,2026-06-02 17:20:46
PAY-20260602-0003329,TRP-20260602-0003329,21.91,credit_card,settled,2026-06-02 06:11:17
PAY-20260602-0003330,TRP-20260602-0003330,18.57,stc_pay,settled,2026-06-02 09:06:28
PAY-20260602-0003331,TRP-20260602-0003331,15.12,wallet,settled,2026-06-02 20:26:57
PAY-20260602-0003332,TRP-20260602-0003332,36.41,apple_pay,settled,2026-06-02 19:24:15
PAY-20260602-0003333,TRP-20260602-0003333,28.97,credit_card,settled,2026-06-02 18:01:14
PAY-20260602-0003334,TRP-20260602-0003334,64.84,apple_pay,settled,2026-06-03 03:05:55
PAY-20260602-0003335,TRP-20260602-0003335,33.24,mada,settled,2026-06-02 12:34:48
PAY-20260602-0003336,TRP-20260602-0003336,30.74,credit_card,settled,2026-06-02 22:31:22
PAY-20260602-0003337,TRP-20260602-0003337,46.87,mada,settled,2026-06-02 15:30:59
PAY-20260602-0003338,TRP-20260602-0003338,70.53,apple_pay,settled,2026-06-02 19:20:44
PAY-20260602-0003339,TRP-20260602-0003339,48.01,mada,settled,2026-06-02 13:29:37
PAY-20260602-0003340,TRP-20260602-0003340,89.44,cash,settled,2026-06-02 04:04:02
PAY-20260602-0003341,TRP-20260602-0003341,6.00,mada,settled,2026-06-02 06:11:08
PAY-20260602-0003342,TRP-20260602-0003342,58.07,mada,settled,2026-06-03 16:35:10
PAY-20260602-0003343,TRP-20260602-0003343,13.62,apple_pay,settled,2026-06-02 20:15:17
PAY-20260602-0003344,TRP-20260602-0003344,38.43,apple_pay,settled,2026-06-02 18:43:25
PAY-20260602-0003345,TRP-20260602-0003345,53.41,apple_pay,settled,2026-06-02 13:18:47
PAY-20260602-0003346,TRP-20260602-0003346,11.78,cash,settled,2026-06-02 12:04:50
PAY-20260602-0003347,TRP-20260602-0003347,29.92,credit_card,settled,2026-06-02 19:48:58
PAY-20260602-0003348,TRP-20260602-0003348,36.34,credit_card,settled,2026-06-02 17:40:46
PAY-20260602-0003349,TRP-20260602-0003349,8.00,credit_card,settled,2026-06-02 15:44:32
PAY-20260602-0003350,TRP-20260602-0003350,46.88,credit_card,settled,2026-06-02 09:47:46
PAY-20260602-0003351,TRP-20260602-0003351,30.73,cash,settled,2026-06-02 13:19:01
PAY-20260602-0003352,TRP-20260602-0003352,42.00,mada,settled,2026-06-03 15:51:36
PAY-20260602-0003353,TRP-20260602-0003353,29.30,credit_card,settled,2026-06-02 14:09:28
PAY-20260602-0003354,TRP-20260602-0003354,135.14,cash,settled,2026-06-02 19:35:26
PAY-20260602-0003355,TRP-20260602-0003355,180.05,cash,settled,2026-06-02 19:00:48
PAY-20260602-0003356,TRP-20260602-0003356,13.33,mada,settled,2026-06-02 20:45:30
PAY-20260602-0003357,TRP-20260602-0003357,20.24,apple_pay,settled,2026-06-02 13:19:22
PAY-20260602-0003358,TRP-20260602-0003358,39.31,credit_card,settled,2026-06-02 17:53:00
PAY-20260602-0003359,TRP-20260602-0003359,17.88,mada,settled,2026-06-02 06:56:58
PAY-20260602-0003360,TRP-20260602-0003360,36.95,mada,settled,2026-06-02 18:55:46
PAY-20260602-0003361,TRP-20260602-0003361,36.81,mada,settled,2026-06-02 07:48:23
PAY-20260602-0003362,TRP-20260602-0003362,22.15,cash,settled,2026-06-02 13:34:35
PAY-20260602-0003364,TRP-20260602-0003364,19.79,credit_card,settled,2026-06-03 14:08:34
PAY-20260602-0003365,TRP-20260602-0003365,79.87,credit_card,settled,2026-06-02 16:55:57
PAY-20260602-0003366,TRP-20260602-0003366,20.68,mada,settled,2026-06-02 19:13:56
PAY-20260602-0003367,TRP-20260602-0003367,92.75,mada,settled,2026-06-02 06:28:05
PAY-20260602-0003368,TRP-20260602-0003368,34.94,mada,settled,2026-06-02 14:41:13
PAY-20260602-0003369,TRP-20260602-0003369,80.46,stc_pay,settled,2026-06-02 14:43:38
PAY-20260602-0003371,TRP-20260602-0003371,137.31,mada,failed,2026-06-02 21:03:31
PAY-20260602-0003372,TRP-20260602-0003372,13.09,stc_pay,settled,2026-06-03 13:47:59
PAY-20260602-0003373,TRP-20260602-0003373,38.51,cash,settled,2026-06-02 10:03:25
PAY-20260602-0003374,TRP-20260602-0003374,161.44,cash,settled,2026-06-02 08:24:21
PAY-20260602-0003375,TRP-20260602-0003375,72.64,cash,settled,2026-06-02 17:13:30
PAY-20260602-0003376,TRP-20260602-0003376,39.31,stc_pay,settled,2026-06-03 10:02:08
PAY-20260602-0003377,TRP-20260602-0003377,25.34,apple_pay,settled,2026-06-02 18:50:09
PAY-20260602-0003378,TRP-20260602-0003378,39.51,mada,settled,2026-06-02 06:30:03
PAY-20260602-0003379,TRP-20260602-0003379,34.28,stc_pay,settled,2026-06-02 17:26:58
PAY-20260602-0003380,TRP-20260602-0003380,10.04,mada,settled,2026-06-03 11:57:03
PAY-20260602-0003381,TRP-20260602-0003381,41.40,wallet,settled,2026-06-02 08:02:53
PAY-20260602-0003382,TRP-20260602-0003382,40.62,wallet,settled,2026-06-02 18:22:41
PAY-20260602-0003383,TRP-20260602-0003383,63.13,apple_pay,settled,2026-06-02 19:51:22
PAY-20260602-0003384,TRP-20260602-0003384,87.67,mada,settled,2026-06-02 14:04:38
PAY-20260602-0003385,TRP-20260602-0003385,24.16,cash,settled,2026-06-02 17:40:32
PAY-20260602-0003386,TRP-20260602-0003386,63.78,stc_pay,settled,2026-06-02 15:42:44
PAY-20260602-0003387,TRP-20260602-0003387,43.60,stc_pay,settled,2026-06-02 17:50:02
PAY-20260602-0003388,TRP-20260602-0003388,24.39,mada,settled,2026-06-02 12:03:16
PAY-20260602-0003389,TRP-20260602-0003389,23.45,wallet,settled,2026-06-02 13:51:26
PAY-20260602-0003390,TRP-20260602-0003390,13.88,credit_card,settled,2026-06-02 07:23:27
PAY-20260602-0003391,TRP-20260602-0003391,20.11,credit_card,settled,2026-06-02 10:40:19
PAY-20260602-0003392,TRP-20260602-0003392,20.50,cash,settled,2026-06-02 06:33:57
PAY-20260602-0003393,TRP-20260602-0003393,29.95,mada,settled,2026-06-02 11:19:44
PAY-20260602-0003394,TRP-20260602-0003394,60.89,mada,settled,2026-06-02 18:47:24
PAY-20260602-0003395,TRP-20260602-0003395,55.50,mada,settled,2026-06-02 15:11:14
PAY-20260602-0003396,TRP-20260602-0003396,28.85,mada,settled,2026-06-02 16:25:14
PAY-20260602-0003397,TRP-20260602-0003397,17.41,apple_pay,settled,2026-06-02 20:29:39
PAY-20260602-0003399,TRP-20260602-0003399,15.75,cash,settled,2026-06-02 18:34:10
PAY-20260602-0003400,TRP-20260602-0003400,18.18,credit_card,settled,2026-06-02 07:11:58
PAY-20260602-0003401,TRP-20260602-0003401,82.47,mada,settled,2026-06-02 00:20:13
PAY-20260602-0003402,TRP-20260602-0003402,20.29,mada,settled,2026-06-02 18:32:10
PAY-20260602-0003403,TRP-20260602-0003403,6.00,credit_card,settled,2026-06-02 20:56:41
PAY-20260602-0003404,TRP-20260602-0003404,81.00,mada,settled,2026-06-02 17:58:26
PAY-20260602-0003405,TRP-20260602-0003405,16.28,mada,settled,2026-06-02 21:40:06
PAY-20260602-0003406,TRP-20260602-0003406,20.44,mada,settled,2026-06-02 07:07:16
PAY-20260602-0003407,TRP-20260602-0003407,19.55,credit_card,settled,2026-06-02 06:45:38
PAY-20260602-0003408,TRP-20260602-0003408,16.70,mada,settled,2026-06-02 21:54:44
PAY-20260602-0003409,TRP-20260602-0003409,152.26,apple_pay,settled,2026-06-02 17:50:53
PAY-20260602-0003410,TRP-20260602-0003410,22.57,cash,settled,2026-06-02 18:24:28
PAY-20260602-0003411,TRP-20260602-0003411,13.76,mada,settled,2026-06-02 07:04:47
PAY-20260602-0003413,TRP-20260602-0003413,39.80,mada,settled,2026-06-02 13:39:32
PAY-20260602-0003414,TRP-20260602-0003414,25.50,mada,settled,2026-06-02 23:19:18
PAY-20260602-0003415,TRP-20260602-0003415,19.33,credit_card,settled,2026-06-02 12:54:02
PAY-20260602-0003416,TRP-20260602-0003416,125.27,mada,settled,2026-06-02 18:07:02
PAY-20260602-0003417,TRP-20260602-0003417,68.26,mada,settled,2026-06-02 07:46:27
PAY-20260602-0003418,TRP-20260602-0003418,53.10,stc_pay,settled,2026-06-02 13:23:35
PAY-20260602-0003419,TRP-20260602-0003419,30.10,credit_card,settled,2026-06-02 17:18:26
PAY-20260602-0003420,TRP-20260602-0003420,53.76,apple_pay,settled,2026-06-02 14:09:53
PAY-20260602-0003421,TRP-20260602-0003421,51.96,mada,settled,2026-06-02 14:28:38
PAY-20260602-0003422,TRP-20260602-0003422,17.09,apple_pay,settled,2026-06-02 18:28:51
PAY-20260602-0003423,TRP-20260602-0003423,23.17,mada,settled,2026-06-02 14:01:08
PAY-20260602-0003424,TRP-20260602-0003424,20.65,mada,settled,2026-06-02 15:15:48
PAY-20260602-0003426,TRP-20260602-0003426,27.40,mada,settled,2026-06-02 17:00:34
PAY-20260602-0003427,TRP-20260602-0003427,14.17,credit_card,settled,2026-06-02 18:01:42
PAY-20260602-0003428,TRP-20260602-0003428,91.45,credit_card,settled,2026-06-02 11:50:05
PAY-20260602-0003429,TRP-20260602-0003429,29.59,cash,settled,2026-06-02 09:04:04
PAY-20260602-0003430,TRP-20260602-0003430,26.01,mada,settled,2026-06-02 15:28:43
PAY-20260602-0003431,TRP-20260602-0003431,119.38,mada,settled,2026-06-02 00:19:22
PAY-20260602-0003432,TRP-20260602-0003432,15.72,mada,pending,2026-06-02 19:03:24
PAY-20260602-0003433,TRP-20260602-0003433,114.47,credit_card,settled,2026-06-02 16:26:26
PAY-20260602-0003434,TRP-20260602-0003434,12.68,cash,settled,2026-06-02 13:33:00
PAY-20260602-0003435,TRP-20260602-0003435,13.57,apple_pay,settled,2026-06-02 15:36:47
PAY-20260602-0003436,TRP-20260602-0003436,29.80,credit_card,settled,2026-06-02 06:20:23
PAY-20260602-0003437,TRP-20260602-0003437,30.65,mada,settled,2026-06-02 16:37:06
PAY-20260602-0003438,TRP-20260602-0003438,15.28,mada,settled,2026-06-02 12:46:36
PAY-20260602-0003439,TRP-20260602-0003439,19.07,apple_pay,settled,2026-06-02 22:26:01
PAY-20260602-0003440,TRP-20260602-0003440,28.08,cash,settled,2026-06-02 05:16:08
PAY-20260602-0003442,TRP-20260602-0003442,13.93,apple_pay,settled,2026-06-02 12:30:32
PAY-20260602-0003443,TRP-20260602-0003443,43.83,apple_pay,settled,2026-06-02 14:44:40
PAY-20260602-0003444,TRP-20260602-0003444,38.39,mada,settled,2026-06-02 10:02:02
PAY-20260602-0003445,TRP-20260602-0003445,67.58,credit_card,settled,2026-06-02 17:58:32
PAY-20260602-0003446,TRP-20260602-0003446,165.36,mada,settled,2026-06-03 03:34:05
PAY-20260602-0003447,TRP-20260602-0003447,10.00,credit_card,settled,2026-06-02 12:45:57
PAY-20260602-0003448,TRP-20260602-0003448,27.01,mada,settled,2026-06-02 05:11:41
PAY-20260602-0003449,TRP-20260602-0003449,16.11,credit_card,settled,2026-06-02 04:44:10
PAY-20260602-0003450,TRP-20260602-0003450,30.35,wallet,settled,2026-06-02 15:28:07
PAY-20260602-0003451,TRP-20260602-0003451,45.37,apple_pay,settled,2026-06-02 14:46:14
PAY-20260602-0003452,TRP-20260602-0003452,23.39,wallet,settled,2026-06-02 06:37:54
PAY-20260602-0003453,TRP-20260602-0003453,74.82,apple_pay,settled,2026-06-02 17:48:21
PAY-20260602-0003454,TRP-20260602-0003454,10.00,stc_pay,settled,2026-06-02 23:08:59
PAY-20260602-0003455,TRP-20260602-0003455,57.28,wallet,settled,2026-06-02 19:30:12
PAY-20260602-0003456,TRP-20260602-0003456,47.06,apple_pay,pending,2026-06-02 17:30:42
PAY-20260602-0003457,TRP-20260602-0003457,118.62,credit_card,settled,2026-06-02 11:14:00
PAY-20260602-0003458,TRP-20260602-0003458,17.91,mada,settled,2026-06-02 11:10:09
PAY-20260602-0003459,TRP-20260602-0003459,34.10,mada,settled,2026-06-01 22:44:18
PAY-20260602-0003460,TRP-20260602-0003460,25.84,credit_card,settled,2026-06-02 12:07:57
PAY-20260602-0003461,TRP-20260602-0003461,166.47,cash,settled,2026-06-02 08:20:04
PAY-20260602-0003462,TRP-20260602-0003462,18.21,cash,settled,2026-06-02 09:49:01
PAY-20260602-0003463,TRP-20260602-0003463,54.91,mada,settled,2026-06-03 09:55:39
PAY-20260602-0003464,TRP-20260602-0003464,15.37,cash,settled,2026-06-02 13:00:55
PAY-20260602-0003465,TRP-20260602-0003465,41.99,credit_card,settled,2026-06-03 06:14:46
PAY-20260602-0003466,TRP-20260602-0003466,18.35,mada,settled,2026-06-02 20:53:40
PAY-20260602-0003467,TRP-20260602-0003467,12.75,wallet,settled,2026-06-01 23:57:27
PAY-20260602-0003468,TRP-20260602-0003468,12.00,credit_card,settled,2026-06-01 23:53:49
PAY-20260602-0003469,TRP-20260602-0003469,92.67,apple_pay,settled,2026-06-02 13:24:51
PAY-20260602-0003470,TRP-20260602-0003470,23.16,mada,settled,2026-06-03 07:40:19
PAY-20260602-0003471,TRP-20260602-0003471,23.62,mada,settled,2026-06-03 08:47:37
PAY-20260602-0003472,TRP-20260602-0003472,62.55,credit_card,settled,2026-06-03 02:42:21
PAY-20260602-0003473,TRP-20260602-0003473,15.01,credit_card,settled,2026-06-02 20:33:52
PAY-20260602-0003474,TRP-20260602-0003474,10.61,mada,pending,2026-06-02 01:57:29
PAY-20260602-0003475,TRP-20260602-0003475,23.99,stc_pay,settled,2026-06-02 19:32:24
PAY-20260602-0003476,TRP-20260602-0003476,12.00,mada,settled,2026-06-02 05:05:51
PAY-20260602-0003477,TRP-20260602-0003477,17.88,apple_pay,settled,2026-06-02 08:24:03
PAY-20260602-0003478,TRP-20260602-0003478,39.33,mada,settled,2026-06-02 20:58:37
PAY-20260602-0003479,TRP-20260602-0003479,33.24,credit_card,settled,2026-06-02 14:44:41
PAY-20260602-0003480,TRP-20260602-0003480,16.11,cash,settled,2026-06-02 04:23:56
PAY-20260602-0003481,TRP-20260602-0003481,10.00,apple_pay,settled,2026-06-02 08:16:54
PAY-20260602-0003482,TRP-20260602-0003482,53.05,stc_pay,settled,2026-06-02 21:57:23
PAY-20260602-0003483,TRP-20260602-0003483,131.96,apple_pay,settled,2026-06-03 07:32:00
PAY-20260602-0003484,TRP-20260602-0003484,22.66,mada,settled,2026-06-02 12:25:56
PAY-20260602-0003485,TRP-20260602-0003485,35.02,apple_pay,settled,2026-06-02 06:53:49
PAY-20260602-0003486,TRP-20260602-0003486,22.66,cash,settled,2026-06-02 08:00:12
PAY-20260602-0003487,TRP-20260602-0003487,26.71,credit_card,settled,2026-06-02 14:12:13
PAY-20260602-0003488,TRP-20260602-0003488,41.71,mada,settled,2026-06-03 17:04:19
PAY-20260602-0003489,TRP-20260602-0003489,64.63,wallet,pending,2026-06-02 20:35:28
PAY-20260602-0003490,TRP-20260602-0003490,162.13,mada,settled,2026-06-02 16:42:16
PAY-20260602-0003491,TRP-20260602-0003491,17.40,mada,settled,2026-06-02 14:26:08
PAY-20260602-0003492,TRP-20260602-0003492,67.70,mada,settled,2026-06-02 10:13:20
PAY-20260602-0003493,TRP-20260602-0003493,12.36,cash,settled,2026-06-02 13:36:17
PAY-20260602-0003494,TRP-20260602-0003494,34.81,mada,settled,2026-06-03 01:11:10
PAY-20260602-0003495,TRP-20260602-0003495,22.80,credit_card,settled,2026-06-03 13:29:52
PAY-20260602-0003496,TRP-20260602-0003496,56.55,cash,settled,2026-06-02 15:18:12
PAY-20260602-0003497,TRP-20260602-0003497,31.01,cash,settled,2026-06-02 10:30:57
PAY-20260602-0003498,TRP-20260602-0003498,72.77,cash,settled,2026-06-02 09:28:01
PAY-20260602-0003499,TRP-20260602-0003499,27.30,apple_pay,settled,2026-06-02 13:32:00
PAY-20260602-0003500,TRP-20260602-0003500,17.60,wallet,settled,2026-06-02 05:59:39
PAY-20260602-0003501,TRP-20260602-0003501,27.74,mada,settled,2026-06-02 05:50:08
PAY-20260602-0003502,TRP-20260602-0003502,49.94,wallet,settled,2026-06-02 22:34:45
PAY-20260602-0003503,TRP-20260602-0003503,23.58,wallet,settled,2026-06-03 16:18:15
PAY-20260602-0003504,TRP-20260602-0003504,31.95,cash,settled,2026-06-02 08:50:25
PAY-20260602-0003505,TRP-20260602-0003505,17.67,apple_pay,settled,2026-06-03 19:36:27
PAY-20260602-0003507,TRP-20260602-0003507,21.39,apple_pay,settled,2026-06-02 17:52:33
PAY-20260602-0003508,TRP-20260602-0003508,21.87,credit_card,settled,2026-06-02 09:17:52
PAY-20260602-0003509,TRP-20260602-0003509,13.17,apple_pay,settled,2026-06-03 11:41:03
PAY-20260602-0003510,TRP-20260602-0003510,40.43,stc_pay,settled,2026-06-02 15:41:18
PAY-20260602-0003511,TRP-20260602-0003511,179.77,stc_pay,settled,2026-06-02 19:24:56
PAY-20260602-0003512,TRP-20260602-0003512,20.64,mada,settled,2026-06-02 21:25:14
PAY-20260602-0003513,TRP-20260602-0003513,22.82,stc_pay,settled,2026-06-02 16:58:32
PAY-20260602-0003514,TRP-20260602-0003514,50.32,mada,settled,2026-06-02 15:22:46
PAY-20260602-0003515,TRP-20260602-0003515,43.89,cash,settled,2026-06-02 06:44:32
PAY-20260602-0003516,TRP-20260602-0003516,19.87,mada,settled,2026-06-02 14:21:52
PAY-20260602-0003517,TRP-20260602-0003517,22.48,stc_pay,settled,2026-06-02 11:41:29
PAY-20260602-0003518,TRP-20260602-0003518,53.81,mada,settled,2026-06-02 23:35:37
PAY-20260602-0003519,TRP-20260602-0003519,10.00,credit_card,pending,2026-06-02 23:00:50
PAY-20260602-0003520,TRP-20260602-0003520,49.57,apple_pay,settled,2026-06-02 16:15:32
PAY-20260602-0003521,TRP-20260602-0003521,19.79,credit_card,settled,2026-06-02 12:20:56
PAY-20260602-0003522,TRP-20260602-0003522,11.00,apple_pay,settled,2026-06-02 21:00:19
PAY-20260602-0003523,TRP-20260602-0003523,26.60,mada,settled,2026-06-02 11:34:32
PAY-20260602-0003524,TRP-20260602-0003524,10.00,mada,settled,2026-06-02 13:57:39
PAY-20260602-0003525,TRP-20260602-0003525,18.48,stc_pay,settled,2026-06-02 10:30:51
PAY-20260602-0003526,TRP-20260602-0003526,20.81,credit_card,refunded,2026-06-03 04:31:25
PAY-20260602-0003527,TRP-20260602-0003527,67.16,mada,settled,2026-06-02 07:28:04
PAY-20260602-0003528,TRP-20260602-0003528,20.46,cash,settled,2026-06-02 04:55:45
PAY-20260602-0003529,TRP-20260602-0003529,58.75,mada,settled,2026-06-02 13:49:40
PAY-20260602-0003530,TRP-20260602-0003530,26.46,credit_card,settled,2026-06-02 14:03:23
PAY-20260602-0003531,TRP-20260602-0003531,49.25,wallet,settled,2026-06-02 08:54:13
PAY-20260602-0003532,TRP-20260602-0003532,35.38,mada,settled,2026-06-02 13:27:55
PAY-20260602-0003533,TRP-20260602-0003533,42.25,credit_card,settled,2026-06-02 17:55:43
PAY-20260602-0003534,TRP-20260602-0003534,76.06,stc_pay,settled,2026-06-02 18:50:00
PAY-20260602-0003535,TRP-20260602-0003535,83.87,apple_pay,settled,2026-06-02 19:45:59
PAY-20260602-0003536,TRP-20260602-0003536,19.78,cash,settled,2026-06-02 18:22:19
PAY-20260602-0003537,TRP-20260602-0003537,18.26,credit_card,settled,2026-06-02 06:37:01
PAY-20260602-0003538,TRP-20260602-0003538,17.83,stc_pay,settled,2026-06-03 02:41:26
PAY-20260602-0003539,TRP-20260602-0003539,27.59,mada,settled,2026-06-02 18:27:59
PAY-20260602-0003540,TRP-20260602-0003540,14.41,mada,settled,2026-06-02 12:45:52
PAY-20260602-0003541,TRP-20260602-0003541,18.00,mada,settled,2026-06-02 13:19:44
PAY-20260602-0003542,TRP-20260602-0003542,18.34,mada,settled,2026-06-03 14:02:23
PAY-20260602-0003543,TRP-20260602-0003543,38.42,stc_pay,settled,2026-06-02 19:48:41
PAY-20260602-0003544,TRP-20260602-0003544,26.71,apple_pay,settled,2026-06-02 15:33:39
PAY-20260602-0003545,TRP-20260602-0003545,31.99,credit_card,settled,2026-06-02 17:25:49
PAY-20260602-0003546,TRP-20260602-0003546,37.03,credit_card,settled,2026-06-03 00:44:05
PAY-20260602-0003547,TRP-20260602-0003547,153.85,mada,settled,2026-06-02 07:19:19
PAY-20260602-0003548,TRP-20260602-0003548,24.23,cash,settled,2026-06-02 14:30:41
PAY-20260602-0003549,TRP-20260602-0003549,20.93,credit_card,settled,2026-06-02 04:47:02
PAY-20260602-0003550,TRP-20260602-0003550,31.89,credit_card,settled,2026-06-02 21:22:07
PAY-20260602-0003551,TRP-20260602-0003551,46.41,stc_pay,settled,2026-06-02 15:28:52
PAY-20260602-0003552,TRP-20260602-0003552,18.19,credit_card,settled,2026-06-02 10:41:30
PAY-20260602-0003553,TRP-20260602-0003553,19.70,mada,settled,2026-06-03 07:45:47
PAY-20260602-0003554,TRP-20260602-0003554,52.56,mada,settled,2026-06-02 10:32:39
PAY-20260602-0003555,TRP-20260602-0003555,165.06,credit_card,settled,2026-06-02 17:35:18
PAY-20260602-0003556,TRP-20260602-0003556,48.14,mada,settled,2026-06-02 07:30:28
PAY-20260602-0003557,TRP-20260602-0003557,10.15,credit_card,settled,2026-06-02 10:21:42
PAY-20260602-0003558,TRP-20260602-0003558,23.38,apple_pay,settled,2026-06-02 12:33:30
PAY-20260602-0003559,TRP-20260602-0003559,18.30,credit_card,settled,2026-06-03 05:07:41
PAY-20260602-0003560,TRP-20260602-0003560,115.95,mada,settled,2026-06-02 18:41:23
PAY-20260602-0003561,TRP-20260602-0003561,19.81,apple_pay,settled,2026-06-03 07:07:44
PAY-20260602-0003562,TRP-20260602-0003562,6.00,credit_card,settled,2026-06-02 02:07:56
PAY-20260602-0003563,TRP-20260602-0003563,15.68,mada,settled,2026-06-02 20:35:17
PAY-20260602-0003564,TRP-20260602-0003564,28.91,mada,settled,2026-06-03 01:22:55
PAY-20260602-0003565,TRP-20260602-0003565,62.54,cash,settled,2026-06-02 15:36:20
PAY-20260602-0003566,TRP-20260602-0003566,18.84,stc_pay,settled,2026-06-02 11:59:03
PAY-20260602-0003567,TRP-20260602-0003567,11.00,credit_card,settled,2026-06-02 19:36:57
PAY-20260602-0003568,TRP-20260602-0003568,53.92,stc_pay,settled,2026-06-02 19:07:46
PAY-20260602-0003569,TRP-20260602-0003569,77.44,apple_pay,settled,2026-06-02 15:36:22
PAY-20260602-0003570,TRP-20260602-0003570,28.84,credit_card,settled,2026-06-02 17:53:14
PAY-20260602-0003571,TRP-20260602-0003571,113.95,mada,settled,2026-06-02 13:40:42
PAY-20260602-0003572,TRP-20260602-0003572,22.77,cash,settled,2026-06-02 03:44:38
PAY-20260602-0003573,TRP-20260602-0003573,46.05,cash,settled,2026-06-02 18:31:02
PAY-20260602-0003574,TRP-20260602-0003574,13.74,stc_pay,settled,2026-06-02 16:33:56
PAY-20260602-0003575,TRP-20260602-0003575,15.92,mada,settled,2026-06-02 17:18:15
PAY-20260602-0003576,TRP-20260602-0003576,23.20,mada,settled,2026-06-03 10:06:01
PAY-20260602-0003577,TRP-20260602-0003577,37.35,credit_card,settled,2026-06-02 05:42:08
PAY-20260602-0003578,TRP-20260602-0003578,53.04,stc_pay,settled,2026-06-03 04:47:36
PAY-20260602-0003579,TRP-20260602-0003579,21.80,cash,settled,2026-06-02 15:59:36
PAY-20260602-0003580,TRP-20260602-0003580,43.88,mada,settled,2026-06-02 19:28:27
PAY-20260602-0003581,TRP-20260602-0003581,85.27,apple_pay,settled,2026-06-02 21:22:37
PAY-20260602-0003582,TRP-20260602-0003582,25.33,apple_pay,settled,2026-06-02 09:49:27
PAY-20260602-0003583,TRP-20260602-0003583,22.37,mada,pending,2026-06-02 00:11:56
PAY-20260602-0003584,TRP-20260602-0003584,73.32,credit_card,settled,2026-06-02 11:10:28
PAY-20260602-0003585,TRP-20260602-0003585,21.94,apple_pay,pending,2026-06-02 18:43:02
PAY-20260602-0003586,TRP-20260602-0003586,50.60,mada,settled,2026-06-03 03:01:06
PAY-20260602-0003587,TRP-20260602-0003587,46.64,wallet,settled,2026-06-02 13:00:06
PAY-20260602-0003588,TRP-20260602-0003588,162.77,stc_pay,settled,2026-06-02 12:43:06
PAY-20260602-0003589,TRP-20260602-0003589,33.88,mada,settled,2026-06-03 18:45:55
PAY-20260602-0003590,TRP-20260602-0003590,22.84,credit_card,settled,2026-06-02 09:23:09
PAY-20260602-0003592,TRP-20260602-0003592,14.26,stc_pay,pending,2026-06-02 20:53:16
PAY-20260602-0003593,TRP-20260602-0003593,43.28,apple_pay,settled,2026-06-02 17:12:09
PAY-20260602-0003594,TRP-20260602-0003594,58.14,credit_card,settled,2026-06-02 14:25:59
PAY-20260602-0003595,TRP-20260602-0003595,64.52,apple_pay,settled,2026-06-03 06:27:12
PAY-20260602-0003596,TRP-20260602-0003596,30.31,credit_card,settled,2026-06-02 16:22:16
PAY-20260602-0003597,TRP-20260602-0003597,13.85,apple_pay,settled,2026-06-02 20:04:44
PAY-20260602-0003598,TRP-20260602-0003598,59.05,mada,settled,2026-06-02 20:41:42
PAY-20260602-0003599,TRP-20260602-0003599,12.00,mada,pending,2026-06-02 10:48:49
PAY-20260602-0003600,TRP-20260602-0003600,23.04,mada,settled,2026-06-02 18:37:48
PAY-20260602-0003601,TRP-20260602-0003601,34.26,cash,settled,2026-06-02 05:04:13
PAY-20260602-0003602,TRP-20260602-0003602,77.24,mada,settled,2026-06-02 10:53:56
PAY-20260602-0003603,TRP-20260602-0003603,50.04,credit_card,settled,2026-06-02 06:47:50
PAY-20260602-0003605,TRP-20260602-0003605,72.89,mada,settled,2026-06-02 14:52:54
PAY-20260602-0003606,TRP-20260602-0003606,19.32,mada,settled,2026-06-02 04:13:00
PAY-20260602-0003607,TRP-20260602-0003607,60.82,mada,settled,2026-06-02 14:20:37
PAY-20260602-0003608,TRP-20260602-0003608,27.91,mada,settled,2026-06-02 20:11:17
PAY-20260602-0003609,TRP-20260602-0003609,12.00,apple_pay,settled,2026-06-02 11:51:01
PAY-20260602-0003610,TRP-20260602-0003610,92.59,stc_pay,settled,2026-06-02 06:32:52
PAY-20260602-0003611,TRP-20260602-0003611,29.12,credit_card,settled,2026-06-03 00:35:11
PAY-20260602-0003612,TRP-20260602-0003612,64.41,stc_pay,settled,2026-06-02 17:16:20
PAY-20260602-0003613,TRP-20260602-0003613,18.83,mada,settled,2026-06-03 14:16:43
PAY-20260602-0003614,TRP-20260602-0003614,12.05,credit_card,settled,2026-06-02 10:37:19
PAY-20260602-0003615,TRP-20260602-0003615,63.41,mada,settled,2026-06-02 11:09:14
PAY-20260602-0003616,TRP-20260602-0003616,78.47,stc_pay,settled,2026-06-03 10:15:18
PAY-20260602-0003617,TRP-20260602-0003617,17.78,mada,settled,2026-06-02 15:54:59
PAY-20260602-0003618,TRP-20260602-0003618,13.04,credit_card,settled,2026-06-02 16:07:41
PAY-20260602-0003619,TRP-20260602-0003619,24.81,credit_card,settled,2026-06-02 21:40:15
PAY-20260602-0003620,TRP-20260602-0003620,14.34,apple_pay,settled,2026-06-03 10:11:52
PAY-20260602-0003621,TRP-20260602-0003621,26.89,stc_pay,settled,2026-06-02 10:24:53
PAY-20260602-0003622,TRP-20260602-0003622,35.71,stc_pay,settled,2026-06-02 05:16:26
PAY-20260602-0003623,TRP-20260602-0003623,46.16,mada,settled,2026-06-03 05:21:49
PAY-20260602-0003624,TRP-20260602-0003624,60.68,mada,settled,2026-06-02 13:11:43
PAY-20260602-0003625,TRP-20260602-0003625,17.85,stc_pay,settled,2026-06-03 15:48:54
PAY-20260602-0003626,TRP-20260602-0003626,48.56,mada,settled,2026-06-02 06:18:27
PAY-20260602-0003627,TRP-20260602-0003627,12.23,cash,settled,2026-06-02 04:57:41
PAY-20260602-0003628,TRP-20260602-0003628,102.40,cash,settled,2026-06-02 06:32:17
PAY-20260602-0003629,TRP-20260602-0003629,56.40,mada,settled,2026-06-02 21:58:59
PAY-20260602-0003630,TRP-20260602-0003630,27.12,mada,settled,2026-06-02 17:37:04
PAY-20260602-0003631,TRP-20260602-0003631,96.92,mada,settled,2026-06-03 03:50:44
PAY-20260602-0003632,TRP-20260602-0003632,67.66,mada,refunded,2026-06-02 18:13:15
PAY-20260602-0003633,TRP-20260602-0003633,40.89,mada,settled,2026-06-02 20:22:53
PAY-20260602-0003634,TRP-20260602-0003634,17.82,credit_card,settled,2026-06-02 15:59:04
PAY-20260602-0003635,TRP-20260602-0003635,21.83,stc_pay,settled,2026-06-02 15:28:31
PAY-20260602-0003636,TRP-20260602-0003636,39.00,cash,settled,2026-06-02 10:31:51
PAY-20260602-0003637,TRP-20260602-0003637,54.27,apple_pay,settled,2026-06-03 11:19:09
PAY-20260602-0003638,TRP-20260602-0003638,25.39,credit_card,settled,2026-06-02 08:32:51
PAY-20260602-0003639,TRP-20260602-0003639,10.00,apple_pay,settled,2026-06-02 19:02:23
PAY-20260602-0003640,TRP-20260602-0003640,51.72,wallet,settled,2026-06-02 20:27:56
PAY-20260602-0003641,TRP-20260602-0003641,72.83,cash,settled,2026-06-02 07:03:48
PAY-20260602-0003642,TRP-20260602-0003642,46.66,stc_pay,settled,2026-06-02 20:57:26
PAY-20260602-0003643,TRP-20260602-0003643,49.55,mada,settled,2026-06-03 13:52:26
PAY-20260602-0003644,TRP-20260602-0003644,33.50,mada,settled,2026-06-02 17:36:39
PAY-20260602-0003645,TRP-20260602-0003645,102.61,stc_pay,settled,2026-06-02 18:30:16
PAY-20260602-0003646,TRP-20260602-0003646,26.59,credit_card,settled,2026-06-02 06:16:50
PAY-20260602-0003647,TRP-20260602-0003647,12.04,credit_card,pending,2026-06-02 09:43:07
PAY-20260602-0003648,TRP-20260602-0003648,48.35,mada,settled,2026-06-02 22:57:58
PAY-20260602-0003649,TRP-20260602-0003649,31.97,credit_card,settled,2026-06-02 20:26:17
PAY-20260602-0003650,TRP-20260602-0003650,11.28,stc_pay,settled,2026-06-02 18:27:45
PAY-20260602-0003651,TRP-20260602-0003651,82.04,credit_card,settled,2026-06-02 18:20:28
PAY-20260602-0003652,TRP-20260602-0003652,47.50,credit_card,settled,2026-06-02 22:14:33
PAY-20260602-0003653,TRP-20260602-0003653,79.21,credit_card,settled,2026-06-02 18:12:34
PAY-20260602-0003654,TRP-20260602-0003654,24.55,mada,settled,2026-06-03 13:58:21
PAY-20260602-0003655,TRP-20260602-0003655,52.73,stc_pay,settled,2026-06-02 07:50:22
PAY-20260602-0003656,TRP-20260602-0003656,24.69,mada,settled,2026-06-03 05:46:54
PAY-20260602-0003657,TRP-20260602-0003657,77.53,mada,settled,2026-06-03 03:40:35
PAY-20260602-0003659,TRP-20260602-0003659,50.35,mada,settled,2026-06-02 02:58:14
PAY-20260602-0003660,TRP-20260602-0003660,11.90,mada,settled,2026-06-02 03:34:50
PAY-20260602-0003661,TRP-20260602-0003661,21.81,credit_card,settled,2026-06-02 12:38:22
PAY-20260602-0003662,TRP-20260602-0003662,26.66,cash,settled,2026-06-02 11:57:51
PAY-20260602-0003663,TRP-20260602-0003663,24.77,mada,settled,2026-06-02 10:11:41
PAY-20260602-0003664,TRP-20260602-0003664,42.86,apple_pay,settled,2026-06-02 18:19:21
PAY-20260602-0003665,TRP-20260602-0003665,10.00,wallet,settled,2026-06-02 12:47:14
PAY-20260602-0003666,TRP-20260602-0003666,210.21,mada,settled,2026-06-03 19:11:59
PAY-20260602-0003668,TRP-20260602-0003668,25.22,cash,settled,2026-06-02 16:27:30
PAY-20260602-0003670,TRP-20260602-0003670,47.00,wallet,settled,2026-06-02 16:42:19
PAY-20260602-0003671,TRP-20260602-0003671,8.00,mada,settled,2026-06-03 05:48:53
PAY-20260602-0003672,TRP-20260602-0003672,19.90,mada,settled,2026-06-02 09:23:41
PAY-20260602-0003673,TRP-20260602-0003673,14.56,credit_card,settled,2026-06-03 02:29:03
PAY-20260602-0003674,TRP-20260602-0003674,36.55,credit_card,settled,2026-06-03 06:51:28
PAY-20260602-0003675,TRP-20260602-0003675,29.76,stc_pay,settled,2026-06-02 06:18:14
PAY-20260602-0003676,TRP-20260602-0003676,73.37,mada,settled,2026-06-03 04:29:50
PAY-20260602-0003677,TRP-20260602-0003677,22.09,cash,settled,2026-06-01 21:25:57
PAY-20260602-0003678,TRP-20260602-0003678,14.96,stc_pay,settled,2026-06-02 16:07:21
PAY-20260602-0003679,TRP-20260602-0003679,10.00,mada,settled,2026-06-03 01:58:58
PAY-20260602-0003680,TRP-20260602-0003680,36.52,mada,settled,2026-06-02 07:04:14
PAY-20260602-0003681,TRP-20260602-0003681,30.03,mada,settled,2026-06-03 15:37:31
PAY-20260602-0003682,TRP-20260602-0003682,72.41,mada,settled,2026-06-03 02:15:03
PAY-20260602-0003683,TRP-20260602-0003683,22.12,wallet,settled,2026-06-02 16:20:24
PAY-20260602-0003684,TRP-20260602-0003684,24.77,mada,settled,2026-06-02 18:41:50
PAY-20260602-0003685,TRP-20260602-0003685,21.49,apple_pay,refunded,2026-06-02 15:19:10
PAY-20260602-0003686,TRP-20260602-0003686,14.58,credit_card,settled,2026-06-02 15:22:24
PAY-20260602-0003687,TRP-20260602-0003687,20.87,credit_card,settled,2026-06-02 15:16:11
PAY-20260602-0003688,TRP-20260602-0003688,53.27,mada,settled,2026-06-02 06:15:00
PAY-20260602-0003689,TRP-20260602-0003689,57.72,cash,settled,2026-06-02 10:10:14
PAY-20260602-0003690,TRP-20260602-0003690,136.65,credit_card,settled,2026-06-02 09:33:12
PAY-20260602-0003691,TRP-20260602-0003691,28.66,cash,settled,2026-06-02 06:55:37
PAY-20260602-0003692,TRP-20260602-0003692,21.67,mada,settled,2026-06-02 12:31:41
PAY-20260602-0003693,TRP-20260602-0003693,17.43,credit_card,settled,2026-06-02 11:57:24
PAY-20260602-0003694,TRP-20260602-0003694,25.15,wallet,settled,2026-06-02 03:57:35
PAY-20260602-0003695,TRP-20260602-0003695,22.69,credit_card,settled,2026-06-03 05:26:40
PAY-20260602-0003696,TRP-20260602-0003696,30.70,cash,settled,2026-06-02 10:59:59
PAY-20260602-0003697,TRP-20260602-0003697,10.00,stc_pay,settled,2026-06-02 15:57:27
PAY-20260602-0003698,TRP-20260602-0003698,34.54,mada,settled,2026-06-03 13:09:14
PAY-20260602-0003699,TRP-20260602-0003699,62.90,credit_card,settled,2026-06-02 21:15:16
PAY-20260602-0003700,TRP-20260602-0003700,15.51,mada,settled,2026-06-03 13:12:25
PAY-20260602-0003701,TRP-20260602-0003701,11.00,mada,settled,2026-06-02 06:35:15
PAY-20260602-0003702,TRP-20260602-0003702,53.67,cash,settled,2026-06-02 19:40:31
PAY-20260602-0003703,TRP-20260602-0003703,19.14,mada,settled,2026-06-02 12:54:01
PAY-20260602-0003704,TRP-20260602-0003704,8.00,stc_pay,settled,2026-06-02 08:23:31
PAY-20260602-0003705,TRP-20260602-0003705,38.85,credit_card,settled,2026-06-02 01:09:15
PAY-20260602-0003706,TRP-20260602-0003706,49.21,mada,settled,2026-06-02 06:11:55
PAY-20260602-0003707,TRP-20260602-0003707,35.20,apple_pay,settled,2026-06-03 01:02:34
PAY-20260602-0003708,TRP-20260602-0003708,24.36,mada,settled,2026-06-03 03:48:10
PAY-20260602-0003709,TRP-20260602-0003709,32.08,apple_pay,settled,2026-06-02 05:51:24
PAY-20260602-0003710,TRP-20260602-0003710,25.86,mada,settled,2026-06-03 06:26:12
PAY-20260602-0003711,TRP-20260602-0003711,61.63,credit_card,settled,2026-06-03 14:14:20
PAY-20260602-0003712,TRP-20260602-0003712,19.57,mada,settled,2026-06-02 09:10:15
PAY-20260602-0003713,TRP-20260602-0003713,12.74,stc_pay,settled,2026-06-03 15:28:36
PAY-20260602-0003714,TRP-20260602-0003714,17.57,mada,settled,2026-06-03 08:07:29
PAY-20260602-0003715,TRP-20260602-0003715,18.79,mada,settled,2026-06-02 12:15:33
PAY-20260602-0003716,TRP-20260602-0003716,138.52,cash,settled,2026-06-02 12:20:28
PAY-20260602-0003717,TRP-20260602-0003717,97.06,apple_pay,settled,2026-06-02 13:42:10
PAY-20260602-0003718,TRP-20260602-0003718,17.50,wallet,settled,2026-06-02 06:28:56
PAY-20260602-0003719,TRP-20260602-0003719,25.44,apple_pay,settled,2026-06-03 07:00:01
PAY-20260602-0003720,TRP-20260602-0003720,105.92,cash,settled,2026-06-02 15:27:45
PAY-20260602-0003721,TRP-20260602-0003721,13.80,stc_pay,settled,2026-06-02 20:35:36
PAY-20260602-0003722,TRP-20260602-0003722,35.88,stc_pay,settled,2026-06-02 04:36:04
PAY-20260602-0003723,TRP-20260602-0003723,14.71,mada,settled,2026-06-02 07:03:13
PAY-20260602-0003724,TRP-20260602-0003724,86.04,mada,settled,2026-06-02 11:02:01
PAY-20260602-0003725,TRP-20260602-0003725,26.62,stc_pay,settled,2026-06-02 12:56:12
PAY-20260602-0003726,TRP-20260602-0003726,18.94,cash,settled,2026-06-01 22:45:48
PAY-20260602-0003728,TRP-20260602-0003728,27.95,stc_pay,settled,2026-06-02 23:35:53
PAY-20260602-0003729,TRP-20260602-0003729,107.32,apple_pay,settled,2026-06-02 18:43:22
PAY-20260602-0003730,TRP-20260602-0003730,19.15,apple_pay,settled,2026-06-02 13:37:46
PAY-20260602-0003731,TRP-20260602-0003731,12.79,wallet,settled,2026-06-02 07:23:27
PAY-20260602-0003732,TRP-20260602-0003732,84.04,wallet,settled,2026-06-03 02:10:58
PAY-20260602-0003733,TRP-20260602-0003733,44.39,mada,settled,2026-06-02 11:51:39
PAY-20260602-0003734,TRP-20260602-0003734,70.46,cash,settled,2026-06-02 12:29:26
PAY-20260602-0003735,TRP-20260602-0003735,28.57,credit_card,settled,2026-06-03 10:43:53
PAY-20260602-0003736,TRP-20260602-0003736,39.15,wallet,settled,2026-06-02 05:00:42
PAY-20260602-0003737,TRP-20260602-0003737,120.14,stc_pay,settled,2026-06-02 23:50:15
PAY-20260602-0003738,TRP-20260602-0003738,59.94,credit_card,settled,2026-06-02 05:01:11
PAY-20260602-0003739,TRP-20260602-0003739,8.00,cash,settled,2026-06-02 17:51:21
PAY-20260602-0003740,TRP-20260602-0003740,53.26,mada,settled,2026-06-02 12:07:25
PAY-20260602-0003741,TRP-20260602-0003741,37.22,credit_card,settled,2026-06-02 22:08:02
PAY-20260602-0003742,TRP-20260602-0003742,41.73,credit_card,settled,2026-06-03 01:19:50
PAY-20260602-0003743,TRP-20260602-0003743,13.62,mada,settled,2026-06-03 09:30:12
PAY-20260602-0003744,TRP-20260602-0003744,11.00,mada,settled,2026-06-02 08:22:36
PAY-20260602-0003745,TRP-20260602-0003745,26.62,credit_card,settled,2026-06-02 07:59:59
PAY-20260602-0003746,TRP-20260602-0003746,43.02,credit_card,settled,2026-06-02 04:38:39
PAY-20260602-0003747,TRP-20260602-0003747,74.73,mada,settled,2026-06-03 14:44:07
PAY-20260602-0003748,TRP-20260602-0003748,17.48,mada,settled,2026-06-02 20:04:50
PAY-20260602-0003749,TRP-20260602-0003749,30.05,stc_pay,settled,2026-06-02 09:44:25
PAY-20260602-0003750,TRP-20260602-0003750,63.58,mada,settled,2026-06-02 15:24:53
PAY-20260602-0003751,TRP-20260602-0003751,109.84,mada,settled,2026-06-02 23:52:15
PAY-20260602-0003752,TRP-20260602-0003752,72.93,mada,settled,2026-06-01 21:44:52
PAY-20260602-0003753,TRP-20260602-0003753,19.80,cash,settled,2026-06-02 12:40:36
PAY-20260602-0003754,TRP-20260602-0003754,26.52,apple_pay,settled,2026-06-02 21:05:22
PAY-20260602-0003755,TRP-20260602-0003755,25.51,credit_card,settled,2026-06-03 02:35:59
PAY-20260602-0003756,TRP-20260602-0003756,52.98,wallet,settled,2026-06-02 12:35:24
PAY-20260602-0003757,TRP-20260602-0003757,22.23,apple_pay,settled,2026-06-02 21:34:03
PAY-20260602-0003758,TRP-20260602-0003758,59.58,credit_card,settled,2026-06-02 17:05:59
PAY-20260602-0003759,TRP-20260602-0003759,59.66,wallet,settled,2026-06-02 07:51:13
PAY-20260602-0003760,TRP-20260602-0003760,75.88,apple_pay,settled,2026-06-02 16:05:55
PAY-20260602-0003761,TRP-20260602-0003761,12.31,mada,settled,2026-06-02 17:48:03
PAY-20260602-0003762,TRP-20260602-0003762,16.66,credit_card,settled,2026-06-02 11:31:50
PAY-20260602-0003763,TRP-20260602-0003763,77.94,apple_pay,settled,2026-06-02 17:29:33
PAY-20260602-0003764,TRP-20260602-0003764,12.86,mada,settled,2026-06-02 04:01:24
PAY-20260602-0003765,TRP-20260602-0003765,32.01,mada,settled,2026-06-02 23:00:21
PAY-20260602-0003766,TRP-20260602-0003766,12.00,cash,settled,2026-06-02 07:48:22
PAY-20260602-0003767,TRP-20260602-0003767,14.29,credit_card,settled,2026-06-02 03:51:06
PAY-20260602-0003768,TRP-20260602-0003768,34.73,apple_pay,settled,2026-06-03 15:26:12
PAY-20260602-0003769,TRP-20260602-0003769,44.38,credit_card,settled,2026-06-02 15:53:59
PAY-20260602-0003770,TRP-20260602-0003770,28.64,credit_card,settled,2026-06-03 15:01:21
PAY-20260602-0003771,TRP-20260602-0003771,14.77,apple_pay,settled,2026-06-02 21:11:11
PAY-20260602-0003772,TRP-20260602-0003772,33.10,credit_card,settled,2026-06-02 16:39:28
PAY-20260602-0003773,TRP-20260602-0003773,18.83,mada,settled,2026-06-02 15:32:45
PAY-20260602-0003774,TRP-20260602-0003774,19.25,mada,settled,2026-06-02 19:20:10
PAY-20260602-0003775,TRP-20260602-0003775,17.38,stc_pay,settled,2026-06-02 05:51:13
PAY-20260602-0003776,TRP-20260602-0003776,13.29,mada,settled,2026-06-02 05:10:29
PAY-20260602-0003777,TRP-20260602-0003777,49.59,cash,settled,2026-06-02 16:47:29
PAY-20260602-0003778,TRP-20260602-0003778,63.22,mada,settled,2026-06-02 14:47:44
PAY-20260602-0003779,TRP-20260602-0003779,23.30,cash,settled,2026-06-02 07:21:52
PAY-20260602-0003781,TRP-20260602-0003781,18.99,apple_pay,settled,2026-06-02 19:11:55
PAY-20260602-0003782,TRP-20260602-0003782,29.20,mada,settled,2026-06-02 19:32:41
PAY-20260602-0003783,TRP-20260602-0003783,10.00,credit_card,settled,2026-06-02 18:56:38
PAY-20260602-0003784,TRP-20260602-0003784,127.75,wallet,settled,2026-06-02 02:17:17
PAY-20260602-0003785,TRP-20260602-0003785,21.15,stc_pay,settled,2026-06-02 15:05:36
PAY-20260602-0003786,TRP-20260602-0003786,6.00,mada,settled,2026-06-02 12:26:45
PAY-20260602-0003787,TRP-20260602-0003787,53.90,mada,settled,2026-06-01 22:40:30
PAY-20260602-0003788,TRP-20260602-0003788,23.69,mada,settled,2026-06-03 16:12:51
PAY-20260602-0003789,TRP-20260602-0003789,36.86,mada,settled,2026-06-02 16:30:32
PAY-20260602-0003790,TRP-20260602-0003790,39.12,mada,settled,2026-06-02 16:03:19
PAY-20260602-0003791,TRP-20260602-0003791,17.71,apple_pay,settled,2026-06-02 07:31:52
PAY-20260602-0003792,TRP-20260602-0003792,89.09,apple_pay,settled,2026-06-02 16:43:19
PAY-20260602-0003793,TRP-20260602-0003793,23.59,mada,settled,2026-06-02 10:40:30
PAY-20260602-0003794,TRP-20260602-0003794,25.74,mada,settled,2026-06-02 08:54:11
PAY-20260602-0003795,TRP-20260602-0003795,32.14,apple_pay,settled,2026-06-02 18:04:31
PAY-20260602-0003796,TRP-20260602-0003796,88.79,credit_card,settled,2026-06-02 18:16:42
PAY-20260602-0003797,TRP-20260602-0003797,71.06,credit_card,settled,2026-06-03 09:19:25
PAY-20260602-0003798,TRP-20260602-0003798,34.36,credit_card,settled,2026-06-02 23:10:43
PAY-20260602-0003799,TRP-20260602-0003799,103.20,mada,settled,2026-06-02 09:28:04
PAY-20260602-0003800,TRP-20260602-0003800,54.26,wallet,settled,2026-06-02 14:47:33
PAY-20260602-0003801,TRP-20260602-0003801,164.41,mada,pending,2026-06-02 16:39:36
PAY-20260602-0003802,TRP-20260602-0003802,32.79,stc_pay,settled,2026-06-03 01:17:09
PAY-20260602-0003803,TRP-20260602-0003803,16.47,credit_card,settled,2026-06-02 15:22:57
PAY-20260602-0003804,TRP-20260602-0003804,35.06,stc_pay,settled,2026-06-02 07:58:19
PAY-20260602-0003805,TRP-20260602-0003805,44.85,wallet,settled,2026-06-03 04:52:51
PAY-20260602-0003806,TRP-20260602-0003806,16.66,stc_pay,settled,2026-06-02 01:41:33
PAY-20260602-0003807,TRP-20260602-0003807,32.84,credit_card,settled,2026-06-03 06:21:23
PAY-20260602-0003809,TRP-20260602-0003809,13.74,cash,settled,2026-06-02 06:04:32
PAY-20260602-0003810,TRP-20260602-0003810,90.57,stc_pay,settled,2026-06-02 12:10:37
PAY-20260602-0003811,TRP-20260602-0003811,61.49,apple_pay,settled,2026-06-02 08:12:27
PAY-20260602-0003812,TRP-20260602-0003812,62.29,cash,settled,2026-06-02 15:44:36
PAY-20260602-0003813,TRP-20260602-0003813,17.94,credit_card,settled,2026-06-02 18:38:30
PAY-20260602-0003814,TRP-20260602-0003814,22.26,mada,settled,2026-06-02 14:03:29
PAY-20260602-0003815,TRP-20260602-0003815,16.88,mada,settled,2026-06-02 19:38:17
PAY-20260602-0003816,TRP-20260602-0003816,66.87,stc_pay,settled,2026-06-02 05:25:33
PAY-20260602-0003817,TRP-20260602-0003817,26.03,credit_card,settled,2026-06-02 15:06:01
PAY-20260602-0003818,TRP-20260602-0003818,49.36,apple_pay,settled,2026-06-02 18:08:02
PAY-20260602-0003819,TRP-20260602-0003819,10.54,cash,settled,2026-06-02 08:42:46
PAY-20260602-0003820,TRP-20260602-0003820,66.96,credit_card,settled,2026-06-02 17:31:52
PAY-20260602-0003821,TRP-20260602-0003821,23.83,stc_pay,settled,2026-06-03 11:55:47
PAY-20260602-0003822,TRP-20260602-0003822,22.94,credit_card,settled,2026-06-02 08:54:06
PAY-20260602-0003823,TRP-20260602-0003823,27.80,mada,settled,2026-06-02 15:30:12
PAY-20260602-0003824,TRP-20260602-0003824,50.47,mada,settled,2026-06-02 05:21:14
PAY-20260602-0003825,TRP-20260602-0003825,20.28,apple_pay,settled,2026-06-02 13:46:35
PAY-20260602-0003826,TRP-20260602-0003826,15.01,apple_pay,settled,2026-06-02 10:20:13
PAY-20260602-0003827,TRP-20260602-0003827,22.48,mada,settled,2026-06-02 15:19:28
PAY-20260602-0003828,TRP-20260602-0003828,14.10,mada,settled,2026-06-02 08:06:24
PAY-20260602-0003829,TRP-20260602-0003829,23.72,wallet,settled,2026-06-03 10:31:43
PAY-20260602-0003830,TRP-20260602-0003830,50.12,apple_pay,settled,2026-06-02 12:59:01
PAY-20260602-0003831,TRP-20260602-0003831,15.54,apple_pay,settled,2026-06-02 10:27:59
PAY-20260602-0003832,TRP-20260602-0003832,33.68,mada,settled,2026-06-01 22:14:38
PAY-20260602-0003833,TRP-20260602-0003833,33.52,cash,settled,2026-06-02 06:46:30
PAY-20260602-0003834,TRP-20260602-0003834,45.82,stc_pay,settled,2026-06-02 05:42:53
PAY-20260602-0003835,TRP-20260602-0003835,21.03,mada,settled,2026-06-02 10:19:41
PAY-20260602-0003836,TRP-20260602-0003836,15.45,mada,settled,2026-06-02 18:55:28
PAY-20260602-0003837,TRP-20260602-0003837,10.00,credit_card,settled,2026-06-02 09:35:04
PAY-20260602-0003838,TRP-20260602-0003838,30.27,mada,settled,2026-06-02 15:04:22
PAY-20260602-0003839,TRP-20260602-0003839,27.37,stc_pay,settled,2026-06-02 11:59:29
PAY-20260602-0003840,TRP-20260602-0003840,13.78,apple_pay,settled,2026-06-02 04:47:32
PAY-20260602-0003841,TRP-20260602-0003841,14.93,stc_pay,settled,2026-06-02 21:53:52
PAY-20260602-0003842,TRP-20260602-0003842,69.47,mada,settled,2026-06-03 03:12:41
PAY-20260602-0003843,TRP-20260602-0003843,15.20,apple_pay,settled,2026-06-02 15:38:57
PAY-20260602-0003844,TRP-20260602-0003844,85.25,mada,settled,2026-06-02 17:45:04
PAY-20260602-0003845,TRP-20260602-0003845,88.05,mada,settled,2026-06-02 17:16:29
PAY-20260602-0003846,TRP-20260602-0003846,61.61,credit_card,settled,2026-06-02 18:35:34
PAY-20260602-0003847,TRP-20260602-0003847,15.27,credit_card,settled,2026-06-02 08:15:37
PAY-20260602-0003848,TRP-20260602-0003848,114.33,credit_card,pending,2026-06-02 18:01:41
PAY-20260602-0003849,TRP-20260602-0003849,63.42,cash,settled,2026-06-02 16:18:22
PAY-20260602-0003850,TRP-20260602-0003850,21.76,mada,settled,2026-06-03 00:50:29
PAY-20260602-0003851,TRP-20260602-0003851,23.16,credit_card,settled,2026-06-02 05:43:10
PAY-20260602-0003852,TRP-20260602-0003852,66.49,stc_pay,settled,2026-06-02 07:10:56
PAY-20260602-0003853,TRP-20260602-0003853,46.25,apple_pay,settled,2026-06-03 12:27:33
PAY-20260602-0003855,TRP-20260602-0003855,94.58,mada,settled,2026-06-03 02:42:30
PAY-20260602-0003856,TRP-20260602-0003856,130.80,cash,settled,2026-06-02 08:21:06
PAY-20260602-0003857,TRP-20260602-0003857,41.48,mada,settled,2026-06-02 22:23:29
PAY-20260602-0003858,TRP-20260602-0003858,39.54,cash,settled,2026-06-02 11:54:58
PAY-20260602-0003859,TRP-20260602-0003859,54.63,mada,settled,2026-06-02 22:09:14
PAY-20260602-0003860,TRP-20260602-0003860,24.29,stc_pay,settled,2026-06-03 05:06:35
PAY-20260602-0003861,TRP-20260602-0003861,18.69,cash,settled,2026-06-01 23:01:37
PAY-20260602-0003862,TRP-20260602-0003862,28.14,mada,settled,2026-06-02 22:41:05
PAY-20260602-0003864,TRP-20260602-0003864,34.18,mada,settled,2026-06-02 17:23:12
PAY-20260602-0003865,TRP-20260602-0003865,29.58,apple_pay,settled,2026-06-02 20:01:45
PAY-20260602-0003866,TRP-20260602-0003866,13.95,stc_pay,settled,2026-06-02 20:41:08
PAY-20260602-0003867,TRP-20260602-0003867,32.00,wallet,settled,2026-06-02 19:04:21
PAY-20260602-0003868,TRP-20260602-0003868,12.00,apple_pay,settled,2026-06-02 13:25:25
PAY-20260602-0003869,TRP-20260602-0003869,49.40,stc_pay,settled,2026-06-03 00:44:16
PAY-20260602-0003870,TRP-20260602-0003870,25.92,apple_pay,settled,2026-06-02 18:11:12
PAY-20260602-0003871,TRP-20260602-0003871,77.92,cash,settled,2026-06-02 18:03:04
PAY-20260602-0003872,TRP-20260602-0003872,23.50,mada,settled,2026-06-02 05:54:23
PAY-20260602-0003873,TRP-20260602-0003873,23.80,mada,settled,2026-06-02 11:41:54
PAY-20260602-0003874,TRP-20260602-0003874,58.30,mada,settled,2026-06-03 01:33:22
PAY-20260602-0003875,TRP-20260602-0003875,53.03,mada,settled,2026-06-02 08:10:31
PAY-20260602-0003876,TRP-20260602-0003876,36.49,mada,settled,2026-06-03 11:41:54
PAY-20260602-0003877,TRP-20260602-0003877,11.95,mada,settled,2026-06-02 18:39:51
PAY-20260602-0003878,TRP-20260602-0003878,10.00,mada,settled,2026-06-03 00:12:12
PAY-20260602-0003879,TRP-20260602-0003879,61.71,apple_pay,settled,2026-06-02 19:46:53
PAY-20260602-0003880,TRP-20260602-0003880,25.42,apple_pay,settled,2026-06-02 04:05:36
PAY-20260602-0003881,TRP-20260602-0003881,102.19,mada,settled,2026-06-03 02:59:03
PAY-20260602-0003882,TRP-20260602-0003882,16.81,apple_pay,settled,2026-06-02 18:04:03
PAY-20260602-0003883,TRP-20260602-0003883,36.65,credit_card,settled,2026-06-03 05:07:54
PAY-20260602-0003884,TRP-20260602-0003884,55.71,apple_pay,settled,2026-06-03 04:07:20
PAY-20260602-0003885,TRP-20260602-0003885,47.98,stc_pay,settled,2026-06-02 08:41:44
PAY-20260602-0003886,TRP-20260602-0003886,36.00,stc_pay,settled,2026-06-02 07:25:49
PAY-20260602-0003887,TRP-20260602-0003887,8.00,apple_pay,settled,2026-06-02 17:43:44
PAY-20260602-0003888,TRP-20260602-0003888,36.59,mada,settled,2026-06-02 09:40:52
PAY-20260602-0003889,TRP-20260602-0003889,19.02,cash,settled,2026-06-02 08:45:50
PAY-20260602-0003890,TRP-20260602-0003890,13.12,mada,settled,2026-06-02 10:07:30
PAY-20260602-0003891,TRP-20260602-0003891,14.76,credit_card,settled,2026-06-02 05:10:46
PAY-20260602-0003892,TRP-20260602-0003892,22.64,stc_pay,settled,2026-06-02 17:02:47
PAY-20260602-0003893,TRP-20260602-0003893,117.99,mada,settled,2026-06-02 16:55:58
PAY-20260602-0003894,TRP-20260602-0003894,76.37,apple_pay,settled,2026-06-02 06:08:07
PAY-20260602-0003895,TRP-20260602-0003895,25.78,cash,settled,2026-06-02 04:43:13
PAY-20260602-0003897,TRP-20260602-0003897,28.00,credit_card,settled,2026-06-02 12:02:27
PAY-20260602-0003898,TRP-20260602-0003898,42.19,wallet,settled,2026-06-02 07:18:24
PAY-20260602-0003899,TRP-20260602-0003899,17.66,apple_pay,settled,2026-06-02 19:00:13
PAY-20260602-0003900,TRP-20260602-0003900,16.10,stc_pay,settled,2026-06-02 11:37:19
PAY-20260602-0003901,TRP-20260602-0003901,23.25,credit_card,settled,2026-06-02 04:52:36
PAY-20260602-0003902,TRP-20260602-0003902,14.19,wallet,settled,2026-06-03 09:06:00
PAY-20260602-0003904,TRP-20260602-0003904,103.47,cash,settled,2026-06-02 15:10:01
PAY-20260602-0003905,TRP-20260602-0003905,34.87,mada,settled,2026-06-02 18:52:50
PAY-20260602-0003906,TRP-20260602-0003906,34.33,wallet,settled,2026-06-02 05:53:32
PAY-20260602-0003907,TRP-20260602-0003907,17.88,mada,settled,2026-06-02 16:25:04
PAY-20260602-0003908,TRP-20260602-0003908,14.77,stc_pay,settled,2026-06-02 14:57:34
PAY-20260602-0003909,TRP-20260602-0003909,16.37,mada,settled,2026-06-02 18:43:51
PAY-20260602-0003910,TRP-20260602-0003910,10.00,mada,settled,2026-06-02 07:15:45
PAY-20260602-0003911,TRP-20260602-0003911,55.97,mada,settled,2026-06-03 02:22:09
PAY-20260602-0003912,TRP-20260602-0003912,25.40,mada,settled,2026-06-02 10:37:05
PAY-20260602-0003913,TRP-20260602-0003913,35.64,cash,settled,2026-06-02 04:37:15
PAY-20260602-0003914,TRP-20260602-0003914,44.96,apple_pay,settled,2026-06-03 00:27:23
PAY-20260602-0003915,TRP-20260602-0003915,48.69,credit_card,settled,2026-06-02 20:01:55
PAY-20260602-0003916,TRP-20260602-0003916,34.03,wallet,settled,2026-06-02 10:29:39
PAY-20260602-0003917,TRP-20260602-0003917,89.50,wallet,settled,2026-06-02 16:25:44
PAY-20260602-0003918,TRP-20260602-0003918,61.40,apple_pay,settled,2026-06-03 20:52:05
PAY-20260602-0003919,TRP-20260602-0003919,70.96,mada,settled,2026-06-02 17:32:03
PAY-20260602-0003920,TRP-20260602-0003920,12.83,mada,settled,2026-06-01 23:49:59
PAY-20260602-0003921,TRP-20260602-0003921,41.00,credit_card,settled,2026-06-02 18:46:16
PAY-20260602-0003922,TRP-20260602-0003922,24.31,wallet,settled,2026-06-02 06:01:33
PAY-20260602-0003923,TRP-20260602-0003923,19.84,mada,settled,2026-06-02 16:39:09
PAY-20260602-0003925,TRP-20260602-0003925,81.74,mada,settled,2026-06-03 02:51:53
PAY-20260602-0003926,TRP-20260602-0003926,26.31,credit_card,settled,2026-06-02 19:26:17
PAY-20260602-0003927,TRP-20260602-0003927,30.96,credit_card,settled,2026-06-02 15:16:21
PAY-20260602-0003928,TRP-20260602-0003928,16.05,mada,pending,2026-06-02 11:32:22
PAY-20260602-0003929,TRP-20260602-0003929,13.02,stc_pay,pending,2026-06-02 20:48:03
PAY-20260602-0003930,TRP-20260602-0003930,37.28,mada,settled,2026-06-02 23:58:01
PAY-20260602-0003932,TRP-20260602-0003932,24.79,mada,settled,2026-06-02 14:39:24
PAY-20260602-0003933,TRP-20260602-0003933,38.09,stc_pay,settled,2026-06-02 20:49:17
PAY-20260602-0003934,TRP-20260602-0003934,48.74,mada,settled,2026-06-02 05:12:47
PAY-20260602-0003935,TRP-20260602-0003935,22.10,mada,settled,2026-06-02 20:27:55
PAY-20260602-0003936,TRP-20260602-0003936,40.03,wallet,refunded,2026-06-02 18:26:16
PAY-20260602-0003937,TRP-20260602-0003937,48.79,mada,settled,2026-06-02 05:34:20
PAY-20260602-0003938,TRP-20260602-0003938,119.43,mada,settled,2026-06-02 16:41:09
PAY-20260602-0003939,TRP-20260602-0003939,54.93,apple_pay,settled,2026-06-02 14:17:25
PAY-20260602-0003940,TRP-20260602-0003940,23.67,mada,settled,2026-06-02 12:10:53
PAY-20260602-0003941,TRP-20260602-0003941,29.44,mada,settled,2026-06-02 21:01:17
PAY-20260602-0003942,TRP-20260602-0003942,71.04,cash,settled,2026-06-02 15:56:39
PAY-20260602-0003943,TRP-20260602-0003943,54.58,cash,settled,2026-06-02 06:22:23
PAY-20260602-0003944,TRP-20260602-0003944,110.85,cash,settled,2026-06-02 05:23:44
PAY-20260602-0003945,TRP-20260602-0003945,26.02,mada,settled,2026-06-02 18:27:23
PAY-20260602-0003946,TRP-20260602-0003946,25.57,credit_card,settled,2026-06-02 05:05:34
PAY-20260602-0003947,TRP-20260602-0003947,33.55,credit_card,pending,2026-06-03 12:34:25
PAY-20260602-0003948,TRP-20260602-0003948,23.79,mada,settled,2026-06-03 10:36:09
PAY-20260602-0003949,TRP-20260602-0003949,37.64,stc_pay,settled,2026-06-02 14:48:17
PAY-20260602-0003950,TRP-20260602-0003950,29.32,mada,settled,2026-06-02 08:12:13
PAY-20260602-0003952,TRP-20260602-0003952,36.79,apple_pay,settled,2026-06-02 20:52:53
PAY-20260602-0003953,TRP-20260602-0003953,17.34,mada,settled,2026-06-03 06:20:15
PAY-20260602-0003954,TRP-20260602-0003954,86.33,credit_card,pending,2026-06-02 09:19:31
PAY-20260602-0003955,TRP-20260602-0003955,11.00,credit_card,settled,2026-06-02 10:41:56
PAY-20260602-0003956,TRP-20260602-0003956,63.42,credit_card,settled,2026-06-02 07:29:51
PAY-20260602-0003957,TRP-20260602-0003957,30.66,mada,settled,2026-06-02 15:06:23
PAY-20260602-0003958,TRP-20260602-0003958,42.27,mada,settled,2026-06-02 13:22:40
PAY-20260602-0003959,TRP-20260602-0003959,46.12,credit_card,settled,2026-06-02 15:15:05
PAY-20260602-0003960,TRP-20260602-0003960,6.00,apple_pay,settled,2026-06-02 20:54:44
PAY-20260602-0003961,TRP-20260602-0003961,34.97,apple_pay,settled,2026-06-03 11:00:53
PAY-20260602-0003962,TRP-20260602-0003962,87.20,credit_card,settled,2026-06-03 01:54:43
PAY-20260602-0003963,TRP-20260602-0003963,19.74,apple_pay,settled,2026-06-02 18:54:20
PAY-20260602-0003964,TRP-20260602-0003964,40.42,wallet,settled,2026-06-02 07:54:04
PAY-20260602-0003965,TRP-20260602-0003965,12.58,mada,settled,2026-06-02 05:01:09
PAY-20260602-0003966,TRP-20260602-0003966,10.00,apple_pay,settled,2026-06-02 03:46:33
PAY-20260602-0003967,TRP-20260602-0003967,35.77,credit_card,settled,2026-06-02 18:13:06
PAY-20260602-0003968,TRP-20260602-0003968,38.94,apple_pay,pending,2026-06-02 02:29:40
PAY-20260602-0003969,TRP-20260602-0003969,25.46,credit_card,settled,2026-06-02 01:57:03
PAY-20260602-0003970,TRP-20260602-0003970,24.11,apple_pay,settled,2026-06-02 16:48:38
PAY-20260602-0003971,TRP-20260602-0003971,35.18,mada,settled,2026-06-02 22:40:18
PAY-20260602-0003972,TRP-20260602-0003972,27.64,mada,settled,2026-06-02 15:50:00
PAY-20260602-0003973,TRP-20260602-0003973,50.39,mada,settled,2026-06-02 09:13:51
PAY-20260602-0003974,TRP-20260602-0003974,24.97,wallet,settled,2026-06-02 14:39:00
PAY-20260602-0003975,TRP-20260602-0003975,24.16,apple_pay,settled,2026-06-02 21:24:28
PAY-20260602-0003976,TRP-20260602-0003976,41.81,apple_pay,settled,2026-06-02 17:19:47
PAY-20260602-0003977,TRP-20260602-0003977,28.18,mada,settled,2026-06-02 14:27:36
PAY-20260602-0003978,TRP-20260602-0003978,24.93,stc_pay,settled,2026-06-02 15:29:51
PAY-20260602-0003979,TRP-20260602-0003979,41.76,mada,settled,2026-06-03 09:18:54
PAY-20260602-0003980,TRP-20260602-0003980,43.03,mada,settled,2026-06-02 16:55:44
PAY-20260602-0003981,TRP-20260602-0003981,10.64,mada,settled,2026-06-02 09:40:01
PAY-20260602-0003982,TRP-20260602-0003982,80.47,mada,settled,2026-06-02 10:42:54
PAY-20260602-0003983,TRP-20260602-0003983,47.51,mada,settled,2026-06-02 08:58:40
PAY-20260602-0003984,TRP-20260602-0003984,12.00,apple_pay,settled,2026-06-03 04:44:59
PAY-20260602-0003985,TRP-20260602-0003985,60.42,apple_pay,settled,2026-06-02 12:42:39
PAY-20260602-0003986,TRP-20260602-0003986,33.37,mada,settled,2026-06-02 23:56:00
PAY-20260602-0003987,TRP-20260602-0003987,22.13,credit_card,settled,2026-06-02 07:05:14
PAY-20260602-0003988,TRP-20260602-0003988,16.64,credit_card,settled,2026-06-02 16:10:52
PAY-20260602-0003989,TRP-20260602-0003989,82.11,mada,settled,2026-06-02 15:18:10
PAY-20260602-0003990,TRP-20260602-0003990,25.52,mada,settled,2026-06-02 20:50:38
PAY-20260602-0003991,TRP-20260602-0003991,81.71,cash,settled,2026-06-02 08:26:54
PAY-20260602-0003992,TRP-20260602-0003992,18.39,stc_pay,settled,2026-06-02 13:06:18
PAY-20260602-0003994,TRP-20260602-0003994,17.18,mada,settled,2026-06-02 13:51:11
PAY-20260602-0003995,TRP-20260602-0003995,52.52,mada,settled,2026-06-02 22:24:52
PAY-20260602-0003996,TRP-20260602-0003996,96.34,stc_pay,settled,2026-06-02 16:30:13
PAY-20260602-0003997,TRP-20260602-0003997,57.11,mada,settled,2026-06-02 17:58:48
PAY-20260602-0003998,TRP-20260602-0003998,40.31,cash,settled,2026-06-02 04:53:12
PAY-20260602-0003999,TRP-20260602-0003999,66.09,mada,settled,2026-06-02 18:40:16
PAY-20260602-0004000,TRP-20260602-0004000,13.55,credit_card,settled,2026-06-03 09:23:10
PAY-20260602-0004001,TRP-20260602-0004001,10.00,cash,settled,2026-06-01 22:00:15
PAY-20260602-0004002,TRP-20260602-0004002,37.57,credit_card,settled,2026-06-02 19:12:22
PAY-20260602-0004003,TRP-20260602-0004003,29.04,mada,settled,2026-06-02 20:42:36
PAY-20260602-0004004,TRP-20260602-0004004,41.78,credit_card,settled,2026-06-01 22:45:02
PAY-20260602-0004005,TRP-20260602-0004005,16.12,apple_pay,settled,2026-06-02 19:22:03
PAY-20260602-0004006,TRP-20260602-0004006,12.73,cash,settled,2026-06-02 04:43:31
PAY-20260602-0004007,TRP-20260602-0004007,14.31,mada,settled,2026-06-02 14:21:34
PAY-20260602-0004008,TRP-20260602-0004008,44.80,mada,settled,2026-06-02 00:29:49
PAY-20260602-0004009,TRP-20260602-0004009,11.58,mada,settled,2026-06-02 16:12:48
PAY-20260602-0004010,TRP-20260602-0004010,17.73,apple_pay,settled,2026-06-02 08:19:39
PAY-20260602-0004011,TRP-20260602-0004011,36.08,cash,settled,2026-06-02 06:08:34
PAY-20260602-0004012,TRP-20260602-0004012,19.66,apple_pay,settled,2026-06-03 09:38:50
PAY-20260602-0004013,TRP-20260602-0004013,10.00,credit_card,settled,2026-06-02 20:43:40
PAY-20260602-0004014,TRP-20260602-0004014,74.80,cash,settled,2026-06-02 16:21:00
PAY-20260602-0004015,TRP-20260602-0004015,20.68,credit_card,settled,2026-06-02 19:41:52
PAY-20260602-0004017,TRP-20260602-0004017,17.22,mada,settled,2026-06-02 09:38:12
PAY-20260602-0004018,TRP-20260602-0004018,12.49,stc_pay,settled,2026-06-02 14:02:10
PAY-20260602-0004019,TRP-20260602-0004019,31.54,wallet,settled,2026-06-02 20:23:23
PAY-20260602-0004020,TRP-20260602-0004020,33.02,credit_card,settled,2026-06-02 15:12:26
PAY-20260602-0004021,TRP-20260602-0004021,65.09,stc_pay,settled,2026-06-03 02:49:26
PAY-20260602-0004022,TRP-20260602-0004022,23.55,credit_card,settled,2026-06-02 17:37:20
PAY-20260602-0004023,TRP-20260602-0004023,25.74,cash,settled,2026-06-02 14:50:59
PAY-20260602-0004024,TRP-20260602-0004024,34.12,cash,settled,2026-06-02 17:41:36
PAY-20260602-0004025,TRP-20260602-0004025,43.67,mada,settled,2026-06-02 13:08:23
PAY-20260602-0004026,TRP-20260602-0004026,118.90,apple_pay,settled,2026-06-02 11:05:02
PAY-20260602-0004027,TRP-20260602-0004027,39.86,cash,settled,2026-06-02 07:55:58
PAY-20260602-0004028,TRP-20260602-0004028,29.61,mada,settled,2026-06-02 11:57:06
PAY-20260602-0004029,TRP-20260602-0004029,23.86,credit_card,settled,2026-06-02 18:17:06
PAY-20260602-0004030,TRP-20260602-0004030,18.06,apple_pay,settled,2026-06-02 21:45:35
PAY-20260602-0004031,TRP-20260602-0004031,62.08,mada,settled,2026-06-03 03:09:56
PAY-20260602-0004032,TRP-20260602-0004032,44.61,mada,settled,2026-06-02 20:28:58
PAY-20260602-0004033,TRP-20260602-0004033,26.73,credit_card,settled,2026-06-02 09:55:23
PAY-20260602-0004034,TRP-20260602-0004034,12.90,mada,settled,2026-06-02 14:58:13
PAY-20260602-0004035,TRP-20260602-0004035,38.14,cash,settled,2026-06-02 15:40:49
PAY-20260602-0004036,TRP-20260602-0004036,20.45,mada,settled,2026-06-02 19:32:50
PAY-20260602-0004037,TRP-20260602-0004037,34.94,mada,settled,2026-06-02 22:12:52
PAY-20260602-0004038,TRP-20260602-0004038,64.75,wallet,settled,2026-06-03 04:04:56
PAY-20260602-0004039,TRP-20260602-0004039,10.88,cash,settled,2026-06-02 04:10:18
PAY-20260602-0004040,TRP-20260602-0004040,18.63,credit_card,settled,2026-06-02 14:57:26
PAY-20260602-0004041,TRP-20260602-0004041,199.68,mada,settled,2026-06-03 14:31:36
PAY-20260602-0004042,TRP-20260602-0004042,21.86,wallet,settled,2026-06-02 20:26:16
PAY-20260602-0004043,TRP-20260602-0004043,22.08,cash,settled,2026-06-02 05:27:32
PAY-20260602-0004044,TRP-20260602-0004044,36.87,mada,settled,2026-06-02 12:32:06
PAY-20260602-0004045,TRP-20260602-0004045,18.64,stc_pay,settled,2026-06-02 10:08:01
PAY-20260602-0004047,TRP-20260602-0004047,12.31,mada,settled,2026-06-02 13:02:09
PAY-20260602-0004048,TRP-20260602-0004048,30.82,cash,settled,2026-06-02 03:58:03
PAY-20260602-0004049,TRP-20260602-0004049,18.51,credit_card,settled,2026-06-02 20:45:10
PAY-20260602-0004050,TRP-20260602-0004050,46.53,stc_pay,settled,2026-06-02 13:48:03
PAY-20260602-0004051,TRP-20260602-0004051,45.44,mada,settled,2026-06-02 06:38:02
PAY-20260602-0004052,TRP-20260602-0004052,24.30,cash,settled,2026-06-02 06:03:28
PAY-20260602-0004053,TRP-20260602-0004053,165.21,apple_pay,settled,2026-06-03 11:36:49
PAY-20260602-0004054,TRP-20260602-0004054,44.39,mada,settled,2026-06-02 14:17:48
PAY-20260602-0004055,TRP-20260602-0004055,8.00,credit_card,settled,2026-06-02 12:40:35
PAY-20260602-0004056,TRP-20260602-0004056,20.01,mada,settled,2026-06-03 02:46:43
PAY-20260602-0004057,TRP-20260602-0004057,12.00,apple_pay,settled,2026-06-02 20:21:15
PAY-20260602-0004058,TRP-20260602-0004058,68.87,wallet,settled,2026-06-02 17:19:32
PAY-20260602-0004060,TRP-20260602-0004060,107.32,credit_card,settled,2026-06-02 18:04:41
PAY-20260602-0004061,TRP-20260602-0004061,26.34,credit_card,settled,2026-06-02 17:48:17
PAY-20260602-0004062,TRP-20260602-0004062,28.75,stc_pay,settled,2026-06-02 17:54:54
PAY-20260602-0004063,TRP-20260602-0004063,30.39,cash,settled,2026-06-02 11:19:30
PAY-20260602-0004064,TRP-20260602-0004064,16.49,wallet,settled,2026-06-02 17:12:48
PAY-20260602-0004065,TRP-20260602-0004065,20.25,cash,settled,2026-06-02 03:30:13
PAY-20260602-0004066,TRP-20260602-0004066,70.61,credit_card,settled,2026-06-02 20:49:56
PAY-20260602-0004067,TRP-20260602-0004067,8.00,cash,settled,2026-06-02 10:53:24
PAY-20260602-0004068,TRP-20260602-0004068,13.79,apple_pay,settled,2026-06-02 11:14:55
PAY-20260602-0004069,TRP-20260602-0004069,17.24,credit_card,settled,2026-06-02 07:14:18
PAY-20260602-0004070,TRP-20260602-0004070,123.55,mada,settled,2026-06-02 18:24:24
PAY-20260602-0004071,TRP-20260602-0004071,46.24,stc_pay,settled,2026-06-02 18:31:06
PAY-20260602-0004072,TRP-20260602-0004072,21.03,mada,settled,2026-06-02 19:52:31
PAY-20260602-0004073,TRP-20260602-0004073,56.50,mada,settled,2026-06-02 10:36:53
PAY-20260602-0004074,TRP-20260602-0004074,32.34,apple_pay,settled,2026-06-02 17:13:48
PAY-20260602-0004075,TRP-20260602-0004075,20.09,mada,settled,2026-06-02 22:49:43
PAY-20260602-0004076,TRP-20260602-0004076,35.90,stc_pay,settled,2026-06-02 06:48:54
PAY-20260602-0004077,TRP-20260602-0004077,25.24,mada,settled,2026-06-02 14:51:25
PAY-20260602-0004078,TRP-20260602-0004078,54.97,mada,settled,2026-06-02 13:35:03
PAY-20260602-0004079,TRP-20260602-0004079,87.08,mada,settled,2026-06-02 14:50:08
PAY-20260602-0004080,TRP-20260602-0004080,53.35,mada,settled,2026-06-02 16:09:37
PAY-20260602-0004081,TRP-20260602-0004081,11.73,cash,settled,2026-06-02 09:59:56
PAY-20260602-0004082,TRP-20260602-0004082,33.36,stc_pay,settled,2026-06-03 07:29:41
PAY-20260602-0004083,TRP-20260602-0004083,73.82,mada,settled,2026-06-02 18:41:55
PAY-20260602-0004084,TRP-20260602-0004084,15.54,mada,settled,2026-06-02 20:57:54
PAY-20260602-0004085,TRP-20260602-0004085,11.00,mada,settled,2026-06-03 04:53:27
PAY-20260602-0004086,TRP-20260602-0004086,27.73,apple_pay,settled,2026-06-02 04:41:58
PAY-20260602-0004087,TRP-20260602-0004087,25.16,mada,settled,2026-06-02 05:40:20
PAY-20260602-0004088,TRP-20260602-0004088,22.72,stc_pay,settled,2026-06-03 02:25:26
PAY-20260602-0004089,TRP-20260602-0004089,48.43,mada,settled,2026-06-02 05:33:41
PAY-20260602-0004090,TRP-20260602-0004090,42.38,credit_card,settled,2026-06-02 11:54:03
PAY-20260602-0004091,TRP-20260602-0004091,85.16,cash,settled,2026-06-02 13:55:34
PAY-20260602-0004092,TRP-20260602-0004092,18.69,apple_pay,settled,2026-06-02 04:42:46
PAY-20260602-0004094,TRP-20260602-0004094,20.77,credit_card,settled,2026-06-02 04:47:41
PAY-20260602-0004095,TRP-20260602-0004095,22.91,cash,settled,2026-06-02 11:18:52
PAY-20260602-0004096,TRP-20260602-0004096,44.80,mada,settled,2026-06-02 20:02:44
PAY-20260602-0004097,TRP-20260602-0004097,17.24,credit_card,settled,2026-06-02 23:31:54
PAY-20260602-0004098,TRP-20260602-0004098,11.64,cash,settled,2026-06-02 13:40:48
PAY-20260602-0004099,TRP-20260602-0004099,75.81,stc_pay,settled,2026-06-03 08:27:11
PAY-20260602-0004100,TRP-20260602-0004100,104.83,mada,settled,2026-06-01 23:53:59
PAY-20260602-0004101,TRP-20260602-0004101,82.15,apple_pay,settled,2026-06-03 06:06:00
PAY-20260602-0004102,TRP-20260602-0004102,17.73,mada,settled,2026-06-02 06:52:23
PAY-20260602-0004103,TRP-20260602-0004103,12.08,apple_pay,settled,2026-06-02 12:42:23
PAY-20260602-0004104,TRP-20260602-0004104,8.00,apple_pay,settled,2026-06-03 03:54:48
PAY-20260602-0004105,TRP-20260602-0004105,34.77,apple_pay,settled,2026-06-02 09:26:02
PAY-20260602-0004106,TRP-20260602-0004106,26.56,mada,settled,2026-06-02 09:36:30
PAY-20260602-0004107,TRP-20260602-0004107,23.85,stc_pay,settled,2026-06-02 09:27:38
PAY-20260602-0004108,TRP-20260602-0004108,36.19,mada,settled,2026-06-02 10:45:41
PAY-20260602-0004109,TRP-20260602-0004109,46.63,stc_pay,settled,2026-06-02 20:31:55
PAY-20260602-0004110,TRP-20260602-0004110,105.84,mada,settled,2026-06-03 16:08:25
PAY-20260602-0004111,TRP-20260602-0004111,90.98,mada,settled,2026-06-02 10:04:44
PAY-20260602-0004112,TRP-20260602-0004112,19.80,apple_pay,settled,2026-06-02 10:33:27
PAY-20260602-0004113,TRP-20260602-0004113,16.18,stc_pay,settled,2026-06-02 21:07:40
PAY-20260602-0004114,TRP-20260602-0004114,56.07,apple_pay,settled,2026-06-02 19:02:47
PAY-20260602-0004115,TRP-20260602-0004115,94.14,mada,settled,2026-06-02 14:25:20
PAY-20260602-0004116,TRP-20260602-0004116,34.90,apple_pay,settled,2026-06-03 15:45:51
PAY-20260602-0004117,TRP-20260602-0004117,74.92,credit_card,settled,2026-06-03 15:26:39
PAY-20260602-0004118,TRP-20260602-0004118,19.08,apple_pay,settled,2026-06-02 11:51:26
PAY-20260602-0004119,TRP-20260602-0004119,21.40,mada,settled,2026-06-03 01:48:52
PAY-20260602-0004120,TRP-20260602-0004120,33.45,apple_pay,settled,2026-06-02 05:39:36
PAY-20260602-0004121,TRP-20260602-0004121,12.00,mada,settled,2026-06-02 12:31:48
PAY-20260602-0004122,TRP-20260602-0004122,60.15,apple_pay,settled,2026-06-02 11:46:44
PAY-20260602-0004123,TRP-20260602-0004123,22.14,stc_pay,settled,2026-06-02 11:21:59
PAY-20260602-0004124,TRP-20260602-0004124,25.78,cash,settled,2026-06-02 20:59:33
PAY-20260602-0004125,TRP-20260602-0004125,72.62,credit_card,settled,2026-06-03 03:56:14
PAY-20260602-0004127,TRP-20260602-0004127,17.79,mada,settled,2026-06-02 20:46:31
PAY-20260602-0004128,TRP-20260602-0004128,36.84,wallet,settled,2026-06-02 18:18:58
PAY-20260602-0004129,TRP-20260602-0004129,94.04,credit_card,settled,2026-06-02 16:15:11
PAY-20260602-0004130,TRP-20260602-0004130,21.23,mada,settled,2026-06-02 16:38:12
PAY-20260602-0004131,TRP-20260602-0004131,15.30,mada,settled,2026-06-02 09:38:40
PAY-20260602-0004132,TRP-20260602-0004132,47.70,mada,settled,2026-06-03 05:04:55
PAY-20260602-0004133,TRP-20260602-0004133,52.01,cash,settled,2026-06-02 12:31:37
PAY-20260602-0004134,TRP-20260602-0004134,18.98,mada,settled,2026-06-02 20:06:50
PAY-20260602-0004135,TRP-20260602-0004135,82.87,mada,settled,2026-06-02 07:14:32
PAY-20260602-0004136,TRP-20260602-0004136,76.08,mada,settled,2026-06-02 18:04:27
PAY-20260602-0004137,TRP-20260602-0004137,57.02,wallet,settled,2026-06-02 23:13:35
PAY-20260602-0004138,TRP-20260602-0004138,107.52,wallet,settled,2026-06-02 13:13:25
PAY-20260602-0004139,TRP-20260602-0004139,36.96,credit_card,settled,2026-06-02 05:42:26
PAY-20260602-0004140,TRP-20260602-0004140,40.01,cash,settled,2026-06-01 21:54:18
PAY-20260602-0004141,TRP-20260602-0004141,103.06,credit_card,settled,2026-06-02 11:40:38
PAY-20260602-0004142,TRP-20260602-0004142,18.87,mada,settled,2026-06-02 21:54:30
PAY-20260602-0004143,TRP-20260602-0004143,26.19,cash,settled,2026-06-02 15:48:40
PAY-20260602-0004144,TRP-20260602-0004144,16.48,stc_pay,settled,2026-06-02 05:44:49
PAY-20260602-0004145,TRP-20260602-0004145,30.62,cash,settled,2026-06-02 02:12:52
PAY-20260602-0004146,TRP-20260602-0004146,55.10,stc_pay,settled,2026-06-02 20:17:08
PAY-20260602-0004147,TRP-20260602-0004147,18.52,mada,settled,2026-06-02 14:32:16
PAY-20260602-0004148,TRP-20260602-0004148,158.47,credit_card,settled,2026-06-03 04:36:30
PAY-20260602-0004149,TRP-20260602-0004149,97.39,mada,settled,2026-06-02 19:28:16
PAY-20260602-0004150,TRP-20260602-0004150,12.12,credit_card,settled,2026-06-02 04:57:35
PAY-20260602-0004151,TRP-20260602-0004151,27.93,mada,settled,2026-06-02 04:52:19
PAY-20260602-0004152,TRP-20260602-0004152,15.67,mada,settled,2026-06-02 08:15:05
PAY-20260602-0004153,TRP-20260602-0004153,28.88,apple_pay,settled,2026-06-02 23:25:05
PAY-20260602-0004154,TRP-20260602-0004154,30.86,mada,settled,2026-06-02 18:41:01
PAY-20260602-0004155,TRP-20260602-0004155,47.12,credit_card,settled,2026-06-02 14:04:01
PAY-20260602-0004156,TRP-20260602-0004156,31.09,apple_pay,settled,2026-06-02 12:59:49
PAY-20260602-0004157,TRP-20260602-0004157,28.84,apple_pay,failed,2026-06-02 13:22:34
PAY-20260602-0004158,TRP-20260602-0004158,15.31,apple_pay,settled,2026-06-02 07:31:32
PAY-20260602-0004159,TRP-20260602-0004159,109.70,credit_card,settled,2026-06-02 04:25:16
PAY-20260602-0004160,TRP-20260602-0004160,61.77,mada,settled,2026-06-02 07:37:48
PAY-20260602-0004161,TRP-20260602-0004161,32.34,apple_pay,settled,2026-06-02 11:14:51
PAY-20260602-0004162,TRP-20260602-0004162,30.99,credit_card,settled,2026-06-02 13:19:06
PAY-20260602-0004163,TRP-20260602-0004163,137.53,mada,settled,2026-06-02 16:29:40
PAY-20260602-0004164,TRP-20260602-0004164,36.11,credit_card,settled,2026-06-02 11:19:55
PAY-20260602-0004165,TRP-20260602-0004165,111.45,apple_pay,settled,2026-06-02 14:36:51
PAY-20260602-0004166,TRP-20260602-0004166,25.09,stc_pay,settled,2026-06-02 14:41:10
PAY-20260602-0004167,TRP-20260602-0004167,61.65,apple_pay,failed,2026-06-02 19:31:19
PAY-20260602-0004168,TRP-20260602-0004168,26.90,credit_card,pending,2026-06-02 07:17:02
PAY-20260602-0004169,TRP-20260602-0004169,70.77,credit_card,settled,2026-06-02 10:30:39
PAY-20260602-0004171,TRP-20260602-0004171,88.78,credit_card,settled,2026-06-02 14:14:14
PAY-20260602-0004172,TRP-20260602-0004172,29.33,wallet,settled,2026-06-02 15:17:12
PAY-20260602-0004173,TRP-20260602-0004173,80.59,mada,settled,2026-06-02 12:01:48
PAY-20260602-0004174,TRP-20260602-0004174,12.49,mada,settled,2026-06-02 07:16:19
PAY-20260602-0004175,TRP-20260602-0004175,67.22,apple_pay,settled,2026-06-02 07:09:25
PAY-20260602-0004176,TRP-20260602-0004176,37.50,credit_card,settled,2026-06-02 15:45:57
PAY-20260602-0004177,TRP-20260602-0004177,29.00,mada,refunded,2026-06-02 05:41:07
PAY-20260602-0004178,TRP-20260602-0004178,51.52,mada,failed,2026-06-02 17:10:41
PAY-20260602-0004179,TRP-20260602-0004179,110.72,mada,settled,2026-06-02 19:20:58
PAY-20260602-0004180,TRP-20260602-0004180,21.29,apple_pay,settled,2026-06-03 18:06:59
PAY-20260602-0004181,TRP-20260602-0004181,12.00,mada,settled,2026-06-02 22:06:14
PAY-20260602-0004182,TRP-20260602-0004182,125.15,credit_card,pending,2026-06-02 19:25:44
PAY-20260602-0004183,TRP-20260602-0004183,42.20,credit_card,settled,2026-06-03 18:03:35
PAY-20260602-0004184,TRP-20260602-0004184,23.17,mada,settled,2026-06-02 07:54:36
PAY-20260602-0004185,TRP-20260602-0004185,8.00,mada,settled,2026-06-02 23:14:24
PAY-20260602-0004186,TRP-20260602-0004186,44.15,mada,settled,2026-06-02 12:18:10
PAY-20260602-0004187,TRP-20260602-0004187,35.38,credit_card,settled,2026-06-02 17:40:01
PAY-20260602-0004188,TRP-20260602-0004188,31.72,credit_card,settled,2026-06-03 02:14:39
PAY-20260602-0004189,TRP-20260602-0004189,19.96,apple_pay,settled,2026-06-02 09:52:11
PAY-20260602-0004190,TRP-20260602-0004190,40.49,credit_card,settled,2026-06-02 18:17:53
PAY-20260602-0004191,TRP-20260602-0004191,32.08,stc_pay,settled,2026-06-02 16:09:33
PAY-20260602-0004192,TRP-20260602-0004192,12.70,credit_card,settled,2026-06-02 14:04:05
PAY-20260602-0004193,TRP-20260602-0004193,83.67,mada,settled,2026-06-02 16:13:20
PAY-20260602-0004194,TRP-20260602-0004194,25.13,credit_card,settled,2026-06-02 19:07:24
PAY-20260602-0004195,TRP-20260602-0004195,103.78,mada,settled,2026-06-02 18:18:11
PAY-20260602-0004196,TRP-20260602-0004196,49.76,stc_pay,settled,2026-06-02 11:59:03
PAY-20260602-0004197,TRP-20260602-0004197,16.15,cash,settled,2026-06-02 06:02:51
PAY-20260602-0004198,TRP-20260602-0004198,146.06,mada,settled,2026-06-02 22:31:59
PAY-20260602-0004199,TRP-20260602-0004199,34.77,stc_pay,settled,2026-06-03 04:31:11
PAY-20260602-0004200,TRP-20260602-0004200,57.84,cash,settled,2026-06-02 15:20:17
PAY-20260602-0004201,TRP-20260602-0004201,32.95,stc_pay,settled,2026-06-02 07:18:06
PAY-20260602-0004202,TRP-20260602-0004202,15.00,wallet,failed,2026-06-02 11:43:30
PAY-20260602-0004203,TRP-20260602-0004203,76.80,mada,settled,2026-06-02 09:09:51
PAY-20260602-0004204,TRP-20260602-0004204,64.74,mada,settled,2026-06-02 18:19:09
PAY-20260602-0004205,TRP-20260602-0004205,133.43,credit_card,settled,2026-06-02 05:49:57
PAY-20260602-0004206,TRP-20260602-0004206,29.39,credit_card,settled,2026-06-02 13:23:47
PAY-20260602-0004207,TRP-20260602-0004207,44.52,mada,settled,2026-06-02 13:27:03
PAY-20260602-0004208,TRP-20260602-0004208,26.96,stc_pay,refunded,2026-06-02 20:12:56
PAY-20260602-0004209,TRP-20260602-0004209,13.92,apple_pay,settled,2026-06-02 15:41:34
PAY-20260602-0004210,TRP-20260602-0004210,27.77,mada,settled,2026-06-02 17:05:58
PAY-20260602-0004211,TRP-20260602-0004211,57.64,credit_card,settled,2026-06-02 12:08:54
PAY-20260602-0004212,TRP-20260602-0004212,148.98,apple_pay,settled,2026-06-02 16:47:10
PAY-20260602-0004213,TRP-20260602-0004213,6.00,apple_pay,settled,2026-06-02 16:42:25
PAY-20260602-0004214,TRP-20260602-0004214,38.19,credit_card,settled,2026-06-03 15:15:53
PAY-20260602-0004215,TRP-20260602-0004215,122.24,credit_card,settled,2026-06-03 15:09:32
PAY-20260602-0004216,TRP-20260602-0004216,40.18,apple_pay,settled,2026-06-02 16:09:01
PAY-20260602-0004218,TRP-20260602-0004218,22.48,credit_card,settled,2026-06-02 18:37:33
PAY-20260602-0004219,TRP-20260602-0004219,14.44,credit_card,settled,2026-06-03 11:34:31
PAY-20260602-0004220,TRP-20260602-0004220,54.98,mada,settled,2026-06-03 03:26:01
PAY-20260602-0004221,TRP-20260602-0004221,28.83,mada,settled,2026-06-02 19:43:55
PAY-20260602-0004222,TRP-20260602-0004222,37.46,stc_pay,settled,2026-06-02 09:25:38
PAY-20260602-0004223,TRP-20260602-0004223,37.26,credit_card,settled,2026-06-03 16:43:31
PAY-20260602-0004224,TRP-20260602-0004224,23.20,apple_pay,settled,2026-06-02 05:49:49
PAY-20260602-0004225,TRP-20260602-0004225,97.96,credit_card,settled,2026-06-02 16:35:20
PAY-20260602-0004226,TRP-20260602-0004226,49.50,mada,settled,2026-06-02 16:31:23
PAY-20260602-0004227,TRP-20260602-0004227,95.66,apple_pay,settled,2026-06-03 01:57:48
PAY-20260602-0004228,TRP-20260602-0004228,17.21,apple_pay,settled,2026-06-02 04:50:24
PAY-20260602-0004229,TRP-20260602-0004229,23.11,credit_card,settled,2026-06-02 04:11:01
PAY-20260602-0004230,TRP-20260602-0004230,35.17,credit_card,settled,2026-06-02 19:21:01
PAY-20260602-0004231,TRP-20260602-0004231,18.38,cash,settled,2026-06-01 22:10:01
PAY-20260602-0004232,TRP-20260602-0004232,48.49,cash,settled,2026-06-02 15:25:29
PAY-20260602-0004233,TRP-20260602-0004233,62.20,credit_card,settled,2026-06-02 16:26:20
PAY-20260602-0004234,TRP-20260602-0004234,19.04,credit_card,settled,2026-06-02 17:08:58
PAY-20260602-0004235,TRP-20260602-0004235,30.56,credit_card,settled,2026-06-02 15:42:16
PAY-20260602-0004236,TRP-20260602-0004236,22.78,mada,settled,2026-06-02 11:18:17
PAY-20260602-0004237,TRP-20260602-0004237,30.32,mada,settled,2026-06-03 13:37:26
PAY-20260602-0004238,TRP-20260602-0004238,19.72,mada,settled,2026-06-02 08:24:40
PAY-20260602-0004239,TRP-20260602-0004239,32.64,mada,settled,2026-06-02 13:41:06
PAY-20260602-0004240,TRP-20260602-0004240,273.34,mada,settled,2026-06-02 18:18:43
PAY-20260602-0004241,TRP-20260602-0004241,16.68,stc_pay,settled,2026-06-03 09:41:34
PAY-20260602-0004242,TRP-20260602-0004242,15.88,cash,settled,2026-06-02 14:41:45
PAY-20260602-0004243,TRP-20260602-0004243,16.16,mada,settled,2026-06-03 17:13:19
PAY-20260602-0004244,TRP-20260602-0004244,33.29,cash,settled,2026-06-02 08:09:03
PAY-20260602-0004245,TRP-20260602-0004245,20.97,apple_pay,settled,2026-06-03 08:05:06
PAY-20260602-0004246,TRP-20260602-0004246,19.29,mada,settled,2026-06-02 21:30:31
PAY-20260602-0004247,TRP-20260602-0004247,23.00,mada,settled,2026-06-02 16:53:36
PAY-20260602-0004248,TRP-20260602-0004248,38.20,credit_card,settled,2026-06-02 18:35:32
PAY-20260602-0004249,TRP-20260602-0004249,38.60,credit_card,settled,2026-06-02 16:29:25
PAY-20260602-0004250,TRP-20260602-0004250,12.29,cash,settled,2026-06-02 09:00:36
PAY-20260602-0004251,TRP-20260602-0004251,20.49,credit_card,settled,2026-06-02 13:10:42
PAY-20260602-0004252,TRP-20260602-0004252,60.77,cash,settled,2026-06-02 18:41:33
PAY-20260602-0004253,TRP-20260602-0004253,29.24,mada,settled,2026-06-02 18:41:38
PAY-20260602-0004254,TRP-20260602-0004254,14.10,mada,settled,2026-06-02 10:43:39
PAY-20260602-0004255,TRP-20260602-0004255,91.90,stc_pay,settled,2026-06-02 07:01:58
PAY-20260602-0004256,TRP-20260602-0004256,43.95,credit_card,settled,2026-06-02 16:37:02
PAY-20260602-0004257,TRP-20260602-0004257,60.01,mada,settled,2026-06-02 07:47:35
PAY-20260602-0004258,TRP-20260602-0004258,23.62,cash,settled,2026-06-02 19:01:26
PAY-20260602-0004259,TRP-20260602-0004259,17.84,stc_pay,settled,2026-06-02 12:32:20
PAY-20260602-0004260,TRP-20260602-0004260,33.60,apple_pay,settled,2026-06-02 11:50:05
PAY-20260602-0004261,TRP-20260602-0004261,41.42,mada,settled,2026-06-02 14:47:04
PAY-20260602-0004262,TRP-20260602-0004262,61.64,credit_card,settled,2026-06-03 06:57:31
PAY-20260602-0004263,TRP-20260602-0004263,84.84,wallet,pending,2026-06-03 02:56:37
PAY-20260602-0004264,TRP-20260602-0004264,206.98,credit_card,settled,2026-06-02 17:48:48
PAY-20260602-0004265,TRP-20260602-0004265,21.43,mada,settled,2026-06-03 02:19:23
PAY-20260602-0004266,TRP-20260602-0004266,20.95,mada,settled,2026-06-03 08:33:41
PAY-20260602-0004267,TRP-20260602-0004267,48.82,mada,settled,2026-06-02 06:34:48
PAY-20260602-0004269,TRP-20260602-0004269,47.68,cash,settled,2026-06-02 16:46:45
PAY-20260602-0004270,TRP-20260602-0004270,57.65,credit_card,settled,2026-06-02 08:59:27
PAY-20260602-0004271,TRP-20260602-0004271,23.06,credit_card,settled,2026-06-03 05:38:21
PAY-20260602-0004272,TRP-20260602-0004272,30.33,mada,settled,2026-06-03 01:29:41
PAY-20260602-0004273,TRP-20260602-0004273,18.33,credit_card,settled,2026-06-02 12:13:34
PAY-20260602-0004274,TRP-20260602-0004274,14.89,credit_card,pending,2026-06-02 19:33:38
PAY-20260602-0004275,TRP-20260602-0004275,19.13,stc_pay,settled,2026-06-02 11:56:20
PAY-20260602-0004276,TRP-20260602-0004276,19.31,apple_pay,settled,2026-06-02 23:12:38
PAY-20260602-0004277,TRP-20260602-0004277,32.73,mada,settled,2026-06-02 18:55:25
PAY-20260602-0004278,TRP-20260602-0004278,33.59,credit_card,settled,2026-06-02 05:28:39
PAY-20260602-0004279,TRP-20260602-0004279,53.84,cash,settled,2026-06-02 18:41:48
PAY-20260602-0004280,TRP-20260602-0004280,32.04,credit_card,settled,2026-06-02 14:36:03
PAY-20260602-0004281,TRP-20260602-0004281,17.90,wallet,settled,2026-06-02 20:11:01
PAY-20260602-0004282,TRP-20260602-0004282,30.94,mada,settled,2026-06-02 06:21:37
PAY-20260602-0004283,TRP-20260602-0004283,50.15,apple_pay,settled,2026-06-02 08:06:29
PAY-20260602-0004284,TRP-20260602-0004284,27.97,stc_pay,settled,2026-06-02 16:36:49
PAY-20260602-0004285,TRP-20260602-0004285,19.66,credit_card,settled,2026-06-03 06:33:20
PAY-20260602-0004286,TRP-20260602-0004286,18.65,mada,refunded,2026-06-02 07:55:26
PAY-20260602-0004287,TRP-20260602-0004287,8.00,mada,settled,2026-06-02 19:39:29
PAY-20260602-0004288,TRP-20260602-0004288,8.00,mada,settled,2026-06-02 18:29:28
PAY-20260602-0004289,TRP-20260602-0004289,45.30,mada,settled,2026-06-03 14:44:31
PAY-20260602-0004290,TRP-20260602-0004290,17.89,cash,settled,2026-06-02 06:22:12
PAY-20260602-0004291,TRP-20260602-0004291,25.07,stc_pay,settled,2026-06-03 13:41:27
PAY-20260602-0004292,TRP-20260602-0004292,58.02,credit_card,settled,2026-06-02 05:47:06
PAY-20260602-0004293,TRP-20260602-0004293,35.81,mada,settled,2026-06-02 17:58:10
PAY-20260602-0004294,TRP-20260602-0004294,27.43,mada,settled,2026-06-02 07:36:18
PAY-20260602-0004295,TRP-20260602-0004295,21.15,credit_card,settled,2026-06-02 20:16:38
PAY-20260602-0004296,TRP-20260602-0004296,12.53,credit_card,settled,2026-06-02 09:19:53
PAY-20260602-0004297,TRP-20260602-0004297,15.09,apple_pay,settled,2026-06-02 06:08:12
PAY-20260602-0004298,TRP-20260602-0004298,28.02,credit_card,settled,2026-06-02 14:51:50
PAY-20260602-0004299,TRP-20260602-0004299,16.06,mada,settled,2026-06-02 10:01:12
PAY-20260602-0004300,TRP-20260602-0004300,16.37,mada,settled,2026-06-02 12:14:09
PAY-20260602-0004301,TRP-20260602-0004301,12.07,mada,settled,2026-06-02 07:59:01
PAY-20260602-0004302,TRP-20260602-0004302,27.95,mada,settled,2026-06-02 19:18:33
PAY-20260602-0004303,TRP-20260602-0004303,87.30,apple_pay,settled,2026-06-02 11:20:44
PAY-20260602-0004304,TRP-20260602-0004304,34.74,stc_pay,settled,2026-06-03 08:51:12
PAY-20260602-0004305,TRP-20260602-0004305,80.17,stc_pay,settled,2026-06-02 09:58:08
PAY-20260602-0004307,TRP-20260602-0004307,18.40,cash,settled,2026-06-02 17:59:52
PAY-20260602-0004308,TRP-20260602-0004308,87.44,credit_card,settled,2026-06-02 21:26:47
PAY-20260602-0004309,TRP-20260602-0004309,19.19,credit_card,settled,2026-06-02 17:01:16
PAY-20260602-0004310,TRP-20260602-0004310,12.79,credit_card,settled,2026-06-03 07:04:53
PAY-20260602-0004311,TRP-20260602-0004311,78.50,mada,settled,2026-06-02 19:58:30
PAY-20260602-0004312,TRP-20260602-0004312,125.68,credit_card,settled,2026-06-02 19:03:36
PAY-20260602-0004313,TRP-20260602-0004313,15.93,credit_card,settled,2026-06-02 10:45:02
PAY-20260602-0004314,TRP-20260602-0004314,132.81,credit_card,settled,2026-06-02 07:29:44
PAY-20260602-0004315,TRP-20260602-0004315,24.60,stc_pay,settled,2026-06-03 09:05:29
PAY-20260602-0004316,TRP-20260602-0004316,57.22,mada,settled,2026-06-03 07:31:02
PAY-20260602-0004317,TRP-20260602-0004317,42.84,credit_card,settled,2026-06-02 14:02:21
PAY-20260602-0004318,TRP-20260602-0004318,30.53,mada,pending,2026-06-02 17:04:34
PAY-20260602-0004319,TRP-20260602-0004319,12.00,apple_pay,settled,2026-06-02 18:10:02
PAY-20260602-0004320,TRP-20260602-0004320,35.63,mada,failed,2026-06-02 10:03:39
PAY-20260602-0004321,TRP-20260602-0004321,41.45,mada,settled,2026-06-02 21:20:45
PAY-20260602-0004322,TRP-20260602-0004322,31.51,cash,settled,2026-06-02 13:47:30
PAY-20260602-0004323,TRP-20260602-0004323,22.52,credit_card,pending,2026-06-02 23:03:56
PAY-20260602-0004324,TRP-20260602-0004324,45.11,mada,settled,2026-06-02 16:23:42
PAY-20260602-0004325,TRP-20260602-0004325,83.80,wallet,settled,2026-06-02 07:54:58
PAY-20260602-0004326,TRP-20260602-0004326,25.07,credit_card,settled,2026-06-02 22:59:39
PAY-20260602-0004327,TRP-20260602-0004327,31.73,mada,settled,2026-06-02 14:36:16
PAY-20260602-0004328,TRP-20260602-0004328,60.14,apple_pay,settled,2026-06-02 07:03:07
PAY-20260602-0004329,TRP-20260602-0004329,14.53,credit_card,settled,2026-06-02 15:15:05
PAY-20260602-0004330,TRP-20260602-0004330,59.22,mada,settled,2026-06-02 12:07:03
PAY-20260602-0004331,TRP-20260602-0004331,56.81,credit_card,settled,2026-06-02 07:49:05
PAY-20260602-0004332,TRP-20260602-0004332,30.37,apple_pay,settled,2026-06-02 05:55:21
PAY-20260602-0004333,TRP-20260602-0004333,15.25,mada,settled,2026-06-02 14:56:14
PAY-20260602-0004334,TRP-20260602-0004334,32.25,mada,settled,2026-06-02 08:18:11
PAY-20260602-0004335,TRP-20260602-0004335,38.55,mada,settled,2026-06-03 06:13:50
PAY-20260602-0004336,TRP-20260602-0004336,15.08,apple_pay,settled,2026-06-02 13:16:16
PAY-20260602-0004337,TRP-20260602-0004337,22.21,wallet,settled,2026-06-03 01:17:08
PAY-20260602-0004338,TRP-20260602-0004338,121.18,mada,settled,2026-06-02 11:50:05
PAY-20260602-0004339,TRP-20260602-0004339,22.59,wallet,settled,2026-06-02 13:26:04
PAY-20260602-0004340,TRP-20260602-0004340,18.08,credit_card,pending,2026-06-02 07:18:42
PAY-20260602-0004341,TRP-20260602-0004341,12.37,mada,settled,2026-06-02 14:56:23
PAY-20260602-0004342,TRP-20260602-0004342,35.23,mada,settled,2026-06-03 03:07:48
PAY-20260602-0004344,TRP-20260602-0004344,45.70,credit_card,settled,2026-06-02 16:39:02
PAY-20260602-0004345,TRP-20260602-0004345,80.12,mada,settled,2026-06-02 05:44:20
PAY-20260602-0004346,TRP-20260602-0004346,30.34,mada,settled,2026-06-02 11:24:48
PAY-20260602-0004347,TRP-20260602-0004347,14.29,stc_pay,settled,2026-06-02 11:47:40
PAY-20260602-0004348,TRP-20260602-0004348,21.84,stc_pay,settled,2026-06-03 11:19:34
PAY-20260602-0004349,TRP-20260602-0004349,24.35,wallet,settled,2026-06-03 08:24:51
PAY-20260602-0004350,TRP-20260602-0004350,58.48,mada,settled,2026-06-02 19:20:39
PAY-20260602-0004351,TRP-20260602-0004351,10.20,apple_pay,settled,2026-06-02 15:40:49
PAY-20260602-0004352,TRP-20260602-0004352,122.34,apple_pay,settled,2026-06-02 11:33:12
PAY-20260602-0004353,TRP-20260602-0004353,30.12,apple_pay,settled,2026-06-03 01:53:48
PAY-20260602-0004354,TRP-20260602-0004354,34.16,cash,settled,2026-06-02 16:16:36
PAY-20260602-0004355,TRP-20260602-0004355,51.10,credit_card,settled,2026-06-02 08:43:12
PAY-20260602-0004356,TRP-20260602-0004356,12.50,credit_card,settled,2026-06-03 09:23:02
PAY-20260602-0004357,TRP-20260602-0004357,124.71,wallet,settled,2026-06-02 07:05:08
PAY-20260602-0004358,TRP-20260602-0004358,8.00,wallet,settled,2026-06-02 02:42:04
PAY-20260602-0004359,TRP-20260602-0004359,23.09,mada,settled,2026-06-02 20:37:37
PAY-20260602-0004360,TRP-20260602-0004360,52.02,wallet,settled,2026-06-02 15:26:05
PAY-20260602-0004362,TRP-20260602-0004362,23.59,credit_card,settled,2026-06-02 08:25:00
PAY-20260602-0004363,TRP-20260602-0004363,44.83,apple_pay,settled,2026-06-03 05:59:17
PAY-20260602-0004364,TRP-20260602-0004364,23.40,credit_card,settled,2026-06-02 15:50:56
PAY-20260602-0004365,TRP-20260602-0004365,27.89,mada,settled,2026-06-03 06:53:50
PAY-20260602-0004366,TRP-20260602-0004366,76.35,credit_card,settled,2026-06-02 16:19:29
PAY-20260602-0004367,TRP-20260602-0004367,88.09,cash,settled,2026-06-02 05:29:13
PAY-20260602-0004368,TRP-20260602-0004368,18.37,stc_pay,settled,2026-06-02 06:22:57
PAY-20260602-0004369,TRP-20260602-0004369,17.88,mada,pending,2026-06-02 05:50:28
PAY-20260602-0004370,TRP-20260602-0004370,155.51,credit_card,settled,2026-06-03 12:29:57
PAY-20260602-0004372,TRP-20260602-0004372,24.95,mada,settled,2026-06-03 08:01:22
PAY-20260602-0004373,TRP-20260602-0004373,76.45,wallet,settled,2026-06-02 20:25:03
PAY-20260602-0004374,TRP-20260602-0004374,12.00,apple_pay,pending,2026-06-03 12:27:01
PAY-20260602-0004375,TRP-20260602-0004375,32.40,apple_pay,settled,2026-06-02 15:53:28
PAY-20260602-0004376,TRP-20260602-0004376,26.90,mada,settled,2026-06-02 22:03:09
PAY-20260602-0004377,TRP-20260602-0004377,24.77,stc_pay,settled,2026-06-02 16:59:55
PAY-20260602-0004378,TRP-20260602-0004378,33.74,mada,settled,2026-06-02 18:44:18
PAY-20260602-0004379,TRP-20260602-0004379,52.12,wallet,settled,2026-06-02 18:24:16
PAY-20260602-0004380,TRP-20260602-0004380,35.12,stc_pay,pending,2026-06-02 13:18:53
PAY-20260602-0004381,TRP-20260602-0004381,42.62,stc_pay,settled,2026-06-02 10:51:43
PAY-20260602-0004382,TRP-20260602-0004382,21.06,cash,settled,2026-06-02 11:15:14
PAY-20260602-0004383,TRP-20260602-0004383,39.77,apple_pay,settled,2026-06-02 23:35:11
PAY-20260602-0004384,TRP-20260602-0004384,42.39,credit_card,settled,2026-06-02 14:36:49
PAY-20260602-0004385,TRP-20260602-0004385,33.55,mada,settled,2026-06-03 05:28:57
PAY-20260602-0004386,TRP-20260602-0004386,25.94,mada,settled,2026-06-02 08:28:24
PAY-20260602-0004387,TRP-20260602-0004387,69.75,wallet,settled,2026-06-02 13:23:44
PAY-20260602-0004388,TRP-20260602-0004388,29.97,mada,settled,2026-06-02 14:29:55
PAY-20260602-0004389,TRP-20260602-0004389,21.21,apple_pay,settled,2026-06-03 06:48:03
PAY-20260602-0004390,TRP-20260602-0004390,49.29,mada,settled,2026-06-02 12:35:12
PAY-20260602-0004391,TRP-20260602-0004391,22.29,mada,failed,2026-06-02 15:56:50
PAY-20260602-0004392,TRP-20260602-0004392,6.00,apple_pay,settled,2026-06-02 20:38:40
PAY-20260602-0004393,TRP-20260602-0004393,28.02,mada,settled,2026-06-02 15:38:22
PAY-20260602-0004394,TRP-20260602-0004394,103.51,apple_pay,settled,2026-06-02 08:19:54
PAY-20260602-0004395,TRP-20260602-0004395,51.10,credit_card,settled,2026-06-03 19:09:00
PAY-20260602-0004396,TRP-20260602-0004396,35.33,mada,settled,2026-06-02 18:26:11
PAY-20260602-0004397,TRP-20260602-0004397,25.86,wallet,settled,2026-06-02 22:29:44
PAY-20260602-0004398,TRP-20260602-0004398,12.00,mada,refunded,2026-06-02 19:07:16
PAY-20260602-0004399,TRP-20260602-0004399,92.43,mada,settled,2026-06-02 21:45:43
PAY-20260602-0004400,TRP-20260602-0004400,20.03,stc_pay,settled,2026-06-02 11:36:20
PAY-20260602-0004401,TRP-20260602-0004401,107.97,cash,settled,2026-06-02 15:18:00
PAY-20260602-0004402,TRP-20260602-0004402,50.24,stc_pay,settled,2026-06-02 11:15:44
PAY-20260602-0004403,TRP-20260602-0004403,30.75,credit_card,settled,2026-06-02 17:49:47
PAY-20260602-0004405,TRP-20260602-0004405,56.42,apple_pay,settled,2026-06-02 07:45:34
PAY-20260602-0004406,TRP-20260602-0004406,41.55,credit_card,settled,2026-06-02 09:44:10
PAY-20260602-0004407,TRP-20260602-0004407,125.44,credit_card,settled,2026-06-02 18:10:41
PAY-20260602-0004408,TRP-20260602-0004408,29.77,apple_pay,settled,2026-06-02 13:28:25
PAY-20260602-0004410,TRP-20260602-0004410,17.53,stc_pay,settled,2026-06-02 19:30:01
PAY-20260602-0004411,TRP-20260602-0004411,94.53,cash,settled,2026-06-02 06:22:33
PAY-20260602-0004412,TRP-20260602-0004412,35.89,cash,settled,2026-06-02 07:45:10
PAY-20260602-0004414,TRP-20260602-0004414,76.29,credit_card,settled,2026-06-02 21:21:25
PAY-20260602-0004415,TRP-20260602-0004415,16.74,mada,settled,2026-06-02 21:50:55
PAY-20260602-0004416,TRP-20260602-0004416,31.11,mada,settled,2026-06-03 03:20:22
PAY-20260602-0004417,TRP-20260602-0004417,13.38,cash,settled,2026-06-02 11:02:10
PAY-20260602-0004418,TRP-20260602-0004418,39.28,credit_card,settled,2026-06-02 22:15:03
PAY-20260602-0004420,TRP-20260602-0004420,45.81,apple_pay,settled,2026-06-02 14:45:47
PAY-20260602-0004421,TRP-20260602-0004421,24.61,cash,settled,2026-06-02 13:18:06
PAY-20260602-0004422,TRP-20260602-0004422,115.07,stc_pay,settled,2026-06-02 16:22:34
PAY-20260602-0004423,TRP-20260602-0004423,72.95,mada,settled,2026-06-02 19:56:36
PAY-20260602-0004424,TRP-20260602-0004424,36.74,credit_card,settled,2026-06-02 16:44:46
PAY-20260602-0004425,TRP-20260602-0004425,38.85,mada,settled,2026-06-02 06:05:28
PAY-20260602-0004426,TRP-20260602-0004426,17.33,cash,settled,2026-06-02 07:33:17
PAY-20260602-0004427,TRP-20260602-0004427,27.94,credit_card,settled,2026-06-03 04:05:31
PAY-20260602-0004428,TRP-20260602-0004428,66.63,mada,settled,2026-06-02 13:25:25
PAY-20260602-0004429,TRP-20260602-0004429,30.02,apple_pay,settled,2026-06-02 07:33:57
PAY-20260602-0004430,TRP-20260602-0004430,17.04,credit_card,pending,2026-06-01 22:02:49
PAY-20260602-0004431,TRP-20260602-0004431,77.14,wallet,settled,2026-06-02 17:46:07
PAY-20260602-0004432,TRP-20260602-0004432,91.58,mada,pending,2026-06-02 17:27:17
PAY-20260602-0004433,TRP-20260602-0004433,29.55,mada,settled,2026-06-02 18:17:05
PAY-20260602-0004434,TRP-20260602-0004434,18.57,apple_pay,settled,2026-06-02 12:39:13
PAY-20260602-0004435,TRP-20260602-0004435,15.27,cash,settled,2026-06-02 08:33:42
PAY-20260602-0004436,TRP-20260602-0004436,31.42,cash,settled,2026-06-01 21:21:12
PAY-20260602-0004437,TRP-20260602-0004437,67.37,mada,settled,2026-06-02 10:05:03
PAY-20260602-0004438,TRP-20260602-0004438,50.42,mada,settled,2026-06-02 08:05:03
PAY-20260602-0004439,TRP-20260602-0004439,29.76,mada,settled,2026-06-03 07:20:46
PAY-20260602-0004440,TRP-20260602-0004440,35.29,apple_pay,settled,2026-06-02 22:40:03
PAY-20260602-0004441,TRP-20260602-0004441,44.27,apple_pay,settled,2026-06-02 16:11:47
PAY-20260602-0004442,TRP-20260602-0004442,29.48,mada,settled,2026-06-02 06:33:37
PAY-20260602-0004443,TRP-20260602-0004443,42.98,mada,settled,2026-06-02 17:39:32
PAY-20260602-0004444,TRP-20260602-0004444,33.04,mada,settled,2026-06-02 17:48:40
PAY-20260602-0004445,TRP-20260602-0004445,55.21,wallet,settled,2026-06-02 15:39:55
PAY-20260602-0004446,TRP-20260602-0004446,14.32,apple_pay,settled,2026-06-02 20:16:04
PAY-20260602-0004447,TRP-20260602-0004447,53.22,mada,settled,2026-06-02 14:51:45
PAY-20260602-0004448,TRP-20260602-0004448,22.28,mada,settled,2026-06-02 09:23:45
PAY-20260602-0004449,TRP-20260602-0004449,34.61,apple_pay,settled,2026-06-02 17:25:33
PAY-20260602-0004450,TRP-20260602-0004450,14.71,cash,settled,2026-06-02 07:10:33
PAY-20260602-0004451,TRP-20260602-0004451,72.94,mada,settled,2026-06-02 12:30:31
PAY-20260602-0004452,TRP-20260602-0004452,27.57,credit_card,settled,2026-06-03 04:12:20
PAY-20260602-0004453,TRP-20260602-0004453,47.95,mada,settled,2026-06-03 10:58:58
PAY-20260602-0004454,TRP-20260602-0004454,121.49,apple_pay,settled,2026-06-02 19:08:41
PAY-20260602-0004455,TRP-20260602-0004455,28.84,wallet,settled,2026-06-02 17:30:35
PAY-20260602-0004456,TRP-20260602-0004456,69.68,cash,settled,2026-06-02 12:31:47
PAY-20260602-0004457,TRP-20260602-0004457,22.55,cash,settled,2026-06-02 10:13:42
PAY-20260602-0004458,TRP-20260602-0004458,12.81,mada,settled,2026-06-02 10:48:45
PAY-20260602-0004460,TRP-20260602-0004460,41.16,stc_pay,settled,2026-06-03 05:20:45
PAY-20260602-0004461,TRP-20260602-0004461,20.16,mada,settled,2026-06-02 04:58:23
PAY-20260602-0004462,TRP-20260602-0004462,16.68,mada,settled,2026-06-02 17:03:56
PAY-20260602-0004464,TRP-20260602-0004464,35.85,cash,settled,2026-06-02 15:51:35
PAY-20260602-0004465,TRP-20260602-0004465,106.32,stc_pay,settled,2026-06-02 17:26:32
PAY-20260602-0004466,TRP-20260602-0004466,21.89,credit_card,settled,2026-06-03 02:58:35
PAY-20260602-0004467,TRP-20260602-0004467,32.49,mada,settled,2026-06-03 00:52:28
PAY-20260602-0004468,TRP-20260602-0004468,58.34,mada,settled,2026-06-02 05:50:33
PAY-20260602-0004469,TRP-20260602-0004469,94.01,mada,settled,2026-06-02 04:55:57
PAY-20260602-0004470,TRP-20260602-0004470,14.68,credit_card,settled,2026-06-03 11:59:38
PAY-20260602-0004471,TRP-20260602-0004471,16.97,mada,settled,2026-06-02 08:53:14
PAY-20260602-0004472,TRP-20260602-0004472,123.88,stc_pay,settled,2026-06-03 01:46:40
PAY-20260602-0004473,TRP-20260602-0004473,66.09,mada,settled,2026-06-03 20:53:42
PAY-20260602-0004474,TRP-20260602-0004474,25.21,mada,settled,2026-06-02 06:46:06
PAY-20260602-0004475,TRP-20260602-0004475,37.90,stc_pay,settled,2026-06-02 17:50:55
PAY-20260602-0004476,TRP-20260602-0004476,44.77,mada,settled,2026-06-02 21:01:43
PAY-20260602-0004477,TRP-20260602-0004477,22.54,mada,settled,2026-06-02 17:12:58
PAY-20260602-0004478,TRP-20260602-0004478,29.79,credit_card,settled,2026-06-02 17:39:43
PAY-20260602-0004479,TRP-20260602-0004479,135.62,wallet,settled,2026-06-02 15:54:09
PAY-20260602-0004480,TRP-20260602-0004480,34.52,cash,settled,2026-06-02 19:27:10
PAY-20260602-0004481,TRP-20260602-0004481,59.16,cash,settled,2026-06-02 06:09:06
PAY-20260602-0004482,TRP-20260602-0004482,12.89,stc_pay,settled,2026-06-02 04:15:51
PAY-20260602-0004483,TRP-20260602-0004483,23.31,credit_card,settled,2026-06-02 05:34:51
PAY-20260602-0004484,TRP-20260602-0004484,24.22,credit_card,settled,2026-06-02 04:22:43
PAY-20260602-0004485,TRP-20260602-0004485,13.36,mada,settled,2026-06-02 09:37:44
PAY-20260602-0004486,TRP-20260602-0004486,101.42,credit_card,settled,2026-06-02 07:06:00
PAY-20260602-0004487,TRP-20260602-0004487,19.98,mada,settled,2026-06-02 17:10:29
PAY-20260602-0004488,TRP-20260602-0004488,57.82,credit_card,pending,2026-06-02 15:06:23
PAY-20260602-0004489,TRP-20260602-0004489,8.00,mada,settled,2026-06-02 21:38:37
PAY-20260602-0004490,TRP-20260602-0004490,26.12,stc_pay,pending,2026-06-03 05:19:55
PAY-20260602-0004492,TRP-20260602-0004492,53.45,mada,settled,2026-06-02 17:41:39
PAY-20260602-0004493,TRP-20260602-0004493,66.55,wallet,settled,2026-06-03 04:58:26
PAY-20260602-0004494,TRP-20260602-0004494,14.55,stc_pay,settled,2026-06-02 16:40:39
PAY-20260602-0004495,TRP-20260602-0004495,77.17,cash,settled,2026-06-02 10:39:46
PAY-20260602-0004496,TRP-20260602-0004496,19.21,credit_card,settled,2026-06-01 22:25:32
PAY-20260602-0004497,TRP-20260602-0004497,86.59,cash,settled,2026-06-02 06:15:27
PAY-20260602-0004498,TRP-20260602-0004498,18.71,cash,settled,2026-06-02 17:49:07
PAY-20260602-0004499,TRP-20260602-0004499,14.69,stc_pay,settled,2026-06-02 19:35:25
PAY-20260602-0004500,TRP-20260602-0004500,37.53,mada,settled,2026-06-03 16:07:10
PAY-20260602-0004501,TRP-20260602-0004501,6.00,cash,settled,2026-06-02 01:40:18
PAY-20260602-0004502,TRP-20260602-0004502,69.14,cash,settled,2026-06-02 05:59:52
PAY-20260602-0004503,TRP-20260602-0004503,43.78,mada,settled,2026-06-02 15:07:34
PAY-20260602-0004504,TRP-20260602-0004504,14.36,apple_pay,settled,2026-06-02 15:04:23
PAY-20260602-0004505,TRP-20260602-0004505,34.55,mada,settled,2026-06-02 10:46:26
PAY-20260602-0004506,TRP-20260602-0004506,85.58,credit_card,settled,2026-06-03 05:11:37
PAY-20260602-0004507,TRP-20260602-0004507,38.20,mada,settled,2026-06-02 10:25:18
PAY-20260602-0004508,TRP-20260602-0004508,274.48,apple_pay,settled,2026-06-02 18:36:30
PAY-20260602-0004509,TRP-20260602-0004509,38.27,wallet,settled,2026-06-03 15:27:57
PAY-20260602-0004510,TRP-20260602-0004510,114.01,credit_card,settled,2026-06-02 16:21:33
PAY-20260602-0004511,TRP-20260602-0004511,54.35,mada,settled,2026-06-03 09:29:56
PAY-20260602-0004512,TRP-20260602-0004512,42.04,mada,settled,2026-06-03 06:18:59
PAY-20260602-0004513,TRP-20260602-0004513,18.65,credit_card,settled,2026-06-02 08:28:46
PAY-20260602-0004514,TRP-20260602-0004514,36.00,mada,settled,2026-06-02 22:00:14
PAY-20260602-0004515,TRP-20260602-0004515,19.35,credit_card,settled,2026-06-02 08:17:35
PAY-20260602-0004516,TRP-20260602-0004516,27.47,cash,settled,2026-06-02 17:45:43
PAY-20260602-0004517,TRP-20260602-0004517,20.62,credit_card,settled,2026-06-03 17:15:35
PAY-20260602-0004518,TRP-20260602-0004518,49.67,mada,settled,2026-06-01 22:41:08
PAY-20260602-0004519,TRP-20260602-0004519,74.06,cash,settled,2026-06-02 05:41:44
PAY-20260602-0004520,TRP-20260602-0004520,40.73,apple_pay,settled,2026-06-03 04:36:07
PAY-20260602-0004521,TRP-20260602-0004521,19.36,credit_card,settled,2026-06-02 21:41:32
PAY-20260602-0004522,TRP-20260602-0004522,147.20,cash,settled,2026-06-02 17:37:58
PAY-20260602-0004523,TRP-20260602-0004523,29.71,wallet,settled,2026-06-02 19:43:16
PAY-20260602-0004524,TRP-20260602-0004524,12.88,apple_pay,settled,2026-06-02 10:13:17
PAY-20260602-0004525,TRP-20260602-0004525,43.83,stc_pay,settled,2026-06-03 01:16:02
PAY-20260602-0004526,TRP-20260602-0004526,26.99,mada,settled,2026-06-03 03:32:23
PAY-20260602-0004527,TRP-20260602-0004527,15.56,mada,settled,2026-06-03 10:40:59
PAY-20260602-0004528,TRP-20260602-0004528,94.78,wallet,settled,2026-06-02 09:55:25
PAY-20260602-0004529,TRP-20260602-0004529,14.86,cash,settled,2026-06-02 13:32:59
PAY-20260602-0004530,TRP-20260602-0004530,16.75,stc_pay,settled,2026-06-02 14:30:10
PAY-20260602-0004531,TRP-20260602-0004531,6.00,wallet,settled,2026-06-02 10:01:44
PAY-20260602-0004532,TRP-20260602-0004532,33.82,mada,failed,2026-06-02 20:06:35
PAY-20260602-0004533,TRP-20260602-0004533,15.50,mada,settled,2026-06-02 16:10:49
PAY-20260602-0004534,TRP-20260602-0004534,65.72,credit_card,settled,2026-06-02 21:00:05
PAY-20260602-0004535,TRP-20260602-0004535,82.85,apple_pay,settled,2026-06-03 04:52:31
PAY-20260602-0004536,TRP-20260602-0004536,28.40,wallet,settled,2026-06-02 09:51:11
PAY-20260602-0004537,TRP-20260602-0004537,27.39,apple_pay,settled,2026-06-03 09:55:45
PAY-20260602-0004538,TRP-20260602-0004538,71.83,stc_pay,settled,2026-06-02 09:32:20
PAY-20260602-0004539,TRP-20260602-0004539,27.21,mada,settled,2026-06-03 08:30:02
PAY-20260602-0004540,TRP-20260602-0004540,12.00,mada,settled,2026-06-02 16:34:26
PAY-20260602-0004541,TRP-20260602-0004541,88.71,stc_pay,settled,2026-06-02 06:44:58
PAY-20260602-0004542,TRP-20260602-0004542,36.73,stc_pay,settled,2026-06-02 13:13:32
PAY-20260602-0004543,TRP-20260602-0004543,34.54,cash,settled,2026-06-02 11:19:34
PAY-20260602-0004545,TRP-20260602-0004545,15.89,mada,settled,2026-06-03 20:48:31
PAY-20260602-0004546,TRP-20260602-0004546,15.63,mada,settled,2026-06-02 19:14:18
PAY-20260602-0004547,TRP-20260602-0004547,19.75,mada,settled,2026-06-03 00:51:58
PAY-20260602-0004548,TRP-20260602-0004548,18.20,mada,settled,2026-06-02 21:51:29
PAY-20260602-0004549,TRP-20260602-0004549,31.37,wallet,settled,2026-06-02 15:49:49
PAY-20260602-0004550,TRP-20260602-0004550,136.44,credit_card,settled,2026-06-03 07:05:51
PAY-20260602-0004551,TRP-20260602-0004551,21.48,cash,settled,2026-06-02 15:13:13
PAY-20260602-0004552,TRP-20260602-0004552,91.79,apple_pay,settled,2026-06-02 14:39:19
PAY-20260602-0004553,TRP-20260602-0004553,12.38,mada,settled,2026-06-02 08:57:25
PAY-20260602-0004554,TRP-20260602-0004554,87.11,wallet,settled,2026-06-02 06:35:22
PAY-20260602-0004555,TRP-20260602-0004555,70.37,cash,settled,2026-06-02 16:37:49
PAY-20260602-0004556,TRP-20260602-0004556,23.68,mada,settled,2026-06-02 09:41:32
PAY-20260602-0004557,TRP-20260602-0004557,13.39,stc_pay,settled,2026-06-03 07:39:23
PAY-20260602-0004558,TRP-20260602-0004558,29.61,mada,settled,2026-06-02 11:30:23
PAY-20260602-0004559,TRP-20260602-0004559,37.31,mada,settled,2026-06-02 15:48:29
PAY-20260602-0004560,TRP-20260602-0004560,29.27,credit_card,settled,2026-06-02 16:00:58
PAY-20260602-0004561,TRP-20260602-0004561,32.93,stc_pay,settled,2026-06-02 21:40:10
PAY-20260602-0004562,TRP-20260602-0004562,119.94,mada,settled,2026-06-02 18:59:41
PAY-20260602-0004563,TRP-20260602-0004563,19.77,stc_pay,settled,2026-06-02 14:14:57
PAY-20260602-0004564,TRP-20260602-0004564,27.69,mada,settled,2026-06-02 16:00:28
PAY-20260602-0004565,TRP-20260602-0004565,39.68,mada,settled,2026-06-02 11:19:52
PAY-20260602-0004566,TRP-20260602-0004566,12.00,mada,refunded,2026-06-02 12:15:48
PAY-20260602-0004567,TRP-20260602-0004567,59.03,credit_card,settled,2026-06-02 18:37:58
PAY-20260602-0004568,TRP-20260602-0004568,13.66,mada,settled,2026-06-02 07:03:47
PAY-20260602-0004569,TRP-20260602-0004569,80.98,cash,settled,2026-06-02 00:38:03
PAY-20260602-0004570,TRP-20260602-0004570,15.66,stc_pay,pending,2026-06-02 19:18:13
PAY-20260602-0004571,TRP-20260602-0004571,16.80,mada,failed,2026-06-02 11:25:16
PAY-20260602-0004572,TRP-20260602-0004572,74.07,stc_pay,settled,2026-06-02 22:24:13
PAY-20260602-0004573,TRP-20260602-0004573,16.24,cash,settled,2026-06-02 06:27:50
PAY-20260602-0004574,TRP-20260602-0004574,12.36,stc_pay,settled,2026-06-02 01:54:56
PAY-20260602-0004575,TRP-20260602-0004575,21.52,apple_pay,settled,2026-06-02 22:36:42
PAY-20260602-0004576,TRP-20260602-0004576,34.95,cash,settled,2026-06-02 16:09:33
PAY-20260602-0004577,TRP-20260602-0004577,26.83,cash,settled,2026-06-02 05:18:26
PAY-20260602-0004578,TRP-20260602-0004578,38.69,credit_card,settled,2026-06-02 20:28:52
PAY-20260602-0004579,TRP-20260602-0004579,32.51,cash,settled,2026-06-02 11:30:58
PAY-20260602-0004580,TRP-20260602-0004580,36.57,credit_card,settled,2026-06-02 11:34:01
PAY-20260602-0004581,TRP-20260602-0004581,16.68,cash,settled,2026-06-02 18:41:52
PAY-20260602-0004582,TRP-20260602-0004582,31.54,cash,settled,2026-06-02 03:28:01
PAY-20260602-0004583,TRP-20260602-0004583,39.31,wallet,settled,2026-06-02 19:25:16
PAY-20260602-0004584,TRP-20260602-0004584,15.98,mada,settled,2026-06-03 01:03:51
PAY-20260602-0004585,TRP-20260602-0004585,34.35,credit_card,settled,2026-06-02 11:07:53
PAY-20260602-0004586,TRP-20260602-0004586,28.69,wallet,settled,2026-06-03 07:12:11
PAY-20260602-0004587,TRP-20260602-0004587,15.78,apple_pay,settled,2026-06-02 14:21:32
PAY-20260602-0004588,TRP-20260602-0004588,69.53,stc_pay,settled,2026-06-02 10:56:22
PAY-20260602-0004589,TRP-20260602-0004589,38.52,credit_card,settled,2026-06-02 18:03:48
PAY-20260602-0004590,TRP-20260602-0004590,21.75,cash,settled,2026-06-02 17:16:23
PAY-20260602-0004591,TRP-20260602-0004591,17.21,wallet,settled,2026-06-02 18:27:53
PAY-20260602-0004592,TRP-20260602-0004592,42.96,cash,settled,2026-06-02 13:01:02
PAY-20260602-0004593,TRP-20260602-0004593,37.70,cash,settled,2026-06-02 14:36:33
PAY-20260602-0004594,TRP-20260602-0004594,33.12,mada,settled,2026-06-02 19:24:07
PAY-20260602-0004595,TRP-20260602-0004595,50.76,cash,settled,2026-06-02 11:25:52
PAY-20260602-0004596,TRP-20260602-0004596,17.79,credit_card,settled,2026-06-03 03:22:35
PAY-20260602-0004597,TRP-20260602-0004597,99.57,credit_card,settled,2026-06-02 22:19:06
PAY-20260602-0004598,TRP-20260602-0004598,20.88,cash,settled,2026-06-02 13:47:32
PAY-20260602-0004599,TRP-20260602-0004599,39.64,mada,settled,2026-06-02 16:01:25
PAY-20260602-0004600,TRP-20260602-0004600,11.37,mada,settled,2026-06-02 07:21:10
PAY-20260602-0004601,TRP-20260602-0004601,21.29,mada,settled,2026-06-02 13:15:15
PAY-20260602-0004602,TRP-20260602-0004602,66.86,cash,settled,2026-06-02 09:03:51
PAY-20260602-0004603,TRP-20260602-0004603,24.98,credit_card,settled,2026-06-02 08:56:42
PAY-20260602-0004605,TRP-20260602-0004605,123.08,mada,pending,2026-06-02 18:11:11
PAY-20260602-0004606,TRP-20260602-0004606,64.20,credit_card,settled,2026-06-02 15:43:12
PAY-20260602-0004607,TRP-20260602-0004607,8.00,apple_pay,settled,2026-06-02 19:46:33
PAY-20260602-0004608,TRP-20260602-0004608,30.77,credit_card,settled,2026-06-02 12:52:03
PAY-20260602-0004609,TRP-20260602-0004609,22.52,stc_pay,settled,2026-06-02 21:34:41
PAY-20260602-0004610,TRP-20260602-0004610,59.74,stc_pay,settled,2026-06-02 16:32:44
PAY-20260602-0004611,TRP-20260602-0004611,13.42,mada,settled,2026-06-02 21:55:06
PAY-20260602-0004612,TRP-20260602-0004612,44.60,apple_pay,settled,2026-06-02 14:29:02
PAY-20260602-0004613,TRP-20260602-0004613,17.26,credit_card,settled,2026-06-02 20:18:36
PAY-20260602-0004614,TRP-20260602-0004614,14.99,mada,settled,2026-06-03 08:39:49
PAY-20260602-0004615,TRP-20260602-0004615,46.09,credit_card,settled,2026-06-02 08:48:55
PAY-20260602-0004616,TRP-20260602-0004616,20.49,mada,settled,2026-06-02 20:52:23
PAY-20260602-0004617,TRP-20260602-0004617,6.00,mada,settled,2026-06-02 16:14:24
PAY-20260602-0004618,TRP-20260602-0004618,85.16,credit_card,settled,2026-06-02 12:49:31
PAY-20260602-0004619,TRP-20260602-0004619,69.91,credit_card,settled,2026-06-02 04:22:02
PAY-20260602-0004620,TRP-20260602-0004620,23.87,stc_pay,settled,2026-06-02 15:44:04
PAY-20260602-0004621,TRP-20260602-0004621,12.00,wallet,settled,2026-06-02 10:06:36
PAY-20260602-0004622,TRP-20260602-0004622,19.42,credit_card,settled,2026-06-03 05:40:34
PAY-20260602-0004624,TRP-20260602-0004624,39.01,mada,settled,2026-06-02 05:38:00
PAY-20260602-0004625,TRP-20260602-0004625,20.02,stc_pay,settled,2026-06-02 20:44:45
PAY-20260602-0004626,TRP-20260602-0004626,26.75,mada,settled,2026-06-03 05:02:36
PAY-20260602-0004627,TRP-20260602-0004627,15.45,cash,settled,2026-06-02 04:42:36
PAY-20260602-0004628,TRP-20260602-0004628,31.62,mada,settled,2026-06-03 17:06:41
PAY-20260602-0004629,TRP-20260602-0004629,15.71,stc_pay,settled,2026-06-03 03:42:06
PAY-20260602-0004630,TRP-20260602-0004630,46.15,mada,settled,2026-06-02 17:18:14
PAY-20260602-0004631,TRP-20260602-0004631,46.04,stc_pay,settled,2026-06-02 15:14:08
PAY-20260602-0004632,TRP-20260602-0004632,88.57,apple_pay,settled,2026-06-02 15:46:26
PAY-20260602-0004633,TRP-20260602-0004633,65.82,wallet,settled,2026-06-02 06:08:09
PAY-20260602-0004634,TRP-20260602-0004634,46.84,credit_card,settled,2026-06-03 08:31:27
PAY-20260602-0004635,TRP-20260602-0004635,26.07,stc_pay,settled,2026-06-02 03:53:42
PAY-20260602-0004637,TRP-20260602-0004637,55.85,cash,settled,2026-06-02 15:11:59
PAY-20260602-0004638,TRP-20260602-0004638,16.34,mada,settled,2026-06-02 08:00:41
PAY-20260602-0004639,TRP-20260602-0004639,24.07,apple_pay,settled,2026-06-02 12:16:11
PAY-20260602-0004640,TRP-20260602-0004640,45.65,apple_pay,settled,2026-06-02 13:07:37
PAY-20260602-0004641,TRP-20260602-0004641,78.76,stc_pay,settled,2026-06-02 04:45:12
PAY-20260602-0004642,TRP-20260602-0004642,31.06,mada,settled,2026-06-03 15:12:47
PAY-20260602-0004643,TRP-20260602-0004643,12.00,wallet,settled,2026-06-02 15:27:35
PAY-20260602-0004644,TRP-20260602-0004644,20.02,apple_pay,settled,2026-06-02 06:53:48
PAY-20260602-0004645,TRP-20260602-0004645,66.48,mada,settled,2026-06-03 03:58:07
PAY-20260602-0004646,TRP-20260602-0004646,22.94,cash,settled,2026-06-02 11:22:17
PAY-20260602-0004647,TRP-20260602-0004647,26.07,cash,settled,2026-06-01 21:52:40
PAY-20260602-0004648,TRP-20260602-0004648,20.18,credit_card,settled,2026-06-02 14:37:24
PAY-20260602-0004649,TRP-20260602-0004649,37.76,mada,settled,2026-06-03 00:49:33
PAY-20260602-0004650,TRP-20260602-0004650,14.27,mada,settled,2026-06-02 01:10:25
PAY-20260602-0004651,TRP-20260602-0004651,14.93,mada,settled,2026-06-02 20:56:31
PAY-20260602-0004652,TRP-20260602-0004652,35.32,credit_card,settled,2026-06-02 17:02:30
PAY-20260602-0004653,TRP-20260602-0004653,117.91,mada,settled,2026-06-02 09:27:05
PAY-20260602-0004654,TRP-20260602-0004654,67.63,cash,settled,2026-06-02 06:22:47
PAY-20260602-0004655,TRP-20260602-0004655,37.82,cash,settled,2026-06-02 05:56:47
PAY-20260602-0004656,TRP-20260602-0004656,27.11,mada,settled,2026-06-02 06:45:50
PAY-20260602-0004657,TRP-20260602-0004657,16.75,stc_pay,settled,2026-06-02 15:40:15
PAY-20260602-0004658,TRP-20260602-0004658,10.00,apple_pay,pending,2026-06-02 17:03:47
PAY-20260602-0004659,TRP-20260602-0004659,19.20,mada,settled,2026-06-02 16:52:48
PAY-20260602-0004660,TRP-20260602-0004660,24.49,stc_pay,settled,2026-06-02 10:44:24
PAY-20260602-0004661,TRP-20260602-0004661,22.03,credit_card,settled,2026-06-02 22:58:28
PAY-20260602-0004662,TRP-20260602-0004662,97.30,mada,settled,2026-06-02 11:55:39
PAY-20260602-0004663,TRP-20260602-0004663,82.82,apple_pay,settled,2026-06-02 09:15:07
PAY-20260602-0004664,TRP-20260602-0004664,76.59,credit_card,settled,2026-06-02 05:54:24
PAY-20260602-0004665,TRP-20260602-0004665,33.55,mada,settled,2026-06-03 11:09:53
PAY-20260602-0004666,TRP-20260602-0004666,73.03,mada,settled,2026-06-02 13:51:13
PAY-20260602-0004667,TRP-20260602-0004667,135.17,cash,settled,2026-06-02 16:12:47
PAY-20260602-0004668,TRP-20260602-0004668,16.97,mada,settled,2026-06-02 05:27:20
PAY-20260602-0004669,TRP-20260602-0004669,12.21,mada,settled,2026-06-03 02:17:21
PAY-20260602-0004670,TRP-20260602-0004670,98.30,apple_pay,settled,2026-06-02 09:03:17
PAY-20260602-0004671,TRP-20260602-0004671,13.78,mada,settled,2026-06-02 22:20:28
PAY-20260602-0004672,TRP-20260602-0004672,45.67,mada,settled,2026-06-02 16:21:34
PAY-20260602-0004673,TRP-20260602-0004673,21.51,stc_pay,settled,2026-06-02 18:29:06
PAY-20260602-0004674,TRP-20260602-0004674,33.07,wallet,settled,2026-06-02 17:26:18
PAY-20260602-0004675,TRP-20260602-0004675,78.49,mada,settled,2026-06-03 02:55:14
PAY-20260602-0004676,TRP-20260602-0004676,28.12,stc_pay,settled,2026-06-02 12:33:09
PAY-20260602-0004677,TRP-20260602-0004677,50.79,apple_pay,settled,2026-06-02 15:29:05
PAY-20260602-0004678,TRP-20260602-0004678,26.03,apple_pay,pending,2026-06-02 06:24:44
PAY-20260602-0004679,TRP-20260602-0004679,99.99,credit_card,settled,2026-06-03 11:59:49
PAY-20260602-0004680,TRP-20260602-0004680,25.43,mada,settled,2026-06-02 09:13:51
PAY-20260602-0004681,TRP-20260602-0004681,20.07,apple_pay,settled,2026-06-02 20:55:26
PAY-20260602-0004682,TRP-20260602-0004682,22.32,credit_card,settled,2026-06-02 05:02:46
PAY-20260602-0004683,TRP-20260602-0004683,43.28,mada,settled,2026-06-02 15:52:14
PAY-20260602-0004684,TRP-20260602-0004684,63.36,cash,settled,2026-06-02 18:05:44
PAY-20260602-0004685,TRP-20260602-0004685,52.45,credit_card,pending,2026-06-02 16:02:13
PAY-20260602-0004686,TRP-20260602-0004686,20.54,cash,settled,2026-06-02 09:47:26
PAY-20260602-0004688,TRP-20260602-0004688,16.78,mada,settled,2026-06-02 11:53:00
PAY-20260602-0004689,TRP-20260602-0004689,32.09,mada,settled,2026-06-02 21:13:28
PAY-20260602-0004690,TRP-20260602-0004690,14.83,credit_card,settled,2026-06-02 21:01:39
PAY-20260602-0004691,TRP-20260602-0004691,17.52,credit_card,settled,2026-06-02 13:10:40
PAY-20260602-0004692,TRP-20260602-0004692,12.00,stc_pay,settled,2026-06-02 00:59:36
PAY-20260602-0004693,TRP-20260602-0004693,72.90,mada,settled,2026-06-02 05:11:54
PAY-20260602-0004694,TRP-20260602-0004694,8.00,cash,settled,2026-06-02 09:48:29
PAY-20260602-0004695,TRP-20260602-0004695,27.83,mada,settled,2026-06-02 15:53:42
PAY-20260602-0004696,TRP-20260602-0004696,60.02,mada,settled,2026-06-02 07:03:07
PAY-20260602-0004697,TRP-20260602-0004697,29.56,cash,settled,2026-06-02 18:34:36
PAY-20260602-0004698,TRP-20260602-0004698,50.67,mada,settled,2026-06-02 20:14:59
PAY-20260602-0004699,TRP-20260602-0004699,10.00,mada,settled,2026-06-02 17:19:44
PAY-20260602-0004700,TRP-20260602-0004700,26.03,mada,settled,2026-06-02 02:10:28
PAY-20260602-0004701,TRP-20260602-0004701,14.48,credit_card,settled,2026-06-02 21:12:05
PAY-20260602-0004702,TRP-20260602-0004702,15.05,stc_pay,settled,2026-06-03 06:52:40
PAY-20260602-0004704,TRP-20260602-0004704,21.98,credit_card,settled,2026-06-02 14:41:30
PAY-20260602-0004705,TRP-20260602-0004705,60.50,apple_pay,settled,2026-06-02 17:08:43
PAY-20260602-0004706,TRP-20260602-0004706,17.21,cash,settled,2026-06-02 05:15:52
PAY-20260602-0004707,TRP-20260602-0004707,6.00,mada,settled,2026-06-02 19:24:33
PAY-20260602-0004708,TRP-20260602-0004708,82.86,mada,settled,2026-06-02 09:51:48
PAY-20260602-0004709,TRP-20260602-0004709,31.14,mada,settled,2026-06-02 15:32:26
PAY-20260602-0004710,TRP-20260602-0004710,37.52,mada,settled,2026-06-02 07:55:42
PAY-20260602-0004711,TRP-20260602-0004711,12.19,apple_pay,settled,2026-06-02 11:41:24
PAY-20260602-0004712,TRP-20260602-0004712,52.36,credit_card,settled,2026-06-02 13:08:39
PAY-20260602-0004713,TRP-20260602-0004713,66.15,mada,settled,2026-06-03 01:57:27
PAY-20260602-0004714,TRP-20260602-0004714,34.25,cash,settled,2026-06-02 12:32:15
PAY-20260602-0004715,TRP-20260602-0004715,86.93,stc_pay,settled,2026-06-02 18:14:37
PAY-20260602-0004716,TRP-20260602-0004716,43.10,mada,settled,2026-06-02 05:26:05
PAY-20260602-0004717,TRP-20260602-0004717,41.59,mada,settled,2026-06-02 09:52:29
PAY-20260602-0004718,TRP-20260602-0004718,224.56,mada,settled,2026-06-02 19:02:38
PAY-20260602-0004719,TRP-20260602-0004719,17.88,mada,settled,2026-06-03 18:05:56
PAY-20260602-0004721,TRP-20260602-0004721,20.37,mada,settled,2026-06-03 10:01:26
PAY-20260602-0004722,TRP-20260602-0004722,29.45,apple_pay,settled,2026-06-03 03:21:51
PAY-20260602-0004723,TRP-20260602-0004723,12.48,mada,settled,2026-06-03 04:33:32
PAY-20260602-0004724,TRP-20260602-0004724,66.45,wallet,settled,2026-06-02 17:22:03
PAY-20260602-0004725,TRP-20260602-0004725,33.39,credit_card,settled,2026-06-03 06:41:14
PAY-20260602-0004726,TRP-20260602-0004726,108.44,mada,settled,2026-06-02 15:17:04
PAY-20260602-0004727,TRP-20260602-0004727,20.32,wallet,settled,2026-06-02 17:52:53
PAY-20260602-0004728,TRP-20260602-0004728,21.55,mada,settled,2026-06-02 19:41:37
PAY-20260602-0004729,TRP-20260602-0004729,79.09,wallet,settled,2026-06-02 16:42:38
PAY-20260602-0004730,TRP-20260602-0004730,14.98,cash,settled,2026-06-02 00:18:47
PAY-20260602-0004731,TRP-20260602-0004731,41.71,credit_card,settled,2026-06-03 06:36:43
PAY-20260602-0004732,TRP-20260602-0004732,22.02,cash,settled,2026-06-02 18:49:06
PAY-20260602-0004733,TRP-20260602-0004733,48.52,mada,settled,2026-06-02 16:17:06
PAY-20260602-0004734,TRP-20260602-0004734,12.00,mada,pending,2026-06-03 07:18:39
PAY-20260602-0004735,TRP-20260602-0004735,113.85,apple_pay,settled,2026-06-02 18:45:33
PAY-20260602-0004736,TRP-20260602-0004736,12.82,mada,settled,2026-06-03 16:36:01
PAY-20260602-0004737,TRP-20260602-0004737,25.97,mada,settled,2026-06-02 15:18:01
PAY-20260602-0004738,TRP-20260602-0004738,12.13,mada,settled,2026-06-02 05:10:30
PAY-20260602-0004739,TRP-20260602-0004739,24.30,credit_card,settled,2026-06-02 10:57:01
PAY-20260602-0004740,TRP-20260602-0004740,16.36,mada,settled,2026-06-02 13:20:32
PAY-20260602-0004741,TRP-20260602-0004741,54.76,cash,settled,2026-06-02 05:28:06
PAY-20260602-0004742,TRP-20260602-0004742,53.80,mada,settled,2026-06-02 17:43:38
PAY-20260602-0004743,TRP-20260602-0004743,35.78,mada,settled,2026-06-02 18:19:12
PAY-20260602-0004744,TRP-20260602-0004744,17.44,mada,settled,2026-06-02 06:16:16
PAY-20260602-0004745,TRP-20260602-0004745,27.36,wallet,settled,2026-06-02 05:34:50
PAY-20260602-0004746,TRP-20260602-0004746,14.00,mada,settled,2026-06-02 01:34:32
PAY-20260602-0004747,TRP-20260602-0004747,50.40,cash,settled,2026-06-02 18:12:12
PAY-20260602-0004748,TRP-20260602-0004748,31.63,mada,settled,2026-06-02 14:54:37
PAY-20260602-0004749,TRP-20260602-0004749,20.05,cash,settled,2026-06-02 18:29:34
PAY-20260602-0004750,TRP-20260602-0004750,42.83,mada,settled,2026-06-02 04:55:31
PAY-20260602-0004751,TRP-20260602-0004751,31.51,apple_pay,settled,2026-06-02 11:51:28
PAY-20260602-0004752,TRP-20260602-0004752,19.80,stc_pay,settled,2026-06-02 07:08:54
PAY-20260602-0004753,TRP-20260602-0004753,47.84,credit_card,settled,2026-06-02 05:33:12
PAY-20260602-0004754,TRP-20260602-0004754,46.66,mada,settled,2026-06-03 02:32:37
PAY-20260602-0004755,TRP-20260602-0004755,153.67,cash,settled,2026-06-02 10:35:56
PAY-20260602-0004756,TRP-20260602-0004756,57.36,mada,settled,2026-06-02 12:17:14
PAY-20260602-0004757,TRP-20260602-0004757,29.71,credit_card,settled,2026-06-02 09:25:24
PAY-20260602-0004758,TRP-20260602-0004758,20.04,stc_pay,settled,2026-06-02 10:28:44
PAY-20260602-0004759,TRP-20260602-0004759,43.12,mada,settled,2026-06-02 20:37:57
PAY-20260602-0004760,TRP-20260602-0004760,117.60,apple_pay,settled,2026-06-03 08:31:27
PAY-20260602-0004761,TRP-20260602-0004761,49.22,cash,settled,2026-06-02 16:48:10
PAY-20260602-0004762,TRP-20260602-0004762,67.67,credit_card,settled,2026-06-03 04:28:32
PAY-20260602-0004763,TRP-20260602-0004763,10.85,mada,settled,2026-06-02 03:43:12
PAY-20260602-0004764,TRP-20260602-0004764,19.03,wallet,settled,2026-06-03 03:44:39
PAY-20260602-0004765,TRP-20260602-0004765,38.75,mada,settled,2026-06-02 07:45:26
PAY-20260602-0004766,TRP-20260602-0004766,11.00,mada,settled,2026-06-03 16:56:57
PAY-20260602-0004767,TRP-20260602-0004767,27.51,wallet,settled,2026-06-02 22:56:12
PAY-20260602-0004768,TRP-20260602-0004768,14.79,mada,settled,2026-06-02 22:57:31
PAY-20260602-0004769,TRP-20260602-0004769,22.61,stc_pay,settled,2026-06-02 10:56:45
PAY-20260602-0004770,TRP-20260602-0004770,15.74,mada,settled,2026-06-02 19:09:04
PAY-20260602-0004771,TRP-20260602-0004771,13.33,mada,settled,2026-06-03 12:57:01
PAY-20260602-0004772,TRP-20260602-0004772,15.06,credit_card,settled,2026-06-02 22:04:40
PAY-20260602-0004773,TRP-20260602-0004773,27.55,mada,settled,2026-06-02 06:52:04
PAY-20260602-0004774,TRP-20260602-0004774,59.93,stc_pay,settled,2026-06-02 19:22:35
PAY-20260602-0004775,TRP-20260602-0004775,12.81,mada,settled,2026-06-02 15:12:10
PAY-20260602-0004776,TRP-20260602-0004776,63.32,credit_card,settled,2026-06-02 23:46:09
PAY-20260602-0004777,TRP-20260602-0004777,10.00,cash,settled,2026-06-02 15:56:25
PAY-20260602-0004778,TRP-20260602-0004778,38.90,stc_pay,settled,2026-06-02 08:11:23
PAY-20260602-0004779,TRP-20260602-0004779,69.80,mada,settled,2026-06-02 07:10:52
PAY-20260602-0004780,TRP-20260602-0004780,37.35,cash,settled,2026-06-01 21:31:46
PAY-20260602-0004781,TRP-20260602-0004781,15.39,apple_pay,settled,2026-06-03 00:09:21
PAY-20260602-0004782,TRP-20260602-0004782,42.55,credit_card,settled,2026-06-02 18:21:33
PAY-20260602-0004783,TRP-20260602-0004783,47.98,credit_card,settled,2026-06-02 14:13:34
PAY-20260602-0004784,TRP-20260602-0004784,28.92,cash,settled,2026-06-02 17:13:26
PAY-20260602-0004785,TRP-20260602-0004785,22.51,mada,settled,2026-06-03 12:55:22
PAY-20260602-0004786,TRP-20260602-0004786,22.56,cash,settled,2026-06-02 12:27:11
PAY-20260602-0004787,TRP-20260602-0004787,32.11,stc_pay,settled,2026-06-02 18:05:23
PAY-20260602-0004788,TRP-20260602-0004788,72.59,mada,settled,2026-06-02 09:18:35
PAY-20260602-0004789,TRP-20260602-0004789,14.81,mada,settled,2026-06-03 14:34:58
PAY-20260602-0004790,TRP-20260602-0004790,12.00,cash,settled,2026-06-02 05:03:30
PAY-20260602-0004791,TRP-20260602-0004791,18.96,credit_card,settled,2026-06-02 20:58:52
PAY-20260602-0004792,TRP-20260602-0004792,70.43,credit_card,settled,2026-06-03 11:58:33
PAY-20260602-0004793,TRP-20260602-0004793,6.00,mada,pending,2026-06-02 14:39:41
PAY-20260602-0004794,TRP-20260602-0004794,64.89,apple_pay,settled,2026-06-02 07:18:52
PAY-20260602-0004795,TRP-20260602-0004795,42.93,credit_card,settled,2026-06-03 03:46:47
PAY-20260602-0004796,TRP-20260602-0004796,36.10,apple_pay,settled,2026-06-03 12:16:18
PAY-20260602-0004797,TRP-20260602-0004797,21.62,credit_card,settled,2026-06-02 18:07:12
PAY-20260602-0004798,TRP-20260602-0004798,12.00,credit_card,settled,2026-06-02 09:20:57
PAY-20260602-0004799,TRP-20260602-0004799,29.17,wallet,pending,2026-06-02 05:31:33
PAY-20260602-0004800,TRP-20260602-0004800,94.43,mada,settled,2026-06-02 19:01:57
PAY-20260602-0004801,TRP-20260602-0004801,22.94,mada,settled,2026-06-02 17:06:47
PAY-20260602-0004802,TRP-20260602-0004802,12.00,credit_card,settled,2026-06-02 18:59:01
PAY-20260602-0004803,TRP-20260602-0004803,12.96,credit_card,settled,2026-06-02 19:17:46
PAY-20260602-0004805,TRP-20260602-0004805,12.00,mada,settled,2026-06-02 17:17:43
PAY-20260602-0004806,TRP-20260602-0004806,43.74,stc_pay,settled,2026-06-02 20:57:48
PAY-20260602-0004807,TRP-20260602-0004807,16.93,stc_pay,pending,2026-06-02 19:36:22
PAY-20260602-0004809,TRP-20260602-0004809,16.77,credit_card,settled,2026-06-02 08:17:15
PAY-20260602-0004810,TRP-20260602-0004810,48.84,wallet,settled,2026-06-02 14:08:18
PAY-20260602-0004811,TRP-20260602-0004811,84.82,stc_pay,settled,2026-06-03 10:24:36
PAY-20260602-0004812,TRP-20260602-0004812,62.26,credit_card,settled,2026-06-02 20:50:08
PAY-20260602-0004813,TRP-20260602-0004813,15.81,mada,settled,2026-06-02 17:52:24
PAY-20260602-0004815,TRP-20260602-0004815,28.05,mada,settled,2026-06-02 14:30:54
PAY-20260602-0004816,TRP-20260602-0004816,132.31,stc_pay,settled,2026-06-02 12:04:55
PAY-20260602-0004818,TRP-20260602-0004818,37.66,wallet,settled,2026-06-02 19:27:34
PAY-20260602-0004819,TRP-20260602-0004819,21.25,credit_card,pending,2026-06-02 06:39:35
PAY-20260602-0004820,TRP-20260602-0004820,18.53,apple_pay,settled,2026-06-02 15:48:30
PAY-20260602-0004821,TRP-20260602-0004821,18.94,apple_pay,settled,2026-06-02 06:59:21
PAY-20260602-0004822,TRP-20260602-0004822,17.84,cash,settled,2026-06-02 05:19:41
PAY-20260602-0004823,TRP-20260602-0004823,27.51,credit_card,settled,2026-06-03 19:02:11
PAY-20260602-0004824,TRP-20260602-0004824,100.13,apple_pay,settled,2026-06-02 16:48:59
PAY-20260602-0004825,TRP-20260602-0004825,30.52,mada,settled,2026-06-03 01:05:06
PAY-20260602-0004826,TRP-20260602-0004826,27.54,mada,settled,2026-06-03 00:49:05
PAY-20260602-0004827,TRP-20260602-0004827,111.41,stc_pay,settled,2026-06-03 04:28:44
PAY-20260602-0004828,TRP-20260602-0004828,22.52,mada,settled,2026-06-02 14:31:29
PAY-20260602-0004829,TRP-20260602-0004829,24.26,apple_pay,settled,2026-06-02 09:47:56
PAY-20260602-0004830,TRP-20260602-0004830,17.74,credit_card,settled,2026-06-02 10:41:21
PAY-20260602-0004831,TRP-20260602-0004831,14.65,mada,settled,2026-06-02 16:54:59
PAY-20260602-0004832,TRP-20260602-0004832,16.41,mada,settled,2026-06-02 19:41:32
PAY-20260602-0004833,TRP-20260602-0004833,28.73,credit_card,settled,2026-06-02 15:25:57
PAY-20260602-0004834,TRP-20260602-0004834,24.33,credit_card,settled,2026-06-02 19:28:59
PAY-20260602-0004835,TRP-20260602-0004835,31.15,cash,settled,2026-06-02 19:41:08
PAY-20260602-0004836,TRP-20260602-0004836,11.00,mada,settled,2026-06-03 15:00:44
PAY-20260602-0004837,TRP-20260602-0004837,61.35,credit_card,settled,2026-06-02 07:21:48
PAY-20260602-0004838,TRP-20260602-0004838,33.66,mada,settled,2026-06-02 20:48:48
PAY-20260602-0004839,TRP-20260602-0004839,32.21,mada,settled,2026-06-03 06:25:59
PAY-20260602-0004840,TRP-20260602-0004840,16.22,stc_pay,settled,2026-06-02 20:05:42
PAY-20260602-0004841,TRP-20260602-0004841,23.41,mada,settled,2026-06-03 04:53:19
PAY-20260602-0004842,TRP-20260602-0004842,28.28,stc_pay,settled,2026-06-02 07:14:59
PAY-20260602-0004843,TRP-20260602-0004843,17.57,mada,settled,2026-06-02 11:34:27
PAY-20260602-0004844,TRP-20260602-0004844,70.45,credit_card,settled,2026-06-02 20:52:08
PAY-20260602-0004845,TRP-20260602-0004845,42.72,mada,settled,2026-06-02 09:42:50
PAY-20260602-0004846,TRP-20260602-0004846,31.09,apple_pay,settled,2026-06-02 07:34:30
PAY-20260602-0004847,TRP-20260602-0004847,61.31,mada,settled,2026-06-02 22:35:57
PAY-20260602-0004848,TRP-20260602-0004848,47.73,credit_card,pending,2026-06-02 16:08:51
PAY-20260602-0004849,TRP-20260602-0004849,91.16,credit_card,settled,2026-06-02 15:37:20
PAY-20260602-0004850,TRP-20260602-0004850,23.87,credit_card,settled,2026-06-02 04:23:38
PAY-20260602-0004851,TRP-20260602-0004851,17.20,mada,settled,2026-06-02 14:30:43
PAY-20260602-0004852,TRP-20260602-0004852,31.27,mada,settled,2026-06-03 07:17:58
PAY-20260602-0004853,TRP-20260602-0004853,17.91,apple_pay,settled,2026-06-03 00:17:29
PAY-20260602-0004854,TRP-20260602-0004854,24.99,mada,settled,2026-06-02 10:01:15
PAY-20260602-0004855,TRP-20260602-0004855,46.65,mada,settled,2026-06-02 09:00:41
PAY-20260602-0004856,TRP-20260602-0004856,37.98,wallet,settled,2026-06-02 15:16:02
PAY-20260602-0004857,TRP-20260602-0004857,12.07,apple_pay,settled,2026-06-02 19:16:56
PAY-20260602-0004858,TRP-20260602-0004858,113.02,cash,settled,2026-06-02 08:05:50
PAY-20260602-0004859,TRP-20260602-0004859,12.97,mada,settled,2026-06-02 15:03:09
PAY-20260602-0004860,TRP-20260602-0004860,33.94,stc_pay,settled,2026-06-02 20:55:43
PAY-20260602-0004861,TRP-20260602-0004861,42.72,stc_pay,settled,2026-06-02 13:26:11
PAY-20260602-0004862,TRP-20260602-0004862,8.00,mada,settled,2026-06-02 07:05:35
PAY-20260602-0004863,TRP-20260602-0004863,32.03,cash,settled,2026-06-02 05:25:32
PAY-20260602-0004864,TRP-20260602-0004864,10.00,cash,settled,2026-06-02 04:22:49
PAY-20260602-0004865,TRP-20260602-0004865,67.80,cash,settled,2026-06-02 04:55:52
PAY-20260602-0004866,TRP-20260602-0004866,73.49,mada,settled,2026-06-02 17:33:06
PAY-20260602-0004867,TRP-20260602-0004867,17.33,mada,settled,2026-06-02 07:56:22
PAY-20260602-0004868,TRP-20260602-0004868,37.24,mada,settled,2026-06-02 05:59:08
PAY-20260602-0004869,TRP-20260602-0004869,20.98,cash,settled,2026-06-02 08:40:47
PAY-20260602-0004870,TRP-20260602-0004870,16.51,credit_card,settled,2026-06-03 00:42:42
PAY-20260602-0004871,TRP-20260602-0004871,44.79,cash,settled,2026-06-02 18:35:19
PAY-20260602-0004872,TRP-20260602-0004872,16.93,mada,settled,2026-06-02 06:08:25
PAY-20260602-0004873,TRP-20260602-0004873,38.53,mada,settled,2026-06-02 11:58:34
PAY-20260602-0004874,TRP-20260602-0004874,161.34,stc_pay,settled,2026-06-02 10:24:09
PAY-20260602-0004875,TRP-20260602-0004875,13.96,stc_pay,settled,2026-06-02 12:00:51
PAY-20260602-0004876,TRP-20260602-0004876,124.76,mada,settled,2026-06-02 18:51:52
PAY-20260602-0004877,TRP-20260602-0004877,12.00,mada,settled,2026-06-02 05:32:40
PAY-20260602-0004878,TRP-20260602-0004878,73.80,mada,settled,2026-06-02 12:37:16
PAY-20260602-0004879,TRP-20260602-0004879,36.05,mada,settled,2026-06-02 12:13:11
PAY-20260602-0004880,TRP-20260602-0004880,41.09,credit_card,settled,2026-06-02 18:08:14
PAY-20260602-0004881,TRP-20260602-0004881,25.06,stc_pay,settled,2026-06-02 15:22:13
PAY-20260602-0004882,TRP-20260602-0004882,97.88,mada,settled,2026-06-02 05:50:54
PAY-20260602-0004883,TRP-20260602-0004883,29.49,credit_card,settled,2026-06-02 10:06:15
PAY-20260602-0004884,TRP-20260602-0004884,41.73,stc_pay,settled,2026-06-02 10:49:18
PAY-20260602-0004885,TRP-20260602-0004885,14.72,apple_pay,settled,2026-06-02 17:12:37
PAY-20260602-0004886,TRP-20260602-0004886,12.00,apple_pay,settled,2026-06-02 11:51:23
PAY-20260602-0004887,TRP-20260602-0004887,24.37,mada,settled,2026-06-02 09:39:27
PAY-20260602-0004888,TRP-20260602-0004888,11.55,credit_card,settled,2026-06-02 19:09:44
PAY-20260602-0004890,TRP-20260602-0004890,16.34,cash,settled,2026-06-02 14:03:27
PAY-20260602-0004891,TRP-20260602-0004891,20.90,credit_card,settled,2026-06-02 15:34:59
PAY-20260602-0004892,TRP-20260602-0004892,27.47,credit_card,settled,2026-06-02 02:04:11
PAY-20260602-0004893,TRP-20260602-0004893,23.13,mada,settled,2026-06-02 06:39:56
PAY-20260602-0004894,TRP-20260602-0004894,17.77,credit_card,settled,2026-06-03 02:15:35
PAY-20260602-0004895,TRP-20260602-0004895,29.97,cash,settled,2026-06-02 16:07:33
PAY-20260602-0004896,TRP-20260602-0004896,40.73,credit_card,settled,2026-06-02 15:33:51
PAY-20260602-0004897,TRP-20260602-0004897,25.47,wallet,settled,2026-06-02 19:19:34
PAY-20260602-0004898,TRP-20260602-0004898,30.86,cash,settled,2026-06-02 05:35:05
PAY-20260602-0004899,TRP-20260602-0004899,68.69,apple_pay,settled,2026-06-02 13:21:44
PAY-20260602-0004900,TRP-20260602-0004900,52.71,apple_pay,settled,2026-06-02 05:23:27
PAY-20260602-0004901,TRP-20260602-0004901,179.48,apple_pay,settled,2026-06-02 13:17:55
PAY-20260602-0004902,TRP-20260602-0004902,27.38,credit_card,settled,2026-06-02 08:13:55
PAY-20260602-0004903,TRP-20260602-0004903,28.04,cash,settled,2026-06-02 07:05:44
PAY-20260602-0004904,TRP-20260602-0004904,37.55,credit_card,settled,2026-06-02 20:05:38
PAY-20260602-0004905,TRP-20260602-0004905,35.39,mada,settled,2026-06-02 11:37:25
PAY-20260602-0004906,TRP-20260602-0004906,23.03,cash,settled,2026-06-02 12:28:13
PAY-20260602-0004907,TRP-20260602-0004907,60.60,stc_pay,settled,2026-06-02 07:12:49
PAY-20260602-0004908,TRP-20260602-0004908,38.34,credit_card,settled,2026-06-02 12:50:53
PAY-20260602-0004909,TRP-20260602-0004909,71.58,mada,settled,2026-06-01 23:29:30
PAY-20260602-0004910,TRP-20260602-0004910,27.88,mada,pending,2026-06-02 18:18:16
PAY-20260602-0004911,TRP-20260602-0004911,18.06,stc_pay,settled,2026-06-02 07:43:24
PAY-20260602-0004912,TRP-20260602-0004912,28.21,stc_pay,settled,2026-06-02 08:42:59
PAY-20260602-0004913,TRP-20260602-0004913,39.20,mada,settled,2026-06-03 18:03:21
PAY-20260602-0004914,TRP-20260602-0004914,61.15,mada,settled,2026-06-02 03:53:59
PAY-20260602-0004915,TRP-20260602-0004915,45.05,stc_pay,settled,2026-06-03 03:13:16
PAY-20260602-0004916,TRP-20260602-0004916,18.10,mada,settled,2026-06-02 16:55:52
PAY-20260602-0004917,TRP-20260602-0004917,46.60,credit_card,settled,2026-06-02 05:44:00
PAY-20260602-0004918,TRP-20260602-0004918,29.27,mada,settled,2026-06-02 19:10:22
PAY-20260602-0004919,TRP-20260602-0004919,34.76,apple_pay,settled,2026-06-03 08:13:04
PAY-20260602-0004920,TRP-20260602-0004920,21.41,credit_card,settled,2026-06-02 21:23:49
PAY-20260602-0004921,TRP-20260602-0004921,23.67,wallet,settled,2026-06-02 05:18:55
PAY-20260602-0004922,TRP-20260602-0004922,20.05,apple_pay,settled,2026-06-02 00:38:25
PAY-20260602-0004923,TRP-20260602-0004923,26.84,wallet,settled,2026-06-02 22:10:22
PAY-20260602-0004924,TRP-20260602-0004924,44.05,credit_card,settled,2026-06-03 08:03:13
PAY-20260602-0004925,TRP-20260602-0004925,48.96,mada,settled,2026-06-02 16:45:20
PAY-20260602-0004926,TRP-20260602-0004926,39.35,cash,settled,2026-06-02 03:25:06
PAY-20260602-0004927,TRP-20260602-0004927,94.54,mada,settled,2026-06-03 00:21:39
PAY-20260602-0004928,TRP-20260602-0004928,15.30,stc_pay,settled,2026-06-02 09:13:25
PAY-20260602-0004929,TRP-20260602-0004929,33.85,cash,settled,2026-06-02 16:54:06
PAY-20260602-0004930,TRP-20260602-0004930,63.18,cash,settled,2026-06-02 06:06:12
PAY-20260602-0004931,TRP-20260602-0004931,40.36,mada,settled,2026-06-02 23:24:45
PAY-20260602-0004932,TRP-20260602-0004932,17.07,credit_card,settled,2026-06-02 18:00:55
PAY-20260602-0004933,TRP-20260602-0004933,31.34,stc_pay,settled,2026-06-02 13:00:18
PAY-20260602-0004934,TRP-20260602-0004934,36.12,cash,settled,2026-06-02 12:18:39
PAY-20260602-0004935,TRP-20260602-0004935,27.25,cash,settled,2026-06-02 17:13:59
PAY-20260602-0004936,TRP-20260602-0004936,22.09,cash,settled,2026-06-02 08:04:35
PAY-20260602-0004937,TRP-20260602-0004937,88.14,apple_pay,settled,2026-06-03 16:37:58
PAY-20260602-0004938,TRP-20260602-0004938,25.24,mada,settled,2026-06-02 15:45:39
PAY-20260602-0004939,TRP-20260602-0004939,49.29,credit_card,settled,2026-06-02 06:07:34
PAY-20260602-0004940,TRP-20260602-0004940,82.77,mada,settled,2026-06-02 17:23:25
PAY-20260602-0004941,TRP-20260602-0004941,92.73,cash,settled,2026-06-02 15:55:57
PAY-20260602-0004943,TRP-20260602-0004943,55.05,wallet,pending,2026-06-02 21:25:52
PAY-20260602-0004944,TRP-20260602-0004944,74.26,mada,settled,2026-06-02 13:13:54
PAY-20260602-0004945,TRP-20260602-0004945,25.73,apple_pay,settled,2026-06-02 15:53:50
PAY-20260602-0004946,TRP-20260602-0004946,51.84,credit_card,settled,2026-06-02 19:33:46
PAY-20260602-0004947,TRP-20260602-0004947,17.84,apple_pay,settled,2026-06-03 07:54:13
PAY-20260602-0004948,TRP-20260602-0004948,73.96,stc_pay,settled,2026-06-02 17:33:49
PAY-20260602-0004949,TRP-20260602-0004949,16.23,wallet,settled,2026-06-03 07:48:55
PAY-20260602-0004950,TRP-20260602-0004950,32.25,mada,settled,2026-06-03 00:33:38
PAY-20260602-0004951,TRP-20260602-0004951,46.41,mada,settled,2026-06-03 18:12:05
PAY-20260602-0004952,TRP-20260602-0004952,39.27,apple_pay,settled,2026-06-02 15:25:28
PAY-20260602-0004953,TRP-20260602-0004953,20.26,credit_card,settled,2026-06-03 12:19:32
PAY-20260602-0004954,TRP-20260602-0004954,16.97,mada,settled,2026-06-02 04:34:57
PAY-20260602-0004955,TRP-20260602-0004955,13.39,apple_pay,settled,2026-06-02 08:12:35
PAY-20260602-0004956,TRP-20260602-0004956,28.84,mada,settled,2026-06-02 19:12:05
PAY-20260602-0004957,TRP-20260602-0004957,54.40,mada,settled,2026-06-02 19:14:28
PAY-20260602-0004959,TRP-20260602-0004959,10.00,apple_pay,settled,2026-06-02 04:25:58
PAY-20260602-0004960,TRP-20260602-0004960,20.05,wallet,settled,2026-06-02 21:04:39
PAY-20260602-0004961,TRP-20260602-0004961,30.83,apple_pay,settled,2026-06-02 16:28:54
PAY-20260602-0004962,TRP-20260602-0004962,16.38,cash,settled,2026-06-02 18:37:56
PAY-20260602-0004963,TRP-20260602-0004963,54.32,cash,settled,2026-06-02 07:31:35
PAY-20260602-0004964,TRP-20260602-0004964,41.15,wallet,settled,2026-06-02 17:30:53
PAY-20260602-0004965,TRP-20260602-0004965,13.10,mada,pending,2026-06-01 22:12:30
PAY-20260602-0004966,TRP-20260602-0004966,27.60,credit_card,settled,2026-06-02 09:15:25
PAY-20260602-0004967,TRP-20260602-0004967,14.89,mada,settled,2026-06-02 21:48:04
PAY-20260602-0004968,TRP-20260602-0004968,35.16,cash,settled,2026-06-02 14:58:22
PAY-20260602-0004969,TRP-20260602-0004969,123.02,mada,settled,2026-06-02 20:11:44
PAY-20260602-0004970,TRP-20260602-0004970,12.68,mada,settled,2026-06-03 15:54:58
PAY-20260602-0004971,TRP-20260602-0004971,13.34,mada,settled,2026-06-02 23:41:03
PAY-20260602-0004972,TRP-20260602-0004972,17.09,mada,pending,2026-06-02 14:59:44
PAY-20260602-0004973,TRP-20260602-0004973,13.66,apple_pay,settled,2026-06-02 08:47:50
PAY-20260602-0004974,TRP-20260602-0004974,21.23,stc_pay,settled,2026-06-02 17:37:08
PAY-20260602-0004975,TRP-20260602-0004975,25.06,credit_card,settled,2026-06-02 15:33:37
PAY-20260602-0004976,TRP-20260602-0004976,58.95,mada,settled,2026-06-02 18:40:55
PAY-20260602-0004977,TRP-20260602-0004977,26.76,stc_pay,settled,2026-06-02 12:54:31
PAY-20260602-0004978,TRP-20260602-0004978,28.86,credit_card,settled,2026-06-02 20:12:46
PAY-20260602-0004979,TRP-20260602-0004979,13.01,mada,settled,2026-06-02 18:28:15
PAY-20260602-0004980,TRP-20260602-0004980,6.00,stc_pay,settled,2026-06-02 16:42:14
PAY-20260602-0004981,TRP-20260602-0004981,10.00,cash,settled,2026-06-02 14:58:44
PAY-20260602-0004982,TRP-20260602-0004982,27.41,mada,settled,2026-06-03 18:34:40
PAY-20260602-0004983,TRP-20260602-0004983,76.22,apple_pay,settled,2026-06-02 07:52:58
PAY-20260602-0004984,TRP-20260602-0004984,72.97,mada,settled,2026-06-03 01:38:59
PAY-20260602-0004985,TRP-20260602-0004985,27.28,credit_card,settled,2026-06-02 18:02:26
PAY-20260602-0004986,TRP-20260602-0004986,67.75,credit_card,settled,2026-06-02 20:13:31
PAY-20260602-0004987,TRP-20260602-0004987,16.41,apple_pay,settled,2026-06-02 13:12:46
PAY-20260602-0004988,TRP-20260602-0004988,35.75,apple_pay,settled,2026-06-02 16:02:07
PAY-20260602-0004989,TRP-20260602-0004989,53.15,cash,settled,2026-06-02 02:59:13
PAY-20260602-0004990,TRP-20260602-0004990,31.57,wallet,settled,2026-06-02 19:57:25
PAY-20260602-0004991,TRP-20260602-0004991,52.71,mada,settled,2026-06-02 21:01:43
PAY-20260602-0004992,TRP-20260602-0004992,30.31,mada,settled,2026-06-02 21:49:40
PAY-20260602-0004993,TRP-20260602-0004993,27.39,cash,settled,2026-06-02 12:41:44
PAY-20260602-0004994,TRP-20260602-0004994,30.41,mada,settled,2026-06-02 20:17:36
PAY-20260602-0004995,TRP-20260602-0004995,21.69,mada,settled,2026-06-02 12:01:16
PAY-20260602-0004996,TRP-20260602-0004996,17.30,wallet,settled,2026-06-02 11:21:29
PAY-20260602-0004997,TRP-20260602-0004997,111.41,apple_pay,settled,2026-06-02 13:53:30
PAY-20260602-0004998,TRP-20260602-0004998,70.54,cash,settled,2026-06-02 16:02:29
PAY-20260602-0004999,TRP-20260602-0004999,55.11,cash,settled,2026-06-02 21:29:30
PAY-20260602-0005000,TRP-20260602-0005000,37.23,stc_pay,settled,2026-06-02 16:36:12
PAY-20260602-0005001,TRP-20260602-0005001,13.61,mada,settled,2026-06-02 06:51:44
PAY-20260602-0005002,TRP-20260602-0005002,12.00,credit_card,settled,2026-06-02 03:00:07
PAY-20260602-0005003,TRP-20260602-0005003,33.50,mada,settled,2026-06-02 16:15:52
PAY-20260602-0005004,TRP-20260602-0005004,86.39,credit_card,settled,2026-06-02 21:49:17
PAY-20260602-0005005,TRP-20260602-0005005,80.39,stc_pay,settled,2026-06-02 10:33:30
PAY-20260602-0005006,TRP-20260602-0005006,29.26,apple_pay,settled,2026-06-03 15:59:03
PAY-20260602-0005007,TRP-20260602-0005007,21.14,mada,settled,2026-06-03 07:39:09
PAY-20260602-0005008,TRP-20260602-0005008,82.84,credit_card,settled,2026-06-02 15:14:14
PAY-20260602-0005009,TRP-20260602-0005009,16.79,mada,settled,2026-06-02 12:29:53
PAY-20260602-0005010,TRP-20260602-0005010,234.97,stc_pay,settled,2026-06-02 16:25:46
PAY-20260602-0005011,TRP-20260602-0005011,15.02,mada,settled,2026-06-02 09:11:05
PAY-20260602-0005012,TRP-20260602-0005012,18.50,apple_pay,settled,2026-06-03 12:50:10
PAY-20260602-0005013,TRP-20260602-0005013,10.00,apple_pay,settled,2026-06-02 18:19:54
PAY-20260602-0005014,TRP-20260602-0005014,37.84,stc_pay,settled,2026-06-02 15:17:29
PAY-20260602-0005015,TRP-20260602-0005015,105.09,mada,settled,2026-06-02 04:26:02
PAY-20260602-0005016,TRP-20260602-0005016,21.31,cash,settled,2026-06-02 10:47:03
PAY-20260602-0005017,TRP-20260602-0005017,41.87,stc_pay,settled,2026-06-02 14:35:32
PAY-20260602-0005018,TRP-20260602-0005018,52.94,mada,settled,2026-06-02 15:53:50
PAY-20260602-0005019,TRP-20260602-0005019,19.99,mada,settled,2026-06-02 10:49:45
PAY-20260602-0005020,TRP-20260602-0005020,17.00,mada,settled,2026-06-02 12:54:39
PAY-20260602-0005021,TRP-20260602-0005021,30.63,mada,settled,2026-06-02 05:34:56
PAY-20260602-0005022,TRP-20260602-0005022,38.33,mada,settled,2026-06-02 15:46:37
PAY-20260602-0005024,TRP-20260602-0005024,32.45,cash,settled,2026-06-02 08:51:12
PAY-20260602-0005025,TRP-20260602-0005025,13.19,mada,pending,2026-06-03 07:42:21
PAY-20260602-0005026,TRP-20260602-0005026,58.28,mada,settled,2026-06-02 15:13:50
PAY-20260602-0005027,TRP-20260602-0005027,26.22,mada,settled,2026-06-02 13:16:16
PAY-20260602-0005028,TRP-20260602-0005028,15.63,credit_card,settled,2026-06-02 14:53:14
PAY-20260602-0005029,TRP-20260602-0005029,57.87,mada,settled,2026-06-02 21:36:05
PAY-20260602-0005030,TRP-20260602-0005030,18.08,credit_card,settled,2026-06-02 05:42:19
PAY-20260602-0005031,TRP-20260602-0005031,38.07,credit_card,settled,2026-06-02 18:43:12
PAY-20260602-0005032,TRP-20260602-0005032,36.29,cash,settled,2026-06-02 14:58:55
PAY-20260602-0005033,TRP-20260602-0005033,12.93,stc_pay,settled,2026-06-02 19:06:54
PAY-20260602-0005034,TRP-20260602-0005034,49.33,credit_card,pending,2026-06-02 19:53:09
PAY-20260602-0005035,TRP-20260602-0005035,8.00,cash,settled,2026-06-02 09:37:53
PAY-20260602-0005036,TRP-20260602-0005036,47.34,credit_card,settled,2026-06-02 13:53:42
PAY-20260602-0005037,TRP-20260602-0005037,22.84,cash,settled,2026-06-02 14:46:15
PAY-20260602-0005038,TRP-20260602-0005038,23.86,mada,settled,2026-06-02 05:37:08
PAY-20260602-0005039,TRP-20260602-0005039,115.47,mada,settled,2026-06-03 09:01:03
PAY-20260602-0005040,TRP-20260602-0005040,41.24,mada,settled,2026-06-03 00:49:03
PAY-20260602-0005041,TRP-20260602-0005041,8.00,mada,settled,2026-06-02 04:11:21
PAY-20260602-0005042,TRP-20260602-0005042,20.57,apple_pay,settled,2026-06-02 09:13:15
PAY-20260602-0005043,TRP-20260602-0005043,30.62,cash,settled,2026-06-02 10:27:49
PAY-20260602-0005044,TRP-20260602-0005044,6.00,mada,settled,2026-06-03 15:12:40
PAY-20260602-0005045,TRP-20260602-0005045,32.14,apple_pay,settled,2026-06-02 21:06:40
PAY-20260602-0005046,TRP-20260602-0005046,52.44,apple_pay,pending,2026-06-02 17:29:15
PAY-20260602-0005047,TRP-20260602-0005047,27.60,credit_card,settled,2026-06-03 11:58:56
PAY-20260602-0005048,TRP-20260602-0005048,12.60,stc_pay,settled,2026-06-02 11:50:40
PAY-20260602-0005049,TRP-20260602-0005049,33.51,mada,settled,2026-06-02 14:57:27
PAY-20260602-0005050,TRP-20260602-0005050,17.55,mada,settled,2026-06-02 21:03:06
PAY-20260602-0005051,TRP-20260602-0005051,76.70,mada,settled,2026-06-02 16:59:15
PAY-20260602-0005053,TRP-20260602-0005053,16.79,credit_card,settled,2026-06-02 02:22:59
PAY-20260602-0005054,TRP-20260602-0005054,29.83,credit_card,settled,2026-06-02 23:35:48
PAY-20260602-0005055,TRP-20260602-0005055,28.88,apple_pay,settled,2026-06-02 04:39:32
PAY-20260602-0005056,TRP-20260602-0005056,52.70,mada,settled,2026-06-03 13:59:23
PAY-20260602-0005057,TRP-20260602-0005057,12.32,cash,settled,2026-06-02 08:20:42
PAY-20260602-0005058,TRP-20260602-0005058,25.53,mada,settled,2026-06-02 16:00:10
PAY-20260602-0005059,TRP-20260602-0005059,32.95,wallet,settled,2026-06-03 09:06:08
PAY-20260602-0005060,TRP-20260602-0005060,12.00,mada,settled,2026-06-02 08:35:22
PAY-20260602-0005061,TRP-20260602-0005061,129.32,mada,settled,2026-06-03 07:11:01
PAY-20260602-0005062,TRP-20260602-0005062,35.51,cash,settled,2026-06-02 04:45:13
PAY-20260602-0005063,TRP-20260602-0005063,14.39,apple_pay,settled,2026-06-02 13:16:57
PAY-20260602-0005064,TRP-20260602-0005064,14.95,cash,settled,2026-06-02 04:02:08
PAY-20260602-0005065,TRP-20260602-0005065,14.94,cash,settled,2026-06-02 06:24:32
PAY-20260602-0005066,TRP-20260602-0005066,25.96,mada,settled,2026-06-03 07:55:43
PAY-20260602-0005067,TRP-20260602-0005067,18.76,mada,settled,2026-06-02 14:29:31
PAY-20260602-0005068,TRP-20260602-0005068,10.00,wallet,settled,2026-06-02 14:24:43
PAY-20260602-0005069,TRP-20260602-0005069,17.97,cash,settled,2026-06-02 03:56:32
PAY-20260602-0005070,TRP-20260602-0005070,53.88,credit_card,settled,2026-06-03 12:03:43
PAY-20260602-0005071,TRP-20260602-0005071,40.32,mada,settled,2026-06-02 18:20:23
PAY-20260602-0005072,TRP-20260602-0005072,53.40,stc_pay,settled,2026-06-02 22:24:19
PAY-20260602-0005073,TRP-20260602-0005073,122.40,mada,settled,2026-06-02 11:34:27
PAY-20260602-0005074,TRP-20260602-0005074,85.64,mada,settled,2026-06-02 12:59:07
PAY-20260602-0005075,TRP-20260602-0005075,42.96,credit_card,settled,2026-06-02 20:44:02
PAY-20260602-0005076,TRP-20260602-0005076,29.78,credit_card,settled,2026-06-02 23:28:08
PAY-20260602-0005077,TRP-20260602-0005077,30.97,stc_pay,settled,2026-06-02 21:05:19
PAY-20260602-0005078,TRP-20260602-0005078,8.00,stc_pay,settled,2026-06-02 16:35:29
PAY-20260602-0005079,TRP-20260602-0005079,124.51,mada,settled,2026-06-03 21:30:50
PAY-20260602-0005080,TRP-20260602-0005080,41.25,mada,settled,2026-06-03 05:11:42
PAY-20260602-0005081,TRP-20260602-0005081,24.70,mada,settled,2026-06-02 02:01:00
PAY-20260602-0005082,TRP-20260602-0005082,42.88,mada,settled,2026-06-02 19:33:22
PAY-20260602-0005083,TRP-20260602-0005083,12.00,apple_pay,settled,2026-06-02 03:53:50
PAY-20260602-0005084,TRP-20260602-0005084,36.31,cash,settled,2026-06-02 14:34:46
PAY-20260602-0005085,TRP-20260602-0005085,42.44,mada,settled,2026-06-02 10:29:32
PAY-20260602-0005086,TRP-20260602-0005086,23.78,mada,settled,2026-06-02 09:24:12
PAY-20260602-0005087,TRP-20260602-0005087,37.48,wallet,settled,2026-06-02 11:03:17
PAY-20260602-0005088,TRP-20260602-0005088,49.19,cash,settled,2026-06-02 20:11:59
PAY-20260602-0005089,TRP-20260602-0005089,32.71,mada,settled,2026-06-02 20:24:49
PAY-20260602-0005090,TRP-20260602-0005090,30.76,credit_card,settled,2026-06-02 12:36:53
PAY-20260602-0005091,TRP-20260602-0005091,61.69,apple_pay,settled,2026-06-03 05:39:46
PAY-20260602-0005092,TRP-20260602-0005092,87.44,credit_card,settled,2026-06-02 19:31:37
PAY-20260602-0005093,TRP-20260602-0005093,41.77,mada,settled,2026-06-02 10:58:26
PAY-20260602-0005094,TRP-20260602-0005094,12.00,mada,settled,2026-06-02 05:08:56
PAY-20260602-0005095,TRP-20260602-0005095,21.85,mada,settled,2026-06-02 16:56:06
PAY-20260602-0005096,TRP-20260602-0005096,14.39,apple_pay,settled,2026-06-02 15:45:55
PAY-20260602-0005097,TRP-20260602-0005097,80.42,mada,settled,2026-06-02 18:16:27
PAY-20260602-0005098,TRP-20260602-0005098,11.00,wallet,settled,2026-06-02 11:34:41
PAY-20260602-0005099,TRP-20260602-0005099,29.06,mada,settled,2026-06-02 16:09:51
PAY-20260602-0005100,TRP-20260602-0005100,28.10,mada,settled,2026-06-02 15:43:54
PAY-20260602-0005101,TRP-20260602-0005101,23.04,mada,settled,2026-06-02 13:00:53
PAY-20260602-0005102,TRP-20260602-0005102,80.02,mada,settled,2026-06-02 18:06:05
PAY-20260602-0005103,TRP-20260602-0005103,8.00,apple_pay,settled,2026-06-02 09:21:26
PAY-20260602-0005104,TRP-20260602-0005104,15.49,cash,settled,2026-06-02 17:22:21
PAY-20260602-0005105,TRP-20260602-0005105,19.19,cash,settled,2026-06-02 04:14:36
PAY-20260602-0005106,TRP-20260602-0005106,68.09,mada,settled,2026-06-02 12:47:46
PAY-20260602-0005107,TRP-20260602-0005107,15.71,cash,settled,2026-06-02 11:11:27
PAY-20260602-0005108,TRP-20260602-0005108,61.50,wallet,pending,2026-06-02 17:20:04
PAY-20260602-0005109,TRP-20260602-0005109,136.27,cash,settled,2026-06-02 13:17:38
PAY-20260602-0005110,TRP-20260602-0005110,29.03,apple_pay,settled,2026-06-03 05:43:08
PAY-20260602-0005112,TRP-20260602-0005112,46.23,cash,settled,2026-06-02 14:34:30
PAY-20260602-0005113,TRP-20260602-0005113,157.64,apple_pay,settled,2026-06-02 17:03:51
PAY-20260602-0005114,TRP-20260602-0005114,12.47,credit_card,settled,2026-06-02 19:21:43
PAY-20260602-0005115,TRP-20260602-0005115,39.69,credit_card,settled,2026-06-03 18:03:47
PAY-20260602-0005117,TRP-20260602-0005117,106.02,mada,settled,2026-06-02 13:50:18
PAY-20260602-0005118,TRP-20260602-0005118,13.38,cash,settled,2026-06-02 07:23:15
PAY-20260602-0005119,TRP-20260602-0005119,17.77,credit_card,settled,2026-06-03 03:19:19
PAY-20260602-0005120,TRP-20260602-0005120,20.22,credit_card,settled,2026-06-02 11:50:57
PAY-20260602-0005122,TRP-20260602-0005122,31.69,mada,settled,2026-06-02 05:14:50
PAY-20260602-0005123,TRP-20260602-0005123,48.82,apple_pay,pending,2026-06-03 11:31:49
PAY-20260602-0005124,TRP-20260602-0005124,38.73,stc_pay,settled,2026-06-02 15:58:30
PAY-20260602-0005125,TRP-20260602-0005125,36.36,apple_pay,settled,2026-06-02 08:08:09
PAY-20260602-0005126,TRP-20260602-0005126,45.51,mada,settled,2026-06-02 13:38:42
PAY-20260602-0005127,TRP-20260602-0005127,10.02,stc_pay,settled,2026-06-02 20:37:20
PAY-20260602-0005129,TRP-20260602-0005129,106.60,mada,settled,2026-06-02 19:12:13
PAY-20260602-0005130,TRP-20260602-0005130,29.89,cash,settled,2026-06-02 05:53:33
PAY-20260602-0005131,TRP-20260602-0005131,10.00,apple_pay,settled,2026-06-02 11:58:43
PAY-20260602-0005132,TRP-20260602-0005132,46.76,mada,settled,2026-06-02 15:36:13
PAY-20260602-0005133,TRP-20260602-0005133,70.56,cash,settled,2026-06-02 10:17:10
PAY-20260602-0005134,TRP-20260602-0005134,90.72,mada,settled,2026-06-02 13:53:17
PAY-20260602-0005135,TRP-20260602-0005135,14.65,stc_pay,settled,2026-06-02 08:14:32
PAY-20260602-0005136,TRP-20260602-0005136,56.34,apple_pay,settled,2026-06-03 07:34:24
PAY-20260602-0005137,TRP-20260602-0005137,39.92,cash,settled,2026-06-02 17:11:40
PAY-20260602-0005138,TRP-20260602-0005138,22.43,apple_pay,settled,2026-06-02 14:16:16
PAY-20260602-0005139,TRP-20260602-0005139,33.64,cash,settled,2026-06-01 21:45:56
PAY-20260602-0005140,TRP-20260602-0005140,16.83,apple_pay,settled,2026-06-02 16:44:46
PAY-20260602-0005141,TRP-20260602-0005141,25.39,credit_card,settled,2026-06-02 10:14:53
PAY-20260602-0005142,TRP-20260602-0005142,20.73,credit_card,settled,2026-06-02 19:19:59
PAY-20260602-0005143,TRP-20260602-0005143,32.47,credit_card,settled,2026-06-01 23:59:12
PAY-20260602-0005145,TRP-20260602-0005145,29.48,mada,settled,2026-06-03 07:07:38
PAY-20260602-0005146,TRP-20260602-0005146,113.75,stc_pay,settled,2026-06-02 17:16:13
PAY-20260602-0005148,TRP-20260602-0005148,37.75,mada,settled,2026-06-02 19:59:12
PAY-20260602-0005149,TRP-20260602-0005149,20.78,mada,settled,2026-06-02 20:13:26
PAY-20260602-0005150,TRP-20260602-0005150,12.00,stc_pay,settled,2026-06-02 19:33:35
PAY-20260602-0005151,TRP-20260602-0005151,61.42,apple_pay,settled,2026-06-03 00:20:28
PAY-20260602-0005152,TRP-20260602-0005152,31.35,mada,failed,2026-06-02 19:25:20
PAY-20260602-0005153,TRP-20260602-0005153,32.63,mada,settled,2026-06-02 10:36:20
PAY-20260602-0005154,TRP-20260602-0005154,10.00,mada,settled,2026-06-02 03:09:23
PAY-20260602-0005155,TRP-20260602-0005155,42.78,mada,settled,2026-06-02 22:34:38
PAY-20260602-0005156,TRP-20260602-0005156,26.49,mada,settled,2026-06-02 17:00:28
PAY-20260602-0005158,TRP-20260602-0005158,26.93,mada,settled,2026-06-02 17:26:32
PAY-20260602-0005159,TRP-20260602-0005159,24.31,cash,settled,2026-06-02 10:42:05
PAY-20260602-0005160,TRP-20260602-0005160,25.18,cash,settled,2026-06-02 16:55:14
PAY-20260602-0005161,TRP-20260602-0005161,19.11,mada,settled,2026-06-02 11:13:37
PAY-20260602-0005162,TRP-20260602-0005162,51.69,wallet,settled,2026-06-02 11:35:07
PAY-20260602-0005163,TRP-20260602-0005163,101.74,credit_card,settled,2026-06-02 07:34:21
PAY-20260602-0005164,TRP-20260602-0005164,12.77,apple_pay,settled,2026-06-02 17:01:23
PAY-20260602-0005165,TRP-20260602-0005165,17.41,mada,settled,2026-06-03 08:57:46
PAY-20260602-0005166,TRP-20260602-0005166,147.06,mada,settled,2026-06-02 21:29:03
PAY-20260602-0005167,TRP-20260602-0005167,23.68,mada,settled,2026-06-02 12:53:24
PAY-20260602-0005168,TRP-20260602-0005168,130.04,wallet,settled,2026-06-02 18:44:54
PAY-20260602-0005169,TRP-20260602-0005169,23.99,wallet,settled,2026-06-02 04:49:00
PAY-20260602-0005170,TRP-20260602-0005170,21.24,mada,settled,2026-06-02 11:15:55
PAY-20260602-0005171,TRP-20260602-0005171,6.00,mada,settled,2026-06-03 08:41:05
PAY-20260602-0005172,TRP-20260602-0005172,22.30,stc_pay,settled,2026-06-02 08:52:01
PAY-20260602-0005173,TRP-20260602-0005173,34.46,wallet,settled,2026-06-03 01:28:07
PAY-20260602-0005174,TRP-20260602-0005174,10.00,stc_pay,pending,2026-06-02 19:27:38
PAY-20260602-0005175,TRP-20260602-0005175,15.27,credit_card,settled,2026-06-01 22:43:45
PAY-20260602-0005176,TRP-20260602-0005176,21.75,credit_card,settled,2026-06-02 18:05:30
PAY-20260602-0005177,TRP-20260602-0005177,48.32,mada,settled,2026-06-02 07:13:10
PAY-20260602-0005178,TRP-20260602-0005178,97.19,mada,settled,2026-06-02 06:11:28
PAY-20260602-0005180,TRP-20260602-0005180,57.12,stc_pay,settled,2026-06-03 12:26:18
PAY-20260602-0005181,TRP-20260602-0005181,50.20,credit_card,settled,2026-06-03 02:56:33
PAY-20260602-0005182,TRP-20260602-0005182,35.09,apple_pay,settled,2026-06-03 08:32:40
PAY-20260602-0005183,TRP-20260602-0005183,12.00,mada,settled,2026-06-02 06:25:37
PAY-20260602-0005184,TRP-20260602-0005184,20.55,wallet,settled,2026-06-02 07:27:14
PAY-20260602-0005185,TRP-20260602-0005185,16.77,apple_pay,settled,2026-06-02 09:01:05
PAY-20260602-0005186,TRP-20260602-0005186,77.95,mada,settled,2026-06-02 12:50:50
PAY-20260602-0005187,TRP-20260602-0005187,36.96,stc_pay,settled,2026-06-02 18:13:58
PAY-20260602-0005189,TRP-20260602-0005189,14.35,apple_pay,settled,2026-06-02 18:37:50
PAY-20260602-0005190,TRP-20260602-0005190,40.49,cash,settled,2026-06-02 07:41:40
PAY-20260602-0005191,TRP-20260602-0005191,13.14,wallet,settled,2026-06-03 04:52:35
PAY-20260602-0005192,TRP-20260602-0005192,22.42,apple_pay,settled,2026-06-02 04:03:44
PAY-20260602-0005193,TRP-20260602-0005193,47.11,mada,settled,2026-06-02 17:32:49
PAY-20260602-0005194,TRP-20260602-0005194,157.67,mada,settled,2026-06-03 05:21:06
PAY-20260602-0005195,TRP-20260602-0005195,15.68,apple_pay,settled,2026-06-02 04:56:38
PAY-20260602-0005197,TRP-20260602-0005197,26.39,apple_pay,settled,2026-06-02 07:28:00
PAY-20260602-0005198,TRP-20260602-0005198,63.68,credit_card,settled,2026-06-02 16:34:20
PAY-20260602-0005199,TRP-20260602-0005199,51.30,mada,settled,2026-06-02 09:23:50
PAY-20260602-0005200,TRP-20260602-0005200,31.49,apple_pay,settled,2026-06-02 04:36:27
PAY-20260602-0005201,TRP-20260602-0005201,11.00,mada,settled,2026-06-02 20:57:32
PAY-20260602-0005202,TRP-20260602-0005202,52.40,mada,settled,2026-06-02 17:59:22
PAY-20260602-0005203,TRP-20260602-0005203,49.73,mada,settled,2026-06-02 08:40:09
PAY-20260602-0005204,TRP-20260602-0005204,52.67,mada,settled,2026-06-02 17:21:58
PAY-20260602-0005205,TRP-20260602-0005205,58.22,mada,settled,2026-06-02 14:40:59
PAY-20260602-0005206,TRP-20260602-0005206,24.04,wallet,settled,2026-06-02 14:08:25
PAY-20260602-0005207,TRP-20260602-0005207,18.78,mada,settled,2026-06-03 06:59:44
PAY-20260602-0005208,TRP-20260602-0005208,20.26,credit_card,settled,2026-06-02 21:37:07
PAY-20260602-0005209,TRP-20260602-0005209,23.79,mada,settled,2026-06-02 12:19:57
PAY-20260602-0005210,TRP-20260602-0005210,34.17,cash,settled,2026-06-02 16:20:59
PAY-20260602-0005211,TRP-20260602-0005211,6.00,credit_card,settled,2026-06-02 19:54:55
PAY-20260602-0005212,TRP-20260602-0005212,39.20,mada,pending,2026-06-02 19:07:24
PAY-20260602-0005213,TRP-20260602-0005213,12.00,wallet,settled,2026-06-02 13:34:06
PAY-20260602-0005214,TRP-20260602-0005214,29.52,stc_pay,settled,2026-06-02 12:21:04
PAY-20260602-0005215,TRP-20260602-0005215,33.90,mada,settled,2026-06-02 19:36:13
PAY-20260602-0005216,TRP-20260602-0005216,99.36,mada,settled,2026-06-03 06:17:15
PAY-20260602-0005217,TRP-20260602-0005217,21.11,cash,settled,2026-06-02 04:54:01
PAY-20260602-0005218,TRP-20260602-0005218,68.32,stc_pay,settled,2026-06-03 17:45:47
PAY-20260602-0005219,TRP-20260602-0005219,12.22,stc_pay,settled,2026-06-02 23:41:21
PAY-20260602-0005220,TRP-20260602-0005220,143.82,stc_pay,settled,2026-06-02 18:57:25
PAY-20260602-0005221,TRP-20260602-0005221,34.63,credit_card,settled,2026-06-03 03:29:39
PAY-20260602-0005222,TRP-20260602-0005222,45.42,mada,settled,2026-06-02 03:49:38
PAY-20260602-0005223,TRP-20260602-0005223,93.45,mada,settled,2026-06-02 15:10:54
PAY-20260602-0005224,TRP-20260602-0005224,32.50,credit_card,settled,2026-06-02 21:03:49
PAY-20260602-0005225,TRP-20260602-0005225,37.85,mada,settled,2026-06-02 15:08:03
PAY-20260602-0005226,TRP-20260602-0005226,18.80,credit_card,pending,2026-06-02 05:12:00
PAY-20260602-0005227,TRP-20260602-0005227,58.39,mada,settled,2026-06-02 16:51:58
PAY-20260602-0005229,TRP-20260602-0005229,36.17,stc_pay,settled,2026-06-03 15:23:42
PAY-20260602-0005231,TRP-20260602-0005231,27.03,credit_card,settled,2026-06-02 11:39:22
PAY-20260602-0005233,TRP-20260602-0005233,31.30,cash,settled,2026-06-02 17:13:15
PAY-20260602-0005235,TRP-20260602-0005235,35.45,credit_card,settled,2026-06-02 17:34:40
PAY-20260602-0005236,TRP-20260602-0005236,13.75,wallet,settled,2026-06-02 09:41:16
PAY-20260602-0005237,TRP-20260602-0005237,106.28,stc_pay,settled,2026-06-02 10:16:02
PAY-20260602-0005238,TRP-20260602-0005238,10.73,credit_card,settled,2026-06-02 18:16:10
PAY-20260602-0005239,TRP-20260602-0005239,105.73,cash,settled,2026-06-02 16:32:27
PAY-20260602-0005240,TRP-20260602-0005240,63.94,mada,pending,2026-06-02 23:19:26
PAY-20260602-0005241,TRP-20260602-0005241,13.99,mada,pending,2026-06-01 21:54:00
PAY-20260602-0005242,TRP-20260602-0005242,188.61,cash,settled,2026-06-02 08:53:21
PAY-20260602-0005243,TRP-20260602-0005243,28.44,stc_pay,settled,2026-06-02 09:34:16
PAY-20260602-0005245,TRP-20260602-0005245,26.62,wallet,settled,2026-06-03 12:33:40
PAY-20260602-0005247,TRP-20260602-0005247,30.09,cash,settled,2026-06-02 12:50:04
PAY-20260602-0005248,TRP-20260602-0005248,15.34,mada,settled,2026-06-02 13:24:43
PAY-20260602-0005249,TRP-20260602-0005249,12.76,wallet,settled,2026-06-02 21:53:00
PAY-20260602-0005250,TRP-20260602-0005250,22.91,cash,settled,2026-06-02 18:50:16
PAY-20260602-0005251,TRP-20260602-0005251,106.82,wallet,settled,2026-06-02 15:38:26
PAY-20260602-0005252,TRP-20260602-0005252,35.45,cash,settled,2026-06-02 19:23:09
PAY-20260602-0005253,TRP-20260602-0005253,15.15,apple_pay,settled,2026-06-02 10:59:41
PAY-20260602-0005254,TRP-20260602-0005254,38.42,wallet,settled,2026-06-03 00:42:40
PAY-20260602-0005255,TRP-20260602-0005255,20.57,apple_pay,settled,2026-06-02 09:37:01
PAY-20260602-0005256,TRP-20260602-0005256,20.23,wallet,settled,2026-06-03 05:46:09
PAY-20260602-0005258,TRP-20260602-0005258,100.05,cash,settled,2026-06-02 20:40:12
PAY-20260602-0005259,TRP-20260602-0005259,13.52,apple_pay,settled,2026-06-02 10:31:52
PAY-20260602-0005260,TRP-20260602-0005260,18.69,mada,settled,2026-06-03 07:50:04
PAY-20260602-0005261,TRP-20260602-0005261,83.57,cash,settled,2026-06-02 14:58:53
PAY-20260602-0005262,TRP-20260602-0005262,28.55,mada,settled,2026-06-03 08:17:47
PAY-20260602-0005263,TRP-20260602-0005263,32.47,mada,settled,2026-06-02 15:37:08
PAY-20260602-0005265,TRP-20260602-0005265,34.99,stc_pay,settled,2026-06-02 15:17:22
PAY-20260602-0005266,TRP-20260602-0005266,23.33,wallet,pending,2026-06-02 16:29:22
PAY-20260602-0005267,TRP-20260602-0005267,21.15,cash,settled,2026-06-02 09:34:40
PAY-20260602-0005268,TRP-20260602-0005268,25.51,credit_card,settled,2026-06-03 01:35:41
PAY-20260602-0005269,TRP-20260602-0005269,11.23,cash,settled,2026-06-01 22:46:01
PAY-20260602-0005270,TRP-20260602-0005270,34.73,wallet,settled,2026-06-02 13:52:56
PAY-20260602-0005271,TRP-20260602-0005271,21.79,stc_pay,settled,2026-06-02 09:59:57
PAY-20260602-0005272,TRP-20260602-0005272,17.29,credit_card,settled,2026-06-02 10:28:41
PAY-20260602-0005273,TRP-20260602-0005273,89.64,mada,settled,2026-06-02 16:01:12
PAY-20260602-0005274,TRP-20260602-0005274,15.12,cash,settled,2026-06-02 19:31:06
PAY-20260602-0005275,TRP-20260602-0005275,24.13,credit_card,settled,2026-06-02 08:20:04
PAY-20260602-0005276,TRP-20260602-0005276,96.67,credit_card,settled,2026-06-03 10:43:06
PAY-20260602-0005277,TRP-20260602-0005277,78.31,apple_pay,settled,2026-06-02 09:33:50
PAY-20260602-0005278,TRP-20260602-0005278,26.12,mada,settled,2026-06-02 05:47:48
PAY-20260602-0005279,TRP-20260602-0005279,67.55,cash,settled,2026-06-02 18:48:18
PAY-20260602-0005281,TRP-20260602-0005281,10.03,mada,settled,2026-06-02 04:59:08
PAY-20260602-0005282,TRP-20260602-0005282,53.28,mada,settled,2026-06-02 18:30:14
PAY-20260602-0005283,TRP-20260602-0005283,79.00,credit_card,settled,2026-06-02 07:12:50
PAY-20260602-0005284,TRP-20260602-0005284,25.42,mada,settled,2026-06-02 17:13:44
PAY-20260602-0005285,TRP-20260602-0005285,117.32,credit_card,settled,2026-06-02 15:54:58
PAY-20260602-0005286,TRP-20260602-0005286,29.37,credit_card,settled,2026-06-02 05:57:32
PAY-20260602-0005287,TRP-20260602-0005287,19.29,mada,settled,2026-06-03 03:48:16
PAY-20260602-0005288,TRP-20260602-0005288,65.97,apple_pay,settled,2026-06-02 09:50:39
PAY-20260602-0005289,TRP-20260602-0005289,16.95,credit_card,settled,2026-06-02 14:37:21
PAY-20260602-0005290,TRP-20260602-0005290,50.49,mada,settled,2026-06-02 16:21:54
PAY-20260602-0005291,TRP-20260602-0005291,25.89,mada,settled,2026-06-02 10:57:04
PAY-20260602-0005292,TRP-20260602-0005292,40.16,mada,settled,2026-06-02 17:00:52
PAY-20260602-0005293,TRP-20260602-0005293,34.35,cash,settled,2026-06-02 09:52:37
PAY-20260602-0005294,TRP-20260602-0005294,146.71,mada,settled,2026-06-02 12:38:15
PAY-20260602-0005295,TRP-20260602-0005295,74.17,apple_pay,settled,2026-06-02 16:41:55
PAY-20260602-0005296,TRP-20260602-0005296,56.22,mada,settled,2026-06-02 07:12:26
PAY-20260602-0005297,TRP-20260602-0005297,14.00,apple_pay,settled,2026-06-02 12:23:39
PAY-20260602-0005298,TRP-20260602-0005298,75.26,cash,settled,2026-06-02 14:25:41
PAY-20260602-0005299,TRP-20260602-0005299,35.23,cash,settled,2026-06-02 15:13:52
PAY-20260602-0005300,TRP-20260602-0005300,34.85,credit_card,settled,2026-06-02 12:42:41
PAY-20260602-0005301,TRP-20260602-0005301,24.42,wallet,settled,2026-06-02 05:13:48
PAY-20260602-0005302,TRP-20260602-0005302,21.28,cash,settled,2026-06-01 21:50:03
PAY-20260602-0005303,TRP-20260602-0005303,15.76,apple_pay,settled,2026-06-02 09:39:34
PAY-20260602-0005304,TRP-20260602-0005304,32.76,cash,settled,2026-06-02 02:44:13
PAY-20260602-0005305,TRP-20260602-0005305,19.60,credit_card,settled,2026-06-02 19:13:56
PAY-20260602-0005306,TRP-20260602-0005306,35.61,apple_pay,settled,2026-06-02 11:11:58
PAY-20260602-0005307,TRP-20260602-0005307,18.19,credit_card,refunded,2026-06-02 17:22:05
PAY-20260602-0005308,TRP-20260602-0005308,25.24,stc_pay,settled,2026-06-02 23:52:00
PAY-20260602-0005309,TRP-20260602-0005309,65.82,mada,settled,2026-06-02 05:17:16
PAY-20260602-0005310,TRP-20260602-0005310,12.00,wallet,settled,2026-06-02 18:49:25
PAY-20260602-0005311,TRP-20260602-0005311,36.52,apple_pay,settled,2026-06-02 23:18:03
PAY-20260602-0005312,TRP-20260602-0005312,85.98,credit_card,settled,2026-06-02 11:34:46
PAY-20260602-0005313,TRP-20260602-0005313,142.06,mada,settled,2026-06-02 23:50:10
PAY-20260602-0005314,TRP-20260602-0005314,53.84,credit_card,settled,2026-06-02 05:28:03
PAY-20260602-0005315,TRP-20260602-0005315,21.09,credit_card,settled,2026-06-02 17:26:04
PAY-20260602-0005317,TRP-20260602-0005317,25.71,cash,settled,2026-06-02 14:18:06
PAY-20260602-0005318,TRP-20260602-0005318,36.15,mada,settled,2026-06-03 05:13:54
PAY-20260602-0005319,TRP-20260602-0005319,23.32,mada,pending,2026-06-02 01:25:28
PAY-20260602-0005320,TRP-20260602-0005320,197.17,apple_pay,settled,2026-06-02 17:18:08
PAY-20260602-0005321,TRP-20260602-0005321,33.09,credit_card,settled,2026-06-02 16:34:13
PAY-20260602-0005322,TRP-20260602-0005322,42.61,credit_card,settled,2026-06-02 10:36:57
PAY-20260602-0005323,TRP-20260602-0005323,27.93,stc_pay,settled,2026-06-02 12:07:33
PAY-20260602-0005324,TRP-20260602-0005324,29.50,mada,pending,2026-06-02 17:32:35
PAY-20260602-0005325,TRP-20260602-0005325,52.99,mada,settled,2026-06-03 08:03:31
PAY-20260602-0005326,TRP-20260602-0005326,104.71,apple_pay,settled,2026-06-03 03:24:20
PAY-20260602-0005327,TRP-20260602-0005327,32.29,mada,settled,2026-06-01 22:36:12
PAY-20260602-0005328,TRP-20260602-0005328,24.99,apple_pay,settled,2026-06-02 17:17:23
PAY-20260602-0005329,TRP-20260602-0005329,14.68,wallet,settled,2026-06-02 18:21:36
PAY-20260602-0005330,TRP-20260602-0005330,15.45,credit_card,settled,2026-06-02 03:32:09
PAY-20260602-0005331,TRP-20260602-0005331,24.89,credit_card,settled,2026-06-02 16:08:21
PAY-20260602-0005332,TRP-20260602-0005332,20.02,cash,settled,2026-06-02 17:44:24
PAY-20260602-0005333,TRP-20260602-0005333,26.28,mada,settled,2026-06-03 06:08:18
PAY-20260602-0005335,TRP-20260602-0005335,30.42,stc_pay,settled,2026-06-02 07:14:41
PAY-20260602-0005336,TRP-20260602-0005336,18.65,mada,settled,2026-06-02 18:14:32
PAY-20260602-0005337,TRP-20260602-0005337,30.65,cash,settled,2026-06-02 15:19:22
PAY-20260602-0005338,TRP-20260602-0005338,29.76,mada,settled,2026-06-03 01:17:59
PAY-20260602-0005339,TRP-20260602-0005339,16.26,mada,settled,2026-06-02 06:07:47
PAY-20260602-0005340,TRP-20260602-0005340,26.40,mada,settled,2026-06-02 08:53:15
PAY-20260602-0005341,TRP-20260602-0005341,38.34,apple_pay,settled,2026-06-02 12:38:56
PAY-20260602-0005342,TRP-20260602-0005342,32.85,mada,settled,2026-06-03 05:38:20
PAY-20260602-0005343,TRP-20260602-0005343,10.00,mada,settled,2026-06-02 16:02:16
PAY-20260602-0005344,TRP-20260602-0005344,136.70,mada,settled,2026-06-02 22:26:22
PAY-20260602-0005345,TRP-20260602-0005345,17.83,stc_pay,settled,2026-06-02 18:43:56
PAY-20260602-0005346,TRP-20260602-0005346,45.99,credit_card,settled,2026-06-02 19:32:10
PAY-20260602-0005347,TRP-20260602-0005347,40.50,credit_card,settled,2026-06-03 10:19:29
PAY-20260602-0005348,TRP-20260602-0005348,64.96,stc_pay,settled,2026-06-02 14:02:24
PAY-20260602-0005349,TRP-20260602-0005349,41.95,mada,settled,2026-06-02 17:08:10
PAY-20260602-0005350,TRP-20260602-0005350,61.60,mada,settled,2026-06-02 06:31:01
PAY-20260602-0005352,TRP-20260602-0005352,6.00,wallet,settled,2026-06-02 03:47:19
PAY-20260602-0005353,TRP-20260602-0005353,17.20,mada,settled,2026-06-03 07:24:34
PAY-20260602-0005354,TRP-20260602-0005354,19.92,mada,settled,2026-06-02 17:14:33
PAY-20260602-0005355,TRP-20260602-0005355,23.76,stc_pay,settled,2026-06-02 08:54:06
PAY-20260602-0005356,TRP-20260602-0005356,90.57,stc_pay,settled,2026-06-02 07:40:49
PAY-20260602-0005357,TRP-20260602-0005357,52.43,credit_card,settled,2026-06-02 14:33:56
PAY-20260602-0005358,TRP-20260602-0005358,17.71,credit_card,settled,2026-06-02 10:54:59
PAY-20260602-0005359,TRP-20260602-0005359,259.84,mada,settled,2026-06-03 18:13:52
PAY-20260602-0005360,TRP-20260602-0005360,21.27,cash,settled,2026-06-02 06:39:45
PAY-20260602-0005361,TRP-20260602-0005361,29.89,mada,settled,2026-06-03 10:47:15
PAY-20260602-0005362,TRP-20260602-0005362,13.36,stc_pay,settled,2026-06-02 07:33:01
PAY-20260602-0005363,TRP-20260602-0005363,36.59,mada,settled,2026-06-02 16:32:52
PAY-20260602-0005364,TRP-20260602-0005364,41.57,apple_pay,settled,2026-06-02 06:12:45
PAY-20260602-0005365,TRP-20260602-0005365,19.23,mada,settled,2026-06-03 15:28:34
PAY-20260602-0005366,TRP-20260602-0005366,84.39,cash,settled,2026-06-02 15:37:07
PAY-20260602-0005367,TRP-20260602-0005367,64.69,stc_pay,settled,2026-06-02 16:21:28
PAY-20260602-0005368,TRP-20260602-0005368,32.09,credit_card,settled,2026-06-02 17:06:03
PAY-20260602-0005369,TRP-20260602-0005369,71.48,wallet,settled,2026-06-02 06:50:13
PAY-20260602-0005370,TRP-20260602-0005370,69.02,cash,settled,2026-06-02 12:52:33
PAY-20260602-0005371,TRP-20260602-0005371,38.93,cash,settled,2026-06-02 12:46:26
PAY-20260602-0005372,TRP-20260602-0005372,17.71,mada,settled,2026-06-02 19:37:57
PAY-20260602-0005373,TRP-20260602-0005373,46.36,mada,settled,2026-06-03 09:16:46
PAY-20260602-0005374,TRP-20260602-0005374,65.03,credit_card,settled,2026-06-03 14:54:30
PAY-20260602-0005375,TRP-20260602-0005375,60.12,stc_pay,settled,2026-06-02 13:52:32
PAY-20260602-0005376,TRP-20260602-0005376,8.00,credit_card,settled,2026-06-02 18:20:39
PAY-20260602-0005377,TRP-20260602-0005377,61.88,apple_pay,pending,2026-06-02 16:15:56
PAY-20260602-0005378,TRP-20260602-0005378,48.56,cash,settled,2026-06-02 14:57:28
PAY-20260602-0005379,TRP-20260602-0005379,31.60,stc_pay,settled,2026-06-03 06:52:45
PAY-20260602-0005380,TRP-20260602-0005380,91.23,mada,settled,2026-06-03 08:55:51
PAY-20260602-0005381,TRP-20260602-0005381,42.30,mada,settled,2026-06-02 20:29:05
PAY-20260602-0005382,TRP-20260602-0005382,124.45,credit_card,settled,2026-06-02 17:55:54
PAY-20260602-0005383,TRP-20260602-0005383,17.55,credit_card,settled,2026-06-02 09:21:56
PAY-20260602-0005384,TRP-20260602-0005384,39.61,apple_pay,settled,2026-06-02 20:49:44
PAY-20260602-0005385,TRP-20260602-0005385,12.00,mada,settled,2026-06-02 20:02:51
PAY-20260602-0005386,TRP-20260602-0005386,76.03,stc_pay,settled,2026-06-02 20:48:23
PAY-20260602-0005387,TRP-20260602-0005387,45.82,credit_card,settled,2026-06-02 11:58:15
PAY-20260602-0005388,TRP-20260602-0005388,27.37,mada,settled,2026-06-02 08:42:18
PAY-20260602-0005389,TRP-20260602-0005389,14.14,mada,settled,2026-06-02 04:30:51
PAY-20260602-0005390,TRP-20260602-0005390,29.81,stc_pay,settled,2026-06-03 01:50:27
PAY-20260602-0005391,TRP-20260602-0005391,17.52,mada,settled,2026-06-02 22:47:55
PAY-20260602-0005392,TRP-20260602-0005392,54.86,mada,settled,2026-06-03 00:44:32
PAY-20260602-0005393,TRP-20260602-0005393,96.03,mada,settled,2026-06-02 11:35:06
PAY-20260602-0005394,TRP-20260602-0005394,29.39,apple_pay,settled,2026-06-02 06:56:38
PAY-20260602-0005395,TRP-20260602-0005395,36.40,wallet,settled,2026-06-02 18:39:38
PAY-20260602-0005396,TRP-20260602-0005396,25.39,mada,pending,2026-06-03 02:45:34
PAY-20260602-0005397,TRP-20260602-0005397,25.85,mada,settled,2026-06-02 12:13:12
PAY-20260602-0005398,TRP-20260602-0005398,24.41,credit_card,settled,2026-06-02 12:54:54
PAY-20260602-0005399,TRP-20260602-0005399,49.67,wallet,settled,2026-06-03 01:41:32
PAY-20260602-0005400,TRP-20260602-0005400,21.11,stc_pay,settled,2026-06-02 07:00:44
PAY-20260602-0005401,TRP-20260602-0005401,24.18,mada,settled,2026-06-02 13:43:31
PAY-20260602-0005402,TRP-20260602-0005402,45.08,credit_card,settled,2026-06-02 20:54:29
PAY-20260602-0005403,TRP-20260602-0005403,34.26,credit_card,settled,2026-06-02 17:54:39
PAY-20260602-0005404,TRP-20260602-0005404,67.09,mada,settled,2026-06-03 00:43:46
PAY-20260602-0005406,TRP-20260602-0005406,25.98,mada,settled,2026-06-02 17:47:33
PAY-20260602-0005407,TRP-20260602-0005407,16.87,stc_pay,settled,2026-06-02 06:33:47
PAY-20260602-0005408,TRP-20260602-0005408,65.71,mada,settled,2026-06-02 02:35:59
PAY-20260602-0005409,TRP-20260602-0005409,42.01,credit_card,settled,2026-06-02 11:40:21
PAY-20260602-0005410,TRP-20260602-0005410,8.00,wallet,settled,2026-06-02 00:55:15
PAY-20260602-0005411,TRP-20260602-0005411,55.01,mada,settled,2026-06-02 20:45:10
PAY-20260602-0005412,TRP-20260602-0005412,47.71,mada,settled,2026-06-02 22:05:55
PAY-20260602-0005413,TRP-20260602-0005413,105.77,mada,settled,2026-06-02 06:32:57
PAY-20260602-0005414,TRP-20260602-0005414,87.33,stc_pay,settled,2026-06-03 01:09:35
PAY-20260602-0005416,TRP-20260602-0005416,42.34,cash,settled,2026-06-02 20:15:13
PAY-20260602-0005417,TRP-20260602-0005417,59.24,mada,settled,2026-06-02 19:26:40
PAY-20260602-0005418,TRP-20260602-0005418,151.86,mada,settled,2026-06-03 06:01:45
PAY-20260602-0005419,TRP-20260602-0005419,86.13,mada,settled,2026-06-03 05:52:20
PAY-20260602-0005420,TRP-20260602-0005420,16.92,mada,pending,2026-06-02 16:56:33
PAY-20260602-0005421,TRP-20260602-0005421,30.52,credit_card,settled,2026-06-02 19:30:33
PAY-20260602-0005422,TRP-20260602-0005422,21.17,apple_pay,settled,2026-06-02 04:44:54
PAY-20260602-0005423,TRP-20260602-0005423,14.19,mada,settled,2026-06-02 14:13:32
PAY-20260602-0005424,TRP-20260602-0005424,43.26,apple_pay,settled,2026-06-02 14:02:11
PAY-20260602-0005425,TRP-20260602-0005425,28.03,credit_card,settled,2026-06-03 05:39:21
PAY-20260602-0005426,TRP-20260602-0005426,24.69,mada,settled,2026-06-02 18:38:47
PAY-20260602-0005427,TRP-20260602-0005427,27.56,wallet,settled,2026-06-02 04:37:22
PAY-20260602-0005428,TRP-20260602-0005428,69.05,stc_pay,settled,2026-06-02 10:25:31
PAY-20260602-0005429,TRP-20260602-0005429,33.85,wallet,settled,2026-06-02 10:32:50
PAY-20260602-0005430,TRP-20260602-0005430,30.91,credit_card,settled,2026-06-02 09:35:08
PAY-20260602-0005431,TRP-20260602-0005431,12.63,stc_pay,settled,2026-06-01 23:46:57
PAY-20260602-0005432,TRP-20260602-0005432,14.77,mada,pending,2026-06-02 13:39:27
PAY-20260602-0005433,TRP-20260602-0005433,46.07,cash,settled,2026-06-02 05:11:32
PAY-20260602-0005434,TRP-20260602-0005434,39.95,credit_card,settled,2026-06-02 17:31:33
PAY-20260602-0005435,TRP-20260602-0005435,43.46,apple_pay,settled,2026-06-02 13:10:09
PAY-20260602-0005436,TRP-20260602-0005436,37.65,mada,settled,2026-06-02 17:55:05
PAY-20260602-0005437,TRP-20260602-0005437,26.35,mada,settled,2026-06-03 06:05:06
PAY-20260602-0005438,TRP-20260602-0005438,16.75,mada,settled,2026-06-02 21:37:53
PAY-20260602-0005439,TRP-20260602-0005439,67.41,stc_pay,settled,2026-06-03 12:06:56
PAY-20260602-0005440,TRP-20260602-0005440,39.32,apple_pay,settled,2026-06-02 08:24:57
PAY-20260602-0005441,TRP-20260602-0005441,49.60,mada,settled,2026-06-02 23:38:48
PAY-20260602-0005442,TRP-20260602-0005442,19.85,stc_pay,settled,2026-06-02 22:00:38
PAY-20260602-0005443,TRP-20260602-0005443,17.94,mada,settled,2026-06-02 09:28:39
PAY-20260602-0005444,TRP-20260602-0005444,38.29,mada,settled,2026-06-02 20:04:55
PAY-20260602-0005445,TRP-20260602-0005445,86.21,credit_card,settled,2026-06-02 18:28:33
PAY-20260602-0005446,TRP-20260602-0005446,39.88,credit_card,settled,2026-06-02 17:52:38
PAY-20260602-0005447,TRP-20260602-0005447,21.42,credit_card,settled,2026-06-02 05:04:33
PAY-20260602-0005448,TRP-20260602-0005448,63.94,stc_pay,settled,2026-06-02 14:41:52
PAY-20260602-0005449,TRP-20260602-0005449,33.34,apple_pay,settled,2026-06-02 23:56:41
PAY-20260602-0005450,TRP-20260602-0005450,12.34,apple_pay,settled,2026-06-02 17:11:32
PAY-20260602-0005451,TRP-20260602-0005451,55.86,stc_pay,settled,2026-06-02 07:48:51
PAY-20260602-0005452,TRP-20260602-0005452,15.59,mada,settled,2026-06-02 19:35:44
PAY-20260602-0005453,TRP-20260602-0005453,40.33,apple_pay,settled,2026-06-02 17:57:02
PAY-20260602-0005454,TRP-20260602-0005454,25.86,mada,settled,2026-06-02 11:36:08
PAY-20260602-0005455,TRP-20260602-0005455,13.79,cash,settled,2026-06-02 09:15:32
PAY-20260602-0005456,TRP-20260602-0005456,14.99,apple_pay,settled,2026-06-03 13:18:35
PAY-20260602-0005457,TRP-20260602-0005457,32.69,cash,settled,2026-06-02 19:08:20
PAY-20260602-0005458,TRP-20260602-0005458,55.64,credit_card,settled,2026-06-02 11:33:26
PAY-20260602-0005459,TRP-20260602-0005459,6.00,mada,settled,2026-06-02 13:07:59
PAY-20260602-0005460,TRP-20260602-0005460,50.19,stc_pay,settled,2026-06-02 14:05:01
PAY-20260602-0005461,TRP-20260602-0005461,141.62,cash,settled,2026-06-02 17:54:37
PAY-20260602-0005462,TRP-20260602-0005462,27.88,mada,settled,2026-06-02 08:43:30
PAY-20260602-0005463,TRP-20260602-0005463,26.36,credit_card,settled,2026-06-03 14:58:32
PAY-20260602-0005464,TRP-20260602-0005464,21.66,credit_card,settled,2026-06-02 17:44:35
PAY-20260602-0005465,TRP-20260602-0005465,123.35,mada,settled,2026-06-03 08:36:44
PAY-20260602-0005466,TRP-20260602-0005466,21.81,mada,settled,2026-06-03 02:56:55
PAY-20260602-0005467,TRP-20260602-0005467,37.51,credit_card,settled,2026-06-02 08:24:48
PAY-20260602-0005468,TRP-20260602-0005468,21.20,cash,settled,2026-06-02 08:15:14
PAY-20260602-0005469,TRP-20260602-0005469,27.15,apple_pay,settled,2026-06-02 18:49:53
PAY-20260602-0005470,TRP-20260602-0005470,63.47,apple_pay,settled,2026-06-02 09:16:18
PAY-20260602-0005471,TRP-20260602-0005471,26.79,wallet,pending,2026-06-02 11:32:26
PAY-20260602-0005473,TRP-20260602-0005473,29.80,mada,settled,2026-06-02 11:32:11
PAY-20260602-0005474,TRP-20260602-0005474,66.96,credit_card,settled,2026-06-02 11:07:23
PAY-20260602-0005475,TRP-20260602-0005475,29.99,cash,settled,2026-06-02 11:55:55
PAY-20260602-0005476,TRP-20260602-0005476,30.11,mada,settled,2026-06-02 19:56:46
PAY-20260602-0005477,TRP-20260602-0005477,19.23,mada,failed,2026-06-02 16:22:03
PAY-20260602-0005478,TRP-20260602-0005478,16.05,credit_card,settled,2026-06-02 20:28:52
PAY-20260602-0005479,TRP-20260602-0005479,12.96,credit_card,settled,2026-06-02 06:10:17
PAY-20260602-0005480,TRP-20260602-0005480,19.22,cash,settled,2026-06-02 09:05:54
PAY-20260602-0005481,TRP-20260602-0005481,25.58,credit_card,settled,2026-06-02 13:28:42
PAY-20260602-0005482,TRP-20260602-0005482,12.00,cash,settled,2026-06-02 11:12:55
PAY-20260602-0005483,TRP-20260602-0005483,30.05,mada,settled,2026-06-02 15:17:13
PAY-20260602-0005484,TRP-20260602-0005484,58.44,cash,settled,2026-06-02 14:18:31
PAY-20260602-0005485,TRP-20260602-0005485,39.25,mada,failed,2026-06-02 16:10:36
PAY-20260602-0005486,TRP-20260602-0005486,71.18,credit_card,settled,2026-06-02 16:26:31
PAY-20260602-0005487,TRP-20260602-0005487,18.96,mada,settled,2026-06-02 09:08:15
PAY-20260602-0005488,TRP-20260602-0005488,8.00,cash,settled,2026-06-02 16:20:10
PAY-20260602-0005489,TRP-20260602-0005489,14.18,mada,settled,2026-06-02 21:07:06
PAY-20260602-0005490,TRP-20260602-0005490,36.33,stc_pay,settled,2026-06-03 14:37:23
PAY-20260602-0005491,TRP-20260602-0005491,13.62,cash,settled,2026-06-02 18:17:08
PAY-20260602-0005492,TRP-20260602-0005492,72.28,stc_pay,settled,2026-06-02 08:19:42
PAY-20260602-0005493,TRP-20260602-0005493,67.66,stc_pay,settled,2026-06-02 14:48:46
PAY-20260602-0005494,TRP-20260602-0005494,55.10,mada,settled,2026-06-02 20:15:10
PAY-20260602-0005495,TRP-20260602-0005495,40.48,mada,settled,2026-06-03 02:24:14
PAY-20260602-0005496,TRP-20260602-0005496,53.98,cash,settled,2026-06-02 16:58:32
PAY-20260602-0005497,TRP-20260602-0005497,22.81,stc_pay,settled,2026-06-02 04:13:26
PAY-20260602-0005498,TRP-20260602-0005498,21.28,mada,settled,2026-06-02 22:55:18
PAY-20260602-0005499,TRP-20260602-0005499,11.00,mada,settled,2026-06-02 08:13:52
PAY-20260602-0005500,TRP-20260602-0005500,35.96,mada,settled,2026-06-02 05:42:10
PAY-20260602-0005501,TRP-20260602-0005501,24.22,wallet,settled,2026-06-02 21:41:22
PAY-20260602-0005502,TRP-20260602-0005502,33.27,mada,settled,2026-06-02 14:18:33
PAY-20260602-0005503,TRP-20260602-0005503,60.12,apple_pay,settled,2026-06-02 14:55:15
PAY-20260602-0005504,TRP-20260602-0005504,48.23,wallet,settled,2026-06-02 09:48:35
PAY-20260602-0005506,TRP-20260602-0005506,8.00,credit_card,settled,2026-06-03 11:29:53
PAY-20260602-0005507,TRP-20260602-0005507,12.00,credit_card,settled,2026-06-03 12:18:31
PAY-20260602-0005508,TRP-20260602-0005508,27.10,credit_card,settled,2026-06-02 13:26:20
PAY-20260602-0005509,TRP-20260602-0005509,38.59,credit_card,settled,2026-06-02 20:54:12
PAY-20260602-0005510,TRP-20260602-0005510,59.49,mada,settled,2026-06-03 03:43:58
PAY-20260602-0005511,TRP-20260602-0005511,33.80,credit_card,settled,2026-06-02 14:57:00
PAY-20260602-0005512,TRP-20260602-0005512,32.17,stc_pay,settled,2026-06-02 18:56:49
PAY-20260602-0005513,TRP-20260602-0005513,27.58,stc_pay,settled,2026-06-02 09:28:17
PAY-20260602-0005514,TRP-20260602-0005514,43.05,apple_pay,settled,2026-06-02 06:09:14
PAY-20260602-0005516,TRP-20260602-0005516,37.97,apple_pay,settled,2026-06-02 19:41:53
PAY-20260602-0005517,TRP-20260602-0005517,17.66,cash,settled,2026-06-02 15:03:44
PAY-20260602-0005518,TRP-20260602-0005518,84.47,apple_pay,settled,2026-06-03 01:39:22
PAY-20260602-0005519,TRP-20260602-0005519,12.91,credit_card,settled,2026-06-02 12:32:31
PAY-20260602-0005520,TRP-20260602-0005520,13.13,credit_card,settled,2026-06-03 11:09:56
PAY-20260602-0005521,TRP-20260602-0005521,17.70,wallet,settled,2026-06-02 11:45:19
PAY-20260602-0005522,TRP-20260602-0005522,36.95,credit_card,settled,2026-06-02 16:59:08
PAY-20260602-0005523,TRP-20260602-0005523,30.03,wallet,settled,2026-06-02 11:39:50
PAY-20260602-0005524,TRP-20260602-0005524,14.85,mada,settled,2026-06-02 12:18:51
PAY-20260602-0005525,TRP-20260602-0005525,20.19,mada,settled,2026-06-02 18:07:52
PAY-20260602-0005526,TRP-20260602-0005526,34.47,wallet,settled,2026-06-02 10:48:50
PAY-20260602-0005527,TRP-20260602-0005527,8.00,apple_pay,settled,2026-06-02 09:48:18
PAY-20260602-0005528,TRP-20260602-0005528,15.25,stc_pay,settled,2026-06-02 22:54:01
PAY-20260602-0005529,TRP-20260602-0005529,12.00,credit_card,settled,2026-06-02 09:49:52
PAY-20260602-0005530,TRP-20260602-0005530,61.76,cash,settled,2026-06-02 16:07:11
PAY-20260602-0005531,TRP-20260602-0005531,126.63,mada,settled,2026-06-02 17:51:55
PAY-20260602-0005532,TRP-20260602-0005532,10.81,mada,settled,2026-06-02 07:54:11
PAY-20260602-0005534,TRP-20260602-0005534,12.05,credit_card,settled,2026-06-03 03:35:58
PAY-20260602-0005535,TRP-20260602-0005535,38.07,stc_pay,settled,2026-06-02 04:45:32
PAY-20260602-0005536,TRP-20260602-0005536,6.00,credit_card,settled,2026-06-03 08:13:49
PAY-20260602-0005537,TRP-20260602-0005537,16.00,mada,refunded,2026-06-02 07:27:59
PAY-20260602-0005538,TRP-20260602-0005538,32.23,credit_card,settled,2026-06-02 13:30:13
PAY-20260602-0005539,TRP-20260602-0005539,135.00,stc_pay,settled,2026-06-02 16:18:37
PAY-20260602-0005540,TRP-20260602-0005540,29.54,credit_card,settled,2026-06-03 12:10:28
PAY-20260602-0005541,TRP-20260602-0005541,42.46,cash,settled,2026-06-02 06:33:09
PAY-20260602-0005542,TRP-20260602-0005542,34.28,apple_pay,settled,2026-06-02 21:18:15
PAY-20260602-0005543,TRP-20260602-0005543,72.43,mada,settled,2026-06-02 07:02:44
PAY-20260602-0005544,TRP-20260602-0005544,61.75,apple_pay,settled,2026-06-02 09:42:12
PAY-20260602-0005545,TRP-20260602-0005545,34.52,credit_card,settled,2026-06-02 07:33:50
PAY-20260602-0005546,TRP-20260602-0005546,22.88,mada,settled,2026-06-02 15:21:35
PAY-20260602-0005547,TRP-20260602-0005547,63.16,mada,settled,2026-06-02 16:35:52
PAY-20260602-0005548,TRP-20260602-0005548,27.17,mada,settled,2026-06-02 11:59:47
PAY-20260602-0005549,TRP-20260602-0005549,19.53,cash,settled,2026-06-02 11:08:11
PAY-20260602-0005550,TRP-20260602-0005550,10.00,credit_card,settled,2026-06-02 11:24:51
PAY-20260602-0005551,TRP-20260602-0005551,49.07,stc_pay,settled,2026-06-03 13:03:20
PAY-20260602-0005552,TRP-20260602-0005552,17.24,mada,settled,2026-06-02 17:53:07
PAY-20260602-0005553,TRP-20260602-0005553,29.41,mada,settled,2026-06-02 05:18:45
PAY-20260602-0005554,TRP-20260602-0005554,58.91,mada,settled,2026-06-02 18:43:56
PAY-20260602-0005555,TRP-20260602-0005555,14.25,apple_pay,settled,2026-06-02 13:58:46
PAY-20260602-0005556,TRP-20260602-0005556,45.95,apple_pay,settled,2026-06-03 11:23:42
PAY-20260602-0005557,TRP-20260602-0005557,24.51,mada,settled,2026-06-02 19:20:11
PAY-20260602-0005558,TRP-20260602-0005558,35.52,cash,settled,2026-06-02 15:23:35
PAY-20260602-0005559,TRP-20260602-0005559,20.49,wallet,settled,2026-06-03 05:43:13
PAY-20260602-0005560,TRP-20260602-0005560,38.12,credit_card,settled,2026-06-03 00:54:07
PAY-20260602-0005561,TRP-20260602-0005561,72.70,credit_card,settled,2026-06-02 15:36:56
PAY-20260602-0005562,TRP-20260602-0005562,46.29,mada,settled,2026-06-02 17:39:35
PAY-20260602-0005563,TRP-20260602-0005563,93.49,mada,settled,2026-06-02 21:26:32
PAY-20260602-0005564,TRP-20260602-0005564,15.40,credit_card,settled,2026-06-02 20:52:22
PAY-20260602-0005565,TRP-20260602-0005565,39.51,mada,settled,2026-06-02 10:28:19
PAY-20260602-0005566,TRP-20260602-0005566,77.93,cash,settled,2026-06-02 06:04:45
PAY-20260602-0005567,TRP-20260602-0005567,12.79,credit_card,settled,2026-06-03 12:45:18
PAY-20260602-0005568,TRP-20260602-0005568,27.37,mada,settled,2026-06-02 15:00:21
PAY-20260602-0005569,TRP-20260602-0005569,27.66,mada,settled,2026-06-02 10:23:10
PAY-20260602-0005570,TRP-20260602-0005570,31.25,credit_card,settled,2026-06-02 12:28:55
PAY-20260602-0005571,TRP-20260602-0005571,63.17,credit_card,settled,2026-06-02 21:24:32
PAY-20260602-0005572,TRP-20260602-0005572,13.06,apple_pay,settled,2026-06-03 02:47:10
PAY-20260602-0005573,TRP-20260602-0005573,84.92,stc_pay,settled,2026-06-02 17:05:22
PAY-20260602-0005574,TRP-20260602-0005574,10.72,cash,settled,2026-06-02 19:02:39
PAY-20260602-0005575,TRP-20260602-0005575,18.85,cash,settled,2026-06-02 17:17:09
PAY-20260602-0005576,TRP-20260602-0005576,29.30,credit_card,settled,2026-06-02 13:41:31
PAY-20260602-0005577,TRP-20260602-0005577,19.00,mada,settled,2026-06-02 12:17:17
PAY-20260602-0005578,TRP-20260602-0005578,34.03,mada,failed,2026-06-03 13:30:50
PAY-20260602-0005579,TRP-20260602-0005579,129.83,cash,settled,2026-06-02 11:59:10
PAY-20260602-0005580,TRP-20260602-0005580,29.22,cash,settled,2026-06-02 15:31:46
PAY-20260602-0005581,TRP-20260602-0005581,19.12,credit_card,settled,2026-06-02 13:03:04
PAY-20260602-0005582,TRP-20260602-0005582,37.84,wallet,settled,2026-06-02 14:00:27
PAY-20260602-0005583,TRP-20260602-0005583,131.51,wallet,settled,2026-06-02 16:50:47
PAY-20260602-0005585,TRP-20260602-0005585,31.48,stc_pay,settled,2026-06-02 15:39:02
PAY-20260602-0005586,TRP-20260602-0005586,17.35,cash,settled,2026-06-02 14:11:27
PAY-20260602-0005587,TRP-20260602-0005587,91.20,mada,settled,2026-06-02 07:24:14
PAY-20260602-0005588,TRP-20260602-0005588,13.49,credit_card,settled,2026-06-03 00:55:38
PAY-20260602-0005589,TRP-20260602-0005589,36.75,apple_pay,settled,2026-06-02 11:11:40
PAY-20260602-0005590,TRP-20260602-0005590,26.31,cash,settled,2026-06-02 16:55:40
PAY-20260602-0005591,TRP-20260602-0005591,95.08,mada,settled,2026-06-03 05:17:31
PAY-20260602-0005592,TRP-20260602-0005592,55.19,credit_card,settled,2026-06-02 19:24:19
PAY-20260602-0005593,TRP-20260602-0005593,56.79,cash,settled,2026-06-02 11:36:36
PAY-20260602-0005594,TRP-20260602-0005594,69.24,mada,settled,2026-06-02 14:07:11
PAY-20260602-0005595,TRP-20260602-0005595,46.91,mada,settled,2026-06-03 09:43:47
PAY-20260602-0005596,TRP-20260602-0005596,59.49,stc_pay,settled,2026-06-02 04:33:04
PAY-20260602-0005597,TRP-20260602-0005597,17.62,cash,settled,2026-06-02 19:50:31
PAY-20260602-0005598,TRP-20260602-0005598,77.68,mada,settled,2026-06-02 12:14:14
PAY-20260602-0005599,TRP-20260602-0005599,13.09,mada,settled,2026-06-02 10:44:41
PAY-20260602-0005601,TRP-20260602-0005601,14.45,mada,settled,2026-06-02 17:04:13
PAY-20260602-0005602,TRP-20260602-0005602,72.36,stc_pay,settled,2026-06-02 19:54:45
PAY-20260602-0005603,TRP-20260602-0005603,95.00,credit_card,settled,2026-06-02 07:27:29
PAY-20260602-0005604,TRP-20260602-0005604,71.64,apple_pay,settled,2026-06-02 16:33:57
PAY-20260602-0005605,TRP-20260602-0005605,20.43,credit_card,settled,2026-06-02 18:01:32
PAY-20260602-0005606,TRP-20260602-0005606,31.65,mada,settled,2026-06-02 16:53:05
PAY-20260602-0005607,TRP-20260602-0005607,26.94,mada,settled,2026-06-03 02:34:47
PAY-20260602-0005608,TRP-20260602-0005608,10.92,mada,settled,2026-06-02 19:01:34
PAY-20260602-0005609,TRP-20260602-0005609,29.73,mada,settled,2026-06-02 11:34:26
PAY-20260602-0005610,TRP-20260602-0005610,21.63,mada,settled,2026-06-03 05:57:53
PAY-20260602-0005611,TRP-20260602-0005611,77.10,credit_card,settled,2026-06-03 07:12:22
PAY-20260602-0005612,TRP-20260602-0005612,12.65,credit_card,settled,2026-06-02 11:28:54
PAY-20260602-0005613,TRP-20260602-0005613,17.23,cash,settled,2026-06-02 13:21:56
PAY-20260602-0005614,TRP-20260602-0005614,51.42,mada,settled,2026-06-02 13:37:35
PAY-20260602-0005615,TRP-20260602-0005615,31.82,mada,settled,2026-06-02 12:20:09
PAY-20260602-0005616,TRP-20260602-0005616,22.57,credit_card,settled,2026-06-02 22:10:53
PAY-20260602-0005617,TRP-20260602-0005617,18.50,mada,settled,2026-06-02 18:04:13
PAY-20260602-0005618,TRP-20260602-0005618,69.87,mada,settled,2026-06-03 04:46:29
PAY-20260602-0005619,TRP-20260602-0005619,82.47,stc_pay,settled,2026-06-03 11:05:29
PAY-20260602-0005620,TRP-20260602-0005620,65.48,mada,settled,2026-06-03 04:32:56
PAY-20260602-0005621,TRP-20260602-0005621,72.55,mada,settled,2026-06-02 12:43:50
PAY-20260602-0005622,TRP-20260602-0005622,38.60,mada,settled,2026-06-02 05:26:53
PAY-20260602-0005623,TRP-20260602-0005623,28.24,mada,settled,2026-06-02 18:00:47
PAY-20260602-0005624,TRP-20260602-0005624,10.00,mada,settled,2026-06-02 14:02:36
PAY-20260602-0005625,TRP-20260602-0005625,92.52,apple_pay,settled,2026-06-02 17:29:01
PAY-20260602-0005626,TRP-20260602-0005626,30.01,credit_card,failed,2026-06-02 22:25:03
PAY-20260602-0005627,TRP-20260602-0005627,8.00,stc_pay,settled,2026-06-03 09:29:07
PAY-20260602-0005628,TRP-20260602-0005628,83.56,cash,settled,2026-06-02 19:03:49
PAY-20260602-0005629,TRP-20260602-0005629,74.53,credit_card,settled,2026-06-02 13:14:22
PAY-20260602-0005630,TRP-20260602-0005630,66.26,mada,failed,2026-06-02 22:36:24
PAY-20260602-0005631,TRP-20260602-0005631,27.46,credit_card,failed,2026-06-02 20:06:45
PAY-20260602-0005632,TRP-20260602-0005632,67.59,mada,settled,2026-06-02 14:23:15
PAY-20260602-0005633,TRP-20260602-0005633,48.21,apple_pay,settled,2026-06-02 13:52:28
PAY-20260602-0005634,TRP-20260602-0005634,21.40,stc_pay,settled,2026-06-03 00:03:30
PAY-20260602-0005635,TRP-20260602-0005635,45.95,mada,settled,2026-06-02 10:12:23
PAY-20260602-0005636,TRP-20260602-0005636,13.27,wallet,settled,2026-06-03 06:05:35
PAY-20260602-0005637,TRP-20260602-0005637,40.43,mada,settled,2026-06-03 03:06:52
PAY-20260602-0005638,TRP-20260602-0005638,28.43,mada,settled,2026-06-03 04:45:09
PAY-20260602-0005639,TRP-20260602-0005639,28.97,mada,settled,2026-06-02 13:54:26
PAY-20260602-0005640,TRP-20260602-0005640,16.86,apple_pay,pending,2026-06-02 08:36:21
PAY-20260602-0005641,TRP-20260602-0005641,22.44,mada,settled,2026-06-02 05:03:43
PAY-20260602-0005642,TRP-20260602-0005642,53.76,mada,settled,2026-06-03 13:43:18
PAY-20260602-0005644,TRP-20260602-0005644,67.47,cash,settled,2026-06-02 14:10:29
PAY-20260602-0005645,TRP-20260602-0005645,109.09,mada,settled,2026-06-02 07:19:49
PAY-20260602-0005646,TRP-20260602-0005646,54.83,stc_pay,settled,2026-06-03 07:20:24
PAY-20260602-0005647,TRP-20260602-0005647,10.00,credit_card,settled,2026-06-02 10:37:00
PAY-20260602-0005648,TRP-20260602-0005648,55.84,mada,settled,2026-06-02 07:43:51
PAY-20260602-0005649,TRP-20260602-0005649,37.14,wallet,settled,2026-06-02 15:32:33
PAY-20260602-0005650,TRP-20260602-0005650,59.75,wallet,settled,2026-06-02 13:14:55
PAY-20260602-0005651,TRP-20260602-0005651,91.24,credit_card,settled,2026-06-02 16:53:54
PAY-20260602-0005652,TRP-20260602-0005652,25.98,mada,settled,2026-06-02 14:57:17
PAY-20260602-0005653,TRP-20260602-0005653,6.00,credit_card,settled,2026-06-03 02:09:17
PAY-20260602-0005654,TRP-20260602-0005654,21.46,credit_card,settled,2026-06-02 08:42:49
PAY-20260602-0005655,TRP-20260602-0005655,64.22,mada,settled,2026-06-02 16:44:16
PAY-20260602-0005656,TRP-20260602-0005656,87.14,cash,settled,2026-06-02 17:23:11
PAY-20260602-0005657,TRP-20260602-0005657,17.96,apple_pay,settled,2026-06-02 13:43:11
PAY-20260602-0005658,TRP-20260602-0005658,61.96,credit_card,settled,2026-06-02 08:34:08
PAY-20260602-0005659,TRP-20260602-0005659,42.38,mada,settled,2026-06-02 05:17:19
PAY-20260602-0005660,TRP-20260602-0005660,47.48,mada,settled,2026-06-02 07:16:01
PAY-20260602-0005661,TRP-20260602-0005661,22.24,credit_card,settled,2026-06-02 08:39:51
PAY-20260602-0005662,TRP-20260602-0005662,16.44,credit_card,settled,2026-06-02 09:49:10
PAY-20260602-0005663,TRP-20260602-0005663,20.05,wallet,settled,2026-06-02 08:52:23
PAY-20260602-0005664,TRP-20260602-0005664,12.00,cash,settled,2026-06-02 17:06:24
PAY-20260602-0005665,TRP-20260602-0005665,37.48,mada,settled,2026-06-02 07:51:22
PAY-20260602-0005666,TRP-20260602-0005666,17.06,mada,settled,2026-06-02 06:43:50
PAY-20260602-0005667,TRP-20260602-0005667,20.62,apple_pay,settled,2026-06-02 04:29:43
PAY-20260602-0005668,TRP-20260602-0005668,17.78,mada,settled,2026-06-02 08:44:36
PAY-20260602-0005669,TRP-20260602-0005669,35.74,credit_card,settled,2026-06-02 14:08:33
PAY-20260602-0005670,TRP-20260602-0005670,42.33,apple_pay,settled,2026-06-03 17:30:57
PAY-20260602-0005671,TRP-20260602-0005671,12.89,credit_card,settled,2026-06-02 22:45:04
PAY-20260602-0005672,TRP-20260602-0005672,39.44,mada,pending,2026-06-02 01:47:47
PAY-20260602-0005673,TRP-20260602-0005673,57.62,mada,settled,2026-06-02 17:28:45
PAY-20260602-0005674,TRP-20260602-0005674,14.30,wallet,settled,2026-06-03 11:22:23
PAY-20260602-0005675,TRP-20260602-0005675,41.52,cash,settled,2026-06-02 15:12:25
PAY-20260602-0005676,TRP-20260602-0005676,52.88,credit_card,settled,2026-06-02 18:40:19
PAY-20260602-0005677,TRP-20260602-0005677,6.00,cash,settled,2026-06-02 04:20:48
PAY-20260602-0005678,TRP-20260602-0005678,16.12,credit_card,settled,2026-06-02 20:04:51
PAY-20260602-0005679,TRP-20260602-0005679,21.49,mada,settled,2026-06-02 21:01:35
PAY-20260602-0005680,TRP-20260602-0005680,82.78,mada,settled,2026-06-02 06:36:26
PAY-20260602-0005681,TRP-20260602-0005681,32.91,wallet,settled,2026-06-02 06:46:19
PAY-20260602-0005682,TRP-20260602-0005682,42.60,apple_pay,settled,2026-06-02 18:21:30
PAY-20260602-0005683,TRP-20260602-0005683,27.91,mada,settled,2026-06-03 07:10:37
PAY-20260602-0005684,TRP-20260602-0005684,19.50,cash,settled,2026-06-02 12:27:15
PAY-20260602-0005685,TRP-20260602-0005685,110.29,mada,settled,2026-06-02 15:24:02
PAY-20260602-0005686,TRP-20260602-0005686,87.76,mada,settled,2026-06-02 19:15:04
PAY-20260602-0005687,TRP-20260602-0005687,23.68,cash,settled,2026-06-02 04:28:29
PAY-20260602-0005688,TRP-20260602-0005688,39.15,mada,settled,2026-06-02 10:58:42
PAY-20260602-0005689,TRP-20260602-0005689,87.12,cash,settled,2026-06-02 16:21:46
PAY-20260602-0005690,TRP-20260602-0005690,20.15,cash,settled,2026-06-02 19:26:27
PAY-20260602-0005691,TRP-20260602-0005691,50.73,mada,settled,2026-06-03 10:26:29
PAY-20260602-0005692,TRP-20260602-0005692,47.16,credit_card,settled,2026-06-02 12:42:36
PAY-20260602-0005693,TRP-20260602-0005693,44.63,credit_card,settled,2026-06-03 00:07:23
PAY-20260602-0005694,TRP-20260602-0005694,35.36,wallet,settled,2026-06-03 00:04:21
PAY-20260602-0005695,TRP-20260602-0005695,66.00,cash,settled,2026-06-02 14:40:34
PAY-20260602-0005696,TRP-20260602-0005696,8.00,cash,settled,2026-06-02 15:26:19
PAY-20260602-0005697,TRP-20260602-0005697,15.03,mada,settled,2026-06-02 08:08:56
PAY-20260602-0005698,TRP-20260602-0005698,25.08,apple_pay,settled,2026-06-02 15:17:24
PAY-20260602-0005699,TRP-20260602-0005699,24.15,credit_card,settled,2026-06-02 06:09:59
PAY-20260602-0005700,TRP-20260602-0005700,10.00,apple_pay,settled,2026-06-02 13:17:33
PAY-20260602-0005701,TRP-20260602-0005701,14.72,mada,settled,2026-06-01 22:58:02
PAY-20260602-0005702,TRP-20260602-0005702,70.27,mada,settled,2026-06-02 19:05:35
PAY-20260602-0005703,TRP-20260602-0005703,16.87,credit_card,settled,2026-06-02 15:57:47
PAY-20260602-0005704,TRP-20260602-0005704,198.90,credit_card,settled,2026-06-03 12:36:37
PAY-20260602-0005705,TRP-20260602-0005705,83.54,cash,settled,2026-06-02 05:37:24
PAY-20260602-0005706,TRP-20260602-0005706,22.17,credit_card,settled,2026-06-02 17:04:01
PAY-20260602-0005707,TRP-20260602-0005707,22.14,cash,settled,2026-06-02 08:30:59
PAY-20260602-0005708,TRP-20260602-0005708,19.15,mada,settled,2026-06-01 21:31:11
PAY-20260602-0005709,TRP-20260602-0005709,42.94,credit_card,settled,2026-06-02 10:34:47
PAY-20260602-0005710,TRP-20260602-0005710,31.60,credit_card,settled,2026-06-02 21:04:07
PAY-20260602-0005711,TRP-20260602-0005711,26.47,mada,settled,2026-06-02 05:23:10
PAY-20260602-0005712,TRP-20260602-0005712,29.20,apple_pay,settled,2026-06-02 23:00:11
PAY-20260602-0005713,TRP-20260602-0005713,24.33,mada,settled,2026-06-02 06:51:00
PAY-20260602-0005714,TRP-20260602-0005714,95.55,mada,settled,2026-06-02 17:30:35
PAY-20260602-0005715,TRP-20260602-0005715,53.57,mada,settled,2026-06-02 14:59:09
PAY-20260602-0005716,TRP-20260602-0005716,23.30,cash,settled,2026-06-02 04:28:42
PAY-20260602-0005717,TRP-20260602-0005717,29.36,mada,settled,2026-06-03 01:57:56
PAY-20260602-0005718,TRP-20260602-0005718,30.72,credit_card,settled,2026-06-03 04:26:23
PAY-20260602-0005719,TRP-20260602-0005719,8.00,mada,settled,2026-06-02 20:50:02
PAY-20260602-0005720,TRP-20260602-0005720,24.54,stc_pay,settled,2026-06-02 19:56:19
PAY-20260602-0005721,TRP-20260602-0005721,52.79,stc_pay,settled,2026-06-02 05:41:05
PAY-20260602-0005722,TRP-20260602-0005722,31.35,apple_pay,settled,2026-06-02 17:01:14
PAY-20260602-0005723,TRP-20260602-0005723,27.01,apple_pay,settled,2026-06-03 03:35:06
PAY-20260602-0005724,TRP-20260602-0005724,13.14,wallet,settled,2026-06-02 15:51:49
PAY-20260602-0005725,TRP-20260602-0005725,31.60,apple_pay,settled,2026-06-02 17:25:52
PAY-20260602-0005726,TRP-20260602-0005726,31.42,apple_pay,settled,2026-06-02 13:45:14
PAY-20260602-0005727,TRP-20260602-0005727,16.60,credit_card,settled,2026-06-02 08:11:29
PAY-20260602-0005728,TRP-20260602-0005728,56.41,credit_card,settled,2026-06-02 21:04:30
PAY-20260602-0005729,TRP-20260602-0005729,20.16,mada,settled,2026-06-02 06:03:20
PAY-20260602-0005730,TRP-20260602-0005730,62.66,cash,settled,2026-06-02 03:46:46
PAY-20260602-0005731,TRP-20260602-0005731,13.76,wallet,settled,2026-06-02 10:34:54
PAY-20260602-0005732,TRP-20260602-0005732,41.74,cash,settled,2026-06-02 16:00:38
PAY-20260602-0005733,TRP-20260602-0005733,26.40,mada,settled,2026-06-02 16:27:27
PAY-20260602-0005734,TRP-20260602-0005734,22.27,mada,settled,2026-06-02 22:39:09
PAY-20260602-0005735,TRP-20260602-0005735,66.68,mada,settled,2026-06-03 04:54:14
PAY-20260602-0005736,TRP-20260602-0005736,19.94,apple_pay,settled,2026-06-02 00:58:59
PAY-20260602-0005737,TRP-20260602-0005737,41.22,cash,settled,2026-06-02 08:17:37
PAY-20260602-0005738,TRP-20260602-0005738,26.14,stc_pay,settled,2026-06-02 18:25:18
PAY-20260602-0005739,TRP-20260602-0005739,34.08,stc_pay,settled,2026-06-02 08:47:21
PAY-20260602-0005740,TRP-20260602-0005740,16.42,credit_card,settled,2026-06-02 20:15:55
PAY-20260602-0005741,TRP-20260602-0005741,63.20,stc_pay,settled,2026-06-02 21:22:33
PAY-20260602-0005742,TRP-20260602-0005742,21.83,credit_card,settled,2026-06-02 07:06:33
PAY-20260602-0005743,TRP-20260602-0005743,43.12,apple_pay,settled,2026-06-02 22:44:31
PAY-20260602-0005744,TRP-20260602-0005744,54.33,cash,settled,2026-06-02 12:30:57
PAY-20260602-0005745,TRP-20260602-0005745,48.05,mada,settled,2026-06-02 06:26:58
PAY-20260602-0005746,TRP-20260602-0005746,18.65,credit_card,settled,2026-06-02 23:16:01
PAY-20260602-0005747,TRP-20260602-0005747,14.83,stc_pay,pending,2026-06-02 11:36:44
PAY-20260602-0005748,TRP-20260602-0005748,20.70,mada,failed,2026-06-03 03:11:55
PAY-20260602-0005749,TRP-20260602-0005749,20.51,stc_pay,settled,2026-06-02 20:44:15
PAY-20260602-0005750,TRP-20260602-0005750,32.03,mada,settled,2026-06-02 19:30:14
PAY-20260602-0005751,TRP-20260602-0005751,16.82,apple_pay,settled,2026-06-02 09:41:07
PAY-20260602-0005752,TRP-20260602-0005752,27.92,stc_pay,settled,2026-06-02 17:18:50
PAY-20260602-0005753,TRP-20260602-0005753,16.33,mada,settled,2026-06-02 10:19:43
PAY-20260602-0005754,TRP-20260602-0005754,34.52,mada,settled,2026-06-02 07:50:24
PAY-20260602-0005755,TRP-20260602-0005755,19.98,cash,settled,2026-06-02 07:21:17
PAY-20260602-0005756,TRP-20260602-0005756,13.39,stc_pay,settled,2026-06-02 18:58:38
PAY-20260602-0005757,TRP-20260602-0005757,22.67,stc_pay,settled,2026-06-02 17:41:00
PAY-20260602-0005758,TRP-20260602-0005758,26.24,mada,settled,2026-06-02 05:57:06
PAY-20260602-0005759,TRP-20260602-0005759,12.00,mada,settled,2026-06-02 15:36:17
PAY-20260602-0005760,TRP-20260602-0005760,8.00,apple_pay,settled,2026-06-02 15:32:35
PAY-20260602-0005761,TRP-20260602-0005761,12.00,credit_card,settled,2026-06-02 15:23:21
PAY-20260602-0005762,TRP-20260602-0005762,27.92,credit_card,settled,2026-06-02 13:36:45
PAY-20260602-0005763,TRP-20260602-0005763,129.51,cash,settled,2026-06-02 19:41:35
PAY-20260602-0005764,TRP-20260602-0005764,28.52,apple_pay,settled,2026-06-02 19:17:05
PAY-20260602-0005765,TRP-20260602-0005765,8.00,mada,settled,2026-06-02 09:42:14
PAY-20260602-0005766,TRP-20260602-0005766,29.03,mada,settled,2026-06-02 16:31:15
PAY-20260602-0005767,TRP-20260602-0005767,27.11,mada,settled,2026-06-02 17:12:35
PAY-20260602-0005768,TRP-20260602-0005768,51.77,apple_pay,settled,2026-06-02 09:37:04
PAY-20260602-0005770,TRP-20260602-0005770,88.43,credit_card,settled,2026-06-02 14:38:56
PAY-20260602-0005771,TRP-20260602-0005771,33.02,mada,settled,2026-06-02 17:13:35
PAY-20260602-0005772,TRP-20260602-0005772,24.09,apple_pay,settled,2026-06-02 18:17:43
PAY-20260602-0005773,TRP-20260602-0005773,33.08,apple_pay,settled,2026-06-02 17:57:21
PAY-20260602-0005774,TRP-20260602-0005774,10.00,credit_card,settled,2026-06-03 05:37:59
PAY-20260602-0005775,TRP-20260602-0005775,26.19,mada,settled,2026-06-02 07:12:47
PAY-20260602-0005776,TRP-20260602-0005776,121.57,credit_card,settled,2026-06-02 13:11:31
PAY-20260602-0005777,TRP-20260602-0005777,29.79,mada,settled,2026-06-02 00:18:33
PAY-20260602-0005778,TRP-20260602-0005778,33.53,mada,settled,2026-06-02 07:19:43
PAY-20260602-0005779,TRP-20260602-0005779,13.15,stc_pay,settled,2026-06-02 12:15:27
PAY-20260602-0005780,TRP-20260602-0005780,15.81,credit_card,settled,2026-06-02 05:22:28
PAY-20260602-0005781,TRP-20260602-0005781,65.63,stc_pay,settled,2026-06-02 04:11:50
PAY-20260602-0005782,TRP-20260602-0005782,33.36,credit_card,settled,2026-06-02 14:05:19
PAY-20260602-0005783,TRP-20260602-0005783,79.57,credit_card,settled,2026-06-02 07:00:23
PAY-20260602-0005784,TRP-20260602-0005784,20.77,wallet,settled,2026-06-02 05:33:13
PAY-20260602-0005785,TRP-20260602-0005785,20.68,mada,settled,2026-06-02 19:30:33
PAY-20260602-0005786,TRP-20260602-0005786,31.72,credit_card,settled,2026-06-02 11:09:32
PAY-20260602-0005787,TRP-20260602-0005787,59.75,stc_pay,settled,2026-06-02 16:04:24
PAY-20260602-0005788,TRP-20260602-0005788,26.79,credit_card,settled,2026-06-02 06:13:34
PAY-20260602-0005789,TRP-20260602-0005789,32.60,credit_card,settled,2026-06-02 17:17:46
PAY-20260602-0005790,TRP-20260602-0005790,31.20,credit_card,settled,2026-06-02 16:17:51
PAY-20260602-0005791,TRP-20260602-0005791,32.23,stc_pay,settled,2026-06-03 11:19:57
PAY-20260602-0005792,TRP-20260602-0005792,18.18,mada,settled,2026-06-02 09:26:04
PAY-20260602-0005793,TRP-20260602-0005793,25.86,cash,settled,2026-06-02 16:33:59
PAY-20260602-0005795,TRP-20260602-0005795,86.89,cash,settled,2026-06-02 17:09:17
PAY-20260602-0005796,TRP-20260602-0005796,22.76,mada,settled,2026-06-03 07:05:44
PAY-20260602-0005797,TRP-20260602-0005797,113.50,cash,settled,2026-06-02 04:27:38
PAY-20260602-0005798,TRP-20260602-0005798,29.57,wallet,settled,2026-06-02 17:15:25
PAY-20260602-0005800,TRP-20260602-0005800,73.52,cash,settled,2026-06-02 11:16:07
PAY-20260602-0005801,TRP-20260602-0005801,19.20,stc_pay,settled,2026-06-02 16:24:44
PAY-20260602-0005802,TRP-20260602-0005802,23.64,wallet,settled,2026-06-03 07:58:50
PAY-20260602-0005803,TRP-20260602-0005803,40.36,apple_pay,settled,2026-06-02 18:33:03
PAY-20260602-0005804,TRP-20260602-0005804,19.51,mada,settled,2026-06-03 03:04:24
PAY-20260602-0005805,TRP-20260602-0005805,29.17,stc_pay,settled,2026-06-03 07:15:40
PAY-20260602-0005806,TRP-20260602-0005806,17.19,stc_pay,settled,2026-06-02 05:31:08
PAY-20260602-0005808,TRP-20260602-0005808,35.70,mada,settled,2026-06-02 18:37:25
PAY-20260602-0005809,TRP-20260602-0005809,36.90,credit_card,settled,2026-06-02 18:48:38
PAY-20260602-0005810,TRP-20260602-0005810,23.81,credit_card,settled,2026-06-03 06:43:04
PAY-20260602-0005812,TRP-20260602-0005812,35.87,credit_card,settled,2026-06-03 00:17:25
PAY-20260602-0005813,TRP-20260602-0005813,15.48,mada,settled,2026-06-02 05:34:46
PAY-20260602-0005814,TRP-20260602-0005814,16.98,credit_card,settled,2026-06-02 06:12:38
PAY-20260602-0005815,TRP-20260602-0005815,26.71,credit_card,settled,2026-06-02 18:31:57
PAY-20260602-0005816,TRP-20260602-0005816,24.81,apple_pay,settled,2026-06-02 21:15:57
PAY-20260602-0005818,TRP-20260602-0005818,13.77,mada,settled,2026-06-02 14:52:50
PAY-20260602-0005819,TRP-20260602-0005819,17.73,credit_card,settled,2026-06-02 08:07:16
PAY-20260602-0005820,TRP-20260602-0005820,136.47,credit_card,settled,2026-06-02 23:54:03
PAY-20260602-0005821,TRP-20260602-0005821,13.83,mada,settled,2026-06-02 10:47:17
PAY-20260602-0005822,TRP-20260602-0005822,59.92,stc_pay,settled,2026-06-02 21:25:32
PAY-20260602-0005823,TRP-20260602-0005823,20.32,cash,settled,2026-06-02 08:31:43
PAY-20260602-0005824,TRP-20260602-0005824,133.84,apple_pay,settled,2026-06-02 13:57:52
PAY-20260602-0005825,TRP-20260602-0005825,28.55,apple_pay,settled,2026-06-02 19:10:20
PAY-20260602-0005826,TRP-20260602-0005826,32.21,stc_pay,settled,2026-06-02 08:03:58
PAY-20260602-0005827,TRP-20260602-0005827,18.01,mada,settled,2026-06-03 14:56:48
PAY-20260602-0005828,TRP-20260602-0005828,15.22,mada,settled,2026-06-02 19:56:34
PAY-20260602-0005829,TRP-20260602-0005829,11.48,mada,settled,2026-06-02 05:28:22
PAY-20260602-0005830,TRP-20260602-0005830,23.95,stc_pay,settled,2026-06-02 08:27:40
PAY-20260602-0005831,TRP-20260602-0005831,12.36,credit_card,settled,2026-06-02 10:54:30
PAY-20260602-0005832,TRP-20260602-0005832,43.16,apple_pay,settled,2026-06-03 09:28:34
PAY-20260602-0005834,TRP-20260602-0005834,8.00,stc_pay,pending,2026-06-03 03:30:26
PAY-20260602-0005835,TRP-20260602-0005835,24.59,apple_pay,settled,2026-06-02 09:30:25
PAY-20260602-0005836,TRP-20260602-0005836,41.24,credit_card,settled,2026-06-02 15:32:33
PAY-20260602-0005837,TRP-20260602-0005837,83.62,credit_card,settled,2026-06-02 17:33:34
PAY-20260602-0005838,TRP-20260602-0005838,33.02,stc_pay,settled,2026-06-03 08:02:21
PAY-20260602-0005839,TRP-20260602-0005839,25.66,mada,settled,2026-06-02 15:03:09
PAY-20260602-0005840,TRP-20260602-0005840,79.00,cash,settled,2026-06-02 09:33:49
PAY-20260602-0005841,TRP-20260602-0005841,58.19,stc_pay,settled,2026-06-03 05:41:39
PAY-20260602-0005842,TRP-20260602-0005842,154.96,credit_card,settled,2026-06-02 19:05:32
PAY-20260602-0005843,TRP-20260602-0005843,13.03,mada,settled,2026-06-02 18:42:13
PAY-20260602-0005844,TRP-20260602-0005844,10.00,mada,settled,2026-06-02 10:30:58
PAY-20260602-0005845,TRP-20260602-0005845,20.80,credit_card,settled,2026-06-03 10:00:28
PAY-20260602-0005846,TRP-20260602-0005846,138.80,apple_pay,settled,2026-06-02 22:22:18
PAY-20260602-0005847,TRP-20260602-0005847,30.65,mada,pending,2026-06-02 20:32:34
PAY-20260602-0005848,TRP-20260602-0005848,80.20,credit_card,settled,2026-06-02 19:16:46
PAY-20260602-0005849,TRP-20260602-0005849,90.77,credit_card,settled,2026-06-02 06:09:54
PAY-20260602-0005850,TRP-20260602-0005850,29.02,mada,settled,2026-06-02 23:35:36
PAY-20260602-0005851,TRP-20260602-0005851,26.63,cash,settled,2026-06-02 05:15:18
PAY-20260602-0005852,TRP-20260602-0005852,23.07,stc_pay,settled,2026-06-02 11:38:08
PAY-20260602-0005853,TRP-20260602-0005853,81.13,apple_pay,settled,2026-06-02 06:33:47
PAY-20260602-0005854,TRP-20260602-0005854,89.25,credit_card,settled,2026-06-03 07:43:48
PAY-20260602-0005855,TRP-20260602-0005855,33.99,wallet,settled,2026-06-03 12:42:46
PAY-20260602-0005856,TRP-20260602-0005856,27.27,credit_card,settled,2026-06-03 02:13:39
PAY-20260602-0005857,TRP-20260602-0005857,26.04,credit_card,settled,2026-06-02 18:10:27
PAY-20260602-0005858,TRP-20260602-0005858,14.38,stc_pay,settled,2026-06-02 09:43:42
PAY-20260602-0005859,TRP-20260602-0005859,13.91,cash,settled,2026-06-01 21:39:58
PAY-20260602-0005861,TRP-20260602-0005861,47.96,wallet,settled,2026-06-02 18:38:01
PAY-20260602-0005862,TRP-20260602-0005862,31.01,mada,settled,2026-06-03 04:19:35
PAY-20260602-0005863,TRP-20260602-0005863,17.58,cash,settled,2026-06-02 11:17:28
PAY-20260602-0005864,TRP-20260602-0005864,26.35,credit_card,settled,2026-06-03 08:04:45
PAY-20260602-0005865,TRP-20260602-0005865,16.54,credit_card,settled,2026-06-02 17:53:56
PAY-20260602-0005866,TRP-20260602-0005866,43.62,mada,settled,2026-06-02 20:32:53
PAY-20260602-0005867,TRP-20260602-0005867,14.25,mada,settled,2026-06-02 05:33:47
PAY-20260602-0005868,TRP-20260602-0005868,60.61,apple_pay,settled,2026-06-02 07:07:34
PAY-20260602-0005870,TRP-20260602-0005870,23.08,apple_pay,settled,2026-06-02 17:32:48
PAY-20260602-0005871,TRP-20260602-0005871,27.23,stc_pay,settled,2026-06-03 02:43:52
PAY-20260602-0005872,TRP-20260602-0005872,150.01,stc_pay,settled,2026-06-03 16:15:28
PAY-20260602-0005873,TRP-20260602-0005873,41.77,credit_card,settled,2026-06-02 14:50:56
PAY-20260602-0005874,TRP-20260602-0005874,180.18,wallet,settled,2026-06-02 17:23:46
PAY-20260602-0005875,TRP-20260602-0005875,8.00,mada,settled,2026-06-02 16:12:49
PAY-20260602-0005876,TRP-20260602-0005876,39.13,mada,settled,2026-06-02 13:06:16
PAY-20260602-0005877,TRP-20260602-0005877,182.72,credit_card,settled,2026-06-02 08:52:05
PAY-20260602-0005878,TRP-20260602-0005878,79.09,apple_pay,settled,2026-06-02 07:22:58
PAY-20260602-0005879,TRP-20260602-0005879,42.56,credit_card,settled,2026-06-02 19:48:00
PAY-20260602-0005880,TRP-20260602-0005880,14.02,mada,settled,2026-06-02 12:00:54
PAY-20260602-0005882,TRP-20260602-0005882,86.60,credit_card,pending,2026-06-03 02:36:34
PAY-20260602-0005883,TRP-20260602-0005883,14.65,apple_pay,settled,2026-06-03 05:07:25
PAY-20260602-0005884,TRP-20260602-0005884,24.10,mada,failed,2026-06-02 06:56:19
PAY-20260602-0005885,TRP-20260602-0005885,21.69,apple_pay,settled,2026-06-02 22:17:03
PAY-20260602-0005886,TRP-20260602-0005886,19.65,mada,settled,2026-06-02 14:06:38
PAY-20260602-0005887,TRP-20260602-0005887,20.04,credit_card,settled,2026-06-02 20:34:48
PAY-20260602-0005888,TRP-20260602-0005888,42.42,cash,settled,2026-06-02 11:26:29
PAY-20260602-0005890,TRP-20260602-0005890,12.00,stc_pay,settled,2026-06-02 20:57:35
PAY-20260602-0005891,TRP-20260602-0005891,12.00,apple_pay,settled,2026-06-03 10:10:11
PAY-20260602-0005892,TRP-20260602-0005892,49.04,mada,settled,2026-06-02 16:12:22
PAY-20260602-0005893,TRP-20260602-0005893,11.00,mada,settled,2026-06-02 21:46:31
PAY-20260602-0005894,TRP-20260602-0005894,37.25,apple_pay,settled,2026-06-02 06:33:37
PAY-20260602-0005895,TRP-20260602-0005895,98.75,wallet,settled,2026-06-02 14:51:24
PAY-20260602-0005896,TRP-20260602-0005896,49.32,wallet,settled,2026-06-02 16:12:29
PAY-20260602-0005897,TRP-20260602-0005897,30.33,stc_pay,settled,2026-06-02 16:51:54
PAY-20260602-0005899,TRP-20260602-0005899,19.51,mada,pending,2026-06-03 03:05:46
PAY-20260602-0005900,TRP-20260602-0005900,22.24,cash,settled,2026-06-02 19:30:26
PAY-20260602-0005901,TRP-20260602-0005901,18.89,mada,settled,2026-06-02 12:13:03
PAY-20260602-0005902,TRP-20260602-0005902,22.40,apple_pay,settled,2026-06-02 18:57:30
PAY-20260602-0005903,TRP-20260602-0005903,93.78,wallet,settled,2026-06-02 20:15:48
PAY-20260602-0005904,TRP-20260602-0005904,52.44,apple_pay,settled,2026-06-02 11:50:36
PAY-20260602-0005905,TRP-20260602-0005905,34.61,apple_pay,settled,2026-06-03 04:59:25
PAY-20260602-0005906,TRP-20260602-0005906,78.40,credit_card,settled,2026-06-02 06:06:41
PAY-20260602-0005907,TRP-20260602-0005907,25.34,mada,settled,2026-06-03 07:12:27
PAY-20260602-0005908,TRP-20260602-0005908,22.66,wallet,settled,2026-06-02 15:44:51
PAY-20260602-0005909,TRP-20260602-0005909,97.02,credit_card,settled,2026-06-02 09:04:39
PAY-20260602-0005910,TRP-20260602-0005910,34.84,apple_pay,pending,2026-06-03 00:58:46
PAY-20260602-0005911,TRP-20260602-0005911,132.92,credit_card,settled,2026-06-02 18:42:40
PAY-20260602-0005912,TRP-20260602-0005912,76.52,mada,settled,2026-06-02 22:43:42
PAY-20260602-0005913,TRP-20260602-0005913,66.34,apple_pay,settled,2026-06-02 21:22:40
PAY-20260602-0005914,TRP-20260602-0005914,89.58,stc_pay,settled,2026-06-02 20:19:11
PAY-20260602-0005915,TRP-20260602-0005915,22.20,apple_pay,settled,2026-06-02 08:45:03
PAY-20260602-0005916,TRP-20260602-0005916,12.58,cash,settled,2026-06-02 13:55:18
PAY-20260602-0005917,TRP-20260602-0005917,36.62,mada,settled,2026-06-02 02:31:02
PAY-20260602-0005919,TRP-20260602-0005919,6.00,apple_pay,settled,2026-06-03 07:08:36
PAY-20260602-0005920,TRP-20260602-0005920,85.98,cash,settled,2026-06-02 17:55:44
PAY-20260602-0005921,TRP-20260602-0005921,25.14,mada,settled,2026-06-03 02:50:29
PAY-20260602-0005922,TRP-20260602-0005922,29.50,mada,settled,2026-06-03 02:13:09
PAY-20260602-0005923,TRP-20260602-0005923,35.80,stc_pay,settled,2026-06-02 18:29:17
PAY-20260602-0005924,TRP-20260602-0005924,20.64,stc_pay,settled,2026-06-02 20:16:27
PAY-20260602-0005926,TRP-20260602-0005926,32.49,mada,settled,2026-06-02 11:33:55
PAY-20260602-0005927,TRP-20260602-0005927,31.35,credit_card,settled,2026-06-03 11:06:55
PAY-20260602-0005928,TRP-20260602-0005928,30.27,wallet,settled,2026-06-02 17:20:14
PAY-20260602-0005929,TRP-20260602-0005929,41.94,mada,settled,2026-06-02 18:29:33
PAY-20260602-0005931,TRP-20260602-0005931,17.37,cash,settled,2026-06-02 18:46:55
PAY-20260602-0005932,TRP-20260602-0005932,56.15,apple_pay,settled,2026-06-02 08:37:29
PAY-20260602-0005934,TRP-20260602-0005934,19.32,mada,settled,2026-06-02 20:13:41
PAY-20260602-0005935,TRP-20260602-0005935,52.51,mada,settled,2026-06-02 16:52:22
PAY-20260602-0005936,TRP-20260602-0005936,21.07,wallet,settled,2026-06-02 18:38:21
PAY-20260602-0005937,TRP-20260602-0005937,41.15,stc_pay,settled,2026-06-02 12:54:16
PAY-20260602-0005938,TRP-20260602-0005938,56.90,apple_pay,settled,2026-06-03 05:06:16
PAY-20260602-0005939,TRP-20260602-0005939,34.29,wallet,settled,2026-06-02 16:31:56
PAY-20260602-0005940,TRP-20260602-0005940,79.98,mada,settled,2026-06-02 23:23:54
PAY-20260602-0005941,TRP-20260602-0005941,26.89,mada,settled,2026-06-02 09:57:11
PAY-20260602-0005942,TRP-20260602-0005942,55.76,stc_pay,settled,2026-06-03 13:31:36
PAY-20260602-0005943,TRP-20260602-0005943,172.49,credit_card,settled,2026-06-03 16:30:01
PAY-20260602-0005944,TRP-20260602-0005944,52.77,apple_pay,settled,2026-06-03 03:44:52
PAY-20260602-0005945,TRP-20260602-0005945,26.09,mada,settled,2026-06-02 13:47:02
PAY-20260602-0005946,TRP-20260602-0005946,13.53,stc_pay,settled,2026-06-02 14:43:13
PAY-20260602-0005947,TRP-20260602-0005947,53.79,mada,settled,2026-06-02 05:38:51
PAY-20260602-0005948,TRP-20260602-0005948,29.95,mada,settled,2026-06-02 04:53:31
PAY-20260602-0005949,TRP-20260602-0005949,6.00,credit_card,settled,2026-06-02 06:53:10
PAY-20260602-0005950,TRP-20260602-0005950,48.89,stc_pay,settled,2026-06-02 11:11:25
PAY-20260602-0005951,TRP-20260602-0005951,20.83,stc_pay,settled,2026-06-03 07:00:49
PAY-20260602-0005952,TRP-20260602-0005952,27.26,credit_card,settled,2026-06-02 12:14:48
PAY-20260602-0005953,TRP-20260602-0005953,24.86,credit_card,settled,2026-06-02 20:16:10
PAY-20260602-0005954,TRP-20260602-0005954,10.00,mada,settled,2026-06-02 18:30:51
PAY-20260602-0005955,TRP-20260602-0005955,23.80,apple_pay,settled,2026-06-02 23:51:33
PAY-20260602-0005956,TRP-20260602-0005956,80.23,mada,settled,2026-06-02 13:59:51
PAY-20260602-0005957,TRP-20260602-0005957,43.79,apple_pay,settled,2026-06-02 05:50:33
PAY-20260602-0005958,TRP-20260602-0005958,16.38,mada,settled,2026-06-02 17:43:19
PAY-20260602-0005959,TRP-20260602-0005959,52.66,cash,settled,2026-06-02 12:53:33
PAY-20260602-0005960,TRP-20260602-0005960,19.03,mada,settled,2026-06-02 04:57:55
PAY-20260602-0005961,TRP-20260602-0005961,17.41,mada,settled,2026-06-03 00:55:11
PAY-20260602-0005962,TRP-20260602-0005962,90.06,cash,settled,2026-06-02 06:29:39
PAY-20260602-0005964,TRP-20260602-0005964,87.20,credit_card,settled,2026-06-02 10:15:32
PAY-20260602-0005965,TRP-20260602-0005965,20.88,mada,settled,2026-06-02 21:29:17
PAY-20260602-0005966,TRP-20260602-0005966,21.21,credit_card,settled,2026-06-02 13:19:02
PAY-20260602-0005967,TRP-20260602-0005967,29.34,mada,settled,2026-06-02 15:55:39
PAY-20260602-0005968,TRP-20260602-0005968,119.42,cash,settled,2026-06-02 16:53:42
PAY-20260602-0005969,TRP-20260602-0005969,32.68,apple_pay,settled,2026-06-02 13:10:25
PAY-20260602-0005970,TRP-20260602-0005970,48.01,apple_pay,settled,2026-06-02 03:54:21
PAY-20260602-0005971,TRP-20260602-0005971,37.49,credit_card,settled,2026-06-02 13:12:48
PAY-20260602-0005972,TRP-20260602-0005972,43.91,credit_card,settled,2026-06-02 03:43:38
PAY-20260602-0005973,TRP-20260602-0005973,12.04,credit_card,settled,2026-06-02 10:01:28
PAY-20260602-0005974,TRP-20260602-0005974,15.02,mada,settled,2026-06-02 12:49:26
PAY-20260602-0005975,TRP-20260602-0005975,21.99,apple_pay,pending,2026-06-02 05:06:32
PAY-20260602-0005976,TRP-20260602-0005976,46.67,stc_pay,settled,2026-06-02 11:37:55
PAY-20260602-0005977,TRP-20260602-0005977,46.00,mada,settled,2026-06-02 05:11:42
PAY-20260602-0005978,TRP-20260602-0005978,6.00,cash,settled,2026-06-02 03:35:34
PAY-20260602-0005979,TRP-20260602-0005979,21.44,cash,settled,2026-06-02 05:05:24
PAY-20260602-0005980,TRP-20260602-0005980,13.87,credit_card,settled,2026-06-02 13:53:50
PAY-20260602-0005981,TRP-20260602-0005981,23.21,credit_card,settled,2026-06-02 15:49:44
PAY-20260602-0005982,TRP-20260602-0005982,61.82,apple_pay,settled,2026-06-02 00:04:05
PAY-20260602-0005983,TRP-20260602-0005983,20.73,credit_card,settled,2026-06-02 20:31:47
PAY-20260602-0005984,TRP-20260602-0005984,31.15,apple_pay,settled,2026-06-03 09:44:05
PAY-20260602-0005985,TRP-20260602-0005985,11.00,mada,settled,2026-06-02 08:16:01
PAY-20260602-0005986,TRP-20260602-0005986,8.00,stc_pay,settled,2026-06-02 13:00:00
PAY-20260602-0005987,TRP-20260602-0005987,38.40,mada,settled,2026-06-02 03:31:07
PAY-20260602-0005988,TRP-20260602-0005988,23.13,cash,settled,2026-06-02 17:53:20
PAY-20260602-0005989,TRP-20260602-0005989,78.16,mada,settled,2026-06-02 08:46:38
PAY-20260602-0005991,TRP-20260602-0005991,131.10,mada,settled,2026-06-02 17:40:04
PAY-20260602-0005992,TRP-20260602-0005992,27.47,mada,settled,2026-06-02 14:27:47
PAY-20260602-0005993,TRP-20260602-0005993,40.15,apple_pay,settled,2026-06-02 18:10:53
PAY-20260602-0005994,TRP-20260602-0005994,110.70,mada,settled,2026-06-03 21:11:00
PAY-20260602-0005995,TRP-20260602-0005995,18.67,apple_pay,settled,2026-06-03 03:34:51
PAY-20260602-0005996,TRP-20260602-0005996,14.94,credit_card,settled,2026-06-02 18:40:37
PAY-20260602-0005997,TRP-20260602-0005997,47.71,credit_card,settled,2026-06-02 18:42:57
PAY-20260602-0005998,TRP-20260602-0005998,89.94,stc_pay,settled,2026-06-02 16:26:08
PAY-20260602-0005999,TRP-20260602-0005999,27.84,mada,pending,2026-06-02 15:35:10
PAY-20260602-0006000,TRP-20260602-0006000,10.00,wallet,settled,2026-06-02 20:07:01
PAY-20260602-0006001,TRP-20260602-0006001,98.70,cash,settled,2026-06-02 12:51:34
PAY-20260602-0006002,TRP-20260602-0006002,97.56,cash,settled,2026-06-02 05:56:10
PAY-20260602-0006003,TRP-20260602-0006003,32.32,mada,settled,2026-06-02 06:16:54
PAY-20260602-0006004,TRP-20260602-0006004,34.30,mada,settled,2026-06-02 11:08:26
PAY-20260602-0006005,TRP-20260602-0006005,6.00,mada,settled,2026-06-02 09:22:40
PAY-20260602-0006006,TRP-20260602-0006006,49.23,credit_card,settled,2026-06-02 18:52:01
PAY-20260602-0006007,TRP-20260602-0006007,31.67,mada,settled,2026-06-02 12:59:24
PAY-20260602-0006008,TRP-20260602-0006008,39.62,credit_card,settled,2026-06-02 11:13:49
PAY-20260602-0006009,TRP-20260602-0006009,58.04,mada,settled,2026-06-03 03:19:02
PAY-20260602-0006010,TRP-20260602-0006010,18.70,stc_pay,settled,2026-06-02 16:35:48
PAY-20260602-0006011,TRP-20260602-0006011,14.47,wallet,settled,2026-06-02 20:45:42
PAY-20260602-0006012,TRP-20260602-0006012,15.33,mada,settled,2026-06-02 10:12:10
PAY-20260602-0006013,TRP-20260602-0006013,53.05,apple_pay,settled,2026-06-02 07:43:13
PAY-20260602-0006014,TRP-20260602-0006014,57.25,mada,settled,2026-06-02 19:00:20
PAY-20260602-0006015,TRP-20260602-0006015,44.52,stc_pay,settled,2026-06-02 18:29:37
PAY-20260602-0006016,TRP-20260602-0006016,20.43,mada,settled,2026-06-02 18:18:27
PAY-20260602-0006017,TRP-20260602-0006017,31.34,stc_pay,settled,2026-06-03 11:49:10
PAY-20260602-0006018,TRP-20260602-0006018,52.58,credit_card,settled,2026-06-02 17:10:47
PAY-20260602-0006019,TRP-20260602-0006019,32.72,credit_card,settled,2026-06-02 21:50:29
PAY-20260602-0006020,TRP-20260602-0006020,40.53,mada,settled,2026-06-02 08:19:24
PAY-20260602-0006021,TRP-20260602-0006021,181.73,cash,settled,2026-06-02 13:26:37
PAY-20260602-0006022,TRP-20260602-0006022,12.07,mada,settled,2026-06-03 09:36:00
PAY-20260602-0006023,TRP-20260602-0006023,49.75,apple_pay,settled,2026-06-03 08:54:50
PAY-20260602-0006024,TRP-20260602-0006024,14.84,mada,settled,2026-06-02 19:45:44
PAY-20260602-0006025,TRP-20260602-0006025,61.66,apple_pay,settled,2026-06-02 15:14:00
PAY-20260602-0006026,TRP-20260602-0006026,17.46,cash,settled,2026-06-02 19:09:15
PAY-20260602-0006027,TRP-20260602-0006027,76.04,mada,settled,2026-06-02 17:40:48
PAY-20260602-0006028,TRP-20260602-0006028,27.54,mada,settled,2026-06-02 19:21:30
PAY-20260602-0006029,TRP-20260602-0006029,94.29,mada,settled,2026-06-02 06:02:08
PAY-20260602-0006030,TRP-20260602-0006030,26.61,stc_pay,settled,2026-06-02 15:29:41
PAY-20260602-0006031,TRP-20260602-0006031,10.00,apple_pay,settled,2026-06-02 13:33:02
PAY-20260602-0006032,TRP-20260602-0006032,18.68,wallet,settled,2026-06-03 06:35:24
PAY-20260602-0006033,TRP-20260602-0006033,76.98,credit_card,settled,2026-06-02 11:56:01
PAY-20260602-0006034,TRP-20260602-0006034,224.42,mada,settled,2026-06-02 18:10:18
PAY-20260602-0006035,TRP-20260602-0006035,35.47,mada,settled,2026-06-02 17:43:09
PAY-20260602-0006036,TRP-20260602-0006036,42.16,credit_card,settled,2026-06-02 16:27:18
PAY-20260602-0006037,TRP-20260602-0006037,75.17,stc_pay,settled,2026-06-02 20:16:55
PAY-20260602-0006038,TRP-20260602-0006038,32.19,mada,settled,2026-06-03 07:11:28
PAY-20260602-0006039,TRP-20260602-0006039,14.12,credit_card,settled,2026-06-02 09:29:37
PAY-20260602-0006040,TRP-20260602-0006040,55.85,credit_card,settled,2026-06-03 05:14:08
PAY-20260602-0006041,TRP-20260602-0006041,12.57,apple_pay,settled,2026-06-03 05:55:08
PAY-20260602-0006042,TRP-20260602-0006042,67.04,credit_card,settled,2026-06-03 05:37:27
PAY-20260602-0006044,TRP-20260602-0006044,13.52,apple_pay,settled,2026-06-02 20:57:07
PAY-20260602-0006045,TRP-20260602-0006045,11.44,stc_pay,settled,2026-06-02 20:04:38
PAY-20260602-0006046,TRP-20260602-0006046,51.47,apple_pay,settled,2026-06-02 15:03:59
PAY-20260602-0006047,TRP-20260602-0006047,10.00,stc_pay,settled,2026-06-03 05:01:21
PAY-20260602-0006048,TRP-20260602-0006048,32.12,apple_pay,settled,2026-06-02 07:31:00
PAY-20260602-0006049,TRP-20260602-0006049,16.40,stc_pay,settled,2026-06-02 00:55:55
PAY-20260602-0006050,TRP-20260602-0006050,40.28,wallet,settled,2026-06-02 07:56:07
PAY-20260602-0006051,TRP-20260602-0006051,17.75,mada,settled,2026-06-02 08:47:01
PAY-20260602-0006052,TRP-20260602-0006052,46.83,mada,settled,2026-06-02 07:48:01
PAY-20260602-0006053,TRP-20260602-0006053,153.30,credit_card,settled,2026-06-02 23:14:21
PAY-20260602-0006054,TRP-20260602-0006054,16.08,credit_card,settled,2026-06-02 06:36:53
PAY-20260602-0006055,TRP-20260602-0006055,16.23,mada,settled,2026-06-02 20:56:42
PAY-20260602-0006056,TRP-20260602-0006056,42.93,mada,settled,2026-06-03 11:51:16
PAY-20260602-0006057,TRP-20260602-0006057,78.08,mada,settled,2026-06-02 20:20:10
PAY-20260602-0006058,TRP-20260602-0006058,28.82,cash,settled,2026-06-02 06:03:51
PAY-20260602-0006059,TRP-20260602-0006059,66.26,mada,settled,2026-06-02 17:30:12
PAY-20260602-0006060,TRP-20260602-0006060,58.31,credit_card,settled,2026-06-02 22:21:12
PAY-20260602-0006061,TRP-20260602-0006061,13.30,mada,settled,2026-06-02 16:17:32
PAY-20260602-0006062,TRP-20260602-0006062,12.00,mada,settled,2026-06-02 13:23:51
PAY-20260602-0006063,TRP-20260602-0006063,41.02,stc_pay,settled,2026-06-02 14:01:01
PAY-20260602-0006064,TRP-20260602-0006064,29.53,mada,settled,2026-06-02 17:28:18
PAY-20260602-0006065,TRP-20260602-0006065,50.92,mada,settled,2026-06-02 12:38:06
PAY-20260602-0006066,TRP-20260602-0006066,37.77,apple_pay,settled,2026-06-02 14:00:36
PAY-20260602-0006067,TRP-20260602-0006067,38.15,mada,settled,2026-06-03 05:24:02
PAY-20260602-0006068,TRP-20260602-0006068,74.78,mada,settled,2026-06-02 17:50:44
PAY-20260602-0006069,TRP-20260602-0006069,21.36,mada,settled,2026-06-02 23:40:42
PAY-20260602-0006070,TRP-20260602-0006070,73.24,credit_card,settled,2026-06-02 12:55:23
PAY-20260602-0006071,TRP-20260602-0006071,28.57,mada,settled,2026-06-03 12:00:29
PAY-20260602-0006072,TRP-20260602-0006072,18.78,wallet,settled,2026-06-02 21:10:31
PAY-20260602-0006073,TRP-20260602-0006073,23.00,credit_card,settled,2026-06-02 13:39:38
PAY-20260602-0006074,TRP-20260602-0006074,59.58,mada,settled,2026-06-02 12:08:56
PAY-20260602-0006075,TRP-20260602-0006075,29.45,stc_pay,settled,2026-06-02 16:45:18
PAY-20260602-0006076,TRP-20260602-0006076,48.11,mada,settled,2026-06-02 12:19:32
PAY-20260602-0006077,TRP-20260602-0006077,22.70,stc_pay,settled,2026-06-02 15:30:23
PAY-20260602-0006078,TRP-20260602-0006078,42.54,mada,settled,2026-06-02 13:53:11
PAY-20260602-0006079,TRP-20260602-0006079,22.56,stc_pay,settled,2026-06-02 17:48:12
PAY-20260602-0006080,TRP-20260602-0006080,35.87,stc_pay,settled,2026-06-02 05:28:04
PAY-20260602-0006081,TRP-20260602-0006081,83.36,mada,settled,2026-06-02 18:06:58
PAY-20260602-0006082,TRP-20260602-0006082,69.12,credit_card,settled,2026-06-02 17:13:01
PAY-20260602-0006083,TRP-20260602-0006083,130.02,credit_card,pending,2026-06-02 19:28:26
PAY-20260602-0006084,TRP-20260602-0006084,22.59,wallet,settled,2026-06-02 05:53:52
PAY-20260602-0006085,TRP-20260602-0006085,23.85,cash,settled,2026-06-02 08:15:48
PAY-20260602-0006086,TRP-20260602-0006086,23.43,apple_pay,settled,2026-06-02 07:10:43
PAY-20260602-0006087,TRP-20260602-0006087,24.36,cash,settled,2026-06-02 06:39:32
PAY-20260602-0006088,TRP-20260602-0006088,45.05,mada,refunded,2026-06-02 20:31:06
PAY-20260602-0006090,TRP-20260602-0006090,16.84,apple_pay,settled,2026-06-02 21:39:13
PAY-20260602-0006091,TRP-20260602-0006091,29.02,stc_pay,settled,2026-06-02 19:33:38
PAY-20260602-0006092,TRP-20260602-0006092,15.01,cash,settled,2026-06-02 03:30:09
PAY-20260602-0006093,TRP-20260602-0006093,143.75,cash,settled,2026-06-02 07:03:11
PAY-20260602-0006094,TRP-20260602-0006094,22.70,cash,settled,2026-06-02 18:12:06
PAY-20260602-0006095,TRP-20260602-0006095,38.75,mada,settled,2026-06-03 07:13:43
PAY-20260602-0006096,TRP-20260602-0006096,22.34,stc_pay,settled,2026-06-02 04:04:53
PAY-20260602-0006097,TRP-20260602-0006097,19.63,stc_pay,settled,2026-06-02 05:30:32
PAY-20260602-0006098,TRP-20260602-0006098,82.96,mada,settled,2026-06-02 15:27:08
PAY-20260602-0006099,TRP-20260602-0006099,22.96,cash,settled,2026-06-02 16:17:35
PAY-20260602-0006100,TRP-20260602-0006100,52.63,stc_pay,settled,2026-06-02 04:53:43
PAY-20260602-0006101,TRP-20260602-0006101,105.25,mada,settled,2026-06-03 05:07:13
PAY-20260602-0006102,TRP-20260602-0006102,59.04,mada,failed,2026-06-03 00:02:35
PAY-20260602-0006103,TRP-20260602-0006103,156.91,mada,settled,2026-06-02 14:08:05
PAY-20260602-0006104,TRP-20260602-0006104,56.60,cash,settled,2026-06-02 15:49:20
PAY-20260602-0006105,TRP-20260602-0006105,54.93,mada,settled,2026-06-02 11:08:13
PAY-20260602-0006106,TRP-20260602-0006106,24.55,credit_card,settled,2026-06-02 05:41:36
PAY-20260602-0006107,TRP-20260602-0006107,16.06,mada,settled,2026-06-02 07:44:26
PAY-20260602-0006108,TRP-20260602-0006108,38.48,mada,settled,2026-06-03 00:55:32
PAY-20260602-0006109,TRP-20260602-0006109,81.76,credit_card,settled,2026-06-02 16:20:49
PAY-20260602-0006110,TRP-20260602-0006110,24.69,credit_card,settled,2026-06-02 18:45:32
PAY-20260602-0006111,TRP-20260602-0006111,121.00,credit_card,settled,2026-06-02 17:05:43
PAY-20260602-0006112,TRP-20260602-0006112,46.33,credit_card,settled,2026-06-02 14:12:34
PAY-20260602-0006113,TRP-20260602-0006113,31.49,credit_card,settled,2026-06-02 18:46:45
PAY-20260602-0006114,TRP-20260602-0006114,28.28,mada,settled,2026-06-02 07:06:13
PAY-20260602-0006116,TRP-20260602-0006116,19.91,stc_pay,settled,2026-06-02 18:29:04
PAY-20260602-0006117,TRP-20260602-0006117,59.47,wallet,settled,2026-06-02 19:56:20
PAY-20260602-0006118,TRP-20260602-0006118,79.50,cash,settled,2026-06-02 14:51:21
PAY-20260602-0006119,TRP-20260602-0006119,12.00,mada,settled,2026-06-02 04:01:52
PAY-20260602-0006120,TRP-20260602-0006120,37.89,credit_card,settled,2026-06-02 07:18:43
PAY-20260602-0006121,TRP-20260602-0006121,234.04,cash,settled,2026-06-02 17:53:53
PAY-20260602-0006122,TRP-20260602-0006122,39.33,cash,settled,2026-06-02 05:05:42
PAY-20260602-0006124,TRP-20260602-0006124,44.10,apple_pay,settled,2026-06-02 04:53:07
PAY-20260602-0006125,TRP-20260602-0006125,17.12,stc_pay,settled,2026-06-02 01:49:38
PAY-20260602-0006126,TRP-20260602-0006126,29.76,apple_pay,settled,2026-06-02 14:42:00
PAY-20260602-0006127,TRP-20260602-0006127,28.41,mada,settled,2026-06-02 10:30:40
PAY-20260602-0006128,TRP-20260602-0006128,92.15,mada,settled,2026-06-02 19:00:27
PAY-20260602-0006129,TRP-20260602-0006129,61.73,stc_pay,settled,2026-06-02 16:04:00
PAY-20260602-0006130,TRP-20260602-0006130,77.52,cash,settled,2026-06-02 06:49:06
PAY-20260602-0006131,TRP-20260602-0006131,22.42,mada,settled,2026-06-03 14:20:08
PAY-20260602-0006132,TRP-20260602-0006132,11.00,credit_card,settled,2026-06-02 11:14:05
PAY-20260602-0006134,TRP-20260602-0006134,23.22,apple_pay,settled,2026-06-03 00:09:02
PAY-20260602-0006135,TRP-20260602-0006135,11.00,stc_pay,settled,2026-06-03 10:19:40
PAY-20260602-0006136,TRP-20260602-0006136,48.75,mada,settled,2026-06-02 05:46:23
PAY-20260602-0006137,TRP-20260602-0006137,42.60,mada,settled,2026-06-03 03:14:23
PAY-20260602-0006138,TRP-20260602-0006138,54.79,apple_pay,settled,2026-06-02 14:53:12
PAY-20260602-0006139,TRP-20260602-0006139,36.59,cash,settled,2026-06-02 12:06:58
PAY-20260602-0006140,TRP-20260602-0006140,51.14,stc_pay,settled,2026-06-02 08:09:39
PAY-20260602-0006141,TRP-20260602-0006141,27.07,apple_pay,settled,2026-06-02 15:37:56
PAY-20260602-0006142,TRP-20260602-0006142,27.27,mada,settled,2026-06-02 14:20:37
PAY-20260602-0006143,TRP-20260602-0006143,50.50,mada,settled,2026-06-02 02:14:57
PAY-20260602-0006144,TRP-20260602-0006144,32.45,mada,settled,2026-06-02 18:12:38
PAY-20260602-0006145,TRP-20260602-0006145,57.83,stc_pay,settled,2026-06-02 17:53:42
PAY-20260602-0006146,TRP-20260602-0006146,12.00,apple_pay,settled,2026-06-02 12:09:56
PAY-20260602-0006147,TRP-20260602-0006147,45.42,apple_pay,settled,2026-06-02 18:51:19
PAY-20260602-0006148,TRP-20260602-0006148,37.62,stc_pay,refunded,2026-06-02 19:26:42
PAY-20260602-0006149,TRP-20260602-0006149,15.14,stc_pay,settled,2026-06-02 04:35:04
PAY-20260602-0006150,TRP-20260602-0006150,14.04,credit_card,settled,2026-06-01 22:15:35
PAY-20260602-0006151,TRP-20260602-0006151,62.05,mada,settled,2026-06-03 09:51:09
PAY-20260602-0006152,TRP-20260602-0006152,25.25,credit_card,settled,2026-06-02 13:17:31
PAY-20260602-0006153,TRP-20260602-0006153,12.00,apple_pay,settled,2026-06-02 06:00:40
PAY-20260602-0006154,TRP-20260602-0006154,26.35,credit_card,settled,2026-06-02 08:50:54
PAY-20260602-0006155,TRP-20260602-0006155,33.65,cash,settled,2026-06-02 16:15:46
PAY-20260602-0006156,TRP-20260602-0006156,6.00,apple_pay,settled,2026-06-02 06:25:02
PAY-20260602-0006157,TRP-20260602-0006157,16.18,apple_pay,failed,2026-06-03 14:34:24
PAY-20260602-0006158,TRP-20260602-0006158,33.63,credit_card,settled,2026-06-02 14:09:37
PAY-20260602-0006159,TRP-20260602-0006159,35.28,mada,settled,2026-06-02 16:21:00
PAY-20260602-0006160,TRP-20260602-0006160,23.04,stc_pay,settled,2026-06-01 23:52:10
PAY-20260602-0006161,TRP-20260602-0006161,114.92,mada,settled,2026-06-03 00:04:53
PAY-20260602-0006162,TRP-20260602-0006162,59.04,apple_pay,settled,2026-06-02 16:08:31
PAY-20260602-0006163,TRP-20260602-0006163,23.36,apple_pay,settled,2026-06-02 15:50:06
PAY-20260602-0006164,TRP-20260602-0006164,10.78,mada,settled,2026-06-02 13:30:02
PAY-20260602-0006165,TRP-20260602-0006165,32.04,cash,settled,2026-06-02 05:42:47
PAY-20260602-0006166,TRP-20260602-0006166,80.80,mada,settled,2026-06-02 15:48:36
PAY-20260602-0006167,TRP-20260602-0006167,17.28,apple_pay,settled,2026-06-02 21:46:41
PAY-20260602-0006168,TRP-20260602-0006168,13.64,mada,settled,2026-06-02 18:36:42
PAY-20260602-0006169,TRP-20260602-0006169,46.90,mada,settled,2026-06-03 12:59:15
PAY-20260602-0006170,TRP-20260602-0006170,21.40,mada,settled,2026-06-02 05:48:08
PAY-20260602-0006171,TRP-20260602-0006171,8.00,stc_pay,settled,2026-06-02 11:05:19
PAY-20260602-0006172,TRP-20260602-0006172,40.66,credit_card,settled,2026-06-03 15:16:43
PAY-20260602-0006173,TRP-20260602-0006173,27.21,cash,settled,2026-06-02 15:48:50
PAY-20260602-0006174,TRP-20260602-0006174,74.95,stc_pay,settled,2026-06-02 07:48:49
PAY-20260602-0006175,TRP-20260602-0006175,43.94,credit_card,settled,2026-06-02 15:57:20
PAY-20260602-0006176,TRP-20260602-0006176,63.84,mada,settled,2026-06-03 01:43:05
PAY-20260602-0006177,TRP-20260602-0006177,132.75,credit_card,settled,2026-06-02 11:39:16
PAY-20260602-0006178,TRP-20260602-0006178,22.11,mada,settled,2026-06-02 06:27:44
PAY-20260602-0006179,TRP-20260602-0006179,15.04,mada,settled,2026-06-02 14:49:53
PAY-20260602-0006180,TRP-20260602-0006180,8.00,apple_pay,settled,2026-06-02 13:48:32
PAY-20260602-0006181,TRP-20260602-0006181,67.62,apple_pay,settled,2026-06-02 12:35:18
PAY-20260602-0006182,TRP-20260602-0006182,20.94,mada,settled,2026-06-02 19:38:42
PAY-20260602-0006183,TRP-20260602-0006183,26.93,mada,settled,2026-06-02 05:09:20
PAY-20260602-0006184,TRP-20260602-0006184,26.55,stc_pay,settled,2026-06-02 13:51:25
PAY-20260602-0006185,TRP-20260602-0006185,66.52,apple_pay,settled,2026-06-02 13:53:21
PAY-20260602-0006186,TRP-20260602-0006186,19.11,mada,settled,2026-06-02 19:57:47
PAY-20260602-0006188,TRP-20260602-0006188,33.30,mada,settled,2026-06-02 14:16:26
PAY-20260602-0006189,TRP-20260602-0006189,228.02,cash,settled,2026-06-02 17:49:27
PAY-20260602-0006191,TRP-20260602-0006191,85.20,credit_card,settled,2026-06-03 11:58:34
PAY-20260602-0006192,TRP-20260602-0006192,14.77,mada,settled,2026-06-02 00:19:12
PAY-20260602-0006193,TRP-20260602-0006193,30.64,apple_pay,settled,2026-06-02 20:38:54
PAY-20260602-0006194,TRP-20260602-0006194,41.29,mada,settled,2026-06-02 19:01:52
PAY-20260602-0006195,TRP-20260602-0006195,28.35,credit_card,settled,2026-06-03 00:40:49
PAY-20260602-0006196,TRP-20260602-0006196,22.72,stc_pay,settled,2026-06-02 20:49:07
PAY-20260602-0006197,TRP-20260602-0006197,133.46,apple_pay,settled,2026-06-02 08:57:54
PAY-20260602-0006198,TRP-20260602-0006198,40.88,credit_card,settled,2026-06-02 08:41:00
PAY-20260602-0006199,TRP-20260602-0006199,37.59,credit_card,settled,2026-06-02 19:50:35
PAY-20260602-0006200,TRP-20260602-0006200,104.95,stc_pay,settled,2026-06-03 00:20:01
PAY-20260602-0006201,TRP-20260602-0006201,25.59,mada,settled,2026-06-03 07:54:14
PAY-20260602-0006202,TRP-20260602-0006202,39.70,apple_pay,settled,2026-06-03 02:28:38
PAY-20260602-0006203,TRP-20260602-0006203,53.80,mada,settled,2026-06-02 11:27:20
PAY-20260602-0006204,TRP-20260602-0006204,47.79,mada,settled,2026-06-02 21:01:39
PAY-20260602-0006205,TRP-20260602-0006205,54.83,mada,settled,2026-06-02 19:39:05
PAY-20260602-0006206,TRP-20260602-0006206,14.31,mada,settled,2026-06-02 21:09:44
PAY-20260602-0006207,TRP-20260602-0006207,97.27,mada,settled,2026-06-02 13:04:18
PAY-20260602-0006209,TRP-20260602-0006209,18.31,mada,settled,2026-06-02 09:32:24
PAY-20260602-0006210,TRP-20260602-0006210,27.88,mada,settled,2026-06-02 15:43:00
PAY-20260602-0006211,TRP-20260602-0006211,26.71,credit_card,settled,2026-06-02 05:17:08
PAY-20260602-0006212,TRP-20260602-0006212,17.37,credit_card,settled,2026-06-02 19:33:42
PAY-20260602-0006213,TRP-20260602-0006213,16.79,mada,settled,2026-06-02 06:07:41
PAY-20260602-0006214,TRP-20260602-0006214,27.60,apple_pay,settled,2026-06-02 14:14:48
PAY-20260602-0006215,TRP-20260602-0006215,18.69,stc_pay,settled,2026-06-02 13:01:03
PAY-20260602-0006216,TRP-20260602-0006216,33.26,mada,settled,2026-06-02 04:27:31
PAY-20260602-0006217,TRP-20260602-0006217,14.86,mada,settled,2026-06-02 08:37:12
PAY-20260602-0006218,TRP-20260602-0006218,70.91,mada,settled,2026-06-03 13:33:31
PAY-20260602-0006219,TRP-20260602-0006219,68.04,cash,settled,2026-06-02 11:14:20
PAY-20260602-0006220,TRP-20260602-0006220,37.92,stc_pay,settled,2026-06-02 17:04:38
PAY-20260602-0006221,TRP-20260602-0006221,33.14,apple_pay,settled,2026-06-02 16:05:25
PAY-20260602-0006222,TRP-20260602-0006222,36.79,mada,settled,2026-06-02 14:39:05
PAY-20260602-0006224,TRP-20260602-0006224,59.21,credit_card,settled,2026-06-02 11:06:12
PAY-20260602-0006225,TRP-20260602-0006225,12.98,cash,settled,2026-06-02 08:04:23
PAY-20260602-0006226,TRP-20260602-0006226,35.36,mada,settled,2026-06-02 14:44:54
PAY-20260602-0006227,TRP-20260602-0006227,30.03,wallet,settled,2026-06-02 19:14:26
PAY-20260602-0006228,TRP-20260602-0006228,23.63,cash,settled,2026-06-02 05:49:36
PAY-20260602-0006229,TRP-20260602-0006229,16.79,stc_pay,settled,2026-06-02 06:57:36
PAY-20260602-0006230,TRP-20260602-0006230,29.58,credit_card,settled,2026-06-03 03:08:09
PAY-20260602-0006231,TRP-20260602-0006231,133.02,mada,settled,2026-06-02 12:28:22
PAY-20260602-0006232,TRP-20260602-0006232,19.60,mada,settled,2026-06-02 13:35:43
PAY-20260602-0006233,TRP-20260602-0006233,103.62,apple_pay,settled,2026-06-02 07:27:12
PAY-20260602-0006234,TRP-20260602-0006234,11.02,mada,settled,2026-06-02 15:34:45
PAY-20260602-0006235,TRP-20260602-0006235,16.10,cash,settled,2026-06-02 13:34:54
PAY-20260602-0006236,TRP-20260602-0006236,18.57,stc_pay,settled,2026-06-02 12:50:54
PAY-20260602-0006237,TRP-20260602-0006237,32.05,stc_pay,settled,2026-06-02 21:17:14
PAY-20260602-0006238,TRP-20260602-0006238,19.06,cash,settled,2026-06-02 08:40:18
PAY-20260602-0006239,TRP-20260602-0006239,45.94,credit_card,settled,2026-06-02 15:23:35
PAY-20260602-0006240,TRP-20260602-0006240,74.07,wallet,settled,2026-06-03 09:23:59
PAY-20260602-0006241,TRP-20260602-0006241,37.06,credit_card,settled,2026-06-02 15:38:16
PAY-20260602-0006243,TRP-20260602-0006243,158.72,mada,settled,2026-06-02 10:09:18
PAY-20260602-0006244,TRP-20260602-0006244,68.11,cash,settled,2026-06-02 07:15:47
PAY-20260602-0006245,TRP-20260602-0006245,24.62,credit_card,settled,2026-06-02 21:35:38
PAY-20260602-0006246,TRP-20260602-0006246,53.50,stc_pay,settled,2026-06-03 05:35:41
PAY-20260602-0006247,TRP-20260602-0006247,26.35,credit_card,settled,2026-06-02 13:23:58
PAY-20260602-0006248,TRP-20260602-0006248,183.49,stc_pay,settled,2026-06-03 06:38:13
PAY-20260602-0006249,TRP-20260602-0006249,27.09,credit_card,settled,2026-06-02 03:39:04
PAY-20260602-0006250,TRP-20260602-0006250,70.92,mada,settled,2026-06-02 16:52:51
PAY-20260602-0006251,TRP-20260602-0006251,56.93,credit_card,settled,2026-06-02 08:40:01
PAY-20260602-0006252,TRP-20260602-0006252,66.99,credit_card,settled,2026-06-02 16:39:44
PAY-20260602-0006253,TRP-20260602-0006253,21.63,stc_pay,settled,2026-06-02 18:47:54
PAY-20260602-0006254,TRP-20260602-0006254,60.98,credit_card,settled,2026-06-03 11:54:25
PAY-20260602-0006255,TRP-20260602-0006255,33.94,stc_pay,settled,2026-06-02 05:25:26
PAY-20260602-0006256,TRP-20260602-0006256,50.21,cash,settled,2026-06-02 11:08:53
PAY-20260602-0006257,TRP-20260602-0006257,12.25,mada,settled,2026-06-02 12:38:32
PAY-20260602-0006258,TRP-20260602-0006258,87.44,credit_card,settled,2026-06-02 11:09:57
PAY-20260602-0006259,TRP-20260602-0006259,97.07,apple_pay,settled,2026-06-02 17:57:27
PAY-20260602-0006260,TRP-20260602-0006260,13.51,credit_card,settled,2026-06-03 03:50:29
PAY-20260602-0006261,TRP-20260602-0006261,29.56,mada,settled,2026-06-02 12:49:14
PAY-20260602-0006262,TRP-20260602-0006262,31.95,apple_pay,settled,2026-06-02 06:21:42
PAY-20260602-0006263,TRP-20260602-0006263,13.28,stc_pay,settled,2026-06-02 18:54:23
PAY-20260602-0006264,TRP-20260602-0006264,11.71,mada,settled,2026-06-02 06:34:31
PAY-20260602-0006265,TRP-20260602-0006265,24.78,mada,settled,2026-06-03 06:57:14
PAY-20260602-0006266,TRP-20260602-0006266,25.31,apple_pay,settled,2026-06-03 02:19:50
PAY-20260602-0006267,TRP-20260602-0006267,29.54,cash,settled,2026-06-02 06:34:34
PAY-20260602-0006268,TRP-20260602-0006268,38.13,credit_card,settled,2026-06-02 16:57:21
PAY-20260602-0006269,TRP-20260602-0006269,68.85,mada,settled,2026-06-02 16:25:23
PAY-20260602-0006270,TRP-20260602-0006270,13.45,mada,settled,2026-06-02 10:07:37
PAY-20260602-0006271,TRP-20260602-0006271,40.26,credit_card,settled,2026-06-02 17:34:28
PAY-20260602-0006272,TRP-20260602-0006272,14.13,mada,pending,2026-06-02 04:13:21
PAY-20260602-0006273,TRP-20260602-0006273,48.82,credit_card,settled,2026-06-02 11:55:23
PAY-20260602-0006274,TRP-20260602-0006274,89.95,credit_card,settled,2026-06-03 07:43:17
PAY-20260602-0006275,TRP-20260602-0006275,101.50,apple_pay,settled,2026-06-02 19:49:20
PAY-20260602-0006276,TRP-20260602-0006276,8.00,mada,settled,2026-06-02 07:54:30
PAY-20260602-0006277,TRP-20260602-0006277,50.75,apple_pay,settled,2026-06-02 21:44:37
PAY-20260602-0006278,TRP-20260602-0006278,14.98,apple_pay,settled,2026-06-02 17:55:30
PAY-20260602-0006279,TRP-20260602-0006279,6.00,credit_card,settled,2026-06-02 09:01:43
PAY-20260602-0006280,TRP-20260602-0006280,19.62,stc_pay,settled,2026-06-02 19:41:08
PAY-20260602-0006281,TRP-20260602-0006281,14.16,mada,settled,2026-06-02 18:55:41
PAY-20260602-0006282,TRP-20260602-0006282,129.41,wallet,settled,2026-06-02 21:35:23
PAY-20260602-0006283,TRP-20260602-0006283,41.21,mada,settled,2026-06-02 14:21:48
PAY-20260602-0006284,TRP-20260602-0006284,49.24,credit_card,settled,2026-06-02 17:05:40
PAY-20260602-0006285,TRP-20260602-0006285,54.22,apple_pay,settled,2026-06-03 12:32:26
PAY-20260602-0006286,TRP-20260602-0006286,52.13,mada,settled,2026-06-02 11:50:53
PAY-20260602-0006287,TRP-20260602-0006287,25.88,cash,settled,2026-06-02 09:59:05
PAY-20260602-0006288,TRP-20260602-0006288,41.52,mada,settled,2026-06-02 17:23:53
PAY-20260602-0006289,TRP-20260602-0006289,48.53,apple_pay,settled,2026-06-02 11:39:37
PAY-20260602-0006290,TRP-20260602-0006290,85.30,credit_card,settled,2026-06-03 02:09:40
PAY-20260602-0006291,TRP-20260602-0006291,12.52,cash,settled,2026-06-02 18:34:19
PAY-20260602-0006292,TRP-20260602-0006292,77.56,mada,settled,2026-06-02 20:28:00
PAY-20260602-0006293,TRP-20260602-0006293,65.05,mada,refunded,2026-06-02 13:21:47
PAY-20260602-0006294,TRP-20260602-0006294,63.76,apple_pay,settled,2026-06-02 19:13:50
PAY-20260602-0006295,TRP-20260602-0006295,21.32,mada,settled,2026-06-03 01:51:55
PAY-20260602-0006296,TRP-20260602-0006296,16.34,stc_pay,pending,2026-06-01 23:59:40
PAY-20260602-0006297,TRP-20260602-0006297,28.80,cash,settled,2026-06-02 04:49:47
PAY-20260602-0006298,TRP-20260602-0006298,41.07,credit_card,settled,2026-06-03 19:11:17
PAY-20260602-0006299,TRP-20260602-0006299,38.97,mada,settled,2026-06-02 17:21:53
PAY-20260602-0006300,TRP-20260602-0006300,86.71,stc_pay,settled,2026-06-02 15:54:04
PAY-20260602-0006301,TRP-20260602-0006301,12.57,cash,settled,2026-06-02 19:44:24
PAY-20260602-0006302,TRP-20260602-0006302,65.64,mada,settled,2026-06-02 16:20:27
PAY-20260602-0006303,TRP-20260602-0006303,45.93,apple_pay,settled,2026-06-02 15:20:18
PAY-20260602-0006304,TRP-20260602-0006304,27.24,stc_pay,settled,2026-06-02 15:52:59
PAY-20260602-0006305,TRP-20260602-0006305,89.59,mada,pending,2026-06-02 18:24:20
PAY-20260602-0006306,TRP-20260602-0006306,231.38,mada,settled,2026-06-02 17:59:54
PAY-20260602-0006307,TRP-20260602-0006307,11.11,wallet,settled,2026-06-02 19:05:40
PAY-20260602-0006308,TRP-20260602-0006308,25.01,wallet,settled,2026-06-02 04:11:10
PAY-20260602-0006309,TRP-20260602-0006309,32.09,mada,settled,2026-06-02 14:36:22
PAY-20260602-0006310,TRP-20260602-0006310,22.97,apple_pay,settled,2026-06-02 12:15:22
PAY-20260602-0006311,TRP-20260602-0006311,25.11,mada,settled,2026-06-03 08:54:17
PAY-20260602-0006312,TRP-20260602-0006312,27.79,mada,settled,2026-06-02 07:34:29
PAY-20260602-0006313,TRP-20260602-0006313,51.79,stc_pay,settled,2026-06-02 06:00:39
PAY-20260602-0006314,TRP-20260602-0006314,24.56,stc_pay,settled,2026-06-02 20:04:04
PAY-20260602-0006315,TRP-20260602-0006315,14.19,apple_pay,settled,2026-06-03 08:54:46
PAY-20260602-0006316,TRP-20260602-0006316,46.79,credit_card,settled,2026-06-02 19:27:40
PAY-20260602-0006317,TRP-20260602-0006317,96.33,mada,settled,2026-06-03 08:02:16
PAY-20260602-0006318,TRP-20260602-0006318,84.21,cash,settled,2026-06-02 06:54:56
PAY-20260602-0006319,TRP-20260602-0006319,66.02,mada,settled,2026-06-02 15:45:15
PAY-20260602-0006320,TRP-20260602-0006320,28.09,mada,settled,2026-06-02 10:18:02
PAY-20260602-0006321,TRP-20260602-0006321,16.00,mada,settled,2026-06-02 21:05:05
PAY-20260602-0006322,TRP-20260602-0006322,69.95,apple_pay,settled,2026-06-02 18:47:17
PAY-20260602-0006323,TRP-20260602-0006323,28.37,wallet,settled,2026-06-02 09:43:32
PAY-20260602-0006324,TRP-20260602-0006324,33.57,cash,settled,2026-06-02 04:28:58
PAY-20260602-0006325,TRP-20260602-0006325,42.10,stc_pay,settled,2026-06-02 14:15:50
PAY-20260602-0006326,TRP-20260602-0006326,21.15,cash,settled,2026-06-02 09:24:28
PAY-20260602-0006327,TRP-20260602-0006327,28.32,credit_card,settled,2026-06-02 09:26:32
PAY-20260602-0006328,TRP-20260602-0006328,12.92,mada,settled,2026-06-02 22:23:00
PAY-20260602-0006329,TRP-20260602-0006329,128.17,mada,settled,2026-06-02 02:03:30
PAY-20260602-0006330,TRP-20260602-0006330,10.00,mada,settled,2026-06-02 08:31:03
PAY-20260602-0006331,TRP-20260602-0006331,106.53,mada,settled,2026-06-02 18:47:46
PAY-20260602-0006332,TRP-20260602-0006332,17.79,mada,settled,2026-06-02 10:20:28
PAY-20260602-0006333,TRP-20260602-0006333,17.93,stc_pay,settled,2026-06-02 12:47:20
PAY-20260602-0006334,TRP-20260602-0006334,16.42,cash,settled,2026-06-02 17:00:18
PAY-20260602-0006335,TRP-20260602-0006335,10.00,cash,settled,2026-06-02 18:40:43
PAY-20260602-0006336,TRP-20260602-0006336,20.40,credit_card,settled,2026-06-02 21:20:45
PAY-20260602-0006337,TRP-20260602-0006337,22.71,mada,settled,2026-06-02 09:01:59
PAY-20260602-0006338,TRP-20260602-0006338,20.92,mada,settled,2026-06-02 05:41:07
PAY-20260602-0006339,TRP-20260602-0006339,25.79,cash,settled,2026-06-02 18:51:35
PAY-20260602-0006340,TRP-20260602-0006340,29.02,credit_card,settled,2026-06-02 16:22:33
PAY-20260602-0006341,TRP-20260602-0006341,25.84,credit_card,settled,2026-06-02 18:51:48
PAY-20260602-0006342,TRP-20260602-0006342,125.98,credit_card,settled,2026-06-02 16:23:09
PAY-20260602-0006343,TRP-20260602-0006343,22.02,mada,settled,2026-06-02 13:35:00
PAY-20260602-0006344,TRP-20260602-0006344,44.99,apple_pay,settled,2026-06-02 18:17:27
PAY-20260602-0006345,TRP-20260602-0006345,32.78,apple_pay,settled,2026-06-02 16:43:48
PAY-20260602-0006346,TRP-20260602-0006346,25.93,stc_pay,settled,2026-06-03 15:49:49
PAY-20260602-0006347,TRP-20260602-0006347,54.13,mada,refunded,2026-06-02 16:24:26
PAY-20260602-0006348,TRP-20260602-0006348,22.52,mada,pending,2026-06-02 16:16:37
PAY-20260602-0006349,TRP-20260602-0006349,14.99,credit_card,settled,2026-06-02 05:57:12
PAY-20260602-0006350,TRP-20260602-0006350,12.00,credit_card,settled,2026-06-02 19:47:22
PAY-20260602-0006351,TRP-20260602-0006351,37.03,mada,settled,2026-06-02 13:57:44
PAY-20260602-0006352,TRP-20260602-0006352,23.54,wallet,settled,2026-06-02 13:09:11
PAY-20260602-0006353,TRP-20260602-0006353,44.89,stc_pay,settled,2026-06-02 15:26:32
PAY-20260602-0006354,TRP-20260602-0006354,19.74,apple_pay,settled,2026-06-02 04:54:24
PAY-20260602-0006355,TRP-20260602-0006355,22.38,stc_pay,settled,2026-06-02 15:01:22
PAY-20260602-0006356,TRP-20260602-0006356,34.56,credit_card,settled,2026-06-01 22:32:43
PAY-20260602-0006357,TRP-20260602-0006357,18.68,mada,settled,2026-06-02 07:03:31
PAY-20260602-0006358,TRP-20260602-0006358,31.73,stc_pay,settled,2026-06-02 05:27:43
PAY-20260602-0006359,TRP-20260602-0006359,59.10,wallet,settled,2026-06-02 17:23:15
PAY-20260602-0006360,TRP-20260602-0006360,67.22,mada,settled,2026-06-02 19:05:54
PAY-20260602-0006361,TRP-20260602-0006361,14.06,apple_pay,settled,2026-06-02 02:53:33
PAY-20260602-0006362,TRP-20260602-0006362,38.88,wallet,settled,2026-06-02 10:27:36
PAY-20260602-0006363,TRP-20260602-0006363,64.38,mada,settled,2026-06-03 04:16:46
PAY-20260602-0006364,TRP-20260602-0006364,31.26,cash,settled,2026-06-02 02:58:04
PAY-20260602-0006365,TRP-20260602-0006365,23.70,apple_pay,pending,2026-06-02 11:41:10
PAY-20260602-0006366,TRP-20260602-0006366,26.55,mada,settled,2026-06-02 15:30:50
PAY-20260602-0006367,TRP-20260602-0006367,34.66,stc_pay,settled,2026-06-02 22:00:54
PAY-20260602-0006368,TRP-20260602-0006368,16.90,credit_card,settled,2026-06-02 08:55:16
PAY-20260602-0006369,TRP-20260602-0006369,31.62,mada,settled,2026-06-03 10:58:52
PAY-20260602-0006370,TRP-20260602-0006370,43.31,mada,settled,2026-06-02 10:39:36
PAY-20260602-0006371,TRP-20260602-0006371,24.17,stc_pay,settled,2026-06-02 07:40:25
PAY-20260602-0006372,TRP-20260602-0006372,30.69,cash,settled,2026-06-02 12:47:38
PAY-20260602-0006373,TRP-20260602-0006373,11.00,credit_card,settled,2026-06-03 01:03:19
PAY-20260602-0006374,TRP-20260602-0006374,42.54,cash,settled,2026-06-02 16:29:57
PAY-20260602-0006375,TRP-20260602-0006375,158.47,mada,settled,2026-06-02 17:18:00
PAY-20260602-0006376,TRP-20260602-0006376,50.86,mada,settled,2026-06-02 15:46:27
PAY-20260602-0006377,TRP-20260602-0006377,23.60,apple_pay,settled,2026-06-02 08:32:17
PAY-20260602-0006378,TRP-20260602-0006378,16.59,mada,settled,2026-06-02 10:10:00
PAY-20260602-0006379,TRP-20260602-0006379,70.84,credit_card,settled,2026-06-02 08:08:01
PAY-20260602-0006381,TRP-20260602-0006381,26.33,cash,settled,2026-06-02 16:42:30
PAY-20260602-0006382,TRP-20260602-0006382,34.25,cash,settled,2026-06-02 17:45:41
PAY-20260602-0006383,TRP-20260602-0006383,13.61,credit_card,settled,2026-06-02 09:25:24
PAY-20260602-0006384,TRP-20260602-0006384,41.64,wallet,settled,2026-06-02 18:21:14
PAY-20260602-0006385,TRP-20260602-0006385,95.28,cash,settled,2026-06-02 09:10:28
PAY-20260602-0006386,TRP-20260602-0006386,88.43,mada,settled,2026-06-02 15:21:11
PAY-20260602-0006387,TRP-20260602-0006387,45.38,apple_pay,settled,2026-06-02 11:10:12
PAY-20260602-0006388,TRP-20260602-0006388,154.00,stc_pay,settled,2026-06-02 07:22:40
PAY-20260602-0006389,TRP-20260602-0006389,15.16,apple_pay,settled,2026-06-03 09:47:07
PAY-20260602-0006390,TRP-20260602-0006390,12.66,cash,settled,2026-06-02 04:50:32
PAY-20260602-0006391,TRP-20260602-0006391,23.94,mada,settled,2026-06-03 02:52:13
PAY-20260602-0006392,TRP-20260602-0006392,66.60,wallet,settled,2026-06-02 18:21:02
PAY-20260602-0006393,TRP-20260602-0006393,28.97,mada,settled,2026-06-02 16:44:22
PAY-20260602-0006394,TRP-20260602-0006394,14.80,wallet,settled,2026-06-02 09:23:42
PAY-20260602-0006395,TRP-20260602-0006395,146.37,credit_card,settled,2026-06-02 14:03:55
PAY-20260602-0006396,TRP-20260602-0006396,21.77,mada,settled,2026-06-02 17:54:54
PAY-20260602-0006397,TRP-20260602-0006397,53.58,cash,settled,2026-06-02 18:17:27
PAY-20260602-0006398,TRP-20260602-0006398,48.64,mada,settled,2026-06-03 04:43:19
PAY-20260602-0006399,TRP-20260602-0006399,13.94,stc_pay,settled,2026-06-02 09:09:33
PAY-20260602-0006401,TRP-20260602-0006401,181.75,mada,settled,2026-06-02 09:34:14
PAY-20260602-0006402,TRP-20260602-0006402,133.52,mada,settled,2026-06-02 08:45:49
PAY-20260602-0006403,TRP-20260602-0006403,69.74,cash,settled,2026-06-02 05:01:36
PAY-20260602-0006404,TRP-20260602-0006404,64.16,mada,settled,2026-06-02 19:06:12
PAY-20260602-0006405,TRP-20260602-0006405,126.73,credit_card,settled,2026-06-02 09:52:31
PAY-20260602-0006406,TRP-20260602-0006406,31.32,apple_pay,settled,2026-06-03 05:22:19
PAY-20260602-0006407,TRP-20260602-0006407,42.56,mada,settled,2026-06-02 14:16:04
PAY-20260602-0006408,TRP-20260602-0006408,41.27,credit_card,settled,2026-06-02 13:56:46
PAY-20260602-0006409,TRP-20260602-0006409,36.58,apple_pay,pending,2026-06-02 17:33:16
PAY-20260602-0006410,TRP-20260602-0006410,13.22,cash,settled,2026-06-02 09:44:53
PAY-20260602-0006411,TRP-20260602-0006411,10.00,apple_pay,settled,2026-06-02 20:55:44
PAY-20260602-0006412,TRP-20260602-0006412,35.61,stc_pay,settled,2026-06-02 11:00:01
PAY-20260602-0006413,TRP-20260602-0006413,189.50,apple_pay,settled,2026-06-02 17:35:27
PAY-20260602-0006414,TRP-20260602-0006414,10.00,apple_pay,settled,2026-06-03 02:31:18
PAY-20260602-0006415,TRP-20260602-0006415,11.66,mada,settled,2026-06-02 03:57:21
PAY-20260602-0006416,TRP-20260602-0006416,11.00,cash,settled,2026-06-02 18:25:04
PAY-20260602-0006417,TRP-20260602-0006417,94.09,cash,settled,2026-06-02 07:59:56
PAY-20260602-0006418,TRP-20260602-0006418,20.42,credit_card,settled,2026-06-02 06:24:26
PAY-20260602-0006419,TRP-20260602-0006419,24.42,mada,settled,2026-06-03 12:13:48
PAY-20260602-0006420,TRP-20260602-0006420,135.62,mada,settled,2026-06-02 21:31:29
PAY-20260602-0006421,TRP-20260602-0006421,28.31,mada,settled,2026-06-02 05:42:59
PAY-20260602-0006422,TRP-20260602-0006422,16.82,mada,settled,2026-06-02 13:45:36
PAY-20260602-0006423,TRP-20260602-0006423,17.99,mada,failed,2026-06-02 12:53:19
PAY-20260602-0006424,TRP-20260602-0006424,104.09,cash,settled,2026-06-02 17:18:37
PAY-20260602-0006425,TRP-20260602-0006425,23.10,wallet,settled,2026-06-03 14:02:54
PAY-20260602-0006426,TRP-20260602-0006426,74.33,mada,settled,2026-06-03 19:13:09
PAY-20260602-0006427,TRP-20260602-0006427,22.95,stc_pay,settled,2026-06-02 20:27:17
PAY-20260602-0006428,TRP-20260602-0006428,29.59,credit_card,settled,2026-06-02 14:12:56
PAY-20260602-0006429,TRP-20260602-0006429,29.41,mada,settled,2026-06-02 00:14:14
PAY-20260602-0006430,TRP-20260602-0006430,100.91,mada,settled,2026-06-02 04:06:04
PAY-20260602-0006431,TRP-20260602-0006431,45.74,cash,settled,2026-06-02 18:24:10
PAY-20260602-0006432,TRP-20260602-0006432,19.66,apple_pay,settled,2026-06-02 14:41:39
PAY-20260602-0006433,TRP-20260602-0006433,20.59,apple_pay,settled,2026-06-02 20:02:41
PAY-20260602-0006434,TRP-20260602-0006434,72.63,stc_pay,settled,2026-06-02 08:26:22
PAY-20260602-0006435,TRP-20260602-0006435,18.17,credit_card,settled,2026-06-03 05:40:22
PAY-20260602-0006436,TRP-20260602-0006436,42.86,mada,pending,2026-06-02 08:18:57
PAY-20260602-0006437,TRP-20260602-0006437,27.31,apple_pay,settled,2026-06-02 09:29:34
PAY-20260602-0006438,TRP-20260602-0006438,38.79,credit_card,settled,2026-06-03 06:38:54
PAY-20260602-0006439,TRP-20260602-0006439,57.20,stc_pay,settled,2026-06-02 07:50:05
PAY-20260602-0006440,TRP-20260602-0006440,72.67,cash,settled,2026-06-02 11:02:15
PAY-20260602-0006441,TRP-20260602-0006441,24.59,cash,settled,2026-06-02 06:54:48
PAY-20260602-0006442,TRP-20260602-0006442,110.60,stc_pay,settled,2026-06-03 00:48:37
PAY-20260602-0006443,TRP-20260602-0006443,39.04,stc_pay,settled,2026-06-02 09:02:36
PAY-20260602-0006444,TRP-20260602-0006444,22.26,cash,settled,2026-06-02 18:04:48
PAY-20260602-0006445,TRP-20260602-0006445,17.37,stc_pay,settled,2026-06-02 18:08:28
PAY-20260602-0006446,TRP-20260602-0006446,15.84,mada,settled,2026-06-02 10:30:05
PAY-20260602-0006447,TRP-20260602-0006447,19.88,apple_pay,settled,2026-06-02 07:31:43
PAY-20260602-0006448,TRP-20260602-0006448,112.71,credit_card,settled,2026-06-02 18:17:28
PAY-20260602-0006449,TRP-20260602-0006449,86.78,stc_pay,settled,2026-06-03 08:46:56
PAY-20260602-0006450,TRP-20260602-0006450,17.22,credit_card,settled,2026-06-02 15:17:27
PAY-20260602-0006451,TRP-20260602-0006451,73.80,apple_pay,settled,2026-06-02 15:36:53
PAY-20260602-0006452,TRP-20260602-0006452,84.70,apple_pay,settled,2026-06-02 09:28:51
PAY-20260602-0006453,TRP-20260602-0006453,157.99,mada,settled,2026-06-02 22:09:25
PAY-20260602-0006454,TRP-20260602-0006454,39.31,cash,settled,2026-06-01 21:26:50
PAY-20260602-0006455,TRP-20260602-0006455,11.87,credit_card,settled,2026-06-02 07:37:06
PAY-20260602-0006456,TRP-20260602-0006456,26.13,credit_card,settled,2026-06-02 20:06:39
PAY-20260602-0006457,TRP-20260602-0006457,49.18,mada,settled,2026-06-02 16:12:04
PAY-20260602-0006458,TRP-20260602-0006458,18.33,credit_card,settled,2026-06-02 03:42:42
PAY-20260602-0006459,TRP-20260602-0006459,22.18,cash,settled,2026-06-02 12:57:58
PAY-20260602-0006460,TRP-20260602-0006460,163.55,credit_card,pending,2026-06-02 21:02:03
PAY-20260602-0006461,TRP-20260602-0006461,157.34,credit_card,settled,2026-06-02 08:05:57
PAY-20260602-0006462,TRP-20260602-0006462,17.27,mada,settled,2026-06-02 04:32:18
PAY-20260602-0006463,TRP-20260602-0006463,44.99,credit_card,pending,2026-06-03 03:07:31
PAY-20260602-0006464,TRP-20260602-0006464,26.17,apple_pay,settled,2026-06-02 23:16:02
PAY-20260602-0006465,TRP-20260602-0006465,49.56,stc_pay,pending,2026-06-02 13:09:42
PAY-20260602-0006466,TRP-20260602-0006466,30.25,cash,settled,2026-06-02 16:46:14
PAY-20260602-0006467,TRP-20260602-0006467,27.88,stc_pay,settled,2026-06-02 15:51:11
PAY-20260602-0006468,TRP-20260602-0006468,65.74,stc_pay,settled,2026-06-02 15:35:12
PAY-20260602-0006469,TRP-20260602-0006469,25.30,mada,settled,2026-06-02 13:58:42
PAY-20260602-0006470,TRP-20260602-0006470,32.76,mada,settled,2026-06-03 13:52:17
PAY-20260602-0006472,TRP-20260602-0006472,174.02,stc_pay,settled,2026-06-02 16:56:09
PAY-20260602-0006473,TRP-20260602-0006473,121.05,stc_pay,settled,2026-06-02 16:15:59
PAY-20260602-0006474,TRP-20260602-0006474,34.00,stc_pay,settled,2026-06-03 00:14:04
PAY-20260602-0006475,TRP-20260602-0006475,36.39,mada,settled,2026-06-02 12:52:22
PAY-20260602-0006476,TRP-20260602-0006476,13.30,apple_pay,settled,2026-06-02 17:22:57
PAY-20260602-0006477,TRP-20260602-0006477,50.10,mada,settled,2026-06-02 08:59:28
PAY-20260602-0006478,TRP-20260602-0006478,17.55,apple_pay,settled,2026-06-02 05:45:19
PAY-20260602-0006479,TRP-20260602-0006479,24.09,mada,settled,2026-06-02 06:01:05
PAY-20260602-0006480,TRP-20260602-0006480,42.56,stc_pay,settled,2026-06-02 12:13:50
PAY-20260602-0006481,TRP-20260602-0006481,39.44,mada,settled,2026-06-02 17:39:48
PAY-20260602-0006482,TRP-20260602-0006482,10.00,stc_pay,settled,2026-06-02 17:04:29
PAY-20260602-0006483,TRP-20260602-0006483,35.18,apple_pay,settled,2026-06-02 03:43:21
PAY-20260602-0006484,TRP-20260602-0006484,14.51,mada,settled,2026-06-02 11:55:03
PAY-20260602-0006485,TRP-20260602-0006485,42.22,mada,pending,2026-06-02 17:15:46
PAY-20260602-0006486,TRP-20260602-0006486,34.76,mada,settled,2026-06-02 12:43:12
PAY-20260602-0006487,TRP-20260602-0006487,15.63,mada,settled,2026-06-02 02:27:14
PAY-20260602-0006488,TRP-20260602-0006488,30.09,credit_card,settled,2026-06-02 11:15:12
PAY-20260602-0006489,TRP-20260602-0006489,25.36,credit_card,settled,2026-06-02 11:24:09
PAY-20260602-0006490,TRP-20260602-0006490,81.37,cash,settled,2026-06-02 12:58:44
PAY-20260602-0006491,TRP-20260602-0006491,33.40,credit_card,settled,2026-06-02 17:10:43
PAY-20260602-0006492,TRP-20260602-0006492,16.24,cash,settled,2026-06-02 15:22:23
PAY-20260602-0006493,TRP-20260602-0006493,41.92,apple_pay,settled,2026-06-02 03:33:17
PAY-20260602-0006494,TRP-20260602-0006494,21.82,mada,settled,2026-06-02 04:43:08
PAY-20260602-0006495,TRP-20260602-0006495,21.66,mada,settled,2026-06-02 18:24:28
PAY-20260602-0006496,TRP-20260602-0006496,98.15,mada,settled,2026-06-03 00:53:51
PAY-20260602-0006497,TRP-20260602-0006497,40.86,credit_card,settled,2026-06-02 13:23:20
PAY-20260602-0006498,TRP-20260602-0006498,45.61,apple_pay,settled,2026-06-02 17:56:44
PAY-20260602-0006499,TRP-20260602-0006499,57.06,credit_card,settled,2026-06-02 15:35:21
PAY-20260602-0006500,TRP-20260602-0006500,96.47,mada,settled,2026-06-02 07:41:54
PAY-20260602-0006501,TRP-20260602-0006501,28.11,apple_pay,settled,2026-06-02 19:26:00
PAY-20260602-0006502,TRP-20260602-0006502,138.41,credit_card,settled,2026-06-02 17:23:30
PAY-20260602-0006503,TRP-20260602-0006503,27.72,credit_card,pending,2026-06-02 03:45:59
PAY-20260602-0006504,TRP-20260602-0006504,19.31,credit_card,settled,2026-06-02 19:22:38
PAY-20260602-0006505,TRP-20260602-0006505,24.75,apple_pay,settled,2026-06-02 07:52:33
PAY-20260602-0006506,TRP-20260602-0006506,16.85,mada,settled,2026-06-03 00:01:01
PAY-20260602-0006508,TRP-20260602-0006508,21.21,wallet,settled,2026-06-02 20:19:32
PAY-20260602-0006509,TRP-20260602-0006509,17.41,credit_card,settled,2026-06-02 05:08:11
PAY-20260602-0006510,TRP-20260602-0006510,50.53,cash,settled,2026-06-02 17:06:24
PAY-20260602-0006511,TRP-20260602-0006511,61.68,mada,settled,2026-06-02 16:27:05
PAY-20260602-0006512,TRP-20260602-0006512,41.38,mada,settled,2026-06-03 05:02:45
PAY-20260602-0006513,TRP-20260602-0006513,201.45,mada,settled,2026-06-02 17:49:55
PAY-20260602-0006514,TRP-20260602-0006514,54.15,credit_card,settled,2026-06-02 15:22:38
PAY-20260602-0006515,TRP-20260602-0006515,6.00,credit_card,settled,2026-06-02 18:29:35
PAY-20260602-0006516,TRP-20260602-0006516,48.42,mada,settled,2026-06-02 22:40:26
PAY-20260602-0006517,TRP-20260602-0006517,17.00,mada,settled,2026-06-03 05:52:37
PAY-20260602-0006518,TRP-20260602-0006518,14.60,mada,settled,2026-06-02 17:21:35
PAY-20260602-0006519,TRP-20260602-0006519,21.02,mada,settled,2026-06-02 11:51:10
PAY-20260602-0006520,TRP-20260602-0006520,17.53,apple_pay,settled,2026-06-02 09:10:22
PAY-20260602-0006521,TRP-20260602-0006521,44.27,cash,settled,2026-06-02 04:30:43
PAY-20260602-0006522,TRP-20260602-0006522,20.13,stc_pay,settled,2026-06-02 05:22:34
PAY-20260602-0006523,TRP-20260602-0006523,10.00,apple_pay,settled,2026-06-02 13:05:33
PAY-20260602-0006524,TRP-20260602-0006524,39.44,apple_pay,settled,2026-06-02 10:49:32
PAY-20260602-0006525,TRP-20260602-0006525,25.89,credit_card,settled,2026-06-02 11:52:16
PAY-20260602-0006526,TRP-20260602-0006526,46.24,mada,settled,2026-06-03 14:30:49
PAY-20260602-0006527,TRP-20260602-0006527,116.97,mada,settled,2026-06-01 22:28:35
PAY-20260602-0006528,TRP-20260602-0006528,79.77,mada,settled,2026-06-02 13:12:38
PAY-20260602-0006529,TRP-20260602-0006529,54.58,mada,settled,2026-06-03 01:42:55
PAY-20260602-0006530,TRP-20260602-0006530,6.00,mada,settled,2026-06-02 11:42:11
PAY-20260602-0006531,TRP-20260602-0006531,14.75,wallet,settled,2026-06-02 13:39:59
PAY-20260602-0006532,TRP-20260602-0006532,83.31,mada,settled,2026-06-02 15:31:53
PAY-20260602-0006533,TRP-20260602-0006533,24.11,cash,settled,2026-06-02 07:28:49
PAY-20260602-0006534,TRP-20260602-0006534,19.99,mada,settled,2026-06-02 07:48:33
PAY-20260602-0006535,TRP-20260602-0006535,50.49,wallet,settled,2026-06-02 11:44:13
PAY-20260602-0006536,TRP-20260602-0006536,163.48,stc_pay,settled,2026-06-02 18:31:57
PAY-20260602-0006538,TRP-20260602-0006538,20.38,mada,settled,2026-06-02 16:00:47
PAY-20260602-0006539,TRP-20260602-0006539,31.35,credit_card,settled,2026-06-02 20:27:36
PAY-20260602-0006540,TRP-20260602-0006540,49.86,apple_pay,settled,2026-06-03 04:52:25
PAY-20260602-0006541,TRP-20260602-0006541,17.12,mada,settled,2026-06-02 11:23:14
PAY-20260602-0006542,TRP-20260602-0006542,33.74,cash,settled,2026-06-02 10:09:06
PAY-20260602-0006543,TRP-20260602-0006543,6.00,mada,settled,2026-06-02 16:18:56
PAY-20260602-0006544,TRP-20260602-0006544,14.84,credit_card,settled,2026-06-02 04:51:39
PAY-20260602-0006545,TRP-20260602-0006545,10.00,cash,settled,2026-06-02 16:57:12
PAY-20260602-0006546,TRP-20260602-0006546,82.40,credit_card,settled,2026-06-02 21:00:30
PAY-20260602-0006547,TRP-20260602-0006547,34.74,wallet,settled,2026-06-02 12:42:46
PAY-20260602-0006548,TRP-20260602-0006548,23.16,mada,settled,2026-06-02 18:46:35
PAY-20260602-0006550,TRP-20260602-0006550,47.59,mada,settled,2026-06-02 14:08:58
PAY-20260602-0006551,TRP-20260602-0006551,25.85,apple_pay,settled,2026-06-02 18:59:05
PAY-20260602-0006552,TRP-20260602-0006552,24.89,cash,settled,2026-06-02 10:17:09
PAY-20260602-0006553,TRP-20260602-0006553,17.10,credit_card,settled,2026-06-02 11:13:51
PAY-20260602-0006554,TRP-20260602-0006554,57.86,mada,settled,2026-06-02 17:01:33
PAY-20260602-0006555,TRP-20260602-0006555,22.68,stc_pay,settled,2026-06-02 05:13:57
PAY-20260602-0006556,TRP-20260602-0006556,20.02,stc_pay,settled,2026-06-02 19:42:16
PAY-20260602-0006557,TRP-20260602-0006557,107.79,mada,settled,2026-06-03 17:33:26
PAY-20260602-0006558,TRP-20260602-0006558,10.00,apple_pay,settled,2026-06-02 16:44:06
PAY-20260602-0006559,TRP-20260602-0006559,46.77,stc_pay,settled,2026-06-02 16:59:12
PAY-20260602-0006560,TRP-20260602-0006560,27.53,mada,settled,2026-06-03 03:03:50
PAY-20260602-0006561,TRP-20260602-0006561,67.95,mada,settled,2026-06-02 16:40:25
PAY-20260602-0006562,TRP-20260602-0006562,62.25,cash,settled,2026-06-02 16:12:05
PAY-20260602-0006563,TRP-20260602-0006563,147.87,apple_pay,settled,2026-06-02 11:47:04
PAY-20260602-0006564,TRP-20260602-0006564,66.98,wallet,settled,2026-06-02 06:15:59
PAY-20260602-0006565,TRP-20260602-0006565,20.75,apple_pay,settled,2026-06-01 22:00:21
PAY-20260602-0006566,TRP-20260602-0006566,21.20,credit_card,settled,2026-06-02 21:13:16
PAY-20260602-0006567,TRP-20260602-0006567,65.41,mada,settled,2026-06-02 15:26:54
PAY-20260602-0006568,TRP-20260602-0006568,75.16,mada,settled,2026-06-02 21:30:07
PAY-20260602-0006570,TRP-20260602-0006570,66.21,mada,settled,2026-06-02 18:07:46
PAY-20260602-0006571,TRP-20260602-0006571,14.36,credit_card,settled,2026-06-02 09:47:34
PAY-20260602-0006572,TRP-20260602-0006572,18.94,credit_card,settled,2026-06-02 13:42:05
PAY-20260602-0006573,TRP-20260602-0006573,50.71,apple_pay,settled,2026-06-02 21:02:14
PAY-20260602-0006574,TRP-20260602-0006574,19.86,mada,settled,2026-06-02 13:16:39
PAY-20260602-0006575,TRP-20260602-0006575,24.76,credit_card,settled,2026-06-02 22:29:17
PAY-20260602-0006576,TRP-20260602-0006576,56.99,stc_pay,settled,2026-06-02 12:13:53
PAY-20260602-0006577,TRP-20260602-0006577,44.83,mada,settled,2026-06-02 11:29:43
PAY-20260602-0006578,TRP-20260602-0006578,53.50,mada,settled,2026-06-02 07:01:12
PAY-20260602-0006579,TRP-20260602-0006579,48.02,mada,settled,2026-06-02 16:09:24
PAY-20260602-0006580,TRP-20260602-0006580,33.56,stc_pay,settled,2026-06-02 07:26:09
PAY-20260602-0006581,TRP-20260602-0006581,12.00,stc_pay,settled,2026-06-03 08:51:55
PAY-20260602-0006582,TRP-20260602-0006582,55.59,mada,refunded,2026-06-03 02:40:44
PAY-20260602-0006583,TRP-20260602-0006583,11.00,cash,settled,2026-06-02 08:14:12
PAY-20260602-0006584,TRP-20260602-0006584,23.87,stc_pay,settled,2026-06-02 06:18:30
PAY-20260602-0006585,TRP-20260602-0006585,52.56,cash,settled,2026-06-02 09:48:08
PAY-20260602-0006586,TRP-20260602-0006586,34.22,apple_pay,settled,2026-06-02 18:17:29
PAY-20260602-0006587,TRP-20260602-0006587,39.37,mada,settled,2026-06-03 04:58:01
PAY-20260602-0006588,TRP-20260602-0006588,12.91,apple_pay,settled,2026-06-01 23:18:48
PAY-20260602-0006589,TRP-20260602-0006589,8.00,mada,settled,2026-06-02 12:01:10
PAY-20260602-0006590,TRP-20260602-0006590,23.51,mada,settled,2026-06-01 22:13:53
PAY-20260602-0006591,TRP-20260602-0006591,61.92,apple_pay,settled,2026-06-02 15:36:03
PAY-20260602-0006592,TRP-20260602-0006592,49.13,mada,settled,2026-06-02 02:52:20
PAY-20260602-0006593,TRP-20260602-0006593,6.00,stc_pay,settled,2026-06-02 06:19:42
PAY-20260602-0006594,TRP-20260602-0006594,20.53,mada,settled,2026-06-02 18:47:42
PAY-20260602-0006595,TRP-20260602-0006595,23.89,mada,settled,2026-06-02 11:36:55
PAY-20260602-0006596,TRP-20260602-0006596,18.10,apple_pay,settled,2026-06-02 06:38:16
PAY-20260602-0006597,TRP-20260602-0006597,26.80,mada,settled,2026-06-02 18:20:58
PAY-20260602-0006598,TRP-20260602-0006598,14.76,wallet,settled,2026-06-02 12:28:45
PAY-20260602-0006599,TRP-20260602-0006599,19.66,mada,settled,2026-06-03 00:24:56
PAY-20260602-0006600,TRP-20260602-0006600,20.10,credit_card,settled,2026-06-02 12:46:15
PAY-20260602-0006601,TRP-20260602-0006601,19.64,wallet,settled,2026-06-02 12:33:05
PAY-20260602-0006602,TRP-20260602-0006602,27.79,credit_card,settled,2026-06-02 03:43:23
PAY-20260602-0006603,TRP-20260602-0006603,51.84,wallet,settled,2026-06-02 23:11:26
PAY-20260602-0006604,TRP-20260602-0006604,41.00,mada,settled,2026-06-02 05:49:02
PAY-20260602-0006605,TRP-20260602-0006605,15.58,cash,settled,2026-06-02 19:37:09
PAY-20260602-0006606,TRP-20260602-0006606,57.44,mada,settled,2026-06-02 17:52:02
PAY-20260602-0006607,TRP-20260602-0006607,24.90,credit_card,settled,2026-06-03 13:21:33
PAY-20260602-0006608,TRP-20260602-0006608,17.10,credit_card,settled,2026-06-03 12:41:04
PAY-20260602-0006609,TRP-20260602-0006609,33.42,mada,settled,2026-06-02 01:44:41
PAY-20260602-0006610,TRP-20260602-0006610,23.17,mada,settled,2026-06-02 15:57:11
PAY-20260602-0006611,TRP-20260602-0006611,18.37,mada,settled,2026-06-03 00:52:10
PAY-20260602-0006612,TRP-20260602-0006612,17.39,mada,settled,2026-06-02 19:38:28
PAY-20260602-0006613,TRP-20260602-0006613,6.00,mada,settled,2026-06-02 23:08:36
PAY-20260602-0006614,TRP-20260602-0006614,20.45,mada,settled,2026-06-03 20:10:26
PAY-20260602-0006615,TRP-20260602-0006615,63.52,credit_card,settled,2026-06-02 11:57:17
PAY-20260602-0006616,TRP-20260602-0006616,108.28,wallet,settled,2026-06-03 03:37:24
PAY-20260602-0006617,TRP-20260602-0006617,53.75,wallet,settled,2026-06-02 14:25:32
PAY-20260602-0006618,TRP-20260602-0006618,89.62,credit_card,settled,2026-06-02 14:48:02
PAY-20260602-0006619,TRP-20260602-0006619,132.67,mada,settled,2026-06-02 12:22:21
PAY-20260602-0006620,TRP-20260602-0006620,23.58,credit_card,settled,2026-06-03 10:11:22
PAY-20260602-0006621,TRP-20260602-0006621,10.00,mada,settled,2026-06-02 20:25:55
PAY-20260602-0006622,TRP-20260602-0006622,17.67,stc_pay,settled,2026-06-02 18:33:38
PAY-20260602-0006623,TRP-20260602-0006623,48.56,apple_pay,settled,2026-06-03 03:01:06
PAY-20260602-0006624,TRP-20260602-0006624,36.52,credit_card,pending,2026-06-02 16:20:38
PAY-20260602-0006625,TRP-20260602-0006625,38.33,mada,settled,2026-06-02 10:16:02
PAY-20260602-0006626,TRP-20260602-0006626,31.60,cash,settled,2026-06-02 15:26:17
PAY-20260602-0006627,TRP-20260602-0006627,27.47,cash,settled,2026-06-02 06:27:47
PAY-20260602-0006628,TRP-20260602-0006628,13.92,credit_card,settled,2026-06-02 13:39:04
PAY-20260602-0006629,TRP-20260602-0006629,40.87,stc_pay,pending,2026-06-02 18:43:04
PAY-20260602-0006630,TRP-20260602-0006630,22.45,credit_card,settled,2026-06-03 04:51:52
PAY-20260602-0006631,TRP-20260602-0006631,116.44,cash,settled,2026-06-02 16:13:46
PAY-20260602-0006632,TRP-20260602-0006632,86.80,mada,settled,2026-06-02 18:06:40
PAY-20260602-0006633,TRP-20260602-0006633,8.00,cash,settled,2026-06-02 16:15:35
PAY-20260602-0006634,TRP-20260602-0006634,47.20,cash,settled,2026-06-02 11:33:48
PAY-20260602-0006635,TRP-20260602-0006635,15.13,apple_pay,settled,2026-06-02 18:52:09
PAY-20260602-0006636,TRP-20260602-0006636,235.16,stc_pay,settled,2026-06-02 19:28:14
PAY-20260602-0006638,TRP-20260602-0006638,24.02,mada,pending,2026-06-02 16:35:40
PAY-20260602-0006639,TRP-20260602-0006639,53.44,apple_pay,settled,2026-06-02 16:22:27
PAY-20260602-0006640,TRP-20260602-0006640,26.47,cash,settled,2026-06-02 14:17:04
PAY-20260602-0006641,TRP-20260602-0006641,16.03,credit_card,pending,2026-06-02 10:54:46
PAY-20260602-0006642,TRP-20260602-0006642,65.35,cash,settled,2026-06-02 16:47:07
PAY-20260602-0006643,TRP-20260602-0006643,173.12,credit_card,settled,2026-06-03 02:15:55
PAY-20260602-0006644,TRP-20260602-0006644,17.59,apple_pay,settled,2026-06-03 04:24:54
PAY-20260602-0006646,TRP-20260602-0006646,54.35,cash,settled,2026-06-02 11:54:33
PAY-20260602-0006647,TRP-20260602-0006647,19.78,stc_pay,settled,2026-06-02 16:04:11
PAY-20260602-0006648,TRP-20260602-0006648,75.27,credit_card,settled,2026-06-02 15:52:09
PAY-20260602-0006649,TRP-20260602-0006649,27.25,cash,settled,2026-06-02 03:42:17
PAY-20260602-0006651,TRP-20260602-0006651,17.86,wallet,settled,2026-06-02 16:18:33
PAY-20260602-0006652,TRP-20260602-0006652,12.00,wallet,settled,2026-06-02 22:49:38
PAY-20260602-0006653,TRP-20260602-0006653,21.18,apple_pay,failed,2026-06-03 02:12:28
PAY-20260602-0006654,TRP-20260602-0006654,20.28,apple_pay,settled,2026-06-02 09:09:10
PAY-20260602-0006655,TRP-20260602-0006655,65.55,mada,settled,2026-06-02 14:44:51
PAY-20260602-0006656,TRP-20260602-0006656,21.60,credit_card,settled,2026-06-02 13:15:49
PAY-20260602-0006657,TRP-20260602-0006657,26.89,credit_card,settled,2026-06-02 07:17:34
PAY-20260602-0006658,TRP-20260602-0006658,22.18,apple_pay,settled,2026-06-02 08:30:16
PAY-20260602-0006659,TRP-20260602-0006659,19.11,cash,settled,2026-06-02 10:15:26
PAY-20260602-0006660,TRP-20260602-0006660,13.64,mada,settled,2026-06-02 04:25:06
PAY-20260602-0006661,TRP-20260602-0006661,16.68,apple_pay,settled,2026-06-02 19:46:16
PAY-20260602-0006662,TRP-20260602-0006662,141.33,credit_card,settled,2026-06-02 18:13:40
PAY-20260602-0006663,TRP-20260602-0006663,17.93,apple_pay,settled,2026-06-02 12:56:15
PAY-20260602-0006664,TRP-20260602-0006664,76.49,wallet,settled,2026-06-02 17:01:24
PAY-20260602-0006665,TRP-20260602-0006665,18.61,apple_pay,settled,2026-06-02 11:32:14
PAY-20260602-0006666,TRP-20260602-0006666,36.91,wallet,settled,2026-06-02 06:32:02
PAY-20260602-0006667,TRP-20260602-0006667,34.04,wallet,settled,2026-06-02 12:32:06
PAY-20260602-0006668,TRP-20260602-0006668,26.22,credit_card,settled,2026-06-02 09:45:20
PAY-20260602-0006669,TRP-20260602-0006669,83.88,mada,settled,2026-06-02 14:28:08
PAY-20260602-0006670,TRP-20260602-0006670,28.47,stc_pay,settled,2026-06-02 16:47:50
PAY-20260602-0006671,TRP-20260602-0006671,38.77,mada,settled,2026-06-03 00:25:01
PAY-20260602-0006672,TRP-20260602-0006672,85.85,mada,settled,2026-06-02 16:57:17
PAY-20260602-0006673,TRP-20260602-0006673,37.63,stc_pay,settled,2026-06-02 20:03:25
PAY-20260602-0006674,TRP-20260602-0006674,37.36,apple_pay,settled,2026-06-02 08:12:51
PAY-20260602-0006675,TRP-20260602-0006675,40.64,cash,settled,2026-06-02 08:50:01
PAY-20260602-0006676,TRP-20260602-0006676,73.74,mada,settled,2026-06-03 02:03:24
PAY-20260602-0006677,TRP-20260602-0006677,92.52,credit_card,settled,2026-06-02 19:47:14
PAY-20260602-0006678,TRP-20260602-0006678,59.60,wallet,settled,2026-06-03 06:38:01
PAY-20260602-0006679,TRP-20260602-0006679,103.24,credit_card,settled,2026-06-02 16:18:44
PAY-20260602-0006680,TRP-20260602-0006680,33.85,mada,settled,2026-06-02 14:39:36
PAY-20260602-0006681,TRP-20260602-0006681,52.24,mada,settled,2026-06-02 16:11:28
PAY-20260602-0006682,TRP-20260602-0006682,48.52,mada,settled,2026-06-02 07:46:50
PAY-20260602-0006683,TRP-20260602-0006683,53.40,wallet,settled,2026-06-02 17:05:08
PAY-20260602-0006684,TRP-20260602-0006684,34.28,cash,settled,2026-06-02 06:02:21
PAY-20260602-0006686,TRP-20260602-0006686,46.33,stc_pay,settled,2026-06-02 16:42:07
PAY-20260602-0006687,TRP-20260602-0006687,141.18,cash,settled,2026-06-02 06:22:49
PAY-20260602-0006688,TRP-20260602-0006688,45.61,mada,settled,2026-06-02 19:18:17
PAY-20260602-0006689,TRP-20260602-0006689,14.32,credit_card,settled,2026-06-02 00:19:49
PAY-20260602-0006690,TRP-20260602-0006690,57.26,apple_pay,settled,2026-06-02 07:22:48
PAY-20260602-0006691,TRP-20260602-0006691,62.52,credit_card,settled,2026-06-02 18:25:17
PAY-20260602-0006693,TRP-20260602-0006693,15.25,cash,settled,2026-06-02 19:23:21
PAY-20260602-0006695,TRP-20260602-0006695,24.73,mada,settled,2026-06-02 17:46:08
PAY-20260602-0006696,TRP-20260602-0006696,22.48,stc_pay,settled,2026-06-02 06:44:30
PAY-20260602-0006697,TRP-20260602-0006697,94.22,credit_card,settled,2026-06-02 14:27:34
PAY-20260602-0006698,TRP-20260602-0006698,51.24,mada,settled,2026-06-03 05:28:11
PAY-20260602-0006699,TRP-20260602-0006699,41.18,apple_pay,settled,2026-06-02 11:53:40
PAY-20260602-0006700,TRP-20260602-0006700,13.46,cash,settled,2026-06-02 14:57:02
PAY-20260602-0006701,TRP-20260602-0006701,6.00,cash,settled,2026-06-02 06:21:50
PAY-20260602-0006702,TRP-20260602-0006702,18.48,mada,settled,2026-06-02 21:30:17
PAY-20260602-0006703,TRP-20260602-0006703,69.96,cash,settled,2026-06-02 01:41:55
PAY-20260602-0006704,TRP-20260602-0006704,49.48,mada,settled,2026-06-02 12:19:51
PAY-20260602-0006705,TRP-20260602-0006705,16.72,credit_card,settled,2026-06-02 22:21:04
PAY-20260602-0006706,TRP-20260602-0006706,50.47,mada,settled,2026-06-02 19:29:14
PAY-20260602-0006707,TRP-20260602-0006707,79.66,mada,settled,2026-06-02 15:22:50
PAY-20260602-0006708,TRP-20260602-0006708,67.23,mada,settled,2026-06-02 22:16:58
PAY-20260602-0006709,TRP-20260602-0006709,38.98,apple_pay,settled,2026-06-03 05:34:17
PAY-20260602-0006710,TRP-20260602-0006710,26.33,stc_pay,settled,2026-06-02 11:24:49
PAY-20260602-0006711,TRP-20260602-0006711,10.00,mada,settled,2026-06-02 08:32:43
PAY-20260602-0006712,TRP-20260602-0006712,49.99,mada,settled,2026-06-02 02:07:53
PAY-20260602-0006713,TRP-20260602-0006713,11.00,cash,settled,2026-06-02 20:01:57
PAY-20260602-0006714,TRP-20260602-0006714,24.74,stc_pay,settled,2026-06-02 11:50:45
PAY-20260602-0006715,TRP-20260602-0006715,17.89,apple_pay,settled,2026-06-02 04:49:50
PAY-20260602-0006717,TRP-20260602-0006717,14.88,stc_pay,settled,2026-06-02 03:38:22
PAY-20260602-0006718,TRP-20260602-0006718,12.23,cash,settled,2026-06-02 08:12:07
PAY-20260602-0006719,TRP-20260602-0006719,36.63,cash,settled,2026-06-02 16:03:05
PAY-20260602-0006720,TRP-20260602-0006720,8.00,wallet,settled,2026-06-02 14:16:40
PAY-20260602-0006721,TRP-20260602-0006721,60.04,mada,settled,2026-06-03 04:58:58
PAY-20260602-0006722,TRP-20260602-0006722,12.60,mada,settled,2026-06-02 12:27:51
PAY-20260602-0006723,TRP-20260602-0006723,8.00,stc_pay,settled,2026-06-02 15:42:14
PAY-20260602-0006724,TRP-20260602-0006724,64.62,apple_pay,settled,2026-06-02 20:45:48
PAY-20260602-0006725,TRP-20260602-0006725,55.78,wallet,settled,2026-06-02 18:33:14
PAY-20260602-0006726,TRP-20260602-0006726,31.05,apple_pay,settled,2026-06-02 13:43:44
PAY-20260602-0006727,TRP-20260602-0006727,8.00,mada,settled,2026-06-02 15:06:50
PAY-20260602-0006728,TRP-20260602-0006728,78.22,stc_pay,settled,2026-06-02 13:17:44
PAY-20260602-0006729,TRP-20260602-0006729,54.75,mada,settled,2026-06-02 21:27:02
PAY-20260602-0006730,TRP-20260602-0006730,39.97,stc_pay,settled,2026-06-02 11:35:40
PAY-20260602-0006731,TRP-20260602-0006731,52.56,mada,settled,2026-06-03 02:47:06
PAY-20260602-0006732,TRP-20260602-0006732,73.50,apple_pay,settled,2026-06-02 19:14:19
PAY-20260602-0006733,TRP-20260602-0006733,37.98,mada,settled,2026-06-03 08:14:11
PAY-20260602-0006734,TRP-20260602-0006734,20.17,stc_pay,settled,2026-06-02 12:45:02
PAY-20260602-0006735,TRP-20260602-0006735,16.43,mada,settled,2026-06-02 01:25:25
PAY-20260602-0006736,TRP-20260602-0006736,45.98,mada,settled,2026-06-02 06:12:24
PAY-20260602-0006737,TRP-20260602-0006737,38.77,mada,settled,2026-06-02 16:15:31
PAY-20260602-0006738,TRP-20260602-0006738,35.83,mada,settled,2026-06-02 20:09:49
PAY-20260602-0006739,TRP-20260602-0006739,29.63,cash,settled,2026-06-02 16:49:20
PAY-20260602-0006741,TRP-20260602-0006741,27.20,mada,settled,2026-06-02 18:14:25
PAY-20260602-0006742,TRP-20260602-0006742,32.36,mada,settled,2026-06-02 15:51:14
PAY-20260602-0006743,TRP-20260602-0006743,66.74,credit_card,settled,2026-06-02 10:29:34
PAY-20260602-0006744,TRP-20260602-0006744,25.86,stc_pay,settled,2026-06-02 13:50:26
PAY-20260602-0006745,TRP-20260602-0006745,30.86,cash,settled,2026-06-02 15:47:51
PAY-20260602-0006746,TRP-20260602-0006746,83.59,mada,pending,2026-06-02 15:00:08
PAY-20260602-0006747,TRP-20260602-0006747,25.60,mada,settled,2026-06-02 05:03:31
PAY-20260602-0006748,TRP-20260602-0006748,59.37,credit_card,settled,2026-06-02 09:09:19
PAY-20260602-0006749,TRP-20260602-0006749,16.37,apple_pay,settled,2026-06-02 17:15:40
PAY-20260602-0006750,TRP-20260602-0006750,21.64,credit_card,settled,2026-06-03 04:12:18
PAY-20260602-0006751,TRP-20260602-0006751,28.96,cash,settled,2026-06-02 18:14:58
PAY-20260602-0006752,TRP-20260602-0006752,32.34,mada,settled,2026-06-02 06:23:13
PAY-20260602-0006753,TRP-20260602-0006753,44.09,credit_card,settled,2026-06-02 13:48:05
PAY-20260602-0006754,TRP-20260602-0006754,8.00,wallet,settled,2026-06-02 13:20:12
PAY-20260602-0006755,TRP-20260602-0006755,23.85,cash,settled,2026-06-02 09:42:36
PAY-20260602-0006756,TRP-20260602-0006756,138.54,mada,settled,2026-06-03 05:42:40
PAY-20260602-0006757,TRP-20260602-0006757,27.87,cash,settled,2026-06-02 19:58:50
PAY-20260602-0006758,TRP-20260602-0006758,44.43,mada,settled,2026-06-02 17:38:24
PAY-20260602-0006759,TRP-20260602-0006759,10.00,mada,settled,2026-06-02 20:01:12
PAY-20260602-0006760,TRP-20260602-0006760,84.68,mada,settled,2026-06-03 14:36:23
PAY-20260602-0006761,TRP-20260602-0006761,15.21,cash,settled,2026-06-02 19:37:34
PAY-20260602-0006762,TRP-20260602-0006762,56.76,mada,settled,2026-06-02 14:28:45
PAY-20260602-0006764,TRP-20260602-0006764,26.42,apple_pay,settled,2026-06-02 15:27:48
PAY-20260602-0006765,TRP-20260602-0006765,40.77,credit_card,settled,2026-06-02 16:49:17
PAY-20260602-0006766,TRP-20260602-0006766,21.98,cash,settled,2026-06-02 15:13:31
PAY-20260602-0006767,TRP-20260602-0006767,44.86,mada,settled,2026-06-02 07:14:26
PAY-20260602-0006768,TRP-20260602-0006768,31.19,stc_pay,settled,2026-06-03 02:43:57
PAY-20260602-0006769,TRP-20260602-0006769,19.50,credit_card,settled,2026-06-01 23:00:37
PAY-20260602-0006770,TRP-20260602-0006770,42.68,credit_card,settled,2026-06-02 11:43:02
PAY-20260602-0006771,TRP-20260602-0006771,14.40,stc_pay,settled,2026-06-02 20:31:19
PAY-20260602-0006772,TRP-20260602-0006772,57.59,stc_pay,settled,2026-06-03 10:17:00
PAY-20260602-0006773,TRP-20260602-0006773,39.44,credit_card,settled,2026-06-02 22:01:49
PAY-20260602-0006774,TRP-20260602-0006774,49.67,apple_pay,settled,2026-06-02 23:53:22
PAY-20260602-0006775,TRP-20260602-0006775,13.45,credit_card,settled,2026-06-01 22:28:02
PAY-20260602-0006776,TRP-20260602-0006776,26.05,credit_card,settled,2026-06-02 09:26:46
PAY-20260602-0006777,TRP-20260602-0006777,127.59,mada,settled,2026-06-02 13:31:39
PAY-20260602-0006778,TRP-20260602-0006778,28.76,stc_pay,settled,2026-06-02 23:17:41
PAY-20260602-0006779,TRP-20260602-0006779,81.66,credit_card,settled,2026-06-03 04:46:21
PAY-20260602-0006780,TRP-20260602-0006780,12.00,mada,settled,2026-06-02 03:28:18
PAY-20260602-0006781,TRP-20260602-0006781,55.92,cash,settled,2026-06-02 06:59:34
PAY-20260602-0006782,TRP-20260602-0006782,123.57,mada,settled,2026-06-02 17:28:19
PAY-20260602-0006783,TRP-20260602-0006783,115.65,mada,settled,2026-06-03 11:37:15
PAY-20260602-0006784,TRP-20260602-0006784,22.32,stc_pay,settled,2026-06-02 05:53:15
PAY-20260602-0006785,TRP-20260602-0006785,24.49,mada,settled,2026-06-03 02:25:15
PAY-20260602-0006786,TRP-20260602-0006786,80.19,credit_card,settled,2026-06-02 22:19:11
PAY-20260602-0006787,TRP-20260602-0006787,131.44,mada,settled,2026-06-03 07:00:18
PAY-20260602-0006789,TRP-20260602-0006789,89.66,cash,settled,2026-06-02 15:53:44
PAY-20260602-0006791,TRP-20260602-0006791,89.86,wallet,settled,2026-06-02 07:02:30
PAY-20260602-0006792,TRP-20260602-0006792,27.25,mada,settled,2026-06-03 05:41:55
PAY-20260602-0006793,TRP-20260602-0006793,49.36,mada,settled,2026-06-02 11:27:29
PAY-20260602-0006794,TRP-20260602-0006794,56.00,cash,settled,2026-06-02 15:56:27
PAY-20260602-0006795,TRP-20260602-0006795,38.62,stc_pay,settled,2026-06-02 06:33:11
PAY-20260602-0006796,TRP-20260602-0006796,12.00,apple_pay,settled,2026-06-02 05:09:28
PAY-20260602-0006797,TRP-20260602-0006797,46.77,wallet,settled,2026-06-03 01:25:57
PAY-20260602-0006798,TRP-20260602-0006798,16.79,credit_card,settled,2026-06-02 14:50:30
PAY-20260602-0006799,TRP-20260602-0006799,84.41,cash,settled,2026-06-02 14:57:29
PAY-20260602-0006800,TRP-20260602-0006800,27.19,wallet,settled,2026-06-02 07:24:14
PAY-20260602-0006801,TRP-20260602-0006801,43.93,credit_card,settled,2026-06-02 15:39:31
PAY-20260602-0006802,TRP-20260602-0006802,21.26,mada,settled,2026-06-02 15:52:30
PAY-20260602-0006803,TRP-20260602-0006803,16.99,wallet,settled,2026-06-02 17:48:37
PAY-20260602-0006804,TRP-20260602-0006804,6.00,mada,settled,2026-06-03 06:48:03
PAY-20260602-0006805,TRP-20260602-0006805,18.31,mada,settled,2026-06-01 22:08:22
PAY-20260602-0006806,TRP-20260602-0006806,14.30,stc_pay,settled,2026-06-02 14:02:56
PAY-20260602-0006807,TRP-20260602-0006807,16.37,apple_pay,settled,2026-06-02 18:44:52
PAY-20260602-0006808,TRP-20260602-0006808,24.48,cash,settled,2026-06-02 19:56:21
PAY-20260602-0006809,TRP-20260602-0006809,93.86,mada,settled,2026-06-03 12:35:20
PAY-20260602-0006810,TRP-20260602-0006810,19.43,apple_pay,settled,2026-06-01 23:15:20
PAY-20260602-0006811,TRP-20260602-0006811,22.14,mada,pending,2026-06-02 04:40:20
PAY-20260602-0006812,TRP-20260602-0006812,13.35,cash,settled,2026-06-02 06:23:59
PAY-20260602-0006813,TRP-20260602-0006813,81.99,credit_card,settled,2026-06-02 08:35:31
PAY-20260602-0006814,TRP-20260602-0006814,26.12,mada,settled,2026-06-03 02:52:44
PAY-20260602-0006815,TRP-20260602-0006815,52.02,mada,settled,2026-06-02 12:49:09
PAY-20260602-0006816,TRP-20260602-0006816,35.39,credit_card,settled,2026-06-03 07:31:54
PAY-20260602-0006817,TRP-20260602-0006817,19.27,apple_pay,failed,2026-06-02 07:05:12
PAY-20260602-0006818,TRP-20260602-0006818,27.68,mada,settled,2026-06-02 17:23:45
PAY-20260602-0006819,TRP-20260602-0006819,10.00,apple_pay,settled,2026-06-01 21:37:53
PAY-20260602-0006820,TRP-20260602-0006820,48.88,mada,settled,2026-06-02 20:04:15
PAY-20260602-0006821,TRP-20260602-0006821,13.45,mada,settled,2026-06-02 18:59:16
PAY-20260602-0006822,TRP-20260602-0006822,11.00,stc_pay,settled,2026-06-02 12:33:32
PAY-20260602-0006823,TRP-20260602-0006823,54.02,mada,settled,2026-06-02 17:45:42
PAY-20260602-0006824,TRP-20260602-0006824,82.66,mada,settled,2026-06-02 10:07:56
PAY-20260602-0006825,TRP-20260602-0006825,12.63,stc_pay,settled,2026-06-02 17:37:23
PAY-20260602-0006826,TRP-20260602-0006826,33.77,mada,settled,2026-06-02 10:25:13
PAY-20260602-0006827,TRP-20260602-0006827,29.69,mada,settled,2026-06-02 11:57:20
PAY-20260602-0006828,TRP-20260602-0006828,32.33,credit_card,settled,2026-06-03 03:45:29
PAY-20260602-0006829,TRP-20260602-0006829,25.00,cash,settled,2026-06-02 14:34:20
PAY-20260602-0006830,TRP-20260602-0006830,18.42,wallet,settled,2026-06-03 13:20:19
PAY-20260602-0006831,TRP-20260602-0006831,63.89,mada,settled,2026-06-02 08:26:08
PAY-20260602-0006832,TRP-20260602-0006832,96.35,apple_pay,settled,2026-06-02 16:16:46
PAY-20260602-0006833,TRP-20260602-0006833,32.37,mada,settled,2026-06-02 13:05:39
PAY-20260602-0006834,TRP-20260602-0006834,20.20,mada,settled,2026-06-02 08:35:13
PAY-20260602-0006835,TRP-20260602-0006835,16.04,apple_pay,settled,2026-06-02 17:34:59
PAY-20260602-0006836,TRP-20260602-0006836,38.36,cash,settled,2026-06-02 19:38:17
PAY-20260602-0006837,TRP-20260602-0006837,20.61,mada,settled,2026-06-03 00:04:41
PAY-20260602-0006838,TRP-20260602-0006838,75.10,apple_pay,settled,2026-06-02 09:25:53
PAY-20260602-0006840,TRP-20260602-0006840,33.71,mada,settled,2026-06-02 06:07:09
PAY-20260602-0006842,TRP-20260602-0006842,37.96,mada,settled,2026-06-02 10:17:26
PAY-20260602-0006843,TRP-20260602-0006843,24.73,credit_card,settled,2026-06-02 13:27:45
PAY-20260602-0006844,TRP-20260602-0006844,50.68,mada,settled,2026-06-02 18:18:52
PAY-20260602-0006845,TRP-20260602-0006845,25.28,mada,settled,2026-06-02 16:09:24
PAY-20260602-0006846,TRP-20260602-0006846,66.64,credit_card,settled,2026-06-02 06:31:51
PAY-20260602-0006847,TRP-20260602-0006847,30.33,credit_card,settled,2026-06-02 17:51:46
PAY-20260602-0006848,TRP-20260602-0006848,20.28,mada,settled,2026-06-02 16:28:49
PAY-20260602-0006849,TRP-20260602-0006849,11.20,mada,pending,2026-06-02 12:06:58
PAY-20260602-0006850,TRP-20260602-0006850,137.91,mada,settled,2026-06-02 15:43:38
PAY-20260602-0006851,TRP-20260602-0006851,25.11,mada,settled,2026-06-02 17:21:36
PAY-20260602-0006852,TRP-20260602-0006852,10.00,mada,settled,2026-06-03 06:24:11
PAY-20260602-0006853,TRP-20260602-0006853,20.25,cash,settled,2026-06-01 23:24:24
PAY-20260602-0006854,TRP-20260602-0006854,70.92,mada,settled,2026-06-02 13:17:51
PAY-20260602-0006855,TRP-20260602-0006855,48.64,mada,settled,2026-06-02 10:26:34
PAY-20260602-0006856,TRP-20260602-0006856,58.93,credit_card,settled,2026-06-02 15:18:59
PAY-20260602-0006857,TRP-20260602-0006857,10.00,mada,settled,2026-06-02 20:47:13
PAY-20260602-0006858,TRP-20260602-0006858,17.76,mada,settled,2026-06-03 11:44:41
PAY-20260602-0006859,TRP-20260602-0006859,24.50,mada,settled,2026-06-02 17:21:24
PAY-20260602-0006860,TRP-20260602-0006860,57.26,credit_card,settled,2026-06-02 19:34:39
PAY-20260602-0006861,TRP-20260602-0006861,36.47,stc_pay,settled,2026-06-02 05:35:04
PAY-20260602-0006862,TRP-20260602-0006862,20.28,stc_pay,settled,2026-06-03 13:53:59
PAY-20260602-0006863,TRP-20260602-0006863,68.26,cash,settled,2026-06-02 14:16:26
PAY-20260602-0006864,TRP-20260602-0006864,51.95,credit_card,settled,2026-06-02 13:14:05
PAY-20260602-0006865,TRP-20260602-0006865,16.15,mada,settled,2026-06-03 13:35:35
PAY-20260602-0006866,TRP-20260602-0006866,36.79,wallet,settled,2026-06-03 10:27:39
PAY-20260602-0006867,TRP-20260602-0006867,8.00,wallet,settled,2026-06-03 06:24:43
PAY-20260602-0006868,TRP-20260602-0006868,72.33,cash,settled,2026-06-02 16:49:31
PAY-20260602-0006869,TRP-20260602-0006869,79.72,wallet,settled,2026-06-02 18:50:32
PAY-20260602-0006870,TRP-20260602-0006870,59.47,apple_pay,settled,2026-06-02 19:28:18
PAY-20260602-0006871,TRP-20260602-0006871,25.08,mada,settled,2026-06-02 07:33:13
PAY-20260602-0006872,TRP-20260602-0006872,34.51,mada,settled,2026-06-02 21:23:12
PAY-20260602-0006873,TRP-20260602-0006873,16.85,stc_pay,failed,2026-06-02 19:10:02
PAY-20260602-0006874,TRP-20260602-0006874,145.92,credit_card,settled,2026-06-02 12:17:37
PAY-20260602-0006875,TRP-20260602-0006875,15.35,credit_card,settled,2026-06-03 01:53:11
PAY-20260602-0006876,TRP-20260602-0006876,32.67,credit_card,settled,2026-06-02 05:20:29
PAY-20260602-0006877,TRP-20260602-0006877,23.50,cash,settled,2026-06-02 04:50:42
PAY-20260602-0006878,TRP-20260602-0006878,8.00,mada,settled,2026-06-02 08:09:45
PAY-20260602-0006879,TRP-20260602-0006879,76.25,cash,settled,2026-06-02 11:43:05
PAY-20260602-0006880,TRP-20260602-0006880,23.55,mada,settled,2026-06-02 12:05:48
PAY-20260602-0006881,TRP-20260602-0006881,74.46,mada,settled,2026-06-03 03:29:30
PAY-20260602-0006882,TRP-20260602-0006882,43.20,apple_pay,settled,2026-06-02 07:13:51
PAY-20260602-0006883,TRP-20260602-0006883,181.08,mada,settled,2026-06-02 17:08:31
PAY-20260602-0006884,TRP-20260602-0006884,25.50,apple_pay,settled,2026-06-03 08:50:43
PAY-20260602-0006885,TRP-20260602-0006885,11.00,mada,settled,2026-06-02 10:26:59
PAY-20260602-0006886,TRP-20260602-0006886,29.16,mada,settled,2026-06-02 22:54:46
PAY-20260602-0006887,TRP-20260602-0006887,13.27,credit_card,settled,2026-06-02 13:51:15
PAY-20260602-0006888,TRP-20260602-0006888,79.42,mada,settled,2026-06-02 16:41:21
PAY-20260602-0006889,TRP-20260602-0006889,56.72,credit_card,settled,2026-06-03 18:39:17
PAY-20260602-0006890,TRP-20260602-0006890,8.00,apple_pay,settled,2026-06-03 04:30:29
PAY-20260602-0006891,TRP-20260602-0006891,26.13,mada,settled,2026-06-02 14:44:31
PAY-20260602-0006892,TRP-20260602-0006892,20.13,cash,settled,2026-06-02 09:17:17
PAY-20260602-0006893,TRP-20260602-0006893,50.59,credit_card,settled,2026-06-02 21:38:02
PAY-20260602-0006894,TRP-20260602-0006894,82.14,credit_card,settled,2026-06-02 21:24:17
PAY-20260602-0006895,TRP-20260602-0006895,29.49,mada,settled,2026-06-02 22:41:35
PAY-20260602-0006896,TRP-20260602-0006896,24.64,wallet,settled,2026-06-02 16:52:36
PAY-20260602-0006897,TRP-20260602-0006897,19.35,credit_card,settled,2026-06-02 17:46:08
PAY-20260602-0006898,TRP-20260602-0006898,102.96,cash,settled,2026-06-02 16:45:25
PAY-20260602-0006899,TRP-20260602-0006899,18.74,cash,settled,2026-06-02 18:03:29
PAY-20260602-0006900,TRP-20260602-0006900,19.21,mada,settled,2026-06-02 19:33:27
PAY-20260602-0006901,TRP-20260602-0006901,21.96,apple_pay,settled,2026-06-02 06:24:49
PAY-20260602-0006902,TRP-20260602-0006902,31.89,mada,settled,2026-06-03 05:57:58
PAY-20260602-0006903,TRP-20260602-0006903,34.67,cash,settled,2026-06-02 18:56:25
PAY-20260602-0006904,TRP-20260602-0006904,37.82,mada,settled,2026-06-02 15:44:49
PAY-20260602-0006905,TRP-20260602-0006905,50.99,stc_pay,settled,2026-06-01 21:46:59
PAY-20260602-0006906,TRP-20260602-0006906,43.42,apple_pay,settled,2026-06-03 09:48:45
PAY-20260602-0006907,TRP-20260602-0006907,41.83,credit_card,settled,2026-06-02 06:57:46
PAY-20260602-0006908,TRP-20260602-0006908,21.34,mada,settled,2026-06-02 18:04:01
PAY-20260602-0006909,TRP-20260602-0006909,32.25,mada,settled,2026-06-02 07:40:08
PAY-20260602-0006910,TRP-20260602-0006910,36.27,stc_pay,settled,2026-06-02 06:19:20
PAY-20260602-0006911,TRP-20260602-0006911,28.90,mada,settled,2026-06-02 07:03:27
PAY-20260602-0006912,TRP-20260602-0006912,37.26,stc_pay,settled,2026-06-02 19:41:46
PAY-20260602-0006913,TRP-20260602-0006913,43.82,mada,settled,2026-06-02 17:08:54
PAY-20260602-0006914,TRP-20260602-0006914,30.68,credit_card,settled,2026-06-02 14:14:34
PAY-20260602-0006915,TRP-20260602-0006915,12.86,mada,settled,2026-06-03 08:17:48
PAY-20260602-0006916,TRP-20260602-0006916,27.59,mada,settled,2026-06-02 12:07:27
PAY-20260602-0006917,TRP-20260602-0006917,30.42,apple_pay,settled,2026-06-02 05:52:43
PAY-20260602-0006918,TRP-20260602-0006918,17.59,stc_pay,settled,2026-06-02 16:24:02
PAY-20260602-0006919,TRP-20260602-0006919,142.80,credit_card,settled,2026-06-02 17:23:18
PAY-20260602-0006920,TRP-20260602-0006920,56.06,cash,settled,2026-06-02 13:09:31
PAY-20260602-0006921,TRP-20260602-0006921,50.73,stc_pay,settled,2026-06-03 03:35:37
PAY-20260602-0006922,TRP-20260602-0006922,24.05,apple_pay,settled,2026-06-03 05:07:25
PAY-20260602-0006923,TRP-20260602-0006923,50.14,credit_card,settled,2026-06-02 18:01:59
PAY-20260602-0006924,TRP-20260602-0006924,113.77,mada,settled,2026-06-02 19:47:39
PAY-20260602-0006925,TRP-20260602-0006925,18.45,apple_pay,settled,2026-06-02 18:46:21
PAY-20260602-0006927,TRP-20260602-0006927,95.66,credit_card,settled,2026-06-01 22:38:13
PAY-20260602-0006928,TRP-20260602-0006928,33.09,credit_card,settled,2026-06-02 19:16:10
PAY-20260602-0006929,TRP-20260602-0006929,60.41,wallet,settled,2026-06-02 19:29:22
PAY-20260602-0006930,TRP-20260602-0006930,13.61,credit_card,settled,2026-06-02 20:08:35
PAY-20260602-0006931,TRP-20260602-0006931,73.84,mada,settled,2026-06-02 16:46:47
PAY-20260602-0006932,TRP-20260602-0006932,77.65,wallet,settled,2026-06-02 14:34:00
PAY-20260602-0006933,TRP-20260602-0006933,31.41,apple_pay,settled,2026-06-02 21:02:12
PAY-20260602-0006934,TRP-20260602-0006934,65.68,stc_pay,settled,2026-06-02 23:36:13
PAY-20260602-0006935,TRP-20260602-0006935,30.09,apple_pay,settled,2026-06-02 12:34:29
PAY-20260602-0006936,TRP-20260602-0006936,21.71,apple_pay,settled,2026-06-02 19:00:17
PAY-20260602-0006937,TRP-20260602-0006937,87.86,cash,settled,2026-06-02 06:07:36
PAY-20260602-0006938,TRP-20260602-0006938,12.00,stc_pay,settled,2026-06-02 14:27:46
PAY-20260602-0006939,TRP-20260602-0006939,28.25,apple_pay,settled,2026-06-02 15:18:05
PAY-20260602-0006940,TRP-20260602-0006940,41.44,apple_pay,settled,2026-06-02 08:55:24
PAY-20260602-0006941,TRP-20260602-0006941,79.11,mada,settled,2026-06-02 12:02:03
PAY-20260602-0006942,TRP-20260602-0006942,64.26,apple_pay,settled,2026-06-02 15:41:12
PAY-20260602-0006943,TRP-20260602-0006943,14.74,credit_card,settled,2026-06-02 12:27:54
PAY-20260602-0006944,TRP-20260602-0006944,49.78,mada,settled,2026-06-02 17:16:25
PAY-20260602-0006945,TRP-20260602-0006945,69.96,wallet,settled,2026-06-02 16:44:13
PAY-20260602-0006946,TRP-20260602-0006946,39.36,credit_card,settled,2026-06-02 11:26:48
PAY-20260602-0006947,TRP-20260602-0006947,55.44,mada,settled,2026-06-02 10:05:56
PAY-20260602-0006948,TRP-20260602-0006948,41.07,mada,settled,2026-06-02 17:38:36
PAY-20260602-0006949,TRP-20260602-0006949,37.93,cash,settled,2026-06-02 08:28:24
PAY-20260602-0006950,TRP-20260602-0006950,10.00,credit_card,settled,2026-06-02 05:34:50
PAY-20260602-0006951,TRP-20260602-0006951,21.56,mada,settled,2026-06-02 08:21:14
PAY-20260602-0006952,TRP-20260602-0006952,105.11,mada,settled,2026-06-02 18:45:42
PAY-20260602-0006953,TRP-20260602-0006953,44.26,apple_pay,settled,2026-06-02 16:27:39
PAY-20260602-0006954,TRP-20260602-0006954,98.16,credit_card,settled,2026-06-03 09:02:44
PAY-20260602-0006955,TRP-20260602-0006955,41.24,credit_card,settled,2026-06-03 02:01:25
PAY-20260602-0006956,TRP-20260602-0006956,57.00,stc_pay,settled,2026-06-02 19:23:11
PAY-20260602-0006957,TRP-20260602-0006957,43.25,mada,settled,2026-06-02 07:36:26
PAY-20260602-0006958,TRP-20260602-0006958,86.23,apple_pay,settled,2026-06-03 01:55:24
PAY-20260602-0006959,TRP-20260602-0006959,35.26,apple_pay,settled,2026-06-02 07:31:19
PAY-20260602-0006960,TRP-20260602-0006960,26.91,mada,settled,2026-06-02 19:17:17
PAY-20260602-0006961,TRP-20260602-0006961,20.64,mada,settled,2026-06-02 19:04:16
PAY-20260602-0006962,TRP-20260602-0006962,51.85,mada,settled,2026-06-02 17:59:12
PAY-20260602-0006963,TRP-20260602-0006963,13.30,credit_card,settled,2026-06-02 19:48:18
PAY-20260602-0006964,TRP-20260602-0006964,83.20,mada,settled,2026-06-02 18:16:36
PAY-20260602-0006965,TRP-20260602-0006965,29.95,cash,settled,2026-06-02 16:47:06
PAY-20260602-0006966,TRP-20260602-0006966,43.59,mada,settled,2026-06-02 22:31:05
PAY-20260602-0006967,TRP-20260602-0006967,62.69,credit_card,settled,2026-06-02 18:14:55
PAY-20260602-0006968,TRP-20260602-0006968,34.26,mada,settled,2026-06-02 20:51:16
PAY-20260602-0006969,TRP-20260602-0006969,16.10,mada,settled,2026-06-03 06:59:29
PAY-20260602-0006970,TRP-20260602-0006970,26.41,wallet,settled,2026-06-02 06:19:08
PAY-20260602-0006971,TRP-20260602-0006971,75.09,stc_pay,settled,2026-06-03 06:41:35
PAY-20260602-0006972,TRP-20260602-0006972,16.57,mada,settled,2026-06-02 19:34:59
PAY-20260602-0006973,TRP-20260602-0006973,6.00,credit_card,settled,2026-06-02 17:12:07
PAY-20260602-0006974,TRP-20260602-0006974,75.47,stc_pay,settled,2026-06-02 15:32:17
PAY-20260602-0006975,TRP-20260602-0006975,25.16,credit_card,settled,2026-06-02 14:46:28
PAY-20260602-0006976,TRP-20260602-0006976,13.27,credit_card,settled,2026-06-02 18:31:31
PAY-20260602-0006977,TRP-20260602-0006977,96.49,apple_pay,settled,2026-06-02 09:02:32
PAY-20260602-0006978,TRP-20260602-0006978,38.37,mada,settled,2026-06-01 22:12:59
PAY-20260602-0006979,TRP-20260602-0006979,57.75,credit_card,settled,2026-06-02 13:55:16
PAY-20260602-0006980,TRP-20260602-0006980,14.25,cash,settled,2026-06-02 17:13:03
PAY-20260602-0006981,TRP-20260602-0006981,39.26,cash,settled,2026-06-02 18:11:54
PAY-20260602-0006982,TRP-20260602-0006982,44.01,apple_pay,pending,2026-06-03 05:52:07
PAY-20260602-0006983,TRP-20260602-0006983,158.52,stc_pay,settled,2026-06-02 09:57:20
PAY-20260602-0006984,TRP-20260602-0006984,51.33,mada,settled,2026-06-02 15:22:25
PAY-20260602-0006985,TRP-20260602-0006985,25.21,credit_card,settled,2026-06-02 12:39:48
PAY-20260602-0006986,TRP-20260602-0006986,36.35,wallet,settled,2026-06-02 14:28:07
PAY-20260602-0006987,TRP-20260602-0006987,32.86,credit_card,settled,2026-06-02 12:47:31
PAY-20260602-0006988,TRP-20260602-0006988,17.94,wallet,settled,2026-06-02 07:16:29
PAY-20260602-0006989,TRP-20260602-0006989,14.30,apple_pay,settled,2026-06-03 06:07:39
PAY-20260602-0006990,TRP-20260602-0006990,52.44,apple_pay,settled,2026-06-03 07:00:33
PAY-20260602-0006991,TRP-20260602-0006991,29.85,credit_card,settled,2026-06-01 23:31:01
PAY-20260602-0006992,TRP-20260602-0006992,33.69,mada,settled,2026-06-02 16:26:20
PAY-20260602-0006993,TRP-20260602-0006993,37.41,credit_card,settled,2026-06-02 18:32:10
PAY-20260602-0006994,TRP-20260602-0006994,41.87,cash,settled,2026-06-02 03:34:44
PAY-20260602-0006995,TRP-20260602-0006995,27.62,stc_pay,settled,2026-06-02 12:46:11
PAY-20260602-0006996,TRP-20260602-0006996,20.12,stc_pay,settled,2026-06-02 17:57:34
PAY-20260602-0006997,TRP-20260602-0006997,23.03,mada,settled,2026-06-02 18:25:25
PAY-20260602-0006998,TRP-20260602-0006998,40.90,mada,settled,2026-06-02 09:41:42
PAY-20260602-0006999,TRP-20260602-0006999,41.08,wallet,settled,2026-06-02 18:31:42
PAY-20260602-0007000,TRP-20260602-0007000,110.84,apple_pay,refunded,2026-06-02 15:17:02
PAY-20260602-0007001,TRP-20260602-0007001,77.47,stc_pay,settled,2026-06-02 15:28:35
PAY-20260602-0007002,TRP-20260602-0007002,52.82,credit_card,settled,2026-06-03 05:49:24
PAY-20260602-0007003,TRP-20260602-0007003,17.33,apple_pay,settled,2026-06-02 18:09:52
PAY-20260602-0007004,TRP-20260602-0007004,22.50,cash,settled,2026-06-02 18:27:47
PAY-20260602-0007005,TRP-20260602-0007005,155.69,credit_card,pending,2026-06-02 17:41:24
PAY-20260602-0007006,TRP-20260602-0007006,88.67,cash,settled,2026-06-02 19:53:55
PAY-20260602-0007008,TRP-20260602-0007008,48.04,wallet,settled,2026-06-02 12:50:52
PAY-20260602-0007009,TRP-20260602-0007009,6.00,stc_pay,settled,2026-06-03 03:35:01
PAY-20260602-0007010,TRP-20260602-0007010,18.51,apple_pay,settled,2026-06-02 22:07:23
PAY-20260602-0007011,TRP-20260602-0007011,73.29,mada,settled,2026-06-02 20:38:00
PAY-20260602-0007012,TRP-20260602-0007012,63.85,stc_pay,settled,2026-06-02 17:23:53
PAY-20260602-0007013,TRP-20260602-0007013,52.26,mada,settled,2026-06-02 22:46:42
PAY-20260602-0007014,TRP-20260602-0007014,133.26,apple_pay,settled,2026-06-02 21:04:15
PAY-20260602-0007015,TRP-20260602-0007015,148.41,wallet,settled,2026-06-02 12:46:50
PAY-20260602-0007016,TRP-20260602-0007016,86.28,mada,settled,2026-06-03 06:47:18
PAY-20260602-0007017,TRP-20260602-0007017,63.60,cash,settled,2026-06-02 15:32:03
PAY-20260602-0007018,TRP-20260602-0007018,48.71,mada,settled,2026-06-02 05:00:45
PAY-20260602-0007019,TRP-20260602-0007019,57.15,cash,settled,2026-06-02 00:31:27
PAY-20260602-0007021,TRP-20260602-0007021,37.27,credit_card,settled,2026-06-02 06:13:15
PAY-20260602-0007022,TRP-20260602-0007022,14.28,cash,settled,2026-06-02 09:09:13
PAY-20260602-0007023,TRP-20260602-0007023,50.27,mada,settled,2026-06-02 21:26:40
PAY-20260602-0007024,TRP-20260602-0007024,18.32,wallet,settled,2026-06-02 17:18:45
PAY-20260602-0007025,TRP-20260602-0007025,34.74,wallet,settled,2026-06-03 02:59:11
PAY-20260602-0007026,TRP-20260602-0007026,38.99,mada,settled,2026-06-02 21:46:06
PAY-20260602-0007027,TRP-20260602-0007027,13.45,stc_pay,settled,2026-06-02 21:13:56
PAY-20260602-0007028,TRP-20260602-0007028,62.22,credit_card,settled,2026-06-02 19:34:15
PAY-20260602-0007029,TRP-20260602-0007029,73.92,credit_card,settled,2026-06-02 18:09:43
PAY-20260602-0007030,TRP-20260602-0007030,45.59,mada,settled,2026-06-03 11:56:14
PAY-20260602-0007031,TRP-20260602-0007031,85.58,mada,settled,2026-06-02 16:06:40
PAY-20260602-0007032,TRP-20260602-0007032,29.55,mada,settled,2026-06-02 11:00:19
PAY-20260602-0007033,TRP-20260602-0007033,50.38,apple_pay,settled,2026-06-02 18:54:35
PAY-20260602-0007034,TRP-20260602-0007034,64.37,mada,settled,2026-06-03 13:28:39
PAY-20260602-0007035,TRP-20260602-0007035,24.99,credit_card,settled,2026-06-02 19:33:10
PAY-20260602-0007036,TRP-20260602-0007036,40.77,stc_pay,settled,2026-06-02 16:41:25
PAY-20260602-0007037,TRP-20260602-0007037,23.72,mada,settled,2026-06-03 04:48:15
PAY-20260602-0007038,TRP-20260602-0007038,18.38,stc_pay,settled,2026-06-03 03:29:24
PAY-20260602-0007039,TRP-20260602-0007039,21.29,mada,settled,2026-06-02 14:43:13
PAY-20260602-0007040,TRP-20260602-0007040,13.21,mada,settled,2026-06-02 05:58:06
PAY-20260602-0007041,TRP-20260602-0007041,15.49,wallet,settled,2026-06-02 19:24:50
PAY-20260602-0007042,TRP-20260602-0007042,12.00,credit_card,settled,2026-06-03 17:03:58
PAY-20260602-0007043,TRP-20260602-0007043,104.47,cash,settled,2026-06-02 13:12:57
PAY-20260602-0007044,TRP-20260602-0007044,10.00,mada,settled,2026-06-02 19:40:39
PAY-20260602-0007045,TRP-20260602-0007045,120.76,mada,settled,2026-06-02 08:04:50
PAY-20260602-0007046,TRP-20260602-0007046,6.00,mada,settled,2026-06-02 17:23:03
PAY-20260602-0007047,TRP-20260602-0007047,145.51,mada,settled,2026-06-03 02:46:31
PAY-20260602-0007048,TRP-20260602-0007048,17.08,apple_pay,settled,2026-06-02 04:33:19
PAY-20260602-0007049,TRP-20260602-0007049,20.28,mada,settled,2026-06-02 03:05:14
PAY-20260602-0007050,TRP-20260602-0007050,81.85,apple_pay,settled,2026-06-02 16:16:23
PAY-20260602-0007051,TRP-20260602-0007051,108.68,mada,settled,2026-06-03 10:38:49
PAY-20260602-0007052,TRP-20260602-0007052,11.00,mada,settled,2026-06-02 05:33:03
PAY-20260602-0007053,TRP-20260602-0007053,17.13,credit_card,settled,2026-06-02 04:42:35
PAY-20260602-0007054,TRP-20260602-0007054,16.15,cash,settled,2026-06-02 14:44:33
PAY-20260602-0007055,TRP-20260602-0007055,18.43,mada,settled,2026-06-02 14:47:13
PAY-20260602-0007056,TRP-20260602-0007056,11.00,stc_pay,settled,2026-06-02 20:14:13
PAY-20260602-0007057,TRP-20260602-0007057,14.43,apple_pay,settled,2026-06-03 06:13:54
PAY-20260602-0007058,TRP-20260602-0007058,36.65,stc_pay,settled,2026-06-02 05:15:23
PAY-20260602-0007059,TRP-20260602-0007059,19.64,mada,settled,2026-06-02 16:57:56
PAY-20260602-0007060,TRP-20260602-0007060,147.63,mada,settled,2026-06-03 15:06:32
PAY-20260602-0007061,TRP-20260602-0007061,47.75,wallet,settled,2026-06-02 19:56:01
PAY-20260602-0007062,TRP-20260602-0007062,144.41,credit_card,settled,2026-06-02 17:03:32
PAY-20260602-0007063,TRP-20260602-0007063,27.24,stc_pay,settled,2026-06-02 12:06:40
PAY-20260602-0007064,TRP-20260602-0007064,23.37,mada,settled,2026-06-02 10:47:27
PAY-20260602-0007065,TRP-20260602-0007065,59.73,stc_pay,settled,2026-06-02 07:20:32
PAY-20260602-0007066,TRP-20260602-0007066,56.16,mada,settled,2026-06-03 14:41:41
PAY-20260602-0007067,TRP-20260602-0007067,32.80,wallet,settled,2026-06-03 12:19:05
PAY-20260602-0007068,TRP-20260602-0007068,13.50,credit_card,settled,2026-06-02 19:08:39
PAY-20260602-0007069,TRP-20260602-0007069,23.20,mada,settled,2026-06-02 09:43:25
PAY-20260602-0007070,TRP-20260602-0007070,63.87,cash,settled,2026-06-02 16:19:47
PAY-20260602-0007071,TRP-20260602-0007071,82.35,stc_pay,settled,2026-06-02 17:16:38
PAY-20260602-0007072,TRP-20260602-0007072,28.03,mada,settled,2026-06-02 15:39:01
PAY-20260602-0007073,TRP-20260602-0007073,12.94,credit_card,settled,2026-06-02 20:08:47
PAY-20260602-0007074,TRP-20260602-0007074,18.83,mada,settled,2026-06-02 19:36:33
PAY-20260602-0007075,TRP-20260602-0007075,28.90,mada,settled,2026-06-02 09:37:16
PAY-20260602-0007076,TRP-20260602-0007076,51.09,mada,settled,2026-06-03 09:15:21
PAY-20260602-0007077,TRP-20260602-0007077,14.95,mada,settled,2026-06-02 20:46:09
PAY-20260602-0007078,TRP-20260602-0007078,25.37,wallet,settled,2026-06-02 22:12:24
PAY-20260602-0007079,TRP-20260602-0007079,43.40,mada,settled,2026-06-02 17:13:48
PAY-20260602-0007080,TRP-20260602-0007080,24.01,mada,settled,2026-06-03 05:43:18
PAY-20260602-0007081,TRP-20260602-0007081,23.89,wallet,settled,2026-06-03 06:40:19
PAY-20260602-0007082,TRP-20260602-0007082,77.84,credit_card,settled,2026-06-02 14:12:13
PAY-20260602-0007083,TRP-20260602-0007083,18.98,stc_pay,settled,2026-06-02 20:30:01
PAY-20260602-0007084,TRP-20260602-0007084,18.96,cash,settled,2026-06-02 16:40:24
PAY-20260602-0007085,TRP-20260602-0007085,18.40,mada,settled,2026-06-02 17:40:05
PAY-20260602-0007086,TRP-20260602-0007086,30.75,credit_card,settled,2026-06-02 12:11:30
PAY-20260602-0007087,TRP-20260602-0007087,11.36,apple_pay,settled,2026-06-01 22:51:10
PAY-20260602-0007088,TRP-20260602-0007088,103.80,mada,settled,2026-06-02 21:28:42
PAY-20260602-0007089,TRP-20260602-0007089,12.06,cash,settled,2026-06-02 08:58:40
PAY-20260602-0007091,TRP-20260602-0007091,16.52,mada,settled,2026-06-02 14:23:05
PAY-20260602-0007092,TRP-20260602-0007092,144.66,cash,settled,2026-06-02 19:48:39
PAY-20260602-0007093,TRP-20260602-0007093,151.17,mada,settled,2026-06-02 06:27:21
PAY-20260602-0007094,TRP-20260602-0007094,15.08,apple_pay,settled,2026-06-02 06:03:03
PAY-20260602-0007095,TRP-20260602-0007095,98.82,mada,settled,2026-06-02 06:16:57
PAY-20260602-0007096,TRP-20260602-0007096,76.38,wallet,settled,2026-06-02 16:43:43
PAY-20260602-0007097,TRP-20260602-0007097,24.04,credit_card,settled,2026-06-02 04:37:41
PAY-20260602-0007098,TRP-20260602-0007098,31.04,credit_card,settled,2026-06-03 06:18:12
PAY-20260602-0007099,TRP-20260602-0007099,78.43,credit_card,settled,2026-06-02 16:04:14
PAY-20260602-0007100,TRP-20260602-0007100,26.40,mada,pending,2026-06-02 05:23:42
PAY-20260602-0007102,TRP-20260602-0007102,23.16,mada,pending,2026-06-02 13:51:40
PAY-20260602-0007103,TRP-20260602-0007103,51.69,mada,settled,2026-06-02 15:09:39
PAY-20260602-0007104,TRP-20260602-0007104,17.33,credit_card,settled,2026-06-02 12:02:59
PAY-20260602-0007105,TRP-20260602-0007105,37.30,wallet,settled,2026-06-02 06:59:07
PAY-20260602-0007106,TRP-20260602-0007106,21.13,wallet,settled,2026-06-02 13:16:30
PAY-20260602-0007107,TRP-20260602-0007107,19.97,wallet,settled,2026-06-02 06:59:40
PAY-20260602-0007108,TRP-20260602-0007108,54.47,mada,settled,2026-06-03 08:57:17
PAY-20260602-0007109,TRP-20260602-0007109,17.13,mada,refunded,2026-06-02 06:14:08
PAY-20260602-0007110,TRP-20260602-0007110,45.41,cash,settled,2026-06-02 12:53:31
PAY-20260602-0007111,TRP-20260602-0007111,31.70,mada,settled,2026-06-02 14:28:18
PAY-20260602-0007112,TRP-20260602-0007112,97.44,wallet,settled,2026-06-03 17:03:07
PAY-20260602-0007113,TRP-20260602-0007113,18.52,apple_pay,settled,2026-06-03 19:12:52
PAY-20260602-0007114,TRP-20260602-0007114,67.67,cash,settled,2026-06-02 08:44:12
PAY-20260602-0007115,TRP-20260602-0007115,36.25,stc_pay,settled,2026-06-02 11:55:31
PAY-20260602-0007116,TRP-20260602-0007116,16.58,credit_card,settled,2026-06-01 22:24:21
PAY-20260602-0007117,TRP-20260602-0007117,10.00,mada,settled,2026-06-02 10:02:44
PAY-20260602-0007118,TRP-20260602-0007118,79.46,credit_card,settled,2026-06-02 22:20:48
PAY-20260602-0007119,TRP-20260602-0007119,23.32,credit_card,settled,2026-06-02 00:43:08
PAY-20260602-0007120,TRP-20260602-0007120,30.93,mada,settled,2026-06-02 18:17:03
PAY-20260602-0007121,TRP-20260602-0007121,63.40,wallet,settled,2026-06-02 18:35:18
PAY-20260602-0007122,TRP-20260602-0007122,210.28,stc_pay,pending,2026-06-02 08:11:52
PAY-20260602-0007123,TRP-20260602-0007123,10.00,mada,settled,2026-06-02 23:22:49
PAY-20260602-0007124,TRP-20260602-0007124,22.89,apple_pay,settled,2026-06-02 12:18:17
PAY-20260602-0007125,TRP-20260602-0007125,249.61,mada,settled,2026-06-02 17:40:30
PAY-20260602-0007126,TRP-20260602-0007126,18.55,apple_pay,settled,2026-06-02 18:46:08
PAY-20260602-0007127,TRP-20260602-0007127,72.74,mada,settled,2026-06-02 12:49:30
PAY-20260602-0007128,TRP-20260602-0007128,10.00,mada,settled,2026-06-02 04:37:02
PAY-20260602-0007129,TRP-20260602-0007129,167.22,mada,settled,2026-06-02 19:17:48
PAY-20260602-0007130,TRP-20260602-0007130,6.00,cash,settled,2026-06-02 07:06:19
PAY-20260602-0007131,TRP-20260602-0007131,92.26,mada,settled,2026-06-03 02:04:35
PAY-20260602-0007132,TRP-20260602-0007132,43.84,apple_pay,settled,2026-06-02 16:21:29
PAY-20260602-0007133,TRP-20260602-0007133,32.68,credit_card,settled,2026-06-03 01:34:21
PAY-20260602-0007134,TRP-20260602-0007134,32.48,mada,settled,2026-06-03 16:05:52
PAY-20260602-0007135,TRP-20260602-0007135,33.52,mada,settled,2026-06-02 16:00:30
PAY-20260602-0007138,TRP-20260602-0007138,28.24,wallet,settled,2026-06-02 19:59:01
PAY-20260602-0007139,TRP-20260602-0007139,72.11,stc_pay,settled,2026-06-02 08:20:46
PAY-20260602-0007140,TRP-20260602-0007140,48.34,credit_card,settled,2026-06-03 05:23:03
PAY-20260602-0007141,TRP-20260602-0007141,56.93,cash,settled,2026-06-02 16:39:56
PAY-20260602-0007142,TRP-20260602-0007142,46.99,mada,settled,2026-06-03 02:15:47
PAY-20260602-0007143,TRP-20260602-0007143,41.43,cash,settled,2026-06-02 21:09:39
PAY-20260602-0007144,TRP-20260602-0007144,70.48,stc_pay,settled,2026-06-02 21:46:31
PAY-20260602-0007145,TRP-20260602-0007145,31.98,credit_card,failed,2026-06-03 10:02:04
PAY-20260602-0007146,TRP-20260602-0007146,24.01,apple_pay,settled,2026-06-02 10:17:21
PAY-20260602-0007147,TRP-20260602-0007147,10.00,apple_pay,failed,2026-06-02 19:25:14
PAY-20260602-0007148,TRP-20260602-0007148,106.69,apple_pay,settled,2026-06-02 15:41:15
PAY-20260602-0007149,TRP-20260602-0007149,71.74,apple_pay,pending,2026-06-03 01:45:22
PAY-20260602-0007150,TRP-20260602-0007150,33.11,mada,settled,2026-06-02 06:02:46
PAY-20260602-0007151,TRP-20260602-0007151,68.84,mada,settled,2026-06-02 16:44:34
PAY-20260602-0007152,TRP-20260602-0007152,42.64,mada,settled,2026-06-02 16:23:26
PAY-20260602-0007153,TRP-20260602-0007153,110.31,mada,settled,2026-06-03 00:49:28
PAY-20260602-0007154,TRP-20260602-0007154,40.39,mada,settled,2026-06-02 08:34:14
PAY-20260602-0007155,TRP-20260602-0007155,20.16,credit_card,settled,2026-06-02 18:51:25
PAY-20260602-0007156,TRP-20260602-0007156,67.43,wallet,settled,2026-06-03 06:54:23
PAY-20260602-0007157,TRP-20260602-0007157,19.82,mada,settled,2026-06-02 16:34:18
PAY-20260602-0007158,TRP-20260602-0007158,63.45,credit_card,pending,2026-06-02 16:40:41
PAY-20260602-0007159,TRP-20260602-0007159,49.83,apple_pay,settled,2026-06-03 02:00:47
PAY-20260602-0007160,TRP-20260602-0007160,48.75,credit_card,settled,2026-06-02 16:36:25
PAY-20260602-0007161,TRP-20260602-0007161,6.00,cash,settled,2026-06-02 18:15:28
PAY-20260602-0007162,TRP-20260602-0007162,45.92,credit_card,settled,2026-06-02 14:02:17
PAY-20260602-0007163,TRP-20260602-0007163,98.91,wallet,settled,2026-06-02 06:40:52
PAY-20260602-0007164,TRP-20260602-0007164,22.92,apple_pay,settled,2026-06-02 19:48:08
PAY-20260602-0007165,TRP-20260602-0007165,20.27,apple_pay,settled,2026-06-03 10:46:09
PAY-20260602-0007166,TRP-20260602-0007166,68.95,cash,settled,2026-06-02 06:37:03
PAY-20260602-0007167,TRP-20260602-0007167,20.94,stc_pay,settled,2026-06-01 23:25:03
PAY-20260602-0007168,TRP-20260602-0007168,79.13,stc_pay,settled,2026-06-02 09:51:54
PAY-20260602-0007169,TRP-20260602-0007169,48.40,mada,settled,2026-06-02 13:09:50
PAY-20260602-0007170,TRP-20260602-0007170,11.83,mada,settled,2026-06-02 10:19:48
PAY-20260602-0007171,TRP-20260602-0007171,31.46,credit_card,settled,2026-06-02 18:06:44
PAY-20260602-0007172,TRP-20260602-0007172,15.10,mada,settled,2026-06-02 17:49:23
PAY-20260602-0007173,TRP-20260602-0007173,57.05,mada,settled,2026-06-02 17:15:47
PAY-20260602-0007174,TRP-20260602-0007174,18.57,credit_card,settled,2026-06-03 05:31:30
PAY-20260602-0007175,TRP-20260602-0007175,221.89,wallet,settled,2026-06-02 13:58:34
PAY-20260602-0007176,TRP-20260602-0007176,54.73,apple_pay,settled,2026-06-02 05:19:59
PAY-20260602-0007177,TRP-20260602-0007177,80.11,apple_pay,settled,2026-06-02 18:02:54
PAY-20260602-0007179,TRP-20260602-0007179,16.22,mada,settled,2026-06-02 00:37:27
PAY-20260602-0007180,TRP-20260602-0007180,52.79,wallet,settled,2026-06-02 06:14:40
PAY-20260602-0007182,TRP-20260602-0007182,13.81,mada,settled,2026-06-02 16:07:27
PAY-20260602-0007183,TRP-20260602-0007183,28.56,apple_pay,settled,2026-06-02 07:22:56
PAY-20260602-0007184,TRP-20260602-0007184,46.40,mada,settled,2026-06-02 06:44:47
PAY-20260602-0007185,TRP-20260602-0007185,32.18,stc_pay,settled,2026-06-02 08:53:46
PAY-20260602-0007186,TRP-20260602-0007186,11.00,mada,pending,2026-06-02 12:30:40
PAY-20260602-0007187,TRP-20260602-0007187,25.58,mada,settled,2026-06-02 23:54:23
PAY-20260602-0007188,TRP-20260602-0007188,36.35,mada,settled,2026-06-02 19:25:46
PAY-20260602-0007189,TRP-20260602-0007189,18.29,wallet,settled,2026-06-02 06:11:31
PAY-20260602-0007190,TRP-20260602-0007190,103.68,credit_card,settled,2026-06-02 22:58:49
PAY-20260602-0007191,TRP-20260602-0007191,110.30,mada,settled,2026-06-02 09:04:18
PAY-20260602-0007192,TRP-20260602-0007192,107.59,mada,settled,2026-06-03 02:12:47
PAY-20260602-0007193,TRP-20260602-0007193,41.23,mada,settled,2026-06-02 05:04:22
PAY-20260602-0007194,TRP-20260602-0007194,30.96,mada,settled,2026-06-03 06:35:49
PAY-20260602-0007195,TRP-20260602-0007195,104.49,stc_pay,settled,2026-06-02 19:00:31
PAY-20260602-0007196,TRP-20260602-0007196,37.19,apple_pay,settled,2026-06-03 08:04:39
PAY-20260602-0007197,TRP-20260602-0007197,50.74,mada,settled,2026-06-03 03:13:10
PAY-20260602-0007198,TRP-20260602-0007198,14.31,mada,settled,2026-06-02 10:20:19
PAY-20260602-0007199,TRP-20260602-0007199,44.16,stc_pay,settled,2026-06-03 06:40:32
PAY-20260602-0007201,TRP-20260602-0007201,50.25,mada,settled,2026-06-02 06:56:24
PAY-20260602-0007202,TRP-20260602-0007202,285.21,stc_pay,settled,2026-06-02 19:49:43
PAY-20260602-0007203,TRP-20260602-0007203,108.39,wallet,settled,2026-06-02 16:35:35
PAY-20260602-0007204,TRP-20260602-0007204,51.90,cash,settled,2026-06-02 05:20:14
PAY-20260602-0007205,TRP-20260602-0007205,15.11,cash,settled,2026-06-02 05:31:04
PAY-20260602-0007206,TRP-20260602-0007206,31.29,mada,settled,2026-06-02 05:31:01
PAY-20260602-0007207,TRP-20260602-0007207,59.78,credit_card,settled,2026-06-03 00:24:01
PAY-20260602-0007208,TRP-20260602-0007208,23.70,cash,settled,2026-06-02 15:56:31
PAY-20260602-0007209,TRP-20260602-0007209,15.70,credit_card,settled,2026-06-02 19:52:03
PAY-20260602-0007210,TRP-20260602-0007210,24.28,apple_pay,settled,2026-06-03 08:06:47
PAY-20260602-0007211,TRP-20260602-0007211,37.20,mada,settled,2026-06-02 17:54:29
PAY-20260602-0007212,TRP-20260602-0007212,121.72,mada,settled,2026-06-03 12:05:08
PAY-20260602-0007213,TRP-20260602-0007213,26.71,stc_pay,settled,2026-06-02 09:33:01
PAY-20260602-0007214,TRP-20260602-0007214,50.40,mada,settled,2026-06-03 08:39:08
PAY-20260602-0007215,TRP-20260602-0007215,33.02,mada,settled,2026-06-02 15:10:34
PAY-20260602-0007216,TRP-20260602-0007216,12.00,credit_card,settled,2026-06-03 03:13:43
PAY-20260602-0007217,TRP-20260602-0007217,74.70,credit_card,settled,2026-06-02 12:43:49
PAY-20260602-0007218,TRP-20260602-0007218,52.25,cash,settled,2026-06-02 12:21:17
PAY-20260602-0007219,TRP-20260602-0007219,55.39,cash,settled,2026-06-02 14:29:47
PAY-20260602-0007220,TRP-20260602-0007220,60.29,stc_pay,settled,2026-06-02 06:22:33
PAY-20260602-0007221,TRP-20260602-0007221,51.64,wallet,settled,2026-06-02 19:51:32
PAY-20260602-0007222,TRP-20260602-0007222,36.09,mada,settled,2026-06-02 12:01:30
PAY-20260602-0007223,TRP-20260602-0007223,13.76,credit_card,settled,2026-06-02 03:57:43
PAY-20260602-0007224,TRP-20260602-0007224,112.21,mada,settled,2026-06-03 06:39:48
PAY-20260602-0007225,TRP-20260602-0007225,18.50,mada,settled,2026-06-02 15:34:07
PAY-20260602-0007226,TRP-20260602-0007226,179.10,credit_card,settled,2026-06-02 17:05:10
PAY-20260602-0007227,TRP-20260602-0007227,14.32,cash,settled,2026-06-02 14:47:59
PAY-20260602-0007228,TRP-20260602-0007228,24.11,apple_pay,settled,2026-06-01 22:23:26
PAY-20260602-0007229,TRP-20260602-0007229,69.01,mada,settled,2026-06-03 10:31:57
