payment_id,trip_id,amount_sar,method,status,settled_ts
PAY-20260601-0000000,TRP-20260601-0000000,12.01,mada,settled,2026-06-01 20:08:15
PAY-20260601-0000002,TRP-20260601-0000002,12.67,mada,settled,2026-06-02 04:57:54
PAY-20260601-0000003,TRP-20260601-0000003,29.52,mada,pending,2026-06-01 05:56:38
PAY-20260601-0000004,TRP-20260601-0000004,35.21,wallet,settled,2026-06-01 13:17:18
PAY-20260601-0000005,TRP-20260601-0000005,37.90,credit_card,failed,2026-06-01 07:42:08
PAY-20260601-0000006,TRP-20260601-0000006,15.85,mada,settled,2026-06-01 16:21:44
PAY-20260601-0000007,TRP-20260601-0000007,46.53,mada,settled,2026-06-01 12:42:20
PAY-20260601-0000008,TRP-20260601-0000008,106.95,credit_card,settled,2026-06-01 06:19:05
PAY-20260601-0000009,TRP-20260601-0000009,59.85,mada,settled,2026-06-01 17:52:05
PAY-20260601-0000010,TRP-20260601-0000010,41.40,mada,settled,2026-06-01 17:24:43
PAY-20260601-0000011,TRP-20260601-0000011,23.26,cash,settled,2026-06-01 17:29:08
PAY-20260601-0000012,TRP-20260601-0000012,40.32,mada,settled,2026-06-01 14:14:10
PAY-20260601-0000013,TRP-20260601-0000013,19.97,cash,settled,2026-06-01 19:17:38
PAY-20260601-0000014,TRP-20260601-0000014,18.98,credit_card,settled,2026-06-01 18:37:43
PAY-20260601-0000015,TRP-20260601-0000015,108.83,mada,settled,2026-06-01 14:17:45
PAY-20260601-0000016,TRP-20260601-0000016,65.85,mada,settled,2026-06-01 06:36:38
PAY-20260601-0000017,TRP-20260601-0000017,16.09,apple_pay,settled,2026-06-01 09:26:13
PAY-20260601-0000018,TRP-20260601-0000018,24.02,stc_pay,settled,2026-06-01 16:18:47
PAY-20260601-0000019,TRP-20260601-0000019,11.00,mada,settled,2026-06-01 13:17:25
PAY-20260601-0000020,TRP-20260601-0000020,65.68,mada,settled,2026-06-01 17:07:06
PAY-20260601-0000021,TRP-20260601-0000021,15.19,mada,settled,2026-06-01 12:14:34
PAY-20260601-0000022,TRP-20260601-0000022,41.11,apple_pay,settled,2026-06-02 08:44:11
PAY-20260601-0000023,TRP-20260601-0000023,23.40,cash,settled,2026-06-01 14:37:53
PAY-20260601-0000024,TRP-20260601-0000024,24.43,mada,settled,2026-06-01 16:31:27
PAY-20260601-0000025,TRP-20260601-0000025,126.17,mada,settled,2026-06-01 17:42:25
PAY-20260601-0000026,TRP-20260601-0000026,67.03,mada,settled,2026-06-02 08:39:43
PAY-20260601-0000027,TRP-20260601-0000027,26.69,credit_card,settled,2026-06-01 05:16:43
PAY-20260601-0000028,TRP-20260601-0000028,115.03,mada,settled,2026-06-02 10:40:22
PAY-20260601-0000030,TRP-20260601-0000030,10.00,mada,failed,2026-06-01 00:06:52
PAY-20260601-0000031,TRP-20260601-0000031,18.27,credit_card,settled,2026-06-01 14:57:03
PAY-20260601-0000032,TRP-20260601-0000032,42.75,mada,settled,2026-06-01 14:19:50
PAY-20260601-0000033,TRP-20260601-0000033,38.77,credit_card,settled,2026-06-02 10:18:58
PAY-20260601-0000034,TRP-20260601-0000034,41.73,cash,settled,2026-06-01 10:22:53
PAY-20260601-0000035,TRP-20260601-0000035,36.73,credit_card,settled,2026-06-01 17:20:06
PAY-20260601-0000036,TRP-20260601-0000036,12.00,wallet,settled,2026-05-31 22:07:06
PAY-20260601-0000037,TRP-20260601-0000037,31.25,mada,settled,2026-06-01 07:55:41
PAY-20260601-0000038,TRP-20260601-0000038,12.00,stc_pay,settled,2026-06-02 01:29:35
PAY-20260601-0000039,TRP-20260601-0000039,36.23,cash,settled,2026-06-01 14:59:35
PAY-20260601-0000040,TRP-20260601-0000040,38.97,mada,settled,2026-06-01 17:01:47
PAY-20260601-0000041,TRP-20260601-0000041,93.43,mada,settled,2026-06-02 16:49:53
PAY-20260601-0000042,TRP-20260601-0000042,55.87,credit_card,settled,2026-06-01 17:30:05
PAY-20260601-0000044,TRP-20260601-0000044,24.89,mada,settled,2026-06-01 22:39:16
PAY-20260601-0000045,TRP-20260601-0000045,88.77,cash,settled,2026-06-01 07:11:21
PAY-20260601-0000046,TRP-20260601-0000046,52.81,credit_card,settled,2026-06-02 00:42:42
PAY-20260601-0000047,TRP-20260601-0000047,26.20,mada,settled,2026-06-02 02:12:40
PAY-20260601-0000048,TRP-20260601-0000048,49.87,apple_pay,settled,2026-06-01 23:52:36
PAY-20260601-0000049,TRP-20260601-0000049,68.33,mada,settled,2026-06-01 07:16:24
PAY-20260601-0000050,TRP-20260601-0000050,13.88,credit_card,settled,2026-06-01 05:53:26
PAY-20260601-0000051,TRP-20260601-0000051,11.40,apple_pay,settled,2026-06-01 22:12:27
PAY-20260601-0000052,TRP-20260601-0000052,12.69,credit_card,settled,2026-06-01 09:55:27
PAY-20260601-0000053,TRP-20260601-0000053,10.00,apple_pay,settled,2026-06-01 17:59:52
PAY-20260601-0000054,TRP-20260601-0000054,14.37,stc_pay,settled,2026-06-01 14:46:06
PAY-20260601-0000055,TRP-20260601-0000055,12.00,mada,settled,2026-06-02 15:09:24
PAY-20260601-0000056,TRP-20260601-0000056,17.54,mada,settled,2026-06-01 12:24:22
PAY-20260601-0000057,TRP-20260601-0000057,11.15,credit_card,settled,2026-06-01 05:47:59
PAY-20260601-0000058,TRP-20260601-0000058,53.89,stc_pay,settled,2026-06-01 05:33:02
PAY-20260601-0000059,TRP-20260601-0000059,23.17,mada,settled,2026-06-01 09:08:54
PAY-20260601-0000060,TRP-20260601-0000060,41.83,apple_pay,settled,2026-06-02 03:30:52
PAY-20260601-0000061,TRP-20260601-0000061,78.29,credit_card,settled,2026-06-02 07:31:52
PAY-20260601-0000062,TRP-20260601-0000062,45.36,mada,settled,2026-06-01 15:12:34
PAY-20260601-0000063,TRP-20260601-0000063,10.00,credit_card,settled,2026-06-01 00:09:17
PAY-20260601-0000065,TRP-20260601-0000065,32.20,credit_card,settled,2026-06-01 15:41:58
PAY-20260601-0000066,TRP-20260601-0000066,39.04,mada,settled,2026-06-01 11:14:37
PAY-20260601-0000067,TRP-20260601-0000067,17.32,mada,settled,2026-06-01 14:40:20
PAY-20260601-0000068,TRP-20260601-0000068,31.03,mada,settled,2026-06-02 08:02:53
PAY-20260601-0000069,TRP-20260601-0000069,22.32,credit_card,settled,2026-06-01 18:01:45
PAY-20260601-0000070,TRP-20260601-0000070,24.47,mada,settled,2026-06-01 06:28:12
PAY-20260601-0000071,TRP-20260601-0000071,19.02,apple_pay,settled,2026-06-01 15:18:14
PAY-20260601-0000072,TRP-20260601-0000072,6.00,apple_pay,settled,2026-06-01 12:46:43
PAY-20260601-0000073,TRP-20260601-0000073,100.82,mada,settled,2026-06-01 19:39:45
PAY-20260601-0000074,TRP-20260601-0000074,49.10,credit_card,settled,2026-06-01 13:18:52
PAY-20260601-0000075,TRP-20260601-0000075,72.00,mada,settled,2026-06-01 16:34:41
PAY-20260601-0000076,TRP-20260601-0000076,81.51,wallet,refunded,2026-06-02 02:37:03
PAY-20260601-0000077,TRP-20260601-0000077,26.74,mada,settled,2026-06-01 17:44:54
PAY-20260601-0000078,TRP-20260601-0000078,10.00,credit_card,settled,2026-06-01 10:34:25
PAY-20260601-0000079,TRP-20260601-0000079,10.00,mada,settled,2026-06-01 06:02:42
PAY-20260601-0000080,TRP-20260601-0000080,16.54,mada,settled,2026-06-01 14:40:31
PAY-20260601-0000081,TRP-20260601-0000081,30.03,mada,refunded,2026-06-01 06:05:20
PAY-20260601-0000082,TRP-20260601-0000082,33.17,apple_pay,settled,2026-06-02 06:27:33
PAY-20260601-0000083,TRP-20260601-0000083,49.09,apple_pay,pending,2026-06-01 18:31:40
PAY-20260601-0000084,TRP-20260601-0000084,78.80,apple_pay,settled,2026-06-01 13:23:16
PAY-20260601-0000085,TRP-20260601-0000085,28.50,stc_pay,settled,2026-06-01 08:29:39
PAY-20260601-0000086,TRP-20260601-0000086,40.90,wallet,settled,2026-06-01 19:38:25
PAY-20260601-0000087,TRP-20260601-0000087,45.33,stc_pay,settled,2026-06-01 19:03:16
PAY-20260601-0000088,TRP-20260601-0000088,99.29,mada,settled,2026-06-02 11:45:34
PAY-20260601-0000089,TRP-20260601-0000089,26.22,wallet,settled,2026-06-01 17:38:39
PAY-20260601-0000090,TRP-20260601-0000090,106.59,apple_pay,settled,2026-06-01 20:50:48
PAY-20260601-0000091,TRP-20260601-0000091,18.62,mada,settled,2026-06-01 16:23:42
PAY-20260601-0000092,TRP-20260601-0000092,11.00,apple_pay,settled,2026-06-01 10:18:34
PAY-20260601-0000093,TRP-20260601-0000093,17.38,mada,settled,2026-06-01 14:01:29
PAY-20260601-0000095,TRP-20260601-0000095,57.46,mada,settled,2026-06-01 18:06:49
PAY-20260601-0000096,TRP-20260601-0000096,14.65,apple_pay,settled,2026-06-01 08:26:46
PAY-20260601-0000097,TRP-20260601-0000097,26.68,cash,settled,2026-06-01 14:32:33
PAY-20260601-0000098,TRP-20260601-0000098,24.51,apple_pay,settled,2026-06-01 16:03:16
PAY-20260601-0000099,TRP-20260601-0000099,30.14,mada,settled,2026-06-01 05:28:42
PAY-20260601-0000100,TRP-20260601-0000100,38.60,apple_pay,settled,2026-06-02 00:45:08
PAY-20260601-0000101,TRP-20260601-0000101,26.64,wallet,settled,2026-06-01 14:40:21
PAY-20260601-0000102,TRP-20260601-0000102,22.10,credit_card,settled,2026-06-01 17:41:51
PAY-20260601-0000103,TRP-20260601-0000103,68.33,credit_card,settled,2026-06-01 00:33:39
PAY-20260601-0000104,TRP-20260601-0000104,15.54,wallet,settled,2026-06-01 03:58:46
PAY-20260601-0000105,TRP-20260601-0000105,74.59,cash,settled,2026-06-01 15:23:19
PAY-20260601-0000106,TRP-20260601-0000106,37.76,apple_pay,settled,2026-06-02 10:58:25
PAY-20260601-0000107,TRP-20260601-0000107,78.06,credit_card,settled,2026-06-01 16:01:22
PAY-20260601-0000108,TRP-20260601-0000108,34.75,cash,settled,2026-06-01 07:37:33
PAY-20260601-0000109,TRP-20260601-0000109,33.20,mada,settled,2026-06-01 08:35:38
PAY-20260601-0000110,TRP-20260601-0000110,72.16,mada,settled,2026-06-01 15:12:40
PAY-20260601-0000111,TRP-20260601-0000111,62.18,stc_pay,settled,2026-06-02 17:08:39
PAY-20260601-0000112,TRP-20260601-0000112,27.17,mada,settled,2026-06-01 12:30:45
PAY-20260601-0000113,TRP-20260601-0000113,22.95,mada,settled,2026-06-01 08:43:28
PAY-20260601-0000115,TRP-20260601-0000115,18.37,wallet,settled,2026-06-01 19:44:15
PAY-20260601-0000116,TRP-20260601-0000116,135.39,credit_card,settled,2026-06-01 17:40:15
PAY-20260601-0000117,TRP-20260601-0000117,21.89,cash,settled,2026-06-01 14:48:08
PAY-20260601-0000118,TRP-20260601-0000118,20.91,mada,settled,2026-06-01 11:53:41
PAY-20260601-0000119,TRP-20260601-0000119,42.27,wallet,settled,2026-06-02 15:02:39
PAY-20260601-0000120,TRP-20260601-0000120,17.16,apple_pay,settled,2026-06-02 01:59:49
PAY-20260601-0000121,TRP-20260601-0000121,70.81,stc_pay,settled,2026-06-01 07:44:26
PAY-20260601-0000122,TRP-20260601-0000122,42.32,mada,settled,2026-06-01 13:25:39
PAY-20260601-0000123,TRP-20260601-0000123,53.85,mada,settled,2026-06-01 17:01:55
PAY-20260601-0000124,TRP-20260601-0000124,21.09,wallet,settled,2026-06-01 07:11:13
PAY-20260601-0000125,TRP-20260601-0000125,46.84,mada,settled,2026-06-01 20:27:40
PAY-20260601-0000126,TRP-20260601-0000126,16.43,wallet,settled,2026-06-01 08:43:36
PAY-20260601-0000127,TRP-20260601-0000127,29.12,wallet,settled,2026-06-01 16:05:23
PAY-20260601-0000128,TRP-20260601-0000128,57.42,mada,settled,2026-06-01 06:36:50
PAY-20260601-0000129,TRP-20260601-0000129,27.46,mada,settled,2026-06-01 17:22:07
PAY-20260601-0000130,TRP-20260601-0000130,21.98,mada,settled,2026-06-01 06:16:13
PAY-20260601-0000131,TRP-20260601-0000131,12.57,apple_pay,settled,2026-06-01 03:48:36
PAY-20260601-0000132,TRP-20260601-0000132,42.72,cash,settled,2026-06-01 17:48:13
PAY-20260601-0000133,TRP-20260601-0000133,58.52,wallet,settled,2026-06-01 23:48:24
PAY-20260601-0000134,TRP-20260601-0000134,52.50,stc_pay,settled,2026-06-01 07:47:08
PAY-20260601-0000135,TRP-20260601-0000135,54.10,mada,settled,2026-06-01 12:42:08
PAY-20260601-0000136,TRP-20260601-0000136,77.38,mada,settled,2026-06-01 15:09:08
PAY-20260601-0000137,TRP-20260601-0000137,33.17,credit_card,settled,2026-06-01 17:24:18
PAY-20260601-0000138,TRP-20260601-0000138,28.64,credit_card,settled,2026-06-01 18:54:48
PAY-20260601-0000139,TRP-20260601-0000139,38.75,credit_card,settled,2026-06-01 20:27:39
PAY-20260601-0000140,TRP-20260601-0000140,60.75,wallet,settled,2026-06-01 19:23:21
PAY-20260601-0000141,TRP-20260601-0000141,16.56,mada,settled,2026-06-01 12:02:19
PAY-20260601-0000142,TRP-20260601-0000142,41.27,apple_pay,settled,2026-06-02 03:03:18
PAY-20260601-0000143,TRP-20260601-0000143,25.42,credit_card,settled,2026-06-02 11:15:00
PAY-20260601-0000144,TRP-20260601-0000144,48.51,mada,settled,2026-06-01 13:11:44
PAY-20260601-0000145,TRP-20260601-0000145,10.00,stc_pay,settled,2026-06-02 11:11:09
PAY-20260601-0000146,TRP-20260601-0000146,25.41,apple_pay,settled,2026-06-01 06:40:59
PAY-20260601-0000147,TRP-20260601-0000147,15.17,credit_card,settled,2026-06-01 01:13:24
PAY-20260601-0000148,TRP-20260601-0000148,15.03,mada,settled,2026-06-01 16:16:11
PAY-20260601-0000149,TRP-20260601-0000149,32.22,cash,settled,2026-06-01 12:43:18
PAY-20260601-0000150,TRP-20260601-0000150,23.69,mada,settled,2026-06-01 14:33:13
PAY-20260601-0000151,TRP-20260601-0000151,67.57,mada,settled,2026-06-01 00:36:59
PAY-20260601-0000152,TRP-20260601-0000152,46.07,stc_pay,settled,2026-06-01 17:48:02
PAY-20260601-0000153,TRP-20260601-0000153,12.00,credit_card,settled,2026-06-01 12:43:28
PAY-20260601-0000154,TRP-20260601-0000154,45.33,mada,settled,2026-06-01 12:38:50
PAY-20260601-0000155,TRP-20260601-0000155,10.00,credit_card,settled,2026-06-01 08:49:59
PAY-20260601-0000156,TRP-20260601-0000156,126.43,mada,settled,2026-06-01 06:05:20
PAY-20260601-0000158,TRP-20260601-0000158,45.35,credit_card,settled,2026-06-01 15:37:45
PAY-20260601-0000159,TRP-20260601-0000159,6.00,credit_card,settled,2026-06-01 08:28:23
PAY-20260601-0000160,TRP-20260601-0000160,46.29,credit_card,settled,2026-06-01 21:07:01
PAY-20260601-0000161,TRP-20260601-0000161,6.00,wallet,settled,2026-06-01 15:40:46
PAY-20260601-0000162,TRP-20260601-0000162,17.61,cash,settled,2026-06-01 08:38:09
PAY-20260601-0000163,TRP-20260601-0000163,18.31,wallet,settled,2026-06-01 14:36:51
PAY-20260601-0000164,TRP-20260601-0000164,49.56,cash,settled,2026-06-01 12:08:22
PAY-20260601-0000165,TRP-20260601-0000165,27.92,apple_pay,settled,2026-05-31 21:52:42
PAY-20260601-0000166,TRP-20260601-0000166,25.27,stc_pay,settled,2026-06-01 18:44:28
PAY-20260601-0000167,TRP-20260601-0000167,25.25,stc_pay,settled,2026-06-01 14:53:11
PAY-20260601-0000168,TRP-20260601-0000168,13.21,cash,settled,2026-05-31 21:13:53
PAY-20260601-0000169,TRP-20260601-0000169,62.74,mada,settled,2026-06-01 19:57:03
PAY-20260601-0000170,TRP-20260601-0000170,13.93,mada,pending,2026-06-01 02:19:06
PAY-20260601-0000171,TRP-20260601-0000171,46.06,cash,settled,2026-06-01 07:21:41
PAY-20260601-0000173,TRP-20260601-0000173,75.99,credit_card,settled,2026-06-02 12:37:16
PAY-20260601-0000174,TRP-20260601-0000174,40.89,stc_pay,settled,2026-06-01 16:37:48
PAY-20260601-0000175,TRP-20260601-0000175,37.17,apple_pay,settled,2026-06-01 07:53:58
PAY-20260601-0000176,TRP-20260601-0000176,8.00,stc_pay,settled,2026-06-01 13:39:41
PAY-20260601-0000177,TRP-20260601-0000177,12.47,apple_pay,settled,2026-06-01 21:38:04
PAY-20260601-0000178,TRP-20260601-0000178,44.16,stc_pay,settled,2026-06-01 09:39:27
PAY-20260601-0000179,TRP-20260601-0000179,100.20,credit_card,settled,2026-06-01 17:50:34
PAY-20260601-0000180,TRP-20260601-0000180,23.40,cash,settled,2026-06-01 13:00:24
PAY-20260601-0000181,TRP-20260601-0000181,6.00,apple_pay,settled,2026-06-01 10:17:48
PAY-20260601-0000182,TRP-20260601-0000182,16.57,mada,settled,2026-06-01 11:21:18
PAY-20260601-0000183,TRP-20260601-0000183,122.22,apple_pay,settled,2026-06-01 09:37:14
PAY-20260601-0000184,TRP-20260601-0000184,53.16,wallet,settled,2026-06-01 06:31:19
PAY-20260601-0000186,TRP-20260601-0000186,145.13,stc_pay,settled,2026-06-01 18:05:38
PAY-20260601-0000187,TRP-20260601-0000187,71.34,apple_pay,settled,2026-06-01 15:55:47
PAY-20260601-0000188,TRP-20260601-0000188,36.96,stc_pay,pending,2026-05-31 22:42:00
PAY-20260601-0000189,TRP-20260601-0000189,31.58,cash,settled,2026-06-01 11:15:49
PAY-20260601-0000190,TRP-20260601-0000190,25.38,credit_card,settled,2026-06-01 17:06:47
PAY-20260601-0000191,TRP-20260601-0000191,18.08,mada,settled,2026-06-01 04:46:32
PAY-20260601-0000192,TRP-20260601-0000192,68.02,credit_card,settled,2026-06-01 15:37:52
PAY-20260601-0000193,TRP-20260601-0000193,61.61,cash,settled,2026-06-01 15:43:58
PAY-20260601-0000194,TRP-20260601-0000194,11.00,mada,settled,2026-06-02 14:36:19
PAY-20260601-0000195,TRP-20260601-0000195,17.06,wallet,settled,2026-06-01 14:45:59
PAY-20260601-0000197,TRP-20260601-0000197,33.75,apple_pay,settled,2026-06-01 14:29:43
PAY-20260601-0000198,TRP-20260601-0000198,19.02,credit_card,settled,2026-06-01 21:43:56
PAY-20260601-0000199,TRP-20260601-0000199,13.00,stc_pay,settled,2026-06-01 12:58:13
PAY-20260601-0000200,TRP-20260601-0000200,20.30,wallet,settled,2026-06-01 21:06:26
PAY-20260601-0000201,TRP-20260601-0000201,35.51,mada,settled,2026-06-01 17:16:57
PAY-20260601-0000202,TRP-20260601-0000202,29.10,cash,settled,2026-06-01 13:36:06
PAY-20260601-0000203,TRP-20260601-0000203,45.24,cash,settled,2026-06-01 10:54:06
PAY-20260601-0000204,TRP-20260601-0000204,13.80,mada,settled,2026-06-01 11:38:57
PAY-20260601-0000206,TRP-20260601-0000206,60.57,stc_pay,settled,2026-06-01 12:14:55
PAY-20260601-0000207,TRP-20260601-0000207,19.70,mada,settled,2026-06-01 16:38:09
PAY-20260601-0000208,TRP-20260601-0000208,20.79,apple_pay,settled,2026-06-01 12:45:37
PAY-20260601-0000209,TRP-20260601-0000209,62.64,mada,settled,2026-06-01 11:52:39
PAY-20260601-0000210,TRP-20260601-0000210,15.38,apple_pay,settled,2026-06-02 15:59:11
PAY-20260601-0000211,TRP-20260601-0000211,21.33,wallet,settled,2026-06-01 13:22:19
PAY-20260601-0000212,TRP-20260601-0000212,20.84,mada,pending,2026-06-01 20:56:33
PAY-20260601-0000213,TRP-20260601-0000213,15.70,apple_pay,settled,2026-06-02 14:15:36
PAY-20260601-0000214,TRP-20260601-0000214,73.56,stc_pay,failed,2026-06-02 09:46:06
PAY-20260601-0000215,TRP-20260601-0000215,64.89,stc_pay,settled,2026-06-02 05:47:23
PAY-20260601-0000216,TRP-20260601-0000216,40.23,credit_card,settled,2026-06-01 12:00:33
PAY-20260601-0000217,TRP-20260601-0000217,54.71,mada,settled,2026-06-02 07:26:47
PAY-20260601-0000218,TRP-20260601-0000218,19.42,cash,settled,2026-06-01 06:36:56
PAY-20260601-0000219,TRP-20260601-0000219,15.31,mada,settled,2026-05-31 23:39:20
PAY-20260601-0000220,TRP-20260601-0000220,66.56,mada,settled,2026-06-01 16:23:48
PAY-20260601-0000221,TRP-20260601-0000221,35.21,mada,settled,2026-06-01 20:42:47
PAY-20260601-0000222,TRP-20260601-0000222,15.38,mada,settled,2026-06-01 03:52:20
PAY-20260601-0000223,TRP-20260601-0000223,59.88,cash,settled,2026-06-01 12:01:54
PAY-20260601-0000224,TRP-20260601-0000224,32.64,credit_card,settled,2026-06-01 18:19:53
PAY-20260601-0000225,TRP-20260601-0000225,90.92,mada,settled,2026-06-02 11:18:44
PAY-20260601-0000226,TRP-20260601-0000226,26.89,credit_card,settled,2026-06-01 14:28:43
PAY-20260601-0000227,TRP-20260601-0000227,61.35,wallet,settled,2026-06-01 22:59:52
PAY-20260601-0000228,TRP-20260601-0000228,16.28,credit_card,pending,2026-06-01 12:17:33
PAY-20260601-0000229,TRP-20260601-0000229,30.21,mada,settled,2026-06-01 16:25:54
PAY-20260601-0000230,TRP-20260601-0000230,42.80,mada,failed,2026-06-02 09:19:34
PAY-20260601-0000231,TRP-20260601-0000231,14.49,wallet,settled,2026-06-02 14:00:38
PAY-20260601-0000232,TRP-20260601-0000232,64.61,mada,settled,2026-06-01 06:30:41
PAY-20260601-0000233,TRP-20260601-0000233,18.37,stc_pay,settled,2026-06-01 13:01:52
PAY-20260601-0000234,TRP-20260601-0000234,60.50,apple_pay,settled,2026-06-01 16:00:12
PAY-20260601-0000235,TRP-20260601-0000235,40.75,credit_card,pending,2026-06-02 00:41:58
PAY-20260601-0000236,TRP-20260601-0000236,14.95,mada,settled,2026-06-01 11:44:12
PAY-20260601-0000237,TRP-20260601-0000237,13.78,mada,settled,2026-06-01 22:35:37
PAY-20260601-0000238,TRP-20260601-0000238,22.94,apple_pay,settled,2026-06-01 05:20:54
PAY-20260601-0000239,TRP-20260601-0000239,45.37,credit_card,settled,2026-06-01 19:16:49
PAY-20260601-0000240,TRP-20260601-0000240,39.66,mada,settled,2026-06-01 23:46:30
PAY-20260601-0000241,TRP-20260601-0000241,60.89,mada,settled,2026-06-01 22:00:23
PAY-20260601-0000242,TRP-20260601-0000242,91.38,credit_card,settled,2026-06-01 16:47:58
PAY-20260601-0000243,TRP-20260601-0000243,12.11,mada,settled,2026-06-01 20:58:01
PAY-20260601-0000244,TRP-20260601-0000244,46.22,mada,settled,2026-06-01 10:42:36
PAY-20260601-0000245,TRP-20260601-0000245,44.65,credit_card,settled,2026-06-02 18:07:50
PAY-20260601-0000246,TRP-20260601-0000246,35.48,stc_pay,settled,2026-06-01 10:47:19
PAY-20260601-0000247,TRP-20260601-0000247,15.14,credit_card,settled,2026-06-01 22:01:55
PAY-20260601-0000248,TRP-20260601-0000248,80.25,mada,settled,2026-06-01 14:44:55
PAY-20260601-0000250,TRP-20260601-0000250,46.44,apple_pay,settled,2026-06-01 22:11:55
PAY-20260601-0000251,TRP-20260601-0000251,15.08,cash,settled,2026-06-01 12:27:43
PAY-20260601-0000252,TRP-20260601-0000252,14.92,apple_pay,pending,2026-06-01 02:47:08
PAY-20260601-0000253,TRP-20260601-0000253,42.70,apple_pay,settled,2026-06-01 22:03:36
PAY-20260601-0000254,TRP-20260601-0000254,11.00,wallet,failed,2026-06-01 18:28:17
PAY-20260601-0000255,TRP-20260601-0000255,55.81,credit_card,settled,2026-05-31 22:10:26
PAY-20260601-0000256,TRP-20260601-0000256,34.27,mada,settled,2026-06-01 18:41:04
PAY-20260601-0000257,TRP-20260601-0000257,100.12,mada,settled,2026-06-02 14:37:41
PAY-20260601-0000258,TRP-20260601-0000258,94.80,mada,settled,2026-06-01 17:30:45
PAY-20260601-0000259,TRP-20260601-0000259,13.36,credit_card,settled,2026-06-01 08:16:58
PAY-20260601-0000260,TRP-20260601-0000260,60.67,mada,settled,2026-06-01 05:23:35
PAY-20260601-0000261,TRP-20260601-0000261,22.40,credit_card,settled,2026-06-01 14:42:23
PAY-20260601-0000262,TRP-20260601-0000262,116.89,mada,settled,2026-06-01 17:34:56
PAY-20260601-0000263,TRP-20260601-0000263,99.27,cash,settled,2026-06-01 14:11:24
PAY-20260601-0000264,TRP-20260601-0000264,20.19,credit_card,settled,2026-06-01 21:51:17
PAY-20260601-0000265,TRP-20260601-0000265,22.76,mada,settled,2026-06-01 14:21:41
PAY-20260601-0000266,TRP-20260601-0000266,43.19,credit_card,settled,2026-06-01 17:51:39
PAY-20260601-0000267,TRP-20260601-0000267,13.78,mada,settled,2026-06-01 13:26:39
PAY-20260601-0000268,TRP-20260601-0000268,27.96,cash,settled,2026-06-01 17:42:47
PAY-20260601-0000269,TRP-20260601-0000269,91.15,apple_pay,settled,2026-06-01 17:28:23
PAY-20260601-0000270,TRP-20260601-0000270,15.59,credit_card,pending,2026-06-01 11:58:24
PAY-20260601-0000272,TRP-20260601-0000272,31.86,mada,settled,2026-06-01 18:28:39
PAY-20260601-0000273,TRP-20260601-0000273,49.28,stc_pay,settled,2026-06-01 05:37:15
PAY-20260601-0000274,TRP-20260601-0000274,81.87,apple_pay,settled,2026-06-01 19:19:35
PAY-20260601-0000275,TRP-20260601-0000275,21.46,stc_pay,settled,2026-06-01 15:05:09
PAY-20260601-0000276,TRP-20260601-0000276,31.20,apple_pay,settled,2026-06-02 08:09:50
PAY-20260601-0000277,TRP-20260601-0000277,13.93,credit_card,settled,2026-06-01 19:52:03
PAY-20260601-0000278,TRP-20260601-0000278,29.57,apple_pay,settled,2026-06-01 16:42:13
PAY-20260601-0000279,TRP-20260601-0000279,23.40,stc_pay,pending,2026-06-01 03:30:39
PAY-20260601-0000280,TRP-20260601-0000280,16.35,mada,settled,2026-06-01 15:22:10
PAY-20260601-0000281,TRP-20260601-0000281,49.48,apple_pay,settled,2026-06-01 19:48:51
PAY-20260601-0000282,TRP-20260601-0000282,10.00,mada,settled,2026-06-01 11:29:53
PAY-20260601-0000283,TRP-20260601-0000283,35.96,stc_pay,settled,2026-06-01 16:09:34
PAY-20260601-0000284,TRP-20260601-0000284,65.12,apple_pay,failed,2026-06-01 17:37:22
PAY-20260601-0000285,TRP-20260601-0000285,28.70,mada,settled,2026-06-01 05:49:31
PAY-20260601-0000286,TRP-20260601-0000286,12.00,cash,settled,2026-06-01 12:11:37
PAY-20260601-0000287,TRP-20260601-0000287,50.81,mada,settled,2026-06-01 13:25:36
PAY-20260601-0000288,TRP-20260601-0000288,74.73,mada,settled,2026-06-01 18:12:58
PAY-20260601-0000289,TRP-20260601-0000289,37.57,mada,settled,2026-06-02 13:18:18
PAY-20260601-0000290,TRP-20260601-0000290,10.00,mada,settled,2026-06-01 20:38:04
PAY-20260601-0000291,TRP-20260601-0000291,70.75,mada,settled,2026-06-01 17:29:58
PAY-20260601-0000292,TRP-20260601-0000292,42.17,wallet,settled,2026-06-01 20:47:10
PAY-20260601-0000293,TRP-20260601-0000293,11.04,mada,settled,2026-06-01 10:23:50
PAY-20260601-0000294,TRP-20260601-0000294,68.22,credit_card,settled,2026-06-02 11:25:21
PAY-20260601-0000295,TRP-20260601-0000295,22.64,credit_card,settled,2026-06-01 17:44:05
PAY-20260601-0000296,TRP-20260601-0000296,49.26,cash,settled,2026-06-01 17:03:07
PAY-20260601-0000297,TRP-20260601-0000297,17.58,mada,failed,2026-06-01 14:49:29
PAY-20260601-0000298,TRP-20260601-0000298,12.00,stc_pay,settled,2026-06-01 20:12:07
PAY-20260601-0000299,TRP-20260601-0000299,42.82,credit_card,settled,2026-06-01 04:05:30
PAY-20260601-0000300,TRP-20260601-0000300,17.29,wallet,settled,2026-06-01 18:15:54
PAY-20260601-0000301,TRP-20260601-0000301,18.02,credit_card,settled,2026-06-01 15:38:55
PAY-20260601-0000302,TRP-20260601-0000302,11.55,mada,settled,2026-06-02 04:22:00
PAY-20260601-0000303,TRP-20260601-0000303,12.00,mada,settled,2026-06-01 12:51:19
PAY-20260601-0000304,TRP-20260601-0000304,14.91,mada,settled,2026-06-02 03:09:08
PAY-20260601-0000305,TRP-20260601-0000305,50.05,credit_card,pending,2026-06-01 20:52:09
PAY-20260601-0000306,TRP-20260601-0000306,26.35,mada,pending,2026-06-01 10:08:35
PAY-20260601-0000307,TRP-20260601-0000307,46.47,credit_card,settled,2026-06-01 04:02:11
PAY-20260601-0000308,TRP-20260601-0000308,45.60,cash,settled,2026-06-01 11:38:20
PAY-20260601-0000309,TRP-20260601-0000309,216.84,stc_pay,settled,2026-06-01 19:51:18
PAY-20260601-0000310,TRP-20260601-0000310,108.03,credit_card,settled,2026-06-01 10:59:33
PAY-20260601-0000312,TRP-20260601-0000312,49.93,stc_pay,settled,2026-06-01 06:01:31
PAY-20260601-0000314,TRP-20260601-0000314,50.61,mada,settled,2026-06-01 07:32:40
PAY-20260601-0000315,TRP-20260601-0000315,10.00,mada,settled,2026-06-01 10:25:37
PAY-20260601-0000316,TRP-20260601-0000316,65.39,apple_pay,settled,2026-06-01 07:29:47
PAY-20260601-0000317,TRP-20260601-0000317,51.80,cash,settled,2026-06-01 17:04:35
PAY-20260601-0000318,TRP-20260601-0000318,103.29,credit_card,settled,2026-06-01 15:36:36
PAY-20260601-0000319,TRP-20260601-0000319,19.28,credit_card,settled,2026-06-01 19:49:25
PAY-20260601-0000320,TRP-20260601-0000320,35.67,credit_card,settled,2026-06-01 22:34:08
PAY-20260601-0000321,TRP-20260601-0000321,43.82,cash,settled,2026-06-01 05:51:52
PAY-20260601-0000322,TRP-20260601-0000322,73.49,apple_pay,settled,2026-06-01 18:04:28
PAY-20260601-0000323,TRP-20260601-0000323,27.29,credit_card,settled,2026-06-02 03:21:34
PAY-20260601-0000324,TRP-20260601-0000324,35.91,apple_pay,settled,2026-06-01 23:12:56
PAY-20260601-0000325,TRP-20260601-0000325,23.72,apple_pay,settled,2026-06-01 22:28:35
PAY-20260601-0000326,TRP-20260601-0000326,52.80,mada,settled,2026-06-02 16:38:30
PAY-20260601-0000327,TRP-20260601-0000327,26.67,cash,settled,2026-06-01 15:08:07
PAY-20260601-0000328,TRP-20260601-0000328,14.80,mada,settled,2026-06-02 02:57:51
PAY-20260601-0000329,TRP-20260601-0000329,20.29,cash,settled,2026-06-01 00:21:13
PAY-20260601-0000330,TRP-20260601-0000330,37.54,credit_card,settled,2026-06-02 01:54:22
PAY-20260601-0000331,TRP-20260601-0000331,47.83,mada,settled,2026-06-01 17:19:21
PAY-20260601-0000332,TRP-20260601-0000332,12.00,credit_card,settled,2026-06-01 11:03:59
PAY-20260601-0000333,TRP-20260601-0000333,18.40,mada,settled,2026-06-01 07:24:07
PAY-20260601-0000334,TRP-20260601-0000334,19.97,cash,settled,2026-06-01 09:46:06
PAY-20260601-0000335,TRP-20260601-0000335,22.23,stc_pay,settled,2026-06-02 08:25:14
PAY-20260601-0000336,TRP-20260601-0000336,20.67,credit_card,settled,2026-06-02 15:25:17
PAY-20260601-0000337,TRP-20260601-0000337,34.23,stc_pay,settled,2026-06-01 10:29:43
PAY-20260601-0000338,TRP-20260601-0000338,51.70,apple_pay,settled,2026-06-01 20:43:20
PAY-20260601-0000339,TRP-20260601-0000339,40.70,cash,settled,2026-06-01 05:15:49
PAY-20260601-0000341,TRP-20260601-0000341,8.00,apple_pay,settled,2026-06-01 18:29:46
PAY-20260601-0000342,TRP-20260601-0000342,37.69,cash,settled,2026-06-01 19:08:41
PAY-20260601-0000343,TRP-20260601-0000343,39.33,credit_card,settled,2026-06-01 15:47:17
PAY-20260601-0000344,TRP-20260601-0000344,21.48,mada,settled,2026-06-01 19:42:58
PAY-20260601-0000345,TRP-20260601-0000345,48.75,stc_pay,settled,2026-06-01 04:59:15
PAY-20260601-0000346,TRP-20260601-0000346,29.65,credit_card,settled,2026-06-01 07:52:06
PAY-20260601-0000348,TRP-20260601-0000348,106.27,wallet,settled,2026-06-01 05:09:50
PAY-20260601-0000349,TRP-20260601-0000349,19.24,mada,settled,2026-06-01 22:37:39
PAY-20260601-0000350,TRP-20260601-0000350,95.89,mada,settled,2026-06-01 05:14:17
PAY-20260601-0000351,TRP-20260601-0000351,88.15,apple_pay,pending,2026-06-01 12:19:33
PAY-20260601-0000352,TRP-20260601-0000352,85.20,credit_card,settled,2026-06-01 09:18:27
PAY-20260601-0000353,TRP-20260601-0000353,38.60,cash,settled,2026-06-01 06:59:59
PAY-20260601-0000354,TRP-20260601-0000354,79.95,mada,settled,2026-06-01 20:39:28
PAY-20260601-0000355,TRP-20260601-0000355,37.66,apple_pay,settled,2026-06-01 18:35:54
PAY-20260601-0000356,TRP-20260601-0000356,55.68,credit_card,settled,2026-06-01 10:41:01
PAY-20260601-0000357,TRP-20260601-0000357,160.37,apple_pay,settled,2026-06-01 07:15:53
PAY-20260601-0000358,TRP-20260601-0000358,71.20,apple_pay,settled,2026-06-01 18:10:22
PAY-20260601-0000359,TRP-20260601-0000359,28.17,stc_pay,settled,2026-06-01 00:07:29
PAY-20260601-0000360,TRP-20260601-0000360,10.00,stc_pay,settled,2026-06-01 07:49:02
PAY-20260601-0000361,TRP-20260601-0000361,30.51,apple_pay,settled,2026-06-01 06:15:23
PAY-20260601-0000362,TRP-20260601-0000362,34.68,stc_pay,settled,2026-06-02 09:58:07
PAY-20260601-0000363,TRP-20260601-0000363,47.83,credit_card,settled,2026-06-01 08:02:15
PAY-20260601-0000364,TRP-20260601-0000364,18.26,mada,settled,2026-06-01 15:07:16
PAY-20260601-0000365,TRP-20260601-0000365,31.77,credit_card,settled,2026-06-01 13:27:13
PAY-20260601-0000366,TRP-20260601-0000366,13.50,stc_pay,settled,2026-06-01 12:59:21
PAY-20260601-0000367,TRP-20260601-0000367,22.61,mada,settled,2026-06-01 05:38:41
PAY-20260601-0000368,TRP-20260601-0000368,58.76,cash,settled,2026-06-01 14:51:38
PAY-20260601-0000369,TRP-20260601-0000369,31.94,mada,settled,2026-06-01 19:32:07
PAY-20260601-0000370,TRP-20260601-0000370,49.19,mada,settled,2026-06-02 03:36:19
PAY-20260601-0000371,TRP-20260601-0000371,83.43,stc_pay,settled,2026-06-01 08:47:31
PAY-20260601-0000372,TRP-20260601-0000372,60.31,credit_card,settled,2026-06-01 21:47:21
PAY-20260601-0000373,TRP-20260601-0000373,42.21,mada,settled,2026-06-02 13:34:17
PAY-20260601-0000374,TRP-20260601-0000374,19.49,mada,settled,2026-06-01 19:40:21
PAY-20260601-0000375,TRP-20260601-0000375,18.86,cash,settled,2026-06-01 19:20:24
PAY-20260601-0000376,TRP-20260601-0000376,32.45,mada,settled,2026-06-02 08:55:33
PAY-20260601-0000377,TRP-20260601-0000377,13.02,wallet,settled,2026-06-01 21:18:30
PAY-20260601-0000378,TRP-20260601-0000378,70.47,mada,settled,2026-06-02 05:00:39
PAY-20260601-0000380,TRP-20260601-0000380,73.84,mada,settled,2026-06-01 11:55:41
PAY-20260601-0000381,TRP-20260601-0000381,14.63,stc_pay,pending,2026-06-01 19:05:39
PAY-20260601-0000383,TRP-20260601-0000383,39.29,apple_pay,settled,2026-06-01 07:05:10
PAY-20260601-0000384,TRP-20260601-0000384,54.18,credit_card,settled,2026-06-01 22:57:54
PAY-20260601-0000385,TRP-20260601-0000385,117.72,stc_pay,settled,2026-06-02 08:14:05
PAY-20260601-0000386,TRP-20260601-0000386,51.85,apple_pay,settled,2026-06-01 13:22:10
PAY-20260601-0000387,TRP-20260601-0000387,126.23,stc_pay,settled,2026-06-01 16:30:31
PAY-20260601-0000388,TRP-20260601-0000388,55.96,cash,settled,2026-06-01 14:10:38
PAY-20260601-0000389,TRP-20260601-0000389,35.52,mada,pending,2026-06-02 01:10:28
PAY-20260601-0000390,TRP-20260601-0000390,22.19,stc_pay,settled,2026-06-01 17:15:41
PAY-20260601-0000391,TRP-20260601-0000391,25.22,mada,pending,2026-06-02 01:58:00
PAY-20260601-0000392,TRP-20260601-0000392,56.07,mada,settled,2026-06-01 16:35:48
PAY-20260601-0000393,TRP-20260601-0000393,50.84,apple_pay,settled,2026-06-01 15:58:51
PAY-20260601-0000394,TRP-20260601-0000394,18.55,wallet,settled,2026-06-01 21:03:21
PAY-20260601-0000395,TRP-20260601-0000395,15.25,apple_pay,settled,2026-06-01 19:35:59
PAY-20260601-0000396,TRP-20260601-0000396,186.55,apple_pay,settled,2026-06-01 20:25:32
PAY-20260601-0000397,TRP-20260601-0000397,42.55,credit_card,settled,2026-06-01 05:56:51
PAY-20260601-0000398,TRP-20260601-0000398,49.92,mada,settled,2026-06-01 13:36:03
PAY-20260601-0000399,TRP-20260601-0000399,54.83,credit_card,settled,2026-06-02 14:39:41
PAY-20260601-0000400,TRP-20260601-0000400,38.38,mada,settled,2026-06-01 06:21:15
PAY-20260601-0000401,TRP-20260601-0000401,23.73,credit_card,settled,2026-06-01 09:02:53
PAY-20260601-0000402,TRP-20260601-0000402,10.89,cash,settled,2026-06-01 05:27:46
PAY-20260601-0000403,TRP-20260601-0000403,27.16,stc_pay,settled,2026-06-01 17:43:15
PAY-20260601-0000404,TRP-20260601-0000404,89.91,cash,settled,2026-06-01 11:50:11
PAY-20260601-0000405,TRP-20260601-0000405,48.51,mada,settled,2026-05-31 23:54:17
PAY-20260601-0000406,TRP-20260601-0000406,42.27,mada,settled,2026-06-01 19:44:29
PAY-20260601-0000407,TRP-20260601-0000407,156.22,credit_card,settled,2026-06-01 08:59:49
PAY-20260601-0000409,TRP-20260601-0000409,18.10,mada,settled,2026-06-01 18:49:32
PAY-20260601-0000410,TRP-20260601-0000410,10.29,credit_card,settled,2026-06-01 07:22:34
PAY-20260601-0000411,TRP-20260601-0000411,18.90,mada,settled,2026-06-01 08:47:32
PAY-20260601-0000412,TRP-20260601-0000412,51.27,cash,settled,2026-06-01 06:54:15
PAY-20260601-0000413,TRP-20260601-0000413,19.70,mada,settled,2026-06-01 18:59:53
PAY-20260601-0000414,TRP-20260601-0000414,11.27,wallet,settled,2026-06-01 10:58:43
PAY-20260601-0000415,TRP-20260601-0000415,57.07,mada,settled,2026-06-01 13:03:12
PAY-20260601-0000416,TRP-20260601-0000416,14.77,cash,settled,2026-06-01 04:16:02
PAY-20260601-0000417,TRP-20260601-0000417,17.40,stc_pay,settled,2026-06-01 17:02:21
PAY-20260601-0000418,TRP-20260601-0000418,15.43,cash,settled,2026-06-01 09:46:17
PAY-20260601-0000419,TRP-20260601-0000419,25.95,credit_card,settled,2026-06-01 14:52:36
PAY-20260601-0000420,TRP-20260601-0000420,17.38,mada,settled,2026-06-02 18:14:47
PAY-20260601-0000421,TRP-20260601-0000421,55.37,credit_card,failed,2026-06-02 09:54:33
PAY-20260601-0000422,TRP-20260601-0000422,12.00,credit_card,settled,2026-06-01 18:58:34
PAY-20260601-0000423,TRP-20260601-0000423,34.48,stc_pay,settled,2026-06-02 04:17:04
PAY-20260601-0000424,TRP-20260601-0000424,100.48,credit_card,settled,2026-06-01 21:56:41
PAY-20260601-0000425,TRP-20260601-0000425,104.03,cash,settled,2026-06-01 18:19:09
PAY-20260601-0000426,TRP-20260601-0000426,240.29,cash,settled,2026-06-01 18:06:32
PAY-20260601-0000427,TRP-20260601-0000427,51.07,mada,settled,2026-06-01 15:13:28
PAY-20260601-0000428,TRP-20260601-0000428,28.21,stc_pay,settled,2026-06-01 15:12:39
PAY-20260601-0000429,TRP-20260601-0000429,31.39,credit_card,settled,2026-06-01 19:49:37
PAY-20260601-0000430,TRP-20260601-0000430,43.21,cash,settled,2026-06-01 04:40:49
PAY-20260601-0000431,TRP-20260601-0000431,24.15,mada,settled,2026-06-02 06:00:02
PAY-20260601-0000432,TRP-20260601-0000432,23.93,wallet,settled,2026-06-02 07:37:18
PAY-20260601-0000433,TRP-20260601-0000433,55.64,credit_card,settled,2026-06-01 11:22:08
PAY-20260601-0000434,TRP-20260601-0000434,6.00,credit_card,settled,2026-06-02 07:30:38
PAY-20260601-0000435,TRP-20260601-0000435,44.27,mada,settled,2026-06-01 17:06:13
PAY-20260601-0000436,TRP-20260601-0000436,34.80,wallet,settled,2026-06-01 14:53:53
PAY-20260601-0000437,TRP-20260601-0000437,34.40,apple_pay,settled,2026-06-01 20:17:05
PAY-20260601-0000438,TRP-20260601-0000438,49.65,wallet,settled,2026-06-01 17:58:20
PAY-20260601-0000439,TRP-20260601-0000439,18.41,mada,settled,2026-06-01 11:15:05
PAY-20260601-0000440,TRP-20260601-0000440,46.37,credit_card,settled,2026-06-01 19:48:32
PAY-20260601-0000441,TRP-20260601-0000441,14.39,cash,settled,2026-06-01 08:51:50
PAY-20260601-0000442,TRP-20260601-0000442,81.01,mada,settled,2026-06-01 07:07:46
PAY-20260601-0000443,TRP-20260601-0000443,92.25,credit_card,settled,2026-06-01 16:20:33
PAY-20260601-0000444,TRP-20260601-0000444,26.49,credit_card,settled,2026-06-01 23:39:41
PAY-20260601-0000445,TRP-20260601-0000445,18.00,credit_card,settled,2026-06-01 23:48:18
PAY-20260601-0000446,TRP-20260601-0000446,58.88,mada,settled,2026-06-01 20:47:57
PAY-20260601-0000447,TRP-20260601-0000447,51.37,wallet,settled,2026-06-01 21:43:31
PAY-20260601-0000448,TRP-20260601-0000448,64.07,mada,settled,2026-06-01 09:18:21
PAY-20260601-0000449,TRP-20260601-0000449,49.32,cash,settled,2026-06-01 13:43:24
PAY-20260601-0000450,TRP-20260601-0000450,31.08,apple_pay,settled,2026-06-02 08:41:39
PAY-20260601-0000451,TRP-20260601-0000451,15.49,mada,settled,2026-06-01 15:00:29
PAY-20260601-0000452,TRP-20260601-0000452,37.41,credit_card,settled,2026-06-01 20:33:34
PAY-20260601-0000453,TRP-20260601-0000453,10.23,credit_card,settled,2026-06-01 16:13:13
PAY-20260601-0000454,TRP-20260601-0000454,119.64,apple_pay,settled,2026-06-01 23:21:53
PAY-20260601-0000455,TRP-20260601-0000455,29.20,apple_pay,settled,2026-06-01 21:12:03
PAY-20260601-0000456,TRP-20260601-0000456,17.74,mada,settled,2026-06-02 05:27:07
PAY-20260601-0000457,TRP-20260601-0000457,14.75,stc_pay,settled,2026-06-01 23:30:56
PAY-20260601-0000458,TRP-20260601-0000458,25.21,mada,settled,2026-06-01 10:00:34
PAY-20260601-0000459,TRP-20260601-0000459,34.95,mada,settled,2026-06-01 07:15:47
PAY-20260601-0000461,TRP-20260601-0000461,175.87,stc_pay,settled,2026-06-01 16:59:46
PAY-20260601-0000462,TRP-20260601-0000462,154.93,mada,settled,2026-06-01 15:59:05
PAY-20260601-0000463,TRP-20260601-0000463,13.75,stc_pay,settled,2026-06-01 16:16:52
PAY-20260601-0000464,TRP-20260601-0000464,18.05,cash,settled,2026-06-01 13:47:25
PAY-20260601-0000465,TRP-20260601-0000465,60.77,stc_pay,settled,2026-06-01 02:19:50
PAY-20260601-0000466,TRP-20260601-0000466,20.66,cash,settled,2026-06-01 18:42:37
PAY-20260601-0000467,TRP-20260601-0000467,67.05,mada,settled,2026-06-02 04:25:47
PAY-20260601-0000468,TRP-20260601-0000468,22.42,cash,settled,2026-06-01 09:24:43
PAY-20260601-0000469,TRP-20260601-0000469,21.35,apple_pay,settled,2026-06-01 13:35:07
PAY-20260601-0000470,TRP-20260601-0000470,15.37,credit_card,settled,2026-06-01 15:58:21
PAY-20260601-0000471,TRP-20260601-0000471,49.04,stc_pay,settled,2026-06-01 09:49:19
PAY-20260601-0000472,TRP-20260601-0000472,32.37,apple_pay,settled,2026-06-01 20:35:29
PAY-20260601-0000473,TRP-20260601-0000473,6.00,mada,settled,2026-06-01 09:33:39
PAY-20260601-0000474,TRP-20260601-0000474,41.51,credit_card,settled,2026-06-01 16:38:06
PAY-20260601-0000475,TRP-20260601-0000475,12.00,mada,settled,2026-06-01 21:19:50
PAY-20260601-0000476,TRP-20260601-0000476,18.55,mada,settled,2026-06-01 07:48:34
PAY-20260601-0000477,TRP-20260601-0000477,15.39,mada,settled,2026-06-01 10:47:14
PAY-20260601-0000478,TRP-20260601-0000478,68.83,wallet,settled,2026-06-02 14:18:33
PAY-20260601-0000479,TRP-20260601-0000479,39.67,mada,settled,2026-05-31 22:12:00
PAY-20260601-0000480,TRP-20260601-0000480,18.23,mada,settled,2026-06-02 03:02:32
PAY-20260601-0000481,TRP-20260601-0000481,33.15,apple_pay,settled,2026-06-01 11:05:27
PAY-20260601-0000482,TRP-20260601-0000482,70.77,credit_card,settled,2026-06-02 06:39:31
PAY-20260601-0000483,TRP-20260601-0000483,18.57,apple_pay,settled,2026-06-01 16:32:57
PAY-20260601-0000484,TRP-20260601-0000484,12.00,stc_pay,settled,2026-06-01 22:16:15
PAY-20260601-0000485,TRP-20260601-0000485,55.62,cash,settled,2026-06-01 09:27:21
PAY-20260601-0000486,TRP-20260601-0000486,33.49,apple_pay,settled,2026-06-02 11:32:33
PAY-20260601-0000487,TRP-20260601-0000487,21.23,apple_pay,pending,2026-06-01 11:34:05
PAY-20260601-0000488,TRP-20260601-0000488,21.29,stc_pay,settled,2026-06-02 03:32:42
PAY-20260601-0000489,TRP-20260601-0000489,26.15,credit_card,settled,2026-06-01 20:01:23
PAY-20260601-0000490,TRP-20260601-0000490,12.00,credit_card,settled,2026-06-01 12:41:05
PAY-20260601-0000491,TRP-20260601-0000491,39.06,mada,settled,2026-06-01 15:52:53
PAY-20260601-0000492,TRP-20260601-0000492,10.00,credit_card,settled,2026-06-01 10:26:26
PAY-20260601-0000493,TRP-20260601-0000493,16.97,mada,pending,2026-06-02 00:18:37
PAY-20260601-0000494,TRP-20260601-0000494,8.00,mada,settled,2026-06-01 11:59:14
PAY-20260601-0000495,TRP-20260601-0000495,17.09,apple_pay,settled,2026-06-01 16:17:22
PAY-20260601-0000496,TRP-20260601-0000496,18.96,mada,settled,2026-06-01 17:36:17
PAY-20260601-0000497,TRP-20260601-0000497,20.85,stc_pay,settled,2026-06-02 03:57:14
PAY-20260601-0000498,TRP-20260601-0000498,23.88,credit_card,settled,2026-06-01 04:59:25
PAY-20260601-0000499,TRP-20260601-0000499,32.62,cash,settled,2026-06-01 09:35:33
PAY-20260601-0000500,TRP-20260601-0000500,19.76,cash,settled,2026-06-01 10:26:03
PAY-20260601-0000501,TRP-20260601-0000501,37.74,credit_card,settled,2026-06-02 00:05:12
PAY-20260601-0000502,TRP-20260601-0000502,62.22,cash,settled,2026-06-01 15:33:54
PAY-20260601-0000503,TRP-20260601-0000503,57.68,credit_card,settled,2026-06-01 17:51:24
PAY-20260601-0000504,TRP-20260601-0000504,53.73,stc_pay,settled,2026-06-01 16:55:13
PAY-20260601-0000505,TRP-20260601-0000505,41.12,mada,settled,2026-06-01 13:44:30
PAY-20260601-0000506,TRP-20260601-0000506,33.35,credit_card,settled,2026-06-01 17:39:08
PAY-20260601-0000507,TRP-20260601-0000507,60.72,cash,settled,2026-06-01 13:43:49
PAY-20260601-0000508,TRP-20260601-0000508,36.10,mada,settled,2026-06-01 20:00:10
PAY-20260601-0000509,TRP-20260601-0000509,31.15,credit_card,settled,2026-06-01 14:09:01
PAY-20260601-0000510,TRP-20260601-0000510,10.87,credit_card,settled,2026-06-01 12:58:51
PAY-20260601-0000511,TRP-20260601-0000511,19.43,cash,settled,2026-06-01 12:39:21
PAY-20260601-0000512,TRP-20260601-0000512,13.60,mada,settled,2026-06-01 22:05:15
PAY-20260601-0000513,TRP-20260601-0000513,35.90,mada,settled,2026-06-01 11:16:15
PAY-20260601-0000514,TRP-20260601-0000514,18.59,mada,settled,2026-06-01 10:48:28
PAY-20260601-0000516,TRP-20260601-0000516,35.95,credit_card,settled,2026-06-01 04:48:28
PAY-20260601-0000517,TRP-20260601-0000517,58.76,mada,settled,2026-06-02 12:49:39
PAY-20260601-0000518,TRP-20260601-0000518,30.73,mada,pending,2026-06-01 14:42:50
PAY-20260601-0000519,TRP-20260601-0000519,43.79,credit_card,pending,2026-06-01 17:19:14
PAY-20260601-0000520,TRP-20260601-0000520,13.65,credit_card,settled,2026-06-02 06:27:38
PAY-20260601-0000521,TRP-20260601-0000521,48.38,mada,settled,2026-06-01 05:16:22
PAY-20260601-0000522,TRP-20260601-0000522,23.33,stc_pay,settled,2026-06-01 11:13:38
PAY-20260601-0000523,TRP-20260601-0000523,55.39,mada,settled,2026-06-01 14:40:56
PAY-20260601-0000524,TRP-20260601-0000524,75.01,mada,settled,2026-06-01 05:27:29
PAY-20260601-0000525,TRP-20260601-0000525,38.46,mada,settled,2026-06-01 18:05:11
PAY-20260601-0000526,TRP-20260601-0000526,8.00,credit_card,settled,2026-06-01 21:19:26
PAY-20260601-0000527,TRP-20260601-0000527,21.49,cash,settled,2026-06-01 16:26:30
PAY-20260601-0000528,TRP-20260601-0000528,39.73,credit_card,settled,2026-06-02 04:24:37
PAY-20260601-0000529,TRP-20260601-0000529,12.00,wallet,settled,2026-06-01 17:25:41
PAY-20260601-0000530,TRP-20260601-0000530,53.94,mada,settled,2026-06-01 16:05:22
PAY-20260601-0000531,TRP-20260601-0000531,20.85,cash,settled,2026-06-01 13:13:37
PAY-20260601-0000532,TRP-20260601-0000532,12.00,credit_card,settled,2026-06-01 19:08:41
PAY-20260601-0000533,TRP-20260601-0000533,42.51,mada,settled,2026-06-02 04:25:44
PAY-20260601-0000534,TRP-20260601-0000534,31.61,mada,settled,2026-06-02 01:00:16
PAY-20260601-0000535,TRP-20260601-0000535,15.07,stc_pay,settled,2026-06-01 18:31:16
PAY-20260601-0000536,TRP-20260601-0000536,20.31,mada,settled,2026-06-01 10:17:03
PAY-20260601-0000537,TRP-20260601-0000537,17.24,cash,settled,2026-06-01 13:48:31
PAY-20260601-0000538,TRP-20260601-0000538,6.00,mada,settled,2026-06-01 12:29:55
PAY-20260601-0000539,TRP-20260601-0000539,133.87,stc_pay,settled,2026-06-02 06:38:17
PAY-20260601-0000540,TRP-20260601-0000540,18.40,credit_card,settled,2026-06-01 22:45:24
PAY-20260601-0000541,TRP-20260601-0000541,26.76,apple_pay,settled,2026-06-01 08:13:22
PAY-20260601-0000542,TRP-20260601-0000542,55.19,mada,settled,2026-06-01 09:59:01
PAY-20260601-0000544,TRP-20260601-0000544,30.94,apple_pay,settled,2026-06-01 08:45:42
PAY-20260601-0000545,TRP-20260601-0000545,13.78,mada,settled,2026-06-02 01:54:48
PAY-20260601-0000547,TRP-20260601-0000547,40.98,mada,settled,2026-06-01 06:06:14
PAY-20260601-0000548,TRP-20260601-0000548,97.79,mada,settled,2026-06-01 13:06:57
PAY-20260601-0000549,TRP-20260601-0000549,15.79,mada,settled,2026-06-01 10:42:18
PAY-20260601-0000550,TRP-20260601-0000550,21.54,cash,settled,2026-06-01 08:39:11
PAY-20260601-0000551,TRP-20260601-0000551,19.88,credit_card,settled,2026-06-02 04:41:47
PAY-20260601-0000552,TRP-20260601-0000552,33.95,cash,settled,2026-06-01 18:32:44
PAY-20260601-0000553,TRP-20260601-0000553,31.55,stc_pay,settled,2026-06-01 16:52:17
PAY-20260601-0000554,TRP-20260601-0000554,62.93,credit_card,settled,2026-06-02 09:31:36
PAY-20260601-0000555,TRP-20260601-0000555,17.79,cash,settled,2026-06-01 11:08:14
PAY-20260601-0000556,TRP-20260601-0000556,57.99,mada,settled,2026-06-01 02:48:32
PAY-20260601-0000557,TRP-20260601-0000557,74.21,apple_pay,settled,2026-06-01 10:28:40
PAY-20260601-0000558,TRP-20260601-0000558,8.00,mada,settled,2026-06-01 12:30:57
PAY-20260601-0000559,TRP-20260601-0000559,60.65,mada,pending,2026-06-01 12:57:24
PAY-20260601-0000560,TRP-20260601-0000560,79.47,cash,settled,2026-06-01 15:22:57
PAY-20260601-0000561,TRP-20260601-0000561,22.65,mada,settled,2026-06-01 13:25:43
PAY-20260601-0000562,TRP-20260601-0000562,33.02,stc_pay,settled,2026-06-01 23:42:10
PAY-20260601-0000563,TRP-20260601-0000563,12.17,mada,settled,2026-06-02 03:27:09
PAY-20260601-0000564,TRP-20260601-0000564,12.00,credit_card,settled,2026-06-02 13:16:45
PAY-20260601-0000565,TRP-20260601-0000565,29.62,apple_pay,settled,2026-06-01 15:05:57
PAY-20260601-0000566,TRP-20260601-0000566,23.61,stc_pay,settled,2026-06-02 00:31:20
PAY-20260601-0000567,TRP-20260601-0000567,98.71,stc_pay,settled,2026-06-01 20:51:56
PAY-20260601-0000568,TRP-20260601-0000568,31.98,wallet,settled,2026-06-02 04:09:31
PAY-20260601-0000569,TRP-20260601-0000569,50.17,credit_card,settled,2026-06-01 18:01:39
PAY-20260601-0000570,TRP-20260601-0000570,16.65,mada,settled,2026-06-02 01:29:38
PAY-20260601-0000572,TRP-20260601-0000572,18.29,credit_card,settled,2026-06-02 08:09:11
PAY-20260601-0000573,TRP-20260601-0000573,35.25,apple_pay,settled,2026-06-01 14:55:32
PAY-20260601-0000574,TRP-20260601-0000574,16.61,cash,settled,2026-06-01 03:38:26
PAY-20260601-0000575,TRP-20260601-0000575,66.92,mada,settled,2026-06-01 11:01:40
PAY-20260601-0000576,TRP-20260601-0000576,18.18,credit_card,settled,2026-06-01 18:42:07
PAY-20260601-0000577,TRP-20260601-0000577,176.21,apple_pay,settled,2026-06-01 06:46:12
PAY-20260601-0000578,TRP-20260601-0000578,25.38,credit_card,settled,2026-06-01 14:09:03
PAY-20260601-0000579,TRP-20260601-0000579,44.38,mada,settled,2026-06-01 11:54:37
PAY-20260601-0000580,TRP-20260601-0000580,28.67,mada,settled,2026-06-01 11:49:30
PAY-20260601-0000581,TRP-20260601-0000581,51.52,mada,settled,2026-06-01 17:29:31
PAY-20260601-0000582,TRP-20260601-0000582,14.21,stc_pay,settled,2026-06-02 13:46:47
PAY-20260601-0000583,TRP-20260601-0000583,45.84,stc_pay,settled,2026-06-01 21:22:49
PAY-20260601-0000584,TRP-20260601-0000584,97.42,mada,settled,2026-06-01 19:21:25
PAY-20260601-0000585,TRP-20260601-0000585,49.09,stc_pay,settled,2026-06-02 06:58:54
PAY-20260601-0000586,TRP-20260601-0000586,11.44,cash,settled,2026-06-01 13:18:03
PAY-20260601-0000587,TRP-20260601-0000587,20.47,cash,settled,2026-06-01 16:40:15
PAY-20260601-0000588,TRP-20260601-0000588,40.92,credit_card,settled,2026-06-01 12:50:18
PAY-20260601-0000589,TRP-20260601-0000589,38.67,cash,settled,2026-06-01 05:22:50
PAY-20260601-0000590,TRP-20260601-0000590,10.00,apple_pay,settled,2026-06-02 09:02:16
PAY-20260601-0000591,TRP-20260601-0000591,76.63,apple_pay,settled,2026-06-01 17:48:48
PAY-20260601-0000592,TRP-20260601-0000592,70.97,apple_pay,settled,2026-06-01 06:30:54
PAY-20260601-0000593,TRP-20260601-0000593,95.55,mada,settled,2026-06-01 15:42:31
PAY-20260601-0000594,TRP-20260601-0000594,90.84,cash,settled,2026-06-01 14:52:38
PAY-20260601-0000595,TRP-20260601-0000595,26.09,stc_pay,settled,2026-06-01 20:02:24
PAY-20260601-0000596,TRP-20260601-0000596,85.50,cash,settled,2026-06-01 06:00:33
PAY-20260601-0000597,TRP-20260601-0000597,16.36,cash,settled,2026-06-01 13:37:47
PAY-20260601-0000598,TRP-20260601-0000598,128.22,apple_pay,settled,2026-06-01 06:30:52
PAY-20260601-0000599,TRP-20260601-0000599,14.91,mada,settled,2026-06-01 14:06:14
PAY-20260601-0000600,TRP-20260601-0000600,28.13,stc_pay,settled,2026-06-01 15:41:03
PAY-20260601-0000601,TRP-20260601-0000601,17.80,cash,settled,2026-05-31 22:51:55
PAY-20260601-0000602,TRP-20260601-0000602,14.07,wallet,settled,2026-06-02 10:48:33
PAY-20260601-0000603,TRP-20260601-0000603,76.13,mada,settled,2026-06-01 12:03:04
PAY-20260601-0000604,TRP-20260601-0000604,13.10,credit_card,settled,2026-06-01 10:42:04
PAY-20260601-0000605,TRP-20260601-0000605,47.20,apple_pay,settled,2026-06-01 17:12:00
PAY-20260601-0000606,TRP-20260601-0000606,18.53,mada,settled,2026-06-01 15:59:17
PAY-20260601-0000607,TRP-20260601-0000607,13.50,mada,settled,2026-06-01 19:56:52
PAY-20260601-0000608,TRP-20260601-0000608,34.89,mada,settled,2026-06-01 18:03:19
PAY-20260601-0000610,TRP-20260601-0000610,14.50,cash,settled,2026-06-01 06:29:58
PAY-20260601-0000611,TRP-20260601-0000611,71.11,apple_pay,settled,2026-06-01 14:54:24
PAY-20260601-0000612,TRP-20260601-0000612,49.94,mada,settled,2026-06-01 10:49:39
PAY-20260601-0000613,TRP-20260601-0000613,10.00,credit_card,settled,2026-06-01 17:35:53
PAY-20260601-0000614,TRP-20260601-0000614,11.65,stc_pay,settled,2026-06-01 14:27:07
PAY-20260601-0000615,TRP-20260601-0000615,55.16,credit_card,settled,2026-06-01 12:47:15
PAY-20260601-0000616,TRP-20260601-0000616,51.17,mada,settled,2026-06-01 05:42:23
PAY-20260601-0000617,TRP-20260601-0000617,140.39,stc_pay,settled,2026-06-01 16:04:54
PAY-20260601-0000618,TRP-20260601-0000618,36.19,wallet,settled,2026-06-01 17:41:26
PAY-20260601-0000619,TRP-20260601-0000619,26.85,credit_card,settled,2026-06-01 15:30:08
PAY-20260601-0000620,TRP-20260601-0000620,35.91,stc_pay,settled,2026-06-02 02:47:33
PAY-20260601-0000621,TRP-20260601-0000621,38.78,cash,settled,2026-06-01 21:12:00
PAY-20260601-0000622,TRP-20260601-0000622,94.65,mada,settled,2026-06-01 11:25:17
PAY-20260601-0000623,TRP-20260601-0000623,38.74,mada,settled,2026-06-01 15:43:34
PAY-20260601-0000624,TRP-20260601-0000624,18.54,mada,settled,2026-06-01 13:38:54
PAY-20260601-0000625,TRP-20260601-0000625,12.00,mada,settled,2026-06-02 05:45:30
PAY-20260601-0000626,TRP-20260601-0000626,17.80,cash,settled,2026-06-01 14:23:37
PAY-20260601-0000627,TRP-20260601-0000627,12.00,cash,settled,2026-05-31 21:54:46
PAY-20260601-0000629,TRP-20260601-0000629,190.57,stc_pay,settled,2026-06-01 18:10:27
PAY-20260601-0000630,TRP-20260601-0000630,87.69,credit_card,settled,2026-06-01 17:52:09
PAY-20260601-0000631,TRP-20260601-0000631,38.50,apple_pay,settled,2026-06-01 16:46:19
PAY-20260601-0000632,TRP-20260601-0000632,27.71,apple_pay,settled,2026-06-01 10:44:50
PAY-20260601-0000633,TRP-20260601-0000633,20.89,apple_pay,settled,2026-06-01 12:04:45
PAY-20260601-0000634,TRP-20260601-0000634,28.77,wallet,settled,2026-06-01 08:15:37
PAY-20260601-0000635,TRP-20260601-0000635,16.18,apple_pay,settled,2026-06-02 09:52:30
PAY-20260601-0000636,TRP-20260601-0000636,28.09,wallet,settled,2026-06-01 15:06:39
PAY-20260601-0000637,TRP-20260601-0000637,18.01,credit_card,settled,2026-06-01 12:26:57
PAY-20260601-0000638,TRP-20260601-0000638,29.96,mada,settled,2026-06-01 21:05:06
PAY-20260601-0000639,TRP-20260601-0000639,21.09,apple_pay,settled,2026-06-01 07:22:32
PAY-20260601-0000640,TRP-20260601-0000640,21.05,credit_card,settled,2026-06-02 06:00:03
PAY-20260601-0000641,TRP-20260601-0000641,8.00,mada,settled,2026-06-01 07:13:38
PAY-20260601-0000642,TRP-20260601-0000642,30.63,apple_pay,settled,2026-06-01 12:49:57
PAY-20260601-0000643,TRP-20260601-0000643,39.06,cash,settled,2026-06-01 12:09:40
PAY-20260601-0000644,TRP-20260601-0000644,24.39,credit_card,settled,2026-06-01 18:27:11
PAY-20260601-0000645,TRP-20260601-0000645,36.62,apple_pay,settled,2026-06-01 16:12:51
PAY-20260601-0000646,TRP-20260601-0000646,25.24,mada,settled,2026-06-01 06:55:50
PAY-20260601-0000647,TRP-20260601-0000647,21.40,apple_pay,settled,2026-06-01 11:41:38
PAY-20260601-0000648,TRP-20260601-0000648,14.96,apple_pay,settled,2026-06-01 12:41:12
PAY-20260601-0000649,TRP-20260601-0000649,6.00,mada,settled,2026-06-02 13:52:19
PAY-20260601-0000650,TRP-20260601-0000650,27.18,cash,settled,2026-06-01 05:36:38
PAY-20260601-0000651,TRP-20260601-0000651,12.21,cash,settled,2026-06-01 05:34:48
PAY-20260601-0000652,TRP-20260601-0000652,17.86,credit_card,pending,2026-06-01 11:08:40
PAY-20260601-0000653,TRP-20260601-0000653,20.07,mada,settled,2026-06-01 18:27:51
PAY-20260601-0000654,TRP-20260601-0000654,20.83,mada,settled,2026-06-01 05:39:55
PAY-20260601-0000655,TRP-20260601-0000655,41.23,cash,settled,2026-06-01 10:04:10
PAY-20260601-0000656,TRP-20260601-0000656,45.60,credit_card,settled,2026-06-01 18:26:48
PAY-20260601-0000657,TRP-20260601-0000657,16.37,mada,settled,2026-06-01 03:27:51
PAY-20260601-0000658,TRP-20260601-0000658,62.05,mada,settled,2026-06-01 16:05:39
PAY-20260601-0000659,TRP-20260601-0000659,34.78,credit_card,settled,2026-06-01 16:16:00
PAY-20260601-0000660,TRP-20260601-0000660,50.20,apple_pay,settled,2026-06-02 14:29:32
PAY-20260601-0000661,TRP-20260601-0000661,17.80,stc_pay,settled,2026-06-02 00:01:37
PAY-20260601-0000662,TRP-20260601-0000662,70.63,credit_card,settled,2026-06-01 09:23:24
PAY-20260601-0000663,TRP-20260601-0000663,73.36,mada,settled,2026-06-01 19:48:41
PAY-20260601-0000664,TRP-20260601-0000664,65.34,wallet,settled,2026-06-02 12:46:44
PAY-20260601-0000665,TRP-20260601-0000665,11.00,cash,settled,2026-06-01 00:49:12
PAY-20260601-0000667,TRP-20260601-0000667,10.27,mada,settled,2026-06-01 09:33:16
PAY-20260601-0000669,TRP-20260601-0000669,69.51,wallet,settled,2026-06-01 16:40:31
PAY-20260601-0000670,TRP-20260601-0000670,46.32,mada,settled,2026-06-01 14:53:17
PAY-20260601-0000671,TRP-20260601-0000671,43.48,credit_card,settled,2026-06-01 21:13:17
PAY-20260601-0000672,TRP-20260601-0000672,6.00,apple_pay,settled,2026-06-01 13:04:12
PAY-20260601-0000673,TRP-20260601-0000673,96.17,stc_pay,settled,2026-06-01 13:25:23
PAY-20260601-0000674,TRP-20260601-0000674,61.22,apple_pay,settled,2026-06-01 06:15:19
PAY-20260601-0000675,TRP-20260601-0000675,25.64,cash,settled,2026-06-01 05:18:27
PAY-20260601-0000676,TRP-20260601-0000676,10.00,mada,settled,2026-06-01 11:40:10
PAY-20260601-0000677,TRP-20260601-0000677,26.97,stc_pay,settled,2026-06-01 13:45:24
PAY-20260601-0000678,TRP-20260601-0000678,40.05,credit_card,settled,2026-06-01 17:17:51
PAY-20260601-0000679,TRP-20260601-0000679,34.41,cash,settled,2026-06-01 05:33:20
PAY-20260601-0000680,TRP-20260601-0000680,31.75,credit_card,settled,2026-06-01 19:19:56
PAY-20260601-0000681,TRP-20260601-0000681,31.95,credit_card,settled,2026-06-01 19:02:57
PAY-20260601-0000682,TRP-20260601-0000682,18.49,mada,settled,2026-06-01 07:59:31
PAY-20260601-0000684,TRP-20260601-0000684,30.74,mada,pending,2026-06-01 19:24:33
PAY-20260601-0000685,TRP-20260601-0000685,53.48,credit_card,settled,2026-06-01 20:17:40
PAY-20260601-0000686,TRP-20260601-0000686,25.51,apple_pay,settled,2026-06-01 10:43:50
PAY-20260601-0000687,TRP-20260601-0000687,76.34,stc_pay,settled,2026-06-01 13:17:32
PAY-20260601-0000688,TRP-20260601-0000688,60.84,stc_pay,settled,2026-06-01 09:33:36
PAY-20260601-0000690,TRP-20260601-0000690,12.27,mada,settled,2026-06-01 21:01:07
PAY-20260601-0000691,TRP-20260601-0000691,29.67,mada,settled,2026-06-02 09:57:15
PAY-20260601-0000692,TRP-20260601-0000692,6.00,cash,settled,2026-06-01 16:24:08
PAY-20260601-0000693,TRP-20260601-0000693,53.53,cash,settled,2026-06-01 13:29:41
PAY-20260601-0000694,TRP-20260601-0000694,10.00,credit_card,settled,2026-06-01 09:31:04
PAY-20260601-0000695,TRP-20260601-0000695,50.38,stc_pay,settled,2026-05-31 22:02:13
PAY-20260601-0000696,TRP-20260601-0000696,48.91,wallet,settled,2026-06-01 16:00:58
PAY-20260601-0000697,TRP-20260601-0000697,32.70,cash,settled,2026-06-01 09:08:13
PAY-20260601-0000698,TRP-20260601-0000698,25.43,mada,settled,2026-06-01 11:42:57
PAY-20260601-0000699,TRP-20260601-0000699,37.14,credit_card,settled,2026-05-31 22:20:48
PAY-20260601-0000700,TRP-20260601-0000700,27.79,mada,settled,2026-06-01 06:31:14
PAY-20260601-0000701,TRP-20260601-0000701,36.58,cash,settled,2026-06-01 04:48:00
PAY-20260601-0000702,TRP-20260601-0000702,40.36,credit_card,settled,2026-06-01 08:21:36
PAY-20260601-0000703,TRP-20260601-0000703,14.60,cash,settled,2026-06-01 12:42:01
PAY-20260601-0000704,TRP-20260601-0000704,6.00,mada,settled,2026-06-01 21:09:00
PAY-20260601-0000705,TRP-20260601-0000705,20.24,mada,settled,2026-05-31 23:23:31
PAY-20260601-0000706,TRP-20260601-0000706,61.54,mada,pending,2026-06-01 15:02:46
PAY-20260601-0000707,TRP-20260601-0000707,16.33,mada,settled,2026-06-01 04:58:17
PAY-20260601-0000708,TRP-20260601-0000708,26.80,credit_card,settled,2026-06-01 16:24:03
PAY-20260601-0000709,TRP-20260601-0000709,62.13,credit_card,settled,2026-06-01 18:57:28
PAY-20260601-0000710,TRP-20260601-0000710,29.76,credit_card,settled,2026-06-01 14:57:21
PAY-20260601-0000711,TRP-20260601-0000711,15.49,cash,settled,2026-06-01 05:46:53
PAY-20260601-0000712,TRP-20260601-0000712,12.72,stc_pay,settled,2026-06-01 13:27:44
PAY-20260601-0000713,TRP-20260601-0000713,37.42,credit_card,settled,2026-06-01 14:22:03
PAY-20260601-0000714,TRP-20260601-0000714,33.11,stc_pay,settled,2026-06-02 03:20:11
PAY-20260601-0000716,TRP-20260601-0000716,36.60,cash,settled,2026-06-01 13:05:57
PAY-20260601-0000717,TRP-20260601-0000717,13.55,cash,settled,2026-06-01 06:43:06
PAY-20260601-0000718,TRP-20260601-0000718,17.15,mada,settled,2026-06-01 11:06:07
PAY-20260601-0000719,TRP-20260601-0000719,20.56,wallet,pending,2026-06-01 18:50:13
PAY-20260601-0000720,TRP-20260601-0000720,14.50,wallet,settled,2026-06-02 04:30:39
PAY-20260601-0000721,TRP-20260601-0000721,23.65,mada,settled,2026-06-01 11:05:44
PAY-20260601-0000722,TRP-20260601-0000722,33.14,stc_pay,settled,2026-06-01 11:51:12
PAY-20260601-0000723,TRP-20260601-0000723,19.12,credit_card,pending,2026-06-01 14:55:35
PAY-20260601-0000724,TRP-20260601-0000724,59.05,apple_pay,settled,2026-06-01 22:27:47
PAY-20260601-0000725,TRP-20260601-0000725,54.05,mada,settled,2026-06-02 03:43:02
PAY-20260601-0000726,TRP-20260601-0000726,6.00,credit_card,settled,2026-06-01 23:08:31
PAY-20260601-0000727,TRP-20260601-0000727,13.95,cash,settled,2026-06-01 10:07:27
PAY-20260601-0000728,TRP-20260601-0000728,45.66,credit_card,settled,2026-06-02 12:01:53
PAY-20260601-0000729,TRP-20260601-0000729,50.88,apple_pay,settled,2026-06-01 10:58:26
PAY-20260601-0000730,TRP-20260601-0000730,11.76,mada,settled,2026-06-01 13:14:32
PAY-20260601-0000731,TRP-20260601-0000731,41.61,mada,settled,2026-06-02 04:01:06
PAY-20260601-0000732,TRP-20260601-0000732,100.83,credit_card,settled,2026-06-01 13:41:19
PAY-20260601-0000733,TRP-20260601-0000733,74.57,mada,settled,2026-06-01 19:12:45
PAY-20260601-0000734,TRP-20260601-0000734,79.12,mada,settled,2026-06-01 00:26:08
PAY-20260601-0000735,TRP-20260601-0000735,29.45,credit_card,settled,2026-06-01 14:31:01
PAY-20260601-0000736,TRP-20260601-0000736,10.05,mada,settled,2026-06-02 03:45:00
PAY-20260601-0000737,TRP-20260601-0000737,66.19,credit_card,settled,2026-06-01 20:36:37
PAY-20260601-0000738,TRP-20260601-0000738,79.15,stc_pay,settled,2026-06-02 13:41:31
PAY-20260601-0000739,TRP-20260601-0000739,17.17,mada,settled,2026-06-01 18:08:30
PAY-20260601-0000740,TRP-20260601-0000740,23.30,mada,settled,2026-06-01 09:39:35
PAY-20260601-0000741,TRP-20260601-0000741,8.00,credit_card,settled,2026-06-01 08:44:57
PAY-20260601-0000742,TRP-20260601-0000742,134.25,wallet,settled,2026-06-01 13:23:39
PAY-20260601-0000743,TRP-20260601-0000743,28.42,cash,settled,2026-06-01 08:13:53
PAY-20260601-0000744,TRP-20260601-0000744,25.83,cash,settled,2026-06-01 13:06:42
PAY-20260601-0000745,TRP-20260601-0000745,12.72,apple_pay,settled,2026-06-01 06:37:56
PAY-20260601-0000746,TRP-20260601-0000746,76.99,credit_card,settled,2026-06-01 07:03:53
PAY-20260601-0000747,TRP-20260601-0000747,66.77,mada,settled,2026-06-01 09:21:58
PAY-20260601-0000748,TRP-20260601-0000748,50.96,cash,settled,2026-06-01 04:50:36
PAY-20260601-0000749,TRP-20260601-0000749,68.48,wallet,settled,2026-06-01 17:23:10
PAY-20260601-0000750,TRP-20260601-0000750,58.82,credit_card,settled,2026-06-01 20:17:22
PAY-20260601-0000751,TRP-20260601-0000751,53.93,apple_pay,settled,2026-06-01 21:42:19
PAY-20260601-0000752,TRP-20260601-0000752,15.68,credit_card,settled,2026-06-01 09:55:59
PAY-20260601-0000753,TRP-20260601-0000753,21.42,credit_card,settled,2026-06-01 04:02:15
PAY-20260601-0000754,TRP-20260601-0000754,47.44,wallet,settled,2026-06-01 10:58:53
PAY-20260601-0000755,TRP-20260601-0000755,186.16,credit_card,settled,2026-06-01 17:05:34
PAY-20260601-0000756,TRP-20260601-0000756,21.15,wallet,settled,2026-06-01 21:01:08
PAY-20260601-0000757,TRP-20260601-0000757,124.41,cash,settled,2026-06-01 14:37:12
PAY-20260601-0000758,TRP-20260601-0000758,26.39,cash,settled,2026-06-01 15:20:13
PAY-20260601-0000759,TRP-20260601-0000759,16.90,mada,settled,2026-05-31 22:51:56
PAY-20260601-0000760,TRP-20260601-0000760,54.21,wallet,settled,2026-06-02 04:04:18
PAY-20260601-0000761,TRP-20260601-0000761,54.11,apple_pay,settled,2026-06-01 10:08:31
PAY-20260601-0000762,TRP-20260601-0000762,30.28,credit_card,settled,2026-06-01 13:17:24
PAY-20260601-0000763,TRP-20260601-0000763,13.88,cash,settled,2026-06-01 08:11:42
PAY-20260601-0000765,TRP-20260601-0000765,10.62,mada,settled,2026-06-02 01:24:50
PAY-20260601-0000766,TRP-20260601-0000766,37.25,mada,settled,2026-06-01 03:45:11
PAY-20260601-0000767,TRP-20260601-0000767,18.81,mada,settled,2026-06-01 16:57:05
PAY-20260601-0000768,TRP-20260601-0000768,56.74,cash,settled,2026-06-01 19:50:53
PAY-20260601-0000769,TRP-20260601-0000769,20.11,cash,settled,2026-05-31 22:12:00
PAY-20260601-0000770,TRP-20260601-0000770,23.74,mada,settled,2026-06-01 18:15:37
PAY-20260601-0000771,TRP-20260601-0000771,19.14,stc_pay,settled,2026-06-01 15:49:09
PAY-20260601-0000772,TRP-20260601-0000772,36.97,cash,settled,2026-06-01 15:57:50
PAY-20260601-0000773,TRP-20260601-0000773,6.00,stc_pay,settled,2026-06-01 03:54:46
PAY-20260601-0000775,TRP-20260601-0000775,27.34,cash,settled,2026-06-01 05:33:39
PAY-20260601-0000776,TRP-20260601-0000776,51.04,mada,settled,2026-06-01 12:55:47
PAY-20260601-0000777,TRP-20260601-0000777,45.77,mada,settled,2026-06-01 16:20:49
PAY-20260601-0000778,TRP-20260601-0000778,23.83,cash,settled,2026-06-01 15:02:56
PAY-20260601-0000779,TRP-20260601-0000779,34.20,mada,settled,2026-06-01 17:48:05
PAY-20260601-0000780,TRP-20260601-0000780,11.00,stc_pay,settled,2026-06-02 11:57:37
PAY-20260601-0000781,TRP-20260601-0000781,47.28,stc_pay,settled,2026-06-02 06:08:04
PAY-20260601-0000782,TRP-20260601-0000782,25.20,mada,settled,2026-06-02 00:38:52
PAY-20260601-0000783,TRP-20260601-0000783,116.82,cash,settled,2026-06-01 18:42:43
PAY-20260601-0000784,TRP-20260601-0000784,26.48,credit_card,settled,2026-06-01 10:16:21
PAY-20260601-0000785,TRP-20260601-0000785,30.67,credit_card,settled,2026-06-01 21:39:35
PAY-20260601-0000786,TRP-20260601-0000786,21.35,cash,settled,2026-06-01 14:42:18
PAY-20260601-0000787,TRP-20260601-0000787,37.34,credit_card,failed,2026-06-02 16:15:57
PAY-20260601-0000790,TRP-20260601-0000790,23.83,apple_pay,settled,2026-06-01 14:19:28
PAY-20260601-0000792,TRP-20260601-0000792,32.06,mada,settled,2026-06-01 19:48:07
PAY-20260601-0000793,TRP-20260601-0000793,15.37,mada,settled,2026-06-01 19:23:29
PAY-20260601-0000794,TRP-20260601-0000794,23.58,credit_card,settled,2026-06-01 13:19:29
PAY-20260601-0000795,TRP-20260601-0000795,40.05,stc_pay,settled,2026-06-01 16:02:28
PAY-20260601-0000796,TRP-20260601-0000796,29.58,cash,settled,2026-06-01 13:10:12
PAY-20260601-0000797,TRP-20260601-0000797,60.65,wallet,settled,2026-06-02 02:28:05
PAY-20260601-0000798,TRP-20260601-0000798,55.67,cash,settled,2026-05-31 22:38:41
PAY-20260601-0000799,TRP-20260601-0000799,24.22,credit_card,settled,2026-06-02 21:23:52
PAY-20260601-0000800,TRP-20260601-0000800,22.43,mada,settled,2026-06-01 19:59:15
PAY-20260601-0000801,TRP-20260601-0000801,110.82,apple_pay,settled,2026-06-01 08:13:46
PAY-20260601-0000802,TRP-20260601-0000802,10.73,mada,settled,2026-06-01 17:11:06
PAY-20260601-0000803,TRP-20260601-0000803,112.66,mada,settled,2026-06-01 19:03:25
PAY-20260601-0000804,TRP-20260601-0000804,107.02,mada,settled,2026-06-01 16:40:19
PAY-20260601-0000805,TRP-20260601-0000805,12.43,apple_pay,settled,2026-06-01 22:02:01
PAY-20260601-0000806,TRP-20260601-0000806,61.95,mada,settled,2026-06-01 22:43:24
PAY-20260601-0000807,TRP-20260601-0000807,14.04,credit_card,settled,2026-06-01 13:15:27
PAY-20260601-0000808,TRP-20260601-0000808,10.00,apple_pay,settled,2026-06-01 17:48:23
PAY-20260601-0000809,TRP-20260601-0000809,43.60,mada,settled,2026-06-01 18:14:49
PAY-20260601-0000810,TRP-20260601-0000810,10.71,wallet,settled,2026-06-01 15:12:41
PAY-20260601-0000811,TRP-20260601-0000811,20.07,apple_pay,settled,2026-06-01 05:58:54
PAY-20260601-0000812,TRP-20260601-0000812,55.07,wallet,settled,2026-06-02 00:37:16
PAY-20260601-0000813,TRP-20260601-0000813,71.40,stc_pay,settled,2026-06-02 14:49:12
PAY-20260601-0000814,TRP-20260601-0000814,21.80,apple_pay,settled,2026-06-02 02:13:27
PAY-20260601-0000815,TRP-20260601-0000815,18.65,mada,settled,2026-06-02 03:15:49
PAY-20260601-0000816,TRP-20260601-0000816,12.98,cash,settled,2026-06-01 19:30:49
PAY-20260601-0000817,TRP-20260601-0000817,30.13,credit_card,settled,2026-06-01 07:12:30
PAY-20260601-0000818,TRP-20260601-0000818,20.71,wallet,settled,2026-06-01 16:45:28
PAY-20260601-0000819,TRP-20260601-0000819,12.00,mada,settled,2026-06-01 13:33:19
PAY-20260601-0000820,TRP-20260601-0000820,12.54,apple_pay,settled,2026-06-01 22:20:10
PAY-20260601-0000821,TRP-20260601-0000821,19.46,credit_card,settled,2026-06-01 14:04:13
PAY-20260601-0000822,TRP-20260601-0000822,62.87,wallet,settled,2026-06-02 13:08:33
PAY-20260601-0000823,TRP-20260601-0000823,34.78,apple_pay,settled,2026-06-02 00:09:28
PAY-20260601-0000824,TRP-20260601-0000824,57.59,credit_card,settled,2026-06-01 18:18:59
PAY-20260601-0000825,TRP-20260601-0000825,13.93,credit_card,settled,2026-06-01 22:26:17
PAY-20260601-0000826,TRP-20260601-0000826,93.77,stc_pay,settled,2026-06-01 17:58:32
PAY-20260601-0000827,TRP-20260601-0000827,65.99,mada,settled,2026-06-01 21:53:16
PAY-20260601-0000828,TRP-20260601-0000828,64.48,mada,settled,2026-06-01 09:11:15
PAY-20260601-0000830,TRP-20260601-0000830,197.60,mada,settled,2026-06-01 17:52:05
PAY-20260601-0000831,TRP-20260601-0000831,20.95,cash,settled,2026-06-01 11:05:59
PAY-20260601-0000832,TRP-20260601-0000832,138.28,stc_pay,settled,2026-06-01 07:07:47
PAY-20260601-0000833,TRP-20260601-0000833,27.57,cash,settled,2026-06-01 14:33:20
PAY-20260601-0000834,TRP-20260601-0000834,15.73,wallet,settled,2026-06-02 03:30:14
PAY-20260601-0000835,TRP-20260601-0000835,29.56,credit_card,settled,2026-06-02 05:16:36
PAY-20260601-0000837,TRP-20260601-0000837,14.37,mada,settled,2026-06-01 11:29:02
PAY-20260601-0000838,TRP-20260601-0000838,77.46,stc_pay,pending,2026-06-01 14:54:32
PAY-20260601-0000839,TRP-20260601-0000839,26.86,stc_pay,settled,2026-06-02 09:06:29
PAY-20260601-0000840,TRP-20260601-0000840,28.27,stc_pay,settled,2026-06-02 06:12:20
PAY-20260601-0000841,TRP-20260601-0000841,24.15,mada,settled,2026-06-01 10:21:30
PAY-20260601-0000842,TRP-20260601-0000842,121.59,wallet,settled,2026-06-01 21:13:05
PAY-20260601-0000844,TRP-20260601-0000844,12.40,mada,settled,2026-06-01 03:56:01
PAY-20260601-0000845,TRP-20260601-0000845,184.05,apple_pay,settled,2026-06-01 08:29:34
PAY-20260601-0000846,TRP-20260601-0000846,12.66,apple_pay,settled,2026-06-01 22:27:29
PAY-20260601-0000847,TRP-20260601-0000847,38.96,mada,settled,2026-06-01 14:01:00
PAY-20260601-0000848,TRP-20260601-0000848,54.81,cash,settled,2026-06-01 05:29:51
PAY-20260601-0000849,TRP-20260601-0000849,40.86,credit_card,settled,2026-06-01 23:20:38
PAY-20260601-0000850,TRP-20260601-0000850,18.80,stc_pay,settled,2026-06-01 16:03:06
PAY-20260601-0000851,TRP-20260601-0000851,37.61,credit_card,settled,2026-06-01 12:01:09
PAY-20260601-0000852,TRP-20260601-0000852,131.78,stc_pay,settled,2026-06-02 13:36:37
PAY-20260601-0000853,TRP-20260601-0000853,15.20,cash,settled,2026-06-01 12:49:05
PAY-20260601-0000854,TRP-20260601-0000854,23.67,cash,settled,2026-06-01 11:56:29
PAY-20260601-0000855,TRP-20260601-0000855,44.67,apple_pay,settled,2026-06-02 09:44:19
PAY-20260601-0000856,TRP-20260601-0000856,10.00,apple_pay,settled,2026-06-01 16:23:13
PAY-20260601-0000857,TRP-20260601-0000857,12.90,stc_pay,settled,2026-06-01 13:29:09
PAY-20260601-0000858,TRP-20260601-0000858,16.84,credit_card,settled,2026-06-01 19:24:21
PAY-20260601-0000859,TRP-20260601-0000859,30.97,credit_card,settled,2026-06-01 10:10:47
PAY-20260601-0000860,TRP-20260601-0000860,23.75,credit_card,settled,2026-06-02 00:16:42
PAY-20260601-0000861,TRP-20260601-0000861,19.68,cash,settled,2026-06-01 08:22:05
PAY-20260601-0000862,TRP-20260601-0000862,47.27,mada,settled,2026-06-02 05:41:15
PAY-20260601-0000863,TRP-20260601-0000863,10.00,mada,settled,2026-06-01 08:30:45
PAY-20260601-0000864,TRP-20260601-0000864,27.31,stc_pay,settled,2026-06-01 15:16:23
PAY-20260601-0000865,TRP-20260601-0000865,48.69,credit_card,pending,2026-06-01 06:41:13
PAY-20260601-0000866,TRP-20260601-0000866,40.44,credit_card,settled,2026-06-01 18:16:05
PAY-20260601-0000867,TRP-20260601-0000867,106.55,apple_pay,settled,2026-06-01 15:49:47
PAY-20260601-0000868,TRP-20260601-0000868,68.90,mada,settled,2026-06-01 16:38:01
PAY-20260601-0000869,TRP-20260601-0000869,21.08,credit_card,settled,2026-06-01 16:04:50
PAY-20260601-0000870,TRP-20260601-0000870,76.47,apple_pay,settled,2026-06-02 06:03:55
PAY-20260601-0000871,TRP-20260601-0000871,56.52,stc_pay,settled,2026-06-01 12:41:30
PAY-20260601-0000872,TRP-20260601-0000872,15.54,mada,settled,2026-06-02 00:21:50
PAY-20260601-0000873,TRP-20260601-0000873,25.92,wallet,settled,2026-06-02 12:52:47
PAY-20260601-0000874,TRP-20260601-0000874,25.89,wallet,settled,2026-06-01 11:50:41
PAY-20260601-0000875,TRP-20260601-0000875,29.38,stc_pay,settled,2026-06-01 12:42:54
PAY-20260601-0000876,TRP-20260601-0000876,19.77,wallet,settled,2026-06-01 08:03:23
PAY-20260601-0000877,TRP-20260601-0000877,16.89,apple_pay,settled,2026-06-01 16:28:49
PAY-20260601-0000878,TRP-20260601-0000878,30.05,credit_card,settled,2026-06-01 08:54:05
PAY-20260601-0000879,TRP-20260601-0000879,17.46,mada,settled,2026-06-01 12:39:36
PAY-20260601-0000880,TRP-20260601-0000880,19.73,credit_card,settled,2026-06-02 09:34:11
PAY-20260601-0000881,TRP-20260601-0000881,27.85,stc_pay,settled,2026-06-02 03:13:31
PAY-20260601-0000882,TRP-20260601-0000882,39.48,credit_card,settled,2026-06-01 15:05:14
PAY-20260601-0000883,TRP-20260601-0000883,6.00,mada,settled,2026-06-01 09:42:50
PAY-20260601-0000884,TRP-20260601-0000884,45.17,mada,settled,2026-06-01 15:50:16
PAY-20260601-0000885,TRP-20260601-0000885,21.96,apple_pay,settled,2026-06-01 20:17:50
PAY-20260601-0000886,TRP-20260601-0000886,25.35,wallet,settled,2026-06-01 22:58:20
PAY-20260601-0000887,TRP-20260601-0000887,27.69,cash,settled,2026-06-01 16:23:31
PAY-20260601-0000888,TRP-20260601-0000888,21.23,mada,settled,2026-06-02 02:21:36
PAY-20260601-0000889,TRP-20260601-0000889,244.99,cash,settled,2026-06-01 16:38:07
PAY-20260601-0000890,TRP-20260601-0000890,66.45,mada,settled,2026-06-01 04:10:10
PAY-20260601-0000891,TRP-20260601-0000891,15.12,credit_card,settled,2026-06-01 08:12:15
PAY-20260601-0000892,TRP-20260601-0000892,10.00,credit_card,settled,2026-06-01 18:07:48
PAY-20260601-0000893,TRP-20260601-0000893,45.97,mada,settled,2026-06-01 20:50:00
PAY-20260601-0000894,TRP-20260601-0000894,18.40,cash,settled,2026-06-01 06:20:20
PAY-20260601-0000895,TRP-20260601-0000895,16.77,credit_card,settled,2026-06-01 21:01:41
PAY-20260601-0000896,TRP-20260601-0000896,11.00,mada,settled,2026-06-02 09:20:12
PAY-20260601-0000897,TRP-20260601-0000897,34.77,credit_card,settled,2026-06-02 02:30:50
PAY-20260601-0000898,TRP-20260601-0000898,12.00,mada,settled,2026-06-01 20:07:02
PAY-20260601-0000899,TRP-20260601-0000899,35.35,wallet,settled,2026-06-01 17:43:00
PAY-20260601-0000900,TRP-20260601-0000900,29.15,mada,settled,2026-06-01 18:23:21
PAY-20260601-0000901,TRP-20260601-0000901,11.00,mada,settled,2026-06-01 17:02:03
PAY-20260601-0000902,TRP-20260601-0000902,18.12,stc_pay,settled,2026-06-01 11:26:09
PAY-20260601-0000903,TRP-20260601-0000903,53.86,mada,settled,2026-06-01 16:50:52
PAY-20260601-0000904,TRP-20260601-0000904,81.38,cash,settled,2026-06-01 20:04:40
PAY-20260601-0000905,TRP-20260601-0000905,23.80,mada,settled,2026-06-01 11:56:07
PAY-20260601-0000906,TRP-20260601-0000906,35.73,mada,settled,2026-06-01 08:44:33
PAY-20260601-0000907,TRP-20260601-0000907,28.29,mada,settled,2026-06-01 15:23:05
PAY-20260601-0000908,TRP-20260601-0000908,20.52,credit_card,settled,2026-06-01 13:09:47
PAY-20260601-0000909,TRP-20260601-0000909,36.92,apple_pay,settled,2026-06-01 15:19:45
PAY-20260601-0000910,TRP-20260601-0000910,27.27,credit_card,settled,2026-06-01 07:57:28
PAY-20260601-0000911,TRP-20260601-0000911,83.64,credit_card,settled,2026-06-01 17:22:05
PAY-20260601-0000912,TRP-20260601-0000912,37.45,apple_pay,settled,2026-06-01 16:15:11
PAY-20260601-0000913,TRP-20260601-0000913,10.29,mada,pending,2026-06-02 01:54:51
PAY-20260601-0000914,TRP-20260601-0000914,65.81,apple_pay,settled,2026-06-01 07:22:31
PAY-20260601-0000915,TRP-20260601-0000915,16.56,stc_pay,settled,2026-06-02 09:02:34
PAY-20260601-0000916,TRP-20260601-0000916,55.22,stc_pay,settled,2026-06-01 17:19:19
PAY-20260601-0000918,TRP-20260601-0000918,121.50,credit_card,pending,2026-06-01 07:31:39
PAY-20260601-0000919,TRP-20260601-0000919,33.90,mada,failed,2026-06-01 11:25:00
PAY-20260601-0000920,TRP-20260601-0000920,17.39,credit_card,settled,2026-06-01 21:56:13
PAY-20260601-0000921,TRP-20260601-0000921,241.98,mada,settled,2026-06-01 17:00:32
PAY-20260601-0000923,TRP-20260601-0000923,22.23,credit_card,failed,2026-06-01 07:24:15
PAY-20260601-0000924,TRP-20260601-0000924,21.24,mada,settled,2026-05-31 22:03:02
PAY-20260601-0000925,TRP-20260601-0000925,35.64,wallet,settled,2026-06-02 07:03:03
PAY-20260601-0000926,TRP-20260601-0000926,29.19,apple_pay,settled,2026-06-01 10:41:12
PAY-20260601-0000927,TRP-20260601-0000927,91.06,stc_pay,settled,2026-06-02 15:16:08
PAY-20260601-0000929,TRP-20260601-0000929,25.61,mada,settled,2026-06-01 16:12:30
PAY-20260601-0000930,TRP-20260601-0000930,14.05,credit_card,settled,2026-06-01 08:35:55
PAY-20260601-0000931,TRP-20260601-0000931,136.65,cash,settled,2026-06-01 08:41:47
PAY-20260601-0000932,TRP-20260601-0000932,23.57,credit_card,settled,2026-06-01 19:17:59
PAY-20260601-0000933,TRP-20260601-0000933,16.63,cash,settled,2026-06-01 11:54:45
PAY-20260601-0000934,TRP-20260601-0000934,34.04,mada,settled,2026-06-01 18:01:17
PAY-20260601-0000935,TRP-20260601-0000935,29.71,mada,settled,2026-06-01 19:25:54
PAY-20260601-0000936,TRP-20260601-0000936,57.90,stc_pay,settled,2026-06-01 13:09:01
PAY-20260601-0000937,TRP-20260601-0000937,35.87,apple_pay,settled,2026-06-02 05:04:08
PAY-20260601-0000938,TRP-20260601-0000938,17.47,mada,settled,2026-06-02 19:01:39
PAY-20260601-0000939,TRP-20260601-0000939,44.12,cash,settled,2026-06-01 07:42:20
PAY-20260601-0000940,TRP-20260601-0000940,19.43,apple_pay,settled,2026-06-01 18:52:46
PAY-20260601-0000941,TRP-20260601-0000941,21.87,cash,settled,2026-06-01 10:10:48
PAY-20260601-0000942,TRP-20260601-0000942,23.96,stc_pay,settled,2026-06-01 16:44:38
PAY-20260601-0000943,TRP-20260601-0000943,14.56,cash,settled,2026-06-01 04:53:22
PAY-20260601-0000944,TRP-20260601-0000944,23.25,credit_card,settled,2026-06-01 06:15:20
PAY-20260601-0000945,TRP-20260601-0000945,31.29,mada,settled,2026-06-01 09:22:14
PAY-20260601-0000946,TRP-20260601-0000946,39.31,apple_pay,settled,2026-06-01 03:59:49
PAY-20260601-0000947,TRP-20260601-0000947,15.71,stc_pay,settled,2026-06-01 22:47:05
PAY-20260601-0000948,TRP-20260601-0000948,80.04,apple_pay,settled,2026-06-01 16:54:11
PAY-20260601-0000949,TRP-20260601-0000949,40.39,credit_card,settled,2026-06-01 17:40:28
PAY-20260601-0000950,TRP-20260601-0000950,13.37,mada,settled,2026-06-01 18:33:54
PAY-20260601-0000951,TRP-20260601-0000951,33.47,mada,settled,2026-06-01 06:06:43
PAY-20260601-0000952,TRP-20260601-0000952,6.00,mada,pending,2026-06-01 15:03:37
PAY-20260601-0000953,TRP-20260601-0000953,16.47,credit_card,settled,2026-06-01 15:34:03
PAY-20260601-0000954,TRP-20260601-0000954,6.00,cash,settled,2026-06-01 11:33:47
PAY-20260601-0000955,TRP-20260601-0000955,18.00,apple_pay,settled,2026-06-01 13:56:41
PAY-20260601-0000956,TRP-20260601-0000956,69.56,cash,settled,2026-06-01 21:26:07
PAY-20260601-0000957,TRP-20260601-0000957,31.97,cash,settled,2026-06-01 04:30:12
PAY-20260601-0000958,TRP-20260601-0000958,13.52,cash,settled,2026-06-01 10:05:21
PAY-20260601-0000959,TRP-20260601-0000959,19.42,mada,settled,2026-06-01 16:40:35
PAY-20260601-0000960,TRP-20260601-0000960,46.48,apple_pay,settled,2026-06-01 08:15:59
PAY-20260601-0000961,TRP-20260601-0000961,49.93,apple_pay,settled,2026-06-01 07:54:47
PAY-20260601-0000962,TRP-20260601-0000962,108.13,mada,settled,2026-06-01 20:34:47
PAY-20260601-0000963,TRP-20260601-0000963,6.00,apple_pay,settled,2026-06-02 12:50:50
PAY-20260601-0000964,TRP-20260601-0000964,96.80,credit_card,settled,2026-06-01 05:48:07
PAY-20260601-0000965,TRP-20260601-0000965,106.58,apple_pay,settled,2026-06-01 06:02:48
PAY-20260601-0000966,TRP-20260601-0000966,27.99,mada,settled,2026-06-01 17:43:53
PAY-20260601-0000967,TRP-20260601-0000967,132.25,mada,settled,2026-06-01 08:26:31
PAY-20260601-0000968,TRP-20260601-0000968,32.27,apple_pay,settled,2026-06-01 14:30:36
PAY-20260601-0000969,TRP-20260601-0000969,10.00,cash,settled,2026-06-01 04:53:10
PAY-20260601-0000970,TRP-20260601-0000970,25.45,mada,settled,2026-06-01 14:03:52
PAY-20260601-0000971,TRP-20260601-0000971,6.00,credit_card,settled,2026-06-01 19:52:51
PAY-20260601-0000972,TRP-20260601-0000972,80.12,mada,settled,2026-06-01 12:43:04
PAY-20260601-0000973,TRP-20260601-0000973,36.69,cash,settled,2026-05-31 23:54:02
PAY-20260601-0000974,TRP-20260601-0000974,18.91,cash,settled,2026-06-01 04:49:46
PAY-20260601-0000975,TRP-20260601-0000975,46.06,apple_pay,settled,2026-06-02 06:01:25
PAY-20260601-0000976,TRP-20260601-0000976,99.72,credit_card,settled,2026-06-02 00:16:45
PAY-20260601-0000977,TRP-20260601-0000977,28.88,wallet,settled,2026-06-01 07:06:27
PAY-20260601-0000978,TRP-20260601-0000978,43.07,credit_card,settled,2026-06-01 19:06:14
PAY-20260601-0000979,TRP-20260601-0000979,10.00,credit_card,settled,2026-05-31 23:24:39
PAY-20260601-0000980,TRP-20260601-0000980,32.57,wallet,pending,2026-06-01 19:24:04
PAY-20260601-0000981,TRP-20260601-0000981,108.83,cash,settled,2026-06-01 09:41:11
PAY-20260601-0000982,TRP-20260601-0000982,15.12,stc_pay,settled,2026-06-01 05:07:14
PAY-20260601-0000983,TRP-20260601-0000983,24.32,credit_card,settled,2026-06-01 06:12:10
PAY-20260601-0000984,TRP-20260601-0000984,81.59,stc_pay,settled,2026-06-01 11:52:47
PAY-20260601-0000985,TRP-20260601-0000985,12.00,stc_pay,settled,2026-06-01 11:20:21
PAY-20260601-0000986,TRP-20260601-0000986,29.92,mada,settled,2026-06-02 06:27:15
PAY-20260601-0000987,TRP-20260601-0000987,93.86,credit_card,settled,2026-06-01 23:16:52
PAY-20260601-0000989,TRP-20260601-0000989,72.46,mada,settled,2026-06-01 12:23:14
PAY-20260601-0000990,TRP-20260601-0000990,93.90,credit_card,settled,2026-06-01 18:51:35
PAY-20260601-0000991,TRP-20260601-0000991,34.34,mada,settled,2026-06-01 11:27:57
PAY-20260601-0000992,TRP-20260601-0000992,71.03,mada,settled,2026-06-01 15:58:13
PAY-20260601-0000993,TRP-20260601-0000993,109.62,stc_pay,settled,2026-06-01 22:03:13
PAY-20260601-0000994,TRP-20260601-0000994,32.98,apple_pay,settled,2026-06-01 07:04:07
PAY-20260601-0000995,TRP-20260601-0000995,26.44,cash,settled,2026-06-01 02:31:18
PAY-20260601-0000996,TRP-20260601-0000996,17.03,apple_pay,settled,2026-06-01 15:54:35
PAY-20260601-0000997,TRP-20260601-0000997,35.72,cash,settled,2026-06-01 12:35:02
PAY-20260601-0000998,TRP-20260601-0000998,12.00,stc_pay,settled,2026-06-01 20:31:19
PAY-20260601-0000999,TRP-20260601-0000999,36.51,mada,settled,2026-06-01 18:06:55
PAY-20260601-0001000,TRP-20260601-0001000,6.00,mada,settled,2026-06-02 01:23:12
PAY-20260601-0001001,TRP-20260601-0001001,13.18,stc_pay,settled,2026-06-01 10:53:44
PAY-20260601-0001002,TRP-20260601-0001002,80.68,credit_card,settled,2026-06-01 16:27:00
PAY-20260601-0001003,TRP-20260601-0001003,10.00,stc_pay,settled,2026-06-01 11:13:20
PAY-20260601-0001004,TRP-20260601-0001004,48.74,mada,settled,2026-06-02 17:51:26
PAY-20260601-0001005,TRP-20260601-0001005,69.43,wallet,settled,2026-06-01 11:18:31
PAY-20260601-0001006,TRP-20260601-0001006,26.13,mada,settled,2026-05-31 23:29:11
PAY-20260601-0001007,TRP-20260601-0001007,6.00,credit_card,settled,2026-06-01 18:11:51
PAY-20260601-0001008,TRP-20260601-0001008,28.39,apple_pay,settled,2026-06-01 10:45:12
PAY-20260601-0001009,TRP-20260601-0001009,15.84,credit_card,settled,2026-06-01 16:27:41
PAY-20260601-0001010,TRP-20260601-0001010,53.41,mada,settled,2026-06-01 19:27:11
PAY-20260601-0001011,TRP-20260601-0001011,17.52,mada,settled,2026-06-01 20:09:05
PAY-20260601-0001012,TRP-20260601-0001012,14.13,mada,settled,2026-06-02 06:39:38
PAY-20260601-0001014,TRP-20260601-0001014,14.67,credit_card,settled,2026-06-01 14:36:54
PAY-20260601-0001015,TRP-20260601-0001015,35.93,mada,settled,2026-06-01 16:24:25
PAY-20260601-0001016,TRP-20260601-0001016,14.51,stc_pay,settled,2026-06-02 11:32:19
PAY-20260601-0001017,TRP-20260601-0001017,107.46,credit_card,settled,2026-06-01 17:54:10
PAY-20260601-0001018,TRP-20260601-0001018,26.12,credit_card,settled,2026-06-01 07:14:35
PAY-20260601-0001019,TRP-20260601-0001019,14.87,apple_pay,settled,2026-06-02 02:02:22
PAY-20260601-0001020,TRP-20260601-0001020,44.36,apple_pay,settled,2026-06-01 06:09:26
PAY-20260601-0001021,TRP-20260601-0001021,26.68,mada,settled,2026-06-01 15:10:10
PAY-20260601-0001022,TRP-20260601-0001022,38.46,stc_pay,settled,2026-06-01 18:12:06
PAY-20260601-0001023,TRP-20260601-0001023,18.37,mada,settled,2026-06-01 21:03:16
PAY-20260601-0001024,TRP-20260601-0001024,54.77,credit_card,settled,2026-06-01 22:22:22
PAY-20260601-0001025,TRP-20260601-0001025,51.40,credit_card,settled,2026-06-01 21:48:41
PAY-20260601-0001026,TRP-20260601-0001026,49.51,mada,failed,2026-06-02 03:23:50
PAY-20260601-0001027,TRP-20260601-0001027,25.75,mada,pending,2026-06-01 16:35:25
PAY-20260601-0001029,TRP-20260601-0001029,86.28,mada,settled,2026-06-01 08:17:08
PAY-20260601-0001030,TRP-20260601-0001030,22.16,stc_pay,settled,2026-06-01 04:59:47
PAY-20260601-0001031,TRP-20260601-0001031,28.38,mada,settled,2026-06-02 09:03:45
PAY-20260601-0001032,TRP-20260601-0001032,31.69,mada,settled,2026-06-01 11:11:18
PAY-20260601-0001033,TRP-20260601-0001033,22.24,mada,pending,2026-06-01 09:02:05
PAY-20260601-0001035,TRP-20260601-0001035,45.77,credit_card,settled,2026-06-02 00:24:12
PAY-20260601-0001036,TRP-20260601-0001036,49.52,mada,settled,2026-06-02 03:20:51
PAY-20260601-0001037,TRP-20260601-0001037,73.74,stc_pay,settled,2026-06-02 03:51:42
PAY-20260601-0001038,TRP-20260601-0001038,57.97,cash,settled,2026-06-01 04:38:02
PAY-20260601-0001040,TRP-20260601-0001040,6.00,stc_pay,settled,2026-06-01 18:30:01
PAY-20260601-0001041,TRP-20260601-0001041,46.46,credit_card,settled,2026-06-01 13:40:31
PAY-20260601-0001042,TRP-20260601-0001042,55.93,credit_card,settled,2026-06-02 14:38:50
PAY-20260601-0001043,TRP-20260601-0001043,19.30,apple_pay,settled,2026-06-01 20:35:24
PAY-20260601-0001045,TRP-20260601-0001045,29.15,apple_pay,pending,2026-06-01 05:47:38
PAY-20260601-0001046,TRP-20260601-0001046,60.57,cash,settled,2026-06-01 16:24:42
PAY-20260601-0001047,TRP-20260601-0001047,92.79,credit_card,settled,2026-06-01 14:32:50
PAY-20260601-0001048,TRP-20260601-0001048,29.14,mada,settled,2026-06-02 04:50:34
PAY-20260601-0001049,TRP-20260601-0001049,33.32,apple_pay,settled,2026-06-02 08:52:28
PAY-20260601-0001050,TRP-20260601-0001050,35.24,cash,settled,2026-06-01 13:10:50
PAY-20260601-0001051,TRP-20260601-0001051,36.28,credit_card,pending,2026-06-01 08:44:31
PAY-20260601-0001052,TRP-20260601-0001052,10.00,mada,settled,2026-06-01 08:43:03
PAY-20260601-0001053,TRP-20260601-0001053,22.51,cash,settled,2026-06-01 17:35:45
PAY-20260601-0001054,TRP-20260601-0001054,25.14,stc_pay,settled,2026-06-01 10:10:02
PAY-20260601-0001055,TRP-20260601-0001055,41.03,cash,settled,2026-06-01 04:41:56
PAY-20260601-0001056,TRP-20260601-0001056,17.29,mada,settled,2026-06-01 12:05:14
PAY-20260601-0001057,TRP-20260601-0001057,11.00,apple_pay,settled,2026-06-01 11:41:27
PAY-20260601-0001058,TRP-20260601-0001058,51.84,stc_pay,settled,2026-06-01 14:56:36
PAY-20260601-0001059,TRP-20260601-0001059,59.82,mada,settled,2026-06-01 15:54:19
PAY-20260601-0001060,TRP-20260601-0001060,31.48,credit_card,settled,2026-06-01 14:40:42
PAY-20260601-0001061,TRP-20260601-0001061,42.36,mada,settled,2026-06-01 23:08:37
PAY-20260601-0001062,TRP-20260601-0001062,30.88,mada,settled,2026-06-02 08:11:36
PAY-20260601-0001064,TRP-20260601-0001064,36.39,stc_pay,settled,2026-06-01 18:44:55
PAY-20260601-0001065,TRP-20260601-0001065,157.16,stc_pay,settled,2026-06-01 19:08:19
PAY-20260601-0001066,TRP-20260601-0001066,42.52,mada,settled,2026-06-01 08:58:10
PAY-20260601-0001067,TRP-20260601-0001067,17.03,apple_pay,settled,2026-06-01 19:06:51
PAY-20260601-0001068,TRP-20260601-0001068,21.97,mada,settled,2026-06-01 09:53:57
PAY-20260601-0001069,TRP-20260601-0001069,25.75,credit_card,settled,2026-06-01 14:50:39
PAY-20260601-0001070,TRP-20260601-0001070,44.16,credit_card,settled,2026-06-01 16:12:29
PAY-20260601-0001071,TRP-20260601-0001071,15.75,apple_pay,settled,2026-06-01 17:31:36
PAY-20260601-0001072,TRP-20260601-0001072,46.02,apple_pay,settled,2026-06-01 16:13:00
PAY-20260601-0001073,TRP-20260601-0001073,14.67,mada,settled,2026-06-01 04:26:55
PAY-20260601-0001074,TRP-20260601-0001074,22.35,mada,settled,2026-06-01 23:28:54
PAY-20260601-0001075,TRP-20260601-0001075,20.95,stc_pay,settled,2026-06-01 19:32:55
PAY-20260601-0001076,TRP-20260601-0001076,13.99,cash,settled,2026-06-01 16:00:17
PAY-20260601-0001077,TRP-20260601-0001077,11.00,wallet,settled,2026-06-01 19:40:38
PAY-20260601-0001078,TRP-20260601-0001078,32.15,mada,settled,2026-06-01 19:38:14
PAY-20260601-0001079,TRP-20260601-0001079,25.44,apple_pay,settled,2026-06-02 03:46:42
PAY-20260601-0001080,TRP-20260601-0001080,19.12,mada,settled,2026-06-01 15:14:42
PAY-20260601-0001081,TRP-20260601-0001081,78.59,mada,settled,2026-06-01 05:17:58
PAY-20260601-0001082,TRP-20260601-0001082,34.76,mada,settled,2026-06-01 19:31:25
PAY-20260601-0001083,TRP-20260601-0001083,29.87,credit_card,settled,2026-06-01 21:51:19
PAY-20260601-0001084,TRP-20260601-0001084,76.91,credit_card,settled,2026-06-01 21:25:07
PAY-20260601-0001085,TRP-20260601-0001085,31.11,credit_card,settled,2026-06-01 21:58:15
PAY-20260601-0001086,TRP-20260601-0001086,21.41,mada,settled,2026-06-02 12:23:25
PAY-20260601-0001087,TRP-20260601-0001087,22.21,mada,settled,2026-06-01 10:36:17
PAY-20260601-0001088,TRP-20260601-0001088,18.55,mada,settled,2026-06-02 14:00:40
PAY-20260601-0001089,TRP-20260601-0001089,10.00,mada,settled,2026-06-01 22:13:35
PAY-20260601-0001090,TRP-20260601-0001090,116.59,mada,settled,2026-06-02 10:14:02
PAY-20260601-0001091,TRP-20260601-0001091,35.76,mada,settled,2026-06-01 12:05:38
PAY-20260601-0001092,TRP-20260601-0001092,6.00,stc_pay,settled,2026-06-01 08:34:47
PAY-20260601-0001093,TRP-20260601-0001093,29.71,stc_pay,settled,2026-06-01 16:16:44
PAY-20260601-0001094,TRP-20260601-0001094,25.41,mada,settled,2026-06-01 17:49:23
PAY-20260601-0001095,TRP-20260601-0001095,44.11,mada,settled,2026-06-01 19:17:50
PAY-20260601-0001096,TRP-20260601-0001096,57.58,mada,settled,2026-06-01 18:44:49
PAY-20260601-0001097,TRP-20260601-0001097,31.60,credit_card,settled,2026-06-01 19:30:44
PAY-20260601-0001098,TRP-20260601-0001098,35.35,mada,settled,2026-06-02 02:44:45
PAY-20260601-0001099,TRP-20260601-0001099,47.86,mada,settled,2026-06-01 05:25:06
PAY-20260601-0001100,TRP-20260601-0001100,39.39,credit_card,settled,2026-06-01 20:32:43
PAY-20260601-0001101,TRP-20260601-0001101,14.81,cash,settled,2026-06-01 12:22:02
PAY-20260601-0001102,TRP-20260601-0001102,10.00,mada,settled,2026-06-01 18:30:53
PAY-20260601-0001103,TRP-20260601-0001103,18.74,credit_card,failed,2026-06-01 12:55:29
PAY-20260601-0001104,TRP-20260601-0001104,60.80,apple_pay,settled,2026-06-01 15:29:46
PAY-20260601-0001105,TRP-20260601-0001105,59.11,mada,settled,2026-06-02 15:32:59
PAY-20260601-0001106,TRP-20260601-0001106,25.02,credit_card,settled,2026-06-01 00:05:27
PAY-20260601-0001107,TRP-20260601-0001107,31.32,wallet,settled,2026-06-01 18:03:32
PAY-20260601-0001108,TRP-20260601-0001108,14.45,credit_card,settled,2026-06-01 19:49:16
PAY-20260601-0001109,TRP-20260601-0001109,23.46,credit_card,settled,2026-06-01 07:16:40
PAY-20260601-0001110,TRP-20260601-0001110,21.44,mada,settled,2026-06-02 09:16:07
PAY-20260601-0001112,TRP-20260601-0001112,29.03,cash,settled,2026-06-01 17:39:15
PAY-20260601-0001113,TRP-20260601-0001113,18.95,mada,settled,2026-06-01 14:02:21
PAY-20260601-0001114,TRP-20260601-0001114,17.92,mada,settled,2026-06-01 20:37:25
PAY-20260601-0001115,TRP-20260601-0001115,62.13,credit_card,settled,2026-06-01 17:29:18
PAY-20260601-0001116,TRP-20260601-0001116,63.25,cash,settled,2026-06-01 18:45:49
PAY-20260601-0001117,TRP-20260601-0001117,12.00,mada,settled,2026-06-01 18:17:06
PAY-20260601-0001118,TRP-20260601-0001118,62.05,apple_pay,settled,2026-06-01 14:45:27
PAY-20260601-0001119,TRP-20260601-0001119,85.20,mada,refunded,2026-06-01 17:43:44
PAY-20260601-0001120,TRP-20260601-0001120,66.35,credit_card,pending,2026-06-02 03:30:06
PAY-20260601-0001121,TRP-20260601-0001121,110.55,credit_card,settled,2026-06-01 17:12:56
PAY-20260601-0001122,TRP-20260601-0001122,13.88,credit_card,settled,2026-06-01 20:34:41
PAY-20260601-0001123,TRP-20260601-0001123,17.98,credit_card,settled,2026-06-01 13:00:46
PAY-20260601-0001124,TRP-20260601-0001124,115.22,cash,settled,2026-06-01 16:39:01
PAY-20260601-0001125,TRP-20260601-0001125,30.19,stc_pay,settled,2026-06-01 03:49:37
PAY-20260601-0001126,TRP-20260601-0001126,65.70,credit_card,settled,2026-06-02 11:26:43
PAY-20260601-0001127,TRP-20260601-0001127,31.96,credit_card,settled,2026-06-01 07:09:22
PAY-20260601-0001128,TRP-20260601-0001128,114.01,apple_pay,settled,2026-06-01 09:08:57
PAY-20260601-0001129,TRP-20260601-0001129,79.56,mada,settled,2026-06-01 19:14:22
PAY-20260601-0001130,TRP-20260601-0001130,51.27,credit_card,settled,2026-06-01 08:53:06
PAY-20260601-0001131,TRP-20260601-0001131,30.21,mada,settled,2026-06-01 19:41:41
PAY-20260601-0001132,TRP-20260601-0001132,46.35,stc_pay,settled,2026-06-01 06:57:21
PAY-20260601-0001133,TRP-20260601-0001133,52.40,wallet,settled,2026-06-01 15:34:33
PAY-20260601-0001134,TRP-20260601-0001134,139.30,credit_card,settled,2026-06-02 08:42:10
PAY-20260601-0001135,TRP-20260601-0001135,92.83,mada,settled,2026-06-02 08:48:51
PAY-20260601-0001136,TRP-20260601-0001136,68.95,mada,settled,2026-06-02 12:55:14
PAY-20260601-0001137,TRP-20260601-0001137,54.10,cash,settled,2026-06-01 05:35:46
PAY-20260601-0001138,TRP-20260601-0001138,30.91,mada,settled,2026-06-01 15:46:48
PAY-20260601-0001139,TRP-20260601-0001139,37.80,cash,settled,2026-06-01 15:42:49
PAY-20260601-0001140,TRP-20260601-0001140,12.59,mada,settled,2026-06-01 08:41:42
PAY-20260601-0001141,TRP-20260601-0001141,15.48,mada,settled,2026-06-01 05:26:51
PAY-20260601-0001142,TRP-20260601-0001142,25.06,wallet,settled,2026-06-01 07:42:35
PAY-20260601-0001143,TRP-20260601-0001143,61.29,mada,settled,2026-06-01 19:04:08
PAY-20260601-0001144,TRP-20260601-0001144,31.27,apple_pay,settled,2026-06-01 12:48:08
PAY-20260601-0001145,TRP-20260601-0001145,39.89,stc_pay,settled,2026-06-01 04:56:17
PAY-20260601-0001146,TRP-20260601-0001146,16.24,stc_pay,settled,2026-06-01 18:49:02
PAY-20260601-0001147,TRP-20260601-0001147,95.77,apple_pay,settled,2026-06-02 04:44:35
PAY-20260601-0001148,TRP-20260601-0001148,18.24,mada,settled,2026-06-02 08:18:44
PAY-20260601-0001149,TRP-20260601-0001149,38.14,mada,settled,2026-06-01 16:39:42
PAY-20260601-0001150,TRP-20260601-0001150,99.57,cash,settled,2026-06-01 16:31:01
PAY-20260601-0001151,TRP-20260601-0001151,23.99,mada,pending,2026-06-01 16:16:09
PAY-20260601-0001152,TRP-20260601-0001152,10.00,stc_pay,settled,2026-06-01 12:16:07
PAY-20260601-0001154,TRP-20260601-0001154,30.49,credit_card,settled,2026-06-01 06:03:35
PAY-20260601-0001155,TRP-20260601-0001155,35.56,mada,settled,2026-06-01 17:40:39
PAY-20260601-0001156,TRP-20260601-0001156,41.34,mada,settled,2026-06-01 15:22:30
PAY-20260601-0001157,TRP-20260601-0001157,15.84,mada,settled,2026-06-01 12:08:19
PAY-20260601-0001158,TRP-20260601-0001158,18.04,stc_pay,settled,2026-06-01 17:45:12
PAY-20260601-0001159,TRP-20260601-0001159,29.30,stc_pay,settled,2026-06-01 17:46:07
PAY-20260601-0001160,TRP-20260601-0001160,12.05,mada,settled,2026-06-01 05:46:24
PAY-20260601-0001161,TRP-20260601-0001161,17.50,stc_pay,settled,2026-06-01 02:52:25
PAY-20260601-0001162,TRP-20260601-0001162,13.91,mada,settled,2026-06-02 04:22:26
PAY-20260601-0001163,TRP-20260601-0001163,16.12,mada,pending,2026-06-01 20:33:50
PAY-20260601-0001164,TRP-20260601-0001164,50.75,mada,settled,2026-06-01 09:02:16
PAY-20260601-0001165,TRP-20260601-0001165,16.84,cash,settled,2026-06-01 10:37:38
PAY-20260601-0001166,TRP-20260601-0001166,87.80,mada,settled,2026-06-01 16:02:42
PAY-20260601-0001167,TRP-20260601-0001167,60.03,mada,failed,2026-06-01 06:27:45
PAY-20260601-0001169,TRP-20260601-0001169,17.11,credit_card,settled,2026-06-01 20:10:28
PAY-20260601-0001170,TRP-20260601-0001170,16.65,mada,pending,2026-06-01 11:19:26
PAY-20260601-0001171,TRP-20260601-0001171,32.05,credit_card,settled,2026-06-01 15:59:07
PAY-20260601-0001172,TRP-20260601-0001172,8.00,credit_card,settled,2026-06-01 09:49:33
PAY-20260601-0001173,TRP-20260601-0001173,64.82,mada,settled,2026-06-02 21:17:16
PAY-20260601-0001174,TRP-20260601-0001174,69.18,cash,settled,2026-06-01 05:56:53
PAY-20260601-0001175,TRP-20260601-0001175,84.90,mada,settled,2026-06-01 16:20:02
PAY-20260601-0001176,TRP-20260601-0001176,11.27,mada,settled,2026-06-01 18:48:48
PAY-20260601-0001177,TRP-20260601-0001177,12.59,mada,settled,2026-06-01 07:44:23
PAY-20260601-0001178,TRP-20260601-0001178,32.87,credit_card,settled,2026-06-02 06:26:56
PAY-20260601-0001179,TRP-20260601-0001179,25.50,apple_pay,settled,2026-06-01 09:23:21
PAY-20260601-0001180,TRP-20260601-0001180,52.47,mada,settled,2026-06-01 06:58:48
PAY-20260601-0001181,TRP-20260601-0001181,12.74,mada,settled,2026-06-01 20:33:28
PAY-20260601-0001182,TRP-20260601-0001182,52.82,credit_card,settled,2026-06-01 13:42:30
PAY-20260601-0001183,TRP-20260601-0001183,25.72,wallet,settled,2026-06-01 04:48:03
PAY-20260601-0001184,TRP-20260601-0001184,24.57,credit_card,settled,2026-06-01 07:03:13
PAY-20260601-0001185,TRP-20260601-0001185,15.13,mada,settled,2026-06-01 17:57:56
PAY-20260601-0001186,TRP-20260601-0001186,13.59,wallet,settled,2026-06-01 18:43:26
PAY-20260601-0001187,TRP-20260601-0001187,12.00,credit_card,settled,2026-06-01 23:03:40
PAY-20260601-0001188,TRP-20260601-0001188,20.78,mada,settled,2026-06-01 16:53:20
PAY-20260601-0001189,TRP-20260601-0001189,104.11,mada,settled,2026-06-01 12:54:43
PAY-20260601-0001190,TRP-20260601-0001190,48.80,apple_pay,settled,2026-06-01 18:04:53
PAY-20260601-0001191,TRP-20260601-0001191,16.90,credit_card,settled,2026-06-01 18:08:49
PAY-20260601-0001193,TRP-20260601-0001193,27.97,mada,settled,2026-06-01 19:45:32
PAY-20260601-0001194,TRP-20260601-0001194,61.69,wallet,settled,2026-06-01 16:43:58
PAY-20260601-0001195,TRP-20260601-0001195,60.46,mada,settled,2026-06-02 04:32:46
PAY-20260601-0001196,TRP-20260601-0001196,82.07,credit_card,settled,2026-06-01 16:50:00
PAY-20260601-0001197,TRP-20260601-0001197,29.46,mada,settled,2026-06-01 11:25:06
PAY-20260601-0001198,TRP-20260601-0001198,119.62,mada,settled,2026-06-01 18:46:14
PAY-20260601-0001199,TRP-20260601-0001199,14.66,mada,settled,2026-06-02 13:24:10
PAY-20260601-0001200,TRP-20260601-0001200,46.25,mada,settled,2026-06-01 14:47:07
PAY-20260601-0001201,TRP-20260601-0001201,55.62,apple_pay,settled,2026-06-02 01:40:45
PAY-20260601-0001202,TRP-20260601-0001202,38.26,mada,settled,2026-06-01 15:34:22
PAY-20260601-0001203,TRP-20260601-0001203,50.03,apple_pay,settled,2026-06-01 14:34:07
PAY-20260601-0001204,TRP-20260601-0001204,36.17,credit_card,settled,2026-06-01 11:44:20
PAY-20260601-0001205,TRP-20260601-0001205,8.00,apple_pay,settled,2026-06-01 05:58:27
PAY-20260601-0001206,TRP-20260601-0001206,23.99,apple_pay,pending,2026-06-01 07:16:41
PAY-20260601-0001207,TRP-20260601-0001207,27.67,credit_card,refunded,2026-06-01 12:28:16
PAY-20260601-0001208,TRP-20260601-0001208,11.57,cash,settled,2026-06-01 09:28:52
PAY-20260601-0001209,TRP-20260601-0001209,56.95,mada,settled,2026-06-01 21:06:06
PAY-20260601-0001210,TRP-20260601-0001210,27.73,credit_card,settled,2026-06-01 16:17:44
PAY-20260601-0001211,TRP-20260601-0001211,28.31,credit_card,settled,2026-06-01 18:08:46
PAY-20260601-0001212,TRP-20260601-0001212,12.74,mada,settled,2026-06-02 09:28:46
PAY-20260601-0001213,TRP-20260601-0001213,32.40,cash,settled,2026-06-01 09:41:23
PAY-20260601-0001214,TRP-20260601-0001214,14.66,apple_pay,settled,2026-06-01 12:40:04
PAY-20260601-0001215,TRP-20260601-0001215,28.11,stc_pay,settled,2026-06-02 01:08:55
PAY-20260601-0001216,TRP-20260601-0001216,60.34,credit_card,settled,2026-06-01 05:41:19
PAY-20260601-0001217,TRP-20260601-0001217,25.15,stc_pay,pending,2026-06-01 21:45:29
PAY-20260601-0001218,TRP-20260601-0001218,22.11,cash,settled,2026-06-01 16:24:44
PAY-20260601-0001219,TRP-20260601-0001219,27.78,cash,settled,2026-06-01 09:56:01
PAY-20260601-0001220,TRP-20260601-0001220,17.39,mada,settled,2026-06-01 18:32:02
PAY-20260601-0001221,TRP-20260601-0001221,27.60,stc_pay,settled,2026-06-01 09:18:31
PAY-20260601-0001222,TRP-20260601-0001222,23.51,mada,settled,2026-06-02 02:43:55
PAY-20260601-0001223,TRP-20260601-0001223,40.03,stc_pay,settled,2026-06-02 05:41:46
PAY-20260601-0001224,TRP-20260601-0001224,29.91,cash,settled,2026-06-01 12:38:11
PAY-20260601-0001225,TRP-20260601-0001225,39.36,mada,settled,2026-06-01 13:12:45
PAY-20260601-0001226,TRP-20260601-0001226,37.73,mada,settled,2026-06-02 11:28:49
PAY-20260601-0001227,TRP-20260601-0001227,64.33,mada,pending,2026-06-01 19:14:36
PAY-20260601-0001228,TRP-20260601-0001228,86.41,credit_card,refunded,2026-06-01 15:11:52
PAY-20260601-0001229,TRP-20260601-0001229,27.21,credit_card,settled,2026-06-01 05:46:39
PAY-20260601-0001230,TRP-20260601-0001230,12.58,stc_pay,pending,2026-06-01 10:53:10
PAY-20260601-0001231,TRP-20260601-0001231,42.97,mada,settled,2026-06-01 06:07:42
PAY-20260601-0001232,TRP-20260601-0001232,86.23,mada,settled,2026-06-01 18:32:08
PAY-20260601-0001233,TRP-20260601-0001233,14.51,wallet,settled,2026-06-01 06:52:51
PAY-20260601-0001234,TRP-20260601-0001234,28.03,mada,settled,2026-06-01 05:45:45
PAY-20260601-0001235,TRP-20260601-0001235,44.10,apple_pay,failed,2026-06-01 22:58:07
PAY-20260601-0001236,TRP-20260601-0001236,21.51,wallet,settled,2026-06-01 17:57:17
PAY-20260601-0001237,TRP-20260601-0001237,146.80,apple_pay,settled,2026-06-01 08:53:27
PAY-20260601-0001238,TRP-20260601-0001238,21.65,apple_pay,pending,2026-06-01 18:21:09
PAY-20260601-0001239,TRP-20260601-0001239,62.43,mada,settled,2026-06-01 16:30:20
PAY-20260601-0001240,TRP-20260601-0001240,26.68,apple_pay,settled,2026-06-02 05:13:03
PAY-20260601-0001241,TRP-20260601-0001241,20.12,credit_card,pending,2026-06-02 03:46:10
PAY-20260601-0001242,TRP-20260601-0001242,51.64,stc_pay,settled,2026-06-01 17:03:31
PAY-20260601-0001244,TRP-20260601-0001244,55.86,wallet,settled,2026-06-01 12:00:09
PAY-20260601-0001245,TRP-20260601-0001245,41.00,wallet,failed,2026-06-01 14:04:05
PAY-20260601-0001246,TRP-20260601-0001246,74.28,credit_card,settled,2026-06-01 18:44:50
PAY-20260601-0001247,TRP-20260601-0001247,12.00,credit_card,settled,2026-06-01 07:34:05
PAY-20260601-0001248,TRP-20260601-0001248,17.37,mada,settled,2026-06-01 15:54:20
PAY-20260601-0001249,TRP-20260601-0001249,18.44,mada,settled,2026-06-01 20:03:58
PAY-20260601-0001250,TRP-20260601-0001250,12.00,apple_pay,settled,2026-06-01 21:05:29
PAY-20260601-0001251,TRP-20260601-0001251,37.11,wallet,settled,2026-06-01 19:34:11
PAY-20260601-0001252,TRP-20260601-0001252,16.66,mada,settled,2026-06-01 08:27:53
PAY-20260601-0001253,TRP-20260601-0001253,25.55,credit_card,pending,2026-06-01 07:12:43
PAY-20260601-0001254,TRP-20260601-0001254,79.82,apple_pay,settled,2026-06-01 16:21:31
PAY-20260601-0001255,TRP-20260601-0001255,29.06,apple_pay,settled,2026-06-01 18:28:58
PAY-20260601-0001256,TRP-20260601-0001256,32.95,stc_pay,settled,2026-06-02 05:56:39
PAY-20260601-0001257,TRP-20260601-0001257,13.14,mada,settled,2026-06-01 19:24:23
PAY-20260601-0001258,TRP-20260601-0001258,44.28,mada,settled,2026-06-01 16:18:54
PAY-20260601-0001259,TRP-20260601-0001259,82.95,stc_pay,settled,2026-06-01 19:13:32
PAY-20260601-0001260,TRP-20260601-0001260,67.08,stc_pay,settled,2026-06-02 12:05:35
PAY-20260601-0001261,TRP-20260601-0001261,8.00,mada,settled,2026-06-01 08:59:01
PAY-20260601-0001262,TRP-20260601-0001262,35.95,apple_pay,settled,2026-06-01 16:39:46
PAY-20260601-0001263,TRP-20260601-0001263,10.61,wallet,settled,2026-06-02 11:26:06
PAY-20260601-0001264,TRP-20260601-0001264,29.85,credit_card,settled,2026-06-01 06:57:35
PAY-20260601-0001265,TRP-20260601-0001265,17.56,mada,pending,2026-06-02 05:36:42
PAY-20260601-0001267,TRP-20260601-0001267,21.11,stc_pay,settled,2026-06-01 14:37:42
PAY-20260601-0001268,TRP-20260601-0001268,38.92,apple_pay,settled,2026-06-01 21:02:27
PAY-20260601-0001269,TRP-20260601-0001269,56.59,stc_pay,settled,2026-06-01 15:36:02
PAY-20260601-0001270,TRP-20260601-0001270,21.07,credit_card,pending,2026-05-31 22:04:00
PAY-20260601-0001271,TRP-20260601-0001271,57.01,mada,refunded,2026-06-01 19:38:43
PAY-20260601-0001272,TRP-20260601-0001272,25.64,credit_card,failed,2026-06-02 09:16:19
PAY-20260601-0001273,TRP-20260601-0001273,39.39,mada,settled,2026-06-01 10:16:15
PAY-20260601-0001274,TRP-20260601-0001274,14.47,credit_card,settled,2026-06-02 09:32:57
PAY-20260601-0001275,TRP-20260601-0001275,24.01,cash,settled,2026-06-01 09:30:07
PAY-20260601-0001276,TRP-20260601-0001276,16.63,cash,settled,2026-06-01 09:28:18
PAY-20260601-0001277,TRP-20260601-0001277,54.41,cash,settled,2026-06-01 15:51:48
PAY-20260601-0001278,TRP-20260601-0001278,32.92,apple_pay,settled,2026-06-01 14:58:11
PAY-20260601-0001279,TRP-20260601-0001279,61.87,mada,settled,2026-06-02 03:51:06
PAY-20260601-0001280,TRP-20260601-0001280,18.19,mada,settled,2026-06-01 08:55:22
PAY-20260601-0001281,TRP-20260601-0001281,19.75,mada,settled,2026-06-01 18:42:44
PAY-20260601-0001282,TRP-20260601-0001282,14.44,credit_card,settled,2026-06-01 18:44:43
PAY-20260601-0001283,TRP-20260601-0001283,14.64,cash,settled,2026-06-01 17:33:57
PAY-20260601-0001284,TRP-20260601-0001284,53.00,wallet,settled,2026-06-01 09:49:25
PAY-20260601-0001285,TRP-20260601-0001285,22.03,mada,settled,2026-06-02 00:40:48
PAY-20260601-0001286,TRP-20260601-0001286,31.61,mada,settled,2026-06-01 21:50:46
PAY-20260601-0001287,TRP-20260601-0001287,71.81,mada,settled,2026-06-01 20:04:17
PAY-20260601-0001288,TRP-20260601-0001288,85.08,mada,settled,2026-06-01 12:27:59
PAY-20260601-0001289,TRP-20260601-0001289,22.63,apple_pay,settled,2026-06-01 14:58:05
PAY-20260601-0001290,TRP-20260601-0001290,41.59,stc_pay,settled,2026-06-01 08:20:22
PAY-20260601-0001291,TRP-20260601-0001291,104.72,mada,settled,2026-06-01 15:27:23
PAY-20260601-0001292,TRP-20260601-0001292,21.89,stc_pay,settled,2026-06-01 20:08:14
PAY-20260601-0001293,TRP-20260601-0001293,15.72,mada,settled,2026-06-01 20:40:06
PAY-20260601-0001294,TRP-20260601-0001294,211.71,mada,settled,2026-06-01 17:24:46
PAY-20260601-0001295,TRP-20260601-0001295,12.00,cash,settled,2026-06-01 07:51:48
PAY-20260601-0001296,TRP-20260601-0001296,48.61,cash,settled,2026-06-01 19:22:24
PAY-20260601-0001297,TRP-20260601-0001297,26.84,stc_pay,settled,2026-06-02 01:40:03
PAY-20260601-0001298,TRP-20260601-0001298,49.33,mada,settled,2026-06-01 21:57:57
PAY-20260601-0001299,TRP-20260601-0001299,13.73,cash,settled,2026-06-01 08:23:07
PAY-20260601-0001300,TRP-20260601-0001300,6.00,mada,settled,2026-06-01 16:57:47
PAY-20260601-0001301,TRP-20260601-0001301,27.23,credit_card,settled,2026-06-02 04:20:51
PAY-20260601-0001302,TRP-20260601-0001302,30.57,mada,settled,2026-06-01 06:52:56
PAY-20260601-0001303,TRP-20260601-0001303,119.11,apple_pay,settled,2026-06-02 11:09:20
PAY-20260601-0001304,TRP-20260601-0001304,22.96,mada,settled,2026-06-01 15:25:14
PAY-20260601-0001305,TRP-20260601-0001305,10.00,cash,settled,2026-06-01 05:44:55
PAY-20260601-0001306,TRP-20260601-0001306,81.46,cash,settled,2026-06-01 09:07:24
PAY-20260601-0001307,TRP-20260601-0001307,26.84,stc_pay,settled,2026-06-02 00:25:07
PAY-20260601-0001308,TRP-20260601-0001308,27.00,mada,settled,2026-06-01 16:21:31
PAY-20260601-0001309,TRP-20260601-0001309,48.84,stc_pay,settled,2026-06-01 22:25:36
PAY-20260601-0001310,TRP-20260601-0001310,12.64,mada,settled,2026-06-01 15:15:44
PAY-20260601-0001311,TRP-20260601-0001311,30.88,credit_card,settled,2026-06-01 16:26:37
PAY-20260601-0001312,TRP-20260601-0001312,18.45,mada,settled,2026-06-01 06:03:40
PAY-20260601-0001313,TRP-20260601-0001313,26.97,credit_card,settled,2026-06-02 03:04:03
PAY-20260601-0001314,TRP-20260601-0001314,13.89,mada,pending,2026-06-01 10:42:52
PAY-20260601-0001315,TRP-20260601-0001315,34.81,credit_card,settled,2026-06-01 20:00:00
PAY-20260601-0001316,TRP-20260601-0001316,25.68,credit_card,settled,2026-06-01 17:18:01
PAY-20260601-0001317,TRP-20260601-0001317,24.18,apple_pay,settled,2026-06-01 10:35:50
PAY-20260601-0001318,TRP-20260601-0001318,10.00,apple_pay,settled,2026-06-01 09:17:12
PAY-20260601-0001319,TRP-20260601-0001319,21.55,mada,settled,2026-06-01 21:22:24
PAY-20260601-0001320,TRP-20260601-0001320,21.90,credit_card,settled,2026-06-01 07:10:53
PAY-20260601-0001321,TRP-20260601-0001321,26.06,stc_pay,settled,2026-06-01 17:55:21
PAY-20260601-0001322,TRP-20260601-0001322,17.18,stc_pay,settled,2026-06-02 10:27:49
PAY-20260601-0001323,TRP-20260601-0001323,32.23,wallet,settled,2026-06-01 15:46:33
PAY-20260601-0001324,TRP-20260601-0001324,50.31,cash,settled,2026-06-01 07:27:06
PAY-20260601-0001325,TRP-20260601-0001325,18.47,cash,settled,2026-06-01 13:20:08
PAY-20260601-0001326,TRP-20260601-0001326,20.27,mada,settled,2026-06-01 21:07:27
PAY-20260601-0001327,TRP-20260601-0001327,11.80,mada,settled,2026-05-31 21:18:13
PAY-20260601-0001328,TRP-20260601-0001328,31.76,mada,settled,2026-06-01 15:42:22
PAY-20260601-0001329,TRP-20260601-0001329,68.09,mada,settled,2026-06-01 20:12:55
PAY-20260601-0001330,TRP-20260601-0001330,86.96,wallet,settled,2026-06-01 19:32:17
PAY-20260601-0001331,TRP-20260601-0001331,22.25,mada,settled,2026-06-01 16:09:09
PAY-20260601-0001332,TRP-20260601-0001332,58.98,credit_card,settled,2026-06-01 22:55:05
PAY-20260601-0001333,TRP-20260601-0001333,53.67,credit_card,failed,2026-06-01 14:20:05
PAY-20260601-0001334,TRP-20260601-0001334,16.23,mada,settled,2026-06-01 19:32:18
PAY-20260601-0001335,TRP-20260601-0001335,67.95,stc_pay,settled,2026-06-01 10:29:28
PAY-20260601-0001336,TRP-20260601-0001336,100.30,mada,settled,2026-06-01 14:43:13
PAY-20260601-0001337,TRP-20260601-0001337,46.63,mada,pending,2026-06-01 05:35:00
PAY-20260601-0001338,TRP-20260601-0001338,70.24,mada,settled,2026-06-01 07:30:17
PAY-20260601-0001339,TRP-20260601-0001339,28.56,cash,settled,2026-06-01 15:59:59
PAY-20260601-0001340,TRP-20260601-0001340,38.19,stc_pay,settled,2026-06-01 17:31:50
PAY-20260601-0001341,TRP-20260601-0001341,23.81,mada,settled,2026-06-01 16:28:04
PAY-20260601-0001342,TRP-20260601-0001342,86.95,mada,settled,2026-06-01 16:08:43
PAY-20260601-0001343,TRP-20260601-0001343,56.14,apple_pay,settled,2026-06-01 05:20:56
PAY-20260601-0001344,TRP-20260601-0001344,6.00,credit_card,settled,2026-06-01 12:37:16
PAY-20260601-0001345,TRP-20260601-0001345,17.73,mada,settled,2026-06-01 16:48:56
PAY-20260601-0001346,TRP-20260601-0001346,42.80,mada,settled,2026-06-01 09:45:10
PAY-20260601-0001347,TRP-20260601-0001347,25.58,apple_pay,settled,2026-06-01 10:17:20
PAY-20260601-0001348,TRP-20260601-0001348,10.48,mada,settled,2026-06-01 12:32:17
PAY-20260601-0001349,TRP-20260601-0001349,59.43,mada,settled,2026-06-01 19:50:52
PAY-20260601-0001350,TRP-20260601-0001350,51.47,mada,settled,2026-06-01 09:50:19
PAY-20260601-0001351,TRP-20260601-0001351,39.02,mada,settled,2026-06-01 11:59:32
PAY-20260601-0001352,TRP-20260601-0001352,27.60,credit_card,settled,2026-06-02 04:00:58
PAY-20260601-0001353,TRP-20260601-0001353,54.61,wallet,settled,2026-06-01 04:06:14
PAY-20260601-0001354,TRP-20260601-0001354,15.00,stc_pay,settled,2026-06-01 14:59:04
PAY-20260601-0001355,TRP-20260601-0001355,83.38,mada,settled,2026-06-02 10:55:53
PAY-20260601-0001356,TRP-20260601-0001356,16.50,stc_pay,settled,2026-06-01 15:15:51
PAY-20260601-0001357,TRP-20260601-0001357,21.48,apple_pay,settled,2026-06-01 18:59:49
PAY-20260601-0001358,TRP-20260601-0001358,66.15,mada,settled,2026-06-01 07:00:20
PAY-20260601-0001360,TRP-20260601-0001360,67.80,mada,failed,2026-06-01 13:33:16
PAY-20260601-0001361,TRP-20260601-0001361,18.07,apple_pay,settled,2026-05-31 22:38:02
PAY-20260601-0001362,TRP-20260601-0001362,31.37,wallet,settled,2026-06-02 00:33:28
PAY-20260601-0001363,TRP-20260601-0001363,43.31,apple_pay,settled,2026-06-02 00:27:25
PAY-20260601-0001364,TRP-20260601-0001364,23.59,stc_pay,settled,2026-06-01 10:44:38
PAY-20260601-0001365,TRP-20260601-0001365,6.00,credit_card,settled,2026-06-01 13:46:25
PAY-20260601-0001366,TRP-20260601-0001366,123.03,mada,settled,2026-06-01 10:53:10
PAY-20260601-0001367,TRP-20260601-0001367,106.72,mada,settled,2026-06-02 00:48:06
PAY-20260601-0001368,TRP-20260601-0001368,16.70,apple_pay,settled,2026-06-01 13:21:28
PAY-20260601-0001369,TRP-20260601-0001369,133.23,mada,settled,2026-06-02 14:55:24
PAY-20260601-0001370,TRP-20260601-0001370,44.98,mada,settled,2026-06-01 18:36:08
PAY-20260601-0001371,TRP-20260601-0001371,26.13,mada,settled,2026-06-01 07:05:51
PAY-20260601-0001372,TRP-20260601-0001372,8.00,wallet,pending,2026-06-01 12:21:49
PAY-20260601-0001373,TRP-20260601-0001373,53.38,mada,settled,2026-06-01 15:06:44
PAY-20260601-0001375,TRP-20260601-0001375,25.64,cash,settled,2026-06-01 16:26:12
PAY-20260601-0001376,TRP-20260601-0001376,10.00,mada,settled,2026-06-01 05:42:05
PAY-20260601-0001377,TRP-20260601-0001377,78.39,mada,settled,2026-06-01 18:18:28
PAY-20260601-0001378,TRP-20260601-0001378,144.29,stc_pay,settled,2026-06-02 15:36:13
PAY-20260601-0001379,TRP-20260601-0001379,61.67,apple_pay,settled,2026-06-01 03:56:11
PAY-20260601-0001380,TRP-20260601-0001380,31.38,mada,settled,2026-06-01 21:25:02
PAY-20260601-0001381,TRP-20260601-0001381,64.49,cash,settled,2026-06-01 04:51:06
PAY-20260601-0001382,TRP-20260601-0001382,11.00,cash,settled,2026-06-01 08:58:44
PAY-20260601-0001383,TRP-20260601-0001383,60.70,cash,settled,2026-06-01 16:36:46
PAY-20260601-0001384,TRP-20260601-0001384,22.78,cash,settled,2026-06-01 14:50:47
PAY-20260601-0001385,TRP-20260601-0001385,21.46,cash,settled,2026-06-01 05:53:40
PAY-20260601-0001386,TRP-20260601-0001386,18.90,cash,settled,2026-06-01 06:05:18
PAY-20260601-0001387,TRP-20260601-0001387,43.07,apple_pay,settled,2026-06-01 19:18:51
PAY-20260601-0001388,TRP-20260601-0001388,16.83,mada,settled,2026-05-31 21:20:58
PAY-20260601-0001389,TRP-20260601-0001389,14.91,mada,settled,2026-06-01 04:36:40
PAY-20260601-0001390,TRP-20260601-0001390,18.81,apple_pay,settled,2026-06-01 19:29:23
PAY-20260601-0001391,TRP-20260601-0001391,64.35,mada,settled,2026-06-01 05:43:28
PAY-20260601-0001392,TRP-20260601-0001392,49.28,cash,settled,2026-06-01 07:40:25
PAY-20260601-0001393,TRP-20260601-0001393,25.88,apple_pay,settled,2026-06-01 14:29:45
PAY-20260601-0001394,TRP-20260601-0001394,10.00,stc_pay,settled,2026-06-01 15:57:06
PAY-20260601-0001395,TRP-20260601-0001395,8.00,mada,settled,2026-06-01 18:08:01
PAY-20260601-0001396,TRP-20260601-0001396,17.72,mada,settled,2026-06-01 18:56:22
PAY-20260601-0001397,TRP-20260601-0001397,42.75,credit_card,settled,2026-06-01 16:26:23
PAY-20260601-0001398,TRP-20260601-0001398,46.29,apple_pay,settled,2026-06-01 19:26:43
PAY-20260601-0001399,TRP-20260601-0001399,33.29,stc_pay,settled,2026-06-01 10:08:28
PAY-20260601-0001400,TRP-20260601-0001400,20.58,credit_card,pending,2026-06-01 14:33:03
PAY-20260601-0001401,TRP-20260601-0001401,94.93,stc_pay,settled,2026-06-01 06:00:26
PAY-20260601-0001402,TRP-20260601-0001402,47.48,mada,settled,2026-06-01 16:34:43
PAY-20260601-0001403,TRP-20260601-0001403,33.49,wallet,pending,2026-06-01 18:31:17
PAY-20260601-0001404,TRP-20260601-0001404,12.86,mada,settled,2026-06-01 18:27:40
PAY-20260601-0001405,TRP-20260601-0001405,99.87,apple_pay,settled,2026-06-01 12:00:45
PAY-20260601-0001406,TRP-20260601-0001406,34.30,wallet,settled,2026-06-02 05:06:36
PAY-20260601-0001407,TRP-20260601-0001407,61.43,apple_pay,settled,2026-06-01 05:37:24
PAY-20260601-0001408,TRP-20260601-0001408,37.80,apple_pay,settled,2026-06-01 07:13:45
PAY-20260601-0001409,TRP-20260601-0001409,38.46,mada,settled,2026-06-02 20:03:29
PAY-20260601-0001410,TRP-20260601-0001410,27.10,apple_pay,settled,2026-06-02 08:30:23
PAY-20260601-0001411,TRP-20260601-0001411,12.00,apple_pay,settled,2026-06-01 05:04:52
PAY-20260601-0001413,TRP-20260601-0001413,27.30,cash,settled,2026-06-01 15:03:56
PAY-20260601-0001414,TRP-20260601-0001414,8.00,apple_pay,settled,2026-06-02 06:10:25
PAY-20260601-0001415,TRP-20260601-0001415,110.98,mada,settled,2026-06-02 03:54:32
PAY-20260601-0001416,TRP-20260601-0001416,10.00,cash,settled,2026-06-01 06:30:23
PAY-20260601-0001418,TRP-20260601-0001418,12.00,credit_card,settled,2026-06-02 05:33:35
PAY-20260601-0001419,TRP-20260601-0001419,50.73,credit_card,settled,2026-06-01 20:21:53
PAY-20260601-0001420,TRP-20260601-0001420,16.95,cash,settled,2026-06-01 19:45:21
PAY-20260601-0001421,TRP-20260601-0001421,23.95,cash,settled,2026-06-01 16:48:10
PAY-20260601-0001423,TRP-20260601-0001423,19.93,credit_card,settled,2026-06-01 19:38:31
PAY-20260601-0001424,TRP-20260601-0001424,48.10,stc_pay,settled,2026-06-01 19:45:08
PAY-20260601-0001425,TRP-20260601-0001425,88.26,stc_pay,settled,2026-06-01 17:59:00
PAY-20260601-0001426,TRP-20260601-0001426,18.59,cash,settled,2026-06-01 04:57:37
PAY-20260601-0001427,TRP-20260601-0001427,48.00,credit_card,settled,2026-06-01 11:24:47
PAY-20260601-0001428,TRP-20260601-0001428,83.48,apple_pay,settled,2026-06-01 17:49:15
PAY-20260601-0001430,TRP-20260601-0001430,20.17,cash,settled,2026-05-31 22:44:42
PAY-20260601-0001431,TRP-20260601-0001431,59.70,mada,settled,2026-06-01 19:16:59
PAY-20260601-0001432,TRP-20260601-0001432,30.03,mada,settled,2026-06-01 18:39:33
PAY-20260601-0001433,TRP-20260601-0001433,33.15,cash,settled,2026-06-01 05:28:45
PAY-20260601-0001434,TRP-20260601-0001434,22.39,cash,settled,2026-05-31 21:57:03
PAY-20260601-0001435,TRP-20260601-0001435,56.67,stc_pay,settled,2026-06-01 07:27:28
PAY-20260601-0001436,TRP-20260601-0001436,45.34,apple_pay,settled,2026-06-01 06:59:35
PAY-20260601-0001437,TRP-20260601-0001437,18.42,apple_pay,settled,2026-06-01 19:11:43
PAY-20260601-0001438,TRP-20260601-0001438,15.23,wallet,settled,2026-06-02 10:58:34
PAY-20260601-0001439,TRP-20260601-0001439,38.51,stc_pay,settled,2026-06-02 00:02:55
PAY-20260601-0001440,TRP-20260601-0001440,13.41,mada,settled,2026-06-01 19:18:12
PAY-20260601-0001441,TRP-20260601-0001441,22.31,mada,settled,2026-06-01 21:43:09
PAY-20260601-0001442,TRP-20260601-0001442,26.67,mada,settled,2026-06-02 09:37:49
PAY-20260601-0001443,TRP-20260601-0001443,66.01,cash,settled,2026-06-01 16:57:05
PAY-20260601-0001444,TRP-20260601-0001444,59.09,stc_pay,settled,2026-06-02 03:28:13
PAY-20260601-0001445,TRP-20260601-0001445,49.43,stc_pay,failed,2026-06-01 13:59:29
PAY-20260601-0001446,TRP-20260601-0001446,67.65,mada,settled,2026-06-01 19:38:55
PAY-20260601-0001447,TRP-20260601-0001447,41.95,mada,settled,2026-06-01 18:54:00
PAY-20260601-0001448,TRP-20260601-0001448,81.75,mada,settled,2026-06-02 09:37:54
PAY-20260601-0001449,TRP-20260601-0001449,31.18,apple_pay,settled,2026-06-01 16:49:55
PAY-20260601-0001450,TRP-20260601-0001450,15.98,mada,settled,2026-06-02 17:52:30
PAY-20260601-0001451,TRP-20260601-0001451,11.00,mada,settled,2026-06-01 12:03:48
PAY-20260601-0001452,TRP-20260601-0001452,22.24,mada,settled,2026-06-01 19:08:40
PAY-20260601-0001453,TRP-20260601-0001453,12.00,mada,settled,2026-06-01 13:56:17
PAY-20260601-0001454,TRP-20260601-0001454,26.54,mada,settled,2026-06-01 15:15:46
PAY-20260601-0001455,TRP-20260601-0001455,21.89,wallet,settled,2026-06-02 00:32:48
PAY-20260601-0001456,TRP-20260601-0001456,25.88,stc_pay,settled,2026-06-01 06:04:52
PAY-20260601-0001457,TRP-20260601-0001457,121.24,cash,settled,2026-06-01 17:14:59
PAY-20260601-0001458,TRP-20260601-0001458,41.32,credit_card,settled,2026-06-01 18:23:07
PAY-20260601-0001459,TRP-20260601-0001459,26.21,mada,settled,2026-06-01 07:01:30
PAY-20260601-0001461,TRP-20260601-0001461,54.32,mada,settled,2026-06-01 23:03:51
PAY-20260601-0001462,TRP-20260601-0001462,68.69,stc_pay,settled,2026-06-01 04:50:17
PAY-20260601-0001463,TRP-20260601-0001463,29.71,credit_card,settled,2026-06-01 17:13:04
PAY-20260601-0001464,TRP-20260601-0001464,48.51,credit_card,settled,2026-06-01 04:03:03
PAY-20260601-0001465,TRP-20260601-0001465,38.27,credit_card,settled,2026-06-01 11:01:12
PAY-20260601-0001466,TRP-20260601-0001466,45.26,mada,settled,2026-06-01 16:31:49
PAY-20260601-0001467,TRP-20260601-0001467,22.29,credit_card,settled,2026-06-01 11:25:23
PAY-20260601-0001468,TRP-20260601-0001468,18.25,mada,settled,2026-06-01 07:20:31
PAY-20260601-0001469,TRP-20260601-0001469,37.62,credit_card,settled,2026-06-02 09:40:26
PAY-20260601-0001472,TRP-20260601-0001472,48.11,apple_pay,settled,2026-06-01 20:01:19
PAY-20260601-0001473,TRP-20260601-0001473,13.94,wallet,settled,2026-06-01 22:01:56
PAY-20260601-0001474,TRP-20260601-0001474,6.00,credit_card,settled,2026-06-01 20:48:43
PAY-20260601-0001475,TRP-20260601-0001475,40.51,mada,settled,2026-06-01 17:18:01
PAY-20260601-0001476,TRP-20260601-0001476,42.74,apple_pay,settled,2026-06-01 17:56:59
PAY-20260601-0001477,TRP-20260601-0001477,55.19,mada,settled,2026-06-01 16:26:51
PAY-20260601-0001478,TRP-20260601-0001478,12.68,apple_pay,settled,2026-06-01 00:24:28
PAY-20260601-0001479,TRP-20260601-0001479,35.49,mada,settled,2026-06-01 17:30:26
PAY-20260601-0001480,TRP-20260601-0001480,17.83,apple_pay,settled,2026-06-02 15:48:26
PAY-20260601-0001481,TRP-20260601-0001481,13.53,wallet,settled,2026-06-01 07:28:38
PAY-20260601-0001482,TRP-20260601-0001482,12.59,cash,settled,2026-05-31 22:51:54
PAY-20260601-0001483,TRP-20260601-0001483,84.61,mada,settled,2026-06-02 10:03:18
PAY-20260601-0001484,TRP-20260601-0001484,70.40,wallet,settled,2026-06-02 16:24:53
PAY-20260601-0001485,TRP-20260601-0001485,14.06,cash,settled,2026-06-01 03:44:28
PAY-20260601-0001486,TRP-20260601-0001486,18.55,apple_pay,settled,2026-05-31 22:03:13
PAY-20260601-0001487,TRP-20260601-0001487,41.23,credit_card,settled,2026-06-01 18:04:24
PAY-20260601-0001488,TRP-20260601-0001488,21.05,apple_pay,settled,2026-06-01 09:12:15
PAY-20260601-0001489,TRP-20260601-0001489,23.57,mada,settled,2026-06-01 15:18:14
PAY-20260601-0001490,TRP-20260601-0001490,40.80,mada,settled,2026-06-01 08:09:47
PAY-20260601-0001491,TRP-20260601-0001491,70.59,mada,settled,2026-06-01 15:38:42
PAY-20260601-0001492,TRP-20260601-0001492,22.43,apple_pay,settled,2026-06-02 06:20:44
PAY-20260601-0001493,TRP-20260601-0001493,15.58,apple_pay,settled,2026-06-01 09:21:57
PAY-20260601-0001494,TRP-20260601-0001494,76.78,mada,settled,2026-06-01 21:59:30
PAY-20260601-0001495,TRP-20260601-0001495,90.42,mada,settled,2026-06-01 07:53:43
PAY-20260601-0001496,TRP-20260601-0001496,32.13,stc_pay,settled,2026-06-01 19:02:44
PAY-20260601-0001497,TRP-20260601-0001497,18.96,apple_pay,settled,2026-06-01 22:12:45
PAY-20260601-0001498,TRP-20260601-0001498,35.52,mada,settled,2026-06-02 08:27:54
PAY-20260601-0001499,TRP-20260601-0001499,105.79,stc_pay,settled,2026-05-31 23:40:45
PAY-20260601-0001500,TRP-20260601-0001500,24.01,stc_pay,settled,2026-06-01 15:13:10
PAY-20260601-0001501,TRP-20260601-0001501,18.03,stc_pay,settled,2026-06-01 16:33:01
PAY-20260601-0001502,TRP-20260601-0001502,57.15,mada,settled,2026-06-01 08:23:08
PAY-20260601-0001503,TRP-20260601-0001503,24.58,mada,settled,2026-06-02 17:10:50
PAY-20260601-0001504,TRP-20260601-0001504,102.68,mada,settled,2026-06-02 02:16:24
PAY-20260601-0001505,TRP-20260601-0001505,19.43,mada,settled,2026-06-01 03:03:19
PAY-20260601-0001506,TRP-20260601-0001506,63.90,credit_card,settled,2026-06-01 11:27:02
PAY-20260601-0001507,TRP-20260601-0001507,30.15,credit_card,settled,2026-06-01 09:41:10
PAY-20260601-0001508,TRP-20260601-0001508,43.33,mada,settled,2026-06-01 13:53:26
PAY-20260601-0001509,TRP-20260601-0001509,36.03,mada,settled,2026-06-01 00:13:52
PAY-20260601-0001510,TRP-20260601-0001510,21.68,apple_pay,settled,2026-06-01 13:32:03
PAY-20260601-0001511,TRP-20260601-0001511,64.75,stc_pay,settled,2026-06-01 15:16:19
PAY-20260601-0001512,TRP-20260601-0001512,10.00,mada,settled,2026-06-01 14:02:37
PAY-20260601-0001513,TRP-20260601-0001513,22.71,apple_pay,settled,2026-06-02 15:33:33
PAY-20260601-0001514,TRP-20260601-0001514,61.45,cash,settled,2026-06-01 14:57:24
PAY-20260601-0001515,TRP-20260601-0001515,45.16,credit_card,settled,2026-06-01 17:43:03
PAY-20260601-0001516,TRP-20260601-0001516,28.88,mada,settled,2026-06-01 22:45:28
PAY-20260601-0001517,TRP-20260601-0001517,28.77,cash,settled,2026-06-01 05:50:36
PAY-20260601-0001518,TRP-20260601-0001518,12.00,mada,settled,2026-06-01 13:19:08
PAY-20260601-0001519,TRP-20260601-0001519,47.52,mada,settled,2026-06-02 05:57:29
PAY-20260601-0001521,TRP-20260601-0001521,32.02,credit_card,settled,2026-06-01 09:55:58
PAY-20260601-0001522,TRP-20260601-0001522,37.90,cash,settled,2026-06-01 05:49:35
PAY-20260601-0001524,TRP-20260601-0001524,14.27,cash,settled,2026-06-01 19:11:16
PAY-20260601-0001525,TRP-20260601-0001525,19.00,cash,settled,2026-06-01 05:16:01
PAY-20260601-0001526,TRP-20260601-0001526,17.57,cash,settled,2026-06-01 03:59:14
PAY-20260601-0001527,TRP-20260601-0001527,211.99,credit_card,settled,2026-06-01 17:02:04
PAY-20260601-0001528,TRP-20260601-0001528,25.24,mada,settled,2026-06-01 11:53:10
PAY-20260601-0001529,TRP-20260601-0001529,73.28,mada,settled,2026-06-01 17:07:29
PAY-20260601-0001530,TRP-20260601-0001530,19.76,cash,settled,2026-06-01 16:56:34
PAY-20260601-0001531,TRP-20260601-0001531,17.94,mada,settled,2026-06-01 15:54:50
PAY-20260601-0001532,TRP-20260601-0001532,25.33,cash,settled,2026-06-01 04:24:35
PAY-20260601-0001533,TRP-20260601-0001533,41.93,mada,settled,2026-06-01 06:58:42
PAY-20260601-0001534,TRP-20260601-0001534,52.12,mada,settled,2026-06-02 16:14:43
PAY-20260601-0001535,TRP-20260601-0001535,72.72,credit_card,settled,2026-06-01 11:01:45
PAY-20260601-0001536,TRP-20260601-0001536,15.01,cash,settled,2026-06-01 13:58:20
PAY-20260601-0001537,TRP-20260601-0001537,20.57,credit_card,settled,2026-06-01 10:00:22
PAY-20260601-0001538,TRP-20260601-0001538,26.00,credit_card,settled,2026-06-01 19:45:08
PAY-20260601-0001540,TRP-20260601-0001540,13.73,mada,settled,2026-06-01 09:27:07
PAY-20260601-0001541,TRP-20260601-0001541,13.07,credit_card,settled,2026-06-01 18:48:51
PAY-20260601-0001542,TRP-20260601-0001542,23.15,stc_pay,settled,2026-06-01 21:49:57
PAY-20260601-0001543,TRP-20260601-0001543,12.00,stc_pay,settled,2026-06-01 22:40:41
PAY-20260601-0001544,TRP-20260601-0001544,48.25,mada,settled,2026-06-01 13:48:55
PAY-20260601-0001545,TRP-20260601-0001545,181.78,credit_card,settled,2026-06-01 18:34:22
PAY-20260601-0001546,TRP-20260601-0001546,19.15,credit_card,settled,2026-06-01 10:55:14
PAY-20260601-0001547,TRP-20260601-0001547,29.57,cash,settled,2026-06-01 05:25:42
PAY-20260601-0001548,TRP-20260601-0001548,70.14,apple_pay,settled,2026-06-01 11:30:51
PAY-20260601-0001549,TRP-20260601-0001549,45.46,apple_pay,settled,2026-06-02 17:57:22
PAY-20260601-0001550,TRP-20260601-0001550,14.11,apple_pay,settled,2026-06-01 03:16:34
PAY-20260601-0001551,TRP-20260601-0001551,63.31,mada,settled,2026-06-01 18:43:04
PAY-20260601-0001552,TRP-20260601-0001552,24.78,credit_card,settled,2026-06-01 05:40:09
PAY-20260601-0001553,TRP-20260601-0001553,6.00,mada,settled,2026-06-01 18:44:54
PAY-20260601-0001554,TRP-20260601-0001554,34.78,stc_pay,settled,2026-06-01 19:35:13
PAY-20260601-0001555,TRP-20260601-0001555,57.09,mada,settled,2026-06-01 17:16:41
PAY-20260601-0001556,TRP-20260601-0001556,29.95,mada,settled,2026-06-01 19:13:32
PAY-20260601-0001557,TRP-20260601-0001557,12.00,cash,settled,2026-06-01 19:52:05
PAY-20260601-0001558,TRP-20260601-0001558,33.86,mada,refunded,2026-06-01 10:36:36
PAY-20260601-0001559,TRP-20260601-0001559,49.18,credit_card,settled,2026-06-01 16:02:52
PAY-20260601-0001560,TRP-20260601-0001560,6.00,stc_pay,settled,2026-06-01 16:43:12
PAY-20260601-0001561,TRP-20260601-0001561,36.98,mada,settled,2026-06-01 13:29:57
PAY-20260601-0001562,TRP-20260601-0001562,53.19,apple_pay,settled,2026-06-01 05:53:05
PAY-20260601-0001563,TRP-20260601-0001563,27.54,mada,settled,2026-06-02 07:35:05
PAY-20260601-0001564,TRP-20260601-0001564,14.94,credit_card,settled,2026-06-01 14:45:45
PAY-20260601-0001565,TRP-20260601-0001565,8.00,apple_pay,settled,2026-06-01 07:25:06
PAY-20260601-0001566,TRP-20260601-0001566,62.17,mada,settled,2026-06-01 08:09:04
PAY-20260601-0001567,TRP-20260601-0001567,26.72,credit_card,settled,2026-06-01 21:26:03
PAY-20260601-0001568,TRP-20260601-0001568,12.00,apple_pay,settled,2026-06-01 06:34:52
PAY-20260601-0001569,TRP-20260601-0001569,18.14,mada,settled,2026-06-02 12:56:35
PAY-20260601-0001570,TRP-20260601-0001570,13.96,apple_pay,settled,2026-06-01 20:46:39
PAY-20260601-0001571,TRP-20260601-0001571,91.85,credit_card,settled,2026-06-01 17:21:04
PAY-20260601-0001572,TRP-20260601-0001572,102.26,wallet,pending,2026-06-02 01:22:28
PAY-20260601-0001574,TRP-20260601-0001574,26.62,credit_card,settled,2026-06-01 16:32:07
PAY-20260601-0001575,TRP-20260601-0001575,24.70,credit_card,settled,2026-06-01 13:42:07
PAY-20260601-0001576,TRP-20260601-0001576,57.62,credit_card,settled,2026-06-02 13:24:06
PAY-20260601-0001577,TRP-20260601-0001577,30.72,credit_card,settled,2026-06-01 08:37:54
PAY-20260601-0001578,TRP-20260601-0001578,35.95,wallet,settled,2026-06-01 05:24:18
PAY-20260601-0001579,TRP-20260601-0001579,12.00,wallet,settled,2026-06-01 09:10:38
PAY-20260601-0001580,TRP-20260601-0001580,22.63,cash,settled,2026-06-01 17:11:25
PAY-20260601-0001581,TRP-20260601-0001581,6.00,mada,settled,2026-06-01 06:51:30
PAY-20260601-0001582,TRP-20260601-0001582,20.09,stc_pay,settled,2026-06-01 16:58:53
PAY-20260601-0001583,TRP-20260601-0001583,21.37,apple_pay,settled,2026-05-31 22:48:26
PAY-20260601-0001584,TRP-20260601-0001584,35.96,wallet,settled,2026-06-02 03:36:05
PAY-20260601-0001585,TRP-20260601-0001585,16.64,credit_card,settled,2026-05-31 21:41:12
PAY-20260601-0001586,TRP-20260601-0001586,86.12,mada,settled,2026-06-02 06:06:06
PAY-20260601-0001587,TRP-20260601-0001587,19.49,credit_card,refunded,2026-06-01 18:31:24
PAY-20260601-0001588,TRP-20260601-0001588,14.46,stc_pay,settled,2026-06-01 10:17:52
PAY-20260601-0001589,TRP-20260601-0001589,34.88,mada,settled,2026-06-01 09:15:22
PAY-20260601-0001591,TRP-20260601-0001591,13.62,stc_pay,settled,2026-06-02 02:12:34
PAY-20260601-0001592,TRP-20260601-0001592,20.40,cash,settled,2026-06-01 18:46:09
PAY-20260601-0001593,TRP-20260601-0001593,48.51,mada,settled,2026-06-01 07:46:48
PAY-20260601-0001594,TRP-20260601-0001594,21.94,mada,settled,2026-06-02 12:25:42
PAY-20260601-0001595,TRP-20260601-0001595,13.74,stc_pay,settled,2026-06-01 17:25:08
PAY-20260601-0001596,TRP-20260601-0001596,20.38,mada,settled,2026-06-01 14:04:02
PAY-20260601-0001597,TRP-20260601-0001597,20.64,apple_pay,settled,2026-06-01 11:22:25
PAY-20260601-0001598,TRP-20260601-0001598,25.10,credit_card,settled,2026-06-01 19:53:29
PAY-20260601-0001599,TRP-20260601-0001599,64.62,credit_card,refunded,2026-06-01 08:16:10
PAY-20260601-0001600,TRP-20260601-0001600,36.89,apple_pay,settled,2026-06-01 14:46:32
PAY-20260601-0001601,TRP-20260601-0001601,21.64,stc_pay,settled,2026-06-01 14:51:59
PAY-20260601-0001602,TRP-20260601-0001602,33.35,mada,settled,2026-06-02 16:44:42
PAY-20260601-0001603,TRP-20260601-0001603,186.84,apple_pay,pending,2026-06-02 03:08:26
PAY-20260601-0001604,TRP-20260601-0001604,41.67,stc_pay,settled,2026-06-01 23:00:23
PAY-20260601-0001605,TRP-20260601-0001605,27.93,stc_pay,settled,2026-06-01 10:51:18
PAY-20260601-0001607,TRP-20260601-0001607,95.95,credit_card,settled,2026-06-01 17:55:32
PAY-20260601-0001608,TRP-20260601-0001608,56.01,apple_pay,settled,2026-06-01 22:30:15
PAY-20260601-0001609,TRP-20260601-0001609,41.91,mada,settled,2026-06-01 11:21:56
PAY-20260601-0001610,TRP-20260601-0001610,12.17,stc_pay,settled,2026-06-02 05:30:54
PAY-20260601-0001611,TRP-20260601-0001611,28.33,cash,settled,2026-06-01 07:02:43
PAY-20260601-0001613,TRP-20260601-0001613,53.14,stc_pay,settled,2026-06-01 17:32:19
PAY-20260601-0001614,TRP-20260601-0001614,8.00,credit_card,settled,2026-06-01 10:45:55
PAY-20260601-0001615,TRP-20260601-0001615,28.22,mada,settled,2026-06-01 22:25:59
PAY-20260601-0001616,TRP-20260601-0001616,23.09,apple_pay,settled,2026-06-01 11:03:47
PAY-20260601-0001617,TRP-20260601-0001617,42.02,cash,settled,2026-06-01 16:02:08
PAY-20260601-0001618,TRP-20260601-0001618,51.20,wallet,settled,2026-06-01 05:16:04
PAY-20260601-0001619,TRP-20260601-0001619,22.37,cash,settled,2026-06-01 13:12:40
PAY-20260601-0001620,TRP-20260601-0001620,35.85,mada,settled,2026-06-01 09:58:52
PAY-20260601-0001621,TRP-20260601-0001621,30.90,mada,settled,2026-06-01 15:10:08
PAY-20260601-0001622,TRP-20260601-0001622,11.00,credit_card,settled,2026-06-01 12:02:43
PAY-20260601-0001623,TRP-20260601-0001623,24.59,apple_pay,settled,2026-06-01 12:46:04
PAY-20260601-0001624,TRP-20260601-0001624,27.85,wallet,settled,2026-06-01 05:50:39
PAY-20260601-0001626,TRP-20260601-0001626,22.55,credit_card,settled,2026-06-02 10:32:29
PAY-20260601-0001627,TRP-20260601-0001627,94.66,apple_pay,settled,2026-06-01 06:46:19
PAY-20260601-0001628,TRP-20260601-0001628,12.00,credit_card,settled,2026-06-01 05:03:13
PAY-20260601-0001629,TRP-20260601-0001629,8.00,credit_card,settled,2026-06-01 11:50:47
PAY-20260601-0001630,TRP-20260601-0001630,11.65,apple_pay,settled,2026-06-01 22:28:31
PAY-20260601-0001631,TRP-20260601-0001631,18.46,apple_pay,settled,2026-06-01 09:33:12
PAY-20260601-0001632,TRP-20260601-0001632,53.86,stc_pay,settled,2026-06-01 15:06:26
PAY-20260601-0001633,TRP-20260601-0001633,13.33,mada,settled,2026-06-02 03:44:30
PAY-20260601-0001635,TRP-20260601-0001635,24.59,credit_card,settled,2026-06-01 08:31:18
PAY-20260601-0001636,TRP-20260601-0001636,15.52,mada,settled,2026-06-01 17:44:46
PAY-20260601-0001637,TRP-20260601-0001637,22.94,credit_card,settled,2026-06-01 13:27:52
PAY-20260601-0001638,TRP-20260601-0001638,63.31,wallet,settled,2026-06-01 10:14:29
PAY-20260601-0001639,TRP-20260601-0001639,56.77,credit_card,settled,2026-06-01 14:40:14
PAY-20260601-0001641,TRP-20260601-0001641,19.31,mada,settled,2026-06-01 20:24:55
PAY-20260601-0001642,TRP-20260601-0001642,17.04,cash,settled,2026-06-01 15:16:07
PAY-20260601-0001643,TRP-20260601-0001643,6.00,mada,settled,2026-06-01 05:13:17
PAY-20260601-0001645,TRP-20260601-0001645,24.34,credit_card,settled,2026-06-01 06:49:24
PAY-20260601-0001646,TRP-20260601-0001646,20.51,mada,settled,2026-06-01 19:49:39
PAY-20260601-0001647,TRP-20260601-0001647,27.39,mada,settled,2026-06-02 04:39:41
PAY-20260601-0001648,TRP-20260601-0001648,19.23,mada,settled,2026-06-01 14:54:09
PAY-20260601-0001649,TRP-20260601-0001649,6.00,apple_pay,settled,2026-06-01 14:28:42
PAY-20260601-0001650,TRP-20260601-0001650,22.61,credit_card,settled,2026-06-01 15:49:32
PAY-20260601-0001651,TRP-20260601-0001651,154.68,mada,settled,2026-06-02 04:53:35
PAY-20260601-0001652,TRP-20260601-0001652,12.00,mada,settled,2026-06-01 11:01:08
PAY-20260601-0001653,TRP-20260601-0001653,89.03,credit_card,settled,2026-06-01 08:41:17
PAY-20260601-0001655,TRP-20260601-0001655,67.76,stc_pay,settled,2026-06-01 15:52:19
PAY-20260601-0001656,TRP-20260601-0001656,15.98,wallet,settled,2026-06-01 23:15:04
PAY-20260601-0001657,TRP-20260601-0001657,77.37,mada,settled,2026-06-01 15:39:21
PAY-20260601-0001658,TRP-20260601-0001658,12.89,credit_card,settled,2026-06-02 05:31:41
PAY-20260601-0001659,TRP-20260601-0001659,28.07,mada,settled,2026-06-01 18:15:11
PAY-20260601-0001660,TRP-20260601-0001660,13.98,credit_card,settled,2026-06-01 06:25:51
PAY-20260601-0001661,TRP-20260601-0001661,41.52,mada,settled,2026-06-01 01:04:47
PAY-20260601-0001662,TRP-20260601-0001662,16.28,mada,settled,2026-06-01 00:24:43
PAY-20260601-0001663,TRP-20260601-0001663,40.76,apple_pay,settled,2026-06-01 19:44:01
PAY-20260601-0001664,TRP-20260601-0001664,56.96,mada,settled,2026-06-01 08:40:20
PAY-20260601-0001665,TRP-20260601-0001665,16.02,cash,settled,2026-06-01 04:21:15
PAY-20260601-0001666,TRP-20260601-0001666,40.38,mada,settled,2026-06-01 18:24:00
PAY-20260601-0001667,TRP-20260601-0001667,79.31,credit_card,settled,2026-06-01 08:48:18
PAY-20260601-0001668,TRP-20260601-0001668,107.70,credit_card,settled,2026-06-02 13:18:40
PAY-20260601-0001669,TRP-20260601-0001669,45.10,credit_card,settled,2026-06-02 04:10:06
PAY-20260601-0001670,TRP-20260601-0001670,26.04,mada,settled,2026-06-01 06:03:03
PAY-20260601-0001671,TRP-20260601-0001671,90.23,mada,settled,2026-06-01 19:26:33
PAY-20260601-0001672,TRP-20260601-0001672,49.02,cash,settled,2026-06-01 21:15:12
PAY-20260601-0001673,TRP-20260601-0001673,23.38,wallet,settled,2026-06-01 19:24:28
PAY-20260601-0001674,TRP-20260601-0001674,60.75,credit_card,settled,2026-06-01 20:26:44
PAY-20260601-0001675,TRP-20260601-0001675,38.36,mada,settled,2026-06-01 09:05:20
PAY-20260601-0001676,TRP-20260601-0001676,16.92,stc_pay,settled,2026-06-01 20:33:47
PAY-20260601-0001677,TRP-20260601-0001677,45.52,stc_pay,settled,2026-06-01 17:24:00
PAY-20260601-0001678,TRP-20260601-0001678,12.27,credit_card,settled,2026-06-01 22:12:40
PAY-20260601-0001679,TRP-20260601-0001679,23.07,mada,pending,2026-06-02 05:55:20
PAY-20260601-0001681,TRP-20260601-0001681,30.63,stc_pay,settled,2026-06-01 20:29:09
PAY-20260601-0001682,TRP-20260601-0001682,22.89,apple_pay,settled,2026-06-01 15:49:29
PAY-20260601-0001683,TRP-20260601-0001683,48.16,stc_pay,settled,2026-06-01 19:45:00
PAY-20260601-0001684,TRP-20260601-0001684,21.51,credit_card,settled,2026-06-01 20:43:01
PAY-20260601-0001685,TRP-20260601-0001685,61.41,stc_pay,settled,2026-06-01 04:41:09
PAY-20260601-0001686,TRP-20260601-0001686,18.00,wallet,settled,2026-06-01 17:38:16
PAY-20260601-0001687,TRP-20260601-0001687,20.09,apple_pay,settled,2026-06-02 03:37:28
PAY-20260601-0001688,TRP-20260601-0001688,10.10,wallet,settled,2026-06-01 23:36:44
PAY-20260601-0001689,TRP-20260601-0001689,69.84,credit_card,settled,2026-06-01 15:00:50
PAY-20260601-0001690,TRP-20260601-0001690,36.69,credit_card,settled,2026-06-01 19:23:39
PAY-20260601-0001691,TRP-20260601-0001691,17.00,cash,settled,2026-06-01 13:11:59
PAY-20260601-0001692,TRP-20260601-0001692,13.46,mada,settled,2026-06-02 05:26:41
PAY-20260601-0001693,TRP-20260601-0001693,43.00,wallet,settled,2026-06-01 09:35:26
PAY-20260601-0001694,TRP-20260601-0001694,16.50,stc_pay,settled,2026-06-02 09:20:45
PAY-20260601-0001695,TRP-20260601-0001695,16.74,credit_card,settled,2026-06-02 00:48:13
PAY-20260601-0001696,TRP-20260601-0001696,157.33,apple_pay,settled,2026-06-01 19:28:10
PAY-20260601-0001697,TRP-20260601-0001697,16.66,cash,settled,2026-06-01 07:18:59
PAY-20260601-0001698,TRP-20260601-0001698,28.90,cash,settled,2026-06-01 11:41:33
PAY-20260601-0001699,TRP-20260601-0001699,108.34,credit_card,settled,2026-06-01 18:30:03
PAY-20260601-0001700,TRP-20260601-0001700,44.43,mada,settled,2026-06-01 14:33:37
PAY-20260601-0001701,TRP-20260601-0001701,31.04,stc_pay,settled,2026-06-01 06:22:35
PAY-20260601-0001702,TRP-20260601-0001702,57.19,wallet,settled,2026-06-02 05:52:35
PAY-20260601-0001703,TRP-20260601-0001703,26.70,credit_card,settled,2026-06-02 10:36:42
PAY-20260601-0001704,TRP-20260601-0001704,152.74,wallet,settled,2026-06-01 12:28:22
PAY-20260601-0001706,TRP-20260601-0001706,88.90,stc_pay,settled,2026-06-01 16:06:40
PAY-20260601-0001707,TRP-20260601-0001707,32.70,cash,settled,2026-06-01 19:04:24
PAY-20260601-0001708,TRP-20260601-0001708,49.14,mada,settled,2026-06-01 13:22:09
PAY-20260601-0001709,TRP-20260601-0001709,19.73,mada,settled,2026-06-01 17:13:02
PAY-20260601-0001710,TRP-20260601-0001710,15.46,credit_card,pending,2026-06-01 20:56:42
PAY-20260601-0001711,TRP-20260601-0001711,23.36,mada,settled,2026-06-01 08:40:10
PAY-20260601-0001712,TRP-20260601-0001712,27.48,mada,pending,2026-06-01 12:49:36
PAY-20260601-0001713,TRP-20260601-0001713,24.81,mada,settled,2026-06-01 15:06:14
PAY-20260601-0001714,TRP-20260601-0001714,41.12,mada,settled,2026-06-01 22:40:17
PAY-20260601-0001715,TRP-20260601-0001715,42.36,wallet,settled,2026-06-02 04:00:18
PAY-20260601-0001716,TRP-20260601-0001716,80.03,credit_card,settled,2026-06-02 00:21:13
PAY-20260601-0001717,TRP-20260601-0001717,62.91,mada,settled,2026-06-01 07:39:39
PAY-20260601-0001718,TRP-20260601-0001718,78.97,stc_pay,settled,2026-06-01 14:20:31
PAY-20260601-0001719,TRP-20260601-0001719,12.00,mada,settled,2026-06-01 23:24:00
PAY-20260601-0001720,TRP-20260601-0001720,13.75,mada,settled,2026-06-02 14:22:51
PAY-20260601-0001721,TRP-20260601-0001721,86.88,apple_pay,settled,2026-06-01 20:09:43
PAY-20260601-0001722,TRP-20260601-0001722,21.19,mada,settled,2026-06-01 07:31:20
PAY-20260601-0001723,TRP-20260601-0001723,27.39,mada,settled,2026-06-02 19:05:42
PAY-20260601-0001724,TRP-20260601-0001724,72.69,credit_card,settled,2026-06-01 05:20:57
PAY-20260601-0001725,TRP-20260601-0001725,27.03,credit_card,settled,2026-06-01 15:16:16
PAY-20260601-0001726,TRP-20260601-0001726,82.90,stc_pay,settled,2026-06-01 19:10:14
PAY-20260601-0001727,TRP-20260601-0001727,29.96,mada,settled,2026-06-02 15:24:40
PAY-20260601-0001728,TRP-20260601-0001728,54.76,mada,settled,2026-06-01 17:18:24
PAY-20260601-0001729,TRP-20260601-0001729,8.00,cash,settled,2026-06-01 16:36:29
PAY-20260601-0001730,TRP-20260601-0001730,98.30,mada,settled,2026-06-01 12:39:25
PAY-20260601-0001731,TRP-20260601-0001731,17.16,credit_card,settled,2026-06-01 11:16:21
PAY-20260601-0001732,TRP-20260601-0001732,28.08,mada,settled,2026-06-01 20:17:26
PAY-20260601-0001733,TRP-20260601-0001733,36.44,credit_card,settled,2026-06-01 19:46:58
PAY-20260601-0001734,TRP-20260601-0001734,19.92,cash,settled,2026-06-01 20:56:36
PAY-20260601-0001735,TRP-20260601-0001735,34.97,mada,settled,2026-06-01 16:30:51
PAY-20260601-0001736,TRP-20260601-0001736,18.54,wallet,settled,2026-06-01 16:46:26
PAY-20260601-0001737,TRP-20260601-0001737,39.19,mada,settled,2026-06-01 06:46:27
PAY-20260601-0001738,TRP-20260601-0001738,32.42,mada,settled,2026-06-01 12:50:54
PAY-20260601-0001739,TRP-20260601-0001739,66.62,mada,settled,2026-06-01 15:08:17
PAY-20260601-0001740,TRP-20260601-0001740,14.28,credit_card,settled,2026-06-01 20:05:53
PAY-20260601-0001741,TRP-20260601-0001741,18.14,credit_card,settled,2026-06-01 18:44:32
PAY-20260601-0001742,TRP-20260601-0001742,23.71,mada,settled,2026-06-01 21:48:05
PAY-20260601-0001744,TRP-20260601-0001744,11.78,mada,settled,2026-06-01 12:23:29
PAY-20260601-0001745,TRP-20260601-0001745,66.10,credit_card,settled,2026-06-02 08:41:28
PAY-20260601-0001746,TRP-20260601-0001746,12.69,mada,settled,2026-06-01 18:31:15
PAY-20260601-0001747,TRP-20260601-0001747,51.86,mada,settled,2026-06-01 23:58:44
PAY-20260601-0001748,TRP-20260601-0001748,19.67,mada,settled,2026-06-01 14:56:54
PAY-20260601-0001749,TRP-20260601-0001749,103.75,mada,settled,2026-06-01 13:53:15
PAY-20260601-0001750,TRP-20260601-0001750,26.04,credit_card,settled,2026-06-01 12:27:56
PAY-20260601-0001751,TRP-20260601-0001751,15.61,stc_pay,settled,2026-06-01 16:29:17
PAY-20260601-0001752,TRP-20260601-0001752,17.51,apple_pay,settled,2026-06-01 14:01:37
PAY-20260601-0001753,TRP-20260601-0001753,41.89,cash,settled,2026-06-01 09:01:47
PAY-20260601-0001754,TRP-20260601-0001754,32.34,credit_card,settled,2026-06-01 18:23:51
PAY-20260601-0001755,TRP-20260601-0001755,34.43,mada,failed,2026-06-01 07:09:17
PAY-20260601-0001756,TRP-20260601-0001756,16.58,mada,settled,2026-06-01 20:04:41
PAY-20260601-0001758,TRP-20260601-0001758,66.63,mada,settled,2026-06-02 06:06:36
PAY-20260601-0001760,TRP-20260601-0001760,32.34,wallet,pending,2026-06-02 10:16:36
PAY-20260601-0001761,TRP-20260601-0001761,46.63,credit_card,settled,2026-06-02 00:12:29
PAY-20260601-0001762,TRP-20260601-0001762,60.79,mada,settled,2026-06-01 14:18:55
PAY-20260601-0001763,TRP-20260601-0001763,18.00,credit_card,settled,2026-06-01 09:15:19
PAY-20260601-0001764,TRP-20260601-0001764,6.00,mada,settled,2026-06-01 20:46:33
PAY-20260601-0001765,TRP-20260601-0001765,13.16,mada,settled,2026-06-01 18:35:46
PAY-20260601-0001766,TRP-20260601-0001766,6.00,mada,settled,2026-06-01 09:55:33
PAY-20260601-0001767,TRP-20260601-0001767,30.96,cash,settled,2026-06-01 18:37:38
PAY-20260601-0001768,TRP-20260601-0001768,42.75,mada,pending,2026-06-01 14:32:53
PAY-20260601-0001769,TRP-20260601-0001769,42.47,stc_pay,settled,2026-06-01 17:28:24
PAY-20260601-0001770,TRP-20260601-0001770,29.82,stc_pay,settled,2026-06-01 21:14:53
PAY-20260601-0001771,TRP-20260601-0001771,25.80,cash,settled,2026-06-01 17:32:38
PAY-20260601-0001772,TRP-20260601-0001772,140.31,mada,settled,2026-06-01 17:37:54
PAY-20260601-0001773,TRP-20260601-0001773,87.89,mada,settled,2026-06-01 14:37:50
PAY-20260601-0001774,TRP-20260601-0001774,44.46,cash,settled,2026-06-01 15:25:18
PAY-20260601-0001775,TRP-20260601-0001775,41.33,wallet,settled,2026-06-01 18:10:52
PAY-20260601-0001776,TRP-20260601-0001776,32.47,stc_pay,settled,2026-06-01 16:59:02
PAY-20260601-0001777,TRP-20260601-0001777,21.64,apple_pay,settled,2026-06-01 09:49:01
PAY-20260601-0001778,TRP-20260601-0001778,71.40,mada,settled,2026-06-02 13:11:07
PAY-20260601-0001779,TRP-20260601-0001779,47.84,apple_pay,settled,2026-06-02 05:38:11
PAY-20260601-0001780,TRP-20260601-0001780,21.85,cash,settled,2026-06-01 10:01:30
PAY-20260601-0001781,TRP-20260601-0001781,23.86,mada,settled,2026-06-02 04:52:26
PAY-20260601-0001782,TRP-20260601-0001782,63.47,cash,settled,2026-06-01 05:45:17
PAY-20260601-0001783,TRP-20260601-0001783,48.02,stc_pay,settled,2026-06-01 09:11:23
PAY-20260601-0001784,TRP-20260601-0001784,15.05,apple_pay,settled,2026-06-01 12:26:02
PAY-20260601-0001785,TRP-20260601-0001785,44.74,wallet,settled,2026-06-01 14:39:14
PAY-20260601-0001786,TRP-20260601-0001786,17.67,wallet,settled,2026-06-01 10:53:41
PAY-20260601-0001787,TRP-20260601-0001787,64.19,mada,settled,2026-06-01 11:51:02
PAY-20260601-0001788,TRP-20260601-0001788,20.38,mada,settled,2026-06-02 03:53:36
PAY-20260601-0001789,TRP-20260601-0001789,26.41,mada,settled,2026-06-02 07:10:47
PAY-20260601-0001790,TRP-20260601-0001790,10.39,apple_pay,settled,2026-06-01 09:58:03
PAY-20260601-0001791,TRP-20260601-0001791,26.76,credit_card,settled,2026-06-01 14:39:58
PAY-20260601-0001792,TRP-20260601-0001792,41.52,mada,settled,2026-06-02 16:11:53
PAY-20260601-0001793,TRP-20260601-0001793,19.40,cash,settled,2026-06-01 10:29:35
PAY-20260601-0001794,TRP-20260601-0001794,45.02,mada,settled,2026-06-01 06:43:14
PAY-20260601-0001795,TRP-20260601-0001795,16.08,mada,settled,2026-06-01 14:02:44
PAY-20260601-0001796,TRP-20260601-0001796,23.80,apple_pay,settled,2026-06-02 11:48:53
PAY-20260601-0001797,TRP-20260601-0001797,12.00,credit_card,settled,2026-06-02 10:35:37
PAY-20260601-0001798,TRP-20260601-0001798,38.84,credit_card,settled,2026-05-31 23:01:20
PAY-20260601-0001799,TRP-20260601-0001799,65.64,apple_pay,settled,2026-06-01 16:37:41
PAY-20260601-0001800,TRP-20260601-0001800,21.16,credit_card,settled,2026-06-02 10:28:30
PAY-20260601-0001801,TRP-20260601-0001801,49.56,credit_card,settled,2026-06-01 13:53:19
PAY-20260601-0001802,TRP-20260601-0001802,32.40,credit_card,settled,2026-06-01 20:49:09
PAY-20260601-0001803,TRP-20260601-0001803,15.29,mada,settled,2026-06-01 07:31:49
PAY-20260601-0001804,TRP-20260601-0001804,36.83,credit_card,settled,2026-06-01 16:20:25
PAY-20260601-0001805,TRP-20260601-0001805,25.27,stc_pay,refunded,2026-06-01 07:16:11
PAY-20260601-0001806,TRP-20260601-0001806,17.36,wallet,settled,2026-06-01 17:17:37
PAY-20260601-0001807,TRP-20260601-0001807,16.74,cash,settled,2026-06-01 07:57:04
PAY-20260601-0001808,TRP-20260601-0001808,118.67,mada,settled,2026-06-01 12:23:53
PAY-20260601-0001809,TRP-20260601-0001809,84.30,wallet,settled,2026-06-01 17:56:03
PAY-20260601-0001810,TRP-20260601-0001810,98.35,cash,settled,2026-06-01 10:56:54
PAY-20260601-0001811,TRP-20260601-0001811,57.21,apple_pay,settled,2026-06-01 06:51:14
PAY-20260601-0001812,TRP-20260601-0001812,33.15,apple_pay,settled,2026-06-01 21:30:23
PAY-20260601-0001813,TRP-20260601-0001813,39.09,mada,settled,2026-06-01 18:16:36
PAY-20260601-0001814,TRP-20260601-0001814,28.04,cash,settled,2026-06-01 07:14:39
PAY-20260601-0001815,TRP-20260601-0001815,12.00,credit_card,settled,2026-06-01 14:03:28
PAY-20260601-0001816,TRP-20260601-0001816,19.98,mada,settled,2026-06-01 10:09:24
PAY-20260601-0001817,TRP-20260601-0001817,64.83,cash,settled,2026-06-01 10:52:33
PAY-20260601-0001818,TRP-20260601-0001818,38.33,mada,settled,2026-06-01 13:19:26
PAY-20260601-0001819,TRP-20260601-0001819,28.81,cash,settled,2026-06-01 18:59:36
PAY-20260601-0001820,TRP-20260601-0001820,21.33,credit_card,settled,2026-06-01 19:59:18
PAY-20260601-0001821,TRP-20260601-0001821,48.21,mada,settled,2026-06-01 09:39:55
PAY-20260601-0001822,TRP-20260601-0001822,15.94,credit_card,settled,2026-06-02 10:11:54
PAY-20260601-0001823,TRP-20260601-0001823,33.86,wallet,settled,2026-06-02 01:04:09
PAY-20260601-0001824,TRP-20260601-0001824,52.73,mada,settled,2026-06-01 13:39:11
PAY-20260601-0001825,TRP-20260601-0001825,16.59,mada,settled,2026-06-01 19:54:10
PAY-20260601-0001826,TRP-20260601-0001826,14.24,credit_card,settled,2026-06-01 17:29:46
PAY-20260601-0001827,TRP-20260601-0001827,52.65,cash,settled,2026-06-01 04:52:58
PAY-20260601-0001828,TRP-20260601-0001828,43.58,mada,settled,2026-06-01 11:29:23
PAY-20260601-0001829,TRP-20260601-0001829,55.65,mada,settled,2026-06-01 06:21:33
PAY-20260601-0001830,TRP-20260601-0001830,75.60,stc_pay,settled,2026-06-01 14:20:06
PAY-20260601-0001831,TRP-20260601-0001831,12.00,cash,settled,2026-06-01 11:09:43
PAY-20260601-0001832,TRP-20260601-0001832,77.37,cash,settled,2026-06-01 09:43:56
PAY-20260601-0001833,TRP-20260601-0001833,68.53,apple_pay,settled,2026-06-01 17:49:29
PAY-20260601-0001834,TRP-20260601-0001834,42.91,mada,settled,2026-06-02 10:57:57
PAY-20260601-0001835,TRP-20260601-0001835,70.20,mada,settled,2026-06-01 17:22:44
PAY-20260601-0001836,TRP-20260601-0001836,16.08,mada,settled,2026-06-01 19:48:42
PAY-20260601-0001837,TRP-20260601-0001837,17.43,wallet,settled,2026-06-02 10:39:18
PAY-20260601-0001838,TRP-20260601-0001838,20.07,mada,settled,2026-06-02 06:05:49
PAY-20260601-0001839,TRP-20260601-0001839,104.04,cash,settled,2026-06-01 07:14:29
PAY-20260601-0001840,TRP-20260601-0001840,24.86,apple_pay,pending,2026-06-01 06:40:11
PAY-20260601-0001841,TRP-20260601-0001841,13.70,mada,refunded,2026-06-01 19:02:48
PAY-20260601-0001842,TRP-20260601-0001842,197.91,mada,settled,2026-06-01 17:38:11
PAY-20260601-0001843,TRP-20260601-0001843,30.21,mada,settled,2026-06-01 21:30:59
PAY-20260601-0001844,TRP-20260601-0001844,42.05,mada,settled,2026-06-01 18:21:31
PAY-20260601-0001845,TRP-20260601-0001845,79.34,stc_pay,settled,2026-06-02 05:47:46
PAY-20260601-0001846,TRP-20260601-0001846,23.55,mada,settled,2026-06-01 15:47:40
PAY-20260601-0001847,TRP-20260601-0001847,46.91,mada,settled,2026-06-01 18:45:48
PAY-20260601-0001848,TRP-20260601-0001848,14.67,mada,settled,2026-06-01 20:46:35
PAY-20260601-0001849,TRP-20260601-0001849,71.39,credit_card,settled,2026-06-01 11:17:23
PAY-20260601-0001850,TRP-20260601-0001850,12.32,mada,settled,2026-06-01 09:29:23
PAY-20260601-0001851,TRP-20260601-0001851,25.10,credit_card,settled,2026-06-01 15:29:31
PAY-20260601-0001853,TRP-20260601-0001853,22.62,mada,settled,2026-06-01 18:07:47
PAY-20260601-0001854,TRP-20260601-0001854,14.88,mada,settled,2026-06-01 18:52:22
PAY-20260601-0001856,TRP-20260601-0001856,18.65,credit_card,failed,2026-06-01 10:52:40
PAY-20260601-0001857,TRP-20260601-0001857,116.51,apple_pay,settled,2026-06-02 10:32:53
PAY-20260601-0001858,TRP-20260601-0001858,14.86,wallet,settled,2026-06-01 08:46:08
PAY-20260601-0001859,TRP-20260601-0001859,12.88,credit_card,settled,2026-06-01 20:42:39
PAY-20260601-0001860,TRP-20260601-0001860,32.17,mada,settled,2026-06-01 19:46:54
PAY-20260601-0001861,TRP-20260601-0001861,14.59,apple_pay,settled,2026-06-01 06:31:13
PAY-20260601-0001862,TRP-20260601-0001862,16.63,stc_pay,settled,2026-06-01 18:46:12
PAY-20260601-0001863,TRP-20260601-0001863,57.66,credit_card,settled,2026-06-01 16:57:12
PAY-20260601-0001864,TRP-20260601-0001864,56.77,stc_pay,settled,2026-06-01 15:22:37
PAY-20260601-0001865,TRP-20260601-0001865,8.00,mada,settled,2026-06-01 17:56:37
PAY-20260601-0001866,TRP-20260601-0001866,138.13,cash,settled,2026-06-01 18:02:59
PAY-20260601-0001867,TRP-20260601-0001867,19.02,credit_card,settled,2026-06-01 19:12:28
PAY-20260601-0001868,TRP-20260601-0001868,43.38,credit_card,settled,2026-06-01 06:35:13
PAY-20260601-0001869,TRP-20260601-0001869,29.35,stc_pay,settled,2026-06-01 16:06:08
PAY-20260601-0001870,TRP-20260601-0001870,15.74,mada,settled,2026-06-01 15:35:08
PAY-20260601-0001871,TRP-20260601-0001871,118.41,mada,settled,2026-06-01 19:21:10
PAY-20260601-0001872,TRP-20260601-0001872,42.76,mada,settled,2026-06-02 07:28:55
PAY-20260601-0001873,TRP-20260601-0001873,14.46,mada,settled,2026-06-01 11:32:46
PAY-20260601-0001874,TRP-20260601-0001874,42.01,wallet,settled,2026-06-01 16:49:32
PAY-20260601-0001875,TRP-20260601-0001875,30.82,cash,settled,2026-06-01 03:51:01
PAY-20260601-0001876,TRP-20260601-0001876,36.89,mada,pending,2026-06-01 12:41:28
PAY-20260601-0001877,TRP-20260601-0001877,46.27,cash,settled,2026-06-01 17:28:32
PAY-20260601-0001878,TRP-20260601-0001878,11.62,wallet,settled,2026-06-01 11:22:09
PAY-20260601-0001879,TRP-20260601-0001879,45.45,mada,settled,2026-06-01 06:05:41
PAY-20260601-0001880,TRP-20260601-0001880,13.28,apple_pay,settled,2026-06-01 11:59:45
PAY-20260601-0001881,TRP-20260601-0001881,15.01,mada,settled,2026-06-01 15:34:11
PAY-20260601-0001882,TRP-20260601-0001882,42.77,mada,settled,2026-06-02 12:03:12
PAY-20260601-0001883,TRP-20260601-0001883,61.43,mada,settled,2026-06-01 23:58:34
PAY-20260601-0001884,TRP-20260601-0001884,89.39,stc_pay,settled,2026-06-01 16:11:51
PAY-20260601-0001885,TRP-20260601-0001885,36.41,wallet,settled,2026-06-01 17:51:20
PAY-20260601-0001886,TRP-20260601-0001886,65.04,mada,settled,2026-06-01 09:32:48
PAY-20260601-0001887,TRP-20260601-0001887,32.44,wallet,settled,2026-06-01 07:25:36
PAY-20260601-0001888,TRP-20260601-0001888,15.74,mada,settled,2026-06-01 17:35:17
PAY-20260601-0001889,TRP-20260601-0001889,15.85,apple_pay,settled,2026-06-01 05:27:09
PAY-20260601-0001890,TRP-20260601-0001890,23.45,mada,settled,2026-06-01 18:10:17
PAY-20260601-0001891,TRP-20260601-0001891,14.66,wallet,settled,2026-06-01 07:19:04
PAY-20260601-0001892,TRP-20260601-0001892,46.69,credit_card,settled,2026-06-01 07:23:39
PAY-20260601-0001894,TRP-20260601-0001894,10.76,mada,settled,2026-06-01 21:00:29
PAY-20260601-0001895,TRP-20260601-0001895,30.32,mada,settled,2026-06-01 11:51:05
PAY-20260601-0001896,TRP-20260601-0001896,109.61,mada,settled,2026-06-01 20:48:01
PAY-20260601-0001897,TRP-20260601-0001897,44.09,mada,settled,2026-06-01 16:42:11
PAY-20260601-0001898,TRP-20260601-0001898,10.00,mada,settled,2026-06-01 13:52:02
PAY-20260601-0001899,TRP-20260601-0001899,133.94,mada,settled,2026-06-01 22:51:14
PAY-20260601-0001900,TRP-20260601-0001900,26.59,mada,settled,2026-06-01 17:26:12
PAY-20260601-0001901,TRP-20260601-0001901,12.87,credit_card,settled,2026-06-01 20:18:31
PAY-20260601-0001902,TRP-20260601-0001902,12.00,cash,settled,2026-06-01 03:57:20
PAY-20260601-0001903,TRP-20260601-0001903,14.13,apple_pay,settled,2026-06-02 18:23:05
PAY-20260601-0001904,TRP-20260601-0001904,14.25,apple_pay,pending,2026-06-01 12:01:19
PAY-20260601-0001905,TRP-20260601-0001905,47.28,credit_card,settled,2026-06-01 16:18:14
PAY-20260601-0001906,TRP-20260601-0001906,16.37,mada,settled,2026-06-01 13:24:48
PAY-20260601-0001907,TRP-20260601-0001907,12.07,credit_card,settled,2026-06-01 12:20:47
PAY-20260601-0001908,TRP-20260601-0001908,12.00,apple_pay,settled,2026-06-01 12:59:21
PAY-20260601-0001909,TRP-20260601-0001909,22.63,mada,settled,2026-06-01 05:29:01
PAY-20260601-0001910,TRP-20260601-0001910,24.44,cash,settled,2026-06-01 12:46:08
PAY-20260601-0001911,TRP-20260601-0001911,22.20,mada,settled,2026-06-01 17:42:17
PAY-20260601-0001912,TRP-20260601-0001912,6.00,mada,settled,2026-06-01 19:09:16
PAY-20260601-0001913,TRP-20260601-0001913,19.40,mada,settled,2026-06-01 15:20:27
PAY-20260601-0001914,TRP-20260601-0001914,10.11,credit_card,pending,2026-06-02 04:16:46
PAY-20260601-0001915,TRP-20260601-0001915,21.27,wallet,settled,2026-06-01 21:06:42
PAY-20260601-0001916,TRP-20260601-0001916,23.78,mada,settled,2026-06-01 16:49:54
PAY-20260601-0001917,TRP-20260601-0001917,11.00,mada,settled,2026-06-01 17:49:36
PAY-20260601-0001918,TRP-20260601-0001918,23.76,mada,settled,2026-06-02 03:46:29
PAY-20260601-0001919,TRP-20260601-0001919,39.15,apple_pay,settled,2026-06-01 09:30:21
PAY-20260601-0001920,TRP-20260601-0001920,18.55,mada,settled,2026-06-02 01:08:07
PAY-20260601-0001921,TRP-20260601-0001921,25.73,credit_card,settled,2026-06-01 13:10:31
PAY-20260601-0001922,TRP-20260601-0001922,80.05,mada,settled,2026-06-01 06:25:32
PAY-20260601-0001923,TRP-20260601-0001923,20.58,apple_pay,settled,2026-06-01 07:17:20
PAY-20260601-0001924,TRP-20260601-0001924,22.00,stc_pay,settled,2026-06-02 02:35:21
PAY-20260601-0001925,TRP-20260601-0001925,17.36,apple_pay,settled,2026-06-01 11:33:33
PAY-20260601-0001926,TRP-20260601-0001926,38.61,cash,settled,2026-05-31 23:02:02
PAY-20260601-0001927,TRP-20260601-0001927,19.09,apple_pay,settled,2026-06-01 11:01:58
PAY-20260601-0001928,TRP-20260601-0001928,119.65,credit_card,settled,2026-06-01 15:40:28
PAY-20260601-0001929,TRP-20260601-0001929,36.08,cash,settled,2026-06-01 07:29:13
PAY-20260601-0001930,TRP-20260601-0001930,62.08,credit_card,settled,2026-06-01 08:49:16
PAY-20260601-0001932,TRP-20260601-0001932,10.00,mada,settled,2026-06-01 03:09:03
PAY-20260601-0001933,TRP-20260601-0001933,36.78,apple_pay,settled,2026-05-31 22:56:12
PAY-20260601-0001934,TRP-20260601-0001934,24.55,credit_card,settled,2026-06-01 03:56:09
PAY-20260601-0001935,TRP-20260601-0001935,16.17,mada,settled,2026-06-01 20:13:03
PAY-20260601-0001937,TRP-20260601-0001937,156.61,credit_card,settled,2026-06-01 07:01:42
PAY-20260601-0001938,TRP-20260601-0001938,33.29,credit_card,settled,2026-06-02 15:20:28
PAY-20260601-0001939,TRP-20260601-0001939,136.05,mada,settled,2026-06-01 13:16:38
PAY-20260601-0001940,TRP-20260601-0001940,30.20,mada,settled,2026-06-01 03:35:06
PAY-20260601-0001941,TRP-20260601-0001941,22.49,mada,settled,2026-06-01 14:20:57
PAY-20260601-0001942,TRP-20260601-0001942,16.68,mada,settled,2026-06-01 10:21:49
PAY-20260601-0001943,TRP-20260601-0001943,109.50,apple_pay,pending,2026-06-01 14:21:14
PAY-20260601-0001944,TRP-20260601-0001944,56.76,mada,settled,2026-06-01 23:39:13
PAY-20260601-0001945,TRP-20260601-0001945,30.02,mada,settled,2026-06-01 17:22:36
PAY-20260601-0001946,TRP-20260601-0001946,21.31,credit_card,settled,2026-06-01 13:05:31
PAY-20260601-0001947,TRP-20260601-0001947,156.62,mada,pending,2026-06-02 05:55:42
PAY-20260601-0001948,TRP-20260601-0001948,18.07,cash,settled,2026-06-01 17:32:54
PAY-20260601-0001949,TRP-20260601-0001949,10.00,mada,settled,2026-06-01 07:38:01
PAY-20260601-0001950,TRP-20260601-0001950,53.51,mada,settled,2026-06-01 17:34:09
PAY-20260601-0001951,TRP-20260601-0001951,21.00,apple_pay,settled,2026-06-01 17:41:40
PAY-20260601-0001952,TRP-20260601-0001952,12.20,mada,settled,2026-06-01 16:31:33
PAY-20260601-0001953,TRP-20260601-0001953,55.74,stc_pay,settled,2026-06-01 07:31:49
PAY-20260601-0001954,TRP-20260601-0001954,14.88,apple_pay,settled,2026-06-01 23:43:06
PAY-20260601-0001955,TRP-20260601-0001955,40.32,mada,settled,2026-06-01 10:51:29
PAY-20260601-0001956,TRP-20260601-0001956,57.88,mada,settled,2026-06-01 15:38:14
PAY-20260601-0001957,TRP-20260601-0001957,10.00,apple_pay,settled,2026-06-01 10:39:16
PAY-20260601-0001958,TRP-20260601-0001958,14.74,apple_pay,settled,2026-06-02 09:00:36
PAY-20260601-0001959,TRP-20260601-0001959,53.96,mada,settled,2026-06-01 19:42:22
PAY-20260601-0001960,TRP-20260601-0001960,177.65,mada,settled,2026-06-01 19:16:36
PAY-20260601-0001961,TRP-20260601-0001961,78.18,mada,settled,2026-06-01 18:21:51
PAY-20260601-0001962,TRP-20260601-0001962,11.04,credit_card,settled,2026-06-02 11:19:55
PAY-20260601-0001963,TRP-20260601-0001963,12.94,mada,settled,2026-06-01 10:38:30
PAY-20260601-0001964,TRP-20260601-0001964,36.72,apple_pay,settled,2026-06-01 15:52:32
PAY-20260601-0001965,TRP-20260601-0001965,12.00,mada,settled,2026-06-01 03:44:25
PAY-20260601-0001966,TRP-20260601-0001966,65.89,wallet,settled,2026-06-01 15:29:33
PAY-20260601-0001967,TRP-20260601-0001967,10.66,mada,settled,2026-06-01 08:54:18
PAY-20260601-0001968,TRP-20260601-0001968,92.56,mada,settled,2026-06-01 07:08:26
PAY-20260601-0001969,TRP-20260601-0001969,10.00,mada,settled,2026-06-01 02:13:09
PAY-20260601-0001970,TRP-20260601-0001970,19.29,mada,pending,2026-06-01 03:56:45
PAY-20260601-0001971,TRP-20260601-0001971,25.78,credit_card,settled,2026-06-01 10:31:15
PAY-20260601-0001972,TRP-20260601-0001972,21.01,mada,settled,2026-06-01 08:23:43
PAY-20260601-0001973,TRP-20260601-0001973,41.74,cash,settled,2026-06-01 06:10:23
PAY-20260601-0001974,TRP-20260601-0001974,20.73,cash,settled,2026-06-01 06:00:16
PAY-20260601-0001975,TRP-20260601-0001975,19.67,mada,settled,2026-06-02 04:54:28
PAY-20260601-0001976,TRP-20260601-0001976,20.95,mada,settled,2026-06-01 23:40:38
PAY-20260601-0001977,TRP-20260601-0001977,25.23,mada,settled,2026-06-01 17:25:20
PAY-20260601-0001978,TRP-20260601-0001978,19.39,apple_pay,settled,2026-06-02 16:56:15
PAY-20260601-0001979,TRP-20260601-0001979,14.76,mada,settled,2026-06-01 12:03:04
PAY-20260601-0001980,TRP-20260601-0001980,28.28,mada,settled,2026-06-01 15:55:33
PAY-20260601-0001981,TRP-20260601-0001981,12.74,wallet,settled,2026-06-01 18:31:36
PAY-20260601-0001982,TRP-20260601-0001982,75.72,stc_pay,settled,2026-06-01 08:38:17
PAY-20260601-0001983,TRP-20260601-0001983,43.66,credit_card,settled,2026-06-01 15:25:45
PAY-20260601-0001985,TRP-20260601-0001985,78.13,mada,settled,2026-06-01 18:50:35
PAY-20260601-0001986,TRP-20260601-0001986,70.31,mada,failed,2026-06-01 07:28:30
PAY-20260601-0001987,TRP-20260601-0001987,25.50,credit_card,settled,2026-06-01 10:01:26
PAY-20260601-0001988,TRP-20260601-0001988,32.87,apple_pay,settled,2026-06-01 07:52:19
PAY-20260601-0001989,TRP-20260601-0001989,45.94,credit_card,settled,2026-06-01 03:21:11
PAY-20260601-0001990,TRP-20260601-0001990,151.35,mada,settled,2026-06-01 21:16:46
PAY-20260601-0001991,TRP-20260601-0001991,107.28,mada,settled,2026-06-01 14:14:08
PAY-20260601-0001992,TRP-20260601-0001992,14.42,cash,settled,2026-06-01 02:35:21
PAY-20260601-0001993,TRP-20260601-0001993,16.27,credit_card,settled,2026-06-01 14:38:10
PAY-20260601-0001994,TRP-20260601-0001994,26.90,cash,settled,2026-06-01 00:45:57
PAY-20260601-0001995,TRP-20260601-0001995,12.22,mada,settled,2026-05-31 21:31:43
PAY-20260601-0001996,TRP-20260601-0001996,35.35,stc_pay,settled,2026-06-01 09:04:21
PAY-20260601-0001997,TRP-20260601-0001997,63.37,mada,settled,2026-06-01 15:50:48
PAY-20260601-0001998,TRP-20260601-0001998,13.19,stc_pay,settled,2026-06-01 19:41:24
PAY-20260601-0001999,TRP-20260601-0001999,19.59,mada,settled,2026-06-01 02:26:40
PAY-20260601-0002000,TRP-20260601-0002000,30.23,cash,settled,2026-06-01 17:04:43
PAY-20260601-0002001,TRP-20260601-0002001,64.60,mada,settled,2026-06-01 16:12:06
PAY-20260601-0002002,TRP-20260601-0002002,29.86,apple_pay,settled,2026-06-02 14:03:37
PAY-20260601-0002003,TRP-20260601-0002003,15.44,cash,settled,2026-06-01 16:37:48
PAY-20260601-0002004,TRP-20260601-0002004,17.25,mada,settled,2026-06-01 21:08:46
PAY-20260601-0002005,TRP-20260601-0002005,13.47,mada,pending,2026-06-01 10:41:18
PAY-20260601-0002006,TRP-20260601-0002006,63.47,apple_pay,settled,2026-06-01 05:06:28
PAY-20260601-0002007,TRP-20260601-0002007,16.94,stc_pay,settled,2026-06-01 21:22:58
PAY-20260601-0002008,TRP-20260601-0002008,34.13,mada,settled,2026-06-02 09:28:05
PAY-20260601-0002009,TRP-20260601-0002009,50.11,credit_card,settled,2026-06-01 01:09:39
PAY-20260601-0002010,TRP-20260601-0002010,30.83,mada,settled,2026-06-01 18:31:18
PAY-20260601-0002011,TRP-20260601-0002011,35.00,cash,settled,2026-06-01 04:52:25
PAY-20260601-0002012,TRP-20260601-0002012,16.73,mada,settled,2026-06-01 23:03:05
PAY-20260601-0002013,TRP-20260601-0002013,31.40,cash,settled,2026-06-01 14:56:33
PAY-20260601-0002014,TRP-20260601-0002014,38.71,apple_pay,settled,2026-05-31 22:24:05
PAY-20260601-0002015,TRP-20260601-0002015,36.96,credit_card,settled,2026-06-01 18:32:15
PAY-20260601-0002016,TRP-20260601-0002016,12.82,stc_pay,settled,2026-06-01 10:17:31
PAY-20260601-0002017,TRP-20260601-0002017,52.23,apple_pay,settled,2026-06-02 04:39:55
PAY-20260601-0002018,TRP-20260601-0002018,40.52,mada,settled,2026-06-01 16:32:40
PAY-20260601-0002019,TRP-20260601-0002019,25.35,mada,settled,2026-06-01 13:23:02
PAY-20260601-0002020,TRP-20260601-0002020,40.06,credit_card,settled,2026-06-01 14:43:13
PAY-20260601-0002021,TRP-20260601-0002021,41.46,stc_pay,settled,2026-06-01 05:58:14
PAY-20260601-0002022,TRP-20260601-0002022,56.42,cash,settled,2026-06-01 05:00:02
PAY-20260601-0002023,TRP-20260601-0002023,31.97,mada,settled,2026-06-01 12:09:35
PAY-20260601-0002024,TRP-20260601-0002024,23.43,mada,settled,2026-06-01 05:30:20
PAY-20260601-0002025,TRP-20260601-0002025,10.00,cash,settled,2026-06-01 13:08:36
PAY-20260601-0002026,TRP-20260601-0002026,100.93,mada,settled,2026-06-01 14:25:34
PAY-20260601-0002027,TRP-20260601-0002027,31.00,apple_pay,settled,2026-06-01 13:08:08
PAY-20260601-0002028,TRP-20260601-0002028,136.06,cash,settled,2026-06-01 16:29:32
PAY-20260601-0002030,TRP-20260601-0002030,18.76,credit_card,settled,2026-06-01 15:28:07
PAY-20260601-0002031,TRP-20260601-0002031,73.38,stc_pay,settled,2026-06-01 18:14:32
PAY-20260601-0002032,TRP-20260601-0002032,31.56,credit_card,settled,2026-06-02 02:27:22
PAY-20260601-0002033,TRP-20260601-0002033,53.14,mada,settled,2026-06-01 18:08:05
PAY-20260601-0002034,TRP-20260601-0002034,12.26,mada,settled,2026-06-01 19:32:04
PAY-20260601-0002035,TRP-20260601-0002035,23.82,mada,settled,2026-06-02 00:58:02
PAY-20260601-0002036,TRP-20260601-0002036,29.58,mada,settled,2026-06-01 12:56:54
PAY-20260601-0002037,TRP-20260601-0002037,43.13,mada,pending,2026-06-01 23:47:07
PAY-20260601-0002038,TRP-20260601-0002038,29.57,apple_pay,settled,2026-06-01 16:24:38
PAY-20260601-0002039,TRP-20260601-0002039,21.79,credit_card,settled,2026-06-01 15:25:32
PAY-20260601-0002040,TRP-20260601-0002040,16.88,mada,settled,2026-06-01 20:20:28
PAY-20260601-0002041,TRP-20260601-0002041,20.53,credit_card,settled,2026-06-01 17:55:09
PAY-20260601-0002042,TRP-20260601-0002042,21.86,mada,pending,2026-06-01 21:27:58
PAY-20260601-0002043,TRP-20260601-0002043,30.08,apple_pay,settled,2026-06-01 18:52:23
PAY-20260601-0002044,TRP-20260601-0002044,20.90,cash,settled,2026-06-01 16:54:58
PAY-20260601-0002045,TRP-20260601-0002045,53.05,mada,settled,2026-06-01 09:28:00
PAY-20260601-0002046,TRP-20260601-0002046,23.26,credit_card,settled,2026-06-01 12:25:56
PAY-20260601-0002047,TRP-20260601-0002047,38.84,credit_card,settled,2026-06-02 14:13:32
PAY-20260601-0002048,TRP-20260601-0002048,14.58,wallet,settled,2026-06-01 19:54:37
PAY-20260601-0002049,TRP-20260601-0002049,34.74,apple_pay,settled,2026-06-02 06:05:35
PAY-20260601-0002051,TRP-20260601-0002051,14.18,apple_pay,settled,2026-06-01 22:08:24
PAY-20260601-0002052,TRP-20260601-0002052,36.29,mada,pending,2026-06-01 10:31:59
PAY-20260601-0002053,TRP-20260601-0002053,30.40,stc_pay,settled,2026-06-01 23:57:37
PAY-20260601-0002054,TRP-20260601-0002054,62.53,cash,settled,2026-06-01 08:34:46
PAY-20260601-0002055,TRP-20260601-0002055,37.91,cash,settled,2026-06-01 16:32:33
PAY-20260601-0002056,TRP-20260601-0002056,56.92,mada,settled,2026-06-02 16:06:25
PAY-20260601-0002057,TRP-20260601-0002057,14.18,credit_card,settled,2026-06-01 16:08:32
PAY-20260601-0002058,TRP-20260601-0002058,64.06,apple_pay,settled,2026-06-01 05:19:10
PAY-20260601-0002060,TRP-20260601-0002060,61.07,cash,settled,2026-06-01 05:42:28
PAY-20260601-0002061,TRP-20260601-0002061,17.36,mada,settled,2026-06-02 07:29:41
PAY-20260601-0002062,TRP-20260601-0002062,39.34,apple_pay,settled,2026-06-02 00:19:59
PAY-20260601-0002063,TRP-20260601-0002063,48.55,mada,settled,2026-06-01 17:18:03
PAY-20260601-0002064,TRP-20260601-0002064,6.00,stc_pay,settled,2026-06-01 12:47:40
PAY-20260601-0002065,TRP-20260601-0002065,27.08,credit_card,settled,2026-06-01 18:12:57
PAY-20260601-0002066,TRP-20260601-0002066,32.32,stc_pay,settled,2026-06-02 12:37:06
PAY-20260601-0002067,TRP-20260601-0002067,18.87,apple_pay,settled,2026-06-01 08:20:11
PAY-20260601-0002068,TRP-20260601-0002068,53.35,mada,settled,2026-06-02 02:38:03
PAY-20260601-0002069,TRP-20260601-0002069,40.04,credit_card,settled,2026-06-01 14:43:05
PAY-20260601-0002070,TRP-20260601-0002070,58.81,credit_card,settled,2026-06-01 18:33:46
PAY-20260601-0002071,TRP-20260601-0002071,54.04,mada,settled,2026-06-01 11:39:52
PAY-20260601-0002072,TRP-20260601-0002072,50.59,credit_card,settled,2026-06-01 12:05:01
PAY-20260601-0002073,TRP-20260601-0002073,19.59,cash,settled,2026-06-01 14:26:36
PAY-20260601-0002075,TRP-20260601-0002075,43.11,credit_card,settled,2026-06-01 19:33:27
PAY-20260601-0002076,TRP-20260601-0002076,34.21,mada,settled,2026-06-01 20:54:26
PAY-20260601-0002077,TRP-20260601-0002077,17.66,credit_card,settled,2026-06-02 00:56:55
PAY-20260601-0002078,TRP-20260601-0002078,53.04,apple_pay,settled,2026-06-01 15:36:03
PAY-20260601-0002079,TRP-20260601-0002079,25.89,wallet,settled,2026-06-02 05:28:42
PAY-20260601-0002080,TRP-20260601-0002080,24.87,cash,settled,2026-06-01 04:37:24
PAY-20260601-0002081,TRP-20260601-0002081,118.42,stc_pay,settled,2026-06-02 02:19:13
PAY-20260601-0002082,TRP-20260601-0002082,13.13,apple_pay,settled,2026-06-01 14:26:09
PAY-20260601-0002083,TRP-20260601-0002083,23.41,wallet,settled,2026-06-01 20:44:59
PAY-20260601-0002084,TRP-20260601-0002084,32.88,credit_card,settled,2026-05-31 23:30:51
PAY-20260601-0002085,TRP-20260601-0002085,32.15,apple_pay,settled,2026-06-01 04:44:16
PAY-20260601-0002086,TRP-20260601-0002086,98.23,mada,settled,2026-06-01 08:56:23
PAY-20260601-0002087,TRP-20260601-0002087,22.68,mada,settled,2026-06-01 13:24:17
PAY-20260601-0002088,TRP-20260601-0002088,99.04,mada,settled,2026-06-01 08:12:58
PAY-20260601-0002089,TRP-20260601-0002089,19.99,mada,settled,2026-06-01 10:15:36
PAY-20260601-0002090,TRP-20260601-0002090,19.83,credit_card,settled,2026-06-01 16:46:21
PAY-20260601-0002091,TRP-20260601-0002091,43.61,apple_pay,settled,2026-06-01 03:31:31
PAY-20260601-0002092,TRP-20260601-0002092,13.97,stc_pay,settled,2026-06-01 14:33:00
PAY-20260601-0002093,TRP-20260601-0002093,11.61,mada,settled,2026-06-01 06:56:55
PAY-20260601-0002094,TRP-20260601-0002094,33.18,mada,settled,2026-06-01 18:52:44
PAY-20260601-0002095,TRP-20260601-0002095,44.60,cash,settled,2026-06-01 15:46:23
PAY-20260601-0002096,TRP-20260601-0002096,32.41,mada,settled,2026-06-01 16:22:06
PAY-20260601-0002097,TRP-20260601-0002097,36.67,credit_card,settled,2026-06-01 05:08:33
PAY-20260601-0002098,TRP-20260601-0002098,146.62,mada,settled,2026-06-02 12:29:07
PAY-20260601-0002099,TRP-20260601-0002099,11.00,mada,settled,2026-06-01 14:41:06
PAY-20260601-0002100,TRP-20260601-0002100,26.47,mada,settled,2026-06-02 11:54:38
PAY-20260601-0002101,TRP-20260601-0002101,43.46,mada,settled,2026-06-02 06:02:37
PAY-20260601-0002102,TRP-20260601-0002102,66.24,credit_card,settled,2026-06-02 01:53:10
PAY-20260601-0002103,TRP-20260601-0002103,50.33,credit_card,settled,2026-06-02 06:58:24
PAY-20260601-0002104,TRP-20260601-0002104,31.28,mada,pending,2026-06-01 06:40:15
PAY-20260601-0002105,TRP-20260601-0002105,26.99,apple_pay,settled,2026-06-01 19:14:52
PAY-20260601-0002106,TRP-20260601-0002106,91.47,mada,settled,2026-06-01 12:38:05
PAY-20260601-0002107,TRP-20260601-0002107,40.76,cash,settled,2026-06-01 06:42:41
PAY-20260601-0002108,TRP-20260601-0002108,47.39,mada,settled,2026-06-01 18:04:05
PAY-20260601-0002109,TRP-20260601-0002109,35.19,wallet,settled,2026-06-01 13:27:52
PAY-20260601-0002110,TRP-20260601-0002110,62.74,stc_pay,settled,2026-06-01 15:12:46
PAY-20260601-0002111,TRP-20260601-0002111,20.51,mada,settled,2026-06-02 09:22:18
PAY-20260601-0002112,TRP-20260601-0002112,55.32,mada,settled,2026-06-01 21:14:28
PAY-20260601-0002113,TRP-20260601-0002113,75.20,mada,settled,2026-06-01 15:52:49
PAY-20260601-0002114,TRP-20260601-0002114,32.90,cash,settled,2026-06-01 08:27:55
PAY-20260601-0002115,TRP-20260601-0002115,43.32,mada,settled,2026-06-01 05:36:42
PAY-20260601-0002116,TRP-20260601-0002116,15.54,mada,settled,2026-06-01 22:27:23
PAY-20260601-0002117,TRP-20260601-0002117,14.11,mada,settled,2026-06-01 20:17:23
PAY-20260601-0002118,TRP-20260601-0002118,41.55,wallet,settled,2026-06-01 17:48:04
PAY-20260601-0002119,TRP-20260601-0002119,14.98,credit_card,settled,2026-06-01 20:37:08
PAY-20260601-0002120,TRP-20260601-0002120,64.97,credit_card,settled,2026-06-01 15:32:30
PAY-20260601-0002121,TRP-20260601-0002121,123.59,apple_pay,settled,2026-06-02 10:32:04
PAY-20260601-0002122,TRP-20260601-0002122,19.22,mada,settled,2026-06-01 23:10:45
PAY-20260601-0002123,TRP-20260601-0002123,40.27,credit_card,settled,2026-06-01 06:16:38
PAY-20260601-0002124,TRP-20260601-0002124,6.00,credit_card,settled,2026-06-01 05:40:06
PAY-20260601-0002125,TRP-20260601-0002125,25.36,credit_card,settled,2026-06-01 20:00:03
PAY-20260601-0002126,TRP-20260601-0002126,21.52,mada,settled,2026-06-01 11:16:10
PAY-20260601-0002127,TRP-20260601-0002127,141.28,apple_pay,settled,2026-06-01 07:12:52
PAY-20260601-0002128,TRP-20260601-0002128,10.00,credit_card,settled,2026-06-01 18:55:46
PAY-20260601-0002129,TRP-20260601-0002129,66.27,stc_pay,settled,2026-06-01 06:17:59
PAY-20260601-0002130,TRP-20260601-0002130,40.37,mada,settled,2026-06-01 11:41:31
PAY-20260601-0002131,TRP-20260601-0002131,46.86,stc_pay,settled,2026-06-01 09:13:10
PAY-20260601-0002132,TRP-20260601-0002132,39.41,mada,settled,2026-06-01 09:06:54
PAY-20260601-0002133,TRP-20260601-0002133,17.98,mada,settled,2026-06-01 06:37:35
PAY-20260601-0002134,TRP-20260601-0002134,54.19,credit_card,settled,2026-06-01 16:12:56
PAY-20260601-0002135,TRP-20260601-0002135,92.70,stc_pay,settled,2026-06-01 15:05:18
PAY-20260601-0002136,TRP-20260601-0002136,18.52,mada,settled,2026-06-01 18:24:18
PAY-20260601-0002137,TRP-20260601-0002137,18.66,apple_pay,settled,2026-06-01 06:21:00
PAY-20260601-0002138,TRP-20260601-0002138,24.07,credit_card,settled,2026-06-01 15:50:43
PAY-20260601-0002139,TRP-20260601-0002139,12.08,credit_card,settled,2026-06-01 10:48:13
PAY-20260601-0002140,TRP-20260601-0002140,57.84,wallet,settled,2026-06-02 04:55:51
PAY-20260601-0002141,TRP-20260601-0002141,109.63,mada,settled,2026-06-02 18:12:24
PAY-20260601-0002142,TRP-20260601-0002142,21.64,mada,settled,2026-06-01 18:03:29
PAY-20260601-0002143,TRP-20260601-0002143,26.67,mada,pending,2026-06-01 17:58:19
PAY-20260601-0002144,TRP-20260601-0002144,10.00,mada,settled,2026-05-31 22:37:48
PAY-20260601-0002145,TRP-20260601-0002145,15.16,stc_pay,settled,2026-06-01 22:59:26
PAY-20260601-0002146,TRP-20260601-0002146,16.56,cash,settled,2026-06-01 10:36:46
PAY-20260601-0002147,TRP-20260601-0002147,79.23,mada,settled,2026-06-02 07:34:22
PAY-20260601-0002148,TRP-20260601-0002148,15.80,apple_pay,settled,2026-06-01 21:55:48
PAY-20260601-0002149,TRP-20260601-0002149,45.13,cash,settled,2026-06-01 19:23:59
PAY-20260601-0002150,TRP-20260601-0002150,17.98,credit_card,settled,2026-06-01 22:02:08
PAY-20260601-0002151,TRP-20260601-0002151,63.50,stc_pay,settled,2026-06-01 14:08:27
PAY-20260601-0002152,TRP-20260601-0002152,49.96,credit_card,settled,2026-06-01 16:47:06
PAY-20260601-0002153,TRP-20260601-0002153,28.17,apple_pay,settled,2026-06-01 11:24:16
PAY-20260601-0002154,TRP-20260601-0002154,47.59,mada,settled,2026-06-01 19:05:05
PAY-20260601-0002155,TRP-20260601-0002155,122.52,mada,settled,2026-06-01 20:39:44
PAY-20260601-0002157,TRP-20260601-0002157,39.29,mada,settled,2026-06-01 08:33:36
PAY-20260601-0002158,TRP-20260601-0002158,23.07,cash,settled,2026-06-01 12:01:12
PAY-20260601-0002159,TRP-20260601-0002159,84.80,mada,settled,2026-06-01 16:06:57
PAY-20260601-0002160,TRP-20260601-0002160,47.84,mada,settled,2026-06-01 16:00:56
PAY-20260601-0002161,TRP-20260601-0002161,51.75,credit_card,settled,2026-06-01 19:08:44
PAY-20260601-0002162,TRP-20260601-0002162,40.46,cash,settled,2026-06-01 05:00:47
PAY-20260601-0002163,TRP-20260601-0002163,27.57,apple_pay,settled,2026-06-01 11:22:24
PAY-20260601-0002164,TRP-20260601-0002164,15.84,stc_pay,settled,2026-06-01 09:09:02
PAY-20260601-0002165,TRP-20260601-0002165,15.48,mada,settled,2026-06-01 10:06:49
PAY-20260601-0002166,TRP-20260601-0002166,16.70,stc_pay,settled,2026-06-01 09:07:27
PAY-20260601-0002167,TRP-20260601-0002167,98.59,mada,settled,2026-06-02 00:08:32
PAY-20260601-0002168,TRP-20260601-0002168,19.52,credit_card,settled,2026-06-01 11:41:41
PAY-20260601-0002169,TRP-20260601-0002169,87.72,stc_pay,settled,2026-06-01 16:59:45
PAY-20260601-0002170,TRP-20260601-0002170,20.50,wallet,settled,2026-06-01 14:18:23
PAY-20260601-0002171,TRP-20260601-0002171,16.55,apple_pay,settled,2026-06-02 02:15:14
PAY-20260601-0002172,TRP-20260601-0002172,88.36,credit_card,settled,2026-06-01 06:01:04
PAY-20260601-0002173,TRP-20260601-0002173,13.02,cash,settled,2026-06-01 05:51:05
PAY-20260601-0002174,TRP-20260601-0002174,24.80,mada,pending,2026-06-01 20:43:29
PAY-20260601-0002175,TRP-20260601-0002175,13.02,cash,settled,2026-06-01 16:15:06
PAY-20260601-0002176,TRP-20260601-0002176,139.82,cash,settled,2026-06-01 15:35:51
PAY-20260601-0002177,TRP-20260601-0002177,23.01,apple_pay,settled,2026-06-01 17:21:42
PAY-20260601-0002178,TRP-20260601-0002178,31.55,mada,settled,2026-06-02 10:27:04
PAY-20260601-0002179,TRP-20260601-0002179,16.70,mada,settled,2026-06-01 15:40:32
PAY-20260601-0002180,TRP-20260601-0002180,123.24,credit_card,settled,2026-06-02 06:13:07
PAY-20260601-0002181,TRP-20260601-0002181,86.63,apple_pay,settled,2026-06-01 05:31:26
PAY-20260601-0002182,TRP-20260601-0002182,31.95,wallet,settled,2026-06-01 14:39:32
PAY-20260601-0002183,TRP-20260601-0002183,8.00,cash,settled,2026-06-01 03:25:39
PAY-20260601-0002184,TRP-20260601-0002184,25.68,mada,settled,2026-06-02 04:30:03
PAY-20260601-0002185,TRP-20260601-0002185,42.98,wallet,settled,2026-06-01 16:58:00
PAY-20260601-0002186,TRP-20260601-0002186,43.10,cash,settled,2026-06-01 15:39:02
PAY-20260601-0002187,TRP-20260601-0002187,29.54,cash,settled,2026-06-01 13:45:13
PAY-20260601-0002188,TRP-20260601-0002188,61.81,apple_pay,settled,2026-06-01 12:02:39
PAY-20260601-0002189,TRP-20260601-0002189,23.37,mada,settled,2026-06-02 16:48:13
PAY-20260601-0002190,TRP-20260601-0002190,46.52,wallet,settled,2026-06-01 14:36:48
PAY-20260601-0002191,TRP-20260601-0002191,29.00,mada,settled,2026-06-01 11:26:22
PAY-20260601-0002192,TRP-20260601-0002192,26.73,mada,settled,2026-06-01 19:28:57
PAY-20260601-0002193,TRP-20260601-0002193,25.02,stc_pay,pending,2026-06-01 16:02:38
PAY-20260601-0002194,TRP-20260601-0002194,35.95,wallet,settled,2026-06-01 03:41:16
PAY-20260601-0002195,TRP-20260601-0002195,62.84,wallet,settled,2026-06-01 13:07:30
PAY-20260601-0002196,TRP-20260601-0002196,91.37,stc_pay,settled,2026-06-02 04:49:18
PAY-20260601-0002197,TRP-20260601-0002197,20.45,stc_pay,settled,2026-06-01 14:25:19
PAY-20260601-0002198,TRP-20260601-0002198,26.51,cash,settled,2026-06-01 05:40:29
PAY-20260601-0002199,TRP-20260601-0002199,16.58,mada,settled,2026-06-01 16:31:02
PAY-20260601-0002200,TRP-20260601-0002200,60.98,apple_pay,settled,2026-06-01 06:28:32
PAY-20260601-0002201,TRP-20260601-0002201,35.09,cash,settled,2026-06-01 18:19:22
PAY-20260601-0002202,TRP-20260601-0002202,35.27,mada,settled,2026-06-01 21:46:21
PAY-20260601-0002203,TRP-20260601-0002203,32.72,credit_card,settled,2026-06-01 15:44:14
PAY-20260601-0002204,TRP-20260601-0002204,13.99,apple_pay,settled,2026-06-01 13:04:46
PAY-20260601-0002205,TRP-20260601-0002205,17.35,mada,settled,2026-06-01 05:45:56
PAY-20260601-0002206,TRP-20260601-0002206,36.00,credit_card,settled,2026-06-01 04:07:21
PAY-20260601-0002207,TRP-20260601-0002207,53.77,apple_pay,settled,2026-06-01 15:36:42
PAY-20260601-0002208,TRP-20260601-0002208,41.76,mada,settled,2026-06-02 11:02:01
PAY-20260601-0002209,TRP-20260601-0002209,32.84,cash,settled,2026-06-01 16:41:30
PAY-20260601-0002210,TRP-20260601-0002210,23.69,credit_card,settled,2026-06-01 16:06:24
PAY-20260601-0002212,TRP-20260601-0002212,13.68,mada,settled,2026-06-01 16:16:36
PAY-20260601-0002213,TRP-20260601-0002213,12.11,mada,settled,2026-06-01 20:28:03
PAY-20260601-0002214,TRP-20260601-0002214,17.75,credit_card,settled,2026-06-01 07:05:03
PAY-20260601-0002216,TRP-20260601-0002216,36.72,credit_card,settled,2026-06-01 10:46:06
PAY-20260601-0002217,TRP-20260601-0002217,62.02,stc_pay,settled,2026-06-02 04:50:37
PAY-20260601-0002218,TRP-20260601-0002218,11.36,apple_pay,settled,2026-06-01 05:16:18
PAY-20260601-0002219,TRP-20260601-0002219,101.03,credit_card,settled,2026-06-01 23:48:47
PAY-20260601-0002220,TRP-20260601-0002220,12.00,credit_card,settled,2026-06-02 00:58:31
PAY-20260601-0002221,TRP-20260601-0002221,20.73,credit_card,settled,2026-06-01 08:39:42
PAY-20260601-0002222,TRP-20260601-0002222,34.67,stc_pay,settled,2026-06-02 08:35:37
PAY-20260601-0002223,TRP-20260601-0002223,15.67,stc_pay,settled,2026-06-01 11:47:37
PAY-20260601-0002224,TRP-20260601-0002224,58.39,apple_pay,settled,2026-06-01 08:16:18
PAY-20260601-0002225,TRP-20260601-0002225,18.06,cash,settled,2026-06-01 06:10:28
PAY-20260601-0002226,TRP-20260601-0002226,23.85,apple_pay,settled,2026-06-02 05:31:58
PAY-20260601-0002227,TRP-20260601-0002227,44.83,stc_pay,settled,2026-06-01 05:40:43
PAY-20260601-0002228,TRP-20260601-0002228,94.42,mada,settled,2026-06-01 09:47:13
PAY-20260601-0002229,TRP-20260601-0002229,26.94,stc_pay,settled,2026-06-01 10:45:40
PAY-20260601-0002230,TRP-20260601-0002230,40.65,credit_card,failed,2026-06-02 16:06:35
PAY-20260601-0002231,TRP-20260601-0002231,27.70,mada,settled,2026-06-01 14:45:29
PAY-20260601-0002232,TRP-20260601-0002232,139.79,mada,settled,2026-06-01 06:06:59
PAY-20260601-0002233,TRP-20260601-0002233,31.17,cash,settled,2026-06-01 18:38:12
PAY-20260601-0002234,TRP-20260601-0002234,40.08,wallet,settled,2026-06-01 18:13:20
PAY-20260601-0002235,TRP-20260601-0002235,11.00,mada,settled,2026-05-31 21:27:44
PAY-20260601-0002236,TRP-20260601-0002236,22.10,cash,settled,2026-06-01 20:01:35
PAY-20260601-0002238,TRP-20260601-0002238,23.97,cash,settled,2026-06-01 18:20:27
PAY-20260601-0002239,TRP-20260601-0002239,78.06,apple_pay,settled,2026-06-01 16:58:34
PAY-20260601-0002240,TRP-20260601-0002240,19.53,stc_pay,settled,2026-06-01 05:23:53
PAY-20260601-0002241,TRP-20260601-0002241,10.00,mada,settled,2026-06-01 23:48:29
PAY-20260601-0002242,TRP-20260601-0002242,12.90,credit_card,settled,2026-06-02 18:32:58
PAY-20260601-0002243,TRP-20260601-0002243,100.31,cash,settled,2026-06-01 06:09:55
PAY-20260601-0002244,TRP-20260601-0002244,17.70,apple_pay,settled,2026-06-01 16:00:35
PAY-20260601-0002245,TRP-20260601-0002245,12.00,mada,settled,2026-06-01 04:22:23
PAY-20260601-0002246,TRP-20260601-0002246,26.18,mada,settled,2026-06-01 09:52:02
PAY-20260601-0002247,TRP-20260601-0002247,22.48,cash,settled,2026-06-01 04:22:17
PAY-20260601-0002248,TRP-20260601-0002248,14.51,mada,settled,2026-06-01 18:00:45
PAY-20260601-0002249,TRP-20260601-0002249,39.79,mada,settled,2026-06-01 04:43:51
PAY-20260601-0002250,TRP-20260601-0002250,24.18,mada,settled,2026-06-02 06:31:58
PAY-20260601-0002251,TRP-20260601-0002251,17.11,apple_pay,settled,2026-06-01 11:50:28
PAY-20260601-0002252,TRP-20260601-0002252,99.24,mada,settled,2026-06-01 09:28:54
PAY-20260601-0002253,TRP-20260601-0002253,52.25,mada,settled,2026-06-01 18:55:38
PAY-20260601-0002254,TRP-20260601-0002254,19.72,credit_card,settled,2026-06-01 20:29:07
PAY-20260601-0002255,TRP-20260601-0002255,26.89,mada,settled,2026-06-01 08:41:48
PAY-20260601-0002256,TRP-20260601-0002256,24.37,apple_pay,settled,2026-06-02 10:29:50
PAY-20260601-0002257,TRP-20260601-0002257,36.93,credit_card,settled,2026-06-01 12:34:34
PAY-20260601-0002258,TRP-20260601-0002258,79.57,wallet,refunded,2026-06-01 18:03:52
PAY-20260601-0002259,TRP-20260601-0002259,19.93,cash,settled,2026-06-01 17:43:49
PAY-20260601-0002260,TRP-20260601-0002260,6.00,mada,settled,2026-06-01 08:15:26
PAY-20260601-0002261,TRP-20260601-0002261,73.00,credit_card,settled,2026-06-02 13:52:25
PAY-20260601-0002262,TRP-20260601-0002262,27.02,apple_pay,settled,2026-06-01 14:01:14
PAY-20260601-0002263,TRP-20260601-0002263,23.01,apple_pay,settled,2026-06-01 08:27:46
PAY-20260601-0002264,TRP-20260601-0002264,24.74,stc_pay,settled,2026-06-01 09:37:42
PAY-20260601-0002265,TRP-20260601-0002265,6.00,mada,settled,2026-06-01 16:45:42
PAY-20260601-0002266,TRP-20260601-0002266,26.67,wallet,settled,2026-06-01 20:41:21
PAY-20260601-0002267,TRP-20260601-0002267,15.10,credit_card,settled,2026-06-01 20:30:25
PAY-20260601-0002268,TRP-20260601-0002268,45.96,apple_pay,settled,2026-06-01 15:10:24
PAY-20260601-0002269,TRP-20260601-0002269,77.43,stc_pay,settled,2026-06-01 00:39:07
PAY-20260601-0002270,TRP-20260601-0002270,56.62,mada,settled,2026-06-01 21:29:12
PAY-20260601-0002271,TRP-20260601-0002271,23.23,mada,settled,2026-06-02 18:00:05
PAY-20260601-0002272,TRP-20260601-0002272,29.86,credit_card,settled,2026-06-01 17:43:14
PAY-20260601-0002273,TRP-20260601-0002273,26.00,credit_card,settled,2026-06-02 03:51:37
PAY-20260601-0002274,TRP-20260601-0002274,119.02,mada,settled,2026-06-01 21:16:21
PAY-20260601-0002275,TRP-20260601-0002275,17.55,mada,settled,2026-06-01 16:59:02
PAY-20260601-0002276,TRP-20260601-0002276,50.16,credit_card,settled,2026-06-02 01:17:18
PAY-20260601-0002277,TRP-20260601-0002277,22.91,mada,settled,2026-06-01 17:56:18
PAY-20260601-0002278,TRP-20260601-0002278,22.02,credit_card,settled,2026-06-01 06:08:17
PAY-20260601-0002279,TRP-20260601-0002279,59.09,stc_pay,settled,2026-06-01 18:57:01
PAY-20260601-0002280,TRP-20260601-0002280,43.55,credit_card,settled,2026-06-01 16:38:21
PAY-20260601-0002281,TRP-20260601-0002281,105.80,apple_pay,settled,2026-06-01 15:56:55
PAY-20260601-0002282,TRP-20260601-0002282,32.18,stc_pay,settled,2026-06-02 07:33:54
PAY-20260601-0002283,TRP-20260601-0002283,34.91,stc_pay,settled,2026-06-02 09:38:06
PAY-20260601-0002284,TRP-20260601-0002284,59.40,stc_pay,failed,2026-06-01 05:54:45
PAY-20260601-0002285,TRP-20260601-0002285,18.17,credit_card,settled,2026-06-01 19:01:55
PAY-20260601-0002286,TRP-20260601-0002286,98.16,credit_card,settled,2026-06-02 03:53:38
PAY-20260601-0002287,TRP-20260601-0002287,21.97,mada,settled,2026-06-01 09:20:42
PAY-20260601-0002288,TRP-20260601-0002288,85.42,credit_card,settled,2026-06-01 22:19:28
PAY-20260601-0002289,TRP-20260601-0002289,66.78,cash,settled,2026-06-01 10:45:10
PAY-20260601-0002290,TRP-20260601-0002290,52.79,mada,settled,2026-06-01 15:57:41
PAY-20260601-0002291,TRP-20260601-0002291,19.75,mada,settled,2026-06-01 09:41:24
PAY-20260601-0002292,TRP-20260601-0002292,261.44,mada,settled,2026-06-02 07:07:10
PAY-20260601-0002293,TRP-20260601-0002293,24.85,cash,settled,2026-06-01 19:32:09
PAY-20260601-0002294,TRP-20260601-0002294,74.42,mada,settled,2026-06-01 23:10:15
PAY-20260601-0002295,TRP-20260601-0002295,16.64,cash,settled,2026-06-01 15:49:37
PAY-20260601-0002296,TRP-20260601-0002296,30.35,cash,settled,2026-06-01 05:27:05
PAY-20260601-0002297,TRP-20260601-0002297,18.44,apple_pay,settled,2026-06-01 16:04:07
PAY-20260601-0002298,TRP-20260601-0002298,66.35,wallet,settled,2026-06-01 05:41:13
PAY-20260601-0002299,TRP-20260601-0002299,134.52,wallet,settled,2026-06-01 15:15:14
PAY-20260601-0002300,TRP-20260601-0002300,11.00,apple_pay,settled,2026-06-01 22:22:39
PAY-20260601-0002301,TRP-20260601-0002301,10.00,cash,settled,2026-06-01 12:37:28
PAY-20260601-0002302,TRP-20260601-0002302,12.69,mada,settled,2026-06-01 18:07:12
PAY-20260601-0002303,TRP-20260601-0002303,16.82,stc_pay,settled,2026-06-01 13:26:30
PAY-20260601-0002304,TRP-20260601-0002304,19.88,mada,settled,2026-06-02 04:19:55
PAY-20260601-0002305,TRP-20260601-0002305,21.90,stc_pay,settled,2026-06-01 16:14:09
PAY-20260601-0002306,TRP-20260601-0002306,20.35,wallet,settled,2026-06-01 01:31:08
PAY-20260601-0002307,TRP-20260601-0002307,25.79,credit_card,settled,2026-06-01 17:24:10
PAY-20260601-0002308,TRP-20260601-0002308,12.03,stc_pay,settled,2026-06-01 18:53:26
PAY-20260601-0002309,TRP-20260601-0002309,71.98,mada,settled,2026-06-01 14:41:55
PAY-20260601-0002310,TRP-20260601-0002310,22.57,cash,settled,2026-06-01 17:30:27
PAY-20260601-0002311,TRP-20260601-0002311,60.57,mada,settled,2026-06-01 10:09:06
PAY-20260601-0002312,TRP-20260601-0002312,14.73,stc_pay,settled,2026-06-02 01:13:35
PAY-20260601-0002313,TRP-20260601-0002313,10.00,apple_pay,settled,2026-06-01 21:19:05
PAY-20260601-0002314,TRP-20260601-0002314,23.66,credit_card,settled,2026-06-02 07:37:09
PAY-20260601-0002315,TRP-20260601-0002315,19.06,mada,settled,2026-06-01 19:34:53
PAY-20260601-0002316,TRP-20260601-0002316,12.83,mada,settled,2026-06-02 01:06:15
PAY-20260601-0002317,TRP-20260601-0002317,32.28,mada,settled,2026-06-02 00:16:27
PAY-20260601-0002318,TRP-20260601-0002318,21.00,credit_card,settled,2026-06-01 17:10:16
PAY-20260601-0002319,TRP-20260601-0002319,54.38,apple_pay,settled,2026-06-01 14:11:51
PAY-20260601-0002320,TRP-20260601-0002320,128.42,cash,settled,2026-06-01 21:38:12
PAY-20260601-0002321,TRP-20260601-0002321,40.55,credit_card,settled,2026-06-02 12:21:45
PAY-20260601-0002322,TRP-20260601-0002322,61.37,mada,settled,2026-06-02 04:22:25
PAY-20260601-0002323,TRP-20260601-0002323,55.72,mada,settled,2026-06-01 13:45:33
PAY-20260601-0002324,TRP-20260601-0002324,108.17,stc_pay,settled,2026-06-01 21:14:57
PAY-20260601-0002325,TRP-20260601-0002325,55.81,mada,settled,2026-06-01 17:18:42
PAY-20260601-0002326,TRP-20260601-0002326,46.12,stc_pay,settled,2026-06-01 05:29:26
PAY-20260601-0002327,TRP-20260601-0002327,14.17,mada,settled,2026-06-01 22:59:27
PAY-20260601-0002328,TRP-20260601-0002328,131.01,mada,settled,2026-06-01 19:41:31
PAY-20260601-0002329,TRP-20260601-0002329,10.00,apple_pay,settled,2026-06-01 09:35:36
PAY-20260601-0002330,TRP-20260601-0002330,54.34,credit_card,failed,2026-06-01 15:41:13
PAY-20260601-0002331,TRP-20260601-0002331,21.50,cash,settled,2026-06-01 04:21:44
PAY-20260601-0002332,TRP-20260601-0002332,29.55,mada,settled,2026-06-02 05:12:09
PAY-20260601-0002334,TRP-20260601-0002334,64.38,credit_card,settled,2026-06-01 11:02:01
PAY-20260601-0002335,TRP-20260601-0002335,12.84,apple_pay,settled,2026-06-01 12:36:09
PAY-20260601-0002336,TRP-20260601-0002336,10.00,mada,settled,2026-06-01 22:54:22
PAY-20260601-0002337,TRP-20260601-0002337,98.50,stc_pay,settled,2026-06-01 18:17:34
PAY-20260601-0002338,TRP-20260601-0002338,6.00,stc_pay,settled,2026-06-01 17:22:02
PAY-20260601-0002340,TRP-20260601-0002340,38.44,apple_pay,failed,2026-06-01 05:02:50
PAY-20260601-0002341,TRP-20260601-0002341,36.13,cash,settled,2026-06-01 06:56:49
PAY-20260601-0002342,TRP-20260601-0002342,39.64,stc_pay,settled,2026-06-01 18:54:39
PAY-20260601-0002343,TRP-20260601-0002343,20.91,mada,settled,2026-06-02 09:56:37
PAY-20260601-0002344,TRP-20260601-0002344,25.71,cash,settled,2026-06-01 06:37:38
PAY-20260601-0002345,TRP-20260601-0002345,41.46,credit_card,settled,2026-06-01 23:34:22
PAY-20260601-0002346,TRP-20260601-0002346,22.27,credit_card,settled,2026-06-01 20:33:14
PAY-20260601-0002347,TRP-20260601-0002347,8.00,apple_pay,settled,2026-06-01 18:20:39
PAY-20260601-0002348,TRP-20260601-0002348,69.48,mada,settled,2026-06-01 13:03:57
PAY-20260601-0002349,TRP-20260601-0002349,82.47,wallet,failed,2026-06-01 17:56:00
PAY-20260601-0002351,TRP-20260601-0002351,159.49,mada,settled,2026-06-01 18:53:42
PAY-20260601-0002352,TRP-20260601-0002352,13.67,mada,settled,2026-06-01 06:04:12
PAY-20260601-0002353,TRP-20260601-0002353,53.48,stc_pay,settled,2026-06-01 06:35:08
PAY-20260601-0002354,TRP-20260601-0002354,17.35,credit_card,settled,2026-06-02 02:49:34
PAY-20260601-0002355,TRP-20260601-0002355,32.51,wallet,settled,2026-06-01 20:24:06
PAY-20260601-0002356,TRP-20260601-0002356,15.05,mada,settled,2026-06-01 11:05:56
PAY-20260601-0002357,TRP-20260601-0002357,19.98,stc_pay,settled,2026-06-01 15:28:11
PAY-20260601-0002358,TRP-20260601-0002358,59.36,mada,settled,2026-06-01 08:01:21
PAY-20260601-0002359,TRP-20260601-0002359,19.53,cash,settled,2026-06-01 05:51:38
PAY-20260601-0002360,TRP-20260601-0002360,21.26,mada,settled,2026-06-01 20:07:45
PAY-20260601-0002361,TRP-20260601-0002361,6.00,wallet,settled,2026-06-01 15:15:51
PAY-20260601-0002362,TRP-20260601-0002362,19.29,credit_card,settled,2026-06-01 20:08:08
PAY-20260601-0002363,TRP-20260601-0002363,30.27,mada,settled,2026-06-01 15:31:24
PAY-20260601-0002364,TRP-20260601-0002364,63.93,credit_card,settled,2026-06-01 17:28:52
PAY-20260601-0002365,TRP-20260601-0002365,26.72,cash,settled,2026-06-01 12:43:11
PAY-20260601-0002366,TRP-20260601-0002366,23.50,credit_card,settled,2026-06-01 10:55:03
PAY-20260601-0002367,TRP-20260601-0002367,12.31,cash,settled,2026-06-01 04:00:46
PAY-20260601-0002368,TRP-20260601-0002368,10.00,mada,settled,2026-06-01 15:07:40
PAY-20260601-0002369,TRP-20260601-0002369,22.93,mada,settled,2026-06-01 16:42:05
PAY-20260601-0002370,TRP-20260601-0002370,39.28,credit_card,settled,2026-06-02 11:32:51
PAY-20260601-0002371,TRP-20260601-0002371,44.18,cash,settled,2026-06-01 09:23:12
PAY-20260601-0002372,TRP-20260601-0002372,8.00,stc_pay,settled,2026-06-02 05:05:51
PAY-20260601-0002373,TRP-20260601-0002373,16.78,stc_pay,settled,2026-06-01 13:19:50
PAY-20260601-0002374,TRP-20260601-0002374,102.47,apple_pay,pending,2026-06-01 06:44:24
PAY-20260601-0002376,TRP-20260601-0002376,41.25,mada,settled,2026-06-01 17:51:30
PAY-20260601-0002377,TRP-20260601-0002377,28.34,cash,settled,2026-06-01 16:09:08
PAY-20260601-0002378,TRP-20260601-0002378,30.66,mada,settled,2026-06-01 21:42:15
PAY-20260601-0002379,TRP-20260601-0002379,67.46,credit_card,settled,2026-06-01 16:24:31
PAY-20260601-0002380,TRP-20260601-0002380,83.32,stc_pay,settled,2026-06-01 17:10:52
PAY-20260601-0002381,TRP-20260601-0002381,21.25,mada,settled,2026-06-01 16:48:28
PAY-20260601-0002382,TRP-20260601-0002382,12.53,credit_card,settled,2026-06-01 12:03:55
PAY-20260601-0002383,TRP-20260601-0002383,17.95,credit_card,settled,2026-05-31 21:53:11
PAY-20260601-0002384,TRP-20260601-0002384,46.42,mada,settled,2026-06-01 19:42:38
PAY-20260601-0002385,TRP-20260601-0002385,26.06,apple_pay,settled,2026-06-01 08:20:27
PAY-20260601-0002386,TRP-20260601-0002386,10.30,apple_pay,settled,2026-06-01 06:38:51
PAY-20260601-0002387,TRP-20260601-0002387,21.44,credit_card,settled,2026-06-01 13:05:29
PAY-20260601-0002388,TRP-20260601-0002388,59.50,cash,settled,2026-06-01 20:38:37
PAY-20260601-0002389,TRP-20260601-0002389,6.00,mada,settled,2026-06-02 02:56:26
PAY-20260601-0002390,TRP-20260601-0002390,14.01,apple_pay,settled,2026-05-31 22:40:39
PAY-20260601-0002391,TRP-20260601-0002391,13.37,credit_card,settled,2026-06-01 08:40:00
PAY-20260601-0002392,TRP-20260601-0002392,57.07,cash,settled,2026-06-01 05:53:21
PAY-20260601-0002394,TRP-20260601-0002394,38.94,mada,settled,2026-06-01 23:03:53
PAY-20260601-0002395,TRP-20260601-0002395,13.30,credit_card,settled,2026-06-01 06:24:13
PAY-20260601-0002396,TRP-20260601-0002396,18.90,wallet,settled,2026-06-01 10:51:14
PAY-20260601-0002397,TRP-20260601-0002397,12.19,credit_card,settled,2026-06-01 13:51:37
PAY-20260601-0002398,TRP-20260601-0002398,17.33,stc_pay,settled,2026-06-01 11:56:27
PAY-20260601-0002399,TRP-20260601-0002399,25.88,cash,settled,2026-06-01 06:16:52
PAY-20260601-0002400,TRP-20260601-0002400,27.69,apple_pay,settled,2026-06-02 10:16:27
PAY-20260601-0002401,TRP-20260601-0002401,17.01,credit_card,settled,2026-06-02 12:26:33
PAY-20260601-0002402,TRP-20260601-0002402,41.26,cash,settled,2026-06-01 14:22:50
PAY-20260601-0002403,TRP-20260601-0002403,36.32,credit_card,settled,2026-06-01 15:01:11
PAY-20260601-0002404,TRP-20260601-0002404,15.05,apple_pay,settled,2026-06-01 03:45:31
PAY-20260601-0002405,TRP-20260601-0002405,23.66,mada,settled,2026-06-01 14:40:19
PAY-20260601-0002407,TRP-20260601-0002407,15.50,credit_card,settled,2026-06-01 22:33:13
PAY-20260601-0002408,TRP-20260601-0002408,12.00,wallet,settled,2026-06-01 22:48:05
PAY-20260601-0002409,TRP-20260601-0002409,34.75,mada,settled,2026-06-01 08:54:11
PAY-20260601-0002410,TRP-20260601-0002410,142.11,mada,settled,2026-06-01 19:45:21
PAY-20260601-0002411,TRP-20260601-0002411,11.28,credit_card,settled,2026-06-01 18:57:04
PAY-20260601-0002412,TRP-20260601-0002412,29.75,apple_pay,settled,2026-06-01 13:09:01
PAY-20260601-0002413,TRP-20260601-0002413,14.21,stc_pay,settled,2026-06-01 23:04:39
PAY-20260601-0002414,TRP-20260601-0002414,53.22,cash,settled,2026-05-31 22:37:12
PAY-20260601-0002415,TRP-20260601-0002415,78.78,stc_pay,settled,2026-06-01 15:23:21
PAY-20260601-0002416,TRP-20260601-0002416,23.46,wallet,settled,2026-06-01 15:39:17
PAY-20260601-0002417,TRP-20260601-0002417,62.21,apple_pay,settled,2026-06-01 09:10:29
PAY-20260601-0002418,TRP-20260601-0002418,113.84,cash,settled,2026-06-01 21:31:41
PAY-20260601-0002419,TRP-20260601-0002419,92.11,cash,settled,2026-06-01 06:13:58
PAY-20260601-0002420,TRP-20260601-0002420,25.66,stc_pay,settled,2026-06-01 17:37:40
PAY-20260601-0002421,TRP-20260601-0002421,25.32,cash,settled,2026-06-01 06:23:20
PAY-20260601-0002422,TRP-20260601-0002422,118.56,credit_card,settled,2026-06-01 12:36:15
PAY-20260601-0002423,TRP-20260601-0002423,26.95,mada,settled,2026-06-02 13:02:57
PAY-20260601-0002424,TRP-20260601-0002424,15.90,credit_card,settled,2026-06-01 12:47:58
PAY-20260601-0002425,TRP-20260601-0002425,37.54,apple_pay,settled,2026-06-01 03:51:17
PAY-20260601-0002426,TRP-20260601-0002426,34.50,stc_pay,settled,2026-06-02 01:17:40
PAY-20260601-0002427,TRP-20260601-0002427,37.77,cash,settled,2026-06-01 08:13:16
PAY-20260601-0002428,TRP-20260601-0002428,97.40,stc_pay,settled,2026-06-01 21:17:14
PAY-20260601-0002429,TRP-20260601-0002429,35.85,mada,settled,2026-06-01 09:06:14
PAY-20260601-0002430,TRP-20260601-0002430,30.35,apple_pay,settled,2026-06-01 13:15:37
PAY-20260601-0002431,TRP-20260601-0002431,52.14,mada,settled,2026-06-02 14:22:04
PAY-20260601-0002432,TRP-20260601-0002432,10.00,apple_pay,settled,2026-06-02 07:44:38
PAY-20260601-0002433,TRP-20260601-0002433,36.79,wallet,settled,2026-06-02 16:35:31
PAY-20260601-0002434,TRP-20260601-0002434,19.68,mada,settled,2026-06-02 01:41:39
PAY-20260601-0002435,TRP-20260601-0002435,35.65,mada,settled,2026-06-01 09:58:47
PAY-20260601-0002436,TRP-20260601-0002436,18.62,cash,settled,2026-06-01 09:29:50
PAY-20260601-0002437,TRP-20260601-0002437,12.00,mada,settled,2026-06-01 05:29:16
PAY-20260601-0002438,TRP-20260601-0002438,58.40,mada,settled,2026-06-01 19:37:46
PAY-20260601-0002439,TRP-20260601-0002439,14.54,cash,settled,2026-06-01 15:37:37
PAY-20260601-0002440,TRP-20260601-0002440,6.00,mada,settled,2026-06-01 08:44:20
PAY-20260601-0002441,TRP-20260601-0002441,13.76,mada,settled,2026-06-01 19:52:13
PAY-20260601-0002442,TRP-20260601-0002442,66.01,apple_pay,settled,2026-06-01 22:03:22
PAY-20260601-0002443,TRP-20260601-0002443,14.63,apple_pay,settled,2026-06-02 03:05:51
PAY-20260601-0002444,TRP-20260601-0002444,23.56,mada,settled,2026-06-01 04:36:02
PAY-20260601-0002445,TRP-20260601-0002445,75.78,cash,settled,2026-06-01 17:43:54
PAY-20260601-0002446,TRP-20260601-0002446,24.55,wallet,settled,2026-06-01 14:11:37
PAY-20260601-0002447,TRP-20260601-0002447,94.26,mada,settled,2026-06-01 08:26:32
PAY-20260601-0002448,TRP-20260601-0002448,92.95,stc_pay,settled,2026-06-02 04:11:19
PAY-20260601-0002449,TRP-20260601-0002449,14.21,stc_pay,settled,2026-06-01 22:14:42
PAY-20260601-0002450,TRP-20260601-0002450,14.89,credit_card,settled,2026-06-01 06:33:40
PAY-20260601-0002451,TRP-20260601-0002451,30.87,mada,settled,2026-06-01 05:52:03
PAY-20260601-0002452,TRP-20260601-0002452,8.00,credit_card,settled,2026-06-01 09:10:59
PAY-20260601-0002453,TRP-20260601-0002453,55.49,credit_card,settled,2026-06-01 15:38:36
PAY-20260601-0002454,TRP-20260601-0002454,44.75,stc_pay,settled,2026-06-01 15:01:03
PAY-20260601-0002455,TRP-20260601-0002455,32.44,apple_pay,settled,2026-06-01 17:52:13
PAY-20260601-0002456,TRP-20260601-0002456,23.38,cash,settled,2026-06-01 06:29:28
PAY-20260601-0002457,TRP-20260601-0002457,6.00,apple_pay,settled,2026-06-02 01:37:55
PAY-20260601-0002458,TRP-20260601-0002458,87.87,credit_card,settled,2026-06-01 06:00:20
PAY-20260601-0002459,TRP-20260601-0002459,20.14,credit_card,settled,2026-06-01 12:04:29
PAY-20260601-0002460,TRP-20260601-0002460,43.85,mada,settled,2026-06-01 07:28:44
PAY-20260601-0002461,TRP-20260601-0002461,34.65,credit_card,settled,2026-06-01 03:42:33
PAY-20260601-0002462,TRP-20260601-0002462,12.47,mada,failed,2026-06-02 00:11:43
PAY-20260601-0002463,TRP-20260601-0002463,20.35,mada,settled,2026-06-02 14:22:40
PAY-20260601-0002464,TRP-20260601-0002464,35.41,credit_card,settled,2026-06-01 16:04:08
PAY-20260601-0002465,TRP-20260601-0002465,67.58,credit_card,settled,2026-06-01 06:55:16
PAY-20260601-0002466,TRP-20260601-0002466,60.53,credit_card,settled,2026-06-01 20:58:53
PAY-20260601-0002467,TRP-20260601-0002467,42.97,apple_pay,settled,2026-06-01 14:16:55
PAY-20260601-0002468,TRP-20260601-0002468,32.63,wallet,pending,2026-06-01 07:21:16
PAY-20260601-0002469,TRP-20260601-0002469,85.62,mada,pending,2026-06-01 20:53:19
PAY-20260601-0002470,TRP-20260601-0002470,6.00,stc_pay,settled,2026-06-01 07:59:02
PAY-20260601-0002471,TRP-20260601-0002471,27.67,mada,settled,2026-06-01 13:52:40
PAY-20260601-0002472,TRP-20260601-0002472,15.58,stc_pay,settled,2026-06-01 13:50:00
PAY-20260601-0002473,TRP-20260601-0002473,27.12,mada,pending,2026-06-01 15:39:50
PAY-20260601-0002474,TRP-20260601-0002474,44.84,mada,settled,2026-06-01 05:07:31
PAY-20260601-0002475,TRP-20260601-0002475,62.24,credit_card,settled,2026-06-01 09:23:58
PAY-20260601-0002476,TRP-20260601-0002476,42.60,stc_pay,settled,2026-06-01 20:23:12
PAY-20260601-0002477,TRP-20260601-0002477,17.55,mada,settled,2026-06-01 03:33:06
PAY-20260601-0002478,TRP-20260601-0002478,20.55,mada,settled,2026-06-01 11:20:55
PAY-20260601-0002479,TRP-20260601-0002479,91.08,mada,settled,2026-06-01 17:56:34
PAY-20260601-0002480,TRP-20260601-0002480,53.44,apple_pay,settled,2026-06-01 15:07:49
PAY-20260601-0002481,TRP-20260601-0002481,22.83,apple_pay,settled,2026-06-01 22:51:16
PAY-20260601-0002482,TRP-20260601-0002482,13.48,apple_pay,settled,2026-06-01 10:09:04
PAY-20260601-0002483,TRP-20260601-0002483,22.33,mada,settled,2026-06-02 07:58:07
PAY-20260601-0002484,TRP-20260601-0002484,40.08,stc_pay,settled,2026-06-01 04:54:07
PAY-20260601-0002485,TRP-20260601-0002485,17.40,stc_pay,settled,2026-06-01 01:14:09
PAY-20260601-0002486,TRP-20260601-0002486,106.62,credit_card,settled,2026-06-01 19:06:48
PAY-20260601-0002487,TRP-20260601-0002487,23.24,stc_pay,settled,2026-06-01 19:59:02
PAY-20260601-0002489,TRP-20260601-0002489,66.93,wallet,settled,2026-06-01 18:21:27
PAY-20260601-0002490,TRP-20260601-0002490,37.25,credit_card,settled,2026-06-01 07:30:55
PAY-20260601-0002491,TRP-20260601-0002491,20.33,mada,settled,2026-06-01 11:05:30
PAY-20260601-0002492,TRP-20260601-0002492,35.04,credit_card,settled,2026-06-01 05:41:00
PAY-20260601-0002493,TRP-20260601-0002493,77.85,apple_pay,settled,2026-06-01 17:09:54
PAY-20260601-0002494,TRP-20260601-0002494,49.12,wallet,settled,2026-06-01 22:29:22
PAY-20260601-0002495,TRP-20260601-0002495,27.50,apple_pay,settled,2026-06-01 16:01:06
PAY-20260601-0002496,TRP-20260601-0002496,34.23,mada,settled,2026-06-02 04:52:28
PAY-20260601-0002497,TRP-20260601-0002497,15.24,credit_card,settled,2026-06-01 10:42:58
PAY-20260601-0002499,TRP-20260601-0002499,18.74,apple_pay,settled,2026-06-02 03:13:59
PAY-20260601-0002500,TRP-20260601-0002500,126.85,mada,settled,2026-06-01 05:44:20
PAY-20260601-0002501,TRP-20260601-0002501,28.37,mada,settled,2026-06-01 14:35:37
PAY-20260601-0002502,TRP-20260601-0002502,166.61,cash,settled,2026-06-01 17:18:36
PAY-20260601-0002503,TRP-20260601-0002503,68.29,stc_pay,settled,2026-06-01 16:43:35
PAY-20260601-0002506,TRP-20260601-0002506,14.94,mada,failed,2026-06-01 22:28:43
PAY-20260601-0002508,TRP-20260601-0002508,10.00,credit_card,settled,2026-06-01 17:47:56
PAY-20260601-0002509,TRP-20260601-0002509,86.54,mada,settled,2026-06-01 16:49:36
PAY-20260601-0002510,TRP-20260601-0002510,38.77,mada,settled,2026-06-01 07:22:01
PAY-20260601-0002511,TRP-20260601-0002511,60.99,apple_pay,settled,2026-06-01 07:21:14
PAY-20260601-0002513,TRP-20260601-0002513,12.22,mada,settled,2026-06-01 20:13:20
PAY-20260601-0002514,TRP-20260601-0002514,18.56,credit_card,settled,2026-06-01 06:49:29
PAY-20260601-0002515,TRP-20260601-0002515,18.29,mada,settled,2026-06-01 10:10:16
PAY-20260601-0002516,TRP-20260601-0002516,28.10,mada,settled,2026-06-02 08:18:58
PAY-20260601-0002517,TRP-20260601-0002517,26.83,credit_card,settled,2026-06-01 15:32:07
PAY-20260601-0002518,TRP-20260601-0002518,35.67,cash,settled,2026-06-01 17:54:39
PAY-20260601-0002519,TRP-20260601-0002519,66.46,cash,settled,2026-06-01 08:09:45
PAY-20260601-0002520,TRP-20260601-0002520,30.20,stc_pay,settled,2026-06-01 18:11:17
PAY-20260601-0002521,TRP-20260601-0002521,42.93,mada,settled,2026-06-01 14:49:31
PAY-20260601-0002522,TRP-20260601-0002522,56.59,mada,settled,2026-06-01 09:48:11
PAY-20260601-0002523,TRP-20260601-0002523,12.00,mada,settled,2026-06-01 09:15:14
PAY-20260601-0002524,TRP-20260601-0002524,52.45,stc_pay,settled,2026-06-01 16:48:40
PAY-20260601-0002525,TRP-20260601-0002525,47.51,mada,settled,2026-06-01 16:45:52
PAY-20260601-0002526,TRP-20260601-0002526,70.40,cash,settled,2026-06-01 20:00:19
PAY-20260601-0002527,TRP-20260601-0002527,63.55,stc_pay,settled,2026-06-01 06:56:54
PAY-20260601-0002528,TRP-20260601-0002528,31.22,cash,settled,2026-06-01 05:35:38
PAY-20260601-0002529,TRP-20260601-0002529,41.58,apple_pay,settled,2026-06-01 16:17:08
PAY-20260601-0002530,TRP-20260601-0002530,22.51,credit_card,settled,2026-06-01 08:28:08
PAY-20260601-0002531,TRP-20260601-0002531,14.69,credit_card,settled,2026-06-01 16:03:26
PAY-20260601-0002532,TRP-20260601-0002532,53.88,apple_pay,settled,2026-06-01 16:29:31
PAY-20260601-0002533,TRP-20260601-0002533,77.74,wallet,settled,2026-06-02 06:15:41
PAY-20260601-0002534,TRP-20260601-0002534,23.64,mada,settled,2026-06-01 15:04:03
PAY-20260601-0002536,TRP-20260601-0002536,27.49,credit_card,settled,2026-06-01 07:41:43
PAY-20260601-0002537,TRP-20260601-0002537,38.59,apple_pay,settled,2026-06-01 23:30:52
PAY-20260601-0002538,TRP-20260601-0002538,34.67,stc_pay,settled,2026-06-02 15:21:36
PAY-20260601-0002539,TRP-20260601-0002539,20.90,cash,settled,2026-06-01 17:22:04
PAY-20260601-0002540,TRP-20260601-0002540,15.12,credit_card,settled,2026-06-01 15:59:33
PAY-20260601-0002541,TRP-20260601-0002541,6.00,stc_pay,settled,2026-06-02 04:36:45
PAY-20260601-0002542,TRP-20260601-0002542,18.57,apple_pay,settled,2026-06-01 18:20:02
PAY-20260601-0002544,TRP-20260601-0002544,10.00,apple_pay,settled,2026-06-02 14:33:10
PAY-20260601-0002545,TRP-20260601-0002545,21.44,apple_pay,settled,2026-06-01 14:32:35
PAY-20260601-0002546,TRP-20260601-0002546,47.39,credit_card,settled,2026-06-01 16:19:00
PAY-20260601-0002547,TRP-20260601-0002547,10.00,mada,settled,2026-06-01 19:00:08
PAY-20260601-0002548,TRP-20260601-0002548,103.82,apple_pay,settled,2026-06-01 13:53:37
PAY-20260601-0002549,TRP-20260601-0002549,26.44,stc_pay,settled,2026-06-01 20:48:40
PAY-20260601-0002550,TRP-20260601-0002550,22.08,apple_pay,settled,2026-06-02 07:52:54
PAY-20260601-0002551,TRP-20260601-0002551,38.52,cash,settled,2026-06-01 08:23:36
PAY-20260601-0002552,TRP-20260601-0002552,10.00,apple_pay,settled,2026-06-01 13:21:15
PAY-20260601-0002553,TRP-20260601-0002553,28.80,apple_pay,settled,2026-06-02 08:25:45
PAY-20260601-0002554,TRP-20260601-0002554,10.00,mada,settled,2026-06-01 06:43:16
PAY-20260601-0002555,TRP-20260601-0002555,28.86,credit_card,settled,2026-06-01 19:14:27
PAY-20260601-0002556,TRP-20260601-0002556,21.21,apple_pay,settled,2026-06-01 15:38:40
PAY-20260601-0002557,TRP-20260601-0002557,20.13,cash,settled,2026-06-01 15:50:31
PAY-20260601-0002558,TRP-20260601-0002558,12.86,mada,settled,2026-06-01 16:00:07
PAY-20260601-0002559,TRP-20260601-0002559,12.00,stc_pay,settled,2026-06-01 11:58:18
PAY-20260601-0002560,TRP-20260601-0002560,60.14,wallet,settled,2026-06-01 11:08:04
PAY-20260601-0002561,TRP-20260601-0002561,55.85,apple_pay,settled,2026-06-01 18:21:22
PAY-20260601-0002562,TRP-20260601-0002562,46.14,cash,settled,2026-06-01 16:37:14
PAY-20260601-0002563,TRP-20260601-0002563,25.87,mada,settled,2026-06-01 14:44:17
PAY-20260601-0002564,TRP-20260601-0002564,42.83,cash,settled,2026-06-01 10:34:27
PAY-20260601-0002565,TRP-20260601-0002565,23.79,credit_card,settled,2026-06-01 05:26:17
PAY-20260601-0002566,TRP-20260601-0002566,32.99,stc_pay,settled,2026-06-01 12:15:28
PAY-20260601-0002568,TRP-20260601-0002568,56.80,mada,settled,2026-06-01 23:14:43
PAY-20260601-0002569,TRP-20260601-0002569,29.33,cash,settled,2026-06-01 18:07:21
PAY-20260601-0002570,TRP-20260601-0002570,149.16,mada,settled,2026-06-01 06:36:29
PAY-20260601-0002571,TRP-20260601-0002571,92.15,cash,settled,2026-06-01 05:50:45
PAY-20260601-0002572,TRP-20260601-0002572,25.13,mada,settled,2026-06-02 13:30:44
PAY-20260601-0002573,TRP-20260601-0002573,16.25,mada,settled,2026-06-01 12:16:06
PAY-20260601-0002574,TRP-20260601-0002574,102.48,mada,settled,2026-06-01 15:47:55
PAY-20260601-0002575,TRP-20260601-0002575,95.73,apple_pay,settled,2026-06-01 18:26:09
PAY-20260601-0002576,TRP-20260601-0002576,18.23,apple_pay,pending,2026-06-01 12:08:17
PAY-20260601-0002577,TRP-20260601-0002577,10.00,cash,settled,2026-06-01 17:33:54
PAY-20260601-0002579,TRP-20260601-0002579,18.28,cash,settled,2026-06-01 02:40:37
PAY-20260601-0002580,TRP-20260601-0002580,70.10,apple_pay,settled,2026-06-02 02:56:27
PAY-20260601-0002581,TRP-20260601-0002581,15.59,apple_pay,settled,2026-06-01 10:09:54
PAY-20260601-0002582,TRP-20260601-0002582,10.00,mada,settled,2026-06-01 04:32:13
PAY-20260601-0002583,TRP-20260601-0002583,13.63,cash,settled,2026-05-31 21:17:40
PAY-20260601-0002584,TRP-20260601-0002584,10.00,mada,settled,2026-06-01 13:34:07
PAY-20260601-0002585,TRP-20260601-0002585,50.11,credit_card,pending,2026-06-02 14:36:03
PAY-20260601-0002587,TRP-20260601-0002587,49.76,mada,settled,2026-06-01 21:02:49
PAY-20260601-0002589,TRP-20260601-0002589,20.57,mada,failed,2026-06-01 21:28:53
PAY-20260601-0002590,TRP-20260601-0002590,16.30,apple_pay,settled,2026-06-01 22:15:53
PAY-20260601-0002591,TRP-20260601-0002591,12.23,stc_pay,settled,2026-06-02 05:37:03
PAY-20260601-0002593,TRP-20260601-0002593,42.47,stc_pay,settled,2026-06-02 00:56:55
PAY-20260601-0002594,TRP-20260601-0002594,35.34,cash,settled,2026-06-01 19:18:37
PAY-20260601-0002595,TRP-20260601-0002595,27.68,mada,settled,2026-06-02 03:52:20
PAY-20260601-0002596,TRP-20260601-0002596,31.59,credit_card,settled,2026-06-01 15:48:38
PAY-20260601-0002597,TRP-20260601-0002597,10.00,credit_card,settled,2026-06-01 17:47:48
PAY-20260601-0002598,TRP-20260601-0002598,30.47,mada,settled,2026-06-01 10:57:00
PAY-20260601-0002599,TRP-20260601-0002599,56.02,cash,settled,2026-06-01 10:12:20
PAY-20260601-0002600,TRP-20260601-0002600,88.93,apple_pay,settled,2026-06-01 13:18:54
PAY-20260601-0002601,TRP-20260601-0002601,78.69,mada,settled,2026-06-01 15:43:08
PAY-20260601-0002602,TRP-20260601-0002602,35.69,wallet,settled,2026-06-02 09:45:23
PAY-20260601-0002603,TRP-20260601-0002603,15.36,apple_pay,settled,2026-06-01 12:34:13
PAY-20260601-0002604,TRP-20260601-0002604,53.72,stc_pay,settled,2026-06-01 18:45:20
PAY-20260601-0002605,TRP-20260601-0002605,10.00,apple_pay,settled,2026-06-01 04:35:15
PAY-20260601-0002606,TRP-20260601-0002606,13.77,mada,settled,2026-06-01 22:22:19
PAY-20260601-0002607,TRP-20260601-0002607,40.19,mada,settled,2026-06-01 14:37:59
PAY-20260601-0002608,TRP-20260601-0002608,49.85,credit_card,settled,2026-06-01 18:15:53
PAY-20260601-0002609,TRP-20260601-0002609,22.25,credit_card,settled,2026-06-01 06:12:14
PAY-20260601-0002610,TRP-20260601-0002610,14.73,mada,settled,2026-06-01 11:46:36
PAY-20260601-0002611,TRP-20260601-0002611,42.66,cash,settled,2026-06-01 07:56:46
PAY-20260601-0002612,TRP-20260601-0002612,8.00,stc_pay,settled,2026-06-01 02:36:05
PAY-20260601-0002613,TRP-20260601-0002613,17.02,cash,settled,2026-06-01 12:03:01
PAY-20260601-0002614,TRP-20260601-0002614,18.48,mada,settled,2026-06-01 18:45:04
PAY-20260601-0002615,TRP-20260601-0002615,17.05,mada,settled,2026-06-01 09:28:58
PAY-20260601-0002616,TRP-20260601-0002616,58.77,mada,settled,2026-06-02 07:39:04
PAY-20260601-0002617,TRP-20260601-0002617,97.16,credit_card,settled,2026-06-01 14:03:06
PAY-20260601-0002619,TRP-20260601-0002619,55.28,cash,settled,2026-06-01 03:52:59
PAY-20260601-0002620,TRP-20260601-0002620,65.03,stc_pay,settled,2026-06-02 01:10:13
PAY-20260601-0002621,TRP-20260601-0002621,10.83,apple_pay,settled,2026-06-01 12:04:36
PAY-20260601-0002622,TRP-20260601-0002622,18.64,mada,settled,2026-06-01 18:31:43
PAY-20260601-0002623,TRP-20260601-0002623,35.83,credit_card,settled,2026-06-01 20:18:40
PAY-20260601-0002624,TRP-20260601-0002624,101.79,apple_pay,settled,2026-06-01 07:40:15
PAY-20260601-0002625,TRP-20260601-0002625,17.22,mada,settled,2026-06-01 01:29:22
PAY-20260601-0002626,TRP-20260601-0002626,12.00,mada,settled,2026-06-01 06:04:34
PAY-20260601-0002628,TRP-20260601-0002628,36.60,stc_pay,settled,2026-06-01 08:43:39
PAY-20260601-0002629,TRP-20260601-0002629,24.40,credit_card,settled,2026-06-02 06:27:20
PAY-20260601-0002630,TRP-20260601-0002630,18.94,apple_pay,settled,2026-06-01 02:31:38
PAY-20260601-0002631,TRP-20260601-0002631,155.71,mada,pending,2026-06-01 17:46:50
PAY-20260601-0002632,TRP-20260601-0002632,66.09,credit_card,settled,2026-06-01 06:26:08
PAY-20260601-0002633,TRP-20260601-0002633,137.98,mada,settled,2026-06-01 07:10:26
PAY-20260601-0002634,TRP-20260601-0002634,24.98,stc_pay,settled,2026-06-01 14:36:47
PAY-20260601-0002635,TRP-20260601-0002635,15.95,mada,settled,2026-06-02 09:37:30
PAY-20260601-0002636,TRP-20260601-0002636,14.05,credit_card,settled,2026-06-02 03:21:19
PAY-20260601-0002637,TRP-20260601-0002637,65.71,credit_card,settled,2026-06-01 20:07:25
PAY-20260601-0002638,TRP-20260601-0002638,51.13,apple_pay,settled,2026-06-01 06:38:41
PAY-20260601-0002639,TRP-20260601-0002639,36.33,cash,settled,2026-06-01 06:28:24
PAY-20260601-0002640,TRP-20260601-0002640,26.18,stc_pay,settled,2026-06-01 16:28:41
PAY-20260601-0002641,TRP-20260601-0002641,44.50,stc_pay,settled,2026-06-01 11:34:17
PAY-20260601-0002642,TRP-20260601-0002642,38.91,stc_pay,settled,2026-06-01 17:29:05
PAY-20260601-0002643,TRP-20260601-0002643,197.82,credit_card,settled,2026-06-01 18:19:38
PAY-20260601-0002644,TRP-20260601-0002644,30.33,cash,settled,2026-06-01 12:58:00
PAY-20260601-0002645,TRP-20260601-0002645,134.74,mada,settled,2026-06-01 17:05:14
PAY-20260601-0002646,TRP-20260601-0002646,12.00,credit_card,settled,2026-06-01 06:44:23
PAY-20260601-0002647,TRP-20260601-0002647,144.26,mada,settled,2026-06-02 06:17:11
PAY-20260601-0002648,TRP-20260601-0002648,91.14,wallet,settled,2026-06-01 16:00:10
PAY-20260601-0002649,TRP-20260601-0002649,20.86,mada,settled,2026-06-01 11:29:42
PAY-20260601-0002650,TRP-20260601-0002650,46.38,stc_pay,settled,2026-06-02 07:05:17
PAY-20260601-0002651,TRP-20260601-0002651,60.64,wallet,settled,2026-06-01 00:47:55
PAY-20260601-0002652,TRP-20260601-0002652,25.87,stc_pay,settled,2026-06-01 19:49:43
PAY-20260601-0002653,TRP-20260601-0002653,15.53,mada,settled,2026-06-01 12:32:45
PAY-20260601-0002654,TRP-20260601-0002654,103.17,credit_card,settled,2026-06-01 19:27:54
PAY-20260601-0002655,TRP-20260601-0002655,19.01,mada,settled,2026-06-01 21:12:29
PAY-20260601-0002656,TRP-20260601-0002656,46.86,mada,settled,2026-06-01 06:11:02
PAY-20260601-0002657,TRP-20260601-0002657,102.26,credit_card,settled,2026-06-01 05:55:28
PAY-20260601-0002658,TRP-20260601-0002658,28.04,mada,settled,2026-06-01 06:17:44
PAY-20260601-0002659,TRP-20260601-0002659,26.18,mada,settled,2026-06-01 14:39:45
PAY-20260601-0002660,TRP-20260601-0002660,13.94,apple_pay,settled,2026-06-01 14:20:53
PAY-20260601-0002661,TRP-20260601-0002661,31.38,mada,pending,2026-06-01 08:59:26
PAY-20260601-0002662,TRP-20260601-0002662,23.02,cash,settled,2026-06-01 05:52:16
PAY-20260601-0002663,TRP-20260601-0002663,20.54,mada,settled,2026-06-01 11:57:55
PAY-20260601-0002664,TRP-20260601-0002664,25.88,apple_pay,settled,2026-06-01 19:34:42
PAY-20260601-0002665,TRP-20260601-0002665,42.44,mada,settled,2026-06-01 13:32:58
PAY-20260601-0002666,TRP-20260601-0002666,16.62,credit_card,settled,2026-06-01 14:19:30
PAY-20260601-0002667,TRP-20260601-0002667,75.35,mada,settled,2026-06-01 07:10:00
PAY-20260601-0002668,TRP-20260601-0002668,6.00,wallet,settled,2026-06-01 20:00:06
PAY-20260601-0002669,TRP-20260601-0002669,12.00,cash,settled,2026-06-01 03:35:26
PAY-20260601-0002670,TRP-20260601-0002670,85.56,credit_card,settled,2026-06-01 16:15:25
PAY-20260601-0002671,TRP-20260601-0002671,27.76,mada,settled,2026-06-01 13:56:34
PAY-20260601-0002672,TRP-20260601-0002672,47.48,cash,settled,2026-06-01 05:52:31
PAY-20260601-0002673,TRP-20260601-0002673,17.25,wallet,settled,2026-06-02 06:35:33
PAY-20260601-0002674,TRP-20260601-0002674,39.73,mada,settled,2026-06-01 15:26:10
PAY-20260601-0002675,TRP-20260601-0002675,49.47,mada,settled,2026-06-01 13:46:54
PAY-20260601-0002676,TRP-20260601-0002676,40.57,mada,settled,2026-06-01 15:45:56
PAY-20260601-0002677,TRP-20260601-0002677,71.73,apple_pay,settled,2026-06-01 06:04:46
PAY-20260601-0002678,TRP-20260601-0002678,70.78,credit_card,settled,2026-06-01 19:10:58
PAY-20260601-0002679,TRP-20260601-0002679,11.00,credit_card,settled,2026-06-01 11:56:40
PAY-20260601-0002680,TRP-20260601-0002680,14.87,stc_pay,settled,2026-06-01 10:11:10
PAY-20260601-0002681,TRP-20260601-0002681,108.85,apple_pay,settled,2026-06-01 15:55:40
PAY-20260601-0002682,TRP-20260601-0002682,26.08,mada,settled,2026-06-01 18:41:47
PAY-20260601-0002683,TRP-20260601-0002683,24.00,cash,settled,2026-06-01 16:56:05
PAY-20260601-0002684,TRP-20260601-0002684,74.87,credit_card,settled,2026-06-01 20:55:43
PAY-20260601-0002686,TRP-20260601-0002686,25.24,mada,settled,2026-06-01 07:46:12
PAY-20260601-0002687,TRP-20260601-0002687,40.08,credit_card,settled,2026-06-01 09:44:13
PAY-20260601-0002688,TRP-20260601-0002688,10.00,cash,settled,2026-06-01 07:39:04
PAY-20260601-0002689,TRP-20260601-0002689,16.20,credit_card,settled,2026-06-01 18:20:04
PAY-20260601-0002690,TRP-20260601-0002690,82.32,credit_card,settled,2026-06-02 10:40:02
PAY-20260601-0002691,TRP-20260601-0002691,54.57,mada,settled,2026-06-01 16:51:33
PAY-20260601-0002692,TRP-20260601-0002692,33.55,apple_pay,settled,2026-06-01 04:30:20
PAY-20260601-0002693,TRP-20260601-0002693,13.63,mada,settled,2026-06-02 05:41:11
PAY-20260601-0002694,TRP-20260601-0002694,52.01,stc_pay,settled,2026-06-01 04:53:38
PAY-20260601-0002695,TRP-20260601-0002695,28.39,mada,settled,2026-06-01 06:18:07
PAY-20260601-0002697,TRP-20260601-0002697,20.15,credit_card,settled,2026-06-02 06:45:54
PAY-20260601-0002698,TRP-20260601-0002698,15.93,apple_pay,settled,2026-06-01 05:06:38
PAY-20260601-0002699,TRP-20260601-0002699,86.07,credit_card,settled,2026-06-02 06:15:42
PAY-20260601-0002700,TRP-20260601-0002700,142.55,mada,settled,2026-06-01 07:24:04
PAY-20260601-0002701,TRP-20260601-0002701,6.00,credit_card,settled,2026-06-01 09:21:51
PAY-20260601-0002702,TRP-20260601-0002702,62.69,cash,settled,2026-06-01 11:03:21
PAY-20260601-0002703,TRP-20260601-0002703,15.41,apple_pay,settled,2026-06-01 15:09:07
PAY-20260601-0002704,TRP-20260601-0002704,35.02,stc_pay,settled,2026-06-01 09:08:42
PAY-20260601-0002705,TRP-20260601-0002705,102.30,credit_card,settled,2026-06-02 07:10:55
PAY-20260601-0002706,TRP-20260601-0002706,76.72,mada,settled,2026-06-01 15:13:20
PAY-20260601-0002707,TRP-20260601-0002707,12.64,stc_pay,settled,2026-06-01 09:41:16
PAY-20260601-0002708,TRP-20260601-0002708,33.69,apple_pay,settled,2026-06-02 00:27:47
PAY-20260601-0002709,TRP-20260601-0002709,18.62,credit_card,settled,2026-06-01 15:52:09
PAY-20260601-0002710,TRP-20260601-0002710,25.39,mada,settled,2026-05-31 23:09:31
PAY-20260601-0002711,TRP-20260601-0002711,60.81,stc_pay,settled,2026-06-02 04:27:14
PAY-20260601-0002712,TRP-20260601-0002712,17.42,mada,settled,2026-06-01 06:11:32
PAY-20260601-0002713,TRP-20260601-0002713,18.72,credit_card,settled,2026-06-01 14:15:27
PAY-20260601-0002714,TRP-20260601-0002714,20.87,stc_pay,settled,2026-06-01 09:06:57
PAY-20260601-0002715,TRP-20260601-0002715,32.80,apple_pay,settled,2026-06-01 11:18:40
PAY-20260601-0002716,TRP-20260601-0002716,141.08,cash,settled,2026-06-01 16:59:02
PAY-20260601-0002717,TRP-20260601-0002717,18.34,mada,settled,2026-06-01 23:48:32
PAY-20260601-0002718,TRP-20260601-0002718,59.95,credit_card,settled,2026-06-01 16:20:26
PAY-20260601-0002719,TRP-20260601-0002719,27.51,credit_card,settled,2026-06-02 04:27:14
PAY-20260601-0002720,TRP-20260601-0002720,88.20,wallet,settled,2026-06-02 01:57:42
PAY-20260601-0002721,TRP-20260601-0002721,14.51,mada,settled,2026-06-01 11:56:51
PAY-20260601-0002722,TRP-20260601-0002722,20.09,apple_pay,settled,2026-06-01 15:02:52
PAY-20260601-0002723,TRP-20260601-0002723,14.48,credit_card,settled,2026-06-01 12:11:43
PAY-20260601-0002724,TRP-20260601-0002724,90.37,credit_card,settled,2026-06-01 10:00:27
PAY-20260601-0002725,TRP-20260601-0002725,37.99,mada,settled,2026-06-01 15:05:08
PAY-20260601-0002726,TRP-20260601-0002726,18.13,credit_card,settled,2026-06-01 18:19:27
PAY-20260601-0002727,TRP-20260601-0002727,28.97,stc_pay,settled,2026-06-02 06:25:17
PAY-20260601-0002728,TRP-20260601-0002728,43.28,credit_card,settled,2026-06-01 21:06:32
PAY-20260601-0002729,TRP-20260601-0002729,50.08,mada,settled,2026-06-01 06:56:37
PAY-20260601-0002730,TRP-20260601-0002730,110.09,mada,settled,2026-06-01 08:16:32
PAY-20260601-0002731,TRP-20260601-0002731,50.42,credit_card,pending,2026-06-01 10:31:15
PAY-20260601-0002732,TRP-20260601-0002732,12.00,stc_pay,settled,2026-06-01 07:55:31
PAY-20260601-0002733,TRP-20260601-0002733,119.13,stc_pay,settled,2026-06-01 18:01:28
PAY-20260601-0002734,TRP-20260601-0002734,14.65,mada,settled,2026-06-02 16:07:34
PAY-20260601-0002735,TRP-20260601-0002735,10.00,credit_card,settled,2026-06-01 20:11:35
PAY-20260601-0002736,TRP-20260601-0002736,35.20,stc_pay,settled,2026-06-01 07:30:49
PAY-20260601-0002737,TRP-20260601-0002737,29.92,apple_pay,settled,2026-06-01 17:03:59
PAY-20260601-0002738,TRP-20260601-0002738,44.83,credit_card,settled,2026-06-01 20:31:29
PAY-20260601-0002739,TRP-20260601-0002739,16.87,mada,settled,2026-06-01 19:15:55
PAY-20260601-0002740,TRP-20260601-0002740,8.00,stc_pay,settled,2026-06-01 11:37:11
PAY-20260601-0002741,TRP-20260601-0002741,70.78,mada,settled,2026-06-01 15:01:56
PAY-20260601-0002742,TRP-20260601-0002742,64.63,cash,settled,2026-06-01 20:18:03
PAY-20260601-0002743,TRP-20260601-0002743,21.82,mada,settled,2026-06-02 02:31:01
PAY-20260601-0002745,TRP-20260601-0002745,41.81,credit_card,settled,2026-06-01 09:47:59
PAY-20260601-0002746,TRP-20260601-0002746,38.34,mada,settled,2026-06-01 06:38:15
PAY-20260601-0002747,TRP-20260601-0002747,15.34,mada,settled,2026-06-02 13:45:31
PAY-20260601-0002748,TRP-20260601-0002748,52.67,credit_card,settled,2026-06-01 19:35:40
PAY-20260601-0002749,TRP-20260601-0002749,29.41,mada,settled,2026-06-02 11:36:56
PAY-20260601-0002750,TRP-20260601-0002750,47.03,mada,settled,2026-06-01 12:54:52
PAY-20260601-0002751,TRP-20260601-0002751,22.81,cash,settled,2026-06-01 06:01:31
PAY-20260601-0002752,TRP-20260601-0002752,62.23,credit_card,settled,2026-06-02 01:48:08
PAY-20260601-0002753,TRP-20260601-0002753,19.48,mada,settled,2026-06-02 03:48:17
PAY-20260601-0002754,TRP-20260601-0002754,70.29,apple_pay,settled,2026-06-01 09:31:25
PAY-20260601-0002755,TRP-20260601-0002755,65.92,credit_card,settled,2026-06-01 11:18:46
PAY-20260601-0002756,TRP-20260601-0002756,73.60,cash,settled,2026-06-01 12:43:40
PAY-20260601-0002758,TRP-20260601-0002758,68.56,mada,settled,2026-06-01 02:08:27
PAY-20260601-0002759,TRP-20260601-0002759,81.43,credit_card,settled,2026-06-02 07:18:29
PAY-20260601-0002760,TRP-20260601-0002760,12.00,apple_pay,settled,2026-06-01 19:14:36
PAY-20260601-0002761,TRP-20260601-0002761,74.88,cash,settled,2026-06-01 18:12:30
PAY-20260601-0002762,TRP-20260601-0002762,22.53,wallet,settled,2026-06-01 16:47:22
PAY-20260601-0002763,TRP-20260601-0002763,18.03,apple_pay,settled,2026-06-01 19:13:35
PAY-20260601-0002764,TRP-20260601-0002764,30.36,stc_pay,settled,2026-06-01 23:18:06
PAY-20260601-0002765,TRP-20260601-0002765,11.70,mada,settled,2026-06-01 20:24:13
PAY-20260601-0002766,TRP-20260601-0002766,51.50,stc_pay,settled,2026-06-02 08:11:48
PAY-20260601-0002767,TRP-20260601-0002767,28.38,mada,settled,2026-06-01 07:13:48
PAY-20260601-0002769,TRP-20260601-0002769,8.00,credit_card,settled,2026-06-01 03:07:49
PAY-20260601-0002770,TRP-20260601-0002770,56.75,credit_card,settled,2026-06-01 17:58:33
PAY-20260601-0002771,TRP-20260601-0002771,8.00,credit_card,settled,2026-06-02 10:44:41
PAY-20260601-0002773,TRP-20260601-0002773,48.40,wallet,settled,2026-06-01 06:18:06
PAY-20260601-0002774,TRP-20260601-0002774,80.45,apple_pay,settled,2026-06-01 17:31:01
PAY-20260601-0002775,TRP-20260601-0002775,33.17,credit_card,settled,2026-06-01 13:42:26
PAY-20260601-0002776,TRP-20260601-0002776,22.82,mada,settled,2026-06-01 15:48:11
PAY-20260601-0002777,TRP-20260601-0002777,16.40,apple_pay,settled,2026-06-01 05:02:56
PAY-20260601-0002779,TRP-20260601-0002779,32.50,mada,settled,2026-06-01 18:17:29
PAY-20260601-0002780,TRP-20260601-0002780,30.87,credit_card,settled,2026-06-02 16:01:54
PAY-20260601-0002781,TRP-20260601-0002781,12.81,mada,settled,2026-06-01 23:37:20
PAY-20260601-0002782,TRP-20260601-0002782,33.73,mada,pending,2026-06-01 21:12:00
PAY-20260601-0002783,TRP-20260601-0002783,45.39,stc_pay,settled,2026-06-01 18:25:37
PAY-20260601-0002784,TRP-20260601-0002784,31.55,mada,settled,2026-06-01 05:46:29
PAY-20260601-0002785,TRP-20260601-0002785,28.62,cash,settled,2026-06-01 05:19:38
PAY-20260601-0002786,TRP-20260601-0002786,26.15,credit_card,pending,2026-06-01 21:13:04
PAY-20260601-0002787,TRP-20260601-0002787,6.00,stc_pay,settled,2026-06-01 22:16:19
PAY-20260601-0002788,TRP-20260601-0002788,92.93,mada,settled,2026-06-01 12:25:59
PAY-20260601-0002789,TRP-20260601-0002789,73.52,apple_pay,settled,2026-06-01 18:22:33
PAY-20260601-0002790,TRP-20260601-0002790,37.72,credit_card,settled,2026-06-01 17:18:57
PAY-20260601-0002791,TRP-20260601-0002791,29.53,mada,settled,2026-06-01 16:24:35
PAY-20260601-0002792,TRP-20260601-0002792,64.95,mada,settled,2026-06-01 13:31:03
PAY-20260601-0002793,TRP-20260601-0002793,76.54,credit_card,settled,2026-06-01 18:54:08
PAY-20260601-0002794,TRP-20260601-0002794,13.36,stc_pay,settled,2026-06-02 02:39:41
PAY-20260601-0002795,TRP-20260601-0002795,63.52,mada,settled,2026-06-01 19:31:05
PAY-20260601-0002796,TRP-20260601-0002796,12.56,apple_pay,settled,2026-06-01 15:32:12
PAY-20260601-0002797,TRP-20260601-0002797,15.10,credit_card,settled,2026-06-01 06:59:01
PAY-20260601-0002798,TRP-20260601-0002798,12.00,apple_pay,settled,2026-06-01 20:51:07
PAY-20260601-0002799,TRP-20260601-0002799,17.29,wallet,settled,2026-06-01 11:10:42
PAY-20260601-0002801,TRP-20260601-0002801,24.10,mada,settled,2026-06-01 16:26:33
PAY-20260601-0002802,TRP-20260601-0002802,17.94,mada,settled,2026-06-01 08:27:04
PAY-20260601-0002803,TRP-20260601-0002803,99.40,credit_card,settled,2026-06-01 17:05:11
PAY-20260601-0002804,TRP-20260601-0002804,55.59,credit_card,settled,2026-06-01 19:33:53
PAY-20260601-0002805,TRP-20260601-0002805,19.50,stc_pay,settled,2026-06-01 20:10:20
PAY-20260601-0002806,TRP-20260601-0002806,18.65,wallet,settled,2026-06-01 21:44:53
PAY-20260601-0002807,TRP-20260601-0002807,25.23,credit_card,settled,2026-06-02 08:56:49
PAY-20260601-0002808,TRP-20260601-0002808,21.04,stc_pay,settled,2026-06-01 05:13:44
PAY-20260601-0002809,TRP-20260601-0002809,12.00,mada,settled,2026-06-01 12:53:01
PAY-20260601-0002810,TRP-20260601-0002810,21.39,stc_pay,settled,2026-06-01 10:47:31
PAY-20260601-0002811,TRP-20260601-0002811,14.59,cash,settled,2026-06-01 16:43:55
PAY-20260601-0002812,TRP-20260601-0002812,100.54,credit_card,settled,2026-06-01 19:08:59
PAY-20260601-0002813,TRP-20260601-0002813,14.04,stc_pay,settled,2026-06-01 15:34:26
PAY-20260601-0002814,TRP-20260601-0002814,21.89,mada,settled,2026-06-02 00:34:09
PAY-20260601-0002815,TRP-20260601-0002815,16.97,cash,settled,2026-06-01 11:13:22
PAY-20260601-0002816,TRP-20260601-0002816,13.94,credit_card,settled,2026-06-01 09:33:58
PAY-20260601-0002817,TRP-20260601-0002817,8.00,cash,settled,2026-06-01 11:50:14
PAY-20260601-0002818,TRP-20260601-0002818,27.91,credit_card,settled,2026-06-01 18:57:37
PAY-20260601-0002819,TRP-20260601-0002819,10.00,stc_pay,settled,2026-06-01 05:04:14
PAY-20260601-0002820,TRP-20260601-0002820,23.55,mada,settled,2026-06-01 16:52:03
PAY-20260601-0002821,TRP-20260601-0002821,48.81,credit_card,settled,2026-06-01 08:44:37
PAY-20260601-0002822,TRP-20260601-0002822,72.94,credit_card,settled,2026-06-01 17:33:18
PAY-20260601-0002823,TRP-20260601-0002823,10.00,mada,settled,2026-06-01 17:08:12
PAY-20260601-0002824,TRP-20260601-0002824,25.08,mada,settled,2026-06-01 19:10:30
PAY-20260601-0002825,TRP-20260601-0002825,38.18,mada,settled,2026-06-02 10:23:15
PAY-20260601-0002826,TRP-20260601-0002826,15.65,stc_pay,settled,2026-06-01 23:42:36
PAY-20260601-0002827,TRP-20260601-0002827,19.55,credit_card,settled,2026-06-01 05:29:14
PAY-20260601-0002828,TRP-20260601-0002828,11.00,stc_pay,settled,2026-06-01 18:55:02
PAY-20260601-0002829,TRP-20260601-0002829,39.54,apple_pay,settled,2026-06-02 04:35:59
PAY-20260601-0002830,TRP-20260601-0002830,60.99,credit_card,settled,2026-06-01 07:16:07
PAY-20260601-0002832,TRP-20260601-0002832,200.48,apple_pay,settled,2026-06-02 15:30:40
PAY-20260601-0002833,TRP-20260601-0002833,16.00,cash,settled,2026-06-01 18:07:47
PAY-20260601-0002834,TRP-20260601-0002834,50.60,credit_card,settled,2026-06-01 21:38:19
PAY-20260601-0002835,TRP-20260601-0002835,23.28,cash,settled,2026-06-01 14:53:21
PAY-20260601-0002836,TRP-20260601-0002836,6.00,stc_pay,settled,2026-05-31 22:13:55
PAY-20260601-0002837,TRP-20260601-0002837,44.13,credit_card,settled,2026-06-01 12:42:32
PAY-20260601-0002838,TRP-20260601-0002838,27.46,apple_pay,settled,2026-06-01 14:30:02
PAY-20260601-0002839,TRP-20260601-0002839,23.06,credit_card,settled,2026-06-02 15:33:34
PAY-20260601-0002840,TRP-20260601-0002840,19.06,cash,settled,2026-06-01 10:33:52
PAY-20260601-0002841,TRP-20260601-0002841,6.00,mada,settled,2026-06-02 05:55:10
PAY-20260601-0002842,TRP-20260601-0002842,14.56,credit_card,settled,2026-06-01 17:29:03
PAY-20260601-0002843,TRP-20260601-0002843,20.29,mada,settled,2026-06-02 10:09:46
PAY-20260601-0002844,TRP-20260601-0002844,43.79,mada,settled,2026-06-01 13:23:46
PAY-20260601-0002845,TRP-20260601-0002845,16.20,credit_card,settled,2026-06-02 00:55:09
PAY-20260601-0002847,TRP-20260601-0002847,26.30,mada,settled,2026-06-02 04:23:31
PAY-20260601-0002849,TRP-20260601-0002849,33.47,apple_pay,settled,2026-06-01 18:16:23
PAY-20260601-0002850,TRP-20260601-0002850,21.43,mada,settled,2026-06-02 10:47:55
PAY-20260601-0002851,TRP-20260601-0002851,23.68,mada,settled,2026-06-02 02:13:03
PAY-20260601-0002852,TRP-20260601-0002852,44.29,wallet,settled,2026-06-01 05:57:43
PAY-20260601-0002853,TRP-20260601-0002853,34.13,apple_pay,settled,2026-06-01 15:08:21
PAY-20260601-0002854,TRP-20260601-0002854,30.95,credit_card,settled,2026-06-01 14:30:49
PAY-20260601-0002855,TRP-20260601-0002855,44.82,mada,settled,2026-06-01 20:56:24
PAY-20260601-0002856,TRP-20260601-0002856,29.36,apple_pay,settled,2026-06-01 09:05:40
PAY-20260601-0002857,TRP-20260601-0002857,10.00,stc_pay,settled,2026-06-02 11:44:44
PAY-20260601-0002858,TRP-20260601-0002858,62.24,mada,settled,2026-06-01 20:42:11
PAY-20260601-0002859,TRP-20260601-0002859,13.78,mada,settled,2026-06-01 19:22:59
PAY-20260601-0002860,TRP-20260601-0002860,10.00,mada,settled,2026-05-31 22:02:02
PAY-20260601-0002862,TRP-20260601-0002862,14.97,cash,settled,2026-06-01 08:56:18
PAY-20260601-0002863,TRP-20260601-0002863,54.65,credit_card,settled,2026-06-01 18:23:18
PAY-20260601-0002864,TRP-20260601-0002864,62.46,stc_pay,settled,2026-06-01 11:48:54
PAY-20260601-0002865,TRP-20260601-0002865,35.94,mada,settled,2026-06-01 05:10:40
PAY-20260601-0002866,TRP-20260601-0002866,31.80,mada,settled,2026-06-01 15:41:15
PAY-20260601-0002867,TRP-20260601-0002867,66.26,wallet,settled,2026-06-01 15:23:34
PAY-20260601-0002868,TRP-20260601-0002868,61.02,stc_pay,settled,2026-06-01 07:08:12
PAY-20260601-0002869,TRP-20260601-0002869,42.10,apple_pay,settled,2026-06-01 05:46:24
PAY-20260601-0002870,TRP-20260601-0002870,20.16,apple_pay,settled,2026-06-01 13:54:08
PAY-20260601-0002872,TRP-20260601-0002872,42.95,stc_pay,settled,2026-06-02 06:42:05
PAY-20260601-0002873,TRP-20260601-0002873,13.11,apple_pay,settled,2026-06-02 02:40:44
PAY-20260601-0002874,TRP-20260601-0002874,13.86,stc_pay,settled,2026-05-31 23:32:31
PAY-20260601-0002875,TRP-20260601-0002875,23.84,cash,settled,2026-06-01 18:13:39
PAY-20260601-0002876,TRP-20260601-0002876,11.00,credit_card,settled,2026-06-01 19:10:20
PAY-20260601-0002877,TRP-20260601-0002877,11.58,apple_pay,settled,2026-06-01 18:50:33
PAY-20260601-0002878,TRP-20260601-0002878,20.68,credit_card,settled,2026-06-01 21:53:07
PAY-20260601-0002879,TRP-20260601-0002879,17.94,credit_card,settled,2026-06-01 21:22:20
PAY-20260601-0002880,TRP-20260601-0002880,18.84,mada,settled,2026-06-01 04:11:51
PAY-20260601-0002881,TRP-20260601-0002881,20.77,mada,settled,2026-06-01 07:51:43
PAY-20260601-0002882,TRP-20260601-0002882,16.96,cash,settled,2026-06-01 08:20:58
PAY-20260601-0002883,TRP-20260601-0002883,142.41,mada,settled,2026-06-02 11:08:45
PAY-20260601-0002884,TRP-20260601-0002884,15.29,credit_card,settled,2026-06-01 11:45:02
PAY-20260601-0002885,TRP-20260601-0002885,8.00,mada,settled,2026-06-01 18:32:25
PAY-20260601-0002886,TRP-20260601-0002886,33.62,credit_card,settled,2026-06-01 10:56:06
PAY-20260601-0002887,TRP-20260601-0002887,12.08,mada,settled,2026-06-01 21:31:03
PAY-20260601-0002888,TRP-20260601-0002888,16.82,mada,settled,2026-06-01 09:38:12
PAY-20260601-0002889,TRP-20260601-0002889,115.59,wallet,settled,2026-06-01 13:04:44
PAY-20260601-0002890,TRP-20260601-0002890,33.01,mada,settled,2026-06-01 12:16:17
PAY-20260601-0002891,TRP-20260601-0002891,16.76,mada,settled,2026-06-02 04:27:40
PAY-20260601-0002892,TRP-20260601-0002892,12.90,apple_pay,pending,2026-06-01 01:12:48
PAY-20260601-0002893,TRP-20260601-0002893,25.87,credit_card,settled,2026-06-01 22:01:05
PAY-20260601-0002894,TRP-20260601-0002894,20.19,mada,settled,2026-06-01 11:44:43
PAY-20260601-0002895,TRP-20260601-0002895,19.94,stc_pay,settled,2026-06-01 04:31:39
PAY-20260601-0002896,TRP-20260601-0002896,88.58,mada,settled,2026-06-01 06:57:38
PAY-20260601-0002897,TRP-20260601-0002897,27.56,mada,settled,2026-06-02 05:38:30
PAY-20260601-0002898,TRP-20260601-0002898,169.03,apple_pay,settled,2026-06-01 16:42:05
PAY-20260601-0002899,TRP-20260601-0002899,30.04,cash,settled,2026-06-01 19:59:38
PAY-20260601-0002900,TRP-20260601-0002900,18.45,mada,pending,2026-06-02 19:07:37
PAY-20260601-0002901,TRP-20260601-0002901,50.15,mada,settled,2026-06-01 21:07:40
PAY-20260601-0002902,TRP-20260601-0002902,21.71,wallet,settled,2026-06-01 14:14:42
PAY-20260601-0002903,TRP-20260601-0002903,11.76,mada,settled,2026-06-01 11:51:05
PAY-20260601-0002904,TRP-20260601-0002904,12.00,credit_card,settled,2026-06-01 19:11:35
PAY-20260601-0002905,TRP-20260601-0002905,39.44,mada,settled,2026-06-01 07:40:10
PAY-20260601-0002906,TRP-20260601-0002906,43.58,mada,settled,2026-06-01 08:04:48
PAY-20260601-0002907,TRP-20260601-0002907,111.56,mada,settled,2026-06-01 07:11:29
PAY-20260601-0002908,TRP-20260601-0002908,17.88,cash,settled,2026-06-01 07:14:19
PAY-20260601-0002909,TRP-20260601-0002909,77.86,cash,settled,2026-06-01 17:42:22
PAY-20260601-0002910,TRP-20260601-0002910,15.21,apple_pay,settled,2026-06-01 06:56:46
PAY-20260601-0002911,TRP-20260601-0002911,72.20,cash,settled,2026-06-01 18:29:23
PAY-20260601-0002912,TRP-20260601-0002912,25.79,mada,settled,2026-06-01 23:48:10
PAY-20260601-0002913,TRP-20260601-0002913,17.49,mada,settled,2026-06-01 06:22:53
PAY-20260601-0002914,TRP-20260601-0002914,26.85,mada,settled,2026-06-01 17:33:17
PAY-20260601-0002915,TRP-20260601-0002915,126.87,wallet,settled,2026-06-02 13:28:39
PAY-20260601-0002917,TRP-20260601-0002917,18.91,credit_card,pending,2026-06-01 05:41:12
PAY-20260601-0002918,TRP-20260601-0002918,46.26,credit_card,settled,2026-06-01 17:48:28
PAY-20260601-0002919,TRP-20260601-0002919,26.78,mada,settled,2026-06-01 21:04:50
PAY-20260601-0002920,TRP-20260601-0002920,23.46,mada,settled,2026-06-01 21:18:13
PAY-20260601-0002921,TRP-20260601-0002921,26.44,credit_card,settled,2026-06-01 07:05:08
PAY-20260601-0002922,TRP-20260601-0002922,24.94,wallet,settled,2026-06-01 00:13:46
PAY-20260601-0002923,TRP-20260601-0002923,22.82,mada,settled,2026-06-01 05:47:42
PAY-20260601-0002924,TRP-20260601-0002924,23.96,apple_pay,settled,2026-06-02 09:28:48
PAY-20260601-0002925,TRP-20260601-0002925,16.01,mada,settled,2026-06-01 11:43:53
PAY-20260601-0002926,TRP-20260601-0002926,18.96,mada,settled,2026-06-01 16:18:40
PAY-20260601-0002927,TRP-20260601-0002927,21.44,mada,settled,2026-06-02 05:56:28
PAY-20260601-0002928,TRP-20260601-0002928,10.16,apple_pay,settled,2026-06-01 13:05:28
PAY-20260601-0002929,TRP-20260601-0002929,18.63,mada,settled,2026-06-01 19:46:54
PAY-20260601-0002930,TRP-20260601-0002930,43.92,mada,settled,2026-06-01 12:39:06
PAY-20260601-0002931,TRP-20260601-0002931,18.96,mada,settled,2026-06-02 17:10:53
PAY-20260601-0002932,TRP-20260601-0002932,12.00,credit_card,settled,2026-06-01 07:57:49
PAY-20260601-0002933,TRP-20260601-0002933,21.09,credit_card,pending,2026-06-02 02:56:42
PAY-20260601-0002934,TRP-20260601-0002934,21.83,credit_card,settled,2026-06-01 14:08:04
PAY-20260601-0002935,TRP-20260601-0002935,48.77,credit_card,settled,2026-06-01 16:44:22
PAY-20260601-0002936,TRP-20260601-0002936,15.64,mada,settled,2026-06-01 22:08:22
PAY-20260601-0002937,TRP-20260601-0002937,47.61,mada,settled,2026-06-01 20:54:03
PAY-20260601-0002938,TRP-20260601-0002938,26.90,credit_card,settled,2026-06-01 05:16:10
PAY-20260601-0002939,TRP-20260601-0002939,50.03,credit_card,settled,2026-06-01 19:13:29
PAY-20260601-0002940,TRP-20260601-0002940,37.66,credit_card,failed,2026-06-01 03:54:25
PAY-20260601-0002941,TRP-20260601-0002941,8.00,mada,settled,2026-06-01 18:46:59
PAY-20260601-0002942,TRP-20260601-0002942,40.22,credit_card,settled,2026-06-01 04:50:48
PAY-20260601-0002943,TRP-20260601-0002943,39.40,mada,settled,2026-06-01 02:24:59
PAY-20260601-0002944,TRP-20260601-0002944,16.59,stc_pay,settled,2026-06-02 04:11:57
PAY-20260601-0002945,TRP-20260601-0002945,19.38,mada,settled,2026-06-01 04:43:49
PAY-20260601-0002946,TRP-20260601-0002946,24.97,apple_pay,settled,2026-06-01 22:29:55
PAY-20260601-0002947,TRP-20260601-0002947,38.15,mada,settled,2026-06-01 16:39:20
PAY-20260601-0002948,TRP-20260601-0002948,14.45,mada,settled,2026-06-01 11:34:36
PAY-20260601-0002949,TRP-20260601-0002949,25.93,mada,settled,2026-06-02 04:56:56
PAY-20260601-0002950,TRP-20260601-0002950,23.01,apple_pay,settled,2026-06-01 22:12:38
PAY-20260601-0002951,TRP-20260601-0002951,19.25,credit_card,settled,2026-06-01 12:09:40
PAY-20260601-0002952,TRP-20260601-0002952,15.07,mada,settled,2026-06-02 04:15:28
PAY-20260601-0002953,TRP-20260601-0002953,47.38,stc_pay,settled,2026-06-01 12:41:07
PAY-20260601-0002954,TRP-20260601-0002954,77.94,cash,settled,2026-06-01 15:49:26
PAY-20260601-0002955,TRP-20260601-0002955,12.77,credit_card,settled,2026-06-01 22:29:48
PAY-20260601-0002956,TRP-20260601-0002956,61.91,mada,settled,2026-06-01 15:54:27
PAY-20260601-0002957,TRP-20260601-0002957,11.00,mada,settled,2026-06-02 18:42:52
PAY-20260601-0002958,TRP-20260601-0002958,13.43,stc_pay,settled,2026-06-01 09:14:57
PAY-20260601-0002959,TRP-20260601-0002959,11.00,cash,settled,2026-06-01 13:11:33
PAY-20260601-0002961,TRP-20260601-0002961,65.11,credit_card,settled,2026-06-01 20:39:52
PAY-20260601-0002962,TRP-20260601-0002962,43.72,credit_card,settled,2026-06-01 18:43:56
PAY-20260601-0002963,TRP-20260601-0002963,8.00,credit_card,settled,2026-06-02 10:03:21
PAY-20260601-0002964,TRP-20260601-0002964,35.91,mada,settled,2026-06-01 16:45:26
PAY-20260601-0002966,TRP-20260601-0002966,24.92,credit_card,settled,2026-06-02 06:55:30
PAY-20260601-0002967,TRP-20260601-0002967,49.80,apple_pay,settled,2026-06-01 17:04:47
PAY-20260601-0002968,TRP-20260601-0002968,58.70,cash,settled,2026-06-01 15:49:53
PAY-20260601-0002969,TRP-20260601-0002969,11.00,cash,settled,2026-06-01 14:33:06
PAY-20260601-0002970,TRP-20260601-0002970,58.60,apple_pay,settled,2026-06-02 04:10:27
PAY-20260601-0002971,TRP-20260601-0002971,79.29,stc_pay,settled,2026-06-01 10:50:01
PAY-20260601-0002972,TRP-20260601-0002972,56.33,mada,settled,2026-06-01 18:00:37
PAY-20260601-0002973,TRP-20260601-0002973,35.37,wallet,settled,2026-06-01 13:20:34
PAY-20260601-0002974,TRP-20260601-0002974,36.52,credit_card,settled,2026-06-01 12:45:29
PAY-20260601-0002975,TRP-20260601-0002975,30.69,stc_pay,pending,2026-06-01 04:04:08
PAY-20260601-0002976,TRP-20260601-0002976,126.97,mada,settled,2026-06-01 15:49:44
PAY-20260601-0002977,TRP-20260601-0002977,134.33,mada,settled,2026-06-01 21:02:42
PAY-20260601-0002978,TRP-20260601-0002978,90.20,wallet,settled,2026-06-01 05:49:55
PAY-20260601-0002979,TRP-20260601-0002979,14.54,mada,settled,2026-06-01 20:23:34
PAY-20260601-0002980,TRP-20260601-0002980,10.00,wallet,pending,2026-06-01 10:26:50
PAY-20260601-0002981,TRP-20260601-0002981,63.32,stc_pay,settled,2026-06-01 13:48:36
PAY-20260601-0002982,TRP-20260601-0002982,17.49,mada,settled,2026-06-01 20:37:08
PAY-20260601-0002984,TRP-20260601-0002984,53.93,stc_pay,settled,2026-06-01 11:17:34
PAY-20260601-0002985,TRP-20260601-0002985,22.20,apple_pay,settled,2026-06-01 16:34:44
PAY-20260601-0002986,TRP-20260601-0002986,69.73,cash,settled,2026-06-01 06:28:04
PAY-20260601-0002987,TRP-20260601-0002987,47.19,mada,settled,2026-06-02 12:07:43
PAY-20260601-0002988,TRP-20260601-0002988,21.87,apple_pay,settled,2026-06-02 01:11:36
PAY-20260601-0002989,TRP-20260601-0002989,12.71,mada,settled,2026-06-01 08:33:42
PAY-20260601-0002990,TRP-20260601-0002990,14.80,mada,settled,2026-06-01 08:59:32
PAY-20260601-0002991,TRP-20260601-0002991,80.10,credit_card,settled,2026-06-01 06:42:02
PAY-20260601-0002992,TRP-20260601-0002992,25.82,wallet,settled,2026-06-01 09:29:25
PAY-20260601-0002993,TRP-20260601-0002993,85.44,stc_pay,settled,2026-06-02 03:56:20
PAY-20260601-0002994,TRP-20260601-0002994,53.31,mada,settled,2026-06-01 20:01:58
PAY-20260601-0002995,TRP-20260601-0002995,25.77,apple_pay,settled,2026-06-02 11:15:17
PAY-20260601-0002996,TRP-20260601-0002996,40.92,cash,settled,2026-06-01 12:32:44
PAY-20260601-0002997,TRP-20260601-0002997,47.13,mada,settled,2026-06-01 10:53:09
PAY-20260601-0002999,TRP-20260601-0002999,60.65,mada,settled,2026-06-02 00:12:38
PAY-20260601-0003000,TRP-20260601-0003000,13.28,credit_card,settled,2026-06-01 18:55:26
PAY-20260601-0003001,TRP-20260601-0003001,157.27,mada,settled,2026-06-01 12:38:32
PAY-20260601-0003002,TRP-20260601-0003002,10.00,mada,settled,2026-06-01 14:04:32
PAY-20260601-0003003,TRP-20260601-0003003,91.32,mada,settled,2026-06-02 01:07:12
PAY-20260601-0003004,TRP-20260601-0003004,51.38,mada,settled,2026-06-02 02:59:30
PAY-20260601-0003005,TRP-20260601-0003005,21.01,apple_pay,refunded,2026-06-01 20:57:01
PAY-20260601-0003006,TRP-20260601-0003006,30.85,credit_card,settled,2026-06-01 06:05:55
PAY-20260601-0003007,TRP-20260601-0003007,10.61,mada,settled,2026-06-02 14:41:28
PAY-20260601-0003008,TRP-20260601-0003008,34.82,apple_pay,settled,2026-06-02 02:09:37
PAY-20260601-0003009,TRP-20260601-0003009,20.65,mada,settled,2026-06-02 08:46:14
PAY-20260601-0003010,TRP-20260601-0003010,46.13,apple_pay,settled,2026-06-01 17:08:06
PAY-20260601-0003011,TRP-20260601-0003011,24.06,cash,settled,2026-06-01 19:01:32
PAY-20260601-0003012,TRP-20260601-0003012,12.54,mada,settled,2026-06-01 19:14:26
PAY-20260601-0003013,TRP-20260601-0003013,47.70,mada,settled,2026-06-01 16:58:26
PAY-20260601-0003014,TRP-20260601-0003014,18.08,apple_pay,settled,2026-06-01 03:17:46
PAY-20260601-0003016,TRP-20260601-0003016,17.80,mada,settled,2026-06-01 13:42:38
PAY-20260601-0003017,TRP-20260601-0003017,17.51,cash,settled,2026-06-01 14:42:37
PAY-20260601-0003018,TRP-20260601-0003018,23.28,mada,settled,2026-06-02 16:41:11
PAY-20260601-0003019,TRP-20260601-0003019,70.78,apple_pay,pending,2026-06-01 20:23:29
PAY-20260601-0003020,TRP-20260601-0003020,17.44,credit_card,settled,2026-06-01 15:42:03
PAY-20260601-0003022,TRP-20260601-0003022,40.76,credit_card,settled,2026-06-01 17:02:25
PAY-20260601-0003023,TRP-20260601-0003023,12.00,mada,settled,2026-06-01 06:29:58
PAY-20260601-0003024,TRP-20260601-0003024,14.89,cash,settled,2026-06-01 13:02:26
PAY-20260601-0003025,TRP-20260601-0003025,40.70,apple_pay,settled,2026-06-01 20:21:30
PAY-20260601-0003026,TRP-20260601-0003026,27.95,apple_pay,settled,2026-06-01 16:55:12
PAY-20260601-0003027,TRP-20260601-0003027,233.36,credit_card,settled,2026-06-01 18:45:39
PAY-20260601-0003028,TRP-20260601-0003028,29.33,mada,settled,2026-06-01 06:39:54
PAY-20260601-0003029,TRP-20260601-0003029,84.45,stc_pay,settled,2026-06-01 08:58:21
PAY-20260601-0003030,TRP-20260601-0003030,10.85,apple_pay,settled,2026-06-01 07:17:09
PAY-20260601-0003031,TRP-20260601-0003031,94.59,mada,settled,2026-06-01 04:34:35
PAY-20260601-0003032,TRP-20260601-0003032,50.04,mada,settled,2026-06-01 17:08:33
PAY-20260601-0003033,TRP-20260601-0003033,27.75,mada,settled,2026-06-01 07:31:53
PAY-20260601-0003034,TRP-20260601-0003034,26.01,stc_pay,settled,2026-06-01 15:07:46
PAY-20260601-0003035,TRP-20260601-0003035,62.19,mada,settled,2026-06-01 14:29:45
PAY-20260601-0003036,TRP-20260601-0003036,19.22,apple_pay,settled,2026-06-01 12:03:24
PAY-20260601-0003037,TRP-20260601-0003037,111.37,apple_pay,settled,2026-06-02 00:35:28
PAY-20260601-0003038,TRP-20260601-0003038,27.29,mada,settled,2026-06-01 16:31:46
PAY-20260601-0003039,TRP-20260601-0003039,38.82,mada,settled,2026-06-01 11:31:43
PAY-20260601-0003040,TRP-20260601-0003040,59.07,stc_pay,settled,2026-06-01 05:11:14
PAY-20260601-0003042,TRP-20260601-0003042,64.91,apple_pay,settled,2026-06-02 00:04:50
PAY-20260601-0003043,TRP-20260601-0003043,28.89,stc_pay,settled,2026-06-01 21:01:31
PAY-20260601-0003044,TRP-20260601-0003044,163.01,cash,settled,2026-06-01 16:08:16
PAY-20260601-0003045,TRP-20260601-0003045,21.51,cash,settled,2026-06-01 11:53:10
PAY-20260601-0003046,TRP-20260601-0003046,119.93,cash,settled,2026-06-01 11:44:44
PAY-20260601-0003047,TRP-20260601-0003047,41.37,credit_card,settled,2026-06-02 01:21:23
PAY-20260601-0003048,TRP-20260601-0003048,30.27,mada,settled,2026-06-02 07:14:39
PAY-20260601-0003049,TRP-20260601-0003049,153.25,stc_pay,settled,2026-06-01 17:24:50
PAY-20260601-0003050,TRP-20260601-0003050,19.99,stc_pay,settled,2026-06-02 02:03:06
PAY-20260601-0003051,TRP-20260601-0003051,17.82,cash,settled,2026-06-01 12:36:12
PAY-20260601-0003052,TRP-20260601-0003052,39.42,stc_pay,settled,2026-06-01 20:16:25
PAY-20260601-0003053,TRP-20260601-0003053,12.00,credit_card,settled,2026-06-01 19:03:54
PAY-20260601-0003054,TRP-20260601-0003054,19.35,apple_pay,settled,2026-06-02 12:48:43
PAY-20260601-0003057,TRP-20260601-0003057,30.44,credit_card,settled,2026-06-02 04:57:09
PAY-20260601-0003058,TRP-20260601-0003058,22.51,apple_pay,settled,2026-06-01 14:37:46
PAY-20260601-0003059,TRP-20260601-0003059,64.20,mada,settled,2026-06-01 19:35:28
PAY-20260601-0003060,TRP-20260601-0003060,22.16,stc_pay,settled,2026-06-02 07:59:23
PAY-20260601-0003061,TRP-20260601-0003061,62.37,credit_card,settled,2026-06-01 13:50:07
PAY-20260601-0003062,TRP-20260601-0003062,25.91,credit_card,settled,2026-06-01 02:42:46
PAY-20260601-0003063,TRP-20260601-0003063,21.25,wallet,settled,2026-06-01 09:43:10
PAY-20260601-0003064,TRP-20260601-0003064,29.68,stc_pay,settled,2026-06-02 11:43:22
PAY-20260601-0003065,TRP-20260601-0003065,10.00,mada,settled,2026-06-01 11:45:41
PAY-20260601-0003066,TRP-20260601-0003066,59.81,mada,settled,2026-06-01 17:41:10
PAY-20260601-0003067,TRP-20260601-0003067,12.00,wallet,settled,2026-06-01 21:11:37
PAY-20260601-0003068,TRP-20260601-0003068,37.81,credit_card,settled,2026-06-02 14:26:30
PAY-20260601-0003069,TRP-20260601-0003069,14.38,mada,settled,2026-06-01 13:32:46
PAY-20260601-0003070,TRP-20260601-0003070,157.02,mada,settled,2026-06-01 17:53:11
PAY-20260601-0003071,TRP-20260601-0003071,14.46,credit_card,settled,2026-06-01 13:06:08
PAY-20260601-0003072,TRP-20260601-0003072,17.96,credit_card,settled,2026-06-01 09:34:00
PAY-20260601-0003073,TRP-20260601-0003073,8.00,mada,settled,2026-06-01 15:52:10
PAY-20260601-0003074,TRP-20260601-0003074,61.22,mada,settled,2026-06-02 09:38:40
PAY-20260601-0003075,TRP-20260601-0003075,32.04,mada,settled,2026-06-01 15:49:38
PAY-20260601-0003076,TRP-20260601-0003076,45.84,credit_card,settled,2026-06-01 15:48:44
PAY-20260601-0003077,TRP-20260601-0003077,12.00,cash,settled,2026-06-01 12:09:04
PAY-20260601-0003078,TRP-20260601-0003078,60.46,mada,settled,2026-06-02 10:11:33
PAY-20260601-0003079,TRP-20260601-0003079,18.44,apple_pay,settled,2026-06-01 16:46:01
PAY-20260601-0003080,TRP-20260601-0003080,30.02,mada,settled,2026-06-01 14:02:42
PAY-20260601-0003081,TRP-20260601-0003081,60.59,mada,settled,2026-06-01 16:14:22
PAY-20260601-0003082,TRP-20260601-0003082,18.66,credit_card,settled,2026-05-31 22:27:30
PAY-20260601-0003083,TRP-20260601-0003083,36.17,stc_pay,settled,2026-06-01 14:43:13
PAY-20260601-0003084,TRP-20260601-0003084,25.22,cash,settled,2026-06-01 08:21:20
PAY-20260601-0003085,TRP-20260601-0003085,20.75,mada,settled,2026-06-01 21:22:30
PAY-20260601-0003086,TRP-20260601-0003086,46.40,cash,settled,2026-06-01 16:33:10
PAY-20260601-0003087,TRP-20260601-0003087,25.48,mada,settled,2026-06-01 10:21:35
PAY-20260601-0003088,TRP-20260601-0003088,40.45,mada,settled,2026-06-02 05:27:19
PAY-20260601-0003089,TRP-20260601-0003089,31.91,credit_card,settled,2026-06-01 22:53:15
PAY-20260601-0003090,TRP-20260601-0003090,51.57,cash,settled,2026-06-01 16:58:23
PAY-20260601-0003091,TRP-20260601-0003091,27.41,credit_card,settled,2026-06-01 17:22:35
PAY-20260601-0003092,TRP-20260601-0003092,67.59,mada,settled,2026-06-01 06:50:17
PAY-20260601-0003093,TRP-20260601-0003093,22.50,mada,settled,2026-06-01 13:09:58
PAY-20260601-0003094,TRP-20260601-0003094,41.36,credit_card,settled,2026-06-01 21:04:01
PAY-20260601-0003096,TRP-20260601-0003096,34.91,credit_card,settled,2026-06-01 20:54:08
PAY-20260601-0003097,TRP-20260601-0003097,56.13,apple_pay,settled,2026-06-01 00:28:05
PAY-20260601-0003098,TRP-20260601-0003098,40.47,stc_pay,settled,2026-06-01 08:30:20
PAY-20260601-0003099,TRP-20260601-0003099,49.59,mada,settled,2026-06-01 22:22:20
PAY-20260601-0003100,TRP-20260601-0003100,54.61,credit_card,settled,2026-06-02 01:37:07
PAY-20260601-0003101,TRP-20260601-0003101,10.00,stc_pay,settled,2026-06-01 07:22:59
PAY-20260601-0003102,TRP-20260601-0003102,21.28,mada,settled,2026-06-01 03:03:57
PAY-20260601-0003103,TRP-20260601-0003103,25.45,mada,settled,2026-06-01 12:04:24
PAY-20260601-0003104,TRP-20260601-0003104,22.21,mada,pending,2026-06-01 15:48:12
PAY-20260601-0003105,TRP-20260601-0003105,54.83,mada,settled,2026-06-02 07:14:53
PAY-20260601-0003106,TRP-20260601-0003106,15.10,mada,settled,2026-06-02 05:48:16
PAY-20260601-0003107,TRP-20260601-0003107,10.00,mada,settled,2026-06-02 12:39:47
PAY-20260601-0003108,TRP-20260601-0003108,98.67,stc_pay,settled,2026-06-01 19:13:57
PAY-20260601-0003109,TRP-20260601-0003109,26.61,mada,settled,2026-06-02 06:46:56
PAY-20260601-0003110,TRP-20260601-0003110,13.04,cash,settled,2026-06-01 19:53:09
PAY-20260601-0003111,TRP-20260601-0003111,17.35,mada,settled,2026-06-01 20:53:01
PAY-20260601-0003112,TRP-20260601-0003112,79.38,mada,settled,2026-06-01 11:55:45
PAY-20260601-0003113,TRP-20260601-0003113,21.63,mada,settled,2026-06-01 11:54:33
PAY-20260601-0003114,TRP-20260601-0003114,39.93,stc_pay,settled,2026-06-01 03:50:28
PAY-20260601-0003115,TRP-20260601-0003115,18.44,apple_pay,settled,2026-06-01 14:30:09
PAY-20260601-0003116,TRP-20260601-0003116,93.92,apple_pay,settled,2026-06-01 12:12:22
PAY-20260601-0003117,TRP-20260601-0003117,19.09,cash,settled,2026-06-01 05:46:38
PAY-20260601-0003118,TRP-20260601-0003118,45.59,apple_pay,settled,2026-06-01 10:34:25
PAY-20260601-0003119,TRP-20260601-0003119,10.00,wallet,settled,2026-06-01 07:52:33
PAY-20260601-0003120,TRP-20260601-0003120,55.82,mada,settled,2026-06-01 08:56:21
PAY-20260601-0003121,TRP-20260601-0003121,114.87,apple_pay,settled,2026-06-01 19:48:17
PAY-20260601-0003122,TRP-20260601-0003122,36.14,mada,settled,2026-06-01 17:11:08
PAY-20260601-0003123,TRP-20260601-0003123,12.68,mada,settled,2026-06-01 20:48:42
PAY-20260601-0003124,TRP-20260601-0003124,14.95,cash,settled,2026-06-01 11:21:47
PAY-20260601-0003125,TRP-20260601-0003125,72.48,mada,settled,2026-06-01 05:08:29
PAY-20260601-0003127,TRP-20260601-0003127,176.31,stc_pay,settled,2026-06-01 23:13:30
PAY-20260601-0003128,TRP-20260601-0003128,12.58,apple_pay,settled,2026-06-02 02:43:58
PAY-20260601-0003129,TRP-20260601-0003129,10.00,cash,settled,2026-05-31 21:27:43
PAY-20260601-0003130,TRP-20260601-0003130,12.00,apple_pay,settled,2026-06-01 13:30:29
PAY-20260601-0003131,TRP-20260601-0003131,22.51,apple_pay,settled,2026-06-01 19:57:25
PAY-20260601-0003132,TRP-20260601-0003132,12.00,mada,settled,2026-06-02 08:42:38
PAY-20260601-0003133,TRP-20260601-0003133,37.65,wallet,settled,2026-06-01 14:46:34
PAY-20260601-0003134,TRP-20260601-0003134,95.37,apple_pay,settled,2026-06-01 10:48:49
PAY-20260601-0003135,TRP-20260601-0003135,33.00,mada,settled,2026-06-02 02:01:00
PAY-20260601-0003136,TRP-20260601-0003136,16.29,mada,settled,2026-06-02 11:08:53
PAY-20260601-0003137,TRP-20260601-0003137,71.56,mada,settled,2026-06-01 18:58:46
PAY-20260601-0003138,TRP-20260601-0003138,154.22,credit_card,settled,2026-06-01 16:17:28
PAY-20260601-0003139,TRP-20260601-0003139,24.59,mada,settled,2026-06-01 14:17:05
PAY-20260601-0003140,TRP-20260601-0003140,76.80,mada,settled,2026-06-01 20:11:54
PAY-20260601-0003141,TRP-20260601-0003141,17.40,mada,settled,2026-06-01 11:29:07
PAY-20260601-0003142,TRP-20260601-0003142,14.89,credit_card,settled,2026-06-02 04:04:38
PAY-20260601-0003143,TRP-20260601-0003143,10.00,cash,settled,2026-06-01 11:42:36
PAY-20260601-0003144,TRP-20260601-0003144,121.50,mada,settled,2026-06-01 17:40:24
PAY-20260601-0003145,TRP-20260601-0003145,28.66,credit_card,settled,2026-06-02 08:46:55
PAY-20260601-0003146,TRP-20260601-0003146,16.03,credit_card,settled,2026-06-02 05:31:46
PAY-20260601-0003147,TRP-20260601-0003147,11.33,credit_card,settled,2026-06-02 14:20:26
PAY-20260601-0003148,TRP-20260601-0003148,15.40,mada,settled,2026-06-01 00:22:47
PAY-20260601-0003149,TRP-20260601-0003149,20.60,mada,settled,2026-06-02 01:06:39
PAY-20260601-0003150,TRP-20260601-0003150,20.37,cash,settled,2026-06-01 06:25:09
PAY-20260601-0003151,TRP-20260601-0003151,34.41,credit_card,settled,2026-06-01 13:45:22
PAY-20260601-0003152,TRP-20260601-0003152,16.99,stc_pay,settled,2026-06-02 01:16:55
PAY-20260601-0003153,TRP-20260601-0003153,28.47,credit_card,settled,2026-06-01 14:55:30
PAY-20260601-0003154,TRP-20260601-0003154,30.61,wallet,settled,2026-06-01 04:25:32
PAY-20260601-0003155,TRP-20260601-0003155,62.82,wallet,settled,2026-06-01 14:45:11
PAY-20260601-0003156,TRP-20260601-0003156,19.35,mada,settled,2026-05-31 21:18:30
PAY-20260601-0003157,TRP-20260601-0003157,29.70,apple_pay,settled,2026-06-01 05:02:35
PAY-20260601-0003158,TRP-20260601-0003158,12.05,apple_pay,settled,2026-06-01 07:48:01
PAY-20260601-0003159,TRP-20260601-0003159,30.15,cash,settled,2026-06-01 03:29:58
PAY-20260601-0003160,TRP-20260601-0003160,20.97,stc_pay,settled,2026-06-02 02:31:02
PAY-20260601-0003161,TRP-20260601-0003161,16.75,wallet,settled,2026-06-01 11:08:13
PAY-20260601-0003162,TRP-20260601-0003162,50.26,stc_pay,settled,2026-06-01 12:09:00
PAY-20260601-0003163,TRP-20260601-0003163,27.60,mada,settled,2026-06-01 17:22:33
PAY-20260601-0003164,TRP-20260601-0003164,51.95,credit_card,settled,2026-06-02 04:35:53
PAY-20260601-0003165,TRP-20260601-0003165,36.28,credit_card,settled,2026-06-01 19:29:52
PAY-20260601-0003166,TRP-20260601-0003166,43.09,stc_pay,settled,2026-06-02 05:19:43
PAY-20260601-0003167,TRP-20260601-0003167,38.56,cash,settled,2026-06-01 15:09:11
PAY-20260601-0003168,TRP-20260601-0003168,42.03,wallet,settled,2026-06-01 17:21:20
PAY-20260601-0003169,TRP-20260601-0003169,10.00,cash,settled,2026-06-01 11:34:12
PAY-20260601-0003170,TRP-20260601-0003170,51.85,mada,settled,2026-05-31 23:04:20
PAY-20260601-0003171,TRP-20260601-0003171,22.52,stc_pay,settled,2026-06-02 10:17:29
PAY-20260601-0003172,TRP-20260601-0003172,36.84,wallet,settled,2026-06-01 20:24:12
PAY-20260601-0003173,TRP-20260601-0003173,29.82,apple_pay,settled,2026-06-01 13:45:02
PAY-20260601-0003176,TRP-20260601-0003176,36.41,cash,settled,2026-06-01 13:35:13
PAY-20260601-0003177,TRP-20260601-0003177,18.67,stc_pay,settled,2026-06-02 12:11:57
PAY-20260601-0003178,TRP-20260601-0003178,27.96,cash,settled,2026-06-01 14:26:04
PAY-20260601-0003179,TRP-20260601-0003179,63.63,cash,settled,2026-06-01 11:41:08
PAY-20260601-0003180,TRP-20260601-0003180,26.69,cash,settled,2026-06-01 09:48:46
PAY-20260601-0003181,TRP-20260601-0003181,72.61,credit_card,settled,2026-06-01 11:09:23
PAY-20260601-0003182,TRP-20260601-0003182,16.70,apple_pay,settled,2026-06-01 07:21:05
PAY-20260601-0003183,TRP-20260601-0003183,22.44,mada,settled,2026-06-02 03:57:06
PAY-20260601-0003184,TRP-20260601-0003184,8.00,mada,settled,2026-06-01 19:52:48
PAY-20260601-0003185,TRP-20260601-0003185,30.76,apple_pay,refunded,2026-06-01 07:47:26
PAY-20260601-0003186,TRP-20260601-0003186,6.00,mada,settled,2026-06-01 13:10:41
PAY-20260601-0003187,TRP-20260601-0003187,21.13,mada,settled,2026-06-01 05:25:12
PAY-20260601-0003188,TRP-20260601-0003188,17.21,stc_pay,settled,2026-06-01 08:56:04
PAY-20260601-0003189,TRP-20260601-0003189,16.60,mada,settled,2026-06-01 19:02:32
PAY-20260601-0003190,TRP-20260601-0003190,47.73,stc_pay,settled,2026-06-01 05:26:36
PAY-20260601-0003191,TRP-20260601-0003191,37.71,mada,settled,2026-06-02 04:22:50
PAY-20260601-0003192,TRP-20260601-0003192,100.27,stc_pay,settled,2026-06-01 17:40:34
PAY-20260601-0003193,TRP-20260601-0003193,37.37,mada,settled,2026-06-01 06:50:42
PAY-20260601-0003194,TRP-20260601-0003194,26.89,mada,settled,2026-06-01 18:30:32
PAY-20260601-0003196,TRP-20260601-0003196,24.50,mada,settled,2026-06-01 15:47:15
PAY-20260601-0003197,TRP-20260601-0003197,8.00,mada,settled,2026-06-01 10:39:22
PAY-20260601-0003198,TRP-20260601-0003198,11.22,mada,settled,2026-06-01 05:43:03
PAY-20260601-0003199,TRP-20260601-0003199,14.76,cash,settled,2026-06-01 13:04:46
PAY-20260601-0003200,TRP-20260601-0003200,27.33,apple_pay,settled,2026-06-02 04:05:09
PAY-20260601-0003201,TRP-20260601-0003201,21.75,apple_pay,settled,2026-06-01 08:40:35
PAY-20260601-0003202,TRP-20260601-0003202,39.72,apple_pay,settled,2026-06-01 17:57:41
PAY-20260601-0003203,TRP-20260601-0003203,8.00,stc_pay,pending,2026-06-01 13:20:10
PAY-20260601-0003204,TRP-20260601-0003204,79.37,stc_pay,failed,2026-06-01 17:41:40
PAY-20260601-0003205,TRP-20260601-0003205,27.15,mada,settled,2026-06-01 11:00:11
PAY-20260601-0003206,TRP-20260601-0003206,139.52,mada,settled,2026-06-01 08:26:18
PAY-20260601-0003207,TRP-20260601-0003207,36.05,wallet,settled,2026-06-01 16:40:33
PAY-20260601-0003208,TRP-20260601-0003208,54.62,credit_card,settled,2026-06-01 17:08:16
PAY-20260601-0003209,TRP-20260601-0003209,36.02,credit_card,pending,2026-06-01 15:30:36
PAY-20260601-0003210,TRP-20260601-0003210,47.70,stc_pay,settled,2026-06-01 11:32:27
PAY-20260601-0003211,TRP-20260601-0003211,14.21,mada,pending,2026-06-01 05:15:16
PAY-20260601-0003212,TRP-20260601-0003212,32.68,apple_pay,settled,2026-06-01 19:35:05
PAY-20260601-0003213,TRP-20260601-0003213,111.98,mada,settled,2026-06-01 08:30:34
PAY-20260601-0003215,TRP-20260601-0003215,10.00,cash,settled,2026-06-01 14:36:38
PAY-20260601-0003216,TRP-20260601-0003216,35.08,stc_pay,settled,2026-06-01 16:47:49
PAY-20260601-0003217,TRP-20260601-0003217,103.12,mada,settled,2026-06-01 16:30:49
PAY-20260601-0003218,TRP-20260601-0003218,36.58,mada,settled,2026-06-01 14:24:34
PAY-20260601-0003219,TRP-20260601-0003219,10.00,apple_pay,settled,2026-06-01 21:13:18
PAY-20260601-0003220,TRP-20260601-0003220,60.87,credit_card,settled,2026-06-01 11:28:23
PAY-20260601-0003221,TRP-20260601-0003221,21.22,credit_card,settled,2026-06-02 00:58:30
PAY-20260601-0003222,TRP-20260601-0003222,29.87,wallet,settled,2026-06-02 02:50:18
PAY-20260601-0003223,TRP-20260601-0003223,14.66,mada,settled,2026-06-01 20:07:54
PAY-20260601-0003224,TRP-20260601-0003224,27.85,apple_pay,settled,2026-06-01 06:08:04
PAY-20260601-0003225,TRP-20260601-0003225,6.00,mada,settled,2026-06-01 16:52:04
PAY-20260601-0003226,TRP-20260601-0003226,12.59,stc_pay,settled,2026-06-01 18:03:09
PAY-20260601-0003227,TRP-20260601-0003227,15.28,credit_card,settled,2026-06-01 18:27:22
PAY-20260601-0003228,TRP-20260601-0003228,46.44,credit_card,settled,2026-06-01 17:08:07
PAY-20260601-0003229,TRP-20260601-0003229,36.73,cash,settled,2026-06-01 13:37:09
PAY-20260601-0003230,TRP-20260601-0003230,19.28,mada,settled,2026-06-01 11:48:20
PAY-20260601-0003231,TRP-20260601-0003231,140.30,mada,settled,2026-06-02 14:09:24
PAY-20260601-0003232,TRP-20260601-0003232,70.49,stc_pay,settled,2026-06-01 21:37:09
PAY-20260601-0003233,TRP-20260601-0003233,15.45,credit_card,settled,2026-06-01 06:31:25
PAY-20260601-0003234,TRP-20260601-0003234,41.15,mada,settled,2026-06-02 10:14:15
PAY-20260601-0003235,TRP-20260601-0003235,87.67,credit_card,settled,2026-06-01 17:42:57
PAY-20260601-0003236,TRP-20260601-0003236,168.96,credit_card,settled,2026-06-01 18:09:48
PAY-20260601-0003237,TRP-20260601-0003237,72.52,credit_card,settled,2026-06-02 06:04:38
PAY-20260601-0003238,TRP-20260601-0003238,17.37,mada,settled,2026-06-01 09:15:41
PAY-20260601-0003239,TRP-20260601-0003239,30.72,mada,settled,2026-06-01 20:17:20
PAY-20260601-0003240,TRP-20260601-0003240,22.64,cash,settled,2026-06-01 08:09:15
PAY-20260601-0003241,TRP-20260601-0003241,81.18,cash,settled,2026-06-01 13:16:53
PAY-20260601-0003242,TRP-20260601-0003242,58.50,stc_pay,settled,2026-06-01 17:47:15
PAY-20260601-0003243,TRP-20260601-0003243,12.19,mada,settled,2026-06-01 05:33:39
PAY-20260601-0003244,TRP-20260601-0003244,52.75,mada,settled,2026-06-01 05:54:37
PAY-20260601-0003245,TRP-20260601-0003245,54.58,stc_pay,settled,2026-06-01 03:56:01
PAY-20260601-0003246,TRP-20260601-0003246,30.08,mada,settled,2026-06-01 05:44:40
PAY-20260601-0003247,TRP-20260601-0003247,19.21,cash,settled,2026-06-01 15:22:48
PAY-20260601-0003248,TRP-20260601-0003248,38.35,mada,settled,2026-06-01 21:22:13
PAY-20260601-0003249,TRP-20260601-0003249,37.43,stc_pay,settled,2026-06-01 05:58:36
PAY-20260601-0003250,TRP-20260601-0003250,16.45,apple_pay,settled,2026-06-01 15:24:52
PAY-20260601-0003251,TRP-20260601-0003251,29.85,credit_card,settled,2026-06-01 17:39:31
PAY-20260601-0003252,TRP-20260601-0003252,116.27,credit_card,settled,2026-06-01 15:59:14
PAY-20260601-0003253,TRP-20260601-0003253,24.99,credit_card,settled,2026-06-02 02:19:52
PAY-20260601-0003254,TRP-20260601-0003254,63.76,credit_card,settled,2026-06-02 13:59:06
PAY-20260601-0003255,TRP-20260601-0003255,92.98,credit_card,settled,2026-06-01 06:09:34
PAY-20260601-0003256,TRP-20260601-0003256,94.07,mada,settled,2026-06-01 09:47:56
PAY-20260601-0003257,TRP-20260601-0003257,143.42,credit_card,settled,2026-06-01 18:24:01
PAY-20260601-0003258,TRP-20260601-0003258,54.91,mada,settled,2026-06-02 17:26:33
PAY-20260601-0003259,TRP-20260601-0003259,15.68,credit_card,settled,2026-06-02 02:54:41
PAY-20260601-0003260,TRP-20260601-0003260,23.79,credit_card,settled,2026-06-01 23:03:11
PAY-20260601-0003261,TRP-20260601-0003261,27.33,mada,settled,2026-06-01 15:45:11
PAY-20260601-0003262,TRP-20260601-0003262,46.79,cash,settled,2026-06-01 04:32:52
PAY-20260601-0003263,TRP-20260601-0003263,100.12,mada,settled,2026-06-01 21:16:45
PAY-20260601-0003264,TRP-20260601-0003264,18.07,credit_card,settled,2026-06-01 21:29:56
PAY-20260601-0003265,TRP-20260601-0003265,45.79,mada,pending,2026-06-01 06:29:03
PAY-20260601-0003266,TRP-20260601-0003266,25.94,stc_pay,settled,2026-06-02 04:24:11
PAY-20260601-0003268,TRP-20260601-0003268,41.40,credit_card,settled,2026-06-01 17:47:31
PAY-20260601-0003269,TRP-20260601-0003269,41.03,mada,settled,2026-06-01 13:50:18
PAY-20260601-0003270,TRP-20260601-0003270,35.75,apple_pay,settled,2026-06-01 12:05:18
PAY-20260601-0003272,TRP-20260601-0003272,35.39,credit_card,settled,2026-06-02 01:11:59
PAY-20260601-0003273,TRP-20260601-0003273,63.33,mada,settled,2026-06-01 21:39:04
PAY-20260601-0003274,TRP-20260601-0003274,13.15,apple_pay,settled,2026-06-01 06:50:52
PAY-20260601-0003275,TRP-20260601-0003275,73.65,mada,settled,2026-06-01 09:40:52
PAY-20260601-0003276,TRP-20260601-0003276,30.61,stc_pay,settled,2026-06-01 15:21:21
PAY-20260601-0003277,TRP-20260601-0003277,16.89,mada,settled,2026-06-01 06:33:31
PAY-20260601-0003278,TRP-20260601-0003278,16.40,credit_card,settled,2026-06-02 02:10:54
PAY-20260601-0003279,TRP-20260601-0003279,20.52,mada,settled,2026-06-01 03:10:20
PAY-20260601-0003280,TRP-20260601-0003280,136.70,apple_pay,settled,2026-06-01 15:29:18
PAY-20260601-0003281,TRP-20260601-0003281,33.77,mada,settled,2026-06-01 10:22:13
PAY-20260601-0003282,TRP-20260601-0003282,20.71,credit_card,settled,2026-06-01 19:42:38
PAY-20260601-0003284,TRP-20260601-0003284,34.06,credit_card,settled,2026-06-01 19:21:03
PAY-20260601-0003285,TRP-20260601-0003285,30.87,mada,settled,2026-06-01 00:38:06
PAY-20260601-0003286,TRP-20260601-0003286,38.56,apple_pay,settled,2026-06-01 19:02:58
PAY-20260601-0003287,TRP-20260601-0003287,67.48,mada,settled,2026-06-01 13:23:26
PAY-20260601-0003288,TRP-20260601-0003288,35.01,mada,settled,2026-05-31 21:56:27
PAY-20260601-0003289,TRP-20260601-0003289,16.93,apple_pay,settled,2026-06-01 21:49:27
PAY-20260601-0003290,TRP-20260601-0003290,68.21,wallet,settled,2026-06-01 16:13:53
PAY-20260601-0003291,TRP-20260601-0003291,120.15,stc_pay,settled,2026-06-01 23:27:50
PAY-20260601-0003292,TRP-20260601-0003292,20.42,mada,settled,2026-06-01 06:12:47
PAY-20260601-0003293,TRP-20260601-0003293,38.47,stc_pay,settled,2026-06-02 06:38:21
PAY-20260601-0003294,TRP-20260601-0003294,40.00,apple_pay,settled,2026-06-02 07:22:56
PAY-20260601-0003295,TRP-20260601-0003295,10.48,stc_pay,settled,2026-06-01 12:48:13
PAY-20260601-0003296,TRP-20260601-0003296,100.86,cash,settled,2026-06-01 21:12:25
PAY-20260601-0003297,TRP-20260601-0003297,16.62,mada,settled,2026-06-01 17:28:40
PAY-20260601-0003298,TRP-20260601-0003298,40.05,cash,settled,2026-06-01 05:28:52
PAY-20260601-0003299,TRP-20260601-0003299,32.08,credit_card,settled,2026-06-01 18:06:39
PAY-20260601-0003300,TRP-20260601-0003300,28.14,cash,settled,2026-06-01 17:05:38
PAY-20260601-0003301,TRP-20260601-0003301,95.79,cash,settled,2026-06-01 07:38:34
PAY-20260601-0003302,TRP-20260601-0003302,30.14,stc_pay,settled,2026-06-01 05:34:09
PAY-20260601-0003303,TRP-20260601-0003303,51.41,mada,settled,2026-06-02 08:20:46
PAY-20260601-0003304,TRP-20260601-0003304,29.01,mada,settled,2026-06-01 19:43:08
PAY-20260601-0003305,TRP-20260601-0003305,71.83,wallet,settled,2026-06-01 17:26:45
PAY-20260601-0003306,TRP-20260601-0003306,22.65,cash,settled,2026-06-01 17:12:07
PAY-20260601-0003307,TRP-20260601-0003307,132.92,mada,settled,2026-06-02 09:44:17
PAY-20260601-0003308,TRP-20260601-0003308,12.58,credit_card,settled,2026-06-01 09:33:29
PAY-20260601-0003309,TRP-20260601-0003309,16.14,wallet,settled,2026-06-02 12:08:15
PAY-20260601-0003310,TRP-20260601-0003310,21.38,mada,settled,2026-06-02 06:56:10
PAY-20260601-0003311,TRP-20260601-0003311,25.49,mada,settled,2026-06-01 15:34:08
PAY-20260601-0003312,TRP-20260601-0003312,12.29,mada,settled,2026-06-01 15:51:51
PAY-20260601-0003313,TRP-20260601-0003313,6.00,credit_card,settled,2026-06-01 20:43:21
PAY-20260601-0003314,TRP-20260601-0003314,54.55,stc_pay,settled,2026-06-01 11:49:55
PAY-20260601-0003315,TRP-20260601-0003315,25.36,mada,settled,2026-06-01 18:28:00
PAY-20260601-0003316,TRP-20260601-0003316,74.55,mada,settled,2026-06-01 18:37:39
PAY-20260601-0003317,TRP-20260601-0003317,21.62,mada,settled,2026-06-01 12:17:49
PAY-20260601-0003318,TRP-20260601-0003318,8.00,wallet,settled,2026-06-01 21:28:07
PAY-20260601-0003319,TRP-20260601-0003319,65.78,cash,settled,2026-06-01 08:59:01
PAY-20260601-0003320,TRP-20260601-0003320,50.10,stc_pay,settled,2026-06-01 15:11:47
PAY-20260601-0003321,TRP-20260601-0003321,43.65,credit_card,settled,2026-06-01 20:45:42
PAY-20260601-0003322,TRP-20260601-0003322,64.19,cash,settled,2026-06-01 15:13:05
PAY-20260601-0003323,TRP-20260601-0003323,12.72,cash,settled,2026-06-01 16:38:25
PAY-20260601-0003324,TRP-20260601-0003324,83.85,wallet,settled,2026-06-02 13:39:08
PAY-20260601-0003325,TRP-20260601-0003325,77.97,mada,settled,2026-06-02 05:33:17
PAY-20260601-0003326,TRP-20260601-0003326,33.94,mada,settled,2026-06-01 17:03:00
PAY-20260601-0003327,TRP-20260601-0003327,24.88,cash,settled,2026-06-01 06:35:24
PAY-20260601-0003328,TRP-20260601-0003328,83.68,mada,settled,2026-06-01 05:55:23
PAY-20260601-0003329,TRP-20260601-0003329,107.52,mada,settled,2026-06-01 12:25:03
PAY-20260601-0003330,TRP-20260601-0003330,20.54,credit_card,settled,2026-06-01 13:40:18
PAY-20260601-0003331,TRP-20260601-0003331,39.30,mada,settled,2026-06-01 18:44:03
PAY-20260601-0003332,TRP-20260601-0003332,34.00,apple_pay,settled,2026-06-01 08:55:36
PAY-20260601-0003333,TRP-20260601-0003333,26.82,wallet,settled,2026-06-01 12:31:11
PAY-20260601-0003335,TRP-20260601-0003335,114.74,stc_pay,settled,2026-06-01 05:48:36
PAY-20260601-0003336,TRP-20260601-0003336,25.60,wallet,settled,2026-06-01 19:12:15
PAY-20260601-0003337,TRP-20260601-0003337,27.89,mada,settled,2026-06-01 15:00:38
PAY-20260601-0003338,TRP-20260601-0003338,47.85,wallet,settled,2026-06-01 18:17:36
PAY-20260601-0003339,TRP-20260601-0003339,41.49,mada,settled,2026-06-01 16:30:17
PAY-20260601-0003341,TRP-20260601-0003341,21.02,credit_card,settled,2026-06-02 01:01:33
PAY-20260601-0003342,TRP-20260601-0003342,12.00,mada,settled,2026-06-01 13:00:37
PAY-20260601-0003343,TRP-20260601-0003343,42.16,cash,settled,2026-06-01 16:36:12
PAY-20260601-0003344,TRP-20260601-0003344,22.86,credit_card,settled,2026-06-01 15:56:30
PAY-20260601-0003346,TRP-20260601-0003346,38.16,mada,settled,2026-06-01 16:18:44
PAY-20260601-0003347,TRP-20260601-0003347,15.85,credit_card,settled,2026-06-01 19:08:41
PAY-20260601-0003348,TRP-20260601-0003348,61.04,cash,settled,2026-06-01 10:53:49
PAY-20260601-0003349,TRP-20260601-0003349,16.76,credit_card,settled,2026-06-01 12:02:33
PAY-20260601-0003350,TRP-20260601-0003350,12.90,cash,settled,2026-06-01 08:11:51
PAY-20260601-0003351,TRP-20260601-0003351,10.00,credit_card,settled,2026-06-01 19:47:46
PAY-20260601-0003352,TRP-20260601-0003352,28.95,mada,settled,2026-06-02 00:25:55
PAY-20260601-0003353,TRP-20260601-0003353,97.25,stc_pay,settled,2026-06-01 18:18:31
PAY-20260601-0003354,TRP-20260601-0003354,53.82,mada,settled,2026-06-01 11:27:50
PAY-20260601-0003355,TRP-20260601-0003355,66.40,credit_card,settled,2026-06-01 19:07:14
PAY-20260601-0003356,TRP-20260601-0003356,12.05,mada,settled,2026-06-02 02:13:43
PAY-20260601-0003357,TRP-20260601-0003357,12.17,mada,settled,2026-06-01 19:10:17
PAY-20260601-0003358,TRP-20260601-0003358,90.33,apple_pay,settled,2026-06-02 07:29:18
PAY-20260601-0003360,TRP-20260601-0003360,28.79,stc_pay,settled,2026-05-31 21:57:47
PAY-20260601-0003361,TRP-20260601-0003361,27.62,mada,settled,2026-06-01 15:13:17
PAY-20260601-0003362,TRP-20260601-0003362,30.71,credit_card,settled,2026-06-02 09:24:43
PAY-20260601-0003363,TRP-20260601-0003363,25.04,cash,settled,2026-06-01 12:33:35
PAY-20260601-0003364,TRP-20260601-0003364,34.77,cash,settled,2026-06-01 17:25:13
PAY-20260601-0003365,TRP-20260601-0003365,36.28,cash,settled,2026-06-01 12:36:00
PAY-20260601-0003366,TRP-20260601-0003366,20.04,stc_pay,settled,2026-06-01 15:06:57
PAY-20260601-0003367,TRP-20260601-0003367,46.69,credit_card,settled,2026-06-02 10:22:15
PAY-20260601-0003368,TRP-20260601-0003368,13.34,credit_card,settled,2026-06-01 16:01:13
PAY-20260601-0003369,TRP-20260601-0003369,109.44,wallet,settled,2026-06-01 17:26:27
PAY-20260601-0003370,TRP-20260601-0003370,61.24,credit_card,settled,2026-06-01 14:48:38
PAY-20260601-0003371,TRP-20260601-0003371,19.88,cash,settled,2026-06-01 17:25:31
PAY-20260601-0003372,TRP-20260601-0003372,11.94,mada,settled,2026-06-01 19:49:36
PAY-20260601-0003373,TRP-20260601-0003373,37.60,mada,settled,2026-06-01 16:38:19
PAY-20260601-0003374,TRP-20260601-0003374,91.40,mada,settled,2026-06-01 15:39:53
PAY-20260601-0003375,TRP-20260601-0003375,64.18,wallet,settled,2026-06-01 16:07:09
PAY-20260601-0003376,TRP-20260601-0003376,33.07,credit_card,settled,2026-06-01 15:25:44
PAY-20260601-0003377,TRP-20260601-0003377,23.40,wallet,settled,2026-06-01 08:04:39
PAY-20260601-0003378,TRP-20260601-0003378,14.96,cash,settled,2026-06-01 18:33:19
PAY-20260601-0003379,TRP-20260601-0003379,39.77,credit_card,settled,2026-06-02 12:22:15
PAY-20260601-0003380,TRP-20260601-0003380,52.63,credit_card,settled,2026-06-01 09:10:48
PAY-20260601-0003381,TRP-20260601-0003381,13.53,mada,settled,2026-06-01 14:21:41
PAY-20260601-0003382,TRP-20260601-0003382,20.77,apple_pay,settled,2026-06-01 23:04:10
PAY-20260601-0003383,TRP-20260601-0003383,10.00,wallet,settled,2026-06-02 00:11:19
PAY-20260601-0003384,TRP-20260601-0003384,40.07,stc_pay,settled,2026-06-01 16:12:46
PAY-20260601-0003385,TRP-20260601-0003385,71.95,apple_pay,settled,2026-06-02 14:54:14
PAY-20260601-0003386,TRP-20260601-0003386,43.88,apple_pay,settled,2026-06-01 16:15:29
PAY-20260601-0003387,TRP-20260601-0003387,46.95,mada,settled,2026-06-02 00:39:49
PAY-20260601-0003388,TRP-20260601-0003388,8.00,apple_pay,settled,2026-06-01 07:18:37
PAY-20260601-0003389,TRP-20260601-0003389,18.59,credit_card,settled,2026-06-02 03:45:21
PAY-20260601-0003390,TRP-20260601-0003390,20.94,cash,settled,2026-06-01 17:51:49
PAY-20260601-0003391,TRP-20260601-0003391,17.76,wallet,settled,2026-06-01 08:45:36
PAY-20260601-0003392,TRP-20260601-0003392,65.20,cash,settled,2026-06-01 11:45:35
PAY-20260601-0003393,TRP-20260601-0003393,101.06,mada,settled,2026-06-01 14:03:32
PAY-20260601-0003394,TRP-20260601-0003394,60.08,mada,settled,2026-06-01 15:25:25
PAY-20260601-0003395,TRP-20260601-0003395,41.87,credit_card,settled,2026-06-02 04:13:16
PAY-20260601-0003396,TRP-20260601-0003396,56.91,apple_pay,settled,2026-06-01 18:25:10
PAY-20260601-0003397,TRP-20260601-0003397,106.03,cash,settled,2026-06-01 12:04:44
PAY-20260601-0003398,TRP-20260601-0003398,12.00,mada,settled,2026-06-01 08:49:40
PAY-20260601-0003399,TRP-20260601-0003399,49.26,mada,settled,2026-06-02 12:37:43
PAY-20260601-0003400,TRP-20260601-0003400,16.56,cash,settled,2026-06-01 18:04:45
PAY-20260601-0003401,TRP-20260601-0003401,16.07,mada,settled,2026-06-01 08:12:37
PAY-20260601-0003402,TRP-20260601-0003402,51.78,stc_pay,settled,2026-06-01 22:43:38
PAY-20260601-0003403,TRP-20260601-0003403,34.95,mada,settled,2026-06-02 13:48:26
PAY-20260601-0003404,TRP-20260601-0003404,28.79,apple_pay,settled,2026-06-01 21:35:13
PAY-20260601-0003405,TRP-20260601-0003405,19.87,mada,settled,2026-06-01 05:48:06
PAY-20260601-0003406,TRP-20260601-0003406,37.85,mada,settled,2026-06-01 14:44:46
PAY-20260601-0003407,TRP-20260601-0003407,34.38,credit_card,settled,2026-06-01 12:57:47
PAY-20260601-0003408,TRP-20260601-0003408,68.17,mada,settled,2026-06-01 21:15:17
PAY-20260601-0003409,TRP-20260601-0003409,38.21,credit_card,settled,2026-06-01 06:01:29
PAY-20260601-0003410,TRP-20260601-0003410,31.81,stc_pay,settled,2026-06-01 18:52:49
PAY-20260601-0003411,TRP-20260601-0003411,52.13,credit_card,settled,2026-06-02 07:42:13
PAY-20260601-0003412,TRP-20260601-0003412,33.42,credit_card,settled,2026-06-02 03:48:27
PAY-20260601-0003413,TRP-20260601-0003413,49.04,credit_card,settled,2026-06-01 21:30:57
PAY-20260601-0003414,TRP-20260601-0003414,17.61,credit_card,settled,2026-06-01 16:32:27
PAY-20260601-0003415,TRP-20260601-0003415,22.08,mada,failed,2026-06-01 06:28:08
PAY-20260601-0003416,TRP-20260601-0003416,104.48,stc_pay,settled,2026-05-31 22:50:57
PAY-20260601-0003417,TRP-20260601-0003417,24.00,stc_pay,settled,2026-06-02 01:31:46
PAY-20260601-0003418,TRP-20260601-0003418,12.00,stc_pay,settled,2026-06-01 08:53:11
PAY-20260601-0003419,TRP-20260601-0003419,11.00,mada,settled,2026-06-01 17:03:04
PAY-20260601-0003420,TRP-20260601-0003420,24.15,cash,settled,2026-06-01 17:39:12
PAY-20260601-0003421,TRP-20260601-0003421,23.03,credit_card,settled,2026-06-01 06:34:51
PAY-20260601-0003422,TRP-20260601-0003422,80.01,credit_card,settled,2026-06-01 15:00:03
PAY-20260601-0003423,TRP-20260601-0003423,31.99,stc_pay,settled,2026-06-01 18:05:44
PAY-20260601-0003424,TRP-20260601-0003424,18.68,cash,settled,2026-06-01 06:41:51
PAY-20260601-0003425,TRP-20260601-0003425,17.14,credit_card,settled,2026-06-01 08:48:50
PAY-20260601-0003426,TRP-20260601-0003426,48.34,mada,settled,2026-06-01 23:59:26
PAY-20260601-0003427,TRP-20260601-0003427,43.86,mada,settled,2026-06-01 13:56:49
PAY-20260601-0003428,TRP-20260601-0003428,51.85,stc_pay,settled,2026-06-01 08:44:14
PAY-20260601-0003429,TRP-20260601-0003429,18.66,stc_pay,settled,2026-06-01 18:43:56
PAY-20260601-0003430,TRP-20260601-0003430,58.73,mada,settled,2026-06-01 11:52:06
PAY-20260601-0003431,TRP-20260601-0003431,74.39,stc_pay,settled,2026-05-31 21:51:57
PAY-20260601-0003432,TRP-20260601-0003432,14.84,credit_card,settled,2026-06-01 13:21:34
PAY-20260601-0003433,TRP-20260601-0003433,18.65,mada,settled,2026-06-02 10:17:42
PAY-20260601-0003434,TRP-20260601-0003434,76.48,credit_card,settled,2026-06-02 00:07:45
PAY-20260601-0003435,TRP-20260601-0003435,20.46,credit_card,settled,2026-06-01 21:04:27
PAY-20260601-0003436,TRP-20260601-0003436,41.52,credit_card,settled,2026-06-02 06:14:42
PAY-20260601-0003437,TRP-20260601-0003437,43.25,cash,settled,2026-06-01 11:34:57
PAY-20260601-0003438,TRP-20260601-0003438,11.00,stc_pay,settled,2026-06-01 21:56:27
PAY-20260601-0003439,TRP-20260601-0003439,13.17,credit_card,settled,2026-06-01 14:54:02
PAY-20260601-0003441,TRP-20260601-0003441,12.51,cash,settled,2026-06-01 14:20:13
PAY-20260601-0003442,TRP-20260601-0003442,31.99,mada,settled,2026-06-01 18:37:11
PAY-20260601-0003443,TRP-20260601-0003443,23.24,cash,settled,2026-06-01 14:56:25
PAY-20260601-0003444,TRP-20260601-0003444,18.84,apple_pay,settled,2026-06-02 13:13:27
PAY-20260601-0003445,TRP-20260601-0003445,17.74,stc_pay,settled,2026-06-01 22:37:27
PAY-20260601-0003446,TRP-20260601-0003446,77.28,mada,settled,2026-06-01 22:00:56
PAY-20260601-0003447,TRP-20260601-0003447,75.26,mada,settled,2026-06-01 15:09:29
PAY-20260601-0003448,TRP-20260601-0003448,48.83,credit_card,settled,2026-06-01 15:47:03
PAY-20260601-0003449,TRP-20260601-0003449,14.14,mada,settled,2026-06-01 19:34:43
PAY-20260601-0003450,TRP-20260601-0003450,77.98,wallet,settled,2026-06-01 10:19:38
PAY-20260601-0003451,TRP-20260601-0003451,35.08,cash,settled,2026-06-01 20:55:15
PAY-20260601-0003452,TRP-20260601-0003452,33.10,credit_card,settled,2026-06-01 17:36:20
PAY-20260601-0003453,TRP-20260601-0003453,10.00,cash,settled,2026-06-01 18:38:26
PAY-20260601-0003454,TRP-20260601-0003454,21.13,cash,settled,2026-06-01 15:02:16
PAY-20260601-0003455,TRP-20260601-0003455,36.81,cash,settled,2026-06-01 05:25:46
PAY-20260601-0003456,TRP-20260601-0003456,89.03,wallet,settled,2026-06-01 23:04:16
PAY-20260601-0003457,TRP-20260601-0003457,25.85,credit_card,settled,2026-06-01 23:41:26
PAY-20260601-0003458,TRP-20260601-0003458,21.03,credit_card,settled,2026-06-01 09:16:04
PAY-20260601-0003459,TRP-20260601-0003459,21.87,apple_pay,settled,2026-06-01 06:08:06
PAY-20260601-0003460,TRP-20260601-0003460,6.00,mada,settled,2026-06-01 13:15:54
PAY-20260601-0003461,TRP-20260601-0003461,32.41,credit_card,settled,2026-06-01 12:54:36
PAY-20260601-0003462,TRP-20260601-0003462,48.16,apple_pay,settled,2026-06-01 07:39:54
PAY-20260601-0003463,TRP-20260601-0003463,45.59,mada,settled,2026-06-01 22:24:33
PAY-20260601-0003464,TRP-20260601-0003464,41.17,mada,settled,2026-06-01 06:31:01
PAY-20260601-0003465,TRP-20260601-0003465,25.79,stc_pay,settled,2026-06-01 21:26:14
PAY-20260601-0003466,TRP-20260601-0003466,31.18,cash,settled,2026-06-01 04:49:58
PAY-20260601-0003467,TRP-20260601-0003467,71.62,apple_pay,settled,2026-06-01 15:13:44
PAY-20260601-0003468,TRP-20260601-0003468,48.95,credit_card,settled,2026-06-01 12:36:57
PAY-20260601-0003469,TRP-20260601-0003469,31.93,apple_pay,settled,2026-06-01 14:14:47
PAY-20260601-0003470,TRP-20260601-0003470,17.56,credit_card,settled,2026-06-01 16:34:18
PAY-20260601-0003471,TRP-20260601-0003471,130.34,wallet,settled,2026-06-01 08:55:11
PAY-20260601-0003473,TRP-20260601-0003473,98.94,wallet,settled,2026-06-01 11:30:55
PAY-20260601-0003474,TRP-20260601-0003474,37.91,credit_card,settled,2026-06-02 04:57:56
PAY-20260601-0003475,TRP-20260601-0003475,57.26,mada,settled,2026-06-01 17:24:52
PAY-20260601-0003476,TRP-20260601-0003476,61.20,apple_pay,settled,2026-06-01 17:22:20
PAY-20260601-0003477,TRP-20260601-0003477,25.23,apple_pay,settled,2026-06-01 15:00:22
PAY-20260601-0003478,TRP-20260601-0003478,155.59,apple_pay,settled,2026-06-01 16:30:42
PAY-20260601-0003479,TRP-20260601-0003479,84.67,cash,settled,2026-06-01 08:59:53
PAY-20260601-0003480,TRP-20260601-0003480,12.00,apple_pay,settled,2026-06-01 13:17:12
PAY-20260601-0003481,TRP-20260601-0003481,16.98,credit_card,failed,2026-06-01 08:36:08
PAY-20260601-0003482,TRP-20260601-0003482,27.13,wallet,settled,2026-06-01 16:18:46
PAY-20260601-0003483,TRP-20260601-0003483,13.98,stc_pay,settled,2026-06-01 17:24:59
PAY-20260601-0003484,TRP-20260601-0003484,41.72,mada,settled,2026-06-01 20:46:57
PAY-20260601-0003485,TRP-20260601-0003485,42.37,cash,settled,2026-06-01 07:59:02
PAY-20260601-0003487,TRP-20260601-0003487,43.03,mada,settled,2026-06-01 19:38:51
PAY-20260601-0003488,TRP-20260601-0003488,28.73,cash,settled,2026-06-01 15:44:43
PAY-20260601-0003489,TRP-20260601-0003489,16.48,mada,settled,2026-05-31 23:18:47
PAY-20260601-0003490,TRP-20260601-0003490,116.18,credit_card,pending,2026-06-01 14:00:28
PAY-20260601-0003491,TRP-20260601-0003491,22.67,stc_pay,settled,2026-06-01 15:14:00
PAY-20260601-0003492,TRP-20260601-0003492,14.63,credit_card,settled,2026-06-01 07:06:59
PAY-20260601-0003493,TRP-20260601-0003493,21.46,mada,settled,2026-06-01 18:25:13
PAY-20260601-0003494,TRP-20260601-0003494,32.19,apple_pay,settled,2026-06-02 01:22:34
PAY-20260601-0003495,TRP-20260601-0003495,22.43,stc_pay,settled,2026-06-01 10:16:55
PAY-20260601-0003496,TRP-20260601-0003496,40.26,cash,settled,2026-06-01 15:16:20
PAY-20260601-0003497,TRP-20260601-0003497,24.17,mada,settled,2026-06-02 04:33:13
PAY-20260601-0003499,TRP-20260601-0003499,46.08,apple_pay,settled,2026-06-01 18:23:15
PAY-20260601-0003500,TRP-20260601-0003500,11.84,credit_card,settled,2026-06-01 18:53:27
PAY-20260601-0003501,TRP-20260601-0003501,21.83,credit_card,settled,2026-06-01 10:18:03
PAY-20260601-0003502,TRP-20260601-0003502,16.03,stc_pay,settled,2026-06-01 13:39:24
PAY-20260601-0003503,TRP-20260601-0003503,143.31,mada,settled,2026-06-01 18:08:20
PAY-20260601-0003504,TRP-20260601-0003504,36.39,apple_pay,settled,2026-06-01 09:29:45
PAY-20260601-0003505,TRP-20260601-0003505,25.27,stc_pay,settled,2026-06-01 22:18:51
PAY-20260601-0003506,TRP-20260601-0003506,63.88,credit_card,settled,2026-06-01 18:02:41
PAY-20260601-0003507,TRP-20260601-0003507,31.74,mada,settled,2026-06-01 09:30:37
PAY-20260601-0003508,TRP-20260601-0003508,36.06,stc_pay,settled,2026-06-01 13:58:06
PAY-20260601-0003509,TRP-20260601-0003509,10.00,mada,settled,2026-06-01 13:39:17
PAY-20260601-0003510,TRP-20260601-0003510,108.72,apple_pay,settled,2026-06-01 07:44:53
PAY-20260601-0003511,TRP-20260601-0003511,20.38,mada,settled,2026-06-01 17:10:18
PAY-20260601-0003512,TRP-20260601-0003512,44.30,apple_pay,settled,2026-06-01 07:58:28
PAY-20260601-0003513,TRP-20260601-0003513,13.84,mada,settled,2026-06-01 10:00:57
PAY-20260601-0003514,TRP-20260601-0003514,37.92,mada,settled,2026-06-01 07:55:23
PAY-20260601-0003515,TRP-20260601-0003515,6.00,wallet,settled,2026-06-01 13:13:38
PAY-20260601-0003516,TRP-20260601-0003516,6.00,stc_pay,settled,2026-06-02 05:09:16
PAY-20260601-0003517,TRP-20260601-0003517,33.02,credit_card,settled,2026-06-01 05:24:27
PAY-20260601-0003518,TRP-20260601-0003518,34.07,mada,settled,2026-06-01 05:07:14
PAY-20260601-0003519,TRP-20260601-0003519,59.16,mada,settled,2026-06-01 19:38:27
PAY-20260601-0003520,TRP-20260601-0003520,21.40,apple_pay,settled,2026-06-01 16:11:56
PAY-20260601-0003522,TRP-20260601-0003522,32.22,mada,settled,2026-06-01 15:40:06
PAY-20260601-0003523,TRP-20260601-0003523,24.92,stc_pay,settled,2026-06-01 16:46:27
PAY-20260601-0003524,TRP-20260601-0003524,20.83,apple_pay,settled,2026-06-01 10:13:04
PAY-20260601-0003525,TRP-20260601-0003525,90.17,mada,settled,2026-06-01 11:50:23
PAY-20260601-0003526,TRP-20260601-0003526,14.93,mada,settled,2026-06-02 05:31:14
PAY-20260601-0003527,TRP-20260601-0003527,30.29,mada,settled,2026-06-01 19:53:59
PAY-20260601-0003528,TRP-20260601-0003528,17.84,mada,settled,2026-06-01 09:28:19
PAY-20260601-0003529,TRP-20260601-0003529,24.46,wallet,settled,2026-06-02 07:35:11
PAY-20260601-0003531,TRP-20260601-0003531,13.98,apple_pay,settled,2026-06-01 13:10:02
PAY-20260601-0003532,TRP-20260601-0003532,39.77,credit_card,settled,2026-06-01 12:49:01
PAY-20260601-0003533,TRP-20260601-0003533,46.01,credit_card,settled,2026-06-01 09:36:19
PAY-20260601-0003534,TRP-20260601-0003534,42.79,mada,settled,2026-06-01 09:09:04
PAY-20260601-0003535,TRP-20260601-0003535,58.01,credit_card,settled,2026-06-01 16:00:30
PAY-20260601-0003536,TRP-20260601-0003536,31.99,apple_pay,settled,2026-06-01 08:39:58
PAY-20260601-0003537,TRP-20260601-0003537,46.69,apple_pay,settled,2026-06-01 03:00:21
PAY-20260601-0003538,TRP-20260601-0003538,92.99,mada,settled,2026-06-01 20:27:32
PAY-20260601-0003539,TRP-20260601-0003539,100.47,apple_pay,settled,2026-06-01 12:32:17
PAY-20260601-0003540,TRP-20260601-0003540,30.19,cash,settled,2026-06-01 15:42:31
PAY-20260601-0003542,TRP-20260601-0003542,28.83,mada,settled,2026-06-01 09:18:42
PAY-20260601-0003543,TRP-20260601-0003543,31.32,stc_pay,settled,2026-06-01 23:29:05
PAY-20260601-0003544,TRP-20260601-0003544,136.25,mada,settled,2026-06-02 10:38:35
PAY-20260601-0003545,TRP-20260601-0003545,34.48,mada,settled,2026-06-01 10:39:49
PAY-20260601-0003546,TRP-20260601-0003546,38.23,stc_pay,settled,2026-06-01 17:52:01
PAY-20260601-0003547,TRP-20260601-0003547,24.11,cash,settled,2026-06-01 05:37:11
PAY-20260601-0003548,TRP-20260601-0003548,70.16,cash,settled,2026-06-01 17:05:29
PAY-20260601-0003549,TRP-20260601-0003549,125.13,stc_pay,settled,2026-06-01 21:02:26
PAY-20260601-0003550,TRP-20260601-0003550,43.77,apple_pay,settled,2026-06-01 20:06:52
PAY-20260601-0003551,TRP-20260601-0003551,28.72,mada,settled,2026-06-01 08:15:45
PAY-20260601-0003552,TRP-20260601-0003552,16.42,credit_card,settled,2026-06-01 08:14:19
PAY-20260601-0003553,TRP-20260601-0003553,22.65,mada,settled,2026-06-01 15:24:19
PAY-20260601-0003554,TRP-20260601-0003554,74.24,apple_pay,settled,2026-06-01 18:12:44
PAY-20260601-0003555,TRP-20260601-0003555,16.24,apple_pay,settled,2026-06-01 20:49:46
PAY-20260601-0003556,TRP-20260601-0003556,78.86,mada,settled,2026-06-01 17:46:30
PAY-20260601-0003557,TRP-20260601-0003557,39.37,cash,settled,2026-06-01 08:21:32
PAY-20260601-0003558,TRP-20260601-0003558,37.30,mada,settled,2026-06-02 04:41:52
PAY-20260601-0003559,TRP-20260601-0003559,13.86,mada,settled,2026-06-01 11:07:41
PAY-20260601-0003560,TRP-20260601-0003560,13.52,mada,settled,2026-06-01 07:24:13
PAY-20260601-0003562,TRP-20260601-0003562,24.16,mada,settled,2026-06-01 17:54:17
PAY-20260601-0003563,TRP-20260601-0003563,6.00,mada,settled,2026-06-01 20:21:25
PAY-20260601-0003564,TRP-20260601-0003564,18.89,credit_card,settled,2026-06-02 02:20:02
PAY-20260601-0003565,TRP-20260601-0003565,79.50,wallet,settled,2026-06-01 17:17:25
PAY-20260601-0003566,TRP-20260601-0003566,30.29,mada,settled,2026-06-01 19:00:37
PAY-20260601-0003567,TRP-20260601-0003567,36.96,credit_card,settled,2026-06-01 21:17:36
PAY-20260601-0003568,TRP-20260601-0003568,88.24,mada,pending,2026-06-02 16:59:59
PAY-20260601-0003569,TRP-20260601-0003569,47.59,mada,settled,2026-06-02 04:13:01
PAY-20260601-0003570,TRP-20260601-0003570,35.15,mada,pending,2026-06-01 19:05:00
PAY-20260601-0003571,TRP-20260601-0003571,108.06,stc_pay,settled,2026-06-01 08:27:01
PAY-20260601-0003572,TRP-20260601-0003572,10.15,mada,settled,2026-06-01 20:45:23
PAY-20260601-0003573,TRP-20260601-0003573,23.82,stc_pay,settled,2026-06-01 12:45:24
PAY-20260601-0003574,TRP-20260601-0003574,36.87,mada,settled,2026-06-02 05:25:57
PAY-20260601-0003575,TRP-20260601-0003575,13.73,mada,settled,2026-06-01 04:04:27
PAY-20260601-0003576,TRP-20260601-0003576,23.91,mada,settled,2026-06-02 04:15:57
PAY-20260601-0003577,TRP-20260601-0003577,30.94,stc_pay,settled,2026-06-01 18:54:45
PAY-20260601-0003578,TRP-20260601-0003578,46.55,stc_pay,settled,2026-06-01 20:34:15
PAY-20260601-0003579,TRP-20260601-0003579,16.30,cash,settled,2026-06-01 10:04:22
PAY-20260601-0003580,TRP-20260601-0003580,44.68,credit_card,settled,2026-06-01 09:48:52
PAY-20260601-0003581,TRP-20260601-0003581,55.90,credit_card,settled,2026-06-01 10:02:06
PAY-20260601-0003582,TRP-20260601-0003582,12.00,mada,settled,2026-06-01 07:46:45
PAY-20260601-0003583,TRP-20260601-0003583,58.87,stc_pay,settled,2026-06-01 19:22:08
PAY-20260601-0003584,TRP-20260601-0003584,52.30,stc_pay,settled,2026-06-01 13:16:36
PAY-20260601-0003585,TRP-20260601-0003585,63.08,mada,settled,2026-06-02 04:49:58
PAY-20260601-0003586,TRP-20260601-0003586,12.00,cash,settled,2026-06-01 19:02:41
PAY-20260601-0003587,TRP-20260601-0003587,18.33,mada,settled,2026-06-01 05:49:22
PAY-20260601-0003588,TRP-20260601-0003588,23.32,stc_pay,settled,2026-06-01 09:28:13
PAY-20260601-0003589,TRP-20260601-0003589,33.42,wallet,pending,2026-06-02 01:16:49
PAY-20260601-0003590,TRP-20260601-0003590,17.87,stc_pay,settled,2026-06-01 20:42:57
PAY-20260601-0003591,TRP-20260601-0003591,23.57,cash,settled,2026-06-01 09:27:06
PAY-20260601-0003592,TRP-20260601-0003592,14.70,credit_card,settled,2026-06-02 10:05:03
PAY-20260601-0003593,TRP-20260601-0003593,76.88,stc_pay,settled,2026-06-01 08:24:04
PAY-20260601-0003594,TRP-20260601-0003594,36.47,credit_card,settled,2026-06-01 10:27:40
PAY-20260601-0003595,TRP-20260601-0003595,36.48,mada,settled,2026-06-02 03:00:22
PAY-20260601-0003596,TRP-20260601-0003596,26.92,credit_card,settled,2026-06-01 09:55:44
PAY-20260601-0003597,TRP-20260601-0003597,21.00,credit_card,settled,2026-06-02 06:01:48
PAY-20260601-0003598,TRP-20260601-0003598,12.00,credit_card,settled,2026-06-01 12:54:58
PAY-20260601-0003599,TRP-20260601-0003599,178.10,credit_card,settled,2026-06-01 17:30:46
PAY-20260601-0003600,TRP-20260601-0003600,48.73,mada,settled,2026-06-01 17:21:13
PAY-20260601-0003601,TRP-20260601-0003601,21.87,mada,settled,2026-05-31 22:53:49
PAY-20260601-0003602,TRP-20260601-0003602,12.00,mada,settled,2026-06-01 04:08:54
PAY-20260601-0003603,TRP-20260601-0003603,12.69,mada,settled,2026-06-01 09:15:36
PAY-20260601-0003604,TRP-20260601-0003604,107.25,mada,settled,2026-06-01 12:40:57
PAY-20260601-0003605,TRP-20260601-0003605,65.40,mada,settled,2026-06-01 06:45:23
PAY-20260601-0003606,TRP-20260601-0003606,14.33,stc_pay,settled,2026-06-02 02:02:44
PAY-20260601-0003607,TRP-20260601-0003607,32.72,credit_card,settled,2026-06-01 18:15:31
PAY-20260601-0003608,TRP-20260601-0003608,6.00,cash,settled,2026-06-01 18:34:59
PAY-20260601-0003609,TRP-20260601-0003609,44.89,stc_pay,settled,2026-06-02 01:35:41
PAY-20260601-0003610,TRP-20260601-0003610,39.50,mada,settled,2026-06-01 16:41:52
PAY-20260601-0003611,TRP-20260601-0003611,29.27,mada,settled,2026-06-02 00:29:37
PAY-20260601-0003612,TRP-20260601-0003612,39.51,apple_pay,settled,2026-06-01 04:57:09
PAY-20260601-0003613,TRP-20260601-0003613,39.31,mada,settled,2026-06-02 13:56:22
PAY-20260601-0003614,TRP-20260601-0003614,51.03,wallet,settled,2026-06-01 14:48:23
PAY-20260601-0003615,TRP-20260601-0003615,25.90,apple_pay,settled,2026-06-01 16:18:45
PAY-20260601-0003616,TRP-20260601-0003616,19.31,credit_card,settled,2026-06-02 14:57:41
PAY-20260601-0003617,TRP-20260601-0003617,26.00,mada,settled,2026-06-01 06:07:38
PAY-20260601-0003618,TRP-20260601-0003618,23.18,cash,settled,2026-06-01 19:41:29
PAY-20260601-0003619,TRP-20260601-0003619,29.55,mada,settled,2026-06-01 14:50:06
PAY-20260601-0003620,TRP-20260601-0003620,17.02,apple_pay,settled,2026-06-01 19:29:17
PAY-20260601-0003621,TRP-20260601-0003621,10.00,mada,settled,2026-06-01 19:41:50
PAY-20260601-0003622,TRP-20260601-0003622,26.30,mada,failed,2026-06-01 15:22:25
PAY-20260601-0003623,TRP-20260601-0003623,36.57,wallet,settled,2026-06-01 03:01:06
PAY-20260601-0003624,TRP-20260601-0003624,149.75,apple_pay,settled,2026-06-01 19:14:35
PAY-20260601-0003625,TRP-20260601-0003625,19.89,mada,settled,2026-06-01 07:04:58
PAY-20260601-0003626,TRP-20260601-0003626,11.00,mada,settled,2026-06-01 11:20:29
PAY-20260601-0003627,TRP-20260601-0003627,45.31,apple_pay,settled,2026-06-01 11:47:13
PAY-20260601-0003628,TRP-20260601-0003628,43.57,mada,settled,2026-06-01 09:26:12
PAY-20260601-0003629,TRP-20260601-0003629,54.00,mada,settled,2026-06-01 17:11:13
PAY-20260601-0003630,TRP-20260601-0003630,32.40,mada,settled,2026-06-01 18:24:07
PAY-20260601-0003631,TRP-20260601-0003631,104.91,mada,settled,2026-06-01 19:02:28
PAY-20260601-0003632,TRP-20260601-0003632,35.47,credit_card,settled,2026-06-01 16:11:55
PAY-20260601-0003633,TRP-20260601-0003633,14.72,mada,settled,2026-06-01 18:34:54
PAY-20260601-0003634,TRP-20260601-0003634,64.40,mada,settled,2026-06-01 11:27:57
PAY-20260601-0003635,TRP-20260601-0003635,89.15,cash,settled,2026-06-01 15:51:04
PAY-20260601-0003636,TRP-20260601-0003636,17.81,credit_card,settled,2026-06-01 17:53:53
PAY-20260601-0003637,TRP-20260601-0003637,22.36,apple_pay,settled,2026-06-01 19:52:02
PAY-20260601-0003638,TRP-20260601-0003638,25.33,wallet,settled,2026-06-02 04:29:17
PAY-20260601-0003639,TRP-20260601-0003639,30.62,mada,settled,2026-06-01 20:08:03
PAY-20260601-0003640,TRP-20260601-0003640,31.91,mada,settled,2026-06-01 11:06:43
PAY-20260601-0003641,TRP-20260601-0003641,18.99,credit_card,settled,2026-06-01 13:48:01
PAY-20260601-0003643,TRP-20260601-0003643,68.21,stc_pay,settled,2026-06-01 07:33:30
PAY-20260601-0003644,TRP-20260601-0003644,28.61,cash,settled,2026-06-01 11:26:07
PAY-20260601-0003645,TRP-20260601-0003645,48.78,cash,settled,2026-06-01 07:45:22
PAY-20260601-0003646,TRP-20260601-0003646,123.91,credit_card,settled,2026-06-01 10:49:16
PAY-20260601-0003647,TRP-20260601-0003647,30.46,cash,settled,2026-06-01 04:40:00
PAY-20260601-0003648,TRP-20260601-0003648,82.41,apple_pay,settled,2026-06-02 14:39:28
PAY-20260601-0003649,TRP-20260601-0003649,17.48,stc_pay,settled,2026-06-02 16:43:24
PAY-20260601-0003650,TRP-20260601-0003650,31.02,wallet,settled,2026-05-31 23:17:41
PAY-20260601-0003652,TRP-20260601-0003652,20.03,mada,settled,2026-06-01 17:58:30
PAY-20260601-0003653,TRP-20260601-0003653,97.82,stc_pay,settled,2026-06-02 01:22:17
PAY-20260601-0003654,TRP-20260601-0003654,32.31,apple_pay,settled,2026-06-01 19:54:59
PAY-20260601-0003655,TRP-20260601-0003655,12.00,apple_pay,settled,2026-06-01 18:31:49
PAY-20260601-0003656,TRP-20260601-0003656,24.33,mada,settled,2026-06-01 06:41:22
PAY-20260601-0003657,TRP-20260601-0003657,29.60,credit_card,settled,2026-06-01 18:05:40
PAY-20260601-0003658,TRP-20260601-0003658,55.03,cash,settled,2026-06-01 09:38:18
PAY-20260601-0003659,TRP-20260601-0003659,38.16,mada,settled,2026-06-01 18:01:50
PAY-20260601-0003660,TRP-20260601-0003660,70.94,mada,settled,2026-06-01 10:30:08
PAY-20260601-0003661,TRP-20260601-0003661,31.50,mada,pending,2026-06-01 06:38:20
PAY-20260601-0003662,TRP-20260601-0003662,12.00,credit_card,settled,2026-06-01 20:50:29
PAY-20260601-0003663,TRP-20260601-0003663,32.36,mada,settled,2026-06-01 17:29:04
PAY-20260601-0003664,TRP-20260601-0003664,36.61,mada,settled,2026-06-01 15:45:34
PAY-20260601-0003665,TRP-20260601-0003665,47.21,stc_pay,settled,2026-06-01 09:55:59
PAY-20260601-0003666,TRP-20260601-0003666,33.29,mada,settled,2026-06-01 08:56:43
PAY-20260601-0003667,TRP-20260601-0003667,21.47,mada,settled,2026-06-01 00:58:51
PAY-20260601-0003669,TRP-20260601-0003669,11.00,mada,settled,2026-06-01 21:53:44
PAY-20260601-0003670,TRP-20260601-0003670,8.00,apple_pay,settled,2026-06-01 18:56:01
PAY-20260601-0003671,TRP-20260601-0003671,23.05,mada,settled,2026-06-01 08:22:03
PAY-20260601-0003672,TRP-20260601-0003672,18.61,cash,settled,2026-06-01 09:52:17
PAY-20260601-0003673,TRP-20260601-0003673,16.56,mada,settled,2026-06-01 15:04:43
PAY-20260601-0003674,TRP-20260601-0003674,37.15,apple_pay,settled,2026-06-01 14:33:21
PAY-20260601-0003675,TRP-20260601-0003675,83.69,stc_pay,settled,2026-06-01 16:27:50
PAY-20260601-0003676,TRP-20260601-0003676,33.37,credit_card,settled,2026-06-02 12:46:53
PAY-20260601-0003677,TRP-20260601-0003677,8.00,apple_pay,settled,2026-06-01 14:02:10
PAY-20260601-0003678,TRP-20260601-0003678,32.01,credit_card,settled,2026-06-01 14:49:16
PAY-20260601-0003679,TRP-20260601-0003679,13.79,wallet,settled,2026-06-01 13:44:21
PAY-20260601-0003680,TRP-20260601-0003680,19.15,mada,settled,2026-06-01 00:19:04
PAY-20260601-0003681,TRP-20260601-0003681,13.42,wallet,settled,2026-06-01 04:45:33
PAY-20260601-0003682,TRP-20260601-0003682,52.81,wallet,settled,2026-06-01 06:48:24
PAY-20260601-0003683,TRP-20260601-0003683,20.31,cash,settled,2026-06-01 16:58:31
PAY-20260601-0003684,TRP-20260601-0003684,118.94,mada,settled,2026-06-01 19:33:44
PAY-20260601-0003685,TRP-20260601-0003685,16.32,cash,settled,2026-06-01 15:22:42
PAY-20260601-0003686,TRP-20260601-0003686,15.25,mada,settled,2026-06-01 17:30:48
PAY-20260601-0003688,TRP-20260601-0003688,15.56,credit_card,settled,2026-06-01 03:32:42
PAY-20260601-0003689,TRP-20260601-0003689,12.00,stc_pay,settled,2026-06-02 10:56:29
PAY-20260601-0003690,TRP-20260601-0003690,19.99,apple_pay,settled,2026-06-01 09:25:51
PAY-20260601-0003691,TRP-20260601-0003691,32.24,apple_pay,settled,2026-06-01 16:30:18
PAY-20260601-0003692,TRP-20260601-0003692,38.25,credit_card,settled,2026-06-01 22:27:30
PAY-20260601-0003693,TRP-20260601-0003693,17.93,stc_pay,settled,2026-06-01 10:54:58
PAY-20260601-0003694,TRP-20260601-0003694,20.43,cash,settled,2026-06-01 06:42:39
PAY-20260601-0003695,TRP-20260601-0003695,11.00,cash,settled,2026-06-01 13:01:14
PAY-20260601-0003696,TRP-20260601-0003696,26.58,cash,settled,2026-06-01 04:40:38
PAY-20260601-0003697,TRP-20260601-0003697,8.00,mada,settled,2026-06-02 05:34:44
PAY-20260601-0003698,TRP-20260601-0003698,66.01,mada,settled,2026-06-01 07:27:08
PAY-20260601-0003700,TRP-20260601-0003700,55.54,mada,settled,2026-06-02 04:53:20
PAY-20260601-0003701,TRP-20260601-0003701,30.13,mada,settled,2026-06-01 15:27:44
PAY-20260601-0003702,TRP-20260601-0003702,17.40,credit_card,settled,2026-06-01 18:44:09
PAY-20260601-0003703,TRP-20260601-0003703,13.72,credit_card,settled,2026-06-01 21:22:39
PAY-20260601-0003704,TRP-20260601-0003704,26.43,cash,settled,2026-06-01 15:53:20
PAY-20260601-0003705,TRP-20260601-0003705,13.56,mada,settled,2026-06-01 19:29:13
PAY-20260601-0003706,TRP-20260601-0003706,17.39,mada,refunded,2026-06-01 19:22:03
PAY-20260601-0003707,TRP-20260601-0003707,41.04,mada,settled,2026-06-02 07:33:42
PAY-20260601-0003708,TRP-20260601-0003708,14.17,apple_pay,settled,2026-06-02 18:18:22
PAY-20260601-0003710,TRP-20260601-0003710,14.52,cash,settled,2026-06-01 07:40:20
PAY-20260601-0003711,TRP-20260601-0003711,12.91,stc_pay,settled,2026-06-01 10:55:59
PAY-20260601-0003712,TRP-20260601-0003712,39.96,credit_card,settled,2026-06-01 19:05:59
PAY-20260601-0003713,TRP-20260601-0003713,13.44,mada,settled,2026-06-02 00:37:26
PAY-20260601-0003714,TRP-20260601-0003714,18.64,stc_pay,settled,2026-06-01 20:33:42
PAY-20260601-0003715,TRP-20260601-0003715,122.94,wallet,settled,2026-06-01 16:38:19
PAY-20260601-0003716,TRP-20260601-0003716,33.60,cash,settled,2026-06-01 07:44:10
PAY-20260601-0003717,TRP-20260601-0003717,27.39,mada,settled,2026-06-01 16:58:04
PAY-20260601-0003718,TRP-20260601-0003718,74.95,mada,settled,2026-06-01 09:32:29
PAY-20260601-0003719,TRP-20260601-0003719,8.00,mada,settled,2026-06-01 02:45:15
PAY-20260601-0003720,TRP-20260601-0003720,55.24,credit_card,settled,2026-06-01 07:36:14
PAY-20260601-0003721,TRP-20260601-0003721,46.78,apple_pay,settled,2026-06-01 12:24:02
PAY-20260601-0003722,TRP-20260601-0003722,30.62,mada,settled,2026-06-01 22:23:55
PAY-20260601-0003723,TRP-20260601-0003723,18.36,mada,settled,2026-06-01 19:54:47
PAY-20260601-0003724,TRP-20260601-0003724,28.65,mada,settled,2026-06-01 17:17:34
PAY-20260601-0003725,TRP-20260601-0003725,22.58,credit_card,settled,2026-06-01 20:33:52
PAY-20260601-0003726,TRP-20260601-0003726,54.62,mada,settled,2026-06-01 06:53:55
PAY-20260601-0003727,TRP-20260601-0003727,27.20,mada,settled,2026-06-01 17:22:54
PAY-20260601-0003728,TRP-20260601-0003728,8.00,wallet,settled,2026-06-01 14:10:59
PAY-20260601-0003729,TRP-20260601-0003729,13.68,credit_card,settled,2026-06-01 09:59:51
PAY-20260601-0003730,TRP-20260601-0003730,40.96,mada,settled,2026-06-01 15:59:20
PAY-20260601-0003731,TRP-20260601-0003731,31.44,stc_pay,settled,2026-06-01 12:26:51
PAY-20260601-0003732,TRP-20260601-0003732,51.17,cash,settled,2026-06-01 13:09:57
PAY-20260601-0003733,TRP-20260601-0003733,35.20,apple_pay,failed,2026-06-01 11:51:22
PAY-20260601-0003734,TRP-20260601-0003734,12.00,credit_card,settled,2026-06-01 06:56:13
PAY-20260601-0003735,TRP-20260601-0003735,17.38,credit_card,settled,2026-06-01 15:02:39
PAY-20260601-0003736,TRP-20260601-0003736,21.37,stc_pay,settled,2026-06-01 14:15:49
PAY-20260601-0003737,TRP-20260601-0003737,24.54,apple_pay,settled,2026-06-01 18:15:50
PAY-20260601-0003738,TRP-20260601-0003738,56.53,credit_card,settled,2026-06-01 15:36:40
PAY-20260601-0003739,TRP-20260601-0003739,13.82,apple_pay,settled,2026-06-01 07:41:52
PAY-20260601-0003740,TRP-20260601-0003740,59.24,stc_pay,settled,2026-06-01 16:46:10
PAY-20260601-0003741,TRP-20260601-0003741,53.50,credit_card,settled,2026-06-01 15:35:06
PAY-20260601-0003742,TRP-20260601-0003742,96.94,mada,settled,2026-06-01 13:39:51
PAY-20260601-0003743,TRP-20260601-0003743,76.06,wallet,settled,2026-05-31 22:48:35
PAY-20260601-0003744,TRP-20260601-0003744,56.75,mada,settled,2026-06-01 19:40:37
PAY-20260601-0003745,TRP-20260601-0003745,30.33,stc_pay,settled,2026-06-01 17:05:56
PAY-20260601-0003746,TRP-20260601-0003746,67.40,stc_pay,settled,2026-06-01 18:59:03
PAY-20260601-0003747,TRP-20260601-0003747,31.74,credit_card,settled,2026-06-01 19:34:48
PAY-20260601-0003748,TRP-20260601-0003748,10.73,mada,settled,2026-06-01 12:16:41
PAY-20260601-0003749,TRP-20260601-0003749,47.09,mada,settled,2026-06-01 20:31:03
PAY-20260601-0003750,TRP-20260601-0003750,21.98,stc_pay,settled,2026-06-01 21:51:18
PAY-20260601-0003751,TRP-20260601-0003751,14.85,apple_pay,settled,2026-06-01 10:30:57
PAY-20260601-0003752,TRP-20260601-0003752,32.51,stc_pay,settled,2026-06-01 06:15:02
PAY-20260601-0003753,TRP-20260601-0003753,14.52,mada,settled,2026-06-01 06:18:55
PAY-20260601-0003754,TRP-20260601-0003754,35.60,mada,settled,2026-06-01 16:14:23
PAY-20260601-0003755,TRP-20260601-0003755,37.52,apple_pay,settled,2026-06-01 03:41:22
PAY-20260601-0003756,TRP-20260601-0003756,27.07,credit_card,settled,2026-06-01 04:19:43
PAY-20260601-0003757,TRP-20260601-0003757,109.17,wallet,settled,2026-06-01 16:51:29
PAY-20260601-0003758,TRP-20260601-0003758,22.45,credit_card,pending,2026-06-02 10:19:03
PAY-20260601-0003759,TRP-20260601-0003759,17.78,cash,settled,2026-06-01 07:41:34
PAY-20260601-0003760,TRP-20260601-0003760,46.01,credit_card,settled,2026-06-01 19:38:06
PAY-20260601-0003761,TRP-20260601-0003761,56.80,stc_pay,settled,2026-06-01 13:43:27
PAY-20260601-0003762,TRP-20260601-0003762,43.08,cash,settled,2026-06-01 04:50:14
PAY-20260601-0003763,TRP-20260601-0003763,16.06,stc_pay,settled,2026-06-02 04:41:45
PAY-20260601-0003764,TRP-20260601-0003764,61.46,mada,settled,2026-06-01 20:50:55
PAY-20260601-0003765,TRP-20260601-0003765,22.87,apple_pay,settled,2026-06-01 12:06:44
PAY-20260601-0003766,TRP-20260601-0003766,10.04,credit_card,settled,2026-06-01 16:28:48
PAY-20260601-0003767,TRP-20260601-0003767,41.90,mada,settled,2026-06-01 16:14:48
PAY-20260601-0003768,TRP-20260601-0003768,100.06,apple_pay,settled,2026-06-01 16:29:49
PAY-20260601-0003769,TRP-20260601-0003769,6.00,credit_card,settled,2026-06-01 23:52:26
PAY-20260601-0003770,TRP-20260601-0003770,19.70,cash,settled,2026-06-01 19:58:42
PAY-20260601-0003771,TRP-20260601-0003771,34.65,credit_card,settled,2026-06-02 01:30:47
PAY-20260601-0003772,TRP-20260601-0003772,19.00,credit_card,settled,2026-06-01 19:03:12
PAY-20260601-0003773,TRP-20260601-0003773,70.77,mada,settled,2026-06-01 18:47:38
PAY-20260601-0003774,TRP-20260601-0003774,27.61,mada,settled,2026-06-02 11:13:20
PAY-20260601-0003775,TRP-20260601-0003775,12.00,mada,settled,2026-06-01 13:20:00
PAY-20260601-0003776,TRP-20260601-0003776,40.62,stc_pay,settled,2026-06-01 06:44:01
PAY-20260601-0003777,TRP-20260601-0003777,17.48,cash,settled,2026-06-01 19:59:42
PAY-20260601-0003778,TRP-20260601-0003778,16.62,credit_card,settled,2026-06-01 13:19:08
PAY-20260601-0003779,TRP-20260601-0003779,13.89,mada,pending,2026-06-01 16:14:49
PAY-20260601-0003780,TRP-20260601-0003780,24.17,cash,settled,2026-06-01 13:38:55
PAY-20260601-0003781,TRP-20260601-0003781,28.19,credit_card,settled,2026-06-02 00:33:18
PAY-20260601-0003782,TRP-20260601-0003782,36.34,credit_card,settled,2026-06-02 14:52:10
PAY-20260601-0003783,TRP-20260601-0003783,33.80,mada,settled,2026-06-01 16:32:52
PAY-20260601-0003784,TRP-20260601-0003784,20.68,apple_pay,settled,2026-06-01 17:02:22
PAY-20260601-0003785,TRP-20260601-0003785,16.00,wallet,settled,2026-06-02 08:18:24
PAY-20260601-0003786,TRP-20260601-0003786,23.96,credit_card,settled,2026-06-01 03:58:43
PAY-20260601-0003787,TRP-20260601-0003787,24.61,cash,settled,2026-06-01 03:56:59
PAY-20260601-0003788,TRP-20260601-0003788,12.00,apple_pay,settled,2026-06-02 05:17:26
PAY-20260601-0003789,TRP-20260601-0003789,43.61,stc_pay,settled,2026-06-01 19:53:47
PAY-20260601-0003790,TRP-20260601-0003790,16.94,credit_card,settled,2026-06-01 05:17:07
PAY-20260601-0003791,TRP-20260601-0003791,17.38,mada,settled,2026-06-01 10:34:19
PAY-20260601-0003792,TRP-20260601-0003792,57.59,mada,settled,2026-06-02 02:19:28
PAY-20260601-0003793,TRP-20260601-0003793,8.00,apple_pay,settled,2026-06-01 21:21:54
PAY-20260601-0003794,TRP-20260601-0003794,51.39,apple_pay,settled,2026-06-01 16:39:06
PAY-20260601-0003795,TRP-20260601-0003795,50.71,mada,settled,2026-06-01 22:55:59
PAY-20260601-0003796,TRP-20260601-0003796,16.43,stc_pay,settled,2026-06-02 07:40:51
PAY-20260601-0003797,TRP-20260601-0003797,16.26,mada,settled,2026-06-02 05:46:16
PAY-20260601-0003798,TRP-20260601-0003798,14.57,credit_card,settled,2026-06-01 21:41:37
PAY-20260601-0003800,TRP-20260601-0003800,133.04,mada,settled,2026-06-01 21:12:29
PAY-20260601-0003801,TRP-20260601-0003801,36.25,apple_pay,settled,2026-06-01 07:23:32
PAY-20260601-0003802,TRP-20260601-0003802,15.90,wallet,settled,2026-06-01 15:35:31
PAY-20260601-0003803,TRP-20260601-0003803,22.92,cash,settled,2026-06-01 20:31:40
PAY-20260601-0003804,TRP-20260601-0003804,10.00,wallet,settled,2026-06-02 04:43:17
PAY-20260601-0003805,TRP-20260601-0003805,15.88,mada,settled,2026-06-01 18:35:52
PAY-20260601-0003806,TRP-20260601-0003806,129.63,mada,settled,2026-06-01 01:38:59
PAY-20260601-0003807,TRP-20260601-0003807,39.17,stc_pay,settled,2026-06-01 19:42:24
PAY-20260601-0003808,TRP-20260601-0003808,30.42,cash,settled,2026-06-01 18:44:27
PAY-20260601-0003809,TRP-20260601-0003809,34.89,cash,settled,2026-06-01 08:32:16
PAY-20260601-0003810,TRP-20260601-0003810,146.97,apple_pay,settled,2026-06-01 17:42:43
PAY-20260601-0003811,TRP-20260601-0003811,34.33,apple_pay,settled,2026-06-01 20:43:01
PAY-20260601-0003812,TRP-20260601-0003812,62.01,cash,settled,2026-06-01 16:33:10
PAY-20260601-0003813,TRP-20260601-0003813,51.15,mada,settled,2026-06-01 22:06:40
PAY-20260601-0003814,TRP-20260601-0003814,18.80,cash,settled,2026-06-01 20:20:44
PAY-20260601-0003815,TRP-20260601-0003815,15.57,apple_pay,settled,2026-06-01 22:28:40
PAY-20260601-0003817,TRP-20260601-0003817,81.39,mada,pending,2026-06-01 17:57:13
PAY-20260601-0003818,TRP-20260601-0003818,22.17,credit_card,settled,2026-06-01 16:38:25
PAY-20260601-0003819,TRP-20260601-0003819,35.20,credit_card,settled,2026-05-31 21:46:19
PAY-20260601-0003820,TRP-20260601-0003820,23.39,cash,settled,2026-06-01 02:01:06
PAY-20260601-0003821,TRP-20260601-0003821,16.21,mada,settled,2026-06-02 11:36:02
PAY-20260601-0003822,TRP-20260601-0003822,20.15,credit_card,settled,2026-06-01 19:07:33
PAY-20260601-0003823,TRP-20260601-0003823,13.57,cash,settled,2026-06-01 19:53:34
PAY-20260601-0003824,TRP-20260601-0003824,39.40,mada,settled,2026-06-01 15:21:04
PAY-20260601-0003825,TRP-20260601-0003825,11.00,mada,settled,2026-06-01 03:17:48
PAY-20260601-0003826,TRP-20260601-0003826,19.12,mada,settled,2026-06-01 00:22:06
PAY-20260601-0003827,TRP-20260601-0003827,12.76,cash,settled,2026-06-01 12:45:08
PAY-20260601-0003828,TRP-20260601-0003828,20.08,stc_pay,settled,2026-06-01 16:24:28
PAY-20260601-0003829,TRP-20260601-0003829,25.11,credit_card,settled,2026-06-01 08:13:38
PAY-20260601-0003830,TRP-20260601-0003830,75.91,mada,settled,2026-06-01 12:58:35
PAY-20260601-0003831,TRP-20260601-0003831,22.36,mada,settled,2026-06-01 11:58:12
PAY-20260601-0003832,TRP-20260601-0003832,18.28,cash,settled,2026-06-01 19:52:58
PAY-20260601-0003833,TRP-20260601-0003833,17.62,stc_pay,settled,2026-06-01 08:25:04
PAY-20260601-0003834,TRP-20260601-0003834,76.03,apple_pay,settled,2026-06-01 18:04:53
PAY-20260601-0003835,TRP-20260601-0003835,17.74,mada,settled,2026-06-01 17:10:34
PAY-20260601-0003836,TRP-20260601-0003836,12.82,apple_pay,settled,2026-06-01 21:44:03
PAY-20260601-0003837,TRP-20260601-0003837,32.01,cash,settled,2026-06-01 17:09:27
PAY-20260601-0003838,TRP-20260601-0003838,54.53,cash,settled,2026-06-01 16:48:06
PAY-20260601-0003839,TRP-20260601-0003839,16.28,credit_card,settled,2026-06-01 19:19:29
PAY-20260601-0003840,TRP-20260601-0003840,14.27,mada,settled,2026-06-01 19:53:10
PAY-20260601-0003841,TRP-20260601-0003841,23.09,mada,settled,2026-06-01 10:22:57
PAY-20260601-0003842,TRP-20260601-0003842,24.93,mada,settled,2026-06-01 16:50:14
PAY-20260601-0003843,TRP-20260601-0003843,105.49,cash,settled,2026-06-01 06:33:59
PAY-20260601-0003844,TRP-20260601-0003844,77.34,credit_card,settled,2026-06-01 11:11:44
PAY-20260601-0003845,TRP-20260601-0003845,11.00,stc_pay,settled,2026-06-01 10:13:14
PAY-20260601-0003846,TRP-20260601-0003846,30.16,apple_pay,settled,2026-06-01 15:13:00
PAY-20260601-0003847,TRP-20260601-0003847,17.37,stc_pay,settled,2026-06-02 00:05:44
PAY-20260601-0003848,TRP-20260601-0003848,20.15,cash,settled,2026-06-01 12:50:41
PAY-20260601-0003849,TRP-20260601-0003849,40.79,stc_pay,settled,2026-06-01 15:32:14
PAY-20260601-0003850,TRP-20260601-0003850,34.57,mada,settled,2026-06-01 11:56:34
PAY-20260601-0003851,TRP-20260601-0003851,16.82,credit_card,settled,2026-06-01 20:14:16
PAY-20260601-0003852,TRP-20260601-0003852,24.41,mada,settled,2026-06-01 11:14:33
PAY-20260601-0003853,TRP-20260601-0003853,13.74,mada,settled,2026-06-01 12:58:34
PAY-20260601-0003854,TRP-20260601-0003854,72.65,cash,settled,2026-06-01 16:29:26
PAY-20260601-0003855,TRP-20260601-0003855,16.22,cash,settled,2026-06-01 10:26:35
PAY-20260601-0003856,TRP-20260601-0003856,73.61,stc_pay,settled,2026-06-02 03:10:59
PAY-20260601-0003857,TRP-20260601-0003857,22.12,apple_pay,settled,2026-06-02 16:00:08
PAY-20260601-0003858,TRP-20260601-0003858,27.79,mada,settled,2026-06-01 15:09:13
PAY-20260601-0003859,TRP-20260601-0003859,40.11,cash,settled,2026-06-01 11:41:46
PAY-20260601-0003860,TRP-20260601-0003860,203.17,mada,settled,2026-06-01 13:40:16
PAY-20260601-0003861,TRP-20260601-0003861,82.72,credit_card,settled,2026-06-01 06:35:29
PAY-20260601-0003862,TRP-20260601-0003862,227.10,credit_card,settled,2026-06-01 17:45:13
PAY-20260601-0003863,TRP-20260601-0003863,12.00,mada,pending,2026-06-01 06:22:58
PAY-20260601-0003865,TRP-20260601-0003865,37.22,mada,settled,2026-06-02 06:00:02
PAY-20260601-0003866,TRP-20260601-0003866,14.41,mada,settled,2026-06-01 07:36:31
PAY-20260601-0003867,TRP-20260601-0003867,22.33,mada,settled,2026-05-31 23:28:20
PAY-20260601-0003868,TRP-20260601-0003868,31.51,credit_card,settled,2026-06-02 15:38:18
PAY-20260601-0003869,TRP-20260601-0003869,26.18,mada,settled,2026-06-01 13:35:16
PAY-20260601-0003870,TRP-20260601-0003870,28.67,credit_card,settled,2026-06-02 04:49:10
PAY-20260601-0003871,TRP-20260601-0003871,42.84,apple_pay,pending,2026-06-01 12:33:31
PAY-20260601-0003872,TRP-20260601-0003872,57.09,cash,settled,2026-06-01 15:12:46
PAY-20260601-0003873,TRP-20260601-0003873,38.67,apple_pay,settled,2026-06-01 03:21:31
PAY-20260601-0003874,TRP-20260601-0003874,23.54,credit_card,settled,2026-06-02 03:00:56
PAY-20260601-0003875,TRP-20260601-0003875,15.67,credit_card,settled,2026-06-02 06:12:28
PAY-20260601-0003876,TRP-20260601-0003876,15.45,mada,settled,2026-06-01 23:39:36
PAY-20260601-0003878,TRP-20260601-0003878,17.55,credit_card,settled,2026-06-01 14:28:11
PAY-20260601-0003879,TRP-20260601-0003879,50.64,stc_pay,settled,2026-06-01 13:45:56
PAY-20260601-0003880,TRP-20260601-0003880,21.01,stc_pay,settled,2026-06-01 08:14:46
PAY-20260601-0003881,TRP-20260601-0003881,27.61,apple_pay,settled,2026-06-01 07:14:37
PAY-20260601-0003882,TRP-20260601-0003882,10.00,credit_card,settled,2026-06-01 15:31:03
PAY-20260601-0003883,TRP-20260601-0003883,204.54,wallet,settled,2026-06-02 15:22:06
PAY-20260601-0003884,TRP-20260601-0003884,82.59,credit_card,settled,2026-06-02 02:07:36
PAY-20260601-0003885,TRP-20260601-0003885,21.55,apple_pay,settled,2026-06-01 18:59:51
PAY-20260601-0003886,TRP-20260601-0003886,12.92,mada,settled,2026-06-01 19:25:21
PAY-20260601-0003887,TRP-20260601-0003887,36.63,apple_pay,settled,2026-06-01 17:26:27
PAY-20260601-0003888,TRP-20260601-0003888,30.29,stc_pay,settled,2026-06-01 21:33:30
PAY-20260601-0003889,TRP-20260601-0003889,89.10,credit_card,settled,2026-06-01 18:28:56
PAY-20260601-0003890,TRP-20260601-0003890,43.56,stc_pay,settled,2026-06-02 01:37:49
PAY-20260601-0003891,TRP-20260601-0003891,20.03,mada,settled,2026-06-01 23:08:34
PAY-20260601-0003892,TRP-20260601-0003892,50.67,credit_card,settled,2026-06-01 17:12:33
PAY-20260601-0003893,TRP-20260601-0003893,18.59,credit_card,settled,2026-06-02 11:14:55
PAY-20260601-0003894,TRP-20260601-0003894,8.00,mada,settled,2026-06-01 18:09:29
PAY-20260601-0003895,TRP-20260601-0003895,20.79,mada,settled,2026-06-01 16:42:23
PAY-20260601-0003896,TRP-20260601-0003896,15.28,stc_pay,settled,2026-06-01 18:36:01
PAY-20260601-0003897,TRP-20260601-0003897,90.77,cash,settled,2026-06-01 17:37:17
PAY-20260601-0003898,TRP-20260601-0003898,93.12,mada,settled,2026-06-01 16:42:40
PAY-20260601-0003899,TRP-20260601-0003899,34.64,mada,settled,2026-06-01 15:53:15
PAY-20260601-0003900,TRP-20260601-0003900,11.12,mada,settled,2026-06-01 21:57:31
PAY-20260601-0003901,TRP-20260601-0003901,94.04,cash,settled,2026-06-01 06:11:39
PAY-20260601-0003902,TRP-20260601-0003902,34.04,mada,settled,2026-06-01 18:54:04
PAY-20260601-0003903,TRP-20260601-0003903,30.04,stc_pay,settled,2026-06-01 15:42:48
PAY-20260601-0003904,TRP-20260601-0003904,78.53,mada,settled,2026-06-01 17:18:13
PAY-20260601-0003905,TRP-20260601-0003905,64.94,mada,settled,2026-06-02 15:31:53
PAY-20260601-0003906,TRP-20260601-0003906,12.72,credit_card,settled,2026-06-01 16:27:57
PAY-20260601-0003907,TRP-20260601-0003907,37.32,cash,settled,2026-06-01 09:18:34
PAY-20260601-0003908,TRP-20260601-0003908,76.15,mada,pending,2026-06-02 12:15:07
PAY-20260601-0003909,TRP-20260601-0003909,26.93,credit_card,settled,2026-06-01 04:14:36
PAY-20260601-0003910,TRP-20260601-0003910,61.38,mada,settled,2026-06-02 12:02:02
PAY-20260601-0003911,TRP-20260601-0003911,46.18,mada,settled,2026-06-01 12:33:40
PAY-20260601-0003912,TRP-20260601-0003912,20.41,credit_card,settled,2026-06-01 20:22:48
PAY-20260601-0003913,TRP-20260601-0003913,30.17,apple_pay,settled,2026-06-02 12:19:26
PAY-20260601-0003914,TRP-20260601-0003914,20.67,apple_pay,pending,2026-06-01 10:14:16
PAY-20260601-0003915,TRP-20260601-0003915,69.26,apple_pay,settled,2026-06-01 15:43:48
PAY-20260601-0003916,TRP-20260601-0003916,23.10,credit_card,settled,2026-06-01 09:22:12
PAY-20260601-0003917,TRP-20260601-0003917,11.00,apple_pay,settled,2026-06-01 22:48:29
PAY-20260601-0003918,TRP-20260601-0003918,54.04,mada,settled,2026-06-01 06:58:56
PAY-20260601-0003919,TRP-20260601-0003919,29.83,cash,settled,2026-06-01 06:20:06
PAY-20260601-0003920,TRP-20260601-0003920,6.00,credit_card,settled,2026-06-01 19:09:58
PAY-20260601-0003921,TRP-20260601-0003921,6.00,stc_pay,settled,2026-06-01 10:24:32
PAY-20260601-0003922,TRP-20260601-0003922,40.80,mada,settled,2026-06-01 21:11:25
PAY-20260601-0003923,TRP-20260601-0003923,33.43,stc_pay,settled,2026-06-01 09:01:56
PAY-20260601-0003924,TRP-20260601-0003924,42.24,mada,settled,2026-06-01 15:19:31
PAY-20260601-0003925,TRP-20260601-0003925,29.93,apple_pay,settled,2026-06-01 13:12:36
PAY-20260601-0003926,TRP-20260601-0003926,22.41,cash,settled,2026-06-01 08:47:39
PAY-20260601-0003927,TRP-20260601-0003927,12.00,wallet,settled,2026-06-01 09:08:23
PAY-20260601-0003928,TRP-20260601-0003928,41.64,apple_pay,settled,2026-06-02 11:22:59
PAY-20260601-0003929,TRP-20260601-0003929,45.80,mada,settled,2026-06-01 18:08:40
PAY-20260601-0003930,TRP-20260601-0003930,18.75,credit_card,settled,2026-06-02 07:28:58
PAY-20260601-0003931,TRP-20260601-0003931,24.70,wallet,settled,2026-06-01 05:04:31
PAY-20260601-0003932,TRP-20260601-0003932,49.13,credit_card,settled,2026-06-01 08:54:40
PAY-20260601-0003933,TRP-20260601-0003933,22.74,mada,settled,2026-06-02 04:38:40
PAY-20260601-0003934,TRP-20260601-0003934,33.63,credit_card,settled,2026-06-01 15:48:42
PAY-20260601-0003935,TRP-20260601-0003935,51.56,stc_pay,settled,2026-06-01 08:04:53
PAY-20260601-0003936,TRP-20260601-0003936,10.00,apple_pay,settled,2026-05-31 23:05:13
PAY-20260601-0003937,TRP-20260601-0003937,62.17,stc_pay,settled,2026-06-01 08:18:13
PAY-20260601-0003938,TRP-20260601-0003938,11.00,mada,settled,2026-06-02 14:22:29
PAY-20260601-0003939,TRP-20260601-0003939,12.00,credit_card,settled,2026-06-01 09:17:48
PAY-20260601-0003940,TRP-20260601-0003940,68.55,mada,settled,2026-06-02 10:48:23
PAY-20260601-0003941,TRP-20260601-0003941,21.61,apple_pay,settled,2026-06-01 21:10:05
PAY-20260601-0003942,TRP-20260601-0003942,49.15,wallet,settled,2026-06-02 00:47:21
PAY-20260601-0003943,TRP-20260601-0003943,10.55,mada,settled,2026-06-01 06:09:34
PAY-20260601-0003944,TRP-20260601-0003944,110.26,mada,settled,2026-06-01 16:54:12
PAY-20260601-0003945,TRP-20260601-0003945,22.43,mada,settled,2026-06-01 08:37:21
PAY-20260601-0003946,TRP-20260601-0003946,17.40,mada,settled,2026-06-02 05:46:59
PAY-20260601-0003947,TRP-20260601-0003947,21.00,mada,settled,2026-06-01 19:08:57
PAY-20260601-0003948,TRP-20260601-0003948,143.72,mada,settled,2026-06-01 16:15:38
PAY-20260601-0003949,TRP-20260601-0003949,16.00,wallet,settled,2026-06-01 04:00:51
PAY-20260601-0003950,TRP-20260601-0003950,63.48,apple_pay,settled,2026-06-02 17:59:24
PAY-20260601-0003951,TRP-20260601-0003951,58.54,stc_pay,settled,2026-06-01 20:36:01
PAY-20260601-0003952,TRP-20260601-0003952,10.00,credit_card,settled,2026-06-01 10:12:54
PAY-20260601-0003953,TRP-20260601-0003953,26.57,mada,settled,2026-06-01 11:58:36
PAY-20260601-0003955,TRP-20260601-0003955,18.47,cash,settled,2026-06-01 11:59:33
PAY-20260601-0003956,TRP-20260601-0003956,12.00,credit_card,settled,2026-06-01 19:48:26
PAY-20260601-0003957,TRP-20260601-0003957,30.65,cash,settled,2026-06-01 05:32:49
PAY-20260601-0003958,TRP-20260601-0003958,11.82,apple_pay,pending,2026-06-01 19:26:56
PAY-20260601-0003959,TRP-20260601-0003959,35.91,mada,settled,2026-06-01 13:28:02
PAY-20260601-0003960,TRP-20260601-0003960,268.31,mada,settled,2026-06-01 08:38:42
PAY-20260601-0003961,TRP-20260601-0003961,27.55,credit_card,settled,2026-06-01 21:19:44
PAY-20260601-0003962,TRP-20260601-0003962,98.38,credit_card,settled,2026-06-01 20:47:08
PAY-20260601-0003963,TRP-20260601-0003963,45.01,apple_pay,settled,2026-06-01 15:53:22
PAY-20260601-0003964,TRP-20260601-0003964,37.02,credit_card,settled,2026-06-01 19:30:19
PAY-20260601-0003965,TRP-20260601-0003965,32.22,credit_card,settled,2026-06-02 13:18:12
PAY-20260601-0003966,TRP-20260601-0003966,55.84,mada,settled,2026-06-01 13:13:06
PAY-20260601-0003967,TRP-20260601-0003967,34.99,wallet,settled,2026-06-01 07:04:28
PAY-20260601-0003968,TRP-20260601-0003968,35.56,mada,settled,2026-06-01 14:19:04
PAY-20260601-0003969,TRP-20260601-0003969,16.17,credit_card,settled,2026-06-01 21:05:58
PAY-20260601-0003970,TRP-20260601-0003970,18.53,mada,settled,2026-06-01 19:06:10
PAY-20260601-0003971,TRP-20260601-0003971,36.56,apple_pay,settled,2026-06-01 16:49:13
PAY-20260601-0003972,TRP-20260601-0003972,8.00,mada,settled,2026-06-01 19:37:29
PAY-20260601-0003973,TRP-20260601-0003973,47.24,cash,settled,2026-06-01 14:47:09
PAY-20260601-0003974,TRP-20260601-0003974,75.61,mada,settled,2026-06-01 06:48:02
PAY-20260601-0003975,TRP-20260601-0003975,74.21,stc_pay,settled,2026-06-01 07:45:18
PAY-20260601-0003976,TRP-20260601-0003976,136.45,apple_pay,pending,2026-06-01 17:41:29
PAY-20260601-0003977,TRP-20260601-0003977,26.28,cash,settled,2026-05-31 21:53:54
PAY-20260601-0003978,TRP-20260601-0003978,28.66,wallet,settled,2026-06-02 05:49:28
PAY-20260601-0003979,TRP-20260601-0003979,38.10,mada,settled,2026-06-01 05:14:43
PAY-20260601-0003980,TRP-20260601-0003980,38.87,stc_pay,settled,2026-06-02 12:10:56
PAY-20260601-0003981,TRP-20260601-0003981,26.12,apple_pay,settled,2026-06-02 08:18:46
PAY-20260601-0003982,TRP-20260601-0003982,82.66,wallet,settled,2026-06-01 23:02:32
PAY-20260601-0003983,TRP-20260601-0003983,15.57,apple_pay,settled,2026-06-02 01:00:32
PAY-20260601-0003984,TRP-20260601-0003984,78.31,credit_card,settled,2026-06-01 19:57:32
PAY-20260601-0003985,TRP-20260601-0003985,34.27,credit_card,settled,2026-06-01 18:13:18
PAY-20260601-0003986,TRP-20260601-0003986,22.54,credit_card,settled,2026-06-01 10:38:43
PAY-20260601-0003987,TRP-20260601-0003987,18.39,mada,settled,2026-06-02 01:25:41
PAY-20260601-0003988,TRP-20260601-0003988,181.33,credit_card,settled,2026-06-01 17:40:42
PAY-20260601-0003989,TRP-20260601-0003989,30.26,apple_pay,settled,2026-06-01 06:31:44
PAY-20260601-0003990,TRP-20260601-0003990,26.64,mada,settled,2026-06-02 13:57:08
PAY-20260601-0003991,TRP-20260601-0003991,24.24,credit_card,settled,2026-06-01 10:56:58
PAY-20260601-0003992,TRP-20260601-0003992,14.48,cash,settled,2026-06-01 13:50:49
PAY-20260601-0003993,TRP-20260601-0003993,101.62,apple_pay,settled,2026-06-01 09:04:44
PAY-20260601-0003994,TRP-20260601-0003994,10.00,credit_card,settled,2026-06-01 08:15:16
PAY-20260601-0003995,TRP-20260601-0003995,59.30,mada,settled,2026-06-01 15:41:44
PAY-20260601-0003996,TRP-20260601-0003996,46.11,mada,pending,2026-06-02 08:34:39
PAY-20260601-0003997,TRP-20260601-0003997,22.19,mada,settled,2026-06-02 02:03:31
PAY-20260601-0003998,TRP-20260601-0003998,37.96,apple_pay,settled,2026-06-02 04:29:47
PAY-20260601-0003999,TRP-20260601-0003999,28.07,mada,settled,2026-06-01 23:43:23
PAY-20260601-0004000,TRP-20260601-0004000,50.83,apple_pay,settled,2026-06-02 06:58:37
PAY-20260601-0004001,TRP-20260601-0004001,16.99,mada,pending,2026-06-02 14:25:16
PAY-20260601-0004002,TRP-20260601-0004002,27.51,mada,settled,2026-06-01 22:00:23
PAY-20260601-0004004,TRP-20260601-0004004,28.92,wallet,settled,2026-06-01 10:53:22
PAY-20260601-0004005,TRP-20260601-0004005,33.43,stc_pay,settled,2026-06-01 06:42:30
PAY-20260601-0004006,TRP-20260601-0004006,20.90,mada,settled,2026-06-01 22:03:20
PAY-20260601-0004007,TRP-20260601-0004007,40.95,stc_pay,settled,2026-06-01 12:57:00
PAY-20260601-0004008,TRP-20260601-0004008,35.83,mada,settled,2026-06-01 13:36:19
PAY-20260601-0004009,TRP-20260601-0004009,114.97,wallet,settled,2026-06-01 07:10:31
PAY-20260601-0004010,TRP-20260601-0004010,21.75,cash,settled,2026-06-01 19:25:55
PAY-20260601-0004011,TRP-20260601-0004011,63.38,mada,pending,2026-06-01 16:14:42
PAY-20260601-0004012,TRP-20260601-0004012,61.19,mada,settled,2026-06-01 14:25:43
PAY-20260601-0004013,TRP-20260601-0004013,31.71,mada,settled,2026-06-01 16:47:42
PAY-20260601-0004014,TRP-20260601-0004014,66.01,cash,settled,2026-06-01 05:07:55
PAY-20260601-0004015,TRP-20260601-0004015,39.47,credit_card,pending,2026-06-01 15:31:28
PAY-20260601-0004016,TRP-20260601-0004016,51.98,mada,settled,2026-06-01 12:00:57
PAY-20260601-0004017,TRP-20260601-0004017,34.06,cash,settled,2026-06-01 03:25:45
PAY-20260601-0004018,TRP-20260601-0004018,66.26,stc_pay,pending,2026-06-01 19:05:03
PAY-20260601-0004019,TRP-20260601-0004019,41.28,wallet,settled,2026-06-01 12:34:44
PAY-20260601-0004021,TRP-20260601-0004021,29.55,mada,settled,2026-06-02 11:55:05
PAY-20260601-0004022,TRP-20260601-0004022,12.20,mada,settled,2026-06-01 13:47:43
PAY-20260601-0004023,TRP-20260601-0004023,55.41,credit_card,pending,2026-06-01 10:54:29
PAY-20260601-0004026,TRP-20260601-0004026,17.84,credit_card,settled,2026-06-01 03:00:46
PAY-20260601-0004027,TRP-20260601-0004027,27.94,mada,settled,2026-06-01 17:35:41
PAY-20260601-0004028,TRP-20260601-0004028,54.75,apple_pay,settled,2026-06-01 15:27:03
PAY-20260601-0004029,TRP-20260601-0004029,23.60,mada,settled,2026-06-01 12:47:34
PAY-20260601-0004030,TRP-20260601-0004030,16.22,apple_pay,settled,2026-06-02 03:32:33
PAY-20260601-0004031,TRP-20260601-0004031,20.05,mada,failed,2026-06-01 18:41:34
PAY-20260601-0004032,TRP-20260601-0004032,22.22,mada,settled,2026-06-02 08:20:39
PAY-20260601-0004033,TRP-20260601-0004033,33.64,stc_pay,settled,2026-06-01 06:55:20
PAY-20260601-0004034,TRP-20260601-0004034,16.67,apple_pay,refunded,2026-06-01 15:08:52
PAY-20260601-0004035,TRP-20260601-0004035,54.81,mada,settled,2026-06-01 07:34:36
PAY-20260601-0004037,TRP-20260601-0004037,74.50,cash,settled,2026-06-01 14:32:42
PAY-20260601-0004039,TRP-20260601-0004039,12.76,cash,settled,2026-06-01 09:35:34
PAY-20260601-0004040,TRP-20260601-0004040,39.63,mada,settled,2026-06-02 10:41:56
PAY-20260601-0004041,TRP-20260601-0004041,16.86,mada,settled,2026-06-01 12:32:03
PAY-20260601-0004042,TRP-20260601-0004042,74.63,apple_pay,failed,2026-06-01 23:26:17
PAY-20260601-0004043,TRP-20260601-0004043,32.76,cash,settled,2026-06-01 17:21:13
PAY-20260601-0004044,TRP-20260601-0004044,15.45,credit_card,settled,2026-06-01 07:24:34
PAY-20260601-0004045,TRP-20260601-0004045,161.15,stc_pay,settled,2026-06-01 21:43:05
PAY-20260601-0004046,TRP-20260601-0004046,127.60,stc_pay,settled,2026-06-01 14:48:32
PAY-20260601-0004048,TRP-20260601-0004048,23.02,credit_card,settled,2026-06-01 15:00:18
PAY-20260601-0004049,TRP-20260601-0004049,55.71,stc_pay,settled,2026-06-01 15:23:29
PAY-20260601-0004050,TRP-20260601-0004050,16.91,mada,settled,2026-06-01 18:09:33
PAY-20260601-0004051,TRP-20260601-0004051,40.98,mada,settled,2026-06-02 10:22:37
PAY-20260601-0004052,TRP-20260601-0004052,37.09,mada,settled,2026-06-01 22:45:43
PAY-20260601-0004053,TRP-20260601-0004053,33.96,wallet,settled,2026-06-01 09:23:50
PAY-20260601-0004054,TRP-20260601-0004054,47.41,stc_pay,settled,2026-06-01 11:32:42
PAY-20260601-0004055,TRP-20260601-0004055,82.20,stc_pay,settled,2026-06-01 07:08:07
PAY-20260601-0004056,TRP-20260601-0004056,119.45,wallet,settled,2026-06-01 07:05:37
PAY-20260601-0004057,TRP-20260601-0004057,85.50,mada,settled,2026-06-01 20:05:06
PAY-20260601-0004058,TRP-20260601-0004058,14.35,credit_card,failed,2026-06-01 09:12:48
PAY-20260601-0004059,TRP-20260601-0004059,77.55,mada,settled,2026-06-02 09:41:56
PAY-20260601-0004060,TRP-20260601-0004060,20.71,credit_card,settled,2026-06-01 06:11:04
PAY-20260601-0004061,TRP-20260601-0004061,16.66,mada,settled,2026-06-01 14:19:53
PAY-20260601-0004062,TRP-20260601-0004062,62.45,mada,settled,2026-06-02 06:56:52
PAY-20260601-0004063,TRP-20260601-0004063,43.13,cash,settled,2026-06-01 14:19:52
PAY-20260601-0004064,TRP-20260601-0004064,14.43,credit_card,settled,2026-06-01 06:57:50
PAY-20260601-0004065,TRP-20260601-0004065,30.12,stc_pay,settled,2026-06-01 22:57:06
PAY-20260601-0004066,TRP-20260601-0004066,46.76,mada,settled,2026-06-01 13:51:29
PAY-20260601-0004067,TRP-20260601-0004067,19.06,mada,pending,2026-06-02 11:34:42
PAY-20260601-0004068,TRP-20260601-0004068,41.03,wallet,settled,2026-06-01 17:13:01
PAY-20260601-0004069,TRP-20260601-0004069,41.65,credit_card,settled,2026-06-01 07:41:01
PAY-20260601-0004070,TRP-20260601-0004070,28.97,credit_card,settled,2026-06-01 14:09:52
PAY-20260601-0004071,TRP-20260601-0004071,56.05,mada,settled,2026-06-01 09:02:17
PAY-20260601-0004072,TRP-20260601-0004072,22.76,stc_pay,settled,2026-06-02 17:28:04
PAY-20260601-0004073,TRP-20260601-0004073,11.44,wallet,settled,2026-06-01 18:41:49
PAY-20260601-0004074,TRP-20260601-0004074,36.55,mada,settled,2026-06-02 09:45:21
PAY-20260601-0004075,TRP-20260601-0004075,37.94,mada,settled,2026-06-01 04:33:04
PAY-20260601-0004076,TRP-20260601-0004076,27.71,stc_pay,settled,2026-06-02 00:16:20
PAY-20260601-0004077,TRP-20260601-0004077,13.81,mada,settled,2026-06-01 14:08:46
PAY-20260601-0004078,TRP-20260601-0004078,21.14,mada,settled,2026-06-01 13:10:16
PAY-20260601-0004079,TRP-20260601-0004079,6.00,apple_pay,settled,2026-06-01 14:25:09
PAY-20260601-0004080,TRP-20260601-0004080,52.82,mada,settled,2026-06-01 22:34:07
PAY-20260601-0004081,TRP-20260601-0004081,23.36,mada,settled,2026-06-01 16:03:33
PAY-20260601-0004082,TRP-20260601-0004082,17.50,credit_card,settled,2026-06-01 09:57:00
PAY-20260601-0004083,TRP-20260601-0004083,17.08,stc_pay,settled,2026-06-01 18:06:25
PAY-20260601-0004084,TRP-20260601-0004084,11.29,mada,settled,2026-06-01 02:32:14
PAY-20260601-0004085,TRP-20260601-0004085,17.54,cash,settled,2026-06-01 09:49:15
PAY-20260601-0004086,TRP-20260601-0004086,10.00,mada,settled,2026-06-01 23:23:10
PAY-20260601-0004087,TRP-20260601-0004087,25.12,mada,settled,2026-06-01 16:11:43
PAY-20260601-0004088,TRP-20260601-0004088,17.87,cash,settled,2026-06-01 05:33:39
PAY-20260601-0004089,TRP-20260601-0004089,63.23,apple_pay,settled,2026-06-01 17:37:37
PAY-20260601-0004090,TRP-20260601-0004090,58.14,credit_card,settled,2026-06-02 08:28:05
PAY-20260601-0004091,TRP-20260601-0004091,12.51,mada,pending,2026-06-02 05:54:17
PAY-20260601-0004092,TRP-20260601-0004092,44.46,apple_pay,settled,2026-06-02 07:13:26
PAY-20260601-0004093,TRP-20260601-0004093,12.78,stc_pay,failed,2026-06-01 10:48:35
PAY-20260601-0004094,TRP-20260601-0004094,21.88,credit_card,settled,2026-06-01 11:24:24
PAY-20260601-0004096,TRP-20260601-0004096,19.70,credit_card,settled,2026-06-02 03:39:28
PAY-20260601-0004098,TRP-20260601-0004098,18.09,apple_pay,failed,2026-06-01 18:17:24
PAY-20260601-0004099,TRP-20260601-0004099,35.38,apple_pay,settled,2026-06-01 18:46:55
PAY-20260601-0004100,TRP-20260601-0004100,57.75,mada,settled,2026-06-01 15:43:08
PAY-20260601-0004101,TRP-20260601-0004101,46.70,mada,settled,2026-06-01 14:13:09
PAY-20260601-0004102,TRP-20260601-0004102,15.55,stc_pay,pending,2026-06-01 17:05:19
PAY-20260601-0004103,TRP-20260601-0004103,18.21,apple_pay,settled,2026-06-01 08:21:01
PAY-20260601-0004104,TRP-20260601-0004104,30.95,credit_card,settled,2026-06-01 06:47:49
PAY-20260601-0004105,TRP-20260601-0004105,21.12,mada,settled,2026-06-01 22:12:51
PAY-20260601-0004106,TRP-20260601-0004106,48.84,mada,settled,2026-06-01 15:07:58
PAY-20260601-0004107,TRP-20260601-0004107,16.08,credit_card,settled,2026-06-02 01:25:14
PAY-20260601-0004109,TRP-20260601-0004109,50.04,credit_card,settled,2026-06-01 10:35:35
PAY-20260601-0004110,TRP-20260601-0004110,29.98,stc_pay,settled,2026-06-01 10:32:15
PAY-20260601-0004111,TRP-20260601-0004111,18.47,apple_pay,settled,2026-06-01 09:42:46
PAY-20260601-0004113,TRP-20260601-0004113,35.01,mada,settled,2026-06-01 11:28:24
PAY-20260601-0004114,TRP-20260601-0004114,22.97,apple_pay,settled,2026-06-01 05:42:54
PAY-20260601-0004115,TRP-20260601-0004115,24.98,stc_pay,settled,2026-06-02 11:02:49
PAY-20260601-0004116,TRP-20260601-0004116,13.52,mada,settled,2026-06-01 09:51:56
PAY-20260601-0004117,TRP-20260601-0004117,18.41,wallet,settled,2026-06-02 05:22:53
PAY-20260601-0004118,TRP-20260601-0004118,15.81,apple_pay,settled,2026-06-02 00:06:32
PAY-20260601-0004119,TRP-20260601-0004119,19.55,credit_card,settled,2026-06-01 17:40:22
PAY-20260601-0004120,TRP-20260601-0004120,10.69,mada,settled,2026-06-01 14:21:21
PAY-20260601-0004121,TRP-20260601-0004121,31.01,stc_pay,settled,2026-06-01 06:28:09
PAY-20260601-0004122,TRP-20260601-0004122,45.58,mada,settled,2026-06-02 00:52:38
PAY-20260601-0004123,TRP-20260601-0004123,58.56,credit_card,settled,2026-06-01 07:09:52
PAY-20260601-0004124,TRP-20260601-0004124,19.02,apple_pay,settled,2026-06-01 15:50:14
PAY-20260601-0004125,TRP-20260601-0004125,12.64,credit_card,settled,2026-06-02 05:07:29
PAY-20260601-0004126,TRP-20260601-0004126,30.33,mada,settled,2026-06-01 20:56:39
PAY-20260601-0004127,TRP-20260601-0004127,72.15,cash,settled,2026-06-01 15:06:39
PAY-20260601-0004128,TRP-20260601-0004128,31.57,mada,settled,2026-06-01 11:47:48
PAY-20260601-0004129,TRP-20260601-0004129,16.55,mada,settled,2026-06-02 01:22:42
PAY-20260601-0004130,TRP-20260601-0004130,16.45,mada,settled,2026-06-01 07:19:55
PAY-20260601-0004131,TRP-20260601-0004131,63.13,credit_card,settled,2026-06-01 21:06:57
PAY-20260601-0004132,TRP-20260601-0004132,61.72,mada,settled,2026-06-01 09:09:03
PAY-20260601-0004133,TRP-20260601-0004133,55.01,credit_card,settled,2026-06-01 13:17:22
PAY-20260601-0004134,TRP-20260601-0004134,10.28,apple_pay,settled,2026-06-01 08:01:35
PAY-20260601-0004135,TRP-20260601-0004135,58.24,mada,settled,2026-06-02 10:41:16
PAY-20260601-0004136,TRP-20260601-0004136,31.87,mada,settled,2026-06-01 20:06:51
PAY-20260601-0004137,TRP-20260601-0004137,42.54,credit_card,settled,2026-06-01 14:49:38
PAY-20260601-0004138,TRP-20260601-0004138,51.43,credit_card,settled,2026-06-01 08:39:43
PAY-20260601-0004139,TRP-20260601-0004139,18.88,apple_pay,settled,2026-06-01 18:01:08
PAY-20260601-0004140,TRP-20260601-0004140,43.58,cash,settled,2026-06-01 15:34:30
PAY-20260601-0004141,TRP-20260601-0004141,84.15,mada,settled,2026-06-01 15:47:01
PAY-20260601-0004142,TRP-20260601-0004142,73.32,stc_pay,settled,2026-06-01 11:57:16
PAY-20260601-0004143,TRP-20260601-0004143,96.52,stc_pay,settled,2026-06-01 18:42:45
PAY-20260601-0004144,TRP-20260601-0004144,16.54,credit_card,settled,2026-06-01 06:27:25
PAY-20260601-0004145,TRP-20260601-0004145,66.19,wallet,settled,2026-06-01 11:29:46
PAY-20260601-0004146,TRP-20260601-0004146,52.96,mada,settled,2026-06-02 13:45:29
PAY-20260601-0004147,TRP-20260601-0004147,14.54,credit_card,settled,2026-06-01 12:57:19
PAY-20260601-0004148,TRP-20260601-0004148,59.36,mada,settled,2026-06-01 17:07:02
PAY-20260601-0004149,TRP-20260601-0004149,41.48,cash,settled,2026-06-01 17:11:15
PAY-20260601-0004150,TRP-20260601-0004150,18.98,stc_pay,failed,2026-06-02 01:49:51
PAY-20260601-0004151,TRP-20260601-0004151,35.18,apple_pay,settled,2026-06-01 15:56:37
PAY-20260601-0004152,TRP-20260601-0004152,22.63,cash,settled,2026-06-01 10:27:51
PAY-20260601-0004153,TRP-20260601-0004153,43.13,mada,settled,2026-06-02 17:35:54
PAY-20260601-0004154,TRP-20260601-0004154,77.20,mada,settled,2026-06-02 03:24:52
PAY-20260601-0004155,TRP-20260601-0004155,42.76,credit_card,settled,2026-06-01 17:18:45
PAY-20260601-0004156,TRP-20260601-0004156,12.00,stc_pay,settled,2026-06-01 11:24:53
PAY-20260601-0004157,TRP-20260601-0004157,60.22,mada,settled,2026-06-01 22:31:21
PAY-20260601-0004158,TRP-20260601-0004158,18.37,stc_pay,settled,2026-06-01 05:31:23
PAY-20260601-0004159,TRP-20260601-0004159,11.72,apple_pay,settled,2026-06-02 10:16:48
PAY-20260601-0004160,TRP-20260601-0004160,12.60,mada,settled,2026-06-01 21:18:26
PAY-20260601-0004161,TRP-20260601-0004161,26.85,cash,settled,2026-06-01 18:14:34
PAY-20260601-0004162,TRP-20260601-0004162,16.91,mada,settled,2026-06-01 13:14:12
PAY-20260601-0004163,TRP-20260601-0004163,6.00,cash,settled,2026-06-01 14:53:21
PAY-20260601-0004164,TRP-20260601-0004164,25.44,cash,settled,2026-06-01 04:42:25
PAY-20260601-0004165,TRP-20260601-0004165,42.29,credit_card,settled,2026-06-01 16:28:19
PAY-20260601-0004167,TRP-20260601-0004167,13.57,mada,settled,2026-06-02 16:27:34
PAY-20260601-0004168,TRP-20260601-0004168,45.34,stc_pay,settled,2026-06-01 03:36:25
PAY-20260601-0004169,TRP-20260601-0004169,19.22,mada,settled,2026-06-01 05:31:31
PAY-20260601-0004170,TRP-20260601-0004170,53.75,mada,settled,2026-06-01 15:50:07
PAY-20260601-0004171,TRP-20260601-0004171,39.09,apple_pay,settled,2026-06-02 16:58:32
PAY-20260601-0004172,TRP-20260601-0004172,161.01,stc_pay,settled,2026-06-01 08:56:32
PAY-20260601-0004173,TRP-20260601-0004173,31.53,stc_pay,settled,2026-06-01 18:40:23
PAY-20260601-0004174,TRP-20260601-0004174,55.26,stc_pay,settled,2026-06-01 15:38:06
PAY-20260601-0004175,TRP-20260601-0004175,25.32,mada,settled,2026-06-01 14:51:23
PAY-20260601-0004176,TRP-20260601-0004176,52.20,credit_card,settled,2026-06-01 22:43:33
PAY-20260601-0004177,TRP-20260601-0004177,26.58,apple_pay,settled,2026-06-02 00:26:41
PAY-20260601-0004178,TRP-20260601-0004178,134.12,mada,settled,2026-06-01 06:51:52
PAY-20260601-0004179,TRP-20260601-0004179,22.92,cash,settled,2026-06-01 09:00:26
PAY-20260601-0004180,TRP-20260601-0004180,32.80,cash,settled,2026-06-01 09:17:29
PAY-20260601-0004181,TRP-20260601-0004181,16.17,cash,settled,2026-06-01 14:32:18
PAY-20260601-0004183,TRP-20260601-0004183,66.51,cash,settled,2026-06-01 17:57:33
PAY-20260601-0004184,TRP-20260601-0004184,23.78,mada,settled,2026-06-01 20:12:22
PAY-20260601-0004185,TRP-20260601-0004185,12.00,credit_card,settled,2026-06-01 17:32:39
PAY-20260601-0004186,TRP-20260601-0004186,102.80,apple_pay,settled,2026-06-01 16:38:29
PAY-20260601-0004187,TRP-20260601-0004187,11.78,cash,settled,2026-06-01 12:51:29
PAY-20260601-0004188,TRP-20260601-0004188,11.00,credit_card,settled,2026-06-01 18:27:30
PAY-20260601-0004189,TRP-20260601-0004189,25.03,mada,failed,2026-06-01 13:06:17
PAY-20260601-0004190,TRP-20260601-0004190,31.87,cash,settled,2026-06-01 20:10:16
PAY-20260601-0004191,TRP-20260601-0004191,21.23,apple_pay,settled,2026-06-01 09:15:45
PAY-20260601-0004192,TRP-20260601-0004192,55.02,cash,settled,2026-06-01 02:41:25
PAY-20260601-0004193,TRP-20260601-0004193,11.00,mada,settled,2026-06-01 19:10:21
PAY-20260601-0004194,TRP-20260601-0004194,45.95,mada,settled,2026-06-01 11:12:17
PAY-20260601-0004195,TRP-20260601-0004195,15.17,cash,settled,2026-06-01 09:04:13
PAY-20260601-0004196,TRP-20260601-0004196,16.84,mada,settled,2026-06-01 09:50:36
PAY-20260601-0004197,TRP-20260601-0004197,27.95,cash,settled,2026-06-01 05:17:29
PAY-20260601-0004198,TRP-20260601-0004198,24.88,mada,settled,2026-06-02 19:13:31
PAY-20260601-0004199,TRP-20260601-0004199,22.07,cash,settled,2026-06-01 17:47:30
PAY-20260601-0004200,TRP-20260601-0004200,67.82,wallet,settled,2026-06-01 20:27:00
PAY-20260601-0004201,TRP-20260601-0004201,57.16,stc_pay,settled,2026-06-01 05:31:30
PAY-20260601-0004202,TRP-20260601-0004202,12.52,apple_pay,settled,2026-06-01 16:19:20
PAY-20260601-0004203,TRP-20260601-0004203,70.81,mada,settled,2026-06-01 19:27:07
PAY-20260601-0004204,TRP-20260601-0004204,6.00,credit_card,settled,2026-06-02 14:31:18
PAY-20260601-0004205,TRP-20260601-0004205,44.71,credit_card,settled,2026-06-01 18:37:30
PAY-20260601-0004206,TRP-20260601-0004206,11.34,stc_pay,settled,2026-06-01 12:13:33
PAY-20260601-0004208,TRP-20260601-0004208,40.77,mada,settled,2026-06-01 09:44:32
PAY-20260601-0004209,TRP-20260601-0004209,52.56,credit_card,pending,2026-06-01 07:54:29
PAY-20260601-0004210,TRP-20260601-0004210,131.05,mada,settled,2026-06-01 20:30:52
PAY-20260601-0004211,TRP-20260601-0004211,23.13,credit_card,settled,2026-06-02 05:51:30
PAY-20260601-0004212,TRP-20260601-0004212,13.57,apple_pay,settled,2026-06-02 13:56:12
PAY-20260601-0004213,TRP-20260601-0004213,23.57,credit_card,settled,2026-06-02 10:49:21
PAY-20260601-0004214,TRP-20260601-0004214,10.95,cash,settled,2026-06-01 04:54:43
PAY-20260601-0004215,TRP-20260601-0004215,16.06,cash,settled,2026-06-01 15:21:55
PAY-20260601-0004216,TRP-20260601-0004216,80.67,mada,settled,2026-06-02 18:14:06
PAY-20260601-0004217,TRP-20260601-0004217,37.54,credit_card,settled,2026-06-01 05:25:41
PAY-20260601-0004218,TRP-20260601-0004218,37.75,credit_card,settled,2026-06-01 06:48:22
PAY-20260601-0004219,TRP-20260601-0004219,165.13,mada,refunded,2026-06-01 07:28:38
PAY-20260601-0004220,TRP-20260601-0004220,16.90,credit_card,settled,2026-06-02 11:03:06
PAY-20260601-0004221,TRP-20260601-0004221,40.54,mada,settled,2026-06-01 14:39:01
PAY-20260601-0004223,TRP-20260601-0004223,24.43,credit_card,settled,2026-06-02 02:48:57
PAY-20260601-0004224,TRP-20260601-0004224,27.75,stc_pay,pending,2026-06-01 06:43:16
PAY-20260601-0004225,TRP-20260601-0004225,13.45,wallet,settled,2026-06-01 19:51:24
PAY-20260601-0004226,TRP-20260601-0004226,60.42,apple_pay,settled,2026-06-01 16:14:21
PAY-20260601-0004227,TRP-20260601-0004227,47.16,mada,settled,2026-06-01 06:42:21
PAY-20260601-0004228,TRP-20260601-0004228,42.84,stc_pay,settled,2026-06-02 03:49:34
PAY-20260601-0004229,TRP-20260601-0004229,23.38,mada,settled,2026-06-01 14:15:56
PAY-20260601-0004230,TRP-20260601-0004230,127.52,credit_card,settled,2026-06-01 18:07:35
PAY-20260601-0004231,TRP-20260601-0004231,15.94,cash,settled,2026-06-01 19:35:01
PAY-20260601-0004232,TRP-20260601-0004232,21.23,mada,settled,2026-06-01 11:38:38
PAY-20260601-0004233,TRP-20260601-0004233,51.11,mada,settled,2026-06-02 10:52:29
PAY-20260601-0004234,TRP-20260601-0004234,103.43,mada,settled,2026-06-02 01:53:11
PAY-20260601-0004235,TRP-20260601-0004235,28.86,cash,settled,2026-06-01 00:22:06
PAY-20260601-0004236,TRP-20260601-0004236,31.69,apple_pay,settled,2026-06-01 23:53:10
PAY-20260601-0004237,TRP-20260601-0004237,124.96,cash,settled,2026-06-01 18:46:15
PAY-20260601-0004238,TRP-20260601-0004238,37.98,credit_card,settled,2026-06-01 14:47:13
PAY-20260601-0004239,TRP-20260601-0004239,13.42,credit_card,settled,2026-06-01 04:32:32
PAY-20260601-0004240,TRP-20260601-0004240,18.36,mada,settled,2026-06-01 06:59:31
PAY-20260601-0004241,TRP-20260601-0004241,13.56,credit_card,settled,2026-06-01 13:25:47
PAY-20260601-0004242,TRP-20260601-0004242,29.91,credit_card,settled,2026-06-01 12:36:28
PAY-20260601-0004243,TRP-20260601-0004243,30.71,credit_card,settled,2026-06-01 18:33:26
PAY-20260601-0004244,TRP-20260601-0004244,29.15,apple_pay,settled,2026-06-01 08:40:30
PAY-20260601-0004245,TRP-20260601-0004245,35.19,credit_card,settled,2026-06-01 13:02:37
PAY-20260601-0004246,TRP-20260601-0004246,13.70,mada,settled,2026-06-01 17:13:36
PAY-20260601-0004247,TRP-20260601-0004247,119.91,mada,settled,2026-06-01 16:19:25
PAY-20260601-0004248,TRP-20260601-0004248,80.62,apple_pay,settled,2026-06-01 18:59:02
PAY-20260601-0004249,TRP-20260601-0004249,29.79,credit_card,settled,2026-06-01 14:31:17
PAY-20260601-0004250,TRP-20260601-0004250,6.00,apple_pay,settled,2026-06-01 11:00:53
PAY-20260601-0004251,TRP-20260601-0004251,37.21,mada,settled,2026-06-01 17:38:46
PAY-20260601-0004252,TRP-20260601-0004252,53.74,mada,settled,2026-06-01 06:11:34
PAY-20260601-0004253,TRP-20260601-0004253,10.00,cash,settled,2026-06-01 08:18:37
PAY-20260601-0004254,TRP-20260601-0004254,115.27,mada,settled,2026-06-01 08:02:13
PAY-20260601-0004255,TRP-20260601-0004255,35.97,apple_pay,settled,2026-06-01 22:03:08
PAY-20260601-0004256,TRP-20260601-0004256,173.10,mada,settled,2026-06-01 18:53:16
PAY-20260601-0004257,TRP-20260601-0004257,31.89,mada,settled,2026-06-02 07:31:44
PAY-20260601-0004258,TRP-20260601-0004258,21.02,mada,settled,2026-06-01 22:35:10
PAY-20260601-0004259,TRP-20260601-0004259,54.44,credit_card,settled,2026-06-01 06:39:02
PAY-20260601-0004260,TRP-20260601-0004260,37.12,wallet,pending,2026-06-01 18:28:34
PAY-20260601-0004261,TRP-20260601-0004261,21.95,mada,settled,2026-06-01 13:36:54
PAY-20260601-0004262,TRP-20260601-0004262,23.38,apple_pay,settled,2026-06-01 12:39:10
PAY-20260601-0004263,TRP-20260601-0004263,103.62,mada,settled,2026-06-02 07:23:14
PAY-20260601-0004264,TRP-20260601-0004264,55.78,mada,settled,2026-06-01 12:19:20
PAY-20260601-0004266,TRP-20260601-0004266,12.00,mada,settled,2026-06-02 04:31:47
PAY-20260601-0004267,TRP-20260601-0004267,26.77,mada,settled,2026-06-01 17:10:35
PAY-20260601-0004268,TRP-20260601-0004268,22.99,apple_pay,pending,2026-06-02 15:30:37
PAY-20260601-0004269,TRP-20260601-0004269,78.35,stc_pay,settled,2026-06-01 18:33:12
PAY-20260601-0004270,TRP-20260601-0004270,14.39,mada,settled,2026-06-01 11:22:23
PAY-20260601-0004271,TRP-20260601-0004271,53.53,credit_card,pending,2026-06-01 09:51:29
PAY-20260601-0004272,TRP-20260601-0004272,45.06,mada,settled,2026-06-01 15:20:28
PAY-20260601-0004273,TRP-20260601-0004273,46.72,apple_pay,settled,2026-06-01 13:58:22
PAY-20260601-0004274,TRP-20260601-0004274,91.04,stc_pay,settled,2026-06-01 17:06:41
PAY-20260601-0004275,TRP-20260601-0004275,18.53,mada,settled,2026-06-01 12:58:17
PAY-20260601-0004276,TRP-20260601-0004276,26.99,cash,settled,2026-06-01 17:37:15
PAY-20260601-0004277,TRP-20260601-0004277,12.16,mada,settled,2026-06-01 20:31:02
PAY-20260601-0004278,TRP-20260601-0004278,12.39,mada,settled,2026-06-01 19:47:51
PAY-20260601-0004279,TRP-20260601-0004279,33.97,stc_pay,pending,2026-06-01 06:18:03
PAY-20260601-0004280,TRP-20260601-0004280,12.29,cash,settled,2026-06-01 11:25:34
PAY-20260601-0004281,TRP-20260601-0004281,35.69,mada,settled,2026-06-02 11:41:12
PAY-20260601-0004282,TRP-20260601-0004282,23.50,stc_pay,settled,2026-06-01 20:40:44
PAY-20260601-0004283,TRP-20260601-0004283,64.79,credit_card,settled,2026-06-01 19:04:19
PAY-20260601-0004284,TRP-20260601-0004284,20.64,mada,settled,2026-06-01 18:08:57
PAY-20260601-0004285,TRP-20260601-0004285,26.53,mada,settled,2026-06-01 08:02:48
PAY-20260601-0004286,TRP-20260601-0004286,28.78,mada,settled,2026-06-02 04:13:24
PAY-20260601-0004287,TRP-20260601-0004287,28.01,cash,settled,2026-06-01 18:59:37
PAY-20260601-0004288,TRP-20260601-0004288,168.84,mada,settled,2026-06-02 08:58:59
PAY-20260601-0004289,TRP-20260601-0004289,12.00,credit_card,settled,2026-06-01 12:52:25
PAY-20260601-0004290,TRP-20260601-0004290,31.29,mada,settled,2026-06-01 07:44:57
PAY-20260601-0004291,TRP-20260601-0004291,94.41,cash,settled,2026-06-01 06:09:58
PAY-20260601-0004292,TRP-20260601-0004292,11.63,mada,settled,2026-06-01 12:12:49
PAY-20260601-0004293,TRP-20260601-0004293,33.01,mada,settled,2026-06-01 10:49:02
PAY-20260601-0004294,TRP-20260601-0004294,31.94,credit_card,settled,2026-06-01 04:21:18
PAY-20260601-0004295,TRP-20260601-0004295,27.06,mada,settled,2026-06-02 01:54:02
PAY-20260601-0004296,TRP-20260601-0004296,14.71,mada,settled,2026-06-01 07:47:48
PAY-20260601-0004297,TRP-20260601-0004297,16.84,mada,settled,2026-06-01 17:33:30
PAY-20260601-0004298,TRP-20260601-0004298,38.66,mada,settled,2026-06-01 21:23:30
PAY-20260601-0004299,TRP-20260601-0004299,39.70,cash,settled,2026-06-01 12:00:52
PAY-20260601-0004300,TRP-20260601-0004300,15.23,mada,settled,2026-06-01 17:54:52
PAY-20260601-0004301,TRP-20260601-0004301,70.70,mada,settled,2026-06-01 16:00:56
PAY-20260601-0004302,TRP-20260601-0004302,21.81,apple_pay,settled,2026-06-02 03:07:25
PAY-20260601-0004303,TRP-20260601-0004303,19.86,credit_card,settled,2026-06-01 20:41:51
PAY-20260601-0004304,TRP-20260601-0004304,138.74,wallet,settled,2026-06-01 15:36:48
PAY-20260601-0004305,TRP-20260601-0004305,124.87,mada,settled,2026-06-02 06:48:22
PAY-20260601-0004306,TRP-20260601-0004306,53.75,mada,settled,2026-06-01 02:55:59
PAY-20260601-0004308,TRP-20260601-0004308,26.47,stc_pay,settled,2026-06-01 06:27:45
PAY-20260601-0004309,TRP-20260601-0004309,17.46,mada,pending,2026-06-01 18:57:23
PAY-20260601-0004310,TRP-20260601-0004310,238.19,apple_pay,settled,2026-06-01 08:04:49
PAY-20260601-0004311,TRP-20260601-0004311,31.01,stc_pay,settled,2026-06-01 17:28:14
PAY-20260601-0004312,TRP-20260601-0004312,29.20,stc_pay,settled,2026-06-01 14:38:22
PAY-20260601-0004313,TRP-20260601-0004313,28.97,mada,settled,2026-06-01 03:25:25
PAY-20260601-0004314,TRP-20260601-0004314,10.94,mada,settled,2026-06-01 06:57:29
PAY-20260601-0004315,TRP-20260601-0004315,19.34,mada,settled,2026-06-01 02:02:08
PAY-20260601-0004316,TRP-20260601-0004316,29.75,cash,settled,2026-06-01 12:13:06
PAY-20260601-0004317,TRP-20260601-0004317,130.54,stc_pay,settled,2026-06-01 06:42:51
PAY-20260601-0004318,TRP-20260601-0004318,15.37,credit_card,settled,2026-06-01 06:56:53
PAY-20260601-0004319,TRP-20260601-0004319,48.83,cash,settled,2026-06-01 20:30:34
PAY-20260601-0004320,TRP-20260601-0004320,25.94,mada,settled,2026-06-01 15:10:16
PAY-20260601-0004321,TRP-20260601-0004321,45.82,cash,settled,2026-06-01 11:58:52
PAY-20260601-0004322,TRP-20260601-0004322,34.69,mada,settled,2026-06-01 08:13:58
PAY-20260601-0004323,TRP-20260601-0004323,18.00,mada,settled,2026-06-01 20:54:57
PAY-20260601-0004324,TRP-20260601-0004324,65.78,mada,settled,2026-06-01 06:32:48
PAY-20260601-0004325,TRP-20260601-0004325,52.87,mada,settled,2026-06-01 15:20:26
PAY-20260601-0004326,TRP-20260601-0004326,65.53,mada,settled,2026-06-01 17:17:02
PAY-20260601-0004327,TRP-20260601-0004327,46.73,mada,settled,2026-06-01 09:42:22
PAY-20260601-0004328,TRP-20260601-0004328,141.41,cash,settled,2026-06-01 18:14:44
PAY-20260601-0004329,TRP-20260601-0004329,10.00,apple_pay,settled,2026-06-01 20:32:43
PAY-20260601-0004330,TRP-20260601-0004330,11.00,mada,settled,2026-06-01 10:53:06
PAY-20260601-0004331,TRP-20260601-0004331,15.57,mada,settled,2026-06-01 19:35:02
PAY-20260601-0004332,TRP-20260601-0004332,14.95,credit_card,settled,2026-06-01 15:47:38
PAY-20260601-0004333,TRP-20260601-0004333,19.88,credit_card,settled,2026-06-01 19:32:45
PAY-20260601-0004334,TRP-20260601-0004334,139.36,mada,settled,2026-06-01 20:47:47
PAY-20260601-0004335,TRP-20260601-0004335,13.53,mada,settled,2026-06-01 18:10:17
PAY-20260601-0004336,TRP-20260601-0004336,26.77,mada,settled,2026-06-01 08:55:20
PAY-20260601-0004337,TRP-20260601-0004337,25.12,mada,settled,2026-06-01 16:45:24
PAY-20260601-0004338,TRP-20260601-0004338,10.00,mada,settled,2026-06-01 08:53:00
PAY-20260601-0004339,TRP-20260601-0004339,16.41,apple_pay,pending,2026-06-01 06:09:06
PAY-20260601-0004340,TRP-20260601-0004340,18.25,wallet,settled,2026-06-01 04:59:02
PAY-20260601-0004341,TRP-20260601-0004341,28.56,mada,settled,2026-06-02 00:28:39
PAY-20260601-0004342,TRP-20260601-0004342,60.04,mada,settled,2026-06-01 16:35:21
PAY-20260601-0004343,TRP-20260601-0004343,25.61,apple_pay,settled,2026-06-01 14:15:58
PAY-20260601-0004344,TRP-20260601-0004344,50.91,mada,settled,2026-06-01 08:16:24
PAY-20260601-0004345,TRP-20260601-0004345,160.71,mada,settled,2026-06-02 04:53:43
PAY-20260601-0004346,TRP-20260601-0004346,26.32,mada,settled,2026-06-01 13:27:00
PAY-20260601-0004348,TRP-20260601-0004348,28.82,apple_pay,settled,2026-06-01 13:49:39
PAY-20260601-0004349,TRP-20260601-0004349,26.96,mada,refunded,2026-06-02 02:05:44
PAY-20260601-0004350,TRP-20260601-0004350,16.84,mada,settled,2026-06-01 19:20:52
PAY-20260601-0004351,TRP-20260601-0004351,59.95,credit_card,settled,2026-06-01 11:23:47
PAY-20260601-0004352,TRP-20260601-0004352,65.75,cash,settled,2026-06-01 03:32:22
PAY-20260601-0004353,TRP-20260601-0004353,19.49,cash,settled,2026-06-01 15:52:57
PAY-20260601-0004354,TRP-20260601-0004354,17.30,mada,settled,2026-06-01 19:26:07
PAY-20260601-0004355,TRP-20260601-0004355,46.67,cash,settled,2026-06-01 16:11:41
PAY-20260601-0004356,TRP-20260601-0004356,105.36,mada,settled,2026-06-01 17:34:13
PAY-20260601-0004357,TRP-20260601-0004357,30.68,mada,settled,2026-06-02 15:55:00
PAY-20260601-0004358,TRP-20260601-0004358,15.85,stc_pay,settled,2026-06-01 08:55:32
PAY-20260601-0004359,TRP-20260601-0004359,22.20,credit_card,settled,2026-06-01 16:17:50
PAY-20260601-0004360,TRP-20260601-0004360,27.92,credit_card,settled,2026-06-01 14:33:20
PAY-20260601-0004361,TRP-20260601-0004361,77.04,apple_pay,settled,2026-06-01 15:16:42
PAY-20260601-0004362,TRP-20260601-0004362,25.79,mada,settled,2026-06-02 14:52:00
PAY-20260601-0004363,TRP-20260601-0004363,65.98,cash,settled,2026-06-01 18:09:21
PAY-20260601-0004364,TRP-20260601-0004364,166.54,mada,settled,2026-06-01 17:53:42
PAY-20260601-0004365,TRP-20260601-0004365,30.25,stc_pay,settled,2026-06-01 18:12:10
PAY-20260601-0004366,TRP-20260601-0004366,21.55,credit_card,settled,2026-06-02 03:37:08
PAY-20260601-0004367,TRP-20260601-0004367,124.05,mada,settled,2026-06-02 16:40:32
PAY-20260601-0004368,TRP-20260601-0004368,12.00,mada,settled,2026-06-01 19:46:20
PAY-20260601-0004369,TRP-20260601-0004369,22.44,credit_card,settled,2026-06-01 16:16:18
PAY-20260601-0004370,TRP-20260601-0004370,26.26,mada,settled,2026-06-02 06:52:56
PAY-20260601-0004371,TRP-20260601-0004371,8.00,mada,settled,2026-06-01 16:26:51
PAY-20260601-0004373,TRP-20260601-0004373,36.40,wallet,failed,2026-06-01 09:41:12
PAY-20260601-0004374,TRP-20260601-0004374,43.54,apple_pay,settled,2026-06-01 17:55:29
PAY-20260601-0004375,TRP-20260601-0004375,32.30,cash,settled,2026-06-01 19:07:18
PAY-20260601-0004377,TRP-20260601-0004377,12.69,cash,settled,2026-06-01 09:20:23
PAY-20260601-0004378,TRP-20260601-0004378,10.06,mada,settled,2026-06-01 21:11:49
PAY-20260601-0004379,TRP-20260601-0004379,13.80,mada,settled,2026-06-02 06:00:11
PAY-20260601-0004380,TRP-20260601-0004380,136.21,cash,settled,2026-06-01 15:35:12
PAY-20260601-0004381,TRP-20260601-0004381,211.33,mada,settled,2026-06-01 18:16:51
PAY-20260601-0004382,TRP-20260601-0004382,59.10,cash,settled,2026-06-01 08:03:13
PAY-20260601-0004383,TRP-20260601-0004383,11.48,apple_pay,pending,2026-06-02 05:17:10
PAY-20260601-0004384,TRP-20260601-0004384,16.30,apple_pay,settled,2026-06-01 21:36:53
PAY-20260601-0004385,TRP-20260601-0004385,74.25,mada,settled,2026-06-02 04:05:54
PAY-20260601-0004386,TRP-20260601-0004386,99.66,wallet,settled,2026-06-01 19:10:46
PAY-20260601-0004387,TRP-20260601-0004387,37.98,mada,settled,2026-06-01 05:55:43
PAY-20260601-0004388,TRP-20260601-0004388,24.45,mada,settled,2026-06-01 17:03:39
PAY-20260601-0004389,TRP-20260601-0004389,94.98,credit_card,settled,2026-06-01 07:27:05
PAY-20260601-0004390,TRP-20260601-0004390,18.47,stc_pay,settled,2026-06-01 11:01:27
PAY-20260601-0004391,TRP-20260601-0004391,44.66,cash,settled,2026-06-01 08:31:37
PAY-20260601-0004392,TRP-20260601-0004392,110.71,credit_card,settled,2026-06-02 10:06:15
PAY-20260601-0004393,TRP-20260601-0004393,16.35,credit_card,settled,2026-06-01 16:36:37
PAY-20260601-0004394,TRP-20260601-0004394,24.27,wallet,settled,2026-06-01 07:06:56
PAY-20260601-0004395,TRP-20260601-0004395,52.18,wallet,settled,2026-06-02 07:56:24
PAY-20260601-0004396,TRP-20260601-0004396,63.43,mada,settled,2026-06-01 08:17:55
PAY-20260601-0004397,TRP-20260601-0004397,48.13,stc_pay,settled,2026-06-01 11:22:09
PAY-20260601-0004398,TRP-20260601-0004398,30.74,mada,settled,2026-06-01 08:25:30
PAY-20260601-0004399,TRP-20260601-0004399,25.30,stc_pay,settled,2026-06-01 16:11:09
PAY-20260601-0004400,TRP-20260601-0004400,46.40,credit_card,settled,2026-06-01 15:23:51
PAY-20260601-0004401,TRP-20260601-0004401,34.40,stc_pay,settled,2026-06-02 05:45:58
PAY-20260601-0004402,TRP-20260601-0004402,10.00,cash,settled,2026-06-01 11:35:42
PAY-20260601-0004403,TRP-20260601-0004403,28.50,mada,settled,2026-06-01 13:50:57
PAY-20260601-0004404,TRP-20260601-0004404,21.39,stc_pay,settled,2026-06-02 16:31:03
PAY-20260601-0004405,TRP-20260601-0004405,8.00,credit_card,settled,2026-06-01 06:31:06
PAY-20260601-0004406,TRP-20260601-0004406,78.46,mada,settled,2026-06-01 05:27:18
PAY-20260601-0004407,TRP-20260601-0004407,30.97,mada,settled,2026-06-01 10:44:48
PAY-20260601-0004408,TRP-20260601-0004408,164.40,mada,settled,2026-06-01 18:46:56
PAY-20260601-0004409,TRP-20260601-0004409,23.36,mada,failed,2026-06-01 14:43:43
PAY-20260601-0004410,TRP-20260601-0004410,28.44,apple_pay,settled,2026-06-01 12:07:34
PAY-20260601-0004411,TRP-20260601-0004411,41.27,credit_card,settled,2026-06-01 09:50:27
PAY-20260601-0004412,TRP-20260601-0004412,63.68,mada,settled,2026-06-01 06:30:18
PAY-20260601-0004413,TRP-20260601-0004413,32.44,apple_pay,settled,2026-06-01 14:33:49
PAY-20260601-0004414,TRP-20260601-0004414,30.41,mada,settled,2026-06-01 12:16:08
PAY-20260601-0004415,TRP-20260601-0004415,100.85,credit_card,settled,2026-06-02 07:13:18
PAY-20260601-0004416,TRP-20260601-0004416,14.73,mada,settled,2026-06-01 07:21:14
PAY-20260601-0004417,TRP-20260601-0004417,75.77,apple_pay,settled,2026-06-02 01:01:09
PAY-20260601-0004418,TRP-20260601-0004418,20.74,stc_pay,settled,2026-06-02 18:05:16
PAY-20260601-0004419,TRP-20260601-0004419,11.77,apple_pay,settled,2026-05-31 23:10:15
PAY-20260601-0004420,TRP-20260601-0004420,28.76,mada,settled,2026-06-01 23:13:05
PAY-20260601-0004421,TRP-20260601-0004421,54.69,credit_card,settled,2026-06-01 21:31:58
PAY-20260601-0004422,TRP-20260601-0004422,14.56,stc_pay,settled,2026-06-01 13:55:44
PAY-20260601-0004423,TRP-20260601-0004423,22.17,credit_card,settled,2026-06-01 05:06:57
PAY-20260601-0004424,TRP-20260601-0004424,35.34,apple_pay,settled,2026-06-01 14:09:48
PAY-20260601-0004425,TRP-20260601-0004425,14.45,apple_pay,settled,2026-06-01 07:02:23
PAY-20260601-0004426,TRP-20260601-0004426,73.01,mada,settled,2026-06-01 18:23:07
PAY-20260601-0004427,TRP-20260601-0004427,80.21,credit_card,settled,2026-06-01 08:58:10
PAY-20260601-0004428,TRP-20260601-0004428,46.10,stc_pay,settled,2026-06-01 12:14:52
PAY-20260601-0004429,TRP-20260601-0004429,15.14,stc_pay,settled,2026-06-02 07:31:19
PAY-20260601-0004430,TRP-20260601-0004430,21.25,wallet,settled,2026-06-01 13:03:37
PAY-20260601-0004431,TRP-20260601-0004431,10.00,credit_card,settled,2026-06-02 03:59:26
PAY-20260601-0004432,TRP-20260601-0004432,77.25,credit_card,settled,2026-06-01 21:11:46
PAY-20260601-0004434,TRP-20260601-0004434,23.88,mada,settled,2026-06-01 20:17:38
PAY-20260601-0004435,TRP-20260601-0004435,33.42,credit_card,refunded,2026-06-01 14:51:23
PAY-20260601-0004436,TRP-20260601-0004436,37.49,apple_pay,settled,2026-06-02 01:33:11
PAY-20260601-0004437,TRP-20260601-0004437,71.03,credit_card,settled,2026-06-01 16:16:11
PAY-20260601-0004438,TRP-20260601-0004438,97.92,credit_card,settled,2026-06-02 01:01:06
PAY-20260601-0004439,TRP-20260601-0004439,52.98,cash,settled,2026-06-01 04:43:06
PAY-20260601-0004440,TRP-20260601-0004440,53.05,stc_pay,settled,2026-06-01 15:59:56
PAY-20260601-0004441,TRP-20260601-0004441,42.74,mada,settled,2026-06-01 18:26:06
PAY-20260601-0004442,TRP-20260601-0004442,27.56,credit_card,settled,2026-06-01 04:19:15
PAY-20260601-0004443,TRP-20260601-0004443,84.86,credit_card,settled,2026-06-01 20:21:03
PAY-20260601-0004444,TRP-20260601-0004444,92.65,stc_pay,settled,2026-06-01 06:42:22
PAY-20260601-0004445,TRP-20260601-0004445,26.88,mada,settled,2026-06-01 16:30:43
PAY-20260601-0004446,TRP-20260601-0004446,15.73,mada,settled,2026-06-02 14:33:21
PAY-20260601-0004447,TRP-20260601-0004447,51.93,mada,settled,2026-06-01 14:09:07
PAY-20260601-0004448,TRP-20260601-0004448,10.90,credit_card,settled,2026-06-01 21:22:05
PAY-20260601-0004449,TRP-20260601-0004449,68.20,stc_pay,settled,2026-06-02 02:49:22
PAY-20260601-0004450,TRP-20260601-0004450,25.68,wallet,settled,2026-06-01 20:03:11
PAY-20260601-0004451,TRP-20260601-0004451,12.34,apple_pay,settled,2026-06-01 15:57:48
PAY-20260601-0004452,TRP-20260601-0004452,12.97,mada,settled,2026-06-02 08:39:55
PAY-20260601-0004453,TRP-20260601-0004453,51.14,mada,settled,2026-06-01 17:12:27
PAY-20260601-0004454,TRP-20260601-0004454,33.57,mada,settled,2026-06-01 04:55:17
PAY-20260601-0004455,TRP-20260601-0004455,6.00,wallet,settled,2026-06-01 10:43:51
PAY-20260601-0004456,TRP-20260601-0004456,15.45,cash,settled,2026-06-01 03:53:38
PAY-20260601-0004457,TRP-20260601-0004457,23.74,apple_pay,settled,2026-06-01 17:24:31
PAY-20260601-0004458,TRP-20260601-0004458,12.00,stc_pay,settled,2026-06-02 05:24:03
PAY-20260601-0004459,TRP-20260601-0004459,26.26,mada,settled,2026-06-01 18:58:34
PAY-20260601-0004461,TRP-20260601-0004461,23.79,cash,settled,2026-06-01 15:40:12
PAY-20260601-0004463,TRP-20260601-0004463,14.02,credit_card,settled,2026-06-01 18:50:50
PAY-20260601-0004464,TRP-20260601-0004464,46.22,mada,settled,2026-06-01 14:03:50
PAY-20260601-0004465,TRP-20260601-0004465,14.99,cash,settled,2026-06-01 11:25:14
PAY-20260601-0004466,TRP-20260601-0004466,15.76,mada,settled,2026-06-01 13:45:23
PAY-20260601-0004467,TRP-20260601-0004467,54.84,wallet,settled,2026-06-01 20:05:44
PAY-20260601-0004468,TRP-20260601-0004468,12.34,stc_pay,settled,2026-06-01 10:28:06
PAY-20260601-0004469,TRP-20260601-0004469,21.48,stc_pay,settled,2026-06-01 01:44:41
PAY-20260601-0004470,TRP-20260601-0004470,38.01,mada,settled,2026-06-01 15:32:59
PAY-20260601-0004471,TRP-20260601-0004471,15.59,mada,settled,2026-06-01 05:02:45
PAY-20260601-0004472,TRP-20260601-0004472,22.77,mada,settled,2026-06-02 04:49:13
PAY-20260601-0004473,TRP-20260601-0004473,10.00,apple_pay,settled,2026-06-01 19:20:43
PAY-20260601-0004474,TRP-20260601-0004474,22.19,credit_card,settled,2026-06-01 22:38:45
PAY-20260601-0004475,TRP-20260601-0004475,47.87,credit_card,settled,2026-06-01 19:41:13
PAY-20260601-0004476,TRP-20260601-0004476,22.79,mada,settled,2026-06-01 20:50:15
PAY-20260601-0004477,TRP-20260601-0004477,16.34,mada,settled,2026-06-01 05:22:00
PAY-20260601-0004478,TRP-20260601-0004478,60.27,apple_pay,settled,2026-06-01 21:54:10
PAY-20260601-0004479,TRP-20260601-0004479,8.00,wallet,settled,2026-06-02 07:34:58
PAY-20260601-0004480,TRP-20260601-0004480,38.29,stc_pay,settled,2026-06-01 21:04:31
PAY-20260601-0004481,TRP-20260601-0004481,43.89,apple_pay,settled,2026-06-02 17:22:53
PAY-20260601-0004482,TRP-20260601-0004482,56.27,cash,settled,2026-06-01 17:38:17
PAY-20260601-0004483,TRP-20260601-0004483,26.65,cash,settled,2026-06-01 19:14:12
PAY-20260601-0004484,TRP-20260601-0004484,29.97,apple_pay,settled,2026-06-01 19:19:25
PAY-20260601-0004485,TRP-20260601-0004485,64.58,mada,settled,2026-06-01 11:04:09
PAY-20260601-0004486,TRP-20260601-0004486,47.33,mada,settled,2026-06-01 12:39:23
PAY-20260601-0004487,TRP-20260601-0004487,17.86,apple_pay,settled,2026-06-01 21:10:56
PAY-20260601-0004488,TRP-20260601-0004488,30.03,apple_pay,settled,2026-06-01 17:57:00
PAY-20260601-0004489,TRP-20260601-0004489,39.16,stc_pay,settled,2026-06-01 08:18:45
PAY-20260601-0004490,TRP-20260601-0004490,52.67,mada,settled,2026-06-02 07:10:39
PAY-20260601-0004492,TRP-20260601-0004492,38.79,cash,settled,2026-06-01 04:38:07
PAY-20260601-0004493,TRP-20260601-0004493,10.00,cash,settled,2026-06-01 12:19:57
PAY-20260601-0004494,TRP-20260601-0004494,11.87,mada,settled,2026-06-01 12:33:12
PAY-20260601-0004495,TRP-20260601-0004495,10.94,cash,settled,2026-06-01 03:32:58
PAY-20260601-0004496,TRP-20260601-0004496,10.00,stc_pay,settled,2026-06-01 23:04:25
PAY-20260601-0004497,TRP-20260601-0004497,12.08,mada,settled,2026-06-01 12:32:28
PAY-20260601-0004498,TRP-20260601-0004498,70.23,cash,settled,2026-06-01 03:05:16
PAY-20260601-0004499,TRP-20260601-0004499,70.50,stc_pay,settled,2026-06-01 16:20:39
PAY-20260601-0004500,TRP-20260601-0004500,19.97,credit_card,settled,2026-06-01 12:02:07
PAY-20260601-0004501,TRP-20260601-0004501,24.68,wallet,settled,2026-06-01 20:38:57
PAY-20260601-0004503,TRP-20260601-0004503,39.13,mada,settled,2026-06-02 10:26:09
PAY-20260601-0004504,TRP-20260601-0004504,22.94,cash,settled,2026-06-01 04:49:19
PAY-20260601-0004505,TRP-20260601-0004505,33.43,stc_pay,pending,2026-06-01 12:23:00
PAY-20260601-0004506,TRP-20260601-0004506,12.00,mada,settled,2026-06-01 15:43:50
PAY-20260601-0004507,TRP-20260601-0004507,61.04,mada,pending,2026-06-02 09:21:05
PAY-20260601-0004508,TRP-20260601-0004508,26.87,mada,settled,2026-06-01 11:24:46
PAY-20260601-0004509,TRP-20260601-0004509,58.87,mada,settled,2026-06-01 08:37:06
PAY-20260601-0004510,TRP-20260601-0004510,68.43,credit_card,settled,2026-06-01 11:19:08
PAY-20260601-0004511,TRP-20260601-0004511,14.25,mada,settled,2026-06-01 13:54:52
PAY-20260601-0004512,TRP-20260601-0004512,29.72,credit_card,settled,2026-06-01 00:42:09
PAY-20260601-0004513,TRP-20260601-0004513,35.30,cash,settled,2026-06-01 05:34:54
PAY-20260601-0004514,TRP-20260601-0004514,62.42,credit_card,settled,2026-06-01 18:27:14
PAY-20260601-0004515,TRP-20260601-0004515,47.52,mada,settled,2026-06-01 08:42:13
PAY-20260601-0004516,TRP-20260601-0004516,48.77,stc_pay,settled,2026-06-01 08:06:18
PAY-20260601-0004517,TRP-20260601-0004517,24.64,mada,settled,2026-06-02 00:58:03
PAY-20260601-0004518,TRP-20260601-0004518,79.50,apple_pay,settled,2026-06-01 16:13:47
PAY-20260601-0004519,TRP-20260601-0004519,16.78,credit_card,settled,2026-06-01 22:26:44
PAY-20260601-0004520,TRP-20260601-0004520,44.18,mada,settled,2026-06-02 01:27:14
PAY-20260601-0004521,TRP-20260601-0004521,59.27,mada,settled,2026-06-01 18:45:20
PAY-20260601-0004522,TRP-20260601-0004522,18.89,credit_card,settled,2026-06-02 15:01:55
PAY-20260601-0004523,TRP-20260601-0004523,68.83,stc_pay,settled,2026-06-01 05:07:48
PAY-20260601-0004524,TRP-20260601-0004524,60.32,mada,settled,2026-06-01 16:35:33
PAY-20260601-0004525,TRP-20260601-0004525,31.96,cash,settled,2026-06-01 05:42:31
PAY-20260601-0004526,TRP-20260601-0004526,12.00,mada,pending,2026-06-01 04:25:44
PAY-20260601-0004528,TRP-20260601-0004528,77.85,credit_card,settled,2026-06-01 07:20:30
PAY-20260601-0004529,TRP-20260601-0004529,15.64,mada,settled,2026-05-31 22:00:50
PAY-20260601-0004530,TRP-20260601-0004530,20.01,stc_pay,settled,2026-06-02 06:38:35
PAY-20260601-0004531,TRP-20260601-0004531,14.21,cash,settled,2026-06-01 09:41:49
PAY-20260601-0004532,TRP-20260601-0004532,33.88,apple_pay,settled,2026-06-02 01:14:59
PAY-20260601-0004533,TRP-20260601-0004533,30.04,credit_card,settled,2026-06-01 13:14:07
PAY-20260601-0004534,TRP-20260601-0004534,24.64,credit_card,settled,2026-05-31 22:55:44
PAY-20260601-0004535,TRP-20260601-0004535,22.95,credit_card,settled,2026-06-01 17:41:43
PAY-20260601-0004536,TRP-20260601-0004536,12.00,apple_pay,settled,2026-05-31 23:05:55
PAY-20260601-0004537,TRP-20260601-0004537,18.52,credit_card,settled,2026-06-01 14:35:25
PAY-20260601-0004538,TRP-20260601-0004538,35.39,cash,settled,2026-06-01 17:56:48
PAY-20260601-0004539,TRP-20260601-0004539,53.66,cash,settled,2026-06-01 06:00:05
PAY-20260601-0004540,TRP-20260601-0004540,49.09,credit_card,settled,2026-06-01 17:22:17
PAY-20260601-0004541,TRP-20260601-0004541,8.00,cash,settled,2026-06-01 05:13:50
PAY-20260601-0004542,TRP-20260601-0004542,45.70,credit_card,settled,2026-06-01 09:43:56
PAY-20260601-0004543,TRP-20260601-0004543,34.26,apple_pay,settled,2026-06-01 16:04:19
PAY-20260601-0004544,TRP-20260601-0004544,12.00,credit_card,settled,2026-06-01 19:55:12
PAY-20260601-0004545,TRP-20260601-0004545,20.95,cash,settled,2026-06-01 12:42:26
PAY-20260601-0004546,TRP-20260601-0004546,93.24,cash,settled,2026-06-01 20:27:28
PAY-20260601-0004547,TRP-20260601-0004547,29.94,credit_card,settled,2026-06-01 16:30:45
PAY-20260601-0004549,TRP-20260601-0004549,38.94,mada,settled,2026-06-01 16:28:02
PAY-20260601-0004550,TRP-20260601-0004550,36.00,mada,settled,2026-06-01 06:35:52
PAY-20260601-0004551,TRP-20260601-0004551,53.57,wallet,settled,2026-06-01 14:48:23
PAY-20260601-0004552,TRP-20260601-0004552,56.04,mada,settled,2026-06-01 10:44:24
PAY-20260601-0004553,TRP-20260601-0004553,83.10,stc_pay,settled,2026-06-02 07:49:01
PAY-20260601-0004554,TRP-20260601-0004554,20.89,mada,settled,2026-06-01 10:08:45
PAY-20260601-0004556,TRP-20260601-0004556,26.47,credit_card,settled,2026-06-02 03:50:27
PAY-20260601-0004557,TRP-20260601-0004557,12.00,wallet,settled,2026-06-01 08:00:28
PAY-20260601-0004558,TRP-20260601-0004558,26.02,apple_pay,settled,2026-06-01 15:21:32
PAY-20260601-0004559,TRP-20260601-0004559,15.29,mada,settled,2026-06-01 14:16:46
PAY-20260601-0004560,TRP-20260601-0004560,24.38,mada,settled,2026-06-01 07:37:45
PAY-20260601-0004561,TRP-20260601-0004561,37.15,apple_pay,settled,2026-06-01 23:15:38
PAY-20260601-0004562,TRP-20260601-0004562,93.23,mada,settled,2026-06-01 06:11:44
PAY-20260601-0004563,TRP-20260601-0004563,13.16,credit_card,settled,2026-06-01 16:22:10
PAY-20260601-0004564,TRP-20260601-0004564,24.75,wallet,settled,2026-06-01 23:57:41
PAY-20260601-0004565,TRP-20260601-0004565,21.12,credit_card,settled,2026-06-01 20:18:55
PAY-20260601-0004566,TRP-20260601-0004566,23.51,apple_pay,settled,2026-06-01 11:00:11
PAY-20260601-0004567,TRP-20260601-0004567,46.83,stc_pay,settled,2026-05-31 23:17:32
PAY-20260601-0004568,TRP-20260601-0004568,25.45,mada,settled,2026-06-01 01:39:39
PAY-20260601-0004569,TRP-20260601-0004569,185.57,mada,settled,2026-06-01 19:02:35
PAY-20260601-0004570,TRP-20260601-0004570,41.68,wallet,settled,2026-06-01 06:05:09
PAY-20260601-0004571,TRP-20260601-0004571,26.68,credit_card,settled,2026-06-01 14:38:23
PAY-20260601-0004572,TRP-20260601-0004572,40.30,mada,settled,2026-06-01 14:13:21
PAY-20260601-0004573,TRP-20260601-0004573,119.87,mada,settled,2026-06-01 09:19:37
PAY-20260601-0004574,TRP-20260601-0004574,32.11,mada,settled,2026-06-01 18:55:52
PAY-20260601-0004575,TRP-20260601-0004575,33.28,mada,settled,2026-06-01 19:19:08
PAY-20260601-0004576,TRP-20260601-0004576,14.87,cash,settled,2026-06-01 09:52:25
PAY-20260601-0004577,TRP-20260601-0004577,19.90,credit_card,settled,2026-06-01 20:41:44
PAY-20260601-0004578,TRP-20260601-0004578,40.80,cash,settled,2026-06-01 16:30:45
PAY-20260601-0004579,TRP-20260601-0004579,26.16,mada,settled,2026-06-01 18:03:13
PAY-20260601-0004580,TRP-20260601-0004580,49.69,stc_pay,settled,2026-06-01 21:24:43
PAY-20260601-0004581,TRP-20260601-0004581,74.09,mada,settled,2026-06-01 08:14:23
PAY-20260601-0004582,TRP-20260601-0004582,20.17,credit_card,settled,2026-06-01 12:52:45
PAY-20260601-0004583,TRP-20260601-0004583,84.29,apple_pay,settled,2026-06-01 06:44:38
PAY-20260601-0004584,TRP-20260601-0004584,17.27,cash,settled,2026-06-01 09:35:10
PAY-20260601-0004585,TRP-20260601-0004585,18.81,mada,failed,2026-06-01 10:36:15
PAY-20260601-0004586,TRP-20260601-0004586,89.00,stc_pay,settled,2026-06-01 21:32:47
PAY-20260601-0004587,TRP-20260601-0004587,17.23,stc_pay,settled,2026-06-02 01:06:54
PAY-20260601-0004588,TRP-20260601-0004588,32.61,mada,settled,2026-06-01 13:54:51
PAY-20260601-0004589,TRP-20260601-0004589,22.69,mada,settled,2026-06-01 18:13:56
PAY-20260601-0004590,TRP-20260601-0004590,63.93,stc_pay,settled,2026-06-01 01:41:02
PAY-20260601-0004591,TRP-20260601-0004591,85.43,apple_pay,failed,2026-06-01 21:04:49
PAY-20260601-0004592,TRP-20260601-0004592,19.46,stc_pay,settled,2026-06-02 11:29:23
PAY-20260601-0004593,TRP-20260601-0004593,40.77,mada,settled,2026-06-02 08:31:13
PAY-20260601-0004594,TRP-20260601-0004594,44.40,stc_pay,settled,2026-06-02 06:00:05
PAY-20260601-0004595,TRP-20260601-0004595,41.75,mada,settled,2026-06-01 04:09:59
PAY-20260601-0004596,TRP-20260601-0004596,33.36,mada,settled,2026-06-01 16:53:05
PAY-20260601-0004597,TRP-20260601-0004597,32.34,credit_card,settled,2026-06-01 02:19:09
PAY-20260601-0004598,TRP-20260601-0004598,34.54,cash,settled,2026-06-01 20:55:23
PAY-20260601-0004599,TRP-20260601-0004599,21.46,cash,settled,2026-06-01 19:44:34
PAY-20260601-0004600,TRP-20260601-0004600,31.18,credit_card,settled,2026-06-01 05:19:04
PAY-20260601-0004601,TRP-20260601-0004601,53.45,stc_pay,settled,2026-06-01 21:38:06
PAY-20260601-0004602,TRP-20260601-0004602,38.49,apple_pay,settled,2026-06-01 05:08:09
PAY-20260601-0004603,TRP-20260601-0004603,37.86,cash,settled,2026-06-01 03:46:22
PAY-20260601-0004604,TRP-20260601-0004604,33.34,mada,settled,2026-06-02 02:30:00
PAY-20260601-0004605,TRP-20260601-0004605,11.66,apple_pay,settled,2026-06-01 07:52:03
PAY-20260601-0004606,TRP-20260601-0004606,52.59,stc_pay,settled,2026-06-01 03:43:55
PAY-20260601-0004608,TRP-20260601-0004608,29.57,apple_pay,settled,2026-06-01 18:39:42
PAY-20260601-0004609,TRP-20260601-0004609,71.43,stc_pay,settled,2026-06-01 19:25:02
PAY-20260601-0004610,TRP-20260601-0004610,27.35,mada,settled,2026-06-01 18:27:17
PAY-20260601-0004611,TRP-20260601-0004611,38.03,mada,settled,2026-06-01 07:23:35
PAY-20260601-0004612,TRP-20260601-0004612,41.26,mada,settled,2026-06-01 15:47:42
PAY-20260601-0004613,TRP-20260601-0004613,104.88,mada,settled,2026-06-02 03:13:04
PAY-20260601-0004614,TRP-20260601-0004614,53.01,cash,settled,2026-06-01 19:50:19
PAY-20260601-0004615,TRP-20260601-0004615,14.84,mada,settled,2026-06-02 07:55:22
PAY-20260601-0004616,TRP-20260601-0004616,21.40,mada,settled,2026-06-02 01:09:16
PAY-20260601-0004617,TRP-20260601-0004617,143.40,stc_pay,settled,2026-06-01 19:10:14
PAY-20260601-0004618,TRP-20260601-0004618,143.70,cash,settled,2026-06-01 19:33:51
PAY-20260601-0004619,TRP-20260601-0004619,17.27,cash,settled,2026-06-01 15:00:35
PAY-20260601-0004620,TRP-20260601-0004620,24.40,mada,settled,2026-06-01 15:22:49
PAY-20260601-0004621,TRP-20260601-0004621,14.82,mada,settled,2026-06-01 15:45:48
PAY-20260601-0004622,TRP-20260601-0004622,76.55,stc_pay,settled,2026-06-01 17:01:02
PAY-20260601-0004623,TRP-20260601-0004623,113.52,apple_pay,pending,2026-06-02 09:41:43
PAY-20260601-0004624,TRP-20260601-0004624,23.89,stc_pay,settled,2026-06-01 18:27:07
PAY-20260601-0004625,TRP-20260601-0004625,78.84,mada,settled,2026-06-01 18:07:31
PAY-20260601-0004626,TRP-20260601-0004626,108.85,apple_pay,settled,2026-06-02 08:25:18
PAY-20260601-0004627,TRP-20260601-0004627,23.38,credit_card,settled,2026-06-01 16:52:58
PAY-20260601-0004628,TRP-20260601-0004628,18.64,mada,settled,2026-06-01 14:17:14
PAY-20260601-0004629,TRP-20260601-0004629,42.00,stc_pay,settled,2026-06-01 17:49:37
PAY-20260601-0004630,TRP-20260601-0004630,72.58,mada,settled,2026-06-01 12:16:53
PAY-20260601-0004631,TRP-20260601-0004631,21.11,stc_pay,settled,2026-06-01 14:58:18
PAY-20260601-0004632,TRP-20260601-0004632,75.77,cash,settled,2026-06-01 15:11:53
PAY-20260601-0004633,TRP-20260601-0004633,8.00,apple_pay,settled,2026-06-02 03:55:16
PAY-20260601-0004634,TRP-20260601-0004634,27.36,mada,settled,2026-06-01 18:23:54
PAY-20260601-0004635,TRP-20260601-0004635,86.64,credit_card,settled,2026-06-01 21:09:50
PAY-20260601-0004636,TRP-20260601-0004636,18.81,mada,settled,2026-06-02 05:28:00
PAY-20260601-0004637,TRP-20260601-0004637,23.99,cash,settled,2026-06-01 19:17:18
PAY-20260601-0004638,TRP-20260601-0004638,63.63,wallet,settled,2026-06-02 09:34:43
PAY-20260601-0004639,TRP-20260601-0004639,41.22,credit_card,settled,2026-06-01 22:38:59
PAY-20260601-0004640,TRP-20260601-0004640,17.44,stc_pay,settled,2026-06-01 18:47:26
PAY-20260601-0004641,TRP-20260601-0004641,10.00,cash,settled,2026-06-01 15:40:14
PAY-20260601-0004642,TRP-20260601-0004642,22.20,stc_pay,settled,2026-06-01 12:07:27
PAY-20260601-0004644,TRP-20260601-0004644,40.83,apple_pay,settled,2026-06-01 12:51:10
PAY-20260601-0004645,TRP-20260601-0004645,32.43,mada,settled,2026-06-01 13:44:16
PAY-20260601-0004646,TRP-20260601-0004646,40.20,stc_pay,settled,2026-06-01 11:08:20
PAY-20260601-0004647,TRP-20260601-0004647,128.76,mada,settled,2026-06-02 08:50:32
PAY-20260601-0004648,TRP-20260601-0004648,27.94,cash,settled,2026-06-01 14:32:26
PAY-20260601-0004649,TRP-20260601-0004649,10.00,apple_pay,settled,2026-06-01 13:57:03
PAY-20260601-0004650,TRP-20260601-0004650,16.53,wallet,settled,2026-06-01 12:04:01
PAY-20260601-0004651,TRP-20260601-0004651,62.26,credit_card,settled,2026-06-01 10:20:41
PAY-20260601-0004652,TRP-20260601-0004652,11.38,credit_card,settled,2026-06-01 18:40:58
PAY-20260601-0004653,TRP-20260601-0004653,25.44,mada,settled,2026-06-01 11:00:47
PAY-20260601-0004654,TRP-20260601-0004654,37.94,cash,settled,2026-06-01 16:48:56
PAY-20260601-0004655,TRP-20260601-0004655,23.94,wallet,settled,2026-06-01 12:27:25
PAY-20260601-0004656,TRP-20260601-0004656,38.94,apple_pay,settled,2026-06-01 12:57:02
PAY-20260601-0004657,TRP-20260601-0004657,15.00,mada,settled,2026-06-01 21:56:07
PAY-20260601-0004658,TRP-20260601-0004658,64.05,stc_pay,settled,2026-06-01 14:54:45
PAY-20260601-0004659,TRP-20260601-0004659,6.00,mada,settled,2026-06-02 05:35:37
PAY-20260601-0004660,TRP-20260601-0004660,24.17,apple_pay,settled,2026-06-02 16:20:34
PAY-20260601-0004661,TRP-20260601-0004661,29.65,mada,settled,2026-06-01 14:44:27
PAY-20260601-0004662,TRP-20260601-0004662,28.16,stc_pay,settled,2026-06-01 19:23:22
PAY-20260601-0004663,TRP-20260601-0004663,33.48,mada,settled,2026-06-01 19:13:05
PAY-20260601-0004664,TRP-20260601-0004664,10.00,credit_card,settled,2026-06-02 06:17:19
PAY-20260601-0004665,TRP-20260601-0004665,17.47,mada,settled,2026-06-02 02:10:44
PAY-20260601-0004666,TRP-20260601-0004666,20.86,cash,settled,2026-06-01 11:49:37
PAY-20260601-0004667,TRP-20260601-0004667,16.90,stc_pay,settled,2026-06-01 07:01:28
PAY-20260601-0004668,TRP-20260601-0004668,13.25,mada,pending,2026-06-01 14:59:09
PAY-20260601-0004669,TRP-20260601-0004669,30.76,wallet,settled,2026-06-02 09:33:32
PAY-20260601-0004670,TRP-20260601-0004670,12.00,mada,settled,2026-06-01 09:23:54
PAY-20260601-0004671,TRP-20260601-0004671,26.79,apple_pay,settled,2026-06-01 20:19:32
PAY-20260601-0004672,TRP-20260601-0004672,19.20,apple_pay,settled,2026-06-01 19:45:24
PAY-20260601-0004673,TRP-20260601-0004673,30.73,mada,settled,2026-06-02 16:46:00
PAY-20260601-0004674,TRP-20260601-0004674,100.16,stc_pay,settled,2026-06-01 19:36:38
PAY-20260601-0004675,TRP-20260601-0004675,19.98,mada,settled,2026-06-01 18:19:19
PAY-20260601-0004676,TRP-20260601-0004676,30.42,credit_card,settled,2026-06-02 00:40:51
PAY-20260601-0004677,TRP-20260601-0004677,29.55,mada,settled,2026-06-02 09:35:41
PAY-20260601-0004678,TRP-20260601-0004678,16.91,credit_card,settled,2026-06-01 13:08:17
PAY-20260601-0004679,TRP-20260601-0004679,47.25,mada,settled,2026-06-01 05:52:12
PAY-20260601-0004681,TRP-20260601-0004681,29.41,mada,settled,2026-06-01 18:56:23
PAY-20260601-0004682,TRP-20260601-0004682,19.52,mada,settled,2026-06-01 21:47:01
PAY-20260601-0004685,TRP-20260601-0004685,50.97,wallet,settled,2026-06-01 19:27:50
PAY-20260601-0004686,TRP-20260601-0004686,40.91,mada,settled,2026-06-01 06:43:58
PAY-20260601-0004687,TRP-20260601-0004687,100.92,mada,settled,2026-06-01 05:18:36
PAY-20260601-0004688,TRP-20260601-0004688,56.86,mada,settled,2026-06-01 08:28:24
PAY-20260601-0004689,TRP-20260601-0004689,103.78,mada,settled,2026-06-01 10:53:36
PAY-20260601-0004690,TRP-20260601-0004690,17.82,apple_pay,pending,2026-06-01 12:05:33
PAY-20260601-0004691,TRP-20260601-0004691,17.08,mada,pending,2026-06-01 11:46:48
PAY-20260601-0004692,TRP-20260601-0004692,102.20,wallet,settled,2026-06-01 06:06:02
PAY-20260601-0004693,TRP-20260601-0004693,62.33,mada,settled,2026-06-01 17:59:24
PAY-20260601-0004694,TRP-20260601-0004694,15.27,credit_card,settled,2026-06-02 02:13:09
PAY-20260601-0004695,TRP-20260601-0004695,52.66,stc_pay,settled,2026-06-01 11:14:35
PAY-20260601-0004696,TRP-20260601-0004696,56.64,credit_card,settled,2026-06-02 03:09:03
PAY-20260601-0004697,TRP-20260601-0004697,50.53,mada,settled,2026-06-02 03:45:46
PAY-20260601-0004698,TRP-20260601-0004698,27.75,mada,settled,2026-06-01 04:08:40
PAY-20260601-0004699,TRP-20260601-0004699,19.21,credit_card,settled,2026-06-01 13:39:37
PAY-20260601-0004700,TRP-20260601-0004700,72.37,mada,settled,2026-06-01 18:03:05
PAY-20260601-0004701,TRP-20260601-0004701,57.76,mada,settled,2026-06-01 19:59:13
PAY-20260601-0004702,TRP-20260601-0004702,80.88,cash,settled,2026-06-01 15:59:56
PAY-20260601-0004704,TRP-20260601-0004704,19.27,mada,settled,2026-05-31 22:57:57
PAY-20260601-0004705,TRP-20260601-0004705,17.04,mada,settled,2026-06-01 18:33:23
PAY-20260601-0004706,TRP-20260601-0004706,29.72,stc_pay,settled,2026-06-01 08:30:29
PAY-20260601-0004707,TRP-20260601-0004707,29.65,mada,settled,2026-06-01 16:28:48
PAY-20260601-0004708,TRP-20260601-0004708,18.64,mada,settled,2026-05-31 23:48:26
PAY-20260601-0004709,TRP-20260601-0004709,50.13,stc_pay,settled,2026-06-01 06:30:00
PAY-20260601-0004710,TRP-20260601-0004710,23.40,cash,settled,2026-06-01 07:39:41
PAY-20260601-0004711,TRP-20260601-0004711,24.44,wallet,settled,2026-06-01 14:41:00
PAY-20260601-0004713,TRP-20260601-0004713,27.73,cash,settled,2026-06-01 16:36:30
PAY-20260601-0004714,TRP-20260601-0004714,34.63,mada,settled,2026-06-01 17:28:51
PAY-20260601-0004715,TRP-20260601-0004715,22.56,mada,settled,2026-06-01 20:16:22
PAY-20260601-0004716,TRP-20260601-0004716,20.65,credit_card,settled,2026-06-01 19:40:07
PAY-20260601-0004717,TRP-20260601-0004717,58.73,mada,settled,2026-06-01 18:49:59
PAY-20260601-0004718,TRP-20260601-0004718,13.68,credit_card,settled,2026-06-01 07:52:08
PAY-20260601-0004719,TRP-20260601-0004719,18.03,stc_pay,settled,2026-06-01 20:48:01
PAY-20260601-0004720,TRP-20260601-0004720,20.72,cash,settled,2026-06-01 17:52:29
PAY-20260601-0004721,TRP-20260601-0004721,10.00,credit_card,settled,2026-06-01 13:57:41
PAY-20260601-0004722,TRP-20260601-0004722,70.75,mada,settled,2026-06-01 02:52:55
PAY-20260601-0004723,TRP-20260601-0004723,33.60,mada,settled,2026-06-01 12:37:26
PAY-20260601-0004725,TRP-20260601-0004725,27.78,stc_pay,pending,2026-06-01 03:25:32
PAY-20260601-0004726,TRP-20260601-0004726,12.32,wallet,settled,2026-06-01 16:40:42
PAY-20260601-0004727,TRP-20260601-0004727,38.88,wallet,settled,2026-06-02 05:16:49
PAY-20260601-0004728,TRP-20260601-0004728,77.72,stc_pay,settled,2026-06-01 18:58:50
PAY-20260601-0004729,TRP-20260601-0004729,36.72,mada,settled,2026-06-01 06:41:58
PAY-20260601-0004730,TRP-20260601-0004730,12.00,mada,settled,2026-06-01 09:18:20
PAY-20260601-0004731,TRP-20260601-0004731,21.49,wallet,settled,2026-06-02 15:15:49
PAY-20260601-0004732,TRP-20260601-0004732,13.89,credit_card,settled,2026-06-02 14:04:09
PAY-20260601-0004733,TRP-20260601-0004733,39.47,mada,settled,2026-06-01 16:09:04
PAY-20260601-0004734,TRP-20260601-0004734,43.84,cash,settled,2026-06-01 17:43:31
PAY-20260601-0004735,TRP-20260601-0004735,36.09,mada,settled,2026-06-02 05:39:32
PAY-20260601-0004736,TRP-20260601-0004736,15.14,credit_card,settled,2026-06-01 18:11:09
PAY-20260601-0004737,TRP-20260601-0004737,17.34,mada,settled,2026-06-01 12:40:20
PAY-20260601-0004738,TRP-20260601-0004738,27.41,mada,settled,2026-06-01 16:43:21
PAY-20260601-0004739,TRP-20260601-0004739,13.48,credit_card,settled,2026-06-01 10:14:05
PAY-20260601-0004740,TRP-20260601-0004740,12.00,apple_pay,settled,2026-06-01 13:49:59
PAY-20260601-0004741,TRP-20260601-0004741,96.63,mada,settled,2026-06-01 15:58:26
PAY-20260601-0004742,TRP-20260601-0004742,90.52,mada,settled,2026-06-01 05:45:19
PAY-20260601-0004743,TRP-20260601-0004743,20.90,mada,settled,2026-06-02 02:42:59
PAY-20260601-0004744,TRP-20260601-0004744,16.55,apple_pay,settled,2026-06-01 17:33:37
PAY-20260601-0004745,TRP-20260601-0004745,12.00,credit_card,settled,2026-06-01 11:01:44
PAY-20260601-0004746,TRP-20260601-0004746,21.68,cash,settled,2026-06-01 17:44:56
PAY-20260601-0004747,TRP-20260601-0004747,21.77,cash,settled,2026-06-01 15:26:18
PAY-20260601-0004748,TRP-20260601-0004748,12.50,wallet,settled,2026-06-01 09:28:29
PAY-20260601-0004749,TRP-20260601-0004749,57.67,cash,settled,2026-06-01 20:30:34
PAY-20260601-0004750,TRP-20260601-0004750,71.98,mada,settled,2026-06-01 23:34:10
PAY-20260601-0004751,TRP-20260601-0004751,59.13,mada,settled,2026-06-01 17:17:53
PAY-20260601-0004752,TRP-20260601-0004752,34.09,apple_pay,settled,2026-06-01 20:07:53
PAY-20260601-0004753,TRP-20260601-0004753,38.08,mada,settled,2026-06-01 15:07:43
PAY-20260601-0004754,TRP-20260601-0004754,12.11,mada,settled,2026-06-01 16:20:06
PAY-20260601-0004755,TRP-20260601-0004755,78.24,mada,settled,2026-06-02 04:44:42
PAY-20260601-0004756,TRP-20260601-0004756,31.85,mada,pending,2026-06-02 03:04:46
PAY-20260601-0004757,TRP-20260601-0004757,88.01,mada,settled,2026-06-01 13:42:27
PAY-20260601-0004758,TRP-20260601-0004758,13.21,mada,settled,2026-06-01 06:23:50
PAY-20260601-0004759,TRP-20260601-0004759,27.10,mada,settled,2026-06-01 13:11:00
PAY-20260601-0004760,TRP-20260601-0004760,113.83,credit_card,settled,2026-06-01 19:10:09
PAY-20260601-0004761,TRP-20260601-0004761,59.65,cash,settled,2026-06-01 04:48:05
PAY-20260601-0004762,TRP-20260601-0004762,19.63,cash,settled,2026-06-01 11:00:46
PAY-20260601-0004763,TRP-20260601-0004763,47.83,mada,settled,2026-06-02 16:50:40
PAY-20260601-0004764,TRP-20260601-0004764,51.05,cash,settled,2026-06-01 05:19:18
PAY-20260601-0004765,TRP-20260601-0004765,19.97,mada,settled,2026-06-02 16:15:14
PAY-20260601-0004766,TRP-20260601-0004766,10.00,apple_pay,settled,2026-06-01 05:30:03
PAY-20260601-0004767,TRP-20260601-0004767,31.32,credit_card,settled,2026-06-01 20:37:42
PAY-20260601-0004768,TRP-20260601-0004768,17.71,stc_pay,settled,2026-06-01 20:34:15
PAY-20260601-0004769,TRP-20260601-0004769,19.72,stc_pay,settled,2026-06-01 12:09:54
PAY-20260601-0004770,TRP-20260601-0004770,32.64,stc_pay,settled,2026-06-01 15:50:06
PAY-20260601-0004771,TRP-20260601-0004771,23.51,apple_pay,settled,2026-06-02 12:01:05
PAY-20260601-0004772,TRP-20260601-0004772,83.14,mada,settled,2026-06-02 00:26:01
PAY-20260601-0004773,TRP-20260601-0004773,58.06,credit_card,settled,2026-06-01 14:08:06
PAY-20260601-0004774,TRP-20260601-0004774,10.00,cash,settled,2026-06-01 04:20:43
PAY-20260601-0004775,TRP-20260601-0004775,17.19,apple_pay,settled,2026-06-01 12:46:15
PAY-20260601-0004776,TRP-20260601-0004776,18.71,cash,settled,2026-06-01 12:00:16
PAY-20260601-0004777,TRP-20260601-0004777,16.65,cash,settled,2026-05-31 23:52:24
PAY-20260601-0004778,TRP-20260601-0004778,27.80,credit_card,settled,2026-06-02 04:12:42
PAY-20260601-0004779,TRP-20260601-0004779,34.40,cash,settled,2026-06-01 08:49:39
PAY-20260601-0004780,TRP-20260601-0004780,30.81,mada,settled,2026-06-01 05:03:44
PAY-20260601-0004781,TRP-20260601-0004781,63.65,stc_pay,settled,2026-06-01 17:51:13
PAY-20260601-0004783,TRP-20260601-0004783,31.27,mada,settled,2026-06-01 11:58:15
PAY-20260601-0004784,TRP-20260601-0004784,112.09,mada,settled,2026-06-01 18:50:36
PAY-20260601-0004785,TRP-20260601-0004785,44.58,cash,settled,2026-06-01 17:08:40
PAY-20260601-0004786,TRP-20260601-0004786,19.76,mada,settled,2026-06-01 06:01:44
PAY-20260601-0004787,TRP-20260601-0004787,20.65,stc_pay,settled,2026-06-02 09:23:12
PAY-20260601-0004788,TRP-20260601-0004788,148.10,mada,settled,2026-06-01 15:49:42
PAY-20260601-0004789,TRP-20260601-0004789,25.34,cash,settled,2026-06-01 19:34:56
PAY-20260601-0004790,TRP-20260601-0004790,12.00,apple_pay,settled,2026-06-01 08:31:40
PAY-20260601-0004791,TRP-20260601-0004791,27.14,mada,settled,2026-06-01 05:53:10
PAY-20260601-0004792,TRP-20260601-0004792,20.87,credit_card,pending,2026-06-01 12:47:01
PAY-20260601-0004793,TRP-20260601-0004793,61.52,mada,settled,2026-06-01 17:37:38
PAY-20260601-0004794,TRP-20260601-0004794,79.64,mada,settled,2026-06-01 17:59:51
PAY-20260601-0004795,TRP-20260601-0004795,28.17,apple_pay,settled,2026-06-01 14:34:37
PAY-20260601-0004796,TRP-20260601-0004796,45.84,cash,settled,2026-06-01 18:27:49
PAY-20260601-0004797,TRP-20260601-0004797,74.69,cash,settled,2026-06-01 11:49:49
PAY-20260601-0004798,TRP-20260601-0004798,25.10,credit_card,settled,2026-06-02 02:41:23
PAY-20260601-0004799,TRP-20260601-0004799,20.93,apple_pay,settled,2026-06-01 09:39:52
PAY-20260601-0004800,TRP-20260601-0004800,23.53,credit_card,settled,2026-06-01 07:32:21
PAY-20260601-0004802,TRP-20260601-0004802,15.50,cash,settled,2026-06-01 13:47:41
PAY-20260601-0004803,TRP-20260601-0004803,61.73,apple_pay,settled,2026-06-01 21:18:25
PAY-20260601-0004804,TRP-20260601-0004804,24.52,apple_pay,settled,2026-06-01 17:24:14
PAY-20260601-0004805,TRP-20260601-0004805,47.51,credit_card,settled,2026-06-01 07:50:25
PAY-20260601-0004806,TRP-20260601-0004806,48.84,stc_pay,settled,2026-06-01 10:23:44
PAY-20260601-0004807,TRP-20260601-0004807,35.41,wallet,settled,2026-06-01 05:00:07
PAY-20260601-0004808,TRP-20260601-0004808,12.58,mada,settled,2026-06-01 18:11:46
PAY-20260601-0004809,TRP-20260601-0004809,36.41,mada,settled,2026-06-01 21:55:55
PAY-20260601-0004810,TRP-20260601-0004810,13.11,cash,settled,2026-06-01 08:09:56
PAY-20260601-0004811,TRP-20260601-0004811,179.37,cash,settled,2026-06-01 08:10:00
PAY-20260601-0004812,TRP-20260601-0004812,12.98,cash,settled,2026-06-01 06:58:09
PAY-20260601-0004813,TRP-20260601-0004813,17.32,mada,settled,2026-06-01 15:03:04
PAY-20260601-0004814,TRP-20260601-0004814,38.24,mada,failed,2026-06-01 10:50:47
PAY-20260601-0004815,TRP-20260601-0004815,56.67,credit_card,settled,2026-06-02 09:46:36
PAY-20260601-0004816,TRP-20260601-0004816,23.94,wallet,settled,2026-06-02 07:49:25
PAY-20260601-0004817,TRP-20260601-0004817,60.19,mada,settled,2026-06-01 07:40:19
PAY-20260601-0004818,TRP-20260601-0004818,198.36,stc_pay,settled,2026-06-01 18:48:43
PAY-20260601-0004819,TRP-20260601-0004819,45.60,credit_card,settled,2026-06-02 03:50:05
PAY-20260601-0004820,TRP-20260601-0004820,27.49,apple_pay,settled,2026-06-01 05:44:37
PAY-20260601-0004822,TRP-20260601-0004822,35.47,mada,settled,2026-06-02 14:55:47
PAY-20260601-0004823,TRP-20260601-0004823,49.17,mada,settled,2026-06-01 09:09:04
PAY-20260601-0004824,TRP-20260601-0004824,10.00,apple_pay,settled,2026-06-01 07:43:18
PAY-20260601-0004825,TRP-20260601-0004825,60.01,wallet,settled,2026-06-01 14:45:51
PAY-20260601-0004826,TRP-20260601-0004826,19.18,stc_pay,settled,2026-06-01 19:50:26
PAY-20260601-0004827,TRP-20260601-0004827,55.52,mada,settled,2026-06-01 11:01:06
PAY-20260601-0004828,TRP-20260601-0004828,14.02,mada,settled,2026-06-02 08:13:15
PAY-20260601-0004829,TRP-20260601-0004829,54.58,credit_card,settled,2026-06-01 16:59:09
PAY-20260601-0004830,TRP-20260601-0004830,31.92,cash,settled,2026-06-01 05:25:41
PAY-20260601-0004831,TRP-20260601-0004831,68.19,credit_card,settled,2026-06-01 04:57:54
PAY-20260601-0004833,TRP-20260601-0004833,47.76,apple_pay,settled,2026-06-01 06:48:32
PAY-20260601-0004834,TRP-20260601-0004834,17.95,stc_pay,settled,2026-06-01 05:55:42
PAY-20260601-0004835,TRP-20260601-0004835,32.51,credit_card,settled,2026-06-02 13:04:32
PAY-20260601-0004836,TRP-20260601-0004836,31.95,wallet,settled,2026-06-01 20:50:11
PAY-20260601-0004837,TRP-20260601-0004837,25.96,mada,settled,2026-06-01 20:10:16
PAY-20260601-0004838,TRP-20260601-0004838,27.87,credit_card,settled,2026-05-31 23:03:22
PAY-20260601-0004839,TRP-20260601-0004839,41.46,credit_card,settled,2026-06-01 05:52:58
PAY-20260601-0004840,TRP-20260601-0004840,24.50,apple_pay,settled,2026-06-02 04:32:30
PAY-20260601-0004841,TRP-20260601-0004841,13.97,apple_pay,settled,2026-06-01 09:52:04
PAY-20260601-0004842,TRP-20260601-0004842,14.86,cash,settled,2026-06-01 05:16:52
PAY-20260601-0004843,TRP-20260601-0004843,18.95,mada,settled,2026-06-01 11:06:42
PAY-20260601-0004845,TRP-20260601-0004845,29.09,stc_pay,settled,2026-06-01 17:23:58
PAY-20260601-0004847,TRP-20260601-0004847,42.26,credit_card,settled,2026-06-01 05:46:37
PAY-20260601-0004848,TRP-20260601-0004848,19.49,cash,settled,2026-06-01 16:45:01
PAY-20260601-0004849,TRP-20260601-0004849,50.29,stc_pay,settled,2026-06-01 19:55:02
PAY-20260601-0004850,TRP-20260601-0004850,24.46,mada,settled,2026-06-01 17:59:54
PAY-20260601-0004851,TRP-20260601-0004851,34.57,apple_pay,settled,2026-06-01 00:08:47
PAY-20260601-0004853,TRP-20260601-0004853,111.08,apple_pay,refunded,2026-06-01 14:28:29
PAY-20260601-0004854,TRP-20260601-0004854,25.14,mada,settled,2026-06-01 17:41:39
PAY-20260601-0004855,TRP-20260601-0004855,18.81,cash,settled,2026-06-01 15:24:59
PAY-20260601-0004856,TRP-20260601-0004856,10.00,cash,settled,2026-06-01 16:35:05
PAY-20260601-0004857,TRP-20260601-0004857,17.81,apple_pay,settled,2026-06-01 21:25:24
PAY-20260601-0004858,TRP-20260601-0004858,30.99,stc_pay,settled,2026-06-01 14:09:33
PAY-20260601-0004859,TRP-20260601-0004859,27.37,mada,settled,2026-06-01 11:47:38
PAY-20260601-0004860,TRP-20260601-0004860,10.00,credit_card,settled,2026-06-01 15:34:12
PAY-20260601-0004861,TRP-20260601-0004861,102.78,mada,settled,2026-06-01 08:06:08
PAY-20260601-0004862,TRP-20260601-0004862,12.87,mada,settled,2026-06-01 16:08:24
PAY-20260601-0004863,TRP-20260601-0004863,23.84,mada,settled,2026-06-01 10:30:13
PAY-20260601-0004864,TRP-20260601-0004864,13.89,mada,settled,2026-05-31 22:24:11
PAY-20260601-0004865,TRP-20260601-0004865,20.33,credit_card,settled,2026-06-01 17:58:42
PAY-20260601-0004866,TRP-20260601-0004866,20.80,credit_card,settled,2026-06-01 03:07:32
PAY-20260601-0004867,TRP-20260601-0004867,18.20,mada,settled,2026-06-02 15:45:47
PAY-20260601-0004868,TRP-20260601-0004868,13.53,mada,settled,2026-06-01 13:32:03
PAY-20260601-0004869,TRP-20260601-0004869,28.05,mada,refunded,2026-06-01 17:33:23
PAY-20260601-0004870,TRP-20260601-0004870,160.91,stc_pay,settled,2026-06-01 20:19:58
PAY-20260601-0004871,TRP-20260601-0004871,15.45,credit_card,settled,2026-06-01 05:22:08
PAY-20260601-0004872,TRP-20260601-0004872,13.16,mada,settled,2026-06-01 16:10:34
PAY-20260601-0004873,TRP-20260601-0004873,52.49,mada,settled,2026-06-02 11:08:19
PAY-20260601-0004874,TRP-20260601-0004874,68.40,cash,settled,2026-06-01 11:20:12
PAY-20260601-0004875,TRP-20260601-0004875,52.43,mada,settled,2026-06-01 12:03:55
PAY-20260601-0004876,TRP-20260601-0004876,61.48,apple_pay,settled,2026-06-02 08:32:41
PAY-20260601-0004877,TRP-20260601-0004877,25.40,cash,settled,2026-06-01 13:23:52
PAY-20260601-0004878,TRP-20260601-0004878,139.03,apple_pay,settled,2026-06-01 18:44:57
PAY-20260601-0004879,TRP-20260601-0004879,66.79,mada,settled,2026-06-01 17:44:45
PAY-20260601-0004880,TRP-20260601-0004880,14.79,credit_card,settled,2026-06-01 10:07:15
PAY-20260601-0004882,TRP-20260601-0004882,63.52,stc_pay,settled,2026-06-01 21:13:01
PAY-20260601-0004884,TRP-20260601-0004884,145.19,mada,settled,2026-06-01 17:13:07
PAY-20260601-0004885,TRP-20260601-0004885,55.13,apple_pay,settled,2026-06-01 11:51:00
PAY-20260601-0004886,TRP-20260601-0004886,32.33,wallet,settled,2026-06-01 09:09:00
PAY-20260601-0004887,TRP-20260601-0004887,15.05,mada,settled,2026-06-01 22:36:20
PAY-20260601-0004888,TRP-20260601-0004888,8.00,cash,settled,2026-06-01 12:55:43
PAY-20260601-0004889,TRP-20260601-0004889,69.21,cash,settled,2026-06-01 17:56:45
PAY-20260601-0004890,TRP-20260601-0004890,72.23,stc_pay,settled,2026-06-01 15:28:46
PAY-20260601-0004891,TRP-20260601-0004891,12.00,mada,settled,2026-06-01 16:45:36
PAY-20260601-0004893,TRP-20260601-0004893,83.83,stc_pay,settled,2026-06-02 12:24:54
PAY-20260601-0004894,TRP-20260601-0004894,65.15,credit_card,settled,2026-06-01 23:54:25
PAY-20260601-0004895,TRP-20260601-0004895,31.64,mada,settled,2026-06-01 06:49:04
PAY-20260601-0004896,TRP-20260601-0004896,26.39,apple_pay,settled,2026-06-01 17:53:58
PAY-20260601-0004897,TRP-20260601-0004897,17.43,mada,settled,2026-06-01 16:30:02
PAY-20260601-0004898,TRP-20260601-0004898,34.23,stc_pay,settled,2026-06-01 07:13:31
PAY-20260601-0004899,TRP-20260601-0004899,21.44,mada,settled,2026-06-01 18:01:49
PAY-20260601-0004900,TRP-20260601-0004900,44.35,mada,settled,2026-06-02 07:03:01
PAY-20260601-0004901,TRP-20260601-0004901,58.58,credit_card,settled,2026-06-01 07:35:35
PAY-20260601-0004902,TRP-20260601-0004902,17.53,cash,settled,2026-06-01 18:23:18
PAY-20260601-0004903,TRP-20260601-0004903,10.00,cash,settled,2026-06-01 08:53:38
PAY-20260601-0004904,TRP-20260601-0004904,54.39,apple_pay,settled,2026-06-01 08:01:31
PAY-20260601-0004905,TRP-20260601-0004905,29.75,mada,settled,2026-06-01 18:58:29
PAY-20260601-0004906,TRP-20260601-0004906,16.64,wallet,settled,2026-06-02 09:55:28
PAY-20260601-0004907,TRP-20260601-0004907,25.00,mada,settled,2026-06-01 21:48:31
PAY-20260601-0004908,TRP-20260601-0004908,38.07,mada,settled,2026-06-02 08:36:23
PAY-20260601-0004909,TRP-20260601-0004909,14.87,mada,settled,2026-06-01 18:40:28
PAY-20260601-0004910,TRP-20260601-0004910,43.43,credit_card,settled,2026-06-01 16:28:08
PAY-20260601-0004911,TRP-20260601-0004911,38.05,credit_card,settled,2026-06-01 15:04:47
PAY-20260601-0004912,TRP-20260601-0004912,11.22,credit_card,settled,2026-06-01 08:11:33
PAY-20260601-0004913,TRP-20260601-0004913,17.87,mada,settled,2026-06-02 08:45:27
PAY-20260601-0004914,TRP-20260601-0004914,22.81,cash,settled,2026-06-01 15:38:26
PAY-20260601-0004915,TRP-20260601-0004915,6.00,apple_pay,settled,2026-06-02 04:27:33
PAY-20260601-0004916,TRP-20260601-0004916,56.21,mada,settled,2026-06-01 17:10:14
PAY-20260601-0004917,TRP-20260601-0004917,22.06,mada,pending,2026-06-01 12:29:10
PAY-20260601-0004918,TRP-20260601-0004918,10.00,cash,settled,2026-06-01 13:04:45
PAY-20260601-0004919,TRP-20260601-0004919,12.76,mada,settled,2026-06-02 03:41:41
PAY-20260601-0004920,TRP-20260601-0004920,12.00,mada,settled,2026-06-01 14:40:15
PAY-20260601-0004921,TRP-20260601-0004921,26.32,mada,settled,2026-06-01 17:31:25
PAY-20260601-0004922,TRP-20260601-0004922,32.60,credit_card,settled,2026-06-01 23:11:41
PAY-20260601-0004923,TRP-20260601-0004923,29.49,mada,settled,2026-06-01 10:35:05
PAY-20260601-0004924,TRP-20260601-0004924,24.23,stc_pay,settled,2026-06-01 10:58:58
PAY-20260601-0004925,TRP-20260601-0004925,38.21,mada,settled,2026-06-01 19:22:21
PAY-20260601-0004926,TRP-20260601-0004926,57.91,wallet,settled,2026-06-01 21:46:40
PAY-20260601-0004927,TRP-20260601-0004927,22.05,stc_pay,settled,2026-06-01 08:41:01
PAY-20260601-0004928,TRP-20260601-0004928,23.03,mada,settled,2026-06-01 03:54:37
PAY-20260601-0004929,TRP-20260601-0004929,15.34,mada,settled,2026-06-01 17:56:17
PAY-20260601-0004930,TRP-20260601-0004930,11.00,stc_pay,settled,2026-06-01 02:27:36
PAY-20260601-0004931,TRP-20260601-0004931,12.00,credit_card,settled,2026-06-01 20:22:18
PAY-20260601-0004932,TRP-20260601-0004932,24.03,credit_card,settled,2026-06-01 13:54:29
PAY-20260601-0004933,TRP-20260601-0004933,30.69,stc_pay,settled,2026-06-01 18:34:39
PAY-20260601-0004934,TRP-20260601-0004934,126.93,stc_pay,settled,2026-06-01 22:57:52
PAY-20260601-0004935,TRP-20260601-0004935,30.36,mada,settled,2026-06-01 14:33:34
PAY-20260601-0004936,TRP-20260601-0004936,13.38,credit_card,settled,2026-06-01 13:24:46
PAY-20260601-0004937,TRP-20260601-0004937,44.61,credit_card,refunded,2026-06-01 12:59:00
PAY-20260601-0004938,TRP-20260601-0004938,6.00,mada,settled,2026-06-01 17:57:00
PAY-20260601-0004939,TRP-20260601-0004939,14.36,stc_pay,settled,2026-06-01 17:57:09
PAY-20260601-0004940,TRP-20260601-0004940,50.80,apple_pay,settled,2026-06-01 23:42:15
PAY-20260601-0004941,TRP-20260601-0004941,33.21,mada,settled,2026-06-01 18:33:08
PAY-20260601-0004942,TRP-20260601-0004942,11.75,mada,settled,2026-06-01 07:02:25
PAY-20260601-0004943,TRP-20260601-0004943,33.83,credit_card,failed,2026-06-01 18:36:17
PAY-20260601-0004944,TRP-20260601-0004944,52.49,mada,settled,2026-06-02 06:27:50
PAY-20260601-0004945,TRP-20260601-0004945,61.85,mada,settled,2026-06-01 15:37:41
PAY-20260601-0004946,TRP-20260601-0004946,25.79,mada,settled,2026-05-31 21:59:35
PAY-20260601-0004947,TRP-20260601-0004947,26.03,mada,settled,2026-06-01 06:53:25
PAY-20260601-0004948,TRP-20260601-0004948,16.38,apple_pay,settled,2026-06-01 15:58:47
PAY-20260601-0004949,TRP-20260601-0004949,23.33,apple_pay,settled,2026-06-01 09:45:06
PAY-20260601-0004950,TRP-20260601-0004950,19.17,mada,settled,2026-06-01 06:08:42
PAY-20260601-0004951,TRP-20260601-0004951,39.15,credit_card,settled,2026-06-01 04:31:20
PAY-20260601-0004952,TRP-20260601-0004952,18.73,stc_pay,settled,2026-06-01 09:39:36
PAY-20260601-0004953,TRP-20260601-0004953,21.48,mada,settled,2026-06-01 10:08:58
PAY-20260601-0004954,TRP-20260601-0004954,87.51,credit_card,settled,2026-06-01 09:28:58
PAY-20260601-0004955,TRP-20260601-0004955,33.79,mada,settled,2026-06-01 05:51:12
PAY-20260601-0004956,TRP-20260601-0004956,20.62,stc_pay,settled,2026-06-01 22:52:35
PAY-20260601-0004957,TRP-20260601-0004957,21.13,stc_pay,settled,2026-06-02 00:20:02
PAY-20260601-0004958,TRP-20260601-0004958,18.92,credit_card,settled,2026-06-01 14:54:20
PAY-20260601-0004959,TRP-20260601-0004959,31.84,mada,settled,2026-06-01 08:13:21
PAY-20260601-0004960,TRP-20260601-0004960,46.61,mada,settled,2026-06-01 14:22:57
PAY-20260601-0004961,TRP-20260601-0004961,20.51,credit_card,settled,2026-06-01 11:36:43
PAY-20260601-0004962,TRP-20260601-0004962,26.87,mada,settled,2026-06-01 13:17:31
PAY-20260601-0004963,TRP-20260601-0004963,42.34,credit_card,settled,2026-06-02 09:31:45
PAY-20260601-0004964,TRP-20260601-0004964,12.66,credit_card,settled,2026-06-01 21:55:04
PAY-20260601-0004965,TRP-20260601-0004965,47.08,mada,settled,2026-06-02 04:06:34
PAY-20260601-0004966,TRP-20260601-0004966,12.88,cash,settled,2026-06-01 12:15:09
PAY-20260601-0004967,TRP-20260601-0004967,16.21,mada,settled,2026-06-01 14:48:34
PAY-20260601-0004968,TRP-20260601-0004968,17.90,apple_pay,settled,2026-06-02 05:04:06
PAY-20260601-0004969,TRP-20260601-0004969,14.28,credit_card,settled,2026-06-01 12:25:57
PAY-20260601-0004970,TRP-20260601-0004970,21.98,credit_card,settled,2026-06-01 16:58:11
PAY-20260601-0004971,TRP-20260601-0004971,12.47,cash,settled,2026-06-01 16:43:57
PAY-20260601-0004972,TRP-20260601-0004972,20.09,credit_card,settled,2026-06-01 21:15:05
PAY-20260601-0004973,TRP-20260601-0004973,53.07,wallet,settled,2026-06-01 10:55:36
PAY-20260601-0004974,TRP-20260601-0004974,70.50,mada,settled,2026-06-01 19:12:59
PAY-20260601-0004975,TRP-20260601-0004975,11.18,apple_pay,settled,2026-06-01 09:20:16
PAY-20260601-0004976,TRP-20260601-0004976,14.03,mada,settled,2026-06-01 14:12:30
PAY-20260601-0004977,TRP-20260601-0004977,167.09,apple_pay,settled,2026-06-01 16:46:16
PAY-20260601-0004978,TRP-20260601-0004978,12.63,stc_pay,settled,2026-06-01 23:43:17
PAY-20260601-0004979,TRP-20260601-0004979,21.58,credit_card,settled,2026-06-02 11:44:53
PAY-20260601-0004980,TRP-20260601-0004980,93.84,cash,settled,2026-06-01 17:34:28
PAY-20260601-0004982,TRP-20260601-0004982,40.85,mada,settled,2026-06-01 20:27:00
PAY-20260601-0004983,TRP-20260601-0004983,16.38,stc_pay,failed,2026-06-01 06:58:38
PAY-20260601-0004984,TRP-20260601-0004984,63.39,cash,settled,2026-06-01 14:50:01
PAY-20260601-0004985,TRP-20260601-0004985,27.40,apple_pay,settled,2026-06-01 10:22:09
PAY-20260601-0004986,TRP-20260601-0004986,14.31,cash,settled,2026-06-01 15:07:09
PAY-20260601-0004987,TRP-20260601-0004987,25.16,apple_pay,settled,2026-06-02 01:17:12
PAY-20260601-0004988,TRP-20260601-0004988,12.62,stc_pay,settled,2026-06-02 08:38:02
PAY-20260601-0004989,TRP-20260601-0004989,12.00,credit_card,settled,2026-06-01 03:42:14
PAY-20260601-0004990,TRP-20260601-0004990,42.51,mada,settled,2026-06-01 23:38:27
PAY-20260601-0004991,TRP-20260601-0004991,34.20,stc_pay,settled,2026-06-01 21:24:40
PAY-20260601-0004992,TRP-20260601-0004992,19.16,mada,pending,2026-06-01 20:06:02
PAY-20260601-0004993,TRP-20260601-0004993,17.24,stc_pay,settled,2026-06-01 18:22:53
PAY-20260601-0004994,TRP-20260601-0004994,27.64,stc_pay,settled,2026-06-01 23:17:52
PAY-20260601-0004995,TRP-20260601-0004995,106.97,cash,settled,2026-06-01 19:08:16
PAY-20260601-0004996,TRP-20260601-0004996,56.36,stc_pay,settled,2026-06-01 06:11:17
PAY-20260601-0004997,TRP-20260601-0004997,41.57,mada,settled,2026-06-02 03:28:24
PAY-20260601-0004998,TRP-20260601-0004998,10.00,mada,settled,2026-06-01 08:40:22
PAY-20260601-0004999,TRP-20260601-0004999,20.68,credit_card,settled,2026-06-01 15:51:26
PAY-20260601-0005000,TRP-20260601-0005000,21.70,apple_pay,settled,2026-06-01 19:30:54
PAY-20260601-0005001,TRP-20260601-0005001,17.29,apple_pay,settled,2026-06-01 12:08:34
PAY-20260601-0005002,TRP-20260601-0005002,13.49,stc_pay,settled,2026-06-01 16:50:12
PAY-20260601-0005003,TRP-20260601-0005003,60.26,stc_pay,settled,2026-06-01 03:24:09
PAY-20260601-0005004,TRP-20260601-0005004,13.84,mada,settled,2026-06-01 10:00:18
PAY-20260601-0005005,TRP-20260601-0005005,16.91,mada,settled,2026-06-01 18:30:56
PAY-20260601-0005006,TRP-20260601-0005006,45.52,mada,settled,2026-06-01 17:34:19
PAY-20260601-0005007,TRP-20260601-0005007,17.27,stc_pay,settled,2026-06-01 05:58:44
PAY-20260601-0005008,TRP-20260601-0005008,32.99,cash,settled,2026-06-01 11:27:24
PAY-20260601-0005009,TRP-20260601-0005009,31.17,cash,settled,2026-06-01 07:20:13
PAY-20260601-0005010,TRP-20260601-0005010,18.39,apple_pay,settled,2026-06-01 14:49:20
PAY-20260601-0005011,TRP-20260601-0005011,21.56,wallet,settled,2026-06-01 16:09:34
PAY-20260601-0005012,TRP-20260601-0005012,54.50,mada,settled,2026-06-01 08:47:21
PAY-20260601-0005013,TRP-20260601-0005013,12.07,stc_pay,settled,2026-06-01 17:50:15
PAY-20260601-0005014,TRP-20260601-0005014,17.19,mada,settled,2026-06-01 04:54:28
PAY-20260601-0005015,TRP-20260601-0005015,23.00,apple_pay,settled,2026-06-01 10:24:04
PAY-20260601-0005016,TRP-20260601-0005016,43.95,mada,settled,2026-06-01 13:54:04
PAY-20260601-0005017,TRP-20260601-0005017,13.43,mada,settled,2026-06-01 23:53:59
PAY-20260601-0005018,TRP-20260601-0005018,28.93,mada,refunded,2026-06-01 18:06:23
PAY-20260601-0005019,TRP-20260601-0005019,10.00,mada,settled,2026-06-01 20:41:25
PAY-20260601-0005020,TRP-20260601-0005020,29.93,mada,settled,2026-06-01 17:23:58
PAY-20260601-0005021,TRP-20260601-0005021,21.06,apple_pay,settled,2026-06-01 19:17:45
PAY-20260601-0005022,TRP-20260601-0005022,12.57,credit_card,settled,2026-06-01 10:05:17
PAY-20260601-0005023,TRP-20260601-0005023,38.01,credit_card,settled,2026-06-01 21:06:58
PAY-20260601-0005024,TRP-20260601-0005024,19.21,mada,settled,2026-06-01 18:09:44
PAY-20260601-0005025,TRP-20260601-0005025,61.07,cash,settled,2026-06-01 15:11:58
PAY-20260601-0005026,TRP-20260601-0005026,21.06,cash,settled,2026-06-01 15:52:06
PAY-20260601-0005027,TRP-20260601-0005027,14.10,mada,settled,2026-06-02 18:41:09
PAY-20260601-0005028,TRP-20260601-0005028,60.22,wallet,settled,2026-06-01 19:47:35
PAY-20260601-0005030,TRP-20260601-0005030,14.57,stc_pay,settled,2026-06-01 16:56:05
PAY-20260601-0005031,TRP-20260601-0005031,20.76,stc_pay,settled,2026-06-02 04:51:40
PAY-20260601-0005032,TRP-20260601-0005032,19.17,apple_pay,settled,2026-05-31 23:48:17
PAY-20260601-0005033,TRP-20260601-0005033,22.44,credit_card,settled,2026-06-01 13:09:56
PAY-20260601-0005035,TRP-20260601-0005035,15.83,apple_pay,settled,2026-06-01 19:35:13
PAY-20260601-0005036,TRP-20260601-0005036,27.99,credit_card,pending,2026-06-01 15:49:26
PAY-20260601-0005038,TRP-20260601-0005038,20.01,apple_pay,settled,2026-06-01 23:19:55
PAY-20260601-0005039,TRP-20260601-0005039,24.12,mada,settled,2026-06-01 15:05:59
PAY-20260601-0005040,TRP-20260601-0005040,28.83,mada,settled,2026-06-01 18:40:07
PAY-20260601-0005041,TRP-20260601-0005041,39.31,mada,settled,2026-06-01 10:47:57
PAY-20260601-0005042,TRP-20260601-0005042,24.63,mada,settled,2026-06-01 08:22:17
PAY-20260601-0005044,TRP-20260601-0005044,12.00,stc_pay,settled,2026-06-01 11:23:37
PAY-20260601-0005045,TRP-20260601-0005045,142.08,mada,settled,2026-06-01 08:00:54
PAY-20260601-0005047,TRP-20260601-0005047,50.06,mada,settled,2026-06-01 08:37:35
PAY-20260601-0005048,TRP-20260601-0005048,83.86,credit_card,settled,2026-06-01 20:04:21
PAY-20260601-0005049,TRP-20260601-0005049,30.51,mada,settled,2026-06-01 14:24:00
PAY-20260601-0005050,TRP-20260601-0005050,14.77,mada,settled,2026-06-01 15:41:41
PAY-20260601-0005051,TRP-20260601-0005051,21.06,apple_pay,settled,2026-06-01 07:15:12
PAY-20260601-0005052,TRP-20260601-0005052,19.81,stc_pay,settled,2026-06-01 08:33:36
PAY-20260601-0005053,TRP-20260601-0005053,83.88,mada,pending,2026-06-01 14:46:51
PAY-20260601-0005054,TRP-20260601-0005054,16.75,credit_card,settled,2026-06-01 17:51:14
PAY-20260601-0005055,TRP-20260601-0005055,36.82,mada,settled,2026-06-01 06:15:43
PAY-20260601-0005056,TRP-20260601-0005056,32.99,credit_card,settled,2026-06-01 14:19:44
PAY-20260601-0005057,TRP-20260601-0005057,72.65,cash,settled,2026-06-01 10:09:11
PAY-20260601-0005058,TRP-20260601-0005058,49.12,apple_pay,settled,2026-06-01 21:17:24
PAY-20260601-0005059,TRP-20260601-0005059,44.37,stc_pay,settled,2026-06-01 16:36:57
PAY-20260601-0005063,TRP-20260601-0005063,33.79,apple_pay,settled,2026-06-01 07:25:39
PAY-20260601-0005064,TRP-20260601-0005064,53.35,apple_pay,settled,2026-06-01 16:35:40
PAY-20260601-0005066,TRP-20260601-0005066,138.51,mada,settled,2026-06-01 13:33:17
PAY-20260601-0005067,TRP-20260601-0005067,20.01,stc_pay,settled,2026-06-01 14:17:37
PAY-20260601-0005068,TRP-20260601-0005068,23.24,mada,settled,2026-06-01 10:41:24
PAY-20260601-0005069,TRP-20260601-0005069,33.23,mada,settled,2026-06-01 15:40:54
PAY-20260601-0005070,TRP-20260601-0005070,52.79,mada,settled,2026-05-31 22:09:01
PAY-20260601-0005071,TRP-20260601-0005071,44.10,apple_pay,settled,2026-06-01 09:22:41
PAY-20260601-0005073,TRP-20260601-0005073,83.94,mada,pending,2026-06-01 15:04:51
PAY-20260601-0005075,TRP-20260601-0005075,27.26,apple_pay,settled,2026-06-01 18:16:45
PAY-20260601-0005076,TRP-20260601-0005076,77.56,stc_pay,settled,2026-06-01 05:54:12
PAY-20260601-0005077,TRP-20260601-0005077,21.21,credit_card,settled,2026-06-01 12:41:23
PAY-20260601-0005078,TRP-20260601-0005078,37.24,credit_card,settled,2026-06-01 19:10:59
PAY-20260601-0005079,TRP-20260601-0005079,107.25,cash,settled,2026-06-01 09:52:31
PAY-20260601-0005080,TRP-20260601-0005080,61.73,mada,settled,2026-06-01 12:39:37
PAY-20260601-0005081,TRP-20260601-0005081,39.67,mada,settled,2026-06-02 06:34:27
PAY-20260601-0005082,TRP-20260601-0005082,10.00,apple_pay,settled,2026-06-01 15:21:34
PAY-20260601-0005083,TRP-20260601-0005083,35.31,cash,settled,2026-06-01 17:21:17
PAY-20260601-0005084,TRP-20260601-0005084,49.10,mada,settled,2026-06-01 02:03:19
PAY-20260601-0005085,TRP-20260601-0005085,35.88,mada,settled,2026-06-01 17:42:50
PAY-20260601-0005086,TRP-20260601-0005086,111.74,mada,settled,2026-06-01 11:05:55
PAY-20260601-0005087,TRP-20260601-0005087,20.14,apple_pay,settled,2026-06-01 06:25:37
PAY-20260601-0005088,TRP-20260601-0005088,19.93,cash,settled,2026-06-01 01:11:11
PAY-20260601-0005089,TRP-20260601-0005089,42.05,apple_pay,settled,2026-06-01 16:23:03
PAY-20260601-0005090,TRP-20260601-0005090,16.09,apple_pay,settled,2026-06-01 16:32:24
PAY-20260601-0005092,TRP-20260601-0005092,46.10,cash,settled,2026-06-01 02:46:16
PAY-20260601-0005093,TRP-20260601-0005093,48.98,mada,settled,2026-06-02 01:30:24
PAY-20260601-0005094,TRP-20260601-0005094,148.45,cash,settled,2026-06-01 17:58:50
PAY-20260601-0005095,TRP-20260601-0005095,40.06,mada,settled,2026-06-02 00:10:15
PAY-20260601-0005096,TRP-20260601-0005096,184.99,mada,settled,2026-06-01 07:46:31
PAY-20260601-0005097,TRP-20260601-0005097,31.54,mada,settled,2026-06-01 18:44:01
PAY-20260601-0005098,TRP-20260601-0005098,70.54,mada,settled,2026-06-01 21:45:25
PAY-20260601-0005099,TRP-20260601-0005099,43.98,apple_pay,settled,2026-06-02 16:47:09
PAY-20260601-0005100,TRP-20260601-0005100,61.35,credit_card,settled,2026-06-01 17:14:52
PAY-20260601-0005101,TRP-20260601-0005101,56.01,mada,settled,2026-06-01 06:40:02
PAY-20260601-0005102,TRP-20260601-0005102,68.74,credit_card,settled,2026-06-01 09:17:10
PAY-20260601-0005103,TRP-20260601-0005103,44.91,credit_card,settled,2026-06-01 15:33:53
PAY-20260601-0005104,TRP-20260601-0005104,15.57,wallet,settled,2026-06-02 08:29:00
PAY-20260601-0005105,TRP-20260601-0005105,10.00,stc_pay,failed,2026-06-02 07:10:17
PAY-20260601-0005106,TRP-20260601-0005106,15.81,credit_card,settled,2026-06-01 13:11:16
PAY-20260601-0005107,TRP-20260601-0005107,69.04,cash,settled,2026-06-01 19:25:33
PAY-20260601-0005108,TRP-20260601-0005108,29.89,stc_pay,pending,2026-06-02 19:08:17
PAY-20260601-0005109,TRP-20260601-0005109,26.55,wallet,settled,2026-06-01 06:08:56
PAY-20260601-0005110,TRP-20260601-0005110,23.75,cash,settled,2026-06-01 05:15:48
PAY-20260601-0005111,TRP-20260601-0005111,32.09,wallet,settled,2026-06-01 22:02:06
PAY-20260601-0005112,TRP-20260601-0005112,120.92,credit_card,settled,2026-06-01 17:07:47
PAY-20260601-0005113,TRP-20260601-0005113,17.24,cash,settled,2026-06-01 18:43:22
PAY-20260601-0005114,TRP-20260601-0005114,13.66,apple_pay,settled,2026-06-01 09:51:55
PAY-20260601-0005115,TRP-20260601-0005115,18.30,credit_card,settled,2026-06-01 18:30:45
PAY-20260601-0005116,TRP-20260601-0005116,15.53,credit_card,settled,2026-06-01 12:53:22
PAY-20260601-0005117,TRP-20260601-0005117,55.30,cash,settled,2026-06-01 07:45:00
PAY-20260601-0005118,TRP-20260601-0005118,11.84,mada,settled,2026-06-01 19:34:08
PAY-20260601-0005119,TRP-20260601-0005119,18.20,mada,settled,2026-06-01 13:43:36
PAY-20260601-0005120,TRP-20260601-0005120,51.66,mada,settled,2026-06-01 10:28:55
PAY-20260601-0005121,TRP-20260601-0005121,49.22,credit_card,settled,2026-06-02 11:22:57
PAY-20260601-0005122,TRP-20260601-0005122,51.20,credit_card,settled,2026-06-01 19:20:37
PAY-20260601-0005123,TRP-20260601-0005123,13.65,cash,settled,2026-06-01 13:16:40
PAY-20260601-0005125,TRP-20260601-0005125,34.90,mada,settled,2026-06-01 19:24:55
PAY-20260601-0005126,TRP-20260601-0005126,149.95,cash,settled,2026-06-01 19:21:05
PAY-20260601-0005127,TRP-20260601-0005127,18.68,stc_pay,settled,2026-06-01 07:04:24
PAY-20260601-0005128,TRP-20260601-0005128,32.02,stc_pay,pending,2026-06-01 11:04:42
PAY-20260601-0005129,TRP-20260601-0005129,47.37,cash,settled,2026-06-01 07:54:00
PAY-20260601-0005130,TRP-20260601-0005130,45.38,apple_pay,settled,2026-06-02 02:40:00
PAY-20260601-0005131,TRP-20260601-0005131,11.00,credit_card,settled,2026-06-01 09:45:13
PAY-20260601-0005132,TRP-20260601-0005132,27.40,mada,settled,2026-06-01 10:06:51
PAY-20260601-0005133,TRP-20260601-0005133,19.17,apple_pay,settled,2026-06-01 08:27:15
PAY-20260601-0005134,TRP-20260601-0005134,23.58,mada,settled,2026-06-01 20:32:33
PAY-20260601-0005135,TRP-20260601-0005135,111.10,cash,settled,2026-06-01 10:13:34
PAY-20260601-0005136,TRP-20260601-0005136,26.72,credit_card,settled,2026-05-31 22:28:29
PAY-20260601-0005137,TRP-20260601-0005137,57.29,stc_pay,settled,2026-06-01 08:50:20
PAY-20260601-0005138,TRP-20260601-0005138,19.45,mada,settled,2026-06-01 04:14:49
PAY-20260601-0005139,TRP-20260601-0005139,73.74,stc_pay,settled,2026-06-01 11:28:12
PAY-20260601-0005140,TRP-20260601-0005140,13.25,apple_pay,settled,2026-06-01 03:12:09
PAY-20260601-0005141,TRP-20260601-0005141,8.00,apple_pay,settled,2026-06-02 13:35:41
PAY-20260601-0005142,TRP-20260601-0005142,13.96,mada,settled,2026-06-01 14:11:27
PAY-20260601-0005143,TRP-20260601-0005143,30.27,cash,settled,2026-06-01 13:44:58
PAY-20260601-0005144,TRP-20260601-0005144,16.55,mada,settled,2026-06-01 17:11:45
PAY-20260601-0005145,TRP-20260601-0005145,34.10,credit_card,settled,2026-06-01 19:34:48
PAY-20260601-0005146,TRP-20260601-0005146,14.27,apple_pay,settled,2026-06-01 11:40:35
PAY-20260601-0005147,TRP-20260601-0005147,10.00,mada,settled,2026-06-01 20:09:51
PAY-20260601-0005148,TRP-20260601-0005148,55.44,credit_card,settled,2026-06-01 07:00:48
PAY-20260601-0005149,TRP-20260601-0005149,208.48,mada,settled,2026-06-01 08:22:15
PAY-20260601-0005150,TRP-20260601-0005150,46.90,mada,settled,2026-06-01 15:21:16
PAY-20260601-0005151,TRP-20260601-0005151,8.00,cash,settled,2026-06-01 11:30:58
PAY-20260601-0005152,TRP-20260601-0005152,51.80,mada,settled,2026-06-01 17:52:58
PAY-20260601-0005153,TRP-20260601-0005153,12.76,apple_pay,settled,2026-06-01 22:00:24
PAY-20260601-0005154,TRP-20260601-0005154,30.22,credit_card,settled,2026-06-01 18:11:24
PAY-20260601-0005155,TRP-20260601-0005155,25.02,credit_card,settled,2026-06-01 09:54:17
PAY-20260601-0005156,TRP-20260601-0005156,20.47,apple_pay,settled,2026-06-01 15:08:48
PAY-20260601-0005157,TRP-20260601-0005157,12.43,stc_pay,settled,2026-06-02 09:54:21
PAY-20260601-0005158,TRP-20260601-0005158,33.72,cash,settled,2026-06-01 21:07:32
PAY-20260601-0005159,TRP-20260601-0005159,95.83,mada,settled,2026-06-01 17:39:16
PAY-20260601-0005160,TRP-20260601-0005160,44.46,mada,settled,2026-06-02 02:00:26
PAY-20260601-0005161,TRP-20260601-0005161,46.12,apple_pay,settled,2026-06-01 07:00:29
PAY-20260601-0005162,TRP-20260601-0005162,25.35,apple_pay,settled,2026-06-01 16:19:56
PAY-20260601-0005163,TRP-20260601-0005163,17.07,apple_pay,settled,2026-06-01 15:42:50
PAY-20260601-0005164,TRP-20260601-0005164,16.07,mada,settled,2026-06-01 09:59:09
PAY-20260601-0005165,TRP-20260601-0005165,16.25,mada,settled,2026-06-01 17:59:18
PAY-20260601-0005166,TRP-20260601-0005166,34.12,cash,settled,2026-06-01 09:53:06
PAY-20260601-0005167,TRP-20260601-0005167,28.04,credit_card,settled,2026-06-01 07:23:53
PAY-20260601-0005168,TRP-20260601-0005168,76.39,stc_pay,settled,2026-06-02 01:00:32
PAY-20260601-0005169,TRP-20260601-0005169,58.18,mada,settled,2026-06-02 19:50:30
PAY-20260601-0005170,TRP-20260601-0005170,47.23,mada,settled,2026-06-01 17:58:24
PAY-20260601-0005171,TRP-20260601-0005171,20.94,mada,settled,2026-05-31 21:55:11
PAY-20260601-0005172,TRP-20260601-0005172,26.02,mada,settled,2026-06-01 17:14:57
PAY-20260601-0005173,TRP-20260601-0005173,29.18,wallet,settled,2026-06-01 14:12:49
PAY-20260601-0005174,TRP-20260601-0005174,6.00,wallet,settled,2026-06-01 16:00:57
PAY-20260601-0005175,TRP-20260601-0005175,23.26,mada,settled,2026-06-01 06:50:54
PAY-20260601-0005176,TRP-20260601-0005176,18.01,mada,settled,2026-06-01 12:55:45
PAY-20260601-0005177,TRP-20260601-0005177,13.85,mada,settled,2026-06-01 18:30:58
PAY-20260601-0005178,TRP-20260601-0005178,21.86,mada,settled,2026-06-02 13:24:59
PAY-20260601-0005179,TRP-20260601-0005179,38.03,credit_card,settled,2026-06-02 14:05:00
PAY-20260601-0005180,TRP-20260601-0005180,79.82,credit_card,settled,2026-06-02 12:31:00
PAY-20260601-0005181,TRP-20260601-0005181,42.62,apple_pay,settled,2026-06-01 19:28:51
PAY-20260601-0005182,TRP-20260601-0005182,30.60,mada,settled,2026-06-02 08:42:28
PAY-20260601-0005183,TRP-20260601-0005183,78.72,stc_pay,settled,2026-06-01 19:18:42
PAY-20260601-0005184,TRP-20260601-0005184,15.83,credit_card,settled,2026-06-01 08:55:56
PAY-20260601-0005186,TRP-20260601-0005186,18.07,mada,pending,2026-06-01 10:04:57
PAY-20260601-0005187,TRP-20260601-0005187,22.45,mada,settled,2026-06-01 04:44:06
PAY-20260601-0005188,TRP-20260601-0005188,25.80,apple_pay,settled,2026-06-02 16:06:23
PAY-20260601-0005189,TRP-20260601-0005189,17.44,credit_card,settled,2026-06-01 23:22:16
PAY-20260601-0005190,TRP-20260601-0005190,12.00,apple_pay,settled,2026-06-02 10:13:14
PAY-20260601-0005191,TRP-20260601-0005191,13.25,wallet,settled,2026-06-02 15:24:20
PAY-20260601-0005192,TRP-20260601-0005192,14.00,cash,settled,2026-06-01 05:32:23
PAY-20260601-0005193,TRP-20260601-0005193,170.08,mada,settled,2026-06-01 17:13:35
PAY-20260601-0005194,TRP-20260601-0005194,64.04,cash,settled,2026-06-01 15:21:16
PAY-20260601-0005195,TRP-20260601-0005195,24.48,stc_pay,settled,2026-06-01 14:12:11
PAY-20260601-0005196,TRP-20260601-0005196,17.33,cash,settled,2026-06-01 10:05:32
PAY-20260601-0005197,TRP-20260601-0005197,43.94,mada,settled,2026-06-01 17:49:01
PAY-20260601-0005198,TRP-20260601-0005198,16.76,stc_pay,settled,2026-06-01 18:05:08
PAY-20260601-0005199,TRP-20260601-0005199,24.44,stc_pay,pending,2026-06-01 11:32:53
PAY-20260601-0005200,TRP-20260601-0005200,23.66,mada,settled,2026-06-01 15:29:41
PAY-20260601-0005201,TRP-20260601-0005201,45.35,credit_card,settled,2026-06-01 07:40:23
PAY-20260601-0005202,TRP-20260601-0005202,40.76,mada,settled,2026-06-01 15:21:08
PAY-20260601-0005203,TRP-20260601-0005203,51.81,credit_card,settled,2026-06-01 22:46:47
PAY-20260601-0005204,TRP-20260601-0005204,10.00,wallet,settled,2026-06-02 09:19:00
PAY-20260601-0005205,TRP-20260601-0005205,24.11,wallet,settled,2026-06-01 10:32:22
PAY-20260601-0005206,TRP-20260601-0005206,19.88,stc_pay,settled,2026-06-02 09:42:37
PAY-20260601-0005207,TRP-20260601-0005207,36.70,credit_card,settled,2026-06-01 08:12:56
PAY-20260601-0005208,TRP-20260601-0005208,45.23,wallet,settled,2026-06-02 01:08:13
PAY-20260601-0005209,TRP-20260601-0005209,78.42,mada,settled,2026-06-02 00:26:02
PAY-20260601-0005210,TRP-20260601-0005210,35.67,credit_card,settled,2026-06-01 20:17:59
PAY-20260601-0005211,TRP-20260601-0005211,53.31,mada,settled,2026-06-01 17:43:31
PAY-20260601-0005212,TRP-20260601-0005212,130.85,apple_pay,settled,2026-06-01 15:22:35
PAY-20260601-0005213,TRP-20260601-0005213,14.35,cash,settled,2026-06-01 05:17:29
PAY-20260601-0005214,TRP-20260601-0005214,34.79,cash,settled,2026-06-01 15:39:47
PAY-20260601-0005215,TRP-20260601-0005215,41.57,cash,settled,2026-06-01 17:39:14
PAY-20260601-0005216,TRP-20260601-0005216,87.15,apple_pay,settled,2026-06-01 22:51:45
PAY-20260601-0005217,TRP-20260601-0005217,19.46,credit_card,settled,2026-06-02 02:16:49
PAY-20260601-0005218,TRP-20260601-0005218,23.91,apple_pay,settled,2026-06-01 19:29:33
PAY-20260601-0005219,TRP-20260601-0005219,107.83,cash,settled,2026-06-01 07:29:19
PAY-20260601-0005220,TRP-20260601-0005220,19.51,apple_pay,settled,2026-06-02 04:07:50
PAY-20260601-0005221,TRP-20260601-0005221,25.44,cash,settled,2026-06-01 14:40:53
PAY-20260601-0005222,TRP-20260601-0005222,14.64,stc_pay,settled,2026-06-01 00:52:54
PAY-20260601-0005223,TRP-20260601-0005223,26.74,credit_card,settled,2026-06-01 19:58:33
PAY-20260601-0005224,TRP-20260601-0005224,25.50,credit_card,settled,2026-06-01 07:07:11
PAY-20260601-0005225,TRP-20260601-0005225,54.84,cash,settled,2026-06-01 04:56:25
PAY-20260601-0005226,TRP-20260601-0005226,42.19,apple_pay,settled,2026-06-01 19:35:05
PAY-20260601-0005227,TRP-20260601-0005227,145.13,mada,pending,2026-06-01 18:42:20
PAY-20260601-0005228,TRP-20260601-0005228,8.00,mada,settled,2026-06-01 13:16:26
PAY-20260601-0005229,TRP-20260601-0005229,79.73,mada,settled,2026-06-01 06:43:50
PAY-20260601-0005230,TRP-20260601-0005230,11.73,wallet,settled,2026-06-02 12:46:14
PAY-20260601-0005231,TRP-20260601-0005231,34.79,mada,settled,2026-06-01 09:10:03
PAY-20260601-0005232,TRP-20260601-0005232,153.12,apple_pay,settled,2026-06-01 17:23:31
PAY-20260601-0005233,TRP-20260601-0005233,99.31,mada,settled,2026-06-02 09:00:09
PAY-20260601-0005234,TRP-20260601-0005234,45.88,wallet,settled,2026-06-02 08:27:56
PAY-20260601-0005235,TRP-20260601-0005235,108.54,mada,settled,2026-06-01 16:39:42
PAY-20260601-0005236,TRP-20260601-0005236,16.20,apple_pay,settled,2026-06-01 17:46:08
PAY-20260601-0005237,TRP-20260601-0005237,29.03,stc_pay,settled,2026-06-02 08:53:24
PAY-20260601-0005238,TRP-20260601-0005238,126.28,stc_pay,settled,2026-06-02 00:06:39
PAY-20260601-0005239,TRP-20260601-0005239,13.03,cash,settled,2026-06-01 16:21:02
PAY-20260601-0005240,TRP-20260601-0005240,30.50,cash,settled,2026-06-01 15:23:28
PAY-20260601-0005241,TRP-20260601-0005241,34.54,mada,settled,2026-06-02 01:17:13
PAY-20260601-0005242,TRP-20260601-0005242,68.14,mada,settled,2026-06-01 12:15:27
PAY-20260601-0005243,TRP-20260601-0005243,18.09,cash,settled,2026-06-01 18:13:41
PAY-20260601-0005244,TRP-20260601-0005244,18.21,apple_pay,settled,2026-06-01 07:32:59
PAY-20260601-0005245,TRP-20260601-0005245,67.14,credit_card,settled,2026-06-01 05:59:26
PAY-20260601-0005246,TRP-20260601-0005246,48.26,credit_card,settled,2026-06-01 05:43:31
PAY-20260601-0005247,TRP-20260601-0005247,34.94,mada,settled,2026-06-01 14:57:18
PAY-20260601-0005248,TRP-20260601-0005248,49.57,stc_pay,settled,2026-06-01 16:54:43
PAY-20260601-0005249,TRP-20260601-0005249,24.13,mada,settled,2026-06-02 02:01:40
PAY-20260601-0005250,TRP-20260601-0005250,16.98,credit_card,settled,2026-06-01 12:27:22
PAY-20260601-0005251,TRP-20260601-0005251,15.95,credit_card,settled,2026-06-01 10:21:09
PAY-20260601-0005252,TRP-20260601-0005252,37.83,cash,settled,2026-06-01 16:21:38
PAY-20260601-0005253,TRP-20260601-0005253,72.53,stc_pay,refunded,2026-06-01 17:26:37
PAY-20260601-0005254,TRP-20260601-0005254,12.00,credit_card,settled,2026-06-01 14:39:23
PAY-20260601-0005255,TRP-20260601-0005255,18.88,stc_pay,settled,2026-06-01 15:21:54
PAY-20260601-0005256,TRP-20260601-0005256,11.00,mada,failed,2026-06-01 17:22:25
PAY-20260601-0005257,TRP-20260601-0005257,28.58,mada,settled,2026-06-01 19:34:31
PAY-20260601-0005258,TRP-20260601-0005258,24.95,mada,settled,2026-06-02 02:01:56
PAY-20260601-0005259,TRP-20260601-0005259,13.88,apple_pay,failed,2026-06-02 03:21:36
PAY-20260601-0005260,TRP-20260601-0005260,135.91,wallet,settled,2026-06-01 17:34:50
PAY-20260601-0005261,TRP-20260601-0005261,22.96,credit_card,settled,2026-06-01 14:02:19
PAY-20260601-0005262,TRP-20260601-0005262,55.85,mada,settled,2026-06-01 17:03:35
PAY-20260601-0005263,TRP-20260601-0005263,12.00,credit_card,settled,2026-06-01 14:28:45
PAY-20260601-0005264,TRP-20260601-0005264,12.00,stc_pay,pending,2026-06-01 13:12:00
PAY-20260601-0005265,TRP-20260601-0005265,35.52,mada,settled,2026-06-01 11:36:31
PAY-20260601-0005266,TRP-20260601-0005266,15.61,cash,settled,2026-06-01 04:46:39
PAY-20260601-0005267,TRP-20260601-0005267,52.95,mada,settled,2026-06-01 23:48:58
PAY-20260601-0005268,TRP-20260601-0005268,73.77,credit_card,settled,2026-06-01 07:33:28
PAY-20260601-0005269,TRP-20260601-0005269,16.14,mada,settled,2026-06-02 19:20:06
PAY-20260601-0005270,TRP-20260601-0005270,15.93,apple_pay,settled,2026-06-01 10:43:03
PAY-20260601-0005271,TRP-20260601-0005271,16.52,cash,settled,2026-06-01 15:39:42
PAY-20260601-0005272,TRP-20260601-0005272,11.87,credit_card,settled,2026-06-01 04:55:06
PAY-20260601-0005273,TRP-20260601-0005273,60.70,apple_pay,settled,2026-06-02 05:23:53
PAY-20260601-0005274,TRP-20260601-0005274,60.67,apple_pay,settled,2026-05-31 23:28:39
PAY-20260601-0005275,TRP-20260601-0005275,16.62,mada,settled,2026-06-02 14:31:33
PAY-20260601-0005276,TRP-20260601-0005276,59.44,cash,settled,2026-06-01 14:14:19
PAY-20260601-0005277,TRP-20260601-0005277,41.67,stc_pay,settled,2026-06-02 19:12:38
PAY-20260601-0005278,TRP-20260601-0005278,29.72,stc_pay,settled,2026-06-01 12:35:31
PAY-20260601-0005280,TRP-20260601-0005280,32.72,mada,settled,2026-06-01 18:23:40
PAY-20260601-0005281,TRP-20260601-0005281,25.20,apple_pay,pending,2026-06-01 16:17:39
PAY-20260601-0005283,TRP-20260601-0005283,39.95,mada,settled,2026-06-01 07:51:37
PAY-20260601-0005285,TRP-20260601-0005285,20.60,mada,settled,2026-06-01 12:17:30
PAY-20260601-0005287,TRP-20260601-0005287,30.35,stc_pay,settled,2026-06-01 22:07:55
PAY-20260601-0005288,TRP-20260601-0005288,113.76,mada,settled,2026-06-01 21:41:31
PAY-20260601-0005289,TRP-20260601-0005289,39.50,credit_card,settled,2026-06-01 21:18:31
PAY-20260601-0005290,TRP-20260601-0005290,45.28,wallet,settled,2026-06-01 11:20:30
PAY-20260601-0005291,TRP-20260601-0005291,16.43,credit_card,settled,2026-06-01 17:13:29
PAY-20260601-0005292,TRP-20260601-0005292,17.60,stc_pay,settled,2026-06-02 15:19:04
PAY-20260601-0005293,TRP-20260601-0005293,19.04,mada,settled,2026-06-01 09:10:16
PAY-20260601-0005294,TRP-20260601-0005294,14.72,mada,settled,2026-06-01 07:34:27
PAY-20260601-0005295,TRP-20260601-0005295,19.81,cash,settled,2026-06-01 13:00:57
PAY-20260601-0005296,TRP-20260601-0005296,16.65,cash,settled,2026-06-01 07:05:36
PAY-20260601-0005297,TRP-20260601-0005297,27.74,apple_pay,settled,2026-06-01 10:37:13
PAY-20260601-0005298,TRP-20260601-0005298,28.86,mada,settled,2026-06-02 03:16:40
PAY-20260601-0005299,TRP-20260601-0005299,14.52,credit_card,settled,2026-06-02 01:27:27
PAY-20260601-0005300,TRP-20260601-0005300,16.50,stc_pay,settled,2026-06-02 15:41:34
PAY-20260601-0005301,TRP-20260601-0005301,23.19,apple_pay,settled,2026-06-01 13:14:33
PAY-20260601-0005302,TRP-20260601-0005302,34.78,cash,settled,2026-06-01 19:37:02
PAY-20260601-0005303,TRP-20260601-0005303,176.32,apple_pay,settled,2026-06-02 02:20:45
PAY-20260601-0005304,TRP-20260601-0005304,59.29,mada,settled,2026-06-01 19:40:12
PAY-20260601-0005305,TRP-20260601-0005305,30.35,cash,settled,2026-06-01 16:28:17
PAY-20260601-0005306,TRP-20260601-0005306,44.53,stc_pay,settled,2026-06-01 11:18:52
PAY-20260601-0005307,TRP-20260601-0005307,64.26,credit_card,settled,2026-06-01 20:14:17
PAY-20260601-0005308,TRP-20260601-0005308,21.51,mada,settled,2026-06-01 17:22:08
PAY-20260601-0005309,TRP-20260601-0005309,46.62,credit_card,settled,2026-06-02 03:41:49
PAY-20260601-0005310,TRP-20260601-0005310,15.42,stc_pay,settled,2026-06-01 16:18:33
PAY-20260601-0005311,TRP-20260601-0005311,15.41,stc_pay,settled,2026-06-02 01:40:57
PAY-20260601-0005312,TRP-20260601-0005312,25.45,credit_card,settled,2026-06-02 10:48:48
PAY-20260601-0005313,TRP-20260601-0005313,32.55,mada,settled,2026-06-01 15:18:49
PAY-20260601-0005314,TRP-20260601-0005314,52.64,credit_card,settled,2026-06-02 09:54:37
PAY-20260601-0005315,TRP-20260601-0005315,16.42,apple_pay,settled,2026-06-02 07:42:15
PAY-20260601-0005316,TRP-20260601-0005316,14.59,cash,settled,2026-06-01 17:33:41
PAY-20260601-0005317,TRP-20260601-0005317,34.31,apple_pay,settled,2026-06-02 04:55:21
PAY-20260601-0005318,TRP-20260601-0005318,75.83,wallet,settled,2026-06-01 05:40:41
PAY-20260601-0005319,TRP-20260601-0005319,117.58,credit_card,settled,2026-06-02 13:36:10
PAY-20260601-0005320,TRP-20260601-0005320,16.32,stc_pay,settled,2026-06-01 14:42:07
PAY-20260601-0005323,TRP-20260601-0005323,19.41,credit_card,settled,2026-06-01 22:47:23
PAY-20260601-0005324,TRP-20260601-0005324,107.62,credit_card,settled,2026-06-01 17:21:45
PAY-20260601-0005325,TRP-20260601-0005325,25.52,stc_pay,settled,2026-06-01 18:08:42
PAY-20260601-0005326,TRP-20260601-0005326,26.88,stc_pay,pending,2026-06-01 07:51:10
PAY-20260601-0005327,TRP-20260601-0005327,14.84,cash,settled,2026-05-31 23:38:44
PAY-20260601-0005328,TRP-20260601-0005328,27.82,mada,settled,2026-06-01 14:43:22
PAY-20260601-0005329,TRP-20260601-0005329,72.78,stc_pay,settled,2026-06-01 08:46:02
PAY-20260601-0005330,TRP-20260601-0005330,29.77,mada,pending,2026-06-01 16:35:30
PAY-20260601-0005331,TRP-20260601-0005331,15.76,credit_card,settled,2026-06-01 12:26:00
PAY-20260601-0005332,TRP-20260601-0005332,76.00,mada,settled,2026-06-01 03:34:31
PAY-20260601-0005333,TRP-20260601-0005333,56.80,wallet,settled,2026-06-01 08:33:02
PAY-20260601-0005335,TRP-20260601-0005335,16.76,credit_card,settled,2026-06-01 13:12:28
PAY-20260601-0005336,TRP-20260601-0005336,16.99,mada,settled,2026-06-01 16:58:02
PAY-20260601-0005337,TRP-20260601-0005337,14.81,mada,settled,2026-06-01 11:51:20
PAY-20260601-0005338,TRP-20260601-0005338,28.81,credit_card,pending,2026-06-01 15:12:51
PAY-20260601-0005339,TRP-20260601-0005339,23.26,cash,settled,2026-05-31 21:20:53
PAY-20260601-0005340,TRP-20260601-0005340,12.00,credit_card,settled,2026-06-01 08:11:54
PAY-20260601-0005341,TRP-20260601-0005341,113.37,mada,settled,2026-06-01 18:05:25
PAY-20260601-0005342,TRP-20260601-0005342,46.85,apple_pay,settled,2026-06-01 08:40:25
PAY-20260601-0005343,TRP-20260601-0005343,32.38,stc_pay,settled,2026-06-01 23:57:43
PAY-20260601-0005344,TRP-20260601-0005344,35.11,apple_pay,settled,2026-06-02 01:07:16
PAY-20260601-0005345,TRP-20260601-0005345,20.55,mada,settled,2026-06-01 22:26:01
PAY-20260601-0005346,TRP-20260601-0005346,32.87,credit_card,settled,2026-06-01 15:02:39
PAY-20260601-0005347,TRP-20260601-0005347,11.02,apple_pay,settled,2026-06-01 08:51:29
PAY-20260601-0005348,TRP-20260601-0005348,11.05,cash,settled,2026-06-01 19:41:29
PAY-20260601-0005349,TRP-20260601-0005349,23.40,mada,settled,2026-06-01 05:13:53
PAY-20260601-0005350,TRP-20260601-0005350,13.02,mada,settled,2026-05-31 23:43:12
PAY-20260601-0005351,TRP-20260601-0005351,18.77,wallet,settled,2026-06-01 16:30:39
PAY-20260601-0005352,TRP-20260601-0005352,19.78,stc_pay,settled,2026-06-01 21:06:54
PAY-20260601-0005353,TRP-20260601-0005353,38.22,cash,settled,2026-06-01 15:18:48
PAY-20260601-0005354,TRP-20260601-0005354,17.59,apple_pay,settled,2026-06-01 09:24:10
PAY-20260601-0005355,TRP-20260601-0005355,42.26,credit_card,settled,2026-06-01 19:00:37
PAY-20260601-0005356,TRP-20260601-0005356,26.32,stc_pay,settled,2026-06-01 16:38:02
PAY-20260601-0005358,TRP-20260601-0005358,124.89,wallet,settled,2026-06-01 08:53:46
PAY-20260601-0005359,TRP-20260601-0005359,26.07,mada,settled,2026-05-31 22:44:41
PAY-20260601-0005360,TRP-20260601-0005360,13.64,stc_pay,settled,2026-06-01 23:56:44
PAY-20260601-0005361,TRP-20260601-0005361,12.65,stc_pay,settled,2026-06-01 10:08:43
PAY-20260601-0005363,TRP-20260601-0005363,29.81,apple_pay,settled,2026-06-01 19:33:39
PAY-20260601-0005364,TRP-20260601-0005364,13.45,credit_card,settled,2026-06-02 08:43:16
PAY-20260601-0005365,TRP-20260601-0005365,8.00,apple_pay,settled,2026-06-01 02:35:06
PAY-20260601-0005366,TRP-20260601-0005366,16.76,cash,settled,2026-06-01 04:19:40
PAY-20260601-0005367,TRP-20260601-0005367,34.40,apple_pay,settled,2026-06-01 06:01:30
PAY-20260601-0005368,TRP-20260601-0005368,23.91,mada,settled,2026-06-01 09:24:18
PAY-20260601-0005369,TRP-20260601-0005369,27.44,apple_pay,settled,2026-06-01 07:43:16
PAY-20260601-0005370,TRP-20260601-0005370,23.89,credit_card,settled,2026-06-01 13:17:51
PAY-20260601-0005371,TRP-20260601-0005371,10.00,credit_card,settled,2026-06-02 01:22:58
PAY-20260601-0005372,TRP-20260601-0005372,18.98,cash,settled,2026-06-01 05:06:24
PAY-20260601-0005373,TRP-20260601-0005373,65.69,cash,settled,2026-06-01 05:09:37
PAY-20260601-0005374,TRP-20260601-0005374,35.50,apple_pay,settled,2026-06-01 16:21:07
PAY-20260601-0005375,TRP-20260601-0005375,17.52,stc_pay,settled,2026-06-02 00:16:43
PAY-20260601-0005377,TRP-20260601-0005377,14.35,credit_card,settled,2026-06-01 11:13:24
PAY-20260601-0005378,TRP-20260601-0005378,30.46,apple_pay,settled,2026-06-01 12:56:20
PAY-20260601-0005379,TRP-20260601-0005379,25.59,credit_card,settled,2026-06-01 12:13:39
PAY-20260601-0005380,TRP-20260601-0005380,45.49,mada,settled,2026-06-01 18:54:56
PAY-20260601-0005381,TRP-20260601-0005381,20.18,cash,settled,2026-05-31 21:44:56
PAY-20260601-0005382,TRP-20260601-0005382,21.70,apple_pay,settled,2026-06-02 07:28:41
PAY-20260601-0005383,TRP-20260601-0005383,47.32,cash,settled,2026-06-01 15:02:51
PAY-20260601-0005384,TRP-20260601-0005384,20.44,stc_pay,settled,2026-06-01 20:57:28
PAY-20260601-0005385,TRP-20260601-0005385,43.60,apple_pay,settled,2026-06-01 18:27:23
PAY-20260601-0005386,TRP-20260601-0005386,89.58,mada,settled,2026-06-02 14:06:46
PAY-20260601-0005387,TRP-20260601-0005387,67.60,credit_card,settled,2026-06-02 04:40:32
PAY-20260601-0005388,TRP-20260601-0005388,20.98,cash,settled,2026-06-01 19:29:15
PAY-20260601-0005389,TRP-20260601-0005389,12.52,credit_card,settled,2026-06-01 21:10:55
PAY-20260601-0005390,TRP-20260601-0005390,36.99,mada,settled,2026-06-01 11:27:25
PAY-20260601-0005391,TRP-20260601-0005391,25.54,mada,settled,2026-06-01 05:14:34
PAY-20260601-0005392,TRP-20260601-0005392,25.22,mada,settled,2026-06-02 14:17:53
PAY-20260601-0005393,TRP-20260601-0005393,66.64,credit_card,settled,2026-06-01 13:15:41
PAY-20260601-0005394,TRP-20260601-0005394,59.59,mada,settled,2026-06-01 05:38:16
PAY-20260601-0005395,TRP-20260601-0005395,52.02,credit_card,settled,2026-06-01 12:16:44
PAY-20260601-0005396,TRP-20260601-0005396,16.93,credit_card,settled,2026-06-01 03:42:52
PAY-20260601-0005397,TRP-20260601-0005397,8.00,apple_pay,settled,2026-06-01 06:09:52
PAY-20260601-0005398,TRP-20260601-0005398,57.06,mada,settled,2026-06-01 22:35:32
PAY-20260601-0005399,TRP-20260601-0005399,12.78,apple_pay,settled,2026-05-31 21:23:33
PAY-20260601-0005400,TRP-20260601-0005400,51.94,wallet,settled,2026-06-01 22:41:58
PAY-20260601-0005401,TRP-20260601-0005401,16.14,credit_card,settled,2026-06-01 18:16:45
PAY-20260601-0005402,TRP-20260601-0005402,44.14,apple_pay,settled,2026-06-01 03:39:36
PAY-20260601-0005403,TRP-20260601-0005403,103.64,mada,settled,2026-06-01 06:00:03
PAY-20260601-0005404,TRP-20260601-0005404,50.66,stc_pay,settled,2026-06-01 17:26:28
PAY-20260601-0005405,TRP-20260601-0005405,35.17,mada,settled,2026-06-02 04:51:53
PAY-20260601-0005406,TRP-20260601-0005406,70.94,apple_pay,settled,2026-06-01 07:29:57
PAY-20260601-0005407,TRP-20260601-0005407,27.59,mada,settled,2026-06-01 16:56:58
PAY-20260601-0005408,TRP-20260601-0005408,106.47,mada,settled,2026-06-01 19:34:15
PAY-20260601-0005409,TRP-20260601-0005409,25.59,cash,settled,2026-06-01 05:53:53
PAY-20260601-0005411,TRP-20260601-0005411,19.90,wallet,settled,2026-06-01 01:43:20
PAY-20260601-0005412,TRP-20260601-0005412,108.02,credit_card,settled,2026-06-01 14:31:59
PAY-20260601-0005413,TRP-20260601-0005413,75.69,credit_card,settled,2026-06-02 05:12:43
PAY-20260601-0005414,TRP-20260601-0005414,23.28,mada,settled,2026-06-01 12:17:55
PAY-20260601-0005415,TRP-20260601-0005415,14.35,credit_card,failed,2026-06-01 17:29:07
PAY-20260601-0005416,TRP-20260601-0005416,48.18,cash,settled,2026-06-01 05:48:25
PAY-20260601-0005417,TRP-20260601-0005417,38.69,credit_card,settled,2026-06-01 10:08:00
PAY-20260601-0005418,TRP-20260601-0005418,37.95,stc_pay,settled,2026-06-01 11:38:32
PAY-20260601-0005419,TRP-20260601-0005419,50.31,credit_card,settled,2026-06-02 14:14:30
PAY-20260601-0005420,TRP-20260601-0005420,35.51,apple_pay,settled,2026-06-01 11:30:27
PAY-20260601-0005421,TRP-20260601-0005421,25.40,stc_pay,settled,2026-06-01 18:13:50
PAY-20260601-0005422,TRP-20260601-0005422,32.28,mada,settled,2026-06-01 17:08:06
PAY-20260601-0005423,TRP-20260601-0005423,23.22,apple_pay,settled,2026-06-01 05:06:07
PAY-20260601-0005424,TRP-20260601-0005424,23.82,mada,settled,2026-06-01 19:47:21
PAY-20260601-0005425,TRP-20260601-0005425,15.18,apple_pay,settled,2026-06-02 08:33:47
PAY-20260601-0005426,TRP-20260601-0005426,116.98,apple_pay,settled,2026-06-01 12:25:35
PAY-20260601-0005427,TRP-20260601-0005427,148.69,cash,settled,2026-06-01 18:22:10
PAY-20260601-0005428,TRP-20260601-0005428,142.11,cash,settled,2026-06-01 05:55:11
PAY-20260601-0005429,TRP-20260601-0005429,17.20,apple_pay,settled,2026-06-01 19:02:52
PAY-20260601-0005430,TRP-20260601-0005430,43.05,cash,settled,2026-06-01 14:35:02
PAY-20260601-0005431,TRP-20260601-0005431,145.16,mada,settled,2026-06-02 09:34:10
PAY-20260601-0005432,TRP-20260601-0005432,62.80,mada,settled,2026-06-01 08:32:39
PAY-20260601-0005433,TRP-20260601-0005433,19.32,mada,settled,2026-06-01 15:02:57
PAY-20260601-0005434,TRP-20260601-0005434,15.92,apple_pay,settled,2026-06-01 21:14:48
PAY-20260601-0005435,TRP-20260601-0005435,28.90,stc_pay,settled,2026-06-01 09:25:44
PAY-20260601-0005436,TRP-20260601-0005436,14.45,mada,settled,2026-06-01 12:16:23
PAY-20260601-0005437,TRP-20260601-0005437,16.73,credit_card,pending,2026-06-01 07:47:08
PAY-20260601-0005438,TRP-20260601-0005438,11.56,credit_card,settled,2026-06-01 19:42:49
PAY-20260601-0005439,TRP-20260601-0005439,12.00,cash,settled,2026-06-01 07:14:45
PAY-20260601-0005440,TRP-20260601-0005440,13.72,wallet,settled,2026-06-01 20:28:02
PAY-20260601-0005441,TRP-20260601-0005441,31.37,stc_pay,settled,2026-06-02 15:49:52
PAY-20260601-0005442,TRP-20260601-0005442,67.92,mada,settled,2026-06-01 17:24:39
PAY-20260601-0005443,TRP-20260601-0005443,66.02,mada,settled,2026-06-01 04:52:59
PAY-20260601-0005444,TRP-20260601-0005444,36.74,apple_pay,settled,2026-06-01 07:38:10
PAY-20260601-0005445,TRP-20260601-0005445,81.44,mada,settled,2026-06-01 17:14:35
PAY-20260601-0005446,TRP-20260601-0005446,18.95,mada,settled,2026-06-01 18:51:27
PAY-20260601-0005447,TRP-20260601-0005447,18.89,mada,settled,2026-06-01 11:40:41
PAY-20260601-0005448,TRP-20260601-0005448,17.65,apple_pay,settled,2026-06-01 09:28:15
PAY-20260601-0005449,TRP-20260601-0005449,17.29,credit_card,settled,2026-06-02 05:58:05
PAY-20260601-0005450,TRP-20260601-0005450,11.56,credit_card,settled,2026-06-01 10:33:53
PAY-20260601-0005452,TRP-20260601-0005452,49.31,mada,settled,2026-06-01 05:07:45
PAY-20260601-0005453,TRP-20260601-0005453,21.40,mada,settled,2026-06-01 08:31:55
PAY-20260601-0005454,TRP-20260601-0005454,14.64,credit_card,settled,2026-06-01 11:50:17
PAY-20260601-0005455,TRP-20260601-0005455,37.97,credit_card,settled,2026-06-01 20:34:41
PAY-20260601-0005456,TRP-20260601-0005456,100.98,mada,settled,2026-06-01 06:32:16
PAY-20260601-0005457,TRP-20260601-0005457,30.17,cash,settled,2026-06-01 13:25:59
PAY-20260601-0005458,TRP-20260601-0005458,6.00,mada,settled,2026-06-01 07:06:28
PAY-20260601-0005459,TRP-20260601-0005459,31.97,stc_pay,settled,2026-06-01 05:21:49
PAY-20260601-0005460,TRP-20260601-0005460,22.76,apple_pay,settled,2026-06-01 07:09:32
PAY-20260601-0005461,TRP-20260601-0005461,13.28,credit_card,settled,2026-06-01 17:19:08
PAY-20260601-0005462,TRP-20260601-0005462,12.00,apple_pay,settled,2026-06-01 08:15:33
PAY-20260601-0005463,TRP-20260601-0005463,47.67,apple_pay,settled,2026-06-01 15:15:57
PAY-20260601-0005464,TRP-20260601-0005464,20.31,mada,settled,2026-06-01 11:41:46
PAY-20260601-0005465,TRP-20260601-0005465,29.38,mada,settled,2026-06-01 17:30:00
PAY-20260601-0005466,TRP-20260601-0005466,17.50,credit_card,settled,2026-06-01 10:05:39
PAY-20260601-0005467,TRP-20260601-0005467,81.22,mada,settled,2026-06-01 14:49:49
PAY-20260601-0005468,TRP-20260601-0005468,80.99,wallet,settled,2026-06-01 07:45:46
PAY-20260601-0005469,TRP-20260601-0005469,26.37,credit_card,settled,2026-06-01 21:10:38
PAY-20260601-0005470,TRP-20260601-0005470,43.30,apple_pay,settled,2026-06-02 08:37:51
PAY-20260601-0005471,TRP-20260601-0005471,154.45,credit_card,settled,2026-06-01 18:38:02
PAY-20260601-0005472,TRP-20260601-0005472,27.35,mada,settled,2026-06-01 10:41:55
PAY-20260601-0005473,TRP-20260601-0005473,16.39,mada,settled,2026-06-02 13:57:47
PAY-20260601-0005474,TRP-20260601-0005474,15.94,mada,settled,2026-06-01 14:18:36
PAY-20260601-0005475,TRP-20260601-0005475,13.93,credit_card,settled,2026-06-01 09:55:27
PAY-20260601-0005476,TRP-20260601-0005476,67.97,apple_pay,settled,2026-06-01 11:15:24
PAY-20260601-0005477,TRP-20260601-0005477,79.01,cash,settled,2026-06-01 16:10:42
PAY-20260601-0005478,TRP-20260601-0005478,10.00,credit_card,settled,2026-06-01 13:58:17
PAY-20260601-0005479,TRP-20260601-0005479,36.12,mada,settled,2026-06-01 06:58:58
PAY-20260601-0005480,TRP-20260601-0005480,65.91,mada,settled,2026-06-01 05:01:27
PAY-20260601-0005481,TRP-20260601-0005481,17.13,mada,settled,2026-06-01 14:22:57
PAY-20260601-0005482,TRP-20260601-0005482,72.63,cash,settled,2026-06-01 08:07:58
PAY-20260601-0005483,TRP-20260601-0005483,59.22,mada,settled,2026-06-02 00:13:11
PAY-20260601-0005484,TRP-20260601-0005484,39.33,apple_pay,settled,2026-06-01 14:34:51
PAY-20260601-0005485,TRP-20260601-0005485,121.48,mada,settled,2026-06-01 23:59:45
PAY-20260601-0005486,TRP-20260601-0005486,63.23,credit_card,settled,2026-06-02 01:52:22
PAY-20260601-0005487,TRP-20260601-0005487,15.96,credit_card,settled,2026-06-01 07:30:17
PAY-20260601-0005488,TRP-20260601-0005488,47.06,mada,settled,2026-06-01 15:48:48
PAY-20260601-0005489,TRP-20260601-0005489,30.31,mada,settled,2026-06-02 07:15:54
PAY-20260601-0005490,TRP-20260601-0005490,34.41,credit_card,settled,2026-06-01 19:02:03
PAY-20260601-0005491,TRP-20260601-0005491,23.12,cash,settled,2026-06-01 11:49:05
PAY-20260601-0005492,TRP-20260601-0005492,30.99,cash,settled,2026-06-01 17:43:22
PAY-20260601-0005493,TRP-20260601-0005493,37.53,apple_pay,settled,2026-06-01 16:04:27
PAY-20260601-0005494,TRP-20260601-0005494,37.42,stc_pay,settled,2026-06-01 17:35:58
PAY-20260601-0005495,TRP-20260601-0005495,33.60,cash,settled,2026-06-01 21:01:56
PAY-20260601-0005496,TRP-20260601-0005496,48.36,apple_pay,settled,2026-06-01 15:09:28
PAY-20260601-0005497,TRP-20260601-0005497,36.97,stc_pay,settled,2026-06-01 15:03:30
PAY-20260601-0005498,TRP-20260601-0005498,8.00,mada,settled,2026-06-01 13:47:13
PAY-20260601-0005499,TRP-20260601-0005499,34.55,credit_card,settled,2026-06-02 02:44:44
PAY-20260601-0005500,TRP-20260601-0005500,65.51,apple_pay,settled,2026-06-01 18:04:36
PAY-20260601-0005501,TRP-20260601-0005501,16.10,mada,settled,2026-06-01 00:15:39
PAY-20260601-0005503,TRP-20260601-0005503,93.31,mada,settled,2026-06-01 20:11:33
PAY-20260601-0005504,TRP-20260601-0005504,87.14,apple_pay,settled,2026-06-02 03:08:18
PAY-20260601-0005505,TRP-20260601-0005505,12.21,stc_pay,settled,2026-06-01 04:13:43
PAY-20260601-0005506,TRP-20260601-0005506,70.44,apple_pay,settled,2026-06-01 23:56:48
PAY-20260601-0005507,TRP-20260601-0005507,34.97,credit_card,settled,2026-06-02 04:49:33
PAY-20260601-0005508,TRP-20260601-0005508,164.16,mada,settled,2026-06-02 14:30:42
PAY-20260601-0005509,TRP-20260601-0005509,46.58,mada,settled,2026-06-01 21:09:19
PAY-20260601-0005510,TRP-20260601-0005510,19.30,stc_pay,pending,2026-06-01 13:32:35
PAY-20260601-0005511,TRP-20260601-0005511,17.39,cash,settled,2026-05-31 21:53:50
PAY-20260601-0005512,TRP-20260601-0005512,21.42,mada,settled,2026-06-01 06:41:50
PAY-20260601-0005513,TRP-20260601-0005513,12.25,mada,settled,2026-06-01 14:46:42
PAY-20260601-0005514,TRP-20260601-0005514,18.97,mada,settled,2026-06-02 12:45:10
PAY-20260601-0005515,TRP-20260601-0005515,33.79,cash,settled,2026-06-01 04:52:18
PAY-20260601-0005516,TRP-20260601-0005516,34.60,apple_pay,settled,2026-06-01 23:03:37
PAY-20260601-0005517,TRP-20260601-0005517,12.68,mada,settled,2026-06-01 04:09:58
PAY-20260601-0005518,TRP-20260601-0005518,48.82,stc_pay,settled,2026-06-01 16:51:22
PAY-20260601-0005519,TRP-20260601-0005519,35.22,mada,settled,2026-06-01 15:09:10
PAY-20260601-0005520,TRP-20260601-0005520,36.38,wallet,settled,2026-06-02 02:04:29
PAY-20260601-0005521,TRP-20260601-0005521,108.37,wallet,failed,2026-06-01 22:41:26
PAY-20260601-0005522,TRP-20260601-0005522,50.32,credit_card,settled,2026-06-02 03:54:18
PAY-20260601-0005523,TRP-20260601-0005523,12.00,mada,settled,2026-05-31 22:54:20
PAY-20260601-0005524,TRP-20260601-0005524,34.24,credit_card,settled,2026-06-01 15:50:57
PAY-20260601-0005525,TRP-20260601-0005525,10.00,cash,settled,2026-06-01 04:29:33
PAY-20260601-0005526,TRP-20260601-0005526,18.27,stc_pay,settled,2026-06-01 16:34:10
PAY-20260601-0005527,TRP-20260601-0005527,17.77,wallet,settled,2026-06-01 05:09:43
PAY-20260601-0005528,TRP-20260601-0005528,11.00,apple_pay,pending,2026-06-01 20:34:20
PAY-20260601-0005529,TRP-20260601-0005529,10.82,cash,settled,2026-06-01 19:09:32
PAY-20260601-0005530,TRP-20260601-0005530,34.27,mada,settled,2026-06-01 15:04:08
PAY-20260601-0005531,TRP-20260601-0005531,17.59,stc_pay,settled,2026-06-01 19:19:09
PAY-20260601-0005532,TRP-20260601-0005532,78.61,mada,settled,2026-06-01 17:44:43
PAY-20260601-0005533,TRP-20260601-0005533,92.93,credit_card,settled,2026-06-01 09:12:21
PAY-20260601-0005534,TRP-20260601-0005534,14.83,cash,settled,2026-06-01 16:50:22
PAY-20260601-0005535,TRP-20260601-0005535,49.90,mada,settled,2026-06-01 12:02:21
PAY-20260601-0005536,TRP-20260601-0005536,36.54,cash,settled,2026-06-01 18:26:26
PAY-20260601-0005537,TRP-20260601-0005537,14.83,cash,settled,2026-06-01 06:10:39
PAY-20260601-0005538,TRP-20260601-0005538,18.11,cash,settled,2026-06-01 17:21:42
PAY-20260601-0005539,TRP-20260601-0005539,42.19,mada,settled,2026-06-01 17:18:24
PAY-20260601-0005540,TRP-20260601-0005540,71.57,apple_pay,settled,2026-06-02 16:10:06
PAY-20260601-0005541,TRP-20260601-0005541,16.49,stc_pay,settled,2026-06-01 22:22:50
PAY-20260601-0005542,TRP-20260601-0005542,21.35,mada,settled,2026-06-01 21:49:50
PAY-20260601-0005543,TRP-20260601-0005543,23.17,stc_pay,settled,2026-06-01 20:30:37
PAY-20260601-0005544,TRP-20260601-0005544,69.62,mada,settled,2026-06-02 08:54:08
PAY-20260601-0005545,TRP-20260601-0005545,40.39,credit_card,settled,2026-06-01 14:22:35
PAY-20260601-0005546,TRP-20260601-0005546,48.72,mada,settled,2026-06-01 09:22:36
PAY-20260601-0005547,TRP-20260601-0005547,16.56,cash,settled,2026-06-01 02:49:36
PAY-20260601-0005548,TRP-20260601-0005548,13.20,wallet,settled,2026-06-01 12:46:27
PAY-20260601-0005549,TRP-20260601-0005549,36.12,credit_card,settled,2026-06-01 15:50:11
PAY-20260601-0005550,TRP-20260601-0005550,16.91,credit_card,settled,2026-06-01 10:32:54
PAY-20260601-0005551,TRP-20260601-0005551,14.13,cash,settled,2026-06-01 19:47:07
PAY-20260601-0005553,TRP-20260601-0005553,25.86,mada,settled,2026-06-01 13:33:42
PAY-20260601-0005554,TRP-20260601-0005554,47.35,cash,settled,2026-06-01 15:44:12
PAY-20260601-0005555,TRP-20260601-0005555,59.63,apple_pay,settled,2026-06-01 07:41:50
PAY-20260601-0005556,TRP-20260601-0005556,37.88,cash,settled,2026-06-01 20:20:05
PAY-20260601-0005558,TRP-20260601-0005558,20.94,credit_card,settled,2026-06-01 13:00:46
PAY-20260601-0005559,TRP-20260601-0005559,80.54,stc_pay,settled,2026-06-01 22:23:34
PAY-20260601-0005560,TRP-20260601-0005560,70.47,mada,settled,2026-06-01 21:25:18
PAY-20260601-0005561,TRP-20260601-0005561,75.19,mada,settled,2026-06-01 18:13:54
PAY-20260601-0005562,TRP-20260601-0005562,14.76,apple_pay,settled,2026-06-01 03:43:30
PAY-20260601-0005563,TRP-20260601-0005563,38.51,mada,settled,2026-06-01 14:59:02
PAY-20260601-0005564,TRP-20260601-0005564,19.18,mada,settled,2026-06-01 13:09:29
PAY-20260601-0005565,TRP-20260601-0005565,135.00,cash,settled,2026-06-01 06:52:48
PAY-20260601-0005566,TRP-20260601-0005566,23.42,apple_pay,settled,2026-06-01 13:27:32
PAY-20260601-0005567,TRP-20260601-0005567,21.13,mada,settled,2026-06-01 15:57:49
PAY-20260601-0005568,TRP-20260601-0005568,10.82,cash,settled,2026-06-01 11:48:51
PAY-20260601-0005569,TRP-20260601-0005569,10.21,wallet,settled,2026-06-01 10:42:36
PAY-20260601-0005570,TRP-20260601-0005570,14.44,mada,settled,2026-06-02 08:39:13
PAY-20260601-0005571,TRP-20260601-0005571,17.03,credit_card,settled,2026-06-01 20:17:58
PAY-20260601-0005572,TRP-20260601-0005572,18.02,credit_card,settled,2026-06-01 02:04:14
PAY-20260601-0005573,TRP-20260601-0005573,31.47,apple_pay,settled,2026-06-01 05:27:23
PAY-20260601-0005574,TRP-20260601-0005574,32.94,credit_card,settled,2026-06-01 08:16:08
PAY-20260601-0005575,TRP-20260601-0005575,14.51,apple_pay,settled,2026-06-01 12:58:31
PAY-20260601-0005576,TRP-20260601-0005576,17.01,mada,pending,2026-06-02 06:12:29
PAY-20260601-0005577,TRP-20260601-0005577,82.41,mada,settled,2026-06-01 21:11:05
PAY-20260601-0005578,TRP-20260601-0005578,35.07,credit_card,settled,2026-06-01 18:48:30
PAY-20260601-0005579,TRP-20260601-0005579,48.92,apple_pay,settled,2026-06-01 04:15:20
PAY-20260601-0005580,TRP-20260601-0005580,21.93,mada,settled,2026-06-01 04:18:52
PAY-20260601-0005581,TRP-20260601-0005581,87.16,mada,settled,2026-06-02 03:33:33
PAY-20260601-0005582,TRP-20260601-0005582,6.00,wallet,pending,2026-06-02 01:28:32
PAY-20260601-0005583,TRP-20260601-0005583,56.77,apple_pay,settled,2026-06-01 06:45:51
PAY-20260601-0005584,TRP-20260601-0005584,45.20,mada,settled,2026-06-01 18:10:45
PAY-20260601-0005585,TRP-20260601-0005585,32.08,mada,settled,2026-06-02 12:28:18
PAY-20260601-0005586,TRP-20260601-0005586,69.93,credit_card,settled,2026-06-02 09:02:24
PAY-20260601-0005587,TRP-20260601-0005587,18.02,mada,settled,2026-06-01 09:44:54
PAY-20260601-0005588,TRP-20260601-0005588,75.95,apple_pay,settled,2026-06-01 19:22:41
PAY-20260601-0005589,TRP-20260601-0005589,53.32,cash,settled,2026-06-01 06:02:13
PAY-20260601-0005590,TRP-20260601-0005590,36.63,credit_card,settled,2026-06-01 22:03:35
PAY-20260601-0005591,TRP-20260601-0005591,14.67,stc_pay,settled,2026-06-01 09:34:56
PAY-20260601-0005592,TRP-20260601-0005592,14.39,apple_pay,settled,2026-06-01 11:30:00
PAY-20260601-0005593,TRP-20260601-0005593,92.20,apple_pay,settled,2026-06-01 06:11:36
PAY-20260601-0005594,TRP-20260601-0005594,61.74,cash,settled,2026-06-01 17:02:57
PAY-20260601-0005595,TRP-20260601-0005595,28.83,cash,settled,2026-06-01 12:44:24
PAY-20260601-0005596,TRP-20260601-0005596,20.87,stc_pay,settled,2026-06-01 15:08:27
PAY-20260601-0005597,TRP-20260601-0005597,11.66,mada,settled,2026-06-02 17:18:44
PAY-20260601-0005598,TRP-20260601-0005598,126.53,credit_card,settled,2026-06-01 20:29:00
PAY-20260601-0005599,TRP-20260601-0005599,16.61,credit_card,settled,2026-06-01 07:19:31
PAY-20260601-0005600,TRP-20260601-0005600,18.56,stc_pay,settled,2026-06-01 19:29:59
PAY-20260601-0005601,TRP-20260601-0005601,24.59,cash,settled,2026-06-01 15:22:47
PAY-20260601-0005602,TRP-20260601-0005602,24.35,mada,settled,2026-06-02 06:40:13
PAY-20260601-0005603,TRP-20260601-0005603,19.83,mada,settled,2026-06-01 14:03:55
PAY-20260601-0005604,TRP-20260601-0005604,14.39,credit_card,settled,2026-06-01 07:40:25
PAY-20260601-0005605,TRP-20260601-0005605,98.36,cash,settled,2026-06-01 17:10:07
PAY-20260601-0005606,TRP-20260601-0005606,31.91,mada,settled,2026-06-02 11:22:20
PAY-20260601-0005607,TRP-20260601-0005607,17.76,credit_card,settled,2026-06-01 06:59:47
PAY-20260601-0005608,TRP-20260601-0005608,20.85,credit_card,settled,2026-06-01 12:48:52
PAY-20260601-0005609,TRP-20260601-0005609,25.80,mada,settled,2026-06-01 14:01:46
PAY-20260601-0005611,TRP-20260601-0005611,17.67,credit_card,settled,2026-06-01 10:19:13
PAY-20260601-0005612,TRP-20260601-0005612,28.69,credit_card,settled,2026-06-01 09:59:51
PAY-20260601-0005613,TRP-20260601-0005613,27.08,apple_pay,settled,2026-06-01 03:07:08
PAY-20260601-0005614,TRP-20260601-0005614,26.95,credit_card,settled,2026-06-01 14:43:33
PAY-20260601-0005615,TRP-20260601-0005615,27.52,mada,settled,2026-05-31 23:18:56
PAY-20260601-0005616,TRP-20260601-0005616,14.79,cash,settled,2026-06-01 14:37:50
PAY-20260601-0005617,TRP-20260601-0005617,17.38,cash,settled,2026-06-01 00:37:36
PAY-20260601-0005618,TRP-20260601-0005618,121.57,mada,settled,2026-06-02 12:27:03
PAY-20260601-0005619,TRP-20260601-0005619,51.64,stc_pay,settled,2026-06-01 08:55:33
PAY-20260601-0005620,TRP-20260601-0005620,47.64,credit_card,settled,2026-06-02 02:09:54
PAY-20260601-0005621,TRP-20260601-0005621,22.75,mada,settled,2026-06-01 16:39:10
PAY-20260601-0005623,TRP-20260601-0005623,18.67,wallet,failed,2026-06-01 10:41:23
PAY-20260601-0005624,TRP-20260601-0005624,12.00,credit_card,settled,2026-06-01 18:49:41
PAY-20260601-0005625,TRP-20260601-0005625,15.78,stc_pay,settled,2026-06-01 08:14:40
PAY-20260601-0005627,TRP-20260601-0005627,14.25,mada,settled,2026-06-01 11:38:35
PAY-20260601-0005628,TRP-20260601-0005628,51.49,mada,settled,2026-06-01 18:25:37
PAY-20260601-0005629,TRP-20260601-0005629,47.92,credit_card,settled,2026-06-02 11:10:05
PAY-20260601-0005630,TRP-20260601-0005630,15.43,credit_card,settled,2026-06-02 18:55:54
PAY-20260601-0005631,TRP-20260601-0005631,17.09,mada,settled,2026-06-01 14:19:54
PAY-20260601-0005632,TRP-20260601-0005632,38.62,apple_pay,settled,2026-06-01 15:45:19
PAY-20260601-0005633,TRP-20260601-0005633,10.00,stc_pay,settled,2026-06-01 10:07:24
PAY-20260601-0005634,TRP-20260601-0005634,14.33,mada,settled,2026-06-01 08:37:14
PAY-20260601-0005635,TRP-20260601-0005635,17.11,mada,settled,2026-06-01 07:57:56
PAY-20260601-0005636,TRP-20260601-0005636,65.34,credit_card,settled,2026-06-01 15:44:19
PAY-20260601-0005637,TRP-20260601-0005637,46.72,mada,settled,2026-06-01 17:46:34
PAY-20260601-0005638,TRP-20260601-0005638,29.19,apple_pay,settled,2026-06-01 16:38:53
PAY-20260601-0005639,TRP-20260601-0005639,20.64,apple_pay,settled,2026-06-01 16:20:49
PAY-20260601-0005640,TRP-20260601-0005640,71.67,apple_pay,settled,2026-06-02 00:40:53
PAY-20260601-0005641,TRP-20260601-0005641,21.78,credit_card,settled,2026-06-01 21:52:12
PAY-20260601-0005642,TRP-20260601-0005642,14.01,credit_card,settled,2026-06-01 10:11:33
PAY-20260601-0005643,TRP-20260601-0005643,26.69,mada,settled,2026-06-01 10:33:24
PAY-20260601-0005644,TRP-20260601-0005644,19.78,mada,settled,2026-06-01 11:47:02
PAY-20260601-0005645,TRP-20260601-0005645,35.78,stc_pay,settled,2026-06-01 20:23:13
PAY-20260601-0005646,TRP-20260601-0005646,21.42,apple_pay,settled,2026-06-02 07:00:28
PAY-20260601-0005647,TRP-20260601-0005647,151.56,mada,settled,2026-06-01 13:03:52
PAY-20260601-0005648,TRP-20260601-0005648,70.23,apple_pay,settled,2026-06-01 22:58:54
PAY-20260601-0005649,TRP-20260601-0005649,26.87,mada,settled,2026-06-02 13:53:45
PAY-20260601-0005650,TRP-20260601-0005650,51.70,credit_card,settled,2026-06-02 04:44:03
PAY-20260601-0005651,TRP-20260601-0005651,10.00,credit_card,settled,2026-06-02 11:06:35
PAY-20260601-0005652,TRP-20260601-0005652,40.19,mada,settled,2026-06-01 06:24:02
PAY-20260601-0005653,TRP-20260601-0005653,12.12,credit_card,settled,2026-06-01 05:58:27
PAY-20260601-0005654,TRP-20260601-0005654,27.34,mada,settled,2026-06-02 15:19:33
PAY-20260601-0005655,TRP-20260601-0005655,118.25,apple_pay,settled,2026-06-01 15:38:37
PAY-20260601-0005656,TRP-20260601-0005656,80.66,mada,settled,2026-06-01 17:15:57
PAY-20260601-0005657,TRP-20260601-0005657,50.70,mada,settled,2026-06-01 16:43:42
PAY-20260601-0005658,TRP-20260601-0005658,20.54,credit_card,settled,2026-06-01 06:59:22
PAY-20260601-0005659,TRP-20260601-0005659,19.23,stc_pay,settled,2026-06-01 17:45:40
PAY-20260601-0005660,TRP-20260601-0005660,19.06,mada,settled,2026-06-01 12:27:53
PAY-20260601-0005661,TRP-20260601-0005661,16.39,apple_pay,settled,2026-06-01 13:11:19
PAY-20260601-0005662,TRP-20260601-0005662,24.95,cash,settled,2026-06-01 07:05:38
PAY-20260601-0005663,TRP-20260601-0005663,15.57,cash,settled,2026-06-01 04:54:23
PAY-20260601-0005664,TRP-20260601-0005664,37.07,credit_card,settled,2026-05-31 21:57:26
PAY-20260601-0005665,TRP-20260601-0005665,14.51,mada,settled,2026-06-01 09:09:54
PAY-20260601-0005666,TRP-20260601-0005666,12.00,credit_card,settled,2026-06-02 05:56:15
PAY-20260601-0005667,TRP-20260601-0005667,23.53,credit_card,settled,2026-06-01 20:12:33
PAY-20260601-0005668,TRP-20260601-0005668,30.84,apple_pay,settled,2026-06-01 16:42:14
PAY-20260601-0005669,TRP-20260601-0005669,71.68,credit_card,settled,2026-06-01 06:15:56
PAY-20260601-0005670,TRP-20260601-0005670,24.85,mada,settled,2026-06-01 13:06:56
PAY-20260601-0005671,TRP-20260601-0005671,30.81,mada,pending,2026-06-01 08:21:59
PAY-20260601-0005672,TRP-20260601-0005672,25.71,wallet,settled,2026-06-02 00:20:39
PAY-20260601-0005673,TRP-20260601-0005673,18.00,cash,settled,2026-06-01 17:30:31
PAY-20260601-0005674,TRP-20260601-0005674,19.00,credit_card,settled,2026-06-01 14:09:51
PAY-20260601-0005675,TRP-20260601-0005675,56.84,mada,settled,2026-06-01 17:35:49
PAY-20260601-0005676,TRP-20260601-0005676,12.18,credit_card,settled,2026-05-31 22:01:47
PAY-20260601-0005677,TRP-20260601-0005677,20.19,mada,settled,2026-06-01 03:31:30
PAY-20260601-0005678,TRP-20260601-0005678,43.99,mada,settled,2026-06-01 15:29:15
PAY-20260601-0005679,TRP-20260601-0005679,14.37,wallet,settled,2026-06-01 12:38:52
PAY-20260601-0005680,TRP-20260601-0005680,14.22,credit_card,settled,2026-06-02 03:22:46
PAY-20260601-0005681,TRP-20260601-0005681,56.34,apple_pay,settled,2026-06-01 21:39:30
PAY-20260601-0005682,TRP-20260601-0005682,46.81,cash,settled,2026-06-01 15:25:50
PAY-20260601-0005683,TRP-20260601-0005683,32.19,apple_pay,settled,2026-06-02 14:59:13
PAY-20260601-0005684,TRP-20260601-0005684,22.49,stc_pay,settled,2026-06-01 06:06:54
PAY-20260601-0005685,TRP-20260601-0005685,37.12,cash,settled,2026-06-01 17:27:22
PAY-20260601-0005686,TRP-20260601-0005686,14.14,cash,settled,2026-06-01 13:13:38
PAY-20260601-0005687,TRP-20260601-0005687,68.71,cash,settled,2026-06-01 18:11:55
PAY-20260601-0005688,TRP-20260601-0005688,23.71,credit_card,settled,2026-06-01 21:56:46
PAY-20260601-0005689,TRP-20260601-0005689,53.16,wallet,settled,2026-06-01 23:11:04
PAY-20260601-0005690,TRP-20260601-0005690,53.68,wallet,settled,2026-06-02 08:06:54
PAY-20260601-0005691,TRP-20260601-0005691,6.00,mada,settled,2026-06-02 04:38:39
PAY-20260601-0005692,TRP-20260601-0005692,18.98,credit_card,settled,2026-06-01 18:06:53
PAY-20260601-0005693,TRP-20260601-0005693,27.83,mada,settled,2026-06-01 07:52:34
PAY-20260601-0005694,TRP-20260601-0005694,51.26,apple_pay,settled,2026-06-02 13:58:34
PAY-20260601-0005695,TRP-20260601-0005695,29.79,mada,settled,2026-06-01 11:14:03
PAY-20260601-0005696,TRP-20260601-0005696,43.87,apple_pay,settled,2026-06-01 18:52:13
PAY-20260601-0005697,TRP-20260601-0005697,28.85,mada,settled,2026-06-01 18:52:36
PAY-20260601-0005698,TRP-20260601-0005698,37.91,apple_pay,settled,2026-06-01 08:20:48
PAY-20260601-0005699,TRP-20260601-0005699,21.23,mada,settled,2026-06-01 14:03:10
PAY-20260601-0005700,TRP-20260601-0005700,133.91,apple_pay,settled,2026-06-01 17:55:08
PAY-20260601-0005701,TRP-20260601-0005701,25.06,credit_card,settled,2026-06-01 19:36:12
PAY-20260601-0005702,TRP-20260601-0005702,56.94,credit_card,settled,2026-06-01 17:03:02
PAY-20260601-0005703,TRP-20260601-0005703,43.64,mada,settled,2026-06-01 17:03:59
PAY-20260601-0005704,TRP-20260601-0005704,22.43,credit_card,settled,2026-06-01 08:52:21
PAY-20260601-0005705,TRP-20260601-0005705,32.55,credit_card,settled,2026-06-02 09:26:15
PAY-20260601-0005706,TRP-20260601-0005706,73.06,credit_card,settled,2026-06-01 16:29:15
PAY-20260601-0005707,TRP-20260601-0005707,16.91,mada,settled,2026-06-02 12:51:40
PAY-20260601-0005708,TRP-20260601-0005708,18.24,credit_card,settled,2026-06-01 17:05:59
PAY-20260601-0005709,TRP-20260601-0005709,82.61,mada,settled,2026-06-01 19:34:33
PAY-20260601-0005710,TRP-20260601-0005710,38.68,cash,settled,2026-06-01 16:39:40
PAY-20260601-0005711,TRP-20260601-0005711,19.28,mada,settled,2026-06-01 19:08:27
PAY-20260601-0005712,TRP-20260601-0005712,159.84,apple_pay,settled,2026-06-02 00:52:48
PAY-20260601-0005713,TRP-20260601-0005713,40.46,credit_card,settled,2026-06-01 19:23:47
PAY-20260601-0005714,TRP-20260601-0005714,12.00,mada,settled,2026-06-01 05:13:02
PAY-20260601-0005715,TRP-20260601-0005715,31.81,apple_pay,settled,2026-06-01 20:45:35
PAY-20260601-0005716,TRP-20260601-0005716,195.80,wallet,pending,2026-06-01 17:44:52
PAY-20260601-0005717,TRP-20260601-0005717,38.65,cash,settled,2026-06-01 16:55:37
PAY-20260601-0005718,TRP-20260601-0005718,15.91,stc_pay,settled,2026-06-01 15:41:27
PAY-20260601-0005719,TRP-20260601-0005719,12.00,credit_card,settled,2026-06-01 15:25:11
PAY-20260601-0005720,TRP-20260601-0005720,6.00,mada,settled,2026-06-01 10:48:44
PAY-20260601-0005721,TRP-20260601-0005721,47.82,cash,settled,2026-06-01 14:53:13
PAY-20260601-0005722,TRP-20260601-0005722,100.64,mada,settled,2026-06-01 18:08:00
PAY-20260601-0005723,TRP-20260601-0005723,21.85,mada,settled,2026-06-01 21:43:11
PAY-20260601-0005724,TRP-20260601-0005724,32.66,credit_card,settled,2026-06-01 12:41:31
PAY-20260601-0005725,TRP-20260601-0005725,12.00,cash,settled,2026-06-01 03:15:41
PAY-20260601-0005726,TRP-20260601-0005726,35.85,mada,settled,2026-06-01 18:20:44
PAY-20260601-0005727,TRP-20260601-0005727,31.71,mada,settled,2026-06-01 06:30:19
PAY-20260601-0005728,TRP-20260601-0005728,30.60,cash,settled,2026-06-01 06:05:33
PAY-20260601-0005729,TRP-20260601-0005729,19.64,stc_pay,settled,2026-06-01 07:37:30
PAY-20260601-0005730,TRP-20260601-0005730,18.63,wallet,settled,2026-06-01 17:09:40
PAY-20260601-0005732,TRP-20260601-0005732,93.72,cash,settled,2026-06-01 15:48:33
PAY-20260601-0005733,TRP-20260601-0005733,67.40,wallet,settled,2026-06-02 02:22:25
PAY-20260601-0005734,TRP-20260601-0005734,119.95,stc_pay,settled,2026-06-01 18:24:34
PAY-20260601-0005735,TRP-20260601-0005735,59.66,apple_pay,settled,2026-06-02 13:37:58
PAY-20260601-0005736,TRP-20260601-0005736,236.75,credit_card,settled,2026-06-01 19:20:01
PAY-20260601-0005737,TRP-20260601-0005737,19.40,credit_card,settled,2026-06-01 23:48:45
PAY-20260601-0005738,TRP-20260601-0005738,85.49,mada,settled,2026-06-01 17:20:33
PAY-20260601-0005739,TRP-20260601-0005739,41.78,mada,settled,2026-06-01 17:59:32
PAY-20260601-0005740,TRP-20260601-0005740,33.68,mada,settled,2026-06-02 11:40:04
PAY-20260601-0005741,TRP-20260601-0005741,58.80,credit_card,settled,2026-06-01 17:08:28
PAY-20260601-0005742,TRP-20260601-0005742,23.71,mada,settled,2026-06-01 18:12:58
PAY-20260601-0005743,TRP-20260601-0005743,186.47,mada,settled,2026-06-01 17:38:27
PAY-20260601-0005744,TRP-20260601-0005744,12.00,mada,settled,2026-06-01 21:53:24
PAY-20260601-0005745,TRP-20260601-0005745,26.36,mada,settled,2026-06-01 23:41:31
PAY-20260601-0005746,TRP-20260601-0005746,12.33,mada,settled,2026-06-01 07:37:33
PAY-20260601-0005747,TRP-20260601-0005747,39.01,mada,settled,2026-06-01 22:18:19
PAY-20260601-0005748,TRP-20260601-0005748,15.27,mada,settled,2026-06-02 14:44:39
PAY-20260601-0005749,TRP-20260601-0005749,23.40,mada,settled,2026-06-01 16:14:54
PAY-20260601-0005750,TRP-20260601-0005750,18.87,credit_card,settled,2026-06-01 07:08:00
PAY-20260601-0005751,TRP-20260601-0005751,24.85,mada,settled,2026-06-01 14:29:50
PAY-20260601-0005752,TRP-20260601-0005752,12.00,credit_card,settled,2026-06-01 20:11:43
PAY-20260601-0005753,TRP-20260601-0005753,72.52,mada,settled,2026-06-01 16:12:16
PAY-20260601-0005754,TRP-20260601-0005754,8.00,credit_card,settled,2026-06-01 20:49:23
PAY-20260601-0005755,TRP-20260601-0005755,43.62,credit_card,settled,2026-06-01 15:39:16
PAY-20260601-0005757,TRP-20260601-0005757,26.87,mada,settled,2026-06-01 10:11:52
PAY-20260601-0005758,TRP-20260601-0005758,62.08,mada,settled,2026-06-01 20:10:34
PAY-20260601-0005759,TRP-20260601-0005759,19.16,apple_pay,settled,2026-06-01 18:10:56
PAY-20260601-0005760,TRP-20260601-0005760,71.28,apple_pay,settled,2026-06-01 14:30:17
PAY-20260601-0005761,TRP-20260601-0005761,35.33,mada,settled,2026-06-01 05:26:56
PAY-20260601-0005762,TRP-20260601-0005762,36.56,stc_pay,settled,2026-06-02 04:17:12
PAY-20260601-0005763,TRP-20260601-0005763,12.51,wallet,settled,2026-06-02 04:11:59
PAY-20260601-0005764,TRP-20260601-0005764,17.06,mada,settled,2026-06-02 03:06:08
PAY-20260601-0005765,TRP-20260601-0005765,36.94,mada,settled,2026-06-02 10:12:04
PAY-20260601-0005766,TRP-20260601-0005766,68.61,mada,settled,2026-06-01 18:04:53
PAY-20260601-0005767,TRP-20260601-0005767,24.82,mada,settled,2026-06-01 09:12:59
PAY-20260601-0005768,TRP-20260601-0005768,25.77,mada,settled,2026-06-01 10:38:07
PAY-20260601-0005769,TRP-20260601-0005769,8.00,mada,settled,2026-06-01 02:49:58
PAY-20260601-0005771,TRP-20260601-0005771,47.18,mada,settled,2026-06-01 17:55:35
PAY-20260601-0005772,TRP-20260601-0005772,34.66,apple_pay,settled,2026-06-01 13:47:10
PAY-20260601-0005773,TRP-20260601-0005773,12.00,mada,settled,2026-06-01 19:09:56
PAY-20260601-0005774,TRP-20260601-0005774,25.09,credit_card,settled,2026-06-02 01:27:38
PAY-20260601-0005775,TRP-20260601-0005775,16.42,credit_card,settled,2026-06-02 07:21:04
PAY-20260601-0005776,TRP-20260601-0005776,25.22,credit_card,settled,2026-06-01 18:12:12
PAY-20260601-0005777,TRP-20260601-0005777,34.93,cash,settled,2026-06-01 08:14:40
PAY-20260601-0005778,TRP-20260601-0005778,29.06,mada,settled,2026-06-01 11:16:03
PAY-20260601-0005779,TRP-20260601-0005779,22.64,mada,settled,2026-06-01 16:46:00
PAY-20260601-0005780,TRP-20260601-0005780,77.68,mada,settled,2026-06-01 03:35:11
PAY-20260601-0005781,TRP-20260601-0005781,26.72,mada,settled,2026-06-01 05:13:03
PAY-20260601-0005782,TRP-20260601-0005782,112.78,credit_card,settled,2026-06-01 17:12:21
PAY-20260601-0005783,TRP-20260601-0005783,19.46,credit_card,settled,2026-06-01 14:21:00
PAY-20260601-0005784,TRP-20260601-0005784,32.53,mada,settled,2026-06-01 04:30:19
PAY-20260601-0005785,TRP-20260601-0005785,136.57,cash,settled,2026-06-01 10:23:10
PAY-20260601-0005786,TRP-20260601-0005786,107.24,mada,pending,2026-06-01 06:02:15
PAY-20260601-0005787,TRP-20260601-0005787,14.92,mada,settled,2026-06-02 03:20:52
PAY-20260601-0005788,TRP-20260601-0005788,42.98,apple_pay,settled,2026-06-01 09:08:42
PAY-20260601-0005789,TRP-20260601-0005789,41.39,mada,settled,2026-06-01 23:04:34
PAY-20260601-0005791,TRP-20260601-0005791,93.63,mada,settled,2026-06-01 14:21:41
PAY-20260601-0005792,TRP-20260601-0005792,22.99,cash,settled,2026-06-01 09:57:22
PAY-20260601-0005793,TRP-20260601-0005793,56.65,apple_pay,settled,2026-06-01 12:59:41
PAY-20260601-0005794,TRP-20260601-0005794,99.10,mada,settled,2026-06-01 11:46:47
PAY-20260601-0005795,TRP-20260601-0005795,37.10,apple_pay,settled,2026-06-01 12:00:13
PAY-20260601-0005796,TRP-20260601-0005796,41.24,cash,settled,2026-06-01 15:04:26
PAY-20260601-0005797,TRP-20260601-0005797,17.26,apple_pay,settled,2026-06-01 04:56:20
PAY-20260601-0005798,TRP-20260601-0005798,58.26,mada,settled,2026-06-01 23:42:23
PAY-20260601-0005799,TRP-20260601-0005799,16.93,mada,settled,2026-06-01 09:23:53
PAY-20260601-0005800,TRP-20260601-0005800,15.73,mada,settled,2026-06-01 11:10:26
PAY-20260601-0005801,TRP-20260601-0005801,55.30,mada,settled,2026-06-01 21:40:54
PAY-20260601-0005802,TRP-20260601-0005802,26.20,credit_card,settled,2026-06-01 16:29:51
PAY-20260601-0005803,TRP-20260601-0005803,17.62,mada,settled,2026-06-01 18:59:05
PAY-20260601-0005805,TRP-20260601-0005805,14.09,credit_card,settled,2026-06-01 13:55:52
PAY-20260601-0005806,TRP-20260601-0005806,70.36,apple_pay,settled,2026-06-02 10:43:29
PAY-20260601-0005807,TRP-20260601-0005807,41.88,mada,settled,2026-06-01 21:12:13
PAY-20260601-0005808,TRP-20260601-0005808,65.33,stc_pay,settled,2026-06-01 06:12:59
PAY-20260601-0005809,TRP-20260601-0005809,27.00,mada,settled,2026-06-01 12:09:46
PAY-20260601-0005810,TRP-20260601-0005810,17.08,cash,settled,2026-06-01 14:15:31
PAY-20260601-0005811,TRP-20260601-0005811,30.61,stc_pay,settled,2026-06-01 16:59:34
PAY-20260601-0005812,TRP-20260601-0005812,172.04,mada,settled,2026-06-01 18:08:49
PAY-20260601-0005813,TRP-20260601-0005813,102.32,credit_card,settled,2026-06-01 06:57:52
PAY-20260601-0005814,TRP-20260601-0005814,23.41,wallet,settled,2026-06-02 05:29:34
PAY-20260601-0005815,TRP-20260601-0005815,18.76,mada,settled,2026-06-01 07:54:17
PAY-20260601-0005816,TRP-20260601-0005816,42.08,credit_card,settled,2026-06-01 05:11:02
PAY-20260601-0005817,TRP-20260601-0005817,23.25,mada,settled,2026-06-01 18:18:55
PAY-20260601-0005818,TRP-20260601-0005818,34.94,mada,settled,2026-06-02 19:39:29
PAY-20260601-0005819,TRP-20260601-0005819,17.24,mada,settled,2026-06-02 12:33:00
PAY-20260601-0005821,TRP-20260601-0005821,10.63,credit_card,settled,2026-06-01 08:10:06
PAY-20260601-0005822,TRP-20260601-0005822,16.71,mada,settled,2026-06-01 08:15:55
PAY-20260601-0005823,TRP-20260601-0005823,26.89,credit_card,settled,2026-06-02 13:24:03
PAY-20260601-0005824,TRP-20260601-0005824,12.83,credit_card,settled,2026-06-01 18:56:15
PAY-20260601-0005825,TRP-20260601-0005825,36.80,mada,settled,2026-06-02 06:13:41
PAY-20260601-0005826,TRP-20260601-0005826,54.61,credit_card,settled,2026-06-01 16:56:57
PAY-20260601-0005827,TRP-20260601-0005827,17.54,apple_pay,settled,2026-06-01 14:10:44
PAY-20260601-0005828,TRP-20260601-0005828,25.68,mada,settled,2026-06-01 15:36:38
PAY-20260601-0005829,TRP-20260601-0005829,19.57,mada,settled,2026-06-01 18:40:10
PAY-20260601-0005830,TRP-20260601-0005830,49.53,mada,settled,2026-06-02 10:41:40
PAY-20260601-0005831,TRP-20260601-0005831,12.27,stc_pay,settled,2026-06-01 16:56:37
PAY-20260601-0005832,TRP-20260601-0005832,18.37,cash,settled,2026-06-01 05:07:14
PAY-20260601-0005833,TRP-20260601-0005833,26.09,mada,settled,2026-06-01 06:39:28
PAY-20260601-0005834,TRP-20260601-0005834,12.00,mada,settled,2026-06-01 18:09:56
PAY-20260601-0005835,TRP-20260601-0005835,44.40,mada,settled,2026-06-01 15:07:21
PAY-20260601-0005836,TRP-20260601-0005836,60.09,mada,failed,2026-06-01 21:07:29
PAY-20260601-0005837,TRP-20260601-0005837,12.00,credit_card,settled,2026-06-01 17:22:42
PAY-20260601-0005838,TRP-20260601-0005838,38.13,cash,settled,2026-06-01 15:47:09
PAY-20260601-0005839,TRP-20260601-0005839,28.14,credit_card,settled,2026-06-01 16:45:24
PAY-20260601-0005840,TRP-20260601-0005840,33.33,apple_pay,settled,2026-06-01 09:19:06
PAY-20260601-0005841,TRP-20260601-0005841,43.73,apple_pay,settled,2026-06-01 11:13:35
PAY-20260601-0005842,TRP-20260601-0005842,24.07,mada,settled,2026-06-01 10:58:08
PAY-20260601-0005843,TRP-20260601-0005843,37.60,apple_pay,settled,2026-06-01 08:12:54
PAY-20260601-0005844,TRP-20260601-0005844,46.70,stc_pay,settled,2026-06-01 16:11:15
PAY-20260601-0005845,TRP-20260601-0005845,44.61,credit_card,pending,2026-06-01 04:36:13
PAY-20260601-0005846,TRP-20260601-0005846,51.24,cash,settled,2026-06-01 17:50:21
PAY-20260601-0005847,TRP-20260601-0005847,82.39,wallet,settled,2026-06-01 16:40:01
PAY-20260601-0005848,TRP-20260601-0005848,65.86,mada,settled,2026-06-01 20:49:44
PAY-20260601-0005849,TRP-20260601-0005849,8.00,apple_pay,settled,2026-06-01 07:52:38
PAY-20260601-0005850,TRP-20260601-0005850,40.18,cash,settled,2026-06-01 15:53:27
PAY-20260601-0005851,TRP-20260601-0005851,142.20,credit_card,settled,2026-06-01 19:26:24
PAY-20260601-0005852,TRP-20260601-0005852,41.43,mada,settled,2026-06-01 14:12:19
PAY-20260601-0005853,TRP-20260601-0005853,15.14,credit_card,settled,2026-06-01 05:43:29
PAY-20260601-0005854,TRP-20260601-0005854,24.27,mada,settled,2026-06-01 16:17:49
PAY-20260601-0005855,TRP-20260601-0005855,47.05,stc_pay,settled,2026-06-01 15:19:24
PAY-20260601-0005857,TRP-20260601-0005857,60.30,credit_card,settled,2026-06-01 16:07:37
PAY-20260601-0005858,TRP-20260601-0005858,12.00,cash,settled,2026-06-01 11:41:59
PAY-20260601-0005859,TRP-20260601-0005859,82.76,cash,settled,2026-06-01 18:41:38
PAY-20260601-0005860,TRP-20260601-0005860,86.32,mada,settled,2026-06-01 17:11:28
PAY-20260601-0005861,TRP-20260601-0005861,34.75,credit_card,settled,2026-06-01 14:57:23
PAY-20260601-0005862,TRP-20260601-0005862,12.32,mada,settled,2026-06-01 13:00:57
PAY-20260601-0005863,TRP-20260601-0005863,63.58,credit_card,settled,2026-06-01 16:38:32
PAY-20260601-0005864,TRP-20260601-0005864,23.86,cash,settled,2026-06-01 05:11:00
PAY-20260601-0005865,TRP-20260601-0005865,41.83,credit_card,refunded,2026-06-01 07:02:08
PAY-20260601-0005866,TRP-20260601-0005866,59.34,mada,settled,2026-06-01 18:52:26
PAY-20260601-0005867,TRP-20260601-0005867,78.67,stc_pay,settled,2026-06-01 11:13:33
PAY-20260601-0005868,TRP-20260601-0005868,136.16,credit_card,settled,2026-06-01 19:16:46
PAY-20260601-0005869,TRP-20260601-0005869,16.86,mada,settled,2026-06-01 19:46:59
PAY-20260601-0005870,TRP-20260601-0005870,59.79,apple_pay,settled,2026-06-01 17:02:05
PAY-20260601-0005872,TRP-20260601-0005872,44.26,wallet,settled,2026-06-01 20:52:30
PAY-20260601-0005873,TRP-20260601-0005873,31.91,credit_card,settled,2026-06-01 13:57:27
PAY-20260601-0005874,TRP-20260601-0005874,28.21,mada,settled,2026-06-01 14:57:30
PAY-20260601-0005875,TRP-20260601-0005875,21.55,cash,settled,2026-06-01 12:12:41
PAY-20260601-0005876,TRP-20260601-0005876,120.72,stc_pay,settled,2026-06-01 16:38:04
PAY-20260601-0005877,TRP-20260601-0005877,95.48,apple_pay,settled,2026-06-01 17:26:29
PAY-20260601-0005879,TRP-20260601-0005879,185.72,mada,settled,2026-06-01 18:47:03
PAY-20260601-0005880,TRP-20260601-0005880,28.96,cash,settled,2026-06-01 07:10:43
PAY-20260601-0005881,TRP-20260601-0005881,99.66,cash,settled,2026-06-01 17:51:10
PAY-20260601-0005882,TRP-20260601-0005882,46.51,mada,settled,2026-06-02 09:34:57
PAY-20260601-0005883,TRP-20260601-0005883,65.91,mada,settled,2026-06-01 16:27:52
PAY-20260601-0005884,TRP-20260601-0005884,24.91,wallet,settled,2026-06-01 19:26:52
PAY-20260601-0005885,TRP-20260601-0005885,108.45,cash,settled,2026-06-01 13:34:27
PAY-20260601-0005886,TRP-20260601-0005886,44.68,credit_card,settled,2026-06-01 21:08:31
PAY-20260601-0005887,TRP-20260601-0005887,13.71,cash,settled,2026-05-31 23:31:31
PAY-20260601-0005888,TRP-20260601-0005888,38.20,mada,settled,2026-06-01 20:33:18
PAY-20260601-0005889,TRP-20260601-0005889,24.34,stc_pay,settled,2026-06-01 05:55:17
PAY-20260601-0005890,TRP-20260601-0005890,33.96,wallet,settled,2026-06-01 10:51:03
PAY-20260601-0005891,TRP-20260601-0005891,33.65,mada,settled,2026-06-01 06:08:59
PAY-20260601-0005892,TRP-20260601-0005892,31.45,cash,settled,2026-06-01 05:02:39
PAY-20260601-0005893,TRP-20260601-0005893,18.67,apple_pay,settled,2026-06-01 17:11:13
PAY-20260601-0005894,TRP-20260601-0005894,46.92,mada,settled,2026-06-02 02:53:40
PAY-20260601-0005895,TRP-20260601-0005895,62.64,mada,settled,2026-06-01 16:49:09
PAY-20260601-0005896,TRP-20260601-0005896,17.05,mada,settled,2026-06-02 17:45:54
PAY-20260601-0005897,TRP-20260601-0005897,43.14,mada,settled,2026-06-01 05:14:54
PAY-20260601-0005898,TRP-20260601-0005898,17.88,credit_card,settled,2026-06-02 14:50:24
PAY-20260601-0005899,TRP-20260601-0005899,44.22,cash,settled,2026-06-01 09:54:31
PAY-20260601-0005900,TRP-20260601-0005900,30.27,stc_pay,settled,2026-06-01 13:17:48
PAY-20260601-0005901,TRP-20260601-0005901,25.14,credit_card,settled,2026-06-01 07:06:26
PAY-20260601-0005902,TRP-20260601-0005902,10.69,wallet,settled,2026-06-01 14:57:17
PAY-20260601-0005903,TRP-20260601-0005903,53.76,wallet,settled,2026-06-01 16:46:27
PAY-20260601-0005904,TRP-20260601-0005904,24.18,cash,settled,2026-06-01 08:56:48
PAY-20260601-0005905,TRP-20260601-0005905,19.15,mada,settled,2026-06-01 17:14:20
PAY-20260601-0005906,TRP-20260601-0005906,83.42,mada,settled,2026-06-01 12:52:11
PAY-20260601-0005907,TRP-20260601-0005907,26.90,credit_card,settled,2026-06-01 06:09:37
PAY-20260601-0005908,TRP-20260601-0005908,25.85,cash,settled,2026-06-01 11:50:57
PAY-20260601-0005909,TRP-20260601-0005909,22.58,credit_card,settled,2026-06-01 19:21:10
PAY-20260601-0005910,TRP-20260601-0005910,20.12,credit_card,settled,2026-06-01 20:00:53
PAY-20260601-0005911,TRP-20260601-0005911,16.10,cash,settled,2026-06-01 19:59:34
PAY-20260601-0005912,TRP-20260601-0005912,18.31,credit_card,settled,2026-06-01 19:20:26
PAY-20260601-0005913,TRP-20260601-0005913,21.27,apple_pay,settled,2026-06-01 20:27:28
PAY-20260601-0005914,TRP-20260601-0005914,82.41,mada,settled,2026-06-01 07:49:02
PAY-20260601-0005915,TRP-20260601-0005915,64.87,credit_card,settled,2026-06-02 07:37:03
PAY-20260601-0005916,TRP-20260601-0005916,23.70,apple_pay,settled,2026-06-02 11:03:05
PAY-20260601-0005917,TRP-20260601-0005917,49.63,credit_card,settled,2026-06-02 00:34:38
PAY-20260601-0005918,TRP-20260601-0005918,29.16,cash,settled,2026-06-01 18:46:44
PAY-20260601-0005919,TRP-20260601-0005919,24.30,mada,settled,2026-06-01 15:47:09
PAY-20260601-0005920,TRP-20260601-0005920,26.02,wallet,settled,2026-06-01 10:02:19
PAY-20260601-0005921,TRP-20260601-0005921,21.35,mada,settled,2026-06-01 04:20:06
PAY-20260601-0005922,TRP-20260601-0005922,42.36,apple_pay,settled,2026-06-01 15:05:57
PAY-20260601-0005923,TRP-20260601-0005923,12.00,mada,settled,2026-05-31 22:22:37
PAY-20260601-0005924,TRP-20260601-0005924,30.42,credit_card,settled,2026-06-01 11:39:46
PAY-20260601-0005925,TRP-20260601-0005925,18.19,mada,settled,2026-06-01 14:57:38
PAY-20260601-0005926,TRP-20260601-0005926,57.07,apple_pay,settled,2026-06-01 15:20:44
PAY-20260601-0005927,TRP-20260601-0005927,22.61,stc_pay,settled,2026-06-01 15:57:11
PAY-20260601-0005928,TRP-20260601-0005928,39.55,mada,settled,2026-06-01 21:47:23
PAY-20260601-0005929,TRP-20260601-0005929,11.07,wallet,settled,2026-06-01 12:19:00
PAY-20260601-0005930,TRP-20260601-0005930,16.82,cash,settled,2026-06-01 12:01:40
PAY-20260601-0005931,TRP-20260601-0005931,22.35,stc_pay,settled,2026-06-01 10:11:22
PAY-20260601-0005932,TRP-20260601-0005932,16.42,apple_pay,settled,2026-06-01 12:12:05
PAY-20260601-0005933,TRP-20260601-0005933,24.10,cash,settled,2026-06-01 12:43:12
PAY-20260601-0005934,TRP-20260601-0005934,26.42,apple_pay,settled,2026-06-01 12:21:38
PAY-20260601-0005935,TRP-20260601-0005935,37.42,mada,settled,2026-06-01 08:36:19
PAY-20260601-0005936,TRP-20260601-0005936,15.41,mada,settled,2026-06-01 17:05:32
PAY-20260601-0005937,TRP-20260601-0005937,20.95,credit_card,settled,2026-06-01 21:28:53
PAY-20260601-0005938,TRP-20260601-0005938,36.09,cash,settled,2026-06-01 06:31:36
PAY-20260601-0005939,TRP-20260601-0005939,12.00,apple_pay,settled,2026-06-02 05:46:58
PAY-20260601-0005940,TRP-20260601-0005940,74.26,mada,settled,2026-06-01 11:53:23
PAY-20260601-0005941,TRP-20260601-0005941,40.50,cash,settled,2026-06-01 14:47:41
PAY-20260601-0005942,TRP-20260601-0005942,65.21,credit_card,settled,2026-06-01 10:30:05
PAY-20260601-0005943,TRP-20260601-0005943,33.55,mada,settled,2026-06-01 21:33:15
PAY-20260601-0005944,TRP-20260601-0005944,75.87,mada,settled,2026-06-01 14:17:15
PAY-20260601-0005945,TRP-20260601-0005945,59.81,stc_pay,settled,2026-06-02 04:12:42
PAY-20260601-0005946,TRP-20260601-0005946,24.99,wallet,settled,2026-06-01 11:11:25
PAY-20260601-0005947,TRP-20260601-0005947,62.97,stc_pay,settled,2026-06-01 05:53:00
PAY-20260601-0005948,TRP-20260601-0005948,25.19,credit_card,settled,2026-06-01 23:49:03
PAY-20260601-0005949,TRP-20260601-0005949,29.11,apple_pay,settled,2026-06-01 08:35:17
PAY-20260601-0005950,TRP-20260601-0005950,27.55,wallet,settled,2026-06-01 16:59:52
PAY-20260601-0005951,TRP-20260601-0005951,34.10,credit_card,settled,2026-06-01 07:32:23
PAY-20260601-0005952,TRP-20260601-0005952,24.22,stc_pay,settled,2026-06-02 15:51:55
PAY-20260601-0005953,TRP-20260601-0005953,28.80,mada,settled,2026-06-01 17:24:13
PAY-20260601-0005954,TRP-20260601-0005954,13.02,apple_pay,failed,2026-06-01 09:54:33
PAY-20260601-0005955,TRP-20260601-0005955,23.69,mada,settled,2026-06-01 04:53:42
PAY-20260601-0005956,TRP-20260601-0005956,11.01,mada,settled,2026-06-01 17:59:30
PAY-20260601-0005957,TRP-20260601-0005957,21.12,cash,settled,2026-06-01 08:33:49
PAY-20260601-0005958,TRP-20260601-0005958,31.67,mada,settled,2026-06-02 00:37:41
PAY-20260601-0005959,TRP-20260601-0005959,12.00,mada,settled,2026-06-02 05:50:24
PAY-20260601-0005960,TRP-20260601-0005960,35.54,wallet,settled,2026-06-01 17:43:40
PAY-20260601-0005961,TRP-20260601-0005961,37.00,credit_card,settled,2026-06-01 06:03:00
PAY-20260601-0005962,TRP-20260601-0005962,50.94,credit_card,settled,2026-06-01 13:05:36
PAY-20260601-0005963,TRP-20260601-0005963,57.85,apple_pay,settled,2026-06-01 19:22:58
PAY-20260601-0005964,TRP-20260601-0005964,83.16,stc_pay,settled,2026-06-01 05:13:02
PAY-20260601-0005965,TRP-20260601-0005965,145.62,apple_pay,settled,2026-06-02 02:26:31
PAY-20260601-0005966,TRP-20260601-0005966,56.64,mada,settled,2026-06-01 21:47:43
PAY-20260601-0005967,TRP-20260601-0005967,70.66,mada,settled,2026-06-02 01:18:48
PAY-20260601-0005968,TRP-20260601-0005968,33.05,mada,settled,2026-06-02 12:10:29
PAY-20260601-0005969,TRP-20260601-0005969,6.00,cash,settled,2026-06-01 19:35:14
PAY-20260601-0005970,TRP-20260601-0005970,66.31,cash,settled,2026-06-01 20:44:19
PAY-20260601-0005971,TRP-20260601-0005971,18.14,cash,settled,2026-06-01 12:52:53
PAY-20260601-0005972,TRP-20260601-0005972,23.38,stc_pay,settled,2026-06-01 05:35:55
PAY-20260601-0005973,TRP-20260601-0005973,22.76,credit_card,settled,2026-06-01 10:07:16
PAY-20260601-0005974,TRP-20260601-0005974,8.00,credit_card,settled,2026-06-01 05:20:36
PAY-20260601-0005975,TRP-20260601-0005975,6.00,cash,settled,2026-06-01 05:40:27
PAY-20260601-0005976,TRP-20260601-0005976,75.60,cash,settled,2026-06-01 18:57:07
PAY-20260601-0005977,TRP-20260601-0005977,24.63,mada,settled,2026-06-01 15:10:51
PAY-20260601-0005978,TRP-20260601-0005978,23.98,cash,settled,2026-06-01 20:24:30
PAY-20260601-0005979,TRP-20260601-0005979,10.00,apple_pay,settled,2026-06-01 23:15:53
PAY-20260601-0005980,TRP-20260601-0005980,10.00,mada,settled,2026-06-01 05:43:37
PAY-20260601-0005981,TRP-20260601-0005981,35.17,cash,settled,2026-06-01 16:46:05
PAY-20260601-0005982,TRP-20260601-0005982,46.00,credit_card,settled,2026-06-01 12:16:03
PAY-20260601-0005983,TRP-20260601-0005983,14.69,apple_pay,settled,2026-06-01 13:44:48
PAY-20260601-0005984,TRP-20260601-0005984,39.92,credit_card,pending,2026-06-02 04:56:01
PAY-20260601-0005985,TRP-20260601-0005985,38.77,mada,settled,2026-06-01 16:37:15
PAY-20260601-0005986,TRP-20260601-0005986,95.89,mada,settled,2026-06-02 07:19:47
PAY-20260601-0005987,TRP-20260601-0005987,26.12,wallet,settled,2026-06-01 16:15:33
PAY-20260601-0005989,TRP-20260601-0005989,11.83,cash,settled,2026-06-01 02:16:00
PAY-20260601-0005990,TRP-20260601-0005990,10.00,credit_card,settled,2026-06-01 06:16:25
PAY-20260601-0005991,TRP-20260601-0005991,18.28,credit_card,settled,2026-06-01 23:24:35
PAY-20260601-0005992,TRP-20260601-0005992,28.42,credit_card,settled,2026-06-01 05:46:03
PAY-20260601-0005993,TRP-20260601-0005993,27.55,mada,settled,2026-06-01 13:54:22
PAY-20260601-0005994,TRP-20260601-0005994,72.78,cash,settled,2026-06-01 09:03:17
PAY-20260601-0005995,TRP-20260601-0005995,18.62,apple_pay,settled,2026-06-02 06:00:53
PAY-20260601-0005996,TRP-20260601-0005996,18.43,cash,settled,2026-05-31 23:15:53
PAY-20260601-0005997,TRP-20260601-0005997,20.52,credit_card,settled,2026-06-02 12:49:13
PAY-20260601-0005998,TRP-20260601-0005998,12.00,mada,settled,2026-06-02 17:04:00
PAY-20260601-0005999,TRP-20260601-0005999,50.25,apple_pay,settled,2026-06-02 00:35:25
PAY-20260601-0006000,TRP-20260601-0006000,38.32,mada,settled,2026-06-01 20:17:34
PAY-20260601-0006001,TRP-20260601-0006001,124.70,mada,settled,2026-06-01 20:11:28
PAY-20260601-0006003,TRP-20260601-0006003,49.05,mada,settled,2026-06-01 17:53:05
PAY-20260601-0006004,TRP-20260601-0006004,18.82,stc_pay,settled,2026-06-01 18:11:26
PAY-20260601-0006005,TRP-20260601-0006005,23.46,wallet,pending,2026-06-02 14:32:16
PAY-20260601-0006006,TRP-20260601-0006006,14.25,apple_pay,settled,2026-06-01 08:25:20
PAY-20260601-0006007,TRP-20260601-0006007,8.00,cash,settled,2026-06-01 10:02:55
PAY-20260601-0006008,TRP-20260601-0006008,22.93,wallet,settled,2026-06-01 17:29:14
PAY-20260601-0006009,TRP-20260601-0006009,12.21,credit_card,settled,2026-06-01 06:13:26
PAY-20260601-0006010,TRP-20260601-0006010,61.89,apple_pay,settled,2026-06-01 21:52:42
PAY-20260601-0006011,TRP-20260601-0006011,21.91,apple_pay,settled,2026-06-01 05:40:09
PAY-20260601-0006012,TRP-20260601-0006012,16.82,mada,settled,2026-06-01 11:46:59
PAY-20260601-0006013,TRP-20260601-0006013,36.67,mada,settled,2026-06-01 15:15:11
PAY-20260601-0006014,TRP-20260601-0006014,22.21,stc_pay,settled,2026-06-01 10:08:45
PAY-20260601-0006015,TRP-20260601-0006015,65.03,stc_pay,settled,2026-06-01 15:34:27
PAY-20260601-0006016,TRP-20260601-0006016,43.72,mada,settled,2026-06-02 12:41:52
PAY-20260601-0006017,TRP-20260601-0006017,30.79,stc_pay,settled,2026-06-01 16:20:17
PAY-20260601-0006018,TRP-20260601-0006018,13.12,mada,settled,2026-05-31 22:43:28
PAY-20260601-0006019,TRP-20260601-0006019,6.00,credit_card,settled,2026-06-01 17:58:26
PAY-20260601-0006020,TRP-20260601-0006020,61.54,apple_pay,settled,2026-06-02 05:44:49
PAY-20260601-0006021,TRP-20260601-0006021,22.46,stc_pay,settled,2026-06-02 14:43:15
PAY-20260601-0006022,TRP-20260601-0006022,18.58,credit_card,settled,2026-06-01 16:50:50
PAY-20260601-0006023,TRP-20260601-0006023,73.30,stc_pay,settled,2026-06-01 14:05:51
PAY-20260601-0006024,TRP-20260601-0006024,59.35,cash,settled,2026-06-01 07:14:52
PAY-20260601-0006025,TRP-20260601-0006025,14.86,credit_card,settled,2026-06-01 05:19:11
PAY-20260601-0006026,TRP-20260601-0006026,107.87,wallet,settled,2026-06-01 17:03:01
PAY-20260601-0006027,TRP-20260601-0006027,15.92,mada,settled,2026-06-01 13:46:10
PAY-20260601-0006028,TRP-20260601-0006028,19.89,mada,settled,2026-06-01 05:00:42
PAY-20260601-0006029,TRP-20260601-0006029,22.40,mada,settled,2026-06-01 10:03:54
PAY-20260601-0006030,TRP-20260601-0006030,66.01,apple_pay,settled,2026-06-01 12:21:40
PAY-20260601-0006031,TRP-20260601-0006031,12.00,credit_card,settled,2026-06-01 04:35:15
PAY-20260601-0006032,TRP-20260601-0006032,21.77,mada,settled,2026-06-02 03:52:14
PAY-20260601-0006034,TRP-20260601-0006034,25.66,cash,settled,2026-06-01 17:12:58
PAY-20260601-0006035,TRP-20260601-0006035,14.27,credit_card,settled,2026-06-02 06:50:41
PAY-20260601-0006036,TRP-20260601-0006036,45.74,stc_pay,settled,2026-06-01 19:32:40
PAY-20260601-0006037,TRP-20260601-0006037,109.96,mada,pending,2026-06-02 02:44:28
PAY-20260601-0006038,TRP-20260601-0006038,32.33,cash,settled,2026-06-01 11:18:35
PAY-20260601-0006039,TRP-20260601-0006039,38.39,apple_pay,settled,2026-06-01 16:12:27
PAY-20260601-0006040,TRP-20260601-0006040,39.11,mada,settled,2026-06-01 05:52:37
PAY-20260601-0006041,TRP-20260601-0006041,10.00,cash,settled,2026-06-01 11:33:29
PAY-20260601-0006042,TRP-20260601-0006042,73.55,mada,settled,2026-06-01 14:26:35
PAY-20260601-0006043,TRP-20260601-0006043,62.42,stc_pay,settled,2026-06-01 10:57:35
PAY-20260601-0006044,TRP-20260601-0006044,28.52,stc_pay,settled,2026-06-02 05:12:31
PAY-20260601-0006045,TRP-20260601-0006045,28.43,credit_card,settled,2026-06-01 11:43:56
PAY-20260601-0006046,TRP-20260601-0006046,21.74,apple_pay,settled,2026-06-01 08:31:58
PAY-20260601-0006047,TRP-20260601-0006047,48.94,mada,settled,2026-06-01 11:59:34
PAY-20260601-0006048,TRP-20260601-0006048,31.62,stc_pay,settled,2026-06-01 14:09:47
PAY-20260601-0006049,TRP-20260601-0006049,19.38,mada,settled,2026-06-01 07:58:04
PAY-20260601-0006051,TRP-20260601-0006051,35.46,apple_pay,settled,2026-06-01 12:07:36
PAY-20260601-0006052,TRP-20260601-0006052,129.63,mada,settled,2026-06-01 19:05:03
PAY-20260601-0006053,TRP-20260601-0006053,41.19,stc_pay,settled,2026-06-01 11:57:51
PAY-20260601-0006054,TRP-20260601-0006054,54.62,cash,settled,2026-06-01 05:10:23
PAY-20260601-0006055,TRP-20260601-0006055,61.01,credit_card,settled,2026-06-01 16:53:58
PAY-20260601-0006056,TRP-20260601-0006056,19.66,credit_card,settled,2026-06-02 02:46:08
PAY-20260601-0006057,TRP-20260601-0006057,12.00,mada,settled,2026-06-02 06:01:07
PAY-20260601-0006058,TRP-20260601-0006058,15.16,apple_pay,settled,2026-06-01 09:12:14
PAY-20260601-0006059,TRP-20260601-0006059,11.00,mada,settled,2026-06-01 00:08:25
PAY-20260601-0006060,TRP-20260601-0006060,83.19,mada,settled,2026-06-01 11:52:42
PAY-20260601-0006061,TRP-20260601-0006061,27.21,mada,settled,2026-06-02 16:09:17
PAY-20260601-0006062,TRP-20260601-0006062,12.36,mada,settled,2026-06-01 17:48:03
PAY-20260601-0006063,TRP-20260601-0006063,23.34,credit_card,settled,2026-06-01 18:15:18
PAY-20260601-0006064,TRP-20260601-0006064,18.93,mada,settled,2026-06-01 04:15:31
PAY-20260601-0006065,TRP-20260601-0006065,66.88,apple_pay,settled,2026-06-01 16:11:49
PAY-20260601-0006066,TRP-20260601-0006066,69.17,credit_card,settled,2026-05-31 22:51:21
PAY-20260601-0006067,TRP-20260601-0006067,25.34,credit_card,settled,2026-06-01 20:08:59
PAY-20260601-0006068,TRP-20260601-0006068,13.03,mada,settled,2026-06-01 13:20:14
PAY-20260601-0006069,TRP-20260601-0006069,34.14,mada,settled,2026-06-01 12:42:01
PAY-20260601-0006070,TRP-20260601-0006070,57.47,stc_pay,settled,2026-06-01 13:35:00
PAY-20260601-0006071,TRP-20260601-0006071,57.59,mada,settled,2026-06-01 23:56:01
PAY-20260601-0006072,TRP-20260601-0006072,51.56,credit_card,settled,2026-06-01 10:43:40
PAY-20260601-0006073,TRP-20260601-0006073,61.45,mada,settled,2026-06-01 15:26:34
PAY-20260601-0006074,TRP-20260601-0006074,33.16,mada,settled,2026-06-02 02:29:32
PAY-20260601-0006075,TRP-20260601-0006075,25.74,wallet,settled,2026-06-02 10:53:43
PAY-20260601-0006076,TRP-20260601-0006076,32.99,mada,settled,2026-06-01 23:50:16
PAY-20260601-0006078,TRP-20260601-0006078,14.59,wallet,settled,2026-06-01 12:54:08
PAY-20260601-0006079,TRP-20260601-0006079,22.17,mada,settled,2026-06-02 02:52:00
PAY-20260601-0006080,TRP-20260601-0006080,107.24,cash,settled,2026-06-01 10:49:56
PAY-20260601-0006081,TRP-20260601-0006081,19.29,mada,settled,2026-06-01 17:07:50
PAY-20260601-0006082,TRP-20260601-0006082,38.14,mada,settled,2026-05-31 22:26:36
PAY-20260601-0006083,TRP-20260601-0006083,10.00,credit_card,settled,2026-06-01 13:34:45
PAY-20260601-0006084,TRP-20260601-0006084,140.06,wallet,settled,2026-06-01 12:16:00
PAY-20260601-0006085,TRP-20260601-0006085,29.89,mada,settled,2026-06-01 10:54:08
PAY-20260601-0006086,TRP-20260601-0006086,21.44,mada,settled,2026-06-01 08:38:13
PAY-20260601-0006087,TRP-20260601-0006087,73.87,mada,settled,2026-06-02 06:14:58
PAY-20260601-0006088,TRP-20260601-0006088,23.08,stc_pay,settled,2026-06-01 19:41:04
PAY-20260601-0006089,TRP-20260601-0006089,18.29,stc_pay,settled,2026-06-01 12:01:34
PAY-20260601-0006090,TRP-20260601-0006090,36.81,mada,settled,2026-06-01 17:30:50
PAY-20260601-0006091,TRP-20260601-0006091,47.53,mada,settled,2026-06-01 21:00:31
PAY-20260601-0006092,TRP-20260601-0006092,32.06,mada,settled,2026-06-02 09:38:21
PAY-20260601-0006093,TRP-20260601-0006093,53.31,apple_pay,settled,2026-06-01 05:02:32
PAY-20260601-0006094,TRP-20260601-0006094,28.22,mada,settled,2026-06-01 20:50:10
PAY-20260601-0006095,TRP-20260601-0006095,14.39,credit_card,settled,2026-06-01 17:34:39
PAY-20260601-0006096,TRP-20260601-0006096,34.58,credit_card,settled,2026-06-01 21:39:28
PAY-20260601-0006097,TRP-20260601-0006097,15.70,cash,settled,2026-06-01 10:54:09
PAY-20260601-0006098,TRP-20260601-0006098,17.29,stc_pay,settled,2026-06-01 10:47:08
PAY-20260601-0006099,TRP-20260601-0006099,10.00,mada,settled,2026-06-01 19:29:58
PAY-20260601-0006100,TRP-20260601-0006100,20.90,mada,settled,2026-06-02 04:52:05
PAY-20260601-0006101,TRP-20260601-0006101,35.37,mada,pending,2026-06-01 17:54:21
PAY-20260601-0006102,TRP-20260601-0006102,19.19,credit_card,settled,2026-06-01 04:26:48
PAY-20260601-0006103,TRP-20260601-0006103,10.00,stc_pay,settled,2026-06-01 20:54:36
PAY-20260601-0006104,TRP-20260601-0006104,53.00,credit_card,settled,2026-06-01 21:46:23
PAY-20260601-0006105,TRP-20260601-0006105,17.76,apple_pay,settled,2026-06-01 19:47:26
PAY-20260601-0006106,TRP-20260601-0006106,53.66,apple_pay,settled,2026-06-01 12:11:47
PAY-20260601-0006107,TRP-20260601-0006107,69.28,mada,settled,2026-06-01 12:27:53
PAY-20260601-0006108,TRP-20260601-0006108,21.26,stc_pay,settled,2026-06-01 19:54:24
PAY-20260601-0006109,TRP-20260601-0006109,42.76,apple_pay,settled,2026-06-01 18:03:33
PAY-20260601-0006110,TRP-20260601-0006110,38.23,credit_card,settled,2026-06-01 07:40:50
PAY-20260601-0006111,TRP-20260601-0006111,14.01,mada,settled,2026-06-01 18:54:07
PAY-20260601-0006112,TRP-20260601-0006112,42.97,wallet,pending,2026-06-01 02:20:05
PAY-20260601-0006113,TRP-20260601-0006113,24.40,mada,settled,2026-06-01 17:39:37
PAY-20260601-0006114,TRP-20260601-0006114,10.00,mada,settled,2026-06-01 15:58:14
PAY-20260601-0006115,TRP-20260601-0006115,78.88,mada,settled,2026-06-01 16:43:47
PAY-20260601-0006116,TRP-20260601-0006116,32.21,mada,settled,2026-06-01 14:46:56
PAY-20260601-0006117,TRP-20260601-0006117,86.93,cash,settled,2026-06-01 17:22:27
PAY-20260601-0006118,TRP-20260601-0006118,16.88,mada,settled,2026-06-02 11:28:57
PAY-20260601-0006119,TRP-20260601-0006119,86.58,mada,settled,2026-06-01 14:55:44
PAY-20260601-0006120,TRP-20260601-0006120,59.15,cash,settled,2026-06-01 13:55:09
PAY-20260601-0006121,TRP-20260601-0006121,30.14,stc_pay,settled,2026-06-01 17:36:02
PAY-20260601-0006122,TRP-20260601-0006122,66.04,credit_card,settled,2026-06-02 03:33:48
PAY-20260601-0006123,TRP-20260601-0006123,16.82,apple_pay,settled,2026-06-01 18:39:46
PAY-20260601-0006124,TRP-20260601-0006124,22.19,apple_pay,settled,2026-06-01 19:39:15
PAY-20260601-0006125,TRP-20260601-0006125,13.45,stc_pay,settled,2026-06-01 10:58:50
PAY-20260601-0006126,TRP-20260601-0006126,37.79,mada,settled,2026-06-02 15:07:44
PAY-20260601-0006127,TRP-20260601-0006127,27.08,apple_pay,settled,2026-06-01 14:05:57
PAY-20260601-0006128,TRP-20260601-0006128,19.41,cash,settled,2026-06-01 17:39:49
PAY-20260601-0006129,TRP-20260601-0006129,43.57,mada,settled,2026-06-01 12:10:33
PAY-20260601-0006130,TRP-20260601-0006130,13.57,credit_card,settled,2026-06-01 23:49:31
PAY-20260601-0006131,TRP-20260601-0006131,12.46,credit_card,settled,2026-06-01 20:02:52
PAY-20260601-0006132,TRP-20260601-0006132,19.30,wallet,settled,2026-06-01 18:09:25
PAY-20260601-0006133,TRP-20260601-0006133,38.27,stc_pay,settled,2026-06-02 04:12:50
PAY-20260601-0006134,TRP-20260601-0006134,52.61,apple_pay,settled,2026-06-01 06:27:12
PAY-20260601-0006135,TRP-20260601-0006135,224.64,mada,settled,2026-06-02 17:46:21
PAY-20260601-0006136,TRP-20260601-0006136,47.73,mada,settled,2026-06-01 17:19:19
PAY-20260601-0006137,TRP-20260601-0006137,40.41,mada,settled,2026-06-01 07:56:49
PAY-20260601-0006138,TRP-20260601-0006138,98.90,stc_pay,failed,2026-06-01 15:19:29
PAY-20260601-0006139,TRP-20260601-0006139,24.99,mada,settled,2026-06-01 13:14:59
PAY-20260601-0006140,TRP-20260601-0006140,55.08,credit_card,settled,2026-06-01 06:00:43
PAY-20260601-0006141,TRP-20260601-0006141,92.65,mada,settled,2026-06-01 15:11:52
PAY-20260601-0006142,TRP-20260601-0006142,29.09,credit_card,pending,2026-06-01 04:44:33
PAY-20260601-0006143,TRP-20260601-0006143,42.26,cash,settled,2026-06-01 06:40:10
PAY-20260601-0006144,TRP-20260601-0006144,39.51,credit_card,settled,2026-06-01 04:30:39
PAY-20260601-0006145,TRP-20260601-0006145,57.20,mada,settled,2026-06-02 05:43:06
PAY-20260601-0006146,TRP-20260601-0006146,21.54,cash,settled,2026-06-01 16:56:46
PAY-20260601-0006147,TRP-20260601-0006147,32.25,stc_pay,settled,2026-06-01 19:26:09
PAY-20260601-0006148,TRP-20260601-0006148,11.61,credit_card,settled,2026-06-01 04:13:11
PAY-20260601-0006149,TRP-20260601-0006149,24.71,cash,settled,2026-06-01 12:12:04
PAY-20260601-0006151,TRP-20260601-0006151,51.02,mada,pending,2026-06-01 16:53:44
PAY-20260601-0006152,TRP-20260601-0006152,53.06,cash,settled,2026-06-01 14:38:45
PAY-20260601-0006153,TRP-20260601-0006153,17.68,mada,pending,2026-06-01 15:12:36
PAY-20260601-0006154,TRP-20260601-0006154,17.37,mada,settled,2026-06-01 16:25:11
PAY-20260601-0006155,TRP-20260601-0006155,75.92,wallet,settled,2026-06-01 12:11:31
PAY-20260601-0006156,TRP-20260601-0006156,27.66,mada,settled,2026-06-01 08:51:03
PAY-20260601-0006157,TRP-20260601-0006157,33.30,mada,settled,2026-06-01 18:18:04
PAY-20260601-0006158,TRP-20260601-0006158,36.53,stc_pay,settled,2026-06-02 01:42:02
PAY-20260601-0006159,TRP-20260601-0006159,23.72,cash,settled,2026-06-01 09:50:49
PAY-20260601-0006160,TRP-20260601-0006160,22.98,credit_card,settled,2026-06-02 19:15:06
PAY-20260601-0006161,TRP-20260601-0006161,28.96,credit_card,settled,2026-06-01 20:03:49
PAY-20260601-0006162,TRP-20260601-0006162,13.43,stc_pay,pending,2026-06-02 04:20:19
PAY-20260601-0006163,TRP-20260601-0006163,96.55,mada,settled,2026-06-01 16:30:20
PAY-20260601-0006164,TRP-20260601-0006164,58.69,apple_pay,settled,2026-06-01 17:19:08
PAY-20260601-0006165,TRP-20260601-0006165,24.96,mada,settled,2026-06-01 12:56:38
PAY-20260601-0006166,TRP-20260601-0006166,62.48,credit_card,settled,2026-06-01 02:56:44
PAY-20260601-0006167,TRP-20260601-0006167,26.80,wallet,settled,2026-06-01 19:29:07
PAY-20260601-0006168,TRP-20260601-0006168,33.34,mada,settled,2026-05-31 23:58:51
PAY-20260601-0006169,TRP-20260601-0006169,110.57,credit_card,settled,2026-06-02 02:55:48
PAY-20260601-0006170,TRP-20260601-0006170,12.29,apple_pay,settled,2026-06-01 16:18:07
PAY-20260601-0006171,TRP-20260601-0006171,54.60,credit_card,settled,2026-06-02 06:55:49
PAY-20260601-0006172,TRP-20260601-0006172,62.05,apple_pay,settled,2026-06-01 15:04:35
PAY-20260601-0006173,TRP-20260601-0006173,43.25,cash,settled,2026-05-31 23:13:42
PAY-20260601-0006174,TRP-20260601-0006174,49.20,apple_pay,settled,2026-06-01 20:34:45
PAY-20260601-0006175,TRP-20260601-0006175,26.75,mada,settled,2026-06-01 15:07:23
PAY-20260601-0006176,TRP-20260601-0006176,50.44,apple_pay,settled,2026-06-01 14:11:49
PAY-20260601-0006177,TRP-20260601-0006177,115.75,cash,settled,2026-06-01 17:32:30
PAY-20260601-0006178,TRP-20260601-0006178,15.42,wallet,settled,2026-06-01 09:44:14
PAY-20260601-0006179,TRP-20260601-0006179,37.17,credit_card,settled,2026-06-01 06:17:09
PAY-20260601-0006180,TRP-20260601-0006180,24.83,cash,settled,2026-06-01 09:30:22
PAY-20260601-0006181,TRP-20260601-0006181,18.05,credit_card,settled,2026-06-01 18:04:46
PAY-20260601-0006182,TRP-20260601-0006182,38.97,stc_pay,settled,2026-06-01 06:01:40
PAY-20260601-0006183,TRP-20260601-0006183,52.07,credit_card,settled,2026-06-01 16:33:44
PAY-20260601-0006184,TRP-20260601-0006184,24.04,mada,settled,2026-06-01 03:59:45
PAY-20260601-0006185,TRP-20260601-0006185,20.76,mada,settled,2026-06-01 15:11:07
PAY-20260601-0006186,TRP-20260601-0006186,16.66,credit_card,settled,2026-06-01 12:39:42
PAY-20260601-0006188,TRP-20260601-0006188,10.00,credit_card,settled,2026-06-01 11:16:55
PAY-20260601-0006189,TRP-20260601-0006189,6.00,stc_pay,settled,2026-06-01 07:02:21
PAY-20260601-0006190,TRP-20260601-0006190,19.19,mada,settled,2026-06-02 06:48:06
PAY-20260601-0006191,TRP-20260601-0006191,24.66,mada,settled,2026-06-01 02:44:07
PAY-20260601-0006193,TRP-20260601-0006193,13.22,credit_card,settled,2026-06-01 06:24:37
PAY-20260601-0006194,TRP-20260601-0006194,16.97,credit_card,settled,2026-06-01 14:39:16
PAY-20260601-0006195,TRP-20260601-0006195,16.94,credit_card,settled,2026-06-01 16:31:12
PAY-20260601-0006196,TRP-20260601-0006196,25.83,stc_pay,settled,2026-06-02 12:25:37
PAY-20260601-0006197,TRP-20260601-0006197,17.74,stc_pay,settled,2026-06-02 02:38:28
PAY-20260601-0006198,TRP-20260601-0006198,12.00,apple_pay,settled,2026-06-01 22:36:10
PAY-20260601-0006199,TRP-20260601-0006199,182.51,credit_card,settled,2026-06-01 10:50:13
PAY-20260601-0006200,TRP-20260601-0006200,27.21,wallet,settled,2026-06-02 08:54:31
PAY-20260601-0006201,TRP-20260601-0006201,21.66,apple_pay,settled,2026-06-01 23:02:33
PAY-20260601-0006202,TRP-20260601-0006202,40.76,mada,settled,2026-06-01 18:00:24
PAY-20260601-0006203,TRP-20260601-0006203,52.34,credit_card,settled,2026-06-02 13:17:43
PAY-20260601-0006204,TRP-20260601-0006204,11.00,wallet,settled,2026-06-01 04:27:52
PAY-20260601-0006205,TRP-20260601-0006205,42.04,apple_pay,settled,2026-06-01 12:01:09
PAY-20260601-0006206,TRP-20260601-0006206,11.18,stc_pay,settled,2026-06-01 21:40:20
PAY-20260601-0006207,TRP-20260601-0006207,67.23,credit_card,settled,2026-06-01 15:59:13
PAY-20260601-0006208,TRP-20260601-0006208,25.00,mada,settled,2026-06-01 21:22:20
PAY-20260601-0006209,TRP-20260601-0006209,11.67,stc_pay,settled,2026-06-01 15:52:44
PAY-20260601-0006210,TRP-20260601-0006210,59.27,credit_card,settled,2026-06-01 16:41:01
PAY-20260601-0006211,TRP-20260601-0006211,20.24,mada,settled,2026-06-01 08:50:19
PAY-20260601-0006212,TRP-20260601-0006212,74.30,stc_pay,settled,2026-06-02 00:42:44
PAY-20260601-0006213,TRP-20260601-0006213,17.14,mada,settled,2026-06-01 18:39:48
PAY-20260601-0006214,TRP-20260601-0006214,11.61,mada,settled,2026-06-02 10:04:35
PAY-20260601-0006215,TRP-20260601-0006215,99.76,mada,settled,2026-06-01 17:17:01
PAY-20260601-0006216,TRP-20260601-0006216,16.26,mada,settled,2026-06-01 20:08:16
PAY-20260601-0006217,TRP-20260601-0006217,20.63,credit_card,refunded,2026-06-02 03:15:49
PAY-20260601-0006218,TRP-20260601-0006218,33.39,apple_pay,settled,2026-06-01 16:16:37
PAY-20260601-0006219,TRP-20260601-0006219,40.73,apple_pay,settled,2026-06-01 17:12:52
PAY-20260601-0006220,TRP-20260601-0006220,11.00,cash,settled,2026-06-01 17:41:17
PAY-20260601-0006221,TRP-20260601-0006221,58.13,mada,settled,2026-06-02 11:18:38
PAY-20260601-0006222,TRP-20260601-0006222,96.19,cash,settled,2026-06-01 07:41:46
PAY-20260601-0006223,TRP-20260601-0006223,93.79,apple_pay,settled,2026-06-01 18:13:37
PAY-20260601-0006224,TRP-20260601-0006224,53.57,credit_card,settled,2026-06-01 12:37:52
PAY-20260601-0006225,TRP-20260601-0006225,22.23,credit_card,settled,2026-06-01 20:52:00
PAY-20260601-0006226,TRP-20260601-0006226,69.49,mada,settled,2026-06-01 00:32:38
PAY-20260601-0006227,TRP-20260601-0006227,47.64,stc_pay,pending,2026-06-01 19:50:15
PAY-20260601-0006228,TRP-20260601-0006228,19.92,cash,settled,2026-06-01 15:08:10
PAY-20260601-0006229,TRP-20260601-0006229,41.67,mada,settled,2026-06-01 04:58:13
PAY-20260601-0006230,TRP-20260601-0006230,37.75,mada,settled,2026-06-01 19:20:23
PAY-20260601-0006231,TRP-20260601-0006231,15.58,cash,settled,2026-06-01 19:07:09
PAY-20260601-0006232,TRP-20260601-0006232,46.35,apple_pay,settled,2026-06-01 19:45:24
PAY-20260601-0006233,TRP-20260601-0006233,30.06,mada,settled,2026-06-01 17:26:21
PAY-20260601-0006234,TRP-20260601-0006234,93.96,mada,settled,2026-06-01 20:08:12
PAY-20260601-0006235,TRP-20260601-0006235,28.44,credit_card,settled,2026-06-01 14:47:37
PAY-20260601-0006236,TRP-20260601-0006236,53.11,cash,settled,2026-06-01 07:37:27
PAY-20260601-0006237,TRP-20260601-0006237,28.83,cash,settled,2026-06-01 10:40:34
PAY-20260601-0006238,TRP-20260601-0006238,18.49,mada,settled,2026-06-01 08:55:49
PAY-20260601-0006239,TRP-20260601-0006239,47.16,cash,settled,2026-06-01 07:32:19
PAY-20260601-0006240,TRP-20260601-0006240,28.27,stc_pay,settled,2026-06-01 14:27:10
PAY-20260601-0006241,TRP-20260601-0006241,18.92,stc_pay,settled,2026-06-01 06:26:29
PAY-20260601-0006242,TRP-20260601-0006242,38.49,apple_pay,pending,2026-06-01 12:04:11
PAY-20260601-0006243,TRP-20260601-0006243,122.60,apple_pay,settled,2026-06-01 19:00:37
PAY-20260601-0006244,TRP-20260601-0006244,18.62,credit_card,settled,2026-06-01 09:17:59
PAY-20260601-0006245,TRP-20260601-0006245,17.36,cash,settled,2026-06-01 06:50:46
PAY-20260601-0006246,TRP-20260601-0006246,18.88,wallet,settled,2026-06-01 15:41:56
PAY-20260601-0006247,TRP-20260601-0006247,69.35,cash,settled,2026-06-01 08:14:20
PAY-20260601-0006248,TRP-20260601-0006248,17.76,apple_pay,settled,2026-06-01 07:43:51
PAY-20260601-0006249,TRP-20260601-0006249,93.10,mada,settled,2026-06-01 20:55:29
PAY-20260601-0006250,TRP-20260601-0006250,34.36,apple_pay,settled,2026-06-02 06:02:26
PAY-20260601-0006251,TRP-20260601-0006251,28.34,mada,settled,2026-06-01 06:55:10
PAY-20260601-0006252,TRP-20260601-0006252,21.47,mada,settled,2026-06-01 21:27:53
PAY-20260601-0006253,TRP-20260601-0006253,142.74,wallet,settled,2026-06-01 11:47:33
PAY-20260601-0006254,TRP-20260601-0006254,32.34,credit_card,settled,2026-06-01 16:59:26
PAY-20260601-0006255,TRP-20260601-0006255,25.70,mada,settled,2026-06-02 10:41:12
PAY-20260601-0006256,TRP-20260601-0006256,45.63,cash,settled,2026-06-01 07:13:03
PAY-20260601-0006257,TRP-20260601-0006257,21.24,credit_card,settled,2026-06-01 05:15:06
PAY-20260601-0006258,TRP-20260601-0006258,38.32,mada,settled,2026-06-01 15:55:25
PAY-20260601-0006259,TRP-20260601-0006259,24.86,wallet,settled,2026-06-01 17:11:12
PAY-20260601-0006260,TRP-20260601-0006260,13.56,apple_pay,settled,2026-06-02 04:25:46
PAY-20260601-0006261,TRP-20260601-0006261,32.81,cash,settled,2026-06-01 15:36:01
PAY-20260601-0006262,TRP-20260601-0006262,23.88,wallet,settled,2026-06-01 21:50:54
PAY-20260601-0006263,TRP-20260601-0006263,21.43,cash,settled,2026-06-01 13:11:04
PAY-20260601-0006264,TRP-20260601-0006264,17.49,cash,settled,2026-06-01 13:24:59
PAY-20260601-0006265,TRP-20260601-0006265,18.59,cash,settled,2026-06-01 13:53:06
PAY-20260601-0006266,TRP-20260601-0006266,17.81,mada,settled,2026-06-01 09:19:26
PAY-20260601-0006267,TRP-20260601-0006267,15.74,apple_pay,settled,2026-05-31 21:15:21
PAY-20260601-0006268,TRP-20260601-0006268,11.13,credit_card,settled,2026-06-01 14:53:05
PAY-20260601-0006269,TRP-20260601-0006269,47.02,cash,settled,2026-06-01 07:25:25
PAY-20260601-0006270,TRP-20260601-0006270,57.79,credit_card,settled,2026-06-01 16:48:36
PAY-20260601-0006271,TRP-20260601-0006271,83.55,mada,settled,2026-06-01 17:27:08
PAY-20260601-0006272,TRP-20260601-0006272,21.92,cash,settled,2026-06-01 14:22:55
PAY-20260601-0006273,TRP-20260601-0006273,19.22,mada,settled,2026-06-01 21:20:13
PAY-20260601-0006274,TRP-20260601-0006274,15.68,mada,settled,2026-06-01 22:35:48
PAY-20260601-0006275,TRP-20260601-0006275,92.54,cash,settled,2026-06-01 18:26:11
PAY-20260601-0006276,TRP-20260601-0006276,107.25,credit_card,settled,2026-06-02 12:17:11
PAY-20260601-0006277,TRP-20260601-0006277,10.00,mada,settled,2026-06-01 12:30:51
PAY-20260601-0006278,TRP-20260601-0006278,10.00,credit_card,settled,2026-06-02 04:51:41
PAY-20260601-0006279,TRP-20260601-0006279,14.49,apple_pay,settled,2026-06-01 14:59:24
PAY-20260601-0006280,TRP-20260601-0006280,65.36,stc_pay,settled,2026-06-01 11:09:53
PAY-20260601-0006281,TRP-20260601-0006281,12.00,mada,settled,2026-06-01 19:43:04
PAY-20260601-0006282,TRP-20260601-0006282,95.14,mada,settled,2026-06-01 17:37:29
PAY-20260601-0006283,TRP-20260601-0006283,36.92,mada,settled,2026-06-02 17:16:28
PAY-20260601-0006284,TRP-20260601-0006284,29.81,apple_pay,settled,2026-06-02 04:25:05
PAY-20260601-0006285,TRP-20260601-0006285,88.28,apple_pay,settled,2026-06-01 20:31:53
PAY-20260601-0006286,TRP-20260601-0006286,32.47,wallet,settled,2026-06-02 07:54:26
PAY-20260601-0006287,TRP-20260601-0006287,22.33,mada,settled,2026-06-01 16:56:16
PAY-20260601-0006288,TRP-20260601-0006288,37.97,mada,settled,2026-06-01 07:12:53
PAY-20260601-0006289,TRP-20260601-0006289,58.62,credit_card,settled,2026-06-02 01:12:13
PAY-20260601-0006290,TRP-20260601-0006290,18.35,credit_card,settled,2026-06-01 19:55:53
PAY-20260601-0006292,TRP-20260601-0006292,64.64,credit_card,settled,2026-06-02 00:00:15
PAY-20260601-0006293,TRP-20260601-0006293,39.61,credit_card,settled,2026-06-01 05:34:05
PAY-20260601-0006294,TRP-20260601-0006294,17.61,mada,settled,2026-06-01 08:17:29
PAY-20260601-0006295,TRP-20260601-0006295,11.00,stc_pay,settled,2026-06-02 00:41:15
PAY-20260601-0006296,TRP-20260601-0006296,6.00,mada,settled,2026-06-02 16:26:05
PAY-20260601-0006297,TRP-20260601-0006297,12.00,apple_pay,settled,2026-06-01 08:37:32
PAY-20260601-0006299,TRP-20260601-0006299,38.21,wallet,settled,2026-06-01 07:37:31
PAY-20260601-0006301,TRP-20260601-0006301,10.00,apple_pay,settled,2026-06-01 08:26:19
PAY-20260601-0006302,TRP-20260601-0006302,19.34,mada,settled,2026-06-01 05:00:02
PAY-20260601-0006303,TRP-20260601-0006303,40.19,stc_pay,settled,2026-06-01 21:12:30
PAY-20260601-0006304,TRP-20260601-0006304,54.51,credit_card,settled,2026-05-31 22:11:26
PAY-20260601-0006306,TRP-20260601-0006306,49.97,mada,settled,2026-06-02 13:09:01
PAY-20260601-0006307,TRP-20260601-0006307,108.63,credit_card,settled,2026-06-02 04:47:51
PAY-20260601-0006308,TRP-20260601-0006308,41.94,apple_pay,settled,2026-06-02 07:35:00
PAY-20260601-0006309,TRP-20260601-0006309,14.19,mada,settled,2026-06-01 13:48:21
PAY-20260601-0006310,TRP-20260601-0006310,122.21,stc_pay,settled,2026-06-01 18:17:59
PAY-20260601-0006311,TRP-20260601-0006311,20.80,credit_card,settled,2026-06-02 05:59:07
PAY-20260601-0006312,TRP-20260601-0006312,81.92,cash,settled,2026-06-01 18:33:03
PAY-20260601-0006313,TRP-20260601-0006313,46.67,credit_card,settled,2026-06-01 14:40:48
PAY-20260601-0006314,TRP-20260601-0006314,70.37,apple_pay,settled,2026-06-02 05:48:37
PAY-20260601-0006315,TRP-20260601-0006315,26.84,mada,settled,2026-06-02 06:14:36
PAY-20260601-0006316,TRP-20260601-0006316,29.62,credit_card,settled,2026-06-02 07:56:27
PAY-20260601-0006317,TRP-20260601-0006317,41.73,mada,pending,2026-06-01 08:50:48
PAY-20260601-0006318,TRP-20260601-0006318,33.70,mada,settled,2026-06-02 16:30:45
PAY-20260601-0006319,TRP-20260601-0006319,30.34,apple_pay,pending,2026-06-01 22:33:47
PAY-20260601-0006320,TRP-20260601-0006320,16.25,credit_card,settled,2026-06-01 04:26:53
PAY-20260601-0006321,TRP-20260601-0006321,37.55,apple_pay,settled,2026-06-01 16:23:43
PAY-20260601-0006322,TRP-20260601-0006322,10.00,cash,settled,2026-06-01 06:23:23
PAY-20260601-0006323,TRP-20260601-0006323,44.19,apple_pay,settled,2026-06-01 13:53:51
PAY-20260601-0006324,TRP-20260601-0006324,24.11,mada,settled,2026-06-01 17:51:47
PAY-20260601-0006325,TRP-20260601-0006325,123.35,apple_pay,settled,2026-06-01 18:35:30
PAY-20260601-0006326,TRP-20260601-0006326,24.85,stc_pay,settled,2026-06-01 10:40:33
PAY-20260601-0006327,TRP-20260601-0006327,51.72,cash,settled,2026-06-01 15:31:45
PAY-20260601-0006328,TRP-20260601-0006328,14.76,cash,settled,2026-06-01 10:49:51
PAY-20260601-0006329,TRP-20260601-0006329,74.82,cash,settled,2026-06-01 18:15:13
PAY-20260601-0006330,TRP-20260601-0006330,25.04,mada,settled,2026-06-01 21:33:14
PAY-20260601-0006331,TRP-20260601-0006331,62.34,credit_card,settled,2026-06-01 18:41:39
PAY-20260601-0006332,TRP-20260601-0006332,113.99,credit_card,settled,2026-06-01 09:30:41
PAY-20260601-0006333,TRP-20260601-0006333,11.00,credit_card,settled,2026-06-01 17:51:53
PAY-20260601-0006334,TRP-20260601-0006334,91.23,wallet,pending,2026-06-01 17:37:15
PAY-20260601-0006335,TRP-20260601-0006335,23.00,mada,settled,2026-06-02 07:45:37
PAY-20260601-0006336,TRP-20260601-0006336,13.88,cash,settled,2026-06-01 20:48:01
PAY-20260601-0006337,TRP-20260601-0006337,30.69,mada,settled,2026-06-02 13:58:24
PAY-20260601-0006338,TRP-20260601-0006338,57.36,credit_card,settled,2026-06-01 15:09:12
PAY-20260601-0006339,TRP-20260601-0006339,104.31,wallet,settled,2026-06-01 22:40:42
PAY-20260601-0006340,TRP-20260601-0006340,51.30,mada,settled,2026-06-01 09:50:35
PAY-20260601-0006341,TRP-20260601-0006341,41.10,credit_card,settled,2026-06-01 06:28:23
PAY-20260601-0006343,TRP-20260601-0006343,85.16,apple_pay,settled,2026-06-01 15:15:32
PAY-20260601-0006344,TRP-20260601-0006344,28.91,mada,refunded,2026-06-02 14:14:02
PAY-20260601-0006345,TRP-20260601-0006345,24.89,credit_card,settled,2026-06-01 16:37:23
PAY-20260601-0006346,TRP-20260601-0006346,22.67,stc_pay,settled,2026-06-01 07:31:10
PAY-20260601-0006347,TRP-20260601-0006347,11.60,mada,settled,2026-06-01 19:17:18
PAY-20260601-0006348,TRP-20260601-0006348,31.21,mada,settled,2026-06-01 16:25:40
PAY-20260601-0006349,TRP-20260601-0006349,12.56,mada,settled,2026-06-01 12:57:13
PAY-20260601-0006350,TRP-20260601-0006350,21.97,mada,settled,2026-06-01 14:29:35
PAY-20260601-0006351,TRP-20260601-0006351,74.46,credit_card,settled,2026-06-01 13:09:18
PAY-20260601-0006352,TRP-20260601-0006352,86.83,apple_pay,settled,2026-06-02 10:20:56
PAY-20260601-0006353,TRP-20260601-0006353,18.19,credit_card,settled,2026-06-01 08:00:04
PAY-20260601-0006354,TRP-20260601-0006354,23.84,cash,settled,2026-06-01 12:51:38
PAY-20260601-0006355,TRP-20260601-0006355,20.79,mada,settled,2026-06-02 03:37:23
PAY-20260601-0006356,TRP-20260601-0006356,17.04,credit_card,settled,2026-06-01 22:01:15
PAY-20260601-0006357,TRP-20260601-0006357,37.30,credit_card,settled,2026-06-01 17:03:22
PAY-20260601-0006358,TRP-20260601-0006358,23.26,mada,settled,2026-06-01 03:02:49
PAY-20260601-0006359,TRP-20260601-0006359,39.13,apple_pay,settled,2026-06-01 14:22:46
PAY-20260601-0006360,TRP-20260601-0006360,45.20,credit_card,settled,2026-06-01 17:28:49
PAY-20260601-0006361,TRP-20260601-0006361,55.01,apple_pay,settled,2026-06-02 11:54:48
PAY-20260601-0006362,TRP-20260601-0006362,15.10,credit_card,settled,2026-06-02 01:33:36
PAY-20260601-0006363,TRP-20260601-0006363,25.86,credit_card,pending,2026-06-02 12:08:47
PAY-20260601-0006364,TRP-20260601-0006364,15.08,mada,settled,2026-06-01 09:08:43
PAY-20260601-0006365,TRP-20260601-0006365,41.83,credit_card,settled,2026-06-02 08:24:48
PAY-20260601-0006366,TRP-20260601-0006366,33.67,stc_pay,settled,2026-06-02 10:40:05
PAY-20260601-0006367,TRP-20260601-0006367,44.05,mada,settled,2026-06-02 02:12:07
PAY-20260601-0006368,TRP-20260601-0006368,76.56,apple_pay,settled,2026-06-01 13:54:50
PAY-20260601-0006369,TRP-20260601-0006369,34.61,mada,settled,2026-06-01 15:37:57
PAY-20260601-0006370,TRP-20260601-0006370,88.04,mada,settled,2026-06-01 17:42:50
PAY-20260601-0006371,TRP-20260601-0006371,59.51,cash,settled,2026-06-01 05:56:41
PAY-20260601-0006372,TRP-20260601-0006372,20.39,credit_card,settled,2026-06-01 07:09:43
PAY-20260601-0006373,TRP-20260601-0006373,79.23,mada,settled,2026-06-01 19:46:49
PAY-20260601-0006374,TRP-20260601-0006374,55.32,mada,settled,2026-06-01 17:27:12
PAY-20260601-0006375,TRP-20260601-0006375,12.00,apple_pay,settled,2026-06-01 21:01:35
PAY-20260601-0006376,TRP-20260601-0006376,14.41,cash,settled,2026-06-01 18:32:11
PAY-20260601-0006377,TRP-20260601-0006377,110.26,mada,settled,2026-06-01 14:19:53
PAY-20260601-0006378,TRP-20260601-0006378,22.38,mada,settled,2026-06-01 09:29:39
PAY-20260601-0006379,TRP-20260601-0006379,28.89,apple_pay,settled,2026-06-01 17:43:10
PAY-20260601-0006380,TRP-20260601-0006380,14.34,wallet,settled,2026-06-02 02:42:40
PAY-20260601-0006381,TRP-20260601-0006381,26.28,wallet,settled,2026-06-01 10:07:48
PAY-20260601-0006382,TRP-20260601-0006382,6.00,mada,settled,2026-06-02 05:37:48
PAY-20260601-0006383,TRP-20260601-0006383,46.69,cash,settled,2026-06-01 06:19:11
PAY-20260601-0006384,TRP-20260601-0006384,40.15,cash,settled,2026-06-01 17:28:46
PAY-20260601-0006385,TRP-20260601-0006385,68.59,mada,settled,2026-06-01 13:34:51
PAY-20260601-0006386,TRP-20260601-0006386,11.79,mada,settled,2026-06-01 10:23:44
PAY-20260601-0006387,TRP-20260601-0006387,19.33,mada,settled,2026-06-01 09:24:41
PAY-20260601-0006388,TRP-20260601-0006388,39.68,mada,settled,2026-06-01 18:43:46
PAY-20260601-0006389,TRP-20260601-0006389,28.20,stc_pay,settled,2026-06-01 10:22:52
PAY-20260601-0006390,TRP-20260601-0006390,64.52,wallet,settled,2026-06-01 09:42:31
PAY-20260601-0006391,TRP-20260601-0006391,49.49,credit_card,settled,2026-06-01 09:47:38
PAY-20260601-0006392,TRP-20260601-0006392,12.66,mada,settled,2026-06-01 18:39:53
PAY-20260601-0006393,TRP-20260601-0006393,53.09,mada,settled,2026-06-01 12:28:15
PAY-20260601-0006394,TRP-20260601-0006394,18.37,apple_pay,pending,2026-06-01 14:10:08
PAY-20260601-0006395,TRP-20260601-0006395,23.83,mada,settled,2026-06-01 19:18:42
PAY-20260601-0006396,TRP-20260601-0006396,31.95,wallet,settled,2026-06-01 12:01:48
PAY-20260601-0006397,TRP-20260601-0006397,59.27,credit_card,settled,2026-06-01 21:50:32
PAY-20260601-0006399,TRP-20260601-0006399,21.42,credit_card,settled,2026-06-01 06:03:06
PAY-20260601-0006400,TRP-20260601-0006400,28.17,mada,settled,2026-06-02 00:59:19
PAY-20260601-0006401,TRP-20260601-0006401,19.11,stc_pay,settled,2026-06-01 12:30:45
PAY-20260601-0006402,TRP-20260601-0006402,96.73,wallet,settled,2026-06-02 14:54:11
PAY-20260601-0006403,TRP-20260601-0006403,23.06,stc_pay,settled,2026-06-01 15:39:42
PAY-20260601-0006404,TRP-20260601-0006404,14.18,wallet,settled,2026-06-02 10:21:00
PAY-20260601-0006405,TRP-20260601-0006405,8.00,cash,settled,2026-06-01 10:03:14
PAY-20260601-0006406,TRP-20260601-0006406,24.15,mada,settled,2026-06-02 17:12:40
PAY-20260601-0006407,TRP-20260601-0006407,12.00,cash,settled,2026-06-01 09:16:15
PAY-20260601-0006408,TRP-20260601-0006408,140.89,credit_card,settled,2026-06-01 16:44:35
PAY-20260601-0006409,TRP-20260601-0006409,12.00,stc_pay,settled,2026-06-02 06:38:02
PAY-20260601-0006410,TRP-20260601-0006410,11.00,apple_pay,settled,2026-06-01 20:42:21
PAY-20260601-0006411,TRP-20260601-0006411,13.41,mada,refunded,2026-06-01 21:24:57
PAY-20260601-0006412,TRP-20260601-0006412,20.45,credit_card,settled,2026-06-01 07:24:52
PAY-20260601-0006413,TRP-20260601-0006413,25.71,mada,settled,2026-06-01 10:10:28
PAY-20260601-0006414,TRP-20260601-0006414,16.09,stc_pay,settled,2026-06-01 07:51:37
PAY-20260601-0006415,TRP-20260601-0006415,83.29,wallet,settled,2026-06-01 17:21:45
PAY-20260601-0006416,TRP-20260601-0006416,15.93,wallet,settled,2026-06-01 05:44:46
PAY-20260601-0006417,TRP-20260601-0006417,67.06,cash,settled,2026-06-01 04:52:27
PAY-20260601-0006418,TRP-20260601-0006418,81.39,stc_pay,settled,2026-06-01 17:49:13
PAY-20260601-0006419,TRP-20260601-0006419,29.03,mada,settled,2026-06-01 06:23:08
PAY-20260601-0006420,TRP-20260601-0006420,39.84,credit_card,settled,2026-06-01 10:36:37
PAY-20260601-0006421,TRP-20260601-0006421,47.79,stc_pay,settled,2026-06-01 10:18:55
PAY-20260601-0006422,TRP-20260601-0006422,23.46,apple_pay,settled,2026-06-01 05:37:23
PAY-20260601-0006423,TRP-20260601-0006423,31.17,cash,settled,2026-06-01 19:54:32
PAY-20260601-0006424,TRP-20260601-0006424,86.39,mada,settled,2026-06-01 19:29:20
PAY-20260601-0006425,TRP-20260601-0006425,14.19,apple_pay,settled,2026-06-01 18:52:19
PAY-20260601-0006426,TRP-20260601-0006426,20.33,mada,settled,2026-06-01 19:20:19
PAY-20260601-0006427,TRP-20260601-0006427,12.84,credit_card,settled,2026-06-01 16:37:35
PAY-20260601-0006428,TRP-20260601-0006428,18.55,cash,settled,2026-06-01 20:28:19
PAY-20260601-0006429,TRP-20260601-0006429,45.98,stc_pay,settled,2026-06-02 14:27:07
PAY-20260601-0006430,TRP-20260601-0006430,11.58,credit_card,settled,2026-06-01 23:59:58
PAY-20260601-0006431,TRP-20260601-0006431,16.16,mada,settled,2026-05-31 22:12:03
PAY-20260601-0006432,TRP-20260601-0006432,16.97,mada,settled,2026-06-02 09:06:01
PAY-20260601-0006433,TRP-20260601-0006433,43.12,apple_pay,settled,2026-06-01 17:29:11
PAY-20260601-0006434,TRP-20260601-0006434,24.73,credit_card,settled,2026-06-01 14:01:06
PAY-20260601-0006435,TRP-20260601-0006435,50.47,mada,settled,2026-06-02 07:35:31
PAY-20260601-0006436,TRP-20260601-0006436,30.95,mada,settled,2026-06-01 16:11:53
PAY-20260601-0006437,TRP-20260601-0006437,62.77,cash,settled,2026-06-01 03:54:34
PAY-20260601-0006438,TRP-20260601-0006438,10.00,mada,settled,2026-06-01 21:36:05
PAY-20260601-0006439,TRP-20260601-0006439,24.63,stc_pay,settled,2026-06-01 11:13:30
PAY-20260601-0006440,TRP-20260601-0006440,55.97,credit_card,settled,2026-06-01 11:10:14
PAY-20260601-0006441,TRP-20260601-0006441,21.23,cash,settled,2026-05-31 21:16:20
PAY-20260601-0006442,TRP-20260601-0006442,28.89,wallet,settled,2026-06-01 19:17:48
PAY-20260601-0006443,TRP-20260601-0006443,6.00,cash,settled,2026-06-01 03:26:30
PAY-20260601-0006444,TRP-20260601-0006444,118.11,mada,settled,2026-06-01 14:51:51
PAY-20260601-0006445,TRP-20260601-0006445,31.11,credit_card,settled,2026-06-01 16:05:11
PAY-20260601-0006446,TRP-20260601-0006446,63.01,apple_pay,settled,2026-06-01 06:23:00
PAY-20260601-0006447,TRP-20260601-0006447,128.90,apple_pay,settled,2026-06-01 06:26:22
PAY-20260601-0006448,TRP-20260601-0006448,37.20,cash,settled,2026-06-01 15:21:39
PAY-20260601-0006449,TRP-20260601-0006449,41.94,apple_pay,settled,2026-06-01 06:23:50
PAY-20260601-0006450,TRP-20260601-0006450,62.00,apple_pay,settled,2026-06-02 00:35:37
PAY-20260601-0006451,TRP-20260601-0006451,14.62,credit_card,settled,2026-06-01 11:56:22
PAY-20260601-0006452,TRP-20260601-0006452,11.94,credit_card,settled,2026-06-01 15:37:46
PAY-20260601-0006453,TRP-20260601-0006453,12.70,cash,settled,2026-06-01 15:03:15
PAY-20260601-0006454,TRP-20260601-0006454,69.70,mada,settled,2026-06-01 09:30:58
PAY-20260601-0006455,TRP-20260601-0006455,60.40,apple_pay,settled,2026-06-02 05:26:46
PAY-20260601-0006456,TRP-20260601-0006456,12.52,mada,settled,2026-06-01 22:33:07
PAY-20260601-0006457,TRP-20260601-0006457,14.49,mada,settled,2026-06-01 13:34:01
PAY-20260601-0006458,TRP-20260601-0006458,17.13,mada,settled,2026-05-31 22:02:48
PAY-20260601-0006459,TRP-20260601-0006459,56.39,cash,settled,2026-06-01 20:26:31
PAY-20260601-0006460,TRP-20260601-0006460,27.01,apple_pay,settled,2026-06-01 23:00:00
PAY-20260601-0006462,TRP-20260601-0006462,10.00,stc_pay,settled,2026-06-02 03:26:14
PAY-20260601-0006463,TRP-20260601-0006463,60.12,credit_card,settled,2026-06-01 19:06:53
PAY-20260601-0006464,TRP-20260601-0006464,46.06,cash,settled,2026-06-01 08:19:22
PAY-20260601-0006465,TRP-20260601-0006465,12.82,mada,settled,2026-06-01 22:16:23
PAY-20260601-0006466,TRP-20260601-0006466,14.19,mada,settled,2026-06-01 17:43:57
PAY-20260601-0006467,TRP-20260601-0006467,30.90,apple_pay,pending,2026-06-02 01:36:40
PAY-20260601-0006468,TRP-20260601-0006468,19.65,stc_pay,settled,2026-06-02 00:18:19
PAY-20260601-0006469,TRP-20260601-0006469,68.29,cash,settled,2026-06-01 05:41:10
PAY-20260601-0006470,TRP-20260601-0006470,58.13,credit_card,settled,2026-06-01 21:07:02
PAY-20260601-0006471,TRP-20260601-0006471,51.87,mada,settled,2026-06-01 22:09:34
PAY-20260601-0006472,TRP-20260601-0006472,20.09,stc_pay,settled,2026-06-01 16:45:05
PAY-20260601-0006473,TRP-20260601-0006473,47.09,mada,settled,2026-06-01 17:43:27
PAY-20260601-0006474,TRP-20260601-0006474,34.32,credit_card,settled,2026-06-01 16:33:49
PAY-20260601-0006475,TRP-20260601-0006475,10.00,cash,settled,2026-06-01 07:17:53
PAY-20260601-0006476,TRP-20260601-0006476,100.50,mada,refunded,2026-06-01 14:34:17
PAY-20260601-0006477,TRP-20260601-0006477,12.00,stc_pay,settled,2026-06-01 14:28:28
PAY-20260601-0006478,TRP-20260601-0006478,17.64,credit_card,settled,2026-06-01 08:48:32
PAY-20260601-0006479,TRP-20260601-0006479,78.19,credit_card,settled,2026-06-01 15:34:14
PAY-20260601-0006480,TRP-20260601-0006480,10.00,mada,settled,2026-06-02 08:37:08
PAY-20260601-0006481,TRP-20260601-0006481,95.82,wallet,settled,2026-06-01 15:07:14
PAY-20260601-0006482,TRP-20260601-0006482,91.51,mada,settled,2026-06-01 08:54:15
PAY-20260601-0006483,TRP-20260601-0006483,65.45,cash,settled,2026-06-01 05:42:06
PAY-20260601-0006484,TRP-20260601-0006484,34.42,credit_card,settled,2026-06-01 11:06:45
PAY-20260601-0006485,TRP-20260601-0006485,16.86,wallet,settled,2026-06-01 13:40:12
PAY-20260601-0006486,TRP-20260601-0006486,43.53,apple_pay,settled,2026-06-01 16:31:38
PAY-20260601-0006487,TRP-20260601-0006487,54.41,credit_card,settled,2026-06-02 10:56:53
PAY-20260601-0006488,TRP-20260601-0006488,140.50,stc_pay,settled,2026-06-02 02:49:09
PAY-20260601-0006489,TRP-20260601-0006489,35.37,cash,settled,2026-06-01 19:33:34
PAY-20260601-0006490,TRP-20260601-0006490,69.07,credit_card,settled,2026-06-02 13:48:09
PAY-20260601-0006491,TRP-20260601-0006491,15.73,credit_card,settled,2026-06-01 09:28:01
PAY-20260601-0006492,TRP-20260601-0006492,25.54,stc_pay,settled,2026-06-01 12:20:55
PAY-20260601-0006493,TRP-20260601-0006493,17.25,cash,settled,2026-06-01 07:51:40
PAY-20260601-0006494,TRP-20260601-0006494,26.54,cash,settled,2026-05-31 22:45:55
PAY-20260601-0006495,TRP-20260601-0006495,18.35,apple_pay,settled,2026-06-01 11:07:44
PAY-20260601-0006496,TRP-20260601-0006496,65.84,wallet,settled,2026-06-01 08:39:12
PAY-20260601-0006497,TRP-20260601-0006497,44.13,credit_card,settled,2026-06-01 13:35:19
PAY-20260601-0006498,TRP-20260601-0006498,17.90,apple_pay,settled,2026-06-01 09:05:54
PAY-20260601-0006499,TRP-20260601-0006499,6.00,credit_card,settled,2026-06-01 09:41:17
PAY-20260601-0006500,TRP-20260601-0006500,158.75,cash,settled,2026-06-01 16:30:40
PAY-20260601-0006501,TRP-20260601-0006501,42.01,mada,settled,2026-06-01 19:58:08
PAY-20260601-0006502,TRP-20260601-0006502,43.81,credit_card,failed,2026-06-01 13:24:17
PAY-20260601-0006503,TRP-20260601-0006503,13.66,wallet,settled,2026-06-01 19:12:08
PAY-20260601-0006504,TRP-20260601-0006504,34.23,apple_pay,settled,2026-06-01 19:28:25
PAY-20260601-0006505,TRP-20260601-0006505,41.58,credit_card,settled,2026-06-02 11:01:56
PAY-20260601-0006506,TRP-20260601-0006506,68.12,mada,settled,2026-06-02 02:37:57
PAY-20260601-0006508,TRP-20260601-0006508,12.24,apple_pay,settled,2026-06-01 11:46:16
PAY-20260601-0006509,TRP-20260601-0006509,16.97,mada,settled,2026-06-01 06:46:17
PAY-20260601-0006510,TRP-20260601-0006510,68.57,mada,settled,2026-06-01 14:41:37
PAY-20260601-0006511,TRP-20260601-0006511,23.09,apple_pay,settled,2026-06-02 11:42:53
PAY-20260601-0006512,TRP-20260601-0006512,62.88,credit_card,settled,2026-06-01 16:32:35
PAY-20260601-0006513,TRP-20260601-0006513,36.60,credit_card,settled,2026-06-01 16:55:59
PAY-20260601-0006514,TRP-20260601-0006514,54.71,credit_card,settled,2026-06-01 17:21:19
PAY-20260601-0006515,TRP-20260601-0006515,12.98,mada,settled,2026-06-01 08:40:11
PAY-20260601-0006516,TRP-20260601-0006516,78.26,mada,settled,2026-06-01 16:11:29
PAY-20260601-0006517,TRP-20260601-0006517,11.28,apple_pay,settled,2026-06-01 22:19:59
PAY-20260601-0006518,TRP-20260601-0006518,6.00,stc_pay,settled,2026-06-02 01:55:46
PAY-20260601-0006519,TRP-20260601-0006519,17.64,credit_card,settled,2026-06-01 23:11:42
PAY-20260601-0006520,TRP-20260601-0006520,43.26,mada,settled,2026-06-01 12:46:47
PAY-20260601-0006521,TRP-20260601-0006521,126.58,stc_pay,settled,2026-06-01 06:36:08
PAY-20260601-0006522,TRP-20260601-0006522,24.13,credit_card,settled,2026-06-01 06:12:17
PAY-20260601-0006523,TRP-20260601-0006523,51.12,mada,settled,2026-06-01 15:45:46
PAY-20260601-0006524,TRP-20260601-0006524,82.44,mada,settled,2026-06-01 18:16:11
PAY-20260601-0006525,TRP-20260601-0006525,42.10,mada,settled,2026-06-01 11:38:17
PAY-20260601-0006526,TRP-20260601-0006526,79.24,apple_pay,settled,2026-06-01 14:19:27
PAY-20260601-0006527,TRP-20260601-0006527,138.71,cash,settled,2026-06-01 05:58:03
PAY-20260601-0006528,TRP-20260601-0006528,84.76,stc_pay,settled,2026-06-01 21:11:15
PAY-20260601-0006529,TRP-20260601-0006529,100.65,mada,settled,2026-06-01 15:13:22
PAY-20260601-0006530,TRP-20260601-0006530,22.19,mada,settled,2026-06-01 20:14:17
PAY-20260601-0006531,TRP-20260601-0006531,23.45,credit_card,settled,2026-06-01 15:27:05
PAY-20260601-0006532,TRP-20260601-0006532,77.06,apple_pay,settled,2026-06-02 07:11:24
PAY-20260601-0006533,TRP-20260601-0006533,43.57,apple_pay,settled,2026-06-01 07:11:58
PAY-20260601-0006534,TRP-20260601-0006534,28.86,mada,settled,2026-06-01 18:34:05
PAY-20260601-0006535,TRP-20260601-0006535,15.09,mada,settled,2026-06-01 21:14:18
PAY-20260601-0006536,TRP-20260601-0006536,45.72,credit_card,settled,2026-06-02 00:53:05
PAY-20260601-0006537,TRP-20260601-0006537,13.58,credit_card,settled,2026-06-01 13:18:04
PAY-20260601-0006538,TRP-20260601-0006538,8.00,stc_pay,settled,2026-06-01 13:03:29
PAY-20260601-0006539,TRP-20260601-0006539,26.05,mada,settled,2026-06-02 01:14:34
PAY-20260601-0006540,TRP-20260601-0006540,16.13,mada,settled,2026-06-02 01:21:11
PAY-20260601-0006541,TRP-20260601-0006541,12.02,cash,settled,2026-06-01 06:42:21
PAY-20260601-0006542,TRP-20260601-0006542,54.20,stc_pay,settled,2026-06-01 07:40:10
PAY-20260601-0006543,TRP-20260601-0006543,75.76,mada,settled,2026-06-01 16:24:44
PAY-20260601-0006544,TRP-20260601-0006544,105.71,mada,settled,2026-06-01 08:25:15
PAY-20260601-0006545,TRP-20260601-0006545,13.79,credit_card,settled,2026-06-02 10:21:26
PAY-20260601-0006546,TRP-20260601-0006546,6.00,stc_pay,settled,2026-06-01 23:23:52
PAY-20260601-0006547,TRP-20260601-0006547,12.00,mada,settled,2026-06-01 14:24:15
PAY-20260601-0006548,TRP-20260601-0006548,73.89,mada,settled,2026-06-01 08:30:54
PAY-20260601-0006549,TRP-20260601-0006549,24.86,credit_card,settled,2026-06-01 23:58:39
PAY-20260601-0006550,TRP-20260601-0006550,29.54,mada,settled,2026-06-01 11:42:15
PAY-20260601-0006551,TRP-20260601-0006551,24.89,cash,settled,2026-06-01 13:34:41
PAY-20260601-0006552,TRP-20260601-0006552,28.99,apple_pay,settled,2026-06-01 13:46:54
PAY-20260601-0006553,TRP-20260601-0006553,48.99,mada,settled,2026-06-01 21:57:15
PAY-20260601-0006554,TRP-20260601-0006554,19.50,mada,settled,2026-06-01 20:45:31
PAY-20260601-0006555,TRP-20260601-0006555,42.94,wallet,settled,2026-06-01 13:24:36
PAY-20260601-0006556,TRP-20260601-0006556,19.08,apple_pay,settled,2026-06-01 17:48:15
PAY-20260601-0006557,TRP-20260601-0006557,20.89,apple_pay,settled,2026-06-01 17:59:43
PAY-20260601-0006558,TRP-20260601-0006558,15.48,cash,settled,2026-06-01 05:46:07
PAY-20260601-0006559,TRP-20260601-0006559,62.95,cash,settled,2026-06-01 06:06:32
PAY-20260601-0006560,TRP-20260601-0006560,24.13,credit_card,settled,2026-06-01 11:40:27
PAY-20260601-0006561,TRP-20260601-0006561,25.66,mada,settled,2026-06-02 05:18:07
PAY-20260601-0006562,TRP-20260601-0006562,23.74,cash,settled,2026-06-01 15:17:06
PAY-20260601-0006563,TRP-20260601-0006563,57.86,credit_card,settled,2026-06-01 20:09:08
PAY-20260601-0006564,TRP-20260601-0006564,28.40,apple_pay,settled,2026-06-02 00:18:20
PAY-20260601-0006565,TRP-20260601-0006565,21.36,cash,settled,2026-06-01 07:47:48
PAY-20260601-0006566,TRP-20260601-0006566,67.31,apple_pay,pending,2026-06-01 04:00:28
PAY-20260601-0006567,TRP-20260601-0006567,19.81,mada,settled,2026-06-01 05:27:03
PAY-20260601-0006568,TRP-20260601-0006568,104.42,cash,settled,2026-06-01 16:50:53
PAY-20260601-0006569,TRP-20260601-0006569,22.64,mada,settled,2026-06-01 03:50:08
PAY-20260601-0006570,TRP-20260601-0006570,14.69,cash,settled,2026-06-01 12:54:33
PAY-20260601-0006571,TRP-20260601-0006571,64.58,credit_card,settled,2026-06-01 17:16:26
PAY-20260601-0006572,TRP-20260601-0006572,28.95,mada,settled,2026-06-02 09:27:43
PAY-20260601-0006573,TRP-20260601-0006573,39.51,cash,settled,2026-06-01 15:35:38
PAY-20260601-0006574,TRP-20260601-0006574,18.58,mada,settled,2026-06-01 04:56:58
PAY-20260601-0006575,TRP-20260601-0006575,13.69,credit_card,settled,2026-06-01 10:45:30
PAY-20260601-0006576,TRP-20260601-0006576,47.91,credit_card,settled,2026-06-01 17:04:29
PAY-20260601-0006577,TRP-20260601-0006577,46.55,mada,settled,2026-06-01 09:45:30
PAY-20260601-0006578,TRP-20260601-0006578,38.19,mada,settled,2026-06-01 15:21:03
PAY-20260601-0006579,TRP-20260601-0006579,38.14,cash,settled,2026-06-01 15:59:54
PAY-20260601-0006580,TRP-20260601-0006580,18.36,mada,settled,2026-06-01 00:46:38
PAY-20260601-0006581,TRP-20260601-0006581,28.46,mada,settled,2026-06-01 15:42:47
PAY-20260601-0006582,TRP-20260601-0006582,12.00,apple_pay,settled,2026-06-01 10:36:55
PAY-20260601-0006583,TRP-20260601-0006583,20.64,wallet,settled,2026-06-01 07:37:47
PAY-20260601-0006584,TRP-20260601-0006584,32.44,mada,settled,2026-06-01 06:26:15
PAY-20260601-0006585,TRP-20260601-0006585,21.22,credit_card,settled,2026-06-02 07:49:35
PAY-20260601-0006586,TRP-20260601-0006586,39.81,mada,settled,2026-06-01 07:24:14
PAY-20260601-0006587,TRP-20260601-0006587,12.60,mada,settled,2026-06-02 00:37:59
PAY-20260601-0006588,TRP-20260601-0006588,28.85,mada,settled,2026-06-01 08:46:56
PAY-20260601-0006589,TRP-20260601-0006589,47.69,mada,settled,2026-06-01 10:53:35
PAY-20260601-0006590,TRP-20260601-0006590,15.17,mada,settled,2026-06-01 20:06:27
PAY-20260601-0006591,TRP-20260601-0006591,31.61,stc_pay,settled,2026-06-02 01:11:31
PAY-20260601-0006592,TRP-20260601-0006592,22.95,wallet,settled,2026-06-01 12:24:24
PAY-20260601-0006593,TRP-20260601-0006593,54.01,mada,settled,2026-06-01 14:59:46
PAY-20260601-0006594,TRP-20260601-0006594,63.96,credit_card,settled,2026-06-02 06:22:20
PAY-20260601-0006595,TRP-20260601-0006595,19.48,credit_card,settled,2026-06-01 14:41:00
PAY-20260601-0006596,TRP-20260601-0006596,39.94,mada,failed,2026-06-01 09:23:26
PAY-20260601-0006597,TRP-20260601-0006597,16.83,mada,settled,2026-06-02 14:12:12
PAY-20260601-0006598,TRP-20260601-0006598,69.29,mada,settled,2026-06-01 12:49:43
PAY-20260601-0006599,TRP-20260601-0006599,26.05,mada,settled,2026-06-01 19:08:58
PAY-20260601-0006600,TRP-20260601-0006600,26.43,apple_pay,settled,2026-06-02 14:50:36
PAY-20260601-0006601,TRP-20260601-0006601,12.00,apple_pay,settled,2026-06-01 17:58:29
PAY-20260601-0006602,TRP-20260601-0006602,12.00,mada,settled,2026-06-01 08:24:14
PAY-20260601-0006603,TRP-20260601-0006603,39.62,mada,settled,2026-06-01 14:44:15
PAY-20260601-0006604,TRP-20260601-0006604,86.83,mada,settled,2026-06-01 16:45:42
PAY-20260601-0006605,TRP-20260601-0006605,65.07,apple_pay,settled,2026-06-01 21:03:09
PAY-20260601-0006606,TRP-20260601-0006606,35.69,apple_pay,settled,2026-06-01 17:19:46
PAY-20260601-0006607,TRP-20260601-0006607,25.77,mada,settled,2026-06-01 16:12:04
PAY-20260601-0006608,TRP-20260601-0006608,16.25,mada,settled,2026-06-01 15:38:02
PAY-20260601-0006609,TRP-20260601-0006609,20.95,mada,failed,2026-06-01 14:20:33
PAY-20260601-0006610,TRP-20260601-0006610,29.90,mada,settled,2026-06-02 08:50:39
PAY-20260601-0006611,TRP-20260601-0006611,55.88,cash,settled,2026-06-01 11:34:09
PAY-20260601-0006612,TRP-20260601-0006612,81.56,cash,settled,2026-06-01 17:06:24
PAY-20260601-0006613,TRP-20260601-0006613,23.59,wallet,settled,2026-06-02 10:02:47
PAY-20260601-0006614,TRP-20260601-0006614,26.64,cash,settled,2026-06-01 11:18:16
PAY-20260601-0006615,TRP-20260601-0006615,23.65,apple_pay,settled,2026-06-02 06:23:42
PAY-20260601-0006616,TRP-20260601-0006616,54.43,mada,settled,2026-06-01 08:42:43
PAY-20260601-0006617,TRP-20260601-0006617,44.82,mada,settled,2026-06-01 14:23:02
PAY-20260601-0006618,TRP-20260601-0006618,59.59,mada,settled,2026-06-01 05:15:06
PAY-20260601-0006619,TRP-20260601-0006619,19.07,credit_card,settled,2026-06-01 12:04:03
PAY-20260601-0006620,TRP-20260601-0006620,23.54,stc_pay,pending,2026-06-01 04:55:54
PAY-20260601-0006621,TRP-20260601-0006621,44.97,credit_card,settled,2026-06-01 18:35:38
PAY-20260601-0006622,TRP-20260601-0006622,71.23,cash,settled,2026-06-01 15:06:51
PAY-20260601-0006623,TRP-20260601-0006623,44.13,mada,settled,2026-06-02 11:25:37
PAY-20260601-0006625,TRP-20260601-0006625,18.49,mada,settled,2026-06-01 15:21:23
PAY-20260601-0006626,TRP-20260601-0006626,66.71,mada,settled,2026-06-01 07:31:24
PAY-20260601-0006627,TRP-20260601-0006627,34.73,mada,settled,2026-06-01 17:07:14
PAY-20260601-0006628,TRP-20260601-0006628,14.58,mada,settled,2026-06-01 05:36:30
PAY-20260601-0006629,TRP-20260601-0006629,91.20,mada,settled,2026-06-01 22:42:50
PAY-20260601-0006630,TRP-20260601-0006630,24.04,apple_pay,settled,2026-06-01 15:19:51
PAY-20260601-0006631,TRP-20260601-0006631,14.49,credit_card,settled,2026-06-01 18:29:19
PAY-20260601-0006632,TRP-20260601-0006632,34.30,cash,settled,2026-06-01 09:40:32
PAY-20260601-0006633,TRP-20260601-0006633,83.23,mada,settled,2026-06-01 09:54:55
PAY-20260601-0006634,TRP-20260601-0006634,30.02,mada,settled,2026-05-31 23:52:28
PAY-20260601-0006635,TRP-20260601-0006635,67.75,credit_card,settled,2026-06-01 04:05:58
PAY-20260601-0006636,TRP-20260601-0006636,10.00,wallet,settled,2026-06-02 03:23:15
PAY-20260601-0006637,TRP-20260601-0006637,20.58,stc_pay,settled,2026-06-01 06:05:21
PAY-20260601-0006638,TRP-20260601-0006638,29.95,stc_pay,settled,2026-06-01 23:37:03
PAY-20260601-0006639,TRP-20260601-0006639,16.83,mada,settled,2026-06-02 04:28:55
PAY-20260601-0006640,TRP-20260601-0006640,46.07,apple_pay,settled,2026-06-01 18:38:27
PAY-20260601-0006642,TRP-20260601-0006642,51.06,stc_pay,settled,2026-06-01 17:38:42
PAY-20260601-0006643,TRP-20260601-0006643,32.75,credit_card,settled,2026-06-01 21:10:51
PAY-20260601-0006644,TRP-20260601-0006644,24.77,mada,settled,2026-06-01 06:25:10
PAY-20260601-0006645,TRP-20260601-0006645,21.92,wallet,settled,2026-06-01 20:24:30
PAY-20260601-0006646,TRP-20260601-0006646,38.38,mada,settled,2026-06-01 22:11:27
PAY-20260601-0006647,TRP-20260601-0006647,42.23,mada,settled,2026-06-01 16:49:14
PAY-20260601-0006648,TRP-20260601-0006648,25.64,cash,settled,2026-06-01 10:47:26
PAY-20260601-0006649,TRP-20260601-0006649,20.36,stc_pay,settled,2026-06-01 15:18:56
PAY-20260601-0006650,TRP-20260601-0006650,71.26,cash,settled,2026-06-01 05:44:33
PAY-20260601-0006651,TRP-20260601-0006651,18.37,wallet,settled,2026-06-01 12:36:03
PAY-20260601-0006652,TRP-20260601-0006652,15.44,credit_card,settled,2026-06-01 06:55:51
PAY-20260601-0006653,TRP-20260601-0006653,36.78,credit_card,settled,2026-06-01 08:17:49
PAY-20260601-0006654,TRP-20260601-0006654,15.27,apple_pay,settled,2026-06-01 20:08:45
PAY-20260601-0006655,TRP-20260601-0006655,19.19,mada,settled,2026-06-01 15:59:24
PAY-20260601-0006657,TRP-20260601-0006657,24.46,credit_card,settled,2026-06-01 17:38:41
PAY-20260601-0006658,TRP-20260601-0006658,19.26,cash,settled,2026-06-01 12:15:09
PAY-20260601-0006659,TRP-20260601-0006659,26.92,mada,settled,2026-06-01 16:01:54
PAY-20260601-0006660,TRP-20260601-0006660,95.17,mada,settled,2026-06-01 17:13:17
PAY-20260601-0006661,TRP-20260601-0006661,6.00,mada,settled,2026-06-01 14:47:45
PAY-20260601-0006662,TRP-20260601-0006662,32.19,credit_card,settled,2026-06-01 17:01:58
PAY-20260601-0006663,TRP-20260601-0006663,61.41,mada,settled,2026-06-01 18:20:49
PAY-20260601-0006664,TRP-20260601-0006664,12.82,mada,failed,2026-06-01 12:54:21
PAY-20260601-0006665,TRP-20260601-0006665,58.71,wallet,settled,2026-06-01 12:47:04
PAY-20260601-0006666,TRP-20260601-0006666,24.73,apple_pay,settled,2026-06-01 17:42:17
PAY-20260601-0006667,TRP-20260601-0006667,22.14,credit_card,settled,2026-06-01 14:07:16
PAY-20260601-0006668,TRP-20260601-0006668,26.01,stc_pay,settled,2026-06-01 05:57:56
PAY-20260601-0006669,TRP-20260601-0006669,21.83,mada,settled,2026-06-01 01:15:21
PAY-20260601-0006670,TRP-20260601-0006670,18.87,credit_card,settled,2026-06-01 20:19:26
PAY-20260601-0006671,TRP-20260601-0006671,36.40,apple_pay,settled,2026-06-02 04:18:37
PAY-20260601-0006672,TRP-20260601-0006672,63.91,mada,settled,2026-05-31 23:55:28
PAY-20260601-0006673,TRP-20260601-0006673,8.00,mada,settled,2026-06-02 08:36:25
PAY-20260601-0006674,TRP-20260601-0006674,39.40,credit_card,settled,2026-06-01 13:30:19
PAY-20260601-0006675,TRP-20260601-0006675,199.67,wallet,settled,2026-06-01 17:07:59
PAY-20260601-0006676,TRP-20260601-0006676,11.39,wallet,settled,2026-06-01 22:11:01
PAY-20260601-0006677,TRP-20260601-0006677,22.07,cash,settled,2026-06-01 20:24:00
PAY-20260601-0006678,TRP-20260601-0006678,100.19,stc_pay,settled,2026-06-01 04:20:39
PAY-20260601-0006679,TRP-20260601-0006679,25.24,mada,settled,2026-05-31 22:58:22
PAY-20260601-0006680,TRP-20260601-0006680,31.23,cash,settled,2026-06-01 13:30:02
PAY-20260601-0006681,TRP-20260601-0006681,42.83,mada,failed,2026-05-31 22:39:54
PAY-20260601-0006682,TRP-20260601-0006682,52.79,mada,settled,2026-06-01 13:30:47
PAY-20260601-0006683,TRP-20260601-0006683,48.20,wallet,settled,2026-06-02 02:58:14
PAY-20260601-0006684,TRP-20260601-0006684,11.00,cash,settled,2026-06-01 14:03:01
PAY-20260601-0006685,TRP-20260601-0006685,20.36,stc_pay,settled,2026-06-01 21:10:06
PAY-20260601-0006686,TRP-20260601-0006686,14.39,apple_pay,settled,2026-06-01 02:39:27
PAY-20260601-0006687,TRP-20260601-0006687,26.69,apple_pay,settled,2026-06-02 04:13:42
PAY-20260601-0006688,TRP-20260601-0006688,148.72,credit_card,settled,2026-06-01 21:01:18
PAY-20260601-0006689,TRP-20260601-0006689,50.03,mada,settled,2026-06-01 07:52:28
PAY-20260601-0006690,TRP-20260601-0006690,48.07,apple_pay,settled,2026-06-01 11:04:34
PAY-20260601-0006691,TRP-20260601-0006691,122.40,cash,settled,2026-06-01 17:06:24
PAY-20260601-0006692,TRP-20260601-0006692,18.57,cash,settled,2026-06-01 14:12:53
PAY-20260601-0006693,TRP-20260601-0006693,60.92,apple_pay,settled,2026-06-01 22:44:29
PAY-20260601-0006694,TRP-20260601-0006694,46.93,mada,settled,2026-06-02 02:16:51
PAY-20260601-0006696,TRP-20260601-0006696,22.64,stc_pay,settled,2026-05-31 22:11:19
PAY-20260601-0006697,TRP-20260601-0006697,63.50,mada,settled,2026-06-01 15:23:52
PAY-20260601-0006698,TRP-20260601-0006698,25.20,cash,settled,2026-06-01 05:35:00
PAY-20260601-0006699,TRP-20260601-0006699,82.59,cash,settled,2026-06-01 06:26:41
PAY-20260601-0006700,TRP-20260601-0006700,51.53,apple_pay,settled,2026-06-01 16:59:17
PAY-20260601-0006701,TRP-20260601-0006701,26.07,credit_card,settled,2026-06-01 22:58:15
PAY-20260601-0006703,TRP-20260601-0006703,100.44,apple_pay,settled,2026-06-01 05:28:27
PAY-20260601-0006704,TRP-20260601-0006704,28.38,apple_pay,settled,2026-06-02 01:13:28
PAY-20260601-0006705,TRP-20260601-0006705,42.73,credit_card,settled,2026-06-01 17:19:43
PAY-20260601-0006706,TRP-20260601-0006706,50.08,mada,settled,2026-06-01 06:24:51
PAY-20260601-0006707,TRP-20260601-0006707,16.86,mada,settled,2026-06-02 02:50:58
PAY-20260601-0006708,TRP-20260601-0006708,70.12,credit_card,settled,2026-06-01 16:41:52
PAY-20260601-0006709,TRP-20260601-0006709,15.24,cash,settled,2026-06-01 10:36:24
PAY-20260601-0006710,TRP-20260601-0006710,25.34,credit_card,settled,2026-06-02 11:36:17
PAY-20260601-0006711,TRP-20260601-0006711,54.98,cash,settled,2026-06-01 12:59:37
PAY-20260601-0006712,TRP-20260601-0006712,35.27,credit_card,settled,2026-06-01 20:13:55
PAY-20260601-0006713,TRP-20260601-0006713,31.32,mada,settled,2026-06-02 08:17:22
PAY-20260601-0006714,TRP-20260601-0006714,20.28,credit_card,failed,2026-06-01 14:47:46
PAY-20260601-0006715,TRP-20260601-0006715,42.14,mada,refunded,2026-06-01 13:53:41
PAY-20260601-0006716,TRP-20260601-0006716,20.26,mada,settled,2026-06-02 10:50:29
PAY-20260601-0006717,TRP-20260601-0006717,65.19,credit_card,settled,2026-06-01 18:56:49
PAY-20260601-0006718,TRP-20260601-0006718,97.88,stc_pay,settled,2026-06-02 01:02:23
PAY-20260601-0006719,TRP-20260601-0006719,18.11,mada,settled,2026-06-02 07:48:37
PAY-20260601-0006720,TRP-20260601-0006720,63.40,mada,pending,2026-06-01 10:09:25
PAY-20260601-0006721,TRP-20260601-0006721,47.69,apple_pay,settled,2026-06-01 11:07:13
PAY-20260601-0006722,TRP-20260601-0006722,14.92,mada,refunded,2026-06-01 19:46:05
PAY-20260601-0006723,TRP-20260601-0006723,25.02,mada,settled,2026-06-01 16:30:59
PAY-20260601-0006724,TRP-20260601-0006724,60.64,wallet,settled,2026-06-01 20:58:04
PAY-20260601-0006725,TRP-20260601-0006725,83.18,wallet,settled,2026-06-01 16:39:11
PAY-20260601-0006726,TRP-20260601-0006726,157.91,cash,settled,2026-06-01 06:59:20
PAY-20260601-0006727,TRP-20260601-0006727,28.59,credit_card,settled,2026-06-02 15:16:58
PAY-20260601-0006728,TRP-20260601-0006728,18.11,mada,settled,2026-06-01 15:30:56
PAY-20260601-0006729,TRP-20260601-0006729,51.96,stc_pay,settled,2026-06-01 12:32:50
PAY-20260601-0006730,TRP-20260601-0006730,12.26,credit_card,settled,2026-06-01 21:28:31
PAY-20260601-0006731,TRP-20260601-0006731,12.00,stc_pay,settled,2026-06-01 00:04:57
PAY-20260601-0006732,TRP-20260601-0006732,18.22,mada,settled,2026-06-01 02:26:54
PAY-20260601-0006735,TRP-20260601-0006735,21.72,credit_card,settled,2026-06-01 17:06:29
PAY-20260601-0006736,TRP-20260601-0006736,20.53,mada,settled,2026-06-01 13:33:31
PAY-20260601-0006737,TRP-20260601-0006737,34.36,stc_pay,settled,2026-06-01 17:12:10
PAY-20260601-0006738,TRP-20260601-0006738,75.25,mada,settled,2026-06-01 15:07:41
PAY-20260601-0006739,TRP-20260601-0006739,10.00,mada,settled,2026-06-01 07:29:13
PAY-20260601-0006740,TRP-20260601-0006740,92.78,credit_card,settled,2026-06-02 06:19:43
PAY-20260601-0006741,TRP-20260601-0006741,49.79,wallet,settled,2026-06-01 00:54:15
PAY-20260601-0006742,TRP-20260601-0006742,24.83,stc_pay,settled,2026-06-01 05:59:27
PAY-20260601-0006743,TRP-20260601-0006743,55.89,apple_pay,settled,2026-05-31 23:15:11
PAY-20260601-0006744,TRP-20260601-0006744,21.34,mada,settled,2026-06-01 09:31:55
PAY-20260601-0006745,TRP-20260601-0006745,8.00,cash,settled,2026-06-01 15:02:09
PAY-20260601-0006746,TRP-20260601-0006746,8.00,stc_pay,settled,2026-06-01 17:27:09
PAY-20260601-0006747,TRP-20260601-0006747,35.16,credit_card,settled,2026-06-01 11:49:57
PAY-20260601-0006748,TRP-20260601-0006748,82.68,credit_card,settled,2026-06-01 12:07:19
PAY-20260601-0006749,TRP-20260601-0006749,24.98,credit_card,settled,2026-06-01 04:35:02
PAY-20260601-0006750,TRP-20260601-0006750,19.63,mada,settled,2026-06-01 00:58:26
PAY-20260601-0006751,TRP-20260601-0006751,34.85,mada,settled,2026-06-01 03:33:05
PAY-20260601-0006752,TRP-20260601-0006752,22.11,apple_pay,settled,2026-06-01 18:22:39
PAY-20260601-0006753,TRP-20260601-0006753,12.00,credit_card,settled,2026-06-01 07:51:02
PAY-20260601-0006754,TRP-20260601-0006754,41.60,stc_pay,settled,2026-06-01 20:01:38
PAY-20260601-0006755,TRP-20260601-0006755,8.00,mada,settled,2026-06-01 12:58:15
PAY-20260601-0006756,TRP-20260601-0006756,105.26,mada,settled,2026-06-01 22:56:29
PAY-20260601-0006758,TRP-20260601-0006758,70.51,cash,settled,2026-06-01 16:37:51
PAY-20260601-0006759,TRP-20260601-0006759,16.04,wallet,settled,2026-06-01 16:33:22
PAY-20260601-0006760,TRP-20260601-0006760,26.38,credit_card,pending,2026-06-02 02:28:11
PAY-20260601-0006761,TRP-20260601-0006761,10.00,mada,settled,2026-06-01 11:18:13
PAY-20260601-0006762,TRP-20260601-0006762,62.39,cash,settled,2026-06-01 05:07:58
PAY-20260601-0006763,TRP-20260601-0006763,11.98,cash,settled,2026-06-01 20:10:15
PAY-20260601-0006764,TRP-20260601-0006764,72.61,credit_card,settled,2026-06-02 06:14:33
PAY-20260601-0006765,TRP-20260601-0006765,22.94,mada,settled,2026-06-01 17:52:51
PAY-20260601-0006766,TRP-20260601-0006766,28.59,stc_pay,settled,2026-06-01 14:36:54
PAY-20260601-0006767,TRP-20260601-0006767,8.00,cash,settled,2026-06-01 14:08:18
PAY-20260601-0006768,TRP-20260601-0006768,28.77,credit_card,settled,2026-06-01 21:35:05
PAY-20260601-0006769,TRP-20260601-0006769,30.83,mada,settled,2026-06-02 14:45:56
PAY-20260601-0006770,TRP-20260601-0006770,44.30,mada,pending,2026-06-01 17:25:30
PAY-20260601-0006771,TRP-20260601-0006771,20.76,mada,settled,2026-05-31 23:26:53
PAY-20260601-0006772,TRP-20260601-0006772,16.17,stc_pay,settled,2026-06-01 06:54:42
PAY-20260601-0006773,TRP-20260601-0006773,15.93,apple_pay,settled,2026-06-01 17:21:54
PAY-20260601-0006774,TRP-20260601-0006774,37.86,stc_pay,settled,2026-06-01 16:15:25
PAY-20260601-0006775,TRP-20260601-0006775,6.00,cash,settled,2026-06-01 10:28:08
PAY-20260601-0006776,TRP-20260601-0006776,18.51,wallet,settled,2026-06-01 07:45:46
PAY-20260601-0006777,TRP-20260601-0006777,38.55,cash,settled,2026-06-01 16:19:30
PAY-20260601-0006778,TRP-20260601-0006778,33.75,mada,settled,2026-06-02 16:56:10
PAY-20260601-0006779,TRP-20260601-0006779,63.26,wallet,settled,2026-06-01 20:02:33
PAY-20260601-0006780,TRP-20260601-0006780,16.00,apple_pay,settled,2026-06-01 16:30:44
PAY-20260601-0006781,TRP-20260601-0006781,13.99,mada,settled,2026-06-01 18:55:32
PAY-20260601-0006782,TRP-20260601-0006782,16.76,credit_card,settled,2026-06-01 18:34:36
PAY-20260601-0006783,TRP-20260601-0006783,24.95,stc_pay,settled,2026-06-01 18:06:10
PAY-20260601-0006784,TRP-20260601-0006784,75.34,mada,settled,2026-06-01 15:18:57
PAY-20260601-0006785,TRP-20260601-0006785,43.17,mada,settled,2026-06-01 14:54:04
PAY-20260601-0006786,TRP-20260601-0006786,25.71,mada,settled,2026-06-01 13:00:47
PAY-20260601-0006787,TRP-20260601-0006787,58.78,apple_pay,settled,2026-06-01 16:54:00
PAY-20260601-0006788,TRP-20260601-0006788,24.72,apple_pay,settled,2026-06-01 01:01:10
PAY-20260601-0006789,TRP-20260601-0006789,59.00,apple_pay,settled,2026-06-01 14:23:51
PAY-20260601-0006790,TRP-20260601-0006790,22.29,mada,settled,2026-06-02 09:20:08
PAY-20260601-0006791,TRP-20260601-0006791,77.78,apple_pay,settled,2026-06-01 05:55:08
PAY-20260601-0006792,TRP-20260601-0006792,21.97,credit_card,settled,2026-06-01 19:11:07
PAY-20260601-0006793,TRP-20260601-0006793,73.59,apple_pay,settled,2026-06-02 12:03:07
PAY-20260601-0006794,TRP-20260601-0006794,23.79,mada,settled,2026-06-01 16:34:06
PAY-20260601-0006795,TRP-20260601-0006795,19.07,mada,settled,2026-06-02 06:51:18
PAY-20260601-0006796,TRP-20260601-0006796,17.05,mada,settled,2026-06-01 14:22:55
PAY-20260601-0006797,TRP-20260601-0006797,13.05,credit_card,settled,2026-06-02 07:00:34
PAY-20260601-0006798,TRP-20260601-0006798,78.47,stc_pay,settled,2026-06-02 06:59:40
PAY-20260601-0006799,TRP-20260601-0006799,59.07,mada,settled,2026-06-01 15:31:56
PAY-20260601-0006800,TRP-20260601-0006800,24.43,wallet,settled,2026-06-01 08:53:28
PAY-20260601-0006801,TRP-20260601-0006801,47.89,mada,settled,2026-06-01 16:41:03
PAY-20260601-0006802,TRP-20260601-0006802,61.38,credit_card,settled,2026-06-01 08:28:02
PAY-20260601-0006803,TRP-20260601-0006803,105.70,cash,settled,2026-06-01 06:30:19
PAY-20260601-0006804,TRP-20260601-0006804,18.97,credit_card,settled,2026-06-01 15:11:36
PAY-20260601-0006805,TRP-20260601-0006805,57.54,apple_pay,settled,2026-06-02 14:36:00
PAY-20260601-0006806,TRP-20260601-0006806,8.00,mada,settled,2026-06-02 09:10:14
PAY-20260601-0006807,TRP-20260601-0006807,143.28,stc_pay,settled,2026-06-02 05:11:03
PAY-20260601-0006808,TRP-20260601-0006808,82.61,mada,settled,2026-06-01 08:17:44
PAY-20260601-0006809,TRP-20260601-0006809,111.43,mada,settled,2026-06-01 17:41:53
PAY-20260601-0006810,TRP-20260601-0006810,14.48,mada,settled,2026-06-01 08:48:12
PAY-20260601-0006811,TRP-20260601-0006811,19.42,credit_card,settled,2026-06-01 15:07:06
PAY-20260601-0006812,TRP-20260601-0006812,6.00,credit_card,pending,2026-06-01 08:51:26
PAY-20260601-0006813,TRP-20260601-0006813,15.43,mada,settled,2026-06-01 17:41:18
PAY-20260601-0006814,TRP-20260601-0006814,16.60,mada,settled,2026-06-01 08:49:04
PAY-20260601-0006815,TRP-20260601-0006815,34.54,credit_card,settled,2026-06-01 21:37:48
PAY-20260601-0006816,TRP-20260601-0006816,68.98,mada,settled,2026-06-01 04:19:57
PAY-20260601-0006817,TRP-20260601-0006817,31.26,mada,settled,2026-06-01 20:14:19
PAY-20260601-0006818,TRP-20260601-0006818,11.44,wallet,settled,2026-06-01 19:41:48
PAY-20260601-0006819,TRP-20260601-0006819,14.75,mada,settled,2026-06-01 17:55:29
PAY-20260601-0006820,TRP-20260601-0006820,30.86,credit_card,settled,2026-06-01 16:20:37
PAY-20260601-0006821,TRP-20260601-0006821,19.84,wallet,settled,2026-06-01 06:03:03
PAY-20260601-0006822,TRP-20260601-0006822,45.56,apple_pay,settled,2026-06-02 02:00:25
PAY-20260601-0006823,TRP-20260601-0006823,24.32,apple_pay,settled,2026-06-01 20:45:11
PAY-20260601-0006824,TRP-20260601-0006824,35.07,credit_card,settled,2026-06-02 06:19:46
PAY-20260601-0006825,TRP-20260601-0006825,30.40,stc_pay,settled,2026-06-01 10:42:08
PAY-20260601-0006827,TRP-20260601-0006827,85.39,mada,settled,2026-06-01 08:10:16
PAY-20260601-0006828,TRP-20260601-0006828,26.83,mada,settled,2026-06-02 08:41:05
PAY-20260601-0006829,TRP-20260601-0006829,32.98,mada,settled,2026-06-01 18:52:04
PAY-20260601-0006830,TRP-20260601-0006830,82.02,stc_pay,settled,2026-06-01 17:57:51
PAY-20260601-0006831,TRP-20260601-0006831,56.28,cash,settled,2026-06-01 15:17:47
PAY-20260601-0006832,TRP-20260601-0006832,29.18,stc_pay,settled,2026-06-01 18:28:36
PAY-20260601-0006833,TRP-20260601-0006833,49.41,mada,settled,2026-06-01 18:34:24
PAY-20260601-0006834,TRP-20260601-0006834,28.50,credit_card,settled,2026-06-01 20:11:56
PAY-20260601-0006835,TRP-20260601-0006835,33.17,credit_card,settled,2026-06-01 04:40:27
PAY-20260601-0006836,TRP-20260601-0006836,64.71,mada,settled,2026-06-01 06:51:01
PAY-20260601-0006837,TRP-20260601-0006837,20.39,stc_pay,settled,2026-06-02 11:10:38
PAY-20260601-0006838,TRP-20260601-0006838,29.52,wallet,refunded,2026-06-01 12:31:22
PAY-20260601-0006839,TRP-20260601-0006839,12.58,wallet,settled,2026-06-01 18:16:18
PAY-20260601-0006840,TRP-20260601-0006840,26.10,apple_pay,settled,2026-06-01 16:42:58
PAY-20260601-0006841,TRP-20260601-0006841,20.94,stc_pay,settled,2026-06-01 11:22:56
PAY-20260601-0006842,TRP-20260601-0006842,24.39,apple_pay,settled,2026-06-01 10:45:56
PAY-20260601-0006843,TRP-20260601-0006843,11.10,mada,settled,2026-06-01 20:51:23
PAY-20260601-0006844,TRP-20260601-0006844,12.00,credit_card,settled,2026-06-01 14:08:04
PAY-20260601-0006845,TRP-20260601-0006845,52.94,cash,settled,2026-06-01 13:55:26
PAY-20260601-0006846,TRP-20260601-0006846,14.02,mada,settled,2026-06-01 19:39:20
PAY-20260601-0006847,TRP-20260601-0006847,13.22,credit_card,settled,2026-06-02 03:29:06
PAY-20260601-0006848,TRP-20260601-0006848,52.51,cash,settled,2026-06-01 12:09:55
PAY-20260601-0006849,TRP-20260601-0006849,55.42,cash,settled,2026-06-01 09:09:06
PAY-20260601-0006850,TRP-20260601-0006850,16.67,stc_pay,settled,2026-06-01 08:10:00
PAY-20260601-0006851,TRP-20260601-0006851,171.94,stc_pay,settled,2026-06-01 19:24:04
PAY-20260601-0006852,TRP-20260601-0006852,11.00,cash,settled,2026-06-01 21:06:04
PAY-20260601-0006853,TRP-20260601-0006853,31.53,mada,failed,2026-06-02 06:09:34
PAY-20260601-0006854,TRP-20260601-0006854,68.25,cash,settled,2026-06-01 16:56:02
PAY-20260601-0006855,TRP-20260601-0006855,21.31,mada,settled,2026-06-01 07:04:22
PAY-20260601-0006856,TRP-20260601-0006856,23.28,mada,settled,2026-06-01 15:09:58
PAY-20260601-0006857,TRP-20260601-0006857,35.93,mada,settled,2026-06-01 20:47:46
PAY-20260601-0006858,TRP-20260601-0006858,12.16,stc_pay,settled,2026-06-01 21:54:38
PAY-20260601-0006859,TRP-20260601-0006859,62.65,stc_pay,settled,2026-06-02 00:57:13
PAY-20260601-0006860,TRP-20260601-0006860,77.54,credit_card,settled,2026-06-02 08:30:19
PAY-20260601-0006861,TRP-20260601-0006861,104.24,cash,settled,2026-06-01 15:55:50
PAY-20260601-0006862,TRP-20260601-0006862,16.66,stc_pay,settled,2026-06-01 14:43:20
PAY-20260601-0006863,TRP-20260601-0006863,91.20,mada,settled,2026-06-01 23:01:51
PAY-20260601-0006864,TRP-20260601-0006864,11.55,mada,settled,2026-06-01 19:10:49
PAY-20260601-0006865,TRP-20260601-0006865,66.97,apple_pay,settled,2026-06-01 08:03:33
PAY-20260601-0006866,TRP-20260601-0006866,14.78,credit_card,settled,2026-06-01 13:58:43
PAY-20260601-0006867,TRP-20260601-0006867,28.79,mada,settled,2026-06-01 13:04:44
PAY-20260601-0006868,TRP-20260601-0006868,26.94,credit_card,settled,2026-06-01 18:28:31
PAY-20260601-0006869,TRP-20260601-0006869,77.03,credit_card,settled,2026-06-02 07:23:05
PAY-20260601-0006870,TRP-20260601-0006870,16.34,credit_card,settled,2026-06-01 04:27:51
PAY-20260601-0006871,TRP-20260601-0006871,14.31,mada,settled,2026-06-01 16:59:31
PAY-20260601-0006872,TRP-20260601-0006872,16.05,cash,settled,2026-06-01 12:16:32
PAY-20260601-0006873,TRP-20260601-0006873,22.72,cash,settled,2026-06-01 15:20:34
PAY-20260601-0006874,TRP-20260601-0006874,19.12,credit_card,settled,2026-06-01 12:16:00
PAY-20260601-0006875,TRP-20260601-0006875,33.06,mada,settled,2026-06-02 04:05:35
PAY-20260601-0006876,TRP-20260601-0006876,172.55,cash,settled,2026-06-01 06:10:03
PAY-20260601-0006877,TRP-20260601-0006877,52.54,cash,settled,2026-05-31 23:26:28
PAY-20260601-0006878,TRP-20260601-0006878,20.02,wallet,settled,2026-06-01 14:59:11
PAY-20260601-0006879,TRP-20260601-0006879,20.20,credit_card,settled,2026-06-01 06:37:02
PAY-20260601-0006880,TRP-20260601-0006880,83.71,apple_pay,settled,2026-06-01 08:10:34
PAY-20260601-0006881,TRP-20260601-0006881,36.51,mada,settled,2026-06-01 05:46:41
PAY-20260601-0006882,TRP-20260601-0006882,19.49,mada,settled,2026-06-01 17:33:07
PAY-20260601-0006883,TRP-20260601-0006883,12.00,stc_pay,settled,2026-06-01 21:23:32
PAY-20260601-0006884,TRP-20260601-0006884,29.09,stc_pay,settled,2026-06-01 18:21:38
PAY-20260601-0006885,TRP-20260601-0006885,15.03,mada,settled,2026-06-02 02:53:01
PAY-20260601-0006886,TRP-20260601-0006886,158.85,wallet,settled,2026-06-02 16:44:38
PAY-20260601-0006887,TRP-20260601-0006887,25.25,credit_card,settled,2026-06-01 17:06:40
PAY-20260601-0006888,TRP-20260601-0006888,26.67,credit_card,pending,2026-06-01 12:33:20
PAY-20260601-0006889,TRP-20260601-0006889,25.09,stc_pay,settled,2026-06-02 06:32:27
PAY-20260601-0006890,TRP-20260601-0006890,36.04,mada,settled,2026-06-01 23:16:15
PAY-20260601-0006891,TRP-20260601-0006891,13.81,apple_pay,settled,2026-06-01 20:27:00
PAY-20260601-0006892,TRP-20260601-0006892,12.00,cash,settled,2026-05-31 23:54:06
PAY-20260601-0006893,TRP-20260601-0006893,15.33,apple_pay,settled,2026-06-01 18:05:01
PAY-20260601-0006894,TRP-20260601-0006894,32.62,mada,settled,2026-06-01 07:43:21
PAY-20260601-0006895,TRP-20260601-0006895,34.65,apple_pay,settled,2026-06-02 06:37:46
PAY-20260601-0006896,TRP-20260601-0006896,59.44,apple_pay,settled,2026-06-01 13:39:54
PAY-20260601-0006897,TRP-20260601-0006897,29.14,mada,settled,2026-06-01 16:12:17
PAY-20260601-0006898,TRP-20260601-0006898,12.00,mada,settled,2026-06-01 10:50:57
PAY-20260601-0006899,TRP-20260601-0006899,18.30,mada,settled,2026-06-01 13:44:45
PAY-20260601-0006900,TRP-20260601-0006900,19.07,credit_card,settled,2026-06-01 16:06:18
PAY-20260601-0006901,TRP-20260601-0006901,20.72,mada,settled,2026-06-01 20:19:17
PAY-20260601-0006902,TRP-20260601-0006902,39.61,cash,settled,2026-06-01 16:23:32
PAY-20260601-0006903,TRP-20260601-0006903,70.35,credit_card,settled,2026-06-01 08:55:53
PAY-20260601-0006904,TRP-20260601-0006904,26.54,mada,settled,2026-06-01 16:53:00
PAY-20260601-0006905,TRP-20260601-0006905,54.84,cash,settled,2026-06-01 16:29:15
PAY-20260601-0006906,TRP-20260601-0006906,20.95,wallet,settled,2026-06-01 18:19:55
PAY-20260601-0006907,TRP-20260601-0006907,19.14,mada,settled,2026-06-02 00:04:42
PAY-20260601-0006908,TRP-20260601-0006908,98.94,mada,settled,2026-06-02 07:26:53
PAY-20260601-0006909,TRP-20260601-0006909,57.35,cash,settled,2026-06-01 10:36:32
PAY-20260601-0006910,TRP-20260601-0006910,46.61,apple_pay,settled,2026-06-02 11:11:54
PAY-20260601-0006911,TRP-20260601-0006911,24.70,mada,settled,2026-06-02 00:54:24
PAY-20260601-0006912,TRP-20260601-0006912,28.61,mada,settled,2026-06-01 15:12:19
PAY-20260601-0006913,TRP-20260601-0006913,32.46,mada,settled,2026-06-01 09:04:26
PAY-20260601-0006914,TRP-20260601-0006914,64.16,wallet,settled,2026-05-31 23:00:57
PAY-20260601-0006915,TRP-20260601-0006915,36.49,cash,settled,2026-06-01 07:20:03
PAY-20260601-0006916,TRP-20260601-0006916,19.22,cash,settled,2026-06-01 14:48:19
PAY-20260601-0006917,TRP-20260601-0006917,22.51,mada,settled,2026-06-01 13:43:09
PAY-20260601-0006918,TRP-20260601-0006918,104.88,cash,settled,2026-06-01 06:30:44
PAY-20260601-0006919,TRP-20260601-0006919,98.04,mada,settled,2026-06-01 14:32:23
PAY-20260601-0006920,TRP-20260601-0006920,13.90,cash,settled,2026-06-01 12:01:18
PAY-20260601-0006921,TRP-20260601-0006921,34.24,mada,pending,2026-06-02 01:31:23
PAY-20260601-0006922,TRP-20260601-0006922,38.00,stc_pay,settled,2026-06-01 16:07:45
PAY-20260601-0006923,TRP-20260601-0006923,73.92,mada,settled,2026-06-01 17:13:11
PAY-20260601-0006924,TRP-20260601-0006924,67.14,credit_card,settled,2026-06-01 12:19:02
PAY-20260601-0006925,TRP-20260601-0006925,25.89,credit_card,settled,2026-06-01 17:56:28
PAY-20260601-0006926,TRP-20260601-0006926,28.00,apple_pay,settled,2026-06-01 09:43:07
PAY-20260601-0006927,TRP-20260601-0006927,24.19,credit_card,settled,2026-06-01 20:19:04
PAY-20260601-0006928,TRP-20260601-0006928,17.00,cash,settled,2026-06-01 08:43:30
PAY-20260601-0006930,TRP-20260601-0006930,30.84,cash,settled,2026-06-01 16:02:42
PAY-20260601-0006931,TRP-20260601-0006931,47.66,credit_card,settled,2026-06-02 05:34:20
PAY-20260601-0006932,TRP-20260601-0006932,34.37,apple_pay,settled,2026-06-02 11:33:59
PAY-20260601-0006933,TRP-20260601-0006933,41.63,mada,settled,2026-06-02 01:34:51
PAY-20260601-0006934,TRP-20260601-0006934,58.81,cash,settled,2026-06-01 19:55:59
PAY-20260601-0006935,TRP-20260601-0006935,60.65,credit_card,settled,2026-06-01 06:46:34
PAY-20260601-0006936,TRP-20260601-0006936,29.89,stc_pay,settled,2026-06-02 03:59:36
PAY-20260601-0006937,TRP-20260601-0006937,16.38,credit_card,settled,2026-06-02 02:19:34
PAY-20260601-0006938,TRP-20260601-0006938,39.24,cash,settled,2026-06-01 16:52:56
PAY-20260601-0006939,TRP-20260601-0006939,27.82,mada,settled,2026-06-02 02:51:58
PAY-20260601-0006940,TRP-20260601-0006940,28.09,stc_pay,settled,2026-05-31 23:50:08
PAY-20260601-0006941,TRP-20260601-0006941,10.00,mada,settled,2026-06-02 06:22:37
PAY-20260601-0006942,TRP-20260601-0006942,57.48,mada,settled,2026-06-01 18:20:51
PAY-20260601-0006943,TRP-20260601-0006943,37.62,apple_pay,settled,2026-06-01 19:29:31
PAY-20260601-0006944,TRP-20260601-0006944,18.99,cash,settled,2026-06-01 05:08:28
PAY-20260601-0006945,TRP-20260601-0006945,76.89,mada,settled,2026-06-01 18:19:14
PAY-20260601-0006946,TRP-20260601-0006946,17.98,stc_pay,settled,2026-06-01 11:45:53
PAY-20260601-0006948,TRP-20260601-0006948,12.00,mada,settled,2026-06-01 18:04:00
PAY-20260601-0006949,TRP-20260601-0006949,34.34,cash,settled,2026-06-01 08:08:17
PAY-20260601-0006950,TRP-20260601-0006950,6.00,mada,settled,2026-06-01 11:29:56
PAY-20260601-0006951,TRP-20260601-0006951,137.94,stc_pay,settled,2026-06-01 16:20:32
PAY-20260601-0006952,TRP-20260601-0006952,125.42,credit_card,settled,2026-06-01 15:16:20
PAY-20260601-0006953,TRP-20260601-0006953,39.43,cash,settled,2026-06-01 03:32:11
PAY-20260601-0006954,TRP-20260601-0006954,46.42,stc_pay,settled,2026-06-01 22:05:03
PAY-20260601-0006955,TRP-20260601-0006955,24.94,cash,settled,2026-05-31 23:39:21
PAY-20260601-0006956,TRP-20260601-0006956,34.01,credit_card,settled,2026-06-01 11:24:33
PAY-20260601-0006957,TRP-20260601-0006957,55.26,mada,settled,2026-06-01 20:03:55
PAY-20260601-0006958,TRP-20260601-0006958,19.94,apple_pay,settled,2026-06-01 06:38:10
PAY-20260601-0006959,TRP-20260601-0006959,39.66,apple_pay,settled,2026-06-01 09:48:53
PAY-20260601-0006960,TRP-20260601-0006960,21.36,mada,settled,2026-06-01 11:18:51
PAY-20260601-0006961,TRP-20260601-0006961,96.12,stc_pay,settled,2026-06-01 18:00:15
PAY-20260601-0006962,TRP-20260601-0006962,37.70,cash,settled,2026-06-01 07:59:43
PAY-20260601-0006963,TRP-20260601-0006963,13.64,mada,settled,2026-06-01 18:20:28
PAY-20260601-0006964,TRP-20260601-0006964,25.13,mada,settled,2026-06-02 20:25:23
PAY-20260601-0006965,TRP-20260601-0006965,14.08,apple_pay,settled,2026-06-01 19:20:27
PAY-20260601-0006967,TRP-20260601-0006967,19.39,mada,settled,2026-06-01 19:22:10
PAY-20260601-0006968,TRP-20260601-0006968,42.91,mada,pending,2026-06-02 05:12:01
PAY-20260601-0006969,TRP-20260601-0006969,17.35,wallet,settled,2026-06-02 16:45:27
PAY-20260601-0006971,TRP-20260601-0006971,13.94,stc_pay,settled,2026-06-02 05:46:46
PAY-20260601-0006972,TRP-20260601-0006972,33.90,mada,settled,2026-06-01 17:47:50
PAY-20260601-0006974,TRP-20260601-0006974,72.41,mada,settled,2026-06-01 20:33:27
PAY-20260601-0006976,TRP-20260601-0006976,17.26,stc_pay,settled,2026-06-02 07:40:27
PAY-20260601-0006977,TRP-20260601-0006977,6.00,credit_card,settled,2026-06-01 06:50:30
PAY-20260601-0006978,TRP-20260601-0006978,23.34,stc_pay,settled,2026-06-02 18:21:26
PAY-20260601-0006979,TRP-20260601-0006979,82.32,credit_card,settled,2026-06-02 05:44:39
PAY-20260601-0006980,TRP-20260601-0006980,41.09,wallet,settled,2026-06-01 20:44:14
PAY-20260601-0006981,TRP-20260601-0006981,16.38,credit_card,settled,2026-06-01 12:50:19
PAY-20260601-0006982,TRP-20260601-0006982,60.66,cash,settled,2026-06-01 09:10:37
PAY-20260601-0006983,TRP-20260601-0006983,57.15,cash,settled,2026-06-01 19:04:33
PAY-20260601-0006984,TRP-20260601-0006984,8.00,mada,settled,2026-06-01 17:02:50
PAY-20260601-0006985,TRP-20260601-0006985,12.00,mada,settled,2026-06-01 07:20:28
PAY-20260601-0006986,TRP-20260601-0006986,127.26,mada,settled,2026-06-02 06:51:29
PAY-20260601-0006987,TRP-20260601-0006987,46.61,credit_card,settled,2026-06-01 17:49:19
PAY-20260601-0006988,TRP-20260601-0006988,18.90,wallet,settled,2026-06-01 06:13:12
PAY-20260601-0006989,TRP-20260601-0006989,51.19,stc_pay,settled,2026-06-01 07:19:28
PAY-20260601-0006990,TRP-20260601-0006990,30.46,credit_card,settled,2026-06-01 22:50:45
PAY-20260601-0006991,TRP-20260601-0006991,131.07,cash,settled,2026-06-01 05:26:33
PAY-20260601-0006992,TRP-20260601-0006992,64.40,credit_card,settled,2026-06-01 06:29:36
PAY-20260601-0006993,TRP-20260601-0006993,10.00,mada,settled,2026-06-01 06:59:11
PAY-20260601-0006994,TRP-20260601-0006994,17.50,apple_pay,settled,2026-06-02 08:02:31
PAY-20260601-0006995,TRP-20260601-0006995,41.56,mada,settled,2026-06-01 14:48:11
PAY-20260601-0006996,TRP-20260601-0006996,52.39,credit_card,settled,2026-06-02 11:49:26
PAY-20260601-0006997,TRP-20260601-0006997,27.53,mada,settled,2026-06-02 01:24:18
PAY-20260601-0006999,TRP-20260601-0006999,21.88,credit_card,settled,2026-06-01 22:36:27
PAY-20260601-0007000,TRP-20260601-0007000,52.36,apple_pay,settled,2026-06-01 16:37:19
PAY-20260601-0007001,TRP-20260601-0007001,38.44,apple_pay,settled,2026-06-01 07:32:54
PAY-20260601-0007002,TRP-20260601-0007002,14.94,credit_card,settled,2026-06-01 15:56:31
PAY-20260601-0007003,TRP-20260601-0007003,8.00,wallet,settled,2026-06-01 13:59:52
PAY-20260601-0007004,TRP-20260601-0007004,28.52,mada,settled,2026-06-01 19:30:23
PAY-20260601-0007005,TRP-20260601-0007005,12.96,stc_pay,settled,2026-06-01 13:19:09
PAY-20260601-0007006,TRP-20260601-0007006,20.97,stc_pay,settled,2026-06-02 04:15:33
PAY-20260601-0007007,TRP-20260601-0007007,24.37,mada,settled,2026-06-01 02:02:17
PAY-20260601-0007008,TRP-20260601-0007008,33.67,credit_card,settled,2026-06-02 22:11:55
PAY-20260601-0007009,TRP-20260601-0007009,39.93,credit_card,settled,2026-06-01 12:56:54
PAY-20260601-0007010,TRP-20260601-0007010,77.03,mada,settled,2026-06-01 17:23:31
PAY-20260601-0007011,TRP-20260601-0007011,10.00,credit_card,settled,2026-06-02 11:27:35
PAY-20260601-0007012,TRP-20260601-0007012,6.00,mada,settled,2026-06-02 02:03:19
PAY-20260601-0007013,TRP-20260601-0007013,33.18,mada,refunded,2026-06-01 04:22:59
PAY-20260601-0007014,TRP-20260601-0007014,77.62,mada,settled,2026-06-01 19:50:37
PAY-20260601-0007015,TRP-20260601-0007015,38.77,mada,settled,2026-06-01 08:13:05
PAY-20260601-0007016,TRP-20260601-0007016,27.32,apple_pay,settled,2026-06-01 09:10:44
PAY-20260601-0007017,TRP-20260601-0007017,59.30,wallet,failed,2026-06-01 19:18:22
PAY-20260601-0007018,TRP-20260601-0007018,23.37,mada,settled,2026-06-01 03:50:44
PAY-20260601-0007019,TRP-20260601-0007019,63.18,wallet,settled,2026-06-01 20:36:55
PAY-20260601-0007020,TRP-20260601-0007020,14.35,mada,settled,2026-06-01 10:54:52
PAY-20260601-0007021,TRP-20260601-0007021,21.59,mada,settled,2026-06-01 23:40:47
PAY-20260601-0007022,TRP-20260601-0007022,72.45,credit_card,settled,2026-06-02 15:27:28
PAY-20260601-0007023,TRP-20260601-0007023,17.04,cash,settled,2026-06-01 07:11:37
PAY-20260601-0007024,TRP-20260601-0007024,21.00,credit_card,settled,2026-06-01 17:47:22
PAY-20260601-0007025,TRP-20260601-0007025,30.47,stc_pay,settled,2026-06-01 07:36:13
PAY-20260601-0007026,TRP-20260601-0007026,26.55,cash,settled,2026-06-01 11:09:32
PAY-20260601-0007027,TRP-20260601-0007027,25.39,wallet,settled,2026-05-31 23:38:40
PAY-20260601-0007028,TRP-20260601-0007028,16.63,apple_pay,settled,2026-06-01 15:45:16
PAY-20260601-0007029,TRP-20260601-0007029,17.47,mada,settled,2026-06-01 17:23:44
PAY-20260601-0007030,TRP-20260601-0007030,15.88,mada,settled,2026-06-01 20:35:11
PAY-20260601-0007031,TRP-20260601-0007031,26.89,apple_pay,pending,2026-06-01 15:14:42
PAY-20260601-0007032,TRP-20260601-0007032,68.17,cash,settled,2026-06-01 03:57:36
PAY-20260601-0007033,TRP-20260601-0007033,26.09,cash,settled,2026-06-01 20:34:01
PAY-20260601-0007034,TRP-20260601-0007034,18.72,cash,settled,2026-06-01 10:40:10
PAY-20260601-0007035,TRP-20260601-0007035,17.59,cash,settled,2026-06-01 14:22:10
PAY-20260601-0007036,TRP-20260601-0007036,26.78,apple_pay,settled,2026-06-01 21:50:57
PAY-20260601-0007037,TRP-20260601-0007037,64.71,mada,settled,2026-06-01 09:34:24
PAY-20260601-0007038,TRP-20260601-0007038,65.11,mada,settled,2026-06-01 04:56:31
PAY-20260601-0007039,TRP-20260601-0007039,22.97,stc_pay,settled,2026-06-02 01:36:29
PAY-20260601-0007040,TRP-20260601-0007040,24.98,mada,settled,2026-06-01 11:51:28
PAY-20260601-0007041,TRP-20260601-0007041,40.02,stc_pay,settled,2026-05-31 21:39:09
PAY-20260601-0007042,TRP-20260601-0007042,31.51,mada,failed,2026-06-01 11:38:02
PAY-20260601-0007043,TRP-20260601-0007043,62.61,cash,settled,2026-06-01 17:46:23
PAY-20260601-0007044,TRP-20260601-0007044,57.00,mada,settled,2026-06-01 10:46:50
PAY-20260601-0007045,TRP-20260601-0007045,34.85,wallet,settled,2026-06-02 06:23:44
PAY-20260601-0007046,TRP-20260601-0007046,29.05,stc_pay,settled,2026-05-31 23:35:28
PAY-20260601-0007047,TRP-20260601-0007047,59.74,credit_card,settled,2026-06-01 12:01:19
PAY-20260601-0007048,TRP-20260601-0007048,127.70,apple_pay,settled,2026-06-01 22:43:59
PAY-20260601-0007049,TRP-20260601-0007049,79.29,wallet,settled,2026-06-02 06:08:45
PAY-20260601-0007050,TRP-20260601-0007050,10.64,credit_card,settled,2026-06-01 10:14:28
PAY-20260601-0007051,TRP-20260601-0007051,40.16,mada,settled,2026-06-01 05:26:23
PAY-20260601-0007052,TRP-20260601-0007052,68.32,stc_pay,settled,2026-06-01 13:03:41
PAY-20260601-0007053,TRP-20260601-0007053,59.39,mada,settled,2026-06-01 17:24:03
PAY-20260601-0007054,TRP-20260601-0007054,44.93,credit_card,settled,2026-06-02 10:55:04
PAY-20260601-0007055,TRP-20260601-0007055,40.59,wallet,settled,2026-06-02 02:33:25
PAY-20260601-0007056,TRP-20260601-0007056,18.55,apple_pay,settled,2026-06-01 14:34:59
PAY-20260601-0007057,TRP-20260601-0007057,102.91,stc_pay,settled,2026-06-01 12:49:02
PAY-20260601-0007058,TRP-20260601-0007058,81.55,wallet,pending,2026-06-01 16:31:59
PAY-20260601-0007059,TRP-20260601-0007059,20.90,mada,settled,2026-06-02 06:11:16
PAY-20260601-0007060,TRP-20260601-0007060,77.62,mada,settled,2026-06-01 06:42:43
PAY-20260601-0007061,TRP-20260601-0007061,114.15,mada,settled,2026-06-01 06:58:05
PAY-20260601-0007062,TRP-20260601-0007062,12.00,credit_card,settled,2026-06-02 11:18:36
PAY-20260601-0007063,TRP-20260601-0007063,56.81,mada,settled,2026-06-01 08:42:47
PAY-20260601-0007064,TRP-20260601-0007064,33.63,stc_pay,settled,2026-06-01 18:51:20
PAY-20260601-0007065,TRP-20260601-0007065,55.35,apple_pay,settled,2026-06-01 15:06:40
PAY-20260601-0007066,TRP-20260601-0007066,29.16,wallet,settled,2026-06-02 05:22:09
PAY-20260601-0007067,TRP-20260601-0007067,19.41,cash,settled,2026-06-01 07:38:51
PAY-20260601-0007068,TRP-20260601-0007068,13.66,mada,settled,2026-06-01 11:24:15
PAY-20260601-0007069,TRP-20260601-0007069,23.00,cash,settled,2026-06-01 13:27:41
PAY-20260601-0007070,TRP-20260601-0007070,52.96,mada,settled,2026-06-01 06:34:08
PAY-20260601-0007071,TRP-20260601-0007071,12.50,mada,settled,2026-06-01 09:09:08
PAY-20260601-0007072,TRP-20260601-0007072,63.68,mada,settled,2026-06-01 16:55:04
PAY-20260601-0007073,TRP-20260601-0007073,50.55,mada,settled,2026-06-01 23:59:46
PAY-20260601-0007074,TRP-20260601-0007074,33.45,mada,settled,2026-06-02 06:29:10
PAY-20260601-0007075,TRP-20260601-0007075,13.64,mada,settled,2026-06-01 23:55:42
PAY-20260601-0007076,TRP-20260601-0007076,17.39,mada,settled,2026-06-02 15:20:52
PAY-20260601-0007077,TRP-20260601-0007077,26.03,mada,settled,2026-06-02 04:42:31
PAY-20260601-0007078,TRP-20260601-0007078,82.93,mada,settled,2026-06-01 18:42:05
PAY-20260601-0007079,TRP-20260601-0007079,52.17,credit_card,settled,2026-06-01 22:27:39
PAY-20260601-0007080,TRP-20260601-0007080,13.23,mada,settled,2026-06-02 00:08:31
PAY-20260601-0007081,TRP-20260601-0007081,20.77,mada,settled,2026-06-02 06:08:16
PAY-20260601-0007082,TRP-20260601-0007082,21.55,mada,settled,2026-06-01 08:26:06
PAY-20260601-0007083,TRP-20260601-0007083,46.31,wallet,settled,2026-06-01 19:06:17
PAY-20260601-0007084,TRP-20260601-0007084,31.62,cash,settled,2026-06-01 18:12:03
PAY-20260601-0007085,TRP-20260601-0007085,50.99,credit_card,settled,2026-06-01 05:46:46
PAY-20260601-0007086,TRP-20260601-0007086,43.96,mada,settled,2026-06-02 07:47:10
PAY-20260601-0007087,TRP-20260601-0007087,41.79,credit_card,settled,2026-06-01 21:40:41
PAY-20260601-0007088,TRP-20260601-0007088,28.06,apple_pay,settled,2026-06-01 19:25:53
PAY-20260601-0007089,TRP-20260601-0007089,24.92,mada,settled,2026-06-01 17:44:15
PAY-20260601-0007090,TRP-20260601-0007090,20.66,mada,settled,2026-06-02 12:36:20
PAY-20260601-0007091,TRP-20260601-0007091,39.95,stc_pay,settled,2026-06-01 06:15:01
PAY-20260601-0007092,TRP-20260601-0007092,16.14,cash,settled,2026-06-01 09:24:23
PAY-20260601-0007093,TRP-20260601-0007093,16.66,mada,settled,2026-06-02 04:41:16
PAY-20260601-0007094,TRP-20260601-0007094,28.71,mada,settled,2026-06-02 03:04:22
PAY-20260601-0007095,TRP-20260601-0007095,76.92,credit_card,settled,2026-05-31 23:30:53
PAY-20260601-0007096,TRP-20260601-0007096,21.78,cash,settled,2026-06-01 05:08:33
PAY-20260601-0007098,TRP-20260601-0007098,34.93,mada,settled,2026-06-02 08:21:39
PAY-20260601-0007099,TRP-20260601-0007099,16.99,cash,settled,2026-06-01 05:17:53
PAY-20260601-0007100,TRP-20260601-0007100,55.23,credit_card,settled,2026-06-01 15:09:36
PAY-20260601-0007101,TRP-20260601-0007101,47.80,credit_card,settled,2026-06-01 18:29:05
PAY-20260601-0007102,TRP-20260601-0007102,55.27,credit_card,settled,2026-06-01 17:34:24
PAY-20260601-0007103,TRP-20260601-0007103,25.10,apple_pay,settled,2026-06-01 15:44:30
PAY-20260601-0007104,TRP-20260601-0007104,49.68,stc_pay,pending,2026-06-01 10:58:11
PAY-20260601-0007105,TRP-20260601-0007105,56.25,credit_card,settled,2026-06-01 04:49:58
PAY-20260601-0007106,TRP-20260601-0007106,23.40,cash,settled,2026-06-01 13:51:24
PAY-20260601-0007107,TRP-20260601-0007107,63.43,mada,settled,2026-06-02 00:47:47
PAY-20260601-0007108,TRP-20260601-0007108,17.12,cash,settled,2026-06-01 13:15:59
PAY-20260601-0007109,TRP-20260601-0007109,20.72,wallet,settled,2026-06-01 03:19:49
PAY-20260601-0007110,TRP-20260601-0007110,27.18,stc_pay,pending,2026-06-02 05:21:29
PAY-20260601-0007111,TRP-20260601-0007111,15.25,credit_card,settled,2026-06-01 19:47:08
PAY-20260601-0007112,TRP-20260601-0007112,24.28,credit_card,settled,2026-06-01 13:07:41
PAY-20260601-0007113,TRP-20260601-0007113,24.79,stc_pay,settled,2026-06-01 06:23:47
PAY-20260601-0007114,TRP-20260601-0007114,16.67,wallet,settled,2026-06-01 12:18:42
PAY-20260601-0007115,TRP-20260601-0007115,65.74,stc_pay,settled,2026-06-01 08:38:40
PAY-20260601-0007116,TRP-20260601-0007116,43.52,credit_card,settled,2026-06-01 14:39:15
PAY-20260601-0007117,TRP-20260601-0007117,20.66,mada,settled,2026-06-02 01:47:33
PAY-20260601-0007118,TRP-20260601-0007118,13.64,credit_card,failed,2026-06-02 10:55:24
PAY-20260601-0007119,TRP-20260601-0007119,20.02,cash,settled,2026-06-01 17:31:53
PAY-20260601-0007120,TRP-20260601-0007120,28.86,credit_card,settled,2026-06-02 15:48:37
PAY-20260601-0007121,TRP-20260601-0007121,26.20,credit_card,settled,2026-06-01 23:43:57
PAY-20260601-0007122,TRP-20260601-0007122,14.90,mada,settled,2026-06-01 10:59:16
PAY-20260601-0007125,TRP-20260601-0007125,56.38,mada,settled,2026-06-01 17:14:34
PAY-20260601-0007126,TRP-20260601-0007126,73.10,apple_pay,settled,2026-06-01 12:52:40
PAY-20260601-0007127,TRP-20260601-0007127,19.44,mada,settled,2026-06-01 04:58:56
PAY-20260601-0007128,TRP-20260601-0007128,31.45,credit_card,settled,2026-06-01 08:52:00
PAY-20260601-0007129,TRP-20260601-0007129,26.42,credit_card,settled,2026-06-02 10:12:52
PAY-20260601-0007130,TRP-20260601-0007130,127.40,cash,settled,2026-06-01 12:05:09
PAY-20260601-0007131,TRP-20260601-0007131,65.03,cash,settled,2026-06-01 16:12:16
PAY-20260601-0007132,TRP-20260601-0007132,79.77,credit_card,settled,2026-06-01 08:56:03
PAY-20260601-0007133,TRP-20260601-0007133,27.09,cash,settled,2026-06-01 02:23:25
PAY-20260601-0007134,TRP-20260601-0007134,21.24,mada,settled,2026-06-01 16:40:15
PAY-20260601-0007135,TRP-20260601-0007135,102.64,stc_pay,settled,2026-06-02 02:00:08
PAY-20260601-0007136,TRP-20260601-0007136,29.79,credit_card,settled,2026-06-01 07:00:52
PAY-20260601-0007137,TRP-20260601-0007137,42.43,mada,settled,2026-06-01 03:41:16
PAY-20260601-0007138,TRP-20260601-0007138,110.33,credit_card,settled,2026-06-01 15:11:42
PAY-20260601-0007139,TRP-20260601-0007139,21.05,mada,settled,2026-06-01 16:53:58
PAY-20260601-0007140,TRP-20260601-0007140,12.93,cash,settled,2026-06-01 10:51:06
PAY-20260601-0007141,TRP-20260601-0007141,8.00,credit_card,settled,2026-06-01 22:12:24
PAY-20260601-0007142,TRP-20260601-0007142,21.28,wallet,settled,2026-06-01 23:33:42
PAY-20260601-0007143,TRP-20260601-0007143,44.76,mada,settled,2026-06-01 15:04:35
PAY-20260601-0007144,TRP-20260601-0007144,28.74,apple_pay,settled,2026-06-01 09:41:50
PAY-20260601-0007145,TRP-20260601-0007145,20.33,credit_card,settled,2026-06-01 16:34:17
PAY-20260601-0007146,TRP-20260601-0007146,31.75,apple_pay,settled,2026-06-02 00:56:49
PAY-20260601-0007147,TRP-20260601-0007147,16.00,mada,settled,2026-05-31 22:56:08
PAY-20260601-0007148,TRP-20260601-0007148,20.64,mada,failed,2026-06-01 19:37:54
PAY-20260601-0007149,TRP-20260601-0007149,25.53,apple_pay,settled,2026-06-01 14:28:38
PAY-20260601-0007150,TRP-20260601-0007150,58.42,mada,settled,2026-06-01 08:48:43
PAY-20260601-0007151,TRP-20260601-0007151,11.93,apple_pay,settled,2026-06-01 14:13:46
PAY-20260601-0007152,TRP-20260601-0007152,25.72,mada,settled,2026-06-01 17:46:29
PAY-20260601-0007153,TRP-20260601-0007153,66.96,apple_pay,settled,2026-06-01 06:14:28
PAY-20260601-0007154,TRP-20260601-0007154,14.54,stc_pay,settled,2026-06-01 17:42:03
PAY-20260601-0007155,TRP-20260601-0007155,33.07,mada,settled,2026-06-01 12:13:09
PAY-20260601-0007156,TRP-20260601-0007156,19.11,cash,settled,2026-06-01 13:36:05
PAY-20260601-0007157,TRP-20260601-0007157,20.82,stc_pay,settled,2026-06-01 10:53:41
PAY-20260601-0007158,TRP-20260601-0007158,76.68,mada,settled,2026-05-31 23:46:29
PAY-20260601-0007159,TRP-20260601-0007159,54.56,mada,settled,2026-06-01 12:51:23
PAY-20260601-0007160,TRP-20260601-0007160,44.61,credit_card,settled,2026-06-01 15:55:17
PAY-20260601-0007161,TRP-20260601-0007161,25.71,credit_card,settled,2026-06-01 15:59:38
PAY-20260601-0007162,TRP-20260601-0007162,10.17,cash,settled,2026-06-01 08:34:06
PAY-20260601-0007163,TRP-20260601-0007163,42.96,mada,settled,2026-06-01 06:20:57
PAY-20260601-0007164,TRP-20260601-0007164,13.85,credit_card,settled,2026-06-01 15:00:09
PAY-20260601-0007165,TRP-20260601-0007165,22.11,credit_card,settled,2026-06-01 09:20:24
PAY-20260601-0007166,TRP-20260601-0007166,38.07,wallet,settled,2026-06-01 14:31:13
PAY-20260601-0007167,TRP-20260601-0007167,16.89,mada,settled,2026-06-01 22:59:19
PAY-20260601-0007168,TRP-20260601-0007168,19.80,wallet,settled,2026-06-01 05:57:18
PAY-20260601-0007169,TRP-20260601-0007169,42.75,mada,settled,2026-06-01 15:21:27
PAY-20260601-0007171,TRP-20260601-0007171,28.70,credit_card,settled,2026-06-01 07:09:57
PAY-20260601-0007172,TRP-20260601-0007172,10.00,credit_card,settled,2026-06-01 08:07:02
PAY-20260601-0007173,TRP-20260601-0007173,19.01,stc_pay,settled,2026-06-02 13:52:25
PAY-20260601-0007174,TRP-20260601-0007174,12.88,stc_pay,settled,2026-06-01 16:31:02
PAY-20260601-0007175,TRP-20260601-0007175,46.02,mada,settled,2026-06-01 13:07:38
PAY-20260601-0007176,TRP-20260601-0007176,13.44,apple_pay,settled,2026-06-01 12:38:48
PAY-20260601-0007177,TRP-20260601-0007177,15.03,credit_card,settled,2026-06-01 13:27:11
PAY-20260601-0007178,TRP-20260601-0007178,30.03,mada,settled,2026-06-01 18:30:30
PAY-20260601-0007179,TRP-20260601-0007179,24.45,cash,settled,2026-06-01 13:47:13
PAY-20260601-0007180,TRP-20260601-0007180,64.76,credit_card,settled,2026-06-02 06:07:43
PAY-20260601-0007181,TRP-20260601-0007181,29.23,cash,settled,2026-06-01 18:45:54
PAY-20260601-0007182,TRP-20260601-0007182,38.39,apple_pay,settled,2026-06-01 14:25:36
PAY-20260601-0007183,TRP-20260601-0007183,18.71,credit_card,settled,2026-06-01 08:14:09
PAY-20260601-0007184,TRP-20260601-0007184,26.72,mada,settled,2026-06-01 08:42:28
PAY-20260601-0007185,TRP-20260601-0007185,46.30,credit_card,pending,2026-06-01 05:43:59
PAY-20260601-0007186,TRP-20260601-0007186,15.12,credit_card,settled,2026-06-01 06:05:51
PAY-20260601-0007187,TRP-20260601-0007187,36.20,credit_card,settled,2026-06-02 00:09:03
PAY-20260601-0007188,TRP-20260601-0007188,15.56,mada,settled,2026-06-01 19:20:25
PAY-20260601-0007189,TRP-20260601-0007189,40.18,mada,settled,2026-06-01 11:35:02
PAY-20260601-0007190,TRP-20260601-0007190,15.55,wallet,settled,2026-06-01 19:14:24
PAY-20260601-0007191,TRP-20260601-0007191,51.45,mada,settled,2026-06-01 18:39:26
PAY-20260601-0007192,TRP-20260601-0007192,72.72,cash,settled,2026-06-01 10:47:30
PAY-20260601-0007193,TRP-20260601-0007193,19.59,mada,settled,2026-06-01 10:50:02
PAY-20260601-0007194,TRP-20260601-0007194,40.73,mada,settled,2026-06-01 11:00:53
PAY-20260601-0007195,TRP-20260601-0007195,32.85,credit_card,settled,2026-06-01 19:00:32
PAY-20260601-0007196,TRP-20260601-0007196,14.17,credit_card,settled,2026-06-01 15:29:30
PAY-20260601-0007197,TRP-20260601-0007197,50.51,credit_card,failed,2026-06-02 07:34:46
PAY-20260601-0007198,TRP-20260601-0007198,25.33,mada,settled,2026-06-01 16:37:39
PAY-20260601-0007199,TRP-20260601-0007199,69.59,apple_pay,settled,2026-06-02 07:26:06
PAY-20260601-0007200,TRP-20260601-0007200,75.93,stc_pay,refunded,2026-06-02 12:25:42
PAY-20260601-0007201,TRP-20260601-0007201,129.63,credit_card,settled,2026-06-02 04:14:35
PAY-20260601-0007202,TRP-20260601-0007202,46.09,credit_card,settled,2026-06-01 19:24:06
PAY-20260601-0007203,TRP-20260601-0007203,19.27,credit_card,settled,2026-06-01 14:02:40
PAY-20260601-0007204,TRP-20260601-0007204,46.98,credit_card,settled,2026-06-01 12:17:01
PAY-20260601-0007205,TRP-20260601-0007205,39.62,cash,settled,2026-06-01 17:57:22
PAY-20260601-0007206,TRP-20260601-0007206,33.58,apple_pay,settled,2026-06-02 08:05:45
PAY-20260601-0007207,TRP-20260601-0007207,29.78,mada,settled,2026-06-01 15:51:25
PAY-20260601-0007208,TRP-20260601-0007208,12.00,mada,settled,2026-06-01 10:37:01
PAY-20260601-0007209,TRP-20260601-0007209,36.39,apple_pay,settled,2026-06-01 06:16:16
PAY-20260601-0007210,TRP-20260601-0007210,43.08,mada,settled,2026-06-01 11:11:34
PAY-20260601-0007211,TRP-20260601-0007211,37.49,credit_card,settled,2026-06-01 18:12:02
PAY-20260601-0007212,TRP-20260601-0007212,42.18,cash,settled,2026-06-01 19:56:21
PAY-20260601-0007213,TRP-20260601-0007213,110.37,apple_pay,settled,2026-06-01 09:04:21
PAY-20260601-0007214,TRP-20260601-0007214,45.73,mada,settled,2026-06-01 02:50:28
PAY-20260601-0007215,TRP-20260601-0007215,30.97,mada,settled,2026-06-01 19:33:37
PAY-20260601-0007216,TRP-20260601-0007216,101.01,cash,settled,2026-06-01 04:21:49
PAY-20260601-0007217,TRP-20260601-0007217,31.58,credit_card,settled,2026-06-01 14:57:02
PAY-20260601-0007218,TRP-20260601-0007218,44.53,mada,settled,2026-05-31 22:38:35
PAY-20260601-0007219,TRP-20260601-0007219,19.07,stc_pay,settled,2026-06-01 04:18:46
PAY-20260601-0007220,TRP-20260601-0007220,61.96,stc_pay,settled,2026-06-02 13:27:51
PAY-20260601-0007221,TRP-20260601-0007221,24.10,credit_card,settled,2026-06-02 10:51:44
PAY-20260601-0007222,TRP-20260601-0007222,201.33,wallet,settled,2026-06-01 14:02:50
PAY-20260601-0007223,TRP-20260601-0007223,42.57,mada,settled,2026-06-01 06:31:33
PAY-20260601-0007224,TRP-20260601-0007224,66.19,wallet,settled,2026-06-01 18:38:04
PAY-20260601-0007225,TRP-20260601-0007225,28.11,credit_card,settled,2026-06-02 02:32:04
PAY-20260601-0007226,TRP-20260601-0007226,23.35,credit_card,settled,2026-06-01 05:19:15
PAY-20260601-0007227,TRP-20260601-0007227,27.06,apple_pay,settled,2026-06-01 08:56:48
PAY-20260601-0007228,TRP-20260601-0007228,28.29,credit_card,settled,2026-06-02 07:06:30
PAY-20260601-0007229,TRP-20260601-0007229,13.68,wallet,pending,2026-06-02 14:46:38
