payment_id,trip_id,amount_sar,method,status,settled_ts
PAY-20260604-0000000,TRP-20260604-0000000,27.29,mada,settled,2026-06-04 07:01:59
PAY-20260604-0000001,TRP-20260604-0000001,19.37,mada,settled,2026-06-04 17:08:44
PAY-20260604-0000002,TRP-20260604-0000002,39.83,apple_pay,settled,2026-06-04 18:39:53
PAY-20260604-0000003,TRP-20260604-0000003,87.94,credit_card,settled,2026-06-05 00:28:07
PAY-20260604-0000004,TRP-20260604-0000004,37.59,mada,settled,2026-06-04 20:15:33
PAY-20260604-0000005,TRP-20260604-0000005,49.28,mada,settled,2026-06-04 16:36:30
PAY-20260604-0000006,TRP-20260604-0000006,14.02,cash,settled,2026-06-04 08:22:47
PAY-20260604-0000007,TRP-20260604-0000007,49.17,cash,settled,2026-06-04 20:43:18
PAY-20260604-0000008,TRP-20260604-0000008,28.33,apple_pay,settled,2026-06-04 20:21:28
PAY-20260604-0000009,TRP-20260604-0000009,30.00,mada,settled,2026-06-04 12:10:41
PAY-20260604-0000010,TRP-20260604-0000010,138.80,mada,settled,2026-06-05 12:17:06
PAY-20260604-0000011,TRP-20260604-0000011,31.81,mada,settled,2026-06-05 12:07:16
PAY-20260604-0000012,TRP-20260604-0000012,45.48,credit_card,settled,2026-06-04 08:25:30
PAY-20260604-0000013,TRP-20260604-0000013,110.35,mada,settled,2026-06-05 08:50:47
PAY-20260604-0000014,TRP-20260604-0000014,25.17,mada,settled,2026-06-04 19:29:26
PAY-20260604-0000015,TRP-20260604-0000015,38.37,mada,settled,2026-06-04 06:03:32
PAY-20260604-0000016,TRP-20260604-0000016,19.09,apple_pay,settled,2026-06-04 21:08:44
PAY-20260604-0000017,TRP-20260604-0000017,22.20,mada,settled,2026-06-04 13:41:27
PAY-20260604-0000018,TRP-20260604-0000018,24.15,wallet,settled,2026-06-04 00:19:42
PAY-20260604-0000019,TRP-20260604-0000019,33.22,mada,pending,2026-06-04 16:19:27
PAY-20260604-0000020,TRP-20260604-0000020,14.84,cash,settled,2026-06-04 13:09:37
PAY-20260604-0000021,TRP-20260604-0000021,62.23,mada,settled,2026-06-05 10:50:08
PAY-20260604-0000022,TRP-20260604-0000022,8.00,mada,settled,2026-06-04 12:43:30
PAY-20260604-0000023,TRP-20260604-0000023,13.18,stc_pay,settled,2026-06-05 07:06:10
PAY-20260604-0000024,TRP-20260604-0000024,19.93,apple_pay,settled,2026-06-04 06:26:46
PAY-20260604-0000025,TRP-20260604-0000025,22.16,stc_pay,settled,2026-06-04 10:50:05
PAY-20260604-0000026,TRP-20260604-0000026,17.31,mada,settled,2026-06-04 08:32:54
PAY-20260604-0000027,TRP-20260604-0000027,49.06,apple_pay,settled,2026-06-04 09:09:55
PAY-20260604-0000028,TRP-20260604-0000028,56.39,cash,settled,2026-06-04 06:14:47
PAY-20260604-0000029,TRP-20260604-0000029,125.57,apple_pay,settled,2026-06-04 21:59:46
PAY-20260604-0000030,TRP-20260604-0000030,13.53,apple_pay,settled,2026-06-03 21:33:11
PAY-20260604-0000031,TRP-20260604-0000031,16.13,stc_pay,settled,2026-06-04 16:41:35
PAY-20260604-0000032,TRP-20260604-0000032,16.50,cash,settled,2026-06-04 05:22:51
PAY-20260604-0000033,TRP-20260604-0000033,19.28,apple_pay,settled,2026-06-04 17:48:57
PAY-20260604-0000034,TRP-20260604-0000034,46.49,stc_pay,settled,2026-06-05 09:24:26
PAY-20260604-0000035,TRP-20260604-0000035,133.53,credit_card,settled,2026-06-05 05:03:45
PAY-20260604-0000036,TRP-20260604-0000036,16.95,credit_card,settled,2026-06-04 16:28:26
PAY-20260604-0000037,TRP-20260604-0000037,36.87,cash,settled,2026-06-04 06:10:20
PAY-20260604-0000038,TRP-20260604-0000038,38.15,cash,settled,2026-06-03 21:23:42
PAY-20260604-0000039,TRP-20260604-0000039,14.48,credit_card,settled,2026-06-05 16:14:00
PAY-20260604-0000040,TRP-20260604-0000040,14.19,mada,settled,2026-06-05 02:39:04
PAY-20260604-0000041,TRP-20260604-0000041,46.96,apple_pay,settled,2026-06-04 17:58:36
PAY-20260604-0000042,TRP-20260604-0000042,33.51,mada,settled,2026-06-05 13:41:36
PAY-20260604-0000043,TRP-20260604-0000043,23.64,mada,settled,2026-06-04 06:05:56
PAY-20260604-0000044,TRP-20260604-0000044,126.54,apple_pay,settled,2026-06-04 19:53:19
PAY-20260604-0000045,TRP-20260604-0000045,29.15,mada,pending,2026-06-04 14:42:04
PAY-20260604-0000046,TRP-20260604-0000046,35.95,credit_card,settled,2026-06-03 23:41:21
PAY-20260604-0000047,TRP-20260604-0000047,23.71,mada,settled,2026-06-04 00:50:40
PAY-20260604-0000048,TRP-20260604-0000048,33.11,cash,settled,2026-06-04 15:33:14
PAY-20260604-0000049,TRP-20260604-0000049,12.00,credit_card,settled,2026-06-05 09:11:53
PAY-20260604-0000050,TRP-20260604-0000050,34.11,wallet,settled,2026-06-04 16:26:43
PAY-20260604-0000051,TRP-20260604-0000051,12.00,credit_card,settled,2026-06-04 09:49:53
PAY-20260604-0000052,TRP-20260604-0000052,114.71,wallet,settled,2026-06-04 17:35:39
PAY-20260604-0000053,TRP-20260604-0000053,42.70,credit_card,settled,2026-06-04 18:12:32
PAY-20260604-0000054,TRP-20260604-0000054,275.36,mada,settled,2026-06-05 01:48:12
PAY-20260604-0000055,TRP-20260604-0000055,59.60,mada,settled,2026-06-04 14:08:05
PAY-20260604-0000056,TRP-20260604-0000056,103.94,cash,settled,2026-06-04 05:59:54
PAY-20260604-0000057,TRP-20260604-0000057,30.98,mada,settled,2026-06-04 17:29:04
PAY-20260604-0000058,TRP-20260604-0000058,19.03,mada,settled,2026-06-04 10:55:21
PAY-20260604-0000059,TRP-20260604-0000059,10.00,mada,settled,2026-06-04 13:09:57
PAY-20260604-0000060,TRP-20260604-0000060,35.55,credit_card,settled,2026-06-04 20:30:14
PAY-20260604-0000061,TRP-20260604-0000061,54.22,mada,settled,2026-06-05 13:43:08
PAY-20260604-0000062,TRP-20260604-0000062,24.59,credit_card,settled,2026-06-04 19:12:59
PAY-20260604-0000063,TRP-20260604-0000063,17.32,mada,settled,2026-06-05 02:14:14
PAY-20260604-0000064,TRP-20260604-0000064,48.23,credit_card,settled,2026-06-04 19:28:25
PAY-20260604-0000065,TRP-20260604-0000065,26.61,mada,settled,2026-06-05 01:30:48
PAY-20260604-0000066,TRP-20260604-0000066,20.94,apple_pay,settled,2026-06-04 15:52:25
PAY-20260604-0000067,TRP-20260604-0000067,60.04,stc_pay,settled,2026-06-04 19:50:50
PAY-20260604-0000068,TRP-20260604-0000068,51.07,credit_card,settled,2026-06-05 05:51:39
PAY-20260604-0000069,TRP-20260604-0000069,12.00,mada,settled,2026-06-04 18:33:14
PAY-20260604-0000070,TRP-20260604-0000070,138.38,credit_card,settled,2026-06-05 11:18:53
PAY-20260604-0000071,TRP-20260604-0000071,34.53,credit_card,settled,2026-06-04 15:42:19
PAY-20260604-0000072,TRP-20260604-0000072,13.61,mada,settled,2026-06-04 07:55:05
PAY-20260604-0000073,TRP-20260604-0000073,19.23,cash,settled,2026-06-04 09:17:47
PAY-20260604-0000074,TRP-20260604-0000074,94.34,cash,settled,2026-06-04 18:28:45
PAY-20260604-0000075,TRP-20260604-0000075,62.68,credit_card,settled,2026-06-04 06:48:04
PAY-20260604-0000076,TRP-20260604-0000076,11.00,credit_card,settled,2026-06-04 09:15:40
PAY-20260604-0000077,TRP-20260604-0000077,72.48,mada,settled,2026-06-04 08:42:30
PAY-20260604-0000078,TRP-20260604-0000078,49.58,apple_pay,settled,2026-06-04 05:32:25
PAY-20260604-0000079,TRP-20260604-0000079,17.93,credit_card,settled,2026-06-05 08:22:13
PAY-20260604-0000080,TRP-20260604-0000080,53.49,cash,settled,2026-06-04 15:03:27
PAY-20260604-0000081,TRP-20260604-0000081,32.19,apple_pay,settled,2026-06-04 16:51:30
PAY-20260604-0000082,TRP-20260604-0000082,20.06,mada,settled,2026-06-04 20:46:32
PAY-20260604-0000083,TRP-20260604-0000083,75.73,mada,settled,2026-06-04 21:08:23
PAY-20260604-0000084,TRP-20260604-0000084,12.84,mada,settled,2026-06-04 07:23:32
PAY-20260604-0000085,TRP-20260604-0000085,108.18,mada,settled,2026-06-05 15:07:39
PAY-20260604-0000086,TRP-20260604-0000086,12.86,stc_pay,settled,2026-06-04 20:13:01
PAY-20260604-0000087,TRP-20260604-0000087,13.56,cash,settled,2026-06-04 08:22:07
PAY-20260604-0000088,TRP-20260604-0000088,29.84,cash,settled,2026-06-04 19:55:10
PAY-20260604-0000089,TRP-20260604-0000089,87.43,mada,settled,2026-06-04 13:59:23
PAY-20260604-0000090,TRP-20260604-0000090,13.69,mada,settled,2026-06-04 17:01:00
PAY-20260604-0000091,TRP-20260604-0000091,23.83,apple_pay,settled,2026-06-04 16:51:43
PAY-20260604-0000092,TRP-20260604-0000092,46.86,wallet,settled,2026-06-04 17:18:58
PAY-20260604-0000093,TRP-20260604-0000093,10.95,cash,settled,2026-06-04 09:46:43
PAY-20260604-0000094,TRP-20260604-0000094,10.00,apple_pay,settled,2026-06-05 11:53:12
PAY-20260604-0000095,TRP-20260604-0000095,37.18,stc_pay,settled,2026-06-04 13:21:30
PAY-20260604-0000096,TRP-20260604-0000096,62.90,mada,settled,2026-06-04 20:01:48
PAY-20260604-0000097,TRP-20260604-0000097,21.78,credit_card,settled,2026-06-04 11:48:51
PAY-20260604-0000098,TRP-20260604-0000098,95.00,mada,settled,2026-06-04 19:26:59
PAY-20260604-0000099,TRP-20260604-0000099,29.80,mada,settled,2026-06-04 06:56:12
PAY-20260604-0000100,TRP-20260604-0000100,40.98,cash,settled,2026-06-04 16:03:48
PAY-20260604-0000101,TRP-20260604-0000101,19.77,credit_card,settled,2026-06-04 15:09:47
PAY-20260604-0000102,TRP-20260604-0000102,11.47,mada,settled,2026-06-04 23:20:25
PAY-20260604-0000103,TRP-20260604-0000103,38.00,mada,settled,2026-06-05 04:45:18
PAY-20260604-0000104,TRP-20260604-0000104,25.19,credit_card,settled,2026-06-04 17:44:17
PAY-20260604-0000105,TRP-20260604-0000105,17.10,apple_pay,settled,2026-06-04 10:06:26
PAY-20260604-0000106,TRP-20260604-0000106,51.12,credit_card,settled,2026-06-04 17:55:51
PAY-20260604-0000107,TRP-20260604-0000107,29.57,wallet,settled,2026-06-05 02:31:25
PAY-20260604-0000108,TRP-20260604-0000108,35.20,mada,settled,2026-06-04 20:01:52
PAY-20260604-0000109,TRP-20260604-0000109,96.22,mada,settled,2026-06-04 20:39:52
PAY-20260604-0000110,TRP-20260604-0000110,26.79,credit_card,settled,2026-06-04 17:38:42
PAY-20260604-0000111,TRP-20260604-0000111,26.34,apple_pay,settled,2026-06-04 16:52:52
PAY-20260604-0000112,TRP-20260604-0000112,22.61,cash,settled,2026-06-04 16:07:56
PAY-20260604-0000113,TRP-20260604-0000113,59.67,mada,settled,2026-06-04 17:59:00
PAY-20260604-0000114,TRP-20260604-0000114,84.31,mada,settled,2026-06-04 16:00:35
PAY-20260604-0000115,TRP-20260604-0000115,25.52,mada,settled,2026-06-04 08:44:06
PAY-20260604-0000116,TRP-20260604-0000116,15.08,apple_pay,settled,2026-06-04 14:42:47
PAY-20260604-0000117,TRP-20260604-0000117,14.05,mada,settled,2026-06-04 08:42:32
PAY-20260604-0000118,TRP-20260604-0000118,11.00,mada,settled,2026-06-04 14:31:36
PAY-20260604-0000119,TRP-20260604-0000119,22.50,cash,settled,2026-06-04 19:17:55
PAY-20260604-0000120,TRP-20260604-0000120,10.19,credit_card,settled,2026-06-04 11:33:17
PAY-20260604-0000121,TRP-20260604-0000121,28.33,credit_card,settled,2026-06-04 10:48:51
PAY-20260604-0000122,TRP-20260604-0000122,115.12,apple_pay,settled,2026-06-04 16:32:08
PAY-20260604-0000123,TRP-20260604-0000123,11.00,mada,settled,2026-06-04 08:42:59
PAY-20260604-0000124,TRP-20260604-0000124,23.04,mada,pending,2026-06-04 18:22:48
PAY-20260604-0000125,TRP-20260604-0000125,65.67,stc_pay,settled,2026-06-04 17:34:29
PAY-20260604-0000126,TRP-20260604-0000126,46.34,credit_card,settled,2026-06-04 16:01:04
PAY-20260604-0000127,TRP-20260604-0000127,18.44,mada,settled,2026-06-04 04:48:19
PAY-20260604-0000128,TRP-20260604-0000128,29.59,apple_pay,settled,2026-06-04 23:16:20
PAY-20260604-0000129,TRP-20260604-0000129,41.35,credit_card,settled,2026-06-04 05:50:17
PAY-20260604-0000130,TRP-20260604-0000130,14.16,stc_pay,settled,2026-06-04 17:23:17
PAY-20260604-0000131,TRP-20260604-0000131,43.07,mada,pending,2026-06-04 16:43:08
PAY-20260604-0000132,TRP-20260604-0000132,14.87,mada,settled,2026-06-04 06:57:44
PAY-20260604-0000133,TRP-20260604-0000133,26.18,credit_card,settled,2026-06-04 12:02:09
PAY-20260604-0000134,TRP-20260604-0000134,71.51,apple_pay,settled,2026-06-04 16:23:06
PAY-20260604-0000135,TRP-20260604-0000135,44.37,stc_pay,settled,2026-06-05 05:33:51
PAY-20260604-0000136,TRP-20260604-0000136,77.09,mada,settled,2026-06-04 17:48:54
PAY-20260604-0000137,TRP-20260604-0000137,8.00,cash,settled,2026-06-04 17:26:37
PAY-20260604-0000138,TRP-20260604-0000138,24.71,mada,settled,2026-06-05 11:36:33
PAY-20260604-0000139,TRP-20260604-0000139,33.09,mada,settled,2026-06-04 07:56:07
PAY-20260604-0000140,TRP-20260604-0000140,50.21,cash,settled,2026-06-04 15:30:05
PAY-20260604-0000141,TRP-20260604-0000141,89.18,apple_pay,settled,2026-06-04 16:14:31
PAY-20260604-0000142,TRP-20260604-0000142,16.02,credit_card,settled,2026-06-04 19:47:56
PAY-20260604-0000143,TRP-20260604-0000143,29.68,apple_pay,settled,2026-06-04 16:57:07
PAY-20260604-0000144,TRP-20260604-0000144,37.80,mada,settled,2026-06-04 08:49:40
PAY-20260604-0000145,TRP-20260604-0000145,13.04,cash,settled,2026-06-04 08:31:07
PAY-20260604-0000146,TRP-20260604-0000146,21.74,mada,settled,2026-06-04 20:38:56
PAY-20260604-0000147,TRP-20260604-0000147,60.46,apple_pay,settled,2026-06-04 15:52:58
PAY-20260604-0000148,TRP-20260604-0000148,45.20,mada,settled,2026-06-04 06:11:04
PAY-20260604-0000149,TRP-20260604-0000149,43.90,apple_pay,settled,2026-06-04 12:44:24
PAY-20260604-0000150,TRP-20260604-0000150,45.67,stc_pay,settled,2026-06-04 06:00:39
PAY-20260604-0000151,TRP-20260604-0000151,47.26,cash,settled,2026-06-04 17:17:51
PAY-20260604-0000152,TRP-20260604-0000152,38.18,stc_pay,settled,2026-06-05 00:12:04
PAY-20260604-0000153,TRP-20260604-0000153,24.61,mada,settled,2026-06-05 02:47:34
PAY-20260604-0000154,TRP-20260604-0000154,145.20,mada,pending,2026-06-04 15:40:52
PAY-20260604-0000155,TRP-20260604-0000155,15.97,mada,settled,2026-06-04 05:16:16
PAY-20260604-0000156,TRP-20260604-0000156,103.37,credit_card,settled,2026-06-04 17:43:12
PAY-20260604-0000157,TRP-20260604-0000157,13.68,credit_card,settled,2026-06-04 16:44:44
PAY-20260604-0000158,TRP-20260604-0000158,48.73,credit_card,settled,2026-06-04 12:00:30
PAY-20260604-0000159,TRP-20260604-0000159,14.42,mada,settled,2026-06-04 23:19:21
PAY-20260604-0000160,TRP-20260604-0000160,31.51,credit_card,settled,2026-06-04 12:23:20
PAY-20260604-0000161,TRP-20260604-0000161,34.08,mada,settled,2026-06-04 07:37:35
PAY-20260604-0000162,TRP-20260604-0000162,12.00,stc_pay,settled,2026-06-04 09:37:36
PAY-20260604-0000163,TRP-20260604-0000163,21.74,credit_card,settled,2026-06-04 12:19:11
PAY-20260604-0000164,TRP-20260604-0000164,95.69,mada,settled,2026-06-04 18:14:05
PAY-20260604-0000165,TRP-20260604-0000165,42.17,apple_pay,settled,2026-06-05 05:50:29
PAY-20260604-0000166,TRP-20260604-0000166,26.70,mada,settled,2026-06-04 11:25:02
PAY-20260604-0000167,TRP-20260604-0000167,109.30,apple_pay,settled,2026-06-05 04:02:26
PAY-20260604-0000169,TRP-20260604-0000169,10.00,stc_pay,settled,2026-06-04 01:06:03
PAY-20260604-0000170,TRP-20260604-0000170,12.00,apple_pay,settled,2026-06-04 21:30:40
PAY-20260604-0000171,TRP-20260604-0000171,57.19,stc_pay,settled,2026-06-04 06:02:09
PAY-20260604-0000172,TRP-20260604-0000172,26.84,mada,settled,2026-06-04 13:00:23
PAY-20260604-0000173,TRP-20260604-0000173,29.59,mada,settled,2026-06-04 18:19:36
PAY-20260604-0000174,TRP-20260604-0000174,25.42,stc_pay,settled,2026-06-04 23:31:34
PAY-20260604-0000175,TRP-20260604-0000175,12.00,credit_card,settled,2026-06-04 16:14:58
PAY-20260604-0000176,TRP-20260604-0000176,58.85,mada,settled,2026-06-05 10:05:01
PAY-20260604-0000177,TRP-20260604-0000177,21.48,mada,settled,2026-06-04 01:50:43
PAY-20260604-0000178,TRP-20260604-0000178,22.64,apple_pay,pending,2026-06-04 05:01:14
PAY-20260604-0000179,TRP-20260604-0000179,51.30,credit_card,settled,2026-06-04 07:07:07
PAY-20260604-0000180,TRP-20260604-0000180,13.40,mada,settled,2026-06-04 08:49:25
PAY-20260604-0000182,TRP-20260604-0000182,21.30,wallet,settled,2026-06-04 15:56:47
PAY-20260604-0000183,TRP-20260604-0000183,35.91,stc_pay,settled,2026-06-04 11:39:25
PAY-20260604-0000184,TRP-20260604-0000184,17.45,mada,settled,2026-06-05 17:21:56
PAY-20260604-0000185,TRP-20260604-0000185,22.58,mada,settled,2026-06-05 07:15:30
PAY-20260604-0000186,TRP-20260604-0000186,59.29,credit_card,settled,2026-06-04 20:53:39
PAY-20260604-0000187,TRP-20260604-0000187,14.93,mada,settled,2026-06-04 18:34:03
PAY-20260604-0000188,TRP-20260604-0000188,27.47,stc_pay,settled,2026-06-04 16:04:36
PAY-20260604-0000189,TRP-20260604-0000189,54.73,wallet,settled,2026-06-05 04:48:51
PAY-20260604-0000190,TRP-20260604-0000190,18.56,credit_card,settled,2026-06-05 02:17:02
PAY-20260604-0000191,TRP-20260604-0000191,21.75,wallet,settled,2026-06-04 13:57:52
PAY-20260604-0000192,TRP-20260604-0000192,10.00,stc_pay,settled,2026-06-04 06:03:33
PAY-20260604-0000193,TRP-20260604-0000193,71.11,mada,settled,2026-06-04 11:12:00
PAY-20260604-0000194,TRP-20260604-0000194,74.37,wallet,settled,2026-06-04 23:29:49
PAY-20260604-0000195,TRP-20260604-0000195,11.00,stc_pay,settled,2026-06-04 04:49:23
PAY-20260604-0000196,TRP-20260604-0000196,34.99,apple_pay,settled,2026-06-05 14:22:46
PAY-20260604-0000197,TRP-20260604-0000197,13.95,credit_card,settled,2026-06-04 03:35:32
PAY-20260604-0000198,TRP-20260604-0000198,21.34,stc_pay,settled,2026-06-04 23:07:00
PAY-20260604-0000199,TRP-20260604-0000199,20.62,credit_card,settled,2026-06-04 11:56:57
PAY-20260604-0000200,TRP-20260604-0000200,17.99,mada,settled,2026-06-04 16:09:38
PAY-20260604-0000201,TRP-20260604-0000201,43.76,cash,settled,2026-06-04 14:31:03
PAY-20260604-0000203,TRP-20260604-0000203,128.76,mada,settled,2026-06-05 18:06:38
PAY-20260604-0000204,TRP-20260604-0000204,25.76,mada,settled,2026-06-05 01:42:01
PAY-20260604-0000205,TRP-20260604-0000205,24.07,mada,settled,2026-06-05 11:59:53
PAY-20260604-0000206,TRP-20260604-0000206,23.94,credit_card,settled,2026-06-05 05:28:43
PAY-20260604-0000207,TRP-20260604-0000207,42.42,cash,settled,2026-06-04 19:48:22
PAY-20260604-0000208,TRP-20260604-0000208,19.94,mada,settled,2026-06-05 03:08:51
PAY-20260604-0000209,TRP-20260604-0000209,100.79,mada,settled,2026-06-04 17:45:25
PAY-20260604-0000210,TRP-20260604-0000210,10.00,credit_card,settled,2026-06-04 20:19:44
PAY-20260604-0000211,TRP-20260604-0000211,39.07,credit_card,settled,2026-06-04 05:04:35
PAY-20260604-0000212,TRP-20260604-0000212,13.42,stc_pay,settled,2026-06-04 18:21:36
PAY-20260604-0000213,TRP-20260604-0000213,32.91,mada,settled,2026-06-04 05:38:19
PAY-20260604-0000214,TRP-20260604-0000214,20.03,cash,settled,2026-06-04 11:17:51
PAY-20260604-0000215,TRP-20260604-0000215,21.80,mada,settled,2026-06-04 12:40:54
PAY-20260604-0000216,TRP-20260604-0000216,82.24,mada,settled,2026-06-04 05:26:30
PAY-20260604-0000217,TRP-20260604-0000217,32.69,mada,settled,2026-06-05 06:26:30
PAY-20260604-0000218,TRP-20260604-0000218,12.00,credit_card,settled,2026-06-05 09:48:42
PAY-20260604-0000219,TRP-20260604-0000219,24.44,mada,settled,2026-06-04 13:46:45
PAY-20260604-0000220,TRP-20260604-0000220,219.26,stc_pay,settled,2026-06-04 19:16:51
PAY-20260604-0000221,TRP-20260604-0000221,75.06,credit_card,settled,2026-06-04 08:27:52
PAY-20260604-0000222,TRP-20260604-0000222,60.46,cash,settled,2026-06-04 09:24:47
PAY-20260604-0000223,TRP-20260604-0000223,38.73,mada,settled,2026-06-04 15:29:30
PAY-20260604-0000224,TRP-20260604-0000224,55.65,stc_pay,settled,2026-06-04 20:11:01
PAY-20260604-0000225,TRP-20260604-0000225,47.27,stc_pay,settled,2026-06-04 05:25:50
PAY-20260604-0000226,TRP-20260604-0000226,20.34,mada,pending,2026-06-05 09:05:56
PAY-20260604-0000227,TRP-20260604-0000227,18.85,apple_pay,settled,2026-06-05 02:04:39
PAY-20260604-0000228,TRP-20260604-0000228,44.44,mada,settled,2026-06-04 15:23:14
PAY-20260604-0000229,TRP-20260604-0000229,38.83,stc_pay,settled,2026-06-04 10:07:58
PAY-20260604-0000230,TRP-20260604-0000230,156.84,apple_pay,settled,2026-06-04 08:08:44
PAY-20260604-0000231,TRP-20260604-0000231,23.93,mada,settled,2026-06-04 09:21:19
PAY-20260604-0000232,TRP-20260604-0000232,12.00,apple_pay,settled,2026-06-04 08:26:51
PAY-20260604-0000233,TRP-20260604-0000233,62.98,apple_pay,settled,2026-06-04 13:23:37
PAY-20260604-0000234,TRP-20260604-0000234,61.27,apple_pay,settled,2026-06-04 21:12:34
PAY-20260604-0000235,TRP-20260604-0000235,92.39,credit_card,settled,2026-06-04 15:12:28
PAY-20260604-0000236,TRP-20260604-0000236,11.00,stc_pay,settled,2026-06-04 16:26:15
PAY-20260604-0000237,TRP-20260604-0000237,57.61,mada,settled,2026-06-04 14:43:24
PAY-20260604-0000238,TRP-20260604-0000238,39.28,credit_card,settled,2026-06-05 17:18:35
PAY-20260604-0000239,TRP-20260604-0000239,46.34,apple_pay,settled,2026-06-05 07:14:42
PAY-20260604-0000240,TRP-20260604-0000240,61.97,mada,settled,2026-06-04 20:44:54
PAY-20260604-0000241,TRP-20260604-0000241,28.67,stc_pay,settled,2026-06-05 11:12:46
PAY-20260604-0000242,TRP-20260604-0000242,34.30,credit_card,settled,2026-06-04 15:51:24
PAY-20260604-0000243,TRP-20260604-0000243,28.45,cash,settled,2026-06-04 10:03:36
PAY-20260604-0000244,TRP-20260604-0000244,23.36,mada,settled,2026-06-04 16:06:21
PAY-20260604-0000245,TRP-20260604-0000245,12.00,mada,settled,2026-06-04 06:41:15
PAY-20260604-0000246,TRP-20260604-0000246,25.48,mada,settled,2026-06-04 07:47:25
PAY-20260604-0000247,TRP-20260604-0000247,18.10,wallet,settled,2026-06-04 21:01:14
PAY-20260604-0000248,TRP-20260604-0000248,25.35,mada,settled,2026-06-04 22:23:11
PAY-20260604-0000249,TRP-20260604-0000249,8.00,mada,settled,2026-06-05 19:32:40
PAY-20260604-0000250,TRP-20260604-0000250,26.48,credit_card,settled,2026-06-04 19:13:26
PAY-20260604-0000251,TRP-20260604-0000251,74.94,apple_pay,settled,2026-06-04 15:17:22
PAY-20260604-0000252,TRP-20260604-0000252,50.67,stc_pay,settled,2026-06-04 16:28:24
PAY-20260604-0000253,TRP-20260604-0000253,29.44,cash,settled,2026-06-04 05:00:07
PAY-20260604-0000254,TRP-20260604-0000254,104.89,mada,settled,2026-06-04 11:07:17
PAY-20260604-0000255,TRP-20260604-0000255,19.95,credit_card,settled,2026-06-04 12:05:33
PAY-20260604-0000256,TRP-20260604-0000256,60.25,cash,settled,2026-06-04 14:13:08
PAY-20260604-0000257,TRP-20260604-0000257,20.31,cash,settled,2026-06-04 06:46:15
PAY-20260604-0000258,TRP-20260604-0000258,12.00,mada,settled,2026-06-04 21:32:42
PAY-20260604-0000259,TRP-20260604-0000259,51.65,apple_pay,settled,2026-06-04 09:45:09
PAY-20260604-0000260,TRP-20260604-0000260,10.00,credit_card,settled,2026-06-04 17:42:59
PAY-20260604-0000261,TRP-20260604-0000261,34.32,mada,settled,2026-06-04 11:47:51
PAY-20260604-0000262,TRP-20260604-0000262,142.48,apple_pay,settled,2026-06-04 18:56:31
PAY-20260604-0000263,TRP-20260604-0000263,38.16,stc_pay,settled,2026-06-04 19:10:52
PAY-20260604-0000264,TRP-20260604-0000264,34.88,apple_pay,settled,2026-06-05 04:52:16
PAY-20260604-0000265,TRP-20260604-0000265,44.43,credit_card,settled,2026-06-04 09:40:51
PAY-20260604-0000266,TRP-20260604-0000266,26.27,wallet,settled,2026-06-04 18:13:59
PAY-20260604-0000267,TRP-20260604-0000267,15.80,apple_pay,settled,2026-06-04 02:19:39
PAY-20260604-0000268,TRP-20260604-0000268,22.19,credit_card,pending,2026-06-04 14:55:33
PAY-20260604-0000269,TRP-20260604-0000269,18.94,mada,settled,2026-06-04 05:05:32
PAY-20260604-0000270,TRP-20260604-0000270,117.44,stc_pay,settled,2026-06-04 20:23:05
PAY-20260604-0000271,TRP-20260604-0000271,30.44,mada,settled,2026-06-05 08:59:39
PAY-20260604-0000272,TRP-20260604-0000272,17.70,mada,settled,2026-06-04 09:55:57
PAY-20260604-0000273,TRP-20260604-0000273,33.14,mada,settled,2026-06-04 09:13:41
PAY-20260604-0000274,TRP-20260604-0000274,19.68,mada,settled,2026-06-04 10:07:54
PAY-20260604-0000275,TRP-20260604-0000275,36.34,stc_pay,settled,2026-06-04 21:01:45
PAY-20260604-0000276,TRP-20260604-0000276,6.00,wallet,settled,2026-06-04 12:51:21
PAY-20260604-0000277,TRP-20260604-0000277,118.65,mada,settled,2026-06-04 05:30:17
PAY-20260604-0000278,TRP-20260604-0000278,20.36,apple_pay,settled,2026-06-05 02:08:10
PAY-20260604-0000279,TRP-20260604-0000279,15.48,credit_card,settled,2026-06-04 15:48:57
PAY-20260604-0000280,TRP-20260604-0000280,65.52,mada,settled,2026-06-04 14:28:03
PAY-20260604-0000282,TRP-20260604-0000282,10.84,mada,settled,2026-06-04 14:07:10
PAY-20260604-0000283,TRP-20260604-0000283,85.64,mada,settled,2026-06-05 14:18:37
PAY-20260604-0000284,TRP-20260604-0000284,11.00,mada,settled,2026-06-04 12:03:33
PAY-20260604-0000285,TRP-20260604-0000285,65.48,credit_card,settled,2026-06-04 18:37:28
PAY-20260604-0000286,TRP-20260604-0000286,17.67,credit_card,settled,2026-06-05 08:06:18
PAY-20260604-0000287,TRP-20260604-0000287,32.19,mada,settled,2026-06-04 08:29:15
PAY-20260604-0000289,TRP-20260604-0000289,63.50,mada,settled,2026-06-05 05:37:06
PAY-20260604-0000290,TRP-20260604-0000290,39.48,cash,settled,2026-06-04 15:18:01
PAY-20260604-0000291,TRP-20260604-0000291,56.01,stc_pay,pending,2026-06-04 23:32:52
PAY-20260604-0000292,TRP-20260604-0000292,12.00,mada,settled,2026-06-04 10:22:06
PAY-20260604-0000294,TRP-20260604-0000294,39.30,mada,settled,2026-06-04 16:28:58
PAY-20260604-0000295,TRP-20260604-0000295,37.36,mada,settled,2026-06-04 10:24:44
PAY-20260604-0000296,TRP-20260604-0000296,18.48,credit_card,settled,2026-06-04 08:24:43
PAY-20260604-0000297,TRP-20260604-0000297,51.78,mada,settled,2026-06-05 06:17:10
PAY-20260604-0000298,TRP-20260604-0000298,55.08,apple_pay,settled,2026-06-04 17:06:37
PAY-20260604-0000299,TRP-20260604-0000299,32.49,stc_pay,settled,2026-06-04 05:48:51
PAY-20260604-0000301,TRP-20260604-0000301,42.21,mada,failed,2026-06-04 11:58:25
PAY-20260604-0000302,TRP-20260604-0000302,42.93,cash,settled,2026-06-04 20:50:56
PAY-20260604-0000303,TRP-20260604-0000303,18.09,apple_pay,settled,2026-06-04 11:45:39
PAY-20260604-0000304,TRP-20260604-0000304,29.04,wallet,settled,2026-06-04 15:58:35
PAY-20260604-0000305,TRP-20260604-0000305,38.36,mada,settled,2026-06-04 05:56:06
PAY-20260604-0000306,TRP-20260604-0000306,14.77,mada,settled,2026-06-04 09:16:51
PAY-20260604-0000307,TRP-20260604-0000307,12.94,credit_card,settled,2026-06-04 09:03:35
PAY-20260604-0000308,TRP-20260604-0000308,75.02,cash,settled,2026-06-04 16:22:39
PAY-20260604-0000310,TRP-20260604-0000310,48.65,mada,settled,2026-06-04 05:48:33
PAY-20260604-0000311,TRP-20260604-0000311,12.00,apple_pay,settled,2026-06-04 19:23:19
PAY-20260604-0000312,TRP-20260604-0000312,15.08,credit_card,pending,2026-06-05 04:14:55
PAY-20260604-0000313,TRP-20260604-0000313,10.00,mada,settled,2026-06-04 20:08:04
PAY-20260604-0000314,TRP-20260604-0000314,37.06,cash,settled,2026-06-04 14:56:44
PAY-20260604-0000315,TRP-20260604-0000315,23.22,apple_pay,settled,2026-06-04 14:23:14
PAY-20260604-0000316,TRP-20260604-0000316,23.18,mada,settled,2026-06-04 12:05:19
PAY-20260604-0000317,TRP-20260604-0000317,30.05,mada,settled,2026-06-04 23:38:14
PAY-20260604-0000318,TRP-20260604-0000318,41.31,apple_pay,settled,2026-06-05 11:11:14
PAY-20260604-0000319,TRP-20260604-0000319,22.10,mada,settled,2026-06-04 20:17:51
PAY-20260604-0000320,TRP-20260604-0000320,15.00,mada,settled,2026-06-04 06:09:06
PAY-20260604-0000321,TRP-20260604-0000321,20.21,cash,settled,2026-06-04 16:58:10
PAY-20260604-0000322,TRP-20260604-0000322,26.35,mada,settled,2026-06-04 17:27:19
PAY-20260604-0000323,TRP-20260604-0000323,12.00,apple_pay,settled,2026-06-05 02:32:37
PAY-20260604-0000324,TRP-20260604-0000324,20.48,credit_card,settled,2026-06-04 11:49:39
PAY-20260604-0000325,TRP-20260604-0000325,46.58,mada,settled,2026-06-04 22:49:22
PAY-20260604-0000326,TRP-20260604-0000326,16.53,cash,settled,2026-06-04 09:26:30
PAY-20260604-0000328,TRP-20260604-0000328,58.60,apple_pay,settled,2026-06-04 21:46:11
PAY-20260604-0000329,TRP-20260604-0000329,14.77,mada,settled,2026-06-04 04:46:02
PAY-20260604-0000330,TRP-20260604-0000330,12.56,stc_pay,settled,2026-06-04 18:46:10
PAY-20260604-0000331,TRP-20260604-0000331,13.91,mada,settled,2026-06-05 10:21:09
PAY-20260604-0000332,TRP-20260604-0000332,11.00,cash,settled,2026-06-04 02:38:31
PAY-20260604-0000333,TRP-20260604-0000333,83.04,stc_pay,settled,2026-06-05 08:14:50
PAY-20260604-0000334,TRP-20260604-0000334,42.42,credit_card,settled,2026-06-04 05:11:45
PAY-20260604-0000335,TRP-20260604-0000335,20.10,apple_pay,settled,2026-06-04 06:18:46
PAY-20260604-0000336,TRP-20260604-0000336,63.57,cash,settled,2026-06-04 08:26:39
PAY-20260604-0000337,TRP-20260604-0000337,58.87,mada,settled,2026-06-04 23:20:39
PAY-20260604-0000338,TRP-20260604-0000338,15.20,credit_card,settled,2026-06-04 23:58:00
PAY-20260604-0000339,TRP-20260604-0000339,22.05,mada,settled,2026-06-04 15:55:25
PAY-20260604-0000340,TRP-20260604-0000340,58.89,apple_pay,settled,2026-06-04 17:58:01
PAY-20260604-0000341,TRP-20260604-0000341,19.14,wallet,settled,2026-06-04 03:47:37
PAY-20260604-0000342,TRP-20260604-0000342,22.55,apple_pay,settled,2026-06-04 13:04:09
PAY-20260604-0000343,TRP-20260604-0000343,53.22,cash,settled,2026-06-04 16:31:46
PAY-20260604-0000344,TRP-20260604-0000344,18.49,mada,settled,2026-06-05 02:21:31
PAY-20260604-0000345,TRP-20260604-0000345,32.89,mada,settled,2026-06-04 07:49:31
PAY-20260604-0000346,TRP-20260604-0000346,20.13,mada,settled,2026-06-04 20:35:30
PAY-20260604-0000347,TRP-20260604-0000347,11.69,credit_card,settled,2026-06-04 08:40:12
PAY-20260604-0000348,TRP-20260604-0000348,29.59,cash,settled,2026-06-04 05:38:43
PAY-20260604-0000349,TRP-20260604-0000349,11.81,stc_pay,pending,2026-06-04 17:31:56
PAY-20260604-0000351,TRP-20260604-0000351,91.00,mada,settled,2026-06-05 04:26:57
PAY-20260604-0000352,TRP-20260604-0000352,113.49,apple_pay,settled,2026-06-05 14:06:22
PAY-20260604-0000353,TRP-20260604-0000353,27.56,apple_pay,settled,2026-06-04 09:57:17
PAY-20260604-0000354,TRP-20260604-0000354,14.19,mada,settled,2026-06-04 19:55:31
PAY-20260604-0000355,TRP-20260604-0000355,64.00,mada,settled,2026-06-04 17:32:59
PAY-20260604-0000356,TRP-20260604-0000356,26.16,mada,settled,2026-06-04 20:54:38
PAY-20260604-0000357,TRP-20260604-0000357,12.25,apple_pay,settled,2026-06-04 14:39:38
PAY-20260604-0000358,TRP-20260604-0000358,16.10,stc_pay,settled,2026-06-04 04:18:57
PAY-20260604-0000359,TRP-20260604-0000359,27.85,apple_pay,settled,2026-06-04 12:01:26
PAY-20260604-0000360,TRP-20260604-0000360,42.13,credit_card,settled,2026-06-05 19:53:28
PAY-20260604-0000361,TRP-20260604-0000361,21.85,mada,settled,2026-06-04 06:45:43
PAY-20260604-0000362,TRP-20260604-0000362,11.00,stc_pay,settled,2026-06-04 09:22:04
PAY-20260604-0000363,TRP-20260604-0000363,14.94,cash,settled,2026-06-04 17:02:57
PAY-20260604-0000364,TRP-20260604-0000364,50.58,cash,settled,2026-06-04 20:18:07
PAY-20260604-0000365,TRP-20260604-0000365,51.03,apple_pay,settled,2026-06-04 17:04:51
PAY-20260604-0000366,TRP-20260604-0000366,36.79,apple_pay,settled,2026-06-03 23:22:21
PAY-20260604-0000367,TRP-20260604-0000367,25.91,credit_card,settled,2026-06-04 14:15:17
PAY-20260604-0000368,TRP-20260604-0000368,43.52,mada,settled,2026-06-04 13:10:30
PAY-20260604-0000369,TRP-20260604-0000369,8.00,apple_pay,settled,2026-06-04 17:26:50
PAY-20260604-0000370,TRP-20260604-0000370,22.21,credit_card,settled,2026-06-05 11:30:45
PAY-20260604-0000371,TRP-20260604-0000371,23.90,cash,settled,2026-06-04 11:38:33
PAY-20260604-0000372,TRP-20260604-0000372,32.03,mada,settled,2026-06-03 22:22:38
PAY-20260604-0000373,TRP-20260604-0000373,25.17,mada,settled,2026-06-04 17:26:52
PAY-20260604-0000374,TRP-20260604-0000374,12.23,mada,pending,2026-06-04 08:52:21
PAY-20260604-0000375,TRP-20260604-0000375,38.86,credit_card,settled,2026-06-04 16:32:45
PAY-20260604-0000376,TRP-20260604-0000376,66.33,credit_card,settled,2026-06-04 23:24:29
PAY-20260604-0000377,TRP-20260604-0000377,22.96,mada,settled,2026-06-04 18:41:44
PAY-20260604-0000378,TRP-20260604-0000378,35.63,wallet,settled,2026-06-05 07:14:26
PAY-20260604-0000379,TRP-20260604-0000379,8.00,mada,settled,2026-06-04 11:31:17
PAY-20260604-0000380,TRP-20260604-0000380,11.00,stc_pay,settled,2026-06-04 07:40:32
PAY-20260604-0000381,TRP-20260604-0000381,24.73,credit_card,settled,2026-06-04 06:02:01
PAY-20260604-0000382,TRP-20260604-0000382,23.48,apple_pay,settled,2026-06-05 07:57:57
PAY-20260604-0000384,TRP-20260604-0000384,52.94,cash,settled,2026-06-04 10:51:04
PAY-20260604-0000385,TRP-20260604-0000385,17.02,stc_pay,settled,2026-06-05 05:54:48
PAY-20260604-0000386,TRP-20260604-0000386,57.65,mada,settled,2026-06-05 04:46:21
PAY-20260604-0000387,TRP-20260604-0000387,36.04,credit_card,settled,2026-06-04 05:34:08
PAY-20260604-0000388,TRP-20260604-0000388,11.78,mada,settled,2026-06-05 09:10:16
PAY-20260604-0000389,TRP-20260604-0000389,63.69,mada,settled,2026-06-04 20:31:13
PAY-20260604-0000390,TRP-20260604-0000390,24.13,apple_pay,settled,2026-06-04 18:39:03
PAY-20260604-0000391,TRP-20260604-0000391,24.49,mada,settled,2026-06-04 17:36:42
PAY-20260604-0000392,TRP-20260604-0000392,22.82,mada,settled,2026-06-04 05:19:29
PAY-20260604-0000393,TRP-20260604-0000393,31.73,wallet,settled,2026-06-04 18:25:44
PAY-20260604-0000394,TRP-20260604-0000394,59.15,cash,settled,2026-06-04 18:49:06
PAY-20260604-0000395,TRP-20260604-0000395,43.23,apple_pay,settled,2026-06-04 11:48:50
PAY-20260604-0000396,TRP-20260604-0000396,26.55,stc_pay,settled,2026-06-04 16:37:34
PAY-20260604-0000397,TRP-20260604-0000397,21.22,mada,settled,2026-06-05 05:35:04
PAY-20260604-0000398,TRP-20260604-0000398,32.31,credit_card,settled,2026-06-04 16:03:55
PAY-20260604-0000399,TRP-20260604-0000399,15.94,mada,settled,2026-06-04 05:33:43
PAY-20260604-0000400,TRP-20260604-0000400,13.78,mada,settled,2026-06-04 13:42:14
PAY-20260604-0000401,TRP-20260604-0000401,42.78,mada,settled,2026-06-04 12:11:08
PAY-20260604-0000403,TRP-20260604-0000403,13.88,apple_pay,settled,2026-06-04 06:01:54
PAY-20260604-0000404,TRP-20260604-0000404,40.26,stc_pay,settled,2026-06-04 05:43:09
PAY-20260604-0000405,TRP-20260604-0000405,156.93,cash,settled,2026-06-04 19:27:24
PAY-20260604-0000406,TRP-20260604-0000406,64.97,mada,settled,2026-06-04 14:53:11
PAY-20260604-0000407,TRP-20260604-0000407,21.82,apple_pay,settled,2026-06-04 12:40:15
PAY-20260604-0000408,TRP-20260604-0000408,16.18,wallet,settled,2026-06-04 05:30:25
PAY-20260604-0000409,TRP-20260604-0000409,49.14,credit_card,settled,2026-06-04 13:20:03
PAY-20260604-0000410,TRP-20260604-0000410,128.54,stc_pay,settled,2026-06-04 09:35:01
PAY-20260604-0000411,TRP-20260604-0000411,6.00,mada,settled,2026-06-05 09:10:20
PAY-20260604-0000412,TRP-20260604-0000412,20.88,apple_pay,settled,2026-06-05 08:49:16
PAY-20260604-0000413,TRP-20260604-0000413,94.31,wallet,settled,2026-06-04 03:11:46
PAY-20260604-0000415,TRP-20260604-0000415,32.88,wallet,settled,2026-06-04 16:48:33
PAY-20260604-0000416,TRP-20260604-0000416,17.92,stc_pay,settled,2026-06-04 00:04:41
PAY-20260604-0000417,TRP-20260604-0000417,168.29,stc_pay,settled,2026-06-05 12:55:23
PAY-20260604-0000418,TRP-20260604-0000418,41.95,credit_card,settled,2026-06-04 18:34:45
PAY-20260604-0000419,TRP-20260604-0000419,59.97,mada,settled,2026-06-04 15:36:40
PAY-20260604-0000420,TRP-20260604-0000420,68.94,mada,settled,2026-06-04 20:34:12
PAY-20260604-0000421,TRP-20260604-0000421,12.00,credit_card,settled,2026-06-04 12:47:49
PAY-20260604-0000422,TRP-20260604-0000422,31.83,credit_card,failed,2026-06-04 08:54:22
PAY-20260604-0000423,TRP-20260604-0000423,28.58,stc_pay,settled,2026-06-04 20:15:03
PAY-20260604-0000424,TRP-20260604-0000424,10.00,mada,settled,2026-06-04 12:37:35
PAY-20260604-0000425,TRP-20260604-0000425,8.00,apple_pay,settled,2026-06-04 17:15:53
PAY-20260604-0000426,TRP-20260604-0000426,25.26,credit_card,settled,2026-06-04 11:50:18
PAY-20260604-0000427,TRP-20260604-0000427,163.08,cash,settled,2026-06-04 04:33:47
PAY-20260604-0000428,TRP-20260604-0000428,65.23,mada,settled,2026-06-04 05:45:49
PAY-20260604-0000429,TRP-20260604-0000429,17.84,mada,settled,2026-06-04 06:24:08
PAY-20260604-0000430,TRP-20260604-0000430,18.77,credit_card,settled,2026-06-04 10:19:44
PAY-20260604-0000431,TRP-20260604-0000431,17.63,wallet,settled,2026-06-04 08:18:00
PAY-20260604-0000432,TRP-20260604-0000432,34.61,mada,settled,2026-06-04 14:27:49
PAY-20260604-0000433,TRP-20260604-0000433,57.10,wallet,settled,2026-06-05 13:38:53
PAY-20260604-0000434,TRP-20260604-0000434,48.41,mada,settled,2026-06-04 11:56:48
PAY-20260604-0000435,TRP-20260604-0000435,24.59,credit_card,settled,2026-06-05 11:56:22
PAY-20260604-0000436,TRP-20260604-0000436,22.69,cash,settled,2026-06-04 07:54:04
PAY-20260604-0000437,TRP-20260604-0000437,10.00,apple_pay,settled,2026-06-05 06:28:43
PAY-20260604-0000438,TRP-20260604-0000438,85.35,credit_card,settled,2026-06-05 05:20:32
PAY-20260604-0000439,TRP-20260604-0000439,22.21,stc_pay,settled,2026-06-05 05:55:17
PAY-20260604-0000440,TRP-20260604-0000440,22.72,mada,settled,2026-06-04 16:01:07
PAY-20260604-0000441,TRP-20260604-0000441,22.51,mada,pending,2026-06-04 15:59:53
PAY-20260604-0000442,TRP-20260604-0000442,6.00,mada,settled,2026-06-05 02:10:57
PAY-20260604-0000443,TRP-20260604-0000443,21.41,mada,settled,2026-06-04 08:14:24
PAY-20260604-0000444,TRP-20260604-0000444,60.07,apple_pay,settled,2026-06-05 07:17:28
PAY-20260604-0000445,TRP-20260604-0000445,18.97,mada,settled,2026-06-04 11:05:57
PAY-20260604-0000446,TRP-20260604-0000446,25.72,stc_pay,settled,2026-06-05 17:45:16
PAY-20260604-0000447,TRP-20260604-0000447,20.07,stc_pay,settled,2026-06-04 13:34:16
PAY-20260604-0000448,TRP-20260604-0000448,38.42,cash,settled,2026-06-04 04:04:59
PAY-20260604-0000450,TRP-20260604-0000450,18.02,cash,settled,2026-06-04 06:12:54
PAY-20260604-0000451,TRP-20260604-0000451,27.82,mada,settled,2026-06-04 18:01:45
PAY-20260604-0000452,TRP-20260604-0000452,20.39,cash,settled,2026-06-04 12:11:23
PAY-20260604-0000453,TRP-20260604-0000453,23.00,stc_pay,settled,2026-06-04 13:26:30
PAY-20260604-0000454,TRP-20260604-0000454,20.42,mada,settled,2026-06-04 11:47:44
PAY-20260604-0000455,TRP-20260604-0000455,34.62,credit_card,settled,2026-06-04 15:12:19
PAY-20260604-0000456,TRP-20260604-0000456,126.43,credit_card,settled,2026-06-04 07:47:58
PAY-20260604-0000457,TRP-20260604-0000457,13.36,mada,settled,2026-06-04 11:02:15
PAY-20260604-0000458,TRP-20260604-0000458,116.32,mada,settled,2026-06-03 22:16:03
PAY-20260604-0000459,TRP-20260604-0000459,105.39,wallet,settled,2026-06-04 16:47:16
PAY-20260604-0000460,TRP-20260604-0000460,21.16,credit_card,settled,2026-06-04 14:13:23
PAY-20260604-0000461,TRP-20260604-0000461,149.79,credit_card,settled,2026-06-04 16:32:29
PAY-20260604-0000463,TRP-20260604-0000463,55.48,cash,settled,2026-06-04 10:28:16
PAY-20260604-0000464,TRP-20260604-0000464,18.73,apple_pay,settled,2026-06-04 09:19:04
PAY-20260604-0000465,TRP-20260604-0000465,42.91,mada,settled,2026-06-04 06:31:01
PAY-20260604-0000466,TRP-20260604-0000466,16.98,apple_pay,settled,2026-06-04 20:14:03
PAY-20260604-0000467,TRP-20260604-0000467,85.27,mada,settled,2026-06-05 09:11:22
PAY-20260604-0000468,TRP-20260604-0000468,61.52,wallet,settled,2026-06-04 16:06:45
PAY-20260604-0000469,TRP-20260604-0000469,64.72,apple_pay,settled,2026-06-04 20:30:57
PAY-20260604-0000470,TRP-20260604-0000470,170.80,stc_pay,settled,2026-06-04 17:01:47
PAY-20260604-0000471,TRP-20260604-0000471,25.07,mada,settled,2026-06-04 05:26:42
PAY-20260604-0000472,TRP-20260604-0000472,12.93,apple_pay,settled,2026-06-04 14:10:55
PAY-20260604-0000473,TRP-20260604-0000473,62.42,cash,settled,2026-06-04 15:44:28
PAY-20260604-0000474,TRP-20260604-0000474,16.62,mada,settled,2026-06-04 20:14:34
PAY-20260604-0000475,TRP-20260604-0000475,14.66,mada,settled,2026-06-04 07:31:49
PAY-20260604-0000476,TRP-20260604-0000476,21.51,apple_pay,settled,2026-06-04 06:36:29
PAY-20260604-0000477,TRP-20260604-0000477,137.29,credit_card,settled,2026-06-04 08:33:00
PAY-20260604-0000478,TRP-20260604-0000478,26.51,cash,settled,2026-06-04 05:57:38
PAY-20260604-0000479,TRP-20260604-0000479,28.26,cash,settled,2026-06-04 15:10:04
PAY-20260604-0000480,TRP-20260604-0000480,40.87,apple_pay,settled,2026-06-04 04:09:04
PAY-20260604-0000481,TRP-20260604-0000481,12.00,credit_card,settled,2026-06-04 03:57:09
PAY-20260604-0000482,TRP-20260604-0000482,31.35,mada,settled,2026-06-04 17:32:41
PAY-20260604-0000483,TRP-20260604-0000483,70.78,cash,settled,2026-06-04 12:21:04
PAY-20260604-0000485,TRP-20260604-0000485,66.33,mada,settled,2026-06-04 15:55:58
PAY-20260604-0000486,TRP-20260604-0000486,33.55,credit_card,settled,2026-06-04 17:01:28
PAY-20260604-0000487,TRP-20260604-0000487,115.49,apple_pay,settled,2026-06-04 14:50:04
PAY-20260604-0000488,TRP-20260604-0000488,6.00,credit_card,settled,2026-06-04 02:22:20
PAY-20260604-0000489,TRP-20260604-0000489,21.79,stc_pay,settled,2026-06-05 08:18:53
PAY-20260604-0000490,TRP-20260604-0000490,21.05,stc_pay,settled,2026-06-05 05:45:31
PAY-20260604-0000491,TRP-20260604-0000491,68.35,mada,settled,2026-06-04 20:45:54
PAY-20260604-0000492,TRP-20260604-0000492,32.00,stc_pay,settled,2026-06-04 20:09:37
PAY-20260604-0000493,TRP-20260604-0000493,10.00,credit_card,settled,2026-06-04 21:08:05
PAY-20260604-0000494,TRP-20260604-0000494,32.07,mada,settled,2026-06-05 12:34:04
PAY-20260604-0000495,TRP-20260604-0000495,109.25,apple_pay,settled,2026-06-05 06:26:17
PAY-20260604-0000496,TRP-20260604-0000496,63.04,mada,pending,2026-06-04 16:51:25
PAY-20260604-0000497,TRP-20260604-0000497,23.17,apple_pay,settled,2026-06-05 01:04:13
PAY-20260604-0000499,TRP-20260604-0000499,33.29,wallet,settled,2026-06-04 12:46:59
PAY-20260604-0000500,TRP-20260604-0000500,19.94,mada,settled,2026-06-04 07:17:55
PAY-20260604-0000501,TRP-20260604-0000501,77.07,mada,settled,2026-06-04 17:14:19
PAY-20260604-0000502,TRP-20260604-0000502,10.00,stc_pay,settled,2026-06-03 22:27:22
PAY-20260604-0000503,TRP-20260604-0000503,19.25,credit_card,settled,2026-06-04 21:48:21
PAY-20260604-0000504,TRP-20260604-0000504,21.26,credit_card,settled,2026-06-04 23:02:32
PAY-20260604-0000505,TRP-20260604-0000505,10.00,apple_pay,settled,2026-06-04 15:33:51
PAY-20260604-0000506,TRP-20260604-0000506,36.69,credit_card,settled,2026-06-04 18:33:42
PAY-20260604-0000507,TRP-20260604-0000507,21.27,mada,pending,2026-06-05 03:40:03
PAY-20260604-0000508,TRP-20260604-0000508,117.05,credit_card,pending,2026-06-05 20:29:16
PAY-20260604-0000509,TRP-20260604-0000509,22.39,credit_card,settled,2026-06-04 15:49:46
PAY-20260604-0000510,TRP-20260604-0000510,14.76,mada,settled,2026-06-04 14:38:14
PAY-20260604-0000511,TRP-20260604-0000511,56.20,stc_pay,settled,2026-06-04 19:55:48
PAY-20260604-0000512,TRP-20260604-0000512,16.54,apple_pay,settled,2026-06-04 13:17:09
PAY-20260604-0000513,TRP-20260604-0000513,11.17,mada,settled,2026-06-04 10:33:51
PAY-20260604-0000514,TRP-20260604-0000514,27.12,mada,settled,2026-06-04 21:32:58
PAY-20260604-0000515,TRP-20260604-0000515,27.53,credit_card,settled,2026-06-04 17:14:32
PAY-20260604-0000516,TRP-20260604-0000516,44.63,credit_card,settled,2026-06-04 10:07:51
PAY-20260604-0000517,TRP-20260604-0000517,11.74,mada,settled,2026-06-04 14:03:32
PAY-20260604-0000518,TRP-20260604-0000518,45.15,credit_card,settled,2026-06-04 09:14:36
PAY-20260604-0000519,TRP-20260604-0000519,114.44,mada,settled,2026-06-04 17:33:03
PAY-20260604-0000520,TRP-20260604-0000520,26.63,cash,settled,2026-06-04 18:54:09
PAY-20260604-0000521,TRP-20260604-0000521,15.90,cash,settled,2026-06-04 17:15:15
PAY-20260604-0000522,TRP-20260604-0000522,37.37,mada,settled,2026-06-04 13:36:21
PAY-20260604-0000523,TRP-20260604-0000523,37.97,credit_card,settled,2026-06-05 02:42:01
PAY-20260604-0000524,TRP-20260604-0000524,33.70,stc_pay,settled,2026-06-04 02:53:56
PAY-20260604-0000525,TRP-20260604-0000525,93.20,apple_pay,settled,2026-06-05 05:50:55
PAY-20260604-0000526,TRP-20260604-0000526,33.19,mada,settled,2026-06-04 11:37:51
PAY-20260604-0000527,TRP-20260604-0000527,17.38,wallet,settled,2026-06-04 19:39:45
PAY-20260604-0000528,TRP-20260604-0000528,59.93,credit_card,settled,2026-06-04 17:44:31
PAY-20260604-0000529,TRP-20260604-0000529,21.67,cash,settled,2026-06-04 19:56:56
PAY-20260604-0000530,TRP-20260604-0000530,44.86,mada,settled,2026-06-05 19:37:14
PAY-20260604-0000532,TRP-20260604-0000532,31.12,apple_pay,settled,2026-06-04 12:32:15
PAY-20260604-0000533,TRP-20260604-0000533,25.31,mada,settled,2026-06-05 09:24:44
PAY-20260604-0000534,TRP-20260604-0000534,17.09,cash,settled,2026-06-04 09:25:06
PAY-20260604-0000536,TRP-20260604-0000536,32.74,mada,settled,2026-06-04 20:35:52
PAY-20260604-0000537,TRP-20260604-0000537,39.13,mada,settled,2026-06-04 16:14:52
PAY-20260604-0000538,TRP-20260604-0000538,30.32,mada,settled,2026-06-04 17:07:31
PAY-20260604-0000539,TRP-20260604-0000539,48.06,stc_pay,settled,2026-06-04 10:08:34
PAY-20260604-0000540,TRP-20260604-0000540,16.81,apple_pay,settled,2026-06-04 00:07:48
PAY-20260604-0000541,TRP-20260604-0000541,68.46,apple_pay,settled,2026-06-04 15:08:54
PAY-20260604-0000542,TRP-20260604-0000542,20.10,stc_pay,settled,2026-06-04 14:41:09
PAY-20260604-0000543,TRP-20260604-0000543,31.56,mada,settled,2026-06-04 15:10:00
PAY-20260604-0000544,TRP-20260604-0000544,22.96,mada,settled,2026-06-04 05:37:49
PAY-20260604-0000545,TRP-20260604-0000545,35.19,cash,settled,2026-06-04 16:32:06
PAY-20260604-0000546,TRP-20260604-0000546,10.00,mada,settled,2026-06-04 17:17:41
PAY-20260604-0000547,TRP-20260604-0000547,18.89,cash,settled,2026-06-04 15:06:01
PAY-20260604-0000548,TRP-20260604-0000548,26.63,apple_pay,pending,2026-06-04 18:29:56
PAY-20260604-0000549,TRP-20260604-0000549,154.71,credit_card,settled,2026-06-04 18:13:02
PAY-20260604-0000550,TRP-20260604-0000550,37.55,mada,settled,2026-06-04 11:55:04
PAY-20260604-0000551,TRP-20260604-0000551,29.53,credit_card,settled,2026-06-05 03:20:39
PAY-20260604-0000553,TRP-20260604-0000553,20.92,mada,settled,2026-06-04 20:02:41
PAY-20260604-0000554,TRP-20260604-0000554,126.06,apple_pay,settled,2026-06-04 11:43:38
PAY-20260604-0000555,TRP-20260604-0000555,13.06,mada,settled,2026-06-04 07:22:26
PAY-20260604-0000556,TRP-20260604-0000556,63.12,mada,settled,2026-06-05 05:33:48
PAY-20260604-0000557,TRP-20260604-0000557,58.70,stc_pay,settled,2026-06-04 13:27:49
PAY-20260604-0000558,TRP-20260604-0000558,17.71,cash,settled,2026-06-04 19:32:09
PAY-20260604-0000559,TRP-20260604-0000559,31.73,cash,settled,2026-06-04 05:40:22
PAY-20260604-0000560,TRP-20260604-0000560,13.32,mada,settled,2026-06-05 08:23:02
PAY-20260604-0000561,TRP-20260604-0000561,32.67,mada,settled,2026-06-04 05:29:10
PAY-20260604-0000562,TRP-20260604-0000562,10.00,stc_pay,settled,2026-06-04 21:18:59
PAY-20260604-0000563,TRP-20260604-0000563,12.05,wallet,settled,2026-06-04 20:27:05
PAY-20260604-0000564,TRP-20260604-0000564,64.62,mada,settled,2026-06-04 16:34:57
PAY-20260604-0000566,TRP-20260604-0000566,26.28,wallet,failed,2026-06-04 23:21:17
PAY-20260604-0000567,TRP-20260604-0000567,105.33,apple_pay,settled,2026-06-04 11:17:23
PAY-20260604-0000568,TRP-20260604-0000568,57.75,credit_card,settled,2026-06-04 07:38:17
PAY-20260604-0000569,TRP-20260604-0000569,13.21,credit_card,settled,2026-06-04 16:30:19
PAY-20260604-0000570,TRP-20260604-0000570,16.17,mada,settled,2026-06-04 19:30:41
PAY-20260604-0000572,TRP-20260604-0000572,36.26,wallet,settled,2026-06-05 06:53:47
PAY-20260604-0000573,TRP-20260604-0000573,11.95,credit_card,settled,2026-06-04 12:10:24
PAY-20260604-0000574,TRP-20260604-0000574,18.87,mada,settled,2026-06-04 07:47:41
PAY-20260604-0000575,TRP-20260604-0000575,6.00,mada,settled,2026-06-05 02:54:01
PAY-20260604-0000576,TRP-20260604-0000576,17.27,mada,settled,2026-06-04 09:36:58
PAY-20260604-0000578,TRP-20260604-0000578,17.52,credit_card,settled,2026-06-04 17:12:38
PAY-20260604-0000579,TRP-20260604-0000579,16.80,apple_pay,settled,2026-06-05 01:01:53
PAY-20260604-0000580,TRP-20260604-0000580,21.73,mada,settled,2026-06-04 05:44:14
PAY-20260604-0000581,TRP-20260604-0000581,34.87,stc_pay,settled,2026-06-04 10:24:08
PAY-20260604-0000582,TRP-20260604-0000582,53.37,apple_pay,settled,2026-06-04 18:12:08
PAY-20260604-0000583,TRP-20260604-0000583,76.21,mada,settled,2026-06-04 17:17:27
PAY-20260604-0000584,TRP-20260604-0000584,32.67,mada,refunded,2026-06-04 07:15:24
PAY-20260604-0000585,TRP-20260604-0000585,18.55,mada,settled,2026-06-04 18:29:59
PAY-20260604-0000586,TRP-20260604-0000586,11.00,cash,settled,2026-06-04 18:30:54
PAY-20260604-0000587,TRP-20260604-0000587,69.31,wallet,settled,2026-06-04 17:30:06
PAY-20260604-0000588,TRP-20260604-0000588,30.76,cash,settled,2026-06-04 08:48:18
PAY-20260604-0000589,TRP-20260604-0000589,81.81,stc_pay,settled,2026-06-04 20:46:42
PAY-20260604-0000590,TRP-20260604-0000590,57.62,mada,settled,2026-06-05 16:46:46
PAY-20260604-0000591,TRP-20260604-0000591,33.94,apple_pay,settled,2026-06-04 11:43:17
PAY-20260604-0000592,TRP-20260604-0000592,52.53,stc_pay,settled,2026-06-04 17:26:14
PAY-20260604-0000593,TRP-20260604-0000593,101.36,mada,settled,2026-06-04 18:37:48
PAY-20260604-0000594,TRP-20260604-0000594,46.66,stc_pay,settled,2026-06-04 15:12:38
PAY-20260604-0000595,TRP-20260604-0000595,20.92,wallet,settled,2026-06-04 06:08:25
PAY-20260604-0000596,TRP-20260604-0000596,10.00,mada,settled,2026-06-04 13:49:14
PAY-20260604-0000597,TRP-20260604-0000597,24.78,mada,settled,2026-06-04 16:25:13
PAY-20260604-0000598,TRP-20260604-0000598,109.62,credit_card,settled,2026-06-04 20:06:09
PAY-20260604-0000599,TRP-20260604-0000599,25.21,mada,settled,2026-06-05 00:32:50
PAY-20260604-0000600,TRP-20260604-0000600,20.93,stc_pay,settled,2026-06-04 09:21:18
PAY-20260604-0000601,TRP-20260604-0000601,88.90,apple_pay,settled,2026-06-05 10:05:22
PAY-20260604-0000602,TRP-20260604-0000602,25.48,credit_card,settled,2026-06-04 18:40:54
PAY-20260604-0000603,TRP-20260604-0000603,43.51,mada,settled,2026-06-04 16:53:33
PAY-20260604-0000604,TRP-20260604-0000604,29.26,cash,settled,2026-06-04 01:38:26
PAY-20260604-0000605,TRP-20260604-0000605,39.04,credit_card,settled,2026-06-04 16:19:14
PAY-20260604-0000606,TRP-20260604-0000606,51.48,mada,settled,2026-06-04 12:13:23
PAY-20260604-0000607,TRP-20260604-0000607,25.21,cash,settled,2026-06-04 12:37:35
PAY-20260604-0000608,TRP-20260604-0000608,30.08,wallet,settled,2026-06-04 06:53:55
PAY-20260604-0000609,TRP-20260604-0000609,35.14,credit_card,settled,2026-06-05 04:55:29
PAY-20260604-0000610,TRP-20260604-0000610,77.38,mada,settled,2026-06-04 20:49:57
PAY-20260604-0000612,TRP-20260604-0000612,103.85,credit_card,settled,2026-06-05 18:02:16
PAY-20260604-0000613,TRP-20260604-0000613,32.20,mada,settled,2026-06-04 19:49:07
PAY-20260604-0000614,TRP-20260604-0000614,31.67,wallet,settled,2026-06-04 07:51:43
PAY-20260604-0000615,TRP-20260604-0000615,10.48,credit_card,settled,2026-06-04 11:24:11
PAY-20260604-0000616,TRP-20260604-0000616,32.05,stc_pay,settled,2026-06-04 13:50:10
PAY-20260604-0000617,TRP-20260604-0000617,44.84,mada,settled,2026-06-05 05:43:44
PAY-20260604-0000618,TRP-20260604-0000618,15.23,credit_card,settled,2026-06-04 19:12:30
PAY-20260604-0000619,TRP-20260604-0000619,95.16,apple_pay,settled,2026-06-04 09:52:53
PAY-20260604-0000620,TRP-20260604-0000620,61.07,apple_pay,settled,2026-06-04 18:05:36
PAY-20260604-0000621,TRP-20260604-0000621,12.00,mada,settled,2026-06-05 06:27:53
PAY-20260604-0000623,TRP-20260604-0000623,53.98,apple_pay,settled,2026-06-05 01:23:42
PAY-20260604-0000624,TRP-20260604-0000624,18.47,credit_card,settled,2026-06-05 00:26:34
PAY-20260604-0000625,TRP-20260604-0000625,51.62,cash,settled,2026-06-04 18:01:36
PAY-20260604-0000626,TRP-20260604-0000626,13.95,stc_pay,settled,2026-06-04 21:19:38
PAY-20260604-0000627,TRP-20260604-0000627,44.84,mada,settled,2026-06-04 12:24:51
PAY-20260604-0000628,TRP-20260604-0000628,64.48,mada,pending,2026-06-05 06:11:50
PAY-20260604-0000629,TRP-20260604-0000629,12.76,credit_card,failed,2026-06-05 08:59:42
PAY-20260604-0000631,TRP-20260604-0000631,15.76,mada,settled,2026-06-04 15:51:24
PAY-20260604-0000632,TRP-20260604-0000632,88.90,stc_pay,settled,2026-06-05 01:41:29
PAY-20260604-0000633,TRP-20260604-0000633,20.78,mada,settled,2026-06-04 19:19:37
PAY-20260604-0000634,TRP-20260604-0000634,62.50,wallet,settled,2026-06-04 17:51:48
PAY-20260604-0000635,TRP-20260604-0000635,28.97,apple_pay,settled,2026-06-04 19:46:17
PAY-20260604-0000636,TRP-20260604-0000636,10.00,credit_card,settled,2026-06-04 05:06:53
PAY-20260604-0000637,TRP-20260604-0000637,28.94,cash,settled,2026-06-04 19:41:28
PAY-20260604-0000638,TRP-20260604-0000638,20.63,mada,settled,2026-06-05 01:45:18
PAY-20260604-0000639,TRP-20260604-0000639,10.00,wallet,settled,2026-06-04 06:34:48
PAY-20260604-0000640,TRP-20260604-0000640,172.83,wallet,settled,2026-06-04 16:30:35
PAY-20260604-0000641,TRP-20260604-0000641,67.12,stc_pay,settled,2026-06-05 03:13:58
PAY-20260604-0000642,TRP-20260604-0000642,31.83,mada,settled,2026-06-04 06:15:00
PAY-20260604-0000643,TRP-20260604-0000643,85.96,apple_pay,settled,2026-06-04 06:38:24
PAY-20260604-0000644,TRP-20260604-0000644,33.43,cash,settled,2026-06-04 05:50:10
PAY-20260604-0000645,TRP-20260604-0000645,33.88,mada,settled,2026-06-04 05:00:51
PAY-20260604-0000646,TRP-20260604-0000646,27.14,stc_pay,settled,2026-06-04 12:04:58
PAY-20260604-0000647,TRP-20260604-0000647,14.71,apple_pay,settled,2026-06-04 05:35:08
PAY-20260604-0000648,TRP-20260604-0000648,60.52,mada,settled,2026-06-04 15:03:24
PAY-20260604-0000649,TRP-20260604-0000649,17.21,credit_card,settled,2026-06-04 19:44:43
PAY-20260604-0000650,TRP-20260604-0000650,12.37,mada,settled,2026-06-04 15:09:16
PAY-20260604-0000651,TRP-20260604-0000651,21.74,mada,settled,2026-06-04 19:56:22
PAY-20260604-0000652,TRP-20260604-0000652,36.44,apple_pay,settled,2026-06-04 13:02:56
PAY-20260604-0000653,TRP-20260604-0000653,14.42,credit_card,settled,2026-06-04 11:54:54
PAY-20260604-0000654,TRP-20260604-0000654,57.97,cash,settled,2026-06-04 07:22:20
PAY-20260604-0000655,TRP-20260604-0000655,36.26,mada,settled,2026-06-04 08:43:18
PAY-20260604-0000656,TRP-20260604-0000656,21.43,mada,settled,2026-06-04 06:42:00
PAY-20260604-0000657,TRP-20260604-0000657,53.87,apple_pay,settled,2026-06-04 22:28:18
PAY-20260604-0000658,TRP-20260604-0000658,36.84,stc_pay,settled,2026-06-04 03:57:05
PAY-20260604-0000659,TRP-20260604-0000659,36.03,wallet,settled,2026-06-03 23:11:56
PAY-20260604-0000660,TRP-20260604-0000660,26.59,wallet,settled,2026-06-04 17:18:33
PAY-20260604-0000661,TRP-20260604-0000661,25.53,mada,settled,2026-06-04 11:33:19
PAY-20260604-0000662,TRP-20260604-0000662,26.35,apple_pay,settled,2026-06-04 06:53:58
PAY-20260604-0000663,TRP-20260604-0000663,38.86,mada,settled,2026-06-04 16:30:22
PAY-20260604-0000664,TRP-20260604-0000664,23.18,stc_pay,settled,2026-06-04 06:48:56
PAY-20260604-0000665,TRP-20260604-0000665,28.52,stc_pay,settled,2026-06-05 05:46:31
PAY-20260604-0000666,TRP-20260604-0000666,32.55,mada,settled,2026-06-04 18:06:35
PAY-20260604-0000667,TRP-20260604-0000667,40.14,cash,settled,2026-06-04 14:36:45
PAY-20260604-0000668,TRP-20260604-0000668,46.56,mada,pending,2026-06-04 10:45:07
PAY-20260604-0000669,TRP-20260604-0000669,143.54,mada,settled,2026-06-04 06:51:53
PAY-20260604-0000670,TRP-20260604-0000670,39.58,apple_pay,settled,2026-06-04 03:41:20
PAY-20260604-0000671,TRP-20260604-0000671,40.18,apple_pay,settled,2026-06-04 15:55:01
PAY-20260604-0000672,TRP-20260604-0000672,36.90,credit_card,settled,2026-06-04 05:50:22
PAY-20260604-0000673,TRP-20260604-0000673,8.00,mada,settled,2026-06-04 17:17:01
PAY-20260604-0000674,TRP-20260604-0000674,40.81,cash,settled,2026-06-04 18:14:18
PAY-20260604-0000676,TRP-20260604-0000676,6.00,credit_card,settled,2026-06-04 08:46:25
PAY-20260604-0000677,TRP-20260604-0000677,129.55,wallet,settled,2026-06-04 17:08:14
PAY-20260604-0000678,TRP-20260604-0000678,41.73,mada,settled,2026-06-05 02:45:35
PAY-20260604-0000679,TRP-20260604-0000679,106.85,cash,settled,2026-06-04 17:03:36
PAY-20260604-0000680,TRP-20260604-0000680,30.80,wallet,settled,2026-06-04 07:37:42
PAY-20260604-0000681,TRP-20260604-0000681,35.14,stc_pay,settled,2026-06-05 13:11:57
PAY-20260604-0000682,TRP-20260604-0000682,14.22,stc_pay,settled,2026-06-04 15:54:22
PAY-20260604-0000683,TRP-20260604-0000683,8.00,credit_card,settled,2026-06-04 16:14:58
PAY-20260604-0000684,TRP-20260604-0000684,79.51,mada,settled,2026-06-05 02:31:22
PAY-20260604-0000685,TRP-20260604-0000685,24.45,mada,settled,2026-06-04 21:02:18
PAY-20260604-0000686,TRP-20260604-0000686,16.89,cash,settled,2026-06-04 14:35:58
PAY-20260604-0000687,TRP-20260604-0000687,25.73,stc_pay,settled,2026-06-04 18:24:52
PAY-20260604-0000688,TRP-20260604-0000688,29.70,cash,settled,2026-06-04 04:48:12
PAY-20260604-0000689,TRP-20260604-0000689,16.54,mada,settled,2026-06-04 19:45:42
PAY-20260604-0000690,TRP-20260604-0000690,14.85,credit_card,settled,2026-06-04 20:26:39
PAY-20260604-0000691,TRP-20260604-0000691,59.48,mada,settled,2026-06-05 06:13:26
PAY-20260604-0000692,TRP-20260604-0000692,55.65,cash,settled,2026-06-04 16:11:38
PAY-20260604-0000693,TRP-20260604-0000693,43.67,cash,settled,2026-06-04 17:58:44
PAY-20260604-0000694,TRP-20260604-0000694,71.57,cash,settled,2026-06-04 05:27:52
PAY-20260604-0000695,TRP-20260604-0000695,55.52,cash,settled,2026-06-04 05:52:16
PAY-20260604-0000696,TRP-20260604-0000696,114.23,credit_card,settled,2026-06-04 20:58:01
PAY-20260604-0000697,TRP-20260604-0000697,19.09,stc_pay,settled,2026-06-04 14:23:56
PAY-20260604-0000698,TRP-20260604-0000698,34.29,mada,failed,2026-06-04 10:23:57
PAY-20260604-0000699,TRP-20260604-0000699,48.73,mada,settled,2026-06-04 05:43:51
PAY-20260604-0000700,TRP-20260604-0000700,12.12,stc_pay,settled,2026-06-04 21:16:24
PAY-20260604-0000701,TRP-20260604-0000701,15.51,mada,settled,2026-06-03 23:53:42
PAY-20260604-0000702,TRP-20260604-0000702,19.82,mada,settled,2026-06-04 17:50:57
PAY-20260604-0000703,TRP-20260604-0000703,40.90,mada,settled,2026-06-04 06:59:35
PAY-20260604-0000704,TRP-20260604-0000704,42.39,mada,settled,2026-06-04 23:51:26
PAY-20260604-0000705,TRP-20260604-0000705,68.04,apple_pay,settled,2026-06-04 20:24:19
PAY-20260604-0000706,TRP-20260604-0000706,42.45,mada,settled,2026-06-04 12:13:43
PAY-20260604-0000707,TRP-20260604-0000707,27.38,stc_pay,settled,2026-06-04 15:47:24
PAY-20260604-0000708,TRP-20260604-0000708,38.45,stc_pay,settled,2026-06-04 22:39:39
PAY-20260604-0000709,TRP-20260604-0000709,10.00,mada,settled,2026-06-04 05:42:01
PAY-20260604-0000710,TRP-20260604-0000710,25.40,mada,settled,2026-06-04 22:47:21
PAY-20260604-0000711,TRP-20260604-0000711,33.81,apple_pay,settled,2026-06-04 07:38:25
PAY-20260604-0000712,TRP-20260604-0000712,17.08,apple_pay,settled,2026-06-04 06:37:56
PAY-20260604-0000713,TRP-20260604-0000713,63.48,credit_card,settled,2026-06-05 07:53:40
PAY-20260604-0000715,TRP-20260604-0000715,13.60,mada,settled,2026-06-04 17:54:18
PAY-20260604-0000716,TRP-20260604-0000716,59.96,mada,refunded,2026-06-04 20:26:52
PAY-20260604-0000717,TRP-20260604-0000717,12.62,credit_card,settled,2026-06-05 02:05:25
PAY-20260604-0000718,TRP-20260604-0000718,48.98,credit_card,pending,2026-06-04 18:57:35
PAY-20260604-0000719,TRP-20260604-0000719,65.36,credit_card,settled,2026-06-04 08:35:29
PAY-20260604-0000720,TRP-20260604-0000720,24.48,stc_pay,settled,2026-06-04 07:13:36
PAY-20260604-0000721,TRP-20260604-0000721,35.28,credit_card,settled,2026-06-04 15:45:31
PAY-20260604-0000722,TRP-20260604-0000722,59.10,wallet,settled,2026-06-04 17:05:27
PAY-20260604-0000723,TRP-20260604-0000723,47.08,cash,settled,2026-06-04 17:05:43
PAY-20260604-0000724,TRP-20260604-0000724,26.66,stc_pay,settled,2026-06-04 19:40:52
PAY-20260604-0000725,TRP-20260604-0000725,24.62,mada,settled,2026-06-04 12:12:15
PAY-20260604-0000726,TRP-20260604-0000726,33.98,mada,settled,2026-06-04 21:01:01
PAY-20260604-0000727,TRP-20260604-0000727,33.11,credit_card,settled,2026-06-04 11:46:51
PAY-20260604-0000728,TRP-20260604-0000728,17.87,mada,settled,2026-06-05 10:42:57
PAY-20260604-0000729,TRP-20260604-0000729,55.93,credit_card,settled,2026-06-04 15:04:22
PAY-20260604-0000730,TRP-20260604-0000730,123.99,wallet,settled,2026-06-04 16:53:17
PAY-20260604-0000731,TRP-20260604-0000731,12.00,credit_card,settled,2026-06-04 13:12:25
PAY-20260604-0000732,TRP-20260604-0000732,18.53,stc_pay,settled,2026-06-05 01:48:34
PAY-20260604-0000735,TRP-20260604-0000735,17.11,mada,settled,2026-06-04 05:51:22
PAY-20260604-0000736,TRP-20260604-0000736,55.01,mada,settled,2026-06-04 20:27:12
PAY-20260604-0000738,TRP-20260604-0000738,93.68,mada,settled,2026-06-05 09:32:06
PAY-20260604-0000739,TRP-20260604-0000739,39.20,mada,settled,2026-06-04 06:39:32
PAY-20260604-0000740,TRP-20260604-0000740,18.98,apple_pay,settled,2026-06-04 11:53:51
PAY-20260604-0000741,TRP-20260604-0000741,56.28,mada,settled,2026-06-04 03:36:36
PAY-20260604-0000742,TRP-20260604-0000742,22.28,apple_pay,settled,2026-06-04 09:11:36
PAY-20260604-0000743,TRP-20260604-0000743,75.11,wallet,settled,2026-06-04 06:39:13
PAY-20260604-0000744,TRP-20260604-0000744,50.47,cash,settled,2026-06-04 20:07:14
PAY-20260604-0000745,TRP-20260604-0000745,73.86,cash,settled,2026-06-04 16:50:02
PAY-20260604-0000746,TRP-20260604-0000746,20.13,mada,settled,2026-06-05 01:17:35
PAY-20260604-0000747,TRP-20260604-0000747,70.14,credit_card,settled,2026-06-03 22:42:06
PAY-20260604-0000748,TRP-20260604-0000748,32.36,cash,settled,2026-06-04 18:56:19
PAY-20260604-0000749,TRP-20260604-0000749,14.91,mada,settled,2026-06-04 20:02:48
PAY-20260604-0000750,TRP-20260604-0000750,53.22,cash,settled,2026-06-04 15:06:12
PAY-20260604-0000751,TRP-20260604-0000751,42.74,mada,settled,2026-06-04 01:54:48
PAY-20260604-0000752,TRP-20260604-0000752,6.00,mada,settled,2026-06-04 21:04:21
PAY-20260604-0000753,TRP-20260604-0000753,25.66,mada,settled,2026-06-04 13:19:07
PAY-20260604-0000755,TRP-20260604-0000755,22.55,credit_card,settled,2026-06-05 10:04:51
PAY-20260604-0000756,TRP-20260604-0000756,106.58,cash,settled,2026-06-04 18:42:12
PAY-20260604-0000758,TRP-20260604-0000758,197.57,mada,settled,2026-06-04 17:23:11
PAY-20260604-0000759,TRP-20260604-0000759,23.58,apple_pay,settled,2026-06-05 03:25:07
PAY-20260604-0000760,TRP-20260604-0000760,27.73,credit_card,settled,2026-06-04 17:49:21
PAY-20260604-0000761,TRP-20260604-0000761,8.00,mada,settled,2026-06-04 01:23:30
PAY-20260604-0000762,TRP-20260604-0000762,34.42,credit_card,settled,2026-06-04 04:40:27
PAY-20260604-0000763,TRP-20260604-0000763,39.57,apple_pay,settled,2026-06-04 14:21:12
PAY-20260604-0000764,TRP-20260604-0000764,14.10,mada,settled,2026-06-04 09:19:30
PAY-20260604-0000765,TRP-20260604-0000765,66.10,cash,settled,2026-06-04 19:17:04
PAY-20260604-0000766,TRP-20260604-0000766,18.22,apple_pay,settled,2026-06-04 05:20:00
PAY-20260604-0000767,TRP-20260604-0000767,25.80,mada,settled,2026-06-05 02:18:49
PAY-20260604-0000768,TRP-20260604-0000768,11.24,credit_card,settled,2026-06-04 14:54:03
PAY-20260604-0000769,TRP-20260604-0000769,65.30,apple_pay,pending,2026-06-04 06:59:18
PAY-20260604-0000770,TRP-20260604-0000770,53.36,cash,settled,2026-06-04 06:13:04
PAY-20260604-0000771,TRP-20260604-0000771,42.15,mada,settled,2026-06-05 14:47:20
PAY-20260604-0000772,TRP-20260604-0000772,114.01,stc_pay,settled,2026-06-04 19:38:35
PAY-20260604-0000773,TRP-20260604-0000773,16.70,mada,settled,2026-06-04 08:45:31
PAY-20260604-0000774,TRP-20260604-0000774,15.42,mada,settled,2026-06-05 14:30:50
PAY-20260604-0000775,TRP-20260604-0000775,17.15,cash,settled,2026-06-04 07:07:07
PAY-20260604-0000776,TRP-20260604-0000776,73.51,credit_card,settled,2026-06-04 09:23:47
PAY-20260604-0000777,TRP-20260604-0000777,19.39,credit_card,settled,2026-06-05 09:46:47
PAY-20260604-0000778,TRP-20260604-0000778,13.55,stc_pay,settled,2026-06-04 10:25:58
PAY-20260604-0000780,TRP-20260604-0000780,38.99,cash,settled,2026-06-04 16:18:59
PAY-20260604-0000781,TRP-20260604-0000781,59.27,stc_pay,settled,2026-06-04 16:24:21
PAY-20260604-0000782,TRP-20260604-0000782,88.44,mada,settled,2026-06-05 05:23:00
PAY-20260604-0000783,TRP-20260604-0000783,16.88,mada,settled,2026-06-04 08:40:02
PAY-20260604-0000784,TRP-20260604-0000784,29.50,mada,settled,2026-06-04 15:48:25
PAY-20260604-0000785,TRP-20260604-0000785,30.51,cash,settled,2026-06-04 15:19:00
PAY-20260604-0000786,TRP-20260604-0000786,47.27,mada,settled,2026-06-04 17:36:48
PAY-20260604-0000787,TRP-20260604-0000787,40.23,wallet,settled,2026-06-04 21:28:12
PAY-20260604-0000789,TRP-20260604-0000789,12.00,apple_pay,settled,2026-06-04 11:45:30
PAY-20260604-0000790,TRP-20260604-0000790,10.00,mada,settled,2026-06-04 16:13:42
PAY-20260604-0000792,TRP-20260604-0000792,63.45,credit_card,settled,2026-06-04 12:47:27
PAY-20260604-0000793,TRP-20260604-0000793,29.07,stc_pay,settled,2026-06-04 08:08:43
PAY-20260604-0000794,TRP-20260604-0000794,29.72,apple_pay,settled,2026-06-04 06:40:13
PAY-20260604-0000795,TRP-20260604-0000795,18.33,stc_pay,settled,2026-06-04 17:36:29
PAY-20260604-0000796,TRP-20260604-0000796,70.91,mada,settled,2026-06-04 06:24:26
PAY-20260604-0000797,TRP-20260604-0000797,59.25,cash,settled,2026-06-04 12:43:13
PAY-20260604-0000798,TRP-20260604-0000798,25.10,mada,settled,2026-06-05 16:34:52
PAY-20260604-0000799,TRP-20260604-0000799,20.31,credit_card,settled,2026-06-04 20:02:35
PAY-20260604-0000800,TRP-20260604-0000800,17.16,mada,settled,2026-06-04 11:56:52
PAY-20260604-0000801,TRP-20260604-0000801,48.49,mada,settled,2026-06-04 22:59:22
PAY-20260604-0000802,TRP-20260604-0000802,14.45,cash,settled,2026-06-04 18:12:05
PAY-20260604-0000803,TRP-20260604-0000803,46.03,mada,settled,2026-06-04 11:41:39
PAY-20260604-0000804,TRP-20260604-0000804,23.40,mada,settled,2026-06-04 05:27:31
PAY-20260604-0000805,TRP-20260604-0000805,36.64,mada,settled,2026-06-04 19:04:07
PAY-20260604-0000806,TRP-20260604-0000806,101.00,credit_card,settled,2026-06-04 10:21:30
PAY-20260604-0000807,TRP-20260604-0000807,19.08,credit_card,pending,2026-06-04 16:35:37
PAY-20260604-0000808,TRP-20260604-0000808,24.87,wallet,settled,2026-06-04 05:45:07
PAY-20260604-0000809,TRP-20260604-0000809,38.59,cash,settled,2026-06-04 07:26:35
PAY-20260604-0000810,TRP-20260604-0000810,12.00,wallet,settled,2026-06-04 09:16:36
PAY-20260604-0000811,TRP-20260604-0000811,33.36,mada,settled,2026-06-04 15:49:21
PAY-20260604-0000812,TRP-20260604-0000812,22.43,cash,settled,2026-06-04 16:38:52
PAY-20260604-0000813,TRP-20260604-0000813,15.09,credit_card,settled,2026-06-04 20:30:03
PAY-20260604-0000814,TRP-20260604-0000814,26.22,credit_card,settled,2026-06-04 16:26:02
PAY-20260604-0000815,TRP-20260604-0000815,24.68,cash,settled,2026-06-04 10:14:54
PAY-20260604-0000816,TRP-20260604-0000816,20.47,mada,settled,2026-06-04 16:46:07
PAY-20260604-0000817,TRP-20260604-0000817,50.31,stc_pay,settled,2026-06-04 14:38:18
PAY-20260604-0000818,TRP-20260604-0000818,34.02,stc_pay,settled,2026-06-04 10:00:45
PAY-20260604-0000819,TRP-20260604-0000819,31.29,mada,pending,2026-06-04 05:46:14
PAY-20260604-0000820,TRP-20260604-0000820,21.82,cash,settled,2026-06-04 08:33:35
PAY-20260604-0000821,TRP-20260604-0000821,13.53,mada,settled,2026-06-04 13:33:21
PAY-20260604-0000822,TRP-20260604-0000822,146.78,cash,settled,2026-06-04 12:57:00
PAY-20260604-0000823,TRP-20260604-0000823,22.40,stc_pay,settled,2026-06-04 13:07:50
PAY-20260604-0000824,TRP-20260604-0000824,6.00,apple_pay,settled,2026-06-04 21:59:50
PAY-20260604-0000825,TRP-20260604-0000825,48.25,credit_card,settled,2026-06-04 08:49:13
PAY-20260604-0000826,TRP-20260604-0000826,19.63,stc_pay,settled,2026-06-05 11:19:55
PAY-20260604-0000827,TRP-20260604-0000827,40.98,credit_card,settled,2026-06-04 15:50:45
PAY-20260604-0000828,TRP-20260604-0000828,20.36,wallet,settled,2026-06-04 08:49:00
PAY-20260604-0000829,TRP-20260604-0000829,23.66,credit_card,settled,2026-06-04 13:00:40
PAY-20260604-0000830,TRP-20260604-0000830,54.54,credit_card,settled,2026-06-04 17:45:26
PAY-20260604-0000831,TRP-20260604-0000831,24.93,apple_pay,settled,2026-06-04 06:25:09
PAY-20260604-0000832,TRP-20260604-0000832,33.16,credit_card,settled,2026-06-05 04:17:12
PAY-20260604-0000833,TRP-20260604-0000833,55.91,credit_card,settled,2026-06-04 19:57:37
PAY-20260604-0000834,TRP-20260604-0000834,39.11,mada,settled,2026-06-04 18:28:17
PAY-20260604-0000835,TRP-20260604-0000835,68.17,credit_card,settled,2026-06-04 05:34:46
PAY-20260604-0000836,TRP-20260604-0000836,19.09,mada,failed,2026-06-05 03:52:31
PAY-20260604-0000837,TRP-20260604-0000837,67.03,cash,settled,2026-06-04 17:35:28
PAY-20260604-0000838,TRP-20260604-0000838,25.37,wallet,pending,2026-06-04 06:02:05
PAY-20260604-0000839,TRP-20260604-0000839,25.83,cash,settled,2026-06-04 09:06:10
PAY-20260604-0000840,TRP-20260604-0000840,36.67,credit_card,settled,2026-06-05 08:44:14
PAY-20260604-0000841,TRP-20260604-0000841,91.12,stc_pay,settled,2026-06-04 14:58:09
PAY-20260604-0000842,TRP-20260604-0000842,25.03,credit_card,settled,2026-06-03 22:20:46
PAY-20260604-0000843,TRP-20260604-0000843,14.26,mada,settled,2026-06-04 07:40:13
PAY-20260604-0000844,TRP-20260604-0000844,64.15,wallet,settled,2026-06-04 19:07:30
PAY-20260604-0000845,TRP-20260604-0000845,47.70,mada,settled,2026-06-04 18:39:01
PAY-20260604-0000846,TRP-20260604-0000846,8.00,mada,failed,2026-06-04 14:36:47
PAY-20260604-0000847,TRP-20260604-0000847,63.90,mada,settled,2026-06-04 23:31:07
PAY-20260604-0000848,TRP-20260604-0000848,13.63,cash,settled,2026-06-04 14:58:11
PAY-20260604-0000849,TRP-20260604-0000849,13.12,apple_pay,settled,2026-06-04 11:55:06
PAY-20260604-0000850,TRP-20260604-0000850,23.97,apple_pay,settled,2026-06-04 12:03:17
PAY-20260604-0000851,TRP-20260604-0000851,26.77,apple_pay,settled,2026-06-04 07:27:58
PAY-20260604-0000852,TRP-20260604-0000852,106.81,apple_pay,settled,2026-06-04 15:57:49
PAY-20260604-0000853,TRP-20260604-0000853,22.82,mada,settled,2026-06-04 05:16:09
PAY-20260604-0000854,TRP-20260604-0000854,14.56,wallet,settled,2026-06-04 19:58:19
PAY-20260604-0000855,TRP-20260604-0000855,28.06,mada,settled,2026-06-05 16:11:45
PAY-20260604-0000857,TRP-20260604-0000857,26.10,cash,settled,2026-06-04 17:30:31
PAY-20260604-0000858,TRP-20260604-0000858,32.42,credit_card,settled,2026-06-04 14:26:44
PAY-20260604-0000859,TRP-20260604-0000859,74.69,stc_pay,settled,2026-06-04 12:33:37
PAY-20260604-0000861,TRP-20260604-0000861,37.69,credit_card,settled,2026-06-04 17:16:57
PAY-20260604-0000862,TRP-20260604-0000862,51.51,mada,settled,2026-06-04 19:26:14
PAY-20260604-0000863,TRP-20260604-0000863,19.64,mada,settled,2026-06-04 22:55:19
PAY-20260604-0000864,TRP-20260604-0000864,13.51,stc_pay,settled,2026-06-04 18:13:30
PAY-20260604-0000865,TRP-20260604-0000865,25.48,mada,settled,2026-06-04 12:42:54
PAY-20260604-0000866,TRP-20260604-0000866,22.32,wallet,settled,2026-06-04 17:17:09
PAY-20260604-0000867,TRP-20260604-0000867,62.84,mada,settled,2026-06-05 10:02:25
PAY-20260604-0000868,TRP-20260604-0000868,21.90,mada,settled,2026-06-04 14:10:35
PAY-20260604-0000869,TRP-20260604-0000869,98.01,mada,settled,2026-06-04 20:03:53
PAY-20260604-0000870,TRP-20260604-0000870,90.46,credit_card,settled,2026-06-04 11:55:42
PAY-20260604-0000871,TRP-20260604-0000871,35.57,mada,failed,2026-06-04 17:04:31
PAY-20260604-0000872,TRP-20260604-0000872,21.91,mada,settled,2026-06-04 00:57:29
PAY-20260604-0000873,TRP-20260604-0000873,46.42,mada,settled,2026-06-05 04:01:21
PAY-20260604-0000874,TRP-20260604-0000874,11.67,apple_pay,settled,2026-06-04 09:58:33
PAY-20260604-0000875,TRP-20260604-0000875,46.49,wallet,settled,2026-06-04 14:24:19
PAY-20260604-0000876,TRP-20260604-0000876,35.80,mada,settled,2026-06-04 16:49:57
PAY-20260604-0000877,TRP-20260604-0000877,34.85,cash,settled,2026-06-04 17:26:36
PAY-20260604-0000878,TRP-20260604-0000878,16.61,mada,settled,2026-06-05 20:13:55
PAY-20260604-0000879,TRP-20260604-0000879,10.00,cash,settled,2026-06-04 08:26:33
PAY-20260604-0000880,TRP-20260604-0000880,35.59,apple_pay,settled,2026-06-04 04:59:55
PAY-20260604-0000881,TRP-20260604-0000881,57.80,cash,settled,2026-06-04 18:53:30
PAY-20260604-0000882,TRP-20260604-0000882,28.88,credit_card,failed,2026-06-04 20:45:58
PAY-20260604-0000883,TRP-20260604-0000883,10.01,wallet,settled,2026-06-04 04:51:02
PAY-20260604-0000884,TRP-20260604-0000884,26.73,cash,settled,2026-06-04 15:40:24
PAY-20260604-0000885,TRP-20260604-0000885,20.73,credit_card,settled,2026-06-04 13:03:45
PAY-20260604-0000886,TRP-20260604-0000886,18.90,apple_pay,settled,2026-06-04 16:55:18
PAY-20260604-0000887,TRP-20260604-0000887,40.03,apple_pay,settled,2026-06-04 06:32:50
PAY-20260604-0000888,TRP-20260604-0000888,29.55,mada,settled,2026-06-04 10:30:19
PAY-20260604-0000889,TRP-20260604-0000889,74.84,credit_card,settled,2026-06-04 08:32:11
PAY-20260604-0000890,TRP-20260604-0000890,73.98,cash,settled,2026-06-04 08:48:32
PAY-20260604-0000891,TRP-20260604-0000891,16.28,apple_pay,settled,2026-06-05 06:49:22
PAY-20260604-0000892,TRP-20260604-0000892,6.00,mada,settled,2026-06-05 03:22:45
PAY-20260604-0000893,TRP-20260604-0000893,67.13,credit_card,settled,2026-06-04 17:06:44
PAY-20260604-0000894,TRP-20260604-0000894,20.10,mada,settled,2026-06-04 09:35:56
PAY-20260604-0000895,TRP-20260604-0000895,86.10,credit_card,settled,2026-06-04 06:00:57
PAY-20260604-0000896,TRP-20260604-0000896,20.70,mada,settled,2026-06-04 18:08:27
PAY-20260604-0000897,TRP-20260604-0000897,29.86,apple_pay,settled,2026-06-04 15:56:29
PAY-20260604-0000898,TRP-20260604-0000898,185.78,credit_card,settled,2026-06-04 20:43:19
PAY-20260604-0000899,TRP-20260604-0000899,64.66,cash,settled,2026-06-04 08:43:48
PAY-20260604-0000901,TRP-20260604-0000901,32.03,stc_pay,settled,2026-06-04 19:48:26
PAY-20260604-0000902,TRP-20260604-0000902,12.00,apple_pay,settled,2026-06-04 05:45:39
PAY-20260604-0000903,TRP-20260604-0000903,27.48,apple_pay,settled,2026-06-04 05:33:38
PAY-20260604-0000904,TRP-20260604-0000904,6.00,mada,pending,2026-06-04 10:26:14
PAY-20260604-0000905,TRP-20260604-0000905,35.44,cash,settled,2026-06-04 15:24:21
PAY-20260604-0000906,TRP-20260604-0000906,36.48,mada,settled,2026-06-04 17:30:51
PAY-20260604-0000907,TRP-20260604-0000907,12.00,mada,settled,2026-06-04 13:07:40
PAY-20260604-0000908,TRP-20260604-0000908,20.53,apple_pay,settled,2026-06-05 01:02:24
PAY-20260604-0000909,TRP-20260604-0000909,111.89,mada,settled,2026-06-04 16:17:23
PAY-20260604-0000910,TRP-20260604-0000910,52.43,mada,failed,2026-06-04 21:27:13
PAY-20260604-0000911,TRP-20260604-0000911,21.59,apple_pay,settled,2026-06-04 09:23:22
PAY-20260604-0000912,TRP-20260604-0000912,47.12,apple_pay,settled,2026-06-05 01:07:18
PAY-20260604-0000913,TRP-20260604-0000913,12.00,mada,settled,2026-06-03 21:23:10
PAY-20260604-0000914,TRP-20260604-0000914,25.19,mada,settled,2026-06-03 22:15:20
PAY-20260604-0000915,TRP-20260604-0000915,75.27,apple_pay,settled,2026-06-04 18:52:38
PAY-20260604-0000916,TRP-20260604-0000916,12.00,credit_card,settled,2026-06-05 14:24:07
PAY-20260604-0000917,TRP-20260604-0000917,25.56,mada,settled,2026-06-04 11:49:10
PAY-20260604-0000918,TRP-20260604-0000918,47.00,cash,settled,2026-06-04 07:18:22
PAY-20260604-0000919,TRP-20260604-0000919,35.93,stc_pay,settled,2026-06-04 08:09:17
PAY-20260604-0000920,TRP-20260604-0000920,45.45,mada,settled,2026-06-04 19:09:14
PAY-20260604-0000921,TRP-20260604-0000921,12.80,credit_card,settled,2026-06-04 13:27:43
PAY-20260604-0000922,TRP-20260604-0000922,35.15,mada,settled,2026-06-04 05:38:59
PAY-20260604-0000923,TRP-20260604-0000923,17.45,mada,settled,2026-06-04 13:47:08
PAY-20260604-0000924,TRP-20260604-0000924,16.80,apple_pay,settled,2026-06-04 17:31:54
PAY-20260604-0000925,TRP-20260604-0000925,6.00,apple_pay,settled,2026-06-05 12:24:36
PAY-20260604-0000926,TRP-20260604-0000926,131.04,cash,settled,2026-06-04 10:58:03
PAY-20260604-0000927,TRP-20260604-0000927,137.73,apple_pay,failed,2026-06-05 13:28:01
PAY-20260604-0000928,TRP-20260604-0000928,31.77,credit_card,settled,2026-06-04 16:47:32
PAY-20260604-0000929,TRP-20260604-0000929,11.00,mada,settled,2026-06-05 07:38:34
PAY-20260604-0000930,TRP-20260604-0000930,55.19,apple_pay,settled,2026-06-04 06:27:44
PAY-20260604-0000932,TRP-20260604-0000932,14.30,cash,settled,2026-06-04 13:33:19
PAY-20260604-0000933,TRP-20260604-0000933,10.00,mada,settled,2026-06-04 16:15:03
PAY-20260604-0000934,TRP-20260604-0000934,6.00,wallet,settled,2026-06-04 19:22:52
PAY-20260604-0000935,TRP-20260604-0000935,30.28,mada,settled,2026-06-04 10:14:33
PAY-20260604-0000936,TRP-20260604-0000936,41.60,cash,settled,2026-06-04 11:46:34
PAY-20260604-0000937,TRP-20260604-0000937,79.96,apple_pay,settled,2026-06-05 08:15:35
PAY-20260604-0000938,TRP-20260604-0000938,68.42,wallet,settled,2026-06-04 14:00:55
PAY-20260604-0000939,TRP-20260604-0000939,80.82,mada,settled,2026-06-04 16:54:28
PAY-20260604-0000940,TRP-20260604-0000940,24.33,apple_pay,settled,2026-06-04 22:21:49
PAY-20260604-0000941,TRP-20260604-0000941,8.00,credit_card,settled,2026-06-05 01:42:15
PAY-20260604-0000942,TRP-20260604-0000942,27.01,mada,settled,2026-06-04 17:43:12
PAY-20260604-0000943,TRP-20260604-0000943,41.51,apple_pay,settled,2026-06-04 17:17:24
PAY-20260604-0000944,TRP-20260604-0000944,37.58,mada,settled,2026-06-04 16:31:23
PAY-20260604-0000945,TRP-20260604-0000945,68.51,mada,pending,2026-06-05 00:11:15
PAY-20260604-0000946,TRP-20260604-0000946,30.54,credit_card,settled,2026-06-04 21:58:30
PAY-20260604-0000947,TRP-20260604-0000947,17.15,cash,settled,2026-06-04 08:08:48
PAY-20260604-0000948,TRP-20260604-0000948,24.28,mada,settled,2026-06-04 14:21:54
PAY-20260604-0000949,TRP-20260604-0000949,36.91,wallet,settled,2026-06-04 07:00:49
PAY-20260604-0000950,TRP-20260604-0000950,26.08,mada,settled,2026-06-04 07:08:58
PAY-20260604-0000951,TRP-20260604-0000951,38.62,cash,settled,2026-06-04 07:59:55
PAY-20260604-0000952,TRP-20260604-0000952,10.00,stc_pay,settled,2026-06-04 09:55:14
PAY-20260604-0000953,TRP-20260604-0000953,25.96,credit_card,settled,2026-06-04 06:31:15
PAY-20260604-0000954,TRP-20260604-0000954,49.98,apple_pay,settled,2026-06-04 19:20:40
PAY-20260604-0000955,TRP-20260604-0000955,17.08,stc_pay,settled,2026-06-04 18:40:14
PAY-20260604-0000956,TRP-20260604-0000956,86.99,stc_pay,settled,2026-06-04 18:47:10
PAY-20260604-0000957,TRP-20260604-0000957,29.83,mada,settled,2026-06-05 06:43:50
PAY-20260604-0000958,TRP-20260604-0000958,31.92,credit_card,settled,2026-06-04 15:37:51
PAY-20260604-0000959,TRP-20260604-0000959,20.55,mada,settled,2026-06-04 19:02:46
PAY-20260604-0000960,TRP-20260604-0000960,22.82,wallet,settled,2026-06-04 21:37:15
PAY-20260604-0000961,TRP-20260604-0000961,12.03,credit_card,settled,2026-06-04 15:00:32
PAY-20260604-0000962,TRP-20260604-0000962,42.00,apple_pay,settled,2026-06-04 20:10:48
PAY-20260604-0000963,TRP-20260604-0000963,100.23,cash,settled,2026-06-04 16:39:08
PAY-20260604-0000965,TRP-20260604-0000965,90.49,credit_card,settled,2026-06-04 07:30:23
PAY-20260604-0000966,TRP-20260604-0000966,85.82,mada,settled,2026-06-04 16:50:42
PAY-20260604-0000967,TRP-20260604-0000967,22.88,stc_pay,settled,2026-06-04 16:09:30
PAY-20260604-0000968,TRP-20260604-0000968,33.16,mada,settled,2026-06-04 13:56:43
PAY-20260604-0000969,TRP-20260604-0000969,8.00,mada,settled,2026-06-04 15:09:46
PAY-20260604-0000970,TRP-20260604-0000970,72.65,mada,settled,2026-06-05 15:40:04
PAY-20260604-0000971,TRP-20260604-0000971,82.25,credit_card,settled,2026-06-04 21:45:16
PAY-20260604-0000972,TRP-20260604-0000972,6.00,cash,settled,2026-06-04 12:46:15
PAY-20260604-0000973,TRP-20260604-0000973,14.94,cash,settled,2026-06-03 23:32:34
PAY-20260604-0000974,TRP-20260604-0000974,145.50,wallet,settled,2026-06-04 13:53:29
PAY-20260604-0000975,TRP-20260604-0000975,11.68,cash,settled,2026-06-04 10:44:04
PAY-20260604-0000976,TRP-20260604-0000976,54.05,mada,settled,2026-06-04 20:14:29
PAY-20260604-0000977,TRP-20260604-0000977,16.76,mada,settled,2026-06-04 13:32:43
PAY-20260604-0000978,TRP-20260604-0000978,50.73,apple_pay,settled,2026-06-04 18:34:36
PAY-20260604-0000979,TRP-20260604-0000979,123.72,credit_card,settled,2026-06-04 11:08:05
PAY-20260604-0000980,TRP-20260604-0000980,43.66,mada,settled,2026-06-04 21:18:52
PAY-20260604-0000981,TRP-20260604-0000981,14.89,credit_card,settled,2026-06-04 05:26:46
PAY-20260604-0000982,TRP-20260604-0000982,24.05,credit_card,settled,2026-06-05 20:33:30
PAY-20260604-0000983,TRP-20260604-0000983,32.80,mada,settled,2026-06-04 08:46:46
PAY-20260604-0000984,TRP-20260604-0000984,65.97,cash,settled,2026-06-04 09:22:36
PAY-20260604-0000985,TRP-20260604-0000985,37.06,apple_pay,pending,2026-06-04 14:47:38
PAY-20260604-0000986,TRP-20260604-0000986,22.20,credit_card,settled,2026-06-04 20:20:32
PAY-20260604-0000987,TRP-20260604-0000987,42.24,mada,settled,2026-06-04 04:18:21
PAY-20260604-0000988,TRP-20260604-0000988,43.65,mada,settled,2026-06-04 11:21:12
PAY-20260604-0000989,TRP-20260604-0000989,95.96,stc_pay,settled,2026-06-04 16:51:43
PAY-20260604-0000990,TRP-20260604-0000990,18.02,mada,settled,2026-06-04 09:31:54
PAY-20260604-0000991,TRP-20260604-0000991,26.04,mada,settled,2026-06-04 13:00:56
PAY-20260604-0000992,TRP-20260604-0000992,43.76,wallet,settled,2026-06-04 11:31:57
PAY-20260604-0000993,TRP-20260604-0000993,17.97,credit_card,settled,2026-06-04 04:45:45
PAY-20260604-0000994,TRP-20260604-0000994,29.19,mada,settled,2026-06-04 13:01:35
PAY-20260604-0000995,TRP-20260604-0000995,16.81,mada,settled,2026-06-04 09:07:16
PAY-20260604-0000996,TRP-20260604-0000996,19.09,stc_pay,settled,2026-06-05 13:27:17
PAY-20260604-0000997,TRP-20260604-0000997,20.35,mada,settled,2026-06-04 09:21:25
PAY-20260604-0000998,TRP-20260604-0000998,30.83,stc_pay,settled,2026-06-04 20:39:02
PAY-20260604-0000999,TRP-20260604-0000999,48.29,credit_card,settled,2026-06-04 16:57:08
PAY-20260604-0001000,TRP-20260604-0001000,32.00,cash,settled,2026-06-04 11:02:37
PAY-20260604-0001001,TRP-20260604-0001001,59.80,apple_pay,settled,2026-06-04 14:11:08
PAY-20260604-0001002,TRP-20260604-0001002,101.11,mada,settled,2026-06-04 17:16:20
PAY-20260604-0001003,TRP-20260604-0001003,17.85,stc_pay,settled,2026-06-04 03:46:38
PAY-20260604-0001004,TRP-20260604-0001004,39.95,cash,settled,2026-06-04 04:37:06
PAY-20260604-0001005,TRP-20260604-0001005,54.19,credit_card,settled,2026-06-05 02:42:05
PAY-20260604-0001006,TRP-20260604-0001006,57.78,mada,settled,2026-06-05 08:02:45
PAY-20260604-0001007,TRP-20260604-0001007,52.59,mada,settled,2026-06-05 18:44:38
PAY-20260604-0001008,TRP-20260604-0001008,57.80,apple_pay,settled,2026-06-05 04:06:11
PAY-20260604-0001009,TRP-20260604-0001009,49.15,cash,settled,2026-06-04 17:55:04
PAY-20260604-0001010,TRP-20260604-0001010,39.89,mada,settled,2026-06-05 15:31:00
PAY-20260604-0001011,TRP-20260604-0001011,18.50,mada,settled,2026-06-04 09:17:52
PAY-20260604-0001012,TRP-20260604-0001012,39.65,cash,settled,2026-06-04 13:52:54
PAY-20260604-0001013,TRP-20260604-0001013,33.28,mada,settled,2026-06-05 06:52:44
PAY-20260604-0001014,TRP-20260604-0001014,6.00,mada,settled,2026-06-04 09:50:27
PAY-20260604-0001015,TRP-20260604-0001015,50.91,mada,settled,2026-06-04 10:51:18
PAY-20260604-0001016,TRP-20260604-0001016,43.54,stc_pay,settled,2026-06-04 16:02:25
PAY-20260604-0001017,TRP-20260604-0001017,60.02,cash,settled,2026-06-04 08:33:27
PAY-20260604-0001018,TRP-20260604-0001018,24.15,mada,settled,2026-06-04 16:29:16
PAY-20260604-0001019,TRP-20260604-0001019,17.37,mada,settled,2026-06-04 14:18:21
PAY-20260604-0001020,TRP-20260604-0001020,32.78,stc_pay,settled,2026-06-05 06:54:56
PAY-20260604-0001021,TRP-20260604-0001021,95.97,mada,settled,2026-06-05 03:21:52
PAY-20260604-0001022,TRP-20260604-0001022,15.30,cash,settled,2026-06-04 15:23:45
PAY-20260604-0001024,TRP-20260604-0001024,97.77,cash,settled,2026-06-04 19:39:58
PAY-20260604-0001025,TRP-20260604-0001025,35.18,mada,settled,2026-06-04 15:29:11
PAY-20260604-0001026,TRP-20260604-0001026,33.79,credit_card,settled,2026-06-04 15:42:02
PAY-20260604-0001027,TRP-20260604-0001027,26.49,mada,settled,2026-06-04 19:09:42
PAY-20260604-0001028,TRP-20260604-0001028,77.91,apple_pay,settled,2026-06-04 16:03:55
PAY-20260604-0001029,TRP-20260604-0001029,31.61,mada,settled,2026-06-04 06:58:16
PAY-20260604-0001030,TRP-20260604-0001030,57.12,apple_pay,settled,2026-06-04 16:33:53
PAY-20260604-0001031,TRP-20260604-0001031,24.29,apple_pay,settled,2026-06-04 22:03:13
PAY-20260604-0001032,TRP-20260604-0001032,23.41,apple_pay,settled,2026-06-04 18:44:09
PAY-20260604-0001033,TRP-20260604-0001033,34.80,cash,settled,2026-06-04 20:56:43
PAY-20260604-0001034,TRP-20260604-0001034,43.63,credit_card,settled,2026-06-04 05:44:05
PAY-20260604-0001035,TRP-20260604-0001035,12.00,apple_pay,settled,2026-06-04 10:28:49
PAY-20260604-0001036,TRP-20260604-0001036,8.00,wallet,settled,2026-06-04 16:14:09
PAY-20260604-0001037,TRP-20260604-0001037,35.82,apple_pay,settled,2026-06-05 19:00:51
PAY-20260604-0001038,TRP-20260604-0001038,23.21,mada,settled,2026-06-04 19:32:29
PAY-20260604-0001039,TRP-20260604-0001039,55.00,apple_pay,settled,2026-06-04 18:58:23
PAY-20260604-0001040,TRP-20260604-0001040,15.16,mada,settled,2026-06-04 12:29:31
PAY-20260604-0001041,TRP-20260604-0001041,26.64,mada,settled,2026-06-04 21:42:37
PAY-20260604-0001042,TRP-20260604-0001042,23.63,wallet,settled,2026-06-04 10:25:41
PAY-20260604-0001043,TRP-20260604-0001043,50.75,credit_card,pending,2026-06-04 13:36:00
PAY-20260604-0001044,TRP-20260604-0001044,16.19,credit_card,settled,2026-06-04 21:20:50
PAY-20260604-0001045,TRP-20260604-0001045,18.12,mada,settled,2026-06-04 08:07:15
PAY-20260604-0001046,TRP-20260604-0001046,23.04,apple_pay,settled,2026-06-04 10:58:09
PAY-20260604-0001047,TRP-20260604-0001047,57.82,apple_pay,settled,2026-06-04 13:56:33
PAY-20260604-0001048,TRP-20260604-0001048,61.57,apple_pay,settled,2026-06-04 17:23:05
PAY-20260604-0001049,TRP-20260604-0001049,12.26,apple_pay,settled,2026-06-04 19:04:27
PAY-20260604-0001050,TRP-20260604-0001050,15.79,apple_pay,settled,2026-06-03 23:52:36
PAY-20260604-0001051,TRP-20260604-0001051,12.40,apple_pay,settled,2026-06-04 14:17:23
PAY-20260604-0001052,TRP-20260604-0001052,29.46,cash,settled,2026-06-04 15:24:11
PAY-20260604-0001053,TRP-20260604-0001053,19.96,mada,settled,2026-06-04 16:50:05
PAY-20260604-0001054,TRP-20260604-0001054,25.27,credit_card,settled,2026-06-04 12:26:30
PAY-20260604-0001055,TRP-20260604-0001055,97.29,mada,settled,2026-06-04 07:43:47
PAY-20260604-0001056,TRP-20260604-0001056,31.93,apple_pay,settled,2026-06-04 14:30:10
PAY-20260604-0001057,TRP-20260604-0001057,17.82,mada,settled,2026-06-04 13:26:10
PAY-20260604-0001058,TRP-20260604-0001058,12.57,wallet,settled,2026-06-04 20:35:41
PAY-20260604-0001059,TRP-20260604-0001059,32.11,mada,pending,2026-06-04 14:41:58
PAY-20260604-0001060,TRP-20260604-0001060,59.79,mada,settled,2026-06-04 11:47:19
PAY-20260604-0001061,TRP-20260604-0001061,12.80,apple_pay,settled,2026-06-04 05:33:09
PAY-20260604-0001062,TRP-20260604-0001062,17.39,stc_pay,settled,2026-06-04 11:08:09
PAY-20260604-0001063,TRP-20260604-0001063,47.64,mada,settled,2026-06-04 04:48:29
PAY-20260604-0001064,TRP-20260604-0001064,67.94,credit_card,failed,2026-06-05 03:09:31
PAY-20260604-0001066,TRP-20260604-0001066,26.64,mada,settled,2026-06-04 04:47:59
PAY-20260604-0001067,TRP-20260604-0001067,11.62,mada,settled,2026-06-04 07:14:20
PAY-20260604-0001068,TRP-20260604-0001068,63.97,mada,settled,2026-06-04 12:34:23
PAY-20260604-0001069,TRP-20260604-0001069,15.82,apple_pay,settled,2026-06-04 08:17:05
PAY-20260604-0001070,TRP-20260604-0001070,21.19,credit_card,settled,2026-06-05 14:40:29
PAY-20260604-0001071,TRP-20260604-0001071,26.73,stc_pay,settled,2026-06-04 19:55:41
PAY-20260604-0001072,TRP-20260604-0001072,31.74,credit_card,settled,2026-06-04 18:16:22
PAY-20260604-0001073,TRP-20260604-0001073,46.29,mada,settled,2026-06-04 22:21:33
PAY-20260604-0001074,TRP-20260604-0001074,47.11,credit_card,settled,2026-06-04 19:39:58
PAY-20260604-0001075,TRP-20260604-0001075,24.27,credit_card,settled,2026-06-04 07:18:33
PAY-20260604-0001076,TRP-20260604-0001076,12.22,credit_card,settled,2026-06-04 11:35:35
PAY-20260604-0001077,TRP-20260604-0001077,84.11,credit_card,settled,2026-06-04 05:38:07
PAY-20260604-0001078,TRP-20260604-0001078,31.30,cash,settled,2026-06-04 18:52:33
PAY-20260604-0001079,TRP-20260604-0001079,122.13,mada,settled,2026-06-04 18:12:38
PAY-20260604-0001080,TRP-20260604-0001080,116.79,mada,settled,2026-06-04 14:45:31
PAY-20260604-0001081,TRP-20260604-0001081,31.34,credit_card,settled,2026-06-04 21:18:57
PAY-20260604-0001082,TRP-20260604-0001082,37.68,cash,settled,2026-06-04 13:34:17
PAY-20260604-0001083,TRP-20260604-0001083,56.13,credit_card,settled,2026-06-05 18:01:33
PAY-20260604-0001084,TRP-20260604-0001084,15.34,credit_card,settled,2026-06-05 07:37:58
PAY-20260604-0001085,TRP-20260604-0001085,12.14,credit_card,settled,2026-06-04 14:12:48
PAY-20260604-0001086,TRP-20260604-0001086,43.69,wallet,settled,2026-06-05 07:05:01
PAY-20260604-0001087,TRP-20260604-0001087,71.23,apple_pay,settled,2026-06-04 10:59:53
PAY-20260604-0001088,TRP-20260604-0001088,37.77,stc_pay,settled,2026-06-04 15:55:11
PAY-20260604-0001089,TRP-20260604-0001089,58.73,stc_pay,settled,2026-06-04 13:20:57
PAY-20260604-0001090,TRP-20260604-0001090,14.51,apple_pay,settled,2026-06-04 12:45:02
PAY-20260604-0001091,TRP-20260604-0001091,45.03,mada,settled,2026-06-04 17:37:15
PAY-20260604-0001092,TRP-20260604-0001092,81.50,cash,settled,2026-06-04 16:40:06
PAY-20260604-0001093,TRP-20260604-0001093,34.68,apple_pay,settled,2026-06-04 05:43:48
PAY-20260604-0001094,TRP-20260604-0001094,14.53,cash,settled,2026-06-04 17:23:22
PAY-20260604-0001095,TRP-20260604-0001095,22.74,mada,settled,2026-06-04 15:25:22
PAY-20260604-0001096,TRP-20260604-0001096,49.03,mada,settled,2026-06-04 15:06:38
PAY-20260604-0001097,TRP-20260604-0001097,21.59,stc_pay,settled,2026-06-04 01:55:27
PAY-20260604-0001098,TRP-20260604-0001098,34.27,cash,settled,2026-06-04 17:39:48
PAY-20260604-0001099,TRP-20260604-0001099,98.70,wallet,settled,2026-06-04 06:09:05
PAY-20260604-0001100,TRP-20260604-0001100,30.53,mada,settled,2026-06-04 15:28:38
PAY-20260604-0001101,TRP-20260604-0001101,85.77,mada,settled,2026-06-04 14:48:19
PAY-20260604-0001102,TRP-20260604-0001102,26.18,apple_pay,settled,2026-06-04 13:04:26
PAY-20260604-0001103,TRP-20260604-0001103,23.36,credit_card,settled,2026-06-04 15:19:51
PAY-20260604-0001104,TRP-20260604-0001104,73.63,credit_card,settled,2026-06-04 09:52:36
PAY-20260604-0001105,TRP-20260604-0001105,12.00,mada,settled,2026-06-04 22:38:24
PAY-20260604-0001106,TRP-20260604-0001106,16.46,mada,settled,2026-06-04 19:51:48
PAY-20260604-0001107,TRP-20260604-0001107,59.69,stc_pay,settled,2026-06-04 09:51:37
PAY-20260604-0001109,TRP-20260604-0001109,14.14,mada,settled,2026-06-04 10:51:07
PAY-20260604-0001110,TRP-20260604-0001110,66.60,stc_pay,settled,2026-06-04 16:40:49
PAY-20260604-0001111,TRP-20260604-0001111,52.95,mada,settled,2026-06-04 15:42:58
PAY-20260604-0001112,TRP-20260604-0001112,24.04,apple_pay,settled,2026-06-05 14:59:12
PAY-20260604-0001113,TRP-20260604-0001113,44.82,mada,settled,2026-06-04 06:56:57
PAY-20260604-0001114,TRP-20260604-0001114,71.29,mada,settled,2026-06-04 12:19:37
PAY-20260604-0001115,TRP-20260604-0001115,22.50,cash,settled,2026-06-04 15:59:15
PAY-20260604-0001116,TRP-20260604-0001116,39.12,mada,settled,2026-06-04 00:31:05
PAY-20260604-0001117,TRP-20260604-0001117,75.62,credit_card,settled,2026-06-04 17:14:54
PAY-20260604-0001118,TRP-20260604-0001118,16.57,credit_card,settled,2026-06-04 15:25:41
PAY-20260604-0001119,TRP-20260604-0001119,30.06,mada,settled,2026-06-04 18:35:52
PAY-20260604-0001120,TRP-20260604-0001120,51.66,mada,settled,2026-06-03 22:51:10
PAY-20260604-0001121,TRP-20260604-0001121,71.86,mada,settled,2026-06-04 10:16:03
PAY-20260604-0001122,TRP-20260604-0001122,18.94,cash,settled,2026-06-04 12:50:49
PAY-20260604-0001123,TRP-20260604-0001123,19.38,credit_card,settled,2026-06-04 19:58:28
PAY-20260604-0001124,TRP-20260604-0001124,14.13,mada,settled,2026-06-05 05:02:32
PAY-20260604-0001125,TRP-20260604-0001125,16.11,cash,settled,2026-06-04 19:59:58
PAY-20260604-0001126,TRP-20260604-0001126,99.72,mada,pending,2026-06-05 09:13:04
PAY-20260604-0001127,TRP-20260604-0001127,34.62,mada,settled,2026-06-04 16:41:13
PAY-20260604-0001128,TRP-20260604-0001128,29.11,mada,settled,2026-06-04 08:22:48
PAY-20260604-0001129,TRP-20260604-0001129,22.00,credit_card,refunded,2026-06-04 05:09:17
PAY-20260604-0001130,TRP-20260604-0001130,13.14,credit_card,settled,2026-06-04 18:27:12
PAY-20260604-0001131,TRP-20260604-0001131,42.21,mada,settled,2026-06-04 16:39:32
PAY-20260604-0001132,TRP-20260604-0001132,29.58,cash,settled,2026-06-04 14:37:22
PAY-20260604-0001133,TRP-20260604-0001133,18.83,mada,settled,2026-06-04 13:30:56
PAY-20260604-0001134,TRP-20260604-0001134,14.32,mada,settled,2026-06-04 09:57:15
PAY-20260604-0001135,TRP-20260604-0001135,24.81,cash,settled,2026-06-04 06:01:16
PAY-20260604-0001136,TRP-20260604-0001136,37.55,apple_pay,settled,2026-06-04 14:58:01
PAY-20260604-0001137,TRP-20260604-0001137,27.45,credit_card,settled,2026-06-05 11:15:29
PAY-20260604-0001138,TRP-20260604-0001138,11.02,credit_card,settled,2026-06-04 16:35:55
PAY-20260604-0001139,TRP-20260604-0001139,13.18,mada,settled,2026-06-04 12:18:10
PAY-20260604-0001140,TRP-20260604-0001140,30.48,apple_pay,settled,2026-06-04 14:21:17
PAY-20260604-0001141,TRP-20260604-0001141,15.40,mada,pending,2026-06-04 07:02:31
PAY-20260604-0001142,TRP-20260604-0001142,13.51,cash,settled,2026-06-03 21:44:19
PAY-20260604-0001143,TRP-20260604-0001143,24.41,mada,settled,2026-06-04 19:33:48
PAY-20260604-0001144,TRP-20260604-0001144,14.38,credit_card,settled,2026-06-04 09:55:55
PAY-20260604-0001145,TRP-20260604-0001145,25.68,credit_card,settled,2026-06-04 06:18:20
PAY-20260604-0001147,TRP-20260604-0001147,11.00,cash,settled,2026-06-04 07:06:38
PAY-20260604-0001148,TRP-20260604-0001148,16.28,mada,settled,2026-06-04 13:48:58
PAY-20260604-0001149,TRP-20260604-0001149,23.49,mada,settled,2026-06-04 23:37:31
PAY-20260604-0001150,TRP-20260604-0001150,23.05,stc_pay,settled,2026-06-04 14:22:30
PAY-20260604-0001151,TRP-20260604-0001151,23.30,cash,settled,2026-06-04 13:31:34
PAY-20260604-0001152,TRP-20260604-0001152,27.47,credit_card,settled,2026-06-04 18:36:49
PAY-20260604-0001153,TRP-20260604-0001153,84.92,cash,settled,2026-06-04 16:31:01
PAY-20260604-0001154,TRP-20260604-0001154,11.84,apple_pay,settled,2026-06-04 13:28:36
PAY-20260604-0001155,TRP-20260604-0001155,27.01,mada,settled,2026-06-04 13:46:59
PAY-20260604-0001156,TRP-20260604-0001156,78.01,mada,settled,2026-06-04 10:24:03
PAY-20260604-0001157,TRP-20260604-0001157,21.15,wallet,settled,2026-06-04 09:13:29
PAY-20260604-0001158,TRP-20260604-0001158,35.33,mada,settled,2026-06-04 11:04:44
PAY-20260604-0001159,TRP-20260604-0001159,32.79,credit_card,settled,2026-06-04 14:33:23
PAY-20260604-0001160,TRP-20260604-0001160,61.65,apple_pay,settled,2026-06-05 14:28:01
PAY-20260604-0001161,TRP-20260604-0001161,20.05,stc_pay,settled,2026-06-05 16:04:30
PAY-20260604-0001162,TRP-20260604-0001162,70.47,apple_pay,settled,2026-06-05 11:15:46
PAY-20260604-0001163,TRP-20260604-0001163,36.73,mada,settled,2026-06-04 06:44:23
PAY-20260604-0001165,TRP-20260604-0001165,25.02,mada,settled,2026-06-04 22:00:10
PAY-20260604-0001166,TRP-20260604-0001166,12.00,cash,settled,2026-06-04 11:53:09
PAY-20260604-0001167,TRP-20260604-0001167,33.15,mada,settled,2026-06-04 17:33:20
PAY-20260604-0001168,TRP-20260604-0001168,62.55,mada,settled,2026-06-04 16:45:16
PAY-20260604-0001169,TRP-20260604-0001169,57.34,apple_pay,settled,2026-06-04 21:45:37
PAY-20260604-0001170,TRP-20260604-0001170,18.07,mada,settled,2026-06-04 18:40:05
PAY-20260604-0001172,TRP-20260604-0001172,10.00,apple_pay,settled,2026-06-04 16:04:21
PAY-20260604-0001173,TRP-20260604-0001173,27.50,apple_pay,settled,2026-06-04 17:40:16
PAY-20260604-0001174,TRP-20260604-0001174,16.70,cash,settled,2026-06-04 13:08:26
PAY-20260604-0001175,TRP-20260604-0001175,42.88,stc_pay,settled,2026-06-04 08:51:08
PAY-20260604-0001176,TRP-20260604-0001176,37.98,mada,settled,2026-06-04 06:47:40
PAY-20260604-0001177,TRP-20260604-0001177,29.50,stc_pay,settled,2026-06-04 11:18:03
PAY-20260604-0001178,TRP-20260604-0001178,12.00,mada,settled,2026-06-04 11:22:20
PAY-20260604-0001179,TRP-20260604-0001179,68.90,credit_card,settled,2026-06-04 12:04:43
PAY-20260604-0001180,TRP-20260604-0001180,100.78,credit_card,settled,2026-06-05 07:18:16
PAY-20260604-0001181,TRP-20260604-0001181,40.69,credit_card,pending,2026-06-04 17:30:35
PAY-20260604-0001182,TRP-20260604-0001182,33.15,credit_card,settled,2026-06-04 00:46:44
PAY-20260604-0001183,TRP-20260604-0001183,74.44,credit_card,settled,2026-06-04 18:21:32
PAY-20260604-0001184,TRP-20260604-0001184,27.82,mada,settled,2026-06-04 13:52:02
PAY-20260604-0001185,TRP-20260604-0001185,21.74,mada,settled,2026-06-05 00:42:56
PAY-20260604-0001186,TRP-20260604-0001186,22.52,wallet,settled,2026-06-04 18:47:50
PAY-20260604-0001187,TRP-20260604-0001187,35.60,mada,settled,2026-06-05 11:00:47
PAY-20260604-0001188,TRP-20260604-0001188,20.62,wallet,settled,2026-06-04 20:44:46
PAY-20260604-0001189,TRP-20260604-0001189,41.94,wallet,settled,2026-06-03 23:39:46
PAY-20260604-0001190,TRP-20260604-0001190,36.09,apple_pay,settled,2026-06-05 05:12:22
PAY-20260604-0001191,TRP-20260604-0001191,34.65,mada,settled,2026-06-05 08:00:41
PAY-20260604-0001192,TRP-20260604-0001192,20.09,mada,settled,2026-06-04 15:14:29
PAY-20260604-0001193,TRP-20260604-0001193,44.44,apple_pay,settled,2026-06-04 17:30:50
PAY-20260604-0001194,TRP-20260604-0001194,18.21,mada,settled,2026-06-05 05:34:29
PAY-20260604-0001195,TRP-20260604-0001195,17.26,credit_card,settled,2026-06-04 14:08:23
PAY-20260604-0001196,TRP-20260604-0001196,39.34,stc_pay,settled,2026-06-04 15:17:44
PAY-20260604-0001197,TRP-20260604-0001197,31.55,credit_card,settled,2026-06-04 10:47:44
PAY-20260604-0001198,TRP-20260604-0001198,113.01,apple_pay,settled,2026-06-04 18:14:35
PAY-20260604-0001199,TRP-20260604-0001199,72.31,mada,settled,2026-06-04 06:16:19
PAY-20260604-0001200,TRP-20260604-0001200,22.06,credit_card,settled,2026-06-04 14:28:19
PAY-20260604-0001201,TRP-20260604-0001201,30.80,stc_pay,settled,2026-06-04 10:17:42
PAY-20260604-0001202,TRP-20260604-0001202,44.01,apple_pay,settled,2026-06-05 12:58:28
PAY-20260604-0001203,TRP-20260604-0001203,45.87,apple_pay,settled,2026-06-04 06:00:57
PAY-20260604-0001204,TRP-20260604-0001204,35.27,mada,settled,2026-06-04 03:23:54
PAY-20260604-0001205,TRP-20260604-0001205,127.59,mada,settled,2026-06-04 12:18:05
PAY-20260604-0001206,TRP-20260604-0001206,63.91,mada,settled,2026-06-04 16:06:15
PAY-20260604-0001208,TRP-20260604-0001208,16.92,apple_pay,settled,2026-06-05 02:33:55
PAY-20260604-0001209,TRP-20260604-0001209,61.50,apple_pay,settled,2026-06-04 18:43:04
PAY-20260604-0001210,TRP-20260604-0001210,8.00,mada,settled,2026-06-04 10:33:52
PAY-20260604-0001211,TRP-20260604-0001211,12.26,stc_pay,settled,2026-06-05 05:49:48
PAY-20260604-0001212,TRP-20260604-0001212,90.14,wallet,settled,2026-06-04 17:44:06
PAY-20260604-0001213,TRP-20260604-0001213,69.25,wallet,settled,2026-06-04 17:06:40
PAY-20260604-0001214,TRP-20260604-0001214,43.60,mada,settled,2026-06-04 12:42:52
PAY-20260604-0001215,TRP-20260604-0001215,68.40,credit_card,pending,2026-06-04 06:57:49
PAY-20260604-0001216,TRP-20260604-0001216,55.17,credit_card,pending,2026-06-04 08:31:05
PAY-20260604-0001217,TRP-20260604-0001217,23.96,mada,settled,2026-06-04 10:51:59
PAY-20260604-0001218,TRP-20260604-0001218,75.46,stc_pay,settled,2026-06-04 10:23:38
PAY-20260604-0001219,TRP-20260604-0001219,49.03,credit_card,settled,2026-06-04 06:10:48
PAY-20260604-0001220,TRP-20260604-0001220,57.83,stc_pay,settled,2026-06-04 17:57:03
PAY-20260604-0001222,TRP-20260604-0001222,19.49,stc_pay,settled,2026-06-04 07:46:56
PAY-20260604-0001223,TRP-20260604-0001223,93.37,mada,settled,2026-06-04 08:34:11
PAY-20260604-0001224,TRP-20260604-0001224,12.00,stc_pay,settled,2026-06-04 10:02:04
PAY-20260604-0001225,TRP-20260604-0001225,35.26,mada,settled,2026-06-04 18:20:16
PAY-20260604-0001226,TRP-20260604-0001226,10.00,cash,settled,2026-06-04 04:19:17
PAY-20260604-0001227,TRP-20260604-0001227,15.97,mada,settled,2026-06-05 10:04:50
PAY-20260604-0001228,TRP-20260604-0001228,135.47,mada,settled,2026-06-05 02:38:45
PAY-20260604-0001229,TRP-20260604-0001229,12.88,apple_pay,settled,2026-06-04 14:12:16
PAY-20260604-0001230,TRP-20260604-0001230,20.93,mada,settled,2026-06-04 06:58:46
PAY-20260604-0001231,TRP-20260604-0001231,40.59,stc_pay,settled,2026-06-04 10:24:46
PAY-20260604-0001232,TRP-20260604-0001232,17.76,mada,settled,2026-06-04 17:04:24
PAY-20260604-0001233,TRP-20260604-0001233,35.16,credit_card,settled,2026-06-04 17:36:13
PAY-20260604-0001234,TRP-20260604-0001234,8.00,apple_pay,settled,2026-06-03 23:51:21
PAY-20260604-0001235,TRP-20260604-0001235,22.49,stc_pay,settled,2026-06-04 16:50:48
PAY-20260604-0001236,TRP-20260604-0001236,14.51,cash,settled,2026-06-04 09:14:35
PAY-20260604-0001237,TRP-20260604-0001237,36.55,mada,pending,2026-06-04 17:56:55
PAY-20260604-0001238,TRP-20260604-0001238,36.97,wallet,settled,2026-06-04 21:21:29
PAY-20260604-0001240,TRP-20260604-0001240,102.34,mada,settled,2026-06-04 16:17:29
PAY-20260604-0001241,TRP-20260604-0001241,60.16,apple_pay,settled,2026-06-04 11:30:47
PAY-20260604-0001242,TRP-20260604-0001242,53.70,cash,settled,2026-06-04 16:29:28
PAY-20260604-0001243,TRP-20260604-0001243,15.24,mada,settled,2026-06-05 11:11:09
PAY-20260604-0001244,TRP-20260604-0001244,44.41,apple_pay,settled,2026-06-05 10:39:52
PAY-20260604-0001245,TRP-20260604-0001245,187.13,cash,settled,2026-06-04 16:52:14
PAY-20260604-0001246,TRP-20260604-0001246,37.45,mada,settled,2026-06-04 08:50:55
PAY-20260604-0001247,TRP-20260604-0001247,106.77,mada,settled,2026-06-04 15:35:22
PAY-20260604-0001248,TRP-20260604-0001248,21.89,credit_card,settled,2026-06-05 04:40:18
PAY-20260604-0001249,TRP-20260604-0001249,23.65,credit_card,settled,2026-06-04 15:53:05
PAY-20260604-0001250,TRP-20260604-0001250,10.00,apple_pay,settled,2026-06-04 18:58:43
PAY-20260604-0001251,TRP-20260604-0001251,15.87,apple_pay,settled,2026-06-05 02:39:08
PAY-20260604-0001252,TRP-20260604-0001252,6.00,apple_pay,settled,2026-06-04 20:37:53
PAY-20260604-0001253,TRP-20260604-0001253,62.75,wallet,settled,2026-06-05 03:14:42
PAY-20260604-0001254,TRP-20260604-0001254,17.74,mada,settled,2026-06-04 21:00:45
PAY-20260604-0001255,TRP-20260604-0001255,21.44,mada,settled,2026-06-03 21:48:27
PAY-20260604-0001256,TRP-20260604-0001256,106.16,mada,settled,2026-06-05 00:46:32
PAY-20260604-0001257,TRP-20260604-0001257,46.40,cash,settled,2026-06-04 06:05:12
PAY-20260604-0001258,TRP-20260604-0001258,16.52,mada,settled,2026-06-04 13:49:07
PAY-20260604-0001259,TRP-20260604-0001259,35.35,credit_card,settled,2026-06-05 04:24:15
PAY-20260604-0001260,TRP-20260604-0001260,52.40,mada,settled,2026-06-04 16:07:39
PAY-20260604-0001261,TRP-20260604-0001261,16.38,mada,settled,2026-06-04 07:37:55
PAY-20260604-0001262,TRP-20260604-0001262,32.62,credit_card,settled,2026-06-05 09:56:48
PAY-20260604-0001263,TRP-20260604-0001263,38.09,apple_pay,settled,2026-06-04 09:05:23
PAY-20260604-0001266,TRP-20260604-0001266,17.54,mada,settled,2026-06-04 14:15:19
PAY-20260604-0001267,TRP-20260604-0001267,54.86,credit_card,settled,2026-06-04 15:49:47
PAY-20260604-0001268,TRP-20260604-0001268,17.41,mada,settled,2026-06-04 19:11:15
PAY-20260604-0001269,TRP-20260604-0001269,19.33,credit_card,settled,2026-06-04 13:46:06
PAY-20260604-0001270,TRP-20260604-0001270,35.24,mada,pending,2026-06-04 14:13:50
PAY-20260604-0001271,TRP-20260604-0001271,14.56,cash,settled,2026-06-04 12:03:00
PAY-20260604-0001272,TRP-20260604-0001272,22.42,mada,settled,2026-06-04 11:01:37
PAY-20260604-0001273,TRP-20260604-0001273,17.29,credit_card,settled,2026-06-04 17:54:11
PAY-20260604-0001274,TRP-20260604-0001274,24.09,apple_pay,settled,2026-06-04 16:06:34
PAY-20260604-0001275,TRP-20260604-0001275,14.02,stc_pay,settled,2026-06-04 19:27:46
PAY-20260604-0001276,TRP-20260604-0001276,22.56,mada,settled,2026-06-04 19:37:48
PAY-20260604-0001277,TRP-20260604-0001277,30.99,apple_pay,pending,2026-06-05 08:29:56
PAY-20260604-0001278,TRP-20260604-0001278,75.86,apple_pay,settled,2026-06-04 16:28:44
PAY-20260604-0001279,TRP-20260604-0001279,13.59,mada,settled,2026-06-05 13:05:08
PAY-20260604-0001280,TRP-20260604-0001280,34.51,credit_card,settled,2026-06-04 21:11:14
PAY-20260604-0001281,TRP-20260604-0001281,36.68,stc_pay,settled,2026-06-04 16:17:52
PAY-20260604-0001282,TRP-20260604-0001282,31.39,cash,settled,2026-06-04 17:01:55
PAY-20260604-0001283,TRP-20260604-0001283,24.75,mada,settled,2026-06-05 01:13:52
PAY-20260604-0001284,TRP-20260604-0001284,25.19,credit_card,settled,2026-06-04 14:16:29
PAY-20260604-0001285,TRP-20260604-0001285,20.33,mada,settled,2026-06-05 00:32:51
PAY-20260604-0001286,TRP-20260604-0001286,16.91,credit_card,settled,2026-06-04 09:08:41
PAY-20260604-0001287,TRP-20260604-0001287,32.06,apple_pay,settled,2026-06-05 03:08:05
PAY-20260604-0001288,TRP-20260604-0001288,41.11,mada,settled,2026-06-05 00:59:08
PAY-20260604-0001289,TRP-20260604-0001289,33.39,apple_pay,settled,2026-06-04 15:12:20
PAY-20260604-0001290,TRP-20260604-0001290,66.43,credit_card,settled,2026-06-05 06:04:12
PAY-20260604-0001291,TRP-20260604-0001291,33.64,credit_card,settled,2026-06-04 16:12:58
PAY-20260604-0001292,TRP-20260604-0001292,49.43,mada,settled,2026-06-04 17:13:06
PAY-20260604-0001293,TRP-20260604-0001293,12.23,stc_pay,settled,2026-06-04 04:32:55
PAY-20260604-0001294,TRP-20260604-0001294,29.16,mada,settled,2026-06-04 05:27:07
PAY-20260604-0001295,TRP-20260604-0001295,14.97,credit_card,settled,2026-06-04 20:29:41
PAY-20260604-0001296,TRP-20260604-0001296,87.45,mada,settled,2026-06-04 13:22:07
PAY-20260604-0001297,TRP-20260604-0001297,23.50,wallet,settled,2026-06-04 10:34:09
PAY-20260604-0001298,TRP-20260604-0001298,58.48,apple_pay,settled,2026-06-04 11:10:32
PAY-20260604-0001299,TRP-20260604-0001299,14.83,apple_pay,settled,2026-06-04 19:40:46
PAY-20260604-0001300,TRP-20260604-0001300,26.43,stc_pay,settled,2026-06-04 06:14:12
PAY-20260604-0001301,TRP-20260604-0001301,16.98,credit_card,settled,2026-06-04 17:34:08
PAY-20260604-0001302,TRP-20260604-0001302,172.86,apple_pay,settled,2026-06-04 19:31:18
PAY-20260604-0001303,TRP-20260604-0001303,51.63,mada,settled,2026-06-05 05:36:19
PAY-20260604-0001304,TRP-20260604-0001304,47.27,credit_card,settled,2026-06-04 09:14:30
PAY-20260604-0001305,TRP-20260604-0001305,20.32,stc_pay,settled,2026-06-04 06:43:41
PAY-20260604-0001306,TRP-20260604-0001306,8.00,credit_card,settled,2026-06-05 04:53:22
PAY-20260604-0001307,TRP-20260604-0001307,97.09,apple_pay,settled,2026-06-04 16:25:32
PAY-20260604-0001308,TRP-20260604-0001308,23.31,stc_pay,settled,2026-06-05 06:56:11
PAY-20260604-0001309,TRP-20260604-0001309,10.00,credit_card,settled,2026-06-04 17:33:16
PAY-20260604-0001310,TRP-20260604-0001310,25.92,mada,settled,2026-06-04 11:03:28
PAY-20260604-0001311,TRP-20260604-0001311,21.98,credit_card,pending,2026-06-04 11:49:31
PAY-20260604-0001312,TRP-20260604-0001312,70.26,stc_pay,settled,2026-06-04 18:26:01
PAY-20260604-0001313,TRP-20260604-0001313,87.07,stc_pay,settled,2026-06-04 06:09:27
PAY-20260604-0001314,TRP-20260604-0001314,60.29,wallet,settled,2026-06-04 05:50:02
PAY-20260604-0001315,TRP-20260604-0001315,39.21,credit_card,settled,2026-06-04 15:35:22
PAY-20260604-0001316,TRP-20260604-0001316,53.71,mada,settled,2026-06-04 08:53:03
PAY-20260604-0001317,TRP-20260604-0001317,17.66,mada,settled,2026-06-05 14:32:54
PAY-20260604-0001318,TRP-20260604-0001318,15.43,credit_card,settled,2026-06-04 10:28:24
PAY-20260604-0001319,TRP-20260604-0001319,22.58,wallet,settled,2026-06-05 17:37:49
PAY-20260604-0001320,TRP-20260604-0001320,8.00,cash,settled,2026-06-04 10:32:13
PAY-20260604-0001321,TRP-20260604-0001321,12.00,wallet,settled,2026-06-04 11:37:12
PAY-20260604-0001322,TRP-20260604-0001322,22.09,cash,settled,2026-06-04 21:07:26
PAY-20260604-0001323,TRP-20260604-0001323,65.63,mada,settled,2026-06-04 03:45:35
PAY-20260604-0001324,TRP-20260604-0001324,28.38,apple_pay,settled,2026-06-05 00:55:22
PAY-20260604-0001325,TRP-20260604-0001325,109.86,mada,settled,2026-06-04 07:09:27
PAY-20260604-0001326,TRP-20260604-0001326,43.08,credit_card,settled,2026-06-04 11:36:05
PAY-20260604-0001327,TRP-20260604-0001327,71.14,mada,refunded,2026-06-05 12:04:21
PAY-20260604-0001328,TRP-20260604-0001328,21.70,apple_pay,settled,2026-06-04 16:22:17
PAY-20260604-0001329,TRP-20260604-0001329,52.67,credit_card,settled,2026-06-04 15:30:11
PAY-20260604-0001330,TRP-20260604-0001330,58.68,cash,settled,2026-06-04 19:55:35
PAY-20260604-0001331,TRP-20260604-0001331,20.13,mada,settled,2026-06-04 15:33:26
PAY-20260604-0001332,TRP-20260604-0001332,22.30,credit_card,settled,2026-06-04 13:30:05
PAY-20260604-0001333,TRP-20260604-0001333,15.45,credit_card,settled,2026-06-05 04:46:23
PAY-20260604-0001334,TRP-20260604-0001334,6.00,apple_pay,settled,2026-06-04 07:16:25
PAY-20260604-0001335,TRP-20260604-0001335,33.44,apple_pay,pending,2026-06-04 21:46:47
PAY-20260604-0001336,TRP-20260604-0001336,14.50,apple_pay,settled,2026-06-04 17:20:53
PAY-20260604-0001337,TRP-20260604-0001337,15.96,stc_pay,settled,2026-06-04 10:11:50
PAY-20260604-0001338,TRP-20260604-0001338,30.30,credit_card,settled,2026-06-04 10:16:19
PAY-20260604-0001339,TRP-20260604-0001339,29.59,stc_pay,settled,2026-06-04 19:17:20
PAY-20260604-0001340,TRP-20260604-0001340,20.64,credit_card,settled,2026-06-05 17:02:33
PAY-20260604-0001341,TRP-20260604-0001341,78.11,credit_card,settled,2026-06-04 10:37:41
PAY-20260604-0001342,TRP-20260604-0001342,46.23,credit_card,settled,2026-06-04 14:03:54
PAY-20260604-0001343,TRP-20260604-0001343,21.84,stc_pay,settled,2026-06-04 20:51:32
PAY-20260604-0001344,TRP-20260604-0001344,20.67,mada,settled,2026-06-05 03:37:56
PAY-20260604-0001345,TRP-20260604-0001345,19.68,stc_pay,settled,2026-06-04 11:20:29
PAY-20260604-0001346,TRP-20260604-0001346,76.61,mada,settled,2026-06-04 15:50:50
PAY-20260604-0001347,TRP-20260604-0001347,21.46,mada,settled,2026-06-05 13:34:00
PAY-20260604-0001348,TRP-20260604-0001348,18.73,credit_card,settled,2026-06-04 04:54:35
PAY-20260604-0001349,TRP-20260604-0001349,14.90,mada,settled,2026-06-04 06:43:52
PAY-20260604-0001350,TRP-20260604-0001350,10.00,cash,settled,2026-06-04 15:53:17
PAY-20260604-0001351,TRP-20260604-0001351,67.13,mada,settled,2026-06-04 12:24:31
PAY-20260604-0001352,TRP-20260604-0001352,19.30,apple_pay,settled,2026-06-04 23:10:08
PAY-20260604-0001353,TRP-20260604-0001353,62.08,wallet,settled,2026-06-04 09:23:03
PAY-20260604-0001354,TRP-20260604-0001354,16.99,credit_card,settled,2026-06-04 15:51:02
PAY-20260604-0001355,TRP-20260604-0001355,23.11,credit_card,settled,2026-06-04 10:32:41
PAY-20260604-0001357,TRP-20260604-0001357,15.63,mada,settled,2026-06-04 19:14:09
PAY-20260604-0001358,TRP-20260604-0001358,77.16,mada,settled,2026-06-04 15:34:42
PAY-20260604-0001359,TRP-20260604-0001359,20.31,apple_pay,settled,2026-06-04 14:02:06
PAY-20260604-0001360,TRP-20260604-0001360,21.99,credit_card,settled,2026-06-04 16:17:17
PAY-20260604-0001361,TRP-20260604-0001361,52.91,mada,pending,2026-06-04 05:51:27
PAY-20260604-0001362,TRP-20260604-0001362,11.00,apple_pay,settled,2026-06-04 08:14:57
PAY-20260604-0001363,TRP-20260604-0001363,65.99,apple_pay,settled,2026-06-04 16:47:09
PAY-20260604-0001364,TRP-20260604-0001364,19.33,stc_pay,settled,2026-06-04 13:01:31
PAY-20260604-0001365,TRP-20260604-0001365,43.77,cash,settled,2026-06-04 14:45:35
PAY-20260604-0001366,TRP-20260604-0001366,18.25,wallet,settled,2026-06-04 18:17:50
PAY-20260604-0001367,TRP-20260604-0001367,13.77,mada,settled,2026-06-04 20:35:59
PAY-20260604-0001368,TRP-20260604-0001368,42.46,mada,settled,2026-06-05 09:34:05
PAY-20260604-0001369,TRP-20260604-0001369,97.30,mada,settled,2026-06-04 17:18:39
PAY-20260604-0001370,TRP-20260604-0001370,20.06,credit_card,settled,2026-06-04 09:52:06
PAY-20260604-0001371,TRP-20260604-0001371,27.00,apple_pay,settled,2026-06-04 14:27:33
PAY-20260604-0001372,TRP-20260604-0001372,36.30,stc_pay,settled,2026-06-05 03:31:12
PAY-20260604-0001373,TRP-20260604-0001373,15.01,apple_pay,settled,2026-06-05 02:00:10
PAY-20260604-0001374,TRP-20260604-0001374,28.02,cash,settled,2026-06-04 13:50:11
PAY-20260604-0001375,TRP-20260604-0001375,32.25,stc_pay,settled,2026-06-04 16:22:58
PAY-20260604-0001376,TRP-20260604-0001376,20.57,stc_pay,settled,2026-06-05 02:51:59
PAY-20260604-0001377,TRP-20260604-0001377,55.74,stc_pay,settled,2026-06-04 06:35:25
PAY-20260604-0001378,TRP-20260604-0001378,18.13,cash,settled,2026-06-04 01:02:20
PAY-20260604-0001379,TRP-20260604-0001379,21.76,cash,settled,2026-06-04 15:34:57
PAY-20260604-0001380,TRP-20260604-0001380,17.20,apple_pay,settled,2026-06-04 07:12:17
PAY-20260604-0001381,TRP-20260604-0001381,105.28,mada,settled,2026-06-04 19:34:33
PAY-20260604-0001382,TRP-20260604-0001382,21.60,apple_pay,settled,2026-06-04 06:15:04
PAY-20260604-0001384,TRP-20260604-0001384,23.26,apple_pay,settled,2026-06-04 14:56:45
PAY-20260604-0001385,TRP-20260604-0001385,15.19,mada,settled,2026-06-04 20:27:42
PAY-20260604-0001386,TRP-20260604-0001386,39.64,apple_pay,settled,2026-06-04 11:03:53
PAY-20260604-0001387,TRP-20260604-0001387,30.70,mada,settled,2026-06-04 13:30:34
PAY-20260604-0001388,TRP-20260604-0001388,24.23,credit_card,settled,2026-06-05 06:02:06
PAY-20260604-0001389,TRP-20260604-0001389,24.98,mada,settled,2026-06-04 18:04:35
PAY-20260604-0001390,TRP-20260604-0001390,15.50,mada,settled,2026-06-05 06:25:53
PAY-20260604-0001391,TRP-20260604-0001391,36.92,mada,settled,2026-06-04 18:59:42
PAY-20260604-0001392,TRP-20260604-0001392,25.11,credit_card,settled,2026-06-04 20:07:01
PAY-20260604-0001393,TRP-20260604-0001393,41.34,credit_card,settled,2026-06-04 06:47:10
PAY-20260604-0001394,TRP-20260604-0001394,163.92,mada,settled,2026-06-04 21:43:35
PAY-20260604-0001395,TRP-20260604-0001395,12.00,mada,settled,2026-06-05 04:13:04
PAY-20260604-0001396,TRP-20260604-0001396,8.00,credit_card,settled,2026-06-04 09:43:48
PAY-20260604-0001397,TRP-20260604-0001397,6.00,mada,settled,2026-06-04 17:26:51
PAY-20260604-0001398,TRP-20260604-0001398,44.81,mada,settled,2026-06-04 20:18:39
PAY-20260604-0001399,TRP-20260604-0001399,8.00,credit_card,settled,2026-06-04 11:15:30
PAY-20260604-0001400,TRP-20260604-0001400,20.06,apple_pay,settled,2026-06-04 18:34:12
PAY-20260604-0001401,TRP-20260604-0001401,10.00,credit_card,settled,2026-06-04 12:21:39
PAY-20260604-0001402,TRP-20260604-0001402,14.84,mada,settled,2026-06-04 19:11:19
PAY-20260604-0001403,TRP-20260604-0001403,8.00,stc_pay,settled,2026-06-04 14:11:46
PAY-20260604-0001404,TRP-20260604-0001404,16.15,apple_pay,pending,2026-06-04 04:18:03
PAY-20260604-0001405,TRP-20260604-0001405,15.81,apple_pay,settled,2026-06-04 12:25:31
PAY-20260604-0001406,TRP-20260604-0001406,34.07,cash,settled,2026-06-04 06:36:35
PAY-20260604-0001407,TRP-20260604-0001407,44.23,apple_pay,settled,2026-06-04 11:31:04
PAY-20260604-0001408,TRP-20260604-0001408,19.87,cash,settled,2026-06-04 12:13:00
PAY-20260604-0001409,TRP-20260604-0001409,27.23,mada,settled,2026-06-04 08:49:49
PAY-20260604-0001410,TRP-20260604-0001410,31.95,apple_pay,settled,2026-06-04 19:37:14
PAY-20260604-0001411,TRP-20260604-0001411,15.31,stc_pay,settled,2026-06-04 18:52:14
PAY-20260604-0001412,TRP-20260604-0001412,16.27,credit_card,settled,2026-06-04 18:59:42
PAY-20260604-0001413,TRP-20260604-0001413,41.60,credit_card,settled,2026-06-04 11:17:36
PAY-20260604-0001414,TRP-20260604-0001414,32.26,mada,settled,2026-06-04 16:21:57
PAY-20260604-0001415,TRP-20260604-0001415,54.24,mada,settled,2026-06-05 05:53:20
PAY-20260604-0001416,TRP-20260604-0001416,61.53,credit_card,settled,2026-06-04 16:44:10
PAY-20260604-0001417,TRP-20260604-0001417,51.03,apple_pay,settled,2026-06-04 14:59:07
PAY-20260604-0001418,TRP-20260604-0001418,56.75,credit_card,settled,2026-06-04 14:02:29
PAY-20260604-0001419,TRP-20260604-0001419,14.16,mada,settled,2026-06-05 15:19:32
PAY-20260604-0001420,TRP-20260604-0001420,38.51,credit_card,settled,2026-06-04 06:18:01
PAY-20260604-0001421,TRP-20260604-0001421,10.00,credit_card,settled,2026-06-05 15:17:19
PAY-20260604-0001422,TRP-20260604-0001422,19.41,mada,settled,2026-06-03 23:39:31
PAY-20260604-0001423,TRP-20260604-0001423,45.29,stc_pay,settled,2026-06-04 17:48:10
PAY-20260604-0001424,TRP-20260604-0001424,58.03,stc_pay,settled,2026-06-04 12:05:08
PAY-20260604-0001425,TRP-20260604-0001425,31.89,mada,settled,2026-06-04 14:31:34
PAY-20260604-0001426,TRP-20260604-0001426,30.39,credit_card,settled,2026-06-05 16:28:31
PAY-20260604-0001427,TRP-20260604-0001427,25.55,cash,settled,2026-06-04 09:03:23
PAY-20260604-0001428,TRP-20260604-0001428,120.42,mada,settled,2026-06-05 08:38:08
PAY-20260604-0001429,TRP-20260604-0001429,49.20,credit_card,settled,2026-06-05 04:40:51
PAY-20260604-0001430,TRP-20260604-0001430,26.03,mada,settled,2026-06-04 21:10:10
PAY-20260604-0001431,TRP-20260604-0001431,111.76,credit_card,settled,2026-06-04 11:35:34
PAY-20260604-0001432,TRP-20260604-0001432,84.25,apple_pay,settled,2026-06-05 00:08:04
PAY-20260604-0001433,TRP-20260604-0001433,19.94,mada,settled,2026-06-04 15:07:43
PAY-20260604-0001434,TRP-20260604-0001434,24.60,credit_card,settled,2026-06-04 07:26:43
PAY-20260604-0001435,TRP-20260604-0001435,40.00,mada,settled,2026-06-04 06:45:58
PAY-20260604-0001436,TRP-20260604-0001436,16.15,mada,settled,2026-06-05 07:59:15
PAY-20260604-0001437,TRP-20260604-0001437,42.50,cash,settled,2026-06-04 06:50:53
PAY-20260604-0001438,TRP-20260604-0001438,95.20,mada,settled,2026-06-04 16:08:20
PAY-20260604-0001439,TRP-20260604-0001439,13.45,credit_card,settled,2026-06-04 08:27:55
PAY-20260604-0001440,TRP-20260604-0001440,32.15,credit_card,settled,2026-06-05 09:16:34
PAY-20260604-0001441,TRP-20260604-0001441,80.43,mada,settled,2026-06-04 11:41:21
PAY-20260604-0001442,TRP-20260604-0001442,16.66,credit_card,settled,2026-06-04 15:37:02
PAY-20260604-0001443,TRP-20260604-0001443,77.09,credit_card,settled,2026-06-04 23:32:30
PAY-20260604-0001444,TRP-20260604-0001444,24.77,mada,settled,2026-06-05 17:50:55
PAY-20260604-0001445,TRP-20260604-0001445,18.16,apple_pay,settled,2026-06-04 04:47:38
PAY-20260604-0001446,TRP-20260604-0001446,19.33,cash,settled,2026-06-04 15:16:11
PAY-20260604-0001447,TRP-20260604-0001447,15.60,apple_pay,settled,2026-06-05 10:26:43
PAY-20260604-0001448,TRP-20260604-0001448,57.64,mada,settled,2026-06-04 21:31:22
PAY-20260604-0001449,TRP-20260604-0001449,32.42,apple_pay,settled,2026-06-04 10:28:33
PAY-20260604-0001450,TRP-20260604-0001450,14.42,mada,settled,2026-06-03 21:13:51
PAY-20260604-0001451,TRP-20260604-0001451,48.53,apple_pay,settled,2026-06-05 10:49:40
PAY-20260604-0001452,TRP-20260604-0001452,34.34,apple_pay,settled,2026-06-04 05:41:08
PAY-20260604-0001453,TRP-20260604-0001453,37.99,credit_card,pending,2026-06-05 00:38:31
PAY-20260604-0001454,TRP-20260604-0001454,31.04,mada,settled,2026-06-04 04:58:44
PAY-20260604-0001455,TRP-20260604-0001455,6.00,cash,settled,2026-06-04 19:39:35
PAY-20260604-0001456,TRP-20260604-0001456,32.28,credit_card,settled,2026-06-04 22:51:23
PAY-20260604-0001457,TRP-20260604-0001457,73.06,apple_pay,settled,2026-06-04 14:33:28
PAY-20260604-0001458,TRP-20260604-0001458,19.20,mada,settled,2026-06-04 10:49:48
PAY-20260604-0001459,TRP-20260604-0001459,35.40,apple_pay,settled,2026-06-04 17:24:27
PAY-20260604-0001460,TRP-20260604-0001460,14.27,mada,settled,2026-06-04 13:51:29
PAY-20260604-0001461,TRP-20260604-0001461,12.00,mada,settled,2026-06-04 18:19:25
PAY-20260604-0001462,TRP-20260604-0001462,121.90,apple_pay,settled,2026-06-04 08:59:18
PAY-20260604-0001463,TRP-20260604-0001463,23.51,credit_card,settled,2026-06-04 06:46:54
PAY-20260604-0001464,TRP-20260604-0001464,49.30,credit_card,settled,2026-06-04 18:56:33
PAY-20260604-0001465,TRP-20260604-0001465,18.06,credit_card,settled,2026-06-04 19:52:11
PAY-20260604-0001466,TRP-20260604-0001466,19.88,credit_card,pending,2026-06-04 16:27:42
PAY-20260604-0001467,TRP-20260604-0001467,63.54,stc_pay,settled,2026-06-05 12:08:13
PAY-20260604-0001468,TRP-20260604-0001468,45.93,wallet,settled,2026-06-04 08:13:21
PAY-20260604-0001469,TRP-20260604-0001469,28.72,apple_pay,settled,2026-06-04 04:18:27
PAY-20260604-0001471,TRP-20260604-0001471,32.22,mada,settled,2026-06-05 05:41:03
PAY-20260604-0001472,TRP-20260604-0001472,16.41,credit_card,settled,2026-06-04 17:11:21
PAY-20260604-0001473,TRP-20260604-0001473,37.67,stc_pay,settled,2026-06-04 04:50:35
PAY-20260604-0001474,TRP-20260604-0001474,30.09,stc_pay,settled,2026-06-04 10:58:20
PAY-20260604-0001475,TRP-20260604-0001475,38.23,credit_card,settled,2026-06-04 21:05:48
PAY-20260604-0001476,TRP-20260604-0001476,65.76,wallet,settled,2026-06-04 20:46:38
PAY-20260604-0001477,TRP-20260604-0001477,14.89,apple_pay,settled,2026-06-04 18:06:04
PAY-20260604-0001478,TRP-20260604-0001478,39.83,stc_pay,settled,2026-06-05 05:42:32
PAY-20260604-0001479,TRP-20260604-0001479,10.00,mada,settled,2026-06-04 05:14:12
PAY-20260604-0001480,TRP-20260604-0001480,18.70,mada,settled,2026-06-04 14:51:27
PAY-20260604-0001481,TRP-20260604-0001481,23.88,mada,settled,2026-06-04 18:24:54
PAY-20260604-0001482,TRP-20260604-0001482,103.07,credit_card,settled,2026-06-04 16:17:15
PAY-20260604-0001483,TRP-20260604-0001483,50.92,stc_pay,settled,2026-06-04 22:52:19
PAY-20260604-0001484,TRP-20260604-0001484,78.96,stc_pay,settled,2026-06-04 20:18:52
PAY-20260604-0001485,TRP-20260604-0001485,37.46,stc_pay,settled,2026-06-04 19:04:15
PAY-20260604-0001486,TRP-20260604-0001486,41.96,cash,settled,2026-06-04 15:55:25
PAY-20260604-0001487,TRP-20260604-0001487,23.32,mada,settled,2026-06-04 15:10:40
PAY-20260604-0001488,TRP-20260604-0001488,59.24,cash,settled,2026-06-04 19:17:15
PAY-20260604-0001489,TRP-20260604-0001489,20.25,credit_card,settled,2026-06-04 19:13:31
PAY-20260604-0001490,TRP-20260604-0001490,12.78,stc_pay,settled,2026-06-04 00:53:30
PAY-20260604-0001491,TRP-20260604-0001491,12.00,mada,settled,2026-06-04 10:00:28
PAY-20260604-0001492,TRP-20260604-0001492,25.89,mada,settled,2026-06-04 11:36:40
PAY-20260604-0001493,TRP-20260604-0001493,35.19,stc_pay,settled,2026-06-05 02:26:52
PAY-20260604-0001494,TRP-20260604-0001494,17.05,wallet,settled,2026-06-04 07:03:13
PAY-20260604-0001495,TRP-20260604-0001495,17.56,mada,settled,2026-06-04 14:06:38
PAY-20260604-0001496,TRP-20260604-0001496,34.43,mada,settled,2026-06-04 17:22:39
PAY-20260604-0001497,TRP-20260604-0001497,26.45,cash,settled,2026-06-04 17:17:44
PAY-20260604-0001498,TRP-20260604-0001498,23.21,mada,settled,2026-06-04 11:27:30
PAY-20260604-0001499,TRP-20260604-0001499,46.70,mada,settled,2026-06-04 15:58:26
PAY-20260604-0001500,TRP-20260604-0001500,30.43,stc_pay,settled,2026-06-04 01:10:31
PAY-20260604-0001501,TRP-20260604-0001501,81.09,apple_pay,settled,2026-06-05 14:06:22
PAY-20260604-0001502,TRP-20260604-0001502,51.52,mada,settled,2026-06-05 07:46:51
PAY-20260604-0001503,TRP-20260604-0001503,72.25,wallet,settled,2026-06-04 18:25:52
PAY-20260604-0001504,TRP-20260604-0001504,98.96,cash,settled,2026-06-04 15:29:40
PAY-20260604-0001505,TRP-20260604-0001505,15.55,mada,failed,2026-06-04 13:14:29
PAY-20260604-0001506,TRP-20260604-0001506,20.28,credit_card,settled,2026-06-04 17:21:56
PAY-20260604-0001507,TRP-20260604-0001507,67.00,cash,settled,2026-06-04 18:50:30
PAY-20260604-0001508,TRP-20260604-0001508,83.24,credit_card,settled,2026-06-05 03:37:32
PAY-20260604-0001509,TRP-20260604-0001509,31.52,mada,settled,2026-06-05 15:28:09
PAY-20260604-0001510,TRP-20260604-0001510,17.20,credit_card,settled,2026-06-04 11:41:49
PAY-20260604-0001511,TRP-20260604-0001511,10.15,apple_pay,settled,2026-06-04 13:12:44
PAY-20260604-0001512,TRP-20260604-0001512,32.19,credit_card,settled,2026-06-04 14:45:06
PAY-20260604-0001513,TRP-20260604-0001513,19.45,mada,settled,2026-06-05 02:16:07
PAY-20260604-0001514,TRP-20260604-0001514,50.09,mada,settled,2026-06-05 01:12:32
PAY-20260604-0001515,TRP-20260604-0001515,12.77,apple_pay,settled,2026-06-04 10:19:48
PAY-20260604-0001516,TRP-20260604-0001516,35.60,cash,settled,2026-06-04 13:38:50
PAY-20260604-0001517,TRP-20260604-0001517,60.18,apple_pay,settled,2026-06-04 10:48:37
PAY-20260604-0001518,TRP-20260604-0001518,30.65,credit_card,settled,2026-06-04 11:44:36
PAY-20260604-0001519,TRP-20260604-0001519,101.52,mada,settled,2026-06-04 09:48:57
PAY-20260604-0001520,TRP-20260604-0001520,61.85,apple_pay,settled,2026-06-04 23:05:09
PAY-20260604-0001521,TRP-20260604-0001521,53.13,stc_pay,settled,2026-06-04 14:07:20
PAY-20260604-0001522,TRP-20260604-0001522,46.86,mada,settled,2026-06-04 21:37:20
PAY-20260604-0001523,TRP-20260604-0001523,13.50,credit_card,settled,2026-06-04 09:42:19
PAY-20260604-0001524,TRP-20260604-0001524,22.53,wallet,settled,2026-06-04 16:19:13
PAY-20260604-0001525,TRP-20260604-0001525,34.26,credit_card,settled,2026-06-04 16:05:10
PAY-20260604-0001526,TRP-20260604-0001526,16.00,wallet,settled,2026-06-05 04:45:17
PAY-20260604-0001527,TRP-20260604-0001527,112.23,cash,settled,2026-06-04 17:45:20
PAY-20260604-0001528,TRP-20260604-0001528,50.10,mada,settled,2026-06-04 18:15:30
PAY-20260604-0001529,TRP-20260604-0001529,14.83,mada,settled,2026-06-04 03:21:19
PAY-20260604-0001530,TRP-20260604-0001530,50.33,mada,settled,2026-06-05 08:39:05
PAY-20260604-0001531,TRP-20260604-0001531,83.53,mada,settled,2026-06-04 15:37:24
PAY-20260604-0001532,TRP-20260604-0001532,29.94,cash,settled,2026-06-04 16:37:06
PAY-20260604-0001533,TRP-20260604-0001533,55.18,apple_pay,settled,2026-06-04 18:11:36
PAY-20260604-0001534,TRP-20260604-0001534,10.00,mada,settled,2026-06-04 04:19:50
PAY-20260604-0001535,TRP-20260604-0001535,28.64,mada,settled,2026-06-04 14:17:28
PAY-20260604-0001536,TRP-20260604-0001536,13.48,apple_pay,settled,2026-06-04 12:12:25
PAY-20260604-0001537,TRP-20260604-0001537,86.86,credit_card,settled,2026-06-04 15:07:54
PAY-20260604-0001538,TRP-20260604-0001538,25.57,cash,settled,2026-06-04 21:07:27
PAY-20260604-0001539,TRP-20260604-0001539,15.81,stc_pay,settled,2026-06-04 13:26:50
PAY-20260604-0001540,TRP-20260604-0001540,74.00,stc_pay,settled,2026-06-05 12:16:22
PAY-20260604-0001541,TRP-20260604-0001541,41.63,credit_card,settled,2026-06-04 14:42:35
PAY-20260604-0001542,TRP-20260604-0001542,12.00,cash,settled,2026-06-04 09:08:40
PAY-20260604-0001543,TRP-20260604-0001543,18.20,cash,settled,2026-06-04 14:11:44
PAY-20260604-0001544,TRP-20260604-0001544,38.15,credit_card,settled,2026-06-04 16:09:44
PAY-20260604-0001545,TRP-20260604-0001545,20.62,apple_pay,settled,2026-06-04 13:54:55
PAY-20260604-0001546,TRP-20260604-0001546,30.73,credit_card,settled,2026-06-04 15:30:28
PAY-20260604-0001547,TRP-20260604-0001547,36.62,credit_card,settled,2026-06-05 02:52:14
PAY-20260604-0001548,TRP-20260604-0001548,6.00,mada,settled,2026-06-04 17:46:22
PAY-20260604-0001549,TRP-20260604-0001549,152.96,credit_card,settled,2026-06-04 20:12:27
PAY-20260604-0001550,TRP-20260604-0001550,159.12,cash,settled,2026-06-04 19:27:12
PAY-20260604-0001551,TRP-20260604-0001551,10.00,mada,settled,2026-06-04 09:08:41
PAY-20260604-0001552,TRP-20260604-0001552,16.69,cash,settled,2026-06-04 07:37:52
PAY-20260604-0001553,TRP-20260604-0001553,13.23,mada,failed,2026-06-05 17:00:27
PAY-20260604-0001554,TRP-20260604-0001554,13.16,mada,settled,2026-06-04 15:52:27
PAY-20260604-0001555,TRP-20260604-0001555,53.86,mada,settled,2026-06-04 08:22:14
PAY-20260604-0001556,TRP-20260604-0001556,12.96,mada,settled,2026-06-05 04:21:10
PAY-20260604-0001557,TRP-20260604-0001557,19.58,stc_pay,settled,2026-06-04 12:23:49
PAY-20260604-0001558,TRP-20260604-0001558,20.71,apple_pay,settled,2026-06-04 12:04:18
PAY-20260604-0001559,TRP-20260604-0001559,33.83,mada,settled,2026-06-04 05:55:25
PAY-20260604-0001560,TRP-20260604-0001560,20.20,mada,settled,2026-06-04 07:12:47
PAY-20260604-0001561,TRP-20260604-0001561,152.30,credit_card,settled,2026-06-04 18:20:47
PAY-20260604-0001562,TRP-20260604-0001562,32.60,apple_pay,settled,2026-06-05 08:55:07
PAY-20260604-0001563,TRP-20260604-0001563,33.90,mada,settled,2026-06-04 08:48:02
PAY-20260604-0001564,TRP-20260604-0001564,84.34,stc_pay,settled,2026-06-05 10:15:05
PAY-20260604-0001565,TRP-20260604-0001565,37.44,apple_pay,settled,2026-06-04 14:47:03
PAY-20260604-0001566,TRP-20260604-0001566,36.43,cash,settled,2026-06-04 08:26:46
PAY-20260604-0001567,TRP-20260604-0001567,93.19,mada,settled,2026-06-04 12:20:11
PAY-20260604-0001568,TRP-20260604-0001568,24.11,mada,settled,2026-06-05 06:42:56
PAY-20260604-0001569,TRP-20260604-0001569,12.00,cash,settled,2026-06-04 01:58:13
PAY-20260604-0001570,TRP-20260604-0001570,96.02,mada,settled,2026-06-04 15:20:30
PAY-20260604-0001571,TRP-20260604-0001571,50.32,mada,settled,2026-06-04 17:43:38
PAY-20260604-0001572,TRP-20260604-0001572,30.64,mada,settled,2026-06-04 08:44:05
PAY-20260604-0001573,TRP-20260604-0001573,14.14,cash,settled,2026-06-04 04:39:47
PAY-20260604-0001574,TRP-20260604-0001574,12.31,mada,settled,2026-06-04 12:28:03
PAY-20260604-0001575,TRP-20260604-0001575,62.47,mada,settled,2026-06-04 21:29:37
PAY-20260604-0001576,TRP-20260604-0001576,194.49,cash,settled,2026-06-04 17:58:35
PAY-20260604-0001577,TRP-20260604-0001577,27.51,apple_pay,settled,2026-06-05 02:19:08
PAY-20260604-0001578,TRP-20260604-0001578,69.24,mada,settled,2026-06-04 12:59:00
PAY-20260604-0001579,TRP-20260604-0001579,36.70,mada,settled,2026-06-04 11:52:40
PAY-20260604-0001580,TRP-20260604-0001580,25.27,wallet,settled,2026-06-04 08:41:23
PAY-20260604-0001581,TRP-20260604-0001581,48.28,mada,settled,2026-06-04 12:59:43
PAY-20260604-0001582,TRP-20260604-0001582,30.46,mada,settled,2026-06-04 20:45:20
PAY-20260604-0001583,TRP-20260604-0001583,23.23,mada,settled,2026-06-04 17:56:10
PAY-20260604-0001584,TRP-20260604-0001584,13.74,cash,settled,2026-06-04 04:12:27
PAY-20260604-0001585,TRP-20260604-0001585,19.69,credit_card,settled,2026-06-03 22:07:56
PAY-20260604-0001586,TRP-20260604-0001586,31.24,apple_pay,settled,2026-06-05 10:37:12
PAY-20260604-0001587,TRP-20260604-0001587,19.33,cash,settled,2026-06-04 19:20:36
PAY-20260604-0001588,TRP-20260604-0001588,129.82,cash,settled,2026-06-04 15:53:35
PAY-20260604-0001589,TRP-20260604-0001589,13.32,stc_pay,settled,2026-06-04 20:21:20
PAY-20260604-0001590,TRP-20260604-0001590,38.39,mada,settled,2026-06-04 10:04:47
PAY-20260604-0001591,TRP-20260604-0001591,61.42,mada,settled,2026-06-04 07:08:00
PAY-20260604-0001592,TRP-20260604-0001592,12.94,wallet,settled,2026-06-04 16:24:19
PAY-20260604-0001593,TRP-20260604-0001593,50.43,apple_pay,settled,2026-06-04 16:06:34
PAY-20260604-0001594,TRP-20260604-0001594,19.94,credit_card,settled,2026-06-04 15:59:02
PAY-20260604-0001595,TRP-20260604-0001595,24.42,credit_card,settled,2026-06-05 14:44:59
PAY-20260604-0001596,TRP-20260604-0001596,31.28,mada,settled,2026-06-05 06:29:44
PAY-20260604-0001597,TRP-20260604-0001597,23.83,mada,settled,2026-06-04 13:37:15
PAY-20260604-0001598,TRP-20260604-0001598,43.52,apple_pay,settled,2026-06-04 05:26:03
PAY-20260604-0001599,TRP-20260604-0001599,55.16,mada,settled,2026-06-04 07:19:15
PAY-20260604-0001600,TRP-20260604-0001600,23.22,stc_pay,settled,2026-06-04 16:27:01
PAY-20260604-0001601,TRP-20260604-0001601,18.52,credit_card,settled,2026-06-04 07:47:07
PAY-20260604-0001602,TRP-20260604-0001602,86.62,wallet,settled,2026-06-04 21:46:59
PAY-20260604-0001603,TRP-20260604-0001603,32.06,wallet,settled,2026-06-04 19:17:58
PAY-20260604-0001604,TRP-20260604-0001604,28.49,cash,settled,2026-06-04 17:57:33
PAY-20260604-0001605,TRP-20260604-0001605,22.44,mada,settled,2026-06-04 06:47:47
PAY-20260604-0001606,TRP-20260604-0001606,31.34,cash,settled,2026-06-04 14:41:27
PAY-20260604-0001607,TRP-20260604-0001607,41.73,credit_card,settled,2026-06-04 13:00:40
PAY-20260604-0001608,TRP-20260604-0001608,109.16,apple_pay,settled,2026-06-04 18:49:34
PAY-20260604-0001609,TRP-20260604-0001609,69.99,stc_pay,settled,2026-06-04 15:11:33
PAY-20260604-0001610,TRP-20260604-0001610,82.46,mada,settled,2026-06-05 10:06:06
PAY-20260604-0001611,TRP-20260604-0001611,46.76,stc_pay,settled,2026-06-05 05:25:14
PAY-20260604-0001612,TRP-20260604-0001612,21.82,mada,settled,2026-06-04 23:31:21
PAY-20260604-0001613,TRP-20260604-0001613,30.83,wallet,settled,2026-06-05 07:06:45
PAY-20260604-0001614,TRP-20260604-0001614,95.94,mada,settled,2026-06-05 01:47:16
PAY-20260604-0001615,TRP-20260604-0001615,22.63,mada,settled,2026-06-04 07:04:25
PAY-20260604-0001616,TRP-20260604-0001616,130.47,credit_card,pending,2026-06-04 08:28:46
PAY-20260604-0001617,TRP-20260604-0001617,20.75,cash,settled,2026-06-04 11:41:53
PAY-20260604-0001618,TRP-20260604-0001618,35.70,mada,settled,2026-06-04 12:25:51
PAY-20260604-0001619,TRP-20260604-0001619,41.56,cash,settled,2026-06-04 05:40:50
PAY-20260604-0001620,TRP-20260604-0001620,74.56,cash,settled,2026-06-04 05:53:58
PAY-20260604-0001621,TRP-20260604-0001621,10.00,credit_card,settled,2026-06-04 17:35:21
PAY-20260604-0001622,TRP-20260604-0001622,27.88,credit_card,settled,2026-06-05 14:57:20
PAY-20260604-0001623,TRP-20260604-0001623,10.00,stc_pay,settled,2026-06-04 13:49:27
PAY-20260604-0001624,TRP-20260604-0001624,96.87,mada,settled,2026-06-03 23:08:58
PAY-20260604-0001625,TRP-20260604-0001625,10.58,mada,settled,2026-06-04 16:53:32
PAY-20260604-0001626,TRP-20260604-0001626,56.96,mada,settled,2026-06-03 22:58:19
PAY-20260604-0001627,TRP-20260604-0001627,17.02,apple_pay,settled,2026-06-04 12:56:33
PAY-20260604-0001628,TRP-20260604-0001628,26.39,credit_card,settled,2026-06-04 17:25:41
PAY-20260604-0001629,TRP-20260604-0001629,56.99,credit_card,settled,2026-06-04 06:20:16
PAY-20260604-0001630,TRP-20260604-0001630,32.37,wallet,settled,2026-06-04 09:47:34
PAY-20260604-0001631,TRP-20260604-0001631,19.59,wallet,settled,2026-06-04 14:55:37
PAY-20260604-0001632,TRP-20260604-0001632,11.00,apple_pay,settled,2026-06-05 16:28:42
PAY-20260604-0001633,TRP-20260604-0001633,30.24,mada,failed,2026-06-05 14:40:50
PAY-20260604-0001634,TRP-20260604-0001634,58.45,apple_pay,settled,2026-06-04 17:40:01
PAY-20260604-0001636,TRP-20260604-0001636,66.41,mada,settled,2026-06-04 08:52:52
PAY-20260604-0001637,TRP-20260604-0001637,30.15,apple_pay,settled,2026-06-04 12:05:27
PAY-20260604-0001638,TRP-20260604-0001638,15.05,mada,settled,2026-06-04 16:00:56
PAY-20260604-0001639,TRP-20260604-0001639,133.62,stc_pay,settled,2026-06-04 16:52:25
PAY-20260604-0001640,TRP-20260604-0001640,12.84,mada,settled,2026-06-04 12:58:07
PAY-20260604-0001642,TRP-20260604-0001642,20.35,mada,settled,2026-06-05 14:52:58
PAY-20260604-0001643,TRP-20260604-0001643,95.96,cash,settled,2026-06-04 16:25:36
PAY-20260604-0001644,TRP-20260604-0001644,75.24,wallet,settled,2026-06-04 19:40:57
PAY-20260604-0001645,TRP-20260604-0001645,37.37,mada,settled,2026-06-04 11:40:21
PAY-20260604-0001646,TRP-20260604-0001646,11.00,cash,settled,2026-06-04 00:16:32
PAY-20260604-0001647,TRP-20260604-0001647,91.84,wallet,settled,2026-06-04 21:09:31
PAY-20260604-0001648,TRP-20260604-0001648,106.97,cash,settled,2026-06-04 11:25:48
PAY-20260604-0001649,TRP-20260604-0001649,43.39,credit_card,settled,2026-06-04 22:24:31
PAY-20260604-0001650,TRP-20260604-0001650,81.19,mada,settled,2026-06-04 17:47:45
PAY-20260604-0001651,TRP-20260604-0001651,11.71,mada,settled,2026-06-04 11:06:56
PAY-20260604-0001652,TRP-20260604-0001652,71.45,mada,settled,2026-06-04 18:43:26
PAY-20260604-0001653,TRP-20260604-0001653,24.86,apple_pay,settled,2026-06-05 14:01:12
PAY-20260604-0001654,TRP-20260604-0001654,49.68,mada,settled,2026-06-04 13:16:58
PAY-20260604-0001655,TRP-20260604-0001655,19.47,mada,settled,2026-06-04 13:00:28
PAY-20260604-0001656,TRP-20260604-0001656,46.46,cash,settled,2026-06-04 11:04:31
PAY-20260604-0001657,TRP-20260604-0001657,67.42,stc_pay,settled,2026-06-04 15:57:46
PAY-20260604-0001658,TRP-20260604-0001658,83.81,mada,settled,2026-06-05 13:32:54
PAY-20260604-0001659,TRP-20260604-0001659,18.94,credit_card,settled,2026-06-05 15:42:32
PAY-20260604-0001660,TRP-20260604-0001660,23.95,credit_card,settled,2026-06-04 14:59:59
PAY-20260604-0001661,TRP-20260604-0001661,13.49,credit_card,settled,2026-06-04 06:40:04
PAY-20260604-0001662,TRP-20260604-0001662,27.45,mada,settled,2026-06-04 08:25:08
PAY-20260604-0001663,TRP-20260604-0001663,19.93,mada,settled,2026-06-04 16:58:04
PAY-20260604-0001664,TRP-20260604-0001664,31.45,mada,settled,2026-06-04 15:24:50
PAY-20260604-0001665,TRP-20260604-0001665,10.20,credit_card,settled,2026-06-04 21:04:30
PAY-20260604-0001666,TRP-20260604-0001666,53.71,cash,settled,2026-06-04 03:44:23
PAY-20260604-0001667,TRP-20260604-0001667,38.67,apple_pay,settled,2026-06-04 16:45:18
PAY-20260604-0001668,TRP-20260604-0001668,16.17,cash,settled,2026-06-04 04:13:53
PAY-20260604-0001669,TRP-20260604-0001669,25.61,mada,settled,2026-06-04 22:19:20
PAY-20260604-0001670,TRP-20260604-0001670,21.95,stc_pay,settled,2026-06-04 18:52:53
PAY-20260604-0001671,TRP-20260604-0001671,28.66,mada,pending,2026-06-04 21:02:16
PAY-20260604-0001672,TRP-20260604-0001672,12.00,cash,settled,2026-06-04 08:29:16
PAY-20260604-0001673,TRP-20260604-0001673,39.62,credit_card,settled,2026-06-05 02:57:30
PAY-20260604-0001674,TRP-20260604-0001674,55.02,mada,settled,2026-06-05 15:37:53
PAY-20260604-0001675,TRP-20260604-0001675,24.92,stc_pay,settled,2026-06-04 19:26:40
PAY-20260604-0001676,TRP-20260604-0001676,48.87,credit_card,settled,2026-06-04 08:36:47
PAY-20260604-0001677,TRP-20260604-0001677,16.26,mada,settled,2026-06-04 04:56:11
PAY-20260604-0001678,TRP-20260604-0001678,14.00,cash,settled,2026-06-04 16:47:00
PAY-20260604-0001679,TRP-20260604-0001679,40.82,mada,settled,2026-06-04 12:32:32
PAY-20260604-0001680,TRP-20260604-0001680,33.93,mada,settled,2026-06-05 09:12:25
PAY-20260604-0001681,TRP-20260604-0001681,47.41,cash,settled,2026-06-04 18:39:26
PAY-20260604-0001682,TRP-20260604-0001682,118.18,mada,settled,2026-06-04 21:12:58
PAY-20260604-0001683,TRP-20260604-0001683,33.48,mada,settled,2026-06-04 18:06:41
PAY-20260604-0001684,TRP-20260604-0001684,43.83,stc_pay,settled,2026-06-04 09:23:58
PAY-20260604-0001685,TRP-20260604-0001685,87.87,mada,settled,2026-06-04 16:46:44
PAY-20260604-0001686,TRP-20260604-0001686,16.86,wallet,pending,2026-06-04 12:44:07
PAY-20260604-0001687,TRP-20260604-0001687,19.31,mada,settled,2026-06-04 20:38:33
PAY-20260604-0001688,TRP-20260604-0001688,17.52,cash,settled,2026-06-04 09:26:24
PAY-20260604-0001689,TRP-20260604-0001689,48.65,apple_pay,settled,2026-06-04 18:33:25
PAY-20260604-0001690,TRP-20260604-0001690,27.29,credit_card,settled,2026-06-04 17:59:12
PAY-20260604-0001691,TRP-20260604-0001691,21.10,mada,settled,2026-06-04 06:40:44
PAY-20260604-0001692,TRP-20260604-0001692,173.11,stc_pay,settled,2026-06-05 06:21:53
PAY-20260604-0001693,TRP-20260604-0001693,39.31,credit_card,settled,2026-06-04 16:26:55
PAY-20260604-0001694,TRP-20260604-0001694,24.79,mada,settled,2026-06-04 12:17:42
PAY-20260604-0001695,TRP-20260604-0001695,15.11,wallet,settled,2026-06-04 15:51:29
PAY-20260604-0001696,TRP-20260604-0001696,84.05,cash,settled,2026-06-04 11:01:10
PAY-20260604-0001697,TRP-20260604-0001697,28.26,mada,settled,2026-06-05 08:54:23
PAY-20260604-0001698,TRP-20260604-0001698,59.77,apple_pay,settled,2026-06-04 06:55:13
PAY-20260604-0001699,TRP-20260604-0001699,22.07,mada,settled,2026-06-04 16:06:55
PAY-20260604-0001700,TRP-20260604-0001700,25.23,cash,settled,2026-06-04 18:02:03
PAY-20260604-0001701,TRP-20260604-0001701,12.36,mada,settled,2026-06-04 12:50:00
PAY-20260604-0001702,TRP-20260604-0001702,29.79,stc_pay,refunded,2026-06-04 12:51:33
PAY-20260604-0001703,TRP-20260604-0001703,54.63,credit_card,settled,2026-06-04 11:51:07
PAY-20260604-0001704,TRP-20260604-0001704,115.28,mada,settled,2026-06-05 01:54:31
PAY-20260604-0001705,TRP-20260604-0001705,25.83,credit_card,settled,2026-06-05 02:21:25
PAY-20260604-0001706,TRP-20260604-0001706,43.77,stc_pay,settled,2026-06-05 04:55:59
PAY-20260604-0001707,TRP-20260604-0001707,22.81,stc_pay,pending,2026-06-04 02:01:17
PAY-20260604-0001708,TRP-20260604-0001708,12.04,mada,settled,2026-06-04 09:51:31
PAY-20260604-0001709,TRP-20260604-0001709,30.11,credit_card,settled,2026-06-04 16:58:49
PAY-20260604-0001710,TRP-20260604-0001710,125.08,mada,settled,2026-06-04 11:10:15
PAY-20260604-0001711,TRP-20260604-0001711,93.75,apple_pay,settled,2026-06-03 22:56:23
PAY-20260604-0001712,TRP-20260604-0001712,37.33,mada,settled,2026-06-04 06:24:18
PAY-20260604-0001713,TRP-20260604-0001713,12.04,wallet,pending,2026-06-04 06:26:26
PAY-20260604-0001714,TRP-20260604-0001714,83.12,mada,settled,2026-06-04 07:24:02
PAY-20260604-0001715,TRP-20260604-0001715,74.09,mada,settled,2026-06-04 12:59:07
PAY-20260604-0001716,TRP-20260604-0001716,71.06,apple_pay,settled,2026-06-04 11:25:32
PAY-20260604-0001717,TRP-20260604-0001717,20.20,apple_pay,settled,2026-06-04 06:17:25
PAY-20260604-0001718,TRP-20260604-0001718,31.17,cash,settled,2026-06-04 06:44:32
PAY-20260604-0001719,TRP-20260604-0001719,257.77,cash,settled,2026-06-04 17:43:48
PAY-20260604-0001720,TRP-20260604-0001720,100.64,credit_card,settled,2026-06-04 07:40:33
PAY-20260604-0001721,TRP-20260604-0001721,13.93,cash,settled,2026-06-04 11:07:32
PAY-20260604-0001722,TRP-20260604-0001722,17.24,apple_pay,settled,2026-06-04 18:17:40
PAY-20260604-0001723,TRP-20260604-0001723,62.33,stc_pay,settled,2026-06-04 13:26:21
PAY-20260604-0001724,TRP-20260604-0001724,62.60,cash,settled,2026-06-04 15:28:22
PAY-20260604-0001725,TRP-20260604-0001725,8.00,mada,settled,2026-06-05 00:31:24
PAY-20260604-0001726,TRP-20260604-0001726,11.68,apple_pay,settled,2026-06-04 13:11:42
PAY-20260604-0001727,TRP-20260604-0001727,24.78,cash,settled,2026-06-04 16:29:44
PAY-20260604-0001728,TRP-20260604-0001728,22.24,mada,settled,2026-06-04 04:42:58
PAY-20260604-0001729,TRP-20260604-0001729,58.16,credit_card,settled,2026-06-05 07:27:35
PAY-20260604-0001730,TRP-20260604-0001730,20.94,apple_pay,settled,2026-06-05 11:27:25
PAY-20260604-0001731,TRP-20260604-0001731,14.10,apple_pay,settled,2026-06-03 22:42:29
PAY-20260604-0001732,TRP-20260604-0001732,78.89,apple_pay,settled,2026-06-04 09:54:09
PAY-20260604-0001733,TRP-20260604-0001733,44.84,mada,settled,2026-06-04 10:31:25
PAY-20260604-0001734,TRP-20260604-0001734,137.74,stc_pay,pending,2026-06-04 07:57:12
PAY-20260604-0001735,TRP-20260604-0001735,25.49,mada,settled,2026-06-04 11:12:00
PAY-20260604-0001736,TRP-20260604-0001736,16.42,mada,settled,2026-06-04 20:59:40
PAY-20260604-0001737,TRP-20260604-0001737,28.09,mada,settled,2026-06-04 06:46:43
PAY-20260604-0001738,TRP-20260604-0001738,44.55,mada,settled,2026-06-04 20:43:28
PAY-20260604-0001739,TRP-20260604-0001739,74.54,mada,settled,2026-06-04 18:27:49
PAY-20260604-0001740,TRP-20260604-0001740,11.93,apple_pay,settled,2026-06-04 10:12:31
PAY-20260604-0001741,TRP-20260604-0001741,13.21,mada,settled,2026-06-04 14:26:57
PAY-20260604-0001743,TRP-20260604-0001743,20.99,stc_pay,settled,2026-06-04 12:10:09
PAY-20260604-0001744,TRP-20260604-0001744,22.70,apple_pay,settled,2026-06-04 16:11:46
PAY-20260604-0001745,TRP-20260604-0001745,64.21,credit_card,settled,2026-06-04 17:32:20
PAY-20260604-0001746,TRP-20260604-0001746,35.89,mada,settled,2026-06-04 07:26:01
PAY-20260604-0001747,TRP-20260604-0001747,45.67,credit_card,settled,2026-06-05 02:14:31
PAY-20260604-0001748,TRP-20260604-0001748,30.30,mada,settled,2026-06-04 17:11:58
PAY-20260604-0001749,TRP-20260604-0001749,137.81,mada,settled,2026-06-04 10:46:22
PAY-20260604-0001750,TRP-20260604-0001750,24.79,mada,settled,2026-06-04 19:48:45
PAY-20260604-0001751,TRP-20260604-0001751,61.83,cash,settled,2026-06-04 10:58:05
PAY-20260604-0001752,TRP-20260604-0001752,33.68,cash,settled,2026-06-04 15:58:34
PAY-20260604-0001753,TRP-20260604-0001753,53.42,apple_pay,settled,2026-06-04 22:12:07
PAY-20260604-0001754,TRP-20260604-0001754,107.21,mada,settled,2026-06-04 11:50:56
PAY-20260604-0001755,TRP-20260604-0001755,13.24,mada,settled,2026-06-04 11:53:29
PAY-20260604-0001757,TRP-20260604-0001757,18.86,cash,settled,2026-06-04 10:08:00
PAY-20260604-0001758,TRP-20260604-0001758,40.23,apple_pay,settled,2026-06-04 21:46:47
PAY-20260604-0001759,TRP-20260604-0001759,13.93,apple_pay,settled,2026-06-04 17:10:01
PAY-20260604-0001760,TRP-20260604-0001760,23.97,mada,settled,2026-06-05 05:44:18
PAY-20260604-0001761,TRP-20260604-0001761,22.66,apple_pay,settled,2026-06-04 12:45:22
PAY-20260604-0001762,TRP-20260604-0001762,27.13,cash,settled,2026-06-04 07:24:46
PAY-20260604-0001763,TRP-20260604-0001763,18.69,mada,settled,2026-06-04 12:33:11
PAY-20260604-0001764,TRP-20260604-0001764,20.04,credit_card,settled,2026-06-03 21:25:55
PAY-20260604-0001765,TRP-20260604-0001765,28.56,mada,settled,2026-06-04 06:29:34
PAY-20260604-0001766,TRP-20260604-0001766,46.32,cash,settled,2026-06-04 12:30:13
PAY-20260604-0001767,TRP-20260604-0001767,16.04,apple_pay,settled,2026-06-04 13:31:34
PAY-20260604-0001768,TRP-20260604-0001768,34.37,stc_pay,settled,2026-06-04 10:15:34
PAY-20260604-0001769,TRP-20260604-0001769,42.31,cash,settled,2026-06-04 21:08:26
PAY-20260604-0001770,TRP-20260604-0001770,62.64,credit_card,settled,2026-06-04 15:18:48
PAY-20260604-0001771,TRP-20260604-0001771,20.76,stc_pay,settled,2026-06-04 12:53:17
PAY-20260604-0001772,TRP-20260604-0001772,17.83,mada,settled,2026-06-04 13:15:54
PAY-20260604-0001773,TRP-20260604-0001773,29.49,cash,settled,2026-06-04 16:38:40
PAY-20260604-0001774,TRP-20260604-0001774,14.15,mada,settled,2026-06-04 10:11:26
PAY-20260604-0001775,TRP-20260604-0001775,14.19,stc_pay,settled,2026-06-04 14:19:57
PAY-20260604-0001776,TRP-20260604-0001776,66.57,mada,settled,2026-06-04 07:29:11
PAY-20260604-0001777,TRP-20260604-0001777,56.17,mada,settled,2026-06-04 22:42:42
PAY-20260604-0001778,TRP-20260604-0001778,15.93,cash,settled,2026-06-04 09:42:35
PAY-20260604-0001779,TRP-20260604-0001779,42.07,credit_card,settled,2026-06-04 13:29:13
PAY-20260604-0001780,TRP-20260604-0001780,31.91,credit_card,settled,2026-06-04 10:54:43
PAY-20260604-0001781,TRP-20260604-0001781,13.65,credit_card,settled,2026-06-04 14:32:51
PAY-20260604-0001782,TRP-20260604-0001782,40.54,mada,settled,2026-06-05 03:25:03
PAY-20260604-0001783,TRP-20260604-0001783,27.92,mada,settled,2026-06-04 18:32:07
PAY-20260604-0001784,TRP-20260604-0001784,22.33,stc_pay,settled,2026-06-04 15:08:14
PAY-20260604-0001785,TRP-20260604-0001785,34.77,mada,settled,2026-06-04 15:40:09
PAY-20260604-0001786,TRP-20260604-0001786,22.86,credit_card,settled,2026-06-05 12:46:42
PAY-20260604-0001787,TRP-20260604-0001787,38.23,apple_pay,failed,2026-06-04 17:59:16
PAY-20260604-0001788,TRP-20260604-0001788,49.86,credit_card,settled,2026-06-04 16:19:29
PAY-20260604-0001789,TRP-20260604-0001789,12.24,stc_pay,settled,2026-06-04 04:24:21
PAY-20260604-0001790,TRP-20260604-0001790,22.55,mada,settled,2026-06-04 17:55:14
PAY-20260604-0001791,TRP-20260604-0001791,22.37,cash,settled,2026-06-04 17:25:03
PAY-20260604-0001792,TRP-20260604-0001792,67.28,apple_pay,settled,2026-06-04 15:14:39
PAY-20260604-0001793,TRP-20260604-0001793,44.46,mada,settled,2026-06-04 15:48:31
PAY-20260604-0001794,TRP-20260604-0001794,19.55,mada,settled,2026-06-04 05:28:27
PAY-20260604-0001795,TRP-20260604-0001795,12.58,wallet,settled,2026-06-05 07:53:40
PAY-20260604-0001796,TRP-20260604-0001796,46.56,stc_pay,settled,2026-06-04 08:15:41
PAY-20260604-0001797,TRP-20260604-0001797,34.55,mada,settled,2026-06-04 10:31:45
PAY-20260604-0001798,TRP-20260604-0001798,94.84,wallet,settled,2026-06-04 15:19:19
PAY-20260604-0001799,TRP-20260604-0001799,21.81,credit_card,settled,2026-06-04 10:44:18
PAY-20260604-0001800,TRP-20260604-0001800,54.80,mada,settled,2026-06-04 07:01:19
PAY-20260604-0001801,TRP-20260604-0001801,20.26,apple_pay,settled,2026-06-04 20:45:07
PAY-20260604-0001802,TRP-20260604-0001802,34.43,credit_card,settled,2026-06-05 06:52:37
PAY-20260604-0001803,TRP-20260604-0001803,12.00,apple_pay,settled,2026-06-04 19:42:19
PAY-20260604-0001804,TRP-20260604-0001804,13.93,mada,settled,2026-06-04 00:14:21
PAY-20260604-0001805,TRP-20260604-0001805,20.84,credit_card,settled,2026-06-04 17:54:15
PAY-20260604-0001806,TRP-20260604-0001806,147.56,credit_card,settled,2026-06-04 21:41:50
PAY-20260604-0001807,TRP-20260604-0001807,23.10,mada,settled,2026-06-04 14:47:00
PAY-20260604-0001808,TRP-20260604-0001808,15.73,mada,settled,2026-06-04 11:51:42
PAY-20260604-0001809,TRP-20260604-0001809,114.38,mada,settled,2026-06-04 16:02:57
PAY-20260604-0001810,TRP-20260604-0001810,29.24,cash,settled,2026-06-04 03:58:55
PAY-20260604-0001811,TRP-20260604-0001811,31.69,cash,settled,2026-06-04 12:53:32
PAY-20260604-0001812,TRP-20260604-0001812,65.17,apple_pay,settled,2026-06-05 00:41:25
PAY-20260604-0001813,TRP-20260604-0001813,48.35,apple_pay,settled,2026-06-04 19:25:22
PAY-20260604-0001814,TRP-20260604-0001814,16.44,credit_card,settled,2026-06-04 13:07:14
PAY-20260604-0001815,TRP-20260604-0001815,41.41,mada,settled,2026-06-04 18:17:39
PAY-20260604-0001816,TRP-20260604-0001816,11.73,stc_pay,settled,2026-06-04 10:09:33
PAY-20260604-0001817,TRP-20260604-0001817,32.13,cash,settled,2026-06-04 07:09:27
PAY-20260604-0001818,TRP-20260604-0001818,54.93,apple_pay,settled,2026-06-04 20:21:14
PAY-20260604-0001820,TRP-20260604-0001820,116.20,credit_card,settled,2026-06-04 11:31:17
PAY-20260604-0001821,TRP-20260604-0001821,20.50,mada,settled,2026-06-04 16:48:39
PAY-20260604-0001822,TRP-20260604-0001822,99.84,apple_pay,settled,2026-06-04 18:26:43
PAY-20260604-0001823,TRP-20260604-0001823,49.24,mada,settled,2026-06-04 04:19:12
PAY-20260604-0001824,TRP-20260604-0001824,103.01,wallet,settled,2026-06-04 20:19:29
PAY-20260604-0001825,TRP-20260604-0001825,16.76,stc_pay,settled,2026-06-04 13:23:49
PAY-20260604-0001826,TRP-20260604-0001826,33.46,mada,refunded,2026-06-04 16:15:48
PAY-20260604-0001827,TRP-20260604-0001827,37.15,apple_pay,settled,2026-06-04 11:50:11
PAY-20260604-0001828,TRP-20260604-0001828,34.01,apple_pay,settled,2026-06-05 14:26:20
PAY-20260604-0001829,TRP-20260604-0001829,45.22,mada,settled,2026-06-04 14:34:43
PAY-20260604-0001830,TRP-20260604-0001830,19.64,mada,settled,2026-06-04 13:22:48
PAY-20260604-0001831,TRP-20260604-0001831,123.78,cash,settled,2026-06-04 17:12:05
PAY-20260604-0001832,TRP-20260604-0001832,20.22,wallet,settled,2026-06-04 22:32:12
PAY-20260604-0001833,TRP-20260604-0001833,16.61,credit_card,settled,2026-06-04 22:13:04
PAY-20260604-0001834,TRP-20260604-0001834,30.96,mada,settled,2026-06-05 15:15:50
PAY-20260604-0001835,TRP-20260604-0001835,12.00,stc_pay,settled,2026-06-04 09:04:56
PAY-20260604-0001836,TRP-20260604-0001836,20.50,mada,pending,2026-06-05 05:13:18
PAY-20260604-0001837,TRP-20260604-0001837,11.50,apple_pay,settled,2026-06-05 02:46:17
PAY-20260604-0001838,TRP-20260604-0001838,6.00,apple_pay,settled,2026-06-04 18:37:43
PAY-20260604-0001839,TRP-20260604-0001839,27.65,mada,settled,2026-06-05 00:03:13
PAY-20260604-0001840,TRP-20260604-0001840,81.04,mada,settled,2026-06-04 07:49:36
PAY-20260604-0001841,TRP-20260604-0001841,65.69,mada,settled,2026-06-04 16:56:51
PAY-20260604-0001842,TRP-20260604-0001842,26.82,cash,settled,2026-06-04 18:27:14
PAY-20260604-0001843,TRP-20260604-0001843,11.99,credit_card,settled,2026-06-04 04:25:51
PAY-20260604-0001844,TRP-20260604-0001844,32.74,apple_pay,settled,2026-06-04 17:57:35
PAY-20260604-0001845,TRP-20260604-0001845,49.77,stc_pay,settled,2026-06-04 12:08:11
PAY-20260604-0001846,TRP-20260604-0001846,49.03,credit_card,settled,2026-06-04 06:42:57
PAY-20260604-0001847,TRP-20260604-0001847,60.42,credit_card,settled,2026-06-04 15:58:56
PAY-20260604-0001848,TRP-20260604-0001848,29.33,cash,settled,2026-06-04 05:11:19
PAY-20260604-0001849,TRP-20260604-0001849,11.02,stc_pay,settled,2026-06-04 14:46:50
PAY-20260604-0001850,TRP-20260604-0001850,29.50,stc_pay,settled,2026-06-05 04:31:49
PAY-20260604-0001851,TRP-20260604-0001851,39.96,credit_card,settled,2026-06-05 14:58:21
PAY-20260604-0001852,TRP-20260604-0001852,15.64,cash,settled,2026-06-04 12:06:31
PAY-20260604-0001853,TRP-20260604-0001853,22.09,mada,settled,2026-06-04 08:55:51
PAY-20260604-0001854,TRP-20260604-0001854,61.03,credit_card,settled,2026-06-04 12:07:36
PAY-20260604-0001855,TRP-20260604-0001855,20.15,credit_card,settled,2026-06-05 00:42:17
PAY-20260604-0001856,TRP-20260604-0001856,19.48,credit_card,settled,2026-06-04 07:09:31
PAY-20260604-0001857,TRP-20260604-0001857,38.62,stc_pay,settled,2026-06-04 16:04:28
PAY-20260604-0001858,TRP-20260604-0001858,36.20,mada,settled,2026-06-04 18:49:19
PAY-20260604-0001859,TRP-20260604-0001859,47.14,credit_card,settled,2026-06-05 01:49:15
PAY-20260604-0001860,TRP-20260604-0001860,45.07,cash,settled,2026-06-04 11:16:16
PAY-20260604-0001861,TRP-20260604-0001861,24.85,mada,settled,2026-06-05 01:17:44
PAY-20260604-0001862,TRP-20260604-0001862,22.66,mada,settled,2026-06-04 07:42:33
PAY-20260604-0001863,TRP-20260604-0001863,26.51,mada,settled,2026-06-05 16:55:33
PAY-20260604-0001864,TRP-20260604-0001864,80.90,apple_pay,settled,2026-06-04 06:29:09
PAY-20260604-0001865,TRP-20260604-0001865,18.72,stc_pay,settled,2026-06-04 19:25:25
PAY-20260604-0001866,TRP-20260604-0001866,28.03,mada,settled,2026-06-04 13:02:05
PAY-20260604-0001867,TRP-20260604-0001867,22.13,credit_card,settled,2026-06-04 18:46:40
PAY-20260604-0001868,TRP-20260604-0001868,63.85,mada,settled,2026-06-04 19:43:18
PAY-20260604-0001869,TRP-20260604-0001869,65.33,mada,settled,2026-06-05 20:05:32
PAY-20260604-0001870,TRP-20260604-0001870,60.13,mada,failed,2026-06-04 10:40:41
PAY-20260604-0001871,TRP-20260604-0001871,25.26,stc_pay,settled,2026-06-04 06:12:31
PAY-20260604-0001872,TRP-20260604-0001872,15.37,stc_pay,settled,2026-06-04 11:20:42
PAY-20260604-0001873,TRP-20260604-0001873,86.64,mada,settled,2026-06-05 16:56:01
PAY-20260604-0001874,TRP-20260604-0001874,28.77,stc_pay,settled,2026-06-05 10:21:44
PAY-20260604-0001875,TRP-20260604-0001875,26.23,mada,settled,2026-06-04 08:14:37
PAY-20260604-0001876,TRP-20260604-0001876,71.58,mada,settled,2026-06-04 20:26:02
PAY-20260604-0001877,TRP-20260604-0001877,63.36,wallet,settled,2026-06-04 20:38:50
PAY-20260604-0001878,TRP-20260604-0001878,30.82,mada,settled,2026-06-04 19:18:09
PAY-20260604-0001879,TRP-20260604-0001879,42.08,stc_pay,settled,2026-06-04 06:50:21
PAY-20260604-0001880,TRP-20260604-0001880,54.19,stc_pay,settled,2026-06-05 12:19:11
PAY-20260604-0001881,TRP-20260604-0001881,6.00,wallet,settled,2026-06-04 07:31:06
PAY-20260604-0001882,TRP-20260604-0001882,18.77,mada,settled,2026-06-05 01:54:29
PAY-20260604-0001883,TRP-20260604-0001883,181.58,wallet,settled,2026-06-05 14:52:07
PAY-20260604-0001884,TRP-20260604-0001884,27.06,apple_pay,settled,2026-06-04 06:09:46
PAY-20260604-0001885,TRP-20260604-0001885,13.94,stc_pay,settled,2026-06-04 06:34:17
PAY-20260604-0001886,TRP-20260604-0001886,23.31,mada,settled,2026-06-04 08:35:27
PAY-20260604-0001887,TRP-20260604-0001887,57.89,mada,settled,2026-06-04 21:46:04
PAY-20260604-0001888,TRP-20260604-0001888,13.80,stc_pay,settled,2026-06-04 15:26:28
PAY-20260604-0001889,TRP-20260604-0001889,24.57,wallet,settled,2026-06-05 04:17:07
PAY-20260604-0001890,TRP-20260604-0001890,66.83,stc_pay,settled,2026-06-05 00:42:19
PAY-20260604-0001891,TRP-20260604-0001891,15.33,mada,settled,2026-06-04 18:20:15
PAY-20260604-0001892,TRP-20260604-0001892,36.81,mada,settled,2026-06-04 05:37:04
PAY-20260604-0001893,TRP-20260604-0001893,12.04,apple_pay,settled,2026-06-04 14:51:18
PAY-20260604-0001895,TRP-20260604-0001895,6.00,mada,settled,2026-06-04 18:00:57
PAY-20260604-0001896,TRP-20260604-0001896,24.09,apple_pay,settled,2026-06-04 12:13:28
PAY-20260604-0001897,TRP-20260604-0001897,34.96,credit_card,settled,2026-06-04 07:44:46
PAY-20260604-0001898,TRP-20260604-0001898,56.69,apple_pay,settled,2026-06-04 06:28:26
PAY-20260604-0001899,TRP-20260604-0001899,24.48,cash,settled,2026-06-04 10:16:53
PAY-20260604-0001900,TRP-20260604-0001900,14.05,stc_pay,settled,2026-06-04 21:27:15
PAY-20260604-0001901,TRP-20260604-0001901,49.64,mada,settled,2026-06-04 23:43:54
PAY-20260604-0001902,TRP-20260604-0001902,31.41,stc_pay,settled,2026-06-04 05:08:50
PAY-20260604-0001903,TRP-20260604-0001903,55.58,mada,settled,2026-06-04 14:24:07
PAY-20260604-0001904,TRP-20260604-0001904,78.56,stc_pay,settled,2026-06-04 05:29:08
PAY-20260604-0001905,TRP-20260604-0001905,44.14,wallet,settled,2026-06-04 12:11:45
PAY-20260604-0001906,TRP-20260604-0001906,15.75,mada,settled,2026-06-05 04:51:38
PAY-20260604-0001907,TRP-20260604-0001907,15.39,mada,settled,2026-06-04 06:39:33
PAY-20260604-0001908,TRP-20260604-0001908,42.53,stc_pay,settled,2026-06-05 15:38:45
PAY-20260604-0001909,TRP-20260604-0001909,20.02,cash,settled,2026-06-04 16:42:56
PAY-20260604-0001910,TRP-20260604-0001910,34.30,cash,settled,2026-06-04 15:58:04
PAY-20260604-0001911,TRP-20260604-0001911,69.77,mada,settled,2026-06-04 08:40:24
PAY-20260604-0001912,TRP-20260604-0001912,11.70,mada,settled,2026-06-04 05:06:34
PAY-20260604-0001913,TRP-20260604-0001913,19.58,credit_card,settled,2026-06-04 00:00:31
PAY-20260604-0001914,TRP-20260604-0001914,56.68,credit_card,settled,2026-06-04 14:06:12
PAY-20260604-0001915,TRP-20260604-0001915,21.93,mada,settled,2026-06-04 11:04:23
PAY-20260604-0001916,TRP-20260604-0001916,10.00,wallet,settled,2026-06-05 08:50:01
PAY-20260604-0001917,TRP-20260604-0001917,82.06,mada,settled,2026-06-04 06:37:57
PAY-20260604-0001919,TRP-20260604-0001919,13.60,apple_pay,settled,2026-06-04 20:13:01
PAY-20260604-0001920,TRP-20260604-0001920,6.00,mada,pending,2026-06-04 06:03:18
PAY-20260604-0001921,TRP-20260604-0001921,111.96,stc_pay,settled,2026-06-04 10:58:06
PAY-20260604-0001922,TRP-20260604-0001922,29.66,credit_card,settled,2026-06-05 03:21:53
PAY-20260604-0001923,TRP-20260604-0001923,47.64,stc_pay,settled,2026-06-05 17:22:57
PAY-20260604-0001924,TRP-20260604-0001924,18.09,cash,settled,2026-06-04 06:03:31
PAY-20260604-0001925,TRP-20260604-0001925,27.23,credit_card,pending,2026-06-04 18:42:44
PAY-20260604-0001926,TRP-20260604-0001926,205.80,credit_card,settled,2026-06-04 19:18:36
PAY-20260604-0001927,TRP-20260604-0001927,21.36,apple_pay,pending,2026-06-04 18:00:09
PAY-20260604-0001928,TRP-20260604-0001928,39.37,stc_pay,settled,2026-06-05 06:09:25
PAY-20260604-0001929,TRP-20260604-0001929,34.93,mada,settled,2026-06-03 23:55:50
PAY-20260604-0001930,TRP-20260604-0001930,18.44,mada,settled,2026-06-04 15:24:12
PAY-20260604-0001931,TRP-20260604-0001931,77.10,stc_pay,settled,2026-06-04 16:33:18
PAY-20260604-0001932,TRP-20260604-0001932,28.14,cash,settled,2026-06-04 12:30:41
PAY-20260604-0001933,TRP-20260604-0001933,127.33,apple_pay,settled,2026-06-05 19:16:19
PAY-20260604-0001934,TRP-20260604-0001934,41.64,apple_pay,settled,2026-06-04 13:43:21
PAY-20260604-0001935,TRP-20260604-0001935,50.08,cash,settled,2026-06-04 11:08:03
PAY-20260604-0001936,TRP-20260604-0001936,36.89,apple_pay,settled,2026-06-04 07:08:33
PAY-20260604-0001937,TRP-20260604-0001937,43.63,credit_card,settled,2026-06-04 06:04:51
PAY-20260604-0001938,TRP-20260604-0001938,91.32,credit_card,settled,2026-06-04 18:05:38
PAY-20260604-0001939,TRP-20260604-0001939,17.34,mada,settled,2026-06-04 18:52:20
PAY-20260604-0001940,TRP-20260604-0001940,28.96,mada,settled,2026-06-04 05:56:40
PAY-20260604-0001941,TRP-20260604-0001941,42.50,mada,settled,2026-06-04 17:05:27
PAY-20260604-0001942,TRP-20260604-0001942,22.64,credit_card,settled,2026-06-04 20:58:08
PAY-20260604-0001943,TRP-20260604-0001943,10.00,mada,settled,2026-06-05 01:54:05
PAY-20260604-0001944,TRP-20260604-0001944,26.38,stc_pay,settled,2026-06-04 04:58:33
PAY-20260604-0001945,TRP-20260604-0001945,36.33,apple_pay,settled,2026-06-04 05:44:40
PAY-20260604-0001946,TRP-20260604-0001946,19.86,mada,pending,2026-06-04 09:12:25
PAY-20260604-0001947,TRP-20260604-0001947,50.74,wallet,settled,2026-06-05 14:32:16
PAY-20260604-0001948,TRP-20260604-0001948,30.29,mada,settled,2026-06-04 16:20:47
PAY-20260604-0001949,TRP-20260604-0001949,68.40,apple_pay,settled,2026-06-04 18:45:15
PAY-20260604-0001950,TRP-20260604-0001950,56.45,stc_pay,settled,2026-06-05 01:42:10
PAY-20260604-0001951,TRP-20260604-0001951,12.31,mada,pending,2026-06-05 00:29:44
PAY-20260604-0001952,TRP-20260604-0001952,32.58,stc_pay,settled,2026-06-04 18:01:23
PAY-20260604-0001953,TRP-20260604-0001953,40.49,wallet,settled,2026-06-05 18:11:03
PAY-20260604-0001954,TRP-20260604-0001954,18.65,mada,settled,2026-06-04 09:59:42
PAY-20260604-0001955,TRP-20260604-0001955,100.49,mada,settled,2026-06-04 15:43:51
PAY-20260604-0001956,TRP-20260604-0001956,15.83,stc_pay,settled,2026-06-04 20:38:01
PAY-20260604-0001957,TRP-20260604-0001957,52.89,credit_card,settled,2026-06-04 05:25:13
PAY-20260604-0001958,TRP-20260604-0001958,16.51,stc_pay,settled,2026-06-04 12:22:26
PAY-20260604-0001959,TRP-20260604-0001959,29.33,mada,settled,2026-06-04 15:38:22
PAY-20260604-0001960,TRP-20260604-0001960,46.51,credit_card,settled,2026-06-04 13:47:56
PAY-20260604-0001961,TRP-20260604-0001961,43.40,cash,settled,2026-06-04 04:51:01
PAY-20260604-0001962,TRP-20260604-0001962,18.25,cash,settled,2026-06-04 13:52:25
PAY-20260604-0001963,TRP-20260604-0001963,33.91,stc_pay,settled,2026-06-04 03:01:30
PAY-20260604-0001964,TRP-20260604-0001964,94.05,credit_card,settled,2026-06-04 16:42:21
PAY-20260604-0001965,TRP-20260604-0001965,84.72,credit_card,settled,2026-06-04 17:30:00
PAY-20260604-0001966,TRP-20260604-0001966,52.00,mada,settled,2026-06-04 19:32:56
PAY-20260604-0001967,TRP-20260604-0001967,18.92,mada,refunded,2026-06-04 22:04:36
PAY-20260604-0001968,TRP-20260604-0001968,48.46,cash,settled,2026-06-04 05:36:52
PAY-20260604-0001969,TRP-20260604-0001969,41.69,mada,settled,2026-06-05 00:46:21
PAY-20260604-0001970,TRP-20260604-0001970,58.86,cash,settled,2026-06-04 20:21:55
PAY-20260604-0001971,TRP-20260604-0001971,17.57,mada,settled,2026-06-04 17:33:31
PAY-20260604-0001972,TRP-20260604-0001972,11.02,mada,settled,2026-06-04 11:39:28
PAY-20260604-0001973,TRP-20260604-0001973,21.46,cash,settled,2026-06-04 10:10:45
PAY-20260604-0001974,TRP-20260604-0001974,36.59,cash,settled,2026-06-04 10:05:37
PAY-20260604-0001975,TRP-20260604-0001975,55.04,credit_card,settled,2026-06-04 21:46:22
PAY-20260604-0001976,TRP-20260604-0001976,27.41,apple_pay,settled,2026-06-04 10:50:14
PAY-20260604-0001977,TRP-20260604-0001977,27.09,cash,settled,2026-06-04 20:17:20
PAY-20260604-0001980,TRP-20260604-0001980,45.40,mada,settled,2026-06-04 08:23:47
PAY-20260604-0001981,TRP-20260604-0001981,16.64,mada,settled,2026-06-04 17:38:38
PAY-20260604-0001982,TRP-20260604-0001982,28.10,mada,settled,2026-06-04 04:43:23
PAY-20260604-0001983,TRP-20260604-0001983,45.74,apple_pay,settled,2026-06-04 15:28:42
PAY-20260604-0001985,TRP-20260604-0001985,10.46,cash,settled,2026-06-04 16:26:35
PAY-20260604-0001986,TRP-20260604-0001986,59.98,mada,settled,2026-06-04 11:09:49
PAY-20260604-0001987,TRP-20260604-0001987,26.05,cash,settled,2026-06-04 06:47:19
PAY-20260604-0001988,TRP-20260604-0001988,46.17,wallet,settled,2026-06-04 01:52:12
PAY-20260604-0001989,TRP-20260604-0001989,60.33,cash,settled,2026-06-04 12:36:39
PAY-20260604-0001990,TRP-20260604-0001990,14.97,cash,settled,2026-06-04 06:18:06
PAY-20260604-0001991,TRP-20260604-0001991,47.64,cash,settled,2026-06-04 09:01:43
PAY-20260604-0001992,TRP-20260604-0001992,15.26,cash,settled,2026-06-04 18:00:06
PAY-20260604-0001993,TRP-20260604-0001993,13.40,apple_pay,settled,2026-06-04 05:33:40
PAY-20260604-0001994,TRP-20260604-0001994,10.00,mada,settled,2026-06-05 16:57:00
PAY-20260604-0001995,TRP-20260604-0001995,76.61,apple_pay,settled,2026-06-04 18:38:11
PAY-20260604-0001996,TRP-20260604-0001996,41.02,mada,settled,2026-06-05 01:53:46
PAY-20260604-0001997,TRP-20260604-0001997,91.78,stc_pay,settled,2026-06-05 17:54:40
PAY-20260604-0001999,TRP-20260604-0001999,73.44,cash,settled,2026-06-04 18:57:20
PAY-20260604-0002000,TRP-20260604-0002000,27.04,mada,pending,2026-06-04 13:27:54
PAY-20260604-0002001,TRP-20260604-0002001,30.42,wallet,settled,2026-06-05 05:53:21
PAY-20260604-0002002,TRP-20260604-0002002,12.00,apple_pay,settled,2026-06-04 22:23:20
PAY-20260604-0002003,TRP-20260604-0002003,30.66,wallet,settled,2026-06-04 10:59:32
PAY-20260604-0002004,TRP-20260604-0002004,21.30,credit_card,settled,2026-06-04 12:11:21
PAY-20260604-0002005,TRP-20260604-0002005,12.00,mada,settled,2026-06-04 14:01:34
PAY-20260604-0002006,TRP-20260604-0002006,11.97,wallet,settled,2026-06-04 12:51:37
PAY-20260604-0002007,TRP-20260604-0002007,25.77,wallet,settled,2026-06-04 17:29:50
PAY-20260604-0002008,TRP-20260604-0002008,23.98,mada,settled,2026-06-04 05:22:55
PAY-20260604-0002009,TRP-20260604-0002009,92.23,mada,settled,2026-06-05 11:43:36
PAY-20260604-0002010,TRP-20260604-0002010,28.16,mada,settled,2026-06-04 16:51:16
PAY-20260604-0002011,TRP-20260604-0002011,16.79,apple_pay,settled,2026-06-04 19:31:23
PAY-20260604-0002012,TRP-20260604-0002012,105.13,wallet,settled,2026-06-05 13:32:54
PAY-20260604-0002013,TRP-20260604-0002013,49.87,mada,settled,2026-06-05 14:24:59
PAY-20260604-0002014,TRP-20260604-0002014,93.74,stc_pay,settled,2026-06-04 06:07:45
PAY-20260604-0002015,TRP-20260604-0002015,61.86,credit_card,settled,2026-06-05 04:22:22
PAY-20260604-0002016,TRP-20260604-0002016,48.12,credit_card,settled,2026-06-04 14:20:09
PAY-20260604-0002017,TRP-20260604-0002017,43.82,cash,settled,2026-06-04 05:20:06
PAY-20260604-0002018,TRP-20260604-0002018,49.61,cash,settled,2026-06-04 17:26:37
PAY-20260604-0002019,TRP-20260604-0002019,21.62,stc_pay,settled,2026-06-05 09:02:07
PAY-20260604-0002020,TRP-20260604-0002020,18.20,stc_pay,settled,2026-06-04 11:45:55
PAY-20260604-0002021,TRP-20260604-0002021,10.26,mada,settled,2026-06-04 18:00:24
PAY-20260604-0002022,TRP-20260604-0002022,145.26,cash,settled,2026-06-04 12:44:00
PAY-20260604-0002023,TRP-20260604-0002023,22.97,credit_card,settled,2026-06-05 06:37:16
PAY-20260604-0002024,TRP-20260604-0002024,59.64,cash,settled,2026-06-04 07:28:22
PAY-20260604-0002025,TRP-20260604-0002025,67.69,mada,settled,2026-06-04 21:06:06
PAY-20260604-0002026,TRP-20260604-0002026,13.82,credit_card,settled,2026-06-04 06:04:42
PAY-20260604-0002027,TRP-20260604-0002027,70.87,credit_card,settled,2026-06-04 16:59:54
PAY-20260604-0002028,TRP-20260604-0002028,28.21,credit_card,settled,2026-06-04 14:51:31
PAY-20260604-0002029,TRP-20260604-0002029,94.97,mada,settled,2026-06-04 17:12:22
PAY-20260604-0002030,TRP-20260604-0002030,26.26,credit_card,settled,2026-06-04 06:09:13
PAY-20260604-0002032,TRP-20260604-0002032,49.15,mada,settled,2026-06-04 15:18:56
PAY-20260604-0002033,TRP-20260604-0002033,23.39,cash,settled,2026-06-04 05:47:09
PAY-20260604-0002034,TRP-20260604-0002034,20.63,apple_pay,settled,2026-06-04 10:37:40
PAY-20260604-0002035,TRP-20260604-0002035,67.64,wallet,settled,2026-06-04 19:12:06
PAY-20260604-0002036,TRP-20260604-0002036,22.13,apple_pay,settled,2026-06-05 07:15:26
PAY-20260604-0002037,TRP-20260604-0002037,16.45,wallet,settled,2026-06-05 07:35:32
PAY-20260604-0002038,TRP-20260604-0002038,146.42,mada,pending,2026-06-04 20:34:12
PAY-20260604-0002039,TRP-20260604-0002039,12.29,apple_pay,settled,2026-06-04 06:16:40
PAY-20260604-0002040,TRP-20260604-0002040,67.89,credit_card,settled,2026-06-04 19:35:12
PAY-20260604-0002041,TRP-20260604-0002041,29.77,credit_card,settled,2026-06-05 03:57:26
PAY-20260604-0002042,TRP-20260604-0002042,89.39,apple_pay,settled,2026-06-04 09:53:33
PAY-20260604-0002043,TRP-20260604-0002043,26.33,mada,settled,2026-06-04 21:07:20
PAY-20260604-0002044,TRP-20260604-0002044,23.10,credit_card,settled,2026-06-04 05:29:29
PAY-20260604-0002045,TRP-20260604-0002045,53.61,credit_card,settled,2026-06-04 18:26:20
PAY-20260604-0002046,TRP-20260604-0002046,37.93,mada,settled,2026-06-04 17:47:45
PAY-20260604-0002048,TRP-20260604-0002048,25.91,cash,settled,2026-06-04 11:16:02
PAY-20260604-0002049,TRP-20260604-0002049,14.54,wallet,settled,2026-06-05 13:34:03
PAY-20260604-0002050,TRP-20260604-0002050,41.34,cash,settled,2026-06-04 16:39:10
PAY-20260604-0002051,TRP-20260604-0002051,49.36,credit_card,settled,2026-06-04 14:29:41
PAY-20260604-0002052,TRP-20260604-0002052,19.09,mada,settled,2026-06-05 14:19:30
PAY-20260604-0002053,TRP-20260604-0002053,63.32,credit_card,settled,2026-06-05 20:52:29
PAY-20260604-0002054,TRP-20260604-0002054,157.15,credit_card,failed,2026-06-05 15:00:01
PAY-20260604-0002055,TRP-20260604-0002055,25.95,mada,settled,2026-06-04 03:21:06
PAY-20260604-0002056,TRP-20260604-0002056,13.28,mada,settled,2026-06-04 12:03:02
PAY-20260604-0002057,TRP-20260604-0002057,204.32,cash,settled,2026-06-04 07:42:58
PAY-20260604-0002058,TRP-20260604-0002058,19.18,apple_pay,settled,2026-06-05 00:30:04
PAY-20260604-0002059,TRP-20260604-0002059,22.15,credit_card,settled,2026-06-04 16:05:58
PAY-20260604-0002060,TRP-20260604-0002060,12.00,stc_pay,pending,2026-06-04 14:52:59
PAY-20260604-0002061,TRP-20260604-0002061,12.04,credit_card,settled,2026-06-05 16:32:45
PAY-20260604-0002062,TRP-20260604-0002062,62.71,apple_pay,settled,2026-06-04 07:23:41
PAY-20260604-0002063,TRP-20260604-0002063,266.16,credit_card,settled,2026-06-04 09:49:10
PAY-20260604-0002064,TRP-20260604-0002064,22.33,cash,settled,2026-06-04 12:50:29
PAY-20260604-0002065,TRP-20260604-0002065,19.59,apple_pay,settled,2026-06-04 15:55:14
PAY-20260604-0002066,TRP-20260604-0002066,26.33,cash,settled,2026-06-04 13:50:48
PAY-20260604-0002067,TRP-20260604-0002067,61.85,apple_pay,settled,2026-06-04 16:35:16
PAY-20260604-0002068,TRP-20260604-0002068,99.99,stc_pay,settled,2026-06-04 16:11:38
PAY-20260604-0002069,TRP-20260604-0002069,24.23,mada,settled,2026-06-04 23:35:29
PAY-20260604-0002070,TRP-20260604-0002070,99.65,mada,pending,2026-06-04 11:14:42
PAY-20260604-0002071,TRP-20260604-0002071,84.32,stc_pay,settled,2026-06-04 15:51:35
PAY-20260604-0002072,TRP-20260604-0002072,21.92,mada,settled,2026-06-04 22:58:55
PAY-20260604-0002073,TRP-20260604-0002073,90.94,mada,settled,2026-06-04 18:45:24
PAY-20260604-0002074,TRP-20260604-0002074,15.52,apple_pay,settled,2026-06-04 05:22:20
PAY-20260604-0002075,TRP-20260604-0002075,23.09,wallet,settled,2026-06-04 15:13:27
PAY-20260604-0002076,TRP-20260604-0002076,16.33,credit_card,settled,2026-06-04 22:07:38
PAY-20260604-0002077,TRP-20260604-0002077,22.02,credit_card,settled,2026-06-04 16:48:41
PAY-20260604-0002078,TRP-20260604-0002078,30.94,apple_pay,settled,2026-06-04 23:51:26
PAY-20260604-0002079,TRP-20260604-0002079,27.53,cash,settled,2026-06-03 23:36:29
PAY-20260604-0002080,TRP-20260604-0002080,18.85,apple_pay,settled,2026-06-04 10:04:00
PAY-20260604-0002081,TRP-20260604-0002081,67.73,mada,settled,2026-06-05 06:06:59
PAY-20260604-0002082,TRP-20260604-0002082,28.10,mada,settled,2026-06-05 00:47:05
PAY-20260604-0002083,TRP-20260604-0002083,29.09,mada,settled,2026-06-04 19:15:42
PAY-20260604-0002084,TRP-20260604-0002084,21.04,mada,settled,2026-06-04 16:23:43
PAY-20260604-0002085,TRP-20260604-0002085,32.54,mada,settled,2026-06-04 10:46:14
PAY-20260604-0002086,TRP-20260604-0002086,20.06,apple_pay,settled,2026-06-04 16:24:54
PAY-20260604-0002087,TRP-20260604-0002087,112.90,mada,settled,2026-06-04 07:33:39
PAY-20260604-0002088,TRP-20260604-0002088,21.68,mada,settled,2026-06-04 09:27:03
PAY-20260604-0002089,TRP-20260604-0002089,59.93,apple_pay,failed,2026-06-04 09:34:24
PAY-20260604-0002090,TRP-20260604-0002090,197.25,mada,pending,2026-06-04 17:46:34
PAY-20260604-0002091,TRP-20260604-0002091,27.82,mada,settled,2026-06-04 10:16:54
PAY-20260604-0002092,TRP-20260604-0002092,50.12,wallet,pending,2026-06-04 14:36:12
PAY-20260604-0002093,TRP-20260604-0002093,11.00,mada,settled,2026-06-04 15:37:42
PAY-20260604-0002094,TRP-20260604-0002094,23.38,mada,settled,2026-06-04 05:33:22
PAY-20260604-0002095,TRP-20260604-0002095,36.22,mada,settled,2026-06-04 18:19:29
PAY-20260604-0002096,TRP-20260604-0002096,41.42,mada,settled,2026-06-04 05:31:28
PAY-20260604-0002097,TRP-20260604-0002097,26.28,stc_pay,pending,2026-06-04 09:28:43
PAY-20260604-0002098,TRP-20260604-0002098,57.71,mada,settled,2026-06-05 12:05:24
PAY-20260604-0002099,TRP-20260604-0002099,29.84,mada,settled,2026-06-04 21:55:14
PAY-20260604-0002100,TRP-20260604-0002100,40.40,mada,settled,2026-06-04 21:03:21
PAY-20260604-0002101,TRP-20260604-0002101,13.95,stc_pay,settled,2026-06-04 12:11:28
PAY-20260604-0002102,TRP-20260604-0002102,25.57,stc_pay,settled,2026-06-04 10:32:15
PAY-20260604-0002103,TRP-20260604-0002103,21.59,credit_card,settled,2026-06-05 07:34:41
PAY-20260604-0002104,TRP-20260604-0002104,84.76,mada,settled,2026-06-04 09:46:00
PAY-20260604-0002105,TRP-20260604-0002105,66.66,credit_card,settled,2026-06-04 15:11:15
PAY-20260604-0002106,TRP-20260604-0002106,28.27,mada,settled,2026-06-05 06:34:23
PAY-20260604-0002107,TRP-20260604-0002107,73.42,cash,settled,2026-06-04 17:36:41
PAY-20260604-0002108,TRP-20260604-0002108,12.43,apple_pay,settled,2026-06-04 21:10:57
PAY-20260604-0002109,TRP-20260604-0002109,10.00,apple_pay,settled,2026-06-04 22:40:55
PAY-20260604-0002110,TRP-20260604-0002110,68.48,mada,settled,2026-06-04 22:14:32
PAY-20260604-0002111,TRP-20260604-0002111,35.41,mada,settled,2026-06-04 07:13:08
PAY-20260604-0002112,TRP-20260604-0002112,25.77,mada,settled,2026-06-04 11:28:38
PAY-20260604-0002113,TRP-20260604-0002113,34.90,wallet,failed,2026-06-04 08:10:10
PAY-20260604-0002115,TRP-20260604-0002115,38.47,mada,settled,2026-06-05 11:28:37
PAY-20260604-0002116,TRP-20260604-0002116,38.21,stc_pay,settled,2026-06-04 09:23:33
PAY-20260604-0002117,TRP-20260604-0002117,40.54,mada,settled,2026-06-05 06:33:40
PAY-20260604-0002118,TRP-20260604-0002118,74.25,credit_card,settled,2026-06-04 19:02:56
PAY-20260604-0002119,TRP-20260604-0002119,74.10,apple_pay,settled,2026-06-05 01:56:16
PAY-20260604-0002120,TRP-20260604-0002120,28.98,stc_pay,settled,2026-06-04 06:14:01
PAY-20260604-0002121,TRP-20260604-0002121,58.26,mada,settled,2026-06-04 13:03:46
PAY-20260604-0002122,TRP-20260604-0002122,27.85,mada,settled,2026-06-05 00:01:13
PAY-20260604-0002123,TRP-20260604-0002123,11.93,apple_pay,settled,2026-06-04 10:29:09
PAY-20260604-0002124,TRP-20260604-0002124,31.50,wallet,settled,2026-06-05 05:09:05
PAY-20260604-0002125,TRP-20260604-0002125,30.30,mada,settled,2026-06-04 12:15:36
PAY-20260604-0002126,TRP-20260604-0002126,70.68,mada,settled,2026-06-04 19:55:35
PAY-20260604-0002127,TRP-20260604-0002127,13.93,mada,settled,2026-06-04 09:57:50
PAY-20260604-0002128,TRP-20260604-0002128,101.68,credit_card,settled,2026-06-04 18:51:39
PAY-20260604-0002129,TRP-20260604-0002129,18.86,apple_pay,settled,2026-06-04 06:31:40
PAY-20260604-0002130,TRP-20260604-0002130,21.63,mada,settled,2026-06-05 04:20:20
PAY-20260604-0002131,TRP-20260604-0002131,14.61,credit_card,settled,2026-06-05 10:56:53
PAY-20260604-0002132,TRP-20260604-0002132,26.21,cash,settled,2026-06-04 17:05:01
PAY-20260604-0002133,TRP-20260604-0002133,26.54,apple_pay,settled,2026-06-05 02:15:56
PAY-20260604-0002134,TRP-20260604-0002134,30.17,credit_card,settled,2026-06-04 12:44:41
PAY-20260604-0002135,TRP-20260604-0002135,52.97,mada,settled,2026-06-04 05:09:02
PAY-20260604-0002136,TRP-20260604-0002136,17.70,stc_pay,settled,2026-06-04 15:33:39
PAY-20260604-0002137,TRP-20260604-0002137,13.65,mada,settled,2026-06-04 06:32:37
PAY-20260604-0002138,TRP-20260604-0002138,14.88,mada,settled,2026-06-04 18:53:23
PAY-20260604-0002139,TRP-20260604-0002139,33.07,credit_card,settled,2026-06-04 16:08:32
PAY-20260604-0002140,TRP-20260604-0002140,30.36,credit_card,settled,2026-06-04 16:59:45
PAY-20260604-0002141,TRP-20260604-0002141,31.62,credit_card,settled,2026-06-04 20:34:10
PAY-20260604-0002142,TRP-20260604-0002142,19.09,mada,settled,2026-06-05 07:59:50
PAY-20260604-0002143,TRP-20260604-0002143,10.00,mada,settled,2026-06-04 05:01:54
PAY-20260604-0002144,TRP-20260604-0002144,34.04,apple_pay,settled,2026-06-04 15:28:17
PAY-20260604-0002145,TRP-20260604-0002145,13.80,credit_card,settled,2026-06-03 21:33:11
PAY-20260604-0002146,TRP-20260604-0002146,24.52,apple_pay,settled,2026-06-04 05:11:18
PAY-20260604-0002147,TRP-20260604-0002147,20.43,stc_pay,settled,2026-06-04 20:25:08
PAY-20260604-0002148,TRP-20260604-0002148,69.65,stc_pay,settled,2026-06-04 11:31:24
PAY-20260604-0002149,TRP-20260604-0002149,54.56,credit_card,settled,2026-06-04 10:11:49
PAY-20260604-0002150,TRP-20260604-0002150,94.67,credit_card,settled,2026-06-05 00:57:45
PAY-20260604-0002151,TRP-20260604-0002151,32.00,cash,settled,2026-06-04 18:14:17
PAY-20260604-0002152,TRP-20260604-0002152,112.26,stc_pay,settled,2026-06-04 11:06:30
PAY-20260604-0002153,TRP-20260604-0002153,17.77,cash,settled,2026-06-04 11:08:00
PAY-20260604-0002154,TRP-20260604-0002154,24.25,credit_card,settled,2026-06-04 19:24:36
PAY-20260604-0002155,TRP-20260604-0002155,82.44,mada,settled,2026-06-04 15:57:52
PAY-20260604-0002156,TRP-20260604-0002156,38.43,credit_card,settled,2026-06-04 06:43:24
PAY-20260604-0002157,TRP-20260604-0002157,20.80,stc_pay,settled,2026-06-04 06:42:43
PAY-20260604-0002158,TRP-20260604-0002158,22.61,apple_pay,settled,2026-06-04 10:02:29
PAY-20260604-0002159,TRP-20260604-0002159,74.27,mada,settled,2026-06-04 12:40:01
PAY-20260604-0002160,TRP-20260604-0002160,70.47,cash,settled,2026-06-04 10:25:56
PAY-20260604-0002161,TRP-20260604-0002161,36.40,mada,settled,2026-06-04 17:30:09
PAY-20260604-0002162,TRP-20260604-0002162,21.31,stc_pay,settled,2026-06-04 16:26:00
PAY-20260604-0002163,TRP-20260604-0002163,16.13,stc_pay,settled,2026-06-04 05:02:18
PAY-20260604-0002164,TRP-20260604-0002164,41.37,credit_card,settled,2026-06-04 08:03:16
PAY-20260604-0002165,TRP-20260604-0002165,62.09,mada,failed,2026-06-04 09:23:31
PAY-20260604-0002166,TRP-20260604-0002166,42.98,credit_card,settled,2026-06-04 23:24:04
PAY-20260604-0002167,TRP-20260604-0002167,43.05,cash,settled,2026-06-04 18:04:13
PAY-20260604-0002168,TRP-20260604-0002168,30.82,credit_card,settled,2026-06-04 06:17:26
PAY-20260604-0002169,TRP-20260604-0002169,20.83,credit_card,settled,2026-06-04 16:43:37
PAY-20260604-0002170,TRP-20260604-0002170,10.00,mada,settled,2026-06-04 14:39:04
PAY-20260604-0002171,TRP-20260604-0002171,15.71,mada,settled,2026-06-04 17:11:12
PAY-20260604-0002172,TRP-20260604-0002172,37.03,mada,settled,2026-06-03 22:53:06
PAY-20260604-0002173,TRP-20260604-0002173,43.91,wallet,refunded,2026-06-04 16:27:50
PAY-20260604-0002174,TRP-20260604-0002174,17.27,credit_card,settled,2026-06-04 17:20:11
PAY-20260604-0002175,TRP-20260604-0002175,15.31,credit_card,failed,2026-06-04 21:31:03
PAY-20260604-0002177,TRP-20260604-0002177,76.01,credit_card,settled,2026-06-05 04:24:41
PAY-20260604-0002178,TRP-20260604-0002178,24.58,credit_card,settled,2026-06-04 20:34:57
PAY-20260604-0002179,TRP-20260604-0002179,26.83,mada,settled,2026-06-04 23:33:12
PAY-20260604-0002180,TRP-20260604-0002180,19.14,mada,settled,2026-06-04 10:28:23
PAY-20260604-0002181,TRP-20260604-0002181,80.60,credit_card,settled,2026-06-04 16:34:34
PAY-20260604-0002182,TRP-20260604-0002182,39.41,mada,settled,2026-06-04 06:46:23
PAY-20260604-0002183,TRP-20260604-0002183,16.07,credit_card,settled,2026-06-04 13:05:44
PAY-20260604-0002184,TRP-20260604-0002184,45.84,mada,settled,2026-06-03 23:23:40
PAY-20260604-0002185,TRP-20260604-0002185,12.42,cash,settled,2026-06-04 13:27:26
PAY-20260604-0002186,TRP-20260604-0002186,29.23,mada,settled,2026-06-04 21:44:00
PAY-20260604-0002188,TRP-20260604-0002188,14.43,mada,settled,2026-06-04 06:25:20
PAY-20260604-0002189,TRP-20260604-0002189,87.30,mada,settled,2026-06-04 15:11:25
PAY-20260604-0002190,TRP-20260604-0002190,18.02,cash,settled,2026-06-04 17:44:40
PAY-20260604-0002191,TRP-20260604-0002191,56.85,wallet,failed,2026-06-05 10:39:46
PAY-20260604-0002192,TRP-20260604-0002192,74.39,cash,settled,2026-06-04 06:04:24
PAY-20260604-0002193,TRP-20260604-0002193,63.73,mada,settled,2026-06-04 16:22:03
PAY-20260604-0002194,TRP-20260604-0002194,28.40,mada,settled,2026-06-05 14:42:08
PAY-20260604-0002195,TRP-20260604-0002195,17.66,mada,settled,2026-06-04 10:16:59
PAY-20260604-0002196,TRP-20260604-0002196,20.34,mada,settled,2026-06-04 13:13:20
PAY-20260604-0002197,TRP-20260604-0002197,19.50,mada,settled,2026-06-05 08:08:12
PAY-20260604-0002198,TRP-20260604-0002198,24.66,apple_pay,settled,2026-06-05 01:25:02
PAY-20260604-0002199,TRP-20260604-0002199,11.17,credit_card,settled,2026-06-04 14:35:22
PAY-20260604-0002200,TRP-20260604-0002200,43.32,mada,settled,2026-06-04 05:27:02
PAY-20260604-0002201,TRP-20260604-0002201,136.18,apple_pay,settled,2026-06-04 13:16:06
PAY-20260604-0002202,TRP-20260604-0002202,21.90,cash,settled,2026-06-04 09:01:04
PAY-20260604-0002203,TRP-20260604-0002203,95.02,apple_pay,settled,2026-06-04 08:18:30
PAY-20260604-0002204,TRP-20260604-0002204,18.28,stc_pay,settled,2026-06-04 12:39:10
PAY-20260604-0002205,TRP-20260604-0002205,12.77,credit_card,settled,2026-06-05 14:04:52
PAY-20260604-0002206,TRP-20260604-0002206,25.51,mada,refunded,2026-06-05 05:42:16
PAY-20260604-0002207,TRP-20260604-0002207,45.24,mada,settled,2026-06-04 11:04:09
PAY-20260604-0002208,TRP-20260604-0002208,63.22,credit_card,settled,2026-06-05 05:36:42
PAY-20260604-0002209,TRP-20260604-0002209,34.43,apple_pay,settled,2026-06-04 14:30:12
PAY-20260604-0002210,TRP-20260604-0002210,13.22,wallet,settled,2026-06-04 11:57:19
PAY-20260604-0002211,TRP-20260604-0002211,71.98,cash,settled,2026-06-04 03:15:11
PAY-20260604-0002212,TRP-20260604-0002212,24.38,stc_pay,settled,2026-06-04 13:01:52
PAY-20260604-0002213,TRP-20260604-0002213,20.50,apple_pay,settled,2026-06-04 14:09:48
PAY-20260604-0002214,TRP-20260604-0002214,57.96,mada,settled,2026-06-04 17:33:17
PAY-20260604-0002215,TRP-20260604-0002215,65.92,credit_card,settled,2026-06-04 07:31:37
PAY-20260604-0002216,TRP-20260604-0002216,42.75,mada,settled,2026-06-04 05:48:55
PAY-20260604-0002217,TRP-20260604-0002217,17.15,cash,settled,2026-06-04 20:26:13
PAY-20260604-0002218,TRP-20260604-0002218,41.00,stc_pay,settled,2026-06-04 12:27:19
PAY-20260604-0002219,TRP-20260604-0002219,56.16,mada,settled,2026-06-04 19:56:14
PAY-20260604-0002220,TRP-20260604-0002220,19.02,cash,settled,2026-06-04 09:38:22
PAY-20260604-0002221,TRP-20260604-0002221,19.39,credit_card,settled,2026-06-04 10:17:28
PAY-20260604-0002222,TRP-20260604-0002222,20.60,credit_card,settled,2026-06-04 17:09:44
PAY-20260604-0002223,TRP-20260604-0002223,13.10,credit_card,settled,2026-06-04 12:24:06
PAY-20260604-0002224,TRP-20260604-0002224,14.55,cash,settled,2026-06-04 10:37:05
PAY-20260604-0002225,TRP-20260604-0002225,26.28,apple_pay,settled,2026-06-05 10:04:20
PAY-20260604-0002226,TRP-20260604-0002226,26.53,cash,settled,2026-06-04 10:00:29
PAY-20260604-0002227,TRP-20260604-0002227,25.55,mada,settled,2026-06-04 23:52:24
PAY-20260604-0002228,TRP-20260604-0002228,83.09,credit_card,settled,2026-06-04 18:20:30
PAY-20260604-0002229,TRP-20260604-0002229,25.20,apple_pay,settled,2026-06-04 08:59:44
PAY-20260604-0002230,TRP-20260604-0002230,11.75,mada,settled,2026-06-04 20:10:54
PAY-20260604-0002231,TRP-20260604-0002231,19.76,cash,settled,2026-06-04 21:14:42
PAY-20260604-0002232,TRP-20260604-0002232,11.22,credit_card,settled,2026-06-04 18:14:41
PAY-20260604-0002233,TRP-20260604-0002233,11.00,mada,settled,2026-06-04 16:03:15
PAY-20260604-0002234,TRP-20260604-0002234,15.17,wallet,settled,2026-06-04 08:25:17
PAY-20260604-0002235,TRP-20260604-0002235,13.03,mada,settled,2026-06-04 08:15:03
PAY-20260604-0002236,TRP-20260604-0002236,25.43,wallet,settled,2026-06-04 20:22:35
PAY-20260604-0002237,TRP-20260604-0002237,44.27,credit_card,pending,2026-06-04 06:15:10
PAY-20260604-0002238,TRP-20260604-0002238,51.72,wallet,settled,2026-06-04 16:08:17
PAY-20260604-0002239,TRP-20260604-0002239,97.79,apple_pay,settled,2026-06-05 12:40:32
PAY-20260604-0002240,TRP-20260604-0002240,10.00,apple_pay,settled,2026-06-04 19:08:49
PAY-20260604-0002241,TRP-20260604-0002241,108.84,mada,settled,2026-06-05 13:07:34
PAY-20260604-0002242,TRP-20260604-0002242,50.20,mada,settled,2026-06-04 19:30:37
PAY-20260604-0002243,TRP-20260604-0002243,51.91,mada,settled,2026-06-04 20:05:48
PAY-20260604-0002245,TRP-20260604-0002245,23.64,credit_card,settled,2026-06-04 20:16:16
PAY-20260604-0002246,TRP-20260604-0002246,17.86,credit_card,settled,2026-06-04 16:45:22
PAY-20260604-0002247,TRP-20260604-0002247,21.96,stc_pay,settled,2026-06-04 15:27:04
PAY-20260604-0002248,TRP-20260604-0002248,25.83,cash,settled,2026-06-04 14:17:33
PAY-20260604-0002249,TRP-20260604-0002249,6.00,credit_card,settled,2026-06-04 03:10:26
PAY-20260604-0002250,TRP-20260604-0002250,12.41,cash,settled,2026-06-04 12:06:12
PAY-20260604-0002251,TRP-20260604-0002251,24.49,mada,settled,2026-06-05 01:26:07
PAY-20260604-0002252,TRP-20260604-0002252,100.42,mada,settled,2026-06-04 07:02:27
PAY-20260604-0002253,TRP-20260604-0002253,21.75,credit_card,settled,2026-06-04 14:08:14
PAY-20260604-0002254,TRP-20260604-0002254,12.00,mada,settled,2026-06-05 20:09:29
PAY-20260604-0002255,TRP-20260604-0002255,29.23,mada,settled,2026-06-04 06:13:45
PAY-20260604-0002256,TRP-20260604-0002256,10.00,stc_pay,settled,2026-06-05 12:09:35
PAY-20260604-0002257,TRP-20260604-0002257,35.29,credit_card,settled,2026-06-04 07:10:35
PAY-20260604-0002258,TRP-20260604-0002258,17.76,apple_pay,settled,2026-06-04 09:02:29
PAY-20260604-0002259,TRP-20260604-0002259,34.26,apple_pay,settled,2026-06-04 20:51:05
PAY-20260604-0002260,TRP-20260604-0002260,30.01,credit_card,settled,2026-06-05 16:10:31
PAY-20260604-0002261,TRP-20260604-0002261,30.82,apple_pay,settled,2026-06-04 22:09:57
PAY-20260604-0002262,TRP-20260604-0002262,23.41,credit_card,settled,2026-06-05 16:31:26
PAY-20260604-0002263,TRP-20260604-0002263,18.62,credit_card,settled,2026-06-04 09:33:02
PAY-20260604-0002264,TRP-20260604-0002264,18.51,apple_pay,settled,2026-06-04 11:06:34
PAY-20260604-0002265,TRP-20260604-0002265,43.60,stc_pay,settled,2026-06-04 01:11:41
PAY-20260604-0002266,TRP-20260604-0002266,19.08,mada,settled,2026-06-04 18:13:17
PAY-20260604-0002267,TRP-20260604-0002267,20.26,credit_card,settled,2026-06-04 10:02:22
PAY-20260604-0002269,TRP-20260604-0002269,23.46,credit_card,settled,2026-06-04 10:36:35
PAY-20260604-0002270,TRP-20260604-0002270,111.75,credit_card,settled,2026-06-04 19:33:07
PAY-20260604-0002271,TRP-20260604-0002271,16.04,mada,settled,2026-06-04 11:03:08
PAY-20260604-0002272,TRP-20260604-0002272,39.43,apple_pay,settled,2026-06-04 20:41:03
PAY-20260604-0002273,TRP-20260604-0002273,15.42,credit_card,settled,2026-06-04 12:13:27
PAY-20260604-0002274,TRP-20260604-0002274,65.09,mada,settled,2026-06-04 16:22:08
PAY-20260604-0002275,TRP-20260604-0002275,24.51,credit_card,settled,2026-06-04 15:46:22
PAY-20260604-0002276,TRP-20260604-0002276,27.18,cash,settled,2026-06-04 11:05:14
PAY-20260604-0002277,TRP-20260604-0002277,25.59,mada,settled,2026-06-04 16:03:20
PAY-20260604-0002278,TRP-20260604-0002278,46.46,wallet,settled,2026-06-04 05:42:16
PAY-20260604-0002279,TRP-20260604-0002279,60.01,apple_pay,settled,2026-06-04 12:24:48
PAY-20260604-0002280,TRP-20260604-0002280,101.36,apple_pay,settled,2026-06-04 18:42:00
PAY-20260604-0002281,TRP-20260604-0002281,28.96,cash,settled,2026-06-04 14:29:40
PAY-20260604-0002282,TRP-20260604-0002282,52.79,credit_card,settled,2026-06-04 19:03:33
PAY-20260604-0002283,TRP-20260604-0002283,19.49,credit_card,settled,2026-06-03 23:48:49
PAY-20260604-0002284,TRP-20260604-0002284,47.66,credit_card,settled,2026-06-04 17:45:04
PAY-20260604-0002285,TRP-20260604-0002285,22.10,cash,settled,2026-06-04 16:34:34
PAY-20260604-0002286,TRP-20260604-0002286,64.35,stc_pay,settled,2026-06-04 13:44:38
PAY-20260604-0002287,TRP-20260604-0002287,18.13,mada,settled,2026-06-04 08:30:47
PAY-20260604-0002288,TRP-20260604-0002288,15.98,apple_pay,settled,2026-06-04 17:23:22
PAY-20260604-0002289,TRP-20260604-0002289,17.96,mada,settled,2026-06-04 05:20:46
PAY-20260604-0002290,TRP-20260604-0002290,25.26,mada,settled,2026-06-04 18:08:16
PAY-20260604-0002291,TRP-20260604-0002291,28.84,credit_card,settled,2026-06-04 15:01:33
PAY-20260604-0002292,TRP-20260604-0002292,28.68,apple_pay,settled,2026-06-03 22:46:27
PAY-20260604-0002293,TRP-20260604-0002293,52.22,mada,settled,2026-06-05 17:21:16
PAY-20260604-0002294,TRP-20260604-0002294,21.10,wallet,failed,2026-06-05 09:48:03
PAY-20260604-0002295,TRP-20260604-0002295,77.00,mada,settled,2026-06-05 11:46:17
PAY-20260604-0002296,TRP-20260604-0002296,54.13,apple_pay,settled,2026-06-04 20:36:50
PAY-20260604-0002297,TRP-20260604-0002297,67.02,apple_pay,settled,2026-06-04 17:49:27
PAY-20260604-0002298,TRP-20260604-0002298,19.02,apple_pay,settled,2026-06-04 21:19:22
PAY-20260604-0002299,TRP-20260604-0002299,39.75,stc_pay,settled,2026-06-04 16:50:29
PAY-20260604-0002300,TRP-20260604-0002300,30.34,apple_pay,settled,2026-06-04 15:04:58
PAY-20260604-0002301,TRP-20260604-0002301,61.52,mada,failed,2026-06-04 06:47:49
PAY-20260604-0002302,TRP-20260604-0002302,76.44,apple_pay,refunded,2026-06-03 23:33:51
PAY-20260604-0002303,TRP-20260604-0002303,8.00,mada,settled,2026-06-04 16:19:33
PAY-20260604-0002304,TRP-20260604-0002304,32.72,mada,settled,2026-06-04 10:46:00
PAY-20260604-0002305,TRP-20260604-0002305,14.12,credit_card,settled,2026-06-04 05:05:12
PAY-20260604-0002306,TRP-20260604-0002306,37.97,credit_card,settled,2026-06-05 11:28:11
PAY-20260604-0002307,TRP-20260604-0002307,80.82,apple_pay,pending,2026-06-04 11:57:54
PAY-20260604-0002308,TRP-20260604-0002308,27.33,credit_card,settled,2026-06-04 22:05:55
PAY-20260604-0002309,TRP-20260604-0002309,27.79,mada,settled,2026-06-04 07:56:09
PAY-20260604-0002310,TRP-20260604-0002310,39.32,mada,settled,2026-06-04 14:58:55
PAY-20260604-0002311,TRP-20260604-0002311,16.42,wallet,settled,2026-06-04 23:54:01
PAY-20260604-0002312,TRP-20260604-0002312,12.81,apple_pay,settled,2026-06-05 04:02:40
PAY-20260604-0002313,TRP-20260604-0002313,46.36,cash,settled,2026-06-04 07:18:54
PAY-20260604-0002314,TRP-20260604-0002314,21.88,cash,settled,2026-06-04 07:52:50
PAY-20260604-0002315,TRP-20260604-0002315,14.81,credit_card,settled,2026-06-05 03:54:31
PAY-20260604-0002316,TRP-20260604-0002316,26.66,mada,settled,2026-06-04 16:39:59
PAY-20260604-0002317,TRP-20260604-0002317,34.16,credit_card,settled,2026-06-05 06:01:47
PAY-20260604-0002318,TRP-20260604-0002318,28.00,credit_card,settled,2026-06-05 06:58:24
PAY-20260604-0002319,TRP-20260604-0002319,32.69,mada,settled,2026-06-04 10:36:04
PAY-20260604-0002320,TRP-20260604-0002320,25.43,apple_pay,pending,2026-06-04 14:32:04
PAY-20260604-0002322,TRP-20260604-0002322,58.25,mada,settled,2026-06-04 07:41:49
PAY-20260604-0002323,TRP-20260604-0002323,44.05,credit_card,settled,2026-06-04 13:38:28
PAY-20260604-0002324,TRP-20260604-0002324,18.37,cash,settled,2026-06-04 02:12:38
PAY-20260604-0002325,TRP-20260604-0002325,50.37,credit_card,settled,2026-06-05 07:11:36
PAY-20260604-0002326,TRP-20260604-0002326,59.03,apple_pay,settled,2026-06-04 19:02:30
PAY-20260604-0002327,TRP-20260604-0002327,21.82,credit_card,settled,2026-06-05 14:28:49
PAY-20260604-0002328,TRP-20260604-0002328,37.90,credit_card,settled,2026-06-05 12:32:44
PAY-20260604-0002329,TRP-20260604-0002329,30.06,credit_card,settled,2026-06-05 12:32:28
PAY-20260604-0002330,TRP-20260604-0002330,18.84,apple_pay,settled,2026-06-04 21:24:26
PAY-20260604-0002331,TRP-20260604-0002331,42.39,credit_card,settled,2026-06-04 14:14:49
PAY-20260604-0002332,TRP-20260604-0002332,31.84,apple_pay,settled,2026-06-04 07:02:11
PAY-20260604-0002333,TRP-20260604-0002333,23.89,mada,settled,2026-06-04 15:38:43
PAY-20260604-0002334,TRP-20260604-0002334,26.13,mada,settled,2026-06-04 17:56:03
PAY-20260604-0002335,TRP-20260604-0002335,49.70,stc_pay,settled,2026-06-05 04:29:15
PAY-20260604-0002336,TRP-20260604-0002336,85.16,mada,settled,2026-06-04 08:44:07
PAY-20260604-0002337,TRP-20260604-0002337,34.84,stc_pay,settled,2026-06-04 11:29:23
PAY-20260604-0002338,TRP-20260604-0002338,44.28,wallet,settled,2026-06-04 12:05:42
PAY-20260604-0002339,TRP-20260604-0002339,12.00,mada,pending,2026-06-04 11:19:35
PAY-20260604-0002340,TRP-20260604-0002340,117.57,credit_card,settled,2026-06-05 05:55:33
PAY-20260604-0002341,TRP-20260604-0002341,14.59,apple_pay,settled,2026-06-04 10:15:12
PAY-20260604-0002342,TRP-20260604-0002342,43.35,credit_card,settled,2026-06-04 05:22:19
PAY-20260604-0002343,TRP-20260604-0002343,17.39,stc_pay,settled,2026-06-04 14:56:52
PAY-20260604-0002344,TRP-20260604-0002344,41.52,mada,settled,2026-06-05 10:53:55
PAY-20260604-0002345,TRP-20260604-0002345,75.71,apple_pay,settled,2026-06-04 13:30:28
PAY-20260604-0002346,TRP-20260604-0002346,44.32,credit_card,settled,2026-06-04 12:51:31
PAY-20260604-0002347,TRP-20260604-0002347,91.82,credit_card,settled,2026-06-04 14:41:07
PAY-20260604-0002348,TRP-20260604-0002348,15.25,credit_card,settled,2026-06-04 13:55:13
PAY-20260604-0002349,TRP-20260604-0002349,29.64,mada,settled,2026-06-04 09:28:12
PAY-20260604-0002350,TRP-20260604-0002350,20.21,mada,settled,2026-06-04 19:33:16
PAY-20260604-0002351,TRP-20260604-0002351,16.64,mada,settled,2026-06-04 12:42:51
PAY-20260604-0002352,TRP-20260604-0002352,29.33,mada,settled,2026-06-04 06:47:45
PAY-20260604-0002354,TRP-20260604-0002354,33.52,stc_pay,settled,2026-06-04 12:01:22
PAY-20260604-0002355,TRP-20260604-0002355,13.40,cash,settled,2026-06-04 19:39:32
PAY-20260604-0002356,TRP-20260604-0002356,16.01,credit_card,settled,2026-06-04 05:36:21
PAY-20260604-0002357,TRP-20260604-0002357,37.25,mada,settled,2026-06-04 15:10:04
PAY-20260604-0002358,TRP-20260604-0002358,38.90,apple_pay,settled,2026-06-04 16:58:14
PAY-20260604-0002359,TRP-20260604-0002359,33.95,credit_card,settled,2026-06-04 18:15:53
PAY-20260604-0002360,TRP-20260604-0002360,12.86,credit_card,settled,2026-06-04 09:59:49
PAY-20260604-0002361,TRP-20260604-0002361,46.97,credit_card,settled,2026-06-04 20:09:30
PAY-20260604-0002362,TRP-20260604-0002362,34.30,mada,settled,2026-06-04 16:48:04
PAY-20260604-0002363,TRP-20260604-0002363,8.00,credit_card,settled,2026-06-04 07:38:49
PAY-20260604-0002364,TRP-20260604-0002364,13.20,mada,settled,2026-06-04 14:11:37
PAY-20260604-0002365,TRP-20260604-0002365,11.11,mada,settled,2026-06-04 23:10:56
PAY-20260604-0002366,TRP-20260604-0002366,103.43,mada,settled,2026-06-04 08:17:52
PAY-20260604-0002367,TRP-20260604-0002367,14.67,stc_pay,settled,2026-06-04 10:03:01
PAY-20260604-0002368,TRP-20260604-0002368,18.37,wallet,settled,2026-06-05 01:14:13
PAY-20260604-0002369,TRP-20260604-0002369,14.21,credit_card,settled,2026-06-04 12:40:29
PAY-20260604-0002370,TRP-20260604-0002370,40.79,apple_pay,pending,2026-06-04 06:40:54
PAY-20260604-0002371,TRP-20260604-0002371,78.70,apple_pay,settled,2026-06-04 13:52:18
PAY-20260604-0002372,TRP-20260604-0002372,18.91,credit_card,settled,2026-06-04 20:42:08
PAY-20260604-0002373,TRP-20260604-0002373,18.70,stc_pay,settled,2026-06-04 17:57:52
PAY-20260604-0002374,TRP-20260604-0002374,10.00,apple_pay,settled,2026-06-04 15:45:18
PAY-20260604-0002375,TRP-20260604-0002375,32.83,wallet,settled,2026-06-04 07:49:27
PAY-20260604-0002376,TRP-20260604-0002376,15.05,wallet,settled,2026-06-05 17:11:13
PAY-20260604-0002377,TRP-20260604-0002377,18.89,credit_card,settled,2026-06-04 17:55:28
PAY-20260604-0002378,TRP-20260604-0002378,26.52,mada,settled,2026-06-04 05:46:56
PAY-20260604-0002379,TRP-20260604-0002379,10.00,mada,settled,2026-06-04 15:07:02
PAY-20260604-0002380,TRP-20260604-0002380,19.69,apple_pay,settled,2026-06-04 06:21:33
PAY-20260604-0002381,TRP-20260604-0002381,22.39,mada,settled,2026-06-04 04:25:14
PAY-20260604-0002382,TRP-20260604-0002382,23.02,apple_pay,settled,2026-06-05 02:54:29
PAY-20260604-0002383,TRP-20260604-0002383,6.00,mada,settled,2026-06-04 20:05:33
PAY-20260604-0002384,TRP-20260604-0002384,16.93,credit_card,settled,2026-06-04 19:26:02
PAY-20260604-0002385,TRP-20260604-0002385,13.19,mada,settled,2026-06-04 18:21:16
PAY-20260604-0002386,TRP-20260604-0002386,179.57,mada,settled,2026-06-04 18:58:00
PAY-20260604-0002387,TRP-20260604-0002387,21.74,credit_card,settled,2026-06-04 11:33:06
PAY-20260604-0002388,TRP-20260604-0002388,63.28,credit_card,settled,2026-06-04 15:04:33
PAY-20260604-0002389,TRP-20260604-0002389,34.63,wallet,settled,2026-06-04 07:47:24
PAY-20260604-0002390,TRP-20260604-0002390,136.72,mada,refunded,2026-06-04 17:49:30
PAY-20260604-0002391,TRP-20260604-0002391,32.32,cash,settled,2026-06-04 16:53:06
PAY-20260604-0002392,TRP-20260604-0002392,42.65,apple_pay,settled,2026-06-04 16:57:13
PAY-20260604-0002395,TRP-20260604-0002395,59.86,mada,settled,2026-06-04 07:29:13
PAY-20260604-0002396,TRP-20260604-0002396,73.19,wallet,settled,2026-06-04 21:45:45
PAY-20260604-0002397,TRP-20260604-0002397,91.15,mada,settled,2026-06-05 14:13:29
PAY-20260604-0002398,TRP-20260604-0002398,12.00,wallet,settled,2026-06-04 19:49:00
PAY-20260604-0002399,TRP-20260604-0002399,58.91,mada,settled,2026-06-04 16:20:06
PAY-20260604-0002400,TRP-20260604-0002400,105.30,mada,settled,2026-06-04 21:24:22
PAY-20260604-0002401,TRP-20260604-0002401,25.73,apple_pay,settled,2026-06-04 18:39:46
PAY-20260604-0002402,TRP-20260604-0002402,26.02,mada,settled,2026-06-05 07:10:20
PAY-20260604-0002403,TRP-20260604-0002403,21.62,mada,settled,2026-06-04 20:33:29
PAY-20260604-0002404,TRP-20260604-0002404,13.93,mada,settled,2026-06-04 20:34:20
PAY-20260604-0002405,TRP-20260604-0002405,36.50,credit_card,failed,2026-06-05 09:51:39
PAY-20260604-0002406,TRP-20260604-0002406,57.22,credit_card,settled,2026-06-04 16:23:53
PAY-20260604-0002407,TRP-20260604-0002407,23.99,credit_card,settled,2026-06-04 11:27:24
PAY-20260604-0002408,TRP-20260604-0002408,20.63,cash,settled,2026-06-04 15:16:50
PAY-20260604-0002409,TRP-20260604-0002409,24.69,credit_card,settled,2026-06-05 13:18:43
PAY-20260604-0002410,TRP-20260604-0002410,92.18,apple_pay,settled,2026-06-04 18:03:30
PAY-20260604-0002411,TRP-20260604-0002411,128.83,mada,settled,2026-06-05 07:31:10
PAY-20260604-0002412,TRP-20260604-0002412,12.00,cash,settled,2026-06-04 11:41:34
PAY-20260604-0002413,TRP-20260604-0002413,48.09,stc_pay,settled,2026-06-05 02:37:15
PAY-20260604-0002414,TRP-20260604-0002414,53.60,apple_pay,settled,2026-06-04 16:13:31
PAY-20260604-0002415,TRP-20260604-0002415,17.83,wallet,settled,2026-06-04 16:07:39
PAY-20260604-0002416,TRP-20260604-0002416,48.53,mada,settled,2026-06-04 03:55:50
PAY-20260604-0002417,TRP-20260604-0002417,17.83,apple_pay,settled,2026-06-04 19:59:07
PAY-20260604-0002418,TRP-20260604-0002418,10.00,wallet,settled,2026-06-04 22:34:41
PAY-20260604-0002420,TRP-20260604-0002420,96.22,credit_card,settled,2026-06-04 06:53:34
PAY-20260604-0002421,TRP-20260604-0002421,19.24,mada,settled,2026-06-04 17:06:11
PAY-20260604-0002422,TRP-20260604-0002422,17.86,apple_pay,settled,2026-06-04 19:49:06
PAY-20260604-0002423,TRP-20260604-0002423,29.61,apple_pay,settled,2026-06-04 12:20:25
PAY-20260604-0002424,TRP-20260604-0002424,29.77,wallet,settled,2026-06-05 13:24:31
PAY-20260604-0002425,TRP-20260604-0002425,99.61,cash,settled,2026-06-04 14:38:03
PAY-20260604-0002426,TRP-20260604-0002426,83.99,credit_card,settled,2026-06-05 10:03:10
PAY-20260604-0002427,TRP-20260604-0002427,23.71,stc_pay,settled,2026-06-04 23:24:13
PAY-20260604-0002428,TRP-20260604-0002428,39.62,credit_card,settled,2026-06-04 17:19:27
PAY-20260604-0002429,TRP-20260604-0002429,23.62,apple_pay,settled,2026-06-04 14:06:40
PAY-20260604-0002430,TRP-20260604-0002430,22.51,mada,pending,2026-06-04 13:25:47
PAY-20260604-0002431,TRP-20260604-0002431,6.00,mada,failed,2026-06-04 07:36:45
PAY-20260604-0002432,TRP-20260604-0002432,42.29,stc_pay,pending,2026-06-04 07:16:29
PAY-20260604-0002433,TRP-20260604-0002433,30.56,mada,settled,2026-06-04 18:46:55
PAY-20260604-0002434,TRP-20260604-0002434,12.86,cash,settled,2026-06-04 13:11:25
PAY-20260604-0002435,TRP-20260604-0002435,82.31,mada,settled,2026-06-04 16:06:33
PAY-20260604-0002436,TRP-20260604-0002436,60.60,mada,settled,2026-06-04 11:23:18
PAY-20260604-0002437,TRP-20260604-0002437,20.56,credit_card,settled,2026-06-04 08:46:28
PAY-20260604-0002438,TRP-20260604-0002438,68.05,mada,settled,2026-06-05 17:09:33
PAY-20260604-0002439,TRP-20260604-0002439,30.01,cash,settled,2026-06-04 14:37:50
PAY-20260604-0002440,TRP-20260604-0002440,32.30,apple_pay,settled,2026-06-05 08:55:34
PAY-20260604-0002441,TRP-20260604-0002441,59.74,wallet,settled,2026-06-04 17:01:20
PAY-20260604-0002442,TRP-20260604-0002442,41.82,apple_pay,settled,2026-06-05 06:55:23
PAY-20260604-0002443,TRP-20260604-0002443,27.06,apple_pay,settled,2026-06-04 04:38:06
PAY-20260604-0002444,TRP-20260604-0002444,85.18,credit_card,settled,2026-06-04 15:17:07
PAY-20260604-0002445,TRP-20260604-0002445,14.12,mada,settled,2026-06-04 20:01:06
PAY-20260604-0002446,TRP-20260604-0002446,185.44,wallet,settled,2026-06-04 19:29:18
PAY-20260604-0002447,TRP-20260604-0002447,13.58,wallet,settled,2026-06-04 22:30:46
PAY-20260604-0002448,TRP-20260604-0002448,20.58,cash,settled,2026-06-04 05:45:14
PAY-20260604-0002449,TRP-20260604-0002449,55.32,mada,settled,2026-06-04 22:33:12
PAY-20260604-0002450,TRP-20260604-0002450,11.52,cash,settled,2026-06-04 09:21:44
PAY-20260604-0002451,TRP-20260604-0002451,14.14,cash,settled,2026-06-04 05:04:55
PAY-20260604-0002452,TRP-20260604-0002452,18.60,cash,settled,2026-06-04 09:43:20
PAY-20260604-0002453,TRP-20260604-0002453,19.15,apple_pay,settled,2026-06-04 17:49:55
PAY-20260604-0002454,TRP-20260604-0002454,26.41,mada,settled,2026-06-04 23:20:17
PAY-20260604-0002455,TRP-20260604-0002455,43.95,apple_pay,settled,2026-06-04 09:54:49
PAY-20260604-0002456,TRP-20260604-0002456,25.96,mada,settled,2026-06-04 14:56:41
PAY-20260604-0002457,TRP-20260604-0002457,44.05,mada,settled,2026-06-04 14:39:18
PAY-20260604-0002458,TRP-20260604-0002458,62.02,mada,settled,2026-06-04 12:25:56
PAY-20260604-0002459,TRP-20260604-0002459,54.53,stc_pay,settled,2026-06-04 07:45:10
PAY-20260604-0002460,TRP-20260604-0002460,21.93,mada,settled,2026-06-04 10:30:15
PAY-20260604-0002461,TRP-20260604-0002461,28.57,credit_card,settled,2026-06-04 19:52:12
PAY-20260604-0002462,TRP-20260604-0002462,15.87,mada,settled,2026-06-04 18:29:42
PAY-20260604-0002463,TRP-20260604-0002463,69.84,apple_pay,settled,2026-06-04 15:02:29
PAY-20260604-0002464,TRP-20260604-0002464,58.27,mada,settled,2026-06-04 05:49:43
PAY-20260604-0002465,TRP-20260604-0002465,41.91,mada,settled,2026-06-04 16:37:54
PAY-20260604-0002466,TRP-20260604-0002466,19.40,credit_card,settled,2026-06-04 05:15:57
PAY-20260604-0002467,TRP-20260604-0002467,14.07,stc_pay,settled,2026-06-04 14:30:46
PAY-20260604-0002468,TRP-20260604-0002468,52.25,credit_card,settled,2026-06-04 05:00:40
PAY-20260604-0002469,TRP-20260604-0002469,28.83,cash,settled,2026-06-04 04:51:21
PAY-20260604-0002470,TRP-20260604-0002470,77.08,apple_pay,settled,2026-06-04 06:56:42
PAY-20260604-0002471,TRP-20260604-0002471,196.90,credit_card,settled,2026-06-04 18:46:51
PAY-20260604-0002472,TRP-20260604-0002472,11.46,mada,settled,2026-06-05 07:06:49
PAY-20260604-0002473,TRP-20260604-0002473,15.29,cash,settled,2026-06-04 06:18:40
PAY-20260604-0002474,TRP-20260604-0002474,81.18,mada,settled,2026-06-05 04:40:19
PAY-20260604-0002475,TRP-20260604-0002475,13.52,apple_pay,settled,2026-06-04 03:12:56
PAY-20260604-0002476,TRP-20260604-0002476,30.37,mada,settled,2026-06-04 08:44:58
PAY-20260604-0002477,TRP-20260604-0002477,149.22,wallet,settled,2026-06-04 13:49:27
PAY-20260604-0002478,TRP-20260604-0002478,128.93,stc_pay,settled,2026-06-04 17:35:58
PAY-20260604-0002479,TRP-20260604-0002479,50.72,apple_pay,settled,2026-06-04 12:39:44
PAY-20260604-0002480,TRP-20260604-0002480,17.88,cash,settled,2026-06-04 14:17:23
PAY-20260604-0002481,TRP-20260604-0002481,31.64,credit_card,settled,2026-06-04 06:55:45
PAY-20260604-0002482,TRP-20260604-0002482,26.23,credit_card,settled,2026-06-04 18:37:51
PAY-20260604-0002483,TRP-20260604-0002483,34.26,cash,settled,2026-06-04 09:24:29
PAY-20260604-0002485,TRP-20260604-0002485,44.09,cash,settled,2026-06-04 15:48:14
PAY-20260604-0002486,TRP-20260604-0002486,15.61,wallet,pending,2026-06-05 08:42:38
PAY-20260604-0002487,TRP-20260604-0002487,28.12,mada,settled,2026-06-04 17:06:53
PAY-20260604-0002488,TRP-20260604-0002488,202.14,mada,settled,2026-06-04 16:29:14
PAY-20260604-0002489,TRP-20260604-0002489,35.45,mada,settled,2026-06-04 21:23:58
PAY-20260604-0002490,TRP-20260604-0002490,31.91,apple_pay,settled,2026-06-04 16:51:02
PAY-20260604-0002491,TRP-20260604-0002491,129.19,apple_pay,settled,2026-06-04 17:57:55
PAY-20260604-0002492,TRP-20260604-0002492,42.31,mada,settled,2026-06-04 07:33:23
PAY-20260604-0002493,TRP-20260604-0002493,17.56,credit_card,settled,2026-06-04 13:48:19
PAY-20260604-0002494,TRP-20260604-0002494,11.00,wallet,settled,2026-06-04 00:08:10
PAY-20260604-0002495,TRP-20260604-0002495,26.17,cash,settled,2026-06-04 05:01:31
PAY-20260604-0002496,TRP-20260604-0002496,24.62,credit_card,settled,2026-06-05 13:23:22
PAY-20260604-0002497,TRP-20260604-0002497,38.15,stc_pay,settled,2026-06-04 16:54:56
PAY-20260604-0002498,TRP-20260604-0002498,17.76,mada,settled,2026-06-05 08:59:10
PAY-20260604-0002499,TRP-20260604-0002499,27.92,apple_pay,settled,2026-06-04 08:08:46
PAY-20260604-0002500,TRP-20260604-0002500,43.68,mada,settled,2026-06-04 15:30:46
PAY-20260604-0002501,TRP-20260604-0002501,24.48,cash,settled,2026-06-04 11:18:24
PAY-20260604-0002502,TRP-20260604-0002502,48.31,credit_card,settled,2026-06-04 16:24:52
PAY-20260604-0002503,TRP-20260604-0002503,51.92,mada,settled,2026-06-04 22:08:21
PAY-20260604-0002504,TRP-20260604-0002504,59.27,mada,settled,2026-06-05 04:41:41
PAY-20260604-0002505,TRP-20260604-0002505,55.70,mada,settled,2026-06-04 14:23:40
PAY-20260604-0002506,TRP-20260604-0002506,24.99,mada,settled,2026-06-04 18:35:15
PAY-20260604-0002507,TRP-20260604-0002507,31.41,stc_pay,settled,2026-06-05 05:15:18
PAY-20260604-0002508,TRP-20260604-0002508,29.99,apple_pay,settled,2026-06-04 04:07:52
PAY-20260604-0002509,TRP-20260604-0002509,32.94,cash,settled,2026-06-04 18:11:35
PAY-20260604-0002510,TRP-20260604-0002510,79.31,mada,settled,2026-06-05 07:52:55
PAY-20260604-0002511,TRP-20260604-0002511,106.80,mada,settled,2026-06-04 07:02:21
PAY-20260604-0002512,TRP-20260604-0002512,25.07,mada,settled,2026-06-04 15:20:26
PAY-20260604-0002513,TRP-20260604-0002513,33.15,wallet,settled,2026-06-04 11:53:05
PAY-20260604-0002514,TRP-20260604-0002514,17.56,mada,settled,2026-06-04 05:41:37
PAY-20260604-0002515,TRP-20260604-0002515,37.03,credit_card,settled,2026-06-05 15:36:11
PAY-20260604-0002516,TRP-20260604-0002516,55.17,credit_card,settled,2026-06-05 06:17:27
PAY-20260604-0002517,TRP-20260604-0002517,40.98,mada,settled,2026-06-04 07:34:25
PAY-20260604-0002518,TRP-20260604-0002518,17.67,mada,settled,2026-06-04 06:18:04
PAY-20260604-0002520,TRP-20260604-0002520,29.39,wallet,settled,2026-06-04 09:56:05
PAY-20260604-0002521,TRP-20260604-0002521,18.82,credit_card,settled,2026-06-04 17:01:39
PAY-20260604-0002522,TRP-20260604-0002522,38.73,credit_card,settled,2026-06-04 15:01:23
PAY-20260604-0002523,TRP-20260604-0002523,22.02,mada,settled,2026-06-04 05:51:33
PAY-20260604-0002524,TRP-20260604-0002524,62.90,cash,settled,2026-06-04 17:58:09
PAY-20260604-0002525,TRP-20260604-0002525,57.54,credit_card,settled,2026-06-04 18:30:30
PAY-20260604-0002526,TRP-20260604-0002526,33.66,credit_card,settled,2026-06-04 11:00:58
PAY-20260604-0002528,TRP-20260604-0002528,87.47,stc_pay,settled,2026-06-04 22:32:05
PAY-20260604-0002529,TRP-20260604-0002529,20.35,cash,settled,2026-06-04 15:14:50
PAY-20260604-0002530,TRP-20260604-0002530,25.44,mada,settled,2026-06-04 14:54:11
PAY-20260604-0002531,TRP-20260604-0002531,62.63,apple_pay,settled,2026-06-05 10:36:18
PAY-20260604-0002532,TRP-20260604-0002532,21.55,credit_card,settled,2026-06-04 05:04:48
PAY-20260604-0002533,TRP-20260604-0002533,19.00,credit_card,settled,2026-06-04 23:11:12
PAY-20260604-0002534,TRP-20260604-0002534,52.56,credit_card,settled,2026-06-04 05:45:04
PAY-20260604-0002535,TRP-20260604-0002535,26.71,mada,settled,2026-06-04 11:48:14
PAY-20260604-0002536,TRP-20260604-0002536,18.23,mada,settled,2026-06-04 05:27:16
PAY-20260604-0002537,TRP-20260604-0002537,25.05,stc_pay,settled,2026-06-04 05:44:14
PAY-20260604-0002538,TRP-20260604-0002538,168.15,mada,pending,2026-06-04 19:44:50
PAY-20260604-0002539,TRP-20260604-0002539,15.88,credit_card,settled,2026-06-04 16:28:05
PAY-20260604-0002540,TRP-20260604-0002540,25.41,mada,settled,2026-06-04 08:01:02
PAY-20260604-0002541,TRP-20260604-0002541,77.37,credit_card,settled,2026-06-04 19:10:21
PAY-20260604-0002542,TRP-20260604-0002542,76.20,mada,settled,2026-06-04 15:37:31
PAY-20260604-0002543,TRP-20260604-0002543,25.94,cash,settled,2026-06-04 10:57:53
PAY-20260604-0002544,TRP-20260604-0002544,33.04,mada,settled,2026-06-04 09:36:02
PAY-20260604-0002545,TRP-20260604-0002545,32.99,mada,settled,2026-06-05 05:12:06
PAY-20260604-0002546,TRP-20260604-0002546,37.14,apple_pay,settled,2026-06-04 15:19:03
PAY-20260604-0002547,TRP-20260604-0002547,28.78,mada,settled,2026-06-04 19:58:44
PAY-20260604-0002548,TRP-20260604-0002548,77.83,mada,settled,2026-06-04 09:00:24
PAY-20260604-0002549,TRP-20260604-0002549,13.62,mada,pending,2026-06-05 06:00:35
PAY-20260604-0002550,TRP-20260604-0002550,41.30,mada,settled,2026-06-04 17:11:40
PAY-20260604-0002551,TRP-20260604-0002551,14.16,credit_card,settled,2026-06-04 04:44:33
PAY-20260604-0002552,TRP-20260604-0002552,68.90,mada,pending,2026-06-04 09:35:27
PAY-20260604-0002553,TRP-20260604-0002553,58.20,cash,settled,2026-06-04 05:11:19
PAY-20260604-0002554,TRP-20260604-0002554,18.96,credit_card,settled,2026-06-04 12:19:24
PAY-20260604-0002555,TRP-20260604-0002555,104.48,credit_card,settled,2026-06-05 12:05:40
PAY-20260604-0002556,TRP-20260604-0002556,51.90,mada,settled,2026-06-04 08:36:56
PAY-20260604-0002557,TRP-20260604-0002557,14.46,wallet,settled,2026-06-04 16:07:11
PAY-20260604-0002558,TRP-20260604-0002558,12.60,mada,settled,2026-06-04 13:29:16
PAY-20260604-0002560,TRP-20260604-0002560,23.95,wallet,settled,2026-06-04 15:07:17
PAY-20260604-0002562,TRP-20260604-0002562,24.73,stc_pay,settled,2026-06-05 10:28:10
PAY-20260604-0002563,TRP-20260604-0002563,61.44,mada,settled,2026-06-05 14:21:00
PAY-20260604-0002564,TRP-20260604-0002564,86.10,mada,settled,2026-06-04 13:00:23
PAY-20260604-0002565,TRP-20260604-0002565,32.45,credit_card,settled,2026-06-05 06:08:58
PAY-20260604-0002566,TRP-20260604-0002566,29.72,mada,settled,2026-06-04 10:32:22
PAY-20260604-0002567,TRP-20260604-0002567,40.21,mada,settled,2026-06-05 05:27:17
PAY-20260604-0002568,TRP-20260604-0002568,98.33,mada,settled,2026-06-04 15:10:08
PAY-20260604-0002569,TRP-20260604-0002569,14.70,mada,settled,2026-06-04 04:35:54
PAY-20260604-0002570,TRP-20260604-0002570,13.66,credit_card,pending,2026-06-03 23:16:32
PAY-20260604-0002571,TRP-20260604-0002571,13.44,cash,settled,2026-06-04 07:06:35
PAY-20260604-0002572,TRP-20260604-0002572,19.88,mada,settled,2026-06-05 04:23:48
PAY-20260604-0002573,TRP-20260604-0002573,30.20,credit_card,settled,2026-06-05 07:25:46
PAY-20260604-0002574,TRP-20260604-0002574,93.93,credit_card,settled,2026-06-04 18:38:18
PAY-20260604-0002575,TRP-20260604-0002575,21.93,cash,settled,2026-06-04 03:47:07
PAY-20260604-0002576,TRP-20260604-0002576,13.72,stc_pay,settled,2026-06-04 22:36:53
PAY-20260604-0002577,TRP-20260604-0002577,11.03,cash,settled,2026-06-04 17:01:25
PAY-20260604-0002578,TRP-20260604-0002578,26.14,mada,settled,2026-06-04 06:06:49
PAY-20260604-0002579,TRP-20260604-0002579,15.37,cash,settled,2026-06-04 13:50:44
PAY-20260604-0002580,TRP-20260604-0002580,34.05,mada,settled,2026-06-04 20:02:34
PAY-20260604-0002581,TRP-20260604-0002581,13.38,mada,settled,2026-06-04 04:11:08
PAY-20260604-0002582,TRP-20260604-0002582,51.41,cash,settled,2026-06-03 21:49:56
PAY-20260604-0002583,TRP-20260604-0002583,75.26,credit_card,settled,2026-06-04 18:27:00
PAY-20260604-0002584,TRP-20260604-0002584,18.88,apple_pay,settled,2026-06-04 16:56:42
PAY-20260604-0002585,TRP-20260604-0002585,12.94,mada,settled,2026-06-04 11:03:41
PAY-20260604-0002586,TRP-20260604-0002586,33.43,apple_pay,settled,2026-06-05 09:35:39
PAY-20260604-0002588,TRP-20260604-0002588,20.59,stc_pay,settled,2026-06-04 07:39:35
PAY-20260604-0002589,TRP-20260604-0002589,15.32,mada,settled,2026-06-04 19:46:23
PAY-20260604-0002590,TRP-20260604-0002590,22.16,mada,settled,2026-06-04 06:47:10
PAY-20260604-0002591,TRP-20260604-0002591,19.51,mada,settled,2026-06-05 07:02:04
PAY-20260604-0002592,TRP-20260604-0002592,26.98,credit_card,settled,2026-06-04 10:28:07
PAY-20260604-0002593,TRP-20260604-0002593,24.98,cash,settled,2026-06-04 13:26:28
PAY-20260604-0002594,TRP-20260604-0002594,53.42,apple_pay,settled,2026-06-04 07:29:51
PAY-20260604-0002595,TRP-20260604-0002595,23.95,stc_pay,settled,2026-06-04 15:19:13
PAY-20260604-0002596,TRP-20260604-0002596,39.48,mada,settled,2026-06-04 21:24:17
PAY-20260604-0002597,TRP-20260604-0002597,46.30,mada,settled,2026-06-04 21:38:28
PAY-20260604-0002598,TRP-20260604-0002598,18.03,wallet,settled,2026-06-04 08:44:08
PAY-20260604-0002599,TRP-20260604-0002599,29.02,mada,settled,2026-06-04 15:57:57
PAY-20260604-0002600,TRP-20260604-0002600,6.00,mada,settled,2026-06-04 16:23:33
PAY-20260604-0002601,TRP-20260604-0002601,38.91,stc_pay,settled,2026-06-05 15:03:39
PAY-20260604-0002602,TRP-20260604-0002602,22.70,apple_pay,settled,2026-06-04 11:42:09
PAY-20260604-0002603,TRP-20260604-0002603,29.17,mada,settled,2026-06-04 05:57:14
PAY-20260604-0002604,TRP-20260604-0002604,12.54,apple_pay,settled,2026-06-04 21:06:20
PAY-20260604-0002605,TRP-20260604-0002605,18.14,wallet,settled,2026-06-04 19:27:42
PAY-20260604-0002606,TRP-20260604-0002606,18.83,apple_pay,settled,2026-06-04 16:09:18
PAY-20260604-0002607,TRP-20260604-0002607,46.59,credit_card,settled,2026-06-04 22:08:39
PAY-20260604-0002608,TRP-20260604-0002608,31.13,wallet,settled,2026-06-04 18:31:03
PAY-20260604-0002609,TRP-20260604-0002609,49.05,cash,settled,2026-06-04 19:43:57
PAY-20260604-0002610,TRP-20260604-0002610,81.11,apple_pay,settled,2026-06-04 11:16:46
PAY-20260604-0002611,TRP-20260604-0002611,155.47,credit_card,settled,2026-06-04 09:28:57
PAY-20260604-0002612,TRP-20260604-0002612,37.46,apple_pay,settled,2026-06-04 16:06:57
PAY-20260604-0002613,TRP-20260604-0002613,89.45,mada,pending,2026-06-04 12:45:28
PAY-20260604-0002614,TRP-20260604-0002614,106.28,credit_card,settled,2026-06-04 07:45:17
PAY-20260604-0002615,TRP-20260604-0002615,58.89,stc_pay,settled,2026-06-05 16:43:11
PAY-20260604-0002616,TRP-20260604-0002616,125.41,mada,settled,2026-06-05 00:45:48
PAY-20260604-0002617,TRP-20260604-0002617,54.09,mada,settled,2026-06-04 20:16:11
PAY-20260604-0002618,TRP-20260604-0002618,12.32,mada,settled,2026-06-04 15:25:23
PAY-20260604-0002619,TRP-20260604-0002619,26.19,stc_pay,settled,2026-06-05 09:20:03
PAY-20260604-0002620,TRP-20260604-0002620,33.68,mada,settled,2026-06-04 12:37:09
PAY-20260604-0002621,TRP-20260604-0002621,84.23,mada,settled,2026-06-04 05:28:22
PAY-20260604-0002622,TRP-20260604-0002622,40.67,credit_card,settled,2026-06-04 12:48:51
PAY-20260604-0002623,TRP-20260604-0002623,11.05,wallet,settled,2026-06-04 13:34:50
PAY-20260604-0002624,TRP-20260604-0002624,10.00,mada,settled,2026-06-04 19:43:57
PAY-20260604-0002625,TRP-20260604-0002625,46.52,stc_pay,settled,2026-06-04 04:03:39
PAY-20260604-0002626,TRP-20260604-0002626,38.63,stc_pay,settled,2026-06-04 21:54:28
PAY-20260604-0002627,TRP-20260604-0002627,16.12,cash,settled,2026-06-04 16:37:02
PAY-20260604-0002628,TRP-20260604-0002628,35.68,mada,settled,2026-06-04 23:39:44
PAY-20260604-0002629,TRP-20260604-0002629,14.87,stc_pay,settled,2026-06-04 11:55:58
PAY-20260604-0002630,TRP-20260604-0002630,41.11,wallet,pending,2026-06-04 14:53:08
PAY-20260604-0002631,TRP-20260604-0002631,49.67,mada,settled,2026-06-04 12:42:04
PAY-20260604-0002632,TRP-20260604-0002632,48.68,mada,settled,2026-06-04 13:09:24
PAY-20260604-0002633,TRP-20260604-0002633,21.52,apple_pay,settled,2026-06-04 12:15:17
PAY-20260604-0002634,TRP-20260604-0002634,8.00,credit_card,settled,2026-06-04 13:34:14
PAY-20260604-0002635,TRP-20260604-0002635,24.90,mada,settled,2026-06-04 09:03:19
PAY-20260604-0002636,TRP-20260604-0002636,52.41,stc_pay,settled,2026-06-04 07:15:51
PAY-20260604-0002637,TRP-20260604-0002637,12.52,credit_card,settled,2026-06-04 07:36:27
PAY-20260604-0002638,TRP-20260604-0002638,87.64,credit_card,settled,2026-06-04 15:45:24
PAY-20260604-0002639,TRP-20260604-0002639,33.57,mada,settled,2026-06-03 23:09:08
PAY-20260604-0002641,TRP-20260604-0002641,65.81,credit_card,settled,2026-06-04 17:52:23
PAY-20260604-0002642,TRP-20260604-0002642,33.85,stc_pay,settled,2026-06-04 20:20:26
PAY-20260604-0002643,TRP-20260604-0002643,32.60,stc_pay,settled,2026-06-04 19:19:34
PAY-20260604-0002644,TRP-20260604-0002644,31.57,credit_card,settled,2026-06-04 11:54:45
PAY-20260604-0002645,TRP-20260604-0002645,30.38,credit_card,settled,2026-06-04 20:04:46
PAY-20260604-0002646,TRP-20260604-0002646,58.77,cash,settled,2026-06-04 09:21:47
PAY-20260604-0002647,TRP-20260604-0002647,42.35,mada,settled,2026-06-04 05:02:06
PAY-20260604-0002648,TRP-20260604-0002648,38.21,cash,settled,2026-06-04 05:33:26
PAY-20260604-0002649,TRP-20260604-0002649,39.86,mada,settled,2026-06-04 11:06:55
PAY-20260604-0002650,TRP-20260604-0002650,61.31,credit_card,settled,2026-06-04 13:21:38
PAY-20260604-0002651,TRP-20260604-0002651,28.26,credit_card,settled,2026-06-04 04:12:03
PAY-20260604-0002652,TRP-20260604-0002652,15.72,credit_card,settled,2026-06-04 12:30:49
PAY-20260604-0002653,TRP-20260604-0002653,19.28,credit_card,settled,2026-06-04 21:27:59
PAY-20260604-0002654,TRP-20260604-0002654,73.14,mada,settled,2026-06-04 17:28:55
PAY-20260604-0002655,TRP-20260604-0002655,47.75,mada,settled,2026-06-04 13:13:15
PAY-20260604-0002656,TRP-20260604-0002656,35.98,credit_card,settled,2026-06-04 10:56:19
PAY-20260604-0002657,TRP-20260604-0002657,26.09,credit_card,pending,2026-06-04 07:43:28
PAY-20260604-0002658,TRP-20260604-0002658,21.39,stc_pay,settled,2026-06-04 06:53:20
PAY-20260604-0002659,TRP-20260604-0002659,27.83,credit_card,settled,2026-06-05 10:32:37
PAY-20260604-0002661,TRP-20260604-0002661,40.50,credit_card,settled,2026-06-04 06:01:22
PAY-20260604-0002662,TRP-20260604-0002662,48.63,cash,settled,2026-06-04 06:05:28
PAY-20260604-0002663,TRP-20260604-0002663,18.13,stc_pay,settled,2026-06-04 09:25:46
PAY-20260604-0002664,TRP-20260604-0002664,55.07,stc_pay,settled,2026-06-04 17:29:59
PAY-20260604-0002665,TRP-20260604-0002665,12.72,stc_pay,settled,2026-06-04 13:10:41
PAY-20260604-0002666,TRP-20260604-0002666,25.60,mada,settled,2026-06-04 19:08:40
PAY-20260604-0002667,TRP-20260604-0002667,25.61,mada,settled,2026-06-04 10:28:49
PAY-20260604-0002668,TRP-20260604-0002668,55.33,mada,settled,2026-06-04 17:14:34
PAY-20260604-0002669,TRP-20260604-0002669,35.44,cash,settled,2026-06-04 05:24:04
PAY-20260604-0002670,TRP-20260604-0002670,11.00,apple_pay,settled,2026-06-04 09:05:16
PAY-20260604-0002671,TRP-20260604-0002671,12.00,apple_pay,settled,2026-06-04 15:31:29
PAY-20260604-0002672,TRP-20260604-0002672,11.52,credit_card,settled,2026-06-04 10:27:34
PAY-20260604-0002673,TRP-20260604-0002673,17.96,mada,settled,2026-06-05 20:02:42
PAY-20260604-0002674,TRP-20260604-0002674,125.50,stc_pay,settled,2026-06-04 11:23:42
PAY-20260604-0002675,TRP-20260604-0002675,33.51,apple_pay,settled,2026-06-04 06:51:27
PAY-20260604-0002676,TRP-20260604-0002676,47.39,mada,settled,2026-06-04 15:05:01
PAY-20260604-0002677,TRP-20260604-0002677,38.55,credit_card,settled,2026-06-04 03:56:54
PAY-20260604-0002678,TRP-20260604-0002678,19.41,mada,settled,2026-06-04 07:02:51
PAY-20260604-0002679,TRP-20260604-0002679,15.60,apple_pay,settled,2026-06-04 17:23:26
PAY-20260604-0002680,TRP-20260604-0002680,19.99,stc_pay,settled,2026-06-05 09:35:21
PAY-20260604-0002681,TRP-20260604-0002681,10.00,apple_pay,settled,2026-06-05 06:08:28
PAY-20260604-0002682,TRP-20260604-0002682,113.20,apple_pay,settled,2026-06-05 00:18:40
PAY-20260604-0002683,TRP-20260604-0002683,54.14,mada,settled,2026-06-04 14:20:48
PAY-20260604-0002684,TRP-20260604-0002684,48.61,mada,settled,2026-06-04 09:09:23
PAY-20260604-0002685,TRP-20260604-0002685,91.13,apple_pay,settled,2026-06-04 20:31:24
PAY-20260604-0002686,TRP-20260604-0002686,45.67,cash,settled,2026-06-04 08:14:41
PAY-20260604-0002687,TRP-20260604-0002687,31.21,apple_pay,settled,2026-06-04 13:20:56
PAY-20260604-0002688,TRP-20260604-0002688,28.44,cash,settled,2026-06-04 12:14:01
PAY-20260604-0002689,TRP-20260604-0002689,65.94,cash,settled,2026-06-04 14:09:52
PAY-20260604-0002690,TRP-20260604-0002690,13.11,apple_pay,settled,2026-06-04 17:42:45
PAY-20260604-0002691,TRP-20260604-0002691,36.69,wallet,settled,2026-06-04 20:42:47
PAY-20260604-0002692,TRP-20260604-0002692,27.02,mada,settled,2026-06-04 07:22:47
PAY-20260604-0002693,TRP-20260604-0002693,29.32,mada,settled,2026-06-04 19:02:51
PAY-20260604-0002694,TRP-20260604-0002694,18.72,mada,settled,2026-06-04 11:20:29
PAY-20260604-0002695,TRP-20260604-0002695,24.43,mada,settled,2026-06-04 06:17:44
PAY-20260604-0002696,TRP-20260604-0002696,19.30,stc_pay,settled,2026-06-04 17:30:55
PAY-20260604-0002697,TRP-20260604-0002697,16.25,apple_pay,settled,2026-06-04 09:51:38
PAY-20260604-0002698,TRP-20260604-0002698,70.53,cash,settled,2026-06-04 14:44:06
PAY-20260604-0002699,TRP-20260604-0002699,31.13,credit_card,settled,2026-06-04 11:52:18
PAY-20260604-0002700,TRP-20260604-0002700,58.57,credit_card,settled,2026-06-04 20:52:33
PAY-20260604-0002701,TRP-20260604-0002701,29.36,apple_pay,settled,2026-06-04 08:36:02
PAY-20260604-0002702,TRP-20260604-0002702,132.94,stc_pay,settled,2026-06-04 07:37:02
PAY-20260604-0002703,TRP-20260604-0002703,10.00,cash,settled,2026-06-04 00:38:54
PAY-20260604-0002704,TRP-20260604-0002704,12.99,credit_card,settled,2026-06-04 04:18:56
PAY-20260604-0002705,TRP-20260604-0002705,18.10,credit_card,settled,2026-06-05 03:36:34
PAY-20260604-0002706,TRP-20260604-0002706,18.47,mada,settled,2026-06-04 19:10:25
PAY-20260604-0002707,TRP-20260604-0002707,23.61,mada,settled,2026-06-04 13:06:27
PAY-20260604-0002708,TRP-20260604-0002708,50.18,stc_pay,settled,2026-06-05 04:18:54
PAY-20260604-0002709,TRP-20260604-0002709,17.95,apple_pay,settled,2026-06-05 14:36:43
PAY-20260604-0002710,TRP-20260604-0002710,15.93,stc_pay,failed,2026-06-04 09:38:08
PAY-20260604-0002711,TRP-20260604-0002711,52.45,mada,settled,2026-06-04 11:31:20
PAY-20260604-0002712,TRP-20260604-0002712,26.39,mada,settled,2026-06-04 05:20:51
PAY-20260604-0002713,TRP-20260604-0002713,50.21,credit_card,settled,2026-06-03 23:48:48
PAY-20260604-0002714,TRP-20260604-0002714,15.87,credit_card,failed,2026-06-04 08:38:42
PAY-20260604-0002715,TRP-20260604-0002715,19.88,apple_pay,settled,2026-06-04 11:28:45
PAY-20260604-0002716,TRP-20260604-0002716,80.11,mada,settled,2026-06-04 17:40:20
PAY-20260604-0002717,TRP-20260604-0002717,35.99,wallet,settled,2026-06-04 17:55:32
PAY-20260604-0002718,TRP-20260604-0002718,53.73,mada,settled,2026-06-04 14:11:49
PAY-20260604-0002719,TRP-20260604-0002719,55.99,apple_pay,settled,2026-06-04 11:05:04
PAY-20260604-0002720,TRP-20260604-0002720,38.92,credit_card,settled,2026-06-04 04:59:37
PAY-20260604-0002721,TRP-20260604-0002721,50.95,wallet,settled,2026-06-04 18:56:26
PAY-20260604-0002722,TRP-20260604-0002722,16.92,credit_card,settled,2026-06-04 13:47:33
PAY-20260604-0002723,TRP-20260604-0002723,15.96,cash,settled,2026-06-04 05:08:24
PAY-20260604-0002724,TRP-20260604-0002724,65.32,stc_pay,settled,2026-06-04 10:07:22
PAY-20260604-0002725,TRP-20260604-0002725,35.92,mada,settled,2026-06-04 18:25:43
PAY-20260604-0002726,TRP-20260604-0002726,31.60,credit_card,settled,2026-06-04 08:36:23
PAY-20260604-0002727,TRP-20260604-0002727,21.38,mada,settled,2026-06-04 07:29:09
PAY-20260604-0002729,TRP-20260604-0002729,12.00,cash,settled,2026-06-04 10:22:49
PAY-20260604-0002730,TRP-20260604-0002730,45.64,cash,settled,2026-06-04 06:25:58
PAY-20260604-0002731,TRP-20260604-0002731,21.32,credit_card,settled,2026-06-04 07:07:23
PAY-20260604-0002732,TRP-20260604-0002732,148.86,mada,settled,2026-06-04 19:48:07
PAY-20260604-0002733,TRP-20260604-0002733,116.39,cash,settled,2026-06-04 02:16:08
PAY-20260604-0002734,TRP-20260604-0002734,53.26,mada,settled,2026-06-04 20:45:47
PAY-20260604-0002735,TRP-20260604-0002735,27.78,credit_card,settled,2026-06-04 23:02:35
PAY-20260604-0002736,TRP-20260604-0002736,29.91,wallet,settled,2026-06-04 07:18:41
PAY-20260604-0002737,TRP-20260604-0002737,129.63,cash,settled,2026-06-04 15:56:04
PAY-20260604-0002738,TRP-20260604-0002738,45.79,apple_pay,settled,2026-06-04 16:26:05
PAY-20260604-0002739,TRP-20260604-0002739,18.85,mada,settled,2026-06-04 23:07:02
PAY-20260604-0002740,TRP-20260604-0002740,18.66,mada,settled,2026-06-04 10:22:03
PAY-20260604-0002742,TRP-20260604-0002742,10.00,cash,settled,2026-06-04 07:00:18
PAY-20260604-0002743,TRP-20260604-0002743,36.64,credit_card,settled,2026-06-05 04:53:50
PAY-20260604-0002744,TRP-20260604-0002744,19.41,credit_card,settled,2026-06-04 20:22:52
PAY-20260604-0002745,TRP-20260604-0002745,12.00,credit_card,settled,2026-06-04 04:35:39
PAY-20260604-0002746,TRP-20260604-0002746,61.05,cash,settled,2026-06-04 07:49:55
PAY-20260604-0002747,TRP-20260604-0002747,52.07,mada,settled,2026-06-04 05:02:00
PAY-20260604-0002748,TRP-20260604-0002748,22.75,mada,settled,2026-06-05 07:55:22
PAY-20260604-0002749,TRP-20260604-0002749,22.68,mada,settled,2026-06-04 14:58:49
PAY-20260604-0002750,TRP-20260604-0002750,18.46,stc_pay,settled,2026-06-04 11:36:50
PAY-20260604-0002751,TRP-20260604-0002751,14.20,mada,settled,2026-06-04 14:57:54
PAY-20260604-0002752,TRP-20260604-0002752,27.78,mada,settled,2026-06-04 16:26:24
PAY-20260604-0002753,TRP-20260604-0002753,26.23,cash,settled,2026-06-04 21:03:52
PAY-20260604-0002754,TRP-20260604-0002754,67.48,cash,settled,2026-06-04 15:52:08
PAY-20260604-0002755,TRP-20260604-0002755,14.87,credit_card,settled,2026-06-05 00:58:00
PAY-20260604-0002756,TRP-20260604-0002756,38.42,mada,settled,2026-06-04 10:07:50
PAY-20260604-0002757,TRP-20260604-0002757,15.57,mada,settled,2026-06-04 20:09:23
PAY-20260604-0002758,TRP-20260604-0002758,30.33,stc_pay,settled,2026-06-04 21:03:29
PAY-20260604-0002759,TRP-20260604-0002759,15.87,mada,settled,2026-06-04 11:15:33
PAY-20260604-0002760,TRP-20260604-0002760,19.27,mada,settled,2026-06-04 19:02:01
PAY-20260604-0002761,TRP-20260604-0002761,31.06,mada,settled,2026-06-04 20:06:54
PAY-20260604-0002763,TRP-20260604-0002763,62.00,cash,settled,2026-06-04 20:03:42
PAY-20260604-0002764,TRP-20260604-0002764,54.76,mada,settled,2026-06-04 17:29:20
PAY-20260604-0002765,TRP-20260604-0002765,70.66,credit_card,settled,2026-06-04 05:51:45
PAY-20260604-0002766,TRP-20260604-0002766,37.13,mada,settled,2026-06-04 13:01:37
PAY-20260604-0002767,TRP-20260604-0002767,10.00,mada,settled,2026-06-05 07:49:24
PAY-20260604-0002768,TRP-20260604-0002768,25.38,mada,settled,2026-06-04 09:23:10
PAY-20260604-0002769,TRP-20260604-0002769,17.76,mada,settled,2026-06-05 07:46:10
PAY-20260604-0002770,TRP-20260604-0002770,23.49,mada,failed,2026-06-04 13:51:34
PAY-20260604-0002771,TRP-20260604-0002771,20.34,mada,settled,2026-06-04 18:15:41
PAY-20260604-0002772,TRP-20260604-0002772,24.75,mada,settled,2026-06-04 10:03:02
PAY-20260604-0002773,TRP-20260604-0002773,58.44,stc_pay,settled,2026-06-04 19:26:39
PAY-20260604-0002774,TRP-20260604-0002774,23.64,wallet,settled,2026-06-04 18:32:27
PAY-20260604-0002775,TRP-20260604-0002775,21.01,mada,settled,2026-06-04 20:18:12
PAY-20260604-0002777,TRP-20260604-0002777,23.22,mada,pending,2026-06-05 16:47:08
PAY-20260604-0002778,TRP-20260604-0002778,13.43,credit_card,settled,2026-06-04 11:08:48
PAY-20260604-0002779,TRP-20260604-0002779,12.00,apple_pay,settled,2026-06-04 20:09:40
PAY-20260604-0002780,TRP-20260604-0002780,11.35,mada,settled,2026-06-04 10:13:42
PAY-20260604-0002781,TRP-20260604-0002781,24.70,mada,settled,2026-06-04 19:16:30
PAY-20260604-0002782,TRP-20260604-0002782,47.84,mada,settled,2026-06-04 09:28:13
PAY-20260604-0002783,TRP-20260604-0002783,30.69,credit_card,settled,2026-06-04 13:00:36
PAY-20260604-0002784,TRP-20260604-0002784,22.76,mada,settled,2026-06-04 09:10:11
PAY-20260604-0002785,TRP-20260604-0002785,99.89,mada,settled,2026-06-05 04:52:45
PAY-20260604-0002786,TRP-20260604-0002786,36.15,credit_card,settled,2026-06-04 19:02:42
PAY-20260604-0002787,TRP-20260604-0002787,39.90,stc_pay,settled,2026-06-05 04:01:26
PAY-20260604-0002788,TRP-20260604-0002788,29.74,apple_pay,settled,2026-06-04 12:02:42
PAY-20260604-0002789,TRP-20260604-0002789,23.02,apple_pay,settled,2026-06-04 16:22:04
PAY-20260604-0002790,TRP-20260604-0002790,50.43,cash,settled,2026-06-04 18:11:08
PAY-20260604-0002791,TRP-20260604-0002791,6.00,mada,settled,2026-06-04 14:26:32
PAY-20260604-0002792,TRP-20260604-0002792,34.77,cash,settled,2026-06-04 17:18:39
PAY-20260604-0002794,TRP-20260604-0002794,37.30,credit_card,settled,2026-06-04 10:28:33
PAY-20260604-0002795,TRP-20260604-0002795,12.83,cash,settled,2026-06-04 17:50:52
PAY-20260604-0002796,TRP-20260604-0002796,45.93,mada,settled,2026-06-04 05:44:45
PAY-20260604-0002797,TRP-20260604-0002797,35.81,mada,settled,2026-06-04 09:32:01
PAY-20260604-0002799,TRP-20260604-0002799,38.89,cash,settled,2026-06-04 04:28:15
PAY-20260604-0002800,TRP-20260604-0002800,23.98,credit_card,settled,2026-06-04 06:47:19
PAY-20260604-0002801,TRP-20260604-0002801,13.86,cash,settled,2026-06-04 17:53:54
PAY-20260604-0002802,TRP-20260604-0002802,35.60,mada,settled,2026-06-04 16:35:07
PAY-20260604-0002803,TRP-20260604-0002803,117.34,mada,pending,2026-06-04 15:59:15
PAY-20260604-0002804,TRP-20260604-0002804,33.42,stc_pay,settled,2026-06-04 11:07:29
PAY-20260604-0002805,TRP-20260604-0002805,22.02,credit_card,settled,2026-06-04 18:51:06
PAY-20260604-0002806,TRP-20260604-0002806,14.73,cash,settled,2026-06-04 10:00:47
PAY-20260604-0002807,TRP-20260604-0002807,18.58,stc_pay,settled,2026-06-04 18:28:36
PAY-20260604-0002808,TRP-20260604-0002808,8.00,cash,settled,2026-06-04 06:58:57
PAY-20260604-0002809,TRP-20260604-0002809,44.39,mada,settled,2026-06-04 16:41:05
PAY-20260604-0002810,TRP-20260604-0002810,22.03,credit_card,settled,2026-06-04 07:07:38
PAY-20260604-0002811,TRP-20260604-0002811,66.32,apple_pay,settled,2026-06-04 17:55:16
PAY-20260604-0002812,TRP-20260604-0002812,15.85,credit_card,settled,2026-06-04 12:45:13
PAY-20260604-0002813,TRP-20260604-0002813,47.58,mada,settled,2026-06-04 18:00:22
PAY-20260604-0002814,TRP-20260604-0002814,12.00,stc_pay,settled,2026-06-04 23:03:15
PAY-20260604-0002815,TRP-20260604-0002815,92.69,mada,settled,2026-06-05 14:59:02
PAY-20260604-0002816,TRP-20260604-0002816,28.32,cash,settled,2026-06-04 04:48:57
PAY-20260604-0002817,TRP-20260604-0002817,41.11,mada,settled,2026-06-05 14:03:22
PAY-20260604-0002818,TRP-20260604-0002818,78.38,stc_pay,settled,2026-06-04 06:31:02
PAY-20260604-0002819,TRP-20260604-0002819,73.66,apple_pay,settled,2026-06-04 15:55:46
PAY-20260604-0002820,TRP-20260604-0002820,76.54,credit_card,settled,2026-06-05 09:34:08
PAY-20260604-0002821,TRP-20260604-0002821,11.00,credit_card,settled,2026-06-04 22:09:58
PAY-20260604-0002822,TRP-20260604-0002822,70.35,credit_card,settled,2026-06-04 13:38:00
PAY-20260604-0002823,TRP-20260604-0002823,35.70,mada,settled,2026-06-04 14:51:20
PAY-20260604-0002824,TRP-20260604-0002824,17.58,cash,settled,2026-06-04 08:18:58
PAY-20260604-0002825,TRP-20260604-0002825,14.98,credit_card,settled,2026-06-04 15:21:09
PAY-20260604-0002826,TRP-20260604-0002826,14.17,wallet,settled,2026-06-04 10:25:09
PAY-20260604-0002827,TRP-20260604-0002827,43.34,credit_card,settled,2026-06-04 16:17:24
PAY-20260604-0002828,TRP-20260604-0002828,19.62,mada,settled,2026-06-05 06:18:26
PAY-20260604-0002829,TRP-20260604-0002829,134.44,wallet,settled,2026-06-04 06:17:14
PAY-20260604-0002830,TRP-20260604-0002830,84.96,credit_card,settled,2026-06-05 13:22:42
PAY-20260604-0002831,TRP-20260604-0002831,12.00,apple_pay,settled,2026-06-04 13:22:41
PAY-20260604-0002832,TRP-20260604-0002832,10.00,cash,settled,2026-06-04 16:01:49
PAY-20260604-0002833,TRP-20260604-0002833,77.20,stc_pay,settled,2026-06-04 18:10:32
PAY-20260604-0002834,TRP-20260604-0002834,37.13,credit_card,settled,2026-06-04 15:28:04
PAY-20260604-0002835,TRP-20260604-0002835,37.82,cash,settled,2026-06-04 14:11:01
PAY-20260604-0002836,TRP-20260604-0002836,29.44,stc_pay,settled,2026-06-04 05:20:46
PAY-20260604-0002837,TRP-20260604-0002837,24.42,mada,settled,2026-06-05 09:21:17
PAY-20260604-0002838,TRP-20260604-0002838,46.27,credit_card,settled,2026-06-05 03:53:36
PAY-20260604-0002839,TRP-20260604-0002839,55.73,cash,settled,2026-06-04 11:46:55
PAY-20260604-0002840,TRP-20260604-0002840,49.96,mada,settled,2026-06-04 07:07:52
PAY-20260604-0002841,TRP-20260604-0002841,34.02,apple_pay,settled,2026-06-04 20:50:44
PAY-20260604-0002842,TRP-20260604-0002842,13.98,apple_pay,settled,2026-06-04 08:55:50
PAY-20260604-0002843,TRP-20260604-0002843,42.78,apple_pay,settled,2026-06-05 15:36:41
PAY-20260604-0002844,TRP-20260604-0002844,55.90,cash,settled,2026-06-04 06:02:24
PAY-20260604-0002845,TRP-20260604-0002845,39.86,apple_pay,settled,2026-06-04 16:40:07
PAY-20260604-0002846,TRP-20260604-0002846,34.83,mada,settled,2026-06-04 17:07:10
PAY-20260604-0002847,TRP-20260604-0002847,6.00,credit_card,settled,2026-06-04 19:04:20
PAY-20260604-0002848,TRP-20260604-0002848,36.01,credit_card,settled,2026-06-04 16:36:03
PAY-20260604-0002849,TRP-20260604-0002849,42.41,stc_pay,settled,2026-06-05 00:20:02
PAY-20260604-0002851,TRP-20260604-0002851,14.75,stc_pay,settled,2026-06-04 05:35:29
PAY-20260604-0002852,TRP-20260604-0002852,15.85,cash,settled,2026-06-04 19:46:51
PAY-20260604-0002853,TRP-20260604-0002853,25.89,mada,settled,2026-06-04 13:39:32
PAY-20260604-0002854,TRP-20260604-0002854,24.23,mada,settled,2026-06-05 16:07:54
PAY-20260604-0002855,TRP-20260604-0002855,120.42,apple_pay,settled,2026-06-04 16:21:23
PAY-20260604-0002856,TRP-20260604-0002856,19.05,credit_card,settled,2026-06-04 10:00:44
PAY-20260604-0002857,TRP-20260604-0002857,191.47,stc_pay,settled,2026-06-04 18:17:58
PAY-20260604-0002858,TRP-20260604-0002858,25.86,wallet,settled,2026-06-04 21:24:34
PAY-20260604-0002859,TRP-20260604-0002859,25.56,cash,settled,2026-06-04 16:29:30
PAY-20260604-0002860,TRP-20260604-0002860,20.08,wallet,settled,2026-06-04 19:57:40
PAY-20260604-0002861,TRP-20260604-0002861,35.44,stc_pay,settled,2026-06-04 08:58:57
PAY-20260604-0002862,TRP-20260604-0002862,39.15,credit_card,settled,2026-06-05 16:26:21
PAY-20260604-0002863,TRP-20260604-0002863,17.97,stc_pay,settled,2026-06-04 07:42:24
PAY-20260604-0002864,TRP-20260604-0002864,20.33,mada,settled,2026-06-04 10:22:33
PAY-20260604-0002865,TRP-20260604-0002865,18.87,credit_card,settled,2026-06-04 14:57:42
PAY-20260604-0002866,TRP-20260604-0002866,27.17,mada,settled,2026-06-04 20:22:36
PAY-20260604-0002867,TRP-20260604-0002867,61.87,apple_pay,settled,2026-06-04 17:11:30
PAY-20260604-0002868,TRP-20260604-0002868,39.03,apple_pay,settled,2026-06-04 16:37:22
PAY-20260604-0002869,TRP-20260604-0002869,49.83,wallet,settled,2026-06-04 12:48:29
PAY-20260604-0002870,TRP-20260604-0002870,92.51,cash,settled,2026-06-04 15:57:50
PAY-20260604-0002871,TRP-20260604-0002871,19.92,mada,settled,2026-06-05 08:02:22
PAY-20260604-0002872,TRP-20260604-0002872,36.53,apple_pay,settled,2026-06-04 12:01:01
PAY-20260604-0002873,TRP-20260604-0002873,20.82,wallet,settled,2026-06-05 01:43:24
PAY-20260604-0002874,TRP-20260604-0002874,40.78,cash,settled,2026-06-04 08:07:39
PAY-20260604-0002875,TRP-20260604-0002875,20.08,credit_card,settled,2026-06-05 11:19:10
PAY-20260604-0002876,TRP-20260604-0002876,24.17,mada,settled,2026-06-04 09:59:48
PAY-20260604-0002877,TRP-20260604-0002877,15.85,apple_pay,failed,2026-06-04 14:52:15
PAY-20260604-0002878,TRP-20260604-0002878,62.38,apple_pay,settled,2026-06-04 08:46:56
PAY-20260604-0002879,TRP-20260604-0002879,22.44,stc_pay,settled,2026-06-04 06:22:18
PAY-20260604-0002881,TRP-20260604-0002881,12.29,credit_card,settled,2026-06-04 12:07:04
PAY-20260604-0002882,TRP-20260604-0002882,27.82,cash,settled,2026-06-04 15:22:22
PAY-20260604-0002883,TRP-20260604-0002883,23.99,credit_card,settled,2026-06-05 08:43:38
PAY-20260604-0002884,TRP-20260604-0002884,32.93,wallet,settled,2026-06-04 04:35:48
PAY-20260604-0002885,TRP-20260604-0002885,44.13,stc_pay,settled,2026-06-04 20:00:03
PAY-20260604-0002886,TRP-20260604-0002886,94.90,wallet,settled,2026-06-04 19:33:36
PAY-20260604-0002888,TRP-20260604-0002888,26.21,mada,settled,2026-06-04 13:06:10
PAY-20260604-0002889,TRP-20260604-0002889,95.48,mada,settled,2026-06-04 10:35:17
PAY-20260604-0002890,TRP-20260604-0002890,33.96,mada,settled,2026-06-05 15:04:54
PAY-20260604-0002891,TRP-20260604-0002891,10.00,apple_pay,settled,2026-06-05 08:33:16
PAY-20260604-0002892,TRP-20260604-0002892,14.69,mada,settled,2026-06-04 23:22:58
PAY-20260604-0002893,TRP-20260604-0002893,42.78,mada,settled,2026-06-04 20:49:19
PAY-20260604-0002894,TRP-20260604-0002894,52.27,mada,settled,2026-06-04 11:49:45
PAY-20260604-0002895,TRP-20260604-0002895,18.13,stc_pay,settled,2026-06-04 12:36:57
PAY-20260604-0002896,TRP-20260604-0002896,62.80,cash,settled,2026-06-04 17:27:54
PAY-20260604-0002897,TRP-20260604-0002897,24.18,mada,settled,2026-06-04 13:37:51
PAY-20260604-0002898,TRP-20260604-0002898,33.28,wallet,pending,2026-06-04 14:33:46
PAY-20260604-0002899,TRP-20260604-0002899,48.58,cash,settled,2026-06-04 14:40:14
PAY-20260604-0002900,TRP-20260604-0002900,17.51,wallet,settled,2026-06-04 13:55:11
PAY-20260604-0002901,TRP-20260604-0002901,32.62,cash,settled,2026-06-04 06:34:41
PAY-20260604-0002902,TRP-20260604-0002902,24.35,cash,settled,2026-06-04 04:45:32
PAY-20260604-0002903,TRP-20260604-0002903,11.90,mada,settled,2026-06-04 06:35:17
PAY-20260604-0002905,TRP-20260604-0002905,19.95,mada,settled,2026-06-05 05:17:36
PAY-20260604-0002906,TRP-20260604-0002906,44.36,credit_card,settled,2026-06-04 09:20:22
PAY-20260604-0002907,TRP-20260604-0002907,6.00,mada,settled,2026-06-04 15:40:48
PAY-20260604-0002908,TRP-20260604-0002908,35.90,credit_card,settled,2026-06-04 19:01:45
PAY-20260604-0002909,TRP-20260604-0002909,28.68,credit_card,settled,2026-06-04 23:37:20
PAY-20260604-0002910,TRP-20260604-0002910,48.67,mada,settled,2026-06-04 13:59:45
PAY-20260604-0002911,TRP-20260604-0002911,65.12,credit_card,settled,2026-06-04 21:16:55
PAY-20260604-0002912,TRP-20260604-0002912,35.92,mada,settled,2026-06-04 18:53:32
PAY-20260604-0002913,TRP-20260604-0002913,19.19,credit_card,settled,2026-06-05 00:35:50
PAY-20260604-0002914,TRP-20260604-0002914,41.15,cash,settled,2026-06-04 10:19:55
PAY-20260604-0002915,TRP-20260604-0002915,21.34,stc_pay,settled,2026-06-04 15:21:18
PAY-20260604-0002916,TRP-20260604-0002916,25.08,mada,settled,2026-06-04 20:40:14
PAY-20260604-0002917,TRP-20260604-0002917,42.02,stc_pay,settled,2026-06-04 14:16:15
PAY-20260604-0002918,TRP-20260604-0002918,23.75,cash,settled,2026-06-04 15:59:44
PAY-20260604-0002919,TRP-20260604-0002919,32.39,credit_card,settled,2026-06-05 10:27:05
PAY-20260604-0002920,TRP-20260604-0002920,25.69,mada,settled,2026-06-04 13:53:03
PAY-20260604-0002921,TRP-20260604-0002921,30.14,credit_card,settled,2026-06-04 09:31:56
PAY-20260604-0002922,TRP-20260604-0002922,8.00,mada,settled,2026-06-04 08:03:17
PAY-20260604-0002923,TRP-20260604-0002923,15.98,wallet,settled,2026-06-05 09:51:47
PAY-20260604-0002924,TRP-20260604-0002924,21.98,credit_card,settled,2026-06-04 06:39:46
PAY-20260604-0002925,TRP-20260604-0002925,35.37,apple_pay,settled,2026-06-04 18:18:35
PAY-20260604-0002928,TRP-20260604-0002928,18.46,apple_pay,settled,2026-06-05 18:00:13
PAY-20260604-0002929,TRP-20260604-0002929,52.79,cash,settled,2026-06-04 11:45:43
PAY-20260604-0002930,TRP-20260604-0002930,87.13,mada,settled,2026-06-04 15:20:35
PAY-20260604-0002931,TRP-20260604-0002931,11.00,credit_card,settled,2026-06-04 04:05:58
PAY-20260604-0002932,TRP-20260604-0002932,12.53,mada,settled,2026-06-04 11:45:34
PAY-20260604-0002933,TRP-20260604-0002933,10.75,wallet,settled,2026-06-04 17:14:42
PAY-20260604-0002934,TRP-20260604-0002934,18.57,wallet,settled,2026-06-04 23:10:54
PAY-20260604-0002935,TRP-20260604-0002935,26.13,mada,settled,2026-06-04 09:13:14
PAY-20260604-0002937,TRP-20260604-0002937,50.70,mada,settled,2026-06-04 15:31:14
PAY-20260604-0002938,TRP-20260604-0002938,48.90,cash,settled,2026-06-04 17:52:10
PAY-20260604-0002939,TRP-20260604-0002939,31.59,credit_card,settled,2026-06-04 18:12:06
PAY-20260604-0002940,TRP-20260604-0002940,53.24,stc_pay,settled,2026-06-04 14:08:28
PAY-20260604-0002941,TRP-20260604-0002941,79.90,apple_pay,settled,2026-06-04 07:14:06
PAY-20260604-0002942,TRP-20260604-0002942,41.26,credit_card,settled,2026-06-04 18:14:26
PAY-20260604-0002944,TRP-20260604-0002944,16.09,apple_pay,settled,2026-06-04 11:20:32
PAY-20260604-0002945,TRP-20260604-0002945,17.45,mada,settled,2026-06-04 20:36:07
PAY-20260604-0002946,TRP-20260604-0002946,29.52,stc_pay,settled,2026-06-04 08:10:38
PAY-20260604-0002947,TRP-20260604-0002947,31.78,mada,settled,2026-06-04 15:24:40
PAY-20260604-0002948,TRP-20260604-0002948,98.78,mada,pending,2026-06-05 16:53:15
PAY-20260604-0002949,TRP-20260604-0002949,30.12,credit_card,pending,2026-06-04 20:08:40
PAY-20260604-0002951,TRP-20260604-0002951,18.20,mada,settled,2026-06-05 11:24:22
PAY-20260604-0002952,TRP-20260604-0002952,18.16,mada,settled,2026-06-04 07:17:27
PAY-20260604-0002953,TRP-20260604-0002953,30.05,mada,settled,2026-06-04 06:38:07
PAY-20260604-0002954,TRP-20260604-0002954,12.00,stc_pay,settled,2026-06-05 03:26:40
PAY-20260604-0002955,TRP-20260604-0002955,49.49,stc_pay,pending,2026-06-04 16:28:34
PAY-20260604-0002956,TRP-20260604-0002956,48.98,mada,settled,2026-06-04 15:16:42
PAY-20260604-0002957,TRP-20260604-0002957,24.91,mada,settled,2026-06-03 23:45:58
PAY-20260604-0002958,TRP-20260604-0002958,59.96,credit_card,settled,2026-06-05 07:04:22
PAY-20260604-0002959,TRP-20260604-0002959,43.57,credit_card,settled,2026-06-04 07:59:29
PAY-20260604-0002960,TRP-20260604-0002960,88.58,wallet,pending,2026-06-04 04:10:25
PAY-20260604-0002961,TRP-20260604-0002961,46.29,credit_card,settled,2026-06-05 13:14:52
PAY-20260604-0002962,TRP-20260604-0002962,11.00,mada,settled,2026-06-04 20:44:41
PAY-20260604-0002963,TRP-20260604-0002963,32.47,stc_pay,settled,2026-06-04 19:57:57
PAY-20260604-0002964,TRP-20260604-0002964,13.49,apple_pay,settled,2026-06-04 06:55:38
PAY-20260604-0002965,TRP-20260604-0002965,48.20,mada,settled,2026-06-04 11:33:34
PAY-20260604-0002966,TRP-20260604-0002966,125.37,credit_card,settled,2026-06-04 07:17:13
PAY-20260604-0002967,TRP-20260604-0002967,169.20,credit_card,settled,2026-06-05 04:01:20
PAY-20260604-0002968,TRP-20260604-0002968,50.13,mada,settled,2026-06-04 16:03:53
PAY-20260604-0002969,TRP-20260604-0002969,25.54,credit_card,settled,2026-06-05 07:40:13
PAY-20260604-0002970,TRP-20260604-0002970,41.00,credit_card,settled,2026-06-04 09:40:33
PAY-20260604-0002971,TRP-20260604-0002971,21.23,credit_card,settled,2026-06-04 04:47:16
PAY-20260604-0002972,TRP-20260604-0002972,34.63,mada,settled,2026-06-04 16:48:54
PAY-20260604-0002973,TRP-20260604-0002973,35.73,credit_card,settled,2026-06-04 08:21:41
PAY-20260604-0002974,TRP-20260604-0002974,38.15,mada,settled,2026-06-04 07:44:59
PAY-20260604-0002975,TRP-20260604-0002975,21.05,mada,settled,2026-06-04 22:27:46
PAY-20260604-0002976,TRP-20260604-0002976,12.56,wallet,settled,2026-06-04 06:52:36
PAY-20260604-0002977,TRP-20260604-0002977,77.30,mada,settled,2026-06-04 15:58:49
PAY-20260604-0002978,TRP-20260604-0002978,10.00,apple_pay,settled,2026-06-04 21:21:18
PAY-20260604-0002979,TRP-20260604-0002979,52.79,mada,settled,2026-06-04 05:06:45
PAY-20260604-0002980,TRP-20260604-0002980,47.95,mada,settled,2026-06-04 04:46:55
PAY-20260604-0002981,TRP-20260604-0002981,97.09,wallet,settled,2026-06-05 03:20:08
PAY-20260604-0002982,TRP-20260604-0002982,56.23,mada,settled,2026-06-04 20:59:48
PAY-20260604-0002983,TRP-20260604-0002983,10.00,cash,settled,2026-06-04 06:43:33
PAY-20260604-0002984,TRP-20260604-0002984,17.77,mada,settled,2026-06-04 03:12:22
PAY-20260604-0002985,TRP-20260604-0002985,49.17,stc_pay,settled,2026-06-04 05:23:53
PAY-20260604-0002986,TRP-20260604-0002986,63.83,mada,settled,2026-06-04 05:54:40
PAY-20260604-0002987,TRP-20260604-0002987,43.22,cash,settled,2026-06-04 10:57:33
PAY-20260604-0002988,TRP-20260604-0002988,35.89,cash,settled,2026-06-03 22:36:30
PAY-20260604-0002989,TRP-20260604-0002989,36.74,apple_pay,settled,2026-06-04 19:39:33
PAY-20260604-0002990,TRP-20260604-0002990,12.00,credit_card,settled,2026-06-04 12:57:19
PAY-20260604-0002991,TRP-20260604-0002991,19.59,wallet,settled,2026-06-04 14:28:31
PAY-20260604-0002992,TRP-20260604-0002992,13.61,credit_card,settled,2026-06-04 15:46:47
PAY-20260604-0002993,TRP-20260604-0002993,43.70,mada,settled,2026-06-04 15:53:09
PAY-20260604-0002994,TRP-20260604-0002994,48.52,mada,settled,2026-06-04 15:35:24
PAY-20260604-0002995,TRP-20260604-0002995,164.47,cash,settled,2026-06-04 17:03:59
PAY-20260604-0002996,TRP-20260604-0002996,35.21,mada,settled,2026-06-04 08:52:10
PAY-20260604-0002997,TRP-20260604-0002997,14.47,mada,settled,2026-06-04 01:25:21
PAY-20260604-0002998,TRP-20260604-0002998,93.08,cash,settled,2026-06-04 07:22:26
PAY-20260604-0002999,TRP-20260604-0002999,20.29,mada,settled,2026-06-04 15:38:30
PAY-20260604-0003000,TRP-20260604-0003000,10.00,mada,settled,2026-06-04 19:47:27
PAY-20260604-0003001,TRP-20260604-0003001,16.61,apple_pay,settled,2026-06-04 16:36:33
PAY-20260604-0003002,TRP-20260604-0003002,54.72,cash,settled,2026-06-04 16:25:28
PAY-20260604-0003003,TRP-20260604-0003003,16.80,mada,settled,2026-06-04 13:14:03
PAY-20260604-0003004,TRP-20260604-0003004,56.13,mada,settled,2026-06-04 07:07:40
PAY-20260604-0003005,TRP-20260604-0003005,64.46,stc_pay,settled,2026-06-05 16:33:09
PAY-20260604-0003006,TRP-20260604-0003006,14.41,apple_pay,settled,2026-06-04 11:20:21
PAY-20260604-0003007,TRP-20260604-0003007,25.67,credit_card,settled,2026-06-04 14:25:41
PAY-20260604-0003008,TRP-20260604-0003008,30.79,mada,settled,2026-06-04 12:16:27
PAY-20260604-0003009,TRP-20260604-0003009,35.04,mada,settled,2026-06-05 14:59:51
PAY-20260604-0003010,TRP-20260604-0003010,10.00,apple_pay,settled,2026-06-04 12:12:05
PAY-20260604-0003011,TRP-20260604-0003011,18.64,credit_card,settled,2026-06-04 13:43:53
PAY-20260604-0003012,TRP-20260604-0003012,13.72,mada,settled,2026-06-04 05:04:41
PAY-20260604-0003013,TRP-20260604-0003013,18.34,apple_pay,settled,2026-06-05 07:56:28
PAY-20260604-0003014,TRP-20260604-0003014,32.74,stc_pay,settled,2026-06-05 14:48:05
PAY-20260604-0003015,TRP-20260604-0003015,23.19,mada,settled,2026-06-05 00:55:34
PAY-20260604-0003018,TRP-20260604-0003018,149.44,mada,settled,2026-06-04 18:24:12
PAY-20260604-0003019,TRP-20260604-0003019,26.88,credit_card,settled,2026-06-04 16:39:12
PAY-20260604-0003020,TRP-20260604-0003020,25.94,stc_pay,settled,2026-06-04 09:16:46
PAY-20260604-0003021,TRP-20260604-0003021,34.50,mada,settled,2026-06-04 16:21:13
PAY-20260604-0003022,TRP-20260604-0003022,25.23,mada,settled,2026-06-05 00:59:23
PAY-20260604-0003023,TRP-20260604-0003023,12.00,apple_pay,settled,2026-06-04 08:52:20
PAY-20260604-0003024,TRP-20260604-0003024,44.66,mada,settled,2026-06-04 21:44:47
PAY-20260604-0003025,TRP-20260604-0003025,10.12,credit_card,settled,2026-06-04 22:39:15
PAY-20260604-0003026,TRP-20260604-0003026,39.57,credit_card,settled,2026-06-04 17:42:45
PAY-20260604-0003027,TRP-20260604-0003027,60.20,credit_card,settled,2026-06-05 04:42:01
PAY-20260604-0003028,TRP-20260604-0003028,47.06,credit_card,settled,2026-06-04 14:55:11
PAY-20260604-0003029,TRP-20260604-0003029,39.28,credit_card,settled,2026-06-04 16:50:51
PAY-20260604-0003030,TRP-20260604-0003030,36.91,stc_pay,settled,2026-06-04 19:22:59
PAY-20260604-0003031,TRP-20260604-0003031,22.41,wallet,settled,2026-06-04 03:52:53
PAY-20260604-0003032,TRP-20260604-0003032,14.32,stc_pay,pending,2026-06-04 04:49:51
PAY-20260604-0003033,TRP-20260604-0003033,50.20,credit_card,settled,2026-06-04 20:23:45
PAY-20260604-0003035,TRP-20260604-0003035,23.89,mada,settled,2026-06-05 10:17:11
PAY-20260604-0003036,TRP-20260604-0003036,44.79,mada,settled,2026-06-04 18:04:15
PAY-20260604-0003037,TRP-20260604-0003037,14.38,mada,settled,2026-06-04 05:17:12
PAY-20260604-0003038,TRP-20260604-0003038,168.67,mada,settled,2026-06-04 19:27:29
PAY-20260604-0003039,TRP-20260604-0003039,6.00,cash,settled,2026-06-04 12:58:24
PAY-20260604-0003040,TRP-20260604-0003040,73.10,mada,settled,2026-06-04 05:47:09
PAY-20260604-0003041,TRP-20260604-0003041,41.14,credit_card,settled,2026-06-04 19:54:54
PAY-20260604-0003042,TRP-20260604-0003042,32.56,mada,settled,2026-06-04 07:31:19
PAY-20260604-0003043,TRP-20260604-0003043,78.71,stc_pay,settled,2026-06-04 18:27:53
PAY-20260604-0003044,TRP-20260604-0003044,22.54,apple_pay,settled,2026-06-04 16:47:13
PAY-20260604-0003045,TRP-20260604-0003045,64.03,cash,settled,2026-06-04 10:56:22
PAY-20260604-0003046,TRP-20260604-0003046,99.79,stc_pay,settled,2026-06-04 07:35:26
PAY-20260604-0003047,TRP-20260604-0003047,25.92,mada,settled,2026-06-04 12:28:06
PAY-20260604-0003048,TRP-20260604-0003048,51.80,apple_pay,settled,2026-06-04 19:47:57
PAY-20260604-0003049,TRP-20260604-0003049,12.68,credit_card,settled,2026-06-04 10:20:16
PAY-20260604-0003050,TRP-20260604-0003050,38.51,mada,settled,2026-06-04 16:27:02
PAY-20260604-0003051,TRP-20260604-0003051,30.46,mada,settled,2026-06-04 12:44:55
PAY-20260604-0003052,TRP-20260604-0003052,36.29,wallet,settled,2026-06-04 15:46:12
PAY-20260604-0003053,TRP-20260604-0003053,21.23,wallet,settled,2026-06-05 11:44:48
PAY-20260604-0003054,TRP-20260604-0003054,53.58,stc_pay,settled,2026-06-05 08:27:27
PAY-20260604-0003055,TRP-20260604-0003055,38.25,apple_pay,settled,2026-06-05 10:35:09
PAY-20260604-0003056,TRP-20260604-0003056,40.22,mada,settled,2026-06-04 19:02:30
PAY-20260604-0003057,TRP-20260604-0003057,20.91,apple_pay,settled,2026-06-05 08:37:06
PAY-20260604-0003058,TRP-20260604-0003058,21.26,wallet,settled,2026-06-04 04:45:58
PAY-20260604-0003059,TRP-20260604-0003059,24.82,mada,settled,2026-06-04 23:14:06
PAY-20260604-0003060,TRP-20260604-0003060,28.68,stc_pay,settled,2026-06-04 13:53:28
PAY-20260604-0003061,TRP-20260604-0003061,81.88,mada,settled,2026-06-04 16:01:30
PAY-20260604-0003062,TRP-20260604-0003062,18.30,mada,settled,2026-06-04 16:25:29
PAY-20260604-0003063,TRP-20260604-0003063,54.13,stc_pay,settled,2026-06-04 23:29:55
PAY-20260604-0003064,TRP-20260604-0003064,14.64,apple_pay,settled,2026-06-04 12:01:54
PAY-20260604-0003065,TRP-20260604-0003065,39.85,cash,settled,2026-06-04 06:11:12
PAY-20260604-0003066,TRP-20260604-0003066,14.77,apple_pay,pending,2026-06-04 07:28:38
PAY-20260604-0003067,TRP-20260604-0003067,29.70,apple_pay,settled,2026-06-04 07:50:24
PAY-20260604-0003068,TRP-20260604-0003068,10.00,mada,settled,2026-06-04 06:23:26
PAY-20260604-0003069,TRP-20260604-0003069,41.75,credit_card,settled,2026-06-05 20:23:20
PAY-20260604-0003070,TRP-20260604-0003070,12.00,credit_card,settled,2026-06-04 11:06:07
PAY-20260604-0003071,TRP-20260604-0003071,26.32,credit_card,settled,2026-06-04 17:32:52
PAY-20260604-0003072,TRP-20260604-0003072,48.60,mada,settled,2026-06-05 08:51:19
PAY-20260604-0003073,TRP-20260604-0003073,126.94,wallet,settled,2026-06-05 08:08:54
PAY-20260604-0003074,TRP-20260604-0003074,33.87,stc_pay,settled,2026-06-05 08:28:53
PAY-20260604-0003075,TRP-20260604-0003075,36.22,credit_card,settled,2026-06-04 18:02:52
PAY-20260604-0003076,TRP-20260604-0003076,36.74,apple_pay,settled,2026-06-04 15:50:17
PAY-20260604-0003077,TRP-20260604-0003077,15.00,apple_pay,settled,2026-06-04 14:27:24
PAY-20260604-0003078,TRP-20260604-0003078,21.35,credit_card,settled,2026-06-04 21:48:09
PAY-20260604-0003079,TRP-20260604-0003079,53.03,apple_pay,settled,2026-06-05 13:15:19
PAY-20260604-0003080,TRP-20260604-0003080,99.22,cash,settled,2026-06-04 06:16:44
PAY-20260604-0003081,TRP-20260604-0003081,23.51,cash,settled,2026-06-04 13:44:34
PAY-20260604-0003082,TRP-20260604-0003082,27.20,mada,settled,2026-06-04 15:27:32
PAY-20260604-0003083,TRP-20260604-0003083,52.07,cash,settled,2026-06-04 05:23:11
PAY-20260604-0003084,TRP-20260604-0003084,11.00,mada,settled,2026-06-04 15:33:58
PAY-20260604-0003085,TRP-20260604-0003085,106.89,mada,settled,2026-06-04 10:31:49
PAY-20260604-0003086,TRP-20260604-0003086,18.55,mada,settled,2026-06-04 18:44:02
PAY-20260604-0003087,TRP-20260604-0003087,10.87,mada,settled,2026-06-04 20:35:12
PAY-20260604-0003088,TRP-20260604-0003088,42.10,mada,settled,2026-06-04 21:45:09
PAY-20260604-0003089,TRP-20260604-0003089,22.69,mada,settled,2026-06-04 20:02:47
PAY-20260604-0003090,TRP-20260604-0003090,60.56,mada,settled,2026-06-05 02:52:45
PAY-20260604-0003091,TRP-20260604-0003091,27.23,mada,settled,2026-06-05 09:09:12
PAY-20260604-0003092,TRP-20260604-0003092,10.00,mada,settled,2026-06-04 19:00:54
PAY-20260604-0003093,TRP-20260604-0003093,63.98,mada,settled,2026-06-04 17:00:08
PAY-20260604-0003094,TRP-20260604-0003094,15.22,stc_pay,settled,2026-06-04 11:30:51
PAY-20260604-0003095,TRP-20260604-0003095,37.91,stc_pay,settled,2026-06-05 05:44:59
PAY-20260604-0003096,TRP-20260604-0003096,121.41,mada,settled,2026-06-04 19:14:58
PAY-20260604-0003097,TRP-20260604-0003097,48.55,cash,settled,2026-06-04 20:39:27
PAY-20260604-0003098,TRP-20260604-0003098,10.09,mada,settled,2026-06-05 11:39:37
PAY-20260604-0003099,TRP-20260604-0003099,81.17,apple_pay,settled,2026-06-04 08:39:18
PAY-20260604-0003100,TRP-20260604-0003100,18.17,apple_pay,settled,2026-06-04 19:30:50
PAY-20260604-0003101,TRP-20260604-0003101,61.03,mada,settled,2026-06-05 04:56:24
PAY-20260604-0003102,TRP-20260604-0003102,6.00,mada,settled,2026-06-04 13:29:45
PAY-20260604-0003103,TRP-20260604-0003103,28.41,wallet,settled,2026-06-04 17:09:27
PAY-20260604-0003104,TRP-20260604-0003104,20.88,mada,settled,2026-06-04 05:06:58
PAY-20260604-0003105,TRP-20260604-0003105,58.25,mada,settled,2026-06-04 05:15:40
PAY-20260604-0003106,TRP-20260604-0003106,22.03,mada,settled,2026-06-04 06:03:02
PAY-20260604-0003107,TRP-20260604-0003107,10.00,mada,settled,2026-06-04 15:39:12
PAY-20260604-0003108,TRP-20260604-0003108,26.44,stc_pay,settled,2026-06-04 16:55:40
PAY-20260604-0003109,TRP-20260604-0003109,20.86,apple_pay,settled,2026-06-04 14:42:56
PAY-20260604-0003110,TRP-20260604-0003110,31.06,mada,settled,2026-06-04 16:58:46
PAY-20260604-0003111,TRP-20260604-0003111,29.74,stc_pay,settled,2026-06-04 14:22:44
PAY-20260604-0003112,TRP-20260604-0003112,14.92,credit_card,settled,2026-06-04 06:32:26
PAY-20260604-0003113,TRP-20260604-0003113,108.06,stc_pay,settled,2026-06-04 22:44:34
PAY-20260604-0003114,TRP-20260604-0003114,10.00,mada,settled,2026-06-04 10:25:09
PAY-20260604-0003115,TRP-20260604-0003115,52.56,credit_card,settled,2026-06-04 17:08:16
PAY-20260604-0003116,TRP-20260604-0003116,45.13,mada,settled,2026-06-04 17:00:30
PAY-20260604-0003117,TRP-20260604-0003117,52.09,apple_pay,settled,2026-06-04 20:40:52
PAY-20260604-0003118,TRP-20260604-0003118,89.20,mada,settled,2026-06-04 03:50:57
PAY-20260604-0003119,TRP-20260604-0003119,50.97,credit_card,settled,2026-06-04 16:14:47
PAY-20260604-0003120,TRP-20260604-0003120,23.45,mada,settled,2026-06-04 10:51:17
PAY-20260604-0003121,TRP-20260604-0003121,35.63,mada,settled,2026-06-04 19:47:50
PAY-20260604-0003122,TRP-20260604-0003122,19.48,mada,settled,2026-06-04 02:33:54
PAY-20260604-0003123,TRP-20260604-0003123,33.74,credit_card,settled,2026-06-04 22:56:30
PAY-20260604-0003124,TRP-20260604-0003124,27.74,apple_pay,settled,2026-06-05 07:20:07
PAY-20260604-0003125,TRP-20260604-0003125,17.41,mada,settled,2026-06-04 08:54:31
PAY-20260604-0003126,TRP-20260604-0003126,14.94,stc_pay,settled,2026-06-05 12:35:53
PAY-20260604-0003127,TRP-20260604-0003127,14.07,apple_pay,settled,2026-06-04 10:41:57
PAY-20260604-0003128,TRP-20260604-0003128,17.76,mada,settled,2026-06-04 18:30:50
PAY-20260604-0003129,TRP-20260604-0003129,24.32,mada,settled,2026-06-05 19:19:37
PAY-20260604-0003130,TRP-20260604-0003130,24.62,stc_pay,settled,2026-06-04 04:57:45
PAY-20260604-0003131,TRP-20260604-0003131,22.57,credit_card,settled,2026-06-04 16:30:56
PAY-20260604-0003132,TRP-20260604-0003132,115.69,mada,settled,2026-06-04 17:22:39
PAY-20260604-0003133,TRP-20260604-0003133,29.04,mada,settled,2026-06-04 17:55:17
PAY-20260604-0003134,TRP-20260604-0003134,35.66,mada,settled,2026-06-04 10:45:18
PAY-20260604-0003135,TRP-20260604-0003135,18.53,apple_pay,refunded,2026-06-03 23:21:22
PAY-20260604-0003136,TRP-20260604-0003136,29.73,credit_card,settled,2026-06-04 05:11:52
PAY-20260604-0003137,TRP-20260604-0003137,13.29,mada,settled,2026-06-05 02:23:37
PAY-20260604-0003138,TRP-20260604-0003138,34.01,cash,settled,2026-06-04 11:48:07
PAY-20260604-0003139,TRP-20260604-0003139,74.40,cash,settled,2026-06-04 17:14:48
PAY-20260604-0003140,TRP-20260604-0003140,50.13,mada,settled,2026-06-05 01:00:37
PAY-20260604-0003143,TRP-20260604-0003143,59.48,mada,settled,2026-06-04 11:42:22
PAY-20260604-0003144,TRP-20260604-0003144,27.90,cash,settled,2026-06-04 05:54:53
PAY-20260604-0003145,TRP-20260604-0003145,26.52,credit_card,settled,2026-06-05 08:33:28
PAY-20260604-0003146,TRP-20260604-0003146,11.00,apple_pay,settled,2026-06-05 01:23:05
PAY-20260604-0003147,TRP-20260604-0003147,8.00,credit_card,settled,2026-06-04 00:48:15
PAY-20260604-0003148,TRP-20260604-0003148,39.46,apple_pay,settled,2026-06-04 06:14:43
PAY-20260604-0003149,TRP-20260604-0003149,11.90,wallet,settled,2026-06-04 08:52:49
PAY-20260604-0003150,TRP-20260604-0003150,30.11,mada,settled,2026-06-04 19:05:56
PAY-20260604-0003151,TRP-20260604-0003151,127.62,wallet,settled,2026-06-04 21:17:25
PAY-20260604-0003152,TRP-20260604-0003152,24.28,credit_card,settled,2026-06-04 16:19:30
PAY-20260604-0003153,TRP-20260604-0003153,12.00,credit_card,settled,2026-06-05 01:57:02
PAY-20260604-0003154,TRP-20260604-0003154,15.61,cash,settled,2026-06-04 06:32:54
PAY-20260604-0003155,TRP-20260604-0003155,40.57,mada,settled,2026-06-04 13:16:47
PAY-20260604-0003156,TRP-20260604-0003156,26.62,mada,settled,2026-06-05 10:08:34
PAY-20260604-0003157,TRP-20260604-0003157,40.49,mada,settled,2026-06-04 10:02:22
PAY-20260604-0003158,TRP-20260604-0003158,19.06,credit_card,settled,2026-06-04 19:31:32
PAY-20260604-0003159,TRP-20260604-0003159,21.83,mada,pending,2026-06-04 17:36:53
PAY-20260604-0003160,TRP-20260604-0003160,45.95,cash,settled,2026-06-04 19:36:49
PAY-20260604-0003161,TRP-20260604-0003161,56.01,mada,settled,2026-06-04 14:57:05
PAY-20260604-0003162,TRP-20260604-0003162,18.21,mada,settled,2026-06-04 15:42:53
PAY-20260604-0003163,TRP-20260604-0003163,34.07,mada,settled,2026-06-04 16:34:51
PAY-20260604-0003164,TRP-20260604-0003164,28.24,mada,settled,2026-06-04 15:36:24
PAY-20260604-0003165,TRP-20260604-0003165,29.42,mada,settled,2026-06-04 19:44:32
PAY-20260604-0003166,TRP-20260604-0003166,53.52,cash,settled,2026-06-04 11:54:32
PAY-20260604-0003167,TRP-20260604-0003167,16.57,mada,failed,2026-06-04 18:23:07
PAY-20260604-0003168,TRP-20260604-0003168,42.13,mada,settled,2026-06-04 11:12:06
PAY-20260604-0003169,TRP-20260604-0003169,24.78,mada,settled,2026-06-05 00:28:19
PAY-20260604-0003170,TRP-20260604-0003170,14.58,credit_card,settled,2026-06-04 12:26:37
PAY-20260604-0003171,TRP-20260604-0003171,49.18,stc_pay,settled,2026-06-04 18:59:49
PAY-20260604-0003172,TRP-20260604-0003172,39.96,stc_pay,pending,2026-06-05 09:31:41
PAY-20260604-0003173,TRP-20260604-0003173,15.02,credit_card,settled,2026-06-04 01:23:22
PAY-20260604-0003174,TRP-20260604-0003174,8.00,apple_pay,settled,2026-06-04 16:15:50
PAY-20260604-0003175,TRP-20260604-0003175,16.45,mada,settled,2026-06-05 11:08:03
PAY-20260604-0003176,TRP-20260604-0003176,12.00,stc_pay,settled,2026-06-04 11:58:24
PAY-20260604-0003177,TRP-20260604-0003177,101.31,wallet,settled,2026-06-04 07:01:57
PAY-20260604-0003178,TRP-20260604-0003178,64.50,apple_pay,settled,2026-06-04 11:50:21
PAY-20260604-0003179,TRP-20260604-0003179,51.08,cash,settled,2026-06-04 13:20:45
PAY-20260604-0003180,TRP-20260604-0003180,19.77,apple_pay,settled,2026-06-04 16:04:41
PAY-20260604-0003181,TRP-20260604-0003181,11.58,credit_card,settled,2026-06-04 14:30:07
PAY-20260604-0003182,TRP-20260604-0003182,78.22,credit_card,settled,2026-06-04 18:25:22
PAY-20260604-0003183,TRP-20260604-0003183,19.37,cash,settled,2026-06-04 19:06:45
PAY-20260604-0003184,TRP-20260604-0003184,22.90,mada,settled,2026-06-04 20:19:59
PAY-20260604-0003185,TRP-20260604-0003185,14.66,wallet,settled,2026-06-04 19:02:46
PAY-20260604-0003186,TRP-20260604-0003186,37.31,wallet,settled,2026-06-05 03:12:06
PAY-20260604-0003187,TRP-20260604-0003187,52.37,wallet,settled,2026-06-04 21:00:17
PAY-20260604-0003188,TRP-20260604-0003188,30.59,credit_card,settled,2026-06-04 16:36:29
PAY-20260604-0003189,TRP-20260604-0003189,35.85,wallet,settled,2026-06-05 04:24:44
PAY-20260604-0003190,TRP-20260604-0003190,34.83,credit_card,settled,2026-06-04 13:49:05
PAY-20260604-0003191,TRP-20260604-0003191,18.21,cash,settled,2026-06-04 05:06:38
PAY-20260604-0003192,TRP-20260604-0003192,28.63,wallet,settled,2026-06-05 06:39:00
PAY-20260604-0003193,TRP-20260604-0003193,10.00,cash,settled,2026-06-04 11:54:32
PAY-20260604-0003194,TRP-20260604-0003194,55.63,apple_pay,settled,2026-06-04 16:02:21
PAY-20260604-0003195,TRP-20260604-0003195,12.00,mada,settled,2026-06-04 05:21:07
PAY-20260604-0003196,TRP-20260604-0003196,71.59,apple_pay,settled,2026-06-04 11:57:41
PAY-20260604-0003197,TRP-20260604-0003197,36.87,apple_pay,settled,2026-06-05 13:21:50
PAY-20260604-0003198,TRP-20260604-0003198,30.68,credit_card,settled,2026-06-04 06:52:30
PAY-20260604-0003199,TRP-20260604-0003199,8.00,credit_card,settled,2026-06-04 15:37:29
PAY-20260604-0003200,TRP-20260604-0003200,29.05,credit_card,settled,2026-06-04 16:25:47
PAY-20260604-0003201,TRP-20260604-0003201,97.05,cash,settled,2026-06-04 14:13:21
PAY-20260604-0003202,TRP-20260604-0003202,55.68,cash,settled,2026-06-04 17:53:55
PAY-20260604-0003203,TRP-20260604-0003203,23.90,apple_pay,settled,2026-06-05 11:36:01
PAY-20260604-0003204,TRP-20260604-0003204,28.27,stc_pay,settled,2026-06-04 21:04:17
PAY-20260604-0003205,TRP-20260604-0003205,23.43,cash,settled,2026-06-04 15:08:02
PAY-20260604-0003206,TRP-20260604-0003206,25.41,cash,settled,2026-06-04 13:21:00
PAY-20260604-0003207,TRP-20260604-0003207,71.11,mada,settled,2026-06-04 18:27:34
PAY-20260604-0003208,TRP-20260604-0003208,17.56,wallet,pending,2026-06-04 04:40:48
PAY-20260604-0003209,TRP-20260604-0003209,65.12,stc_pay,settled,2026-06-04 17:10:27
PAY-20260604-0003210,TRP-20260604-0003210,18.61,wallet,settled,2026-06-05 00:33:01
PAY-20260604-0003211,TRP-20260604-0003211,14.36,mada,settled,2026-06-04 17:23:25
PAY-20260604-0003212,TRP-20260604-0003212,18.83,credit_card,settled,2026-06-04 10:08:32
PAY-20260604-0003213,TRP-20260604-0003213,12.34,cash,settled,2026-06-04 10:11:30
PAY-20260604-0003214,TRP-20260604-0003214,27.20,credit_card,settled,2026-06-04 03:52:30
PAY-20260604-0003215,TRP-20260604-0003215,54.43,credit_card,settled,2026-06-04 14:33:30
PAY-20260604-0003216,TRP-20260604-0003216,128.04,mada,settled,2026-06-05 02:51:00
PAY-20260604-0003217,TRP-20260604-0003217,47.16,cash,settled,2026-06-04 11:37:52
PAY-20260604-0003218,TRP-20260604-0003218,14.31,stc_pay,settled,2026-06-04 04:07:02
PAY-20260604-0003219,TRP-20260604-0003219,10.05,mada,settled,2026-06-04 10:26:19
PAY-20260604-0003220,TRP-20260604-0003220,30.49,stc_pay,pending,2026-06-05 04:25:47
PAY-20260604-0003221,TRP-20260604-0003221,29.88,wallet,settled,2026-06-05 03:20:43
PAY-20260604-0003222,TRP-20260604-0003222,27.44,mada,settled,2026-06-04 06:51:11
PAY-20260604-0003223,TRP-20260604-0003223,22.30,credit_card,settled,2026-06-04 15:47:12
PAY-20260604-0003224,TRP-20260604-0003224,63.21,credit_card,settled,2026-06-05 17:26:04
PAY-20260604-0003225,TRP-20260604-0003225,18.02,wallet,settled,2026-06-04 06:40:23
PAY-20260604-0003226,TRP-20260604-0003226,34.89,wallet,settled,2026-06-04 16:04:31
PAY-20260604-0003227,TRP-20260604-0003227,26.09,apple_pay,settled,2026-06-05 10:59:02
PAY-20260604-0003228,TRP-20260604-0003228,27.15,stc_pay,settled,2026-06-05 06:39:13
PAY-20260604-0003229,TRP-20260604-0003229,28.44,cash,settled,2026-06-04 19:44:25
PAY-20260604-0003230,TRP-20260604-0003230,120.08,credit_card,settled,2026-06-05 09:17:24
PAY-20260604-0003231,TRP-20260604-0003231,35.48,mada,settled,2026-06-04 06:54:28
PAY-20260604-0003232,TRP-20260604-0003232,28.40,mada,settled,2026-06-04 17:04:18
PAY-20260604-0003234,TRP-20260604-0003234,21.67,stc_pay,settled,2026-06-04 07:53:51
PAY-20260604-0003235,TRP-20260604-0003235,28.87,apple_pay,settled,2026-06-04 19:50:19
PAY-20260604-0003236,TRP-20260604-0003236,30.15,mada,settled,2026-06-05 04:11:30
PAY-20260604-0003237,TRP-20260604-0003237,11.00,credit_card,settled,2026-06-04 14:18:54
PAY-20260604-0003238,TRP-20260604-0003238,41.37,mada,settled,2026-06-04 18:23:46
PAY-20260604-0003239,TRP-20260604-0003239,25.41,stc_pay,settled,2026-06-04 17:08:14
PAY-20260604-0003240,TRP-20260604-0003240,35.40,credit_card,settled,2026-06-04 17:37:01
PAY-20260604-0003241,TRP-20260604-0003241,11.00,credit_card,settled,2026-06-05 11:13:18
PAY-20260604-0003242,TRP-20260604-0003242,26.41,cash,settled,2026-06-04 11:25:53
PAY-20260604-0003243,TRP-20260604-0003243,56.25,cash,settled,2026-06-04 05:48:33
PAY-20260604-0003244,TRP-20260604-0003244,16.75,mada,settled,2026-06-04 19:27:00
PAY-20260604-0003245,TRP-20260604-0003245,13.49,stc_pay,settled,2026-06-05 05:30:15
PAY-20260604-0003246,TRP-20260604-0003246,25.29,credit_card,settled,2026-06-04 05:01:53
PAY-20260604-0003247,TRP-20260604-0003247,21.29,apple_pay,settled,2026-06-04 13:36:03
PAY-20260604-0003248,TRP-20260604-0003248,94.82,mada,settled,2026-06-04 19:19:28
PAY-20260604-0003249,TRP-20260604-0003249,33.87,wallet,settled,2026-06-04 16:19:52
PAY-20260604-0003250,TRP-20260604-0003250,12.00,cash,settled,2026-06-04 19:32:39
PAY-20260604-0003251,TRP-20260604-0003251,123.58,credit_card,settled,2026-06-04 04:55:34
PAY-20260604-0003252,TRP-20260604-0003252,67.94,stc_pay,settled,2026-06-05 00:21:55
PAY-20260604-0003253,TRP-20260604-0003253,41.38,credit_card,settled,2026-06-04 05:46:56
PAY-20260604-0003254,TRP-20260604-0003254,11.00,mada,settled,2026-06-04 13:44:26
PAY-20260604-0003255,TRP-20260604-0003255,30.74,mada,settled,2026-06-04 07:07:05
PAY-20260604-0003256,TRP-20260604-0003256,22.36,mada,settled,2026-06-04 10:33:53
PAY-20260604-0003257,TRP-20260604-0003257,31.37,cash,settled,2026-06-04 13:31:59
PAY-20260604-0003258,TRP-20260604-0003258,21.71,stc_pay,settled,2026-06-04 09:28:00
PAY-20260604-0003259,TRP-20260604-0003259,42.71,mada,settled,2026-06-04 17:12:21
PAY-20260604-0003260,TRP-20260604-0003260,72.20,credit_card,settled,2026-06-04 07:02:43
PAY-20260604-0003261,TRP-20260604-0003261,18.90,apple_pay,settled,2026-06-04 08:50:01
PAY-20260604-0003262,TRP-20260604-0003262,36.46,apple_pay,settled,2026-06-04 16:10:43
PAY-20260604-0003263,TRP-20260604-0003263,49.18,stc_pay,settled,2026-06-04 17:08:00
PAY-20260604-0003264,TRP-20260604-0003264,45.46,apple_pay,settled,2026-06-04 15:57:49
PAY-20260604-0003265,TRP-20260604-0003265,71.48,credit_card,settled,2026-06-03 21:57:59
PAY-20260604-0003267,TRP-20260604-0003267,21.99,wallet,settled,2026-06-04 13:41:01
PAY-20260604-0003268,TRP-20260604-0003268,52.91,credit_card,settled,2026-06-04 00:31:10
PAY-20260604-0003269,TRP-20260604-0003269,25.58,wallet,settled,2026-06-04 22:05:29
PAY-20260604-0003270,TRP-20260604-0003270,42.76,credit_card,settled,2026-06-04 15:58:58
PAY-20260604-0003271,TRP-20260604-0003271,32.10,apple_pay,settled,2026-06-05 10:30:32
PAY-20260604-0003272,TRP-20260604-0003272,51.65,credit_card,settled,2026-06-04 19:28:48
PAY-20260604-0003273,TRP-20260604-0003273,22.22,mada,pending,2026-06-04 11:03:58
PAY-20260604-0003274,TRP-20260604-0003274,48.52,apple_pay,settled,2026-06-04 12:07:29
PAY-20260604-0003275,TRP-20260604-0003275,58.76,credit_card,settled,2026-06-04 11:36:56
PAY-20260604-0003276,TRP-20260604-0003276,86.99,mada,settled,2026-06-04 22:33:33
PAY-20260604-0003277,TRP-20260604-0003277,27.75,mada,settled,2026-06-05 01:28:50
PAY-20260604-0003278,TRP-20260604-0003278,17.94,stc_pay,settled,2026-06-04 04:33:48
PAY-20260604-0003279,TRP-20260604-0003279,37.81,credit_card,settled,2026-06-04 18:49:26
PAY-20260604-0003280,TRP-20260604-0003280,25.91,mada,settled,2026-06-04 08:56:37
PAY-20260604-0003281,TRP-20260604-0003281,29.03,stc_pay,settled,2026-06-04 17:39:56
PAY-20260604-0003282,TRP-20260604-0003282,12.77,mada,settled,2026-06-04 19:45:08
PAY-20260604-0003283,TRP-20260604-0003283,56.32,stc_pay,settled,2026-06-04 08:46:25
PAY-20260604-0003284,TRP-20260604-0003284,81.00,mada,settled,2026-06-04 13:02:37
PAY-20260604-0003285,TRP-20260604-0003285,12.00,stc_pay,settled,2026-06-05 04:03:49
PAY-20260604-0003286,TRP-20260604-0003286,46.45,wallet,settled,2026-06-04 17:00:54
PAY-20260604-0003287,TRP-20260604-0003287,17.66,mada,settled,2026-06-04 20:30:23
PAY-20260604-0003288,TRP-20260604-0003288,100.05,mada,settled,2026-06-05 02:54:25
PAY-20260604-0003289,TRP-20260604-0003289,35.16,cash,settled,2026-06-04 14:19:17
PAY-20260604-0003290,TRP-20260604-0003290,21.39,credit_card,settled,2026-06-04 20:41:27
PAY-20260604-0003291,TRP-20260604-0003291,33.58,credit_card,settled,2026-06-04 06:45:53
PAY-20260604-0003292,TRP-20260604-0003292,16.08,mada,settled,2026-06-04 14:24:22
PAY-20260604-0003293,TRP-20260604-0003293,50.97,cash,settled,2026-06-04 06:15:01
PAY-20260604-0003294,TRP-20260604-0003294,23.23,credit_card,settled,2026-06-04 00:06:06
PAY-20260604-0003295,TRP-20260604-0003295,16.60,wallet,settled,2026-06-04 22:47:51
PAY-20260604-0003296,TRP-20260604-0003296,10.00,wallet,settled,2026-06-04 07:14:56
PAY-20260604-0003297,TRP-20260604-0003297,27.13,stc_pay,settled,2026-06-04 06:29:29
PAY-20260604-0003299,TRP-20260604-0003299,8.00,stc_pay,settled,2026-06-04 15:06:00
PAY-20260604-0003300,TRP-20260604-0003300,8.00,apple_pay,settled,2026-06-04 12:11:47
PAY-20260604-0003301,TRP-20260604-0003301,47.39,mada,settled,2026-06-04 18:16:59
PAY-20260604-0003302,TRP-20260604-0003302,79.87,cash,settled,2026-06-04 16:08:13
PAY-20260604-0003303,TRP-20260604-0003303,87.95,credit_card,settled,2026-06-04 20:43:22
PAY-20260604-0003304,TRP-20260604-0003304,35.62,mada,failed,2026-06-04 16:35:31
PAY-20260604-0003305,TRP-20260604-0003305,72.02,wallet,settled,2026-06-04 19:40:21
PAY-20260604-0003306,TRP-20260604-0003306,81.40,cash,settled,2026-06-04 16:27:42
PAY-20260604-0003307,TRP-20260604-0003307,81.36,credit_card,settled,2026-06-04 20:11:27
PAY-20260604-0003308,TRP-20260604-0003308,28.73,mada,settled,2026-06-05 10:52:24
PAY-20260604-0003309,TRP-20260604-0003309,18.10,credit_card,settled,2026-06-04 17:55:00
PAY-20260604-0003310,TRP-20260604-0003310,34.31,mada,settled,2026-06-04 07:07:46
PAY-20260604-0003311,TRP-20260604-0003311,71.46,mada,settled,2026-06-04 07:55:56
PAY-20260604-0003312,TRP-20260604-0003312,73.84,mada,pending,2026-06-04 12:48:13
PAY-20260604-0003313,TRP-20260604-0003313,15.54,stc_pay,settled,2026-06-04 12:14:50
PAY-20260604-0003314,TRP-20260604-0003314,38.96,stc_pay,settled,2026-06-04 09:48:20
PAY-20260604-0003315,TRP-20260604-0003315,29.16,stc_pay,settled,2026-06-04 13:59:37
PAY-20260604-0003317,TRP-20260604-0003317,12.00,stc_pay,settled,2026-06-04 13:13:10
PAY-20260604-0003318,TRP-20260604-0003318,18.18,apple_pay,settled,2026-06-04 16:47:38
PAY-20260604-0003319,TRP-20260604-0003319,71.64,stc_pay,settled,2026-06-04 19:11:56
PAY-20260604-0003320,TRP-20260604-0003320,101.19,mada,settled,2026-06-04 15:49:03
PAY-20260604-0003321,TRP-20260604-0003321,51.98,cash,settled,2026-06-04 15:08:57
PAY-20260604-0003322,TRP-20260604-0003322,54.14,cash,settled,2026-06-04 09:04:49
PAY-20260604-0003323,TRP-20260604-0003323,28.65,apple_pay,settled,2026-06-05 10:11:50
PAY-20260604-0003324,TRP-20260604-0003324,10.00,mada,settled,2026-06-04 16:19:21
PAY-20260604-0003325,TRP-20260604-0003325,19.52,credit_card,settled,2026-06-04 15:20:31
PAY-20260604-0003326,TRP-20260604-0003326,42.77,mada,settled,2026-06-04 16:34:35
PAY-20260604-0003327,TRP-20260604-0003327,48.83,mada,settled,2026-06-04 17:44:49
PAY-20260604-0003328,TRP-20260604-0003328,213.27,mada,settled,2026-06-04 21:31:21
PAY-20260604-0003329,TRP-20260604-0003329,30.14,credit_card,settled,2026-06-04 13:19:40
PAY-20260604-0003330,TRP-20260604-0003330,32.28,apple_pay,settled,2026-06-04 19:24:41
PAY-20260604-0003331,TRP-20260604-0003331,38.15,cash,settled,2026-06-04 09:16:54
PAY-20260604-0003332,TRP-20260604-0003332,47.94,credit_card,settled,2026-06-04 22:33:51
PAY-20260604-0003333,TRP-20260604-0003333,44.68,apple_pay,settled,2026-06-05 00:55:56
PAY-20260604-0003334,TRP-20260604-0003334,81.09,stc_pay,settled,2026-06-04 16:20:31
PAY-20260604-0003335,TRP-20260604-0003335,26.20,stc_pay,settled,2026-06-04 12:52:53
PAY-20260604-0003336,TRP-20260604-0003336,46.12,stc_pay,settled,2026-06-04 05:58:49
PAY-20260604-0003337,TRP-20260604-0003337,23.27,credit_card,settled,2026-06-04 15:43:59
PAY-20260604-0003338,TRP-20260604-0003338,33.20,credit_card,settled,2026-06-04 04:59:51
PAY-20260604-0003339,TRP-20260604-0003339,54.84,mada,settled,2026-06-04 16:07:22
PAY-20260604-0003340,TRP-20260604-0003340,117.42,mada,settled,2026-06-04 12:32:33
PAY-20260604-0003341,TRP-20260604-0003341,12.00,mada,refunded,2026-06-03 23:58:13
PAY-20260604-0003342,TRP-20260604-0003342,16.00,mada,settled,2026-06-04 20:55:57
PAY-20260604-0003343,TRP-20260604-0003343,172.49,stc_pay,settled,2026-06-05 01:50:24
PAY-20260604-0003344,TRP-20260604-0003344,32.17,mada,settled,2026-06-04 10:47:59
PAY-20260604-0003345,TRP-20260604-0003345,12.00,wallet,settled,2026-06-04 13:19:00
PAY-20260604-0003346,TRP-20260604-0003346,27.38,credit_card,settled,2026-06-04 17:06:39
PAY-20260604-0003347,TRP-20260604-0003347,26.64,stc_pay,settled,2026-06-04 15:02:32
PAY-20260604-0003348,TRP-20260604-0003348,31.69,mada,settled,2026-06-04 21:13:08
PAY-20260604-0003349,TRP-20260604-0003349,12.00,mada,settled,2026-06-05 13:28:07
PAY-20260604-0003350,TRP-20260604-0003350,11.11,mada,settled,2026-06-04 23:05:14
PAY-20260604-0003351,TRP-20260604-0003351,34.16,credit_card,settled,2026-06-04 16:47:39
PAY-20260604-0003352,TRP-20260604-0003352,31.89,cash,settled,2026-06-04 13:20:24
PAY-20260604-0003353,TRP-20260604-0003353,92.64,wallet,settled,2026-06-04 18:13:37
PAY-20260604-0003354,TRP-20260604-0003354,25.50,mada,settled,2026-06-04 15:55:43
PAY-20260604-0003355,TRP-20260604-0003355,26.65,wallet,settled,2026-06-04 16:57:53
PAY-20260604-0003356,TRP-20260604-0003356,17.89,mada,settled,2026-06-04 13:49:14
PAY-20260604-0003357,TRP-20260604-0003357,129.93,stc_pay,settled,2026-06-04 08:00:09
PAY-20260604-0003358,TRP-20260604-0003358,44.15,mada,settled,2026-06-04 09:04:38
PAY-20260604-0003359,TRP-20260604-0003359,77.12,wallet,settled,2026-06-04 17:16:25
PAY-20260604-0003360,TRP-20260604-0003360,71.84,mada,settled,2026-06-04 16:45:28
PAY-20260604-0003361,TRP-20260604-0003361,76.78,credit_card,settled,2026-06-04 08:53:30
PAY-20260604-0003363,TRP-20260604-0003363,62.74,credit_card,settled,2026-06-05 18:47:58
PAY-20260604-0003364,TRP-20260604-0003364,17.38,credit_card,settled,2026-06-05 03:39:12
PAY-20260604-0003365,TRP-20260604-0003365,20.99,wallet,settled,2026-06-05 01:22:12
PAY-20260604-0003366,TRP-20260604-0003366,23.35,mada,settled,2026-06-04 22:10:42
PAY-20260604-0003367,TRP-20260604-0003367,30.27,wallet,settled,2026-06-04 17:30:44
PAY-20260604-0003368,TRP-20260604-0003368,10.87,credit_card,settled,2026-06-04 19:40:59
PAY-20260604-0003369,TRP-20260604-0003369,34.13,apple_pay,settled,2026-06-04 16:22:54
PAY-20260604-0003370,TRP-20260604-0003370,53.29,cash,settled,2026-06-03 21:38:00
PAY-20260604-0003371,TRP-20260604-0003371,109.81,mada,settled,2026-06-05 00:49:31
PAY-20260604-0003372,TRP-20260604-0003372,63.53,mada,settled,2026-06-04 16:12:42
PAY-20260604-0003373,TRP-20260604-0003373,49.39,credit_card,settled,2026-06-04 01:09:55
PAY-20260604-0003374,TRP-20260604-0003374,29.72,mada,settled,2026-06-04 15:12:22
PAY-20260604-0003376,TRP-20260604-0003376,92.86,mada,settled,2026-06-04 05:21:44
PAY-20260604-0003377,TRP-20260604-0003377,66.88,credit_card,settled,2026-06-05 03:47:06
PAY-20260604-0003378,TRP-20260604-0003378,74.53,cash,settled,2026-06-04 18:21:50
PAY-20260604-0003379,TRP-20260604-0003379,27.28,apple_pay,settled,2026-06-05 12:35:42
PAY-20260604-0003380,TRP-20260604-0003380,46.52,credit_card,settled,2026-06-05 03:00:34
PAY-20260604-0003381,TRP-20260604-0003381,12.54,credit_card,settled,2026-06-05 10:14:52
PAY-20260604-0003382,TRP-20260604-0003382,76.42,apple_pay,refunded,2026-06-04 18:53:12
PAY-20260604-0003383,TRP-20260604-0003383,6.00,apple_pay,settled,2026-06-04 15:18:45
PAY-20260604-0003384,TRP-20260604-0003384,11.35,apple_pay,settled,2026-06-04 08:57:39
PAY-20260604-0003385,TRP-20260604-0003385,10.00,apple_pay,settled,2026-06-04 11:41:45
PAY-20260604-0003386,TRP-20260604-0003386,14.45,apple_pay,settled,2026-06-04 11:06:56
PAY-20260604-0003387,TRP-20260604-0003387,15.68,credit_card,pending,2026-06-04 05:15:33
PAY-20260604-0003389,TRP-20260604-0003389,74.55,apple_pay,pending,2026-06-04 22:21:09
PAY-20260604-0003390,TRP-20260604-0003390,24.25,mada,settled,2026-06-04 09:26:39
PAY-20260604-0003391,TRP-20260604-0003391,39.48,mada,settled,2026-06-04 09:53:10
PAY-20260604-0003392,TRP-20260604-0003392,30.32,stc_pay,settled,2026-06-05 04:16:21
PAY-20260604-0003393,TRP-20260604-0003393,15.00,wallet,settled,2026-06-05 06:24:55
PAY-20260604-0003394,TRP-20260604-0003394,24.18,wallet,settled,2026-06-04 20:10:27
PAY-20260604-0003395,TRP-20260604-0003395,21.12,mada,settled,2026-06-05 13:52:44
PAY-20260604-0003396,TRP-20260604-0003396,33.97,mada,settled,2026-06-04 05:27:06
PAY-20260604-0003397,TRP-20260604-0003397,12.34,apple_pay,settled,2026-06-04 19:49:30
PAY-20260604-0003399,TRP-20260604-0003399,10.00,mada,settled,2026-06-04 09:54:29
PAY-20260604-0003400,TRP-20260604-0003400,167.43,credit_card,settled,2026-06-04 06:53:12
PAY-20260604-0003401,TRP-20260604-0003401,15.01,stc_pay,settled,2026-06-04 13:19:43
PAY-20260604-0003402,TRP-20260604-0003402,34.37,stc_pay,settled,2026-06-04 15:29:59
PAY-20260604-0003403,TRP-20260604-0003403,56.49,stc_pay,settled,2026-06-04 06:45:34
PAY-20260604-0003404,TRP-20260604-0003404,27.55,mada,settled,2026-06-04 21:16:56
PAY-20260604-0003405,TRP-20260604-0003405,62.22,mada,settled,2026-06-04 14:43:12
PAY-20260604-0003406,TRP-20260604-0003406,10.00,mada,settled,2026-06-04 21:36:25
PAY-20260604-0003407,TRP-20260604-0003407,50.63,credit_card,settled,2026-06-04 13:02:29
PAY-20260604-0003408,TRP-20260604-0003408,34.84,mada,settled,2026-06-05 14:28:18
PAY-20260604-0003409,TRP-20260604-0003409,23.37,mada,settled,2026-06-05 09:49:01
PAY-20260604-0003410,TRP-20260604-0003410,37.51,mada,settled,2026-06-04 20:28:37
PAY-20260604-0003411,TRP-20260604-0003411,159.65,mada,settled,2026-06-04 11:18:16
PAY-20260604-0003412,TRP-20260604-0003412,12.97,mada,settled,2026-06-04 09:33:19
PAY-20260604-0003413,TRP-20260604-0003413,99.37,apple_pay,settled,2026-06-05 20:38:01
PAY-20260604-0003414,TRP-20260604-0003414,16.04,mada,settled,2026-06-04 10:10:45
PAY-20260604-0003415,TRP-20260604-0003415,85.92,mada,settled,2026-06-04 17:46:43
PAY-20260604-0003416,TRP-20260604-0003416,19.33,mada,settled,2026-06-04 11:40:57
PAY-20260604-0003417,TRP-20260604-0003417,20.05,credit_card,settled,2026-06-05 04:42:24
PAY-20260604-0003418,TRP-20260604-0003418,44.99,mada,settled,2026-06-05 04:07:21
PAY-20260604-0003419,TRP-20260604-0003419,50.47,mada,settled,2026-06-04 15:43:26
PAY-20260604-0003420,TRP-20260604-0003420,33.88,mada,settled,2026-06-05 05:54:37
PAY-20260604-0003421,TRP-20260604-0003421,49.94,credit_card,settled,2026-06-04 17:04:19
PAY-20260604-0003422,TRP-20260604-0003422,79.04,stc_pay,settled,2026-06-04 14:47:58
PAY-20260604-0003423,TRP-20260604-0003423,54.87,mada,settled,2026-06-05 08:36:38
PAY-20260604-0003424,TRP-20260604-0003424,26.83,mada,settled,2026-06-04 19:36:43
PAY-20260604-0003425,TRP-20260604-0003425,23.93,wallet,settled,2026-06-04 10:42:52
PAY-20260604-0003426,TRP-20260604-0003426,12.00,credit_card,settled,2026-06-04 09:41:41
PAY-20260604-0003427,TRP-20260604-0003427,11.00,apple_pay,settled,2026-06-04 13:50:22
PAY-20260604-0003428,TRP-20260604-0003428,47.79,mada,settled,2026-06-04 04:21:37
PAY-20260604-0003429,TRP-20260604-0003429,30.33,credit_card,settled,2026-06-04 06:19:05
PAY-20260604-0003430,TRP-20260604-0003430,18.78,credit_card,settled,2026-06-04 19:39:55
PAY-20260604-0003431,TRP-20260604-0003431,36.13,mada,settled,2026-06-04 12:11:45
PAY-20260604-0003432,TRP-20260604-0003432,10.00,credit_card,settled,2026-06-03 22:23:21
PAY-20260604-0003433,TRP-20260604-0003433,120.78,wallet,settled,2026-06-04 18:07:57
PAY-20260604-0003434,TRP-20260604-0003434,13.22,credit_card,settled,2026-06-05 07:58:18
PAY-20260604-0003435,TRP-20260604-0003435,124.55,credit_card,settled,2026-06-04 07:10:58
PAY-20260604-0003436,TRP-20260604-0003436,30.63,mada,settled,2026-06-05 08:39:39
PAY-20260604-0003437,TRP-20260604-0003437,41.98,stc_pay,settled,2026-06-04 10:50:12
PAY-20260604-0003438,TRP-20260604-0003438,17.80,credit_card,settled,2026-06-04 21:55:39
PAY-20260604-0003439,TRP-20260604-0003439,34.18,mada,settled,2026-06-04 22:26:19
PAY-20260604-0003440,TRP-20260604-0003440,76.71,cash,settled,2026-06-04 05:10:22
PAY-20260604-0003441,TRP-20260604-0003441,86.02,credit_card,settled,2026-06-04 13:09:14
PAY-20260604-0003443,TRP-20260604-0003443,19.49,mada,settled,2026-06-05 17:27:26
PAY-20260604-0003444,TRP-20260604-0003444,59.97,mada,settled,2026-06-05 01:03:17
PAY-20260604-0003445,TRP-20260604-0003445,91.06,mada,settled,2026-06-04 16:56:07
PAY-20260604-0003446,TRP-20260604-0003446,10.00,credit_card,settled,2026-06-04 06:26:32
PAY-20260604-0003447,TRP-20260604-0003447,22.08,credit_card,settled,2026-06-04 18:48:48
PAY-20260604-0003448,TRP-20260604-0003448,34.24,mada,settled,2026-06-04 05:17:28
PAY-20260604-0003449,TRP-20260604-0003449,57.80,apple_pay,settled,2026-06-05 02:40:07
PAY-20260604-0003450,TRP-20260604-0003450,41.35,credit_card,settled,2026-06-05 06:00:19
PAY-20260604-0003451,TRP-20260604-0003451,15.02,mada,settled,2026-06-04 12:23:53
PAY-20260604-0003452,TRP-20260604-0003452,38.55,stc_pay,settled,2026-06-03 23:59:36
PAY-20260604-0003453,TRP-20260604-0003453,33.97,stc_pay,settled,2026-06-04 18:12:53
PAY-20260604-0003454,TRP-20260604-0003454,28.93,credit_card,settled,2026-06-04 15:44:42
PAY-20260604-0003455,TRP-20260604-0003455,32.52,mada,settled,2026-06-04 13:13:44
PAY-20260604-0003456,TRP-20260604-0003456,21.01,cash,settled,2026-06-04 19:41:16
PAY-20260604-0003457,TRP-20260604-0003457,61.45,apple_pay,settled,2026-06-04 19:40:19
PAY-20260604-0003458,TRP-20260604-0003458,11.00,credit_card,settled,2026-06-05 09:31:35
PAY-20260604-0003459,TRP-20260604-0003459,46.46,mada,pending,2026-06-04 08:58:14
PAY-20260604-0003460,TRP-20260604-0003460,41.77,mada,settled,2026-06-04 11:27:29
PAY-20260604-0003461,TRP-20260604-0003461,95.01,mada,settled,2026-06-05 07:13:09
PAY-20260604-0003462,TRP-20260604-0003462,34.06,mada,settled,2026-06-04 10:35:42
PAY-20260604-0003463,TRP-20260604-0003463,14.04,cash,settled,2026-06-04 14:33:40
PAY-20260604-0003464,TRP-20260604-0003464,20.72,mada,settled,2026-06-04 06:10:27
PAY-20260604-0003465,TRP-20260604-0003465,117.46,credit_card,settled,2026-06-04 21:26:46
PAY-20260604-0003466,TRP-20260604-0003466,105.28,credit_card,settled,2026-06-04 20:28:26
PAY-20260604-0003467,TRP-20260604-0003467,20.66,credit_card,settled,2026-06-04 12:31:52
PAY-20260604-0003468,TRP-20260604-0003468,115.50,cash,settled,2026-06-04 16:40:12
PAY-20260604-0003469,TRP-20260604-0003469,25.35,credit_card,settled,2026-06-04 06:13:41
PAY-20260604-0003470,TRP-20260604-0003470,30.94,mada,settled,2026-06-05 04:36:39
PAY-20260604-0003471,TRP-20260604-0003471,6.00,mada,settled,2026-06-04 21:36:59
PAY-20260604-0003472,TRP-20260604-0003472,19.13,cash,settled,2026-06-04 13:16:51
PAY-20260604-0003473,TRP-20260604-0003473,17.10,apple_pay,settled,2026-06-05 15:13:00
PAY-20260604-0003474,TRP-20260604-0003474,16.37,cash,settled,2026-06-04 08:57:51
PAY-20260604-0003475,TRP-20260604-0003475,10.00,mada,settled,2026-06-04 09:42:15
PAY-20260604-0003476,TRP-20260604-0003476,16.52,mada,settled,2026-06-04 14:15:02
PAY-20260604-0003477,TRP-20260604-0003477,29.45,credit_card,settled,2026-06-05 05:22:25
PAY-20260604-0003478,TRP-20260604-0003478,28.64,credit_card,settled,2026-06-04 14:48:42
PAY-20260604-0003479,TRP-20260604-0003479,50.19,mada,settled,2026-06-04 17:57:51
PAY-20260604-0003480,TRP-20260604-0003480,41.13,mada,failed,2026-06-05 13:28:03
PAY-20260604-0003481,TRP-20260604-0003481,8.00,cash,settled,2026-06-04 16:25:28
PAY-20260604-0003482,TRP-20260604-0003482,37.41,credit_card,settled,2026-06-05 10:07:36
PAY-20260604-0003483,TRP-20260604-0003483,23.75,stc_pay,settled,2026-06-05 02:59:41
PAY-20260604-0003484,TRP-20260604-0003484,23.88,mada,settled,2026-06-05 05:09:33
PAY-20260604-0003485,TRP-20260604-0003485,24.32,stc_pay,settled,2026-06-04 15:47:17
PAY-20260604-0003486,TRP-20260604-0003486,38.38,stc_pay,refunded,2026-06-04 17:32:37
PAY-20260604-0003487,TRP-20260604-0003487,60.22,wallet,settled,2026-06-04 08:42:24
PAY-20260604-0003488,TRP-20260604-0003488,68.93,cash,settled,2026-06-04 18:30:43
PAY-20260604-0003489,TRP-20260604-0003489,24.17,mada,settled,2026-06-04 06:55:07
PAY-20260604-0003490,TRP-20260604-0003490,12.66,stc_pay,settled,2026-06-04 16:37:17
PAY-20260604-0003491,TRP-20260604-0003491,13.75,apple_pay,settled,2026-06-04 17:37:10
PAY-20260604-0003492,TRP-20260604-0003492,42.65,mada,refunded,2026-06-05 18:51:14
PAY-20260604-0003493,TRP-20260604-0003493,12.00,mada,settled,2026-06-04 05:16:25
PAY-20260604-0003494,TRP-20260604-0003494,42.76,mada,pending,2026-06-04 16:12:30
PAY-20260604-0003495,TRP-20260604-0003495,17.42,mada,settled,2026-06-04 21:34:47
PAY-20260604-0003496,TRP-20260604-0003496,58.85,cash,settled,2026-06-04 16:30:54
PAY-20260604-0003497,TRP-20260604-0003497,25.21,apple_pay,settled,2026-06-04 14:44:40
PAY-20260604-0003498,TRP-20260604-0003498,95.12,credit_card,settled,2026-06-04 18:03:03
PAY-20260604-0003499,TRP-20260604-0003499,24.14,cash,settled,2026-06-04 17:03:53
PAY-20260604-0003500,TRP-20260604-0003500,64.57,apple_pay,settled,2026-06-04 18:31:19
PAY-20260604-0003501,TRP-20260604-0003501,12.06,mada,settled,2026-06-04 16:17:04
PAY-20260604-0003502,TRP-20260604-0003502,39.56,cash,settled,2026-06-04 06:17:48
PAY-20260604-0003503,TRP-20260604-0003503,28.28,mada,settled,2026-06-04 16:50:12
PAY-20260604-0003504,TRP-20260604-0003504,39.03,mada,settled,2026-06-04 22:15:15
PAY-20260604-0003505,TRP-20260604-0003505,11.00,apple_pay,settled,2026-06-04 03:18:20
PAY-20260604-0003506,TRP-20260604-0003506,44.28,apple_pay,settled,2026-06-04 10:38:25
PAY-20260604-0003507,TRP-20260604-0003507,63.50,stc_pay,settled,2026-06-04 08:36:41
PAY-20260604-0003508,TRP-20260604-0003508,10.00,wallet,settled,2026-06-04 06:48:29
PAY-20260604-0003509,TRP-20260604-0003509,183.95,mada,settled,2026-06-04 20:52:24
PAY-20260604-0003510,TRP-20260604-0003510,15.76,wallet,settled,2026-06-04 15:28:33
PAY-20260604-0003511,TRP-20260604-0003511,20.21,mada,settled,2026-06-04 12:14:20
PAY-20260604-0003512,TRP-20260604-0003512,27.84,mada,settled,2026-06-04 19:00:52
PAY-20260604-0003513,TRP-20260604-0003513,96.93,credit_card,settled,2026-06-04 17:49:03
PAY-20260604-0003514,TRP-20260604-0003514,16.93,apple_pay,settled,2026-06-05 11:07:54
PAY-20260604-0003515,TRP-20260604-0003515,33.72,wallet,settled,2026-06-04 04:53:09
PAY-20260604-0003516,TRP-20260604-0003516,15.53,mada,settled,2026-06-04 21:08:59
PAY-20260604-0003517,TRP-20260604-0003517,27.34,mada,settled,2026-06-04 07:02:42
PAY-20260604-0003518,TRP-20260604-0003518,17.88,stc_pay,settled,2026-06-04 13:40:56
PAY-20260604-0003519,TRP-20260604-0003519,12.49,cash,settled,2026-06-04 05:53:35
PAY-20260604-0003520,TRP-20260604-0003520,40.19,mada,refunded,2026-06-04 19:57:29
PAY-20260604-0003522,TRP-20260604-0003522,65.87,mada,settled,2026-06-04 16:20:45
PAY-20260604-0003523,TRP-20260604-0003523,27.31,mada,settled,2026-06-04 20:54:34
PAY-20260604-0003524,TRP-20260604-0003524,33.91,wallet,settled,2026-06-04 21:05:05
PAY-20260604-0003525,TRP-20260604-0003525,124.27,credit_card,settled,2026-06-04 17:39:57
PAY-20260604-0003526,TRP-20260604-0003526,68.18,mada,settled,2026-06-04 23:30:57
PAY-20260604-0003527,TRP-20260604-0003527,47.93,mada,settled,2026-06-04 05:45:53
PAY-20260604-0003528,TRP-20260604-0003528,8.00,cash,settled,2026-06-04 14:20:38
PAY-20260604-0003529,TRP-20260604-0003529,18.57,credit_card,settled,2026-06-04 12:58:43
PAY-20260604-0003530,TRP-20260604-0003530,16.36,stc_pay,settled,2026-06-04 14:57:27
PAY-20260604-0003531,TRP-20260604-0003531,19.41,cash,settled,2026-06-04 13:34:17
PAY-20260604-0003532,TRP-20260604-0003532,59.64,wallet,settled,2026-06-05 14:46:59
PAY-20260604-0003533,TRP-20260604-0003533,6.00,stc_pay,settled,2026-06-04 14:36:59
PAY-20260604-0003534,TRP-20260604-0003534,12.85,wallet,settled,2026-06-04 11:25:06
PAY-20260604-0003535,TRP-20260604-0003535,25.18,credit_card,settled,2026-06-04 15:24:11
PAY-20260604-0003536,TRP-20260604-0003536,15.85,mada,settled,2026-06-05 02:57:50
PAY-20260604-0003538,TRP-20260604-0003538,10.00,mada,settled,2026-06-04 12:04:08
PAY-20260604-0003540,TRP-20260604-0003540,27.66,cash,settled,2026-06-04 07:31:12
PAY-20260604-0003541,TRP-20260604-0003541,17.66,apple_pay,settled,2026-06-04 17:48:45
PAY-20260604-0003542,TRP-20260604-0003542,39.49,credit_card,settled,2026-06-04 20:13:30
PAY-20260604-0003543,TRP-20260604-0003543,67.14,mada,settled,2026-06-04 20:45:39
PAY-20260604-0003544,TRP-20260604-0003544,17.01,wallet,settled,2026-06-04 11:34:14
PAY-20260604-0003545,TRP-20260604-0003545,18.33,stc_pay,settled,2026-06-04 11:29:19
PAY-20260604-0003546,TRP-20260604-0003546,72.27,mada,settled,2026-06-04 16:52:45
PAY-20260604-0003547,TRP-20260604-0003547,39.58,stc_pay,settled,2026-06-04 17:12:43
PAY-20260604-0003548,TRP-20260604-0003548,27.75,apple_pay,settled,2026-06-05 14:19:41
PAY-20260604-0003549,TRP-20260604-0003549,12.00,stc_pay,settled,2026-06-04 21:53:13
PAY-20260604-0003550,TRP-20260604-0003550,16.88,mada,settled,2026-06-04 16:03:32
PAY-20260604-0003551,TRP-20260604-0003551,42.30,cash,settled,2026-06-04 07:55:50
PAY-20260604-0003552,TRP-20260604-0003552,6.00,cash,settled,2026-06-04 14:07:17
PAY-20260604-0003553,TRP-20260604-0003553,87.31,mada,settled,2026-06-04 06:59:08
PAY-20260604-0003555,TRP-20260604-0003555,26.79,wallet,settled,2026-06-04 16:35:06
PAY-20260604-0003556,TRP-20260604-0003556,22.07,cash,settled,2026-06-04 13:11:49
PAY-20260604-0003557,TRP-20260604-0003557,24.61,mada,settled,2026-06-04 06:35:02
PAY-20260604-0003558,TRP-20260604-0003558,17.91,mada,settled,2026-06-05 12:30:10
PAY-20260604-0003559,TRP-20260604-0003559,13.49,mada,settled,2026-06-04 07:02:51
PAY-20260604-0003560,TRP-20260604-0003560,8.00,stc_pay,settled,2026-06-04 18:49:27
PAY-20260604-0003561,TRP-20260604-0003561,22.65,apple_pay,settled,2026-06-04 14:40:24
PAY-20260604-0003562,TRP-20260604-0003562,12.00,credit_card,settled,2026-06-04 19:07:06
PAY-20260604-0003563,TRP-20260604-0003563,43.52,mada,settled,2026-06-05 05:08:20
PAY-20260604-0003564,TRP-20260604-0003564,16.91,stc_pay,settled,2026-06-04 23:20:27
PAY-20260604-0003565,TRP-20260604-0003565,55.61,apple_pay,settled,2026-06-04 16:09:25
PAY-20260604-0003566,TRP-20260604-0003566,51.63,mada,settled,2026-06-04 19:30:41
PAY-20260604-0003567,TRP-20260604-0003567,57.79,wallet,settled,2026-06-04 18:33:14
PAY-20260604-0003568,TRP-20260604-0003568,19.95,mada,settled,2026-06-04 08:51:42
PAY-20260604-0003569,TRP-20260604-0003569,38.20,mada,settled,2026-06-04 13:52:10
PAY-20260604-0003570,TRP-20260604-0003570,33.58,apple_pay,settled,2026-06-05 11:23:05
PAY-20260604-0003571,TRP-20260604-0003571,63.40,cash,settled,2026-06-04 17:51:20
PAY-20260604-0003572,TRP-20260604-0003572,12.00,apple_pay,settled,2026-06-04 05:52:12
PAY-20260604-0003573,TRP-20260604-0003573,50.50,cash,settled,2026-06-04 05:54:23
PAY-20260604-0003574,TRP-20260604-0003574,16.99,mada,settled,2026-06-04 16:51:00
PAY-20260604-0003575,TRP-20260604-0003575,26.65,stc_pay,settled,2026-06-04 10:06:53
PAY-20260604-0003576,TRP-20260604-0003576,71.09,mada,pending,2026-06-05 03:26:45
PAY-20260604-0003577,TRP-20260604-0003577,33.27,stc_pay,settled,2026-06-04 16:32:32
PAY-20260604-0003578,TRP-20260604-0003578,32.83,apple_pay,settled,2026-06-04 13:19:45
PAY-20260604-0003579,TRP-20260604-0003579,18.98,mada,settled,2026-06-04 15:25:46
PAY-20260604-0003580,TRP-20260604-0003580,13.55,mada,settled,2026-06-05 00:08:36
PAY-20260604-0003581,TRP-20260604-0003581,27.09,cash,settled,2026-06-04 17:35:45
PAY-20260604-0003582,TRP-20260604-0003582,11.00,mada,settled,2026-06-04 08:56:56
PAY-20260604-0003583,TRP-20260604-0003583,29.02,credit_card,settled,2026-06-05 02:38:14
PAY-20260604-0003584,TRP-20260604-0003584,10.00,credit_card,settled,2026-06-04 06:37:16
PAY-20260604-0003585,TRP-20260604-0003585,29.06,credit_card,settled,2026-06-04 18:11:13
PAY-20260604-0003586,TRP-20260604-0003586,69.62,apple_pay,settled,2026-06-04 21:43:34
PAY-20260604-0003587,TRP-20260604-0003587,46.46,apple_pay,settled,2026-06-04 07:23:57
PAY-20260604-0003588,TRP-20260604-0003588,15.59,apple_pay,settled,2026-06-04 22:29:17
PAY-20260604-0003589,TRP-20260604-0003589,20.04,mada,settled,2026-06-04 09:48:32
PAY-20260604-0003590,TRP-20260604-0003590,10.00,apple_pay,settled,2026-06-05 03:20:11
PAY-20260604-0003591,TRP-20260604-0003591,10.00,credit_card,settled,2026-06-04 18:58:30
PAY-20260604-0003592,TRP-20260604-0003592,37.67,mada,settled,2026-06-04 10:51:20
PAY-20260604-0003593,TRP-20260604-0003593,30.52,mada,settled,2026-06-03 22:19:06
PAY-20260604-0003594,TRP-20260604-0003594,43.57,mada,settled,2026-06-04 13:16:20
PAY-20260604-0003595,TRP-20260604-0003595,20.07,mada,settled,2026-06-04 17:15:10
PAY-20260604-0003596,TRP-20260604-0003596,39.94,apple_pay,settled,2026-06-04 18:59:22
PAY-20260604-0003597,TRP-20260604-0003597,32.15,mada,settled,2026-06-03 22:27:16
PAY-20260604-0003598,TRP-20260604-0003598,14.26,mada,settled,2026-06-05 06:16:50
PAY-20260604-0003599,TRP-20260604-0003599,70.44,credit_card,settled,2026-06-04 20:54:49
PAY-20260604-0003600,TRP-20260604-0003600,14.58,mada,settled,2026-06-04 01:27:27
PAY-20260604-0003601,TRP-20260604-0003601,29.60,mada,settled,2026-06-04 15:50:15
PAY-20260604-0003602,TRP-20260604-0003602,128.96,stc_pay,settled,2026-06-04 18:29:14
PAY-20260604-0003604,TRP-20260604-0003604,6.00,credit_card,settled,2026-06-05 02:29:05
PAY-20260604-0003605,TRP-20260604-0003605,13.80,mada,settled,2026-06-04 17:39:50
PAY-20260604-0003606,TRP-20260604-0003606,37.83,wallet,settled,2026-06-04 19:26:52
PAY-20260604-0003607,TRP-20260604-0003607,42.52,stc_pay,settled,2026-06-04 21:54:27
PAY-20260604-0003608,TRP-20260604-0003608,42.34,credit_card,failed,2026-06-04 05:13:52
PAY-20260604-0003609,TRP-20260604-0003609,99.74,cash,settled,2026-06-04 16:29:21
PAY-20260604-0003610,TRP-20260604-0003610,18.64,credit_card,settled,2026-06-05 02:23:11
PAY-20260604-0003611,TRP-20260604-0003611,19.00,credit_card,settled,2026-06-04 03:33:05
PAY-20260604-0003612,TRP-20260604-0003612,21.35,credit_card,settled,2026-06-04 14:18:21
PAY-20260604-0003614,TRP-20260604-0003614,22.13,credit_card,settled,2026-06-05 13:29:57
PAY-20260604-0003615,TRP-20260604-0003615,26.36,apple_pay,settled,2026-06-04 11:15:35
PAY-20260604-0003616,TRP-20260604-0003616,17.86,mada,settled,2026-06-04 16:21:44
PAY-20260604-0003617,TRP-20260604-0003617,30.57,mada,settled,2026-06-04 17:48:43
PAY-20260604-0003618,TRP-20260604-0003618,40.55,mada,settled,2026-06-04 06:55:28
PAY-20260604-0003619,TRP-20260604-0003619,35.66,credit_card,settled,2026-06-04 15:38:04
PAY-20260604-0003620,TRP-20260604-0003620,22.38,mada,settled,2026-06-04 06:56:42
PAY-20260604-0003621,TRP-20260604-0003621,33.41,mada,pending,2026-06-04 07:15:42
PAY-20260604-0003622,TRP-20260604-0003622,33.20,stc_pay,settled,2026-06-05 09:20:40
PAY-20260604-0003623,TRP-20260604-0003623,45.56,apple_pay,settled,2026-06-04 15:37:38
PAY-20260604-0003624,TRP-20260604-0003624,51.57,mada,settled,2026-06-04 15:04:04
PAY-20260604-0003625,TRP-20260604-0003625,103.34,stc_pay,settled,2026-06-04 05:52:06
PAY-20260604-0003626,TRP-20260604-0003626,79.90,stc_pay,settled,2026-06-04 13:51:42
PAY-20260604-0003628,TRP-20260604-0003628,62.17,mada,settled,2026-06-05 06:21:59
PAY-20260604-0003629,TRP-20260604-0003629,40.26,mada,settled,2026-06-04 06:09:16
PAY-20260604-0003630,TRP-20260604-0003630,15.74,stc_pay,settled,2026-06-04 08:26:13
PAY-20260604-0003631,TRP-20260604-0003631,43.93,cash,settled,2026-06-04 17:17:56
PAY-20260604-0003632,TRP-20260604-0003632,31.54,stc_pay,settled,2026-06-04 07:52:07
PAY-20260604-0003633,TRP-20260604-0003633,22.48,mada,settled,2026-06-04 10:15:34
PAY-20260604-0003634,TRP-20260604-0003634,10.00,apple_pay,settled,2026-06-04 08:15:34
PAY-20260604-0003635,TRP-20260604-0003635,56.76,credit_card,settled,2026-06-04 21:38:26
PAY-20260604-0003636,TRP-20260604-0003636,40.72,mada,settled,2026-06-04 18:35:29
PAY-20260604-0003637,TRP-20260604-0003637,17.10,mada,settled,2026-06-04 19:16:44
PAY-20260604-0003638,TRP-20260604-0003638,81.04,mada,settled,2026-06-04 23:34:47
PAY-20260604-0003639,TRP-20260604-0003639,111.01,mada,settled,2026-06-04 18:34:46
PAY-20260604-0003641,TRP-20260604-0003641,49.27,cash,settled,2026-06-04 11:31:57
PAY-20260604-0003642,TRP-20260604-0003642,103.30,stc_pay,pending,2026-06-04 05:41:40
PAY-20260604-0003643,TRP-20260604-0003643,6.00,wallet,settled,2026-06-05 12:41:44
PAY-20260604-0003644,TRP-20260604-0003644,34.83,mada,settled,2026-06-05 05:13:22
PAY-20260604-0003645,TRP-20260604-0003645,80.02,cash,settled,2026-06-04 16:11:59
PAY-20260604-0003646,TRP-20260604-0003646,26.61,stc_pay,settled,2026-06-04 19:49:54
PAY-20260604-0003647,TRP-20260604-0003647,20.74,cash,settled,2026-06-04 15:22:19
PAY-20260604-0003648,TRP-20260604-0003648,57.18,cash,settled,2026-06-04 07:24:58
PAY-20260604-0003649,TRP-20260604-0003649,13.90,credit_card,settled,2026-06-04 11:12:41
PAY-20260604-0003650,TRP-20260604-0003650,28.05,stc_pay,settled,2026-06-04 18:43:37
PAY-20260604-0003651,TRP-20260604-0003651,19.40,mada,settled,2026-06-05 14:49:00
PAY-20260604-0003652,TRP-20260604-0003652,31.60,mada,settled,2026-06-05 00:01:59
PAY-20260604-0003653,TRP-20260604-0003653,26.44,stc_pay,settled,2026-06-04 13:10:38
PAY-20260604-0003654,TRP-20260604-0003654,21.73,credit_card,settled,2026-06-04 18:15:06
PAY-20260604-0003655,TRP-20260604-0003655,12.94,mada,settled,2026-06-04 13:40:21
PAY-20260604-0003656,TRP-20260604-0003656,23.51,stc_pay,settled,2026-06-05 05:03:32
PAY-20260604-0003657,TRP-20260604-0003657,20.54,mada,settled,2026-06-05 10:44:04
PAY-20260604-0003658,TRP-20260604-0003658,39.52,wallet,settled,2026-06-05 05:14:53
PAY-20260604-0003659,TRP-20260604-0003659,11.00,wallet,settled,2026-06-04 10:13:38
PAY-20260604-0003660,TRP-20260604-0003660,55.93,mada,settled,2026-06-04 16:27:43
PAY-20260604-0003661,TRP-20260604-0003661,8.00,credit_card,settled,2026-06-04 11:06:30
PAY-20260604-0003662,TRP-20260604-0003662,20.60,credit_card,settled,2026-06-05 06:09:13
PAY-20260604-0003663,TRP-20260604-0003663,21.81,credit_card,settled,2026-06-04 20:46:25
PAY-20260604-0003664,TRP-20260604-0003664,43.31,cash,settled,2026-06-04 17:45:52
PAY-20260604-0003665,TRP-20260604-0003665,16.66,stc_pay,settled,2026-06-04 18:08:51
PAY-20260604-0003666,TRP-20260604-0003666,114.13,mada,settled,2026-06-04 09:42:07
PAY-20260604-0003667,TRP-20260604-0003667,13.76,cash,settled,2026-06-04 20:55:25
PAY-20260604-0003668,TRP-20260604-0003668,105.39,wallet,settled,2026-06-04 16:16:50
PAY-20260604-0003669,TRP-20260604-0003669,18.71,apple_pay,settled,2026-06-04 08:12:47
PAY-20260604-0003670,TRP-20260604-0003670,15.99,mada,settled,2026-06-04 12:35:03
PAY-20260604-0003671,TRP-20260604-0003671,14.37,credit_card,settled,2026-06-04 21:12:44
PAY-20260604-0003672,TRP-20260604-0003672,36.93,credit_card,settled,2026-06-04 15:04:57
PAY-20260604-0003673,TRP-20260604-0003673,17.22,mada,settled,2026-06-05 14:08:19
PAY-20260604-0003674,TRP-20260604-0003674,23.01,cash,settled,2026-06-04 06:21:40
PAY-20260604-0003675,TRP-20260604-0003675,48.81,credit_card,settled,2026-06-04 07:52:13
PAY-20260604-0003676,TRP-20260604-0003676,28.90,apple_pay,settled,2026-06-04 22:27:00
PAY-20260604-0003677,TRP-20260604-0003677,119.41,credit_card,settled,2026-06-05 12:41:14
PAY-20260604-0003678,TRP-20260604-0003678,12.26,credit_card,settled,2026-06-04 09:05:17
PAY-20260604-0003679,TRP-20260604-0003679,8.00,mada,settled,2026-06-04 09:42:35
PAY-20260604-0003680,TRP-20260604-0003680,79.82,cash,settled,2026-06-04 09:31:52
PAY-20260604-0003681,TRP-20260604-0003681,48.62,apple_pay,settled,2026-06-03 22:23:04
PAY-20260604-0003682,TRP-20260604-0003682,6.00,credit_card,settled,2026-06-03 21:42:25
PAY-20260604-0003683,TRP-20260604-0003683,14.95,cash,settled,2026-06-04 07:57:24
PAY-20260604-0003684,TRP-20260604-0003684,25.24,credit_card,settled,2026-06-05 00:41:55
PAY-20260604-0003685,TRP-20260604-0003685,25.63,apple_pay,settled,2026-06-04 19:28:39
PAY-20260604-0003686,TRP-20260604-0003686,37.11,credit_card,settled,2026-06-05 16:40:28
PAY-20260604-0003687,TRP-20260604-0003687,30.14,mada,settled,2026-06-04 18:00:03
PAY-20260604-0003688,TRP-20260604-0003688,96.16,cash,settled,2026-06-04 17:06:25
PAY-20260604-0003689,TRP-20260604-0003689,56.38,mada,settled,2026-06-04 19:13:21
PAY-20260604-0003690,TRP-20260604-0003690,30.56,wallet,settled,2026-06-04 17:37:24
PAY-20260604-0003691,TRP-20260604-0003691,39.73,apple_pay,settled,2026-06-04 11:08:17
PAY-20260604-0003692,TRP-20260604-0003692,19.77,cash,settled,2026-06-04 03:11:36
PAY-20260604-0003693,TRP-20260604-0003693,21.35,mada,settled,2026-06-04 17:59:58
PAY-20260604-0003694,TRP-20260604-0003694,105.48,apple_pay,settled,2026-06-04 17:31:28
PAY-20260604-0003695,TRP-20260604-0003695,40.43,credit_card,settled,2026-06-04 16:16:11
PAY-20260604-0003696,TRP-20260604-0003696,57.11,credit_card,settled,2026-06-04 18:18:32
PAY-20260604-0003697,TRP-20260604-0003697,45.05,mada,settled,2026-06-04 14:47:57
PAY-20260604-0003698,TRP-20260604-0003698,36.72,stc_pay,settled,2026-06-05 08:17:24
PAY-20260604-0003699,TRP-20260604-0003699,22.18,mada,settled,2026-06-04 18:11:48
PAY-20260604-0003700,TRP-20260604-0003700,54.69,mada,settled,2026-06-04 05:12:34
PAY-20260604-0003701,TRP-20260604-0003701,111.70,mada,settled,2026-06-04 05:37:26
PAY-20260604-0003702,TRP-20260604-0003702,40.55,mada,settled,2026-06-05 05:40:02
PAY-20260604-0003703,TRP-20260604-0003703,52.08,apple_pay,settled,2026-06-04 17:17:54
PAY-20260604-0003704,TRP-20260604-0003704,19.60,cash,settled,2026-06-04 18:54:57
PAY-20260604-0003705,TRP-20260604-0003705,19.87,wallet,settled,2026-06-04 18:46:39
PAY-20260604-0003706,TRP-20260604-0003706,60.51,credit_card,settled,2026-06-05 08:09:27
PAY-20260604-0003707,TRP-20260604-0003707,23.26,mada,settled,2026-06-04 21:07:02
PAY-20260604-0003708,TRP-20260604-0003708,13.33,wallet,settled,2026-06-04 06:03:57
PAY-20260604-0003709,TRP-20260604-0003709,17.84,credit_card,pending,2026-06-04 15:21:17
PAY-20260604-0003710,TRP-20260604-0003710,11.00,mada,settled,2026-06-04 22:05:03
PAY-20260604-0003711,TRP-20260604-0003711,87.64,stc_pay,settled,2026-06-04 17:08:22
PAY-20260604-0003712,TRP-20260604-0003712,55.71,cash,settled,2026-06-04 01:07:30
PAY-20260604-0003713,TRP-20260604-0003713,11.74,stc_pay,settled,2026-06-04 11:23:08
PAY-20260604-0003714,TRP-20260604-0003714,54.94,credit_card,settled,2026-06-04 06:05:45
PAY-20260604-0003715,TRP-20260604-0003715,76.08,mada,settled,2026-06-04 11:59:46
PAY-20260604-0003716,TRP-20260604-0003716,70.49,mada,settled,2026-06-04 16:14:54
PAY-20260604-0003717,TRP-20260604-0003717,11.04,cash,settled,2026-06-04 20:53:31
PAY-20260604-0003718,TRP-20260604-0003718,41.92,apple_pay,settled,2026-06-05 12:20:19
PAY-20260604-0003719,TRP-20260604-0003719,142.50,apple_pay,settled,2026-06-05 03:30:10
PAY-20260604-0003720,TRP-20260604-0003720,40.80,stc_pay,settled,2026-06-04 19:22:12
PAY-20260604-0003721,TRP-20260604-0003721,24.24,cash,settled,2026-06-04 13:20:53
PAY-20260604-0003722,TRP-20260604-0003722,28.18,mada,settled,2026-06-04 10:27:49
PAY-20260604-0003723,TRP-20260604-0003723,65.14,credit_card,settled,2026-06-05 07:54:54
PAY-20260604-0003724,TRP-20260604-0003724,28.66,cash,settled,2026-06-04 14:23:01
PAY-20260604-0003725,TRP-20260604-0003725,35.10,credit_card,settled,2026-06-04 07:41:02
PAY-20260604-0003726,TRP-20260604-0003726,47.11,cash,settled,2026-06-04 19:03:12
PAY-20260604-0003728,TRP-20260604-0003728,91.59,credit_card,settled,2026-06-04 11:35:43
PAY-20260604-0003729,TRP-20260604-0003729,22.31,cash,settled,2026-06-04 16:14:28
PAY-20260604-0003730,TRP-20260604-0003730,35.37,credit_card,settled,2026-06-04 20:49:13
PAY-20260604-0003731,TRP-20260604-0003731,28.79,mada,settled,2026-06-04 15:13:51
PAY-20260604-0003732,TRP-20260604-0003732,29.12,cash,settled,2026-06-04 13:38:57
PAY-20260604-0003734,TRP-20260604-0003734,33.62,mada,settled,2026-06-04 04:43:19
PAY-20260604-0003735,TRP-20260604-0003735,11.00,mada,settled,2026-06-05 04:25:16
PAY-20260604-0003736,TRP-20260604-0003736,16.18,credit_card,settled,2026-06-04 04:33:34
PAY-20260604-0003737,TRP-20260604-0003737,189.60,mada,settled,2026-06-04 18:10:49
PAY-20260604-0003738,TRP-20260604-0003738,37.33,cash,settled,2026-06-04 16:28:38
PAY-20260604-0003739,TRP-20260604-0003739,19.88,apple_pay,settled,2026-06-05 00:00:41
PAY-20260604-0003740,TRP-20260604-0003740,18.18,mada,settled,2026-06-04 01:48:42
PAY-20260604-0003741,TRP-20260604-0003741,22.92,credit_card,settled,2026-06-05 14:44:32
PAY-20260604-0003742,TRP-20260604-0003742,109.86,mada,settled,2026-06-04 09:41:03
PAY-20260604-0003743,TRP-20260604-0003743,50.07,stc_pay,settled,2026-06-04 19:43:35
PAY-20260604-0003744,TRP-20260604-0003744,26.14,stc_pay,settled,2026-06-04 12:14:59
PAY-20260604-0003745,TRP-20260604-0003745,12.97,cash,settled,2026-06-04 13:46:39
PAY-20260604-0003746,TRP-20260604-0003746,23.34,cash,settled,2026-06-04 04:33:05
PAY-20260604-0003747,TRP-20260604-0003747,24.11,apple_pay,settled,2026-06-04 18:37:02
PAY-20260604-0003748,TRP-20260604-0003748,10.62,wallet,settled,2026-06-04 20:38:44
PAY-20260604-0003749,TRP-20260604-0003749,34.90,mada,settled,2026-06-04 13:02:45
PAY-20260604-0003750,TRP-20260604-0003750,22.31,credit_card,settled,2026-06-04 11:46:56
PAY-20260604-0003751,TRP-20260604-0003751,101.96,stc_pay,settled,2026-06-04 18:08:23
PAY-20260604-0003752,TRP-20260604-0003752,29.18,credit_card,refunded,2026-06-04 06:31:30
PAY-20260604-0003753,TRP-20260604-0003753,32.24,mada,settled,2026-06-04 07:25:01
PAY-20260604-0003754,TRP-20260604-0003754,20.48,mada,settled,2026-06-04 17:33:38
PAY-20260604-0003755,TRP-20260604-0003755,98.06,credit_card,settled,2026-06-05 03:34:32
PAY-20260604-0003756,TRP-20260604-0003756,34.74,credit_card,settled,2026-06-04 15:35:16
PAY-20260604-0003757,TRP-20260604-0003757,25.72,credit_card,settled,2026-06-04 20:25:56
PAY-20260604-0003758,TRP-20260604-0003758,24.24,cash,settled,2026-06-04 17:04:04
PAY-20260604-0003759,TRP-20260604-0003759,45.32,stc_pay,settled,2026-06-04 15:27:14
PAY-20260604-0003760,TRP-20260604-0003760,11.56,cash,settled,2026-06-04 15:07:34
PAY-20260604-0003761,TRP-20260604-0003761,11.99,credit_card,settled,2026-06-04 09:44:09
PAY-20260604-0003762,TRP-20260604-0003762,13.43,mada,settled,2026-06-04 10:12:48
PAY-20260604-0003763,TRP-20260604-0003763,14.99,mada,settled,2026-06-05 12:48:09
PAY-20260604-0003764,TRP-20260604-0003764,57.82,credit_card,settled,2026-06-04 17:23:20
PAY-20260604-0003765,TRP-20260604-0003765,37.99,mada,settled,2026-06-04 19:19:25
PAY-20260604-0003766,TRP-20260604-0003766,64.48,cash,settled,2026-06-04 15:44:25
PAY-20260604-0003767,TRP-20260604-0003767,27.06,credit_card,settled,2026-06-04 07:35:44
PAY-20260604-0003768,TRP-20260604-0003768,22.44,stc_pay,settled,2026-06-04 18:02:53
PAY-20260604-0003769,TRP-20260604-0003769,33.38,mada,settled,2026-06-04 19:47:15
PAY-20260604-0003770,TRP-20260604-0003770,17.63,mada,settled,2026-06-04 08:55:26
PAY-20260604-0003771,TRP-20260604-0003771,36.53,credit_card,pending,2026-06-04 05:21:43
PAY-20260604-0003772,TRP-20260604-0003772,36.73,mada,settled,2026-06-04 18:16:40
PAY-20260604-0003773,TRP-20260604-0003773,11.06,stc_pay,settled,2026-06-05 10:58:46
PAY-20260604-0003774,TRP-20260604-0003774,79.96,mada,settled,2026-06-04 20:13:45
PAY-20260604-0003775,TRP-20260604-0003775,19.10,mada,settled,2026-06-04 22:00:08
PAY-20260604-0003776,TRP-20260604-0003776,50.09,mada,settled,2026-06-04 09:01:53
PAY-20260604-0003777,TRP-20260604-0003777,21.62,mada,settled,2026-06-05 07:13:10
PAY-20260604-0003778,TRP-20260604-0003778,12.00,mada,settled,2026-06-04 06:01:31
PAY-20260604-0003780,TRP-20260604-0003780,39.99,cash,settled,2026-06-04 18:16:39
PAY-20260604-0003781,TRP-20260604-0003781,45.05,cash,settled,2026-06-04 17:22:28
PAY-20260604-0003782,TRP-20260604-0003782,44.08,mada,settled,2026-06-04 19:15:04
PAY-20260604-0003783,TRP-20260604-0003783,62.32,mada,settled,2026-06-04 13:27:33
PAY-20260604-0003784,TRP-20260604-0003784,16.99,cash,settled,2026-06-04 15:52:02
PAY-20260604-0003785,TRP-20260604-0003785,42.32,apple_pay,settled,2026-06-04 05:24:25
PAY-20260604-0003786,TRP-20260604-0003786,49.83,mada,settled,2026-06-05 18:11:25
PAY-20260604-0003787,TRP-20260604-0003787,16.37,mada,settled,2026-06-04 18:14:21
PAY-20260604-0003788,TRP-20260604-0003788,25.80,mada,settled,2026-06-04 08:26:13
PAY-20260604-0003789,TRP-20260604-0003789,15.20,credit_card,settled,2026-06-04 17:13:03
PAY-20260604-0003790,TRP-20260604-0003790,22.67,cash,settled,2026-06-04 19:23:50
PAY-20260604-0003791,TRP-20260604-0003791,17.91,mada,settled,2026-06-05 05:46:33
PAY-20260604-0003792,TRP-20260604-0003792,19.77,mada,settled,2026-06-04 15:00:02
PAY-20260604-0003793,TRP-20260604-0003793,29.36,credit_card,settled,2026-06-04 14:47:24
PAY-20260604-0003794,TRP-20260604-0003794,16.49,mada,settled,2026-06-04 23:27:46
PAY-20260604-0003795,TRP-20260604-0003795,12.34,mada,settled,2026-06-04 09:13:38
PAY-20260604-0003796,TRP-20260604-0003796,17.51,mada,settled,2026-06-05 05:05:53
PAY-20260604-0003797,TRP-20260604-0003797,30.58,cash,settled,2026-06-04 14:37:20
PAY-20260604-0003798,TRP-20260604-0003798,28.45,stc_pay,settled,2026-06-04 09:00:22
PAY-20260604-0003799,TRP-20260604-0003799,13.68,apple_pay,settled,2026-06-03 22:54:49
PAY-20260604-0003800,TRP-20260604-0003800,31.23,mada,settled,2026-06-05 14:57:11
PAY-20260604-0003801,TRP-20260604-0003801,45.69,mada,settled,2026-06-05 06:46:30
PAY-20260604-0003802,TRP-20260604-0003802,17.86,mada,settled,2026-06-04 11:25:05
PAY-20260604-0003803,TRP-20260604-0003803,14.61,wallet,settled,2026-06-04 08:15:46
PAY-20260604-0003804,TRP-20260604-0003804,78.19,credit_card,settled,2026-06-04 11:38:09
PAY-20260604-0003805,TRP-20260604-0003805,12.00,apple_pay,settled,2026-06-04 04:15:51
PAY-20260604-0003806,TRP-20260604-0003806,19.04,credit_card,settled,2026-06-04 17:07:45
PAY-20260604-0003807,TRP-20260604-0003807,6.00,mada,settled,2026-06-05 17:42:11
PAY-20260604-0003808,TRP-20260604-0003808,35.43,credit_card,settled,2026-06-04 18:42:55
PAY-20260604-0003809,TRP-20260604-0003809,24.48,mada,settled,2026-06-04 10:28:08
PAY-20260604-0003810,TRP-20260604-0003810,34.22,credit_card,settled,2026-06-04 16:20:59
PAY-20260604-0003811,TRP-20260604-0003811,52.56,mada,settled,2026-06-04 14:38:46
PAY-20260604-0003812,TRP-20260604-0003812,31.26,mada,settled,2026-06-05 15:53:24
PAY-20260604-0003813,TRP-20260604-0003813,29.67,mada,settled,2026-06-04 04:21:41
PAY-20260604-0003814,TRP-20260604-0003814,74.89,mada,settled,2026-06-04 07:25:24
PAY-20260604-0003815,TRP-20260604-0003815,13.72,mada,refunded,2026-06-04 06:40:09
PAY-20260604-0003816,TRP-20260604-0003816,13.45,wallet,settled,2026-06-04 08:55:45
PAY-20260604-0003817,TRP-20260604-0003817,30.71,apple_pay,settled,2026-06-04 09:09:42
PAY-20260604-0003818,TRP-20260604-0003818,38.42,mada,settled,2026-06-04 13:31:05
PAY-20260604-0003819,TRP-20260604-0003819,26.41,stc_pay,settled,2026-06-04 14:15:55
PAY-20260604-0003820,TRP-20260604-0003820,35.70,cash,settled,2026-06-04 19:15:23
PAY-20260604-0003821,TRP-20260604-0003821,25.87,cash,settled,2026-06-04 20:47:18
PAY-20260604-0003822,TRP-20260604-0003822,19.63,cash,settled,2026-06-04 12:41:38
PAY-20260604-0003823,TRP-20260604-0003823,30.74,credit_card,settled,2026-06-04 20:56:26
PAY-20260604-0003824,TRP-20260604-0003824,8.00,cash,settled,2026-06-04 18:44:41
PAY-20260604-0003825,TRP-20260604-0003825,47.97,wallet,settled,2026-06-03 23:28:37
PAY-20260604-0003826,TRP-20260604-0003826,31.27,stc_pay,settled,2026-06-04 17:41:30
PAY-20260604-0003827,TRP-20260604-0003827,49.29,cash,settled,2026-06-04 19:38:16
PAY-20260604-0003828,TRP-20260604-0003828,20.50,apple_pay,settled,2026-06-04 09:20:19
PAY-20260604-0003829,TRP-20260604-0003829,15.82,apple_pay,settled,2026-06-04 19:00:59
PAY-20260604-0003830,TRP-20260604-0003830,50.08,mada,settled,2026-06-04 15:22:07
PAY-20260604-0003832,TRP-20260604-0003832,23.90,apple_pay,settled,2026-06-05 07:48:21
PAY-20260604-0003833,TRP-20260604-0003833,15.55,credit_card,settled,2026-06-04 07:12:29
PAY-20260604-0003834,TRP-20260604-0003834,71.55,stc_pay,settled,2026-06-04 13:46:52
PAY-20260604-0003835,TRP-20260604-0003835,21.73,credit_card,settled,2026-06-04 17:17:00
PAY-20260604-0003836,TRP-20260604-0003836,45.83,apple_pay,settled,2026-06-04 23:12:31
PAY-20260604-0003837,TRP-20260604-0003837,84.21,credit_card,pending,2026-06-05 07:11:39
PAY-20260604-0003838,TRP-20260604-0003838,26.67,wallet,settled,2026-06-04 16:43:53
PAY-20260604-0003839,TRP-20260604-0003839,48.76,mada,settled,2026-06-04 06:08:57
PAY-20260604-0003840,TRP-20260604-0003840,11.32,mada,settled,2026-06-04 06:33:11
PAY-20260604-0003841,TRP-20260604-0003841,14.55,mada,settled,2026-06-04 09:50:36
PAY-20260604-0003842,TRP-20260604-0003842,15.23,mada,settled,2026-06-04 10:40:30
PAY-20260604-0003843,TRP-20260604-0003843,89.68,mada,settled,2026-06-04 16:16:10
PAY-20260604-0003844,TRP-20260604-0003844,48.41,apple_pay,settled,2026-06-04 16:44:04
PAY-20260604-0003845,TRP-20260604-0003845,57.97,stc_pay,settled,2026-06-05 01:13:35
PAY-20260604-0003846,TRP-20260604-0003846,8.00,apple_pay,settled,2026-06-04 13:19:16
PAY-20260604-0003847,TRP-20260604-0003847,24.31,credit_card,settled,2026-06-04 16:19:51
PAY-20260604-0003848,TRP-20260604-0003848,44.04,mada,settled,2026-06-04 22:17:20
PAY-20260604-0003849,TRP-20260604-0003849,19.80,cash,settled,2026-06-04 10:39:52
PAY-20260604-0003850,TRP-20260604-0003850,20.95,credit_card,settled,2026-06-04 15:07:17
PAY-20260604-0003851,TRP-20260604-0003851,13.78,mada,settled,2026-06-05 05:16:10
PAY-20260604-0003852,TRP-20260604-0003852,80.56,credit_card,settled,2026-06-04 09:43:57
PAY-20260604-0003853,TRP-20260604-0003853,12.00,wallet,settled,2026-06-04 10:21:46
PAY-20260604-0003854,TRP-20260604-0003854,63.90,cash,settled,2026-06-04 08:31:29
PAY-20260604-0003855,TRP-20260604-0003855,24.39,mada,settled,2026-06-04 15:48:42
PAY-20260604-0003856,TRP-20260604-0003856,20.76,mada,settled,2026-06-05 07:57:41
PAY-20260604-0003857,TRP-20260604-0003857,27.68,cash,settled,2026-06-04 06:48:26
PAY-20260604-0003858,TRP-20260604-0003858,61.14,mada,settled,2026-06-04 13:52:17
PAY-20260604-0003859,TRP-20260604-0003859,34.66,apple_pay,settled,2026-06-04 15:27:38
PAY-20260604-0003860,TRP-20260604-0003860,53.95,credit_card,settled,2026-06-04 17:59:55
PAY-20260604-0003861,TRP-20260604-0003861,12.21,mada,settled,2026-06-04 18:27:43
PAY-20260604-0003862,TRP-20260604-0003862,31.80,credit_card,settled,2026-06-04 06:15:46
PAY-20260604-0003863,TRP-20260604-0003863,48.80,mada,settled,2026-06-04 18:30:50
PAY-20260604-0003864,TRP-20260604-0003864,12.00,mada,settled,2026-06-04 19:26:08
PAY-20260604-0003865,TRP-20260604-0003865,22.16,cash,settled,2026-06-03 22:09:30
PAY-20260604-0003866,TRP-20260604-0003866,23.14,apple_pay,settled,2026-06-04 16:40:58
PAY-20260604-0003867,TRP-20260604-0003867,59.98,mada,settled,2026-06-04 17:01:43
PAY-20260604-0003868,TRP-20260604-0003868,40.07,credit_card,settled,2026-06-04 12:23:07
PAY-20260604-0003869,TRP-20260604-0003869,50.17,credit_card,settled,2026-06-04 11:51:28
PAY-20260604-0003870,TRP-20260604-0003870,39.68,mada,settled,2026-06-04 10:31:45
PAY-20260604-0003871,TRP-20260604-0003871,40.84,wallet,settled,2026-06-05 07:13:23
PAY-20260604-0003872,TRP-20260604-0003872,34.19,credit_card,settled,2026-06-04 15:38:47
PAY-20260604-0003873,TRP-20260604-0003873,28.88,credit_card,settled,2026-06-04 06:07:21
PAY-20260604-0003874,TRP-20260604-0003874,91.28,cash,settled,2026-06-04 16:59:29
PAY-20260604-0003875,TRP-20260604-0003875,11.44,mada,settled,2026-06-04 23:50:44
PAY-20260604-0003876,TRP-20260604-0003876,39.64,wallet,settled,2026-06-04 09:06:58
PAY-20260604-0003878,TRP-20260604-0003878,11.50,mada,settled,2026-06-04 22:11:35
PAY-20260604-0003879,TRP-20260604-0003879,67.28,credit_card,settled,2026-06-04 07:51:00
PAY-20260604-0003880,TRP-20260604-0003880,18.40,mada,settled,2026-06-05 04:38:55
PAY-20260604-0003881,TRP-20260604-0003881,135.35,cash,settled,2026-06-04 15:30:05
PAY-20260604-0003882,TRP-20260604-0003882,15.34,mada,settled,2026-06-04 10:45:39
PAY-20260604-0003883,TRP-20260604-0003883,23.63,apple_pay,settled,2026-06-04 05:06:01
PAY-20260604-0003884,TRP-20260604-0003884,12.53,credit_card,settled,2026-06-04 04:52:43
PAY-20260604-0003885,TRP-20260604-0003885,69.91,wallet,settled,2026-06-04 09:58:12
PAY-20260604-0003886,TRP-20260604-0003886,27.83,credit_card,settled,2026-06-04 18:35:33
PAY-20260604-0003887,TRP-20260604-0003887,16.57,cash,settled,2026-06-04 13:10:56
PAY-20260604-0003888,TRP-20260604-0003888,31.66,mada,settled,2026-06-04 12:23:13
PAY-20260604-0003889,TRP-20260604-0003889,30.21,mada,settled,2026-06-05 00:24:02
PAY-20260604-0003890,TRP-20260604-0003890,36.06,cash,settled,2026-06-04 12:25:33
PAY-20260604-0003891,TRP-20260604-0003891,19.22,mada,settled,2026-06-04 18:05:34
PAY-20260604-0003892,TRP-20260604-0003892,85.70,mada,settled,2026-06-04 21:10:17
PAY-20260604-0003893,TRP-20260604-0003893,57.61,apple_pay,settled,2026-06-04 21:31:49
PAY-20260604-0003894,TRP-20260604-0003894,68.99,cash,settled,2026-06-04 16:04:01
PAY-20260604-0003895,TRP-20260604-0003895,15.03,stc_pay,settled,2026-06-04 23:04:39
PAY-20260604-0003896,TRP-20260604-0003896,16.27,mada,settled,2026-06-05 00:29:03
PAY-20260604-0003897,TRP-20260604-0003897,54.21,cash,settled,2026-06-04 15:39:43
PAY-20260604-0003898,TRP-20260604-0003898,18.95,apple_pay,settled,2026-06-04 18:55:30
PAY-20260604-0003899,TRP-20260604-0003899,11.93,apple_pay,settled,2026-06-04 09:19:04
PAY-20260604-0003900,TRP-20260604-0003900,23.86,mada,settled,2026-06-05 08:13:26
PAY-20260604-0003901,TRP-20260604-0003901,26.58,mada,settled,2026-06-04 04:58:57
PAY-20260604-0003902,TRP-20260604-0003902,18.35,stc_pay,settled,2026-06-04 07:43:57
PAY-20260604-0003903,TRP-20260604-0003903,18.20,credit_card,settled,2026-06-04 19:16:02
PAY-20260604-0003904,TRP-20260604-0003904,34.81,stc_pay,settled,2026-06-04 14:40:26
PAY-20260604-0003905,TRP-20260604-0003905,33.87,mada,settled,2026-06-04 19:48:45
PAY-20260604-0003906,TRP-20260604-0003906,10.00,apple_pay,settled,2026-06-04 11:09:13
PAY-20260604-0003907,TRP-20260604-0003907,146.45,mada,failed,2026-06-04 19:29:43
PAY-20260604-0003908,TRP-20260604-0003908,88.05,mada,settled,2026-06-05 02:06:20
PAY-20260604-0003909,TRP-20260604-0003909,191.99,credit_card,settled,2026-06-04 17:18:00
PAY-20260604-0003910,TRP-20260604-0003910,30.94,wallet,settled,2026-06-04 07:43:21
PAY-20260604-0003911,TRP-20260604-0003911,55.55,apple_pay,settled,2026-06-04 06:31:17
PAY-20260604-0003912,TRP-20260604-0003912,46.81,wallet,settled,2026-06-04 10:36:35
PAY-20260604-0003913,TRP-20260604-0003913,31.65,stc_pay,settled,2026-06-04 07:30:09
PAY-20260604-0003914,TRP-20260604-0003914,15.05,apple_pay,settled,2026-06-05 14:24:11
PAY-20260604-0003915,TRP-20260604-0003915,52.13,credit_card,settled,2026-06-04 07:04:20
PAY-20260604-0003916,TRP-20260604-0003916,55.94,credit_card,settled,2026-06-05 12:23:30
PAY-20260604-0003917,TRP-20260604-0003917,44.33,cash,settled,2026-06-04 05:33:15
PAY-20260604-0003918,TRP-20260604-0003918,27.19,cash,settled,2026-06-03 22:12:17
PAY-20260604-0003920,TRP-20260604-0003920,101.64,mada,settled,2026-06-04 20:38:32
PAY-20260604-0003921,TRP-20260604-0003921,39.92,credit_card,settled,2026-06-04 08:34:03
PAY-20260604-0003922,TRP-20260604-0003922,36.00,credit_card,settled,2026-06-05 13:15:17
PAY-20260604-0003923,TRP-20260604-0003923,23.43,stc_pay,settled,2026-06-04 18:42:21
PAY-20260604-0003924,TRP-20260604-0003924,23.26,apple_pay,settled,2026-06-04 06:29:37
PAY-20260604-0003925,TRP-20260604-0003925,34.30,cash,settled,2026-06-04 17:32:30
PAY-20260604-0003926,TRP-20260604-0003926,12.24,stc_pay,settled,2026-06-04 15:56:32
PAY-20260604-0003927,TRP-20260604-0003927,8.00,credit_card,settled,2026-06-04 23:32:25
PAY-20260604-0003928,TRP-20260604-0003928,82.45,mada,settled,2026-06-04 06:32:03
PAY-20260604-0003929,TRP-20260604-0003929,20.61,credit_card,settled,2026-06-04 23:51:52
PAY-20260604-0003930,TRP-20260604-0003930,80.87,mada,settled,2026-06-05 04:37:25
PAY-20260604-0003931,TRP-20260604-0003931,25.18,credit_card,settled,2026-06-04 15:43:05
PAY-20260604-0003932,TRP-20260604-0003932,25.81,wallet,settled,2026-06-04 18:26:35
PAY-20260604-0003933,TRP-20260604-0003933,28.27,mada,settled,2026-06-04 17:47:17
PAY-20260604-0003934,TRP-20260604-0003934,115.11,mada,settled,2026-06-05 09:29:07
PAY-20260604-0003935,TRP-20260604-0003935,14.83,apple_pay,settled,2026-06-05 12:40:08
PAY-20260604-0003936,TRP-20260604-0003936,10.00,mada,settled,2026-06-04 12:30:32
PAY-20260604-0003937,TRP-20260604-0003937,97.06,mada,settled,2026-06-04 10:07:56
PAY-20260604-0003938,TRP-20260604-0003938,199.26,apple_pay,settled,2026-06-04 18:31:05
PAY-20260604-0003939,TRP-20260604-0003939,18.49,stc_pay,settled,2026-06-04 01:40:44
PAY-20260604-0003940,TRP-20260604-0003940,33.90,mada,settled,2026-06-04 21:06:28
PAY-20260604-0003941,TRP-20260604-0003941,151.38,mada,settled,2026-06-04 10:31:19
PAY-20260604-0003942,TRP-20260604-0003942,13.17,cash,settled,2026-06-04 14:45:34
PAY-20260604-0003943,TRP-20260604-0003943,22.92,mada,settled,2026-06-04 09:15:45
PAY-20260604-0003944,TRP-20260604-0003944,59.95,mada,settled,2026-06-04 17:17:45
PAY-20260604-0003945,TRP-20260604-0003945,19.40,credit_card,settled,2026-06-04 08:18:42
PAY-20260604-0003946,TRP-20260604-0003946,134.20,credit_card,settled,2026-06-05 02:21:09
PAY-20260604-0003948,TRP-20260604-0003948,48.84,mada,settled,2026-06-04 05:01:39
PAY-20260604-0003949,TRP-20260604-0003949,10.00,cash,settled,2026-06-03 22:56:53
PAY-20260604-0003950,TRP-20260604-0003950,22.01,stc_pay,settled,2026-06-05 00:22:25
PAY-20260604-0003951,TRP-20260604-0003951,55.96,cash,settled,2026-06-04 11:38:00
PAY-20260604-0003952,TRP-20260604-0003952,10.00,mada,settled,2026-06-04 08:10:38
PAY-20260604-0003953,TRP-20260604-0003953,27.26,credit_card,settled,2026-06-04 07:52:03
PAY-20260604-0003954,TRP-20260604-0003954,48.21,mada,settled,2026-06-04 04:03:37
PAY-20260604-0003955,TRP-20260604-0003955,19.55,cash,settled,2026-06-04 17:50:08
PAY-20260604-0003956,TRP-20260604-0003956,12.92,mada,settled,2026-06-04 09:24:18
PAY-20260604-0003957,TRP-20260604-0003957,37.78,mada,settled,2026-06-04 14:44:33
PAY-20260604-0003958,TRP-20260604-0003958,35.77,stc_pay,settled,2026-06-04 13:07:15
PAY-20260604-0003959,TRP-20260604-0003959,68.04,mada,settled,2026-06-05 00:23:41
PAY-20260604-0003960,TRP-20260604-0003960,13.33,wallet,settled,2026-06-04 08:50:38
PAY-20260604-0003961,TRP-20260604-0003961,11.97,mada,settled,2026-06-05 13:43:57
PAY-20260604-0003962,TRP-20260604-0003962,41.30,mada,settled,2026-06-04 09:05:17
PAY-20260604-0003963,TRP-20260604-0003963,16.75,cash,settled,2026-06-04 16:50:25
PAY-20260604-0003964,TRP-20260604-0003964,35.57,credit_card,settled,2026-06-04 08:28:54
PAY-20260604-0003965,TRP-20260604-0003965,46.03,apple_pay,settled,2026-06-04 21:26:58
PAY-20260604-0003966,TRP-20260604-0003966,14.34,apple_pay,settled,2026-06-04 20:05:23
PAY-20260604-0003967,TRP-20260604-0003967,12.86,stc_pay,settled,2026-06-05 05:47:33
PAY-20260604-0003968,TRP-20260604-0003968,23.84,credit_card,settled,2026-06-04 20:11:14
PAY-20260604-0003969,TRP-20260604-0003969,19.87,mada,settled,2026-06-04 15:21:09
PAY-20260604-0003970,TRP-20260604-0003970,24.44,wallet,settled,2026-06-04 06:32:04
PAY-20260604-0003971,TRP-20260604-0003971,27.79,mada,settled,2026-06-04 18:47:42
PAY-20260604-0003972,TRP-20260604-0003972,94.65,cash,settled,2026-06-04 18:01:44
PAY-20260604-0003973,TRP-20260604-0003973,28.47,cash,settled,2026-06-03 23:56:50
PAY-20260604-0003974,TRP-20260604-0003974,19.51,apple_pay,settled,2026-06-04 08:53:24
PAY-20260604-0003975,TRP-20260604-0003975,6.00,mada,settled,2026-06-04 04:11:57
PAY-20260604-0003976,TRP-20260604-0003976,21.70,credit_card,settled,2026-06-04 20:39:19
PAY-20260604-0003977,TRP-20260604-0003977,42.35,cash,settled,2026-06-04 02:22:21
PAY-20260604-0003978,TRP-20260604-0003978,87.32,mada,settled,2026-06-05 03:40:20
PAY-20260604-0003979,TRP-20260604-0003979,15.00,cash,settled,2026-06-04 02:21:38
PAY-20260604-0003980,TRP-20260604-0003980,18.87,stc_pay,settled,2026-06-04 23:50:13
PAY-20260604-0003981,TRP-20260604-0003981,45.51,credit_card,settled,2026-06-04 20:54:11
PAY-20260604-0003982,TRP-20260604-0003982,49.07,mada,settled,2026-06-04 16:56:14
PAY-20260604-0003983,TRP-20260604-0003983,17.09,mada,settled,2026-06-04 06:59:14
PAY-20260604-0003984,TRP-20260604-0003984,50.18,mada,settled,2026-06-04 21:49:46
PAY-20260604-0003985,TRP-20260604-0003985,23.07,mada,settled,2026-06-04 17:23:37
PAY-20260604-0003986,TRP-20260604-0003986,25.68,stc_pay,settled,2026-06-04 16:05:26
PAY-20260604-0003987,TRP-20260604-0003987,125.91,mada,settled,2026-06-04 09:15:26
PAY-20260604-0003988,TRP-20260604-0003988,16.18,credit_card,settled,2026-06-04 20:29:11
PAY-20260604-0003989,TRP-20260604-0003989,33.23,mada,settled,2026-06-04 20:56:03
PAY-20260604-0003990,TRP-20260604-0003990,18.02,wallet,settled,2026-06-04 15:26:39
PAY-20260604-0003991,TRP-20260604-0003991,88.16,cash,settled,2026-06-04 18:21:16
PAY-20260604-0003992,TRP-20260604-0003992,64.69,cash,settled,2026-06-04 06:27:16
PAY-20260604-0003993,TRP-20260604-0003993,34.80,credit_card,settled,2026-06-03 21:51:36
PAY-20260604-0003994,TRP-20260604-0003994,6.00,mada,settled,2026-06-04 04:23:32
PAY-20260604-0003995,TRP-20260604-0003995,28.72,mada,settled,2026-06-04 15:48:29
PAY-20260604-0003996,TRP-20260604-0003996,15.31,mada,settled,2026-06-04 12:19:54
PAY-20260604-0003997,TRP-20260604-0003997,24.57,stc_pay,settled,2026-06-04 13:12:03
PAY-20260604-0003998,TRP-20260604-0003998,24.87,mada,settled,2026-06-04 11:31:14
PAY-20260604-0003999,TRP-20260604-0003999,63.88,apple_pay,pending,2026-06-04 06:42:33
PAY-20260604-0004000,TRP-20260604-0004000,44.90,stc_pay,settled,2026-06-04 18:49:39
PAY-20260604-0004001,TRP-20260604-0004001,12.00,mada,settled,2026-06-03 23:36:52
PAY-20260604-0004002,TRP-20260604-0004002,21.19,mada,settled,2026-06-04 12:58:08
PAY-20260604-0004003,TRP-20260604-0004003,56.99,apple_pay,settled,2026-06-04 11:41:54
PAY-20260604-0004004,TRP-20260604-0004004,104.10,mada,settled,2026-06-05 01:55:34
PAY-20260604-0004005,TRP-20260604-0004005,19.53,credit_card,settled,2026-06-04 15:56:36
PAY-20260604-0004006,TRP-20260604-0004006,12.36,mada,settled,2026-06-05 03:32:11
PAY-20260604-0004007,TRP-20260604-0004007,38.94,cash,settled,2026-06-04 15:11:15
PAY-20260604-0004008,TRP-20260604-0004008,18.39,mada,settled,2026-06-05 00:09:25
PAY-20260604-0004009,TRP-20260604-0004009,8.00,mada,settled,2026-06-04 16:37:39
PAY-20260604-0004010,TRP-20260604-0004010,37.43,mada,settled,2026-06-04 16:52:49
PAY-20260604-0004011,TRP-20260604-0004011,22.45,mada,settled,2026-06-05 05:39:55
PAY-20260604-0004012,TRP-20260604-0004012,25.47,stc_pay,settled,2026-06-04 19:25:42
PAY-20260604-0004013,TRP-20260604-0004013,107.19,cash,settled,2026-06-04 15:17:44
PAY-20260604-0004014,TRP-20260604-0004014,15.14,credit_card,settled,2026-06-04 19:16:16
PAY-20260604-0004015,TRP-20260604-0004015,27.89,stc_pay,settled,2026-06-04 18:30:10
PAY-20260604-0004016,TRP-20260604-0004016,23.71,credit_card,settled,2026-06-03 21:43:32
PAY-20260604-0004017,TRP-20260604-0004017,51.94,credit_card,settled,2026-06-04 18:02:31
PAY-20260604-0004018,TRP-20260604-0004018,48.82,apple_pay,settled,2026-06-03 21:40:08
PAY-20260604-0004019,TRP-20260604-0004019,20.82,credit_card,settled,2026-06-04 19:36:58
PAY-20260604-0004020,TRP-20260604-0004020,41.54,stc_pay,settled,2026-06-04 18:01:45
PAY-20260604-0004021,TRP-20260604-0004021,58.07,credit_card,pending,2026-06-04 20:13:18
PAY-20260604-0004022,TRP-20260604-0004022,33.16,stc_pay,settled,2026-06-05 09:32:07
PAY-20260604-0004023,TRP-20260604-0004023,78.83,apple_pay,settled,2026-06-04 17:56:35
PAY-20260604-0004025,TRP-20260604-0004025,40.19,credit_card,settled,2026-06-05 01:11:13
PAY-20260604-0004026,TRP-20260604-0004026,13.09,cash,settled,2026-06-04 07:12:35
PAY-20260604-0004027,TRP-20260604-0004027,19.99,cash,settled,2026-06-04 16:49:13
PAY-20260604-0004028,TRP-20260604-0004028,36.12,mada,settled,2026-06-04 15:39:34
PAY-20260604-0004029,TRP-20260604-0004029,31.62,credit_card,settled,2026-06-05 07:48:20
PAY-20260604-0004030,TRP-20260604-0004030,13.26,cash,settled,2026-06-04 05:14:23
PAY-20260604-0004031,TRP-20260604-0004031,45.82,stc_pay,settled,2026-06-05 20:20:45
PAY-20260604-0004032,TRP-20260604-0004032,26.54,stc_pay,settled,2026-06-04 18:52:34
PAY-20260604-0004033,TRP-20260604-0004033,53.19,credit_card,settled,2026-06-04 07:28:26
PAY-20260604-0004034,TRP-20260604-0004034,20.40,apple_pay,settled,2026-06-04 06:43:46
PAY-20260604-0004035,TRP-20260604-0004035,29.09,mada,settled,2026-06-04 11:30:44
PAY-20260604-0004036,TRP-20260604-0004036,28.06,mada,settled,2026-06-05 12:57:47
PAY-20260604-0004037,TRP-20260604-0004037,8.00,mada,settled,2026-06-04 16:02:13
PAY-20260604-0004038,TRP-20260604-0004038,14.05,cash,settled,2026-06-04 12:15:37
PAY-20260604-0004039,TRP-20260604-0004039,33.99,mada,settled,2026-06-04 18:27:10
PAY-20260604-0004040,TRP-20260604-0004040,248.02,mada,settled,2026-06-04 19:16:12
PAY-20260604-0004041,TRP-20260604-0004041,22.07,apple_pay,settled,2026-06-04 16:31:42
PAY-20260604-0004042,TRP-20260604-0004042,20.85,mada,settled,2026-06-04 11:41:41
PAY-20260604-0004043,TRP-20260604-0004043,52.52,credit_card,settled,2026-06-05 01:38:58
PAY-20260604-0004044,TRP-20260604-0004044,56.39,mada,settled,2026-06-05 01:46:30
PAY-20260604-0004045,TRP-20260604-0004045,18.10,mada,settled,2026-06-04 09:24:18
PAY-20260604-0004046,TRP-20260604-0004046,45.88,mada,settled,2026-06-04 23:13:00
PAY-20260604-0004047,TRP-20260604-0004047,35.26,credit_card,settled,2026-06-04 21:39:10
PAY-20260604-0004048,TRP-20260604-0004048,78.41,mada,settled,2026-06-04 08:47:06
PAY-20260604-0004049,TRP-20260604-0004049,40.75,cash,settled,2026-06-04 16:36:08
PAY-20260604-0004050,TRP-20260604-0004050,30.62,credit_card,settled,2026-06-04 17:21:03
PAY-20260604-0004051,TRP-20260604-0004051,14.05,apple_pay,settled,2026-06-04 12:51:27
PAY-20260604-0004052,TRP-20260604-0004052,33.36,stc_pay,settled,2026-06-05 03:33:27
PAY-20260604-0004054,TRP-20260604-0004054,31.35,stc_pay,settled,2026-06-04 17:06:15
PAY-20260604-0004055,TRP-20260604-0004055,41.56,credit_card,settled,2026-06-04 08:49:54
PAY-20260604-0004057,TRP-20260604-0004057,18.45,cash,settled,2026-06-03 21:24:59
PAY-20260604-0004058,TRP-20260604-0004058,13.91,mada,settled,2026-06-04 16:02:01
PAY-20260604-0004059,TRP-20260604-0004059,15.05,mada,pending,2026-06-04 11:50:38
PAY-20260604-0004060,TRP-20260604-0004060,15.55,mada,settled,2026-06-04 11:53:33
PAY-20260604-0004061,TRP-20260604-0004061,53.32,cash,settled,2026-06-04 19:43:49
PAY-20260604-0004062,TRP-20260604-0004062,70.05,stc_pay,settled,2026-06-04 15:50:43
PAY-20260604-0004063,TRP-20260604-0004063,22.00,mada,settled,2026-06-04 14:24:26
PAY-20260604-0004064,TRP-20260604-0004064,34.80,mada,settled,2026-06-04 16:06:43
PAY-20260604-0004065,TRP-20260604-0004065,106.82,credit_card,settled,2026-06-04 13:17:24
PAY-20260604-0004066,TRP-20260604-0004066,37.77,apple_pay,settled,2026-06-05 07:09:06
PAY-20260604-0004067,TRP-20260604-0004067,21.66,cash,settled,2026-06-03 21:36:17
PAY-20260604-0004068,TRP-20260604-0004068,16.84,mada,settled,2026-06-05 01:08:36
PAY-20260604-0004069,TRP-20260604-0004069,20.72,mada,settled,2026-06-05 08:56:48
PAY-20260604-0004070,TRP-20260604-0004070,10.00,mada,settled,2026-06-04 10:16:49
PAY-20260604-0004071,TRP-20260604-0004071,18.11,mada,pending,2026-06-04 09:05:46
PAY-20260604-0004072,TRP-20260604-0004072,15.15,stc_pay,settled,2026-06-04 14:14:50
PAY-20260604-0004073,TRP-20260604-0004073,11.56,mada,settled,2026-06-04 09:05:40
PAY-20260604-0004074,TRP-20260604-0004074,123.05,credit_card,settled,2026-06-04 21:01:35
PAY-20260604-0004075,TRP-20260604-0004075,17.57,mada,settled,2026-06-04 05:40:18
PAY-20260604-0004076,TRP-20260604-0004076,12.20,credit_card,settled,2026-06-04 20:07:29
PAY-20260604-0004077,TRP-20260604-0004077,19.78,wallet,settled,2026-06-05 07:46:09
PAY-20260604-0004078,TRP-20260604-0004078,14.99,mada,settled,2026-06-05 06:39:02
PAY-20260604-0004079,TRP-20260604-0004079,149.48,stc_pay,settled,2026-06-04 17:31:29
PAY-20260604-0004080,TRP-20260604-0004080,63.83,mada,settled,2026-06-04 18:22:40
PAY-20260604-0004081,TRP-20260604-0004081,47.19,mada,failed,2026-06-04 17:10:41
PAY-20260604-0004082,TRP-20260604-0004082,33.04,cash,settled,2026-06-04 16:01:25
PAY-20260604-0004083,TRP-20260604-0004083,20.39,cash,settled,2026-06-04 17:01:45
PAY-20260604-0004084,TRP-20260604-0004084,16.64,mada,settled,2026-06-04 15:47:05
PAY-20260604-0004085,TRP-20260604-0004085,31.26,stc_pay,settled,2026-06-04 16:56:10
PAY-20260604-0004086,TRP-20260604-0004086,15.08,stc_pay,settled,2026-06-04 23:54:10
PAY-20260604-0004087,TRP-20260604-0004087,33.00,mada,settled,2026-06-04 07:50:15
PAY-20260604-0004088,TRP-20260604-0004088,23.55,mada,settled,2026-06-04 06:18:28
PAY-20260604-0004089,TRP-20260604-0004089,17.51,credit_card,settled,2026-06-04 09:02:41
PAY-20260604-0004090,TRP-20260604-0004090,139.03,mada,settled,2026-06-04 18:08:38
PAY-20260604-0004091,TRP-20260604-0004091,27.19,mada,settled,2026-06-04 08:01:09
PAY-20260604-0004092,TRP-20260604-0004092,35.69,apple_pay,settled,2026-06-04 17:28:07
PAY-20260604-0004093,TRP-20260604-0004093,18.80,stc_pay,settled,2026-06-04 05:04:08
PAY-20260604-0004094,TRP-20260604-0004094,38.51,stc_pay,settled,2026-06-04 07:09:30
PAY-20260604-0004095,TRP-20260604-0004095,70.46,apple_pay,settled,2026-06-05 01:09:27
PAY-20260604-0004096,TRP-20260604-0004096,23.92,stc_pay,settled,2026-06-04 10:01:56
PAY-20260604-0004097,TRP-20260604-0004097,68.71,apple_pay,settled,2026-06-04 16:58:49
PAY-20260604-0004098,TRP-20260604-0004098,92.29,credit_card,settled,2026-06-04 17:48:35
PAY-20260604-0004099,TRP-20260604-0004099,57.59,credit_card,settled,2026-06-04 06:00:38
PAY-20260604-0004100,TRP-20260604-0004100,119.19,mada,settled,2026-06-04 14:05:36
PAY-20260604-0004101,TRP-20260604-0004101,11.21,credit_card,settled,2026-06-04 12:42:23
PAY-20260604-0004102,TRP-20260604-0004102,11.75,credit_card,settled,2026-06-04 20:58:07
PAY-20260604-0004103,TRP-20260604-0004103,19.99,wallet,settled,2026-06-04 10:38:44
PAY-20260604-0004104,TRP-20260604-0004104,47.69,credit_card,settled,2026-06-04 06:21:11
PAY-20260604-0004105,TRP-20260604-0004105,21.81,wallet,settled,2026-06-05 14:03:55
PAY-20260604-0004106,TRP-20260604-0004106,20.91,mada,settled,2026-06-04 14:07:01
PAY-20260604-0004107,TRP-20260604-0004107,13.17,mada,pending,2026-06-05 13:55:14
PAY-20260604-0004108,TRP-20260604-0004108,59.11,cash,settled,2026-06-04 16:14:56
PAY-20260604-0004109,TRP-20260604-0004109,29.73,cash,settled,2026-06-04 16:53:57
PAY-20260604-0004110,TRP-20260604-0004110,25.89,credit_card,settled,2026-06-05 10:15:43
PAY-20260604-0004111,TRP-20260604-0004111,42.90,mada,settled,2026-06-04 09:48:57
PAY-20260604-0004112,TRP-20260604-0004112,19.84,stc_pay,settled,2026-06-04 09:08:57
PAY-20260604-0004113,TRP-20260604-0004113,19.99,credit_card,settled,2026-06-04 18:04:36
PAY-20260604-0004114,TRP-20260604-0004114,18.28,credit_card,settled,2026-06-04 05:19:50
PAY-20260604-0004115,TRP-20260604-0004115,16.78,mada,settled,2026-06-05 00:29:05
PAY-20260604-0004116,TRP-20260604-0004116,29.94,mada,pending,2026-06-04 21:44:30
PAY-20260604-0004118,TRP-20260604-0004118,26.09,apple_pay,settled,2026-06-05 04:47:22
PAY-20260604-0004119,TRP-20260604-0004119,17.28,credit_card,failed,2026-06-04 06:05:56
PAY-20260604-0004120,TRP-20260604-0004120,82.25,credit_card,settled,2026-06-04 16:59:27
PAY-20260604-0004121,TRP-20260604-0004121,54.19,credit_card,settled,2026-06-03 23:18:57
PAY-20260604-0004122,TRP-20260604-0004122,95.88,mada,settled,2026-06-04 14:59:33
PAY-20260604-0004123,TRP-20260604-0004123,46.16,cash,settled,2026-06-03 22:34:41
PAY-20260604-0004124,TRP-20260604-0004124,68.43,stc_pay,settled,2026-06-04 15:42:04
PAY-20260604-0004125,TRP-20260604-0004125,30.46,cash,settled,2026-06-04 16:13:21
PAY-20260604-0004126,TRP-20260604-0004126,28.36,wallet,settled,2026-06-04 15:24:15
PAY-20260604-0004127,TRP-20260604-0004127,90.60,mada,settled,2026-06-04 06:26:35
PAY-20260604-0004128,TRP-20260604-0004128,22.37,wallet,settled,2026-06-04 16:08:44
PAY-20260604-0004129,TRP-20260604-0004129,27.55,mada,settled,2026-06-04 17:41:46
PAY-20260604-0004130,TRP-20260604-0004130,17.59,mada,settled,2026-06-04 20:31:04
PAY-20260604-0004131,TRP-20260604-0004131,88.08,mada,settled,2026-06-04 17:09:48
PAY-20260604-0004132,TRP-20260604-0004132,10.18,mada,settled,2026-06-04 12:37:31
PAY-20260604-0004133,TRP-20260604-0004133,30.38,mada,settled,2026-06-05 18:23:17
PAY-20260604-0004134,TRP-20260604-0004134,42.94,apple_pay,settled,2026-06-05 21:13:56
PAY-20260604-0004135,TRP-20260604-0004135,96.81,cash,settled,2026-06-04 13:18:43
PAY-20260604-0004136,TRP-20260604-0004136,14.53,apple_pay,pending,2026-06-04 09:15:56
PAY-20260604-0004137,TRP-20260604-0004137,66.36,mada,settled,2026-06-04 18:58:43
PAY-20260604-0004138,TRP-20260604-0004138,11.65,apple_pay,settled,2026-06-04 13:32:44
PAY-20260604-0004139,TRP-20260604-0004139,47.59,mada,settled,2026-06-04 16:57:59
PAY-20260604-0004140,TRP-20260604-0004140,92.53,mada,settled,2026-06-04 17:17:44
PAY-20260604-0004141,TRP-20260604-0004141,83.05,credit_card,settled,2026-06-05 02:29:49
PAY-20260604-0004142,TRP-20260604-0004142,16.03,mada,settled,2026-06-05 00:06:32
PAY-20260604-0004143,TRP-20260604-0004143,25.09,credit_card,settled,2026-06-04 07:54:31
PAY-20260604-0004144,TRP-20260604-0004144,33.80,credit_card,settled,2026-06-05 19:38:09
PAY-20260604-0004145,TRP-20260604-0004145,12.54,mada,settled,2026-06-04 13:02:55
PAY-20260604-0004146,TRP-20260604-0004146,30.63,stc_pay,settled,2026-06-04 02:11:23
PAY-20260604-0004147,TRP-20260604-0004147,40.98,apple_pay,settled,2026-06-04 15:36:33
PAY-20260604-0004148,TRP-20260604-0004148,25.92,cash,settled,2026-06-04 11:07:35
PAY-20260604-0004149,TRP-20260604-0004149,12.12,cash,settled,2026-06-04 07:25:29
PAY-20260604-0004151,TRP-20260604-0004151,58.31,mada,settled,2026-06-04 15:48:02
PAY-20260604-0004152,TRP-20260604-0004152,49.12,mada,settled,2026-06-05 04:44:38
PAY-20260604-0004153,TRP-20260604-0004153,43.90,apple_pay,settled,2026-06-05 10:21:50
PAY-20260604-0004154,TRP-20260604-0004154,15.36,apple_pay,settled,2026-06-04 08:49:11
PAY-20260604-0004155,TRP-20260604-0004155,24.16,apple_pay,settled,2026-06-04 06:07:06
PAY-20260604-0004156,TRP-20260604-0004156,12.00,cash,settled,2026-06-04 09:10:56
PAY-20260604-0004157,TRP-20260604-0004157,43.74,credit_card,settled,2026-06-04 20:54:33
PAY-20260604-0004158,TRP-20260604-0004158,58.01,stc_pay,settled,2026-06-04 07:27:57
PAY-20260604-0004159,TRP-20260604-0004159,25.40,credit_card,settled,2026-06-04 04:20:44
PAY-20260604-0004160,TRP-20260604-0004160,27.25,wallet,settled,2026-06-04 12:27:32
PAY-20260604-0004161,TRP-20260604-0004161,15.09,stc_pay,settled,2026-06-04 08:16:31
PAY-20260604-0004162,TRP-20260604-0004162,69.64,mada,settled,2026-06-04 05:54:41
PAY-20260604-0004163,TRP-20260604-0004163,17.40,mada,settled,2026-06-04 06:23:14
PAY-20260604-0004164,TRP-20260604-0004164,8.00,cash,settled,2026-06-04 10:55:14
PAY-20260604-0004165,TRP-20260604-0004165,105.86,credit_card,settled,2026-06-05 05:55:45
PAY-20260604-0004166,TRP-20260604-0004166,33.98,credit_card,failed,2026-06-05 05:42:43
PAY-20260604-0004167,TRP-20260604-0004167,17.38,credit_card,pending,2026-06-04 07:46:10
PAY-20260604-0004168,TRP-20260604-0004168,50.53,mada,settled,2026-06-04 09:35:24
PAY-20260604-0004169,TRP-20260604-0004169,13.21,wallet,settled,2026-06-04 18:12:51
PAY-20260604-0004170,TRP-20260604-0004170,58.22,mada,settled,2026-06-05 02:39:12
PAY-20260604-0004171,TRP-20260604-0004171,17.70,credit_card,settled,2026-06-04 10:54:38
PAY-20260604-0004172,TRP-20260604-0004172,27.07,credit_card,settled,2026-06-05 09:19:37
PAY-20260604-0004173,TRP-20260604-0004173,60.12,cash,settled,2026-06-04 14:17:13
PAY-20260604-0004174,TRP-20260604-0004174,43.13,cash,settled,2026-06-04 05:18:31
PAY-20260604-0004175,TRP-20260604-0004175,26.70,mada,settled,2026-06-04 18:17:34
PAY-20260604-0004176,TRP-20260604-0004176,39.15,credit_card,settled,2026-06-04 05:36:43
PAY-20260604-0004177,TRP-20260604-0004177,20.33,mada,settled,2026-06-05 11:44:22
PAY-20260604-0004178,TRP-20260604-0004178,21.32,credit_card,settled,2026-06-05 08:48:53
PAY-20260604-0004179,TRP-20260604-0004179,101.26,stc_pay,settled,2026-06-04 19:36:50
PAY-20260604-0004180,TRP-20260604-0004180,88.02,stc_pay,settled,2026-06-04 16:10:17
PAY-20260604-0004181,TRP-20260604-0004181,34.21,apple_pay,settled,2026-06-03 22:12:48
PAY-20260604-0004182,TRP-20260604-0004182,35.66,mada,settled,2026-06-04 15:42:35
PAY-20260604-0004183,TRP-20260604-0004183,93.77,apple_pay,settled,2026-06-04 17:18:10
PAY-20260604-0004184,TRP-20260604-0004184,12.00,apple_pay,settled,2026-06-05 21:34:40
PAY-20260604-0004185,TRP-20260604-0004185,29.32,apple_pay,settled,2026-06-05 06:09:04
PAY-20260604-0004186,TRP-20260604-0004186,13.20,credit_card,settled,2026-06-04 20:04:32
PAY-20260604-0004187,TRP-20260604-0004187,81.50,mada,settled,2026-06-04 16:50:31
PAY-20260604-0004188,TRP-20260604-0004188,53.35,credit_card,settled,2026-06-04 17:40:09
PAY-20260604-0004189,TRP-20260604-0004189,16.37,wallet,settled,2026-06-04 19:53:12
PAY-20260604-0004190,TRP-20260604-0004190,26.78,mada,settled,2026-06-04 11:44:29
PAY-20260604-0004191,TRP-20260604-0004191,11.00,wallet,settled,2026-06-04 19:45:54
PAY-20260604-0004192,TRP-20260604-0004192,27.27,mada,settled,2026-06-04 05:45:18
PAY-20260604-0004193,TRP-20260604-0004193,21.97,mada,settled,2026-06-04 06:40:02
PAY-20260604-0004194,TRP-20260604-0004194,13.20,cash,settled,2026-06-04 12:16:03
PAY-20260604-0004195,TRP-20260604-0004195,23.82,apple_pay,settled,2026-06-04 17:14:39
PAY-20260604-0004196,TRP-20260604-0004196,48.39,credit_card,settled,2026-06-04 15:11:28
PAY-20260604-0004198,TRP-20260604-0004198,135.82,wallet,settled,2026-06-04 08:26:50
PAY-20260604-0004199,TRP-20260604-0004199,17.11,stc_pay,settled,2026-06-04 04:31:02
PAY-20260604-0004200,TRP-20260604-0004200,41.59,credit_card,settled,2026-06-04 20:58:20
PAY-20260604-0004201,TRP-20260604-0004201,29.21,stc_pay,settled,2026-06-04 14:19:10
PAY-20260604-0004202,TRP-20260604-0004202,18.20,cash,settled,2026-06-04 12:39:54
PAY-20260604-0004203,TRP-20260604-0004203,17.14,mada,settled,2026-06-04 17:45:41
PAY-20260604-0004204,TRP-20260604-0004204,82.76,credit_card,settled,2026-06-04 18:55:42
PAY-20260604-0004205,TRP-20260604-0004205,16.63,credit_card,settled,2026-06-04 05:01:54
PAY-20260604-0004206,TRP-20260604-0004206,12.00,apple_pay,settled,2026-06-04 18:09:09
PAY-20260604-0004207,TRP-20260604-0004207,56.52,mada,pending,2026-06-04 16:54:39
PAY-20260604-0004208,TRP-20260604-0004208,23.24,mada,settled,2026-06-04 11:09:37
PAY-20260604-0004209,TRP-20260604-0004209,87.65,credit_card,settled,2026-06-05 00:59:23
PAY-20260604-0004210,TRP-20260604-0004210,23.93,mada,settled,2026-06-04 16:54:37
PAY-20260604-0004211,TRP-20260604-0004211,22.78,mada,settled,2026-06-04 13:41:41
PAY-20260604-0004212,TRP-20260604-0004212,26.66,apple_pay,settled,2026-06-04 05:41:27
PAY-20260604-0004214,TRP-20260604-0004214,33.33,mada,settled,2026-06-04 22:46:21
PAY-20260604-0004215,TRP-20260604-0004215,13.75,credit_card,settled,2026-06-05 10:58:15
PAY-20260604-0004216,TRP-20260604-0004216,130.21,mada,settled,2026-06-05 04:01:34
PAY-20260604-0004217,TRP-20260604-0004217,20.97,apple_pay,settled,2026-06-05 07:06:10
PAY-20260604-0004218,TRP-20260604-0004218,53.02,stc_pay,settled,2026-06-04 07:45:54
PAY-20260604-0004219,TRP-20260604-0004219,43.91,mada,settled,2026-06-04 19:06:51
PAY-20260604-0004220,TRP-20260604-0004220,18.82,cash,settled,2026-06-04 20:04:14
PAY-20260604-0004221,TRP-20260604-0004221,48.52,mada,settled,2026-06-04 05:39:22
PAY-20260604-0004222,TRP-20260604-0004222,53.68,cash,settled,2026-06-04 05:40:01
PAY-20260604-0004223,TRP-20260604-0004223,32.49,stc_pay,settled,2026-06-04 16:48:00
PAY-20260604-0004224,TRP-20260604-0004224,32.10,mada,settled,2026-06-04 22:08:03
PAY-20260604-0004225,TRP-20260604-0004225,37.04,credit_card,settled,2026-06-03 21:42:29
PAY-20260604-0004226,TRP-20260604-0004226,22.63,mada,settled,2026-06-04 13:41:56
PAY-20260604-0004227,TRP-20260604-0004227,13.09,mada,settled,2026-06-04 22:02:31
PAY-20260604-0004228,TRP-20260604-0004228,30.78,mada,settled,2026-06-05 13:34:52
PAY-20260604-0004229,TRP-20260604-0004229,15.18,apple_pay,settled,2026-06-05 13:02:42
PAY-20260604-0004230,TRP-20260604-0004230,20.10,apple_pay,settled,2026-06-05 04:02:10
PAY-20260604-0004231,TRP-20260604-0004231,19.30,credit_card,settled,2026-06-04 20:28:49
PAY-20260604-0004232,TRP-20260604-0004232,14.85,stc_pay,settled,2026-06-04 19:42:19
PAY-20260604-0004233,TRP-20260604-0004233,55.06,mada,settled,2026-06-04 08:23:42
PAY-20260604-0004234,TRP-20260604-0004234,36.15,cash,settled,2026-06-04 17:10:41
PAY-20260604-0004235,TRP-20260604-0004235,10.00,credit_card,settled,2026-06-04 18:39:45
PAY-20260604-0004236,TRP-20260604-0004236,85.07,mada,settled,2026-06-05 08:02:27
PAY-20260604-0004237,TRP-20260604-0004237,29.78,cash,settled,2026-06-04 10:45:17
PAY-20260604-0004238,TRP-20260604-0004238,137.02,stc_pay,settled,2026-06-05 00:03:12
PAY-20260604-0004240,TRP-20260604-0004240,12.00,credit_card,settled,2026-06-04 12:44:32
PAY-20260604-0004241,TRP-20260604-0004241,20.49,credit_card,settled,2026-06-04 20:47:11
PAY-20260604-0004242,TRP-20260604-0004242,17.36,credit_card,settled,2026-06-05 08:49:22
PAY-20260604-0004243,TRP-20260604-0004243,17.61,stc_pay,settled,2026-06-04 12:42:12
PAY-20260604-0004244,TRP-20260604-0004244,74.03,cash,settled,2026-06-04 05:56:06
PAY-20260604-0004245,TRP-20260604-0004245,77.92,mada,pending,2026-06-04 13:20:41
PAY-20260604-0004246,TRP-20260604-0004246,29.29,stc_pay,settled,2026-06-04 16:28:31
PAY-20260604-0004247,TRP-20260604-0004247,16.09,credit_card,settled,2026-06-04 10:19:23
PAY-20260604-0004248,TRP-20260604-0004248,27.38,credit_card,settled,2026-06-04 06:08:36
PAY-20260604-0004249,TRP-20260604-0004249,10.00,apple_pay,settled,2026-06-04 14:40:49
PAY-20260604-0004250,TRP-20260604-0004250,32.48,apple_pay,settled,2026-06-04 12:45:28
PAY-20260604-0004251,TRP-20260604-0004251,87.44,apple_pay,settled,2026-06-04 16:22:06
PAY-20260604-0004252,TRP-20260604-0004252,27.45,credit_card,settled,2026-06-04 13:09:14
PAY-20260604-0004253,TRP-20260604-0004253,12.79,mada,settled,2026-06-04 03:09:11
PAY-20260604-0004254,TRP-20260604-0004254,89.91,wallet,settled,2026-06-05 12:18:14
PAY-20260604-0004255,TRP-20260604-0004255,17.64,mada,settled,2026-06-04 10:35:25
PAY-20260604-0004256,TRP-20260604-0004256,15.41,apple_pay,settled,2026-06-04 20:18:18
PAY-20260604-0004257,TRP-20260604-0004257,29.01,mada,settled,2026-06-05 06:28:51
PAY-20260604-0004258,TRP-20260604-0004258,231.52,mada,settled,2026-06-04 17:11:21
PAY-20260604-0004259,TRP-20260604-0004259,16.95,apple_pay,settled,2026-06-04 16:25:40
PAY-20260604-0004260,TRP-20260604-0004260,73.97,stc_pay,settled,2026-06-04 22:05:37
PAY-20260604-0004261,TRP-20260604-0004261,49.89,cash,settled,2026-06-04 18:37:20
PAY-20260604-0004262,TRP-20260604-0004262,19.09,mada,settled,2026-06-04 09:44:54
PAY-20260604-0004263,TRP-20260604-0004263,36.01,credit_card,settled,2026-06-04 14:15:18
PAY-20260604-0004264,TRP-20260604-0004264,16.60,cash,settled,2026-06-04 10:59:56
PAY-20260604-0004265,TRP-20260604-0004265,25.74,mada,settled,2026-06-04 22:17:43
PAY-20260604-0004266,TRP-20260604-0004266,72.21,cash,settled,2026-06-04 16:01:40
PAY-20260604-0004267,TRP-20260604-0004267,97.78,credit_card,settled,2026-06-04 17:50:13
PAY-20260604-0004268,TRP-20260604-0004268,24.21,mada,settled,2026-06-05 09:47:46
PAY-20260604-0004269,TRP-20260604-0004269,41.19,mada,settled,2026-06-04 12:52:29
PAY-20260604-0004270,TRP-20260604-0004270,19.64,mada,settled,2026-06-03 23:02:21
PAY-20260604-0004271,TRP-20260604-0004271,10.54,credit_card,settled,2026-06-04 20:16:59
PAY-20260604-0004272,TRP-20260604-0004272,18.39,credit_card,settled,2026-06-05 04:04:52
PAY-20260604-0004273,TRP-20260604-0004273,32.88,cash,settled,2026-06-04 07:28:35
PAY-20260604-0004274,TRP-20260604-0004274,112.16,cash,settled,2026-06-04 11:11:22
PAY-20260604-0004275,TRP-20260604-0004275,47.11,mada,settled,2026-06-05 01:00:11
PAY-20260604-0004276,TRP-20260604-0004276,11.53,mada,settled,2026-06-04 12:10:23
PAY-20260604-0004277,TRP-20260604-0004277,101.98,credit_card,settled,2026-06-04 07:13:35
PAY-20260604-0004278,TRP-20260604-0004278,39.66,credit_card,settled,2026-06-04 03:34:04
PAY-20260604-0004279,TRP-20260604-0004279,38.47,apple_pay,settled,2026-06-04 16:05:12
PAY-20260604-0004280,TRP-20260604-0004280,156.55,mada,settled,2026-06-04 15:34:15
PAY-20260604-0004281,TRP-20260604-0004281,45.82,mada,settled,2026-06-04 19:27:48
PAY-20260604-0004282,TRP-20260604-0004282,16.59,cash,settled,2026-06-04 18:39:14
PAY-20260604-0004283,TRP-20260604-0004283,33.35,mada,settled,2026-06-04 06:14:46
PAY-20260604-0004284,TRP-20260604-0004284,59.97,wallet,settled,2026-06-04 09:18:08
PAY-20260604-0004285,TRP-20260604-0004285,24.96,credit_card,settled,2026-06-05 13:01:35
PAY-20260604-0004286,TRP-20260604-0004286,14.78,apple_pay,settled,2026-06-04 15:22:22
PAY-20260604-0004287,TRP-20260604-0004287,18.42,apple_pay,settled,2026-06-04 15:20:46
PAY-20260604-0004288,TRP-20260604-0004288,50.41,credit_card,settled,2026-06-04 06:15:51
PAY-20260604-0004289,TRP-20260604-0004289,13.16,stc_pay,settled,2026-06-05 04:20:54
PAY-20260604-0004290,TRP-20260604-0004290,16.81,mada,settled,2026-06-05 13:26:51
PAY-20260604-0004291,TRP-20260604-0004291,12.02,mada,settled,2026-06-04 10:52:07
PAY-20260604-0004292,TRP-20260604-0004292,20.99,wallet,settled,2026-06-04 17:57:39
PAY-20260604-0004293,TRP-20260604-0004293,112.97,mada,settled,2026-06-04 07:53:01
PAY-20260604-0004294,TRP-20260604-0004294,89.45,wallet,settled,2026-06-04 06:17:05
PAY-20260604-0004295,TRP-20260604-0004295,19.70,mada,settled,2026-06-04 19:32:26
PAY-20260604-0004296,TRP-20260604-0004296,33.11,mada,settled,2026-06-04 06:10:32
PAY-20260604-0004298,TRP-20260604-0004298,19.62,apple_pay,settled,2026-06-04 12:17:45
PAY-20260604-0004299,TRP-20260604-0004299,13.97,mada,settled,2026-06-04 18:47:35
PAY-20260604-0004300,TRP-20260604-0004300,19.24,cash,settled,2026-06-04 15:29:48
PAY-20260604-0004301,TRP-20260604-0004301,10.85,cash,settled,2026-06-04 20:16:07
PAY-20260604-0004302,TRP-20260604-0004302,33.28,mada,settled,2026-06-05 04:06:03
PAY-20260604-0004303,TRP-20260604-0004303,8.00,mada,settled,2026-06-04 16:26:58
PAY-20260604-0004304,TRP-20260604-0004304,131.85,apple_pay,settled,2026-06-04 20:15:02
PAY-20260604-0004305,TRP-20260604-0004305,20.37,mada,settled,2026-06-05 10:06:03
PAY-20260604-0004306,TRP-20260604-0004306,58.95,cash,settled,2026-06-04 05:41:21
PAY-20260604-0004307,TRP-20260604-0004307,63.73,mada,settled,2026-06-04 02:53:49
PAY-20260604-0004309,TRP-20260604-0004309,59.28,cash,settled,2026-06-04 14:22:03
PAY-20260604-0004310,TRP-20260604-0004310,77.22,cash,settled,2026-06-04 16:47:59
PAY-20260604-0004312,TRP-20260604-0004312,26.64,stc_pay,settled,2026-06-04 15:27:32
PAY-20260604-0004313,TRP-20260604-0004313,18.75,cash,settled,2026-06-03 21:56:10
PAY-20260604-0004314,TRP-20260604-0004314,37.29,stc_pay,settled,2026-06-04 22:13:20
PAY-20260604-0004315,TRP-20260604-0004315,24.68,mada,failed,2026-06-04 18:15:33
PAY-20260604-0004317,TRP-20260604-0004317,32.31,stc_pay,settled,2026-06-04 17:37:12
PAY-20260604-0004318,TRP-20260604-0004318,25.69,credit_card,settled,2026-06-04 05:11:44
PAY-20260604-0004319,TRP-20260604-0004319,40.82,stc_pay,settled,2026-06-04 19:53:41
PAY-20260604-0004320,TRP-20260604-0004320,8.00,stc_pay,settled,2026-06-05 02:14:24
PAY-20260604-0004321,TRP-20260604-0004321,78.19,mada,settled,2026-06-04 05:50:55
PAY-20260604-0004322,TRP-20260604-0004322,96.32,credit_card,settled,2026-06-04 16:30:54
PAY-20260604-0004323,TRP-20260604-0004323,42.37,stc_pay,settled,2026-06-04 09:24:00
PAY-20260604-0004324,TRP-20260604-0004324,13.90,apple_pay,settled,2026-06-04 08:57:36
PAY-20260604-0004325,TRP-20260604-0004325,20.22,wallet,settled,2026-06-04 15:10:26
PAY-20260604-0004326,TRP-20260604-0004326,15.78,mada,settled,2026-06-04 01:32:20
PAY-20260604-0004327,TRP-20260604-0004327,45.31,credit_card,settled,2026-06-05 08:12:46
PAY-20260604-0004328,TRP-20260604-0004328,54.80,mada,settled,2026-06-04 14:50:17
PAY-20260604-0004329,TRP-20260604-0004329,30.21,credit_card,settled,2026-06-05 03:27:25
PAY-20260604-0004330,TRP-20260604-0004330,28.82,credit_card,settled,2026-06-05 08:44:04
PAY-20260604-0004331,TRP-20260604-0004331,65.74,stc_pay,settled,2026-06-04 23:49:53
PAY-20260604-0004332,TRP-20260604-0004332,16.28,stc_pay,settled,2026-06-05 01:31:51
PAY-20260604-0004333,TRP-20260604-0004333,62.46,mada,settled,2026-06-04 23:30:22
PAY-20260604-0004334,TRP-20260604-0004334,68.28,mada,settled,2026-06-04 15:46:06
PAY-20260604-0004336,TRP-20260604-0004336,14.36,stc_pay,settled,2026-06-04 06:27:15
PAY-20260604-0004337,TRP-20260604-0004337,19.85,mada,settled,2026-06-04 17:42:28
PAY-20260604-0004339,TRP-20260604-0004339,14.55,mada,settled,2026-06-04 19:30:19
PAY-20260604-0004340,TRP-20260604-0004340,28.89,mada,settled,2026-06-04 06:18:23
PAY-20260604-0004341,TRP-20260604-0004341,21.15,cash,settled,2026-06-04 10:10:15
PAY-20260604-0004343,TRP-20260604-0004343,23.25,credit_card,settled,2026-06-04 11:48:57
PAY-20260604-0004344,TRP-20260604-0004344,55.70,wallet,settled,2026-06-04 14:58:57
PAY-20260604-0004345,TRP-20260604-0004345,41.56,cash,settled,2026-06-04 05:36:20
PAY-20260604-0004346,TRP-20260604-0004346,61.83,cash,settled,2026-06-04 18:31:28
PAY-20260604-0004347,TRP-20260604-0004347,30.20,mada,settled,2026-06-04 16:55:57
PAY-20260604-0004348,TRP-20260604-0004348,15.01,cash,settled,2026-06-04 11:26:01
PAY-20260604-0004349,TRP-20260604-0004349,53.29,cash,settled,2026-06-04 08:08:22
PAY-20260604-0004350,TRP-20260604-0004350,122.54,mada,settled,2026-06-04 19:15:26
PAY-20260604-0004351,TRP-20260604-0004351,23.66,stc_pay,settled,2026-06-04 08:29:29
PAY-20260604-0004352,TRP-20260604-0004352,50.91,credit_card,settled,2026-06-04 04:36:32
PAY-20260604-0004353,TRP-20260604-0004353,23.36,mada,settled,2026-06-04 05:43:31
PAY-20260604-0004354,TRP-20260604-0004354,28.63,cash,settled,2026-06-04 10:18:45
PAY-20260604-0004355,TRP-20260604-0004355,23.64,cash,settled,2026-06-04 13:34:03
PAY-20260604-0004356,TRP-20260604-0004356,18.84,credit_card,settled,2026-06-05 14:00:52
PAY-20260604-0004357,TRP-20260604-0004357,92.72,apple_pay,settled,2026-06-04 13:02:53
PAY-20260604-0004358,TRP-20260604-0004358,33.28,credit_card,settled,2026-06-04 19:10:03
PAY-20260604-0004359,TRP-20260604-0004359,63.03,stc_pay,settled,2026-06-05 06:04:46
PAY-20260604-0004360,TRP-20260604-0004360,11.00,mada,failed,2026-06-04 11:54:02
PAY-20260604-0004361,TRP-20260604-0004361,20.77,mada,settled,2026-06-05 04:42:52
PAY-20260604-0004362,TRP-20260604-0004362,11.95,stc_pay,failed,2026-06-04 06:14:19
PAY-20260604-0004364,TRP-20260604-0004364,50.26,mada,settled,2026-06-04 06:17:53
PAY-20260604-0004365,TRP-20260604-0004365,49.51,cash,settled,2026-06-04 06:21:36
PAY-20260604-0004366,TRP-20260604-0004366,69.36,stc_pay,settled,2026-06-04 10:23:17
PAY-20260604-0004367,TRP-20260604-0004367,17.27,stc_pay,settled,2026-06-05 05:29:04
PAY-20260604-0004368,TRP-20260604-0004368,66.13,cash,settled,2026-06-04 15:37:34
PAY-20260604-0004369,TRP-20260604-0004369,52.46,mada,settled,2026-06-05 04:39:03
PAY-20260604-0004370,TRP-20260604-0004370,95.06,stc_pay,settled,2026-06-04 09:46:27
PAY-20260604-0004371,TRP-20260604-0004371,25.36,cash,settled,2026-06-04 14:47:41
PAY-20260604-0004372,TRP-20260604-0004372,86.84,wallet,settled,2026-06-04 15:36:44
PAY-20260604-0004373,TRP-20260604-0004373,14.95,credit_card,settled,2026-06-04 07:58:35
PAY-20260604-0004374,TRP-20260604-0004374,19.35,wallet,settled,2026-06-04 11:00:56
PAY-20260604-0004375,TRP-20260604-0004375,20.08,wallet,settled,2026-06-05 14:21:32
PAY-20260604-0004376,TRP-20260604-0004376,30.42,credit_card,settled,2026-06-04 09:39:00
PAY-20260604-0004377,TRP-20260604-0004377,26.35,credit_card,settled,2026-06-05 09:18:28
PAY-20260604-0004378,TRP-20260604-0004378,17.99,wallet,settled,2026-06-04 18:32:00
PAY-20260604-0004379,TRP-20260604-0004379,11.00,wallet,settled,2026-06-04 06:00:37
PAY-20260604-0004380,TRP-20260604-0004380,55.57,cash,settled,2026-06-04 10:06:54
PAY-20260604-0004381,TRP-20260604-0004381,93.86,mada,settled,2026-06-05 09:30:55
PAY-20260604-0004382,TRP-20260604-0004382,15.97,credit_card,settled,2026-06-05 12:35:36
PAY-20260604-0004383,TRP-20260604-0004383,8.00,credit_card,settled,2026-06-04 12:30:31
PAY-20260604-0004384,TRP-20260604-0004384,15.45,apple_pay,settled,2026-06-05 08:43:26
PAY-20260604-0004385,TRP-20260604-0004385,71.91,credit_card,settled,2026-06-05 07:24:59
PAY-20260604-0004386,TRP-20260604-0004386,11.00,mada,settled,2026-06-05 10:29:53
PAY-20260604-0004387,TRP-20260604-0004387,21.21,mada,settled,2026-06-04 04:43:59
PAY-20260604-0004388,TRP-20260604-0004388,14.65,cash,settled,2026-06-04 11:24:31
PAY-20260604-0004389,TRP-20260604-0004389,43.27,credit_card,settled,2026-06-05 10:09:52
PAY-20260604-0004390,TRP-20260604-0004390,55.54,mada,settled,2026-06-04 16:28:25
PAY-20260604-0004391,TRP-20260604-0004391,12.00,cash,settled,2026-06-04 13:01:43
PAY-20260604-0004392,TRP-20260604-0004392,32.32,credit_card,settled,2026-06-05 00:13:32
PAY-20260604-0004393,TRP-20260604-0004393,14.90,stc_pay,settled,2026-06-04 17:32:54
PAY-20260604-0004394,TRP-20260604-0004394,11.94,mada,settled,2026-06-04 13:22:39
PAY-20260604-0004395,TRP-20260604-0004395,12.80,stc_pay,settled,2026-06-04 01:35:42
PAY-20260604-0004396,TRP-20260604-0004396,59.64,credit_card,settled,2026-06-04 14:13:08
PAY-20260604-0004397,TRP-20260604-0004397,30.31,mada,settled,2026-06-04 23:03:56
PAY-20260604-0004398,TRP-20260604-0004398,31.74,cash,settled,2026-06-04 16:38:15
PAY-20260604-0004399,TRP-20260604-0004399,34.71,cash,settled,2026-06-04 15:00:55
PAY-20260604-0004401,TRP-20260604-0004401,25.25,mada,settled,2026-06-04 14:57:47
PAY-20260604-0004402,TRP-20260604-0004402,22.31,apple_pay,settled,2026-06-04 11:44:53
PAY-20260604-0004403,TRP-20260604-0004403,24.95,stc_pay,settled,2026-06-04 12:27:33
PAY-20260604-0004404,TRP-20260604-0004404,25.27,mada,settled,2026-06-04 05:56:49
PAY-20260604-0004405,TRP-20260604-0004405,107.41,mada,settled,2026-06-04 06:08:22
PAY-20260604-0004407,TRP-20260604-0004407,22.93,mada,settled,2026-06-04 15:35:44
PAY-20260604-0004408,TRP-20260604-0004408,26.47,stc_pay,settled,2026-06-04 11:29:54
PAY-20260604-0004409,TRP-20260604-0004409,55.59,mada,settled,2026-06-04 11:49:33
PAY-20260604-0004410,TRP-20260604-0004410,166.75,mada,pending,2026-06-04 06:30:53
PAY-20260604-0004411,TRP-20260604-0004411,44.87,mada,settled,2026-06-04 20:00:24
PAY-20260604-0004412,TRP-20260604-0004412,20.68,cash,settled,2026-06-04 06:02:19
PAY-20260604-0004413,TRP-20260604-0004413,60.81,mada,settled,2026-06-04 18:23:04
PAY-20260604-0004414,TRP-20260604-0004414,179.90,apple_pay,settled,2026-06-04 16:54:26
PAY-20260604-0004415,TRP-20260604-0004415,34.14,credit_card,settled,2026-06-04 20:01:33
PAY-20260604-0004416,TRP-20260604-0004416,18.76,cash,settled,2026-06-04 14:57:04
PAY-20260604-0004417,TRP-20260604-0004417,28.57,mada,settled,2026-06-04 16:57:38
PAY-20260604-0004418,TRP-20260604-0004418,6.00,mada,settled,2026-06-05 04:02:44
PAY-20260604-0004419,TRP-20260604-0004419,23.93,apple_pay,settled,2026-06-04 17:18:26
PAY-20260604-0004420,TRP-20260604-0004420,43.18,credit_card,settled,2026-06-04 15:51:19
PAY-20260604-0004421,TRP-20260604-0004421,15.35,credit_card,settled,2026-06-04 09:22:47
PAY-20260604-0004422,TRP-20260604-0004422,19.59,credit_card,settled,2026-06-04 19:01:34
PAY-20260604-0004423,TRP-20260604-0004423,28.50,mada,pending,2026-06-05 21:05:36
PAY-20260604-0004424,TRP-20260604-0004424,80.24,credit_card,settled,2026-06-05 02:26:44
PAY-20260604-0004425,TRP-20260604-0004425,11.90,stc_pay,settled,2026-06-04 03:45:50
PAY-20260604-0004426,TRP-20260604-0004426,49.50,credit_card,settled,2026-06-04 13:06:02
PAY-20260604-0004427,TRP-20260604-0004427,97.01,mada,settled,2026-06-05 02:00:32
PAY-20260604-0004428,TRP-20260604-0004428,41.36,cash,settled,2026-06-04 08:14:32
PAY-20260604-0004429,TRP-20260604-0004429,22.76,apple_pay,settled,2026-06-05 02:05:34
PAY-20260604-0004430,TRP-20260604-0004430,26.05,stc_pay,settled,2026-06-05 12:05:21
PAY-20260604-0004431,TRP-20260604-0004431,16.73,mada,settled,2026-06-04 18:13:54
PAY-20260604-0004432,TRP-20260604-0004432,124.12,mada,pending,2026-06-04 18:33:36
PAY-20260604-0004433,TRP-20260604-0004433,140.01,mada,settled,2026-06-04 20:10:46
PAY-20260604-0004434,TRP-20260604-0004434,28.17,cash,settled,2026-06-04 11:50:00
PAY-20260604-0004435,TRP-20260604-0004435,14.31,cash,settled,2026-06-04 03:01:54
PAY-20260604-0004436,TRP-20260604-0004436,19.55,credit_card,settled,2026-06-05 14:56:33
PAY-20260604-0004437,TRP-20260604-0004437,157.25,credit_card,settled,2026-06-04 17:06:19
PAY-20260604-0004438,TRP-20260604-0004438,23.97,stc_pay,settled,2026-06-04 16:03:33
PAY-20260604-0004439,TRP-20260604-0004439,24.09,apple_pay,settled,2026-06-05 04:58:19
PAY-20260604-0004440,TRP-20260604-0004440,60.91,credit_card,settled,2026-06-05 05:46:29
PAY-20260604-0004441,TRP-20260604-0004441,15.80,apple_pay,settled,2026-06-05 20:00:09
PAY-20260604-0004442,TRP-20260604-0004442,35.37,mada,settled,2026-06-04 10:52:02
PAY-20260604-0004443,TRP-20260604-0004443,17.32,credit_card,settled,2026-06-04 12:09:17
PAY-20260604-0004444,TRP-20260604-0004444,11.00,wallet,settled,2026-06-04 06:43:37
PAY-20260604-0004445,TRP-20260604-0004445,67.60,apple_pay,settled,2026-06-04 11:19:47
PAY-20260604-0004447,TRP-20260604-0004447,15.18,stc_pay,settled,2026-06-04 19:22:40
PAY-20260604-0004448,TRP-20260604-0004448,28.58,stc_pay,settled,2026-06-05 03:39:54
PAY-20260604-0004449,TRP-20260604-0004449,10.17,mada,settled,2026-06-04 02:25:50
PAY-20260604-0004450,TRP-20260604-0004450,130.19,mada,settled,2026-06-04 15:44:59
PAY-20260604-0004451,TRP-20260604-0004451,61.50,credit_card,settled,2026-06-05 05:41:33
PAY-20260604-0004452,TRP-20260604-0004452,39.50,stc_pay,settled,2026-06-04 23:34:04
PAY-20260604-0004453,TRP-20260604-0004453,22.02,mada,settled,2026-06-05 11:12:55
PAY-20260604-0004454,TRP-20260604-0004454,124.82,mada,settled,2026-06-04 06:37:28
PAY-20260604-0004455,TRP-20260604-0004455,74.55,cash,settled,2026-06-04 16:31:26
PAY-20260604-0004456,TRP-20260604-0004456,91.19,cash,settled,2026-06-04 02:52:44
PAY-20260604-0004457,TRP-20260604-0004457,29.02,credit_card,settled,2026-06-04 13:49:39
PAY-20260604-0004458,TRP-20260604-0004458,20.99,apple_pay,settled,2026-06-04 05:49:03
PAY-20260604-0004459,TRP-20260604-0004459,15.24,credit_card,settled,2026-06-04 19:18:28
PAY-20260604-0004460,TRP-20260604-0004460,13.99,credit_card,settled,2026-06-04 19:33:56
PAY-20260604-0004461,TRP-20260604-0004461,73.00,stc_pay,settled,2026-06-04 16:04:17
PAY-20260604-0004462,TRP-20260604-0004462,43.72,stc_pay,settled,2026-06-04 06:12:54
PAY-20260604-0004463,TRP-20260604-0004463,35.93,cash,settled,2026-06-04 19:50:12
PAY-20260604-0004464,TRP-20260604-0004464,21.34,cash,settled,2026-06-04 18:10:10
PAY-20260604-0004465,TRP-20260604-0004465,13.16,mada,settled,2026-06-04 09:24:50
PAY-20260604-0004466,TRP-20260604-0004466,16.80,apple_pay,settled,2026-06-05 03:19:44
PAY-20260604-0004467,TRP-20260604-0004467,16.82,stc_pay,settled,2026-06-04 05:47:24
PAY-20260604-0004468,TRP-20260604-0004468,19.23,mada,settled,2026-06-04 06:29:25
PAY-20260604-0004469,TRP-20260604-0004469,23.17,cash,settled,2026-06-04 09:29:18
PAY-20260604-0004470,TRP-20260604-0004470,12.00,credit_card,settled,2026-06-05 06:49:29
PAY-20260604-0004471,TRP-20260604-0004471,34.28,apple_pay,settled,2026-06-04 15:51:56
PAY-20260604-0004472,TRP-20260604-0004472,15.76,stc_pay,settled,2026-06-04 05:45:50
PAY-20260604-0004473,TRP-20260604-0004473,34.47,cash,settled,2026-06-04 12:16:10
PAY-20260604-0004474,TRP-20260604-0004474,86.18,mada,settled,2026-06-04 03:53:24
PAY-20260604-0004475,TRP-20260604-0004475,12.46,credit_card,settled,2026-06-04 10:47:32
PAY-20260604-0004476,TRP-20260604-0004476,29.60,mada,settled,2026-06-04 19:29:56
PAY-20260604-0004477,TRP-20260604-0004477,20.74,mada,settled,2026-06-05 08:23:55
PAY-20260604-0004478,TRP-20260604-0004478,77.38,wallet,settled,2026-06-04 15:42:21
PAY-20260604-0004479,TRP-20260604-0004479,13.38,wallet,settled,2026-06-04 13:56:05
PAY-20260604-0004480,TRP-20260604-0004480,24.57,mada,settled,2026-06-04 12:34:21
PAY-20260604-0004481,TRP-20260604-0004481,23.16,mada,settled,2026-06-04 20:01:13
PAY-20260604-0004482,TRP-20260604-0004482,55.33,mada,settled,2026-06-04 16:12:49
PAY-20260604-0004483,TRP-20260604-0004483,56.29,mada,settled,2026-06-05 03:10:09
PAY-20260604-0004484,TRP-20260604-0004484,47.74,mada,settled,2026-06-04 21:32:00
PAY-20260604-0004485,TRP-20260604-0004485,10.00,mada,settled,2026-06-04 10:53:22
PAY-20260604-0004486,TRP-20260604-0004486,20.83,cash,settled,2026-06-04 05:47:24
PAY-20260604-0004487,TRP-20260604-0004487,39.92,stc_pay,settled,2026-06-04 17:19:33
PAY-20260604-0004488,TRP-20260604-0004488,21.42,apple_pay,settled,2026-06-04 05:01:27
PAY-20260604-0004489,TRP-20260604-0004489,63.72,cash,settled,2026-06-04 11:14:13
PAY-20260604-0004491,TRP-20260604-0004491,40.05,mada,settled,2026-06-04 08:39:10
PAY-20260604-0004492,TRP-20260604-0004492,37.59,mada,settled,2026-06-04 12:43:57
PAY-20260604-0004493,TRP-20260604-0004493,12.00,stc_pay,settled,2026-06-04 03:13:10
PAY-20260604-0004494,TRP-20260604-0004494,21.58,stc_pay,settled,2026-06-04 17:06:47
PAY-20260604-0004495,TRP-20260604-0004495,92.37,wallet,settled,2026-06-04 05:42:23
PAY-20260604-0004496,TRP-20260604-0004496,12.00,mada,settled,2026-06-04 12:15:25
PAY-20260604-0004497,TRP-20260604-0004497,36.24,mada,settled,2026-06-04 04:40:53
PAY-20260604-0004498,TRP-20260604-0004498,61.44,mada,settled,2026-06-04 20:02:52
PAY-20260604-0004499,TRP-20260604-0004499,13.81,credit_card,settled,2026-06-04 06:46:53
PAY-20260604-0004500,TRP-20260604-0004500,17.87,mada,settled,2026-06-05 05:14:46
PAY-20260604-0004501,TRP-20260604-0004501,78.36,credit_card,settled,2026-06-05 01:31:59
PAY-20260604-0004502,TRP-20260604-0004502,35.84,credit_card,settled,2026-06-04 15:57:22
PAY-20260604-0004503,TRP-20260604-0004503,11.64,cash,settled,2026-06-04 00:25:10
PAY-20260604-0004504,TRP-20260604-0004504,86.27,credit_card,settled,2026-06-04 17:45:04
PAY-20260604-0004505,TRP-20260604-0004505,54.52,credit_card,settled,2026-06-04 20:27:20
PAY-20260604-0004506,TRP-20260604-0004506,33.23,mada,settled,2026-06-04 14:06:55
PAY-20260604-0004507,TRP-20260604-0004507,23.70,mada,settled,2026-06-05 04:32:20
PAY-20260604-0004508,TRP-20260604-0004508,43.68,credit_card,settled,2026-06-04 15:47:15
PAY-20260604-0004509,TRP-20260604-0004509,30.89,wallet,settled,2026-06-04 15:42:11
PAY-20260604-0004510,TRP-20260604-0004510,24.95,cash,settled,2026-06-04 08:31:42
PAY-20260604-0004511,TRP-20260604-0004511,91.93,mada,settled,2026-06-04 18:23:24
PAY-20260604-0004512,TRP-20260604-0004512,20.06,cash,settled,2026-06-04 13:39:14
PAY-20260604-0004513,TRP-20260604-0004513,56.93,apple_pay,settled,2026-06-04 21:27:05
PAY-20260604-0004514,TRP-20260604-0004514,36.02,cash,settled,2026-06-04 08:23:50
PAY-20260604-0004515,TRP-20260604-0004515,65.00,stc_pay,settled,2026-06-04 15:31:53
PAY-20260604-0004516,TRP-20260604-0004516,10.59,credit_card,settled,2026-06-04 19:33:53
PAY-20260604-0004517,TRP-20260604-0004517,63.84,mada,settled,2026-06-05 05:39:20
PAY-20260604-0004518,TRP-20260604-0004518,19.71,wallet,settled,2026-06-04 07:55:29
PAY-20260604-0004519,TRP-20260604-0004519,17.98,stc_pay,settled,2026-06-04 08:08:21
PAY-20260604-0004520,TRP-20260604-0004520,64.42,cash,settled,2026-06-04 14:02:33
PAY-20260604-0004521,TRP-20260604-0004521,29.87,mada,settled,2026-06-04 15:34:05
PAY-20260604-0004522,TRP-20260604-0004522,33.45,wallet,settled,2026-06-05 14:01:20
PAY-20260604-0004523,TRP-20260604-0004523,98.49,credit_card,settled,2026-06-04 13:33:38
PAY-20260604-0004524,TRP-20260604-0004524,15.59,apple_pay,settled,2026-06-04 17:40:07
PAY-20260604-0004525,TRP-20260604-0004525,21.23,credit_card,settled,2026-06-05 09:43:10
PAY-20260604-0004526,TRP-20260604-0004526,10.00,apple_pay,settled,2026-06-04 19:04:43
PAY-20260604-0004528,TRP-20260604-0004528,64.18,mada,settled,2026-06-05 13:45:49
PAY-20260604-0004529,TRP-20260604-0004529,126.39,cash,settled,2026-06-04 20:05:38
PAY-20260604-0004530,TRP-20260604-0004530,96.12,credit_card,settled,2026-06-04 08:33:49
PAY-20260604-0004531,TRP-20260604-0004531,30.07,cash,settled,2026-06-04 16:14:04
PAY-20260604-0004532,TRP-20260604-0004532,28.91,apple_pay,settled,2026-06-04 08:11:16
PAY-20260604-0004533,TRP-20260604-0004533,73.35,cash,settled,2026-06-04 16:20:30
PAY-20260604-0004534,TRP-20260604-0004534,35.53,apple_pay,settled,2026-06-04 19:09:13
PAY-20260604-0004535,TRP-20260604-0004535,20.04,cash,settled,2026-06-04 10:14:11
PAY-20260604-0004536,TRP-20260604-0004536,15.77,credit_card,settled,2026-06-04 11:06:44
PAY-20260604-0004537,TRP-20260604-0004537,60.58,mada,settled,2026-06-04 18:16:24
PAY-20260604-0004538,TRP-20260604-0004538,24.43,credit_card,settled,2026-06-04 16:59:54
PAY-20260604-0004539,TRP-20260604-0004539,29.01,wallet,settled,2026-06-04 13:29:31
PAY-20260604-0004540,TRP-20260604-0004540,23.44,stc_pay,settled,2026-06-04 18:45:22
PAY-20260604-0004541,TRP-20260604-0004541,65.28,credit_card,settled,2026-06-04 20:15:15
PAY-20260604-0004542,TRP-20260604-0004542,24.84,stc_pay,settled,2026-06-04 21:59:01
PAY-20260604-0004543,TRP-20260604-0004543,29.17,wallet,settled,2026-06-04 21:33:52
PAY-20260604-0004544,TRP-20260604-0004544,159.17,mada,settled,2026-06-05 06:08:33
PAY-20260604-0004545,TRP-20260604-0004545,39.63,wallet,settled,2026-06-04 22:46:12
PAY-20260604-0004546,TRP-20260604-0004546,43.67,stc_pay,settled,2026-06-04 16:32:45
PAY-20260604-0004547,TRP-20260604-0004547,19.67,mada,settled,2026-06-04 19:19:17
PAY-20260604-0004548,TRP-20260604-0004548,38.78,wallet,settled,2026-06-04 06:01:37
PAY-20260604-0004549,TRP-20260604-0004549,30.07,apple_pay,settled,2026-06-05 07:40:09
PAY-20260604-0004550,TRP-20260604-0004550,22.01,apple_pay,settled,2026-06-04 20:30:26
PAY-20260604-0004551,TRP-20260604-0004551,33.02,mada,settled,2026-06-05 04:27:37
PAY-20260604-0004552,TRP-20260604-0004552,6.00,mada,settled,2026-06-04 08:10:44
PAY-20260604-0004553,TRP-20260604-0004553,60.77,mada,settled,2026-06-05 05:55:45
PAY-20260604-0004554,TRP-20260604-0004554,41.18,stc_pay,settled,2026-06-05 18:12:03
PAY-20260604-0004555,TRP-20260604-0004555,22.11,apple_pay,settled,2026-06-04 10:03:08
PAY-20260604-0004556,TRP-20260604-0004556,25.73,apple_pay,settled,2026-06-04 13:36:47
PAY-20260604-0004557,TRP-20260604-0004557,45.20,mada,settled,2026-06-04 07:54:15
PAY-20260604-0004558,TRP-20260604-0004558,122.34,cash,settled,2026-06-04 11:57:06
PAY-20260604-0004559,TRP-20260604-0004559,17.47,mada,settled,2026-06-05 12:50:36
PAY-20260604-0004560,TRP-20260604-0004560,44.14,credit_card,settled,2026-06-05 01:34:55
PAY-20260604-0004561,TRP-20260604-0004561,80.50,wallet,settled,2026-06-04 17:01:45
PAY-20260604-0004562,TRP-20260604-0004562,15.75,stc_pay,settled,2026-06-04 09:23:24
PAY-20260604-0004563,TRP-20260604-0004563,50.91,stc_pay,settled,2026-06-05 09:39:01
PAY-20260604-0004564,TRP-20260604-0004564,12.00,mada,settled,2026-06-05 00:21:25
PAY-20260604-0004565,TRP-20260604-0004565,50.97,wallet,settled,2026-06-04 07:34:13
PAY-20260604-0004566,TRP-20260604-0004566,24.73,cash,settled,2026-06-04 08:04:43
PAY-20260604-0004567,TRP-20260604-0004567,87.48,credit_card,settled,2026-06-04 08:17:30
PAY-20260604-0004568,TRP-20260604-0004568,6.00,wallet,settled,2026-06-04 16:09:10
PAY-20260604-0004569,TRP-20260604-0004569,12.49,apple_pay,settled,2026-06-03 21:20:44
PAY-20260604-0004570,TRP-20260604-0004570,25.17,credit_card,settled,2026-06-04 13:13:44
PAY-20260604-0004571,TRP-20260604-0004571,24.16,stc_pay,settled,2026-06-04 16:30:12
PAY-20260604-0004572,TRP-20260604-0004572,40.51,stc_pay,settled,2026-06-04 08:16:48
PAY-20260604-0004573,TRP-20260604-0004573,18.48,mada,settled,2026-06-05 00:13:57
PAY-20260604-0004574,TRP-20260604-0004574,17.78,mada,settled,2026-06-04 22:50:59
PAY-20260604-0004575,TRP-20260604-0004575,17.47,stc_pay,settled,2026-06-04 16:36:07
PAY-20260604-0004576,TRP-20260604-0004576,21.62,apple_pay,settled,2026-06-05 03:11:52
PAY-20260604-0004577,TRP-20260604-0004577,44.69,credit_card,settled,2026-06-05 05:12:40
PAY-20260604-0004578,TRP-20260604-0004578,13.28,mada,failed,2026-06-04 19:56:04
PAY-20260604-0004579,TRP-20260604-0004579,23.12,cash,settled,2026-06-04 20:23:37
PAY-20260604-0004580,TRP-20260604-0004580,21.69,apple_pay,settled,2026-06-04 18:12:30
PAY-20260604-0004581,TRP-20260604-0004581,41.55,mada,settled,2026-06-04 17:08:58
PAY-20260604-0004582,TRP-20260604-0004582,30.04,apple_pay,settled,2026-06-04 19:48:01
PAY-20260604-0004583,TRP-20260604-0004583,31.86,cash,settled,2026-06-04 06:21:30
PAY-20260604-0004584,TRP-20260604-0004584,16.84,cash,settled,2026-06-04 11:38:25
PAY-20260604-0004585,TRP-20260604-0004585,28.04,mada,settled,2026-06-04 22:25:50
PAY-20260604-0004586,TRP-20260604-0004586,127.87,apple_pay,settled,2026-06-04 20:34:51
PAY-20260604-0004587,TRP-20260604-0004587,73.93,credit_card,settled,2026-06-04 06:01:26
PAY-20260604-0004588,TRP-20260604-0004588,24.44,cash,settled,2026-06-04 06:49:46
PAY-20260604-0004589,TRP-20260604-0004589,11.40,mada,settled,2026-06-04 14:13:47
PAY-20260604-0004590,TRP-20260604-0004590,65.29,stc_pay,settled,2026-06-04 22:48:19
PAY-20260604-0004591,TRP-20260604-0004591,32.39,apple_pay,settled,2026-06-04 18:38:38
PAY-20260604-0004592,TRP-20260604-0004592,36.20,cash,settled,2026-06-04 19:08:22
PAY-20260604-0004593,TRP-20260604-0004593,16.28,wallet,settled,2026-06-04 08:24:02
PAY-20260604-0004594,TRP-20260604-0004594,18.06,apple_pay,settled,2026-06-04 12:57:08
PAY-20260604-0004595,TRP-20260604-0004595,13.20,mada,settled,2026-06-05 04:22:43
PAY-20260604-0004596,TRP-20260604-0004596,23.99,mada,settled,2026-06-04 04:39:07
PAY-20260604-0004597,TRP-20260604-0004597,30.20,mada,settled,2026-06-04 07:25:39
PAY-20260604-0004598,TRP-20260604-0004598,64.21,credit_card,settled,2026-06-04 17:32:08
PAY-20260604-0004599,TRP-20260604-0004599,162.07,mada,settled,2026-06-04 16:39:23
PAY-20260604-0004600,TRP-20260604-0004600,54.40,credit_card,settled,2026-06-04 10:16:12
PAY-20260604-0004601,TRP-20260604-0004601,172.10,cash,settled,2026-06-04 07:19:20
PAY-20260604-0004602,TRP-20260604-0004602,13.63,mada,settled,2026-06-04 13:15:11
PAY-20260604-0004603,TRP-20260604-0004603,15.29,wallet,settled,2026-06-04 10:30:30
PAY-20260604-0004604,TRP-20260604-0004604,25.36,mada,settled,2026-06-04 12:18:25
PAY-20260604-0004605,TRP-20260604-0004605,20.25,cash,settled,2026-06-04 09:13:25
PAY-20260604-0004606,TRP-20260604-0004606,28.82,apple_pay,settled,2026-06-04 07:12:27
PAY-20260604-0004607,TRP-20260604-0004607,18.05,apple_pay,settled,2026-06-04 10:20:01
PAY-20260604-0004608,TRP-20260604-0004608,14.63,credit_card,settled,2026-06-04 08:24:05
PAY-20260604-0004609,TRP-20260604-0004609,21.74,mada,settled,2026-06-04 11:24:25
PAY-20260604-0004610,TRP-20260604-0004610,32.44,wallet,settled,2026-06-04 07:55:54
PAY-20260604-0004611,TRP-20260604-0004611,76.66,stc_pay,settled,2026-06-04 14:05:47
PAY-20260604-0004612,TRP-20260604-0004612,69.71,wallet,settled,2026-06-04 13:58:31
PAY-20260604-0004613,TRP-20260604-0004613,14.23,mada,settled,2026-06-05 09:07:03
PAY-20260604-0004614,TRP-20260604-0004614,30.09,mada,settled,2026-06-04 17:08:18
PAY-20260604-0004615,TRP-20260604-0004615,89.12,mada,settled,2026-06-04 07:09:53
PAY-20260604-0004616,TRP-20260604-0004616,48.33,wallet,settled,2026-06-05 11:20:40
PAY-20260604-0004617,TRP-20260604-0004617,17.98,mada,refunded,2026-06-04 11:04:50
PAY-20260604-0004618,TRP-20260604-0004618,54.99,wallet,settled,2026-06-04 01:43:05
PAY-20260604-0004619,TRP-20260604-0004619,137.22,apple_pay,settled,2026-06-04 17:57:24
PAY-20260604-0004620,TRP-20260604-0004620,47.34,credit_card,settled,2026-06-04 17:51:14
PAY-20260604-0004621,TRP-20260604-0004621,56.93,mada,settled,2026-06-04 05:08:01
PAY-20260604-0004622,TRP-20260604-0004622,30.64,stc_pay,settled,2026-06-05 19:48:48
PAY-20260604-0004623,TRP-20260604-0004623,79.48,mada,pending,2026-06-04 17:02:29
PAY-20260604-0004624,TRP-20260604-0004624,40.45,credit_card,settled,2026-06-04 17:20:32
PAY-20260604-0004625,TRP-20260604-0004625,122.04,stc_pay,settled,2026-06-05 00:23:42
PAY-20260604-0004626,TRP-20260604-0004626,103.85,apple_pay,settled,2026-06-04 06:18:41
PAY-20260604-0004627,TRP-20260604-0004627,11.68,mada,settled,2026-06-04 08:20:35
PAY-20260604-0004628,TRP-20260604-0004628,15.60,mada,settled,2026-06-04 07:02:59
PAY-20260604-0004629,TRP-20260604-0004629,12.97,cash,settled,2026-06-03 23:16:30
PAY-20260604-0004630,TRP-20260604-0004630,14.34,credit_card,settled,2026-06-04 21:16:25
PAY-20260604-0004631,TRP-20260604-0004631,18.76,apple_pay,settled,2026-06-04 17:23:35
PAY-20260604-0004632,TRP-20260604-0004632,130.08,cash,settled,2026-06-04 10:03:40
PAY-20260604-0004633,TRP-20260604-0004633,29.36,wallet,settled,2026-06-05 16:39:24
PAY-20260604-0004634,TRP-20260604-0004634,27.66,mada,settled,2026-06-05 06:41:04
PAY-20260604-0004635,TRP-20260604-0004635,20.89,credit_card,settled,2026-06-04 08:52:32
PAY-20260604-0004636,TRP-20260604-0004636,6.00,mada,settled,2026-06-05 06:23:21
PAY-20260604-0004637,TRP-20260604-0004637,102.16,mada,pending,2026-06-04 18:03:11
PAY-20260604-0004638,TRP-20260604-0004638,64.05,credit_card,settled,2026-06-05 06:14:15
PAY-20260604-0004639,TRP-20260604-0004639,10.00,mada,settled,2026-06-05 02:40:33
PAY-20260604-0004640,TRP-20260604-0004640,60.43,stc_pay,settled,2026-06-04 12:21:53
PAY-20260604-0004641,TRP-20260604-0004641,93.17,credit_card,settled,2026-06-04 06:47:05
PAY-20260604-0004642,TRP-20260604-0004642,25.83,stc_pay,settled,2026-06-04 00:56:30
PAY-20260604-0004643,TRP-20260604-0004643,30.52,wallet,settled,2026-06-04 16:06:15
PAY-20260604-0004644,TRP-20260604-0004644,15.30,stc_pay,settled,2026-06-04 19:07:23
PAY-20260604-0004645,TRP-20260604-0004645,12.20,apple_pay,settled,2026-06-04 17:51:00
PAY-20260604-0004646,TRP-20260604-0004646,66.15,credit_card,settled,2026-06-05 11:13:57
PAY-20260604-0004647,TRP-20260604-0004647,33.90,apple_pay,settled,2026-06-04 21:01:17
PAY-20260604-0004648,TRP-20260604-0004648,68.97,stc_pay,settled,2026-06-05 03:10:35
PAY-20260604-0004649,TRP-20260604-0004649,79.63,credit_card,settled,2026-06-05 16:23:44
PAY-20260604-0004650,TRP-20260604-0004650,22.79,cash,settled,2026-06-04 15:15:04
PAY-20260604-0004651,TRP-20260604-0004651,12.74,stc_pay,settled,2026-06-03 23:03:15
PAY-20260604-0004652,TRP-20260604-0004652,17.37,mada,settled,2026-06-04 18:37:11
PAY-20260604-0004653,TRP-20260604-0004653,11.00,mada,pending,2026-06-05 06:46:07
PAY-20260604-0004654,TRP-20260604-0004654,26.97,apple_pay,settled,2026-06-04 10:40:44
PAY-20260604-0004655,TRP-20260604-0004655,13.58,mada,settled,2026-06-04 17:20:16
PAY-20260604-0004656,TRP-20260604-0004656,38.09,wallet,settled,2026-06-04 15:22:21
PAY-20260604-0004657,TRP-20260604-0004657,45.56,credit_card,settled,2026-06-04 15:33:07
PAY-20260604-0004658,TRP-20260604-0004658,18.42,mada,settled,2026-06-04 19:16:58
PAY-20260604-0004659,TRP-20260604-0004659,51.91,mada,settled,2026-06-04 16:15:04
PAY-20260604-0004660,TRP-20260604-0004660,49.00,stc_pay,settled,2026-06-04 05:59:36
PAY-20260604-0004661,TRP-20260604-0004661,42.38,wallet,settled,2026-06-04 16:40:22
PAY-20260604-0004662,TRP-20260604-0004662,29.20,apple_pay,settled,2026-06-04 17:59:13
PAY-20260604-0004663,TRP-20260604-0004663,57.64,credit_card,settled,2026-06-05 04:29:05
PAY-20260604-0004664,TRP-20260604-0004664,36.28,cash,settled,2026-06-04 05:06:32
PAY-20260604-0004665,TRP-20260604-0004665,21.84,mada,settled,2026-06-04 15:51:06
PAY-20260604-0004666,TRP-20260604-0004666,13.47,wallet,settled,2026-06-04 11:13:37
PAY-20260604-0004667,TRP-20260604-0004667,8.00,credit_card,settled,2026-06-04 14:29:27
PAY-20260604-0004668,TRP-20260604-0004668,11.66,credit_card,settled,2026-06-04 19:05:18
PAY-20260604-0004669,TRP-20260604-0004669,38.26,credit_card,settled,2026-06-04 20:15:26
PAY-20260604-0004670,TRP-20260604-0004670,23.58,mada,settled,2026-06-04 11:51:37
PAY-20260604-0004671,TRP-20260604-0004671,25.48,stc_pay,settled,2026-06-04 18:18:42
PAY-20260604-0004672,TRP-20260604-0004672,114.62,mada,settled,2026-06-05 05:37:02
PAY-20260604-0004673,TRP-20260604-0004673,53.97,mada,settled,2026-06-05 02:20:00
PAY-20260604-0004674,TRP-20260604-0004674,48.09,stc_pay,settled,2026-06-04 19:36:01
PAY-20260604-0004675,TRP-20260604-0004675,63.18,credit_card,settled,2026-06-04 19:19:17
PAY-20260604-0004676,TRP-20260604-0004676,25.80,mada,settled,2026-06-04 12:57:06
PAY-20260604-0004677,TRP-20260604-0004677,23.00,credit_card,settled,2026-06-04 19:02:27
PAY-20260604-0004678,TRP-20260604-0004678,37.72,cash,settled,2026-06-03 21:54:49
PAY-20260604-0004679,TRP-20260604-0004679,49.51,cash,settled,2026-06-04 16:26:54
PAY-20260604-0004680,TRP-20260604-0004680,12.95,wallet,settled,2026-06-05 01:30:14
PAY-20260604-0004681,TRP-20260604-0004681,24.42,credit_card,settled,2026-06-05 03:06:19
PAY-20260604-0004682,TRP-20260604-0004682,14.70,apple_pay,settled,2026-06-04 16:53:08
PAY-20260604-0004683,TRP-20260604-0004683,25.36,cash,settled,2026-06-04 18:24:11
PAY-20260604-0004684,TRP-20260604-0004684,25.44,mada,settled,2026-06-04 14:58:40
PAY-20260604-0004685,TRP-20260604-0004685,11.63,mada,settled,2026-06-04 19:35:21
PAY-20260604-0004686,TRP-20260604-0004686,10.00,mada,settled,2026-06-05 00:24:43
PAY-20260604-0004687,TRP-20260604-0004687,46.25,mada,settled,2026-06-05 07:53:38
PAY-20260604-0004688,TRP-20260604-0004688,31.38,apple_pay,settled,2026-06-04 18:55:46
PAY-20260604-0004689,TRP-20260604-0004689,115.65,stc_pay,settled,2026-06-05 13:59:54
PAY-20260604-0004690,TRP-20260604-0004690,14.24,mada,settled,2026-06-04 18:42:48
PAY-20260604-0004691,TRP-20260604-0004691,46.06,mada,settled,2026-06-04 15:57:14
PAY-20260604-0004692,TRP-20260604-0004692,21.67,credit_card,settled,2026-06-04 20:25:12
PAY-20260604-0004693,TRP-20260604-0004693,48.21,wallet,settled,2026-06-04 14:17:18
PAY-20260604-0004694,TRP-20260604-0004694,35.23,mada,settled,2026-06-04 11:13:06
PAY-20260604-0004695,TRP-20260604-0004695,33.39,credit_card,settled,2026-06-04 12:38:29
PAY-20260604-0004696,TRP-20260604-0004696,11.45,credit_card,settled,2026-06-04 12:51:55
PAY-20260604-0004697,TRP-20260604-0004697,41.32,wallet,settled,2026-06-04 16:56:23
PAY-20260604-0004698,TRP-20260604-0004698,67.63,stc_pay,settled,2026-06-04 08:57:25
PAY-20260604-0004699,TRP-20260604-0004699,29.25,mada,settled,2026-06-04 20:19:02
PAY-20260604-0004701,TRP-20260604-0004701,112.75,stc_pay,settled,2026-06-04 08:59:15
PAY-20260604-0004702,TRP-20260604-0004702,51.14,apple_pay,settled,2026-06-04 15:22:32
PAY-20260604-0004703,TRP-20260604-0004703,8.00,apple_pay,settled,2026-06-05 04:38:04
PAY-20260604-0004704,TRP-20260604-0004704,10.00,mada,settled,2026-06-04 18:09:10
PAY-20260604-0004705,TRP-20260604-0004705,102.17,apple_pay,settled,2026-06-04 21:48:54
PAY-20260604-0004706,TRP-20260604-0004706,18.49,apple_pay,settled,2026-06-04 17:44:26
PAY-20260604-0004707,TRP-20260604-0004707,23.95,cash,settled,2026-06-04 14:43:40
PAY-20260604-0004708,TRP-20260604-0004708,33.56,mada,settled,2026-06-04 16:22:11
PAY-20260604-0004709,TRP-20260604-0004709,37.14,mada,settled,2026-06-04 16:52:24
PAY-20260604-0004710,TRP-20260604-0004710,67.85,credit_card,settled,2026-06-04 04:31:44
PAY-20260604-0004711,TRP-20260604-0004711,24.97,mada,refunded,2026-06-04 13:27:11
PAY-20260604-0004712,TRP-20260604-0004712,88.21,apple_pay,settled,2026-06-04 18:22:04
PAY-20260604-0004713,TRP-20260604-0004713,16.02,mada,pending,2026-06-04 06:50:13
PAY-20260604-0004714,TRP-20260604-0004714,54.96,stc_pay,settled,2026-06-04 18:19:10
PAY-20260604-0004715,TRP-20260604-0004715,12.82,credit_card,settled,2026-06-04 20:15:27
PAY-20260604-0004716,TRP-20260604-0004716,16.34,cash,settled,2026-06-04 02:04:16
PAY-20260604-0004717,TRP-20260604-0004717,207.36,apple_pay,settled,2026-06-04 11:22:40
PAY-20260604-0004718,TRP-20260604-0004718,32.20,credit_card,settled,2026-06-04 21:54:40
PAY-20260604-0004719,TRP-20260604-0004719,75.88,credit_card,settled,2026-06-05 11:54:19
PAY-20260604-0004720,TRP-20260604-0004720,45.83,cash,settled,2026-06-04 17:52:10
PAY-20260604-0004721,TRP-20260604-0004721,12.61,apple_pay,settled,2026-06-04 07:41:16
PAY-20260604-0004722,TRP-20260604-0004722,37.29,mada,settled,2026-06-04 10:34:53
PAY-20260604-0004723,TRP-20260604-0004723,18.09,mada,settled,2026-06-04 19:39:23
PAY-20260604-0004724,TRP-20260604-0004724,22.54,mada,settled,2026-06-04 20:53:28
PAY-20260604-0004725,TRP-20260604-0004725,15.20,cash,settled,2026-06-04 11:27:18
PAY-20260604-0004726,TRP-20260604-0004726,32.87,mada,settled,2026-06-04 19:15:31
PAY-20260604-0004727,TRP-20260604-0004727,15.70,mada,settled,2026-06-04 15:24:23
PAY-20260604-0004728,TRP-20260604-0004728,34.70,cash,settled,2026-06-04 05:04:00
PAY-20260604-0004729,TRP-20260604-0004729,10.00,mada,settled,2026-06-04 16:27:14
PAY-20260604-0004730,TRP-20260604-0004730,13.27,stc_pay,settled,2026-06-04 14:53:18
PAY-20260604-0004731,TRP-20260604-0004731,114.12,credit_card,settled,2026-06-04 08:05:09
PAY-20260604-0004732,TRP-20260604-0004732,18.78,stc_pay,settled,2026-06-04 10:10:30
PAY-20260604-0004733,TRP-20260604-0004733,38.12,mada,settled,2026-06-04 15:25:30
PAY-20260604-0004734,TRP-20260604-0004734,162.23,mada,settled,2026-06-04 16:19:36
PAY-20260604-0004735,TRP-20260604-0004735,12.63,mada,failed,2026-06-05 03:42:34
PAY-20260604-0004736,TRP-20260604-0004736,14.53,mada,settled,2026-06-04 20:19:52
PAY-20260604-0004737,TRP-20260604-0004737,29.61,apple_pay,settled,2026-06-05 01:10:40
PAY-20260604-0004738,TRP-20260604-0004738,55.74,credit_card,settled,2026-06-04 14:44:31
PAY-20260604-0004739,TRP-20260604-0004739,12.00,mada,settled,2026-06-05 06:15:50
PAY-20260604-0004740,TRP-20260604-0004740,61.59,credit_card,settled,2026-06-04 12:06:27
PAY-20260604-0004741,TRP-20260604-0004741,19.77,wallet,settled,2026-06-04 15:03:44
PAY-20260604-0004742,TRP-20260604-0004742,32.28,mada,settled,2026-06-04 17:07:35
PAY-20260604-0004743,TRP-20260604-0004743,73.32,mada,settled,2026-06-05 04:24:44
PAY-20260604-0004744,TRP-20260604-0004744,87.64,stc_pay,settled,2026-06-04 21:35:49
PAY-20260604-0004745,TRP-20260604-0004745,91.86,credit_card,settled,2026-06-04 08:50:12
PAY-20260604-0004746,TRP-20260604-0004746,45.18,mada,settled,2026-06-04 13:13:52
PAY-20260604-0004747,TRP-20260604-0004747,13.78,mada,settled,2026-06-04 12:43:43
PAY-20260604-0004748,TRP-20260604-0004748,12.90,stc_pay,settled,2026-06-05 09:24:35
PAY-20260604-0004749,TRP-20260604-0004749,58.64,stc_pay,settled,2026-06-05 02:43:46
PAY-20260604-0004750,TRP-20260604-0004750,119.02,apple_pay,settled,2026-06-04 15:35:47
PAY-20260604-0004751,TRP-20260604-0004751,18.93,credit_card,settled,2026-06-04 17:56:49
PAY-20260604-0004752,TRP-20260604-0004752,18.43,mada,settled,2026-06-04 19:37:33
PAY-20260604-0004753,TRP-20260604-0004753,43.04,cash,settled,2026-06-04 06:40:17
PAY-20260604-0004754,TRP-20260604-0004754,86.58,credit_card,settled,2026-06-04 16:38:59
PAY-20260604-0004755,TRP-20260604-0004755,32.52,credit_card,settled,2026-06-05 04:30:00
PAY-20260604-0004756,TRP-20260604-0004756,26.57,mada,failed,2026-06-05 07:01:13
PAY-20260604-0004757,TRP-20260604-0004757,28.94,mada,settled,2026-06-04 06:13:38
PAY-20260604-0004758,TRP-20260604-0004758,16.39,credit_card,settled,2026-06-04 00:53:17
PAY-20260604-0004759,TRP-20260604-0004759,19.52,credit_card,settled,2026-06-05 08:57:43
PAY-20260604-0004760,TRP-20260604-0004760,14.00,mada,settled,2026-06-04 07:22:08
PAY-20260604-0004761,TRP-20260604-0004761,15.21,stc_pay,settled,2026-06-04 19:05:38
PAY-20260604-0004762,TRP-20260604-0004762,28.40,cash,settled,2026-06-04 16:58:15
PAY-20260604-0004763,TRP-20260604-0004763,19.76,credit_card,settled,2026-06-04 17:48:17
PAY-20260604-0004764,TRP-20260604-0004764,51.93,apple_pay,settled,2026-06-04 11:46:42
PAY-20260604-0004765,TRP-20260604-0004765,69.76,wallet,failed,2026-06-04 16:47:01
PAY-20260604-0004766,TRP-20260604-0004766,11.00,apple_pay,settled,2026-06-05 07:47:15
PAY-20260604-0004767,TRP-20260604-0004767,33.61,cash,settled,2026-06-04 04:14:25
PAY-20260604-0004768,TRP-20260604-0004768,23.61,mada,settled,2026-06-04 18:24:04
PAY-20260604-0004769,TRP-20260604-0004769,16.55,cash,settled,2026-06-04 14:25:53
PAY-20260604-0004770,TRP-20260604-0004770,95.54,stc_pay,settled,2026-06-04 15:41:01
PAY-20260604-0004771,TRP-20260604-0004771,11.84,mada,settled,2026-06-04 19:17:17
PAY-20260604-0004772,TRP-20260604-0004772,43.99,mada,settled,2026-06-04 18:50:23
PAY-20260604-0004774,TRP-20260604-0004774,20.36,apple_pay,settled,2026-06-04 08:46:18
PAY-20260604-0004775,TRP-20260604-0004775,83.89,mada,settled,2026-06-05 01:11:16
PAY-20260604-0004776,TRP-20260604-0004776,38.99,credit_card,settled,2026-06-05 13:05:11
PAY-20260604-0004777,TRP-20260604-0004777,17.63,credit_card,settled,2026-06-04 15:45:17
PAY-20260604-0004778,TRP-20260604-0004778,27.58,credit_card,pending,2026-06-04 18:08:51
PAY-20260604-0004780,TRP-20260604-0004780,54.70,mada,settled,2026-06-05 11:40:04
PAY-20260604-0004781,TRP-20260604-0004781,72.80,mada,settled,2026-06-04 20:42:42
PAY-20260604-0004782,TRP-20260604-0004782,57.96,credit_card,settled,2026-06-04 16:28:24
PAY-20260604-0004783,TRP-20260604-0004783,20.92,mada,settled,2026-06-04 14:36:17
PAY-20260604-0004784,TRP-20260604-0004784,17.67,mada,settled,2026-06-04 17:16:40
PAY-20260604-0004785,TRP-20260604-0004785,97.02,credit_card,settled,2026-06-05 09:17:20
PAY-20260604-0004786,TRP-20260604-0004786,28.60,cash,settled,2026-06-04 12:22:41
PAY-20260604-0004787,TRP-20260604-0004787,43.86,cash,settled,2026-06-04 17:29:35
PAY-20260604-0004788,TRP-20260604-0004788,32.68,mada,settled,2026-06-04 06:07:53
PAY-20260604-0004789,TRP-20260604-0004789,25.54,stc_pay,settled,2026-06-04 12:11:17
PAY-20260604-0004790,TRP-20260604-0004790,10.30,stc_pay,settled,2026-06-04 19:05:40
PAY-20260604-0004791,TRP-20260604-0004791,160.30,mada,settled,2026-06-04 22:42:37
PAY-20260604-0004792,TRP-20260604-0004792,25.34,apple_pay,settled,2026-06-04 10:06:14
PAY-20260604-0004794,TRP-20260604-0004794,36.27,cash,settled,2026-06-04 05:33:45
PAY-20260604-0004795,TRP-20260604-0004795,25.19,credit_card,settled,2026-06-04 08:05:39
PAY-20260604-0004796,TRP-20260604-0004796,43.94,credit_card,settled,2026-06-05 07:39:01
PAY-20260604-0004797,TRP-20260604-0004797,55.35,apple_pay,settled,2026-06-04 16:57:50
PAY-20260604-0004799,TRP-20260604-0004799,67.70,apple_pay,settled,2026-06-04 17:49:12
PAY-20260604-0004800,TRP-20260604-0004800,81.48,cash,settled,2026-06-04 06:06:52
PAY-20260604-0004801,TRP-20260604-0004801,66.36,mada,settled,2026-06-04 13:40:48
PAY-20260604-0004802,TRP-20260604-0004802,170.06,mada,settled,2026-06-04 16:51:32
PAY-20260604-0004803,TRP-20260604-0004803,27.62,mada,settled,2026-06-04 11:38:39
PAY-20260604-0004804,TRP-20260604-0004804,29.96,credit_card,settled,2026-06-05 04:12:11
PAY-20260604-0004805,TRP-20260604-0004805,38.24,credit_card,settled,2026-06-04 16:18:35
PAY-20260604-0004806,TRP-20260604-0004806,36.62,mada,settled,2026-06-05 04:51:57
PAY-20260604-0004807,TRP-20260604-0004807,8.00,stc_pay,settled,2026-06-04 15:54:15
PAY-20260604-0004808,TRP-20260604-0004808,31.05,credit_card,refunded,2026-06-04 13:50:46
PAY-20260604-0004809,TRP-20260604-0004809,15.35,stc_pay,settled,2026-06-04 10:15:24
PAY-20260604-0004810,TRP-20260604-0004810,62.00,mada,settled,2026-06-04 19:47:27
PAY-20260604-0004811,TRP-20260604-0004811,68.88,mada,settled,2026-06-04 08:45:33
PAY-20260604-0004812,TRP-20260604-0004812,64.23,stc_pay,settled,2026-06-04 07:58:39
PAY-20260604-0004813,TRP-20260604-0004813,16.35,mada,settled,2026-06-04 06:44:52
PAY-20260604-0004814,TRP-20260604-0004814,68.01,mada,pending,2026-06-05 07:10:31
PAY-20260604-0004815,TRP-20260604-0004815,12.07,credit_card,settled,2026-06-04 10:06:27
PAY-20260604-0004816,TRP-20260604-0004816,30.39,cash,settled,2026-06-04 16:52:52
PAY-20260604-0004817,TRP-20260604-0004817,82.52,cash,settled,2026-06-04 05:51:14
PAY-20260604-0004818,TRP-20260604-0004818,17.60,cash,settled,2026-06-04 09:14:05
PAY-20260604-0004819,TRP-20260604-0004819,44.19,stc_pay,settled,2026-06-04 04:07:58
PAY-20260604-0004820,TRP-20260604-0004820,41.61,cash,settled,2026-06-04 18:20:11
PAY-20260604-0004821,TRP-20260604-0004821,26.38,credit_card,settled,2026-06-04 13:22:49
PAY-20260604-0004822,TRP-20260604-0004822,30.60,credit_card,settled,2026-06-04 09:31:22
PAY-20260604-0004823,TRP-20260604-0004823,15.75,credit_card,settled,2026-06-04 07:31:22
PAY-20260604-0004824,TRP-20260604-0004824,40.17,mada,settled,2026-06-04 16:31:49
PAY-20260604-0004825,TRP-20260604-0004825,28.89,mada,settled,2026-06-04 16:51:16
PAY-20260604-0004826,TRP-20260604-0004826,147.55,mada,pending,2026-06-04 22:30:16
PAY-20260604-0004827,TRP-20260604-0004827,54.05,mada,settled,2026-06-04 15:38:29
PAY-20260604-0004828,TRP-20260604-0004828,18.90,mada,settled,2026-06-04 20:00:01
PAY-20260604-0004829,TRP-20260604-0004829,48.31,cash,settled,2026-06-04 17:15:07
PAY-20260604-0004830,TRP-20260604-0004830,15.38,apple_pay,settled,2026-06-04 22:40:14
PAY-20260604-0004831,TRP-20260604-0004831,15.85,mada,settled,2026-06-04 20:05:51
PAY-20260604-0004832,TRP-20260604-0004832,29.44,stc_pay,settled,2026-06-04 21:03:24
PAY-20260604-0004833,TRP-20260604-0004833,28.99,mada,settled,2026-06-04 10:04:15
PAY-20260604-0004834,TRP-20260604-0004834,71.99,stc_pay,settled,2026-06-04 16:04:44
PAY-20260604-0004835,TRP-20260604-0004835,70.83,mada,settled,2026-06-04 15:33:55
PAY-20260604-0004836,TRP-20260604-0004836,96.65,mada,settled,2026-06-04 20:47:44
PAY-20260604-0004837,TRP-20260604-0004837,48.56,apple_pay,settled,2026-06-03 23:12:23
PAY-20260604-0004838,TRP-20260604-0004838,76.17,mada,settled,2026-06-04 07:40:31
PAY-20260604-0004839,TRP-20260604-0004839,19.11,mada,settled,2026-06-04 13:35:51
PAY-20260604-0004841,TRP-20260604-0004841,28.03,stc_pay,settled,2026-06-04 09:00:31
PAY-20260604-0004842,TRP-20260604-0004842,10.00,cash,settled,2026-06-04 11:00:50
PAY-20260604-0004843,TRP-20260604-0004843,12.61,mada,settled,2026-06-04 14:09:50
PAY-20260604-0004844,TRP-20260604-0004844,19.71,mada,settled,2026-06-04 11:35:27
PAY-20260604-0004845,TRP-20260604-0004845,102.75,credit_card,settled,2026-06-05 12:36:06
PAY-20260604-0004846,TRP-20260604-0004846,18.21,apple_pay,settled,2026-06-04 12:16:52
PAY-20260604-0004847,TRP-20260604-0004847,37.39,mada,settled,2026-06-04 15:32:37
PAY-20260604-0004848,TRP-20260604-0004848,53.56,credit_card,settled,2026-06-05 06:08:57
PAY-20260604-0004849,TRP-20260604-0004849,55.54,mada,settled,2026-06-04 22:17:08
PAY-20260604-0004850,TRP-20260604-0004850,36.35,mada,settled,2026-06-05 06:07:32
PAY-20260604-0004851,TRP-20260604-0004851,22.62,stc_pay,settled,2026-06-04 12:06:16
PAY-20260604-0004852,TRP-20260604-0004852,28.29,stc_pay,settled,2026-06-04 11:37:08
PAY-20260604-0004853,TRP-20260604-0004853,92.05,credit_card,settled,2026-06-04 15:15:29
PAY-20260604-0004854,TRP-20260604-0004854,53.19,credit_card,settled,2026-06-04 09:40:35
PAY-20260604-0004855,TRP-20260604-0004855,20.89,mada,settled,2026-06-04 11:30:32
PAY-20260604-0004856,TRP-20260604-0004856,43.99,credit_card,settled,2026-06-04 13:35:39
PAY-20260604-0004857,TRP-20260604-0004857,108.87,apple_pay,settled,2026-06-04 16:50:43
PAY-20260604-0004859,TRP-20260604-0004859,21.67,stc_pay,failed,2026-06-04 18:12:28
PAY-20260604-0004860,TRP-20260604-0004860,47.85,mada,settled,2026-06-04 20:07:28
PAY-20260604-0004861,TRP-20260604-0004861,31.92,credit_card,settled,2026-06-04 05:46:49
PAY-20260604-0004862,TRP-20260604-0004862,57.40,wallet,settled,2026-06-04 07:09:55
PAY-20260604-0004863,TRP-20260604-0004863,10.18,credit_card,settled,2026-06-04 05:00:53
PAY-20260604-0004864,TRP-20260604-0004864,171.89,mada,settled,2026-06-05 09:52:12
PAY-20260604-0004865,TRP-20260604-0004865,26.92,cash,settled,2026-06-04 14:13:12
PAY-20260604-0004866,TRP-20260604-0004866,24.82,mada,settled,2026-06-05 17:00:14
PAY-20260604-0004867,TRP-20260604-0004867,68.12,mada,settled,2026-06-04 08:37:24
PAY-20260604-0004868,TRP-20260604-0004868,128.03,mada,settled,2026-06-04 17:15:54
PAY-20260604-0004869,TRP-20260604-0004869,98.29,credit_card,settled,2026-06-04 19:32:32
PAY-20260604-0004870,TRP-20260604-0004870,42.23,cash,settled,2026-06-04 18:55:00
PAY-20260604-0004871,TRP-20260604-0004871,21.96,stc_pay,settled,2026-06-05 05:41:19
PAY-20260604-0004872,TRP-20260604-0004872,41.72,mada,settled,2026-06-04 09:45:47
PAY-20260604-0004873,TRP-20260604-0004873,26.01,cash,settled,2026-06-04 05:51:43
PAY-20260604-0004874,TRP-20260604-0004874,75.33,mada,pending,2026-06-04 07:27:06
PAY-20260604-0004875,TRP-20260604-0004875,18.78,wallet,settled,2026-06-04 13:12:43
PAY-20260604-0004876,TRP-20260604-0004876,12.72,mada,settled,2026-06-04 23:40:02
PAY-20260604-0004877,TRP-20260604-0004877,29.64,mada,settled,2026-06-05 02:51:25
PAY-20260604-0004878,TRP-20260604-0004878,32.11,mada,settled,2026-06-04 02:29:34
PAY-20260604-0004879,TRP-20260604-0004879,37.66,mada,settled,2026-06-04 14:42:05
PAY-20260604-0004880,TRP-20260604-0004880,24.56,mada,settled,2026-06-04 15:17:22
PAY-20260604-0004881,TRP-20260604-0004881,38.01,mada,settled,2026-06-05 14:16:26
PAY-20260604-0004882,TRP-20260604-0004882,25.72,cash,settled,2026-06-04 13:56:22
PAY-20260604-0004883,TRP-20260604-0004883,20.70,mada,settled,2026-06-05 08:29:31
PAY-20260604-0004884,TRP-20260604-0004884,57.24,mada,settled,2026-06-05 07:28:47
PAY-20260604-0004885,TRP-20260604-0004885,16.87,mada,settled,2026-06-04 12:21:29
PAY-20260604-0004886,TRP-20260604-0004886,16.71,mada,settled,2026-06-04 19:17:39
PAY-20260604-0004888,TRP-20260604-0004888,11.04,stc_pay,settled,2026-06-03 22:08:26
PAY-20260604-0004889,TRP-20260604-0004889,10.00,mada,settled,2026-06-04 14:37:12
PAY-20260604-0004890,TRP-20260604-0004890,14.77,credit_card,settled,2026-06-04 11:20:50
PAY-20260604-0004891,TRP-20260604-0004891,15.27,wallet,settled,2026-06-05 09:23:04
PAY-20260604-0004892,TRP-20260604-0004892,10.00,mada,settled,2026-06-04 19:27:07
PAY-20260604-0004893,TRP-20260604-0004893,22.20,apple_pay,settled,2026-06-04 23:52:11
PAY-20260604-0004894,TRP-20260604-0004894,14.99,cash,settled,2026-06-04 11:07:16
PAY-20260604-0004895,TRP-20260604-0004895,17.77,stc_pay,settled,2026-06-04 08:41:11
PAY-20260604-0004896,TRP-20260604-0004896,163.00,stc_pay,settled,2026-06-04 19:04:21
PAY-20260604-0004897,TRP-20260604-0004897,32.17,credit_card,settled,2026-06-04 19:28:50
PAY-20260604-0004898,TRP-20260604-0004898,35.41,stc_pay,settled,2026-06-05 16:35:22
PAY-20260604-0004899,TRP-20260604-0004899,53.33,cash,settled,2026-06-04 04:38:27
PAY-20260604-0004900,TRP-20260604-0004900,10.00,credit_card,settled,2026-06-05 04:21:12
PAY-20260604-0004901,TRP-20260604-0004901,50.32,cash,settled,2026-06-04 10:04:05
PAY-20260604-0004902,TRP-20260604-0004902,6.00,mada,settled,2026-06-04 18:34:16
PAY-20260604-0004903,TRP-20260604-0004903,14.54,stc_pay,settled,2026-06-04 21:15:31
PAY-20260604-0004904,TRP-20260604-0004904,10.00,credit_card,settled,2026-06-05 00:29:09
PAY-20260604-0004906,TRP-20260604-0004906,61.14,stc_pay,settled,2026-06-04 07:46:23
PAY-20260604-0004907,TRP-20260604-0004907,14.04,apple_pay,settled,2026-06-05 00:10:45
PAY-20260604-0004908,TRP-20260604-0004908,48.75,mada,settled,2026-06-04 23:20:27
PAY-20260604-0004909,TRP-20260604-0004909,26.80,credit_card,settled,2026-06-04 12:20:49
PAY-20260604-0004910,TRP-20260604-0004910,22.77,mada,settled,2026-06-05 10:39:41
PAY-20260604-0004911,TRP-20260604-0004911,12.54,apple_pay,settled,2026-06-05 06:04:08
PAY-20260604-0004912,TRP-20260604-0004912,30.82,cash,settled,2026-06-04 16:07:10
PAY-20260604-0004913,TRP-20260604-0004913,68.10,cash,settled,2026-06-04 06:59:04
PAY-20260604-0004914,TRP-20260604-0004914,25.28,credit_card,settled,2026-06-04 14:24:45
PAY-20260604-0004915,TRP-20260604-0004915,10.00,credit_card,settled,2026-06-05 05:14:22
PAY-20260604-0004916,TRP-20260604-0004916,34.66,apple_pay,pending,2026-06-04 19:04:33
PAY-20260604-0004917,TRP-20260604-0004917,38.84,stc_pay,settled,2026-06-04 23:33:58
PAY-20260604-0004918,TRP-20260604-0004918,134.70,apple_pay,settled,2026-06-04 07:59:33
PAY-20260604-0004919,TRP-20260604-0004919,13.84,credit_card,settled,2026-06-04 17:12:15
PAY-20260604-0004920,TRP-20260604-0004920,31.10,credit_card,settled,2026-06-05 04:15:43
PAY-20260604-0004921,TRP-20260604-0004921,18.27,apple_pay,settled,2026-06-04 13:50:37
PAY-20260604-0004922,TRP-20260604-0004922,19.01,apple_pay,settled,2026-06-04 13:41:15
PAY-20260604-0004923,TRP-20260604-0004923,15.43,wallet,settled,2026-06-04 05:15:39
PAY-20260604-0004924,TRP-20260604-0004924,13.40,mada,settled,2026-06-04 06:00:57
PAY-20260604-0004926,TRP-20260604-0004926,29.45,credit_card,settled,2026-06-04 20:42:58
PAY-20260604-0004927,TRP-20260604-0004927,30.61,apple_pay,settled,2026-06-04 08:27:30
PAY-20260604-0004929,TRP-20260604-0004929,12.70,credit_card,settled,2026-06-04 14:43:21
PAY-20260604-0004931,TRP-20260604-0004931,17.98,apple_pay,settled,2026-06-04 15:49:36
PAY-20260604-0004932,TRP-20260604-0004932,35.10,wallet,settled,2026-06-04 10:20:39
PAY-20260604-0004933,TRP-20260604-0004933,16.26,apple_pay,settled,2026-06-04 19:18:10
PAY-20260604-0004934,TRP-20260604-0004934,36.31,apple_pay,settled,2026-06-04 14:03:31
PAY-20260604-0004935,TRP-20260604-0004935,70.64,cash,settled,2026-06-04 11:03:07
PAY-20260604-0004936,TRP-20260604-0004936,19.59,credit_card,settled,2026-06-04 19:13:55
PAY-20260604-0004937,TRP-20260604-0004937,62.14,stc_pay,settled,2026-06-04 12:55:59
PAY-20260604-0004938,TRP-20260604-0004938,153.79,mada,settled,2026-06-04 16:25:36
PAY-20260604-0004939,TRP-20260604-0004939,20.47,mada,settled,2026-06-04 22:39:08
PAY-20260604-0004940,TRP-20260604-0004940,34.41,apple_pay,settled,2026-06-04 19:02:24
PAY-20260604-0004941,TRP-20260604-0004941,43.00,mada,settled,2026-06-04 16:21:57
PAY-20260604-0004942,TRP-20260604-0004942,14.87,credit_card,settled,2026-06-04 23:57:42
PAY-20260604-0004943,TRP-20260604-0004943,29.14,credit_card,settled,2026-06-05 08:40:24
PAY-20260604-0004944,TRP-20260604-0004944,70.84,stc_pay,settled,2026-06-04 22:05:30
PAY-20260604-0004945,TRP-20260604-0004945,42.78,credit_card,settled,2026-06-05 07:34:56
PAY-20260604-0004946,TRP-20260604-0004946,11.00,stc_pay,settled,2026-06-04 08:31:30
PAY-20260604-0004947,TRP-20260604-0004947,26.55,mada,settled,2026-06-04 17:48:29
PAY-20260604-0004948,TRP-20260604-0004948,13.61,cash,settled,2026-06-04 14:31:41
PAY-20260604-0004949,TRP-20260604-0004949,24.23,mada,settled,2026-06-04 16:13:00
PAY-20260604-0004950,TRP-20260604-0004950,42.53,cash,settled,2026-06-04 09:28:27
PAY-20260604-0004951,TRP-20260604-0004951,68.31,credit_card,settled,2026-06-05 16:05:03
PAY-20260604-0004952,TRP-20260604-0004952,18.68,credit_card,settled,2026-06-04 03:44:11
PAY-20260604-0004953,TRP-20260604-0004953,26.17,mada,settled,2026-06-04 18:55:49
PAY-20260604-0004954,TRP-20260604-0004954,43.73,cash,settled,2026-06-04 19:08:22
PAY-20260604-0004955,TRP-20260604-0004955,18.77,mada,settled,2026-06-05 14:21:15
PAY-20260604-0004956,TRP-20260604-0004956,18.24,mada,settled,2026-06-04 20:40:05
PAY-20260604-0004957,TRP-20260604-0004957,71.97,stc_pay,settled,2026-06-04 11:04:06
PAY-20260604-0004958,TRP-20260604-0004958,118.33,mada,settled,2026-06-04 11:21:56
PAY-20260604-0004959,TRP-20260604-0004959,34.61,mada,settled,2026-06-04 11:16:23
PAY-20260604-0004960,TRP-20260604-0004960,33.85,mada,settled,2026-06-04 17:39:27
PAY-20260604-0004961,TRP-20260604-0004961,10.00,apple_pay,settled,2026-06-04 08:11:27
PAY-20260604-0004962,TRP-20260604-0004962,81.93,mada,settled,2026-06-03 22:28:17
PAY-20260604-0004963,TRP-20260604-0004963,13.04,wallet,settled,2026-06-04 23:20:20
PAY-20260604-0004964,TRP-20260604-0004964,20.35,apple_pay,settled,2026-06-04 21:45:33
PAY-20260604-0004965,TRP-20260604-0004965,26.08,stc_pay,settled,2026-06-04 15:05:50
PAY-20260604-0004966,TRP-20260604-0004966,12.00,apple_pay,settled,2026-06-04 06:33:31
PAY-20260604-0004967,TRP-20260604-0004967,41.79,stc_pay,settled,2026-06-04 11:59:05
PAY-20260604-0004968,TRP-20260604-0004968,37.48,credit_card,settled,2026-06-04 17:47:36
PAY-20260604-0004969,TRP-20260604-0004969,50.87,stc_pay,settled,2026-06-04 14:50:18
PAY-20260604-0004970,TRP-20260604-0004970,52.73,cash,settled,2026-06-04 00:38:42
PAY-20260604-0004971,TRP-20260604-0004971,37.31,mada,settled,2026-06-05 03:37:51
PAY-20260604-0004972,TRP-20260604-0004972,13.36,mada,pending,2026-06-04 07:52:33
PAY-20260604-0004973,TRP-20260604-0004973,43.19,stc_pay,settled,2026-06-04 23:36:25
PAY-20260604-0004974,TRP-20260604-0004974,25.30,apple_pay,settled,2026-06-05 10:06:13
PAY-20260604-0004975,TRP-20260604-0004975,21.63,mada,settled,2026-06-04 15:08:07
PAY-20260604-0004976,TRP-20260604-0004976,24.69,mada,pending,2026-06-04 16:20:08
PAY-20260604-0004977,TRP-20260604-0004977,55.36,mada,settled,2026-06-04 16:46:43
PAY-20260604-0004978,TRP-20260604-0004978,24.02,mada,settled,2026-06-04 09:08:59
PAY-20260604-0004979,TRP-20260604-0004979,38.64,cash,settled,2026-06-03 21:26:48
PAY-20260604-0004980,TRP-20260604-0004980,21.25,mada,settled,2026-06-04 16:42:33
PAY-20260604-0004981,TRP-20260604-0004981,19.71,mada,settled,2026-06-04 13:23:35
PAY-20260604-0004982,TRP-20260604-0004982,57.80,stc_pay,settled,2026-06-04 19:42:29
PAY-20260604-0004983,TRP-20260604-0004983,76.79,credit_card,settled,2026-06-04 07:52:35
PAY-20260604-0004984,TRP-20260604-0004984,48.38,mada,settled,2026-06-04 13:47:12
PAY-20260604-0004985,TRP-20260604-0004985,27.63,wallet,settled,2026-06-05 01:33:35
PAY-20260604-0004986,TRP-20260604-0004986,16.63,mada,pending,2026-06-04 12:49:02
PAY-20260604-0004987,TRP-20260604-0004987,16.38,mada,settled,2026-06-04 17:14:48
PAY-20260604-0004989,TRP-20260604-0004989,31.94,credit_card,settled,2026-06-04 06:56:41
PAY-20260604-0004990,TRP-20260604-0004990,17.67,mada,settled,2026-06-05 08:24:43
PAY-20260604-0004991,TRP-20260604-0004991,188.27,stc_pay,settled,2026-06-04 17:28:15
PAY-20260604-0004992,TRP-20260604-0004992,13.95,apple_pay,settled,2026-06-04 21:35:04
PAY-20260604-0004993,TRP-20260604-0004993,35.46,mada,settled,2026-06-04 13:29:18
PAY-20260604-0004994,TRP-20260604-0004994,83.01,apple_pay,pending,2026-06-04 11:51:04
PAY-20260604-0004995,TRP-20260604-0004995,26.45,apple_pay,settled,2026-06-04 13:55:30
PAY-20260604-0004996,TRP-20260604-0004996,21.47,apple_pay,settled,2026-06-05 08:56:24
PAY-20260604-0004997,TRP-20260604-0004997,30.88,mada,settled,2026-06-04 10:37:06
PAY-20260604-0004998,TRP-20260604-0004998,29.87,credit_card,settled,2026-06-04 12:00:42
PAY-20260604-0004999,TRP-20260604-0004999,26.61,mada,settled,2026-06-04 12:08:41
PAY-20260604-0005000,TRP-20260604-0005000,78.71,wallet,settled,2026-06-04 18:29:24
PAY-20260604-0005001,TRP-20260604-0005001,21.50,credit_card,failed,2026-06-04 01:30:27
PAY-20260604-0005002,TRP-20260604-0005002,19.73,apple_pay,settled,2026-06-04 10:39:29
PAY-20260604-0005003,TRP-20260604-0005003,10.00,credit_card,settled,2026-06-04 08:55:56
PAY-20260604-0005004,TRP-20260604-0005004,36.76,mada,settled,2026-06-04 17:25:56
PAY-20260604-0005005,TRP-20260604-0005005,73.84,apple_pay,settled,2026-06-04 18:09:53
PAY-20260604-0005006,TRP-20260604-0005006,21.27,apple_pay,settled,2026-06-04 12:10:27
PAY-20260604-0005008,TRP-20260604-0005008,16.16,apple_pay,settled,2026-06-04 08:45:18
PAY-20260604-0005009,TRP-20260604-0005009,32.60,apple_pay,settled,2026-06-05 02:59:32
PAY-20260604-0005010,TRP-20260604-0005010,36.13,stc_pay,settled,2026-06-05 12:21:06
PAY-20260604-0005011,TRP-20260604-0005011,15.05,stc_pay,settled,2026-06-04 09:10:08
PAY-20260604-0005012,TRP-20260604-0005012,30.06,credit_card,settled,2026-06-04 14:12:30
PAY-20260604-0005013,TRP-20260604-0005013,46.75,credit_card,settled,2026-06-04 14:40:35
PAY-20260604-0005014,TRP-20260604-0005014,42.58,wallet,settled,2026-06-05 12:19:29
PAY-20260604-0005015,TRP-20260604-0005015,73.47,credit_card,settled,2026-06-04 15:37:28
PAY-20260604-0005016,TRP-20260604-0005016,58.40,credit_card,settled,2026-06-05 01:28:14
PAY-20260604-0005017,TRP-20260604-0005017,12.99,credit_card,settled,2026-06-04 11:36:58
PAY-20260604-0005018,TRP-20260604-0005018,18.59,mada,settled,2026-06-04 20:56:18
PAY-20260604-0005019,TRP-20260604-0005019,60.99,stc_pay,settled,2026-06-05 00:02:46
PAY-20260604-0005020,TRP-20260604-0005020,19.83,mada,settled,2026-06-04 21:07:13
PAY-20260604-0005021,TRP-20260604-0005021,12.00,cash,settled,2026-06-04 10:51:51
PAY-20260604-0005022,TRP-20260604-0005022,23.35,mada,settled,2026-06-04 15:58:02
PAY-20260604-0005023,TRP-20260604-0005023,82.33,wallet,settled,2026-06-04 15:59:56
PAY-20260604-0005024,TRP-20260604-0005024,43.14,mada,settled,2026-06-04 22:56:13
PAY-20260604-0005025,TRP-20260604-0005025,60.93,apple_pay,settled,2026-06-04 19:27:50
PAY-20260604-0005026,TRP-20260604-0005026,12.00,credit_card,settled,2026-06-04 13:13:51
PAY-20260604-0005027,TRP-20260604-0005027,12.00,credit_card,settled,2026-06-04 12:17:45
PAY-20260604-0005028,TRP-20260604-0005028,46.93,mada,settled,2026-06-04 06:45:11
PAY-20260604-0005030,TRP-20260604-0005030,42.10,mada,settled,2026-06-04 07:23:23
PAY-20260604-0005032,TRP-20260604-0005032,11.00,cash,settled,2026-06-04 00:28:30
PAY-20260604-0005034,TRP-20260604-0005034,15.61,mada,settled,2026-06-05 11:35:58
PAY-20260604-0005035,TRP-20260604-0005035,16.41,mada,settled,2026-06-04 20:51:26
PAY-20260604-0005036,TRP-20260604-0005036,28.58,mada,settled,2026-06-04 19:25:42
PAY-20260604-0005037,TRP-20260604-0005037,22.11,mada,settled,2026-06-04 10:35:29
PAY-20260604-0005038,TRP-20260604-0005038,34.88,stc_pay,settled,2026-06-04 20:14:47
PAY-20260604-0005039,TRP-20260604-0005039,25.08,wallet,settled,2026-06-04 10:02:45
PAY-20260604-0005040,TRP-20260604-0005040,21.50,mada,settled,2026-06-04 14:20:34
PAY-20260604-0005041,TRP-20260604-0005041,6.00,credit_card,settled,2026-06-04 19:57:05
PAY-20260604-0005042,TRP-20260604-0005042,74.86,cash,settled,2026-06-04 16:44:17
PAY-20260604-0005043,TRP-20260604-0005043,33.34,credit_card,settled,2026-06-05 01:28:13
PAY-20260604-0005044,TRP-20260604-0005044,25.74,stc_pay,settled,2026-06-04 10:04:40
PAY-20260604-0005045,TRP-20260604-0005045,10.00,cash,settled,2026-06-04 18:10:12
PAY-20260604-0005046,TRP-20260604-0005046,23.56,mada,settled,2026-06-05 09:39:29
PAY-20260604-0005047,TRP-20260604-0005047,11.00,mada,settled,2026-06-04 07:06:49
PAY-20260604-0005048,TRP-20260604-0005048,13.34,mada,settled,2026-06-04 09:16:06
PAY-20260604-0005049,TRP-20260604-0005049,27.15,apple_pay,settled,2026-06-04 16:28:59
PAY-20260604-0005050,TRP-20260604-0005050,38.84,cash,settled,2026-06-04 06:19:57
PAY-20260604-0005051,TRP-20260604-0005051,87.50,stc_pay,settled,2026-06-05 11:08:49
PAY-20260604-0005052,TRP-20260604-0005052,59.86,mada,settled,2026-06-04 09:00:35
PAY-20260604-0005053,TRP-20260604-0005053,20.47,credit_card,settled,2026-06-05 08:28:35
PAY-20260604-0005054,TRP-20260604-0005054,45.04,stc_pay,settled,2026-06-05 16:36:00
PAY-20260604-0005055,TRP-20260604-0005055,13.64,mada,settled,2026-06-04 00:51:13
PAY-20260604-0005056,TRP-20260604-0005056,42.46,credit_card,settled,2026-06-04 18:34:22
PAY-20260604-0005057,TRP-20260604-0005057,86.87,wallet,settled,2026-06-04 06:50:40
PAY-20260604-0005058,TRP-20260604-0005058,22.32,stc_pay,settled,2026-06-04 13:11:04
PAY-20260604-0005059,TRP-20260604-0005059,26.43,mada,settled,2026-06-04 21:59:41
PAY-20260604-0005060,TRP-20260604-0005060,15.40,stc_pay,settled,2026-06-04 04:37:41
PAY-20260604-0005061,TRP-20260604-0005061,17.79,cash,settled,2026-06-04 05:33:39
PAY-20260604-0005062,TRP-20260604-0005062,40.92,credit_card,settled,2026-06-04 14:06:03
PAY-20260604-0005063,TRP-20260604-0005063,62.07,mada,settled,2026-06-05 03:03:41
PAY-20260604-0005064,TRP-20260604-0005064,18.01,credit_card,settled,2026-06-04 21:08:04
PAY-20260604-0005065,TRP-20260604-0005065,23.17,mada,settled,2026-06-04 16:24:43
PAY-20260604-0005066,TRP-20260604-0005066,31.73,mada,settled,2026-06-04 14:20:27
PAY-20260604-0005067,TRP-20260604-0005067,15.09,cash,settled,2026-06-04 03:43:51
PAY-20260604-0005068,TRP-20260604-0005068,19.64,mada,settled,2026-06-05 01:11:05
PAY-20260604-0005069,TRP-20260604-0005069,13.73,wallet,settled,2026-06-04 08:33:01
PAY-20260604-0005070,TRP-20260604-0005070,12.08,credit_card,settled,2026-06-04 08:03:48
PAY-20260604-0005071,TRP-20260604-0005071,40.59,apple_pay,pending,2026-06-05 09:26:05
PAY-20260604-0005072,TRP-20260604-0005072,15.77,credit_card,pending,2026-06-04 10:48:46
PAY-20260604-0005073,TRP-20260604-0005073,20.05,mada,settled,2026-06-04 08:02:55
PAY-20260604-0005074,TRP-20260604-0005074,11.00,stc_pay,settled,2026-06-04 18:36:43
PAY-20260604-0005075,TRP-20260604-0005075,37.44,mada,settled,2026-06-05 08:39:36
PAY-20260604-0005076,TRP-20260604-0005076,25.93,apple_pay,settled,2026-06-04 00:44:55
PAY-20260604-0005077,TRP-20260604-0005077,51.25,apple_pay,settled,2026-06-04 04:19:38
PAY-20260604-0005078,TRP-20260604-0005078,20.55,mada,settled,2026-06-04 10:23:55
PAY-20260604-0005079,TRP-20260604-0005079,50.48,credit_card,settled,2026-06-04 17:20:06
PAY-20260604-0005080,TRP-20260604-0005080,92.06,cash,settled,2026-06-04 05:38:47
PAY-20260604-0005081,TRP-20260604-0005081,14.80,cash,settled,2026-06-04 12:10:32
PAY-20260604-0005082,TRP-20260604-0005082,38.76,mada,settled,2026-06-05 19:16:14
PAY-20260604-0005083,TRP-20260604-0005083,58.86,mada,settled,2026-06-04 12:26:49
PAY-20260604-0005084,TRP-20260604-0005084,18.48,apple_pay,settled,2026-06-04 15:42:05
PAY-20260604-0005085,TRP-20260604-0005085,22.34,cash,settled,2026-06-04 12:35:59
PAY-20260604-0005086,TRP-20260604-0005086,11.00,mada,pending,2026-06-04 17:20:32
PAY-20260604-0005087,TRP-20260604-0005087,15.01,cash,settled,2026-06-04 09:47:31
PAY-20260604-0005088,TRP-20260604-0005088,18.78,credit_card,settled,2026-06-04 13:52:50
PAY-20260604-0005089,TRP-20260604-0005089,22.87,stc_pay,settled,2026-06-04 04:45:42
PAY-20260604-0005090,TRP-20260604-0005090,32.37,stc_pay,settled,2026-06-04 18:03:05
PAY-20260604-0005091,TRP-20260604-0005091,17.78,mada,settled,2026-06-04 19:52:02
PAY-20260604-0005092,TRP-20260604-0005092,22.59,mada,settled,2026-06-04 19:50:53
PAY-20260604-0005093,TRP-20260604-0005093,134.53,credit_card,settled,2026-06-04 18:23:46
PAY-20260604-0005094,TRP-20260604-0005094,17.55,wallet,settled,2026-06-04 11:46:58
PAY-20260604-0005095,TRP-20260604-0005095,21.19,apple_pay,settled,2026-06-04 14:39:32
PAY-20260604-0005096,TRP-20260604-0005096,18.90,credit_card,settled,2026-06-04 07:19:34
PAY-20260604-0005097,TRP-20260604-0005097,24.80,credit_card,settled,2026-06-04 16:50:37
PAY-20260604-0005098,TRP-20260604-0005098,14.20,mada,settled,2026-06-04 01:25:15
PAY-20260604-0005099,TRP-20260604-0005099,6.00,apple_pay,settled,2026-06-04 07:31:47
PAY-20260604-0005100,TRP-20260604-0005100,17.92,mada,settled,2026-06-04 18:25:16
PAY-20260604-0005101,TRP-20260604-0005101,20.99,wallet,settled,2026-06-04 15:36:04
PAY-20260604-0005102,TRP-20260604-0005102,23.99,mada,settled,2026-06-04 17:47:18
PAY-20260604-0005103,TRP-20260604-0005103,22.49,mada,settled,2026-06-04 15:02:29
PAY-20260604-0005104,TRP-20260604-0005104,32.00,credit_card,settled,2026-06-04 16:07:25
PAY-20260604-0005105,TRP-20260604-0005105,16.99,mada,settled,2026-06-04 10:55:04
PAY-20260604-0005106,TRP-20260604-0005106,63.42,mada,settled,2026-06-05 13:32:55
PAY-20260604-0005107,TRP-20260604-0005107,18.35,mada,settled,2026-06-04 16:50:15
PAY-20260604-0005108,TRP-20260604-0005108,26.46,credit_card,settled,2026-06-04 13:42:47
PAY-20260604-0005109,TRP-20260604-0005109,39.40,mada,settled,2026-06-05 04:08:06
PAY-20260604-0005110,TRP-20260604-0005110,42.99,stc_pay,settled,2026-06-04 06:40:24
PAY-20260604-0005111,TRP-20260604-0005111,14.52,stc_pay,settled,2026-06-05 00:10:44
PAY-20260604-0005112,TRP-20260604-0005112,71.23,apple_pay,settled,2026-06-05 07:57:43
PAY-20260604-0005113,TRP-20260604-0005113,68.83,mada,settled,2026-06-04 17:35:11
PAY-20260604-0005114,TRP-20260604-0005114,36.57,mada,settled,2026-06-04 14:04:20
PAY-20260604-0005115,TRP-20260604-0005115,34.39,credit_card,pending,2026-06-04 16:17:43
PAY-20260604-0005116,TRP-20260604-0005116,83.26,mada,settled,2026-06-04 17:05:34
PAY-20260604-0005117,TRP-20260604-0005117,99.88,credit_card,settled,2026-06-04 06:36:41
PAY-20260604-0005118,TRP-20260604-0005118,31.63,mada,pending,2026-06-04 19:48:10
PAY-20260604-0005119,TRP-20260604-0005119,10.00,mada,settled,2026-06-04 19:44:27
PAY-20260604-0005120,TRP-20260604-0005120,24.64,mada,settled,2026-06-03 22:05:06
PAY-20260604-0005121,TRP-20260604-0005121,14.11,mada,settled,2026-06-04 14:05:58
PAY-20260604-0005122,TRP-20260604-0005122,47.79,mada,settled,2026-06-05 03:54:00
PAY-20260604-0005123,TRP-20260604-0005123,136.64,mada,settled,2026-06-04 15:38:07
PAY-20260604-0005124,TRP-20260604-0005124,17.33,wallet,settled,2026-06-04 07:08:24
PAY-20260604-0005125,TRP-20260604-0005125,12.23,cash,settled,2026-06-04 06:37:34
PAY-20260604-0005126,TRP-20260604-0005126,35.01,mada,settled,2026-06-05 14:01:22
PAY-20260604-0005127,TRP-20260604-0005127,48.17,stc_pay,settled,2026-06-05 07:44:51
PAY-20260604-0005128,TRP-20260604-0005128,21.54,credit_card,settled,2026-06-04 19:52:51
PAY-20260604-0005129,TRP-20260604-0005129,39.98,credit_card,settled,2026-06-04 17:38:11
PAY-20260604-0005130,TRP-20260604-0005130,10.00,cash,settled,2026-06-04 08:15:33
PAY-20260604-0005131,TRP-20260604-0005131,49.11,mada,settled,2026-06-05 16:48:46
PAY-20260604-0005132,TRP-20260604-0005132,50.49,cash,settled,2026-06-04 19:23:54
PAY-20260604-0005133,TRP-20260604-0005133,22.06,credit_card,settled,2026-06-04 05:58:42
PAY-20260604-0005134,TRP-20260604-0005134,24.88,mada,settled,2026-06-04 14:58:47
PAY-20260604-0005135,TRP-20260604-0005135,62.82,mada,settled,2026-06-04 08:39:45
PAY-20260604-0005136,TRP-20260604-0005136,74.28,credit_card,settled,2026-06-04 07:03:29
PAY-20260604-0005137,TRP-20260604-0005137,19.44,credit_card,settled,2026-06-04 12:14:58
PAY-20260604-0005138,TRP-20260604-0005138,17.96,apple_pay,settled,2026-06-04 20:43:11
PAY-20260604-0005139,TRP-20260604-0005139,22.55,mada,settled,2026-06-04 13:04:32
PAY-20260604-0005140,TRP-20260604-0005140,18.54,apple_pay,settled,2026-06-04 18:06:26
PAY-20260604-0005141,TRP-20260604-0005141,11.01,apple_pay,settled,2026-06-04 05:25:46
PAY-20260604-0005142,TRP-20260604-0005142,10.00,stc_pay,settled,2026-06-04 12:17:47
PAY-20260604-0005143,TRP-20260604-0005143,24.89,credit_card,settled,2026-06-05 14:15:28
PAY-20260604-0005144,TRP-20260604-0005144,12.00,cash,settled,2026-06-04 18:40:22
PAY-20260604-0005145,TRP-20260604-0005145,30.83,credit_card,settled,2026-06-04 17:34:39
PAY-20260604-0005146,TRP-20260604-0005146,16.85,mada,settled,2026-06-04 04:34:02
PAY-20260604-0005147,TRP-20260604-0005147,50.70,cash,settled,2026-06-04 14:34:22
PAY-20260604-0005148,TRP-20260604-0005148,8.00,mada,settled,2026-06-04 16:21:08
PAY-20260604-0005149,TRP-20260604-0005149,90.03,mada,settled,2026-06-04 10:53:34
PAY-20260604-0005150,TRP-20260604-0005150,66.54,credit_card,settled,2026-06-04 09:42:26
PAY-20260604-0005151,TRP-20260604-0005151,27.38,apple_pay,failed,2026-06-04 18:17:35
PAY-20260604-0005152,TRP-20260604-0005152,51.03,apple_pay,settled,2026-06-04 05:01:10
PAY-20260604-0005153,TRP-20260604-0005153,12.00,mada,settled,2026-06-04 11:01:06
PAY-20260604-0005154,TRP-20260604-0005154,14.73,mada,settled,2026-06-04 10:02:01
PAY-20260604-0005155,TRP-20260604-0005155,27.26,mada,settled,2026-06-05 03:53:03
PAY-20260604-0005156,TRP-20260604-0005156,19.14,credit_card,settled,2026-06-04 20:53:23
PAY-20260604-0005157,TRP-20260604-0005157,53.13,credit_card,settled,2026-06-04 13:33:20
PAY-20260604-0005158,TRP-20260604-0005158,19.56,stc_pay,settled,2026-06-04 19:40:49
PAY-20260604-0005159,TRP-20260604-0005159,40.07,mada,settled,2026-06-04 15:27:23
PAY-20260604-0005160,TRP-20260604-0005160,29.33,credit_card,settled,2026-06-05 12:05:54
PAY-20260604-0005162,TRP-20260604-0005162,160.18,cash,settled,2026-06-04 16:23:02
PAY-20260604-0005163,TRP-20260604-0005163,24.10,stc_pay,settled,2026-06-04 04:06:04
PAY-20260604-0005164,TRP-20260604-0005164,13.08,credit_card,settled,2026-06-05 04:54:38
PAY-20260604-0005165,TRP-20260604-0005165,17.68,mada,settled,2026-06-04 20:08:41
PAY-20260604-0005166,TRP-20260604-0005166,66.75,apple_pay,settled,2026-06-05 11:21:16
PAY-20260604-0005167,TRP-20260604-0005167,24.38,stc_pay,settled,2026-06-04 06:03:00
PAY-20260604-0005168,TRP-20260604-0005168,37.89,mada,settled,2026-06-05 10:48:18
PAY-20260604-0005169,TRP-20260604-0005169,17.44,stc_pay,settled,2026-06-04 16:08:17
PAY-20260604-0005170,TRP-20260604-0005170,40.36,apple_pay,settled,2026-06-04 11:05:12
PAY-20260604-0005171,TRP-20260604-0005171,16.49,cash,settled,2026-06-04 09:35:07
PAY-20260604-0005172,TRP-20260604-0005172,90.42,mada,settled,2026-06-04 06:38:27
PAY-20260604-0005173,TRP-20260604-0005173,20.76,cash,settled,2026-06-04 20:25:34
PAY-20260604-0005174,TRP-20260604-0005174,34.29,mada,settled,2026-06-04 14:32:26
PAY-20260604-0005175,TRP-20260604-0005175,19.21,mada,settled,2026-06-04 17:51:22
PAY-20260604-0005176,TRP-20260604-0005176,39.97,cash,settled,2026-06-04 19:41:14
PAY-20260604-0005177,TRP-20260604-0005177,47.46,wallet,settled,2026-06-04 14:29:20
PAY-20260604-0005180,TRP-20260604-0005180,25.44,cash,settled,2026-06-04 16:21:12
PAY-20260604-0005181,TRP-20260604-0005181,73.35,mada,settled,2026-06-04 18:27:54
PAY-20260604-0005182,TRP-20260604-0005182,21.18,credit_card,settled,2026-06-03 21:48:17
PAY-20260604-0005184,TRP-20260604-0005184,28.61,mada,settled,2026-06-04 13:06:38
PAY-20260604-0005185,TRP-20260604-0005185,121.42,stc_pay,settled,2026-06-05 09:05:32
PAY-20260604-0005186,TRP-20260604-0005186,23.72,mada,settled,2026-06-05 05:40:24
PAY-20260604-0005187,TRP-20260604-0005187,61.57,mada,settled,2026-06-04 12:47:12
PAY-20260604-0005188,TRP-20260604-0005188,19.21,wallet,settled,2026-06-04 16:39:18
PAY-20260604-0005190,TRP-20260604-0005190,38.65,credit_card,settled,2026-06-04 17:12:13
PAY-20260604-0005191,TRP-20260604-0005191,16.03,stc_pay,settled,2026-06-04 12:22:28
PAY-20260604-0005192,TRP-20260604-0005192,17.34,stc_pay,settled,2026-06-04 15:42:55
PAY-20260604-0005193,TRP-20260604-0005193,48.38,stc_pay,settled,2026-06-05 03:09:18
PAY-20260604-0005194,TRP-20260604-0005194,21.81,wallet,settled,2026-06-03 21:49:34
PAY-20260604-0005195,TRP-20260604-0005195,79.48,mada,settled,2026-06-05 13:00:13
PAY-20260604-0005196,TRP-20260604-0005196,59.58,mada,settled,2026-06-04 23:07:35
PAY-20260604-0005197,TRP-20260604-0005197,24.46,credit_card,settled,2026-06-04 19:25:30
PAY-20260604-0005198,TRP-20260604-0005198,44.68,mada,settled,2026-06-05 07:58:11
PAY-20260604-0005199,TRP-20260604-0005199,38.34,mada,settled,2026-06-04 21:21:25
PAY-20260604-0005200,TRP-20260604-0005200,91.05,stc_pay,settled,2026-06-04 07:35:44
PAY-20260604-0005201,TRP-20260604-0005201,8.00,cash,settled,2026-06-04 09:56:31
PAY-20260604-0005202,TRP-20260604-0005202,17.74,credit_card,settled,2026-06-05 10:02:14
PAY-20260604-0005203,TRP-20260604-0005203,38.60,cash,settled,2026-06-04 11:41:18
PAY-20260604-0005204,TRP-20260604-0005204,68.50,stc_pay,settled,2026-06-04 17:41:27
PAY-20260604-0005205,TRP-20260604-0005205,31.89,apple_pay,settled,2026-06-04 07:19:16
PAY-20260604-0005206,TRP-20260604-0005206,62.85,mada,settled,2026-06-04 13:02:21
PAY-20260604-0005207,TRP-20260604-0005207,117.91,stc_pay,settled,2026-06-04 06:39:57
PAY-20260604-0005208,TRP-20260604-0005208,26.23,credit_card,settled,2026-06-04 07:25:00
PAY-20260604-0005209,TRP-20260604-0005209,18.00,credit_card,settled,2026-06-04 09:30:38
PAY-20260604-0005210,TRP-20260604-0005210,32.72,apple_pay,settled,2026-06-04 14:44:09
PAY-20260604-0005211,TRP-20260604-0005211,48.75,stc_pay,settled,2026-06-05 01:05:13
PAY-20260604-0005212,TRP-20260604-0005212,35.13,credit_card,settled,2026-06-04 20:47:13
PAY-20260604-0005213,TRP-20260604-0005213,25.85,stc_pay,settled,2026-06-05 14:59:21
PAY-20260604-0005214,TRP-20260604-0005214,20.01,cash,settled,2026-06-04 07:31:05
PAY-20260604-0005215,TRP-20260604-0005215,29.22,mada,settled,2026-06-04 15:56:18
PAY-20260604-0005216,TRP-20260604-0005216,17.01,credit_card,settled,2026-06-04 12:52:54
PAY-20260604-0005217,TRP-20260604-0005217,22.50,cash,settled,2026-06-04 07:32:49
PAY-20260604-0005218,TRP-20260604-0005218,25.11,mada,settled,2026-06-05 08:59:03
PAY-20260604-0005219,TRP-20260604-0005219,6.00,mada,settled,2026-06-05 01:10:40
PAY-20260604-0005220,TRP-20260604-0005220,33.55,cash,settled,2026-06-04 14:55:19
PAY-20260604-0005221,TRP-20260604-0005221,93.91,mada,pending,2026-06-04 13:14:46
PAY-20260604-0005222,TRP-20260604-0005222,28.68,mada,settled,2026-06-04 05:15:43
PAY-20260604-0005223,TRP-20260604-0005223,27.41,apple_pay,settled,2026-06-04 14:05:58
PAY-20260604-0005224,TRP-20260604-0005224,22.72,cash,settled,2026-06-04 16:53:55
PAY-20260604-0005225,TRP-20260604-0005225,55.91,mada,settled,2026-06-05 08:09:01
PAY-20260604-0005226,TRP-20260604-0005226,30.22,credit_card,settled,2026-06-04 17:07:56
PAY-20260604-0005227,TRP-20260604-0005227,6.00,mada,settled,2026-06-04 20:55:53
PAY-20260604-0005228,TRP-20260604-0005228,19.00,mada,settled,2026-06-04 11:47:43
PAY-20260604-0005229,TRP-20260604-0005229,15.76,wallet,settled,2026-06-04 12:54:13
PAY-20260604-0005230,TRP-20260604-0005230,27.34,mada,settled,2026-06-04 04:39:56
PAY-20260604-0005231,TRP-20260604-0005231,57.32,mada,settled,2026-06-04 15:03:09
PAY-20260604-0005233,TRP-20260604-0005233,58.67,cash,settled,2026-06-04 16:06:15
PAY-20260604-0005234,TRP-20260604-0005234,107.19,mada,settled,2026-06-04 17:19:31
PAY-20260604-0005235,TRP-20260604-0005235,39.48,wallet,settled,2026-06-04 13:07:05
PAY-20260604-0005236,TRP-20260604-0005236,10.00,stc_pay,settled,2026-06-04 07:52:25
PAY-20260604-0005237,TRP-20260604-0005237,72.80,apple_pay,settled,2026-06-05 08:10:02
PAY-20260604-0005238,TRP-20260604-0005238,39.59,credit_card,settled,2026-06-04 13:55:50
PAY-20260604-0005239,TRP-20260604-0005239,26.61,cash,settled,2026-06-04 20:22:35
PAY-20260604-0005240,TRP-20260604-0005240,129.71,cash,settled,2026-06-04 08:01:04
PAY-20260604-0005241,TRP-20260604-0005241,43.57,credit_card,refunded,2026-06-04 12:47:10
PAY-20260604-0005242,TRP-20260604-0005242,13.99,credit_card,settled,2026-06-04 22:54:21
PAY-20260604-0005243,TRP-20260604-0005243,13.46,stc_pay,settled,2026-06-04 09:42:44
PAY-20260604-0005244,TRP-20260604-0005244,41.25,mada,settled,2026-06-04 20:13:58
PAY-20260604-0005245,TRP-20260604-0005245,50.37,credit_card,settled,2026-06-05 11:55:46
PAY-20260604-0005246,TRP-20260604-0005246,21.84,credit_card,settled,2026-06-04 01:01:42
PAY-20260604-0005247,TRP-20260604-0005247,10.00,mada,settled,2026-06-04 16:43:54
PAY-20260604-0005248,TRP-20260604-0005248,19.10,mada,settled,2026-06-04 14:37:22
PAY-20260604-0005249,TRP-20260604-0005249,65.85,apple_pay,settled,2026-06-04 18:49:45
PAY-20260604-0005250,TRP-20260604-0005250,117.83,mada,settled,2026-06-04 07:27:26
PAY-20260604-0005251,TRP-20260604-0005251,74.44,cash,settled,2026-06-04 19:06:02
PAY-20260604-0005252,TRP-20260604-0005252,10.00,stc_pay,settled,2026-06-05 03:33:44
PAY-20260604-0005253,TRP-20260604-0005253,43.80,apple_pay,settled,2026-06-04 10:00:37
PAY-20260604-0005254,TRP-20260604-0005254,23.73,mada,settled,2026-06-04 17:35:46
PAY-20260604-0005255,TRP-20260604-0005255,10.00,mada,settled,2026-06-04 03:36:48
PAY-20260604-0005256,TRP-20260604-0005256,15.39,mada,settled,2026-06-05 09:41:25
PAY-20260604-0005257,TRP-20260604-0005257,85.47,apple_pay,settled,2026-06-04 09:22:16
PAY-20260604-0005258,TRP-20260604-0005258,24.70,mada,settled,2026-06-05 06:15:17
PAY-20260604-0005259,TRP-20260604-0005259,62.57,mada,settled,2026-06-04 06:19:51
PAY-20260604-0005260,TRP-20260604-0005260,41.13,wallet,settled,2026-06-05 03:54:24
PAY-20260604-0005261,TRP-20260604-0005261,16.36,mada,settled,2026-06-04 19:38:49
PAY-20260604-0005262,TRP-20260604-0005262,25.03,mada,settled,2026-06-04 23:09:26
PAY-20260604-0005263,TRP-20260604-0005263,103.21,wallet,settled,2026-06-05 00:10:25
PAY-20260604-0005264,TRP-20260604-0005264,87.14,mada,settled,2026-06-04 10:49:54
PAY-20260604-0005265,TRP-20260604-0005265,12.00,apple_pay,settled,2026-06-03 23:51:13
PAY-20260604-0005266,TRP-20260604-0005266,100.76,stc_pay,settled,2026-06-04 16:56:43
PAY-20260604-0005267,TRP-20260604-0005267,23.71,apple_pay,settled,2026-06-04 13:36:34
PAY-20260604-0005268,TRP-20260604-0005268,6.00,stc_pay,settled,2026-06-04 09:41:54
PAY-20260604-0005269,TRP-20260604-0005269,58.94,wallet,settled,2026-06-04 07:25:05
PAY-20260604-0005270,TRP-20260604-0005270,75.63,credit_card,settled,2026-06-04 09:39:36
PAY-20260604-0005271,TRP-20260604-0005271,21.39,mada,settled,2026-06-04 07:33:44
PAY-20260604-0005272,TRP-20260604-0005272,75.47,cash,settled,2026-06-04 16:27:50
PAY-20260604-0005273,TRP-20260604-0005273,19.89,credit_card,settled,2026-06-04 08:49:13
PAY-20260604-0005274,TRP-20260604-0005274,15.68,stc_pay,settled,2026-06-04 04:14:04
PAY-20260604-0005275,TRP-20260604-0005275,29.31,mada,settled,2026-06-04 14:14:24
PAY-20260604-0005276,TRP-20260604-0005276,28.40,apple_pay,settled,2026-06-03 22:39:02
PAY-20260604-0005277,TRP-20260604-0005277,10.00,apple_pay,settled,2026-06-04 21:08:01
PAY-20260604-0005278,TRP-20260604-0005278,84.25,mada,settled,2026-06-04 18:01:35
PAY-20260604-0005279,TRP-20260604-0005279,43.71,apple_pay,settled,2026-06-04 19:10:36
PAY-20260604-0005280,TRP-20260604-0005280,40.31,mada,settled,2026-06-04 22:29:54
PAY-20260604-0005281,TRP-20260604-0005281,98.36,mada,settled,2026-06-04 17:00:54
PAY-20260604-0005282,TRP-20260604-0005282,41.42,apple_pay,settled,2026-06-04 21:26:13
PAY-20260604-0005283,TRP-20260604-0005283,16.51,cash,settled,2026-06-04 18:19:42
PAY-20260604-0005284,TRP-20260604-0005284,117.25,mada,settled,2026-06-04 05:59:36
PAY-20260604-0005285,TRP-20260604-0005285,24.26,credit_card,settled,2026-06-04 14:27:35
PAY-20260604-0005286,TRP-20260604-0005286,40.27,credit_card,settled,2026-06-04 14:54:40
PAY-20260604-0005287,TRP-20260604-0005287,30.30,stc_pay,settled,2026-06-04 05:19:25
PAY-20260604-0005288,TRP-20260604-0005288,85.44,wallet,settled,2026-06-04 09:27:51
PAY-20260604-0005289,TRP-20260604-0005289,39.97,wallet,settled,2026-06-04 10:36:16
PAY-20260604-0005290,TRP-20260604-0005290,40.10,credit_card,settled,2026-06-04 15:08:47
PAY-20260604-0005291,TRP-20260604-0005291,21.69,mada,settled,2026-06-04 06:38:34
PAY-20260604-0005292,TRP-20260604-0005292,18.11,mada,settled,2026-06-04 13:44:12
PAY-20260604-0005293,TRP-20260604-0005293,21.95,wallet,failed,2026-06-04 14:53:12
PAY-20260604-0005294,TRP-20260604-0005294,69.15,wallet,settled,2026-06-04 16:42:19
PAY-20260604-0005295,TRP-20260604-0005295,144.79,mada,settled,2026-06-04 23:03:12
PAY-20260604-0005296,TRP-20260604-0005296,28.36,mada,settled,2026-06-04 23:27:56
PAY-20260604-0005298,TRP-20260604-0005298,22.80,mada,settled,2026-06-04 15:27:11
PAY-20260604-0005299,TRP-20260604-0005299,12.47,apple_pay,settled,2026-06-04 09:59:04
PAY-20260604-0005300,TRP-20260604-0005300,8.00,apple_pay,settled,2026-06-04 21:08:33
PAY-20260604-0005301,TRP-20260604-0005301,12.00,mada,settled,2026-06-05 07:41:27
PAY-20260604-0005302,TRP-20260604-0005302,24.81,credit_card,settled,2026-06-04 11:02:44
PAY-20260604-0005303,TRP-20260604-0005303,23.09,credit_card,settled,2026-06-05 05:10:48
PAY-20260604-0005304,TRP-20260604-0005304,18.82,credit_card,settled,2026-06-04 10:56:02
PAY-20260604-0005305,TRP-20260604-0005305,31.92,stc_pay,settled,2026-06-05 02:30:15
PAY-20260604-0005306,TRP-20260604-0005306,29.57,stc_pay,settled,2026-06-04 06:32:36
PAY-20260604-0005307,TRP-20260604-0005307,20.14,credit_card,settled,2026-06-04 16:04:08
PAY-20260604-0005308,TRP-20260604-0005308,22.79,wallet,settled,2026-06-04 23:40:33
PAY-20260604-0005309,TRP-20260604-0005309,15.78,apple_pay,settled,2026-06-04 15:46:54
PAY-20260604-0005310,TRP-20260604-0005310,31.27,cash,settled,2026-06-04 15:19:09
PAY-20260604-0005311,TRP-20260604-0005311,11.00,credit_card,settled,2026-06-04 16:39:20
PAY-20260604-0005312,TRP-20260604-0005312,31.70,mada,settled,2026-06-04 09:31:22
PAY-20260604-0005313,TRP-20260604-0005313,60.00,cash,settled,2026-06-04 16:08:29
PAY-20260604-0005314,TRP-20260604-0005314,42.45,cash,settled,2026-06-04 17:48:06
PAY-20260604-0005315,TRP-20260604-0005315,21.96,credit_card,settled,2026-06-04 16:08:15
PAY-20260604-0005317,TRP-20260604-0005317,10.00,mada,settled,2026-06-04 11:45:05
PAY-20260604-0005318,TRP-20260604-0005318,48.20,wallet,settled,2026-06-05 09:09:09
PAY-20260604-0005319,TRP-20260604-0005319,120.69,mada,settled,2026-06-04 13:26:28
PAY-20260604-0005320,TRP-20260604-0005320,37.80,stc_pay,settled,2026-06-04 19:15:33
PAY-20260604-0005321,TRP-20260604-0005321,18.97,wallet,settled,2026-06-04 05:26:29
PAY-20260604-0005323,TRP-20260604-0005323,50.09,mada,settled,2026-06-04 22:31:23
PAY-20260604-0005324,TRP-20260604-0005324,117.39,mada,settled,2026-06-04 20:44:06
PAY-20260604-0005325,TRP-20260604-0005325,23.80,credit_card,settled,2026-06-04 04:41:14
PAY-20260604-0005326,TRP-20260604-0005326,113.96,mada,failed,2026-06-04 06:03:23
PAY-20260604-0005327,TRP-20260604-0005327,50.94,stc_pay,settled,2026-06-04 16:02:49
PAY-20260604-0005328,TRP-20260604-0005328,62.49,credit_card,pending,2026-06-04 16:08:22
PAY-20260604-0005329,TRP-20260604-0005329,35.86,credit_card,settled,2026-06-04 09:40:26
PAY-20260604-0005330,TRP-20260604-0005330,33.16,credit_card,settled,2026-06-04 10:14:07
PAY-20260604-0005331,TRP-20260604-0005331,42.35,credit_card,settled,2026-06-04 23:46:41
PAY-20260604-0005332,TRP-20260604-0005332,18.28,stc_pay,settled,2026-06-04 18:26:15
PAY-20260604-0005333,TRP-20260604-0005333,33.04,apple_pay,settled,2026-06-04 06:03:38
PAY-20260604-0005335,TRP-20260604-0005335,21.97,cash,settled,2026-06-03 22:40:36
PAY-20260604-0005336,TRP-20260604-0005336,16.83,mada,settled,2026-06-04 08:50:39
PAY-20260604-0005337,TRP-20260604-0005337,64.55,stc_pay,settled,2026-06-05 10:51:15
PAY-20260604-0005338,TRP-20260604-0005338,144.78,mada,settled,2026-06-04 16:49:18
PAY-20260604-0005339,TRP-20260604-0005339,29.19,wallet,pending,2026-06-04 19:56:54
PAY-20260604-0005340,TRP-20260604-0005340,24.18,credit_card,settled,2026-06-04 16:13:30
PAY-20260604-0005341,TRP-20260604-0005341,38.43,apple_pay,settled,2026-06-04 21:23:59
PAY-20260604-0005343,TRP-20260604-0005343,59.79,credit_card,settled,2026-06-04 09:19:08
PAY-20260604-0005344,TRP-20260604-0005344,16.51,stc_pay,settled,2026-06-04 12:25:21
PAY-20260604-0005345,TRP-20260604-0005345,32.92,apple_pay,settled,2026-06-04 06:09:02
PAY-20260604-0005346,TRP-20260604-0005346,32.57,mada,settled,2026-06-04 15:10:18
PAY-20260604-0005347,TRP-20260604-0005347,40.76,apple_pay,settled,2026-06-04 11:53:07
PAY-20260604-0005348,TRP-20260604-0005348,56.34,apple_pay,settled,2026-06-05 08:58:01
PAY-20260604-0005349,TRP-20260604-0005349,16.47,credit_card,settled,2026-06-04 16:02:39
PAY-20260604-0005350,TRP-20260604-0005350,8.00,mada,settled,2026-06-04 06:20:51
PAY-20260604-0005351,TRP-20260604-0005351,113.59,mada,settled,2026-06-04 17:47:55
PAY-20260604-0005352,TRP-20260604-0005352,28.73,cash,settled,2026-06-04 05:48:04
PAY-20260604-0005353,TRP-20260604-0005353,19.06,credit_card,settled,2026-06-04 04:29:46
PAY-20260604-0005354,TRP-20260604-0005354,18.75,mada,settled,2026-06-04 12:19:30
PAY-20260604-0005355,TRP-20260604-0005355,18.59,mada,settled,2026-06-05 04:19:35
PAY-20260604-0005356,TRP-20260604-0005356,28.58,credit_card,settled,2026-06-05 15:41:56
PAY-20260604-0005357,TRP-20260604-0005357,14.19,stc_pay,settled,2026-06-04 07:45:40
PAY-20260604-0005358,TRP-20260604-0005358,133.16,cash,settled,2026-06-04 15:50:12
PAY-20260604-0005359,TRP-20260604-0005359,17.74,wallet,settled,2026-06-04 02:17:08
PAY-20260604-0005360,TRP-20260604-0005360,84.93,credit_card,settled,2026-06-04 17:49:08
PAY-20260604-0005361,TRP-20260604-0005361,160.19,credit_card,settled,2026-06-04 18:19:18
PAY-20260604-0005362,TRP-20260604-0005362,65.76,credit_card,settled,2026-06-04 15:56:14
PAY-20260604-0005363,TRP-20260604-0005363,121.27,stc_pay,failed,2026-06-04 05:42:44
PAY-20260604-0005364,TRP-20260604-0005364,38.29,credit_card,settled,2026-06-05 04:11:02
PAY-20260604-0005365,TRP-20260604-0005365,103.62,credit_card,settled,2026-06-05 08:48:55
PAY-20260604-0005366,TRP-20260604-0005366,23.95,cash,settled,2026-06-04 16:08:32
PAY-20260604-0005367,TRP-20260604-0005367,15.24,credit_card,settled,2026-06-04 02:47:01
PAY-20260604-0005368,TRP-20260604-0005368,135.96,credit_card,settled,2026-06-04 19:36:36
PAY-20260604-0005369,TRP-20260604-0005369,72.43,cash,settled,2026-06-04 13:49:02
PAY-20260604-0005370,TRP-20260604-0005370,13.92,cash,settled,2026-06-04 15:49:51
PAY-20260604-0005371,TRP-20260604-0005371,16.60,mada,settled,2026-06-04 04:40:27
PAY-20260604-0005372,TRP-20260604-0005372,42.67,wallet,settled,2026-06-04 17:30:09
PAY-20260604-0005373,TRP-20260604-0005373,69.81,mada,settled,2026-06-04 04:30:00
PAY-20260604-0005374,TRP-20260604-0005374,39.87,mada,settled,2026-06-04 21:34:50
PAY-20260604-0005375,TRP-20260604-0005375,23.29,wallet,settled,2026-06-04 14:53:41
PAY-20260604-0005378,TRP-20260604-0005378,21.81,stc_pay,settled,2026-06-04 10:40:58
PAY-20260604-0005380,TRP-20260604-0005380,50.75,mada,settled,2026-06-04 08:01:23
PAY-20260604-0005381,TRP-20260604-0005381,29.86,mada,settled,2026-06-04 20:19:16
PAY-20260604-0005382,TRP-20260604-0005382,36.36,credit_card,settled,2026-06-04 18:03:07
PAY-20260604-0005383,TRP-20260604-0005383,31.24,cash,settled,2026-06-04 04:49:03
PAY-20260604-0005384,TRP-20260604-0005384,46.73,mada,pending,2026-06-04 08:04:00
PAY-20260604-0005385,TRP-20260604-0005385,24.04,mada,settled,2026-06-04 13:23:59
PAY-20260604-0005386,TRP-20260604-0005386,14.89,mada,settled,2026-06-04 17:44:16
PAY-20260604-0005387,TRP-20260604-0005387,114.53,mada,settled,2026-06-05 00:57:54
PAY-20260604-0005388,TRP-20260604-0005388,14.83,credit_card,settled,2026-06-04 11:59:01
PAY-20260604-0005389,TRP-20260604-0005389,28.48,cash,settled,2026-06-04 19:18:54
PAY-20260604-0005390,TRP-20260604-0005390,107.12,cash,settled,2026-06-04 11:28:01
PAY-20260604-0005392,TRP-20260604-0005392,44.64,wallet,settled,2026-06-04 07:13:49
PAY-20260604-0005393,TRP-20260604-0005393,13.56,credit_card,settled,2026-06-04 19:28:31
PAY-20260604-0005394,TRP-20260604-0005394,29.99,wallet,settled,2026-06-04 17:44:34
PAY-20260604-0005395,TRP-20260604-0005395,59.10,apple_pay,settled,2026-06-04 07:47:51
PAY-20260604-0005396,TRP-20260604-0005396,57.37,mada,settled,2026-06-04 19:53:35
PAY-20260604-0005397,TRP-20260604-0005397,25.42,stc_pay,settled,2026-06-04 17:30:39
PAY-20260604-0005398,TRP-20260604-0005398,22.58,apple_pay,settled,2026-06-04 14:23:35
PAY-20260604-0005399,TRP-20260604-0005399,11.53,cash,settled,2026-06-04 19:40:29
PAY-20260604-0005400,TRP-20260604-0005400,82.44,mada,settled,2026-06-04 23:26:56
PAY-20260604-0005401,TRP-20260604-0005401,14.87,apple_pay,settled,2026-06-05 05:42:50
PAY-20260604-0005402,TRP-20260604-0005402,40.47,stc_pay,settled,2026-06-05 00:37:10
PAY-20260604-0005403,TRP-20260604-0005403,70.59,mada,settled,2026-06-04 16:42:59
PAY-20260604-0005404,TRP-20260604-0005404,69.29,mada,settled,2026-06-04 18:40:08
PAY-20260604-0005405,TRP-20260604-0005405,45.98,stc_pay,settled,2026-06-04 17:56:42
PAY-20260604-0005406,TRP-20260604-0005406,26.25,mada,settled,2026-06-04 21:37:52
PAY-20260604-0005407,TRP-20260604-0005407,14.02,credit_card,failed,2026-06-04 06:01:38
PAY-20260604-0005408,TRP-20260604-0005408,35.10,apple_pay,settled,2026-06-04 05:19:57
PAY-20260604-0005409,TRP-20260604-0005409,55.04,cash,settled,2026-06-04 08:06:04
PAY-20260604-0005411,TRP-20260604-0005411,6.00,stc_pay,settled,2026-06-04 08:36:16
PAY-20260604-0005412,TRP-20260604-0005412,21.34,mada,settled,2026-06-04 20:21:38
PAY-20260604-0005413,TRP-20260604-0005413,35.89,stc_pay,settled,2026-06-04 16:58:19
PAY-20260604-0005414,TRP-20260604-0005414,44.80,credit_card,settled,2026-06-05 08:35:00
PAY-20260604-0005415,TRP-20260604-0005415,23.17,mada,settled,2026-06-04 06:04:36
PAY-20260604-0005416,TRP-20260604-0005416,59.12,mada,settled,2026-06-04 09:24:49
PAY-20260604-0005417,TRP-20260604-0005417,39.91,wallet,settled,2026-06-04 19:42:46
PAY-20260604-0005418,TRP-20260604-0005418,10.00,credit_card,settled,2026-06-04 08:28:33
PAY-20260604-0005419,TRP-20260604-0005419,81.63,stc_pay,settled,2026-06-04 17:59:23
PAY-20260604-0005420,TRP-20260604-0005420,10.00,apple_pay,settled,2026-06-05 10:45:17
PAY-20260604-0005421,TRP-20260604-0005421,10.00,credit_card,settled,2026-06-04 02:50:10
PAY-20260604-0005422,TRP-20260604-0005422,12.57,mada,settled,2026-06-04 19:54:05
PAY-20260604-0005423,TRP-20260604-0005423,31.06,stc_pay,settled,2026-06-05 09:22:26
PAY-20260604-0005424,TRP-20260604-0005424,18.71,cash,settled,2026-06-04 15:39:14
PAY-20260604-0005425,TRP-20260604-0005425,164.26,mada,settled,2026-06-04 07:10:12
PAY-20260604-0005426,TRP-20260604-0005426,28.29,mada,settled,2026-06-04 19:05:11
PAY-20260604-0005427,TRP-20260604-0005427,29.23,mada,settled,2026-06-05 13:24:18
PAY-20260604-0005428,TRP-20260604-0005428,24.10,cash,settled,2026-06-04 15:09:59
PAY-20260604-0005429,TRP-20260604-0005429,8.00,mada,settled,2026-06-04 16:09:23
PAY-20260604-0005430,TRP-20260604-0005430,81.03,mada,settled,2026-06-04 19:30:20
PAY-20260604-0005431,TRP-20260604-0005431,82.02,apple_pay,settled,2026-06-05 07:09:15
PAY-20260604-0005432,TRP-20260604-0005432,12.96,mada,settled,2026-06-04 19:24:28
PAY-20260604-0005433,TRP-20260604-0005433,26.95,credit_card,settled,2026-06-04 15:40:22
PAY-20260604-0005435,TRP-20260604-0005435,14.65,credit_card,settled,2026-06-05 08:40:26
PAY-20260604-0005436,TRP-20260604-0005436,15.67,credit_card,settled,2026-06-04 13:38:05
PAY-20260604-0005437,TRP-20260604-0005437,26.86,mada,settled,2026-06-04 20:17:39
PAY-20260604-0005438,TRP-20260604-0005438,19.82,mada,settled,2026-06-04 16:53:35
PAY-20260604-0005439,TRP-20260604-0005439,53.96,apple_pay,settled,2026-06-04 18:23:13
PAY-20260604-0005440,TRP-20260604-0005440,48.65,mada,settled,2026-06-04 21:00:57
PAY-20260604-0005441,TRP-20260604-0005441,12.13,mada,settled,2026-06-05 08:48:12
PAY-20260604-0005442,TRP-20260604-0005442,56.35,mada,settled,2026-06-04 15:52:38
PAY-20260604-0005443,TRP-20260604-0005443,10.00,cash,settled,2026-06-03 21:14:00
PAY-20260604-0005444,TRP-20260604-0005444,53.96,credit_card,settled,2026-06-04 06:43:48
PAY-20260604-0005445,TRP-20260604-0005445,17.89,mada,settled,2026-06-04 19:45:08
PAY-20260604-0005446,TRP-20260604-0005446,131.70,mada,settled,2026-06-04 06:55:28
PAY-20260604-0005447,TRP-20260604-0005447,20.07,mada,settled,2026-06-04 10:12:09
PAY-20260604-0005448,TRP-20260604-0005448,95.96,wallet,settled,2026-06-04 15:07:10
PAY-20260604-0005449,TRP-20260604-0005449,13.60,credit_card,settled,2026-06-04 04:27:53
PAY-20260604-0005450,TRP-20260604-0005450,34.98,cash,settled,2026-06-04 17:59:18
PAY-20260604-0005451,TRP-20260604-0005451,186.36,stc_pay,settled,2026-06-04 17:45:06
PAY-20260604-0005452,TRP-20260604-0005452,17.88,apple_pay,settled,2026-06-04 17:04:18
PAY-20260604-0005453,TRP-20260604-0005453,35.91,credit_card,settled,2026-06-04 23:20:29
PAY-20260604-0005454,TRP-20260604-0005454,25.80,credit_card,settled,2026-06-04 23:03:01
PAY-20260604-0005455,TRP-20260604-0005455,33.61,stc_pay,settled,2026-06-04 13:34:05
PAY-20260604-0005456,TRP-20260604-0005456,13.96,credit_card,settled,2026-06-05 13:16:01
PAY-20260604-0005457,TRP-20260604-0005457,73.95,wallet,settled,2026-06-04 13:15:39
PAY-20260604-0005458,TRP-20260604-0005458,16.09,cash,settled,2026-06-04 16:22:52
PAY-20260604-0005459,TRP-20260604-0005459,37.47,credit_card,settled,2026-06-04 20:52:39
PAY-20260604-0005460,TRP-20260604-0005460,26.92,apple_pay,settled,2026-06-04 14:12:02
PAY-20260604-0005461,TRP-20260604-0005461,12.41,mada,settled,2026-06-04 12:02:14
PAY-20260604-0005462,TRP-20260604-0005462,32.51,mada,settled,2026-06-04 16:23:20
PAY-20260604-0005463,TRP-20260604-0005463,107.81,cash,settled,2026-06-04 15:53:08
PAY-20260604-0005464,TRP-20260604-0005464,16.98,mada,settled,2026-06-04 12:10:14
PAY-20260604-0005465,TRP-20260604-0005465,61.25,stc_pay,settled,2026-06-05 03:06:03
PAY-20260604-0005466,TRP-20260604-0005466,37.21,cash,settled,2026-06-04 16:47:48
PAY-20260604-0005467,TRP-20260604-0005467,55.06,credit_card,settled,2026-06-04 15:31:50
PAY-20260604-0005468,TRP-20260604-0005468,66.56,cash,settled,2026-06-04 08:39:16
PAY-20260604-0005469,TRP-20260604-0005469,16.30,mada,settled,2026-06-04 07:03:08
PAY-20260604-0005470,TRP-20260604-0005470,26.26,cash,settled,2026-06-04 19:40:45
PAY-20260604-0005471,TRP-20260604-0005471,27.38,stc_pay,settled,2026-06-04 22:36:41
PAY-20260604-0005472,TRP-20260604-0005472,14.26,apple_pay,settled,2026-06-04 13:51:40
PAY-20260604-0005473,TRP-20260604-0005473,20.89,credit_card,settled,2026-06-04 06:41:01
PAY-20260604-0005474,TRP-20260604-0005474,46.72,credit_card,failed,2026-06-05 08:23:33
PAY-20260604-0005475,TRP-20260604-0005475,49.59,mada,settled,2026-06-04 06:38:15
PAY-20260604-0005476,TRP-20260604-0005476,32.10,mada,settled,2026-06-04 18:58:11
PAY-20260604-0005477,TRP-20260604-0005477,17.14,mada,settled,2026-06-04 13:08:26
PAY-20260604-0005479,TRP-20260604-0005479,32.76,apple_pay,settled,2026-06-04 17:11:14
PAY-20260604-0005480,TRP-20260604-0005480,17.28,stc_pay,settled,2026-06-05 11:11:03
PAY-20260604-0005481,TRP-20260604-0005481,30.22,mada,settled,2026-06-04 16:24:54
PAY-20260604-0005483,TRP-20260604-0005483,56.76,apple_pay,settled,2026-06-04 22:23:12
PAY-20260604-0005484,TRP-20260604-0005484,75.57,stc_pay,settled,2026-06-04 16:36:43
PAY-20260604-0005485,TRP-20260604-0005485,6.00,stc_pay,settled,2026-06-04 18:27:31
PAY-20260604-0005486,TRP-20260604-0005486,42.05,mada,settled,2026-06-04 20:28:48
PAY-20260604-0005487,TRP-20260604-0005487,34.51,cash,settled,2026-06-04 15:33:18
PAY-20260604-0005488,TRP-20260604-0005488,24.39,apple_pay,settled,2026-06-04 15:31:03
PAY-20260604-0005489,TRP-20260604-0005489,133.74,mada,pending,2026-06-05 06:57:46
PAY-20260604-0005490,TRP-20260604-0005490,25.24,credit_card,settled,2026-06-04 06:56:15
PAY-20260604-0005491,TRP-20260604-0005491,15.13,cash,settled,2026-06-03 23:43:46
PAY-20260604-0005492,TRP-20260604-0005492,15.46,apple_pay,settled,2026-06-04 07:08:10
PAY-20260604-0005493,TRP-20260604-0005493,23.72,credit_card,settled,2026-06-04 17:32:10
PAY-20260604-0005494,TRP-20260604-0005494,15.58,cash,settled,2026-06-04 16:40:48
PAY-20260604-0005495,TRP-20260604-0005495,147.88,mada,settled,2026-06-04 00:14:23
PAY-20260604-0005496,TRP-20260604-0005496,20.06,wallet,settled,2026-06-04 04:50:15
PAY-20260604-0005497,TRP-20260604-0005497,30.44,mada,settled,2026-06-05 01:19:17
PAY-20260604-0005498,TRP-20260604-0005498,12.12,apple_pay,settled,2026-06-04 10:00:51
PAY-20260604-0005499,TRP-20260604-0005499,10.00,mada,settled,2026-06-04 21:41:59
PAY-20260604-0005500,TRP-20260604-0005500,19.31,apple_pay,settled,2026-06-04 17:49:32
PAY-20260604-0005501,TRP-20260604-0005501,20.38,credit_card,settled,2026-06-05 04:12:12
PAY-20260604-0005502,TRP-20260604-0005502,17.60,stc_pay,settled,2026-06-05 08:07:54
PAY-20260604-0005503,TRP-20260604-0005503,115.77,mada,settled,2026-06-05 01:44:32
PAY-20260604-0005504,TRP-20260604-0005504,18.69,wallet,settled,2026-06-05 05:48:04
PAY-20260604-0005505,TRP-20260604-0005505,24.05,apple_pay,settled,2026-06-04 10:49:40
PAY-20260604-0005506,TRP-20260604-0005506,111.91,credit_card,settled,2026-06-04 15:42:16
PAY-20260604-0005507,TRP-20260604-0005507,14.14,credit_card,settled,2026-06-04 09:51:24
PAY-20260604-0005508,TRP-20260604-0005508,49.24,mada,settled,2026-06-04 08:24:37
PAY-20260604-0005509,TRP-20260604-0005509,24.79,mada,settled,2026-06-05 08:18:41
PAY-20260604-0005510,TRP-20260604-0005510,102.72,apple_pay,settled,2026-06-04 03:39:39
PAY-20260604-0005511,TRP-20260604-0005511,36.25,mada,settled,2026-06-04 09:59:16
PAY-20260604-0005512,TRP-20260604-0005512,23.33,mada,refunded,2026-06-04 14:15:42
PAY-20260604-0005513,TRP-20260604-0005513,33.40,mada,settled,2026-06-05 06:59:16
PAY-20260604-0005515,TRP-20260604-0005515,63.09,credit_card,pending,2026-06-04 11:25:37
PAY-20260604-0005516,TRP-20260604-0005516,12.00,credit_card,settled,2026-06-04 06:57:49
PAY-20260604-0005517,TRP-20260604-0005517,143.03,stc_pay,settled,2026-06-04 17:22:34
PAY-20260604-0005518,TRP-20260604-0005518,30.12,mada,settled,2026-06-05 11:18:08
PAY-20260604-0005519,TRP-20260604-0005519,15.58,wallet,settled,2026-06-05 05:11:09
PAY-20260604-0005520,TRP-20260604-0005520,15.51,apple_pay,pending,2026-06-03 22:55:59
PAY-20260604-0005521,TRP-20260604-0005521,10.00,apple_pay,settled,2026-06-04 09:33:16
PAY-20260604-0005522,TRP-20260604-0005522,25.59,mada,settled,2026-06-04 14:53:41
PAY-20260604-0005523,TRP-20260604-0005523,29.68,mada,settled,2026-06-04 11:26:14
PAY-20260604-0005524,TRP-20260604-0005524,14.69,credit_card,settled,2026-06-04 16:14:09
PAY-20260604-0005525,TRP-20260604-0005525,22.28,wallet,settled,2026-06-05 11:06:22
PAY-20260604-0005526,TRP-20260604-0005526,23.01,mada,settled,2026-06-05 06:52:17
PAY-20260604-0005527,TRP-20260604-0005527,13.12,credit_card,settled,2026-06-05 07:44:39
PAY-20260604-0005528,TRP-20260604-0005528,24.82,apple_pay,settled,2026-06-04 06:50:45
PAY-20260604-0005529,TRP-20260604-0005529,13.80,cash,settled,2026-06-04 17:01:38
PAY-20260604-0005530,TRP-20260604-0005530,6.00,mada,settled,2026-06-04 01:18:41
PAY-20260604-0005531,TRP-20260604-0005531,28.41,cash,settled,2026-06-04 05:53:21
PAY-20260604-0005532,TRP-20260604-0005532,49.44,mada,settled,2026-06-04 17:34:37
PAY-20260604-0005533,TRP-20260604-0005533,64.64,mada,settled,2026-06-05 10:12:41
PAY-20260604-0005534,TRP-20260604-0005534,82.91,wallet,settled,2026-06-05 14:45:27
PAY-20260604-0005535,TRP-20260604-0005535,37.87,wallet,settled,2026-06-04 10:30:58
PAY-20260604-0005536,TRP-20260604-0005536,37.63,apple_pay,settled,2026-06-05 03:44:05
PAY-20260604-0005537,TRP-20260604-0005537,30.01,credit_card,settled,2026-06-04 06:00:20
PAY-20260604-0005538,TRP-20260604-0005538,51.60,credit_card,settled,2026-06-05 00:46:37
PAY-20260604-0005539,TRP-20260604-0005539,17.49,mada,settled,2026-06-04 14:56:52
PAY-20260604-0005540,TRP-20260604-0005540,21.56,credit_card,settled,2026-06-04 17:44:33
PAY-20260604-0005541,TRP-20260604-0005541,48.36,mada,settled,2026-06-04 12:15:37
PAY-20260604-0005542,TRP-20260604-0005542,32.21,mada,settled,2026-06-04 21:46:19
PAY-20260604-0005543,TRP-20260604-0005543,49.78,stc_pay,settled,2026-06-05 05:24:16
PAY-20260604-0005544,TRP-20260604-0005544,21.62,cash,settled,2026-06-04 18:14:29
PAY-20260604-0005545,TRP-20260604-0005545,12.99,apple_pay,settled,2026-06-04 14:07:59
PAY-20260604-0005546,TRP-20260604-0005546,21.63,mada,settled,2026-06-04 17:39:25
PAY-20260604-0005547,TRP-20260604-0005547,20.49,mada,settled,2026-06-04 09:04:50
PAY-20260604-0005548,TRP-20260604-0005548,41.65,apple_pay,settled,2026-06-04 19:02:40
PAY-20260604-0005549,TRP-20260604-0005549,20.92,cash,settled,2026-06-04 07:29:42
PAY-20260604-0005550,TRP-20260604-0005550,15.98,cash,settled,2026-06-04 18:10:58
PAY-20260604-0005551,TRP-20260604-0005551,72.90,credit_card,settled,2026-06-04 15:58:08
PAY-20260604-0005552,TRP-20260604-0005552,28.28,mada,pending,2026-06-04 14:50:33
PAY-20260604-0005553,TRP-20260604-0005553,84.49,credit_card,settled,2026-06-04 21:06:42
PAY-20260604-0005554,TRP-20260604-0005554,50.38,apple_pay,settled,2026-06-04 14:58:04
PAY-20260604-0005555,TRP-20260604-0005555,78.62,stc_pay,settled,2026-06-04 14:19:59
PAY-20260604-0005556,TRP-20260604-0005556,30.60,mada,settled,2026-06-05 12:44:29
PAY-20260604-0005557,TRP-20260604-0005557,13.10,cash,settled,2026-06-04 14:53:17
PAY-20260604-0005558,TRP-20260604-0005558,92.73,stc_pay,settled,2026-06-04 06:16:11
PAY-20260604-0005559,TRP-20260604-0005559,26.50,mada,settled,2026-06-04 06:10:38
PAY-20260604-0005560,TRP-20260604-0005560,35.29,apple_pay,settled,2026-06-04 07:41:09
PAY-20260604-0005561,TRP-20260604-0005561,29.43,wallet,settled,2026-06-04 15:23:56
PAY-20260604-0005562,TRP-20260604-0005562,11.00,mada,settled,2026-06-04 23:53:56
PAY-20260604-0005563,TRP-20260604-0005563,20.26,credit_card,settled,2026-06-04 15:14:58
PAY-20260604-0005564,TRP-20260604-0005564,43.50,credit_card,settled,2026-06-04 04:27:03
PAY-20260604-0005565,TRP-20260604-0005565,19.17,credit_card,settled,2026-06-04 11:53:02
PAY-20260604-0005566,TRP-20260604-0005566,11.00,stc_pay,settled,2026-06-04 11:58:33
PAY-20260604-0005567,TRP-20260604-0005567,15.51,cash,settled,2026-06-04 13:53:47
PAY-20260604-0005568,TRP-20260604-0005568,12.32,stc_pay,settled,2026-06-05 04:41:03
PAY-20260604-0005569,TRP-20260604-0005569,26.31,stc_pay,settled,2026-06-04 05:15:59
PAY-20260604-0005570,TRP-20260604-0005570,91.72,wallet,settled,2026-06-04 06:45:43
PAY-20260604-0005571,TRP-20260604-0005571,42.21,mada,settled,2026-06-04 12:49:56
PAY-20260604-0005572,TRP-20260604-0005572,29.93,mada,settled,2026-06-04 21:58:08
PAY-20260604-0005573,TRP-20260604-0005573,19.56,apple_pay,settled,2026-06-04 17:10:48
PAY-20260604-0005574,TRP-20260604-0005574,21.63,mada,settled,2026-06-04 11:18:33
PAY-20260604-0005575,TRP-20260604-0005575,67.14,mada,settled,2026-06-05 02:15:58
PAY-20260604-0005576,TRP-20260604-0005576,28.72,credit_card,settled,2026-06-04 13:13:53
PAY-20260604-0005577,TRP-20260604-0005577,66.75,mada,settled,2026-06-04 18:51:44
PAY-20260604-0005578,TRP-20260604-0005578,53.16,cash,settled,2026-06-04 17:44:18
PAY-20260604-0005579,TRP-20260604-0005579,25.53,mada,settled,2026-06-04 16:45:23
PAY-20260604-0005580,TRP-20260604-0005580,27.30,apple_pay,settled,2026-06-04 11:14:37
PAY-20260604-0005581,TRP-20260604-0005581,13.59,apple_pay,settled,2026-06-04 11:30:55
PAY-20260604-0005582,TRP-20260604-0005582,33.40,credit_card,settled,2026-06-05 08:10:23
PAY-20260604-0005583,TRP-20260604-0005583,57.19,cash,settled,2026-06-04 15:09:56
PAY-20260604-0005584,TRP-20260604-0005584,21.27,mada,settled,2026-06-04 16:41:32
PAY-20260604-0005585,TRP-20260604-0005585,27.37,mada,settled,2026-06-04 17:10:40
PAY-20260604-0005586,TRP-20260604-0005586,19.19,mada,settled,2026-06-04 07:01:53
PAY-20260604-0005587,TRP-20260604-0005587,19.46,credit_card,settled,2026-06-04 13:41:10
PAY-20260604-0005588,TRP-20260604-0005588,70.35,mada,settled,2026-06-04 06:50:44
PAY-20260604-0005589,TRP-20260604-0005589,16.15,cash,settled,2026-06-04 19:07:36
PAY-20260604-0005590,TRP-20260604-0005590,30.46,mada,settled,2026-06-05 03:38:29
PAY-20260604-0005591,TRP-20260604-0005591,24.95,cash,settled,2026-06-04 14:21:10
PAY-20260604-0005592,TRP-20260604-0005592,89.13,credit_card,settled,2026-06-04 18:10:36
PAY-20260604-0005593,TRP-20260604-0005593,18.06,credit_card,settled,2026-06-04 13:11:21
PAY-20260604-0005594,TRP-20260604-0005594,19.05,cash,settled,2026-06-04 11:40:56
PAY-20260604-0005595,TRP-20260604-0005595,67.34,credit_card,settled,2026-06-05 08:52:56
PAY-20260604-0005596,TRP-20260604-0005596,86.81,cash,settled,2026-06-04 18:24:23
PAY-20260604-0005597,TRP-20260604-0005597,13.49,cash,settled,2026-06-04 17:24:10
PAY-20260604-0005598,TRP-20260604-0005598,103.07,cash,settled,2026-06-04 15:59:24
PAY-20260604-0005599,TRP-20260604-0005599,51.32,cash,settled,2026-06-04 05:40:29
PAY-20260604-0005600,TRP-20260604-0005600,120.96,mada,settled,2026-06-04 22:52:36
PAY-20260604-0005601,TRP-20260604-0005601,18.38,stc_pay,settled,2026-06-04 13:49:54
PAY-20260604-0005602,TRP-20260604-0005602,25.26,cash,settled,2026-06-04 18:00:13
PAY-20260604-0005603,TRP-20260604-0005603,57.31,apple_pay,settled,2026-06-04 19:19:15
PAY-20260604-0005604,TRP-20260604-0005604,33.25,mada,settled,2026-06-04 10:29:53
PAY-20260604-0005605,TRP-20260604-0005605,10.00,mada,settled,2026-06-04 13:29:20
PAY-20260604-0005606,TRP-20260604-0005606,12.00,credit_card,pending,2026-06-05 03:54:53
PAY-20260604-0005607,TRP-20260604-0005607,16.58,credit_card,settled,2026-06-04 08:59:18
PAY-20260604-0005608,TRP-20260604-0005608,16.35,stc_pay,settled,2026-06-04 16:00:17
PAY-20260604-0005609,TRP-20260604-0005609,12.00,mada,settled,2026-06-04 19:31:39
PAY-20260604-0005610,TRP-20260604-0005610,97.08,credit_card,settled,2026-06-05 06:12:19
PAY-20260604-0005611,TRP-20260604-0005611,34.05,credit_card,settled,2026-06-04 09:29:49
PAY-20260604-0005612,TRP-20260604-0005612,28.48,wallet,settled,2026-06-04 08:00:22
PAY-20260604-0005613,TRP-20260604-0005613,35.65,credit_card,settled,2026-06-05 03:53:11
PAY-20260604-0005614,TRP-20260604-0005614,23.76,mada,pending,2026-06-04 17:26:46
PAY-20260604-0005615,TRP-20260604-0005615,14.63,mada,settled,2026-06-04 08:14:10
PAY-20260604-0005616,TRP-20260604-0005616,20.18,mada,settled,2026-06-05 07:23:04
PAY-20260604-0005617,TRP-20260604-0005617,41.91,credit_card,settled,2026-06-05 00:05:52
PAY-20260604-0005618,TRP-20260604-0005618,11.00,credit_card,pending,2026-06-03 22:38:28
PAY-20260604-0005619,TRP-20260604-0005619,49.83,mada,settled,2026-06-04 03:55:30
PAY-20260604-0005620,TRP-20260604-0005620,30.05,apple_pay,settled,2026-06-04 11:34:39
PAY-20260604-0005621,TRP-20260604-0005621,12.00,wallet,settled,2026-06-04 09:38:44
PAY-20260604-0005623,TRP-20260604-0005623,26.22,stc_pay,settled,2026-06-04 10:33:06
PAY-20260604-0005624,TRP-20260604-0005624,59.55,wallet,settled,2026-06-04 15:53:04
PAY-20260604-0005625,TRP-20260604-0005625,12.00,apple_pay,settled,2026-06-04 13:44:40
PAY-20260604-0005626,TRP-20260604-0005626,25.92,mada,settled,2026-06-05 14:28:34
PAY-20260604-0005627,TRP-20260604-0005627,22.43,cash,settled,2026-06-04 04:14:56
PAY-20260604-0005628,TRP-20260604-0005628,17.07,mada,refunded,2026-06-04 04:02:59
PAY-20260604-0005629,TRP-20260604-0005629,56.36,mada,settled,2026-06-05 05:25:34
PAY-20260604-0005630,TRP-20260604-0005630,14.22,credit_card,settled,2026-06-04 08:06:08
PAY-20260604-0005631,TRP-20260604-0005631,48.73,mada,settled,2026-06-05 04:57:25
PAY-20260604-0005632,TRP-20260604-0005632,33.89,mada,settled,2026-06-04 22:42:43
PAY-20260604-0005633,TRP-20260604-0005633,35.63,apple_pay,settled,2026-06-04 09:10:06
PAY-20260604-0005634,TRP-20260604-0005634,93.64,mada,settled,2026-06-04 19:42:24
PAY-20260604-0005635,TRP-20260604-0005635,86.62,credit_card,settled,2026-06-04 16:21:13
PAY-20260604-0005636,TRP-20260604-0005636,112.69,cash,settled,2026-06-04 17:59:10
PAY-20260604-0005637,TRP-20260604-0005637,164.92,credit_card,settled,2026-06-05 04:30:58
PAY-20260604-0005638,TRP-20260604-0005638,28.27,apple_pay,settled,2026-06-05 08:31:00
PAY-20260604-0005640,TRP-20260604-0005640,28.76,mada,settled,2026-06-04 12:54:48
PAY-20260604-0005641,TRP-20260604-0005641,131.28,cash,settled,2026-06-04 07:04:08
PAY-20260604-0005642,TRP-20260604-0005642,11.00,stc_pay,settled,2026-06-05 01:04:25
PAY-20260604-0005643,TRP-20260604-0005643,17.08,stc_pay,settled,2026-06-04 10:57:11
PAY-20260604-0005644,TRP-20260604-0005644,10.00,cash,settled,2026-06-04 15:18:33
PAY-20260604-0005645,TRP-20260604-0005645,34.18,mada,settled,2026-06-04 15:45:33
PAY-20260604-0005646,TRP-20260604-0005646,12.55,mada,settled,2026-06-05 06:15:46
PAY-20260604-0005647,TRP-20260604-0005647,38.16,cash,settled,2026-06-04 13:09:31
PAY-20260604-0005648,TRP-20260604-0005648,10.00,mada,settled,2026-06-04 20:02:51
PAY-20260604-0005650,TRP-20260604-0005650,49.45,apple_pay,settled,2026-06-04 17:23:25
PAY-20260604-0005651,TRP-20260604-0005651,29.87,stc_pay,settled,2026-06-04 03:27:48
PAY-20260604-0005652,TRP-20260604-0005652,45.58,credit_card,settled,2026-06-04 06:23:34
PAY-20260604-0005653,TRP-20260604-0005653,16.62,mada,settled,2026-06-04 06:51:51
PAY-20260604-0005654,TRP-20260604-0005654,42.71,cash,settled,2026-06-04 12:51:21
PAY-20260604-0005655,TRP-20260604-0005655,8.00,apple_pay,failed,2026-06-04 20:46:05
PAY-20260604-0005656,TRP-20260604-0005656,147.16,mada,settled,2026-06-04 16:45:57
PAY-20260604-0005657,TRP-20260604-0005657,176.18,wallet,settled,2026-06-05 01:24:28
PAY-20260604-0005658,TRP-20260604-0005658,19.79,cash,settled,2026-06-04 13:06:26
PAY-20260604-0005659,TRP-20260604-0005659,20.06,wallet,settled,2026-06-04 07:12:32
PAY-20260604-0005660,TRP-20260604-0005660,52.87,mada,settled,2026-06-04 18:47:33
PAY-20260604-0005661,TRP-20260604-0005661,70.54,mada,settled,2026-06-04 10:35:42
PAY-20260604-0005662,TRP-20260604-0005662,26.32,cash,settled,2026-06-04 20:10:49
PAY-20260604-0005663,TRP-20260604-0005663,32.14,apple_pay,settled,2026-06-04 04:44:03
PAY-20260604-0005664,TRP-20260604-0005664,25.95,mada,settled,2026-06-04 06:29:11
PAY-20260604-0005665,TRP-20260604-0005665,14.03,mada,settled,2026-06-04 07:33:09
PAY-20260604-0005666,TRP-20260604-0005666,46.25,mada,settled,2026-06-04 23:37:54
PAY-20260604-0005667,TRP-20260604-0005667,71.12,credit_card,settled,2026-06-04 17:30:41
PAY-20260604-0005668,TRP-20260604-0005668,19.49,apple_pay,settled,2026-06-04 19:08:37
PAY-20260604-0005669,TRP-20260604-0005669,22.18,mada,settled,2026-06-04 11:55:49
PAY-20260604-0005670,TRP-20260604-0005670,135.28,wallet,settled,2026-06-05 15:07:31
PAY-20260604-0005671,TRP-20260604-0005671,91.92,mada,settled,2026-06-03 22:30:46
PAY-20260604-0005672,TRP-20260604-0005672,45.48,credit_card,settled,2026-06-05 11:03:35
PAY-20260604-0005673,TRP-20260604-0005673,21.70,stc_pay,settled,2026-06-04 14:51:58
PAY-20260604-0005674,TRP-20260604-0005674,29.29,cash,settled,2026-06-04 16:46:32
PAY-20260604-0005675,TRP-20260604-0005675,19.86,apple_pay,settled,2026-06-04 12:22:26
PAY-20260604-0005676,TRP-20260604-0005676,50.16,mada,settled,2026-06-04 08:21:31
PAY-20260604-0005677,TRP-20260604-0005677,27.24,mada,settled,2026-06-04 06:25:22
PAY-20260604-0005679,TRP-20260604-0005679,52.29,cash,settled,2026-06-04 06:38:50
PAY-20260604-0005680,TRP-20260604-0005680,16.35,credit_card,settled,2026-06-04 03:36:12
PAY-20260604-0005681,TRP-20260604-0005681,23.60,credit_card,settled,2026-06-05 14:49:24
PAY-20260604-0005683,TRP-20260604-0005683,15.28,mada,settled,2026-06-04 15:28:01
PAY-20260604-0005684,TRP-20260604-0005684,59.47,credit_card,settled,2026-06-04 19:33:28
PAY-20260604-0005685,TRP-20260604-0005685,58.26,stc_pay,settled,2026-06-04 13:18:06
PAY-20260604-0005686,TRP-20260604-0005686,25.03,mada,settled,2026-06-04 20:18:42
PAY-20260604-0005687,TRP-20260604-0005687,53.34,mada,settled,2026-06-04 20:53:06
PAY-20260604-0005688,TRP-20260604-0005688,32.22,cash,settled,2026-06-04 05:56:56
PAY-20260604-0005689,TRP-20260604-0005689,17.76,apple_pay,settled,2026-06-05 00:59:24
PAY-20260604-0005690,TRP-20260604-0005690,38.46,credit_card,settled,2026-06-04 06:29:30
PAY-20260604-0005691,TRP-20260604-0005691,14.82,apple_pay,settled,2026-06-04 14:09:40
PAY-20260604-0005692,TRP-20260604-0005692,19.99,credit_card,settled,2026-06-04 13:32:01
PAY-20260604-0005693,TRP-20260604-0005693,29.07,mada,pending,2026-06-04 02:48:44
PAY-20260604-0005694,TRP-20260604-0005694,84.05,credit_card,settled,2026-06-04 18:13:02
PAY-20260604-0005695,TRP-20260604-0005695,92.73,stc_pay,settled,2026-06-05 01:50:09
PAY-20260604-0005696,TRP-20260604-0005696,99.25,mada,settled,2026-06-04 13:26:33
PAY-20260604-0005697,TRP-20260604-0005697,35.45,mada,settled,2026-06-05 14:29:23
PAY-20260604-0005698,TRP-20260604-0005698,57.63,mada,settled,2026-06-04 15:12:14
PAY-20260604-0005699,TRP-20260604-0005699,46.86,stc_pay,settled,2026-06-04 07:01:29
PAY-20260604-0005700,TRP-20260604-0005700,39.30,credit_card,settled,2026-06-04 21:17:42
PAY-20260604-0005701,TRP-20260604-0005701,34.14,cash,settled,2026-06-04 17:27:11
PAY-20260604-0005702,TRP-20260604-0005702,27.26,stc_pay,settled,2026-06-05 09:06:46
PAY-20260604-0005703,TRP-20260604-0005703,12.22,credit_card,settled,2026-06-04 05:08:15
PAY-20260604-0005704,TRP-20260604-0005704,37.77,apple_pay,settled,2026-06-04 13:11:10
PAY-20260604-0005705,TRP-20260604-0005705,37.57,credit_card,settled,2026-06-05 03:17:19
PAY-20260604-0005706,TRP-20260604-0005706,62.81,wallet,settled,2026-06-04 22:29:17
PAY-20260604-0005707,TRP-20260604-0005707,78.42,mada,settled,2026-06-04 17:03:01
PAY-20260604-0005708,TRP-20260604-0005708,68.45,apple_pay,settled,2026-06-04 09:53:31
PAY-20260604-0005709,TRP-20260604-0005709,16.98,cash,settled,2026-06-04 19:09:17
PAY-20260604-0005710,TRP-20260604-0005710,11.00,mada,settled,2026-06-04 11:54:11
PAY-20260604-0005711,TRP-20260604-0005711,16.41,cash,settled,2026-06-04 13:54:07
PAY-20260604-0005712,TRP-20260604-0005712,74.35,wallet,settled,2026-06-04 17:55:17
PAY-20260604-0005713,TRP-20260604-0005713,51.43,credit_card,settled,2026-06-04 15:39:17
PAY-20260604-0005714,TRP-20260604-0005714,6.00,credit_card,settled,2026-06-04 16:32:01
PAY-20260604-0005715,TRP-20260604-0005715,69.83,credit_card,settled,2026-06-04 13:20:11
PAY-20260604-0005716,TRP-20260604-0005716,20.12,mada,failed,2026-06-05 10:42:20
PAY-20260604-0005717,TRP-20260604-0005717,18.68,mada,settled,2026-06-04 07:19:51
PAY-20260604-0005718,TRP-20260604-0005718,27.54,mada,settled,2026-06-05 01:08:30
PAY-20260604-0005719,TRP-20260604-0005719,50.23,mada,settled,2026-06-05 02:41:48
PAY-20260604-0005720,TRP-20260604-0005720,65.73,mada,settled,2026-06-04 16:46:59
PAY-20260604-0005721,TRP-20260604-0005721,14.29,wallet,settled,2026-06-05 06:49:26
PAY-20260604-0005722,TRP-20260604-0005722,10.21,wallet,settled,2026-06-04 04:52:57
PAY-20260604-0005723,TRP-20260604-0005723,25.73,apple_pay,settled,2026-06-04 17:48:39
PAY-20260604-0005724,TRP-20260604-0005724,14.47,credit_card,settled,2026-06-04 21:40:37
PAY-20260604-0005725,TRP-20260604-0005725,46.54,credit_card,settled,2026-06-04 22:42:52
PAY-20260604-0005726,TRP-20260604-0005726,28.27,apple_pay,settled,2026-06-05 15:41:37
PAY-20260604-0005727,TRP-20260604-0005727,49.49,apple_pay,settled,2026-06-04 20:35:42
PAY-20260604-0005728,TRP-20260604-0005728,18.77,cash,settled,2026-06-04 04:04:47
PAY-20260604-0005729,TRP-20260604-0005729,36.03,wallet,settled,2026-06-04 09:25:31
PAY-20260604-0005730,TRP-20260604-0005730,37.12,credit_card,settled,2026-06-05 02:29:10
PAY-20260604-0005731,TRP-20260604-0005731,86.84,stc_pay,settled,2026-06-04 10:00:08
PAY-20260604-0005733,TRP-20260604-0005733,24.91,apple_pay,settled,2026-06-04 17:31:13
PAY-20260604-0005734,TRP-20260604-0005734,14.13,stc_pay,settled,2026-06-04 10:53:46
PAY-20260604-0005735,TRP-20260604-0005735,49.55,wallet,settled,2026-06-04 09:29:07
PAY-20260604-0005736,TRP-20260604-0005736,12.00,stc_pay,settled,2026-06-05 09:18:44
PAY-20260604-0005737,TRP-20260604-0005737,211.28,credit_card,settled,2026-06-04 19:35:34
PAY-20260604-0005738,TRP-20260604-0005738,63.96,mada,settled,2026-06-04 14:12:43
PAY-20260604-0005739,TRP-20260604-0005739,6.00,mada,settled,2026-06-04 07:04:50
PAY-20260604-0005740,TRP-20260604-0005740,28.14,stc_pay,settled,2026-06-04 12:12:54
PAY-20260604-0005741,TRP-20260604-0005741,40.96,apple_pay,settled,2026-06-05 19:06:19
PAY-20260604-0005742,TRP-20260604-0005742,11.93,mada,settled,2026-06-05 06:01:44
PAY-20260604-0005743,TRP-20260604-0005743,23.43,mada,settled,2026-06-05 02:35:33
PAY-20260604-0005744,TRP-20260604-0005744,19.93,mada,settled,2026-06-04 16:15:30
PAY-20260604-0005745,TRP-20260604-0005745,99.43,credit_card,settled,2026-06-04 23:01:47
PAY-20260604-0005746,TRP-20260604-0005746,26.59,apple_pay,settled,2026-06-04 22:15:56
PAY-20260604-0005747,TRP-20260604-0005747,23.00,credit_card,settled,2026-06-04 15:00:31
PAY-20260604-0005749,TRP-20260604-0005749,18.18,mada,settled,2026-06-04 00:46:59
PAY-20260604-0005750,TRP-20260604-0005750,16.28,cash,settled,2026-06-04 11:53:38
PAY-20260604-0005751,TRP-20260604-0005751,12.00,credit_card,settled,2026-06-04 18:55:29
PAY-20260604-0005752,TRP-20260604-0005752,22.78,cash,settled,2026-06-04 14:27:16
PAY-20260604-0005753,TRP-20260604-0005753,21.03,mada,settled,2026-06-04 22:51:04
PAY-20260604-0005754,TRP-20260604-0005754,13.27,mada,settled,2026-06-04 20:00:47
PAY-20260604-0005755,TRP-20260604-0005755,23.12,cash,settled,2026-06-04 10:16:14
PAY-20260604-0005757,TRP-20260604-0005757,15.49,cash,settled,2026-06-04 12:17:02
PAY-20260604-0005758,TRP-20260604-0005758,23.50,stc_pay,settled,2026-06-05 00:50:51
PAY-20260604-0005759,TRP-20260604-0005759,22.02,apple_pay,settled,2026-06-04 09:56:18
PAY-20260604-0005760,TRP-20260604-0005760,50.67,apple_pay,settled,2026-06-04 18:47:18
PAY-20260604-0005761,TRP-20260604-0005761,22.69,mada,settled,2026-06-05 05:03:30
PAY-20260604-0005762,TRP-20260604-0005762,28.22,mada,settled,2026-06-04 15:58:11
PAY-20260604-0005763,TRP-20260604-0005763,12.98,mada,settled,2026-06-04 14:00:35
PAY-20260604-0005764,TRP-20260604-0005764,84.39,mada,settled,2026-06-04 20:44:57
PAY-20260604-0005765,TRP-20260604-0005765,36.18,wallet,settled,2026-06-05 09:40:46
PAY-20260604-0005766,TRP-20260604-0005766,163.90,cash,settled,2026-06-04 16:50:58
PAY-20260604-0005767,TRP-20260604-0005767,19.82,wallet,settled,2026-06-04 13:58:46
PAY-20260604-0005768,TRP-20260604-0005768,54.83,cash,settled,2026-06-04 12:43:59
PAY-20260604-0005769,TRP-20260604-0005769,77.99,wallet,settled,2026-06-04 18:05:34
PAY-20260604-0005770,TRP-20260604-0005770,66.36,wallet,settled,2026-06-04 23:27:52
PAY-20260604-0005771,TRP-20260604-0005771,37.28,credit_card,settled,2026-06-04 05:38:05
PAY-20260604-0005772,TRP-20260604-0005772,61.49,mada,settled,2026-06-04 17:31:10
PAY-20260604-0005773,TRP-20260604-0005773,10.00,mada,settled,2026-06-04 19:44:30
PAY-20260604-0005774,TRP-20260604-0005774,23.68,mada,settled,2026-06-04 07:47:15
PAY-20260604-0005775,TRP-20260604-0005775,41.82,mada,settled,2026-06-05 18:06:18
PAY-20260604-0005776,TRP-20260604-0005776,31.26,mada,settled,2026-06-04 20:21:20
PAY-20260604-0005777,TRP-20260604-0005777,157.95,mada,pending,2026-06-04 16:09:34
PAY-20260604-0005778,TRP-20260604-0005778,81.02,mada,settled,2026-06-05 12:53:46
PAY-20260604-0005780,TRP-20260604-0005780,48.30,mada,settled,2026-06-04 05:32:40
PAY-20260604-0005781,TRP-20260604-0005781,17.72,mada,settled,2026-06-04 20:18:41
PAY-20260604-0005782,TRP-20260604-0005782,181.18,mada,settled,2026-06-05 08:20:24
PAY-20260604-0005783,TRP-20260604-0005783,23.46,mada,settled,2026-06-05 11:47:35
PAY-20260604-0005784,TRP-20260604-0005784,20.63,stc_pay,settled,2026-06-04 16:59:05
PAY-20260604-0005785,TRP-20260604-0005785,104.71,stc_pay,settled,2026-06-04 05:31:49
PAY-20260604-0005786,TRP-20260604-0005786,89.77,credit_card,settled,2026-06-04 16:42:04
PAY-20260604-0005787,TRP-20260604-0005787,31.38,mada,pending,2026-06-05 00:40:33
PAY-20260604-0005788,TRP-20260604-0005788,46.39,mada,settled,2026-06-04 21:00:09
PAY-20260604-0005789,TRP-20260604-0005789,14.71,mada,settled,2026-06-04 18:58:39
PAY-20260604-0005790,TRP-20260604-0005790,24.31,cash,settled,2026-06-04 20:43:36
PAY-20260604-0005791,TRP-20260604-0005791,13.46,credit_card,settled,2026-06-04 03:36:00
PAY-20260604-0005792,TRP-20260604-0005792,16.80,mada,settled,2026-06-04 21:00:01
PAY-20260604-0005793,TRP-20260604-0005793,21.27,mada,settled,2026-06-04 15:15:33
PAY-20260604-0005794,TRP-20260604-0005794,11.08,credit_card,settled,2026-06-04 12:32:51
PAY-20260604-0005795,TRP-20260604-0005795,16.88,cash,settled,2026-06-04 13:57:31
PAY-20260604-0005796,TRP-20260604-0005796,31.40,credit_card,settled,2026-06-04 10:39:06
PAY-20260604-0005797,TRP-20260604-0005797,41.90,apple_pay,settled,2026-06-05 06:53:19
PAY-20260604-0005798,TRP-20260604-0005798,16.08,stc_pay,settled,2026-06-04 23:16:23
PAY-20260604-0005799,TRP-20260604-0005799,14.21,cash,settled,2026-06-04 19:54:10
PAY-20260604-0005800,TRP-20260604-0005800,19.02,mada,settled,2026-06-05 11:49:53
PAY-20260604-0005802,TRP-20260604-0005802,26.86,stc_pay,settled,2026-06-04 22:16:36
PAY-20260604-0005803,TRP-20260604-0005803,46.17,mada,settled,2026-06-05 03:02:16
PAY-20260604-0005804,TRP-20260604-0005804,10.00,mada,settled,2026-06-05 10:03:22
PAY-20260604-0005805,TRP-20260604-0005805,73.90,mada,settled,2026-06-04 17:46:48
PAY-20260604-0005806,TRP-20260604-0005806,33.21,mada,settled,2026-06-04 17:49:37
PAY-20260604-0005807,TRP-20260604-0005807,149.37,mada,settled,2026-06-04 17:11:27
PAY-20260604-0005808,TRP-20260604-0005808,59.57,stc_pay,settled,2026-06-04 10:20:54
PAY-20260604-0005809,TRP-20260604-0005809,27.26,mada,settled,2026-06-04 23:32:38
PAY-20260604-0005810,TRP-20260604-0005810,19.71,credit_card,settled,2026-06-04 05:00:45
PAY-20260604-0005811,TRP-20260604-0005811,75.25,apple_pay,settled,2026-06-05 07:06:35
PAY-20260604-0005812,TRP-20260604-0005812,12.52,credit_card,settled,2026-06-04 16:29:47
PAY-20260604-0005813,TRP-20260604-0005813,39.29,mada,settled,2026-06-04 14:29:44
PAY-20260604-0005814,TRP-20260604-0005814,23.83,mada,settled,2026-06-04 18:44:28
PAY-20260604-0005815,TRP-20260604-0005815,56.07,stc_pay,settled,2026-06-04 09:46:54
PAY-20260604-0005816,TRP-20260604-0005816,206.42,mada,settled,2026-06-04 11:46:38
PAY-20260604-0005817,TRP-20260604-0005817,24.09,credit_card,settled,2026-06-04 15:52:32
PAY-20260604-0005818,TRP-20260604-0005818,187.65,stc_pay,settled,2026-06-04 22:11:34
PAY-20260604-0005819,TRP-20260604-0005819,17.04,cash,settled,2026-06-04 00:21:50
PAY-20260604-0005820,TRP-20260604-0005820,42.82,stc_pay,settled,2026-06-04 19:11:57
PAY-20260604-0005821,TRP-20260604-0005821,60.39,credit_card,settled,2026-06-04 15:17:18
PAY-20260604-0005822,TRP-20260604-0005822,11.00,mada,settled,2026-06-03 23:45:41
PAY-20260604-0005823,TRP-20260604-0005823,25.79,mada,settled,2026-06-04 19:01:23
PAY-20260604-0005824,TRP-20260604-0005824,24.93,mada,settled,2026-06-04 19:36:25
PAY-20260604-0005825,TRP-20260604-0005825,34.89,stc_pay,settled,2026-06-04 05:40:46
PAY-20260604-0005826,TRP-20260604-0005826,6.00,credit_card,settled,2026-06-04 04:21:35
PAY-20260604-0005827,TRP-20260604-0005827,78.99,cash,settled,2026-06-04 16:37:04
PAY-20260604-0005828,TRP-20260604-0005828,83.95,apple_pay,settled,2026-06-04 17:09:54
PAY-20260604-0005829,TRP-20260604-0005829,21.57,apple_pay,failed,2026-06-03 23:43:20
PAY-20260604-0005830,TRP-20260604-0005830,18.55,mada,settled,2026-06-05 09:35:54
PAY-20260604-0005831,TRP-20260604-0005831,60.01,mada,settled,2026-06-04 04:01:33
PAY-20260604-0005832,TRP-20260604-0005832,25.38,mada,settled,2026-06-04 17:45:07
PAY-20260604-0005833,TRP-20260604-0005833,58.45,cash,settled,2026-06-04 11:45:32
PAY-20260604-0005834,TRP-20260604-0005834,25.79,credit_card,settled,2026-06-05 14:28:20
PAY-20260604-0005836,TRP-20260604-0005836,12.00,credit_card,failed,2026-06-04 09:04:45
PAY-20260604-0005837,TRP-20260604-0005837,90.45,stc_pay,settled,2026-06-05 06:36:23
PAY-20260604-0005838,TRP-20260604-0005838,55.15,mada,settled,2026-06-04 12:20:47
PAY-20260604-0005839,TRP-20260604-0005839,25.05,stc_pay,settled,2026-06-04 19:47:14
PAY-20260604-0005840,TRP-20260604-0005840,135.32,mada,settled,2026-06-04 07:40:52
PAY-20260604-0005841,TRP-20260604-0005841,67.18,mada,settled,2026-06-04 05:36:04
PAY-20260604-0005842,TRP-20260604-0005842,86.78,apple_pay,settled,2026-06-04 22:28:48
PAY-20260604-0005843,TRP-20260604-0005843,61.56,mada,settled,2026-06-04 21:27:45
PAY-20260604-0005844,TRP-20260604-0005844,15.84,stc_pay,settled,2026-06-05 01:10:22
PAY-20260604-0005845,TRP-20260604-0005845,12.38,apple_pay,settled,2026-06-04 07:21:35
PAY-20260604-0005846,TRP-20260604-0005846,55.17,credit_card,settled,2026-06-04 16:53:45
PAY-20260604-0005847,TRP-20260604-0005847,105.21,credit_card,settled,2026-06-04 07:42:03
PAY-20260604-0005848,TRP-20260604-0005848,34.69,apple_pay,settled,2026-06-04 15:41:49
PAY-20260604-0005849,TRP-20260604-0005849,14.71,cash,settled,2026-06-04 20:47:18
PAY-20260604-0005850,TRP-20260604-0005850,11.37,apple_pay,settled,2026-06-05 03:05:48
PAY-20260604-0005851,TRP-20260604-0005851,35.90,mada,settled,2026-06-04 06:42:27
PAY-20260604-0005852,TRP-20260604-0005852,11.00,cash,settled,2026-06-04 09:42:44
PAY-20260604-0005853,TRP-20260604-0005853,51.86,credit_card,settled,2026-06-04 16:18:55
PAY-20260604-0005854,TRP-20260604-0005854,35.67,cash,settled,2026-06-04 18:15:53
PAY-20260604-0005855,TRP-20260604-0005855,16.75,credit_card,settled,2026-06-04 16:30:32
PAY-20260604-0005856,TRP-20260604-0005856,155.23,mada,settled,2026-06-04 19:34:44
PAY-20260604-0005857,TRP-20260604-0005857,56.78,credit_card,settled,2026-06-04 10:26:30
PAY-20260604-0005858,TRP-20260604-0005858,47.10,mada,settled,2026-06-05 12:27:00
PAY-20260604-0005859,TRP-20260604-0005859,21.48,credit_card,settled,2026-06-04 15:40:42
PAY-20260604-0005860,TRP-20260604-0005860,46.42,wallet,settled,2026-06-05 06:32:47
PAY-20260604-0005861,TRP-20260604-0005861,23.32,apple_pay,settled,2026-06-04 16:16:19
PAY-20260604-0005862,TRP-20260604-0005862,41.08,wallet,settled,2026-06-04 07:42:58
PAY-20260604-0005863,TRP-20260604-0005863,18.73,credit_card,settled,2026-06-04 16:16:53
PAY-20260604-0005864,TRP-20260604-0005864,13.00,mada,failed,2026-06-04 21:25:04
PAY-20260604-0005865,TRP-20260604-0005865,17.16,apple_pay,settled,2026-06-04 14:33:42
PAY-20260604-0005866,TRP-20260604-0005866,55.62,mada,settled,2026-06-04 06:36:26
PAY-20260604-0005867,TRP-20260604-0005867,23.55,wallet,settled,2026-06-04 13:54:26
PAY-20260604-0005868,TRP-20260604-0005868,18.39,cash,settled,2026-06-04 16:33:48
PAY-20260604-0005869,TRP-20260604-0005869,62.57,stc_pay,settled,2026-06-04 09:46:06
PAY-20260604-0005870,TRP-20260604-0005870,134.91,mada,settled,2026-06-04 09:58:21
PAY-20260604-0005871,TRP-20260604-0005871,10.00,wallet,settled,2026-06-04 03:42:38
PAY-20260604-0005872,TRP-20260604-0005872,138.16,mada,settled,2026-06-04 09:12:52
PAY-20260604-0005873,TRP-20260604-0005873,43.46,stc_pay,settled,2026-06-04 16:14:46
PAY-20260604-0005874,TRP-20260604-0005874,29.97,cash,settled,2026-06-04 06:33:39
PAY-20260604-0005875,TRP-20260604-0005875,22.88,cash,settled,2026-06-04 15:55:55
PAY-20260604-0005876,TRP-20260604-0005876,84.61,apple_pay,settled,2026-06-04 18:16:04
PAY-20260604-0005877,TRP-20260604-0005877,6.00,mada,settled,2026-06-04 18:46:22
PAY-20260604-0005878,TRP-20260604-0005878,62.24,stc_pay,settled,2026-06-05 12:59:55
PAY-20260604-0005879,TRP-20260604-0005879,60.08,credit_card,settled,2026-06-05 03:48:37
PAY-20260604-0005880,TRP-20260604-0005880,46.10,credit_card,settled,2026-06-04 13:08:09
PAY-20260604-0005881,TRP-20260604-0005881,27.97,mada,settled,2026-06-04 17:54:23
PAY-20260604-0005882,TRP-20260604-0005882,18.53,mada,settled,2026-06-05 10:19:59
PAY-20260604-0005883,TRP-20260604-0005883,10.00,credit_card,settled,2026-06-05 00:22:25
PAY-20260604-0005884,TRP-20260604-0005884,16.01,credit_card,settled,2026-06-04 09:02:00
PAY-20260604-0005886,TRP-20260604-0005886,12.11,wallet,refunded,2026-06-04 21:56:29
PAY-20260604-0005887,TRP-20260604-0005887,26.04,cash,settled,2026-06-04 11:24:44
PAY-20260604-0005888,TRP-20260604-0005888,69.66,credit_card,settled,2026-06-04 07:19:06
PAY-20260604-0005889,TRP-20260604-0005889,25.16,apple_pay,settled,2026-06-04 15:32:30
PAY-20260604-0005890,TRP-20260604-0005890,28.10,stc_pay,settled,2026-06-04 04:59:58
PAY-20260604-0005891,TRP-20260604-0005891,51.64,wallet,settled,2026-06-04 03:55:41
PAY-20260604-0005892,TRP-20260604-0005892,47.78,mada,settled,2026-06-04 07:21:28
PAY-20260604-0005893,TRP-20260604-0005893,43.00,credit_card,settled,2026-06-04 09:01:55
PAY-20260604-0005894,TRP-20260604-0005894,22.03,mada,settled,2026-06-05 00:18:40
PAY-20260604-0005895,TRP-20260604-0005895,26.45,credit_card,settled,2026-06-04 08:14:17
PAY-20260604-0005896,TRP-20260604-0005896,64.10,wallet,settled,2026-06-04 12:40:18
PAY-20260604-0005897,TRP-20260604-0005897,34.94,wallet,settled,2026-06-05 09:56:41
PAY-20260604-0005898,TRP-20260604-0005898,85.93,mada,settled,2026-06-05 08:55:05
PAY-20260604-0005899,TRP-20260604-0005899,23.72,wallet,settled,2026-06-04 22:53:34
PAY-20260604-0005900,TRP-20260604-0005900,34.91,credit_card,settled,2026-06-04 16:49:50
PAY-20260604-0005901,TRP-20260604-0005901,20.47,stc_pay,settled,2026-06-05 06:01:17
PAY-20260604-0005902,TRP-20260604-0005902,35.78,cash,settled,2026-06-04 16:36:24
PAY-20260604-0005903,TRP-20260604-0005903,25.41,mada,settled,2026-06-04 05:18:59
PAY-20260604-0005904,TRP-20260604-0005904,188.70,apple_pay,settled,2026-06-04 17:18:25
PAY-20260604-0005905,TRP-20260604-0005905,28.06,cash,settled,2026-06-04 21:03:22
PAY-20260604-0005906,TRP-20260604-0005906,24.55,mada,settled,2026-06-04 04:09:13
PAY-20260604-0005907,TRP-20260604-0005907,10.00,credit_card,settled,2026-06-04 15:26:50
PAY-20260604-0005908,TRP-20260604-0005908,54.12,credit_card,settled,2026-06-04 14:59:56
PAY-20260604-0005909,TRP-20260604-0005909,15.08,stc_pay,settled,2026-06-04 07:18:55
PAY-20260604-0005910,TRP-20260604-0005910,43.37,mada,settled,2026-06-05 15:25:16
PAY-20260604-0005911,TRP-20260604-0005911,38.66,credit_card,settled,2026-06-04 05:01:21
PAY-20260604-0005912,TRP-20260604-0005912,96.98,mada,settled,2026-06-04 11:04:20
PAY-20260604-0005913,TRP-20260604-0005913,17.83,mada,settled,2026-06-04 09:01:39
PAY-20260604-0005914,TRP-20260604-0005914,25.05,mada,settled,2026-06-05 08:34:33
PAY-20260604-0005915,TRP-20260604-0005915,48.04,mada,settled,2026-06-05 00:06:48
PAY-20260604-0005916,TRP-20260604-0005916,22.54,credit_card,settled,2026-06-04 17:45:46
PAY-20260604-0005917,TRP-20260604-0005917,19.93,mada,settled,2026-06-04 16:17:09
PAY-20260604-0005918,TRP-20260604-0005918,85.59,mada,settled,2026-06-04 16:40:52
PAY-20260604-0005919,TRP-20260604-0005919,37.82,apple_pay,settled,2026-06-04 15:19:02
PAY-20260604-0005920,TRP-20260604-0005920,39.25,credit_card,settled,2026-06-04 06:54:12
PAY-20260604-0005921,TRP-20260604-0005921,17.66,mada,settled,2026-06-04 06:04:52
PAY-20260604-0005922,TRP-20260604-0005922,15.72,cash,settled,2026-06-04 17:34:09
PAY-20260604-0005923,TRP-20260604-0005923,35.61,credit_card,settled,2026-06-05 09:36:00
PAY-20260604-0005924,TRP-20260604-0005924,171.29,wallet,settled,2026-06-04 07:13:15
PAY-20260604-0005925,TRP-20260604-0005925,109.29,credit_card,settled,2026-06-04 02:40:02
PAY-20260604-0005926,TRP-20260604-0005926,52.08,credit_card,settled,2026-06-04 17:09:08
PAY-20260604-0005927,TRP-20260604-0005927,14.13,mada,settled,2026-06-04 14:08:28
PAY-20260604-0005928,TRP-20260604-0005928,19.56,mada,settled,2026-06-04 05:22:54
PAY-20260604-0005929,TRP-20260604-0005929,32.39,credit_card,settled,2026-06-04 09:43:18
PAY-20260604-0005930,TRP-20260604-0005930,107.73,apple_pay,settled,2026-06-04 20:46:50
PAY-20260604-0005931,TRP-20260604-0005931,11.44,apple_pay,settled,2026-06-04 17:37:33
PAY-20260604-0005932,TRP-20260604-0005932,27.95,wallet,settled,2026-06-04 12:53:30
PAY-20260604-0005933,TRP-20260604-0005933,78.81,apple_pay,settled,2026-06-04 15:36:40
PAY-20260604-0005934,TRP-20260604-0005934,14.67,credit_card,settled,2026-06-04 13:19:37
PAY-20260604-0005935,TRP-20260604-0005935,23.53,apple_pay,settled,2026-06-04 20:49:24
PAY-20260604-0005936,TRP-20260604-0005936,67.20,mada,settled,2026-06-04 06:26:58
PAY-20260604-0005937,TRP-20260604-0005937,46.54,credit_card,settled,2026-06-05 11:10:44
PAY-20260604-0005938,TRP-20260604-0005938,29.23,credit_card,pending,2026-06-04 18:09:35
PAY-20260604-0005939,TRP-20260604-0005939,48.83,credit_card,settled,2026-06-04 22:00:23
PAY-20260604-0005940,TRP-20260604-0005940,13.00,credit_card,settled,2026-06-04 12:40:04
PAY-20260604-0005941,TRP-20260604-0005941,45.26,credit_card,pending,2026-06-04 17:47:47
PAY-20260604-0005942,TRP-20260604-0005942,55.89,credit_card,settled,2026-06-04 17:59:00
PAY-20260604-0005943,TRP-20260604-0005943,62.94,cash,settled,2026-06-04 16:06:48
PAY-20260604-0005944,TRP-20260604-0005944,12.55,cash,settled,2026-06-04 14:54:46
PAY-20260604-0005945,TRP-20260604-0005945,19.55,credit_card,settled,2026-06-04 13:18:47
PAY-20260604-0005947,TRP-20260604-0005947,26.25,credit_card,settled,2026-06-04 10:29:58
PAY-20260604-0005948,TRP-20260604-0005948,12.00,credit_card,settled,2026-06-04 20:50:22
PAY-20260604-0005949,TRP-20260604-0005949,72.23,mada,settled,2026-06-04 19:38:05
PAY-20260604-0005950,TRP-20260604-0005950,12.00,credit_card,settled,2026-06-05 10:04:02
PAY-20260604-0005951,TRP-20260604-0005951,23.36,credit_card,refunded,2026-06-04 09:10:38
PAY-20260604-0005952,TRP-20260604-0005952,32.37,mada,settled,2026-06-05 03:45:24
PAY-20260604-0005953,TRP-20260604-0005953,45.02,mada,settled,2026-06-04 13:00:59
PAY-20260604-0005954,TRP-20260604-0005954,10.00,mada,settled,2026-06-05 06:12:46
PAY-20260604-0005955,TRP-20260604-0005955,127.93,credit_card,settled,2026-06-04 16:09:02
PAY-20260604-0005956,TRP-20260604-0005956,25.23,apple_pay,settled,2026-06-04 15:02:11
PAY-20260604-0005957,TRP-20260604-0005957,46.47,mada,settled,2026-06-04 15:33:06
PAY-20260604-0005958,TRP-20260604-0005958,17.18,credit_card,settled,2026-06-04 08:16:32
PAY-20260604-0005959,TRP-20260604-0005959,19.48,mada,settled,2026-06-04 05:17:17
PAY-20260604-0005960,TRP-20260604-0005960,12.00,credit_card,settled,2026-06-04 22:35:23
PAY-20260604-0005961,TRP-20260604-0005961,20.05,mada,settled,2026-06-04 19:52:32
PAY-20260604-0005962,TRP-20260604-0005962,29.12,credit_card,settled,2026-06-05 08:34:51
PAY-20260604-0005963,TRP-20260604-0005963,38.60,apple_pay,settled,2026-06-04 16:23:11
PAY-20260604-0005964,TRP-20260604-0005964,97.04,cash,settled,2026-06-04 16:26:52
PAY-20260604-0005965,TRP-20260604-0005965,17.28,apple_pay,settled,2026-06-04 07:51:01
PAY-20260604-0005966,TRP-20260604-0005966,122.12,cash,settled,2026-06-04 15:59:53
PAY-20260604-0005967,TRP-20260604-0005967,12.00,stc_pay,settled,2026-06-05 13:22:59
PAY-20260604-0005968,TRP-20260604-0005968,14.96,mada,settled,2026-06-04 18:56:41
PAY-20260604-0005969,TRP-20260604-0005969,22.75,cash,settled,2026-06-04 15:29:32
PAY-20260604-0005970,TRP-20260604-0005970,35.17,mada,settled,2026-06-03 22:42:11
PAY-20260604-0005971,TRP-20260604-0005971,22.70,apple_pay,settled,2026-06-05 00:17:50
PAY-20260604-0005972,TRP-20260604-0005972,23.66,mada,settled,2026-06-04 17:24:22
PAY-20260604-0005973,TRP-20260604-0005973,11.50,wallet,settled,2026-06-05 00:11:57
PAY-20260604-0005974,TRP-20260604-0005974,46.47,mada,settled,2026-06-04 16:43:25
PAY-20260604-0005975,TRP-20260604-0005975,51.55,mada,settled,2026-06-04 11:25:33
PAY-20260604-0005976,TRP-20260604-0005976,33.39,mada,settled,2026-06-05 03:05:43
PAY-20260604-0005977,TRP-20260604-0005977,47.80,wallet,settled,2026-06-04 13:52:08
PAY-20260604-0005978,TRP-20260604-0005978,33.54,apple_pay,settled,2026-06-04 15:09:51
PAY-20260604-0005979,TRP-20260604-0005979,27.52,stc_pay,settled,2026-06-04 16:45:23
PAY-20260604-0005980,TRP-20260604-0005980,23.42,stc_pay,settled,2026-06-04 11:18:06
PAY-20260604-0005981,TRP-20260604-0005981,15.66,mada,settled,2026-06-04 08:34:14
PAY-20260604-0005982,TRP-20260604-0005982,12.96,credit_card,settled,2026-06-04 09:58:15
PAY-20260604-0005984,TRP-20260604-0005984,22.16,credit_card,settled,2026-06-05 14:07:51
PAY-20260604-0005985,TRP-20260604-0005985,31.37,apple_pay,settled,2026-06-04 18:45:54
PAY-20260604-0005986,TRP-20260604-0005986,28.30,mada,settled,2026-06-05 02:11:03
PAY-20260604-0005987,TRP-20260604-0005987,12.00,mada,settled,2026-06-04 11:18:52
PAY-20260604-0005988,TRP-20260604-0005988,23.40,credit_card,settled,2026-06-04 12:00:29
PAY-20260604-0005989,TRP-20260604-0005989,23.24,credit_card,settled,2026-06-04 17:33:28
PAY-20260604-0005990,TRP-20260604-0005990,22.50,mada,settled,2026-06-04 17:48:08
PAY-20260604-0005991,TRP-20260604-0005991,75.16,wallet,settled,2026-06-04 05:09:31
PAY-20260604-0005992,TRP-20260604-0005992,14.76,apple_pay,settled,2026-06-04 04:34:34
PAY-20260604-0005993,TRP-20260604-0005993,20.81,cash,settled,2026-06-04 16:28:10
PAY-20260604-0005994,TRP-20260604-0005994,18.47,stc_pay,settled,2026-06-04 09:02:00
PAY-20260604-0005995,TRP-20260604-0005995,65.85,wallet,settled,2026-06-04 14:17:10
PAY-20260604-0005996,TRP-20260604-0005996,70.80,stc_pay,settled,2026-06-04 11:21:56
PAY-20260604-0005997,TRP-20260604-0005997,54.36,mada,settled,2026-06-04 13:06:41
PAY-20260604-0005998,TRP-20260604-0005998,21.86,credit_card,settled,2026-06-04 22:20:45
PAY-20260604-0005999,TRP-20260604-0005999,19.48,stc_pay,settled,2026-06-04 20:10:04
PAY-20260604-0006000,TRP-20260604-0006000,42.98,cash,settled,2026-06-04 12:15:34
PAY-20260604-0006001,TRP-20260604-0006001,38.18,credit_card,settled,2026-06-05 06:18:09
PAY-20260604-0006002,TRP-20260604-0006002,26.86,apple_pay,pending,2026-06-05 07:00:18
PAY-20260604-0006003,TRP-20260604-0006003,59.33,credit_card,settled,2026-06-04 08:51:34
PAY-20260604-0006004,TRP-20260604-0006004,13.79,mada,settled,2026-06-03 21:39:43
PAY-20260604-0006005,TRP-20260604-0006005,69.54,stc_pay,settled,2026-06-04 17:22:41
PAY-20260604-0006006,TRP-20260604-0006006,20.81,cash,settled,2026-06-04 05:28:32
PAY-20260604-0006007,TRP-20260604-0006007,26.24,credit_card,settled,2026-06-05 01:52:14
PAY-20260604-0006008,TRP-20260604-0006008,49.05,cash,settled,2026-06-03 21:50:02
PAY-20260604-0006009,TRP-20260604-0006009,117.17,stc_pay,settled,2026-06-04 19:33:28
PAY-20260604-0006010,TRP-20260604-0006010,15.31,apple_pay,settled,2026-06-05 00:38:21
PAY-20260604-0006011,TRP-20260604-0006011,55.56,mada,settled,2026-06-04 16:50:03
PAY-20260604-0006012,TRP-20260604-0006012,12.88,credit_card,settled,2026-06-04 07:33:10
PAY-20260604-0006013,TRP-20260604-0006013,119.33,mada,settled,2026-06-04 15:38:33
PAY-20260604-0006014,TRP-20260604-0006014,32.88,credit_card,settled,2026-06-04 12:33:17
PAY-20260604-0006015,TRP-20260604-0006015,28.81,mada,settled,2026-06-05 02:28:38
PAY-20260604-0006016,TRP-20260604-0006016,25.34,stc_pay,settled,2026-06-04 05:27:35
PAY-20260604-0006017,TRP-20260604-0006017,29.21,stc_pay,settled,2026-06-04 06:02:43
PAY-20260604-0006018,TRP-20260604-0006018,85.15,mada,settled,2026-06-04 13:14:57
PAY-20260604-0006019,TRP-20260604-0006019,216.32,mada,settled,2026-06-04 17:08:40
PAY-20260604-0006020,TRP-20260604-0006020,46.77,mada,settled,2026-06-04 13:39:46
PAY-20260604-0006021,TRP-20260604-0006021,17.52,mada,settled,2026-06-04 17:43:25
PAY-20260604-0006022,TRP-20260604-0006022,62.98,mada,pending,2026-06-04 16:56:59
PAY-20260604-0006023,TRP-20260604-0006023,21.25,stc_pay,settled,2026-06-04 07:30:01
PAY-20260604-0006024,TRP-20260604-0006024,41.08,credit_card,settled,2026-06-04 17:42:51
PAY-20260604-0006025,TRP-20260604-0006025,26.17,mada,settled,2026-06-04 06:54:14
PAY-20260604-0006026,TRP-20260604-0006026,41.03,mada,settled,2026-06-05 00:38:40
PAY-20260604-0006027,TRP-20260604-0006027,10.00,cash,settled,2026-06-04 19:21:46
PAY-20260604-0006028,TRP-20260604-0006028,45.58,credit_card,settled,2026-06-04 04:43:18
PAY-20260604-0006029,TRP-20260604-0006029,12.86,mada,settled,2026-06-04 14:11:26
PAY-20260604-0006030,TRP-20260604-0006030,12.00,mada,settled,2026-06-04 14:27:55
PAY-20260604-0006031,TRP-20260604-0006031,25.55,apple_pay,settled,2026-06-04 13:19:29
PAY-20260604-0006032,TRP-20260604-0006032,10.00,wallet,settled,2026-06-04 11:19:12
PAY-20260604-0006033,TRP-20260604-0006033,123.10,credit_card,settled,2026-06-04 03:29:39
PAY-20260604-0006034,TRP-20260604-0006034,36.00,cash,settled,2026-06-04 17:36:46
PAY-20260604-0006035,TRP-20260604-0006035,31.34,mada,settled,2026-06-04 08:59:35
PAY-20260604-0006036,TRP-20260604-0006036,54.80,cash,settled,2026-06-04 10:02:12
PAY-20260604-0006037,TRP-20260604-0006037,115.89,mada,settled,2026-06-04 17:31:13
PAY-20260604-0006038,TRP-20260604-0006038,11.12,apple_pay,settled,2026-06-04 18:19:49
PAY-20260604-0006039,TRP-20260604-0006039,22.42,mada,settled,2026-06-05 14:50:47
PAY-20260604-0006040,TRP-20260604-0006040,14.91,credit_card,settled,2026-06-04 12:29:16
PAY-20260604-0006041,TRP-20260604-0006041,129.36,mada,settled,2026-06-04 12:24:39
PAY-20260604-0006042,TRP-20260604-0006042,12.54,mada,settled,2026-06-04 07:00:25
PAY-20260604-0006043,TRP-20260604-0006043,24.52,apple_pay,settled,2026-06-04 19:14:10
PAY-20260604-0006044,TRP-20260604-0006044,20.69,mada,settled,2026-06-04 11:15:43
PAY-20260604-0006045,TRP-20260604-0006045,22.78,apple_pay,settled,2026-06-04 23:22:32
PAY-20260604-0006046,TRP-20260604-0006046,11.67,apple_pay,settled,2026-06-04 04:49:30
PAY-20260604-0006047,TRP-20260604-0006047,32.05,wallet,settled,2026-06-04 20:27:33
PAY-20260604-0006049,TRP-20260604-0006049,39.11,cash,settled,2026-06-04 09:12:00
PAY-20260604-0006050,TRP-20260604-0006050,22.41,credit_card,settled,2026-06-04 19:07:15
PAY-20260604-0006051,TRP-20260604-0006051,10.00,mada,settled,2026-06-04 16:50:43
PAY-20260604-0006052,TRP-20260604-0006052,15.37,mada,settled,2026-06-04 06:35:31
PAY-20260604-0006053,TRP-20260604-0006053,40.33,mada,settled,2026-06-04 02:29:26
PAY-20260604-0006054,TRP-20260604-0006054,20.55,apple_pay,settled,2026-06-04 22:26:26
PAY-20260604-0006055,TRP-20260604-0006055,48.60,credit_card,settled,2026-06-04 16:34:56
PAY-20260604-0006056,TRP-20260604-0006056,33.03,mada,settled,2026-06-04 15:20:21
PAY-20260604-0006057,TRP-20260604-0006057,22.74,mada,settled,2026-06-04 14:38:03
PAY-20260604-0006058,TRP-20260604-0006058,23.82,mada,settled,2026-06-04 14:39:55
PAY-20260604-0006059,TRP-20260604-0006059,11.00,cash,settled,2026-06-04 18:44:38
PAY-20260604-0006060,TRP-20260604-0006060,36.87,mada,settled,2026-06-04 20:53:43
PAY-20260604-0006061,TRP-20260604-0006061,24.07,cash,settled,2026-06-04 19:40:51
PAY-20260604-0006062,TRP-20260604-0006062,19.34,mada,settled,2026-06-04 10:35:46
PAY-20260604-0006063,TRP-20260604-0006063,24.98,mada,settled,2026-06-04 16:41:59
PAY-20260604-0006064,TRP-20260604-0006064,12.99,wallet,settled,2026-06-04 06:40:48
PAY-20260604-0006065,TRP-20260604-0006065,55.10,stc_pay,settled,2026-06-05 09:54:55
PAY-20260604-0006066,TRP-20260604-0006066,22.23,mada,settled,2026-06-04 13:35:36
PAY-20260604-0006067,TRP-20260604-0006067,86.41,credit_card,settled,2026-06-04 18:18:12
PAY-20260604-0006068,TRP-20260604-0006068,23.47,mada,settled,2026-06-05 07:16:53
PAY-20260604-0006070,TRP-20260604-0006070,50.18,credit_card,settled,2026-06-04 21:44:33
PAY-20260604-0006071,TRP-20260604-0006071,30.04,cash,settled,2026-06-04 17:43:11
PAY-20260604-0006072,TRP-20260604-0006072,18.56,mada,settled,2026-06-04 14:12:31
PAY-20260604-0006073,TRP-20260604-0006073,42.11,stc_pay,settled,2026-06-04 15:51:14
PAY-20260604-0006074,TRP-20260604-0006074,17.38,mada,settled,2026-06-04 09:05:08
PAY-20260604-0006076,TRP-20260604-0006076,24.32,credit_card,settled,2026-06-04 19:17:52
PAY-20260604-0006077,TRP-20260604-0006077,68.43,apple_pay,settled,2026-06-04 17:02:38
PAY-20260604-0006078,TRP-20260604-0006078,15.80,mada,settled,2026-06-05 21:41:46
PAY-20260604-0006079,TRP-20260604-0006079,13.83,apple_pay,settled,2026-06-04 12:22:35
PAY-20260604-0006080,TRP-20260604-0006080,34.16,cash,settled,2026-06-04 16:41:44
PAY-20260604-0006081,TRP-20260604-0006081,25.03,credit_card,settled,2026-06-04 22:34:39
PAY-20260604-0006083,TRP-20260604-0006083,148.95,apple_pay,settled,2026-06-04 17:12:49
PAY-20260604-0006084,TRP-20260604-0006084,41.55,cash,settled,2026-06-04 08:17:37
PAY-20260604-0006085,TRP-20260604-0006085,27.03,cash,settled,2026-06-04 07:04:55
PAY-20260604-0006086,TRP-20260604-0006086,56.48,credit_card,settled,2026-06-05 14:24:09
PAY-20260604-0006087,TRP-20260604-0006087,79.44,cash,settled,2026-06-04 20:16:06
PAY-20260604-0006088,TRP-20260604-0006088,49.84,credit_card,settled,2026-06-04 18:52:16
PAY-20260604-0006089,TRP-20260604-0006089,22.00,credit_card,settled,2026-06-04 09:02:36
PAY-20260604-0006090,TRP-20260604-0006090,41.04,mada,settled,2026-06-04 10:59:14
PAY-20260604-0006091,TRP-20260604-0006091,25.42,mada,pending,2026-06-04 19:33:25
PAY-20260604-0006092,TRP-20260604-0006092,33.07,credit_card,settled,2026-06-04 13:24:19
PAY-20260604-0006093,TRP-20260604-0006093,25.20,mada,settled,2026-06-04 11:42:04
PAY-20260604-0006094,TRP-20260604-0006094,85.79,credit_card,settled,2026-06-04 12:21:34
PAY-20260604-0006095,TRP-20260604-0006095,133.27,mada,settled,2026-06-04 22:01:01
PAY-20260604-0006096,TRP-20260604-0006096,23.69,stc_pay,settled,2026-06-05 04:40:51
PAY-20260604-0006097,TRP-20260604-0006097,66.30,wallet,settled,2026-06-05 00:16:45
PAY-20260604-0006098,TRP-20260604-0006098,40.99,apple_pay,settled,2026-06-04 11:10:06
PAY-20260604-0006099,TRP-20260604-0006099,27.04,apple_pay,settled,2026-06-04 12:44:11
PAY-20260604-0006100,TRP-20260604-0006100,42.80,mada,settled,2026-06-04 03:57:30
PAY-20260604-0006101,TRP-20260604-0006101,24.67,wallet,settled,2026-06-04 07:10:48
PAY-20260604-0006102,TRP-20260604-0006102,26.68,cash,settled,2026-06-04 05:34:40
PAY-20260604-0006103,TRP-20260604-0006103,64.56,mada,settled,2026-06-04 15:37:13
PAY-20260604-0006104,TRP-20260604-0006104,27.12,cash,settled,2026-06-04 16:00:38
PAY-20260604-0006105,TRP-20260604-0006105,16.47,mada,settled,2026-06-05 08:03:00
PAY-20260604-0006106,TRP-20260604-0006106,43.11,mada,settled,2026-06-04 08:15:03
PAY-20260604-0006107,TRP-20260604-0006107,21.14,mada,settled,2026-06-04 18:04:00
PAY-20260604-0006108,TRP-20260604-0006108,30.53,credit_card,settled,2026-06-04 13:05:36
PAY-20260604-0006109,TRP-20260604-0006109,13.82,credit_card,settled,2026-06-04 04:36:11
PAY-20260604-0006110,TRP-20260604-0006110,21.61,mada,settled,2026-06-04 21:27:01
PAY-20260604-0006111,TRP-20260604-0006111,17.23,mada,settled,2026-06-04 20:06:48
PAY-20260604-0006112,TRP-20260604-0006112,19.59,mada,settled,2026-06-03 23:39:24
PAY-20260604-0006113,TRP-20260604-0006113,38.99,cash,settled,2026-06-03 22:09:08
PAY-20260604-0006114,TRP-20260604-0006114,12.00,stc_pay,settled,2026-06-04 13:05:00
PAY-20260604-0006115,TRP-20260604-0006115,56.21,credit_card,settled,2026-06-04 12:56:53
PAY-20260604-0006116,TRP-20260604-0006116,39.72,cash,settled,2026-06-04 15:49:00
PAY-20260604-0006117,TRP-20260604-0006117,53.00,mada,settled,2026-06-03 22:00:49
PAY-20260604-0006118,TRP-20260604-0006118,245.45,cash,settled,2026-06-04 17:22:52
PAY-20260604-0006119,TRP-20260604-0006119,16.91,apple_pay,settled,2026-06-05 09:42:37
PAY-20260604-0006120,TRP-20260604-0006120,35.93,credit_card,settled,2026-06-05 08:49:58
PAY-20260604-0006121,TRP-20260604-0006121,99.95,credit_card,pending,2026-06-05 05:49:13
PAY-20260604-0006122,TRP-20260604-0006122,39.84,mada,settled,2026-06-04 14:33:27
PAY-20260604-0006123,TRP-20260604-0006123,16.87,apple_pay,settled,2026-06-04 09:47:17
PAY-20260604-0006124,TRP-20260604-0006124,66.34,wallet,settled,2026-06-04 17:22:15
PAY-20260604-0006125,TRP-20260604-0006125,110.73,wallet,settled,2026-06-04 09:22:09
PAY-20260604-0006126,TRP-20260604-0006126,16.09,mada,settled,2026-06-04 08:35:36
PAY-20260604-0006127,TRP-20260604-0006127,16.60,stc_pay,pending,2026-06-04 15:23:32
PAY-20260604-0006128,TRP-20260604-0006128,75.92,credit_card,pending,2026-06-05 10:08:51
PAY-20260604-0006129,TRP-20260604-0006129,34.21,stc_pay,settled,2026-06-04 06:42:24
PAY-20260604-0006130,TRP-20260604-0006130,13.36,mada,settled,2026-06-05 12:21:55
PAY-20260604-0006131,TRP-20260604-0006131,73.71,mada,settled,2026-06-04 14:41:53
PAY-20260604-0006132,TRP-20260604-0006132,47.79,mada,settled,2026-06-04 18:19:22
PAY-20260604-0006133,TRP-20260604-0006133,23.36,apple_pay,settled,2026-06-04 14:44:25
PAY-20260604-0006134,TRP-20260604-0006134,39.91,apple_pay,settled,2026-06-04 17:46:20
PAY-20260604-0006135,TRP-20260604-0006135,25.12,wallet,settled,2026-06-04 22:54:31
PAY-20260604-0006136,TRP-20260604-0006136,15.12,mada,settled,2026-06-05 00:57:25
PAY-20260604-0006137,TRP-20260604-0006137,10.00,cash,settled,2026-06-04 19:46:10
PAY-20260604-0006138,TRP-20260604-0006138,18.61,mada,settled,2026-06-04 08:03:32
PAY-20260604-0006139,TRP-20260604-0006139,15.32,credit_card,failed,2026-06-04 17:46:39
PAY-20260604-0006140,TRP-20260604-0006140,10.00,mada,settled,2026-06-05 05:46:16
PAY-20260604-0006141,TRP-20260604-0006141,13.44,mada,pending,2026-06-04 09:11:51
PAY-20260604-0006142,TRP-20260604-0006142,17.82,credit_card,settled,2026-06-05 05:35:58
PAY-20260604-0006143,TRP-20260604-0006143,28.08,apple_pay,settled,2026-06-04 18:59:32
PAY-20260604-0006144,TRP-20260604-0006144,158.87,stc_pay,settled,2026-06-04 18:27:13
PAY-20260604-0006145,TRP-20260604-0006145,29.54,mada,settled,2026-06-04 16:48:57
PAY-20260604-0006146,TRP-20260604-0006146,92.17,credit_card,settled,2026-06-04 17:30:25
PAY-20260604-0006147,TRP-20260604-0006147,26.10,mada,settled,2026-06-04 11:19:48
PAY-20260604-0006148,TRP-20260604-0006148,89.74,mada,settled,2026-06-04 15:41:30
PAY-20260604-0006149,TRP-20260604-0006149,26.51,stc_pay,settled,2026-06-04 20:17:22
PAY-20260604-0006150,TRP-20260604-0006150,30.19,mada,settled,2026-06-04 20:50:19
PAY-20260604-0006151,TRP-20260604-0006151,88.69,apple_pay,settled,2026-06-04 20:21:01
PAY-20260604-0006153,TRP-20260604-0006153,74.17,cash,settled,2026-06-04 14:52:38
PAY-20260604-0006154,TRP-20260604-0006154,19.88,credit_card,settled,2026-06-04 23:15:08
PAY-20260604-0006155,TRP-20260604-0006155,26.16,stc_pay,settled,2026-06-04 19:59:38
PAY-20260604-0006156,TRP-20260604-0006156,20.74,mada,settled,2026-06-05 04:16:46
PAY-20260604-0006157,TRP-20260604-0006157,10.00,credit_card,settled,2026-06-04 02:54:17
PAY-20260604-0006158,TRP-20260604-0006158,39.53,credit_card,settled,2026-06-04 17:35:43
PAY-20260604-0006159,TRP-20260604-0006159,21.95,mada,settled,2026-06-04 11:35:02
PAY-20260604-0006160,TRP-20260604-0006160,158.50,credit_card,settled,2026-06-04 16:01:13
PAY-20260604-0006161,TRP-20260604-0006161,16.77,mada,settled,2026-06-04 04:58:33
PAY-20260604-0006162,TRP-20260604-0006162,15.95,credit_card,settled,2026-06-05 00:07:17
PAY-20260604-0006163,TRP-20260604-0006163,74.79,mada,settled,2026-06-04 15:58:14
PAY-20260604-0006164,TRP-20260604-0006164,40.85,apple_pay,settled,2026-06-04 19:16:20
PAY-20260604-0006165,TRP-20260604-0006165,63.93,cash,settled,2026-06-04 21:09:50
PAY-20260604-0006166,TRP-20260604-0006166,71.58,wallet,settled,2026-06-04 16:54:25
PAY-20260604-0006167,TRP-20260604-0006167,14.93,credit_card,settled,2026-06-04 15:49:07
PAY-20260604-0006168,TRP-20260604-0006168,15.33,apple_pay,settled,2026-06-04 04:36:44
PAY-20260604-0006169,TRP-20260604-0006169,38.49,cash,settled,2026-06-04 12:44:11
PAY-20260604-0006170,TRP-20260604-0006170,32.26,mada,settled,2026-06-04 10:03:03
PAY-20260604-0006171,TRP-20260604-0006171,44.46,mada,settled,2026-06-04 15:23:52
PAY-20260604-0006172,TRP-20260604-0006172,30.68,mada,settled,2026-06-04 14:29:43
PAY-20260604-0006173,TRP-20260604-0006173,45.12,stc_pay,settled,2026-06-04 17:12:58
PAY-20260604-0006174,TRP-20260604-0006174,45.74,credit_card,settled,2026-06-04 13:48:07
PAY-20260604-0006175,TRP-20260604-0006175,19.71,mada,settled,2026-06-04 18:25:26
PAY-20260604-0006176,TRP-20260604-0006176,12.93,apple_pay,settled,2026-06-04 07:43:25
PAY-20260604-0006177,TRP-20260604-0006177,28.91,mada,settled,2026-06-04 05:20:04
PAY-20260604-0006178,TRP-20260604-0006178,12.08,mada,settled,2026-06-05 01:29:21
PAY-20260604-0006179,TRP-20260604-0006179,142.06,mada,settled,2026-06-04 18:45:15
PAY-20260604-0006180,TRP-20260604-0006180,15.59,mada,settled,2026-06-04 17:43:59
PAY-20260604-0006181,TRP-20260604-0006181,24.82,mada,settled,2026-06-04 21:31:12
PAY-20260604-0006182,TRP-20260604-0006182,48.26,mada,settled,2026-06-04 18:14:09
PAY-20260604-0006183,TRP-20260604-0006183,95.51,apple_pay,settled,2026-06-04 17:55:06
PAY-20260604-0006185,TRP-20260604-0006185,73.53,mada,settled,2026-06-05 11:26:51
PAY-20260604-0006186,TRP-20260604-0006186,21.74,cash,settled,2026-06-04 17:05:52
PAY-20260604-0006187,TRP-20260604-0006187,23.31,credit_card,settled,2026-06-03 21:59:28
PAY-20260604-0006188,TRP-20260604-0006188,46.88,wallet,settled,2026-06-05 01:52:06
PAY-20260604-0006189,TRP-20260604-0006189,87.82,apple_pay,settled,2026-06-04 19:06:57
PAY-20260604-0006190,TRP-20260604-0006190,108.92,credit_card,settled,2026-06-04 13:08:11
PAY-20260604-0006191,TRP-20260604-0006191,22.11,mada,settled,2026-06-04 05:21:59
PAY-20260604-0006192,TRP-20260604-0006192,16.83,credit_card,settled,2026-06-04 09:54:01
PAY-20260604-0006193,TRP-20260604-0006193,54.78,apple_pay,settled,2026-06-05 07:31:42
PAY-20260604-0006194,TRP-20260604-0006194,8.00,stc_pay,settled,2026-06-04 19:15:31
PAY-20260604-0006195,TRP-20260604-0006195,6.00,mada,settled,2026-06-04 12:24:46
PAY-20260604-0006196,TRP-20260604-0006196,15.76,mada,settled,2026-06-04 12:26:01
PAY-20260604-0006197,TRP-20260604-0006197,39.36,credit_card,settled,2026-06-04 06:09:24
PAY-20260604-0006198,TRP-20260604-0006198,12.00,stc_pay,settled,2026-06-04 08:29:48
PAY-20260604-0006199,TRP-20260604-0006199,12.39,credit_card,settled,2026-06-04 11:49:25
PAY-20260604-0006200,TRP-20260604-0006200,14.50,apple_pay,settled,2026-06-03 22:49:19
PAY-20260604-0006201,TRP-20260604-0006201,16.00,apple_pay,settled,2026-06-04 11:19:10
PAY-20260604-0006202,TRP-20260604-0006202,26.40,cash,settled,2026-06-04 13:18:52
PAY-20260604-0006203,TRP-20260604-0006203,100.93,apple_pay,settled,2026-06-04 20:29:02
PAY-20260604-0006204,TRP-20260604-0006204,10.00,mada,settled,2026-06-04 11:38:36
PAY-20260604-0006205,TRP-20260604-0006205,14.72,cash,settled,2026-06-04 11:15:39
PAY-20260604-0006206,TRP-20260604-0006206,19.66,stc_pay,settled,2026-06-04 18:31:00
PAY-20260604-0006207,TRP-20260604-0006207,48.54,mada,settled,2026-06-04 14:07:44
PAY-20260604-0006208,TRP-20260604-0006208,85.85,cash,settled,2026-06-04 08:33:24
PAY-20260604-0006209,TRP-20260604-0006209,22.19,mada,settled,2026-06-04 12:03:55
PAY-20260604-0006210,TRP-20260604-0006210,18.20,mada,settled,2026-06-04 21:05:13
PAY-20260604-0006211,TRP-20260604-0006211,12.03,mada,settled,2026-06-04 12:25:03
PAY-20260604-0006212,TRP-20260604-0006212,28.43,mada,settled,2026-06-04 05:56:47
PAY-20260604-0006213,TRP-20260604-0006213,79.86,mada,settled,2026-06-04 07:05:19
PAY-20260604-0006214,TRP-20260604-0006214,53.53,wallet,settled,2026-06-04 16:21:22
PAY-20260604-0006215,TRP-20260604-0006215,34.23,mada,settled,2026-06-05 10:34:05
PAY-20260604-0006216,TRP-20260604-0006216,24.33,credit_card,settled,2026-06-04 16:36:33
PAY-20260604-0006217,TRP-20260604-0006217,66.86,apple_pay,settled,2026-06-04 03:54:45
PAY-20260604-0006218,TRP-20260604-0006218,70.70,stc_pay,settled,2026-06-05 14:47:52
PAY-20260604-0006219,TRP-20260604-0006219,26.39,wallet,settled,2026-06-04 08:26:26
PAY-20260604-0006220,TRP-20260604-0006220,25.68,mada,settled,2026-06-04 22:36:03
PAY-20260604-0006221,TRP-20260604-0006221,23.03,stc_pay,settled,2026-06-04 19:41:14
PAY-20260604-0006222,TRP-20260604-0006222,58.20,apple_pay,settled,2026-06-04 05:09:46
PAY-20260604-0006223,TRP-20260604-0006223,87.02,mada,settled,2026-06-05 14:50:42
PAY-20260604-0006224,TRP-20260604-0006224,32.69,mada,settled,2026-06-04 14:36:18
PAY-20260604-0006225,TRP-20260604-0006225,38.73,cash,settled,2026-06-04 05:24:53
PAY-20260604-0006226,TRP-20260604-0006226,19.52,mada,settled,2026-06-03 23:13:43
PAY-20260604-0006227,TRP-20260604-0006227,60.91,cash,settled,2026-06-04 11:21:19
PAY-20260604-0006228,TRP-20260604-0006228,10.00,mada,settled,2026-06-04 20:07:42
PAY-20260604-0006229,TRP-20260604-0006229,15.17,stc_pay,settled,2026-06-04 09:40:29
PAY-20260604-0006230,TRP-20260604-0006230,53.70,apple_pay,settled,2026-06-04 19:47:02
PAY-20260604-0006231,TRP-20260604-0006231,19.97,apple_pay,settled,2026-06-04 11:53:27
PAY-20260604-0006232,TRP-20260604-0006232,18.60,mada,settled,2026-06-04 08:48:02
PAY-20260604-0006233,TRP-20260604-0006233,10.00,mada,settled,2026-06-05 07:52:24
PAY-20260604-0006234,TRP-20260604-0006234,74.62,mada,settled,2026-06-04 16:23:29
PAY-20260604-0006235,TRP-20260604-0006235,136.91,wallet,settled,2026-06-04 18:27:36
PAY-20260604-0006236,TRP-20260604-0006236,31.44,wallet,settled,2026-06-04 15:24:14
PAY-20260604-0006237,TRP-20260604-0006237,12.00,stc_pay,settled,2026-06-04 11:27:00
PAY-20260604-0006238,TRP-20260604-0006238,62.26,mada,settled,2026-06-05 00:04:47
PAY-20260604-0006239,TRP-20260604-0006239,40.17,apple_pay,settled,2026-06-05 01:54:28
PAY-20260604-0006240,TRP-20260604-0006240,16.52,stc_pay,settled,2026-06-04 17:39:02
PAY-20260604-0006241,TRP-20260604-0006241,162.67,mada,settled,2026-06-04 19:25:19
PAY-20260604-0006242,TRP-20260604-0006242,15.16,cash,settled,2026-06-04 13:50:51
PAY-20260604-0006243,TRP-20260604-0006243,8.00,credit_card,settled,2026-06-04 15:18:21
PAY-20260604-0006244,TRP-20260604-0006244,55.53,mada,settled,2026-06-04 11:49:43
PAY-20260604-0006245,TRP-20260604-0006245,13.45,stc_pay,settled,2026-06-04 07:40:15
PAY-20260604-0006246,TRP-20260604-0006246,44.97,stc_pay,settled,2026-06-04 20:05:38
PAY-20260604-0006247,TRP-20260604-0006247,81.13,credit_card,settled,2026-06-05 05:09:01
PAY-20260604-0006248,TRP-20260604-0006248,44.82,stc_pay,settled,2026-06-04 11:28:23
PAY-20260604-0006249,TRP-20260604-0006249,56.99,apple_pay,settled,2026-06-04 18:17:10
PAY-20260604-0006250,TRP-20260604-0006250,22.68,stc_pay,settled,2026-06-04 19:31:59
PAY-20260604-0006251,TRP-20260604-0006251,23.14,credit_card,settled,2026-06-04 18:53:17
PAY-20260604-0006252,TRP-20260604-0006252,10.00,wallet,settled,2026-06-04 19:32:42
PAY-20260604-0006253,TRP-20260604-0006253,26.90,mada,settled,2026-06-04 00:31:42
PAY-20260604-0006254,TRP-20260604-0006254,33.12,credit_card,settled,2026-06-04 06:48:00
PAY-20260604-0006255,TRP-20260604-0006255,99.49,stc_pay,pending,2026-06-04 19:02:00
PAY-20260604-0006256,TRP-20260604-0006256,20.89,mada,settled,2026-06-04 16:59:30
PAY-20260604-0006257,TRP-20260604-0006257,42.97,credit_card,settled,2026-06-05 02:38:57
PAY-20260604-0006258,TRP-20260604-0006258,101.92,apple_pay,settled,2026-06-04 20:40:48
PAY-20260604-0006259,TRP-20260604-0006259,15.36,stc_pay,settled,2026-06-04 19:17:53
PAY-20260604-0006260,TRP-20260604-0006260,26.18,credit_card,settled,2026-06-05 18:34:45
PAY-20260604-0006261,TRP-20260604-0006261,17.47,credit_card,settled,2026-06-04 22:11:37
PAY-20260604-0006262,TRP-20260604-0006262,44.94,cash,settled,2026-06-04 19:34:25
PAY-20260604-0006263,TRP-20260604-0006263,74.90,mada,settled,2026-06-04 19:43:20
PAY-20260604-0006264,TRP-20260604-0006264,79.41,mada,settled,2026-06-04 07:19:36
PAY-20260604-0006265,TRP-20260604-0006265,17.51,stc_pay,settled,2026-06-04 13:53:52
PAY-20260604-0006266,TRP-20260604-0006266,44.89,wallet,settled,2026-06-04 16:41:35
PAY-20260604-0006267,TRP-20260604-0006267,15.29,mada,settled,2026-06-05 06:22:38
PAY-20260604-0006268,TRP-20260604-0006268,175.17,mada,settled,2026-06-05 16:16:12
PAY-20260604-0006269,TRP-20260604-0006269,24.80,stc_pay,settled,2026-06-04 06:26:59
PAY-20260604-0006270,TRP-20260604-0006270,18.28,credit_card,settled,2026-06-04 23:04:00
PAY-20260604-0006271,TRP-20260604-0006271,23.27,credit_card,settled,2026-06-04 15:13:19
PAY-20260604-0006273,TRP-20260604-0006273,26.66,credit_card,settled,2026-06-05 05:16:57
PAY-20260604-0006274,TRP-20260604-0006274,87.99,credit_card,settled,2026-06-04 04:17:41
PAY-20260604-0006275,TRP-20260604-0006275,35.36,credit_card,settled,2026-06-04 06:13:06
PAY-20260604-0006276,TRP-20260604-0006276,36.08,wallet,settled,2026-06-05 01:12:21
PAY-20260604-0006277,TRP-20260604-0006277,40.16,credit_card,settled,2026-06-04 16:19:42
PAY-20260604-0006278,TRP-20260604-0006278,16.21,credit_card,settled,2026-06-04 12:17:00
PAY-20260604-0006279,TRP-20260604-0006279,22.52,credit_card,settled,2026-06-04 15:29:57
PAY-20260604-0006280,TRP-20260604-0006280,22.99,mada,settled,2026-06-04 09:35:04
PAY-20260604-0006281,TRP-20260604-0006281,20.00,mada,settled,2026-06-04 17:44:06
PAY-20260604-0006282,TRP-20260604-0006282,56.42,stc_pay,settled,2026-06-04 08:47:36
PAY-20260604-0006283,TRP-20260604-0006283,41.71,cash,settled,2026-06-04 14:32:16
PAY-20260604-0006284,TRP-20260604-0006284,51.46,mada,settled,2026-06-04 12:47:49
PAY-20260604-0006285,TRP-20260604-0006285,61.63,cash,settled,2026-06-04 08:04:08
PAY-20260604-0006286,TRP-20260604-0006286,26.19,credit_card,settled,2026-06-04 06:38:32
PAY-20260604-0006287,TRP-20260604-0006287,42.53,credit_card,settled,2026-06-04 16:56:48
PAY-20260604-0006290,TRP-20260604-0006290,32.68,mada,settled,2026-06-04 10:59:47
PAY-20260604-0006291,TRP-20260604-0006291,10.22,mada,settled,2026-06-04 17:26:06
PAY-20260604-0006292,TRP-20260604-0006292,17.18,cash,settled,2026-06-04 19:43:42
PAY-20260604-0006293,TRP-20260604-0006293,80.15,credit_card,settled,2026-06-04 15:42:09
PAY-20260604-0006294,TRP-20260604-0006294,10.00,mada,settled,2026-06-05 02:14:04
PAY-20260604-0006295,TRP-20260604-0006295,21.53,credit_card,settled,2026-06-04 18:05:01
PAY-20260604-0006296,TRP-20260604-0006296,161.19,mada,settled,2026-06-04 07:13:45
PAY-20260604-0006297,TRP-20260604-0006297,12.00,mada,settled,2026-06-04 03:20:56
PAY-20260604-0006298,TRP-20260604-0006298,24.42,mada,settled,2026-06-05 09:27:42
PAY-20260604-0006299,TRP-20260604-0006299,21.93,mada,settled,2026-06-04 05:39:30
PAY-20260604-0006300,TRP-20260604-0006300,47.43,cash,settled,2026-06-04 10:30:34
PAY-20260604-0006301,TRP-20260604-0006301,13.07,mada,settled,2026-06-04 14:00:35
PAY-20260604-0006302,TRP-20260604-0006302,68.40,apple_pay,settled,2026-06-04 20:37:30
PAY-20260604-0006303,TRP-20260604-0006303,30.35,mada,settled,2026-06-04 18:10:48
PAY-20260604-0006304,TRP-20260604-0006304,16.46,wallet,settled,2026-06-04 12:18:01
PAY-20260604-0006305,TRP-20260604-0006305,32.32,credit_card,settled,2026-06-04 19:13:07
PAY-20260604-0006306,TRP-20260604-0006306,28.07,cash,settled,2026-06-04 07:29:27
PAY-20260604-0006307,TRP-20260604-0006307,18.72,cash,settled,2026-06-04 18:41:25
PAY-20260604-0006308,TRP-20260604-0006308,21.17,apple_pay,settled,2026-06-04 07:05:11
PAY-20260604-0006309,TRP-20260604-0006309,47.06,wallet,settled,2026-06-05 00:01:53
PAY-20260604-0006310,TRP-20260604-0006310,21.06,apple_pay,settled,2026-06-04 05:15:51
PAY-20260604-0006311,TRP-20260604-0006311,26.63,mada,settled,2026-06-04 04:47:34
PAY-20260604-0006312,TRP-20260604-0006312,11.00,apple_pay,settled,2026-06-04 21:09:30
PAY-20260604-0006313,TRP-20260604-0006313,8.00,mada,pending,2026-06-05 03:50:11
PAY-20260604-0006314,TRP-20260604-0006314,19.70,stc_pay,settled,2026-06-04 14:15:25
PAY-20260604-0006315,TRP-20260604-0006315,52.89,stc_pay,settled,2026-06-04 10:59:04
PAY-20260604-0006316,TRP-20260604-0006316,15.32,mada,settled,2026-06-04 19:06:28
PAY-20260604-0006317,TRP-20260604-0006317,14.90,wallet,settled,2026-06-04 15:37:16
PAY-20260604-0006318,TRP-20260604-0006318,10.00,apple_pay,settled,2026-06-04 10:09:46
PAY-20260604-0006319,TRP-20260604-0006319,10.00,mada,settled,2026-06-04 18:54:45
PAY-20260604-0006320,TRP-20260604-0006320,22.16,apple_pay,settled,2026-06-04 05:42:50
PAY-20260604-0006321,TRP-20260604-0006321,36.90,mada,settled,2026-06-04 13:35:44
PAY-20260604-0006322,TRP-20260604-0006322,19.87,mada,settled,2026-06-05 04:58:09
PAY-20260604-0006323,TRP-20260604-0006323,61.77,mada,settled,2026-06-04 09:50:05
PAY-20260604-0006324,TRP-20260604-0006324,81.32,stc_pay,pending,2026-06-04 07:02:37
PAY-20260604-0006325,TRP-20260604-0006325,75.85,credit_card,settled,2026-06-04 20:05:42
PAY-20260604-0006326,TRP-20260604-0006326,25.91,credit_card,settled,2026-06-04 17:34:58
PAY-20260604-0006327,TRP-20260604-0006327,38.97,cash,settled,2026-06-04 15:56:35
PAY-20260604-0006328,TRP-20260604-0006328,29.03,credit_card,settled,2026-06-04 20:00:13
PAY-20260604-0006329,TRP-20260604-0006329,22.77,mada,pending,2026-06-04 13:46:36
PAY-20260604-0006331,TRP-20260604-0006331,44.67,stc_pay,settled,2026-06-04 23:02:07
PAY-20260604-0006332,TRP-20260604-0006332,34.82,credit_card,settled,2026-06-04 20:04:32
PAY-20260604-0006333,TRP-20260604-0006333,20.92,wallet,settled,2026-06-04 07:29:27
PAY-20260604-0006334,TRP-20260604-0006334,56.38,apple_pay,settled,2026-06-05 13:17:58
PAY-20260604-0006335,TRP-20260604-0006335,22.37,credit_card,settled,2026-06-04 05:22:56
PAY-20260604-0006336,TRP-20260604-0006336,32.58,mada,settled,2026-06-04 18:06:04
PAY-20260604-0006337,TRP-20260604-0006337,17.49,stc_pay,settled,2026-06-05 13:42:44
PAY-20260604-0006338,TRP-20260604-0006338,26.63,mada,settled,2026-06-04 12:25:34
PAY-20260604-0006339,TRP-20260604-0006339,21.39,wallet,settled,2026-06-04 13:48:02
PAY-20260604-0006340,TRP-20260604-0006340,26.56,stc_pay,settled,2026-06-05 03:49:05
PAY-20260604-0006341,TRP-20260604-0006341,218.54,mada,settled,2026-06-04 07:14:41
PAY-20260604-0006342,TRP-20260604-0006342,13.26,apple_pay,settled,2026-06-05 06:29:37
PAY-20260604-0006343,TRP-20260604-0006343,48.22,cash,settled,2026-06-03 22:06:41
PAY-20260604-0006344,TRP-20260604-0006344,37.31,credit_card,settled,2026-06-04 06:15:32
PAY-20260604-0006345,TRP-20260604-0006345,32.11,credit_card,settled,2026-06-04 08:45:11
PAY-20260604-0006346,TRP-20260604-0006346,43.96,cash,settled,2026-06-04 09:44:15
PAY-20260604-0006347,TRP-20260604-0006347,72.67,stc_pay,settled,2026-06-04 22:15:23
PAY-20260604-0006348,TRP-20260604-0006348,55.85,mada,settled,2026-06-05 04:34:45
PAY-20260604-0006349,TRP-20260604-0006349,130.75,credit_card,settled,2026-06-05 11:13:32
PAY-20260604-0006350,TRP-20260604-0006350,32.70,mada,settled,2026-06-04 17:33:42
PAY-20260604-0006351,TRP-20260604-0006351,38.62,cash,settled,2026-06-04 06:00:52
PAY-20260604-0006352,TRP-20260604-0006352,22.87,cash,settled,2026-06-04 08:07:37
PAY-20260604-0006353,TRP-20260604-0006353,31.28,apple_pay,settled,2026-06-05 04:08:19
PAY-20260604-0006354,TRP-20260604-0006354,76.77,apple_pay,settled,2026-06-04 18:43:58
PAY-20260604-0006355,TRP-20260604-0006355,26.00,cash,settled,2026-06-04 15:37:50
PAY-20260604-0006356,TRP-20260604-0006356,107.23,stc_pay,settled,2026-06-04 16:28:17
PAY-20260604-0006357,TRP-20260604-0006357,22.61,cash,settled,2026-06-04 04:12:02
PAY-20260604-0006358,TRP-20260604-0006358,66.21,mada,settled,2026-06-04 07:14:45
PAY-20260604-0006359,TRP-20260604-0006359,13.80,mada,settled,2026-06-04 18:41:17
PAY-20260604-0006360,TRP-20260604-0006360,65.45,stc_pay,settled,2026-06-04 18:35:51
PAY-20260604-0006361,TRP-20260604-0006361,57.26,mada,settled,2026-06-05 06:59:03
PAY-20260604-0006362,TRP-20260604-0006362,16.51,mada,settled,2026-06-04 20:23:05
PAY-20260604-0006363,TRP-20260604-0006363,32.99,stc_pay,settled,2026-06-04 15:26:49
PAY-20260604-0006364,TRP-20260604-0006364,17.85,mada,settled,2026-06-04 13:14:47
PAY-20260604-0006365,TRP-20260604-0006365,22.10,cash,settled,2026-06-04 14:14:57
PAY-20260604-0006366,TRP-20260604-0006366,39.36,cash,settled,2026-06-04 02:10:15
PAY-20260604-0006367,TRP-20260604-0006367,15.19,mada,settled,2026-06-04 17:28:21
PAY-20260604-0006368,TRP-20260604-0006368,14.54,stc_pay,settled,2026-06-05 08:56:28
PAY-20260604-0006369,TRP-20260604-0006369,48.50,stc_pay,settled,2026-06-04 14:01:56
PAY-20260604-0006370,TRP-20260604-0006370,87.55,credit_card,settled,2026-06-05 06:00:11
PAY-20260604-0006371,TRP-20260604-0006371,12.00,mada,settled,2026-06-04 18:22:37
PAY-20260604-0006372,TRP-20260604-0006372,25.75,wallet,settled,2026-06-04 14:06:18
PAY-20260604-0006373,TRP-20260604-0006373,12.75,mada,settled,2026-06-04 06:41:41
PAY-20260604-0006374,TRP-20260604-0006374,12.62,mada,settled,2026-06-04 04:59:34
PAY-20260604-0006375,TRP-20260604-0006375,16.12,apple_pay,settled,2026-06-05 09:41:16
PAY-20260604-0006376,TRP-20260604-0006376,108.16,stc_pay,settled,2026-06-05 01:28:16
PAY-20260604-0006377,TRP-20260604-0006377,17.02,mada,settled,2026-06-04 10:23:37
PAY-20260604-0006378,TRP-20260604-0006378,37.49,credit_card,settled,2026-06-04 14:33:20
PAY-20260604-0006379,TRP-20260604-0006379,13.10,apple_pay,settled,2026-06-04 20:11:20
PAY-20260604-0006380,TRP-20260604-0006380,15.83,apple_pay,settled,2026-06-05 01:30:39
PAY-20260604-0006381,TRP-20260604-0006381,62.91,stc_pay,settled,2026-06-04 05:51:24
PAY-20260604-0006382,TRP-20260604-0006382,62.13,stc_pay,settled,2026-06-04 21:23:46
PAY-20260604-0006383,TRP-20260604-0006383,29.22,mada,settled,2026-06-04 17:11:07
PAY-20260604-0006384,TRP-20260604-0006384,21.42,credit_card,settled,2026-06-04 18:22:26
PAY-20260604-0006385,TRP-20260604-0006385,29.23,cash,settled,2026-06-04 12:30:07
PAY-20260604-0006386,TRP-20260604-0006386,76.91,cash,settled,2026-06-04 06:49:26
PAY-20260604-0006387,TRP-20260604-0006387,43.81,credit_card,settled,2026-06-04 17:58:32
PAY-20260604-0006388,TRP-20260604-0006388,18.57,stc_pay,settled,2026-06-05 06:08:23
PAY-20260604-0006389,TRP-20260604-0006389,22.80,credit_card,settled,2026-06-05 07:04:04
PAY-20260604-0006390,TRP-20260604-0006390,45.44,wallet,settled,2026-06-04 19:38:33
PAY-20260604-0006391,TRP-20260604-0006391,106.86,cash,settled,2026-06-04 07:33:24
PAY-20260604-0006392,TRP-20260604-0006392,16.04,mada,settled,2026-06-04 11:34:16
PAY-20260604-0006393,TRP-20260604-0006393,67.42,credit_card,pending,2026-06-04 16:31:32
PAY-20260604-0006394,TRP-20260604-0006394,25.53,credit_card,settled,2026-06-04 17:36:34
PAY-20260604-0006395,TRP-20260604-0006395,55.35,mada,settled,2026-06-04 17:10:42
PAY-20260604-0006396,TRP-20260604-0006396,21.29,credit_card,settled,2026-06-04 16:37:31
PAY-20260604-0006397,TRP-20260604-0006397,17.34,stc_pay,settled,2026-06-04 19:33:56
PAY-20260604-0006398,TRP-20260604-0006398,16.31,cash,settled,2026-06-04 05:02:50
PAY-20260604-0006399,TRP-20260604-0006399,15.59,cash,settled,2026-06-04 20:15:25
PAY-20260604-0006400,TRP-20260604-0006400,26.08,credit_card,settled,2026-06-05 06:12:48
PAY-20260604-0006401,TRP-20260604-0006401,65.70,mada,settled,2026-06-04 15:34:27
PAY-20260604-0006403,TRP-20260604-0006403,18.70,credit_card,settled,2026-06-04 04:54:25
PAY-20260604-0006404,TRP-20260604-0006404,24.64,stc_pay,settled,2026-06-04 18:41:11
PAY-20260604-0006405,TRP-20260604-0006405,17.42,mada,settled,2026-06-04 22:51:00
PAY-20260604-0006406,TRP-20260604-0006406,22.41,cash,settled,2026-06-03 22:53:23
PAY-20260604-0006407,TRP-20260604-0006407,39.16,cash,settled,2026-06-04 15:27:20
PAY-20260604-0006410,TRP-20260604-0006410,19.26,stc_pay,settled,2026-06-04 17:37:29
PAY-20260604-0006411,TRP-20260604-0006411,17.15,mada,settled,2026-06-04 08:19:24
PAY-20260604-0006412,TRP-20260604-0006412,75.33,apple_pay,settled,2026-06-05 01:01:09
PAY-20260604-0006413,TRP-20260604-0006413,22.52,wallet,settled,2026-06-05 11:42:15
PAY-20260604-0006414,TRP-20260604-0006414,28.97,credit_card,settled,2026-06-05 02:56:57
PAY-20260604-0006415,TRP-20260604-0006415,88.61,credit_card,settled,2026-06-04 05:26:50
PAY-20260604-0006416,TRP-20260604-0006416,44.26,apple_pay,pending,2026-06-04 18:15:54
PAY-20260604-0006418,TRP-20260604-0006418,31.76,credit_card,settled,2026-06-04 21:50:27
PAY-20260604-0006420,TRP-20260604-0006420,11.41,mada,settled,2026-06-04 11:02:36
PAY-20260604-0006421,TRP-20260604-0006421,26.63,stc_pay,settled,2026-06-04 15:00:49
PAY-20260604-0006422,TRP-20260604-0006422,21.27,apple_pay,settled,2026-06-04 03:59:27
PAY-20260604-0006423,TRP-20260604-0006423,30.46,mada,refunded,2026-06-04 07:33:59
PAY-20260604-0006424,TRP-20260604-0006424,10.00,credit_card,settled,2026-06-04 15:37:18
PAY-20260604-0006425,TRP-20260604-0006425,16.38,credit_card,settled,2026-06-04 12:02:23
PAY-20260604-0006426,TRP-20260604-0006426,121.15,cash,settled,2026-06-04 16:02:17
PAY-20260604-0006427,TRP-20260604-0006427,24.21,credit_card,settled,2026-06-04 18:21:59
PAY-20260604-0006428,TRP-20260604-0006428,29.06,stc_pay,settled,2026-06-04 06:54:12
PAY-20260604-0006429,TRP-20260604-0006429,25.56,cash,settled,2026-06-04 11:07:21
PAY-20260604-0006430,TRP-20260604-0006430,6.00,mada,settled,2026-06-04 16:31:25
PAY-20260604-0006431,TRP-20260604-0006431,69.66,mada,settled,2026-06-05 04:02:36
PAY-20260604-0006432,TRP-20260604-0006432,19.17,apple_pay,settled,2026-06-04 15:55:23
PAY-20260604-0006433,TRP-20260604-0006433,21.81,apple_pay,settled,2026-06-04 17:18:40
PAY-20260604-0006434,TRP-20260604-0006434,94.97,stc_pay,settled,2026-06-04 16:39:09
PAY-20260604-0006435,TRP-20260604-0006435,81.40,mada,settled,2026-06-04 04:07:10
PAY-20260604-0006436,TRP-20260604-0006436,82.62,mada,settled,2026-06-04 15:32:01
PAY-20260604-0006437,TRP-20260604-0006437,44.56,mada,settled,2026-06-04 10:40:58
PAY-20260604-0006438,TRP-20260604-0006438,11.12,mada,settled,2026-06-04 21:52:56
PAY-20260604-0006439,TRP-20260604-0006439,19.68,apple_pay,settled,2026-06-04 20:00:42
PAY-20260604-0006440,TRP-20260604-0006440,10.00,apple_pay,settled,2026-06-05 04:20:29
PAY-20260604-0006441,TRP-20260604-0006441,26.81,mada,settled,2026-06-04 22:32:02
PAY-20260604-0006442,TRP-20260604-0006442,43.78,mada,settled,2026-06-04 03:41:17
PAY-20260604-0006443,TRP-20260604-0006443,124.47,mada,settled,2026-06-04 16:15:25
PAY-20260604-0006444,TRP-20260604-0006444,44.60,credit_card,settled,2026-06-04 13:19:20
PAY-20260604-0006445,TRP-20260604-0006445,18.73,apple_pay,settled,2026-06-04 10:53:04
PAY-20260604-0006446,TRP-20260604-0006446,27.04,apple_pay,settled,2026-06-04 16:02:29
PAY-20260604-0006447,TRP-20260604-0006447,33.13,credit_card,settled,2026-06-04 08:04:14
PAY-20260604-0006448,TRP-20260604-0006448,86.95,mada,settled,2026-06-04 07:45:17
PAY-20260604-0006449,TRP-20260604-0006449,95.50,apple_pay,settled,2026-06-04 07:56:32
PAY-20260604-0006450,TRP-20260604-0006450,18.45,mada,settled,2026-06-04 07:41:07
PAY-20260604-0006451,TRP-20260604-0006451,48.52,apple_pay,settled,2026-06-04 16:02:41
PAY-20260604-0006452,TRP-20260604-0006452,46.72,mada,settled,2026-06-04 14:26:04
PAY-20260604-0006453,TRP-20260604-0006453,17.32,credit_card,settled,2026-06-04 05:01:33
PAY-20260604-0006454,TRP-20260604-0006454,29.82,credit_card,settled,2026-06-05 10:58:38
PAY-20260604-0006455,TRP-20260604-0006455,29.06,apple_pay,settled,2026-06-04 06:22:53
PAY-20260604-0006456,TRP-20260604-0006456,17.95,mada,settled,2026-06-04 20:24:08
PAY-20260604-0006457,TRP-20260604-0006457,23.86,mada,settled,2026-06-04 19:49:37
PAY-20260604-0006458,TRP-20260604-0006458,12.33,credit_card,pending,2026-06-04 12:48:39
PAY-20260604-0006459,TRP-20260604-0006459,50.75,mada,settled,2026-06-04 09:36:41
PAY-20260604-0006460,TRP-20260604-0006460,13.98,mada,settled,2026-06-04 08:57:55
PAY-20260604-0006461,TRP-20260604-0006461,137.38,apple_pay,settled,2026-06-05 05:24:47
PAY-20260604-0006462,TRP-20260604-0006462,28.37,credit_card,settled,2026-06-04 18:24:28
PAY-20260604-0006463,TRP-20260604-0006463,42.06,apple_pay,settled,2026-06-04 18:19:19
PAY-20260604-0006464,TRP-20260604-0006464,32.61,mada,settled,2026-06-04 10:30:24
PAY-20260604-0006465,TRP-20260604-0006465,108.68,cash,settled,2026-06-04 17:27:30
PAY-20260604-0006466,TRP-20260604-0006466,69.69,apple_pay,pending,2026-06-04 16:28:11
PAY-20260604-0006467,TRP-20260604-0006467,18.47,apple_pay,settled,2026-06-04 13:57:49
PAY-20260604-0006468,TRP-20260604-0006468,121.48,credit_card,settled,2026-06-04 18:22:40
PAY-20260604-0006469,TRP-20260604-0006469,35.25,apple_pay,settled,2026-06-04 18:31:51
PAY-20260604-0006470,TRP-20260604-0006470,68.97,apple_pay,settled,2026-06-03 22:15:14
PAY-20260604-0006471,TRP-20260604-0006471,13.30,cash,settled,2026-06-04 14:37:19
PAY-20260604-0006472,TRP-20260604-0006472,37.75,credit_card,settled,2026-06-04 18:02:52
PAY-20260604-0006473,TRP-20260604-0006473,10.00,mada,settled,2026-06-03 21:45:46
PAY-20260604-0006474,TRP-20260604-0006474,14.15,credit_card,settled,2026-06-04 10:20:44
PAY-20260604-0006475,TRP-20260604-0006475,128.60,mada,settled,2026-06-05 17:14:45
PAY-20260604-0006476,TRP-20260604-0006476,13.89,mada,settled,2026-06-05 03:00:32
PAY-20260604-0006477,TRP-20260604-0006477,10.00,apple_pay,settled,2026-06-04 19:00:35
PAY-20260604-0006478,TRP-20260604-0006478,41.42,apple_pay,settled,2026-06-05 14:13:06
PAY-20260604-0006479,TRP-20260604-0006479,14.72,credit_card,settled,2026-06-04 09:24:17
PAY-20260604-0006480,TRP-20260604-0006480,163.35,cash,settled,2026-06-04 21:11:13
PAY-20260604-0006481,TRP-20260604-0006481,91.93,mada,settled,2026-06-04 15:39:11
PAY-20260604-0006482,TRP-20260604-0006482,37.67,mada,settled,2026-06-04 19:27:18
PAY-20260604-0006483,TRP-20260604-0006483,94.34,mada,settled,2026-06-04 11:14:30
PAY-20260604-0006484,TRP-20260604-0006484,21.39,wallet,failed,2026-06-04 22:21:05
PAY-20260604-0006485,TRP-20260604-0006485,35.83,credit_card,failed,2026-06-04 08:09:57
PAY-20260604-0006486,TRP-20260604-0006486,35.34,mada,settled,2026-06-04 20:29:32
PAY-20260604-0006487,TRP-20260604-0006487,44.37,mada,settled,2026-06-04 06:25:25
PAY-20260604-0006488,TRP-20260604-0006488,31.72,credit_card,settled,2026-06-04 11:52:26
PAY-20260604-0006489,TRP-20260604-0006489,31.26,mada,settled,2026-06-05 05:08:16
PAY-20260604-0006490,TRP-20260604-0006490,20.61,cash,settled,2026-06-04 13:48:24
PAY-20260604-0006491,TRP-20260604-0006491,22.37,mada,settled,2026-06-04 08:48:07
PAY-20260604-0006492,TRP-20260604-0006492,75.00,mada,settled,2026-06-04 12:59:16
PAY-20260604-0006493,TRP-20260604-0006493,13.59,apple_pay,settled,2026-06-04 17:54:20
PAY-20260604-0006494,TRP-20260604-0006494,30.74,credit_card,settled,2026-06-04 12:55:04
PAY-20260604-0006495,TRP-20260604-0006495,102.81,mada,settled,2026-06-05 03:36:01
PAY-20260604-0006496,TRP-20260604-0006496,19.42,cash,settled,2026-06-04 01:09:07
PAY-20260604-0006497,TRP-20260604-0006497,14.79,mada,settled,2026-06-04 21:46:05
PAY-20260604-0006498,TRP-20260604-0006498,25.42,credit_card,settled,2026-06-04 13:35:09
PAY-20260604-0006499,TRP-20260604-0006499,19.92,apple_pay,settled,2026-06-05 02:04:51
PAY-20260604-0006500,TRP-20260604-0006500,63.65,credit_card,settled,2026-06-04 11:07:39
PAY-20260604-0006501,TRP-20260604-0006501,22.64,cash,settled,2026-06-04 14:43:03
PAY-20260604-0006502,TRP-20260604-0006502,34.11,stc_pay,settled,2026-06-05 11:43:02
PAY-20260604-0006503,TRP-20260604-0006503,19.89,wallet,settled,2026-06-04 17:47:03
PAY-20260604-0006504,TRP-20260604-0006504,12.00,mada,settled,2026-06-05 10:05:21
PAY-20260604-0006505,TRP-20260604-0006505,43.88,mada,settled,2026-06-04 14:53:02
PAY-20260604-0006506,TRP-20260604-0006506,25.78,mada,settled,2026-06-04 15:11:58
PAY-20260604-0006507,TRP-20260604-0006507,17.13,mada,settled,2026-06-05 03:20:55
PAY-20260604-0006508,TRP-20260604-0006508,10.00,credit_card,settled,2026-06-04 23:33:11
PAY-20260604-0006509,TRP-20260604-0006509,16.34,apple_pay,settled,2026-06-04 07:45:27
PAY-20260604-0006510,TRP-20260604-0006510,24.97,mada,settled,2026-06-04 06:41:10
PAY-20260604-0006511,TRP-20260604-0006511,10.00,credit_card,settled,2026-06-05 08:12:52
PAY-20260604-0006512,TRP-20260604-0006512,39.89,mada,settled,2026-06-04 14:54:26
PAY-20260604-0006513,TRP-20260604-0006513,40.88,stc_pay,settled,2026-06-04 16:35:43
PAY-20260604-0006514,TRP-20260604-0006514,16.13,cash,settled,2026-06-03 21:54:41
PAY-20260604-0006516,TRP-20260604-0006516,11.77,cash,settled,2026-06-04 19:56:45
PAY-20260604-0006517,TRP-20260604-0006517,83.31,mada,settled,2026-06-04 19:12:07
PAY-20260604-0006518,TRP-20260604-0006518,29.80,cash,settled,2026-06-04 06:16:20
PAY-20260604-0006519,TRP-20260604-0006519,12.00,mada,settled,2026-06-04 09:20:32
PAY-20260604-0006520,TRP-20260604-0006520,69.76,mada,settled,2026-06-04 09:23:15
PAY-20260604-0006521,TRP-20260604-0006521,39.24,mada,settled,2026-06-04 20:27:17
PAY-20260604-0006522,TRP-20260604-0006522,97.05,credit_card,settled,2026-06-04 07:15:17
PAY-20260604-0006523,TRP-20260604-0006523,40.03,apple_pay,settled,2026-06-05 12:43:05
PAY-20260604-0006524,TRP-20260604-0006524,33.80,credit_card,settled,2026-06-04 21:59:31
PAY-20260604-0006525,TRP-20260604-0006525,18.00,mada,settled,2026-06-04 12:35:04
PAY-20260604-0006526,TRP-20260604-0006526,69.77,mada,settled,2026-06-05 03:27:13
PAY-20260604-0006527,TRP-20260604-0006527,32.10,stc_pay,settled,2026-06-04 10:37:13
PAY-20260604-0006528,TRP-20260604-0006528,21.71,stc_pay,settled,2026-06-04 06:27:42
PAY-20260604-0006529,TRP-20260604-0006529,35.74,apple_pay,settled,2026-06-04 07:52:40
PAY-20260604-0006530,TRP-20260604-0006530,11.58,stc_pay,settled,2026-06-05 04:18:22
PAY-20260604-0006531,TRP-20260604-0006531,10.00,mada,settled,2026-06-04 16:40:37
PAY-20260604-0006532,TRP-20260604-0006532,33.44,credit_card,settled,2026-06-04 11:14:40
PAY-20260604-0006534,TRP-20260604-0006534,35.80,mada,settled,2026-06-04 15:50:44
PAY-20260604-0006535,TRP-20260604-0006535,25.34,mada,settled,2026-06-04 08:58:03
PAY-20260604-0006537,TRP-20260604-0006537,10.21,apple_pay,settled,2026-06-04 13:28:21
PAY-20260604-0006538,TRP-20260604-0006538,89.06,cash,settled,2026-06-03 22:30:57
PAY-20260604-0006539,TRP-20260604-0006539,46.78,apple_pay,settled,2026-06-04 12:37:16
PAY-20260604-0006540,TRP-20260604-0006540,93.31,credit_card,settled,2026-06-04 16:31:50
PAY-20260604-0006541,TRP-20260604-0006541,18.78,mada,settled,2026-06-04 14:46:19
PAY-20260604-0006542,TRP-20260604-0006542,41.88,apple_pay,settled,2026-06-05 11:44:28
PAY-20260604-0006543,TRP-20260604-0006543,65.97,credit_card,settled,2026-06-04 06:33:06
PAY-20260604-0006544,TRP-20260604-0006544,33.66,stc_pay,settled,2026-06-04 17:43:47
PAY-20260604-0006545,TRP-20260604-0006545,38.15,mada,settled,2026-06-04 06:02:41
PAY-20260604-0006546,TRP-20260604-0006546,12.00,mada,settled,2026-06-04 20:22:04
PAY-20260604-0006547,TRP-20260604-0006547,25.53,mada,settled,2026-06-04 02:29:26
PAY-20260604-0006548,TRP-20260604-0006548,16.52,mada,settled,2026-06-05 13:06:29
PAY-20260604-0006549,TRP-20260604-0006549,16.49,credit_card,settled,2026-06-04 20:19:51
PAY-20260604-0006550,TRP-20260604-0006550,45.19,mada,settled,2026-06-05 01:51:27
PAY-20260604-0006551,TRP-20260604-0006551,108.24,mada,settled,2026-06-04 16:14:42
PAY-20260604-0006552,TRP-20260604-0006552,26.04,credit_card,settled,2026-06-04 15:56:19
PAY-20260604-0006553,TRP-20260604-0006553,10.00,apple_pay,settled,2026-06-04 15:37:50
PAY-20260604-0006554,TRP-20260604-0006554,43.60,mada,settled,2026-06-04 11:00:05
PAY-20260604-0006555,TRP-20260604-0006555,52.07,apple_pay,settled,2026-06-04 06:56:59
PAY-20260604-0006556,TRP-20260604-0006556,38.50,apple_pay,settled,2026-06-04 23:10:21
PAY-20260604-0006557,TRP-20260604-0006557,17.34,cash,settled,2026-06-04 05:28:48
PAY-20260604-0006558,TRP-20260604-0006558,22.88,mada,settled,2026-06-04 14:33:28
PAY-20260604-0006559,TRP-20260604-0006559,51.97,credit_card,settled,2026-06-04 07:12:25
PAY-20260604-0006560,TRP-20260604-0006560,17.59,apple_pay,settled,2026-06-04 20:47:27
PAY-20260604-0006561,TRP-20260604-0006561,15.78,mada,settled,2026-06-04 10:18:16
PAY-20260604-0006562,TRP-20260604-0006562,38.43,cash,settled,2026-06-04 07:11:42
PAY-20260604-0006563,TRP-20260604-0006563,37.35,mada,settled,2026-06-04 13:50:57
PAY-20260604-0006564,TRP-20260604-0006564,88.62,mada,settled,2026-06-04 15:57:55
PAY-20260604-0006565,TRP-20260604-0006565,22.25,mada,settled,2026-06-04 11:18:55
PAY-20260604-0006566,TRP-20260604-0006566,26.57,mada,settled,2026-06-04 15:40:03
PAY-20260604-0006567,TRP-20260604-0006567,15.16,credit_card,pending,2026-06-04 09:33:13
PAY-20260604-0006568,TRP-20260604-0006568,91.62,stc_pay,settled,2026-06-04 13:35:06
PAY-20260604-0006569,TRP-20260604-0006569,93.45,mada,settled,2026-06-04 12:28:41
PAY-20260604-0006570,TRP-20260604-0006570,68.65,cash,settled,2026-06-04 06:21:45
PAY-20260604-0006571,TRP-20260604-0006571,26.41,mada,settled,2026-06-04 21:31:48
PAY-20260604-0006573,TRP-20260604-0006573,16.99,stc_pay,settled,2026-06-04 15:18:13
PAY-20260604-0006574,TRP-20260604-0006574,27.72,mada,settled,2026-06-04 08:37:56
PAY-20260604-0006575,TRP-20260604-0006575,31.38,credit_card,settled,2026-06-04 05:39:50
PAY-20260604-0006576,TRP-20260604-0006576,61.78,apple_pay,settled,2026-06-04 12:09:01
PAY-20260604-0006577,TRP-20260604-0006577,29.19,mada,settled,2026-06-04 02:25:36
PAY-20260604-0006578,TRP-20260604-0006578,38.99,wallet,settled,2026-06-05 08:06:26
PAY-20260604-0006579,TRP-20260604-0006579,56.12,cash,settled,2026-06-04 09:22:10
PAY-20260604-0006580,TRP-20260604-0006580,179.70,credit_card,settled,2026-06-04 16:47:21
PAY-20260604-0006581,TRP-20260604-0006581,22.52,credit_card,settled,2026-06-04 14:19:08
PAY-20260604-0006582,TRP-20260604-0006582,23.45,credit_card,settled,2026-06-04 08:04:54
PAY-20260604-0006583,TRP-20260604-0006583,68.94,mada,settled,2026-06-04 17:01:59
PAY-20260604-0006584,TRP-20260604-0006584,22.33,mada,settled,2026-06-04 20:03:47
PAY-20260604-0006585,TRP-20260604-0006585,75.66,mada,settled,2026-06-04 17:29:55
PAY-20260604-0006586,TRP-20260604-0006586,27.31,mada,settled,2026-06-04 21:26:44
PAY-20260604-0006587,TRP-20260604-0006587,19.79,stc_pay,settled,2026-06-04 16:29:38
PAY-20260604-0006588,TRP-20260604-0006588,124.51,mada,settled,2026-06-04 13:34:39
PAY-20260604-0006589,TRP-20260604-0006589,10.77,wallet,settled,2026-06-05 13:08:17
PAY-20260604-0006590,TRP-20260604-0006590,30.70,mada,settled,2026-06-04 12:47:47
PAY-20260604-0006591,TRP-20260604-0006591,106.01,credit_card,settled,2026-06-04 17:15:19
PAY-20260604-0006592,TRP-20260604-0006592,19.29,apple_pay,settled,2026-06-04 14:41:51
PAY-20260604-0006593,TRP-20260604-0006593,16.55,cash,settled,2026-06-04 04:35:34
PAY-20260604-0006594,TRP-20260604-0006594,12.74,mada,settled,2026-06-04 14:01:59
PAY-20260604-0006595,TRP-20260604-0006595,40.37,mada,settled,2026-06-05 07:42:41
PAY-20260604-0006596,TRP-20260604-0006596,14.16,cash,settled,2026-06-04 16:36:42
PAY-20260604-0006597,TRP-20260604-0006597,6.00,mada,settled,2026-06-04 08:11:28
PAY-20260604-0006598,TRP-20260604-0006598,16.30,credit_card,settled,2026-06-04 13:30:32
PAY-20260604-0006599,TRP-20260604-0006599,75.30,stc_pay,settled,2026-06-04 17:09:54
PAY-20260604-0006600,TRP-20260604-0006600,13.69,credit_card,settled,2026-06-03 23:34:05
PAY-20260604-0006601,TRP-20260604-0006601,28.09,cash,settled,2026-06-04 16:29:39
PAY-20260604-0006602,TRP-20260604-0006602,17.89,apple_pay,pending,2026-06-04 04:54:24
PAY-20260604-0006603,TRP-20260604-0006603,19.36,mada,settled,2026-06-04 01:50:05
PAY-20260604-0006604,TRP-20260604-0006604,26.51,credit_card,settled,2026-06-04 19:39:02
PAY-20260604-0006605,TRP-20260604-0006605,18.41,mada,settled,2026-06-04 17:29:43
PAY-20260604-0006606,TRP-20260604-0006606,44.30,apple_pay,settled,2026-06-04 16:13:42
PAY-20260604-0006607,TRP-20260604-0006607,23.13,mada,settled,2026-06-04 20:49:37
PAY-20260604-0006608,TRP-20260604-0006608,14.53,mada,settled,2026-06-04 23:56:45
PAY-20260604-0006609,TRP-20260604-0006609,6.00,mada,settled,2026-06-04 11:43:45
PAY-20260604-0006610,TRP-20260604-0006610,44.17,stc_pay,settled,2026-06-04 22:35:14
PAY-20260604-0006611,TRP-20260604-0006611,20.77,stc_pay,settled,2026-06-04 05:09:49
PAY-20260604-0006612,TRP-20260604-0006612,110.52,mada,settled,2026-06-04 11:09:07
PAY-20260604-0006613,TRP-20260604-0006613,22.58,cash,settled,2026-06-04 12:02:28
PAY-20260604-0006614,TRP-20260604-0006614,52.79,cash,settled,2026-06-04 10:31:12
PAY-20260604-0006615,TRP-20260604-0006615,24.00,mada,settled,2026-06-05 08:14:43
PAY-20260604-0006616,TRP-20260604-0006616,22.68,apple_pay,settled,2026-06-04 18:13:57
PAY-20260604-0006617,TRP-20260604-0006617,16.11,mada,settled,2026-06-04 15:37:52
PAY-20260604-0006618,TRP-20260604-0006618,14.39,credit_card,settled,2026-06-04 09:21:03
PAY-20260604-0006619,TRP-20260604-0006619,14.90,mada,settled,2026-06-04 05:53:19
PAY-20260604-0006620,TRP-20260604-0006620,22.52,stc_pay,settled,2026-06-04 07:46:50
PAY-20260604-0006621,TRP-20260604-0006621,39.34,apple_pay,settled,2026-06-04 09:19:36
PAY-20260604-0006622,TRP-20260604-0006622,28.19,mada,settled,2026-06-04 16:12:41
PAY-20260604-0006623,TRP-20260604-0006623,39.62,mada,settled,2026-06-04 08:50:38
PAY-20260604-0006625,TRP-20260604-0006625,23.29,stc_pay,settled,2026-06-05 00:44:15
PAY-20260604-0006626,TRP-20260604-0006626,73.64,mada,settled,2026-06-04 20:03:29
PAY-20260604-0006627,TRP-20260604-0006627,60.93,credit_card,settled,2026-06-03 23:30:41
PAY-20260604-0006628,TRP-20260604-0006628,24.97,credit_card,settled,2026-06-04 14:19:26
PAY-20260604-0006629,TRP-20260604-0006629,149.42,mada,settled,2026-06-04 20:13:22
PAY-20260604-0006630,TRP-20260604-0006630,34.63,mada,settled,2026-06-05 05:34:31
PAY-20260604-0006631,TRP-20260604-0006631,17.04,credit_card,settled,2026-06-04 17:12:48
PAY-20260604-0006632,TRP-20260604-0006632,55.69,credit_card,settled,2026-06-04 20:18:57
PAY-20260604-0006633,TRP-20260604-0006633,22.53,credit_card,settled,2026-06-04 15:06:35
PAY-20260604-0006634,TRP-20260604-0006634,30.98,stc_pay,settled,2026-06-04 06:32:21
PAY-20260604-0006635,TRP-20260604-0006635,66.58,wallet,settled,2026-06-05 03:20:18
PAY-20260604-0006636,TRP-20260604-0006636,45.16,apple_pay,settled,2026-06-04 14:37:04
PAY-20260604-0006637,TRP-20260604-0006637,60.90,mada,settled,2026-06-04 19:37:49
PAY-20260604-0006638,TRP-20260604-0006638,18.00,credit_card,settled,2026-06-04 20:43:21
PAY-20260604-0006639,TRP-20260604-0006639,58.47,cash,settled,2026-06-04 09:44:54
PAY-20260604-0006640,TRP-20260604-0006640,20.62,apple_pay,settled,2026-06-04 13:34:13
PAY-20260604-0006641,TRP-20260604-0006641,36.58,apple_pay,settled,2026-06-04 18:43:52
PAY-20260604-0006642,TRP-20260604-0006642,14.90,mada,settled,2026-06-03 23:48:29
PAY-20260604-0006643,TRP-20260604-0006643,16.54,apple_pay,failed,2026-06-04 08:38:46
PAY-20260604-0006644,TRP-20260604-0006644,18.17,stc_pay,settled,2026-06-04 14:57:38
PAY-20260604-0006645,TRP-20260604-0006645,18.97,mada,settled,2026-06-04 22:10:02
PAY-20260604-0006646,TRP-20260604-0006646,150.30,stc_pay,settled,2026-06-04 17:38:36
PAY-20260604-0006647,TRP-20260604-0006647,71.60,mada,settled,2026-06-04 21:26:50
PAY-20260604-0006648,TRP-20260604-0006648,28.22,apple_pay,settled,2026-06-04 08:18:07
PAY-20260604-0006649,TRP-20260604-0006649,42.55,mada,settled,2026-06-04 14:34:30
PAY-20260604-0006650,TRP-20260604-0006650,44.87,mada,settled,2026-06-04 08:30:44
PAY-20260604-0006651,TRP-20260604-0006651,10.00,stc_pay,settled,2026-06-04 10:17:22
PAY-20260604-0006652,TRP-20260604-0006652,18.39,cash,settled,2026-06-04 13:56:05
PAY-20260604-0006653,TRP-20260604-0006653,20.31,apple_pay,settled,2026-06-05 19:57:35
PAY-20260604-0006654,TRP-20260604-0006654,13.25,mada,pending,2026-06-05 07:30:08
PAY-20260604-0006655,TRP-20260604-0006655,22.15,mada,settled,2026-06-04 16:09:41
PAY-20260604-0006656,TRP-20260604-0006656,38.75,credit_card,settled,2026-06-04 15:39:15
PAY-20260604-0006657,TRP-20260604-0006657,36.54,mada,settled,2026-06-04 20:09:16
PAY-20260604-0006658,TRP-20260604-0006658,26.44,mada,settled,2026-06-04 15:25:27
PAY-20260604-0006659,TRP-20260604-0006659,54.25,mada,settled,2026-06-04 07:18:02
PAY-20260604-0006660,TRP-20260604-0006660,51.77,cash,settled,2026-06-04 13:34:36
PAY-20260604-0006661,TRP-20260604-0006661,21.95,credit_card,settled,2026-06-04 12:53:43
PAY-20260604-0006662,TRP-20260604-0006662,21.32,credit_card,settled,2026-06-04 13:58:58
PAY-20260604-0006663,TRP-20260604-0006663,25.44,credit_card,settled,2026-06-04 17:29:58
PAY-20260604-0006664,TRP-20260604-0006664,15.68,stc_pay,settled,2026-06-04 18:08:12
PAY-20260604-0006665,TRP-20260604-0006665,59.02,credit_card,settled,2026-06-04 14:00:48
PAY-20260604-0006666,TRP-20260604-0006666,31.39,mada,settled,2026-06-04 15:15:21
PAY-20260604-0006667,TRP-20260604-0006667,23.93,mada,settled,2026-06-04 19:08:14
PAY-20260604-0006668,TRP-20260604-0006668,24.70,mada,settled,2026-06-04 19:21:14
PAY-20260604-0006669,TRP-20260604-0006669,23.81,credit_card,settled,2026-06-04 23:52:37
PAY-20260604-0006670,TRP-20260604-0006670,32.77,apple_pay,settled,2026-06-04 06:19:43
PAY-20260604-0006671,TRP-20260604-0006671,39.69,mada,settled,2026-06-05 05:40:30
PAY-20260604-0006672,TRP-20260604-0006672,11.27,mada,settled,2026-06-04 18:29:51
PAY-20260604-0006673,TRP-20260604-0006673,38.17,mada,settled,2026-06-04 12:25:27
PAY-20260604-0006674,TRP-20260604-0006674,41.16,credit_card,settled,2026-06-05 00:37:26
PAY-20260604-0006676,TRP-20260604-0006676,31.55,mada,settled,2026-06-04 05:16:20
PAY-20260604-0006677,TRP-20260604-0006677,14.90,wallet,settled,2026-06-04 07:22:12
PAY-20260604-0006678,TRP-20260604-0006678,18.02,stc_pay,settled,2026-06-04 15:08:11
PAY-20260604-0006679,TRP-20260604-0006679,46.30,stc_pay,settled,2026-06-04 17:26:09
PAY-20260604-0006680,TRP-20260604-0006680,35.27,cash,settled,2026-06-04 08:21:38
PAY-20260604-0006681,TRP-20260604-0006681,32.07,mada,settled,2026-06-04 13:52:03
PAY-20260604-0006682,TRP-20260604-0006682,43.19,credit_card,settled,2026-06-04 18:48:58
PAY-20260604-0006683,TRP-20260604-0006683,12.91,mada,settled,2026-06-04 05:17:47
PAY-20260604-0006684,TRP-20260604-0006684,6.00,mada,settled,2026-06-04 18:48:05
PAY-20260604-0006685,TRP-20260604-0006685,43.01,cash,settled,2026-06-04 17:16:52
PAY-20260604-0006686,TRP-20260604-0006686,12.00,apple_pay,settled,2026-06-03 23:55:28
PAY-20260604-0006687,TRP-20260604-0006687,14.57,mada,settled,2026-06-04 15:07:02
PAY-20260604-0006688,TRP-20260604-0006688,30.43,mada,settled,2026-06-04 10:55:52
PAY-20260604-0006689,TRP-20260604-0006689,55.36,cash,settled,2026-06-04 14:54:42
PAY-20260604-0006690,TRP-20260604-0006690,33.76,apple_pay,settled,2026-06-04 16:30:59
PAY-20260604-0006691,TRP-20260604-0006691,67.59,credit_card,settled,2026-06-04 14:59:35
PAY-20260604-0006692,TRP-20260604-0006692,26.44,credit_card,settled,2026-06-04 06:07:48
PAY-20260604-0006693,TRP-20260604-0006693,16.65,stc_pay,settled,2026-06-03 21:34:34
PAY-20260604-0006694,TRP-20260604-0006694,52.74,mada,settled,2026-06-04 18:55:07
PAY-20260604-0006695,TRP-20260604-0006695,15.86,mada,settled,2026-06-04 15:23:53
PAY-20260604-0006696,TRP-20260604-0006696,73.23,credit_card,settled,2026-06-04 06:07:39
PAY-20260604-0006697,TRP-20260604-0006697,70.10,stc_pay,settled,2026-06-05 00:39:07
PAY-20260604-0006699,TRP-20260604-0006699,73.07,cash,settled,2026-06-04 16:40:54
PAY-20260604-0006700,TRP-20260604-0006700,38.23,credit_card,settled,2026-06-05 10:52:10
PAY-20260604-0006701,TRP-20260604-0006701,88.13,cash,settled,2026-06-04 21:13:09
PAY-20260604-0006702,TRP-20260604-0006702,15.86,cash,settled,2026-06-04 15:10:30
PAY-20260604-0006703,TRP-20260604-0006703,70.46,credit_card,settled,2026-06-04 15:27:40
PAY-20260604-0006704,TRP-20260604-0006704,10.38,mada,settled,2026-06-04 08:17:04
PAY-20260604-0006705,TRP-20260604-0006705,16.93,mada,settled,2026-06-04 18:26:44
PAY-20260604-0006706,TRP-20260604-0006706,46.77,mada,settled,2026-06-04 10:22:55
PAY-20260604-0006707,TRP-20260604-0006707,61.45,mada,settled,2026-06-04 16:37:36
PAY-20260604-0006708,TRP-20260604-0006708,106.28,credit_card,settled,2026-06-04 08:02:52
PAY-20260604-0006709,TRP-20260604-0006709,45.34,apple_pay,settled,2026-06-05 05:43:55
PAY-20260604-0006710,TRP-20260604-0006710,19.06,cash,settled,2026-06-04 17:34:12
PAY-20260604-0006711,TRP-20260604-0006711,42.66,mada,settled,2026-06-04 19:35:31
PAY-20260604-0006712,TRP-20260604-0006712,83.48,apple_pay,settled,2026-06-04 06:37:28
PAY-20260604-0006713,TRP-20260604-0006713,22.62,cash,settled,2026-06-04 16:52:45
PAY-20260604-0006714,TRP-20260604-0006714,18.85,stc_pay,settled,2026-06-05 04:01:54
PAY-20260604-0006715,TRP-20260604-0006715,16.85,credit_card,settled,2026-06-04 12:48:22
PAY-20260604-0006716,TRP-20260604-0006716,12.15,apple_pay,settled,2026-06-04 08:55:35
PAY-20260604-0006717,TRP-20260604-0006717,46.98,apple_pay,settled,2026-06-05 17:07:05
PAY-20260604-0006718,TRP-20260604-0006718,18.59,apple_pay,settled,2026-06-04 16:36:45
PAY-20260604-0006719,TRP-20260604-0006719,30.17,mada,settled,2026-06-04 17:05:01
PAY-20260604-0006720,TRP-20260604-0006720,36.27,apple_pay,settled,2026-06-04 20:46:50
PAY-20260604-0006721,TRP-20260604-0006721,10.00,apple_pay,settled,2026-06-04 22:35:36
PAY-20260604-0006722,TRP-20260604-0006722,21.18,credit_card,settled,2026-06-04 17:20:57
PAY-20260604-0006723,TRP-20260604-0006723,77.61,credit_card,settled,2026-06-05 00:16:19
PAY-20260604-0006724,TRP-20260604-0006724,25.97,apple_pay,settled,2026-06-04 07:14:55
PAY-20260604-0006725,TRP-20260604-0006725,61.40,apple_pay,settled,2026-06-05 06:08:11
PAY-20260604-0006726,TRP-20260604-0006726,8.00,stc_pay,settled,2026-06-04 04:46:56
PAY-20260604-0006727,TRP-20260604-0006727,16.75,stc_pay,settled,2026-06-04 06:09:37
PAY-20260604-0006728,TRP-20260604-0006728,58.95,mada,settled,2026-06-04 21:03:49
PAY-20260604-0006729,TRP-20260604-0006729,20.19,cash,settled,2026-06-04 06:52:21
PAY-20260604-0006730,TRP-20260604-0006730,12.00,apple_pay,settled,2026-06-04 11:15:46
PAY-20260604-0006731,TRP-20260604-0006731,11.21,stc_pay,settled,2026-06-04 17:27:38
PAY-20260604-0006732,TRP-20260604-0006732,18.95,mada,settled,2026-06-04 06:30:18
PAY-20260604-0006733,TRP-20260604-0006733,39.31,wallet,settled,2026-06-05 00:55:58
PAY-20260604-0006734,TRP-20260604-0006734,18.73,apple_pay,settled,2026-06-04 05:04:51
PAY-20260604-0006735,TRP-20260604-0006735,53.28,mada,settled,2026-06-04 09:10:49
PAY-20260604-0006736,TRP-20260604-0006736,22.48,mada,settled,2026-06-03 22:14:08
PAY-20260604-0006737,TRP-20260604-0006737,39.00,mada,settled,2026-06-04 21:21:38
PAY-20260604-0006738,TRP-20260604-0006738,11.00,mada,settled,2026-06-05 00:34:35
PAY-20260604-0006739,TRP-20260604-0006739,18.03,apple_pay,settled,2026-06-05 12:07:41
PAY-20260604-0006740,TRP-20260604-0006740,22.45,cash,settled,2026-06-04 05:02:53
PAY-20260604-0006741,TRP-20260604-0006741,66.71,stc_pay,settled,2026-06-04 17:37:44
PAY-20260604-0006742,TRP-20260604-0006742,15.54,wallet,settled,2026-06-05 11:02:02
PAY-20260604-0006743,TRP-20260604-0006743,30.86,cash,settled,2026-06-04 14:45:08
PAY-20260604-0006744,TRP-20260604-0006744,19.11,mada,settled,2026-06-04 12:55:06
PAY-20260604-0006745,TRP-20260604-0006745,25.27,mada,settled,2026-06-04 16:42:15
PAY-20260604-0006746,TRP-20260604-0006746,49.79,credit_card,pending,2026-06-04 14:29:35
PAY-20260604-0006747,TRP-20260604-0006747,12.00,mada,settled,2026-06-04 15:05:57
PAY-20260604-0006748,TRP-20260604-0006748,26.84,apple_pay,settled,2026-06-04 07:57:40
PAY-20260604-0006749,TRP-20260604-0006749,18.50,mada,settled,2026-06-05 06:42:29
PAY-20260604-0006750,TRP-20260604-0006750,28.77,credit_card,settled,2026-06-05 10:19:45
PAY-20260604-0006751,TRP-20260604-0006751,11.47,credit_card,pending,2026-06-04 11:43:58
PAY-20260604-0006752,TRP-20260604-0006752,112.32,stc_pay,settled,2026-06-04 14:58:31
PAY-20260604-0006753,TRP-20260604-0006753,56.26,mada,settled,2026-06-04 12:14:03
PAY-20260604-0006754,TRP-20260604-0006754,20.32,credit_card,settled,2026-06-04 07:37:26
PAY-20260604-0006755,TRP-20260604-0006755,35.72,stc_pay,settled,2026-06-04 11:22:41
PAY-20260604-0006756,TRP-20260604-0006756,44.62,mada,settled,2026-06-04 19:01:01
PAY-20260604-0006757,TRP-20260604-0006757,44.72,mada,settled,2026-06-04 14:48:33
PAY-20260604-0006758,TRP-20260604-0006758,17.56,mada,settled,2026-06-04 14:18:27
PAY-20260604-0006759,TRP-20260604-0006759,26.94,credit_card,settled,2026-06-04 19:56:49
PAY-20260604-0006760,TRP-20260604-0006760,17.59,wallet,pending,2026-06-04 13:17:38
PAY-20260604-0006761,TRP-20260604-0006761,59.76,stc_pay,settled,2026-06-05 09:38:39
PAY-20260604-0006762,TRP-20260604-0006762,78.99,cash,settled,2026-06-04 09:37:19
PAY-20260604-0006763,TRP-20260604-0006763,34.43,credit_card,settled,2026-06-04 16:47:03
PAY-20260604-0006764,TRP-20260604-0006764,8.00,wallet,settled,2026-06-04 15:08:15
PAY-20260604-0006765,TRP-20260604-0006765,12.00,apple_pay,settled,2026-06-04 20:31:36
PAY-20260604-0006766,TRP-20260604-0006766,39.92,apple_pay,settled,2026-06-04 16:03:16
PAY-20260604-0006767,TRP-20260604-0006767,12.24,apple_pay,settled,2026-06-05 02:42:06
PAY-20260604-0006769,TRP-20260604-0006769,27.96,apple_pay,settled,2026-06-04 13:30:51
PAY-20260604-0006770,TRP-20260604-0006770,25.45,cash,settled,2026-06-04 20:11:04
PAY-20260604-0006771,TRP-20260604-0006771,29.24,mada,settled,2026-06-04 18:15:59
PAY-20260604-0006772,TRP-20260604-0006772,22.89,cash,settled,2026-06-04 16:31:48
PAY-20260604-0006773,TRP-20260604-0006773,18.22,mada,settled,2026-06-04 09:31:53
PAY-20260604-0006774,TRP-20260604-0006774,28.77,mada,settled,2026-06-04 20:28:24
PAY-20260604-0006775,TRP-20260604-0006775,94.54,stc_pay,settled,2026-06-04 16:17:59
PAY-20260604-0006776,TRP-20260604-0006776,27.92,stc_pay,settled,2026-06-04 21:20:51
PAY-20260604-0006777,TRP-20260604-0006777,18.02,apple_pay,pending,2026-06-05 09:03:13
PAY-20260604-0006778,TRP-20260604-0006778,13.05,mada,settled,2026-06-04 20:45:23
PAY-20260604-0006779,TRP-20260604-0006779,29.25,mada,settled,2026-06-04 06:55:33
PAY-20260604-0006780,TRP-20260604-0006780,69.26,apple_pay,settled,2026-06-04 07:14:59
PAY-20260604-0006781,TRP-20260604-0006781,35.96,mada,settled,2026-06-05 00:08:07
PAY-20260604-0006783,TRP-20260604-0006783,44.77,cash,settled,2026-06-04 15:49:37
PAY-20260604-0006784,TRP-20260604-0006784,64.98,apple_pay,settled,2026-06-04 16:53:54
PAY-20260604-0006785,TRP-20260604-0006785,27.00,mada,settled,2026-06-04 14:31:59
PAY-20260604-0006786,TRP-20260604-0006786,66.83,apple_pay,settled,2026-06-04 05:52:31
PAY-20260604-0006787,TRP-20260604-0006787,78.89,apple_pay,pending,2026-06-04 19:15:22
PAY-20260604-0006788,TRP-20260604-0006788,123.16,mada,settled,2026-06-04 18:48:54
PAY-20260604-0006789,TRP-20260604-0006789,68.15,credit_card,settled,2026-06-05 10:17:43
PAY-20260604-0006790,TRP-20260604-0006790,41.92,apple_pay,settled,2026-06-05 11:39:17
PAY-20260604-0006791,TRP-20260604-0006791,44.93,mada,settled,2026-06-05 13:51:07
PAY-20260604-0006792,TRP-20260604-0006792,11.00,cash,settled,2026-06-04 12:05:56
PAY-20260604-0006793,TRP-20260604-0006793,32.69,mada,settled,2026-06-04 20:53:25
PAY-20260604-0006794,TRP-20260604-0006794,36.30,apple_pay,settled,2026-06-04 05:58:09
PAY-20260604-0006795,TRP-20260604-0006795,10.00,mada,settled,2026-06-04 21:01:32
PAY-20260604-0006796,TRP-20260604-0006796,108.12,mada,settled,2026-06-04 18:22:15
PAY-20260604-0006797,TRP-20260604-0006797,43.33,cash,settled,2026-06-04 05:02:15
PAY-20260604-0006798,TRP-20260604-0006798,38.71,mada,settled,2026-06-05 12:01:53
PAY-20260604-0006799,TRP-20260604-0006799,10.00,apple_pay,settled,2026-06-04 19:18:26
PAY-20260604-0006800,TRP-20260604-0006800,20.38,wallet,settled,2026-06-04 12:02:11
PAY-20260604-0006801,TRP-20260604-0006801,46.46,credit_card,settled,2026-06-04 18:00:49
PAY-20260604-0006802,TRP-20260604-0006802,34.67,credit_card,settled,2026-06-04 14:48:16
PAY-20260604-0006803,TRP-20260604-0006803,39.51,wallet,settled,2026-06-05 08:25:55
PAY-20260604-0006804,TRP-20260604-0006804,33.82,mada,settled,2026-06-04 17:42:36
PAY-20260604-0006805,TRP-20260604-0006805,34.42,credit_card,settled,2026-06-04 08:12:43
PAY-20260604-0006806,TRP-20260604-0006806,47.61,mada,settled,2026-06-04 17:38:31
PAY-20260604-0006807,TRP-20260604-0006807,16.71,mada,settled,2026-06-04 12:49:33
PAY-20260604-0006808,TRP-20260604-0006808,44.63,cash,settled,2026-06-04 17:29:55
PAY-20260604-0006809,TRP-20260604-0006809,32.71,stc_pay,settled,2026-06-04 12:22:58
PAY-20260604-0006810,TRP-20260604-0006810,32.19,cash,settled,2026-06-04 17:11:17
PAY-20260604-0006811,TRP-20260604-0006811,42.24,mada,settled,2026-06-04 13:38:34
PAY-20260604-0006814,TRP-20260604-0006814,26.77,apple_pay,settled,2026-06-04 11:32:15
PAY-20260604-0006815,TRP-20260604-0006815,80.14,apple_pay,settled,2026-06-05 01:06:25
PAY-20260604-0006816,TRP-20260604-0006816,15.97,cash,settled,2026-06-03 21:54:56
PAY-20260604-0006817,TRP-20260604-0006817,8.00,credit_card,settled,2026-06-04 18:25:07
PAY-20260604-0006818,TRP-20260604-0006818,40.69,mada,settled,2026-06-04 14:10:38
PAY-20260604-0006819,TRP-20260604-0006819,60.28,mada,settled,2026-06-04 19:47:28
PAY-20260604-0006820,TRP-20260604-0006820,41.00,mada,settled,2026-06-05 00:17:18
PAY-20260604-0006821,TRP-20260604-0006821,10.00,mada,settled,2026-06-05 06:27:03
PAY-20260604-0006822,TRP-20260604-0006822,14.65,credit_card,settled,2026-06-04 22:14:25
PAY-20260604-0006823,TRP-20260604-0006823,12.52,cash,settled,2026-06-04 10:32:03
PAY-20260604-0006825,TRP-20260604-0006825,57.65,mada,settled,2026-06-05 12:08:24
PAY-20260604-0006826,TRP-20260604-0006826,15.50,cash,settled,2026-06-04 15:03:09
PAY-20260604-0006827,TRP-20260604-0006827,34.64,credit_card,settled,2026-06-04 16:00:38
PAY-20260604-0006828,TRP-20260604-0006828,10.99,apple_pay,settled,2026-06-04 17:41:17
PAY-20260604-0006829,TRP-20260604-0006829,63.07,mada,settled,2026-06-04 10:02:17
PAY-20260604-0006830,TRP-20260604-0006830,35.35,mada,settled,2026-06-04 16:59:39
PAY-20260604-0006831,TRP-20260604-0006831,30.95,apple_pay,settled,2026-06-05 00:30:03
PAY-20260604-0006832,TRP-20260604-0006832,12.15,cash,settled,2026-06-04 11:03:47
PAY-20260604-0006833,TRP-20260604-0006833,99.71,cash,settled,2026-06-04 11:56:28
PAY-20260604-0006834,TRP-20260604-0006834,61.65,credit_card,settled,2026-06-04 16:44:27
PAY-20260604-0006835,TRP-20260604-0006835,25.02,apple_pay,settled,2026-06-04 21:32:12
PAY-20260604-0006836,TRP-20260604-0006836,49.63,mada,settled,2026-06-04 09:21:02
PAY-20260604-0006837,TRP-20260604-0006837,18.05,mada,failed,2026-06-05 03:38:41
PAY-20260604-0006838,TRP-20260604-0006838,143.05,mada,settled,2026-06-04 07:44:55
PAY-20260604-0006839,TRP-20260604-0006839,20.46,credit_card,settled,2026-06-04 06:03:02
PAY-20260604-0006840,TRP-20260604-0006840,19.27,cash,settled,2026-06-04 02:23:40
PAY-20260604-0006843,TRP-20260604-0006843,25.18,mada,settled,2026-06-04 18:12:56
PAY-20260604-0006844,TRP-20260604-0006844,20.21,mada,settled,2026-06-04 09:26:21
PAY-20260604-0006846,TRP-20260604-0006846,40.40,stc_pay,settled,2026-06-04 16:11:44
PAY-20260604-0006847,TRP-20260604-0006847,14.75,credit_card,settled,2026-06-04 14:57:39
PAY-20260604-0006848,TRP-20260604-0006848,27.78,credit_card,settled,2026-06-05 02:23:11
PAY-20260604-0006849,TRP-20260604-0006849,33.90,mada,settled,2026-06-04 06:14:18
PAY-20260604-0006850,TRP-20260604-0006850,18.10,wallet,settled,2026-06-05 14:45:13
PAY-20260604-0006851,TRP-20260604-0006851,16.15,mada,settled,2026-06-05 06:27:35
PAY-20260604-0006852,TRP-20260604-0006852,52.90,apple_pay,settled,2026-06-04 07:04:01
PAY-20260604-0006853,TRP-20260604-0006853,16.49,mada,settled,2026-06-05 14:35:28
PAY-20260604-0006854,TRP-20260604-0006854,29.45,cash,settled,2026-06-04 18:11:19
PAY-20260604-0006855,TRP-20260604-0006855,66.17,credit_card,settled,2026-06-04 07:30:07
PAY-20260604-0006856,TRP-20260604-0006856,31.72,wallet,settled,2026-06-04 10:38:50
PAY-20260604-0006857,TRP-20260604-0006857,10.00,mada,settled,2026-06-03 22:42:27
PAY-20260604-0006858,TRP-20260604-0006858,10.00,stc_pay,settled,2026-06-04 12:31:23
PAY-20260604-0006859,TRP-20260604-0006859,12.00,cash,settled,2026-06-04 11:09:22
PAY-20260604-0006860,TRP-20260604-0006860,25.35,credit_card,settled,2026-06-04 17:52:30
PAY-20260604-0006861,TRP-20260604-0006861,6.00,wallet,settled,2026-06-04 05:24:34
PAY-20260604-0006862,TRP-20260604-0006862,21.44,mada,settled,2026-06-04 08:44:47
PAY-20260604-0006863,TRP-20260604-0006863,33.70,wallet,settled,2026-06-04 21:42:01
PAY-20260604-0006864,TRP-20260604-0006864,33.56,stc_pay,settled,2026-06-04 15:11:53
PAY-20260604-0006866,TRP-20260604-0006866,22.63,mada,settled,2026-06-04 17:42:34
PAY-20260604-0006867,TRP-20260604-0006867,24.48,mada,settled,2026-06-04 07:14:34
PAY-20260604-0006868,TRP-20260604-0006868,34.20,stc_pay,settled,2026-06-04 21:27:44
PAY-20260604-0006869,TRP-20260604-0006869,15.97,wallet,settled,2026-06-04 12:42:11
PAY-20260604-0006870,TRP-20260604-0006870,33.02,mada,settled,2026-06-04 19:11:09
PAY-20260604-0006871,TRP-20260604-0006871,14.14,credit_card,settled,2026-06-05 06:29:34
PAY-20260604-0006872,TRP-20260604-0006872,35.32,stc_pay,settled,2026-06-04 13:27:36
PAY-20260604-0006873,TRP-20260604-0006873,40.66,apple_pay,settled,2026-06-04 19:04:43
PAY-20260604-0006874,TRP-20260604-0006874,28.77,wallet,settled,2026-06-04 18:18:34
PAY-20260604-0006875,TRP-20260604-0006875,54.15,mada,settled,2026-06-05 03:16:31
PAY-20260604-0006876,TRP-20260604-0006876,65.10,apple_pay,settled,2026-06-05 09:42:04
PAY-20260604-0006877,TRP-20260604-0006877,47.55,credit_card,settled,2026-06-04 14:31:29
PAY-20260604-0006878,TRP-20260604-0006878,10.00,wallet,settled,2026-06-04 11:34:00
PAY-20260604-0006879,TRP-20260604-0006879,35.76,mada,settled,2026-06-04 05:38:47
PAY-20260604-0006880,TRP-20260604-0006880,62.76,cash,settled,2026-06-04 18:01:31
PAY-20260604-0006881,TRP-20260604-0006881,43.32,mada,settled,2026-06-04 14:23:49
PAY-20260604-0006882,TRP-20260604-0006882,19.32,credit_card,settled,2026-06-03 21:25:49
PAY-20260604-0006883,TRP-20260604-0006883,73.14,credit_card,settled,2026-06-05 04:43:12
PAY-20260604-0006884,TRP-20260604-0006884,6.00,mada,settled,2026-06-04 18:15:02
PAY-20260604-0006885,TRP-20260604-0006885,14.36,credit_card,settled,2026-06-04 18:40:35
PAY-20260604-0006886,TRP-20260604-0006886,17.19,wallet,settled,2026-06-04 16:26:21
PAY-20260604-0006887,TRP-20260604-0006887,47.53,stc_pay,settled,2026-06-04 17:19:39
PAY-20260604-0006888,TRP-20260604-0006888,29.29,cash,settled,2026-06-04 18:31:09
PAY-20260604-0006889,TRP-20260604-0006889,15.58,stc_pay,settled,2026-06-04 05:00:15
PAY-20260604-0006890,TRP-20260604-0006890,12.00,mada,settled,2026-06-05 12:17:15
PAY-20260604-0006891,TRP-20260604-0006891,25.22,credit_card,settled,2026-06-05 12:43:55
PAY-20260604-0006892,TRP-20260604-0006892,13.07,stc_pay,settled,2026-06-04 03:26:15
PAY-20260604-0006893,TRP-20260604-0006893,19.37,mada,settled,2026-06-05 12:08:19
PAY-20260604-0006894,TRP-20260604-0006894,59.54,mada,settled,2026-06-05 08:58:29
PAY-20260604-0006895,TRP-20260604-0006895,21.43,cash,settled,2026-06-04 13:42:30
PAY-20260604-0006896,TRP-20260604-0006896,27.48,credit_card,settled,2026-06-05 03:52:25
PAY-20260604-0006897,TRP-20260604-0006897,85.97,apple_pay,settled,2026-06-04 20:35:17
PAY-20260604-0006898,TRP-20260604-0006898,26.88,credit_card,settled,2026-06-04 06:03:04
PAY-20260604-0006899,TRP-20260604-0006899,37.78,mada,settled,2026-06-05 14:43:27
PAY-20260604-0006900,TRP-20260604-0006900,50.51,stc_pay,settled,2026-06-04 03:40:42
PAY-20260604-0006901,TRP-20260604-0006901,24.11,mada,settled,2026-06-05 04:01:02
PAY-20260604-0006902,TRP-20260604-0006902,18.88,mada,settled,2026-06-04 13:55:02
PAY-20260604-0006903,TRP-20260604-0006903,10.00,stc_pay,pending,2026-06-04 17:42:43
PAY-20260604-0006904,TRP-20260604-0006904,29.91,wallet,settled,2026-06-04 14:40:03
PAY-20260604-0006905,TRP-20260604-0006905,8.00,mada,settled,2026-06-04 23:41:15
PAY-20260604-0006906,TRP-20260604-0006906,44.27,mada,settled,2026-06-04 17:11:12
PAY-20260604-0006907,TRP-20260604-0006907,70.62,credit_card,settled,2026-06-04 13:23:07
PAY-20260604-0006908,TRP-20260604-0006908,21.53,mada,settled,2026-06-04 20:58:35
PAY-20260604-0006909,TRP-20260604-0006909,54.07,stc_pay,settled,2026-06-04 08:02:37
PAY-20260604-0006910,TRP-20260604-0006910,87.92,wallet,settled,2026-06-04 21:04:02
PAY-20260604-0006911,TRP-20260604-0006911,14.89,stc_pay,settled,2026-06-05 02:31:46
PAY-20260604-0006912,TRP-20260604-0006912,35.12,cash,settled,2026-06-04 05:42:32
PAY-20260604-0006913,TRP-20260604-0006913,23.79,mada,settled,2026-06-04 20:08:49
PAY-20260604-0006914,TRP-20260604-0006914,10.00,credit_card,settled,2026-06-05 03:01:49
PAY-20260604-0006915,TRP-20260604-0006915,35.53,apple_pay,settled,2026-06-05 15:03:17
PAY-20260604-0006916,TRP-20260604-0006916,46.29,cash,settled,2026-06-04 13:43:37
PAY-20260604-0006917,TRP-20260604-0006917,80.65,credit_card,settled,2026-06-04 15:21:52
PAY-20260604-0006918,TRP-20260604-0006918,17.27,mada,settled,2026-06-04 23:31:23
PAY-20260604-0006919,TRP-20260604-0006919,37.36,credit_card,settled,2026-06-04 08:24:58
PAY-20260604-0006921,TRP-20260604-0006921,20.33,mada,settled,2026-06-04 19:07:46
PAY-20260604-0006922,TRP-20260604-0006922,27.88,apple_pay,settled,2026-06-04 16:51:45
PAY-20260604-0006923,TRP-20260604-0006923,29.27,cash,settled,2026-06-03 22:59:23
PAY-20260604-0006924,TRP-20260604-0006924,32.24,stc_pay,settled,2026-06-04 07:58:54
PAY-20260604-0006925,TRP-20260604-0006925,12.90,cash,settled,2026-06-04 17:43:01
PAY-20260604-0006926,TRP-20260604-0006926,47.31,apple_pay,settled,2026-06-05 10:23:59
PAY-20260604-0006927,TRP-20260604-0006927,22.79,credit_card,settled,2026-06-04 06:21:24
PAY-20260604-0006928,TRP-20260604-0006928,45.20,mada,settled,2026-06-04 10:48:05
PAY-20260604-0006929,TRP-20260604-0006929,50.09,stc_pay,settled,2026-06-05 08:33:00
PAY-20260604-0006930,TRP-20260604-0006930,11.00,mada,settled,2026-06-04 20:38:26
PAY-20260604-0006931,TRP-20260604-0006931,47.84,cash,settled,2026-06-04 13:14:07
PAY-20260604-0006932,TRP-20260604-0006932,40.47,stc_pay,settled,2026-06-05 20:24:31
PAY-20260604-0006933,TRP-20260604-0006933,53.92,credit_card,settled,2026-06-04 17:46:48
PAY-20260604-0006934,TRP-20260604-0006934,34.95,apple_pay,settled,2026-06-05 02:35:04
PAY-20260604-0006935,TRP-20260604-0006935,29.07,mada,settled,2026-06-04 11:42:53
PAY-20260604-0006937,TRP-20260604-0006937,26.37,stc_pay,settled,2026-06-04 16:59:55
PAY-20260604-0006938,TRP-20260604-0006938,38.62,mada,settled,2026-06-04 06:37:10
PAY-20260604-0006939,TRP-20260604-0006939,25.06,mada,settled,2026-06-04 13:39:17
PAY-20260604-0006940,TRP-20260604-0006940,16.88,mada,settled,2026-06-04 13:56:44
PAY-20260604-0006941,TRP-20260604-0006941,21.30,cash,settled,2026-06-04 09:57:31
PAY-20260604-0006942,TRP-20260604-0006942,22.83,credit_card,settled,2026-06-04 17:22:29
PAY-20260604-0006943,TRP-20260604-0006943,45.73,wallet,settled,2026-06-04 12:05:10
PAY-20260604-0006944,TRP-20260604-0006944,12.00,stc_pay,settled,2026-06-04 10:35:01
PAY-20260604-0006945,TRP-20260604-0006945,121.36,apple_pay,refunded,2026-06-04 15:28:47
PAY-20260604-0006946,TRP-20260604-0006946,20.10,credit_card,settled,2026-06-04 18:32:03
PAY-20260604-0006947,TRP-20260604-0006947,17.48,mada,settled,2026-06-04 13:13:57
PAY-20260604-0006948,TRP-20260604-0006948,27.36,wallet,settled,2026-06-05 19:16:48
PAY-20260604-0006949,TRP-20260604-0006949,152.54,mada,settled,2026-06-04 17:27:35
PAY-20260604-0006950,TRP-20260604-0006950,14.56,mada,settled,2026-06-04 14:25:21
PAY-20260604-0006951,TRP-20260604-0006951,19.74,mada,settled,2026-06-04 19:12:19
PAY-20260604-0006952,TRP-20260604-0006952,49.83,mada,settled,2026-06-04 18:27:10
PAY-20260604-0006953,TRP-20260604-0006953,12.88,mada,settled,2026-06-04 20:19:42
PAY-20260604-0006954,TRP-20260604-0006954,29.44,mada,settled,2026-06-04 10:55:25
PAY-20260604-0006955,TRP-20260604-0006955,25.33,wallet,settled,2026-06-04 11:10:55
PAY-20260604-0006956,TRP-20260604-0006956,47.33,mada,settled,2026-06-04 21:04:18
PAY-20260604-0006957,TRP-20260604-0006957,81.91,stc_pay,settled,2026-06-04 16:34:26
PAY-20260604-0006958,TRP-20260604-0006958,24.90,stc_pay,settled,2026-06-04 13:04:53
PAY-20260604-0006959,TRP-20260604-0006959,72.61,mada,settled,2026-06-04 17:10:27
PAY-20260604-0006960,TRP-20260604-0006960,14.44,mada,settled,2026-06-05 08:10:38
PAY-20260604-0006961,TRP-20260604-0006961,27.77,mada,settled,2026-06-04 17:10:49
PAY-20260604-0006962,TRP-20260604-0006962,59.93,credit_card,settled,2026-06-04 06:05:57
PAY-20260604-0006963,TRP-20260604-0006963,71.09,apple_pay,settled,2026-06-05 10:20:42
PAY-20260604-0006964,TRP-20260604-0006964,20.62,cash,settled,2026-06-04 18:52:55
PAY-20260604-0006965,TRP-20260604-0006965,38.89,credit_card,settled,2026-06-05 05:44:47
PAY-20260604-0006966,TRP-20260604-0006966,14.15,apple_pay,failed,2026-06-04 18:44:56
PAY-20260604-0006967,TRP-20260604-0006967,33.62,credit_card,settled,2026-06-03 21:24:31
PAY-20260604-0006968,TRP-20260604-0006968,50.28,stc_pay,settled,2026-06-04 17:00:04
PAY-20260604-0006969,TRP-20260604-0006969,25.80,credit_card,settled,2026-06-04 14:09:02
PAY-20260604-0006970,TRP-20260604-0006970,26.08,mada,settled,2026-06-04 03:01:15
PAY-20260604-0006971,TRP-20260604-0006971,33.76,stc_pay,settled,2026-06-04 13:32:37
PAY-20260604-0006972,TRP-20260604-0006972,16.35,credit_card,settled,2026-06-04 17:47:31
PAY-20260604-0006973,TRP-20260604-0006973,97.79,credit_card,settled,2026-06-04 09:10:03
PAY-20260604-0006974,TRP-20260604-0006974,20.82,cash,settled,2026-06-04 14:58:00
PAY-20260604-0006975,TRP-20260604-0006975,13.75,credit_card,pending,2026-06-04 12:32:34
PAY-20260604-0006976,TRP-20260604-0006976,52.67,mada,settled,2026-06-04 17:41:09
PAY-20260604-0006977,TRP-20260604-0006977,18.85,cash,settled,2026-06-04 18:14:21
PAY-20260604-0006978,TRP-20260604-0006978,65.16,mada,settled,2026-06-04 12:23:28
PAY-20260604-0006979,TRP-20260604-0006979,13.85,stc_pay,settled,2026-06-04 14:03:41
PAY-20260604-0006980,TRP-20260604-0006980,152.04,mada,settled,2026-06-04 15:21:50
PAY-20260604-0006981,TRP-20260604-0006981,21.22,wallet,settled,2026-06-04 20:23:06
PAY-20260604-0006982,TRP-20260604-0006982,85.37,mada,settled,2026-06-04 13:12:42
PAY-20260604-0006983,TRP-20260604-0006983,15.58,mada,pending,2026-06-04 12:48:13
PAY-20260604-0006984,TRP-20260604-0006984,12.00,stc_pay,settled,2026-06-04 12:49:32
PAY-20260604-0006985,TRP-20260604-0006985,67.15,credit_card,settled,2026-06-04 18:35:13
PAY-20260604-0006986,TRP-20260604-0006986,17.42,credit_card,settled,2026-06-04 14:31:07
PAY-20260604-0006987,TRP-20260604-0006987,19.49,credit_card,settled,2026-06-05 01:12:14
PAY-20260604-0006988,TRP-20260604-0006988,44.08,credit_card,settled,2026-06-04 16:28:11
PAY-20260604-0006989,TRP-20260604-0006989,12.67,mada,failed,2026-06-05 11:59:06
PAY-20260604-0006990,TRP-20260604-0006990,31.04,apple_pay,settled,2026-06-04 12:50:39
PAY-20260604-0006991,TRP-20260604-0006991,21.24,credit_card,settled,2026-06-04 13:04:47
PAY-20260604-0006992,TRP-20260604-0006992,39.18,cash,settled,2026-06-04 08:32:48
PAY-20260604-0006993,TRP-20260604-0006993,30.94,apple_pay,settled,2026-06-04 14:54:49
PAY-20260604-0006994,TRP-20260604-0006994,47.92,mada,settled,2026-06-04 21:11:04
PAY-20260604-0006995,TRP-20260604-0006995,23.89,stc_pay,settled,2026-06-03 23:03:46
PAY-20260604-0006996,TRP-20260604-0006996,16.74,cash,settled,2026-06-04 07:40:24
PAY-20260604-0006998,TRP-20260604-0006998,34.49,mada,settled,2026-06-04 12:47:38
PAY-20260604-0006999,TRP-20260604-0006999,71.57,mada,settled,2026-06-04 14:40:43
PAY-20260604-0007000,TRP-20260604-0007000,146.25,mada,settled,2026-06-04 17:13:08
PAY-20260604-0007001,TRP-20260604-0007001,28.83,cash,settled,2026-06-04 10:03:31
PAY-20260604-0007002,TRP-20260604-0007002,10.76,mada,settled,2026-06-04 20:32:42
PAY-20260604-0007003,TRP-20260604-0007003,41.08,credit_card,settled,2026-06-04 18:22:40
PAY-20260604-0007004,TRP-20260604-0007004,19.01,credit_card,settled,2026-06-05 03:15:55
PAY-20260604-0007005,TRP-20260604-0007005,48.24,cash,settled,2026-06-04 07:35:54
PAY-20260604-0007006,TRP-20260604-0007006,49.67,mada,settled,2026-06-04 19:08:26
PAY-20260604-0007007,TRP-20260604-0007007,105.42,mada,settled,2026-06-04 05:04:07
PAY-20260604-0007008,TRP-20260604-0007008,13.39,mada,settled,2026-06-04 17:15:25
PAY-20260604-0007009,TRP-20260604-0007009,64.70,mada,settled,2026-06-05 02:24:49
PAY-20260604-0007010,TRP-20260604-0007010,30.10,wallet,settled,2026-06-05 03:59:40
PAY-20260604-0007011,TRP-20260604-0007011,18.41,apple_pay,settled,2026-06-04 11:52:14
PAY-20260604-0007012,TRP-20260604-0007012,77.25,credit_card,settled,2026-06-04 12:17:40
PAY-20260604-0007013,TRP-20260604-0007013,32.29,mada,settled,2026-06-04 19:27:59
PAY-20260604-0007014,TRP-20260604-0007014,12.00,wallet,settled,2026-06-05 15:18:41
PAY-20260604-0007015,TRP-20260604-0007015,28.48,mada,settled,2026-06-04 18:15:07
PAY-20260604-0007016,TRP-20260604-0007016,157.45,mada,settled,2026-06-05 02:26:07
PAY-20260604-0007017,TRP-20260604-0007017,12.52,mada,settled,2026-06-04 19:33:10
PAY-20260604-0007019,TRP-20260604-0007019,63.40,mada,settled,2026-06-04 12:44:25
PAY-20260604-0007020,TRP-20260604-0007020,43.79,apple_pay,settled,2026-06-05 07:07:18
PAY-20260604-0007021,TRP-20260604-0007021,27.33,mada,pending,2026-06-04 08:05:11
PAY-20260604-0007022,TRP-20260604-0007022,65.22,credit_card,settled,2026-06-04 17:47:18
PAY-20260604-0007023,TRP-20260604-0007023,62.35,cash,settled,2026-06-04 05:48:02
PAY-20260604-0007024,TRP-20260604-0007024,31.91,stc_pay,settled,2026-06-04 14:33:54
PAY-20260604-0007026,TRP-20260604-0007026,70.27,cash,settled,2026-06-04 14:26:59
PAY-20260604-0007027,TRP-20260604-0007027,28.52,credit_card,settled,2026-06-04 15:47:17
PAY-20260604-0007028,TRP-20260604-0007028,10.00,mada,settled,2026-06-05 06:12:44
PAY-20260604-0007031,TRP-20260604-0007031,17.85,wallet,settled,2026-06-04 14:51:04
PAY-20260604-0007032,TRP-20260604-0007032,55.82,mada,settled,2026-06-05 11:48:35
PAY-20260604-0007033,TRP-20260604-0007033,61.78,mada,settled,2026-06-04 15:42:39
PAY-20260604-0007034,TRP-20260604-0007034,47.99,mada,settled,2026-06-04 14:48:55
PAY-20260604-0007035,TRP-20260604-0007035,20.62,mada,settled,2026-06-04 16:03:13
PAY-20260604-0007036,TRP-20260604-0007036,12.00,credit_card,settled,2026-06-04 19:12:44
PAY-20260604-0007037,TRP-20260604-0007037,51.95,credit_card,settled,2026-06-04 15:28:11
PAY-20260604-0007038,TRP-20260604-0007038,18.74,cash,settled,2026-06-04 05:13:24
PAY-20260604-0007039,TRP-20260604-0007039,22.52,mada,settled,2026-06-04 20:10:15
PAY-20260604-0007040,TRP-20260604-0007040,15.80,mada,settled,2026-06-04 18:26:31
PAY-20260604-0007041,TRP-20260604-0007041,16.66,mada,settled,2026-06-05 04:44:42
PAY-20260604-0007042,TRP-20260604-0007042,19.85,credit_card,refunded,2026-06-04 16:00:11
PAY-20260604-0007043,TRP-20260604-0007043,33.34,mada,settled,2026-06-04 17:34:22
PAY-20260604-0007044,TRP-20260604-0007044,95.66,mada,settled,2026-06-04 06:08:53
PAY-20260604-0007045,TRP-20260604-0007045,59.11,mada,settled,2026-06-04 11:41:57
PAY-20260604-0007046,TRP-20260604-0007046,33.01,mada,settled,2026-06-05 13:59:59
PAY-20260604-0007047,TRP-20260604-0007047,11.15,mada,pending,2026-06-04 03:34:06
PAY-20260604-0007048,TRP-20260604-0007048,27.96,cash,settled,2026-06-04 10:37:23
PAY-20260604-0007049,TRP-20260604-0007049,51.85,credit_card,settled,2026-06-04 19:52:12
PAY-20260604-0007050,TRP-20260604-0007050,11.00,apple_pay,settled,2026-06-04 18:22:32
PAY-20260604-0007051,TRP-20260604-0007051,10.00,credit_card,settled,2026-06-04 20:07:19
PAY-20260604-0007052,TRP-20260604-0007052,43.04,mada,settled,2026-06-05 04:12:49
PAY-20260604-0007053,TRP-20260604-0007053,24.65,apple_pay,settled,2026-06-04 05:42:14
PAY-20260604-0007054,TRP-20260604-0007054,16.62,apple_pay,settled,2026-06-04 14:11:23
PAY-20260604-0007055,TRP-20260604-0007055,21.29,apple_pay,settled,2026-06-04 11:34:06
PAY-20260604-0007056,TRP-20260604-0007056,28.21,cash,settled,2026-06-04 15:44:43
PAY-20260604-0007057,TRP-20260604-0007057,51.87,wallet,settled,2026-06-04 15:45:55
PAY-20260604-0007058,TRP-20260604-0007058,26.80,credit_card,settled,2026-06-04 14:55:23
PAY-20260604-0007059,TRP-20260604-0007059,22.44,credit_card,settled,2026-06-04 07:44:28
PAY-20260604-0007060,TRP-20260604-0007060,89.12,apple_pay,settled,2026-06-04 06:52:31
PAY-20260604-0007061,TRP-20260604-0007061,13.72,cash,settled,2026-06-04 16:34:43
PAY-20260604-0007062,TRP-20260604-0007062,14.60,mada,settled,2026-06-04 18:59:01
PAY-20260604-0007063,TRP-20260604-0007063,11.56,stc_pay,settled,2026-06-04 12:36:48
PAY-20260604-0007064,TRP-20260604-0007064,33.59,credit_card,settled,2026-06-04 17:21:00
PAY-20260604-0007065,TRP-20260604-0007065,19.13,mada,settled,2026-06-04 17:52:06
PAY-20260604-0007066,TRP-20260604-0007066,84.90,stc_pay,settled,2026-06-05 08:15:34
PAY-20260604-0007067,TRP-20260604-0007067,35.49,stc_pay,pending,2026-06-04 10:58:11
PAY-20260604-0007068,TRP-20260604-0007068,39.78,mada,failed,2026-06-04 21:16:53
PAY-20260604-0007069,TRP-20260604-0007069,33.08,credit_card,settled,2026-06-04 21:22:44
PAY-20260604-0007071,TRP-20260604-0007071,54.21,mada,settled,2026-06-04 17:17:24
PAY-20260604-0007072,TRP-20260604-0007072,27.70,credit_card,settled,2026-06-04 17:22:05
PAY-20260604-0007073,TRP-20260604-0007073,23.55,mada,settled,2026-06-04 07:14:11
PAY-20260604-0007074,TRP-20260604-0007074,106.75,cash,settled,2026-06-04 16:20:48
PAY-20260604-0007075,TRP-20260604-0007075,12.66,apple_pay,settled,2026-06-04 10:15:09
PAY-20260604-0007076,TRP-20260604-0007076,23.88,apple_pay,settled,2026-06-04 15:59:57
PAY-20260604-0007077,TRP-20260604-0007077,50.76,mada,settled,2026-06-04 19:50:36
PAY-20260604-0007078,TRP-20260604-0007078,8.00,credit_card,settled,2026-06-04 22:52:22
PAY-20260604-0007079,TRP-20260604-0007079,53.77,stc_pay,settled,2026-06-04 07:36:56
PAY-20260604-0007080,TRP-20260604-0007080,6.00,mada,settled,2026-06-04 12:33:09
PAY-20260604-0007081,TRP-20260604-0007081,54.02,mada,settled,2026-06-05 04:33:44
PAY-20260604-0007082,TRP-20260604-0007082,27.17,mada,settled,2026-06-04 12:26:56
PAY-20260604-0007083,TRP-20260604-0007083,32.82,mada,settled,2026-06-04 12:56:33
PAY-20260604-0007084,TRP-20260604-0007084,34.28,cash,settled,2026-06-04 12:09:37
PAY-20260604-0007085,TRP-20260604-0007085,14.85,credit_card,settled,2026-06-04 20:56:44
PAY-20260604-0007086,TRP-20260604-0007086,22.66,apple_pay,settled,2026-06-04 05:44:54
PAY-20260604-0007087,TRP-20260604-0007087,39.62,mada,settled,2026-06-05 13:56:22
PAY-20260604-0007088,TRP-20260604-0007088,39.42,stc_pay,settled,2026-06-04 23:42:00
PAY-20260604-0007089,TRP-20260604-0007089,83.66,stc_pay,settled,2026-06-04 19:15:47
PAY-20260604-0007090,TRP-20260604-0007090,97.96,apple_pay,settled,2026-06-05 07:21:02
PAY-20260604-0007091,TRP-20260604-0007091,22.83,mada,settled,2026-06-04 04:39:00
PAY-20260604-0007092,TRP-20260604-0007092,8.00,credit_card,settled,2026-06-04 20:48:26
PAY-20260604-0007093,TRP-20260604-0007093,6.00,credit_card,settled,2026-06-04 14:41:34
PAY-20260604-0007094,TRP-20260604-0007094,49.73,cash,settled,2026-06-04 11:18:28
PAY-20260604-0007095,TRP-20260604-0007095,19.22,stc_pay,settled,2026-06-04 03:43:42
PAY-20260604-0007096,TRP-20260604-0007096,33.40,credit_card,settled,2026-06-04 08:26:50
PAY-20260604-0007097,TRP-20260604-0007097,28.23,mada,settled,2026-06-04 20:21:32
PAY-20260604-0007098,TRP-20260604-0007098,19.53,credit_card,settled,2026-06-05 00:28:41
PAY-20260604-0007099,TRP-20260604-0007099,19.52,cash,settled,2026-06-04 08:39:25
PAY-20260604-0007100,TRP-20260604-0007100,25.14,apple_pay,settled,2026-06-04 12:36:18
PAY-20260604-0007101,TRP-20260604-0007101,18.42,credit_card,settled,2026-06-04 06:25:35
PAY-20260604-0007102,TRP-20260604-0007102,10.00,credit_card,settled,2026-06-04 10:34:54
PAY-20260604-0007103,TRP-20260604-0007103,22.39,mada,settled,2026-06-04 08:22:43
PAY-20260604-0007104,TRP-20260604-0007104,79.27,cash,settled,2026-06-04 18:28:29
PAY-20260604-0007105,TRP-20260604-0007105,41.39,mada,settled,2026-06-04 15:12:29
PAY-20260604-0007107,TRP-20260604-0007107,18.87,mada,settled,2026-06-04 07:08:15
PAY-20260604-0007108,TRP-20260604-0007108,24.36,cash,settled,2026-06-03 21:45:58
PAY-20260604-0007109,TRP-20260604-0007109,139.22,credit_card,settled,2026-06-04 23:50:59
PAY-20260604-0007110,TRP-20260604-0007110,39.90,mada,settled,2026-06-05 07:22:19
PAY-20260604-0007111,TRP-20260604-0007111,10.00,mada,settled,2026-06-04 13:40:48
PAY-20260604-0007112,TRP-20260604-0007112,17.27,cash,settled,2026-06-03 21:31:45
PAY-20260604-0007113,TRP-20260604-0007113,110.92,apple_pay,settled,2026-06-05 10:52:11
PAY-20260604-0007114,TRP-20260604-0007114,67.71,credit_card,settled,2026-06-05 15:16:53
PAY-20260604-0007115,TRP-20260604-0007115,24.90,mada,settled,2026-06-05 11:02:22
PAY-20260604-0007116,TRP-20260604-0007116,12.00,mada,settled,2026-06-04 06:31:56
PAY-20260604-0007117,TRP-20260604-0007117,59.61,cash,settled,2026-06-04 14:48:59
PAY-20260604-0007118,TRP-20260604-0007118,10.00,cash,settled,2026-06-04 07:19:17
PAY-20260604-0007120,TRP-20260604-0007120,86.10,mada,settled,2026-06-04 19:23:58
PAY-20260604-0007121,TRP-20260604-0007121,26.77,cash,settled,2026-06-04 11:44:36
PAY-20260604-0007122,TRP-20260604-0007122,19.61,mada,settled,2026-06-04 12:40:11
PAY-20260604-0007123,TRP-20260604-0007123,87.25,apple_pay,settled,2026-06-04 23:53:24
PAY-20260604-0007124,TRP-20260604-0007124,41.83,credit_card,settled,2026-06-04 12:45:40
PAY-20260604-0007125,TRP-20260604-0007125,39.20,apple_pay,settled,2026-06-04 08:16:01
PAY-20260604-0007127,TRP-20260604-0007127,23.86,credit_card,settled,2026-06-04 19:47:36
PAY-20260604-0007128,TRP-20260604-0007128,78.29,credit_card,settled,2026-06-04 06:13:45
PAY-20260604-0007129,TRP-20260604-0007129,28.62,mada,settled,2026-06-05 00:31:26
PAY-20260604-0007130,TRP-20260604-0007130,74.07,wallet,settled,2026-06-04 16:10:16
PAY-20260604-0007131,TRP-20260604-0007131,16.30,credit_card,settled,2026-06-04 22:24:09
PAY-20260604-0007132,TRP-20260604-0007132,18.52,mada,settled,2026-06-04 12:46:47
PAY-20260604-0007133,TRP-20260604-0007133,72.87,stc_pay,settled,2026-06-04 18:24:46
PAY-20260604-0007134,TRP-20260604-0007134,21.04,wallet,settled,2026-06-04 20:17:32
PAY-20260604-0007135,TRP-20260604-0007135,38.49,stc_pay,settled,2026-06-04 06:40:57
PAY-20260604-0007136,TRP-20260604-0007136,27.32,credit_card,settled,2026-06-04 12:16:47
PAY-20260604-0007137,TRP-20260604-0007137,12.35,mada,failed,2026-06-04 12:49:27
PAY-20260604-0007138,TRP-20260604-0007138,24.51,stc_pay,settled,2026-06-04 13:35:35
PAY-20260604-0007140,TRP-20260604-0007140,12.45,mada,pending,2026-06-05 10:01:24
PAY-20260604-0007141,TRP-20260604-0007141,21.43,mada,settled,2026-06-04 15:06:02
PAY-20260604-0007142,TRP-20260604-0007142,54.22,cash,settled,2026-06-04 15:35:36
PAY-20260604-0007144,TRP-20260604-0007144,32.75,stc_pay,settled,2026-06-04 20:11:12
PAY-20260604-0007145,TRP-20260604-0007145,30.01,mada,settled,2026-06-03 22:28:24
PAY-20260604-0007146,TRP-20260604-0007146,50.66,mada,settled,2026-06-04 21:16:31
PAY-20260604-0007147,TRP-20260604-0007147,46.63,credit_card,settled,2026-06-04 11:22:25
PAY-20260604-0007148,TRP-20260604-0007148,38.79,mada,settled,2026-06-04 18:45:00
PAY-20260604-0007149,TRP-20260604-0007149,18.27,mada,settled,2026-06-05 12:50:50
PAY-20260604-0007150,TRP-20260604-0007150,15.81,mada,settled,2026-06-04 12:58:16
PAY-20260604-0007152,TRP-20260604-0007152,15.30,stc_pay,settled,2026-06-04 16:07:45
PAY-20260604-0007153,TRP-20260604-0007153,50.77,mada,settled,2026-06-04 23:04:20
PAY-20260604-0007154,TRP-20260604-0007154,26.37,apple_pay,settled,2026-06-04 03:13:09
PAY-20260604-0007155,TRP-20260604-0007155,16.86,credit_card,settled,2026-06-04 11:24:34
PAY-20260604-0007156,TRP-20260604-0007156,32.41,credit_card,settled,2026-06-04 11:26:48
PAY-20260604-0007157,TRP-20260604-0007157,11.00,mada,settled,2026-06-04 11:58:12
PAY-20260604-0007158,TRP-20260604-0007158,12.00,credit_card,settled,2026-06-04 23:12:35
PAY-20260604-0007159,TRP-20260604-0007159,45.50,credit_card,settled,2026-06-04 19:54:02
PAY-20260604-0007160,TRP-20260604-0007160,18.10,credit_card,settled,2026-06-04 23:33:44
PAY-20260604-0007161,TRP-20260604-0007161,49.21,apple_pay,settled,2026-06-04 14:40:41
PAY-20260604-0007162,TRP-20260604-0007162,18.32,stc_pay,settled,2026-06-04 16:46:01
PAY-20260604-0007163,TRP-20260604-0007163,12.36,mada,settled,2026-06-04 07:10:34
PAY-20260604-0007164,TRP-20260604-0007164,23.58,credit_card,settled,2026-06-04 07:13:47
PAY-20260604-0007165,TRP-20260604-0007165,18.33,cash,settled,2026-06-04 09:20:50
PAY-20260604-0007166,TRP-20260604-0007166,77.34,wallet,settled,2026-06-05 10:53:50
PAY-20260604-0007167,TRP-20260604-0007167,29.37,mada,settled,2026-06-04 07:33:30
PAY-20260604-0007168,TRP-20260604-0007168,149.51,wallet,settled,2026-06-05 03:23:59
PAY-20260604-0007169,TRP-20260604-0007169,65.99,apple_pay,settled,2026-06-04 03:43:30
PAY-20260604-0007170,TRP-20260604-0007170,23.07,mada,settled,2026-06-05 01:51:30
PAY-20260604-0007171,TRP-20260604-0007171,16.16,apple_pay,settled,2026-06-04 03:32:20
PAY-20260604-0007172,TRP-20260604-0007172,34.37,mada,settled,2026-06-04 11:39:02
PAY-20260604-0007173,TRP-20260604-0007173,35.01,mada,settled,2026-06-04 09:05:04
PAY-20260604-0007174,TRP-20260604-0007174,25.29,mada,settled,2026-06-04 04:33:36
PAY-20260604-0007175,TRP-20260604-0007175,49.59,mada,settled,2026-06-04 12:29:14
PAY-20260604-0007176,TRP-20260604-0007176,44.95,mada,settled,2026-06-04 11:19:27
PAY-20260604-0007177,TRP-20260604-0007177,101.20,cash,settled,2026-06-04 04:02:17
PAY-20260604-0007178,TRP-20260604-0007178,53.27,apple_pay,settled,2026-06-04 17:13:21
PAY-20260604-0007179,TRP-20260604-0007179,18.09,wallet,pending,2026-06-04 15:04:27
PAY-20260604-0007180,TRP-20260604-0007180,35.22,mada,settled,2026-06-04 22:40:09
PAY-20260604-0007181,TRP-20260604-0007181,10.00,mada,settled,2026-06-04 04:51:42
PAY-20260604-0007182,TRP-20260604-0007182,20.88,credit_card,settled,2026-06-04 11:04:06
PAY-20260604-0007184,TRP-20260604-0007184,25.03,mada,settled,2026-06-04 16:59:19
PAY-20260604-0007185,TRP-20260604-0007185,19.71,cash,settled,2026-06-04 15:16:48
PAY-20260604-0007186,TRP-20260604-0007186,76.02,mada,settled,2026-06-04 15:07:25
PAY-20260604-0007187,TRP-20260604-0007187,20.66,cash,settled,2026-06-04 17:23:10
PAY-20260604-0007188,TRP-20260604-0007188,18.31,credit_card,settled,2026-06-04 19:19:30
PAY-20260604-0007189,TRP-20260604-0007189,76.29,apple_pay,settled,2026-06-05 07:11:08
PAY-20260604-0007190,TRP-20260604-0007190,36.44,credit_card,settled,2026-06-05 10:32:40
PAY-20260604-0007191,TRP-20260604-0007191,10.56,wallet,settled,2026-06-04 04:26:36
PAY-20260604-0007192,TRP-20260604-0007192,17.30,mada,settled,2026-06-04 13:43:24
PAY-20260604-0007193,TRP-20260604-0007193,19.32,stc_pay,settled,2026-06-04 15:53:49
PAY-20260604-0007194,TRP-20260604-0007194,29.17,mada,settled,2026-06-04 17:26:12
PAY-20260604-0007195,TRP-20260604-0007195,36.69,stc_pay,settled,2026-06-03 23:05:28
PAY-20260604-0007196,TRP-20260604-0007196,61.86,mada,settled,2026-06-05 02:11:06
PAY-20260604-0007197,TRP-20260604-0007197,45.67,apple_pay,settled,2026-06-04 21:16:28
PAY-20260604-0007198,TRP-20260604-0007198,59.81,credit_card,settled,2026-06-04 17:28:17
PAY-20260604-0007199,TRP-20260604-0007199,47.98,cash,settled,2026-06-04 12:19:31
PAY-20260604-0007200,TRP-20260604-0007200,28.28,mada,settled,2026-06-04 08:00:34
PAY-20260604-0007201,TRP-20260604-0007201,30.73,mada,settled,2026-06-05 08:00:16
PAY-20260604-0007202,TRP-20260604-0007202,22.15,cash,settled,2026-06-04 17:50:36
PAY-20260604-0007203,TRP-20260604-0007203,12.51,cash,settled,2026-06-04 12:31:36
PAY-20260604-0007204,TRP-20260604-0007204,55.25,apple_pay,settled,2026-06-04 14:38:08
PAY-20260604-0007205,TRP-20260604-0007205,99.50,mada,settled,2026-06-05 01:47:33
PAY-20260604-0007206,TRP-20260604-0007206,12.71,cash,settled,2026-06-04 05:47:37
PAY-20260604-0007207,TRP-20260604-0007207,38.77,stc_pay,settled,2026-06-04 10:27:44
PAY-20260604-0007208,TRP-20260604-0007208,24.73,stc_pay,settled,2026-06-04 07:24:50
PAY-20260604-0007209,TRP-20260604-0007209,25.49,credit_card,settled,2026-06-04 05:45:43
PAY-20260604-0007210,TRP-20260604-0007210,75.92,mada,settled,2026-06-04 11:12:59
PAY-20260604-0007211,TRP-20260604-0007211,38.10,apple_pay,settled,2026-06-04 09:24:00
PAY-20260604-0007212,TRP-20260604-0007212,14.71,stc_pay,settled,2026-06-05 03:06:56
PAY-20260604-0007213,TRP-20260604-0007213,18.64,mada,settled,2026-06-04 14:04:47
PAY-20260604-0007214,TRP-20260604-0007214,40.51,cash,settled,2026-06-04 15:41:49
PAY-20260604-0007215,TRP-20260604-0007215,88.10,mada,settled,2026-06-05 06:59:29
PAY-20260604-0007216,TRP-20260604-0007216,12.00,mada,settled,2026-06-04 08:43:30
PAY-20260604-0007217,TRP-20260604-0007217,83.89,apple_pay,settled,2026-06-05 03:45:48
PAY-20260604-0007218,TRP-20260604-0007218,23.45,mada,settled,2026-06-04 20:55:54
PAY-20260604-0007219,TRP-20260604-0007219,15.08,credit_card,settled,2026-06-04 13:08:35
PAY-20260604-0007220,TRP-20260604-0007220,20.15,mada,pending,2026-06-04 17:07:28
PAY-20260604-0007222,TRP-20260604-0007222,19.81,stc_pay,settled,2026-06-04 18:00:56
PAY-20260604-0007223,TRP-20260604-0007223,25.23,mada,settled,2026-06-04 16:39:25
PAY-20260604-0007224,TRP-20260604-0007224,21.82,mada,pending,2026-06-04 07:07:33
PAY-20260604-0007225,TRP-20260604-0007225,35.11,mada,settled,2026-06-04 16:59:15
PAY-20260604-0007226,TRP-20260604-0007226,93.74,cash,settled,2026-06-04 16:24:40
PAY-20260604-0007228,TRP-20260604-0007228,138.74,stc_pay,settled,2026-06-05 05:54:31
PAY-20260604-0007229,TRP-20260604-0007229,37.39,mada,settled,2026-06-05 17:18:56
