vehicle_id,plate_hash,make,model,model_year,capacity,fuel_type,city
VEH-00001,fde902de0dae2702672256f30e5a8c50,Chevrolet,Malibu,2023,4,petrol,RUH
VEH-00002,8f927efb92026171f32767d5d264c67a,Hyundai,Sonata,2023,4,petrol,RUH
VEH-00003,8843d5393ef1edf3413a870cab6da5aa,Hyundai,Sonata,2021,4,petrol,RUH
VEH-00004,1261e5fce7164fe2313d19b4d29c3b61,Toyota,Corolla,2025,4,petrol,JED
VEH-00005,e30e135633ca381d0f6f4aba76ffb1df,BYD,Han EV,2026,4,electric,RUH
VEH-00006,cc3f9e977ff53363c8e3c13a84edc4e7,Toyota,Land Cruiser,2018,7,petrol,RUH
VEH-00007,5ab7086d8fa6d36c54c286f2c587bca3,Hyundai,Elantra,2021,4,petrol,JED
VEH-00008,9cb65428957c71be332ee2feda949611,Kia,K5,2020,4,petrol,RUH
VEH-00009,d3e5d4f64efebb59ca7aa61bcac16961,Toyota,Land Cruiser,2024,7,petrol,JED
VEH-00010,1a48b99f42aa07801745b3477951652b,Toyota,Corolla,2024,4,petrol,RUH
VEH-00011,daaf2d4246d0503615ce4913f0541c8d,Toyota,Corolla,2023,4,petrol,RUH
VEH-00012,486b550bb6735cf7da3610ba5651ad08,Nissan,Sunny,2024,4,petrol,RUH
VEH-00013,9824b86ce7a2f0b8871119faed6521a6,Toyota,Land Cruiser,2024,7,petrol,RUH
VEH-00014,59a8dd3b304a88d7c8ee53176c875275,Nissan,Sunny,2025,4,petrol,RUH
VEH-00015,6bad2120b5df159f3865f1bc2e63d702,Hyundai,Sonata,2021,4,petrol,DMM
VEH-00016,3b54748f4ebd10f73e3e8edbe3bc0cf2,Toyota,Camry,2021,4,petrol,RUH
VEH-00017,b105c1ad8e02fdad0a0706fd61e1675b,Hyundai,Sonata,2026,4,petrol,RUH
VEH-00018,6ecf294214c88509c7e32f5ffb6650bd,Hyundai,Accent,2024,4,petrol,RUH
VEH-00019,81bd10d4a5c07939f4db144ba25e8044,Nissan,Altima,2021,4,petrol,DMM
VEH-00020,b307a60da6a630af96b4caddcd1987b7,Toyota,Camry,2025,4,petrol,DMM
VEH-00021,ac5cc2f9803c8b6269228ac3ff97b25c,Toyota,Corolla,2023,4,petrol,RUH
VEH-00022,131ce2f03905eab64263357824448861,Hyundai,Elantra,2022,4,petrol,JED
VEH-00023,d36eda58644d8408ecc2545d0cc819ae,Toyota,Corolla,2025,4,petrol,RUH
VEH-00024,54aeb04f947696c15712390a03016fce,Kia,Cerato,2023,4,petrol,JED
VEH-00025,4c376f1f0abb76ddcf08beecbcf9d775,Lexus,ES 300h,2022,4,hybrid,JED
VEH-00026,87bda61a17815ed32baed7a84e648cd6,Toyota,Camry,2022,4,petrol,RUH
VEH-00027,d3a345bec6ce687d244c54d46d00715a,Kia,K5,2025,4,petrol,JED
VEH-00028,317d042b17ab09db9e7f9bacc12217d7,Kia,K5,2021,4,petrol,RUH
VEH-00029,4f7aaef309696cb1702f604ec7424eba,Kia,K5,2025,4,petrol,RUH
VEH-00030,a1f115064f68d130b0b7edde168718e7,Toyota,Corolla,2021,4,petrol,RUH
VEH-00031,1011c2a7fd0f35cf193d0418f15d3cc9,Kia,K5,2018,4,petrol,RUH
VEH-00032,9c07f523c36783a5754e230cf6cc06d1,Toyota,Camry,2025,4,petrol,RUH
VEH-00033,0df79f7d9f5a249c0ad78d45b7e92d05,Lexus,ES 300h,2024,4,hybrid,JED
VEH-00034,f20d38694dbc2837ccacc37f3b3add80,Kia,Cerato,2021,4,petrol,JED
VEH-00035,856a729f131e65e0d12e682d28df5b0b,Hyundai,Accent,2021,4,petrol,RUH
VEH-00036,e0060bcd2fe3d3e4c5e1aacb26e6c838,Hyundai,Elantra,2026,4,petrol,RUH
VEH-00037,30c6e3ade04b0b571b7dc2908ff62280,Toyota,Corolla,2025,4,petrol,RUH
VEH-00038,219ffc2f03369097fe59b1b4ad1b346a,Toyota,Camry,2023,4,petrol,DMM
VEH-00039,00030dac8ace92ce94a1af45a148c76a,Toyota,Corolla,2022,4,petrol,DMM
VEH-00040,afc7dcabb3899a298578f031380a117f,Kia,Cerato,2020,4,petrol,RUH
VEH-00041,9befe5805cb9af5702aaf29d62832c26,Toyota,Camry,2026,4,petrol,RUH
VEH-00042,4124fb05026dbb645ff1f2fed3ecd4b7,Toyota,Camry,2025,4,petrol,RUH
VEH-00043,b91b694b23a050f1097ce0446feb5572,Kia,Cerato,2023,4,petrol,JED
VEH-00044,c18aad0b7a37edc095a9e13da60a3762,Kia,Cerato,2025,4,petrol,RUH
VEH-00045,a185da856131e750b8757f24265f07e5,Toyota,Camry,2023,4,petrol,DMM
VEH-00046,dbee0aa93290c00989e4561f899c57ce,Toyota,Camry,2024,4,petrol,RUH
VEH-00047,388976f9e2b35bee929bebfd012e95ea,Chevrolet,Malibu,2021,4,petrol,RUH
VEH-00048,cb947e9d0a98037be3ee0b210de90eb2,Toyota,Camry,2020,4,petrol,RUH
VEH-00049,d032e65c64f84284f93bb53c70bbf9d9,Hyundai,Sonata,2021,4,petrol,JED
VEH-00050,0dfe978a597a34f52104ee3ddea13708,Hyundai,Sonata,2021,4,petrol,RUH
VEH-00051,3cdd66596241d755fbf2cb50aa2fb0a1,Nissan,Altima,2024,4,petrol,RUH
VEH-00052,3d0d6556f6fb277fe5fe8b0699f68cc6,Kia,K5,2023,4,petrol,RUH
VEH-00053,baa25b5dbaf627f131e26496cf5b57cc,Kia,K5,2021,4,petrol,JED
VEH-00054,c0c857a2ff39cf4886453bbd78df317e,Hyundai,Sonata,2021,4,petrol,RUH
VEH-00055,1124830b69c0693d4b562aa41d5248c7,Toyota,Corolla,2021,4,petrol,RUH
VEH-00056,787f9776643ed58fa12d786791df82b4,Hyundai,Sonata,2020,4,petrol,JED
VEH-00057,334dfe8da1b4c709ebe51355a98a4c3b,Hyundai,Sonata,2022,4,petrol,JED
VEH-00058,c148e59550e2cbef59454b29a9b97f82,GMC,Yukon,2021,7,petrol,RUH
VEH-00059,4f363c1b958cde11d27f42586a80654a,Hyundai,Elantra,2025,4,petrol,DMM
VEH-00060,73651cf1eb84e6c288add54e09417dd6,Nissan,Altima,2023,4,petrol,RUH
VEH-00061,7744fa89d3e5ae3d31140984b96b3471,Nissan,Altima,2021,4,petrol,RUH
VEH-00062,d0618979aa572d6f8ec3cae606196fb7,Nissan,Sunny,2023,4,petrol,JED
VEH-00063,710d4ab9a3c6d03e3fe11d3d23cb6ca6,Hyundai,Elantra,2026,4,petrol,JED
VEH-00064,c1e0dcc043cca9bb59ec9f654480b0dd,Chevrolet,Malibu,2023,4,petrol,RUH
VEH-00065,de325ebc634140f2ec0394d377a7cf26,Hyundai,Elantra,2021,4,petrol,DMM
VEH-00066,d9676f1d0f694f6899e2268007308e08,Toyota,Land Cruiser,2024,7,petrol,DMM
VEH-00067,865da1476c7120def676de0624d4f256,Kia,Cerato,2023,4,petrol,DMM
VEH-00068,b4f4aa982740f0faa24f1888380276ee,Hyundai,Elantra,2022,4,petrol,RUH
VEH-00069,19b9cd2975885e153c31d8147583224f,Hyundai,Sonata,2021,4,petrol,RUH
VEH-00070,2e7af38109c30397f4308adfbb5c2304,Chevrolet,Malibu,2021,4,petrol,RUH
VEH-00071,a40a734fb4203eb330dd6a6a2e45fae1,Toyota,Camry,2025,4,petrol,RUH
VEH-00072,3304370eaeaf6bb1222c7bbdf412b38b,Nissan,Sunny,2024,4,petrol,RUH
VEH-00073,8693ae67942eca306dd92d75f0031b03,Hyundai,Sonata,2020,4,petrol,DMM
VEH-00074,b5792fd3a06c34d971395f21f6b1126c,Hyundai,Sonata,2021,4,petrol,RUH
VEH-00075,990a6c5bf903f5833b66ea4879a9d853,Toyota,Land Cruiser,2024,7,petrol,JED
VEH-00076,85d2708eaa80928c85c772cb7fcd0f15,Toyota,Camry,2018,4,petrol,JED
VEH-00077,ecdfa3763ddea37fb5fe2cd1252a2dd2,Kia,K5,2026,4,petrol,JED
VEH-00078,b6ff994e61caf371200dae4d58b08f31,Hyundai,Sonata,2023,4,petrol,RUH
VEH-00079,e387ddbdbcf9719b06c72cbad6b57048,Hyundai,Elantra,2024,4,petrol,RUH
VEH-00080,e0fd4c1b4cc673d1af80cc743cc01394,Hyundai,Sonata,2025,4,petrol,JED
VEH-00081,aa62fb83722ff8caa0241c6e6e3425de,Chevrolet,Malibu,2023,4,petrol,RUH
VEH-00082,0b297c450a7e4fe37bc142bdf203ae03,Hyundai,Sonata,2025,4,petrol,RUH
VEH-00083,d3ae1fddc7f97cd566a12153091f40c8,Toyota,Corolla,2023,4,petrol,JED
VEH-00084,3a84a2da1c0c03310b457261f5a0dabc,Hyundai,Sonata,2024,4,petrol,RUH
VEH-00085,ffba70bed9e8204b4930b0daf2b0be7b,Toyota,Land Cruiser,2021,7,petrol,RUH
VEH-00086,021d56ef79174d304c8e56fb6dd159f6,GMC,Yukon,2024,7,petrol,RUH
VEH-00087,36e39b175439efa957012d0325af6e5f,Kia,K5,2019,4,petrol,DMM
VEH-00088,2aa6ac1165af4d18f5005f1ed6943251,Nissan,Altima,2022,4,petrol,DMM
VEH-00089,c1ea155edca85c1df294bd848cd967b7,Toyota,Corolla,2023,4,petrol,JED
VEH-00090,008de6bc96de1bf6a819f852af3ce851,Hyundai,Sonata,2024,4,petrol,RUH
VEH-00091,1045c8edaeaa5118078e07d312f4d75c,Hyundai,Sonata,2023,4,petrol,RUH
VEH-00092,e343f4f0338c15ef1ffbfc4402faf757,Toyota,Corolla,2022,4,petrol,RUH
VEH-00093,82f95e10dd7d846623f4ca86be222bf3,Toyota,Corolla,2025,4,petrol,DMM
VEH-00094,33df830e3cc2e9ff3576c394d16407c7,Toyota,Camry,2021,4,petrol,RUH
VEH-00095,3ae96262ec2a88415526516d437511b3,Toyota,Camry,2026,4,petrol,RUH
VEH-00096,23547d201567022a4e296cab63c18783,Chevrolet,Malibu,2025,4,petrol,JED
VEH-00097,40c8b3f758857a6563b5364ec31a86e0,Honda,Accord,2018,4,petrol,RUH
VEH-00098,f43a30bdfa348043562d8cf1b7c0b9e0,Hyundai,Elantra,2023,4,petrol,JED
VEH-00099,360d0ed704790875a1cb30b83e77b4a4,Nissan,Sunny,2019,4,petrol,RUH
VEH-00100,4178063dd584e77eca5fc97d55f58db0,Hyundai,Accent,2025,4,petrol,DMM
VEH-00101,dce11e48560471c02806eb5cefa541f8,Hyundai,Accent,2020,4,petrol,RUH
VEH-00102,26e34ba159609b5b2b6c0fcf689dc62e,Chevrolet,Malibu,2025,4,petrol,RUH
VEH-00103,efb48333d7494c65484c2fce9eee13b4,Lexus,ES 300h,2022,4,hybrid,JED
VEH-00104,e254c3cde2bef431406f3de6e7b0b566,Toyota,Hiace,2021,11,diesel,JED
VEH-00105,88c41b19c62341f65dc4c9cdc5bce007,Chevrolet,Malibu,2022,4,petrol,RUH
VEH-00106,7484f6ae4d35690894d404cb25dd7a75,Hyundai,Accent,2024,4,petrol,JED
VEH-00107,fcd856450019bb102b5c53573d235a20,Toyota,Corolla,2022,4,petrol,RUH
VEH-00108,6b011dfb7fc059c2cf3d4c32df1ee82f,Hyundai,Elantra,2022,4,petrol,DMM
VEH-00109,18e91e7a612158c82f6ab47c7bb94e75,Chevrolet,Malibu,2022,4,petrol,RUH
VEH-00110,ecf6b14f53fe6277fb03969f04976be2,Hyundai,Accent,2023,4,petrol,RUH
VEH-00111,2a5a37255c0e207d7ff4c2758c50cb25,Toyota,Camry,2023,4,petrol,RUH
VEH-00112,09d9fe0d68732a274875f4efe0b8a4c8,Toyota,Corolla,2021,4,petrol,JED
VEH-00113,c959455b3ccc2ab8b875bd6ffdc75355,Toyota,Corolla,2025,4,petrol,RUH
VEH-00114,d24ecf34b75caf88792ad4de7ce91f1b,Kia,K5,2025,4,petrol,RUH
VEH-00115,53099923ac60d06b9b3268ab587730fa,Kia,Cerato,2023,4,petrol,DMM
VEH-00116,2f50c1d0308cb8dc8f78a218705469b3,Chevrolet,Malibu,2018,4,petrol,JED
VEH-00117,339646fbdc22126e13a19fedf1c83a00,Toyota,Camry,2024,4,petrol,RUH
VEH-00118,3814d2c53039a11bc06f2e617c47fd77,Nissan,Altima,2025,4,petrol,RUH
VEH-00119,0db77c477ed36db5eb5f4c083a1e178a,Hyundai,Elantra,2021,4,petrol,RUH
VEH-00120,14dc7c6e54a92b90168154705aa745e1,Kia,Cerato,2021,4,petrol,RUH
VEH-00121,4ef2ff720d06cf9920777fb144796c7d,Toyota,Camry,2022,4,petrol,DMM
VEH-00122,bd35324753b98527c0cbaee986a4bd9b,Honda,Accord,2024,4,petrol,JED
VEH-00123,ef9a39869a1e049e94d32f7355eceac9,Lexus,ES 300h,2021,4,hybrid,JED
VEH-00124,f7dbadce3fc81fadc09233fc2764e921,Toyota,Corolla,2025,4,petrol,DMM
VEH-00125,22429b54714cc0b0d6e6e00b18a0ea4e,Hyundai,Sonata,2023,4,petrol,JED
VEH-00126,2e02d108bc98f4b4806f0b123676ff1f,GMC,Yukon,2022,7,petrol,RUH
VEH-00127,e6398bf3b52bf4aed2f0670be6aade8f,Toyota,Camry,2025,4,petrol,JED
VEH-00128,45c443c480b3cdd590a55e6d3d59b8ff,Toyota,Camry,2022,4,petrol,RUH
VEH-00129,5e4cbbd35728b271fdf7bb3f5fe15903,Toyota,Corolla,2023,4,petrol,RUH
VEH-00130,098fbc26443de8f7d602ea87a2dd3faf,Toyota,Camry,2025,4,petrol,RUH
VEH-00131,1c343cf9310155faf6e0b8ab23cf5c12,Nissan,Altima,2024,4,petrol,DMM
VEH-00132,669ad07afecb82a43aec036c1bb3af70,Toyota,Corolla,2022,4,petrol,RUH
VEH-00133,9a47d074b329a0b63495725114022228,Hyundai,Sonata,2025,4,petrol,RUH
VEH-00134,acd06b349530b61eab2e33f4fd7b80c3,Nissan,Altima,2023,4,petrol,JED
VEH-00135,6f7015cbd745ba8e3369f5dca6c623a1,Kia,K5,2022,4,petrol,RUH
VEH-00136,8dd81fc5516d74f2b08ca9ad2d80a720,Honda,Accord,2021,4,petrol,JED
VEH-00137,0a1c6f32034c8101e33618ee0cf95776,Nissan,Altima,2023,4,petrol,RUH
VEH-00138,411664d6ce7e4236ce083867330caef3,Toyota,Corolla,2022,4,petrol,JED
VEH-00139,1588e06a58b2174e4e5af9c8b41f3fd4,Hyundai,Accent,2026,4,petrol,JED
VEH-00140,3b714de875d0661df987d06eaa938366,Nissan,Sunny,2019,4,petrol,JED
VEH-00141,ce01a0c5e30cc38424807573cf7afcd9,Toyota,Corolla,2026,4,petrol,DMM
VEH-00142,8677ccea9f2cc0445abff5c2f656e265,Chevrolet,Malibu,2023,4,petrol,RUH
VEH-00143,e78977aa6d6b0a37e5bf228ffaa977f2,Nissan,Altima,2023,4,petrol,RUH
VEH-00144,0a71dce464c19fdddfc22cc83f4b858f,Kia,K5,2022,4,petrol,JED
VEH-00145,b26fe2b13db8eb5aad21e1046826efb7,Toyota,Corolla,2023,4,petrol,JED
VEH-00146,67094b7179ecf2a023d85291e8014893,Hyundai,Elantra,2022,4,petrol,JED
VEH-00147,b8395a2952135aa01ee526a3c14dc1c2,Hyundai,Sonata,2021,4,petrol,RUH
VEH-00148,9cc99c3b152a08cc882f7e618ada7c18,Toyota,Camry,2022,4,petrol,JED
VEH-00149,ea62f85f16be3231d2d1d12ba8790f20,Hyundai,Elantra,2022,4,petrol,JED
VEH-00150,12188b96b0f2284df9e57c3de0b38f75,Kia,K5,2025,4,petrol,RUH
VEH-00151,754a1d45402c2217049d6c8fe78a72a4,Hyundai,Elantra,2018,4,petrol,DMM
VEH-00152,91499b41c40ebe7604a31dc24f365594,Kia,Cerato,2023,4,petrol,RUH
VEH-00153,16d2ab57c0543b1101587a995c828ef9,Chevrolet,Malibu,2020,4,petrol,JED
VEH-00154,ad236ca3b460545e43410f4f3b85f2d0,Hyundai,Accent,2024,4,petrol,DMM
VEH-00155,4e7225b822d6058d487f958ea5c5a283,Toyota,Land Cruiser,2025,7,petrol,JED
VEH-00156,48ed0bbea60acdb493984217534a9d3f,Kia,K5,2025,4,petrol,DMM
VEH-00157,0a39db5513983bd80c32fee500a47343,Kia,K5,2022,4,petrol,RUH
VEH-00158,c75c36ade6ef880602fb52f22ff3c100,Lexus,ES 300h,2025,4,hybrid,RUH
VEH-00159,615ee9658303bb4bbe53712f8b9581d4,Hyundai,Accent,2020,4,petrol,RUH
VEH-00160,5ff139d4936e4983c2b68eb21994d48f,Hyundai,Elantra,2024,4,petrol,RUH
VEH-00161,86b71199914aaab013a9633ae0a3e28b,Lexus,ES 300h,2019,4,hybrid,RUH
VEH-00162,ee196b56c3f1bd10023eed2b39197989,Hyundai,Sonata,2020,4,petrol,JED
VEH-00163,0bc20ff9a532e9680943505548a82015,Kia,Cerato,2021,4,petrol,RUH
VEH-00164,7df8e7f236e396bf9dbd58df91d01cf5,Hyundai,Sonata,2023,4,petrol,RUH
VEH-00165,1497c778f7cae28953207ecfa0945531,Chevrolet,Malibu,2023,4,petrol,RUH
VEH-00166,c52d52baf7a72bf004071825e2affdbe,Lexus,ES 300h,2024,4,hybrid,JED
VEH-00167,40ca6fb98aae1846ccd628c9155e7636,Toyota,Camry,2023,4,petrol,RUH
VEH-00168,416cb0797ad2067407a6c58652e95ca2,GMC,Yukon,2023,7,petrol,JED
VEH-00169,79354522c7e12605aa1cc9c497369d06,Lexus,ES 300h,2024,4,hybrid,RUH
VEH-00170,e61889178c88cd8cacb026bec57ac7d7,Toyota,Corolla,2020,4,petrol,RUH
VEH-00171,ceae0a9708b93172d39f788b4f3e396c,Chevrolet,Malibu,2023,4,petrol,JED
VEH-00172,0bb1e945eeae4dd9b5828054a2f79e71,Toyota,Camry,2023,4,petrol,JED
VEH-00173,27d4de40c1d660823f19bbb82df8b61b,Nissan,Altima,2021,4,petrol,JED
VEH-00174,8034415ed266e1d99bb1f2a3c2840ec7,Toyota,Corolla,2022,4,petrol,RUH
VEH-00175,c4804f7035aa5cd60a70f8199fd91aa4,Kia,Cerato,2025,4,petrol,RUH
VEH-00176,544c8b80c2a2157a4aa26403cc5a7943,Lexus,ES 300h,2023,4,hybrid,DMM
VEH-00177,774ed585f6ac438f8821d89e2751e324,Hyundai,Elantra,2024,4,petrol,DMM
VEH-00178,e3022029e378c3c7c1083c71bd9724ff,Honda,Accord,2024,4,petrol,JED
VEH-00179,b2f68a6eec301003351ed21c324b5068,Hyundai,Sonata,2025,4,petrol,JED
VEH-00180,897d346822f735f1b4f4c47589c0b3a7,Kia,Cerato,2022,4,petrol,JED
VEH-00181,d00a4e2ee010c81e94ba81993427b83a,Hyundai,Sonata,2026,4,petrol,JED
VEH-00182,62448f63ddbd5e7c4c05875a4a6d86ab,Hyundai,Sonata,2023,4,petrol,RUH
VEH-00183,9ea49a34508fb81c566c009a2764a75b,Toyota,Camry,2025,4,petrol,RUH
VEH-00184,7339ba2cbea8307adbf4fd232c5639e2,BYD,Han EV,2024,4,electric,JED
VEH-00185,6b617b90a9aeb45aca9505704a8f52db,Hyundai,Elantra,2025,4,petrol,RUH
VEH-00186,9d260bec45400739d0963b4f2aa03e09,Nissan,Altima,2022,4,petrol,JED
VEH-00187,3fc00a21f98e4726462c6ba7361cc89f,Toyota,Hiace,2025,11,diesel,JED
VEH-00188,d6d60be883c57f3ce3e458c8b4aea1eb,GMC,Yukon,2025,7,petrol,RUH
VEH-00189,7cdf5c473b1cbbb6ea8e786f7d981ebc,Toyota,Corolla,2026,4,petrol,JED
VEH-00190,b17c836bad2203053856959a25d56aa5,Hyundai,Sonata,2025,4,petrol,JED
VEH-00191,b1251e1dabc9c7282e8776873529aace,Toyota,Camry,2022,4,petrol,RUH
VEH-00192,e4adb1622acfc19b054170a3879981d9,Toyota,Camry,2023,4,petrol,RUH
VEH-00193,c142d6e5ceab730a8576edac1e4abd7c,Toyota,Camry,2022,4,petrol,DMM
VEH-00194,09b4949a91e8191c92f919ab277ca99a,Chevrolet,Malibu,2022,4,petrol,JED
VEH-00195,2ca6ee786743c0721f996b98720c19e4,Toyota,Camry,2026,4,petrol,JED
VEH-00196,b44e1b6853ecd1d112c815ddd95da905,Toyota,Camry,2025,4,petrol,JED
VEH-00197,48bfda90bd54bc19bfecec4d339c4ddc,Kia,Cerato,2026,4,petrol,RUH
VEH-00198,bd1555000d5aff97c22d7faf867bdb0d,Kia,Cerato,2021,4,petrol,RUH
VEH-00199,b46bf72a1d82a79051607cb3a834df83,Kia,Cerato,2022,4,petrol,RUH
VEH-00200,356406f4bba06f27accaacb8db80a324,Kia,K5,2026,4,petrol,JED
VEH-00201,795edcdc6e2cf1b19653d09ee6c4ec2c,Toyota,Camry,2024,4,petrol,RUH
VEH-00202,d309081250ede70efe91046ef00c5670,Hyundai,Sonata,2020,4,petrol,DMM
VEH-00203,27b5db5edc330a6f3f6ca60b5eac3510,Hyundai,Sonata,2026,4,petrol,JED
VEH-00204,fcc350d1cea3d3fa1fa876e7e1f49576,Hyundai,Accent,2024,4,petrol,DMM
VEH-00205,f35c775e3ae70fc85764bf63e83c4fd9,Toyota,Corolla,2019,4,petrol,RUH
VEH-00206,723dec4d4acdb51db97ac680f52372ed,Toyota,Land Cruiser,2024,7,petrol,RUH
VEH-00207,4847d662560d7b5a5fbe853cbb034700,Lexus,ES 300h,2023,4,hybrid,JED
VEH-00208,59fa78aa6e0c848fe8b7c18372222973,Hyundai,Sonata,2022,4,petrol,RUH
VEH-00209,0d9a86012c488e6726a442922e0d45c5,Hyundai,Elantra,2024,4,petrol,DMM
VEH-00210,05d7a4c9de6cc69e5af3ed64dc780fbf,GMC,Yukon,2023,7,petrol,JED
VEH-00211,b7594d51d6beb12f820036aeae1ad479,Hyundai,Accent,2025,4,petrol,RUH
VEH-00212,7fb47b7f295ff62797b9b7dc79d9551c,Toyota,Land Cruiser,2025,7,petrol,JED
VEH-00213,a54883705c04d8b0601710f8ae3e23c8,Kia,K5,2024,4,petrol,RUH
VEH-00214,d893cb98d95d91e1b21f1aa097f8f3fc,Hyundai,Sonata,2023,4,petrol,JED
VEH-00215,dd10358122195bd2776e246a0c486e66,Hyundai,Elantra,2023,4,petrol,JED
VEH-00216,4a0123d607ef7a88d8e53f160db7cb2a,Toyota,Corolla,2023,4,petrol,RUH
VEH-00217,8953cf90b6a9829e11ead0eb85e32c8c,Toyota,Land Cruiser,2021,7,petrol,RUH
VEH-00218,82a5a14233ccbb0e91ba2bb8d0e13418,GMC,Yukon,2022,7,petrol,JED
VEH-00219,948cfb2b70f92167590fb667101d9fff,Nissan,Altima,2024,4,petrol,RUH
VEH-00220,58fb98e8c5e683f30ce2653efd1de54a,Kia,K5,2025,4,petrol,RUH
VEH-00221,7c7f2a865e31a8b58da060f1fab8a5a1,Hyundai,Sonata,2026,4,petrol,RUH
VEH-00222,7de4090ab71d2988509a80fb885b5da2,Kia,Cerato,2024,4,petrol,JED
VEH-00223,5128b6b0748a7bfe492c9e18ec3f09c8,Nissan,Sunny,2026,4,petrol,JED
VEH-00224,06bfec0bc041acb32bbaad5330638a60,Kia,K5,2023,4,petrol,JED
VEH-00225,1afb4bcfeb1f81e3d57542d89104fc74,Kia,K5,2024,4,petrol,RUH
VEH-00226,c26694ddc77e7992ada1594e513e58bc,Chevrolet,Malibu,2021,4,petrol,JED
VEH-00227,764a05149c0b640c1de5166923b59076,Kia,K5,2026,4,petrol,RUH
VEH-00228,94143fc9a3206fbf476495de84e2de24,Chevrolet,Malibu,2025,4,petrol,JED
VEH-00229,c9455a8ba360cb6b012e8ecd716538d3,Toyota,Camry,2022,4,petrol,RUH
VEH-00230,fb0368e02207249cac76fbc08cb62fe4,Nissan,Altima,2024,4,petrol,DMM
VEH-00231,5f7395c71a0b1f9bd56fd44068fa180e,Toyota,Camry,2025,4,petrol,JED
VEH-00232,4854196a0904fcf3c59e02bb379c4e68,Hyundai,Accent,2023,4,petrol,RUH
VEH-00233,4982d01a87979ce1a665b487de9f9aad,Hyundai,Elantra,2023,4,petrol,RUH
VEH-00234,8b6c5b4fa5d5e04d05fa5973f2a935ea,Hyundai,Accent,2025,4,petrol,RUH
VEH-00235,8a7b8cefeddba820509e221fc82e57e4,Hyundai,Elantra,2018,4,petrol,RUH
VEH-00236,700f5a58223df42ea1b1727d852c23c0,Kia,Cerato,2022,4,petrol,RUH
VEH-00237,f38ff1bf672f6ace89eb3e02180dff26,Hyundai,Sonata,2021,4,petrol,JED
VEH-00238,04e74c3509309078654ab5f9b14a5622,Kia,K5,2021,4,petrol,JED
VEH-00239,3cbf707fbaa7bf16fb3c3174d41d4a2d,Nissan,Sunny,2023,4,petrol,RUH
VEH-00240,69c1a2c6b347f2998a06e71ab1f07ee2,Toyota,Camry,2022,4,petrol,JED
VEH-00241,95cc24a78da17fbccd4f0574e5748816,GMC,Yukon,2023,7,petrol,RUH
VEH-00242,3ee32a2da1523303532d6cc8ec5f3151,Kia,Cerato,2023,4,petrol,RUH
VEH-00243,957319a7f2a6e111128d05347af52da4,Nissan,Sunny,2024,4,petrol,RUH
VEH-00244,3d374ef055fe32a2df51def038d35243,Toyota,Corolla,2023,4,petrol,RUH
VEH-00245,e7ab415da04886f79260f543d3c8a8e6,Toyota,Land Cruiser,2025,7,petrol,DMM
VEH-00246,2ffa4f32424e2c54f04b63293da52f52,Hyundai,Elantra,2024,4,petrol,JED
VEH-00247,9416dd60c2e359b44c92227d70aedf30,Toyota,Camry,2023,4,petrol,JED
VEH-00248,aa120c22670afebea34e83e3c53b63ca,Honda,Accord,2025,4,petrol,JED
VEH-00249,a920ceeb8a949a7e2791702173ef7231,Toyota,Camry,2021,4,petrol,JED
VEH-00250,116a0d1ca2d104e7790a8e4e5030e2ee,Nissan,Altima,2024,4,petrol,JED
VEH-00251,3f0158cf9546572c7ace0e6837af4a27,Hyundai,Accent,2023,4,petrol,JED
VEH-00252,185d4df4f91355f4274abdbd7882cf02,Toyota,Camry,2021,4,petrol,JED
VEH-00253,61bafc2726010b132369ff83e16c85fc,Toyota,Camry,2024,4,petrol,RUH
VEH-00254,32827d53099c8112da6aee03ca11f67c,Toyota,Camry,2021,4,petrol,RUH
VEH-00255,ceb635fd191f27e4c5931f6aa3176a2a,GMC,Yukon,2023,7,petrol,RUH
VEH-00256,630f38427631a0312b20e9299cd641f6,Hyundai,Accent,2026,4,petrol,JED
VEH-00257,e11fea524d05b60af6b9d9fcab95b9c2,Chevrolet,Malibu,2023,4,petrol,DMM
VEH-00258,7f8cd1435c8a080bf76d6b5e5aaf75ad,Toyota,Corolla,2023,4,petrol,JED
VEH-00259,1dc9b3a21fbd04221b7484c2699bc391,Hyundai,Sonata,2022,4,petrol,RUH
VEH-00260,747280b05431fcd8f12872ed05c5ee51,Kia,Cerato,2022,4,petrol,DMM
VEH-00261,8e2a284b4b47c414d7a4b28c8338b23c,Lexus,ES 300h,2023,4,hybrid,RUH
VEH-00262,74cd8431c308622df245fa489c4d09c9,Toyota,Land Cruiser,2025,7,petrol,RUH
VEH-00263,22b76ded5f3c4179f22c2421fb2ed043,Toyota,Camry,2022,4,petrol,RUH
VEH-00264,492aae679af0ee9d2d836e0b24a7dcaa,Toyota,Corolla,2024,4,petrol,JED
VEH-00265,f4c90c9c4dfa85e96004d1473cfc7fa6,Toyota,Land Cruiser,2026,7,petrol,RUH
VEH-00266,244e53165a1cd89113cae5c5b23a64b3,Toyota,Land Cruiser,2025,7,petrol,RUH
VEH-00267,78cadf4483985c3bdd89d2f2db8f8547,Hyundai,Elantra,2023,4,petrol,RUH
VEH-00268,0bf68c4e0184b8ccb90a59bcbae1f1d2,Hyundai,Elantra,2024,4,petrol,DMM
VEH-00269,004190c6e05b158637c6d3e340477ac1,Kia,K5,2024,4,petrol,RUH
VEH-00270,ae8124c381f296a69c355f32f96a9e80,Chevrolet,Malibu,2022,4,petrol,RUH
VEH-00271,98a25cf496e134e9fd832c1353134525,Hyundai,Sonata,2023,4,petrol,DMM
VEH-00272,46dee3b218a5d8a91b550d57a36275ce,Toyota,Hiace,2020,11,diesel,RUH
VEH-00273,c5f6607f120fd3e2ea5243b0dd0ea03a,Toyota,Land Cruiser,2025,7,petrol,JED
VEH-00274,97d49cdd0ceae09d8ef3f62c692ccda2,Toyota,Land Cruiser,2020,7,petrol,JED
VEH-00275,0a2e1e1ecb0384516e5a1b5b715dad0a,Hyundai,Sonata,2023,4,petrol,JED
VEH-00276,6e3dfa7c4f47c0fa0c718326fd5183d0,Hyundai,Elantra,2023,4,petrol,RUH
VEH-00277,967567bd9f7d7f8aa370db680f4e9048,Toyota,Camry,2021,4,petrol,JED
VEH-00278,64a82b4b30023aebf971ca7642b371c6,Toyota,Corolla,2023,4,petrol,DMM
VEH-00279,2dc3661212479c243265c3ed0bd7ef47,Kia,Cerato,2025,4,petrol,RUH
VEH-00280,8ba4bb5faf925efacee4870c9376f2f8,Toyota,Land Cruiser,2018,7,petrol,JED
VEH-00281,23c4c7c69b378433926b6f2166fad20f,Hyundai,Elantra,2024,4,petrol,RUH
VEH-00282,a9538b0501fa99ea3db22dfffb2da15d,Toyota,Corolla,2024,4,petrol,RUH
VEH-00283,b7c7e5fe40cba29b0ac39921d0600cef,Nissan,Sunny,2024,4,petrol,JED
VEH-00284,d20c5c67c73e9724576d6d8a43f709f0,Toyota,Camry,2023,4,petrol,JED
VEH-00285,a27bb5febeba3f59064e218265326254,Nissan,Sunny,2021,4,petrol,RUH
VEH-00286,5be8ed22d2aa996d1ac00c221b9b4d8a,Hyundai,Accent,2020,4,petrol,RUH
VEH-00287,bbe7955e4def7c9c0d90cd64806d1ffb,Toyota,Land Cruiser,2024,7,petrol,RUH
VEH-00288,f6153d899ff5a48c0fbaf9ccac886d7e,Chevrolet,Malibu,2025,4,petrol,RUH
VEH-00289,2765ae9377e3f3dbd922e2b727efb016,Toyota,Corolla,2025,4,petrol,DMM
VEH-00290,721adf2662132b663d07b027a11b8aec,Hyundai,Elantra,2023,4,petrol,JED
VEH-00291,4001dd62db36e333e06d114c22aa390d,Toyota,Camry,2021,4,petrol,RUH
VEH-00292,c89892a83570f5b045a8edd4f2eb60ff,Honda,Accord,2024,4,petrol,JED
VEH-00293,6f09db5183e1f3f3402208d1b1f7fcec,Hyundai,Elantra,2023,4,petrol,RUH
VEH-00294,8a92d31f484cfc5dc567ad90d2f170c6,Toyota,Hiace,2023,11,diesel,RUH
VEH-00295,5a01aaea317d842de414cdcbb2d55f90,Chevrolet,Malibu,2025,4,petrol,JED
VEH-00296,691b62989bc0df07935fefa408924c85,GMC,Yukon,2024,7,petrol,RUH
VEH-00297,ee674306f9fb07e4d33669daeb423fe3,Toyota,Camry,2026,4,petrol,RUH
VEH-00298,1bcba4946364c914215a664a888a240c,Hyundai,Sonata,2022,4,petrol,RUH
VEH-00299,bf26a8995ebb7de1b7b56ec497b7cb5d,Toyota,Corolla,2025,4,petrol,RUH
VEH-00300,8c562820634f50164ec16eb3257297ef,Toyota,Camry,2024,4,petrol,JED
VEH-00301,20f5b5dd998e24ba4094542ea163921c,Hyundai,Sonata,2021,4,petrol,JED
VEH-00302,43a65b937e27092cfacf1083fe3bf611,Nissan,Sunny,2024,4,petrol,RUH
VEH-00303,350671f91055d728451ef158f70d5e45,Toyota,Camry,2024,4,petrol,DMM
VEH-00304,b58e6fbb7b5c1da1ee4853c2502e0e76,Chevrolet,Malibu,2025,4,petrol,DMM
VEH-00305,71046243c69f4d0475eb74f525fdac8c,Toyota,Land Cruiser,2021,7,petrol,JED
VEH-00306,3a7520d1235b675681f2256674cfc1e2,Toyota,Land Cruiser,2020,7,petrol,JED
VEH-00307,846fbb44845f3404062bf67bd4fac417,Kia,K5,2024,4,petrol,RUH
VEH-00308,bc93bed9cb22683a0fb25ea6ea6a1529,Kia,Cerato,2021,4,petrol,JED
VEH-00309,322f8f7e14c799c500413ffbc3f796d8,Toyota,Camry,2022,4,petrol,RUH
VEH-00310,72c01818f602cc28e8c0b03b66811a28,Chevrolet,Malibu,2025,4,petrol,RUH
VEH-00311,96a1f7b8a9ff10766a5c5aae06b4b413,Toyota,Land Cruiser,2025,7,petrol,RUH
VEH-00312,35184b872c7058589c485f4fa1376623,Nissan,Sunny,2020,4,petrol,RUH
VEH-00313,fe93715975f63ac39ce513b89589ff65,Hyundai,Accent,2018,4,petrol,JED
VEH-00314,5db66d3c7e8b912ddfe5bf16ba41a516,Toyota,Land Cruiser,2026,7,petrol,RUH
VEH-00315,2eb2c29832eaa2586dca0f818a7a6f69,Hyundai,Sonata,2025,4,petrol,DMM
VEH-00316,0d6f5b94c4ecc6b30a95a99bd7babe7c,Honda,Accord,2023,4,petrol,JED
VEH-00317,0f0ac8f3fa6c007193fc3f5bf904fa8f,Toyota,Camry,2022,4,petrol,JED
VEH-00318,7a35dba7d2f44453f65973e36b6c38c5,Toyota,Camry,2024,4,petrol,JED
VEH-00319,87e3cc6500f11f117fafda0a51c8fd28,Toyota,Corolla,2023,4,petrol,JED
VEH-00320,4fc0017326250ea495e8e654d3fb01bb,Toyota,Corolla,2023,4,petrol,JED
VEH-00321,75fd24efe7f16b52e3e328d618b0fb99,Toyota,Camry,2023,4,petrol,DMM
VEH-00322,bae948a114ebd52cdb4b146f7f1d6c0e,Nissan,Altima,2022,4,petrol,RUH
VEH-00323,e78849b3f1093fa60b0114ebd5466049,Hyundai,Sonata,2023,4,petrol,RUH
VEH-00324,a5fdce7bf69ccb1d1b4e695bba2c70a5,Kia,Cerato,2020,4,petrol,JED
VEH-00325,31b83ab27b14a18d5f6ca04025249f49,Hyundai,Elantra,2023,4,petrol,JED
VEH-00326,24f2d3eb927b19930cf2482e03b67a21,Toyota,Camry,2026,4,petrol,JED
VEH-00327,0d13f0d89a2531d2c6013c7acad5dc4c,Hyundai,Elantra,2019,4,petrol,RUH
VEH-00328,4ea434073fc6740f619a1385c5c70e72,Kia,Cerato,2026,4,petrol,RUH
VEH-00329,0ed6d2d140959b34eea5ace32d9b7571,Hyundai,Sonata,2021,4,petrol,RUH
VEH-00330,3b5cb8015dff5c4bb2cbacb2e8d524f4,Toyota,Corolla,2026,4,petrol,JED
VEH-00331,b9a8888221f381f3308e4d23b06dee9c,Nissan,Sunny,2025,4,petrol,DMM
VEH-00332,707c376fd62cf86a31ad8aa05029a01b,Hyundai,Sonata,2024,4,petrol,RUH
VEH-00333,6913297fc3f3d4a26b33ac9c6251e4f2,Nissan,Altima,2025,4,petrol,DMM
VEH-00334,3bd24146d14baa99c2c89f2404278570,Toyota,Corolla,2025,4,petrol,JED
VEH-00335,22e0200e4a87ef0171b6d7e942e704b0,Toyota,Camry,2023,4,petrol,RUH
VEH-00336,9dcb997ca21993e698852357c72d1f81,Nissan,Altima,2022,4,petrol,RUH
VEH-00337,2001fc9f50e9bab25f153ab9722c49ab,Toyota,Land Cruiser,2026,7,petrol,RUH
VEH-00338,27cc4dcfedfd14c85a0c39c5affc1380,Toyota,Corolla,2021,4,petrol,RUH
VEH-00339,8defd269334bee6b76f12257bc06e442,Toyota,Camry,2023,4,petrol,RUH
VEH-00340,1120c489a67147b156135142927407e2,Honda,Accord,2026,4,petrol,JED
VEH-00341,f03134242957cecdb6c6481868fc0713,Lexus,ES 300h,2024,4,hybrid,JED
VEH-00342,a46b8e16b262604c0d299ec843afb4a4,Hyundai,Elantra,2025,4,petrol,DMM
VEH-00343,84eb2a6f23d9ef20b58f85cb2b1651a9,Toyota,Hiace,2023,11,diesel,DMM
VEH-00344,8d672c8898101d06d7a696e661c1a903,Honda,Accord,2021,4,petrol,DMM
VEH-00345,e3eb34533219b1ffacbb227ee77692e8,Hyundai,Sonata,2022,4,petrol,JED
VEH-00346,c1ad00f1041523a3a39a994d11fab82f,Chevrolet,Malibu,2022,4,petrol,RUH
VEH-00347,d36dea65fe8acd7380921d899b94fbd7,Toyota,Corolla,2026,4,petrol,RUH
VEH-00348,47ddc66c73d46f37fd74f98abb92ea13,Toyota,Camry,2021,4,petrol,JED
VEH-00349,63fa3ab8cf41ee10b30c7da48b719e9d,Toyota,Camry,2024,4,petrol,JED
VEH-00350,e3f1badcff50e53bae571a563ec3540c,Hyundai,Sonata,2025,4,petrol,DMM
VEH-00351,b986dbaa67e22aead32ee18f28746687,Hyundai,Sonata,2018,4,petrol,JED
VEH-00352,4ca7cbec287a7b6939c9a94f71f271e1,Nissan,Altima,2020,4,petrol,RUH
VEH-00353,aaf4bedf259e7b8321ed2131595b172c,Hyundai,Sonata,2023,4,petrol,RUH
VEH-00354,9c77aed0b2e1b35a50e347284b0f22f2,Hyundai,Sonata,2022,4,petrol,RUH
VEH-00355,895bb5cfde937c79e4b430e138f3ac17,Toyota,Camry,2024,4,petrol,JED
VEH-00356,c4360611b29982bf2a4f0d53f5049043,Kia,Cerato,2024,4,petrol,RUH
VEH-00357,6f74f17692d3b24b6637ae20fb878b18,Hyundai,Sonata,2022,4,petrol,RUH
VEH-00358,3924d6c63cf0d781d42e70ced3e6f739,GMC,Yukon,2020,7,petrol,RUH
VEH-00359,a06fbf1934e0ed08fa74d71619c171fd,Toyota,Land Cruiser,2024,7,petrol,RUH
VEH-00360,e3dfd50da7f2eb12a53fc524f18fb68c,Toyota,Corolla,2026,4,petrol,RUH
VEH-00361,f6397e6704eb22436d35075e224bdcb1,Hyundai,Sonata,2023,4,petrol,DMM
VEH-00362,f9f07705ef9fb4c6cb433a601fb2fe26,Kia,K5,2025,4,petrol,JED
VEH-00363,8815e358e34d4a89b0d00a86aa8afc05,Toyota,Corolla,2021,4,petrol,JED
VEH-00364,9221e74e997c28510f7b2c9fe2458238,Hyundai,Sonata,2018,4,petrol,RUH
VEH-00365,a3845466480d9a8cfde9a5b942510255,Kia,K5,2024,4,petrol,RUH
VEH-00366,0e3a7740675e408b7090ac861a0ef96b,Toyota,Corolla,2024,4,petrol,RUH
VEH-00367,ddee8b09df6efbbdb1173e4bb5984ef3,Kia,K5,2024,4,petrol,RUH
VEH-00368,82ec758a47f6a875ee07b0a7fe6d66c7,Toyota,Camry,2019,4,petrol,RUH
VEH-00369,d31e5992a0f1987c1741791df1e7e2c2,Toyota,Camry,2019,4,petrol,JED
VEH-00370,fe579695f1c87a471d0271eced380cb5,Kia,K5,2025,4,petrol,JED
VEH-00371,26912e1dbcd6f0c155a0910c986cde97,Hyundai,Accent,2025,4,petrol,JED
VEH-00372,f1e72b93a7f61f956dc4010c98024c1b,Toyota,Land Cruiser,2022,7,petrol,JED
VEH-00373,01da69cc64fd986a49137699d2c044ae,Toyota,Camry,2026,4,petrol,RUH
VEH-00374,6e16cd2404091268ddfb234af512e231,Hyundai,Sonata,2024,4,petrol,DMM
VEH-00375,2b93a21123c734d5d8274cd784699b39,Kia,K5,2025,4,petrol,RUH
VEH-00376,cae0c5c9f8a5714e4de041db76c07d16,Kia,K5,2025,4,petrol,RUH
VEH-00377,a13e7413e049ab76376d37915826b062,Nissan,Altima,2020,4,petrol,DMM
VEH-00378,4824ab51f0cc37c1fd5d846cc98852c5,Nissan,Altima,2022,4,petrol,RUH
VEH-00379,fb34bb5d1d8aa606d27d172ea9dabddc,Hyundai,Accent,2022,4,petrol,RUH
VEH-00380,8457e4ea3f3f3e0d520201d884bd4492,Nissan,Sunny,2023,4,petrol,JED
VEH-00381,d55adb527338bad20248a1174db78403,Toyota,Camry,2024,4,petrol,JED
VEH-00382,f0d903e559a645abdb6333af831a614c,Lexus,ES 300h,2022,4,hybrid,RUH
VEH-00383,851ead652a2575d127c4ad6005931466,Toyota,Corolla,2022,4,petrol,RUH
VEH-00384,736695ecec35dc787170d1a909366b77,Toyota,Corolla,2025,4,petrol,RUH
VEH-00385,4edc606af97ee70f8a6990c33101ecec,Toyota,Corolla,2020,4,petrol,JED
VEH-00386,1655c16f826835d6bedf3bf29a671569,Toyota,Camry,2023,4,petrol,JED
VEH-00387,b84c9abd9e49c4cac36b6d6b1a0502ea,Honda,Accord,2023,4,petrol,DMM
VEH-00388,81507fe888be8ff56d9b4b6589e34394,Nissan,Altima,2021,4,petrol,RUH
VEH-00389,29a5d4b7f5c6e77a44d66be14364cc64,Chevrolet,Malibu,2023,4,petrol,JED
VEH-00390,781625229d3f5a54f843196a46d09fb1,Toyota,Corolla,2022,4,petrol,DMM
VEH-00391,6defdf69d7dd4f4938a441ae5af0078c,Hyundai,Accent,2024,4,petrol,RUH
VEH-00392,aefdf64ba49e134f81d9898cb32299c7,Honda,Accord,2025,4,petrol,DMM
VEH-00393,3cae93b458a983ea1aa1c27059057227,Hyundai,Accent,2021,4,petrol,DMM
VEH-00394,e5c7ccb0e1aaa5147e998fd5cd313689,Toyota,Camry,2024,4,petrol,DMM
VEH-00395,bb118ca973baa9595f9fb48e7e02aaed,Toyota,Corolla,2026,4,petrol,RUH
VEH-00396,099f52dc06ed6e69c786468d4ddbda6b,Toyota,Camry,2023,4,petrol,RUH
VEH-00397,cbcfcdfd21e23df7ffd431bbf9b508c4,Toyota,Corolla,2025,4,petrol,RUH
VEH-00398,7b8657341557a456df11a91db3b75ada,Toyota,Land Cruiser,2025,7,petrol,JED
VEH-00399,d748d76ada6a668dc600187851c7ffe1,Hyundai,Sonata,2025,4,petrol,JED
VEH-00400,ad7ce24d6e15b5a1a43f1d6c714a846b,Hyundai,Elantra,2020,4,petrol,DMM
VEH-00401,c4cf37da09f0e4babc2b76750da0d5ef,Hyundai,Accent,2023,4,petrol,RUH
VEH-00402,74417e677ff695d8034f2d74f58255fc,Hyundai,Elantra,2019,4,petrol,JED
VEH-00403,5dff5fd16fef6fd7f5f3f634ab576196,Toyota,Camry,2019,4,petrol,DMM
VEH-00404,d11e6c2784aa05c328a49e1258f1488e,Toyota,Camry,2021,4,petrol,RUH
VEH-00405,3fb4207506e9f01ca3f20d3013b613d3,Toyota,Corolla,2018,4,petrol,RUH
VEH-00406,791a29c5e4f23f124e1bfdb855dd3982,Toyota,Corolla,2021,4,petrol,RUH
VEH-00407,5d966f0f8e94f0cff3bdf5a26eb956c3,GMC,Yukon,2020,7,petrol,RUH
VEH-00408,60ceef52543d95e32ad5586232305b93,Nissan,Altima,2018,4,petrol,RUH
VEH-00409,743e9cb22ad44e6bfa1672993edd257d,Toyota,Land Cruiser,2022,7,petrol,RUH
VEH-00410,3e1fde11ccdb2dfc694969859c123d49,Hyundai,Sonata,2025,4,petrol,RUH
VEH-00411,24de703a4ab61e43e1188aba4398d5e8,Toyota,Corolla,2026,4,petrol,RUH
VEH-00412,cd25a443c83e794206e074859abcdda2,Nissan,Sunny,2024,4,petrol,RUH
VEH-00413,8d7b3d32c944aaf47ea3e6122f457bca,Nissan,Altima,2024,4,petrol,JED
VEH-00414,6181ff10b93c73c71ad13f223c24d3b4,Kia,K5,2026,4,petrol,RUH
VEH-00415,203bdb9a51d7a23a41cd17359a139dfe,Hyundai,Elantra,2025,4,petrol,JED
VEH-00416,6540f539bfcad130553a7ede04350d11,Lexus,ES 300h,2024,4,hybrid,DMM
VEH-00417,0b9067c6d56697247a235b18bb1864b6,Nissan,Sunny,2025,4,petrol,JED
VEH-00418,ac91f37bf239ebca3c419fd81bd1c879,Nissan,Altima,2019,4,petrol,RUH
VEH-00419,6c4948d4730649015a59cedb54c97dcc,GMC,Yukon,2020,7,petrol,RUH
VEH-00420,b2c27daa15fa75992032f03f771d8a0d,Toyota,Corolla,2025,4,petrol,DMM
VEH-00421,56731756fe1372eea132d881171300e4,Toyota,Corolla,2022,4,petrol,JED
VEH-00422,7f13218fdb9d2fa269d3c8e57df4515a,Toyota,Corolla,2024,4,petrol,RUH
VEH-00423,3314ed87bce36aa7b1e47c3d3a9ef223,Hyundai,Accent,2024,4,petrol,RUH
VEH-00424,787dd901c45865d7e2e2feb4a8f8b620,Chevrolet,Malibu,2024,4,petrol,RUH
VEH-00425,29c0a1c2a5f8282257ec573969659c58,Toyota,Camry,2024,4,petrol,DMM
VEH-00426,f2dce994b2849305f662f45cfa07435c,Lexus,ES 300h,2019,4,hybrid,RUH
VEH-00427,9b028531f7410a388d3caba586c9d87d,Kia,K5,2025,4,petrol,JED
VEH-00428,c78bd77cd77c55400e0fb8c7b8583d29,Toyota,Camry,2018,4,petrol,RUH
VEH-00429,d3a56d2437728b6ee7edc478c6b39acc,Toyota,Camry,2022,4,petrol,RUH
VEH-00430,baf782901e585a76aab537dbcf307426,Kia,K5,2022,4,petrol,RUH
VEH-00431,9fd33c48b56bc9f05f2515329c50af91,Toyota,Camry,2023,4,petrol,RUH
VEH-00432,b4f59bf841500f708d9be4e14777b703,Toyota,Corolla,2021,4,petrol,DMM
VEH-00433,e0a1e73b0a3592113d41ba8348007bb5,Toyota,Corolla,2020,4,petrol,DMM
VEH-00434,6b6d637b0b79c3e9fba5ba9f7a6f0294,GMC,Yukon,2023,7,petrol,DMM
VEH-00435,195e56f7a03065d68a737bf0b6bb562b,Nissan,Altima,2024,4,petrol,RUH
VEH-00436,608e81f110e5db5322b6f45d63c24a12,Toyota,Camry,2022,4,petrol,JED
VEH-00437,78c580646ad9e62f4aaf9362198a58de,Hyundai,Sonata,2023,4,petrol,JED
VEH-00438,75d27531c3901a74e7d7bd5e09c5639b,Nissan,Sunny,2023,4,petrol,DMM
VEH-00439,37f65c79d33ee21fdc6336dca9fa0d9c,Hyundai,Elantra,2025,4,petrol,RUH
VEH-00440,b82d0e272d5a8ba7f15ff243230e8733,Nissan,Altima,2023,4,petrol,RUH
VEH-00441,b5c0a19831ede5698d0c563e41f1f178,Kia,K5,2024,4,petrol,JED
VEH-00442,2c99124c1e1aa36da24e4d7d235d6955,GMC,Yukon,2024,7,petrol,RUH
VEH-00443,bfcbb929d28a58094af532b5f9d27b5a,Hyundai,Sonata,2023,4,petrol,RUH
VEH-00444,96060304a735e87df47d1e437baba4f7,Toyota,Corolla,2026,4,petrol,DMM
VEH-00445,d894ef0ffbdab5d8f11f5319f797e64d,Toyota,Hiace,2019,11,diesel,RUH
VEH-00446,b84c9b0693b78f1982b3687004e30277,Toyota,Camry,2022,4,petrol,RUH
VEH-00447,f9e4c2299874ffefff974264db6274ea,Hyundai,Elantra,2021,4,petrol,DMM
VEH-00448,c8f0fb35b7b65ba84e1b4483c9c7689b,Toyota,Land Cruiser,2021,7,petrol,RUH
VEH-00449,b7e818decde292b4997d5222b1fe51ce,Hyundai,Accent,2026,4,petrol,DMM
VEH-00450,c8d10d26aa1191471fe8a839e088a895,Kia,Cerato,2023,4,petrol,DMM
VEH-00451,205064ccfa90eb925b2010cc5b6fd5b4,Hyundai,Accent,2021,4,petrol,DMM
VEH-00452,49470032bdad5a0be98e138e27374da1,Hyundai,Accent,2024,4,petrol,JED
VEH-00453,ad08b715cbe64f3464cace937d6e9efc,Toyota,Camry,2021,4,petrol,RUH
VEH-00454,b66aeb0eba98e77e008b5809ff8b2993,Lexus,ES 300h,2022,4,hybrid,JED
VEH-00455,6634418aaeb3b7908bf59298bc9a1740,GMC,Yukon,2023,7,petrol,RUH
VEH-00456,f7de42e5768f4600a74aec7ea4a40899,Toyota,Camry,2020,4,petrol,JED
VEH-00457,4739146b61799cd6a527dcdb8f97c4dc,Honda,Accord,2019,4,petrol,JED
VEH-00458,63e94d99474802c928635e2626f010cd,Hyundai,Elantra,2020,4,petrol,DMM
VEH-00459,3dd40144e37f16f024a3ea7054d1680b,Hyundai,Elantra,2023,4,petrol,RUH
VEH-00460,897349a7835ff48148b7d1357658c0c0,Kia,Cerato,2018,4,petrol,RUH
VEH-00461,c21e7c51f3cc23851492154368857534,Toyota,Hiace,2023,11,diesel,RUH
VEH-00462,d64a3c0b3f5a9cd94c599dcf26deb3cd,Kia,K5,2023,4,petrol,DMM
VEH-00463,a424fe5f427b7a44ad983068025eeafb,Toyota,Corolla,2020,4,petrol,JED
VEH-00464,4fc16a60e7f898299515af247e9e737b,Kia,K5,2022,4,petrol,RUH
VEH-00465,f8622bbbd7f9e465946a527b66620c4d,Kia,K5,2024,4,petrol,RUH
VEH-00466,00f26c7ecce4fff013ddda72160fc1ee,Hyundai,Elantra,2022,4,petrol,RUH
VEH-00467,44c6323f59e28dfa6166f64e03ecb2b1,Chevrolet,Malibu,2019,4,petrol,JED
VEH-00468,4d462ca8ed788183d590d4a81b7bdb79,Toyota,Camry,2020,4,petrol,JED
VEH-00469,5579913a32a2a3740200fc4fc1bf37a8,Lexus,ES 300h,2021,4,hybrid,JED
VEH-00470,a41ce93435825cc9fc7491df6d4ffcfc,Kia,Cerato,2024,4,petrol,RUH
VEH-00471,a2876c5eb66b6812825e346e9c8c6eeb,Hyundai,Elantra,2024,4,petrol,RUH
VEH-00472,b00f73edb513ab2e754e953a166f4dc8,Hyundai,Accent,2024,4,petrol,RUH
VEH-00473,431c0ff17219c614c274f3ea30256514,Toyota,Hiace,2025,11,diesel,JED
VEH-00474,5d59d7d0ca571a1f2e1b959ef08476a6,Hyundai,Accent,2026,4,petrol,RUH
VEH-00475,1b802463503cc82294bd245f771c1767,Honda,Accord,2024,4,petrol,RUH
VEH-00476,c25b735fdd34c012ca8bc1985225f78c,Hyundai,Elantra,2023,4,petrol,RUH
VEH-00477,5017e74b303669e8415422b652569d31,Hyundai,Sonata,2025,4,petrol,DMM
VEH-00478,bdd56efc842f83555420239e531652aa,Kia,Cerato,2025,4,petrol,JED
VEH-00479,9b8084936e4947978108242c5019cfbf,Toyota,Camry,2025,4,petrol,RUH
VEH-00480,754d0537fe553407c628e4f67c608a0b,Toyota,Land Cruiser,2025,7,petrol,RUH
VEH-00481,3fc590578438e3bb2eae8024d9029c98,Toyota,Corolla,2020,4,petrol,JED
VEH-00482,0a5bdb1131f5c86761f1ace234d31ace,Kia,K5,2021,4,petrol,RUH
VEH-00483,d7999018f3bc03944ff9cd35c4afb29b,Hyundai,Sonata,2024,4,petrol,JED
VEH-00484,29c6c8a5251957a6b2a97c0bbc47ab38,Hyundai,Elantra,2020,4,petrol,RUH
VEH-00485,eb01009a1cbf909b96ccc8795fc3bf44,Toyota,Land Cruiser,2022,7,petrol,DMM
VEH-00486,c2353e1b8df6a7c2d539cddebe5b2d4b,Toyota,Corolla,2023,4,petrol,JED
VEH-00487,0718d156cfdaf84bd566091b5ebe8193,Chevrolet,Malibu,2025,4,petrol,DMM
VEH-00488,0c5bd574cf27bba587671050bf4ecbb6,Nissan,Sunny,2024,4,petrol,RUH
VEH-00489,016bf285d522e8d8d1c19bd982ec3126,Hyundai,Elantra,2022,4,petrol,JED
VEH-00490,de443ffc65384a4a09319d59b9d000e1,Honda,Accord,2020,4,petrol,DMM
VEH-00491,5f3aee982cf234a5a05fef70032d9455,Hyundai,Sonata,2025,4,petrol,RUH
VEH-00492,e31ec87c9208169e5431b622c6027836,Toyota,Camry,2025,4,petrol,RUH
VEH-00493,2dd26061431dcb4cb32b1eb45e8749ae,Kia,K5,2022,4,petrol,RUH
VEH-00494,6abeed11796bc5ef0d01b57281113d50,Chevrolet,Malibu,2019,4,petrol,RUH
VEH-00495,815b8c003ab552a076bdead79222a43b,Nissan,Altima,2023,4,petrol,JED
VEH-00496,3ccdea67869fd7d92de2b7da9f07ee84,Toyota,Corolla,2019,4,petrol,DMM
VEH-00497,5e6c50a5e7b8888dff50479e7f8ecf14,Honda,Accord,2020,4,petrol,JED
VEH-00498,278beef7c7c05adb9df424796f2f5cbe,Toyota,Corolla,2025,4,petrol,JED
VEH-00499,4a4dc164fb1ff2598910f6b4f9b4f604,Toyota,Corolla,2022,4,petrol,RUH
VEH-00500,0e6bee191b5b9ab7ec82523882956f84,Toyota,Corolla,2023,4,petrol,RUH
VEH-00501,0954eed1fd7eddf3d18a62f6513bfd5b,Toyota,Corolla,2025,4,petrol,DMM
VEH-00502,0294d65d0861ed6755af1a1234f40725,Hyundai,Accent,2025,4,petrol,JED
VEH-00503,6a483ff48e2071231869a3f500617b54,Hyundai,Elantra,2023,4,petrol,JED
VEH-00504,f148511cf5e90a80237116e8b56ca8fe,Hyundai,Sonata,2025,4,petrol,JED
VEH-00505,68a5a771c7a5d39166be1a2b46b2c8f4,Chevrolet,Malibu,2026,4,petrol,JED
VEH-00506,03bc5eaae403118108f62bf2949300af,Hyundai,Accent,2024,4,petrol,JED
VEH-00507,db1694e7091aa849684e48ab0c753ce7,Lexus,ES 300h,2026,4,hybrid,DMM
VEH-00508,8a979cf3afa9b9c7a0e11ea4a2652a62,Honda,Accord,2021,4,petrol,JED
VEH-00509,c9b28a5bf088f4bbc1486637cdd927d5,Nissan,Altima,2019,4,petrol,RUH
VEH-00510,a8d289acfe9635987e64423f77e01bbd,Toyota,Camry,2025,4,petrol,RUH
VEH-00511,fec66b7d789d2965c536256e4c79fc13,Toyota,Camry,2022,4,petrol,DMM
VEH-00512,43600d5f325b0fd48c6d55825d163541,Nissan,Altima,2026,4,petrol,DMM
VEH-00513,a13d7df76eeed437f2998342534b1292,Toyota,Camry,2025,4,petrol,JED
VEH-00514,fffed6e32b59ecc583b34db66f2f78c9,BYD,Han EV,2026,4,electric,RUH
VEH-00515,ea63f7bb10ce1d05a022dcceb5d82548,Toyota,Corolla,2023,4,petrol,RUH
VEH-00516,21662fa9ea3f241ac34ded656ebc6676,Hyundai,Elantra,2024,4,petrol,RUH
VEH-00517,b50a6c3656a94f8c83d5b9e5f2c66833,Lexus,ES 300h,2023,4,hybrid,RUH
VEH-00518,e05cea6c6bb9c84e5f650fd7f9ffb4ff,Hyundai,Elantra,2025,4,petrol,JED
VEH-00519,45c2793578ab693dca458f157b0ea39d,Toyota,Camry,2024,4,petrol,RUH
VEH-00520,540688418de0ecb2f43a8494d00191f0,Toyota,Camry,2026,4,petrol,RUH
VEH-00521,4cb99fdc1e90af2048d950a2d82136fa,Toyota,Camry,2025,4,petrol,DMM
VEH-00522,99ec62532fde32a5a3074dc61237f04c,Hyundai,Elantra,2023,4,petrol,RUH
VEH-00523,b29c1e7912e6696dd341c883b77cd3d4,Hyundai,Sonata,2022,4,petrol,RUH
VEH-00524,6a88f3ba11b7e48edffaf5f082841027,Toyota,Corolla,2025,4,petrol,RUH
VEH-00525,b84e66454b410147592f4643dd5f5f0d,Hyundai,Elantra,2021,4,petrol,RUH
VEH-00526,e3c667053f1dbaed8a41f5ca2a4f3431,Hyundai,Elantra,2023,4,petrol,RUH
VEH-00527,b9ecca0a11fcf77a0bd54c22c4b207ad,Toyota,Land Cruiser,2024,7,petrol,DMM
VEH-00528,7c667171c77e6c35210480d6e09b057d,GMC,Yukon,2025,7,petrol,RUH
VEH-00529,ccf566ad5196613440a898fbe84392ec,Hyundai,Sonata,2025,4,petrol,JED
VEH-00530,ec4e9572bcdbfa56bd6e4c5649e8b1fa,Toyota,Land Cruiser,2022,7,petrol,RUH
VEH-00531,cdb7e4896cde9ded7f3281e0e73e58e3,Toyota,Camry,2024,4,petrol,JED
VEH-00532,8f686984742bd067acfac4aa5ad576cb,Toyota,Camry,2019,4,petrol,RUH
VEH-00533,3628a9371f2fddaea184346510369e5b,Chevrolet,Malibu,2020,4,petrol,DMM
VEH-00534,e2fa2dec15f4fcfe466edee9886666a8,Hyundai,Accent,2024,4,petrol,RUH
VEH-00535,20861d405df29d6ba0ab739ba115ac1d,Nissan,Sunny,2023,4,petrol,RUH
VEH-00536,a3a256c0af8c860c1d2c7ffa60557462,Lexus,ES 300h,2026,4,hybrid,RUH
VEH-00537,ce54f178d66c02a252f6d9197485682d,Tesla,Model 3,2024,4,electric,RUH
VEH-00538,b479684bcf029cd2849e995166bbe2f1,Toyota,Corolla,2020,4,petrol,RUH
VEH-00539,18765e9993e821ccf37ce04c840ee876,Kia,Cerato,2021,4,petrol,RUH
VEH-00540,7939d6740c1f86c91beb0158c0afbf09,Toyota,Hiace,2020,11,diesel,JED
VEH-00541,30c6db2f025ad63b4e5323664b38d511,Kia,K5,2020,4,petrol,DMM
VEH-00542,76cf891a78f6417aa2fcdcd29499a40e,Hyundai,Accent,2026,4,petrol,DMM
VEH-00543,12b374a100ef70f038d79b577bc0f96b,Kia,K5,2020,4,petrol,RUH
VEH-00544,03765fa77ac275eca9a1596e67e8793d,Toyota,Corolla,2025,4,petrol,JED
VEH-00545,8b7fc2f58f3ef43ae8225d691edabb5f,Hyundai,Accent,2023,4,petrol,DMM
VEH-00546,1ba6f17a0c0ec11221a1f47299af3a8e,Hyundai,Accent,2023,4,petrol,RUH
VEH-00547,34cc9d04bd9a8755166489ce2f519e43,Nissan,Sunny,2021,4,petrol,RUH
VEH-00548,68107cf435e84bc2d9ef649dc64e4bce,Nissan,Sunny,2020,4,petrol,RUH
VEH-00549,685ac5f57b87a5f03a9abb65b25692dd,Toyota,Land Cruiser,2020,7,petrol,RUH
VEH-00550,68e89cd6c521b5fd9115a817e93cb6ea,Nissan,Sunny,2024,4,petrol,JED
VEH-00551,5181f9a53518e90027d34f1b0baf9bdb,Toyota,Camry,2019,4,petrol,RUH
VEH-00552,6ac9379aa86133b430e023a52235d6da,Hyundai,Accent,2026,4,petrol,DMM
VEH-00553,44c00573524da84870d48aaa77641ba8,Nissan,Sunny,2024,4,petrol,JED
VEH-00554,46bc0de06a37a4387dc2ef9549d34491,Kia,Cerato,2024,4,petrol,RUH
VEH-00555,2cae3ba1ba4c9ad228f066cfd8b911f1,Kia,Cerato,2023,4,petrol,RUH
VEH-00556,bd83af15cc32dabe8a03c40768700897,Toyota,Corolla,2023,4,petrol,JED
VEH-00557,7762dd923aba9dea77e6c5322805dec5,Toyota,Camry,2024,4,petrol,DMM
VEH-00558,8ffb6d8101258a6377f3e2e38803c309,Hyundai,Elantra,2023,4,petrol,JED
VEH-00559,22f02281a73370d0eb1b3fa285219aa6,Hyundai,Sonata,2019,4,petrol,RUH
VEH-00560,26d222238ed092afea14aa9d801b1183,Kia,K5,2020,4,petrol,JED
VEH-00561,213d25fe91b6d57dee90f599ec59ca28,Honda,Accord,2021,4,petrol,JED
VEH-00562,035b3765b0a62936b00895151aa2e091,Hyundai,Elantra,2021,4,petrol,JED
VEH-00563,90b7c17c32de09380295f0e0b62e5aef,Toyota,Land Cruiser,2026,7,petrol,JED
VEH-00564,33b3c9b5ee8d07bb8ae64fdcfefd63dc,Kia,Cerato,2021,4,petrol,JED
VEH-00565,e71466b65803e2e80782d3854f1e50b4,Toyota,Land Cruiser,2024,7,petrol,RUH
VEH-00566,4fd4eee45eab97b160aa044bf4980eaa,Hyundai,Accent,2024,4,petrol,JED
VEH-00567,60041ea741e878ca445c112bada8e2e5,Hyundai,Sonata,2022,4,petrol,DMM
VEH-00568,9fd0ba150a1a5a4e63b1b996e55b3f24,Toyota,Camry,2023,4,petrol,RUH
VEH-00569,607e28f7123cceea814b41ead756fc6a,Lexus,ES 300h,2023,4,hybrid,RUH
VEH-00570,f3a36533c73dc5278dd89a887b423684,Kia,K5,2021,4,petrol,JED
VEH-00571,07f6bc782d9cf083eca7b0e61cb6f248,Hyundai,Accent,2021,4,petrol,RUH
VEH-00572,cca83c2502eccf285f5c7e30d04d026a,Hyundai,Elantra,2023,4,petrol,RUH
VEH-00573,8fbc07205c08e7f514da64343ecc3943,Honda,Accord,2021,4,petrol,JED
VEH-00574,1e721a4307f18f22517d2a05442873bb,Hyundai,Elantra,2026,4,petrol,RUH
VEH-00575,2116a578620128372f7a543ae2074574,Hyundai,Accent,2021,4,petrol,DMM
VEH-00576,ebbee49e92d5ec11c4f1f9788ab5ebf2,Nissan,Sunny,2026,4,petrol,DMM
VEH-00577,59d72c8f30308a2867bc1b6664284d07,Nissan,Altima,2021,4,petrol,RUH
VEH-00578,db22f659264876d92207eb385630ae3a,Toyota,Corolla,2025,4,petrol,RUH
VEH-00579,d6d51bbc9047561b5bc05cf5f4699052,Toyota,Hiace,2025,11,diesel,JED
VEH-00580,6ca260f02f408e2e65c641b3dad9f603,Chevrolet,Malibu,2021,4,petrol,RUH
VEH-00581,d64a030560684857e6139ee5ed145ca0,Kia,K5,2026,4,petrol,RUH
VEH-00582,f32884e85e442afe0b6a05b003409545,Nissan,Sunny,2021,4,petrol,RUH
VEH-00583,dfa74dbac65b6ec13b0cc6e80b6e157b,Nissan,Altima,2026,4,petrol,RUH
VEH-00584,eb3233a1816ba7a191572ae5d7c65ebb,Honda,Accord,2024,4,petrol,RUH
VEH-00585,9a09fb760b7a38df1aacc27bab904d7d,Toyota,Corolla,2020,4,petrol,JED
VEH-00586,ccd697750977cb8560314dbcfd49ec0b,Toyota,Corolla,2024,4,petrol,RUH
VEH-00587,704d65a7331dbac4ed46f1c9b5c48362,Toyota,Hiace,2020,11,diesel,JED
VEH-00588,ded6c3a079b1f13648ff5aba8809783f,Toyota,Corolla,2019,4,petrol,RUH
VEH-00589,5bf59b5b416820655f3a26e28ce714de,Toyota,Corolla,2020,4,petrol,RUH
VEH-00590,70639f88eb97e8ebf305a84f2c82ea52,Toyota,Camry,2022,4,petrol,JED
VEH-00591,c7e1ef0d4fb7a4b7108d4d54e763cb97,Hyundai,Elantra,2022,4,petrol,JED
VEH-00592,e0dbf9745e7e79142f03e8e4e329bea5,Toyota,Camry,2025,4,petrol,RUH
VEH-00593,e8ef531a84a57ae784ff05ef4f8238ee,Toyota,Camry,2019,4,petrol,RUH
VEH-00594,d21130438aeaeb59e9784b208ed7e5f4,Kia,Cerato,2024,4,petrol,RUH
VEH-00595,2f52c4ae8e5fd5c87a5ec7b69e71948d,Hyundai,Sonata,2024,4,petrol,JED
VEH-00596,76f98dc324a66ffce804061df12cf5ce,Nissan,Altima,2019,4,petrol,RUH
VEH-00597,1970e4b9fc7e7a1843b1a2379fdb2354,Hyundai,Accent,2025,4,petrol,JED
VEH-00598,9bc81b9061f3bf62ee0291ae800fdcbb,Toyota,Camry,2020,4,petrol,RUH
VEH-00599,8622525366b2ef6ab82e5126e6c9b34f,Toyota,Camry,2022,4,petrol,JED
VEH-00600,7c203bd10852b751f381860774bb2592,Hyundai,Sonata,2019,4,petrol,RUH
VEH-00601,933c265e89f877dff2b61c651bb3f090,Hyundai,Sonata,2021,4,petrol,JED
VEH-00602,f2f91a397300756151d1992f441481cd,Toyota,Corolla,2022,4,petrol,RUH
VEH-00603,5a2a2f3ab4417f956e6560f916741e75,Hyundai,Accent,2021,4,petrol,RUH
VEH-00604,fb2e937b67a426a910f3a8a5e9917819,Chevrolet,Malibu,2022,4,petrol,JED
VEH-00605,68e55c8853c93d19c2d2d80e67cef50f,Toyota,Hiace,2023,11,diesel,JED
VEH-00606,43445ef24e49131baa9b132c48c9991b,Honda,Accord,2026,4,petrol,RUH
VEH-00607,64d9eec97d6bdbddb53220f1739a824b,Toyota,Camry,2020,4,petrol,RUH
VEH-00608,91db53100e82d477dcb6d19de112ab75,Toyota,Camry,2021,4,petrol,DMM
VEH-00609,978ebdf7760d9d5bb503c896900e5d29,Toyota,Camry,2024,4,petrol,JED
VEH-00610,48bad34e004e26a5153a4e49db8ca641,Nissan,Altima,2021,4,petrol,JED
VEH-00611,9729b452e36dbb0fbc358d8ba27291d6,GMC,Yukon,2025,7,petrol,JED
VEH-00612,3a1b259a31668b637520a8797087fb32,Nissan,Sunny,2022,4,petrol,RUH
VEH-00613,ff8e446268bd2a7be913edd4f64ca0af,Hyundai,Sonata,2023,4,petrol,RUH
VEH-00614,6d44a17dc3cd7a31cd807afd9a575fa5,Kia,K5,2021,4,petrol,DMM
VEH-00615,256ccc7764507b2d61109d956a35e315,Kia,K5,2025,4,petrol,RUH
VEH-00616,e262a17702d9d6603096b8a4b522472f,Hyundai,Sonata,2022,4,petrol,JED
VEH-00617,c94e01e1487f22c5f3f717dc1b7ea394,Hyundai,Accent,2023,4,petrol,RUH
VEH-00618,1116f7cf648b732e6de098d4ddd5632f,Hyundai,Accent,2023,4,petrol,JED
VEH-00619,d857d8021c55297ec744e0aa68f00b00,Hyundai,Sonata,2022,4,petrol,RUH
VEH-00620,a1cda1eec15862c8dfab3e3825016f41,Toyota,Camry,2020,4,petrol,JED
VEH-00621,a9307d0b5070137a8d60d8d168eb8bdc,Toyota,Camry,2025,4,petrol,JED
VEH-00622,0d6e6293e9e83088e50d410df62e10ed,Honda,Accord,2025,4,petrol,JED
VEH-00623,c9aeb5d3998fc45ff66914bea60ee940,Toyota,Camry,2025,4,petrol,DMM
VEH-00624,b23f3bc2eb53ca083743978b851e73ad,Lexus,ES 300h,2025,4,hybrid,JED
VEH-00625,3ff7a87633629ca0337dfb425db8a50f,Toyota,Land Cruiser,2021,7,petrol,JED
VEH-00626,0ba6314b40f37dbb1814b5aed3e0f1f4,Hyundai,Sonata,2023,4,petrol,RUH
VEH-00627,c8a980edfe73583cff41adca1e0aa92e,Hyundai,Accent,2023,4,petrol,RUH
VEH-00628,461a80febfffc0971ebd114d3df6861a,Hyundai,Elantra,2024,4,petrol,JED
VEH-00629,cc695775834ccc8b0818985e1f24d42e,Nissan,Sunny,2020,4,petrol,RUH
VEH-00630,b9cf771a3430168a36e87f6c1273833a,Honda,Accord,2025,4,petrol,JED
VEH-00631,c475b38224c5d3d7f04187f023da1b17,Tesla,Model 3,2019,4,electric,RUH
VEH-00632,78f2ddcb011d1b52a0b48a9ac0efb1d7,Honda,Accord,2024,4,petrol,DMM
VEH-00633,c339cd3fa8ffde1513ffa9dcced2a099,Lexus,ES 300h,2023,4,hybrid,DMM
VEH-00634,f8ac4c7b8a90192d821e51428ace14f5,Toyota,Camry,2023,4,petrol,JED
VEH-00635,e40fcd03411e4f50ce2f91cafb9880e1,Toyota,Camry,2024,4,petrol,RUH
VEH-00636,fd0cdee4c41fe858933bd07596c65f0d,Toyota,Hiace,2023,11,diesel,RUH
VEH-00637,fc85e22e23b7564835e06146f9009c30,Toyota,Camry,2025,4,petrol,RUH
VEH-00638,d4e383c24cd26186202223771f309452,Toyota,Hiace,2025,11,diesel,RUH
VEH-00639,8aa8f1b0d393cb15ad651f615e7d5825,Nissan,Sunny,2020,4,petrol,RUH
VEH-00640,4d3f41d133ba7d2407c4d42a505dcbca,Chevrolet,Malibu,2022,4,petrol,RUH
VEH-00641,1b75749b5bd00060845d2d4a4f2ca4b1,Hyundai,Sonata,2023,4,petrol,RUH
VEH-00642,732c7cd15321e00a7d573ce15a3205d0,Toyota,Corolla,2026,4,petrol,JED
VEH-00643,920e2f470c6d68630ab9bc4ddce876b3,Kia,Cerato,2026,4,petrol,DMM
VEH-00644,9b38bd563aa9b455cd03340662415599,Kia,K5,2025,4,petrol,RUH
VEH-00645,ca42aed1084a7b5fe24addb23f5beb26,Toyota,Camry,2021,4,petrol,RUH
VEH-00646,d716589ec86d0247cb5f7b865b7bf86a,Toyota,Land Cruiser,2025,7,petrol,RUH
VEH-00647,d24e62911264a125af050e3c1d2a48cb,Chevrolet,Malibu,2025,4,petrol,JED
VEH-00648,9c9e2f7a196258457d30fdc4ab82e7f9,Hyundai,Accent,2023,4,petrol,RUH
VEH-00649,7d2dd68eb7b3006b222419275bdf3677,Chevrolet,Malibu,2024,4,petrol,RUH
VEH-00650,349741122bef8d10b6dae3c7bd2f4435,Kia,Cerato,2023,4,petrol,RUH
VEH-00651,74fcf62a457bc907affeeb95478d39ac,Hyundai,Accent,2023,4,petrol,DMM
VEH-00652,edd7b895d1750fdc8217baa3917e5f96,Toyota,Hiace,2022,11,diesel,RUH
VEH-00653,6a1026347757566a35c01ee45d53ff8f,Hyundai,Elantra,2025,4,petrol,DMM
VEH-00654,3fe20798f2c0f5cc8dfdd22b54039f80,Toyota,Land Cruiser,2025,7,petrol,RUH
VEH-00655,f3105d130fb50801453848fa3ed67fde,Hyundai,Sonata,2023,4,petrol,RUH
VEH-00656,b457aa6a8a142cabccb4f4bed387c47c,Nissan,Altima,2024,4,petrol,JED
VEH-00657,53eb4b329b5567ed82d63ebe17e42d8b,Honda,Accord,2023,4,petrol,RUH
VEH-00658,9c7db27dc03a6257f4f2934c7c964c5c,Hyundai,Sonata,2023,4,petrol,RUH
VEH-00659,8ebd2f4d7e59cedaa533ecb91506ccc8,Hyundai,Accent,2024,4,petrol,DMM
VEH-00660,9e1705af62defe2079aed9e194aebcdb,GMC,Yukon,2023,7,petrol,RUH
VEH-00661,1e078eb07ac7567234a0ec05a5dfb97a,Hyundai,Elantra,2023,4,petrol,RUH
VEH-00662,779c3d703b96ec312e2153a76534c755,Hyundai,Elantra,2022,4,petrol,JED
VEH-00663,0d79956eb46f115e2b71505886b1f471,Toyota,Corolla,2023,4,petrol,JED
VEH-00664,1f45dfb3e53da9bebca07e6d769bcf45,Toyota,Camry,2023,4,petrol,RUH
VEH-00665,4838c6492c460080848295b725ac309a,Hyundai,Accent,2024,4,petrol,DMM
VEH-00666,77d649f1fe2988256fed75dec657f4ee,Toyota,Camry,2023,4,petrol,RUH
VEH-00667,0813c7a74cf652f385fb4dba7d4093dd,Hyundai,Accent,2021,4,petrol,RUH
VEH-00668,75aba06274fa139426c003a445dcd6c5,Toyota,Hiace,2023,11,diesel,JED
VEH-00669,b95c05e7e61a81a0ae69659478b211b6,Toyota,Land Cruiser,2024,7,petrol,DMM
VEH-00670,2961947b4f64d6b401489df69de0feb8,Hyundai,Sonata,2020,4,petrol,RUH
VEH-00671,97c9a4be152228582f9cc8cd2cd2f409,Hyundai,Elantra,2024,4,petrol,JED
VEH-00672,3f6cd7498a86767ec5c9a98689d026a3,Hyundai,Accent,2025,4,petrol,JED
VEH-00673,c8677c65edde0b33b53bb2d48f3710b8,Hyundai,Sonata,2021,4,petrol,JED
VEH-00674,bccafa11a0262f0950c8173e37872b64,Nissan,Sunny,2022,4,petrol,JED
VEH-00675,78679524c52736c70301eb311c846fc2,Kia,Cerato,2018,4,petrol,RUH
VEH-00676,9dafd02316289bb3ff18a33c4540c117,Hyundai,Sonata,2019,4,petrol,RUH
VEH-00677,7e59d3abd95efa97617f5c3c9309906d,Hyundai,Sonata,2022,4,petrol,JED
VEH-00678,af8dacfbbdb38fbe5cc0c9ccda8dc338,Toyota,Camry,2026,4,petrol,JED
VEH-00679,3e66aac052abf8bf5aa1e75766e74f09,Chevrolet,Malibu,2020,4,petrol,RUH
VEH-00680,58f6de47eb783e31b126b18b29eaf120,Toyota,Camry,2025,4,petrol,DMM
VEH-00681,151eb18986d46adc83766dca56374840,Toyota,Corolla,2024,4,petrol,JED
VEH-00682,9150d09207ba04db8aaa4719b85b9217,Chevrolet,Malibu,2025,4,petrol,RUH
VEH-00683,a0875170676fd4c0c454c357e0a85813,Hyundai,Sonata,2022,4,petrol,JED
VEH-00684,9db515169d682f4f4446c00515a8d46c,Nissan,Altima,2022,4,petrol,RUH
VEH-00685,91556bb5ac095c883286976992335542,Hyundai,Sonata,2022,4,petrol,RUH
VEH-00686,0fae67a49c6f6b7182184f3bd31d69bc,Hyundai,Elantra,2024,4,petrol,JED
VEH-00687,10e0fc7d5832b231ae0bae03b75db682,Toyota,Corolla,2024,4,petrol,JED
VEH-00688,2b4c5746a2050737b2bded6df4b5ec0d,Hyundai,Sonata,2024,4,petrol,RUH
VEH-00689,e6bb22ae7df4ca1021dc3ef2171bb25e,Toyota,Corolla,2021,4,petrol,RUH
VEH-00690,5275b56f1084031e9cb78d5d6ef66818,Nissan,Sunny,2025,4,petrol,JED
VEH-00691,93f911685d8d43d402f42d2f6c1a9e74,Toyota,Camry,2023,4,petrol,JED
VEH-00692,02eb167f013545bdf1ee9002a90e96d2,Nissan,Sunny,2021,4,petrol,JED
VEH-00693,05e8b066c338415e5893030e9028c339,Hyundai,Accent,2025,4,petrol,JED
VEH-00694,fcfb93078a22e8a016704f3f785cd144,Hyundai,Sonata,2021,4,petrol,JED
VEH-00695,7d71952e205d7f0d040cd4799dc35dd3,Hyundai,Sonata,2023,4,petrol,DMM
VEH-00696,ef30753cd18eae7e525fcd35fdbf185f,Toyota,Land Cruiser,2021,7,petrol,JED
VEH-00697,389d6c972be00b0d4611066951e8d02b,Toyota,Camry,2021,4,petrol,JED
VEH-00698,4106554be7747704dd6b0cbd175cd81e,Hyundai,Elantra,2024,4,petrol,RUH
VEH-00699,781f83efa680c2c7a221d5c7c3d13fb6,Toyota,Camry,2024,4,petrol,JED
VEH-00700,95eac3aad0391198f8c5849b19df2d90,Hyundai,Sonata,2023,4,petrol,JED
VEH-00701,b73e27805068edb91b856b0df90719b0,Kia,Cerato,2018,4,petrol,DMM
VEH-00702,f3cd8dc605229d060258a0dcd7e2dfde,Nissan,Altima,2026,4,petrol,JED
VEH-00703,e9e7295b45fdf8061d9e6e3fa01dbe27,Toyota,Camry,2024,4,petrol,RUH
VEH-00704,6af8371a2d84e5ac20988345ccb3f597,Toyota,Camry,2023,4,petrol,RUH
VEH-00705,abe1a3cd07ceee34431cc20ae60a29ab,Toyota,Camry,2022,4,petrol,JED
VEH-00706,c19a8795c7ee5fa4e5e4c801244e7238,Toyota,Hiace,2022,11,diesel,JED
VEH-00707,d605fbaafa16ef1604e498e415bc5caa,Toyota,Corolla,2024,4,petrol,JED
VEH-00708,2616b01420ed4ddc2c2d6e1d1b037942,Nissan,Sunny,2022,4,petrol,RUH
VEH-00709,7a240d879a2ba7b17ac78c32cfa33602,Nissan,Sunny,2026,4,petrol,JED
VEH-00710,c4eb7592f0a5c26531549095a22fabee,Hyundai,Sonata,2021,4,petrol,DMM
VEH-00711,c5514f69e69b580bda78c18b0a2e76ce,Toyota,Camry,2019,4,petrol,DMM
VEH-00712,ba3963b6695362f2b3ace85e6fbaa808,Honda,Accord,2024,4,petrol,JED
VEH-00713,1973b31b6d76448cd33ecfd27bdc4bb9,Nissan,Sunny,2025,4,petrol,RUH
VEH-00714,58ceee4a0525ed2c4bdd32c6a276d727,Toyota,Camry,2024,4,petrol,DMM
VEH-00715,ba38a057dcc4d906b6c9d16f0e1b1854,Kia,K5,2025,4,petrol,RUH
VEH-00716,b1a43ddb6f30627e1b58c216d7b33177,Toyota,Camry,2025,4,petrol,RUH
VEH-00717,31cec7e5bdfc9d6fb67c40c59701e36d,Toyota,Corolla,2023,4,petrol,JED
VEH-00718,176ebfe1df3b26fe234e78655295b151,Honda,Accord,2024,4,petrol,RUH
VEH-00719,d19a288eaa2385247d357a960e228eb3,Toyota,Camry,2023,4,petrol,JED
VEH-00720,16195a78932cf7caeae7a5e59bfbab28,Kia,K5,2023,4,petrol,RUH
VEH-00721,ecfcd99a90e2552d8fe1c5b4be6f6f5a,Lexus,ES 300h,2022,4,hybrid,RUH
VEH-00722,1bd9f5772aec4011cdb7374de5749391,Toyota,Corolla,2023,4,petrol,RUH
VEH-00723,3f8a35e99bc390845e41be615847cf1c,Kia,Cerato,2019,4,petrol,JED
VEH-00724,769408f9da244ce2fbd7117b689bc691,Chevrolet,Malibu,2022,4,petrol,DMM
VEH-00725,d60b5d9ac5d30ab51d639ac6d6765732,Hyundai,Accent,2024,4,petrol,JED
VEH-00726,125cb53271284bb2d859565ac5f21707,Kia,Cerato,2024,4,petrol,JED
VEH-00727,0e1fb84302bb59f14cd413559ff3f54f,Toyota,Corolla,2023,4,petrol,JED
VEH-00728,de92bb07d2ecb5a316f284461888fd0b,Honda,Accord,2026,4,petrol,RUH
VEH-00729,4db5950d21a1bed6489312c2caf7bdfa,Nissan,Altima,2020,4,petrol,RUH
VEH-00730,80fa893d686017c8e86ff281f4c7516e,Toyota,Land Cruiser,2024,7,petrol,RUH
VEH-00731,b4f5328222915e140bf5e3760ce10f6f,Chevrolet,Malibu,2026,4,petrol,JED
VEH-00732,6111530e818f0b812050afc08be53136,Hyundai,Sonata,2025,4,petrol,RUH
VEH-00733,fc164d925b9791fa905bf8f4752ebea6,Hyundai,Accent,2026,4,petrol,RUH
VEH-00734,5cbf27898ba90365dbefcfae5885872d,Hyundai,Sonata,2023,4,petrol,JED
VEH-00735,f5b5f48e155f304320371d037cf55a57,Toyota,Corolla,2021,4,petrol,DMM
VEH-00736,492b7570c13813c8ed7d2f587224d894,Toyota,Camry,2022,4,petrol,DMM
VEH-00737,7baa2c0f2f421a917531e1a80cbd5912,Toyota,Land Cruiser,2023,7,petrol,JED
VEH-00738,d3d584ba04933d1c518d06be2dbb59c2,Toyota,Corolla,2025,4,petrol,DMM
VEH-00739,26c80e468ae70cf28f1953dfe145463a,Toyota,Corolla,2022,4,petrol,DMM
VEH-00740,719dee45918a73236c2a5543a32d0667,Hyundai,Sonata,2025,4,petrol,RUH
VEH-00741,05b7b8b1d6c92c5c85215d15d526e921,Lexus,ES 300h,2026,4,hybrid,JED
VEH-00742,000ba7bb953874eca45612df7a592acd,Nissan,Altima,2025,4,petrol,RUH
VEH-00743,fa39839e4e131009200410eae1deae61,Hyundai,Sonata,2024,4,petrol,JED
VEH-00744,90a50d328da060d8dc21417ec3247e0b,Nissan,Sunny,2025,4,petrol,DMM
VEH-00745,10963ff3cdcc9cca8b6863e2e319d516,Hyundai,Accent,2018,4,petrol,RUH
VEH-00746,4b52ab3cae32a0a7f279d3a49e36df07,Hyundai,Accent,2022,4,petrol,RUH
VEH-00747,ba6293fd83b4ec44e10a19edf73d6e55,Toyota,Corolla,2021,4,petrol,RUH
VEH-00748,2feb0d509a1cc6ff3f4d22164f9fa138,Honda,Accord,2023,4,petrol,JED
VEH-00749,5c1ea0ada1d8c299f7b7f5778c11b424,Toyota,Corolla,2020,4,petrol,DMM
VEH-00750,1666a7f30a35936d4e32d90183a44c4d,Hyundai,Elantra,2018,4,petrol,JED
VEH-00751,e5201d2966ef2d536ae92e1f7c19559c,Toyota,Hiace,2023,11,diesel,RUH
VEH-00752,94c4aef8872bfa7ce27a245d408ba832,Hyundai,Sonata,2024,4,petrol,DMM
VEH-00753,3f13e46bcf0949490243d5b63057852c,Hyundai,Accent,2018,4,petrol,RUH
VEH-00754,c2df42d118a08c3b56706ec9d64af669,Honda,Accord,2018,4,petrol,RUH
VEH-00755,cb77b18825687aba788882792324472d,Toyota,Corolla,2024,4,petrol,JED
VEH-00756,8bcb36e69c706560caa7c1e5f9ba40d4,Toyota,Corolla,2022,4,petrol,RUH
VEH-00757,93abf531593d8b5011b4c39a1da986f6,Toyota,Camry,2019,4,petrol,RUH
VEH-00758,1f192543a92c1ab31687f08cd4d99173,Nissan,Sunny,2024,4,petrol,RUH
VEH-00759,1750c87cd92008d70c83263ea551644d,Lexus,ES 300h,2026,4,hybrid,DMM
VEH-00760,7a768a3aa265a286ebc16f33865cc204,Nissan,Altima,2024,4,petrol,JED
VEH-00761,d8131ee17b5407c9de353d35260a2a48,Kia,Cerato,2026,4,petrol,RUH
VEH-00762,679055f10383dc445296f2d2a97c5679,Kia,Cerato,2023,4,petrol,RUH
VEH-00763,0ed258c5810e743eec155a387e57e028,Toyota,Camry,2022,4,petrol,RUH
VEH-00764,a19d1facfaffea7dd7c6feeac67feb2a,Nissan,Altima,2022,4,petrol,JED
VEH-00765,b4d9cf917b64937f839249f3c0cb5aef,Kia,K5,2020,4,petrol,RUH
VEH-00766,c5103ed12e8f5154cf8d5169d9c99abc,Hyundai,Elantra,2025,4,petrol,RUH
VEH-00767,024535fc159b60868be168887c599d70,Hyundai,Sonata,2024,4,petrol,RUH
VEH-00768,d7a1c2e83b99b89000225f685198781c,Toyota,Corolla,2018,4,petrol,RUH
VEH-00769,d8a5e7ce81dd7a7f6a0a7ec36e8a8370,Nissan,Sunny,2025,4,petrol,RUH
VEH-00770,2546592219d2c4456aa0b9f1da5c2001,Lexus,ES 300h,2024,4,hybrid,JED
VEH-00771,45b50bfc481cf87cde141c3a2db03055,Hyundai,Elantra,2024,4,petrol,DMM
VEH-00772,929b8ecfe481389c6d4ff9dd4ebe2ce5,Kia,Cerato,2020,4,petrol,JED
VEH-00773,2489e94a579bffaed1f825d1858c0a86,Hyundai,Sonata,2021,4,petrol,JED
VEH-00774,4500b0387b2a3da237ea61d9e77bd013,Toyota,Corolla,2026,4,petrol,RUH
VEH-00775,dace284f5e2960a575317e3fd9451e51,Toyota,Land Cruiser,2020,7,petrol,RUH
VEH-00776,b2c6355852b58be791aa0630fda1b63d,Hyundai,Elantra,2024,4,petrol,RUH
VEH-00777,b1e5dafa6d1d86a0564718624c9f9661,Hyundai,Sonata,2024,4,petrol,DMM
VEH-00778,21fa935c10ad9337d25e2d88ed78c7af,Toyota,Camry,2024,4,petrol,JED
VEH-00779,063927174cf8237b28bc743db5e4e334,Toyota,Corolla,2021,4,petrol,RUH
VEH-00780,e1e28116795dc117511a6b5bb9018085,Hyundai,Elantra,2022,4,petrol,RUH
VEH-00781,c41b3134c9b2f78c1385980b4dac7306,Toyota,Camry,2026,4,petrol,RUH
VEH-00782,447c2aa5b4111443185551f8af6c64fe,Toyota,Camry,2018,4,petrol,RUH
VEH-00783,366dac74426d1ec8addc602695cb1e1a,Toyota,Corolla,2024,4,petrol,JED
VEH-00784,81e8b98ed62cf37f0d29951947c37439,Hyundai,Accent,2024,4,petrol,RUH
VEH-00785,5e25cd8d2027112a06f19add0b5db397,Toyota,Corolla,2023,4,petrol,RUH
VEH-00786,5222403655213d71cad107e5dfd40c63,Chevrolet,Malibu,2023,4,petrol,RUH
VEH-00787,f0e0a1987de05e81c3247167f47b49fb,Hyundai,Elantra,2025,4,petrol,DMM
VEH-00788,f725b24c2adc2c353dfed28c28338a50,Hyundai,Accent,2022,4,petrol,RUH
VEH-00789,77dd37bf90be7df4677534a5c110ac8b,Hyundai,Accent,2019,4,petrol,RUH
VEH-00790,1eadfe075c1efbe56825958523193633,GMC,Yukon,2026,7,petrol,RUH
VEH-00791,c4f5f38e3a299929566d928f3d4dd9f8,Hyundai,Accent,2021,4,petrol,RUH
VEH-00792,f32d22445d3e02e0b5a91e9bc34e4bf4,Nissan,Altima,2025,4,petrol,RUH
VEH-00793,e382426e54b57f47a685a814274f3fb1,Hyundai,Accent,2020,4,petrol,RUH
VEH-00794,4da99a4b7d56657de9eccf684cb38269,Hyundai,Accent,2024,4,petrol,JED
VEH-00795,6b60d094f956291ce480f16257715862,Nissan,Altima,2021,4,petrol,JED
VEH-00796,fad2e17c82a88451c1c35d14b027732d,Nissan,Sunny,2023,4,petrol,RUH
VEH-00797,92d12ffd2b23e8423007e003f342ed3f,Toyota,Camry,2021,4,petrol,RUH
VEH-00798,aa0c7c4edf9d963a65fabbcb853124c2,Nissan,Altima,2024,4,petrol,RUH
VEH-00799,3c61877a5810c25e668e48fdb77846e8,Toyota,Corolla,2024,4,petrol,JED
VEH-00800,94d557a61e236e20d83b11f49acc2d20,Toyota,Camry,2022,4,petrol,RUH
VEH-00801,684bd6790d26bda1d557fdb405bd0f75,Toyota,Camry,2023,4,petrol,DMM
VEH-00802,2f837958bbc26fe6d2d62d02524a58ae,Toyota,Corolla,2025,4,petrol,RUH
VEH-00803,356a86db35009147b9cea95e4fbdbaef,Toyota,Camry,2023,4,petrol,RUH
VEH-00804,261648e6c0bc3d84e4aabd90fc770f58,Honda,Accord,2024,4,petrol,DMM
VEH-00805,7b1ca2fe6b9520ce972c0a057565c543,Hyundai,Elantra,2021,4,petrol,RUH
VEH-00806,9e457192ce8146c58e517761ff72dfcf,Nissan,Altima,2024,4,petrol,RUH
VEH-00807,e4a1a3d6bb425ec4e78b9fc467476cbe,Nissan,Sunny,2025,4,petrol,RUH
VEH-00808,96f5a97924d38b8f1529f33afa7e21eb,Hyundai,Accent,2021,4,petrol,JED
VEH-00809,3d754ca6144499031fb4117a9dbe2e18,Honda,Accord,2024,4,petrol,RUH
VEH-00810,d845f810fe20cae8a4ab31e8cbff6d9f,Toyota,Camry,2024,4,petrol,RUH
VEH-00811,83d66de0642d1f65aaafbc4cfa6d8cc4,Toyota,Corolla,2021,4,petrol,JED
VEH-00812,d6d5d7f8ffdffedb88caa96f7373a7e3,Hyundai,Sonata,2021,4,petrol,DMM
VEH-00813,4000f1949daa61c2fc16869a445a1d34,Kia,Cerato,2018,4,petrol,RUH
VEH-00814,2ade4b9e1506100f5e0a19ff3d522c9d,Nissan,Sunny,2022,4,petrol,DMM
VEH-00815,374450a2f99d51bc7fc4b50c7a2d2388,Kia,Cerato,2022,4,petrol,RUH
VEH-00816,5cc8aa65daecbb5fc11f6c0fb512b0c8,Toyota,Camry,2024,4,petrol,RUH
VEH-00817,00163667b9ee229d32e1a122c161f19a,Toyota,Camry,2022,4,petrol,RUH
VEH-00818,e4980cf65888421b7ed7324e7f9dade4,Nissan,Sunny,2021,4,petrol,JED
VEH-00819,4d6bcd50d644fa317a0028324d3d9880,Hyundai,Accent,2019,4,petrol,DMM
VEH-00820,9d4d67f118c90266cb74b8b2a643c870,Hyundai,Elantra,2023,4,petrol,RUH
VEH-00821,40f39f1b1dbbd9c659859aac69760005,Kia,Cerato,2023,4,petrol,RUH
VEH-00822,0aa04c3ddce4f926423b80ccf21528f1,Hyundai,Accent,2020,4,petrol,RUH
VEH-00823,8db0e11f91c85c5023c6575c72341fa9,Kia,K5,2022,4,petrol,JED
VEH-00824,bda96d668a16eea6c86eabdae7412e34,Kia,K5,2019,4,petrol,RUH
VEH-00825,cad3d5b122828716efccfe4bbce094e4,Kia,Cerato,2024,4,petrol,RUH
VEH-00826,3a01a58ed34a3da5a1450f545a475ab6,Toyota,Corolla,2021,4,petrol,JED
VEH-00827,f6df3951783db8c71d0d6521fcb7a279,Toyota,Camry,2020,4,petrol,JED
VEH-00828,5fd8e2118cbb77dc015e8e3cdca7094c,Toyota,Camry,2019,4,petrol,RUH
VEH-00829,63f43e1d0266281dcb1af4a55cb44008,Toyota,Camry,2022,4,petrol,RUH
VEH-00830,84f1497807fe316519d7c643baea96b4,Hyundai,Elantra,2024,4,petrol,RUH
VEH-00831,cdedb4270d3a347f770219758023215e,Toyota,Camry,2024,4,petrol,RUH
VEH-00832,03d7d0bd3a95427f3e24ff8c8c8d10fb,Nissan,Altima,2023,4,petrol,RUH
VEH-00833,148f4c0f88daed161c894409d273e46d,Hyundai,Accent,2025,4,petrol,RUH
VEH-00834,68abfb103961325930f34b2b68d2c812,Toyota,Camry,2024,4,petrol,DMM
VEH-00835,482ca9098ebe51ddfea38e344f1a2cba,Hyundai,Sonata,2022,4,petrol,JED
VEH-00836,1cf53bf68411067a6338f677f74f5f23,Hyundai,Sonata,2026,4,petrol,RUH
VEH-00837,78e61571a97dbeb60a32b01dfbbf298e,Toyota,Camry,2024,4,petrol,JED
VEH-00838,730d3ce51bd2976b6952d00a4e1722b5,Hyundai,Accent,2024,4,petrol,RUH
VEH-00839,2e8f1bb9778c8821bc756f535f00a8cf,Lexus,ES 300h,2024,4,hybrid,JED
VEH-00840,fb0d78ad6fc2466c4da77227345df053,Kia,Cerato,2023,4,petrol,JED
VEH-00841,e0ee8e52a11207ce7f04399e9c94056a,Hyundai,Sonata,2024,4,petrol,JED
VEH-00842,586a2405e5c5a8f5078640168450e001,Toyota,Camry,2022,4,petrol,RUH
VEH-00843,5e488f7f6611f7934f7312f18fa77e7c,Hyundai,Sonata,2021,4,petrol,RUH
VEH-00844,c09c8e92ef6113adf055bedbea6207c9,Hyundai,Sonata,2023,4,petrol,JED
VEH-00845,00ee9bb0b13412b01beca3b331ad67a4,Hyundai,Elantra,2023,4,petrol,RUH
VEH-00846,4451082db25c1553900796e6932b48fc,Hyundai,Sonata,2025,4,petrol,DMM
VEH-00847,97ac699540bccf538476d9636e38aca2,Honda,Accord,2018,4,petrol,RUH
VEH-00848,a9d39cdc1ed22b28a7fdfb2dd979c156,Toyota,Camry,2024,4,petrol,RUH
VEH-00849,d121393725e410cbac682de89a2a533d,Toyota,Land Cruiser,2024,7,petrol,RUH
VEH-00850,608adc602af1d3825fc4106ade88043e,Chevrolet,Malibu,2021,4,petrol,JED
VEH-00851,bb7332ce080d3ba0ada650a0718cd739,Hyundai,Sonata,2019,4,petrol,RUH
VEH-00852,af93f54152fe2cda0ea3001a37e37e40,Honda,Accord,2024,4,petrol,JED
VEH-00853,b315052f34c855a861cdce8e00e2a5e2,Toyota,Camry,2024,4,petrol,RUH
VEH-00854,bdbaf203ebdb744edd091d65bd6d3f86,Nissan,Altima,2020,4,petrol,RUH
VEH-00855,f60131fc6c986dcbb20c1da39a274a24,Hyundai,Accent,2023,4,petrol,RUH
VEH-00856,5b3d1efebe2dc2dbda5be5645d136596,BYD,Han EV,2024,4,electric,JED
VEH-00857,465caa1d503aaff28807fc5794c2f168,Lexus,ES 300h,2024,4,hybrid,RUH
VEH-00858,167bce018a236808a12c9df3001911e2,Hyundai,Sonata,2023,4,petrol,JED
VEH-00859,78a3ac063291bfab299165b55064317b,Nissan,Altima,2026,4,petrol,RUH
VEH-00860,4e22a3f166911750674ef0cf423ea380,Toyota,Camry,2022,4,petrol,JED
VEH-00861,868c6054bae53731395e0a16be336c24,Toyota,Camry,2024,4,petrol,DMM
VEH-00862,48e2210a92480054b87aa9ded3ecf276,Honda,Accord,2024,4,petrol,RUH
VEH-00863,7e07c8f6389b28484afb77d84e67d455,Kia,K5,2024,4,petrol,RUH
VEH-00864,f3128a0bc1f6154a45d600c4a26325c9,Nissan,Sunny,2025,4,petrol,RUH
VEH-00865,c9a53aec4f97f074aea474bf60b024d9,Toyota,Hiace,2022,11,diesel,RUH
VEH-00866,a21654ff7c7e949e2b5b225d03b579c6,Hyundai,Sonata,2022,4,petrol,DMM
VEH-00867,c0596b072b6bfe0165b7974fccbbe5b5,Hyundai,Elantra,2026,4,petrol,RUH
VEH-00868,346743e4232dfb34b944c6160b9a8834,Toyota,Corolla,2023,4,petrol,RUH
VEH-00869,949fe410c54eca54cf62fb5a117b3932,Nissan,Altima,2021,4,petrol,JED
VEH-00870,24d6612be1fa8f2c4554a21db27b471b,Hyundai,Sonata,2025,4,petrol,JED
VEH-00871,6e465d98f3f914176fb23b8f292914ed,Honda,Accord,2025,4,petrol,DMM
VEH-00872,a9fb783de40d598b361caa23178f9cd2,Chevrolet,Malibu,2026,4,petrol,RUH
VEH-00873,7349c18489924e67509971cf08316f62,Toyota,Camry,2025,4,petrol,RUH
VEH-00874,3a6f9c3aa155207f26e442f7ee777401,Nissan,Altima,2025,4,petrol,JED
VEH-00875,83e0ea0fedd4c867037d122d4d486aac,Toyota,Camry,2020,4,petrol,DMM
VEH-00876,2a2f2f8250154376f94aea7b84da8b5a,Toyota,Corolla,2022,4,petrol,JED
VEH-00877,276068f7ad75ad0e2ebcdad26b29e55f,Lexus,ES 300h,2021,4,hybrid,JED
VEH-00878,4238174e585ab691fe99748a10b7a035,Toyota,Camry,2023,4,petrol,RUH
VEH-00879,ba68c0f6db8866db72f25be350d50822,Toyota,Camry,2019,4,petrol,RUH
VEH-00880,c2c9d3f704f4610581a5434c88f4c40f,Hyundai,Sonata,2024,4,petrol,RUH
VEH-00881,d1f05ef0432ead926d3ac91638f1cc7a,Toyota,Camry,2023,4,petrol,JED
VEH-00882,e9590c41118e17ef3d74554b69a67908,Hyundai,Accent,2022,4,petrol,DMM
VEH-00883,2eda0e75f361fef23eb7324cf65f9020,Nissan,Altima,2022,4,petrol,RUH
VEH-00884,73d0ec7c10a9a1ae14c0b9923f467c59,Toyota,Corolla,2019,4,petrol,DMM
VEH-00885,9946b4f10d1e046ce8f976cc4bea1b12,Hyundai,Elantra,2024,4,petrol,JED
VEH-00886,cd3b1908a48dafdf2fd90239a799c155,Hyundai,Sonata,2022,4,petrol,JED
VEH-00887,4e21c0df5b94b6f427c8d1a33ab09b76,Toyota,Corolla,2025,4,petrol,DMM
VEH-00888,4b850bc4aa37f284fb6a82d4d7514aff,Kia,Cerato,2026,4,petrol,JED
VEH-00889,407f2dcf91b984293690b5d93396735f,Toyota,Corolla,2022,4,petrol,RUH
VEH-00890,480777c8d54f37128a4472931f076104,Chevrolet,Malibu,2024,4,petrol,JED
VEH-00891,118d3ea6d77539280edaf16d43b7287d,Honda,Accord,2024,4,petrol,RUH
VEH-00892,b16ce6a7b6de57a186c9ac9ec8d9d5ef,Nissan,Altima,2025,4,petrol,RUH
VEH-00893,dbee376d7efb199c6f5fe99ecb61dcc4,Toyota,Corolla,2018,4,petrol,RUH
VEH-00894,ccb5200b22ee867e4fa111519b39ff2a,Nissan,Altima,2025,4,petrol,JED
VEH-00895,96c5231c973f9f521edc62c16b7e7c18,Tesla,Model 3,2021,4,electric,RUH
VEH-00896,24668c83e400d9bfb4982a977b2cca8e,Hyundai,Elantra,2024,4,petrol,RUH
VEH-00897,47d3178f701a3048aff851658bf460ae,Toyota,Camry,2022,4,petrol,RUH
VEH-00898,ada7c934b308af6f7a9d8db81dd76e52,Toyota,Camry,2026,4,petrol,RUH
VEH-00899,16d6fbbf9c02a0b447e3a87d128637b7,Hyundai,Sonata,2024,4,petrol,JED
VEH-00900,bafe000030f7941ff58ed7f928fa816d,Toyota,Corolla,2023,4,petrol,RUH
VEH-00901,32fb83315ee1f64c94dbcbafa8413cc1,Hyundai,Elantra,2024,4,petrol,RUH
VEH-00902,1b5fbdb25374db25105a80523789421d,Toyota,Camry,2021,4,petrol,RUH
VEH-00903,61f65108b899bb88c854e308518e0019,Kia,Cerato,2020,4,petrol,DMM
VEH-00904,4c018a82f74826d1c2692a328418d223,Kia,Cerato,2023,4,petrol,RUH
VEH-00905,8020ed0daa6e69cc3121fa17c51c14a3,Hyundai,Sonata,2022,4,petrol,JED
VEH-00906,b5e8bd4524022f6cd1bf814de9363dc8,Kia,Cerato,2024,4,petrol,JED
VEH-00907,a8dbbc50682b776a2561c8a3927b9b84,Kia,K5,2019,4,petrol,JED
VEH-00908,946cb07aa3c746ff32074104dae8eef6,Toyota,Hiace,2023,11,diesel,JED
VEH-00909,9a0c1a9954456976f834a8ba1bb8ecf1,Hyundai,Sonata,2023,4,petrol,RUH
VEH-00910,3688d691f3b3655453c891ed8cd2a577,Hyundai,Sonata,2022,4,petrol,RUH
VEH-00911,98c84cbc56da85caf71f2cd336f5d022,Hyundai,Sonata,2020,4,petrol,RUH
VEH-00912,f13d27f9ec6783d3faa25b4e0825af27,Toyota,Camry,2022,4,petrol,DMM
VEH-00913,a663b30d6ccd20e273bcec823853c90c,Honda,Accord,2024,4,petrol,RUH
VEH-00914,39ca0e4ff6fb5bd6649aad9ac9dfd0f4,Hyundai,Elantra,2025,4,petrol,RUH
VEH-00915,5a7d0a86e471a707e82f9037ee2870cd,Kia,K5,2022,4,petrol,DMM
VEH-00916,ed758da1eb37e6d15029d9d23f2cc5d3,Kia,K5,2021,4,petrol,RUH
VEH-00917,1c93c7a6c6292784958e8d6d7f474813,GMC,Yukon,2025,7,petrol,JED
VEH-00918,1c67c052360d689b2f39afb1460d1e12,Toyota,Corolla,2020,4,petrol,RUH
VEH-00919,67a04137f72c7065a508ba17d3a82195,Toyota,Hiace,2023,11,diesel,RUH
VEH-00920,047b00111875ba4eb5815ef293820691,Nissan,Sunny,2022,4,petrol,RUH
VEH-00921,d98102a028e448df49e686d9ad349eb4,Honda,Accord,2021,4,petrol,RUH
VEH-00922,4fdf4548da5967697b50442b1a488ea3,Chevrolet,Malibu,2025,4,petrol,RUH
VEH-00923,9b4caf2e718b3bdae390c36b89757cd0,Kia,Cerato,2026,4,petrol,RUH
VEH-00924,c938829e89482f725e222f20923cd0e3,Toyota,Corolla,2023,4,petrol,RUH
VEH-00925,87a532dfc848451cd47378ed1d317bb1,Nissan,Altima,2024,4,petrol,RUH
VEH-00926,e58b8f9eac6c3ca1ce3f541aecd594c2,Hyundai,Elantra,2023,4,petrol,RUH
VEH-00927,ae0f5279ce03ff4b2e6c3c05dde7f336,Kia,Cerato,2021,4,petrol,RUH
VEH-00928,3fe582e7bbb5776bb32ab79a6ba2f5e2,Hyundai,Accent,2020,4,petrol,JED
VEH-00929,7b2039e62b3ce429dbc4daa8b366a127,Toyota,Corolla,2020,4,petrol,DMM
VEH-00930,d5bd1255918a2d528aee667c91254526,Kia,K5,2024,4,petrol,RUH
VEH-00931,332e017ca21c4836a0d94506f67ea664,Toyota,Camry,2023,4,petrol,RUH
VEH-00932,d01f4fb68547e599866c5e21924472f2,Toyota,Camry,2021,4,petrol,DMM
VEH-00933,8b2d68021b170c57c6726e8ff2f96183,Hyundai,Sonata,2022,4,petrol,JED
VEH-00934,afa0c0e26fd5070fee02144731166396,Hyundai,Elantra,2025,4,petrol,JED
VEH-00935,ff45c682fad4eaf0e1df2bd6f6309446,Kia,K5,2024,4,petrol,RUH
VEH-00936,ecf0fdaa2355cd033446b9c5a7558046,Hyundai,Sonata,2024,4,petrol,RUH
VEH-00937,0c00244fb85e24641e015bb8fe203670,Toyota,Camry,2021,4,petrol,JED
VEH-00938,2d65aa723eb9ec1320b6934ee36804b9,Toyota,Camry,2020,4,petrol,JED
VEH-00939,1d6285ed007f5e0226a17eefb3ce7212,Kia,K5,2022,4,petrol,RUH
VEH-00940,14f733b565d68ad4067d4a4f28bd5f64,Hyundai,Accent,2023,4,petrol,RUH
VEH-00941,0f8bb39d6dde0ca73efd54b3df59576b,Chevrolet,Malibu,2019,4,petrol,JED
VEH-00942,427e1989a30aba6a218c4fcd5ae268b9,Hyundai,Accent,2021,4,petrol,JED
VEH-00943,706b33c0bf554412964ceef6e799c8ba,Kia,Cerato,2022,4,petrol,RUH
VEH-00944,7d3c4ffcec87ee7f3fb970a6619d8efc,Chevrolet,Malibu,2025,4,petrol,JED
VEH-00945,6bfc85f8339909dee0382fa2b4683714,Honda,Accord,2023,4,petrol,RUH
VEH-00946,07093136c1996d74aabd573969aa52d2,Toyota,Corolla,2020,4,petrol,JED
VEH-00947,4b675b88ece99b12d8ca44d0c2d36771,Nissan,Sunny,2023,4,petrol,JED
VEH-00948,927bb562a63f242cf6e806ab0ee20c12,Hyundai,Accent,2023,4,petrol,JED
VEH-00949,a41d59faab67c5c8fa58a57251a2c83e,Hyundai,Accent,2025,4,petrol,DMM
VEH-00950,ce25006df38b21b1b233e7a2be79a74f,Toyota,Camry,2020,4,petrol,RUH
VEH-00951,9a827e6584ba3fe3c64ce85ca995868b,Nissan,Sunny,2023,4,petrol,RUH
VEH-00952,1015ca6a3e863356aafe8a3475df0a90,Hyundai,Sonata,2020,4,petrol,RUH
VEH-00953,dd432214e71292eeaff2bf005ffd2845,Toyota,Camry,2024,4,petrol,RUH
VEH-00954,c600dfa32b037d8e972b96169eeecc6a,Kia,Cerato,2020,4,petrol,DMM
VEH-00955,d4b16b9719561d0c0fecb438dfffebe5,Honda,Accord,2021,4,petrol,RUH
VEH-00956,3e40a39393488ce221d0437257ef010b,Nissan,Sunny,2024,4,petrol,DMM
VEH-00957,289b2f67db266bdad706188cd9000806,Toyota,Hiace,2023,11,diesel,RUH
VEH-00958,6b4a8299b797488e66b1da67dd14f913,Toyota,Corolla,2023,4,petrol,DMM
VEH-00959,21cf30bf0145df5e7e5db29c56c8286b,Hyundai,Accent,2020,4,petrol,RUH
VEH-00960,f2e5410fa5b62b55a8544cafdae0f8c9,Toyota,Camry,2024,4,petrol,JED
VEH-00961,220cc82b5ecddf6061d4e1ec19b6bfd9,Toyota,Camry,2023,4,petrol,JED
VEH-00962,4b650a94a5e31700194acb3f982b1639,Lexus,ES 300h,2019,4,hybrid,RUH
VEH-00963,8b3a9f3eefd93640025fc430b6bd19f1,Hyundai,Sonata,2024,4,petrol,RUH
VEH-00964,e172a19417c2de88baa9c83314a598ba,Hyundai,Sonata,2024,4,petrol,RUH
VEH-00965,06057eb106186a8a75eb7c5a39801c49,Nissan,Altima,2018,4,petrol,RUH
VEH-00966,30e139474f2d30413e4b109dc3bcae8c,Hyundai,Accent,2019,4,petrol,DMM
VEH-00967,c2dec153b0a58d8b61e97d97754071d2,Honda,Accord,2023,4,petrol,RUH
VEH-00968,a78254a39ee94b8f153c319c51ec3898,Kia,K5,2019,4,petrol,JED
VEH-00969,07afe5c60d65f6b69633ed425bfbf969,GMC,Yukon,2023,7,petrol,DMM
VEH-00970,cef5ec753a5907a5da2888942b5ac019,Nissan,Sunny,2023,4,petrol,RUH
VEH-00971,b247ad57a62c6da910ff53b823bea3a3,Toyota,Corolla,2022,4,petrol,DMM
VEH-00972,ffff6c52fec2b844d9119474f0493625,Toyota,Corolla,2025,4,petrol,RUH
VEH-00973,52e6be8ba4a474530c6c136a06ea0a23,Toyota,Corolla,2025,4,petrol,RUH
VEH-00974,a58277aa6abea18ebb9adb6a6d8c65fb,Toyota,Corolla,2026,4,petrol,JED
VEH-00975,72c9f63ab8eef107f1184c651188cddb,Hyundai,Elantra,2024,4,petrol,RUH
VEH-00976,0608ab70bdc05b9a226f394facd97b5d,Hyundai,Sonata,2025,4,petrol,JED
VEH-00977,2e0bc40f7f3688f12104ab4604cf5e7e,Kia,K5,2022,4,petrol,RUH
VEH-00978,919617d38ff6315f9843b3e64ad08e66,Hyundai,Sonata,2023,4,petrol,JED
VEH-00979,6ae98e73038cd311442ffeac81950365,Kia,Cerato,2023,4,petrol,RUH
VEH-00980,49c17aac55668da7c1901628b55ea164,Nissan,Altima,2025,4,petrol,RUH
VEH-00981,8b1600b92d5a9f9fd090b7f8b564db1c,Hyundai,Elantra,2019,4,petrol,RUH
VEH-00982,b770e4259bd67f01e039f4f9d2044f9a,Toyota,Corolla,2020,4,petrol,RUH
VEH-00983,d9fca6b9b146e5d3461d621b08501ab5,Honda,Accord,2019,4,petrol,RUH
VEH-00984,db717c5de8bdcfffe7442153538f3d89,Toyota,Hiace,2025,11,diesel,RUH
VEH-00985,db019b7305db77698255a9c4c8502547,Hyundai,Sonata,2026,4,petrol,JED
VEH-00986,52147ee6eac0fb3d129a78b8dab475d9,Hyundai,Sonata,2023,4,petrol,RUH
VEH-00987,eab19bd68487e460ad536a783809c646,Hyundai,Sonata,2023,4,petrol,JED
VEH-00988,d9015c8b50f60141c740e220c051c95a,Toyota,Corolla,2024,4,petrol,DMM
VEH-00989,76c38709f81c698e2ef7dc74fd288d09,Toyota,Camry,2021,4,petrol,DMM
VEH-00990,7717a78356a381145e6823b2c4d6e34e,Lexus,ES 300h,2021,4,hybrid,RUH
VEH-00991,1dd85b689f981a287f7c59d72f332476,Toyota,Camry,2020,4,petrol,RUH
VEH-00992,61f49c9da6867ebb46fa35f859c01883,Hyundai,Elantra,2024,4,petrol,JED
VEH-00993,7978118513a765076e08f50983975d7a,Kia,Cerato,2020,4,petrol,DMM
VEH-00994,8c91724ddef28a61cd62459fb3a09c12,Toyota,Land Cruiser,2024,7,petrol,RUH
VEH-00995,3f76e96a7c654c5ba85e174e2a8b1c2c,Toyota,Camry,2023,4,petrol,JED
VEH-00996,c6bea5dca2495d2f669466d361f1149f,Toyota,Camry,2024,4,petrol,RUH
VEH-00997,204b75f8dc4eca8e95fcba75f6ff77f1,Toyota,Hiace,2020,11,diesel,RUH
VEH-00998,40c84a6a0e6437d984cd1471047c8ace,Nissan,Sunny,2024,4,petrol,JED
VEH-00999,29d1c2677959281721fdd1a761988234,Toyota,Camry,2024,4,petrol,JED
VEH-01000,55fdadc731b2952a503cdded09cbe516,Toyota,Land Cruiser,2021,7,petrol,DMM
VEH-01001,4a0141ee6dbbfee673c775cb006b2afa,Nissan,Altima,2023,4,petrol,JED
VEH-01002,b11be8d12710649fcc8c447529cc77cd,Kia,K5,2025,4,petrol,DMM
VEH-01003,bb0aa353c14a18287c0abb07592ced28,Nissan,Altima,2023,4,petrol,RUH
VEH-01004,1c96752821c47c8234209ea3b2fa0405,Nissan,Altima,2025,4,petrol,JED
VEH-01005,9df499bfa9c1862ee05cc6fd59fe26f8,Nissan,Altima,2022,4,petrol,RUH
VEH-01006,5377bcac9a32bc55519b1f720e5fcaf9,Tesla,Model 3,2020,4,electric,RUH
VEH-01007,090965887866c0e8b01c44d53899201a,BYD,Han EV,2024,4,electric,DMM
VEH-01008,847bf48261d3e81783458dd2749671ef,Hyundai,Elantra,2026,4,petrol,JED
VEH-01009,601fe4ec5238bcbcc88ecc33b8432383,Nissan,Sunny,2023,4,petrol,DMM
VEH-01010,bba3f5bf198bcb42611b333a62f29e3a,Hyundai,Sonata,2025,4,petrol,JED
VEH-01011,71b5b7f18a101684da36a5e25a4e6684,Hyundai,Sonata,2023,4,petrol,JED
VEH-01012,cd183dfd9cf658cb04d6ff93f609ce7e,Kia,K5,2023,4,petrol,RUH
VEH-01013,ffacb7c927ba18bb02e85f42e29493b4,Toyota,Corolla,2021,4,petrol,RUH
VEH-01014,d2bdf2277ccf2cbebd2d96689e0c6b60,Kia,K5,2024,4,petrol,RUH
VEH-01015,06dcba30cfa198f02f60cdb0d860d448,Hyundai,Sonata,2021,4,petrol,RUH
VEH-01016,39fd128806254f5a4252c3669e1077d7,Hyundai,Sonata,2024,4,petrol,RUH
VEH-01017,8d4b8b7024c1776051a026dd09865f66,Hyundai,Elantra,2022,4,petrol,JED
VEH-01018,52138d5fd1c1567f32028e3ad428d02d,Hyundai,Accent,2021,4,petrol,RUH
VEH-01019,21b01b2121f6878f0ecc930b10b5b40b,Toyota,Camry,2025,4,petrol,RUH
VEH-01020,f60b6f1fccab6ab8b958f9bbacea4f83,Toyota,Corolla,2023,4,petrol,RUH
VEH-01021,fcde632c12844718cf8d8996fdf4b7fc,Honda,Accord,2022,4,petrol,DMM
VEH-01022,d3e33ee21b69ac1f18b7fb0ebb9eb603,Toyota,Land Cruiser,2021,7,petrol,RUH
VEH-01023,71c48110df29595ade6b87b475d923b7,Hyundai,Accent,2025,4,petrol,RUH
VEH-01024,3cde1b2d4bce873e3f0f06f0aed59c0c,Hyundai,Accent,2020,4,petrol,RUH
VEH-01025,dc915b015801181e4743d1620f65f6da,Toyota,Camry,2023,4,petrol,DMM
VEH-01026,9ec5dc7459477b6b043e8331a7c77a97,Nissan,Sunny,2025,4,petrol,RUH
VEH-01027,aecdf12618fa81f40e075dce5ac2a4b3,Hyundai,Sonata,2020,4,petrol,RUH
VEH-01028,d615c30e3431c4e855b44f2f19360ce1,Toyota,Camry,2020,4,petrol,JED
VEH-01029,dfb51231411aed6e8480cac4b4650826,Toyota,Corolla,2024,4,petrol,RUH
VEH-01030,33b196b8fa5de820848b17537b0feba7,Nissan,Altima,2024,4,petrol,RUH
VEH-01031,eec598a19e00ba5e82055f21ba536ed0,GMC,Yukon,2022,7,petrol,JED
VEH-01032,d243df3717b5ac3267f069c9a7aa5885,Honda,Accord,2023,4,petrol,DMM
VEH-01033,7c6c13b53509e6890b8c4b990881a97a,Hyundai,Elantra,2024,4,petrol,RUH
VEH-01034,8931b3ede904cacd58bff5db4ffdf1c7,Nissan,Sunny,2022,4,petrol,JED
VEH-01035,032a3ac66a8bff98452b5db3a499d378,Lexus,ES 300h,2022,4,hybrid,RUH
VEH-01036,fb8a3ab148dd97b235811859e0b951e7,Honda,Accord,2025,4,petrol,JED
VEH-01037,269ca2b3ec97513110560ed18cc19a31,Chevrolet,Malibu,2025,4,petrol,RUH
VEH-01038,a12d6a84cf5d1886e4a3c5e05712ba13,Hyundai,Elantra,2021,4,petrol,RUH
VEH-01039,eb9602f3259d0eecfce7c675dcd59f24,Hyundai,Accent,2026,4,petrol,DMM
VEH-01040,2ccf16501b01e448ee3b32ff5b1b0667,Toyota,Camry,2021,4,petrol,RUH
VEH-01041,d97e7df60e27aea8526baaac05bdd0b9,Kia,Cerato,2020,4,petrol,JED
VEH-01042,b88dae07550b4cbe6c4ee7651ee842e2,Toyota,Land Cruiser,2023,7,petrol,RUH
VEH-01043,fefbf4e993bb67dbdbd430547b392f7e,Toyota,Camry,2020,4,petrol,DMM
VEH-01044,72ceed18278c41035e91820aa494bc90,Nissan,Sunny,2024,4,petrol,RUH
VEH-01045,4959afb49cbf3dcc672ec8c14d772807,Kia,K5,2024,4,petrol,RUH
VEH-01046,2ebdf31eeae48e21c1eae07e740873d1,Toyota,Camry,2023,4,petrol,RUH
VEH-01047,7fa6311329c49c25f415a1b7e020fae5,Kia,Cerato,2025,4,petrol,JED
VEH-01048,008be19dc0d8b458843658aa30e9006c,Tesla,Model 3,2021,4,electric,RUH
VEH-01049,b98e551b5c76165b76d19e0369f733ea,Toyota,Camry,2026,4,petrol,RUH
VEH-01050,d008c9d4d617f923993cc25257ec91d2,Kia,Cerato,2025,4,petrol,RUH
VEH-01051,d8a295fa83bfca2b0a7a4eb86bb502a5,Hyundai,Accent,2024,4,petrol,DMM
VEH-01052,0c303ed7acb75b0666a4f1b113029d60,Toyota,Hiace,2022,11,diesel,JED
VEH-01053,312f9d23d08c19a926cd0709f11c50a3,Toyota,Corolla,2023,4,petrol,RUH
VEH-01054,e8d5c704c392ce9382d4698184954df5,Nissan,Sunny,2021,4,petrol,RUH
VEH-01055,de25e49d6b58a5d7878e778710683a55,Kia,K5,2025,4,petrol,RUH
VEH-01056,fec49fa2cdb41707678ec20c9f4fc803,Kia,Cerato,2020,4,petrol,DMM
VEH-01057,4bf88706bbf046899bcc2ff2d6ce11c8,Honda,Accord,2020,4,petrol,RUH
VEH-01058,7b8ee507b048ae2ad46bc071563794f0,Hyundai,Accent,2023,4,petrol,JED
VEH-01059,ac59d63fd9aa1c95e279bbb6f9ae3eac,Toyota,Camry,2024,4,petrol,RUH
VEH-01060,253ebc1058e24a095003644f0a9ed106,Hyundai,Elantra,2024,4,petrol,JED
VEH-01061,0120464651803f472139a7252e489a03,Nissan,Altima,2023,4,petrol,RUH
VEH-01062,e488ba58d56d945c6863fb1d5f2c95ee,Lexus,ES 300h,2024,4,hybrid,JED
VEH-01063,5a214cf9c20b4d95384afcfd5d0db3a3,Toyota,Camry,2026,4,petrol,RUH
VEH-01064,1037f248c595de960500fc5f806e6183,Toyota,Camry,2021,4,petrol,DMM
VEH-01065,d73cd1202d04f1bb0ca72cde94da8d09,Chevrolet,Malibu,2025,4,petrol,JED
VEH-01066,275e67ae9dfc669a026e5e80fcb49987,Kia,K5,2018,4,petrol,RUH
VEH-01067,41da2f9c0e0e4be70e3f6ba1c701e12e,Kia,K5,2024,4,petrol,JED
VEH-01068,f0fe1198e465edd79cca2bf05418daf7,Honda,Accord,2021,4,petrol,RUH
VEH-01069,81384f0dd6bf9dccff39c1d0190d9b5c,Chevrolet,Malibu,2025,4,petrol,DMM
VEH-01070,47bf0dc50908806edd17b633b5550424,Toyota,Camry,2024,4,petrol,RUH
VEH-01071,8cf8e9907e624fa35c310ee4b6692d6b,Toyota,Camry,2019,4,petrol,RUH
VEH-01072,5302a0706927a024a6e6b24e5328c8b5,Kia,K5,2019,4,petrol,RUH
VEH-01073,b487a9133ced3d89f93c3c7d133b91d0,Kia,K5,2025,4,petrol,RUH
VEH-01074,567186661dd0cdc8801967acc1076456,Hyundai,Elantra,2020,4,petrol,JED
VEH-01075,d3a7f031ef39254d217a50d387c41b55,Toyota,Camry,2022,4,petrol,DMM
VEH-01076,3b6b34c1deeec0a13ad11895588d8941,Kia,K5,2025,4,petrol,RUH
VEH-01077,0607177f98762b800772334770689dfd,Nissan,Altima,2019,4,petrol,JED
VEH-01078,a892179512135f9c80e2086b0ddfe20b,Toyota,Camry,2026,4,petrol,DMM
VEH-01079,e4886feb54d5ec4c8b8c4ea22d361569,Toyota,Corolla,2025,4,petrol,RUH
VEH-01080,3761e7650c098803be30ddbad5dede2c,Hyundai,Sonata,2026,4,petrol,DMM
VEH-01081,9dac74b16517d3aec55790f2a73b5cc9,Toyota,Camry,2025,4,petrol,RUH
VEH-01082,cfa0bd18b2c346986da2f762a06d2436,Kia,K5,2024,4,petrol,RUH
VEH-01083,29b3ff66b8de9cc70494ffdc3a43ae5f,Hyundai,Sonata,2020,4,petrol,JED
VEH-01084,a3fcee00cb6c535806e74fbda5a248de,Lexus,ES 300h,2020,4,hybrid,RUH
VEH-01085,ddbefcabb6e1a408d7babe8a755b058c,Toyota,Corolla,2020,4,petrol,JED
VEH-01086,0450ecb7bd5be63b1e7ef46d2c8fe499,Hyundai,Elantra,2020,4,petrol,RUH
VEH-01087,2c39af70880d30bd923a40b75cbb28ce,Kia,K5,2025,4,petrol,DMM
VEH-01088,e8a5674b8ae6620e9c97c6e371f952ff,Toyota,Camry,2024,4,petrol,RUH
VEH-01089,a49b717e7ae5288d61518ba17d2c84a5,Kia,K5,2024,4,petrol,RUH
VEH-01090,371229b49c8ccd69095fc8ab59bd116e,Toyota,Camry,2026,4,petrol,DMM
VEH-01091,1e169981f936c896927aefe4051dffe9,Chevrolet,Malibu,2024,4,petrol,RUH
VEH-01092,89cd7d782c05a20a35e808aa2a0a7017,Kia,Cerato,2024,4,petrol,RUH
VEH-01093,73a2d13ea379a227b8d3f3ba292e011d,Chevrolet,Malibu,2024,4,petrol,DMM
VEH-01094,426473072caabfea046c816ef7edcb58,Toyota,Camry,2025,4,petrol,JED
VEH-01095,017a05e769cc8295e2fb1b087a0734b7,Toyota,Hiace,2025,11,diesel,RUH
VEH-01096,e197f4b6c952855f2e7027414798a891,Toyota,Camry,2023,4,petrol,RUH
VEH-01097,f45ad6a416e4c2fe587dbdd3817acbb5,Nissan,Sunny,2025,4,petrol,DMM
VEH-01098,34b3d7255a8c7ccf56a4aaa7322e5dbe,Toyota,Corolla,2018,4,petrol,RUH
VEH-01099,fbab6b4c96a76b116bb114b5ab6172b5,Kia,Cerato,2023,4,petrol,RUH
VEH-01100,f09a8e26a8985ea92da1e28d074cadd0,Chevrolet,Malibu,2024,4,petrol,JED
VEH-01101,82371e3f4e2a2d4a094555b649532719,Toyota,Camry,2024,4,petrol,RUH
VEH-01102,f2998f3c5442bd61819aaf3e53f94dab,Kia,Cerato,2024,4,petrol,RUH
VEH-01103,cfc89d0212cc877d9c9974bdd44a9080,Nissan,Altima,2024,4,petrol,JED
VEH-01104,a3132f5bdd803e4cad833cdd1b8fd5b4,Hyundai,Accent,2022,4,petrol,RUH
VEH-01105,ef1c5274ab8eaf628843fb927e5bc751,Hyundai,Accent,2025,4,petrol,DMM
VEH-01106,a80c8c9d6fd58d731825c23d2e252d28,Toyota,Camry,2024,4,petrol,JED
VEH-01107,b3ac518a44ddf2755fa6efcc93908aa0,Toyota,Camry,2021,4,petrol,RUH
VEH-01108,4538614feb19d59b4b1a95c0d2420c32,Toyota,Camry,2021,4,petrol,RUH
VEH-01109,fdbdf457bdaa13661bfe7a50aaa35520,Hyundai,Accent,2024,4,petrol,RUH
VEH-01110,2fbf3239cb691e2939a1bbdee2d6cb31,Lexus,ES 300h,2024,4,hybrid,RUH
VEH-01111,ed117bed8b194f76d03cdb4d83dc9668,Chevrolet,Malibu,2019,4,petrol,RUH
VEH-01112,5a44061c5f1b922be7f292475632982a,Toyota,Camry,2023,4,petrol,RUH
VEH-01113,1635ed1e6611be85617fc21522e44cef,Toyota,Corolla,2020,4,petrol,RUH
VEH-01114,c893c25a9f69318caa5595ba66910e09,Nissan,Altima,2023,4,petrol,JED
VEH-01115,4c2b48b30490bbe3729230812f53ae5e,Hyundai,Elantra,2019,4,petrol,JED
VEH-01116,ef29d651a67972d6e434914038b60ad5,Toyota,Corolla,2025,4,petrol,RUH
VEH-01117,fa698ffe5334fc32af6217d28ac13ec1,Nissan,Sunny,2025,4,petrol,RUH
VEH-01118,ace2f9a20d2ade33e7064e1ddb015be4,Honda,Accord,2024,4,petrol,JED
VEH-01119,f08b24435536c3ef9f1024598b2683e2,Toyota,Camry,2022,4,petrol,DMM
VEH-01120,1c76bda6222cd6ade0dd23fd8d949387,Toyota,Camry,2021,4,petrol,JED
VEH-01121,2bd4cf45393bb4ebf30b9e90bd606ed5,Nissan,Sunny,2023,4,petrol,JED
VEH-01122,be969540376d12d6f0f8fe77aadc95da,Toyota,Camry,2026,4,petrol,RUH
VEH-01123,c66b685bc82625bfdbf897822c3c6584,Toyota,Land Cruiser,2024,7,petrol,RUH
VEH-01124,162797242933f4f6eb398f2827850aa4,Nissan,Sunny,2026,4,petrol,RUH
VEH-01125,9521715a52d823a3d37c70e6d14d09de,Nissan,Altima,2026,4,petrol,RUH
VEH-01126,cde7c11fa4f1dc275d40446b29be9ef5,Hyundai,Accent,2025,4,petrol,RUH
VEH-01127,a1856bd775e458239c3b0cdf6c4362b6,Toyota,Camry,2022,4,petrol,RUH
VEH-01128,3de0cbbf964be10e7368aefc8acfce26,Toyota,Corolla,2023,4,petrol,JED
VEH-01129,873dfe7a4a8ed1f7967374cccc918110,Hyundai,Sonata,2019,4,petrol,RUH
VEH-01130,bd2c33c04c34380f65837bef76148fb7,Toyota,Camry,2024,4,petrol,JED
VEH-01131,4cb3b7ae67e7b5dfc06936340e22a675,Nissan,Sunny,2019,4,petrol,JED
VEH-01132,53e3de0daa5b395f129e1163a104a520,Toyota,Camry,2024,4,petrol,RUH
VEH-01133,f20802cc5897b799ad050bfe6c5ff773,Hyundai,Sonata,2019,4,petrol,RUH
VEH-01134,2ac832446df94110a6a3c9283093843c,Nissan,Sunny,2020,4,petrol,JED
VEH-01135,cf1ed992679b61e874a2edfd5bc57b38,Lexus,ES 300h,2026,4,hybrid,RUH
VEH-01136,cfa25db776d5ec8188e0e2a477f8b55b,Nissan,Altima,2020,4,petrol,JED
VEH-01137,4792d92cc8428aeb1deaca7e9a8b277b,Kia,Cerato,2025,4,petrol,RUH
VEH-01138,57ea69088dadb866892bd6e6da217b6a,Hyundai,Accent,2021,4,petrol,RUH
VEH-01139,6b61515dbff7299ed37c24c005f2a272,Nissan,Altima,2024,4,petrol,JED
VEH-01140,03e555abe242325f6f9c102d06bb7b22,Hyundai,Sonata,2021,4,petrol,JED
VEH-01141,d5f023faa12ddb6f102ba09bc341351e,Kia,K5,2023,4,petrol,RUH
VEH-01142,7205ef1dcae7bd00d5cc48d856970163,Hyundai,Elantra,2024,4,petrol,RUH
VEH-01143,b39169aa6fdb3abded4e4d60671d31d4,Kia,K5,2023,4,petrol,RUH
VEH-01144,a82b314c25c90413b6f01c86316f2c18,Hyundai,Accent,2021,4,petrol,RUH
VEH-01145,13bdea8879187254e2faf6c1a02463c8,Toyota,Corolla,2023,4,petrol,JED
VEH-01146,102d85d82dfbb6f218aea226409780a5,GMC,Yukon,2022,7,petrol,RUH
VEH-01147,4b50e2a39584527a5e641e3cc1f45c5a,Toyota,Corolla,2022,4,petrol,RUH
VEH-01148,6b65ea99f2ba2e3b2782e1479270d4c9,Nissan,Sunny,2022,4,petrol,RUH
VEH-01149,ff089476967ad25eb1a98f5595b75417,Hyundai,Sonata,2025,4,petrol,DMM
VEH-01150,7c4aaba89d3dfea930d06a688e609967,Toyota,Camry,2020,4,petrol,RUH
VEH-01151,796cc10d1e15113e995016b6d81db3cf,Toyota,Camry,2022,4,petrol,RUH
VEH-01152,4018975884975ce6e1ed3ef26cd73f63,Nissan,Sunny,2022,4,petrol,RUH
VEH-01153,4a985bb9293ad271134a5195b1acde64,Hyundai,Sonata,2021,4,petrol,JED
VEH-01154,4b8b7d252e66618fc07b4bde3f43d875,Kia,K5,2022,4,petrol,DMM
VEH-01155,cfcbf036ae1ec36cb8e6d4f667fa28ae,Toyota,Camry,2026,4,petrol,RUH
VEH-01156,963cab35d34796b1e04dac82b0d81425,Nissan,Altima,2024,4,petrol,RUH
VEH-01157,213f0b4c56c5e92a4a1b18c78dee2eb9,Hyundai,Sonata,2021,4,petrol,RUH
VEH-01158,b21689ed373db16a34ad61a9ef19279d,Hyundai,Elantra,2021,4,petrol,JED
VEH-01159,1a7a80cc4f4068e8807f92503b9ef0b1,Toyota,Camry,2023,4,petrol,RUH
VEH-01160,808a8c100257c74b751539543b51eb9e,Toyota,Corolla,2025,4,petrol,DMM
VEH-01161,ff65059e4defd1aef1117d5a364d2643,Toyota,Corolla,2021,4,petrol,RUH
VEH-01162,443bd2fe652cf7c359140c0a6555aabb,Kia,Cerato,2026,4,petrol,JED
VEH-01163,cb4f8acefe0335307dc9c4ec47d6849b,Toyota,Camry,2021,4,petrol,DMM
VEH-01164,7a880917993588aae39594175542e468,Toyota,Hiace,2021,11,diesel,RUH
VEH-01165,e605993b87d8c385908a6386f314edc3,Nissan,Altima,2022,4,petrol,RUH
VEH-01166,8c1531c3c153870c80496c965d7c9399,Nissan,Sunny,2020,4,petrol,RUH
VEH-01167,09241cb785a5b3ace71953b51c1aa880,GMC,Yukon,2021,7,petrol,RUH
VEH-01168,a06a5469756121df3e6990b7c897f675,Honda,Accord,2022,4,petrol,JED
VEH-01169,b5ab36d63e6c79901eeb474a71d93624,Hyundai,Accent,2026,4,petrol,RUH
VEH-01170,8b424aad5c95f2fdbe69ff880c5ae606,Chevrolet,Malibu,2020,4,petrol,JED
VEH-01171,dd86302a2d790ff56b35a8da5e91ed7b,Kia,K5,2021,4,petrol,JED
VEH-01172,265b3ade2d4c96ae9410442206a699d0,Nissan,Sunny,2024,4,petrol,RUH
VEH-01173,60a78ed64d7f5c38b37d5382342b9628,Hyundai,Elantra,2025,4,petrol,JED
VEH-01174,855d05355cc65f6314752782889b1bea,Toyota,Corolla,2025,4,petrol,DMM
VEH-01175,b38e01004b8cd739e51665e4547d4f1c,Toyota,Hiace,2024,11,diesel,DMM
VEH-01176,39f9e62ab46d480d144f507603bb67f7,Lexus,ES 300h,2023,4,hybrid,DMM
VEH-01177,9a3454cac536af236acab8350d96d008,Nissan,Altima,2026,4,petrol,RUH
VEH-01178,7a1f1f56dd09116abe14b639926fdbd9,Hyundai,Accent,2025,4,petrol,RUH
VEH-01179,744b2ee152f81a31496a64dade2cc1cd,Nissan,Sunny,2025,4,petrol,DMM
VEH-01180,2d833ee0024732d76381485136104e46,Kia,Cerato,2024,4,petrol,RUH
VEH-01181,ab4c3eb344af4906d59d357cbde3489e,Honda,Accord,2026,4,petrol,RUH
VEH-01182,2448398ce47e8ec39b982a5437a86833,Nissan,Altima,2024,4,petrol,RUH
VEH-01183,7f730b7c2106c873a039d90ec8bf91e3,Kia,K5,2021,4,petrol,RUH
VEH-01184,98c444d821f0696a32da56964bb0e559,Honda,Accord,2021,4,petrol,JED
VEH-01185,2c1e44011e21f50c63d5a7ae9cbd4593,Kia,K5,2025,4,petrol,JED
VEH-01186,2e53e77f8234b471c65ccc593296e3a2,Hyundai,Sonata,2022,4,petrol,RUH
VEH-01187,4140473cab9ee3e33b594e5fb2d2278f,Hyundai,Accent,2024,4,petrol,RUH
VEH-01188,0c02837384926964df202c212713e02c,Honda,Accord,2023,4,petrol,RUH
VEH-01189,d4f15d2c6f1c7b5285a365b2b6214d6b,Toyota,Corolla,2022,4,petrol,DMM
VEH-01190,5b83eba5c79a2ba6d062695d74024498,Kia,K5,2023,4,petrol,RUH
VEH-01191,46d6210f3c5da6ca24ba8acad9b67a13,Toyota,Camry,2023,4,petrol,DMM
VEH-01192,a9cea9111161f54e71ca3a618fe6dd8d,Toyota,Corolla,2021,4,petrol,RUH
VEH-01193,c73e729563e16b76ce243707421c80d7,Toyota,Corolla,2023,4,petrol,JED
VEH-01194,d4fb2d894e4173fca50f7d640c6b6676,Toyota,Corolla,2025,4,petrol,JED
VEH-01195,1d1fa1b1e430e546373d099c30ab15dd,Kia,K5,2024,4,petrol,JED
VEH-01196,e4b0ef52b051d2b229a85afbd2fe1c05,Toyota,Hiace,2024,11,diesel,RUH
VEH-01197,f2b71c92d72c834be44da5227547bc7b,Toyota,Camry,2020,4,petrol,DMM
VEH-01198,3c134727cfaffee1a4596eabf62f46e0,Hyundai,Accent,2022,4,petrol,JED
VEH-01199,c9a993d4043f5eda5e7ebe045cfe51eb,Hyundai,Sonata,2020,4,petrol,RUH
VEH-01200,4ea69bdb8c080a5db07023d48e5b0380,Toyota,Camry,2021,4,petrol,RUH
VEH-01201,52b3c5dd07bdd2374618d526ff8b1210,Kia,K5,2024,4,petrol,RUH
VEH-01202,d82fc86ca33b2dbf0ab5e783080b4375,Toyota,Camry,2024,4,petrol,JED
VEH-01203,21b3b7e77773f1ddc9707a835784bc70,Kia,Cerato,2024,4,petrol,RUH
VEH-01204,e54d2b2aca9a278c38389f8cdb7b28d3,Kia,Cerato,2020,4,petrol,JED
VEH-01205,12218ac819bd544b24796970bf1f1996,GMC,Yukon,2024,7,petrol,RUH
VEH-01206,de023ab1ab18afee5330e658d4a2f7de,Hyundai,Sonata,2021,4,petrol,JED
VEH-01207,58316b38d4bf74d40d0c3b86d9a0f1b8,Toyota,Hiace,2021,11,diesel,RUH
VEH-01208,3f40840333ba73631d72505beb350def,Toyota,Corolla,2025,4,petrol,RUH
VEH-01209,2da6d162f36fdf3ad5c1c0628898f4a3,Hyundai,Elantra,2025,4,petrol,JED
VEH-01210,71d0fb888cf4a5531210f45edf4e4616,Toyota,Camry,2024,4,petrol,RUH
VEH-01211,c5d7d5414b9ceb8b4aae063e2deb8f4e,Kia,K5,2024,4,petrol,DMM
VEH-01212,ec77f894bc3c2a7d69d56002b1fbcfc3,Toyota,Corolla,2024,4,petrol,JED
VEH-01213,db9ce3eea0f1d05a32c20f9f10594746,Toyota,Hiace,2025,11,diesel,DMM
VEH-01214,5faac5884e2519376fb7621f8c7bc0f3,GMC,Yukon,2025,7,petrol,RUH
VEH-01215,16ddb2c2a73cd94fea98c28df5f7c88f,Toyota,Corolla,2022,4,petrol,RUH
VEH-01216,3dcfc9ab635c65d65580606977449e21,Hyundai,Accent,2023,4,petrol,DMM
VEH-01217,b2b533ba478d80305387210f1bf27c22,Kia,Cerato,2024,4,petrol,RUH
VEH-01218,a0c3a2db18be6c5f457d86f1223349d7,Toyota,Corolla,2020,4,petrol,JED
VEH-01219,1815d274fc4049e14eccbe8e77e22fa9,Nissan,Altima,2025,4,petrol,RUH
VEH-01220,01715574ec48c52d25ec137c2684d584,Toyota,Hiace,2022,11,diesel,RUH
VEH-01221,dcb8c3da2d3b41979a0ae3b4325d31a3,Toyota,Camry,2021,4,petrol,RUH
VEH-01222,e27443c33c6c7ad662b5971bf1d0915a,Toyota,Corolla,2025,4,petrol,RUH
VEH-01223,64469fe7d019190f820eedc0ce00b30d,Kia,K5,2021,4,petrol,RUH
VEH-01224,94632ef2c9ce4bbf7ca202eaed8c3726,Lexus,ES 300h,2022,4,hybrid,RUH
VEH-01225,47fcec0585c4fea8713c8372f77659da,Hyundai,Accent,2025,4,petrol,RUH
VEH-01226,c1ec6b796a2f0c917191e38e30b6c8c0,Hyundai,Elantra,2020,4,petrol,DMM
VEH-01227,aacbab5d0b64ddfefe66b6ab8f325cff,Honda,Accord,2024,4,petrol,RUH
VEH-01228,b4565436151cb40f90a5cff911353109,Toyota,Camry,2023,4,petrol,JED
VEH-01229,bc1c1dc2b17007e6191338db65f1d4e2,Nissan,Altima,2020,4,petrol,JED
VEH-01230,98ea26970d122ecc1ee44d952dd8bc89,Nissan,Sunny,2022,4,petrol,DMM
VEH-01231,c945f78e8b3649155e3371ac0ffbf332,Toyota,Camry,2026,4,petrol,RUH
VEH-01232,b574377067277e2eda10da67f75a32f4,Toyota,Corolla,2025,4,petrol,JED
VEH-01233,ddd81a01d9d8f99b504480374d257848,Kia,K5,2025,4,petrol,JED
VEH-01234,43b777cf5938ad7a85182192e6f410be,Toyota,Land Cruiser,2026,7,petrol,DMM
VEH-01235,775c211bee190338972e65bb3f18a0e6,GMC,Yukon,2020,7,petrol,RUH
VEH-01236,4c7325d1b3acc0cb93285cf6d2c2d331,Lexus,ES 300h,2023,4,hybrid,RUH
VEH-01237,2d981d30b651cefb7a10b49f48cfdd02,Toyota,Land Cruiser,2020,7,petrol,DMM
VEH-01238,92ca2de6f4243f9ee4307fa86cfd824f,Kia,K5,2020,4,petrol,RUH
VEH-01239,713022f0cc97ec47aae6d8ac0d82aefb,Tesla,Model 3,2022,4,electric,DMM
VEH-01240,b84d5091979801a2ed91ae8ff376b268,Honda,Accord,2024,4,petrol,DMM
VEH-01241,6b57ceedb26a0969377dc70ac3554afd,Kia,K5,2022,4,petrol,JED
VEH-01242,aabb3bb4d23efb6158e059cac2fe6298,Hyundai,Elantra,2025,4,petrol,DMM
VEH-01243,934f8f88c3669c9247dec853dd8ea857,Toyota,Camry,2024,4,petrol,JED
VEH-01244,4f63bbb4f39b393006015c741d26e19b,Nissan,Sunny,2025,4,petrol,RUH
VEH-01245,c515e296e494ce3f19adae0fd4899fb4,Toyota,Camry,2024,4,petrol,DMM
VEH-01246,55ed0204e2790bc634877bfa1e29eb66,Toyota,Hiace,2024,11,diesel,JED
VEH-01247,9c36171e3b93d45764ad833ca50c349f,Toyota,Corolla,2023,4,petrol,DMM
VEH-01248,44a3d25a569785e4a68666410757033d,Toyota,Camry,2020,4,petrol,RUH
VEH-01249,99c38815c92ec854cb5937e44b5ad646,Toyota,Land Cruiser,2023,7,petrol,DMM
VEH-01250,f7fc5378cba1853415cf7ef199a450b9,Kia,Cerato,2025,4,petrol,JED
VEH-01251,68d73200e10770ba21db38a45c55cd57,Nissan,Sunny,2020,4,petrol,JED
VEH-01252,a7119d8c6d23c5eb55f0860f47295219,Toyota,Camry,2020,4,petrol,DMM
VEH-01253,1c10808bd535386b9dc811b45f2c67f6,Kia,K5,2019,4,petrol,DMM
VEH-01254,18b76df31cefbd568a1fadd767c3274d,Toyota,Corolla,2023,4,petrol,RUH
VEH-01255,6c783ae8742b6429d515f95ed778123f,Toyota,Camry,2019,4,petrol,RUH
VEH-01256,7bfc509810287aa3b5201f5bc5162672,Hyundai,Elantra,2026,4,petrol,JED
VEH-01257,702a91bfd5980570245d0874db343d23,Kia,Cerato,2021,4,petrol,RUH
VEH-01258,6d91d14ec0ce95e5e2b3ba02e48a1306,Toyota,Camry,2025,4,petrol,DMM
VEH-01259,f90c0743f9b6ad33c841327378197f89,Hyundai,Sonata,2024,4,petrol,RUH
VEH-01260,3ba5d920185b18cacae8f266001ace7b,Kia,Cerato,2020,4,petrol,RUH
VEH-01261,2181e3cd38c4abc0cb086e824e448fe9,Nissan,Altima,2025,4,petrol,JED
VEH-01262,84a79cdd50037b8a2b038fe6b0b9dec5,Nissan,Sunny,2024,4,petrol,JED
VEH-01263,94452d5849d5858cc3989580d58461ad,Toyota,Camry,2024,4,petrol,DMM
VEH-01264,3f22b7391340eabecf49c018891a1d1a,Toyota,Camry,2025,4,petrol,RUH
VEH-01265,9048efeb0adf09d58c15d5ee3508a990,Kia,Cerato,2024,4,petrol,RUH
VEH-01266,4a58195f0060fcd204283bc3cbfbe338,Toyota,Camry,2019,4,petrol,RUH
VEH-01267,1797e11478995634a0071dcc22691dc4,Kia,Cerato,2025,4,petrol,RUH
VEH-01268,01a03c897660a20567a3e77a61563e13,Lexus,ES 300h,2026,4,hybrid,RUH
VEH-01269,9e4cd4f32fb083557e1ddf2f20502fd1,Toyota,Corolla,2025,4,petrol,RUH
VEH-01270,f389adc7fcd882dfe143a725dce4675c,Toyota,Camry,2019,4,petrol,JED
VEH-01271,b99815db05ba2cfaca379bd8e1d95353,Nissan,Sunny,2026,4,petrol,RUH
VEH-01272,f8f898b9e7914ad419fd2cfebd11b22f,Hyundai,Sonata,2020,4,petrol,DMM
VEH-01273,102a284dab2d91d7f9606f89d7f3a68e,Hyundai,Elantra,2021,4,petrol,RUH
VEH-01274,d912c9b1d7855a48544b4d270f5d6515,Hyundai,Accent,2018,4,petrol,RUH
VEH-01275,b79b3f4b2e5290cb3603d46278f7a4f1,Kia,K5,2019,4,petrol,RUH
VEH-01276,ac4ea4fd7286a74237c473e222ce7425,Hyundai,Sonata,2023,4,petrol,RUH
VEH-01277,a7cb3ef8eeb926792c8a404c9ba6368d,Nissan,Altima,2024,4,petrol,JED
VEH-01278,babd0b3576c9d520b2530c3f2f5d6c9d,Kia,K5,2025,4,petrol,RUH
VEH-01279,a28451283df508589b4ff4885c8c3a0f,Toyota,Camry,2019,4,petrol,DMM
VEH-01280,ecd7169ab11827a059801128f66fdf19,Hyundai,Accent,2025,4,petrol,RUH
VEH-01281,fb28a44401b0778502c8f1187344237b,Nissan,Altima,2023,4,petrol,JED
VEH-01282,9ffd5a44bac7f88817ca1e85aa69460d,Toyota,Camry,2023,4,petrol,RUH
VEH-01283,e3e5a19927712dc402800cc5e4a08e06,Kia,K5,2023,4,petrol,DMM
VEH-01284,9123ed54f1340eef280716b20ba85a34,Toyota,Camry,2023,4,petrol,RUH
VEH-01285,e9bd5d65e0142e6e1ee949512a32a97b,Tesla,Model 3,2024,4,electric,DMM
VEH-01286,2af60ec30a16c75579fb596215827bd1,Nissan,Sunny,2020,4,petrol,RUH
VEH-01287,069a38050f77dbe2a06dff37027a5790,Kia,Cerato,2020,4,petrol,RUH
VEH-01288,399c1f929c762bb100d42e70fb9953f4,Kia,K5,2025,4,petrol,RUH
VEH-01289,21ba1ca3b1a9757c61e1993e2af0b29e,Toyota,Corolla,2023,4,petrol,DMM
VEH-01290,2400785de8b5213495e1cf96dd0d9729,Nissan,Altima,2024,4,petrol,RUH
VEH-01291,590fc2dbd10892929e1d3e8e743ee0b0,Hyundai,Accent,2019,4,petrol,RUH
VEH-01292,cf379a38fe49db8fee7c388a981be6d1,Hyundai,Sonata,2020,4,petrol,RUH
VEH-01293,e73a31e1ed9b023729f6076c3bd813da,Toyota,Camry,2022,4,petrol,JED
VEH-01294,f98d75b33df0a9de73588c6fc74b9425,Nissan,Altima,2024,4,petrol,JED
VEH-01295,2cc001b95ac29611d80e9b76f8794d46,Hyundai,Accent,2024,4,petrol,RUH
VEH-01296,3c633fe234ccd62585cc200da9066a0a,Toyota,Corolla,2024,4,petrol,JED
VEH-01297,42ed3962f1fa89c5aff5f25f6a2d60ca,Kia,K5,2023,4,petrol,RUH
VEH-01298,14d748328e9710d388df1956f17e7aea,Nissan,Altima,2024,4,petrol,RUH
VEH-01299,f025457c39d0ce37644cb9c38cb128e0,Hyundai,Accent,2025,4,petrol,RUH
VEH-01300,4a9c67a6fb230f8634206e66ba411feb,Toyota,Corolla,2024,4,petrol,RUH
VEH-01301,05a664dec54b8a7ede3d4c773fe3a50f,Chevrolet,Malibu,2023,4,petrol,RUH
VEH-01302,4f4defae0efa07a4589981858fee50dc,Kia,K5,2026,4,petrol,DMM
VEH-01303,b571ac6fe87e6aa1e7c9bf9e6e482941,Kia,K5,2022,4,petrol,RUH
VEH-01304,64c222cb6bac9d7c00756b7dd4c6c3d0,Toyota,Camry,2024,4,petrol,RUH
VEH-01305,04b7c262960ccbb49af4e0496d0f4538,Toyota,Camry,2023,4,petrol,JED
VEH-01306,7863886b60583dff75812a91014370a2,Honda,Accord,2025,4,petrol,RUH
VEH-01307,7bc19e4fab8f93a2fff6239e5e06a623,Hyundai,Sonata,2023,4,petrol,RUH
VEH-01308,507fa98843a38f9f793344a2c027652b,Kia,K5,2024,4,petrol,RUH
VEH-01309,14927afd6e9f30308482726e47a08bbd,Toyota,Camry,2025,4,petrol,DMM
VEH-01310,0821adb1291ee041e1874454863a21a5,Nissan,Sunny,2018,4,petrol,JED
VEH-01311,725ad0ec883949823e04831f0bef66a3,Chevrolet,Malibu,2025,4,petrol,RUH
VEH-01312,5e5d69b6b1950e93424fe79305c3606a,Hyundai,Elantra,2023,4,petrol,DMM
VEH-01313,925ba70423db39dbed316a1afad21d75,Hyundai,Elantra,2022,4,petrol,RUH
VEH-01314,2e992088c0b0820d0d79fd28be6427fe,Hyundai,Sonata,2021,4,petrol,RUH
VEH-01315,1ef0310acfb1ec1006c70a94d0902ff9,Toyota,Hiace,2025,11,diesel,DMM
VEH-01316,ad9d4ebbe67a56f9941995798addc315,Toyota,Corolla,2023,4,petrol,RUH
VEH-01317,5fb84e814ede11811f07944683c3553e,Tesla,Model 3,2024,4,electric,RUH
VEH-01318,d08bc284d13c195a77a1a1f8d169f9e9,Toyota,Camry,2025,4,petrol,RUH
VEH-01319,8adf507d6ce24ea49aa908698c5ca4bb,Kia,Cerato,2025,4,petrol,RUH
VEH-01320,e7278fd9fb5199750f116855b8940b03,Kia,Cerato,2023,4,petrol,DMM
VEH-01321,18d99c09e80efa7df3b222fb772eacd0,Hyundai,Accent,2025,4,petrol,RUH
VEH-01322,dde0dd6f6f4128de2604d2354b660d7c,Hyundai,Elantra,2019,4,petrol,DMM
VEH-01323,28c88ba14259f640aac39d84b26ba541,Hyundai,Accent,2022,4,petrol,JED
VEH-01324,686b45e121831eff050eb6ffc491de03,Toyota,Corolla,2022,4,petrol,JED
VEH-01325,9723a7728a6e9e34b438cc24e9bc4d4c,Hyundai,Elantra,2025,4,petrol,JED
VEH-01326,9e195958a210817bd8e09962701fd9a9,Toyota,Camry,2025,4,petrol,RUH
VEH-01327,c585d9a971aa1c047051cdcd9866c535,Hyundai,Sonata,2023,4,petrol,JED
VEH-01328,d6577acb9cf9f9358c6633798ff4a203,Nissan,Altima,2024,4,petrol,RUH
VEH-01329,cfc331e85203492c5c5a114dd6e1d1ff,Honda,Accord,2024,4,petrol,DMM
VEH-01330,349248b5ff17a90b7c49bf3e079f693d,Kia,K5,2022,4,petrol,JED
VEH-01331,441b2655001f8c8c8e1adcf1436ead9d,Nissan,Sunny,2026,4,petrol,RUH
VEH-01332,f510a8649d2f9aa3f0f69c97ffd33cb5,Hyundai,Sonata,2022,4,petrol,RUH
VEH-01333,85f4eb5a496bee8eda4725b5d7eb30b0,Chevrolet,Malibu,2026,4,petrol,RUH
VEH-01334,0ae568739e44b7ee48564110e1d24938,Toyota,Hiace,2021,11,diesel,JED
VEH-01335,29b78bdd564994877c9c7fda82579a8a,Toyota,Camry,2020,4,petrol,DMM
VEH-01336,ac9bbfaa4d574302d10868a678efe6d3,Hyundai,Accent,2025,4,petrol,RUH
VEH-01337,73832e4b4fb7a2d527064214ca7eb1b3,Toyota,Corolla,2026,4,petrol,RUH
VEH-01338,06a1e1a587a43ed53b0b15b15f0cb9a8,Lexus,ES 300h,2025,4,hybrid,RUH
VEH-01339,55bec3e5201e3233e4c801ab97f1b7bc,Nissan,Sunny,2023,4,petrol,RUH
VEH-01340,4a939fa974bc82e1b04fe1f49f0b566c,Toyota,Corolla,2019,4,petrol,RUH
VEH-01341,f9255c26a625c5a450abfdcc5b66862e,Nissan,Altima,2022,4,petrol,JED
VEH-01342,097292b7d7ca9b28aa30da25190fd086,Toyota,Corolla,2022,4,petrol,JED
VEH-01343,57c40d6406c148400a78d198545eaf0a,Kia,K5,2022,4,petrol,RUH
VEH-01344,cdf5314c73c93978ce07249c60172aa6,Hyundai,Sonata,2024,4,petrol,JED
VEH-01345,fd460a209ecdd379dc00020366ca17a5,Toyota,Camry,2025,4,petrol,RUH
VEH-01346,221e8b4c95406922550a2c5920444e9b,Nissan,Altima,2024,4,petrol,RUH
VEH-01347,40b66fa67c493ff60031516bcd5c508e,Toyota,Camry,2024,4,petrol,DMM
VEH-01348,0bcaf0ed66beaae2451bbf1b76fcf5fe,Kia,Cerato,2020,4,petrol,JED
VEH-01349,f39b43438171a059e407e489d6ea8b31,Toyota,Camry,2024,4,petrol,RUH
VEH-01350,f3ac4e5dde7da246f92cb1a9f0f0814c,Toyota,Corolla,2021,4,petrol,JED
VEH-01351,c88c33a96c1985d660ca167aa5fcf81d,Toyota,Hiace,2020,11,diesel,JED
VEH-01352,fcafe1461b8bbe4bfc5414c881fbd122,Kia,K5,2023,4,petrol,DMM
VEH-01353,db5064ee533d1364abec5c65462ebfda,Kia,Cerato,2022,4,petrol,RUH
VEH-01354,29dee5e43e3172065e467f65417428ea,Nissan,Sunny,2022,4,petrol,RUH
VEH-01355,d98b39a6f85864abc7e0325d29a278f9,Hyundai,Elantra,2024,4,petrol,RUH
VEH-01356,748e6a9731dcc9261fd4743a3576315d,Toyota,Camry,2022,4,petrol,RUH
VEH-01357,4194f25a0b882a1324124f1b4c2ae703,Hyundai,Elantra,2023,4,petrol,JED
VEH-01358,8d82d7602e6f66ac1beccf528f1c4722,Toyota,Corolla,2021,4,petrol,DMM
VEH-01359,67fa6804caa74f4d7e1b7afba0baa299,Hyundai,Elantra,2024,4,petrol,RUH
VEH-01360,08d29d51f5c117f5ea300b60f8dff68f,Toyota,Corolla,2025,4,petrol,RUH
VEH-01361,804664076ecccc6b2581732257345cea,Toyota,Corolla,2022,4,petrol,JED
VEH-01362,0c7c09ff905d4f6fd18ae73e1e9c5ddc,Hyundai,Accent,2021,4,petrol,JED
VEH-01363,9515d822c9a4e1bcd6057a4e724bcfae,Toyota,Camry,2023,4,petrol,JED
VEH-01364,24c6753b7a94db4f26695324f5407f93,Hyundai,Elantra,2025,4,petrol,RUH
VEH-01365,f80caf9b810854a6765188a8abbff2dd,Hyundai,Elantra,2020,4,petrol,DMM
VEH-01366,dc272a590c37969079bbf2bf82010dab,Kia,K5,2021,4,petrol,JED
VEH-01367,3c157dcf37a34db58326ac33c083d584,Kia,K5,2025,4,petrol,JED
VEH-01368,1e56ae563bfe66ae19d2017b66a68e03,Toyota,Camry,2025,4,petrol,RUH
VEH-01369,425e607fb668e9a0a4d2557e9b68e843,Toyota,Land Cruiser,2022,7,petrol,JED
VEH-01370,55698d16c52505889c6f48c8ce89b679,Hyundai,Sonata,2022,4,petrol,RUH
VEH-01371,b4d61ff660d5badf67c42f398d89e61f,Hyundai,Accent,2024,4,petrol,RUH
VEH-01372,62548a549b04fb2641950b61c6e3dca0,Toyota,Camry,2023,4,petrol,DMM
VEH-01373,9e902176db4e6011c2ae331e77d80727,Hyundai,Elantra,2024,4,petrol,JED
VEH-01374,3c31eeac862c748774865e1ec650c29c,Nissan,Altima,2022,4,petrol,DMM
VEH-01375,a4712e75fd57c6aee881d159b012d395,Toyota,Corolla,2024,4,petrol,RUH
VEH-01376,9b5d481110ef4e47a5bf2d87300e17d3,Toyota,Camry,2023,4,petrol,RUH
VEH-01377,63db148d63b80a8dd950cebb29eb747e,Hyundai,Accent,2022,4,petrol,JED
VEH-01378,bb8517723a212217e95f2c2a5cda7645,Honda,Accord,2025,4,petrol,JED
VEH-01379,95f82958770d6d6c9331e2ec2ba4e1c8,Toyota,Camry,2024,4,petrol,JED
VEH-01380,4a741b952c84d670f8bc5fac3b8d05e7,Nissan,Altima,2025,4,petrol,RUH
VEH-01381,9ef3913e1caed68bf68b766868b5cecd,Hyundai,Sonata,2024,4,petrol,RUH
VEH-01382,672e4fbcebffa52ecee4f2de6a915524,Toyota,Corolla,2025,4,petrol,RUH
VEH-01383,2e5cdfb717274e40dedea8efc4411863,Nissan,Sunny,2025,4,petrol,DMM
VEH-01384,478dc48765f8f8727d20ca269cdace6f,Hyundai,Elantra,2023,4,petrol,RUH
VEH-01385,f066eb03045c05ed6c95ba97390121f1,Toyota,Land Cruiser,2024,7,petrol,DMM
VEH-01386,6ef7348fb8d2973c673bc5d857fb906a,Toyota,Camry,2022,4,petrol,DMM
VEH-01387,4863212a2db8f794e34b8f4096fbbf26,Kia,Cerato,2025,4,petrol,JED
VEH-01388,df81bef8977908077f09ece3142c92ae,Kia,K5,2022,4,petrol,JED
VEH-01389,9ccfa2a46a55476b40d00d98eee2b2dd,Toyota,Land Cruiser,2023,7,petrol,DMM
VEH-01390,031cc05c6f4f7d0047101bab9bea8cec,Toyota,Corolla,2019,4,petrol,RUH
VEH-01391,cc8f878126a126032a8ceda33c1a7c1c,Hyundai,Sonata,2024,4,petrol,JED
VEH-01392,7219c27a89519b768d82cb014e51eb05,Toyota,Corolla,2025,4,petrol,RUH
VEH-01393,ca2765d3c939bdca040477032826da03,Nissan,Altima,2023,4,petrol,RUH
VEH-01394,241f9cce5f2e3599fb7101392f21c6bc,Kia,K5,2023,4,petrol,RUH
VEH-01395,97439d3562d218fa5d40037a3b414eff,Toyota,Camry,2026,4,petrol,RUH
VEH-01396,fa2afded2dc0dcb1242df7e4d6144ac1,Hyundai,Accent,2019,4,petrol,JED
VEH-01397,300c20a2a190b63e08d32eaee3f039b0,Toyota,Camry,2026,4,petrol,DMM
VEH-01398,6d10e8148a67eae3cd70b3b0586edf71,Hyundai,Elantra,2022,4,petrol,DMM
VEH-01399,7f85538c1661ac6723a9864158fff2cf,Toyota,Corolla,2023,4,petrol,RUH
VEH-01400,2bf8534d8815813049529d41a97032ba,Toyota,Hiace,2022,11,diesel,JED
VEH-01401,286ac05e3114bb1921b614b82df2e9c7,Nissan,Sunny,2025,4,petrol,JED
VEH-01402,3e6cf548c621c22c805e09968e3e7cce,Toyota,Camry,2023,4,petrol,RUH
VEH-01403,e6d25310de21ad683710163f25711d84,Toyota,Camry,2023,4,petrol,RUH
VEH-01404,0534c2255370a42c6e8bf8964aeb8b79,Toyota,Hiace,2025,11,diesel,JED
VEH-01405,591495afdbae7d53092055d090ea5250,Toyota,Corolla,2024,4,petrol,JED
VEH-01406,3f3ebe4d3fa3f666452ebe3fc1f9b5d7,Toyota,Land Cruiser,2023,7,petrol,RUH
VEH-01407,2e0695820162a609074b4f95535614f2,Toyota,Camry,2020,4,petrol,RUH
VEH-01408,ccaca753a280eeda8c4e7da2721aa5bf,Honda,Accord,2025,4,petrol,DMM
VEH-01409,555b064f8d235727fb18f03f0e925f63,Nissan,Altima,2024,4,petrol,JED
VEH-01410,6f6e0457baa2b3fb0a802526d1422b98,Nissan,Altima,2022,4,petrol,JED
VEH-01411,542c49eef518b6918076c6b3d6733f2d,Honda,Accord,2018,4,petrol,RUH
VEH-01412,298006624edd104398489e9f6e20c292,Toyota,Corolla,2024,4,petrol,RUH
VEH-01413,4011303ff1b4aca34a0680a5ff912770,Toyota,Corolla,2022,4,petrol,RUH
VEH-01414,e2d759f051f0e36e771d384ae3096649,Toyota,Camry,2025,4,petrol,RUH
VEH-01415,0184959dad3cb42a1b89c0a125c31966,Toyota,Land Cruiser,2024,7,petrol,JED
VEH-01416,e528f168cddfd328f33ab124806f0626,Toyota,Corolla,2021,4,petrol,DMM
VEH-01417,0d218b141b7f0eea742eb3c8a2f33c1c,Toyota,Corolla,2026,4,petrol,JED
VEH-01418,b5b5f7868ed0885f9f63f402e89e26e3,Toyota,Land Cruiser,2021,7,petrol,RUH
VEH-01419,4582d3c2d097c8b357828b4ea18b3a35,Hyundai,Elantra,2020,4,petrol,JED
VEH-01420,beafac0542725dccdfb8417c6e6d5db0,Nissan,Altima,2024,4,petrol,JED
VEH-01421,234599a5f5113531fd55f80c9e734b59,Kia,K5,2022,4,petrol,JED
VEH-01422,74ffed2803f6d62f6a3b5c2aeaf88e8b,Hyundai,Sonata,2018,4,petrol,RUH
VEH-01423,2da3014548c12fe084d92b600d3b965b,Toyota,Camry,2018,4,petrol,JED
VEH-01424,9c41aecfb421abe3658649700ded28da,Chevrolet,Malibu,2021,4,petrol,RUH
VEH-01425,ea7e96cc23b99cceab51fcd9f0a24f9a,Toyota,Camry,2020,4,petrol,RUH
VEH-01426,76ab8f78c9ecc4586415ba7bf80ebfcc,Chevrolet,Malibu,2021,4,petrol,DMM
VEH-01427,3d7e746b05259783b21bcf5863f0087e,Hyundai,Elantra,2022,4,petrol,DMM
VEH-01428,b6e9fee64d794fdf27f3d488973670d9,Toyota,Camry,2024,4,petrol,RUH
VEH-01429,468b9357569c0365194faff88d47956d,Hyundai,Accent,2018,4,petrol,RUH
VEH-01430,32b52a55efbc75ef8d7910f0a128c1cd,Kia,Cerato,2021,4,petrol,JED
VEH-01431,d14dbad6ffed4fac17e382ecd9aa928f,Hyundai,Elantra,2026,4,petrol,RUH
VEH-01432,99d3f3b467cb28834dd774a916eaf999,Hyundai,Elantra,2021,4,petrol,JED
VEH-01433,32c8cc3615f6d6a9d2ca91f11be031d3,Toyota,Camry,2019,4,petrol,JED
VEH-01434,2e0313a07190aa1b9cbbf9413516f226,Toyota,Land Cruiser,2021,7,petrol,JED
VEH-01435,505a741415667c254b6580c7b06900a3,Toyota,Hiace,2023,11,diesel,RUH
VEH-01436,712c3d77e12f28f2cbd6ea6a797dd205,Honda,Accord,2022,4,petrol,RUH
VEH-01437,b8cfb2f4bc07495eb109adaffb113699,Hyundai,Sonata,2022,4,petrol,RUH
VEH-01438,78c30778cd2fae96dd3031d39fbec4ab,Toyota,Corolla,2024,4,petrol,RUH
VEH-01439,b830a81e0269f923f689baf08158e790,Toyota,Camry,2021,4,petrol,RUH
VEH-01440,005820647f69d5adb088c3770551bf5c,Kia,K5,2026,4,petrol,RUH
VEH-01441,6144d841a09793a1c0b487645364f552,Toyota,Camry,2026,4,petrol,RUH
VEH-01442,5f808a76cf515cf4af52e97c3640304c,Toyota,Corolla,2021,4,petrol,JED
VEH-01443,dfff7684be85a80a3258344eafcd7166,Chevrolet,Malibu,2021,4,petrol,JED
VEH-01444,3866faa67fbd707d6d47321a1ade3e63,Chevrolet,Malibu,2023,4,petrol,RUH
VEH-01445,821548d659b0930337bc00cc608edc40,Toyota,Land Cruiser,2021,7,petrol,DMM
VEH-01446,5f0c7aa78c6eea1f2242922454b490e4,Toyota,Camry,2019,4,petrol,RUH
VEH-01447,67d71536f16139a9bc1d283e11f1760b,Hyundai,Accent,2020,4,petrol,RUH
VEH-01448,0fcfeb6d22c0e9bc8c1de68cd7c8fa75,Toyota,Corolla,2020,4,petrol,JED
VEH-01449,d9288bb9df7af26e638b110ffd86278f,Honda,Accord,2021,4,petrol,JED
VEH-01450,204a5a9f3acb86e48488cd8acbc69758,Hyundai,Elantra,2020,4,petrol,JED
VEH-01451,8975fbe64d21700823198f3b9dfe070f,Toyota,Camry,2023,4,petrol,RUH
VEH-01452,b98c603aa365622771c4d09d76d74ff5,Hyundai,Sonata,2019,4,petrol,RUH
VEH-01453,9ecb78aa62d155cf5a040e4cf513d2f8,Toyota,Corolla,2021,4,petrol,DMM
VEH-01454,caf77115d821b324417d41beaeb78ed0,Honda,Accord,2024,4,petrol,RUH
VEH-01455,64a2cc4a70173b4d1a03749de26c7de0,Toyota,Corolla,2026,4,petrol,RUH
VEH-01456,ef085c2673db2923ef5182172974d96a,Toyota,Camry,2025,4,petrol,DMM
VEH-01457,931515ccd7573834553a2e11a0e07a73,Hyundai,Accent,2025,4,petrol,RUH
VEH-01458,e4397695a5d32e2b2115a307a53c26b6,Hyundai,Elantra,2025,4,petrol,RUH
VEH-01459,dd1dc709b02e8064931ad6b1dde77c17,Toyota,Corolla,2025,4,petrol,RUH
VEH-01460,3b31e7e364e26c015ea9233f5cae31f9,Hyundai,Elantra,2026,4,petrol,DMM
VEH-01461,2ef94c31ee89fcda6470bac4c495c563,Hyundai,Elantra,2023,4,petrol,JED
VEH-01462,c1179a3d3aa77483404f1169ec945297,Toyota,Hiace,2020,11,diesel,RUH
VEH-01463,71b7cfee63c92b1f7bf7591ecdfc4548,Toyota,Corolla,2021,4,petrol,JED
VEH-01464,b7f4a1a56c2972bbc1a38679665465f0,Toyota,Hiace,2021,11,diesel,JED
VEH-01465,9aa6bd072e14448e507c64e6a0d90e81,Toyota,Corolla,2019,4,petrol,RUH
VEH-01466,d31c1a82fffe39d8d111550c158e4240,Hyundai,Sonata,2023,4,petrol,RUH
VEH-01467,39d62f262ff0ace226202751d92ccff7,Kia,Cerato,2026,4,petrol,RUH
VEH-01468,1493decbfc9c06e3008b8da2f368d229,Toyota,Corolla,2021,4,petrol,RUH
VEH-01469,b5b002dbbe6f225eb3b0748a2c3967c2,Hyundai,Sonata,2026,4,petrol,RUH
VEH-01470,f651d04ccc3caaa6cd639d998e306008,Nissan,Altima,2023,4,petrol,RUH
VEH-01471,47713c4742cc6d163808405f5ea1dcf3,Toyota,Camry,2020,4,petrol,RUH
VEH-01472,424dec85d48212abc7afaf8926612315,Toyota,Corolla,2021,4,petrol,JED
VEH-01473,ac2f6b42c369147239c7fb883f769de2,Hyundai,Accent,2021,4,petrol,RUH
VEH-01474,e47a6771d2af9a1e4fc9608dd91de38f,Hyundai,Accent,2024,4,petrol,RUH
VEH-01475,c702043a11e293a987e691c7d3778e46,Toyota,Corolla,2026,4,petrol,RUH
VEH-01476,e403ef2c607a316d59eb5dc6b7bad761,Toyota,Corolla,2022,4,petrol,DMM
VEH-01477,55f370ec87d192dcad8733c286a5d3e5,Kia,Cerato,2026,4,petrol,RUH
VEH-01478,5353a6fc095867a54213cf225ca1c08e,Toyota,Corolla,2021,4,petrol,DMM
VEH-01479,098df20baa807c4473a7f3446a3b0f16,Nissan,Sunny,2024,4,petrol,JED
VEH-01480,3291789158f6be0dc692bafd1ed55ed3,Hyundai,Elantra,2021,4,petrol,RUH
VEH-01481,1d5e3d4676c3ce79bc04f6ea556abb4c,Toyota,Corolla,2022,4,petrol,RUH
VEH-01482,141de1887cea02e830fc5162b462c864,Kia,Cerato,2018,4,petrol,RUH
VEH-01483,a221026d3a47a608eb91bf0a30ad7c62,Hyundai,Sonata,2024,4,petrol,DMM
VEH-01484,7247373c83aaee150a277fe7f8459eb3,Hyundai,Sonata,2019,4,petrol,JED
VEH-01485,bcc23680b0a2b0c297ffc614b3cff749,Toyota,Corolla,2022,4,petrol,RUH
VEH-01486,dd84cb29175fcf15d7797d1001e165d4,Nissan,Altima,2020,4,petrol,DMM
VEH-01487,c35d52dd79b65ba24efd9c6cb8f3aada,Toyota,Camry,2021,4,petrol,JED
VEH-01488,11b8cc63679e29d256a42cce8a3c90b4,Hyundai,Accent,2025,4,petrol,JED
VEH-01489,a01f74815c6910f727d4bc55f2254140,Kia,Cerato,2022,4,petrol,RUH
VEH-01490,88be91049c95592ab90b141ec173d8eb,Hyundai,Accent,2024,4,petrol,RUH
VEH-01491,f0ba3a52236408154c095e5d0f09ced0,Nissan,Sunny,2024,4,petrol,JED
VEH-01492,bb9ef2a57c137fb291709935589c4654,Hyundai,Accent,2025,4,petrol,RUH
VEH-01493,04e75e746a9878d30b0b5a190eafc9da,Nissan,Altima,2022,4,petrol,RUH
VEH-01494,99a44507876f75f1aaca76cd30521718,Kia,Cerato,2022,4,petrol,DMM
VEH-01495,e72b1b2f986b71bd93e2d69a79fb8e04,Nissan,Altima,2022,4,petrol,JED
VEH-01496,d6e84bcb5f8ce7a6098608aae5a854ad,Hyundai,Accent,2025,4,petrol,JED
VEH-01497,b36d79d9194a48b8bd989ad3cd32ff43,Kia,Cerato,2022,4,petrol,JED
VEH-01498,3e7e2c1cf3dbe1a59f04416205841185,Toyota,Hiace,2022,11,diesel,JED
VEH-01499,88b0b7046b11584598abec8f7432e1dd,Toyota,Camry,2024,4,petrol,RUH
VEH-01500,0679ebff1390e11f343c6987602feaa2,Toyota,Corolla,2025,4,petrol,DMM
VEH-01501,17aa8a3cc54ee41e705aa0438ef34ecc,Nissan,Sunny,2022,4,petrol,RUH
VEH-01502,793cd38cc78b0d226a3a3f056994984b,Chevrolet,Malibu,2021,4,petrol,RUH
VEH-01503,fe66f8108689d757376ed9f4ef148c58,Toyota,Camry,2024,4,petrol,RUH
VEH-01504,71ae06dacd57bf61afe7b0039deb440a,Toyota,Camry,2024,4,petrol,DMM
VEH-01505,0a2a384bf5eb8d4730996d8c63a7bc61,Toyota,Corolla,2020,4,petrol,RUH
VEH-01506,a8400f4ecfc1396ad5cbd7bca3202c97,Hyundai,Elantra,2025,4,petrol,JED
VEH-01507,9181d312eb29d1b9736a102bcf21e375,Hyundai,Accent,2026,4,petrol,RUH
VEH-01508,c4f0203d15f86f656907b851313d8969,Honda,Accord,2023,4,petrol,JED
VEH-01509,eb399670f555cdc260e003020569822a,Toyota,Corolla,2025,4,petrol,JED
VEH-01510,0a3af30c0a7cbd7ecb0573e353065acf,Lexus,ES 300h,2024,4,hybrid,RUH
VEH-01511,7752d113feebe99479d4dd2c8825d8f1,GMC,Yukon,2025,7,petrol,JED
VEH-01512,f61f54f36cb56a90dadd8ca8ee8f30db,Kia,Cerato,2025,4,petrol,RUH
VEH-01513,2c75431a69be1d22a26f8afadb14d549,Toyota,Camry,2021,4,petrol,JED
VEH-01514,8e4466ecfdfb52448ae0266231a1a407,Kia,Cerato,2022,4,petrol,RUH
VEH-01515,a7a15f97dab7f90559dfc8dca7604b99,Hyundai,Accent,2024,4,petrol,RUH
VEH-01516,eafab0bfb0ffefcb7640d8c91bf66366,Toyota,Hiace,2025,11,diesel,RUH
VEH-01517,435dbce32c55bcd250ec9360a2d28910,Toyota,Corolla,2023,4,petrol,RUH
VEH-01518,c60b49497bd125abd9d2f5af9f958427,Toyota,Camry,2026,4,petrol,JED
VEH-01519,7599530a6cb1ddde387adde5c3425907,Hyundai,Sonata,2022,4,petrol,DMM
VEH-01520,c09c859af3a1634bc5526c113b281c9b,Hyundai,Elantra,2018,4,petrol,JED
VEH-01521,4a529196270e5eb20ff99fbe105528dc,Toyota,Camry,2023,4,petrol,DMM
VEH-01522,0132563ba379e49c103694a8af9ed5bc,Nissan,Sunny,2026,4,petrol,RUH
VEH-01523,b90cffb0d499832bd08f2ba092b4ed22,Toyota,Corolla,2024,4,petrol,DMM
VEH-01524,3dfe2948592ac09a7f1f04082816f137,Kia,Cerato,2025,4,petrol,RUH
VEH-01525,6d68cf43d37f016839e4830c2f1bb2f4,Honda,Accord,2019,4,petrol,RUH
VEH-01526,bd92c85d8da4b2914086fef39fd9e81b,Toyota,Camry,2024,4,petrol,JED
VEH-01527,3d62c0bed7eab5421c17fea2437af7da,GMC,Yukon,2024,7,petrol,JED
VEH-01528,ff194017638ad5369c62fdbf0dd8b67b,Toyota,Corolla,2024,4,petrol,RUH
VEH-01529,06c8386eb176b7d2728f62f41b8343ec,Hyundai,Sonata,2024,4,petrol,JED
VEH-01530,2a57a80aaadbf8fd4402a40fd196b2a1,Hyundai,Accent,2022,4,petrol,RUH
VEH-01531,41dd6ad2033cf50267c7defe8eee402e,Lexus,ES 300h,2023,4,hybrid,JED
VEH-01532,21808e6eacb0ed0acc8a102b69ef1ebe,Hyundai,Elantra,2023,4,petrol,RUH
VEH-01533,893a94b02b8b939b43a8fd52fd0f2cc0,Kia,K5,2022,4,petrol,RUH
VEH-01534,2b7b068545ad91d7981c6b91e73dcdb8,Toyota,Camry,2026,4,petrol,JED
VEH-01535,8aa35d4ee34774c9f2ae71ea27db1950,Toyota,Camry,2020,4,petrol,DMM
VEH-01536,7d7beca210e19f37c9ff26357aec1cf4,Toyota,Camry,2024,4,petrol,JED
VEH-01537,8f482596813f1e21a1c81863180ae9fd,Nissan,Altima,2023,4,petrol,JED
VEH-01538,a674af9f5325c045ca7d687e8352cc79,Toyota,Camry,2024,4,petrol,RUH
VEH-01539,d31b48356c8de6d7c04bd46a6141597d,Toyota,Camry,2024,4,petrol,RUH
VEH-01540,39d248bf4fac92147595e6edb4e4d863,BYD,Han EV,2025,4,electric,RUH
VEH-01541,1436c59c62ca0450c3aacd033febfa17,Kia,Cerato,2024,4,petrol,DMM
VEH-01542,b67d350a1da6dedc7ffe831015bd27e8,Toyota,Camry,2023,4,petrol,RUH
VEH-01543,32ce28c44d2d56350d1f36bd51e71cb9,Toyota,Camry,2022,4,petrol,RUH
VEH-01544,ac958fc39fa14da45963e579a3395e35,Toyota,Camry,2018,4,petrol,RUH
VEH-01545,8e4f40045c70dacb638dc62e3360f221,Toyota,Corolla,2026,4,petrol,RUH
VEH-01546,8be3866cffd17eb5a08a5a10a868f15c,Hyundai,Sonata,2025,4,petrol,RUH
VEH-01547,39e954a96609c44cfe1da5504912c199,Nissan,Sunny,2023,4,petrol,JED
VEH-01548,721e1043a7bdf3ef2f7a8693e9524dad,Hyundai,Elantra,2024,4,petrol,RUH
VEH-01549,c0b59e68423e3449984f082e7ffaa52b,GMC,Yukon,2024,7,petrol,RUH
VEH-01550,d47d732eb47f2c963053e68dabced938,Lexus,ES 300h,2025,4,hybrid,RUH
VEH-01551,cd269f905da93d808e6c2124952951b4,Tesla,Model 3,2024,4,electric,RUH
VEH-01552,3f8db933847ddf41879525c41a31046c,Kia,Cerato,2023,4,petrol,JED
VEH-01553,a2adf0a59e341bbbe9a101d400415f2f,Toyota,Hiace,2026,11,diesel,RUH
VEH-01554,31c1cd69ce396258461232d4618cc1d9,Hyundai,Sonata,2025,4,petrol,JED
VEH-01555,086d62544b8bd44fd9c1814147fbabd7,Kia,K5,2025,4,petrol,RUH
VEH-01556,962bd73af60b3546f098843b56f3a057,Honda,Accord,2023,4,petrol,RUH
VEH-01557,e498986147d3b4cc20ff71bb1d2cc1d3,Kia,Cerato,2026,4,petrol,DMM
VEH-01558,eade169e7f59712cd78cc02019cbc58c,Hyundai,Elantra,2021,4,petrol,JED
VEH-01559,810170c094873e2491a7f814d8830dc5,Hyundai,Elantra,2023,4,petrol,RUH
VEH-01560,7ef36f752df8834acdaa9c02d3246900,Hyundai,Elantra,2021,4,petrol,RUH
VEH-01561,e02dc87817c3d756706bd80ea03d2d7b,Toyota,Land Cruiser,2020,7,petrol,RUH
VEH-01562,0aba20885e92d8abf251854e73dc830b,Kia,K5,2022,4,petrol,JED
VEH-01563,01b1ad34836c6318c5cc0d1915b37da3,Kia,Cerato,2022,4,petrol,DMM
VEH-01564,fcf447679ed3e4dad689d97455585f5e,Toyota,Camry,2022,4,petrol,JED
VEH-01565,df979799b0adefc4e45d8b38cf1e791d,BYD,Han EV,2023,4,electric,RUH
VEH-01566,63b890b1bf1e2f596ad1bbc2f128534d,Hyundai,Accent,2020,4,petrol,RUH
VEH-01567,2c9afbc15cf0ce92bf40c199edabdc51,Hyundai,Elantra,2022,4,petrol,JED
VEH-01568,d3ef6de763d8aded9327d3517c114c85,Hyundai,Sonata,2019,4,petrol,JED
VEH-01569,248946a40191017925afe29dbccf2730,Hyundai,Sonata,2026,4,petrol,RUH
VEH-01570,c8c4f3f1e124657bfbc3a064e623c90d,Hyundai,Sonata,2024,4,petrol,JED
VEH-01571,97d19867839c301f9f9648055006b006,Hyundai,Sonata,2023,4,petrol,DMM
VEH-01572,34b1eeb6c6b4f5958fb5e56485a9f95c,Toyota,Camry,2023,4,petrol,RUH
VEH-01573,063ec93fe1aab6854e26d0b91edb41b2,Hyundai,Elantra,2022,4,petrol,DMM
VEH-01574,be79b41d69f28a9ee658ccea6469f97e,Nissan,Sunny,2025,4,petrol,RUH
VEH-01575,e6113da23eed09d885f26cdcb0aae32b,Nissan,Altima,2023,4,petrol,RUH
VEH-01576,a902ba44b98ed372bed6adb3483206ff,Hyundai,Sonata,2024,4,petrol,RUH
VEH-01577,3086116cd509beba784cfc872e2688a9,Toyota,Hiace,2026,11,diesel,RUH
VEH-01578,08b654fc1054589897e5fd54dd15a1a1,Toyota,Camry,2022,4,petrol,RUH
VEH-01579,9ceed426da280171a933847e88585c0e,Hyundai,Sonata,2024,4,petrol,DMM
VEH-01580,4dfc791249fed9bd1438310f81972273,Hyundai,Elantra,2018,4,petrol,JED
VEH-01581,073d88571b43dc5213bc01cf9f4aba61,Kia,K5,2018,4,petrol,DMM
VEH-01582,3266b3d03d0593204ca4ee4e2a45bdd0,Toyota,Corolla,2018,4,petrol,DMM
VEH-01583,ccce450b6a3f75c42aeeea588259bfc4,Toyota,Corolla,2025,4,petrol,RUH
VEH-01584,14a83bd87d416b3f83d079b1e4c0de85,Hyundai,Sonata,2022,4,petrol,RUH
VEH-01585,98d952d2b8cb9b57d39df1faa9e12e67,Toyota,Camry,2024,4,petrol,JED
VEH-01586,628b7085891f9807b51fb07194600df4,Kia,Cerato,2024,4,petrol,RUH
VEH-01587,1ad6ab282a550cfcbf4aa4908d49d25d,Hyundai,Accent,2020,4,petrol,RUH
VEH-01588,fb339542abd5a73ae930964443fad572,Kia,Cerato,2023,4,petrol,JED
VEH-01589,e61aa2492c227d47d323ce4558cf735d,Toyota,Land Cruiser,2025,7,petrol,JED
VEH-01590,e50f4b2dd332e8adb43f192fcf729b24,Nissan,Altima,2025,4,petrol,RUH
VEH-01591,5132d7be30b03d373983855be13fe34c,Toyota,Corolla,2023,4,petrol,JED
VEH-01592,c68c8a6766b0e5a4ce4f7f68514e8c95,GMC,Yukon,2026,7,petrol,JED
VEH-01593,26a4d663624021870241a66c64a105d0,BYD,Han EV,2026,4,electric,RUH
VEH-01594,51bf2a5143e2b226b8701cd4af788a6e,Kia,K5,2025,4,petrol,DMM
VEH-01595,d42d17824d9a8fc2806e54fff8ca0605,Kia,Cerato,2023,4,petrol,RUH
VEH-01596,dcf48e3cb23e7b7c539b2b3e652adc62,Kia,Cerato,2020,4,petrol,RUH
VEH-01597,e730e38b0a801679f9660c4583f37cd1,Kia,K5,2025,4,petrol,JED
VEH-01598,9432eaa27472cb7e94d6e50b8202daac,Toyota,Corolla,2021,4,petrol,DMM
VEH-01599,54726c29ba55c6263e0f9fa2a516a1a5,Nissan,Sunny,2023,4,petrol,RUH
VEH-01600,888c7555e67995b6a834c7fbdc7d736e,Hyundai,Sonata,2022,4,petrol,RUH
VEH-01601,4deadbd3c0144387da7f515feee34257,Hyundai,Sonata,2018,4,petrol,JED
VEH-01602,d88b2fad4c3e4579d9c0e641ff75b4fc,Chevrolet,Malibu,2024,4,petrol,RUH
VEH-01603,e5c3530c4dcfd4f3c113cd1acd8488da,Hyundai,Sonata,2023,4,petrol,RUH
VEH-01604,b8fb698374b064f3fd957e88ba5108b6,Chevrolet,Malibu,2025,4,petrol,JED
VEH-01605,689659270c1935c51f55742f31387598,Hyundai,Sonata,2021,4,petrol,RUH
VEH-01606,0b461c609b2eb271ead1afe230040e4f,Kia,Cerato,2024,4,petrol,RUH
VEH-01607,b588bffe75ed5e2c96e49d3afe8c2c98,Hyundai,Sonata,2021,4,petrol,JED
VEH-01608,94dc75d1759ba64112b42f656eee93b4,Kia,Cerato,2025,4,petrol,DMM
VEH-01609,2f04488c1cac237ac51a2d197ce9879d,Toyota,Camry,2020,4,petrol,JED
VEH-01610,c711d1d8ecd10a02a6fc5d1db7b90140,Toyota,Camry,2019,4,petrol,JED
VEH-01611,679f711cad06bfe9cbd88ecdf3ec3bfd,Hyundai,Elantra,2025,4,petrol,DMM
VEH-01612,8337579d0694ac55c2d0271a06d8c798,Nissan,Sunny,2020,4,petrol,RUH
VEH-01613,058ceb13fdc3fb7324d774b13b8a297a,Hyundai,Sonata,2024,4,petrol,RUH
VEH-01614,200fa8d7c4b4dcada115e7c4c77c175d,Hyundai,Elantra,2024,4,petrol,RUH
VEH-01615,18f63917b39668d29641594f62165ef3,Chevrolet,Malibu,2024,4,petrol,JED
VEH-01616,de157f12173152b3ecab5606c19087b8,Honda,Accord,2023,4,petrol,JED
VEH-01617,e22a0aac5d45a64457796d60baa8a0e0,Toyota,Corolla,2023,4,petrol,RUH
VEH-01618,39f61dbeed06bcda87e456b59f1e2c7e,Toyota,Camry,2023,4,petrol,RUH
VEH-01619,3e86d54f3943a7ce7c90cee8e940ce9d,Kia,K5,2022,4,petrol,RUH
VEH-01620,5f07b94aea41e51df937b28f6d3b8574,Kia,Cerato,2024,4,petrol,RUH
VEH-01621,8504c22d0d69c9917c81b3beae507667,Tesla,Model 3,2024,4,electric,JED
VEH-01622,63344370c2b9756ff0c49d1af52f7a6c,Nissan,Altima,2020,4,petrol,RUH
VEH-01623,a928e64bc2edd056b33305aec769b8de,Kia,Cerato,2025,4,petrol,JED
VEH-01624,5ff8e9d50527ea5cf260e9ed9f57e1a4,Hyundai,Elantra,2021,4,petrol,RUH
VEH-01625,cdaf4e8974033dafdc7b261660eda7a3,Hyundai,Accent,2022,4,petrol,RUH
VEH-01626,b3b513ac4e3900e239e0c906092982c3,Hyundai,Sonata,2026,4,petrol,RUH
VEH-01627,e882b520866b8970d2dadc897e79dbb8,GMC,Yukon,2026,7,petrol,RUH
VEH-01628,989e175a170fe31f7a5b9deaedac8b88,Nissan,Sunny,2022,4,petrol,RUH
VEH-01629,026d61902a7c106b7ebce53ccac334da,Hyundai,Elantra,2019,4,petrol,RUH
VEH-01630,702c0d81be9aa07024c94b9745217cc8,Toyota,Camry,2026,4,petrol,RUH
VEH-01631,a542af12b36b837374b0a428ebaf88f1,Honda,Accord,2023,4,petrol,RUH
VEH-01632,1eb5a002f5d425050e9034c620ed2387,Hyundai,Elantra,2024,4,petrol,DMM
VEH-01633,9bff774c9ba22cf7d11fafaefa242ac0,Toyota,Camry,2024,4,petrol,RUH
VEH-01634,e6504cbeffbe989eb48e4a31f8bacced,Toyota,Camry,2020,4,petrol,RUH
VEH-01635,f00ec9f79818e57f3e74ecc5ab4a6a43,Toyota,Corolla,2025,4,petrol,JED
VEH-01636,a5affa06ee132f889914b29c20eba377,Hyundai,Elantra,2021,4,petrol,JED
VEH-01637,f1e5a98723665597295fa06eeee2ca3d,Hyundai,Elantra,2020,4,petrol,RUH
VEH-01638,5d062da37d40513be15210153fba3102,Toyota,Corolla,2023,4,petrol,JED
VEH-01639,38d691fef8033e6f70c5752f0a287d7d,Chevrolet,Malibu,2022,4,petrol,DMM
VEH-01640,bc73293f0bd881aa58814e0f33e322dd,Chevrolet,Malibu,2024,4,petrol,JED
VEH-01641,766091afd944fc01225499e2b4672894,Nissan,Altima,2018,4,petrol,RUH
VEH-01642,4d9cd43f06b30312842075db61ed4a0a,Hyundai,Accent,2019,4,petrol,JED
VEH-01643,9b6450e16b2ddfbb63e7fd996acb1df4,Hyundai,Sonata,2025,4,petrol,DMM
VEH-01644,a65281428c5494a87e3d0bf9ddc3f4a6,Chevrolet,Malibu,2021,4,petrol,RUH
VEH-01645,dd08eb5d3a893ab2611a97f559846ad5,Nissan,Sunny,2024,4,petrol,RUH
VEH-01646,9d10c7d080007e464bcd39eee318df09,Toyota,Camry,2024,4,petrol,RUH
VEH-01647,25b6626006d9b32a82a79c45bad13451,Kia,Cerato,2021,4,petrol,JED
VEH-01648,c6ecee07febfbbf75046a9a94190f2cc,Toyota,Corolla,2024,4,petrol,RUH
VEH-01649,b77943bf473c7f4df26930b191f015d0,Chevrolet,Malibu,2023,4,petrol,RUH
VEH-01650,9d042e7038a677ec2079273d229649f1,Honda,Accord,2024,4,petrol,JED
VEH-01651,10877d70cc91535eec43ce4a940c210b,Kia,Cerato,2022,4,petrol,JED
VEH-01652,a0d769092fe046d141bbeda7088c4fbf,Hyundai,Elantra,2020,4,petrol,RUH
VEH-01653,b502c51dd09c04764365bf37f7e75339,Honda,Accord,2025,4,petrol,RUH
VEH-01654,e36382e1f4c9903a6f72578d99114f13,Toyota,Camry,2021,4,petrol,RUH
VEH-01655,db709211d69057ffe7304a150ae4e44f,Honda,Accord,2023,4,petrol,JED
VEH-01656,e723312bdd6b7f4cfdeef66518d4f3fd,Lexus,ES 300h,2023,4,hybrid,DMM
VEH-01657,2780a690e2d9353403eb8c20775838b4,GMC,Yukon,2026,7,petrol,RUH
VEH-01658,86f911904a5223daf5a3dc4ce47bd3e0,Hyundai,Accent,2022,4,petrol,JED
VEH-01659,e001fea7ea471b2c1261bcffbc5f8a8d,Hyundai,Accent,2022,4,petrol,RUH
VEH-01660,5765b1e4ced1bc332dc3e5ceb735338a,Toyota,Camry,2024,4,petrol,RUH
VEH-01661,65dfed46724a2590f56fc2fe3e4da16d,Hyundai,Elantra,2021,4,petrol,RUH
VEH-01662,de0a5dd1610e282e7898cd9d9cd72a52,Honda,Accord,2025,4,petrol,JED
VEH-01663,e4e484af146db9be1f96198a34ccf069,Toyota,Camry,2024,4,petrol,DMM
VEH-01664,ca214ba94c99a1c4a1da52972a50fc9d,Kia,K5,2025,4,petrol,DMM
VEH-01665,c3b9188e1a46abb3690528030e5c8c0a,Hyundai,Sonata,2021,4,petrol,DMM
VEH-01666,83c4608f76a7ce7b860e780773dc420a,Lexus,ES 300h,2025,4,hybrid,RUH
VEH-01667,8b2e84b2eb3548b4db4d1d243969f03f,Toyota,Camry,2018,4,petrol,JED
VEH-01668,9664e8e510cfefacc337223af7e4e5b9,Toyota,Camry,2026,4,petrol,RUH
VEH-01669,14fe9ebee65243dfd58742f6696c9809,Toyota,Camry,2025,4,petrol,DMM
VEH-01670,599d7d1cf2ec24aa5262b61a137c1057,Toyota,Corolla,2021,4,petrol,DMM
VEH-01671,91dea5bc1633e84f0cc14caa68053ff6,Toyota,Corolla,2020,4,petrol,DMM
VEH-01672,3e761ffdcdf2bc1c003bca95180a54a7,Hyundai,Elantra,2023,4,petrol,JED
VEH-01673,d8311b30b6498ef3ba679f22340988b7,Hyundai,Sonata,2024,4,petrol,RUH
VEH-01674,91371050ccd3a1df122126ac283745bc,Hyundai,Elantra,2024,4,petrol,DMM
VEH-01675,f16b96759b6776283170c33e1276c10d,Honda,Accord,2023,4,petrol,RUH
VEH-01676,b7a2903d58c1cd71079757e6c9fec729,Nissan,Sunny,2025,4,petrol,DMM
VEH-01677,b523f72294e75ecaee68521841bc6559,Toyota,Corolla,2021,4,petrol,RUH
VEH-01678,96f4836bedf7c8e10fc3bf961b1cd003,GMC,Yukon,2020,7,petrol,RUH
VEH-01679,060e111794720654b43bb0f0664bfa36,Hyundai,Sonata,2020,4,petrol,JED
VEH-01680,306094476ce9fe533e16d20ea67b3b8b,Toyota,Corolla,2025,4,petrol,RUH
VEH-01681,8f0fb4bad0cba34b008e2e95027414f5,Hyundai,Elantra,2025,4,petrol,RUH
VEH-01682,7f75cf58a231e7dac97bc5876f54eac0,Toyota,Land Cruiser,2025,7,petrol,RUH
VEH-01683,ad3cdaf425f75b90e7074e949336be3f,Nissan,Altima,2023,4,petrol,RUH
VEH-01684,5e85f0cc7f0c96730b6138d07c1f96f9,Hyundai,Accent,2026,4,petrol,RUH
VEH-01685,b2d20918f2ceab8b7fc0552001f37219,Toyota,Camry,2024,4,petrol,JED
VEH-01686,466e203a47492862c40c3558cc17782c,Kia,Cerato,2024,4,petrol,RUH
VEH-01687,8e9e0c3ff16930b11565377898cc6475,Hyundai,Sonata,2024,4,petrol,RUH
VEH-01688,eade21d2edbc0fa7761fcbf17ef8cc0d,Hyundai,Elantra,2019,4,petrol,RUH
VEH-01689,45fe935c7589aa294bfc7a971a9f4a7d,Toyota,Corolla,2025,4,petrol,RUH
VEH-01690,009c2167b6c87cfde98a1a9629b7d77e,Tesla,Model 3,2023,4,electric,JED
VEH-01691,c18df329c02a53c0960d63e0e283fd96,Toyota,Camry,2023,4,petrol,DMM
VEH-01692,02ab16154f5a53378c5da08f08aef654,Hyundai,Accent,2018,4,petrol,DMM
VEH-01693,fe8f3546fb9c9f3973e6f2ae16b1e204,Toyota,Camry,2023,4,petrol,JED
VEH-01694,bbf7bf1b7541e9d2fe8826e602683cf5,Kia,K5,2023,4,petrol,DMM
VEH-01695,2bf3d01832c447647b48b2b2cd60dd6e,Hyundai,Elantra,2022,4,petrol,DMM
VEH-01696,ff6a18699525a3a923272fd3530d0d01,Lexus,ES 300h,2024,4,hybrid,JED
VEH-01697,5afacbec0ed4f7672e4fe9e70ba9cbf8,Toyota,Camry,2022,4,petrol,JED
VEH-01698,a672b6042c834552a014aeb60066d295,Toyota,Camry,2024,4,petrol,RUH
VEH-01699,6d142655ecbd72132ac3704b4eb85fdd,Toyota,Corolla,2024,4,petrol,RUH
VEH-01700,a2fe2c3bfa52c5137e0f683fb67b1d57,Toyota,Camry,2022,4,petrol,DMM
VEH-01701,b23f4c79df573fa897d4ec9d9a2c8a3f,Toyota,Camry,2025,4,petrol,DMM
VEH-01702,947a8fe12ac7b3635d209be2b5de2e46,Toyota,Corolla,2022,4,petrol,DMM
VEH-01703,927d4cdd2c8ff46d989ff68a9a6f74f0,Chevrolet,Malibu,2025,4,petrol,JED
VEH-01704,2f8f7d3fdb17aa88212c3d6c5051cead,Hyundai,Accent,2024,4,petrol,JED
VEH-01705,50a6fc36d3b8a016548997d49a3b555a,Toyota,Corolla,2024,4,petrol,RUH
VEH-01706,f893955d2973037e7082baa5f70c08be,Chevrolet,Malibu,2025,4,petrol,RUH
VEH-01707,f30f3b3097cf714e6fdb6fb578f51239,Toyota,Camry,2026,4,petrol,RUH
VEH-01708,9431b62030551a3f287fddadd68e76cd,Hyundai,Elantra,2025,4,petrol,RUH
VEH-01709,0497c6d41acc3bca68eb359719451762,Toyota,Hiace,2021,11,diesel,RUH
VEH-01710,f91da0f4bd1304f0778496e10e1838a3,Hyundai,Elantra,2026,4,petrol,RUH
VEH-01711,8803e855b37cebbe755050d80cf4b633,Hyundai,Sonata,2024,4,petrol,RUH
VEH-01712,679d2f8f6c7c7746878d2ddbe117c8ea,Hyundai,Elantra,2019,4,petrol,RUH
VEH-01713,2df5080bb8213a11ef6b515587390e79,Lexus,ES 300h,2020,4,hybrid,RUH
VEH-01714,3664a153a211405fb5ef328ea0acb9a0,Hyundai,Elantra,2024,4,petrol,JED
VEH-01715,194744db12b329d398d03b160b1af321,Kia,Cerato,2019,4,petrol,RUH
VEH-01716,c06c32ff699573582f243219ae88e185,Chevrolet,Malibu,2021,4,petrol,RUH
VEH-01717,6b33d49f2bdb545828f2db654747ee64,Hyundai,Elantra,2025,4,petrol,JED
VEH-01718,cb7f7cecf83cde059693350c8d23934e,Toyota,Camry,2025,4,petrol,RUH
VEH-01719,f67db652c88b0ad8d36f680ff7a8766b,Hyundai,Elantra,2023,4,petrol,RUH
VEH-01720,33f2ca42a00ff37a757c95601d6e2293,Kia,K5,2019,4,petrol,JED
VEH-01721,7140b931b36ef2c7d5cd58314e90ecba,Lexus,ES 300h,2026,4,hybrid,JED
VEH-01722,19cf6a7784f9a8536fe8847f4cd804f4,Tesla,Model 3,2024,4,electric,RUH
VEH-01723,f22b545435d4c252d011b922b88d437c,GMC,Yukon,2024,7,petrol,RUH
VEH-01724,79d820d34130b291d23c2c77e55978c6,Hyundai,Sonata,2022,4,petrol,RUH
VEH-01725,935dcbea354f6c8bcebf777eaa6688d1,Toyota,Camry,2024,4,petrol,JED
VEH-01726,a78bd4282742e460120bd80670ba09ee,Toyota,Corolla,2021,4,petrol,RUH
VEH-01727,50c2efd3bb07fa4fe2f8603628e02532,Toyota,Corolla,2019,4,petrol,DMM
VEH-01728,271c8ffce6227ea36754876be53e801c,Hyundai,Sonata,2023,4,petrol,DMM
VEH-01729,831cb70adc2d54762025092051637d51,Nissan,Altima,2025,4,petrol,DMM
VEH-01730,ca47dd99de6de0bf5bb534d3ca324902,Hyundai,Elantra,2021,4,petrol,DMM
VEH-01731,f8ba48cd4c1af4ea4710c341a6c337d6,Hyundai,Elantra,2021,4,petrol,RUH
VEH-01732,281c198d201d1dd25b2de0576359782e,Toyota,Corolla,2022,4,petrol,JED
VEH-01733,75755100513f3ef3c6e9590705429c01,Kia,K5,2026,4,petrol,JED
VEH-01734,8ceab4757b923a5a4fe6867965a9beee,Hyundai,Elantra,2018,4,petrol,RUH
VEH-01735,4b3709c4aa7ef67b4c9c8d3a9962d746,Hyundai,Sonata,2019,4,petrol,RUH
VEH-01736,e4ffc9f63938767c76f5bd527655d8e3,Hyundai,Sonata,2022,4,petrol,JED
VEH-01737,538b98642ffc06feb1ba47d5e4bf6671,Hyundai,Accent,2018,4,petrol,RUH
VEH-01738,2a85d01281a9cf794952b2c3f0adfa5b,Nissan,Altima,2021,4,petrol,RUH
VEH-01739,e965622982c6eb18bd241a51d1764587,Toyota,Camry,2023,4,petrol,RUH
VEH-01740,3c63f4e1d6ce9295192c40f8b576cd61,Hyundai,Accent,2025,4,petrol,RUH
VEH-01741,4fd49c3bd76a2fd6171b1e365dad06e0,Toyota,Hiace,2023,11,diesel,RUH
VEH-01742,7deb7bf5dc46cda84b7c20a4eaee6f8c,BYD,Han EV,2025,4,electric,JED
VEH-01743,764ab4e9f71f1fe1ea9e594ab8e57104,Hyundai,Accent,2025,4,petrol,RUH
VEH-01744,7d7c8bbee28d45459797091fff8f0aa1,Toyota,Corolla,2021,4,petrol,RUH
VEH-01745,748dcd4bda27b2f7c98ee00de174d6c7,Toyota,Land Cruiser,2026,7,petrol,JED
VEH-01746,9f89a699d3bf5ac3c3dcf5f246003075,Nissan,Altima,2021,4,petrol,RUH
VEH-01747,53760cfcb67017e15a1489443cb16fcf,Kia,Cerato,2024,4,petrol,DMM
VEH-01748,94c74779c149871e5ee197ea08a7a957,Kia,Cerato,2024,4,petrol,RUH
VEH-01749,490f8290254dac1447145694ab906f15,Kia,K5,2020,4,petrol,JED
VEH-01750,f7d6cd9b1881bf4c9248518c64a2986b,Hyundai,Elantra,2022,4,petrol,RUH
VEH-01751,b36a0ded25803c1535624f89fd329ce8,Toyota,Camry,2022,4,petrol,RUH
VEH-01752,57769d321e6b4cfa1caef4947e2006c0,Chevrolet,Malibu,2025,4,petrol,RUH
VEH-01753,ba04e40a6bbcbabf3b3664bea40f3dba,Toyota,Camry,2023,4,petrol,JED
VEH-01754,d70bbb8d7d9945a011d4ee943de9e1ee,Chevrolet,Malibu,2022,4,petrol,JED
VEH-01755,fa600c96edc4410e741f7a16fbb6a01d,Hyundai,Accent,2022,4,petrol,JED
VEH-01756,965ab18e933cdcba06b9c580758e2a07,Toyota,Camry,2024,4,petrol,RUH
VEH-01757,965124e302f9bc78a6e672b7edc4ad3f,Lexus,ES 300h,2024,4,hybrid,RUH
VEH-01758,9aee59c3d0e12afb9e5d93b7ce4e2368,Hyundai,Elantra,2024,4,petrol,JED
VEH-01759,8897ff8a3baf5356e96205475371f7bf,Hyundai,Accent,2019,4,petrol,RUH
VEH-01760,1577c0c173c35d332d63834939312e43,Hyundai,Elantra,2025,4,petrol,DMM
VEH-01761,fbc76182fb406f5026c835d42180f523,Hyundai,Sonata,2021,4,petrol,RUH
VEH-01762,2b21294cf775a0950e350488c8f60503,BYD,Han EV,2022,4,electric,RUH
VEH-01763,1953813a01cb2e4b2bed57fc504f3a52,Toyota,Camry,2022,4,petrol,RUH
VEH-01764,4aa1ac8bf6bf10dbabcaab2113071eae,Honda,Accord,2023,4,petrol,JED
VEH-01765,6d056a5d71d202c291e9e0a1b72cbc42,Toyota,Corolla,2025,4,petrol,RUH
VEH-01766,1e310141884f7ab1c08533db98cdf061,Toyota,Corolla,2020,4,petrol,RUH
VEH-01767,78dbaafe20a9a38017de16fd7ef87202,Hyundai,Sonata,2024,4,petrol,JED
VEH-01768,49a17450cbbe333990ce39be68435098,Hyundai,Accent,2024,4,petrol,RUH
VEH-01769,944306b58a1fa7026703b196e53f6cf9,Hyundai,Sonata,2023,4,petrol,DMM
VEH-01770,111158356f3b448b4ed2c4c7a30d1c3d,Kia,K5,2020,4,petrol,JED
VEH-01771,e06816011e298d290c665dd2ebdecfc7,Hyundai,Sonata,2023,4,petrol,RUH
VEH-01772,b2142c97c6695464149757f9e33b08c5,Hyundai,Accent,2024,4,petrol,RUH
VEH-01773,a41e2dd53bbb0099d9adf94716020ba5,Toyota,Camry,2025,4,petrol,RUH
VEH-01774,688a794e9409c9655d5a69502509cf5d,Toyota,Camry,2021,4,petrol,DMM
VEH-01775,137f03a434cca8b9165652a787701973,Chevrolet,Malibu,2023,4,petrol,RUH
VEH-01776,4eedeba98f6c10010dc67ef5e4efad3e,Toyota,Corolla,2021,4,petrol,RUH
VEH-01777,96e8bd7e7d823e8792f7eb775d11ff33,Toyota,Corolla,2023,4,petrol,JED
VEH-01778,e343a4c65a03129c15bd47599ec0ef95,Toyota,Camry,2021,4,petrol,RUH
VEH-01779,d3c73e7267f2bf51f0591dfe4bc0774a,Hyundai,Sonata,2019,4,petrol,RUH
VEH-01780,12537120e1022adfc3700a1d87088f6f,Toyota,Corolla,2020,4,petrol,DMM
VEH-01781,8f731b10595287b5ca5ab35fd1e4098d,Toyota,Corolla,2023,4,petrol,RUH
VEH-01782,5457635c9a0cae8ca3ca56856ff3d8ec,Toyota,Camry,2023,4,petrol,RUH
VEH-01783,98a497691bd16329b4c559330a2ceb26,Toyota,Hiace,2024,11,diesel,RUH
VEH-01784,80e1cbb0135d5fc536b605800ec46e0c,Nissan,Sunny,2024,4,petrol,RUH
VEH-01785,50fca9920a166998cd17a7165c5cb7c6,Toyota,Corolla,2020,4,petrol,RUH
VEH-01786,0dc9f153953734d967fcc0f38af20d12,Nissan,Sunny,2024,4,petrol,JED
VEH-01787,1d37b1d24e129ed527540878d59761b9,Tesla,Model 3,2023,4,electric,RUH
VEH-01788,00695ab928df3920148fd3bd4a0f8d9a,Hyundai,Elantra,2022,4,petrol,RUH
VEH-01789,5e02b881a9e1a18d23f0e4237ffbe111,Toyota,Land Cruiser,2021,7,petrol,JED
VEH-01790,dbce598c8e22f432ee781cb1af145044,Nissan,Sunny,2024,4,petrol,RUH
VEH-01791,a68bda3b770d4633d6f654b71cede221,Toyota,Camry,2026,4,petrol,JED
VEH-01792,e052340695c1e4bbc251f40ed7d1a600,Toyota,Camry,2025,4,petrol,JED
VEH-01793,efb3aa3b83cdf3a39b32f241585406d9,Toyota,Camry,2021,4,petrol,RUH
VEH-01794,7e37cd907d1950a02747630992d4a02a,Toyota,Land Cruiser,2019,7,petrol,DMM
VEH-01795,d6b151387f80400a71b7551430165d3f,Hyundai,Elantra,2023,4,petrol,RUH
VEH-01796,5e0027eca50f75515b2f912fc196fea6,Nissan,Sunny,2018,4,petrol,RUH
VEH-01797,d0fedd2c465347c6d1f834f7858c4a34,BYD,Han EV,2025,4,electric,RUH
VEH-01798,85c59c7813ddd4d0db3b3145e369e31f,Hyundai,Elantra,2022,4,petrol,RUH
VEH-01799,dd85676af62f0d42662a8382b936a86b,Hyundai,Sonata,2021,4,petrol,DMM
VEH-01800,6f99b1dca99ca1d4e6abe60394fab90f,Toyota,Land Cruiser,2024,7,petrol,DMM
VEH-01801,9c5d9f681155911897cb1a52c0c2f473,Tesla,Model 3,2023,4,electric,DMM
VEH-01802,41b885c4a78958ef6b66cdb18500a6ff,Hyundai,Elantra,2021,4,petrol,JED
VEH-01803,dec7c0409e1ec42f18e254a9bb922f05,Kia,K5,2025,4,petrol,JED
VEH-01804,051ed1e93940dbbe07530c871dd43b0e,Hyundai,Sonata,2021,4,petrol,JED
VEH-01805,cc72466813ea639c038daad647667c9a,Toyota,Corolla,2025,4,petrol,RUH
VEH-01806,11bad148611715d09bcebbeba6e240d7,Hyundai,Sonata,2020,4,petrol,RUH
VEH-01807,12ec007b086e5c0a96103117062adebf,Toyota,Camry,2026,4,petrol,RUH
VEH-01808,77f51c7c6fd3c9466dffc77b3fb24436,Toyota,Corolla,2024,4,petrol,JED
VEH-01809,13cb4756c460f03c1d9db3fdb6679a53,Hyundai,Sonata,2021,4,petrol,RUH
VEH-01810,d03612cf16d34be758e0941ba3621f7f,Hyundai,Elantra,2021,4,petrol,RUH
VEH-01811,d6bf4825dfcf1ecdcfd6c5bc8bcef140,Kia,K5,2022,4,petrol,DMM
VEH-01812,37bcf2fcbbdd24753b74ef9e0b644077,Hyundai,Accent,2018,4,petrol,RUH
VEH-01813,95d15051c8cf141957ff001dbdedda1d,Hyundai,Accent,2023,4,petrol,RUH
VEH-01814,dcaa4a8c0f94aeca9448fa671061f3a1,Kia,K5,2024,4,petrol,DMM
VEH-01815,bb4e7acfaf10da539b79bdf314266721,Kia,K5,2023,4,petrol,RUH
VEH-01816,624b5c75d7193e2d486ffdb4f60b9b32,Kia,Cerato,2025,4,petrol,RUH
VEH-01817,f78d9dcc250cf037da29cdea4079442f,Hyundai,Sonata,2022,4,petrol,RUH
VEH-01818,0868b6074117d8e3df61d37019e7d8eb,Toyota,Land Cruiser,2026,7,petrol,JED
VEH-01819,1deaa10fbcd08e710c6b4a0c2ed765a4,Toyota,Camry,2023,4,petrol,RUH
VEH-01820,9236940eb3a2800c3f73b41adf35bb26,Kia,K5,2026,4,petrol,RUH
VEH-01821,9b85e57efb58e44deb481ef2861681e1,Chevrolet,Malibu,2023,4,petrol,JED
VEH-01822,fffde47f97594cd8d0a0331597e6d2e7,Hyundai,Sonata,2023,4,petrol,RUH
VEH-01823,0daf722b6b4ebab870e6ec01dce1d06d,Hyundai,Accent,2024,4,petrol,DMM
VEH-01824,07186f8cb6f50b904d5221c7fc853f86,Nissan,Altima,2025,4,petrol,JED
VEH-01825,00632fdf066b18b5f392881ed22c27b5,Hyundai,Elantra,2020,4,petrol,DMM
VEH-01826,e7c9792a2c69afd27e9da60260eae816,Hyundai,Elantra,2025,4,petrol,JED
VEH-01827,adcd6f2b7a6ac711cd6d0ffd1607c99f,Toyota,Camry,2022,4,petrol,JED
VEH-01828,9c91f847274f9b65f56e53403ac3ba0d,Nissan,Altima,2020,4,petrol,RUH
VEH-01829,7b44c291b7cc337f517aa36c60c102dc,Toyota,Camry,2023,4,petrol,RUH
VEH-01830,acba66a0cbe840ab801c4a33d4bfe96b,Toyota,Camry,2022,4,petrol,DMM
VEH-01831,ffb6dd6932bb2cb7a323e1b822524602,Toyota,Camry,2021,4,petrol,RUH
VEH-01832,2c8e2756ecc0957c92abee9c127c0282,Hyundai,Sonata,2026,4,petrol,JED
VEH-01833,aa6102949552b7f6c05d5712a2d0d982,Hyundai,Elantra,2022,4,petrol,JED
VEH-01834,715a20559f41fc882fe43e17dfad4b32,Toyota,Camry,2019,4,petrol,RUH
VEH-01835,e22a004c388524b6f3f69789754222d5,Nissan,Sunny,2021,4,petrol,RUH
VEH-01836,3e8f4bea0adc131694ae5c1dfa5d86b8,Tesla,Model 3,2024,4,electric,RUH
VEH-01837,c214bd460e5f5436acd0cd5db6e3de05,Nissan,Sunny,2022,4,petrol,RUH
VEH-01838,051083d1b3b5b05a502a71ffc48f88b1,Hyundai,Accent,2019,4,petrol,RUH
VEH-01839,7d1ad031631531d0f7206234f0907eb9,Nissan,Sunny,2022,4,petrol,RUH
VEH-01840,9def6baeab34a38f25a7b493ad474059,Nissan,Altima,2023,4,petrol,RUH
VEH-01841,555d29709f5525b6a281bf1ecb4a908e,Toyota,Corolla,2020,4,petrol,JED
VEH-01842,f89c3c572ae5ae5a3096cefa52bd679a,Toyota,Camry,2024,4,petrol,RUH
VEH-01843,c2df0b5e97522b8a923e2feaa1946d35,Hyundai,Sonata,2023,4,petrol,RUH
VEH-01844,ff6aa06608eb6def38b3e068c9798381,Nissan,Altima,2022,4,petrol,RUH
VEH-01845,ba0dbf4a91a98ae8f18a2d28a38d7592,Hyundai,Elantra,2023,4,petrol,RUH
VEH-01846,0c12677afc672c34369475c9d9f58e80,Toyota,Camry,2020,4,petrol,JED
VEH-01847,5e4e94a94807d6d788828aa005936484,Hyundai,Accent,2023,4,petrol,RUH
VEH-01848,d80aa2a459349359135033b492615647,Toyota,Corolla,2023,4,petrol,JED
VEH-01849,6e6d6fbc210dd9bde4912b9d792f4a69,Hyundai,Sonata,2026,4,petrol,JED
VEH-01850,109b7fa521352a8af96b6f31ef17bebe,Hyundai,Elantra,2026,4,petrol,RUH
VEH-01851,daa89a41650132a0e74981869174b46b,Hyundai,Elantra,2026,4,petrol,RUH
VEH-01852,4d115e9fdd187a4652770bcbbc8afe86,Nissan,Sunny,2024,4,petrol,RUH
VEH-01853,3a23d8c76cdd9a7b863494b72c93fcff,Hyundai,Accent,2021,4,petrol,DMM
VEH-01854,e1ed6b36cac24805cd594778d897b6a3,Hyundai,Elantra,2022,4,petrol,JED
VEH-01855,6c0c9415c1decb7871ddb7b0ade8578d,Kia,K5,2022,4,petrol,RUH
VEH-01856,187b013082f0594f34bb46a9eedb3c3b,Toyota,Hiace,2019,11,diesel,RUH
VEH-01857,dcd810295bc4cab914c93da7ace290c4,Toyota,Land Cruiser,2025,7,petrol,RUH
VEH-01858,ace0ef6f0049c4963a3aa221f84405fe,Nissan,Altima,2025,4,petrol,DMM
VEH-01859,c630ccdb5877d7660a6ede772964e74a,Toyota,Camry,2024,4,petrol,JED
VEH-01860,1a98c76a0e92334eb5af7939d2be7ce4,GMC,Yukon,2022,7,petrol,RUH
VEH-01861,83c7893636042e1fd94b5740a8d866d6,Chevrolet,Malibu,2018,4,petrol,DMM
VEH-01862,ddfa44a0a8d70531769bf4ac31e17af6,Hyundai,Accent,2024,4,petrol,JED
VEH-01863,3388291f96467271e596fb197d2e912d,Kia,K5,2020,4,petrol,JED
VEH-01864,de59f85e6c9783b0be69b20dc8f1ec1d,Toyota,Camry,2019,4,petrol,RUH
VEH-01865,274c4a6d5fefe94dff1e1b40bcf42c94,Toyota,Corolla,2019,4,petrol,JED
VEH-01866,b248eb47b5c9fef3fa4aba97e4bf1c1a,Tesla,Model 3,2022,4,electric,JED
VEH-01867,1254af9c24b171e771d087def36278ce,Toyota,Corolla,2024,4,petrol,DMM
VEH-01868,3d63fa7a23c352e7bbb4f288475e6b92,Toyota,Land Cruiser,2023,7,petrol,JED
VEH-01869,69357deb9143a5145fa0753884780edb,Toyota,Camry,2022,4,petrol,RUH
VEH-01870,4673da58d2fec7dd94b58d85eea0756a,Lexus,ES 300h,2021,4,hybrid,RUH
VEH-01871,8b029430dca1b6ca453809c1bd77c460,Lexus,ES 300h,2018,4,hybrid,RUH
VEH-01872,b880e592ae062c53217a7bc83b23e54e,Kia,K5,2021,4,petrol,JED
VEH-01873,15731561584deac0827d6e46924f3941,Hyundai,Accent,2022,4,petrol,DMM
VEH-01874,458cd0894abcaa17abfa8bcffeefcf48,Kia,K5,2024,4,petrol,JED
VEH-01875,1eafa7c0dd48a6b9eca909060475f77b,Toyota,Corolla,2026,4,petrol,JED
VEH-01876,057246d8e9b4a59f716ae5f3707d5194,Hyundai,Elantra,2024,4,petrol,RUH
VEH-01877,e81925e2c7862e824dbb1710afaf053f,Hyundai,Sonata,2026,4,petrol,JED
VEH-01878,9b0a83146a872ff42a239c17e27c7a3a,Toyota,Camry,2024,4,petrol,JED
VEH-01879,f757a9b3598891738e130326d5403dd6,Nissan,Altima,2021,4,petrol,JED
VEH-01880,29d243b3872d969a3fd20edc5829d392,Toyota,Camry,2019,4,petrol,DMM
VEH-01881,6924951a6b80fd3e2b2a41a4d81a4b94,Toyota,Camry,2020,4,petrol,RUH
VEH-01882,315501411fb92641e3b598117a3db974,Toyota,Camry,2023,4,petrol,DMM
VEH-01883,80af0702e5c6cf12c4e7c5ef6bd3a7bb,Toyota,Corolla,2021,4,petrol,DMM
VEH-01884,f875b7ed27f5e513573b434622cf1d42,Toyota,Corolla,2022,4,petrol,RUH
VEH-01885,5be95e1eeaf0a6e01935caa01b34ad39,Lexus,ES 300h,2024,4,hybrid,RUH
VEH-01886,3ad3a9ea7d6c089629702db460428bb3,Hyundai,Accent,2023,4,petrol,RUH
VEH-01887,5106465009905e32f520c83e40a78352,Hyundai,Accent,2024,4,petrol,RUH
VEH-01888,8d8079286409c1dea3b87765de56be42,Kia,Cerato,2020,4,petrol,DMM
VEH-01889,d90e3e2a975bdfb1787c77b694b7017b,Hyundai,Sonata,2022,4,petrol,JED
VEH-01890,8f8861ae273617122e464025febfb1fa,Honda,Accord,2022,4,petrol,DMM
VEH-01891,dec28a57eba67a55dad7cb528d3b42cb,Kia,Cerato,2023,4,petrol,RUH
VEH-01892,db5973b848853ff3d37f3028215a1b48,Kia,K5,2023,4,petrol,JED
VEH-01893,db16549b8a5327c966b91e28698e9774,Kia,Cerato,2026,4,petrol,RUH
VEH-01894,3825bb8967dd854c55805f3b3c2508f6,Toyota,Corolla,2021,4,petrol,DMM
VEH-01895,5037bc1c542759e783a10e7085a14270,Toyota,Camry,2020,4,petrol,DMM
VEH-01896,ae3fbb0cad9d114e51c7a8cff6b80aa9,Honda,Accord,2018,4,petrol,RUH
VEH-01897,b00af18fd2ef4f9837a9229cdf1efca4,Hyundai,Sonata,2023,4,petrol,JED
VEH-01898,6a690f8f9beae522028a4cde8fe13e59,Toyota,Camry,2019,4,petrol,JED
VEH-01899,91f4c7bbf0121b736fdeeaba8b2529cd,Nissan,Altima,2018,4,petrol,RUH
VEH-01900,9fa723d54367b1d609c4a7cd9f371cbc,Kia,K5,2021,4,petrol,DMM
VEH-01901,0ad426af61c3877b04dec0d78240085d,Lexus,ES 300h,2020,4,hybrid,JED
VEH-01902,1b90a761eaf73b7fcc5441279cfc0abc,Hyundai,Accent,2025,4,petrol,DMM
VEH-01903,9a67538976aec71ab65b9ffe25eb38a2,BYD,Han EV,2022,4,electric,DMM
VEH-01904,b3b562f19ee5d7600d7f05937e5bb99a,Hyundai,Elantra,2021,4,petrol,RUH
VEH-01905,1de71f4c8b19b6f2e224bc8b6a9e26d5,Toyota,Camry,2022,4,petrol,RUH
VEH-01906,09ddcf8a43bb550fa617055a0fc6a7b8,Toyota,Camry,2022,4,petrol,RUH
VEH-01907,3fff43bd630e1d0d0199aee27efcd846,Toyota,Camry,2022,4,petrol,DMM
VEH-01908,523c3c8328e3706da876a641655febb6,Toyota,Camry,2023,4,petrol,DMM
VEH-01909,b1d613e1a0550c9cbaa29c78193dfdab,Hyundai,Accent,2024,4,petrol,JED
VEH-01910,18161c8fb86a82dc49c265576a81fa26,Hyundai,Accent,2022,4,petrol,DMM
VEH-01911,09a1d995f7af30bb809fdea8e60cadfc,Toyota,Corolla,2022,4,petrol,JED
VEH-01912,58b79f4b53749ff34fdc7c5e61f8659e,Toyota,Hiace,2023,11,diesel,JED
VEH-01913,dc259a22a960ced649b59751141abb02,Nissan,Altima,2025,4,petrol,JED
VEH-01914,4d528081d425de4911d0319b7aeec1d6,Toyota,Camry,2023,4,petrol,RUH
VEH-01915,596b1a79a01c105b4cd0157c729af4d3,Toyota,Camry,2021,4,petrol,RUH
VEH-01916,3ddb524e913c8149947598177396a6d3,Toyota,Corolla,2024,4,petrol,DMM
VEH-01917,06f3318a85c437d94cc3546c06542c67,Hyundai,Accent,2021,4,petrol,JED
VEH-01918,c05486a862d7fd40e87e6eab310c9093,Kia,Cerato,2020,4,petrol,RUH
VEH-01919,3c845d3304c05f884562d146262ca1d6,Honda,Accord,2022,4,petrol,RUH
VEH-01920,24a62fdb6c50604065b35a5a90dc0ea4,Kia,K5,2023,4,petrol,RUH
VEH-01921,02c1abc774784147a41ec91727e03683,Honda,Accord,2025,4,petrol,RUH
VEH-01922,eaae247bb5e028e8485bb3007d42b209,Chevrolet,Malibu,2025,4,petrol,JED
VEH-01923,9e81a54c252735ca77e1be0bbf93e55c,Hyundai,Accent,2024,4,petrol,JED
VEH-01924,3a2efbd55b88274f396363d2624a05a9,Kia,K5,2018,4,petrol,RUH
VEH-01925,f6d9358c8f2d381be24b1f7e757e0ec4,Nissan,Altima,2023,4,petrol,JED
VEH-01926,36749947f62fc6b65fb98045f6c7dfeb,Hyundai,Accent,2025,4,petrol,RUH
VEH-01927,a27e1588b8d1d584300df70e9571bfed,Toyota,Camry,2022,4,petrol,DMM
VEH-01928,33e89b9fe4ef0efb1f5ba4e906d317f4,Toyota,Camry,2025,4,petrol,DMM
VEH-01929,36974c49150bf5e7a2b0a06c5f9969bb,Toyota,Camry,2024,4,petrol,RUH
VEH-01930,04e1fa7d54f8f16cf9eeaf45322f9a5f,Hyundai,Sonata,2022,4,petrol,RUH
VEH-01931,17105104b9549553104f5db893f0097f,Toyota,Camry,2023,4,petrol,RUH
VEH-01932,f96a00628a77602a81946c455d5addec,Toyota,Camry,2022,4,petrol,RUH
VEH-01933,80725205683618aa990e22f6c209c924,Nissan,Altima,2025,4,petrol,RUH
VEH-01934,68aafce48a10a4d2def6f0e2bdc88464,Hyundai,Accent,2024,4,petrol,RUH
VEH-01935,08266ec01488a2249b167d9bdf19aa71,Kia,Cerato,2026,4,petrol,RUH
VEH-01936,61a5d64808dd706da66bd906a04d0dde,Toyota,Corolla,2024,4,petrol,JED
VEH-01937,ddc288356243923eb967ff1df353c322,Nissan,Altima,2024,4,petrol,DMM
VEH-01938,6e801c58c7cce80b032a6103dca68d52,Hyundai,Elantra,2024,4,petrol,RUH
VEH-01939,aa30868049d3e9ea7e2b772fd8d9d1f4,Kia,K5,2023,4,petrol,JED
VEH-01940,39ae1f41326444d007533be3a7cacfca,Honda,Accord,2022,4,petrol,DMM
VEH-01941,df6f93b5ddeb1d9b62d1fdf729ae7af9,Hyundai,Sonata,2022,4,petrol,RUH
VEH-01942,35034098200e1846c8b9424137688c78,Hyundai,Elantra,2023,4,petrol,RUH
VEH-01943,ea96b9b5c68caa4cdccae3a5d51d2173,Toyota,Corolla,2025,4,petrol,RUH
VEH-01944,d8f5a26397d493dfef5d5444963240f1,Toyota,Camry,2025,4,petrol,JED
VEH-01945,0fbc84354044e19c589f94ab83feaf2e,Nissan,Altima,2024,4,petrol,JED
VEH-01946,7f6d9493e2d8e1716073ed8612bbb1df,Toyota,Corolla,2026,4,petrol,JED
VEH-01947,09fcab6776d38bcab7af3a50b46fdeaf,Kia,K5,2021,4,petrol,DMM
VEH-01948,06b08c62d7efc2038db194cb84f65c47,Chevrolet,Malibu,2022,4,petrol,JED
VEH-01949,ffaebeb770ff843ac5ed446eea147a6d,Toyota,Camry,2022,4,petrol,JED
VEH-01950,2797d96b06ac357ac4c156e72bcd87d9,Toyota,Camry,2022,4,petrol,RUH
VEH-01951,8d66edede1c2e47c5a4eefa3d48d5c67,Kia,Cerato,2022,4,petrol,JED
VEH-01952,e19123810f3d8aca2875e5fbd389b97e,Kia,Cerato,2022,4,petrol,JED
VEH-01953,bcde9880d7c63c03871f9bae638b9ea5,Toyota,Land Cruiser,2021,7,petrol,JED
VEH-01954,84887f0efb4498ea542dd07278bbf81c,Toyota,Land Cruiser,2021,7,petrol,DMM
VEH-01955,09c2f74543d91cb227384205ed846ca1,Hyundai,Elantra,2024,4,petrol,DMM
VEH-01956,9a5742444787f26e5be52c1c0d809471,Hyundai,Elantra,2026,4,petrol,RUH
VEH-01957,925ecdea41790285b9829fa7c4f269fa,Hyundai,Sonata,2026,4,petrol,RUH
VEH-01958,f8cadef153844e58973e3f77ad216388,Hyundai,Sonata,2022,4,petrol,JED
VEH-01959,059b1419a6e0338b789158d483d2aac8,Hyundai,Accent,2025,4,petrol,RUH
VEH-01960,2b5443c9ff35dbfc896df5be43c6d283,Hyundai,Sonata,2021,4,petrol,DMM
VEH-01961,73a16cce9d681745ad76acc9cb9d2753,Hyundai,Elantra,2024,4,petrol,JED
VEH-01962,6ac8e84d3506668cabd72aa356099e94,Toyota,Camry,2021,4,petrol,RUH
VEH-01963,b987862bfac859d035ac089529e1fc7e,Hyundai,Sonata,2022,4,petrol,DMM
VEH-01964,6cab81f50e4985ef3a4a9b7627681add,Hyundai,Sonata,2024,4,petrol,RUH
VEH-01965,d5fbcabed475583634128fbdd86858a9,Chevrolet,Malibu,2021,4,petrol,JED
VEH-01966,99ec64c3d845f09243e1a5789e78826d,Toyota,Corolla,2024,4,petrol,JED
VEH-01967,ff330891b5fa759de668a541fb362ea0,Toyota,Camry,2021,4,petrol,JED
VEH-01968,9f5e2adf04431d2f5ac8e55ccb4ea349,Toyota,Corolla,2022,4,petrol,RUH
VEH-01969,3f19846d70c8a6e555ee5f3431abcb6d,Hyundai,Elantra,2023,4,petrol,JED
VEH-01970,b233d5f1c02f3889fb9c6a2640540d64,Toyota,Camry,2024,4,petrol,RUH
VEH-01971,9f962d0d94ff0138712dcea5f363c544,Nissan,Sunny,2023,4,petrol,RUH
VEH-01972,cd27a1d8603cb9689eb159ae56ac036e,Toyota,Corolla,2020,4,petrol,RUH
VEH-01973,74602d79048a732d53fa6708cb9d742d,Toyota,Camry,2024,4,petrol,DMM
VEH-01974,08431fa77edc198fad63f67a915d0268,Toyota,Camry,2019,4,petrol,RUH
VEH-01975,dce17de669532b7e54b38ebe9052eaec,Kia,K5,2022,4,petrol,JED
VEH-01976,2ad246473e11db5128239f7f8508d8b5,Hyundai,Accent,2020,4,petrol,RUH
VEH-01977,555231914c19e6a31cbb4fc06b382b89,Toyota,Hiace,2020,11,diesel,DMM
VEH-01978,444a5d93daab2c9a3421cd713f4c7a59,Hyundai,Accent,2023,4,petrol,DMM
VEH-01979,3328f5df7a27b841c4e7b3a823721339,Nissan,Sunny,2026,4,petrol,RUH
VEH-01980,88617f8d7b6f5c4a1a3b67abbb28a53d,Kia,K5,2025,4,petrol,RUH
VEH-01981,01137a68f2e2c955912d72192ba55655,Toyota,Corolla,2025,4,petrol,RUH
VEH-01982,e667dcc0eeb18e72627da9da4957f218,Toyota,Camry,2021,4,petrol,RUH
VEH-01983,0024e1adf5ff191acd6fb63bc9b6c588,Toyota,Corolla,2024,4,petrol,RUH
VEH-01984,a3fd7f4351c26b91f43a68f42d70c43a,Nissan,Sunny,2022,4,petrol,RUH
VEH-01985,a084dc2b37854f8715d883c8c5d44ae6,Toyota,Camry,2025,4,petrol,RUH
VEH-01986,f1eacd865b2e852a6c891082b3b59990,Toyota,Corolla,2026,4,petrol,RUH
VEH-01987,01964b4f59b8bf3f6830a2cb603fc437,Toyota,Hiace,2025,11,diesel,RUH
VEH-01988,80661de8611421c08111aa28e41f36aa,Lexus,ES 300h,2023,4,hybrid,JED
VEH-01989,d0360def6dcbfb32feae21640c703321,Hyundai,Elantra,2025,4,petrol,RUH
VEH-01990,202ba498e622571179506a5ac723800e,Toyota,Corolla,2021,4,petrol,RUH
VEH-01991,f044423e99a53b647086ebabfd12df03,Hyundai,Elantra,2022,4,petrol,RUH
VEH-01992,351b13c942e35102dbff508820a08d30,Nissan,Altima,2025,4,petrol,RUH
VEH-01993,a5689a6793c59be49d17ea076429b2da,Honda,Accord,2022,4,petrol,RUH
VEH-01994,2d06327ff97460b993ee9b5486b4ef6d,Toyota,Camry,2024,4,petrol,RUH
VEH-01995,c8fa6a359603d2bd3269fae64d415a4c,Hyundai,Sonata,2023,4,petrol,RUH
VEH-01996,29ae3d8e1d9b637172f86834bf2280db,Hyundai,Sonata,2024,4,petrol,JED
VEH-01997,149441b54ad83da1748b1ad593b1d137,Toyota,Camry,2024,4,petrol,RUH
VEH-01998,5be31c94d8bce33870a9e6a7783833d1,Toyota,Camry,2024,4,petrol,RUH
VEH-01999,49701c45de5f980b45af15bfb366b9cb,Nissan,Sunny,2018,4,petrol,JED
VEH-02000,ad9e79a6a3865825a16eb2d3ad9c1a5f,Toyota,Corolla,2025,4,petrol,DMM
VEH-02001,a74df93eb7baee93e547dc52d3da79b8,Toyota,Corolla,2022,4,petrol,RUH
VEH-02002,5f940df3f7647070cb8422e6b6832967,Nissan,Altima,2023,4,petrol,RUH
VEH-02003,fbf2dd83a572b0d53272e5b9cfafb160,Toyota,Corolla,2023,4,petrol,JED
VEH-02004,580c47df7053f9b8e7fd9415efadd8c8,Hyundai,Sonata,2024,4,petrol,DMM
VEH-02005,2bd28910bb4ec006d8f645abe191b42f,Hyundai,Sonata,2021,4,petrol,JED
VEH-02006,38fae11cee16288fa00528f8b4a2e4c5,Chevrolet,Malibu,2025,4,petrol,RUH
VEH-02007,2e30869a50628e971769aa7db2ef9dc0,Nissan,Sunny,2021,4,petrol,RUH
VEH-02008,ce0b3d642b8b98cc281f205802ba0dff,Lexus,ES 300h,2026,4,hybrid,JED
VEH-02009,37412579a8920635cccfe62027ee5b64,Hyundai,Elantra,2025,4,petrol,JED
VEH-02010,48ff08151ea0b370af03a93377d7d393,Kia,K5,2023,4,petrol,JED
VEH-02011,9ea11c6c700f106c976e9abbe319d0ce,Toyota,Camry,2025,4,petrol,RUH
VEH-02012,f966dad540180ae948d1b63252081b77,Kia,Cerato,2022,4,petrol,JED
VEH-02013,322a8ee58ff3226f40687c6f3f5da708,Toyota,Corolla,2020,4,petrol,RUH
VEH-02014,6c515392feb2d8f45d92599c4a0f365b,Toyota,Land Cruiser,2025,7,petrol,RUH
VEH-02015,8f6be0c1ed3bc038c6a091c794eda703,Hyundai,Elantra,2026,4,petrol,RUH
VEH-02016,16fff2f81039df44fdef4bc106d24247,Hyundai,Elantra,2024,4,petrol,RUH
VEH-02017,7fc604ffc575b92fb3adaa1a0b2646e5,Honda,Accord,2024,4,petrol,RUH
VEH-02018,505d7569829d62cabfa980c557d43fb1,Kia,Cerato,2023,4,petrol,JED
VEH-02019,144ac1afb284e70b975822bcaede1b7a,Hyundai,Sonata,2022,4,petrol,JED
VEH-02020,9409f9f5740d205375bc9910dc2c3d05,Hyundai,Sonata,2021,4,petrol,JED
VEH-02021,d21ac15f6e354ecb054ad34ab6b66a80,Hyundai,Accent,2019,4,petrol,RUH
VEH-02022,43585064cdcfa195bfcf90d530bb9840,Toyota,Land Cruiser,2023,7,petrol,DMM
VEH-02023,8dcad50d3418248e85290a1ca7382739,Toyota,Camry,2020,4,petrol,JED
VEH-02024,429a12c54afa09a10e4aebdea1fd6e76,Hyundai,Sonata,2021,4,petrol,DMM
VEH-02025,35478e9de996f3bd37516d023d5353db,Toyota,Camry,2019,4,petrol,RUH
VEH-02026,3bc044197e5edae76ad5e6ec25e49a5d,Nissan,Sunny,2024,4,petrol,JED
VEH-02027,9b252342eb2ca0bcd9e4a084dc720710,Tesla,Model 3,2026,4,electric,RUH
VEH-02028,3f5e498c426836930feba6e84c0148bd,Kia,Cerato,2026,4,petrol,DMM
VEH-02029,feefd1bb113939cb7b0045046fdfcf25,Kia,K5,2022,4,petrol,DMM
VEH-02030,4f23becbd3a83cbe6b89ab4cbb3aa0ca,Hyundai,Sonata,2018,4,petrol,RUH
VEH-02031,2627c83ddcff5a9b99f1cd162e7e2c2f,Toyota,Camry,2021,4,petrol,DMM
VEH-02032,4f628dcd3f01714c5eb396637e57d9a7,Toyota,Corolla,2023,4,petrol,JED
VEH-02033,324897d358c9ab26d2796ec3a02ad117,Honda,Accord,2021,4,petrol,RUH
VEH-02034,cd0ebd28f7a3405a6d9a4da247131196,Hyundai,Accent,2020,4,petrol,RUH
VEH-02035,ecc0efb9f2789bdf62d40cd800a9e231,Kia,K5,2025,4,petrol,JED
VEH-02036,7880476d25359fc3191025e2086f1ab5,Chevrolet,Malibu,2020,4,petrol,RUH
VEH-02037,fbfef5d17446d05a15e8f32169a818a0,Toyota,Camry,2024,4,petrol,RUH
VEH-02038,d0746c0e69ed195c2f0450eaeeb9778a,Hyundai,Elantra,2022,4,petrol,JED
VEH-02039,19b92c4bd976361e54adbeb99f09de71,Kia,K5,2020,4,petrol,RUH
VEH-02040,69f90c4205ffc2ccad4498aba3a2c20f,Toyota,Hiace,2023,11,diesel,RUH
VEH-02041,de74306aa224bb0405086dab60a394b8,Nissan,Altima,2025,4,petrol,RUH
VEH-02042,4ed47834ce29db8b94c5bfaf9a7616f0,Hyundai,Sonata,2024,4,petrol,RUH
VEH-02043,d88127f444dee601998a66fadefdabe3,Toyota,Camry,2024,4,petrol,JED
VEH-02044,dcec627d32b6171fe8835b186aa4ce8c,Nissan,Altima,2024,4,petrol,RUH
VEH-02045,24dcb56bb43c5e67a47c22ffd27bb06c,Hyundai,Accent,2023,4,petrol,RUH
VEH-02046,25af83c2bd4dda5edc79abbbc5e1674e,Toyota,Camry,2023,4,petrol,RUH
VEH-02047,d659ce9d09b5384de234f79c31239120,Hyundai,Sonata,2022,4,petrol,RUH
VEH-02048,6f7f6d80e07044c44fb7be284f6e4876,Hyundai,Sonata,2018,4,petrol,RUH
VEH-02049,a7229e3de275b6cbd8ce1ed585c9522e,Hyundai,Sonata,2024,4,petrol,JED
VEH-02050,73f8eb3ccf8807ccff791f24b79e20a3,Hyundai,Accent,2023,4,petrol,RUH
VEH-02051,154267b79105b7bb20164746c19c9def,Toyota,Corolla,2021,4,petrol,RUH
VEH-02052,08d1ef4e1fc4d8907674820fd5722a14,Hyundai,Elantra,2022,4,petrol,JED
VEH-02053,696b3c32618f096cfee17ce0a3d78edd,Toyota,Corolla,2021,4,petrol,JED
VEH-02054,9af3424377e874e833e84c591549adff,Chevrolet,Malibu,2023,4,petrol,JED
VEH-02055,dd1876d7e11e9ff7546b8bb4e8dff6cf,Toyota,Corolla,2026,4,petrol,RUH
VEH-02056,148750b067d4d2bb67b3e5fb2289a801,Hyundai,Elantra,2021,4,petrol,RUH
VEH-02057,efcc1fdd4dca6bca5d22a77860ae9220,Hyundai,Sonata,2023,4,petrol,JED
VEH-02058,fc06b29f663d67531505cd19a8fb0935,Hyundai,Sonata,2023,4,petrol,RUH
VEH-02059,255b5836c6dfccf47027048d0513cea3,Toyota,Camry,2024,4,petrol,JED
VEH-02060,730405acb0475bc8c3888a671f2f2f85,Toyota,Camry,2021,4,petrol,RUH
VEH-02061,ffa3fc574b974ff7b3219f81a031143e,Toyota,Camry,2024,4,petrol,RUH
VEH-02062,e0f829f9e9f8ee7a610432b334067384,Toyota,Camry,2024,4,petrol,RUH
VEH-02063,8dd0e56f15a3634c60b638b9dd56d71f,Toyota,Corolla,2024,4,petrol,JED
VEH-02064,531d481bd9619e405a0238cbe67ddbe5,Hyundai,Elantra,2023,4,petrol,JED
VEH-02065,c9f6235726ed13c9c6395811f3f9f1d9,Toyota,Hiace,2021,11,diesel,RUH
VEH-02066,2560e60a862077c446286d720d6e8256,Hyundai,Sonata,2023,4,petrol,RUH
VEH-02067,b753f7fd8f21c540700d2f1aebcce6da,Kia,Cerato,2025,4,petrol,RUH
VEH-02068,caa3dba2512e6eed1fb60d865cf71a3c,Toyota,Corolla,2021,4,petrol,JED
VEH-02069,1bd80c68953464befe0678bc67cebd1d,Toyota,Land Cruiser,2022,7,petrol,RUH
VEH-02070,7ed5a2434a57a1956b6858133d988295,Toyota,Camry,2026,4,petrol,JED
VEH-02071,c4fd43472551db389264d4caa8abbe2b,Lexus,ES 300h,2023,4,hybrid,JED
VEH-02072,e6c3377e714ea42b2fd1a3edab2a6014,Hyundai,Accent,2022,4,petrol,RUH
VEH-02073,878c0298f749081a966f5aed350e5263,Toyota,Camry,2025,4,petrol,JED
VEH-02074,816ff50abf16df24cf6f75f678f872fd,Kia,Cerato,2023,4,petrol,JED
VEH-02075,70a523375dc5bde8dfa6437dcb8b70eb,Chevrolet,Malibu,2021,4,petrol,RUH
VEH-02076,65f59c1b63e031fef8840a50acf679b9,Toyota,Camry,2022,4,petrol,DMM
VEH-02077,b063976bff175f4b15750422ddb31757,Hyundai,Sonata,2018,4,petrol,JED
VEH-02078,c427c02b34c1d1fcce95d6107556211c,Hyundai,Elantra,2022,4,petrol,RUH
VEH-02079,f1783ac4f44efc4ff7b997c7d9272d83,Hyundai,Sonata,2025,4,petrol,RUH
VEH-02080,a5ef7b1d8126ac30a6a2a3fa862c31d3,Nissan,Altima,2023,4,petrol,RUH
VEH-02081,454ab2b694e18602d39028d6ac7e1b83,Hyundai,Elantra,2024,4,petrol,RUH
VEH-02082,5dcd664369b0e2c8d4619de238f8b3c4,Toyota,Camry,2023,4,petrol,RUH
VEH-02083,68e640e0023c48d1fccb2af8e803d09b,Toyota,Camry,2024,4,petrol,RUH
VEH-02084,25183f874290bcaa2e3d8b95ceb80174,Toyota,Camry,2025,4,petrol,JED
VEH-02085,4b81211c434edd7b8eb697431ffc87fc,Hyundai,Sonata,2026,4,petrol,RUH
VEH-02086,eb977c8e0545fd8e5751e1e1ee44f649,Hyundai,Elantra,2024,4,petrol,RUH
VEH-02087,c53f1535923d35366cbdb52557d13467,Hyundai,Accent,2024,4,petrol,JED
VEH-02088,945481e5b7786757bc8d4f57640cbda7,Hyundai,Elantra,2019,4,petrol,DMM
VEH-02089,ce18599277b1c2837d44ace46772ce42,Toyota,Corolla,2018,4,petrol,JED
VEH-02090,66bb86af6d2bd458b47e90af1fbdcd7d,Hyundai,Elantra,2026,4,petrol,RUH
VEH-02091,5c388ff0fe68cdf5aaf3b7b913394c46,Chevrolet,Malibu,2024,4,petrol,RUH
VEH-02092,99297354cbe05dc2ec070e3f82ad55d8,Toyota,Hiace,2020,11,diesel,JED
VEH-02093,4a499cfc8c038323fcf0ad251e3add59,Hyundai,Accent,2022,4,petrol,RUH
VEH-02094,eed560313d20dd3ac40cf33f7e92fcdd,Hyundai,Accent,2024,4,petrol,DMM
VEH-02095,bf4f93cf858b5e6276ccc032432757e9,Kia,Cerato,2025,4,petrol,RUH
VEH-02096,931990b16b125af72df55186334ec010,Nissan,Altima,2024,4,petrol,RUH
VEH-02097,00e13e66b0848ea7a6050d8ad5310ca1,Hyundai,Accent,2026,4,petrol,JED
VEH-02098,9397e762500b965fcffdf3ea5b95f1cc,Kia,K5,2024,4,petrol,JED
VEH-02099,0a384ef6cc15a5b29b60ff8b90211fe6,Toyota,Corolla,2023,4,petrol,RUH
VEH-02100,afdca6e3160b9573b948a2b835620de5,Hyundai,Accent,2025,4,petrol,RUH
VEH-02101,207e994bb4ec557df8eb0a48aaf275d2,Toyota,Corolla,2023,4,petrol,RUH
VEH-02102,aa281faa7856c410a887891e968ead4a,Hyundai,Sonata,2025,4,petrol,RUH
VEH-02103,05ab9f382ae50ede8a8771fc42140709,Nissan,Sunny,2024,4,petrol,RUH
VEH-02104,0214e0d1550e5380a7d0afb80cbc9c10,BYD,Han EV,2025,4,electric,DMM
VEH-02105,95ca684a0f86ae3b6007f2ee990a94e6,Hyundai,Elantra,2021,4,petrol,RUH
VEH-02106,2eb634a5ee82406dcc765fca35ebbd34,Nissan,Altima,2024,4,petrol,RUH
VEH-02107,be4383049a5681302b9658e4df74475e,Kia,K5,2025,4,petrol,RUH
VEH-02108,d9f758880394faf9128fa9c7a44bf92e,BYD,Han EV,2023,4,electric,RUH
VEH-02109,a056ecd7d7c185a102a29ebb13d1e2ff,Toyota,Corolla,2025,4,petrol,DMM
VEH-02110,154b09073632aa180a4664ffe3454b5d,Hyundai,Elantra,2024,4,petrol,RUH
VEH-02111,976aee0e21293b8e5a6b306002b17d30,Toyota,Camry,2019,4,petrol,RUH
VEH-02112,08e55796f39da2cf40ca36ccc4caee11,Lexus,ES 300h,2022,4,hybrid,JED
VEH-02113,77519ee19144f6ff36e68c52cb987897,Toyota,Camry,2021,4,petrol,RUH
VEH-02114,919479757f95395cf3a2e28146db3a4c,Hyundai,Elantra,2025,4,petrol,RUH
VEH-02115,43c62c15f5664fcd7a8e8f9ae234b73f,Hyundai,Sonata,2018,4,petrol,DMM
VEH-02116,bde53332473982918b896ee8b3616e8b,Kia,K5,2018,4,petrol,JED
VEH-02117,71adc8b430e17642ff2800cc7f8e462e,Nissan,Sunny,2024,4,petrol,JED
VEH-02118,5d907c8300624bf04ef41268a7dc7a36,Hyundai,Sonata,2020,4,petrol,RUH
VEH-02119,eadf96924f9d470fed3f0ec3dabfa179,Kia,K5,2026,4,petrol,JED
VEH-02120,ed6c2cf6b9e335932b4da6c4763962ac,Hyundai,Sonata,2021,4,petrol,RUH
VEH-02121,53678974f0fe5c6cd5b754ae0c3670d3,Nissan,Sunny,2023,4,petrol,DMM
VEH-02122,3d84ab1f3a539b5a923449f6eccf462d,Toyota,Corolla,2021,4,petrol,JED
VEH-02123,501ae1bd13de98ad8b6a60250b7f6782,Toyota,Hiace,2024,11,diesel,DMM
VEH-02124,4a231f0c21f50cf19c27c1fd9df8b640,Hyundai,Elantra,2025,4,petrol,RUH
VEH-02125,649f7015e40c27b2640c0f17a1693666,Toyota,Corolla,2020,4,petrol,RUH
VEH-02126,fe5d077d5e866e9001090240bb318bcc,Honda,Accord,2023,4,petrol,RUH
VEH-02127,6a3e2697dbe8ee891f769bfc3973bef2,Honda,Accord,2024,4,petrol,RUH
VEH-02128,fea7fd65d708d53fa2c8746e085a0bf6,Kia,Cerato,2021,4,petrol,DMM
VEH-02129,8f1af5b9380534a7cbc05e5a44fe55c0,Toyota,Corolla,2021,4,petrol,RUH
VEH-02130,bcb2f46878f13946a4ab420437b7458f,Nissan,Altima,2024,4,petrol,RUH
VEH-02131,0b6b95dae73074be53a43b8f099ffe6a,Toyota,Camry,2026,4,petrol,RUH
VEH-02132,42f44a7af70e18a734dc05cf8f3d86b9,GMC,Yukon,2019,7,petrol,RUH
VEH-02133,4cbafd952501aeed3afb1bdbdb1516de,Toyota,Corolla,2018,4,petrol,RUH
VEH-02134,6fdead0e78c279798c15ace858588e65,Toyota,Corolla,2021,4,petrol,JED
VEH-02135,83a21f0292529c3119971415e2b64136,Chevrolet,Malibu,2022,4,petrol,JED
VEH-02136,5607398d978682683d472f2823ea2b19,Toyota,Land Cruiser,2020,7,petrol,RUH
VEH-02137,b9a74abee1227592304dc8de4ad5e988,Nissan,Altima,2020,4,petrol,RUH
VEH-02138,34ee9304311c0222487f27ff1cfb2ac1,Tesla,Model 3,2023,4,electric,JED
VEH-02139,6bd2c49de938347d42dc7cd1dce5996b,Hyundai,Elantra,2023,4,petrol,JED
VEH-02140,964c01c9b7bfa7a2b5d9bb519cef8d3e,Toyota,Camry,2020,4,petrol,DMM
VEH-02141,16f599a5be08e5271e2b65f645e4736b,Toyota,Corolla,2022,4,petrol,JED
VEH-02142,c3512419733c6a8bf7aaf903ab26c05f,Kia,Cerato,2026,4,petrol,DMM
VEH-02143,5c41de0629e537fe5e5faabee7fda1f0,Toyota,Corolla,2023,4,petrol,RUH
VEH-02144,06bbbe2f76a19d8bc35b9d5014d5a993,Toyota,Hiace,2026,11,diesel,RUH
VEH-02145,01b730f1a7651d40681e6ba239799a79,Hyundai,Sonata,2025,4,petrol,RUH
VEH-02146,8126b0dea12c4fa3be634d19a1afa307,Toyota,Camry,2023,4,petrol,DMM
VEH-02147,ec301d02640e26e838e2c29bd8a7c6f1,Honda,Accord,2018,4,petrol,RUH
VEH-02148,9afc142bf8a4056e93330e1fc67b469b,Nissan,Sunny,2023,4,petrol,JED
VEH-02149,c611571cdd52aa3cf23089c8a2182b74,Hyundai,Elantra,2021,4,petrol,RUH
VEH-02150,18be9ca3df5e1e15b8bcd76499eff13f,Toyota,Land Cruiser,2024,7,petrol,RUH
VEH-02151,7b7098c885ba6e318cf10bb2e0c1db5e,Nissan,Sunny,2023,4,petrol,JED
VEH-02152,8293a2ac384fb82c290c4572871cdbb5,Nissan,Altima,2022,4,petrol,RUH
VEH-02153,4ac4a03818cbf359e384096469198719,Nissan,Altima,2023,4,petrol,RUH
VEH-02154,921c90f20c0d48c33fc425e9c2232091,Hyundai,Accent,2023,4,petrol,JED
VEH-02155,f12197db705c2968b4ab5a6a40223eb6,Toyota,Camry,2019,4,petrol,JED
VEH-02156,a60a292ee2dec82dcd889bf6de70d26f,Toyota,Corolla,2025,4,petrol,RUH
VEH-02157,d30629fb52e6dce96077f1bbbea029a4,Honda,Accord,2021,4,petrol,JED
VEH-02158,229204bd6c037335cef1c59b56760e31,Kia,Cerato,2026,4,petrol,RUH
VEH-02159,5b1060b4996feb7c4e5762b2a09b10d6,Hyundai,Sonata,2020,4,petrol,RUH
VEH-02160,128c47c3cbb70519320b4281e3331983,Hyundai,Elantra,2022,4,petrol,RUH
VEH-02161,e52cc14860414aa7bb8ec1b732a83e57,Kia,Cerato,2025,4,petrol,RUH
VEH-02162,3197065cc9bca5937add8d69e40b799a,Toyota,Camry,2021,4,petrol,RUH
VEH-02163,869a808f27edc4c328b4db925ecad8c9,Toyota,Land Cruiser,2024,7,petrol,JED
VEH-02164,7d1b8ce9db141d9b378911bd1d6898b2,Kia,Cerato,2024,4,petrol,RUH
VEH-02165,142ba9daf04a389a0ec63129ca1e0d6d,Hyundai,Sonata,2023,4,petrol,RUH
VEH-02166,b37ed88e5c44cc128ab1c87da826e46c,Kia,K5,2025,4,petrol,RUH
VEH-02167,198bb08182b26299f2ff1ab6cafc548c,Lexus,ES 300h,2024,4,hybrid,RUH
VEH-02168,751c2663d2a2217a4f864cab4c6e7f5a,Hyundai,Accent,2026,4,petrol,RUH
VEH-02169,115d138fcf59b89a04b5bf17e7dc8804,Toyota,Corolla,2021,4,petrol,DMM
VEH-02170,5ee113cfd21316ba8b329f041f995a01,Toyota,Camry,2020,4,petrol,RUH
VEH-02171,2075751613f41d7f0ace5be875307dd1,Toyota,Corolla,2023,4,petrol,RUH
VEH-02172,b73b076173f0251a463694fb41e0fd32,Toyota,Corolla,2022,4,petrol,RUH
VEH-02173,8b27c44c9addc4bcd76450683dafe8e3,Toyota,Corolla,2026,4,petrol,JED
VEH-02174,8814f9ec003418cdfdc54491e0ff3200,Toyota,Camry,2022,4,petrol,DMM
VEH-02175,c7b003077ce84f7916f92bce904cbd8d,Toyota,Camry,2024,4,petrol,JED
VEH-02176,d001aaae14c6a7683ab1fc05a5a29555,Hyundai,Sonata,2019,4,petrol,DMM
VEH-02177,46c965138bc139218f59b5fecfc478f5,Kia,K5,2020,4,petrol,JED
VEH-02178,6e61e34b6164c73ffe6b36ab1ed1a8e4,Hyundai,Accent,2025,4,petrol,RUH
VEH-02179,ef1587fd47ea8e57b936dbf7be8bc404,Kia,Cerato,2024,4,petrol,JED
VEH-02180,ee0013407d0feb73e865321546b2555b,Kia,Cerato,2022,4,petrol,JED
VEH-02181,467349dfa268a04b3f4bd948f0406c4b,Kia,K5,2021,4,petrol,DMM
VEH-02182,7b9295de71032dd6f3a68b288c84fe59,Hyundai,Elantra,2025,4,petrol,DMM
VEH-02183,b9817f1afd1ea3c3f3f7115b0223fcdc,Lexus,ES 300h,2023,4,hybrid,RUH
VEH-02184,14bd1a8dc5eb9dd9639a9789aa8ac660,Kia,K5,2024,4,petrol,DMM
VEH-02185,1bfbc003bedaf3866de2345c59439a84,Nissan,Altima,2024,4,petrol,RUH
VEH-02186,be23e5b587fb7bb2d9fe77dff557109e,Toyota,Camry,2023,4,petrol,DMM
VEH-02187,f7254739579409f9c90a3747c76b1208,Hyundai,Sonata,2021,4,petrol,RUH
VEH-02188,8aa6ff734caeb7abc0eeed1a51d14edc,Toyota,Camry,2023,4,petrol,JED
VEH-02189,6d9c0e12efdb97951dba4252c631b08d,Toyota,Corolla,2025,4,petrol,JED
VEH-02190,631ffcedf1e34e58e1a03649337f55b0,Kia,K5,2023,4,petrol,RUH
VEH-02191,9956d696267e2a11b5b75c20f8cf007f,Hyundai,Sonata,2025,4,petrol,DMM
VEH-02192,8a044b7dfac7e443310ec0e038c94ba4,Kia,Cerato,2021,4,petrol,DMM
VEH-02193,90d8df470007757b68d0e6882a9abb09,Nissan,Altima,2019,4,petrol,JED
VEH-02194,ee154d6bc3b28cc32ddacada41208a24,Toyota,Corolla,2023,4,petrol,DMM
VEH-02195,4a62ebc2cc5592eb1794b0d6b0bfc7ed,Toyota,Land Cruiser,2023,7,petrol,RUH
VEH-02196,1689ddbb1d3b88e104f7d4c1f2d548d4,Toyota,Corolla,2023,4,petrol,RUH
VEH-02197,cee838f8a6485da86f63b9179efa1b5e,Toyota,Camry,2023,4,petrol,RUH
VEH-02198,30eda96901991531003d0637d4ebd74a,Hyundai,Accent,2023,4,petrol,DMM
VEH-02199,8959c8529967601893b7ec5a17581af0,Toyota,Camry,2023,4,petrol,JED
VEH-02200,eb79235f5a5647e30ce808f520db20ac,Chevrolet,Malibu,2026,4,petrol,RUH
VEH-02201,514d0c5bdd67816ca7ea14c3cf82747d,Toyota,Corolla,2025,4,petrol,DMM
VEH-02202,c4b245531388e6526a724fdc266221e5,Toyota,Camry,2019,4,petrol,RUH
VEH-02203,6797d6271b84cc500ac066cdbad8d002,Toyota,Corolla,2024,4,petrol,RUH
VEH-02204,5ba10afdeddd69449630d958982ebbec,Hyundai,Sonata,2023,4,petrol,RUH
VEH-02205,e185653e5ee808e16e47873ac4177cb4,Hyundai,Sonata,2022,4,petrol,JED
VEH-02206,36da0fd56c1fc97e6761ddf03471c996,Hyundai,Accent,2024,4,petrol,RUH
VEH-02207,6acfe3f254c58f0f35dd2f90155216d8,Honda,Accord,2020,4,petrol,RUH
VEH-02208,d9e56995e0326aff08d9e0ab62ab295d,Lexus,ES 300h,2024,4,hybrid,RUH
VEH-02209,71ea7771b55e68f90a80687be03fb673,Toyota,Camry,2026,4,petrol,RUH
VEH-02210,e6486dc82ed12cb9cef6d8840009de37,Hyundai,Elantra,2021,4,petrol,DMM
VEH-02211,af3e51fdfe296d02068d081174431dc7,Toyota,Corolla,2022,4,petrol,RUH
VEH-02212,d60006858d4829879677fc7e41bf3abc,Toyota,Hiace,2025,11,diesel,RUH
VEH-02213,6088a2642053e77f02b3451cca30765d,Hyundai,Sonata,2019,4,petrol,JED
VEH-02214,634bb76e037126930c06018cf2ef06ba,Honda,Accord,2022,4,petrol,DMM
VEH-02215,d12e024243b88db9c0329c868d5bc502,Nissan,Altima,2024,4,petrol,RUH
VEH-02216,5821a773f7b4ad6fa7c35dde0c17d20b,Nissan,Altima,2025,4,petrol,RUH
VEH-02217,ce0dbca5e1f1f3bedffc39e2add9c852,Kia,Cerato,2023,4,petrol,RUH
VEH-02218,a8c85c35deabf2d19147c0e4c3754e39,Toyota,Camry,2025,4,petrol,JED
VEH-02219,168b22796163f47fe4a614635f0cbeaf,Hyundai,Accent,2020,4,petrol,RUH
VEH-02220,c2aaa842770a8edcb088f373b66de84a,BYD,Han EV,2025,4,electric,RUH
VEH-02221,15e442e1fbf9e66382cf51862fe60a23,Toyota,Camry,2022,4,petrol,JED
VEH-02222,551e4c6c6c5add5e90a936f847b3b2c0,Hyundai,Elantra,2023,4,petrol,JED
VEH-02223,6de8dab9682dffb2860d87dda3d70161,GMC,Yukon,2021,7,petrol,JED
VEH-02224,6a055e2a2c6cef6e8530378ed34929c7,Toyota,Camry,2020,4,petrol,RUH
VEH-02225,a677951a1b5160b8d4a53ae94a5c578e,Honda,Accord,2020,4,petrol,JED
VEH-02226,a5a3f4ec084af815388de46918f05c45,Nissan,Sunny,2022,4,petrol,DMM
VEH-02227,b7538ea4d33552e8d4f99d1a85a25c92,Kia,K5,2018,4,petrol,RUH
VEH-02228,e7a24222da356e6501a4549eb05eaba6,Toyota,Corolla,2023,4,petrol,RUH
VEH-02229,d1f52df9c65c0138e68d4e4074749694,Toyota,Corolla,2020,4,petrol,RUH
VEH-02230,7cda8d68b171c1285f4875e364c272f0,Kia,K5,2021,4,petrol,RUH
VEH-02231,d429b8e96c457d6629e2581be53ff478,Chevrolet,Malibu,2023,4,petrol,RUH
VEH-02232,8a11475e1cc59eef37f4a7263380787c,Toyota,Corolla,2023,4,petrol,RUH
VEH-02233,ebb15b453f067fb6ebe18b3bdbd77a08,Chevrolet,Malibu,2022,4,petrol,RUH
VEH-02234,fbbc9c7c7a05773002f27e2604b8a377,Hyundai,Accent,2024,4,petrol,RUH
VEH-02235,75c3b28b71c773069546100d2d7380c9,Hyundai,Sonata,2026,4,petrol,RUH
VEH-02236,f495d65110f617f14632bcfe2d002f1d,Hyundai,Sonata,2019,4,petrol,JED
VEH-02237,9fc00fc2714e6a79572636e4f5723769,Nissan,Sunny,2024,4,petrol,RUH
VEH-02238,cdbd701a42013f66286b073c99c8d590,Nissan,Sunny,2023,4,petrol,RUH
VEH-02239,a2afd6a5f821e325a9ada5606b672416,Toyota,Camry,2025,4,petrol,RUH
VEH-02240,2cf296959363c698f4669085a01ac153,Lexus,ES 300h,2025,4,hybrid,JED
VEH-02241,ee67f30ec3a963989bcc71241febc849,Kia,K5,2025,4,petrol,JED
VEH-02242,211073e80b846bb9235addd19291e4c2,Honda,Accord,2022,4,petrol,RUH
VEH-02243,a420fa6e3ab675a0e7a041e24a2cd083,Toyota,Camry,2024,4,petrol,JED
VEH-02244,2967e5c6299431b95f15d9bb502fdfb4,Hyundai,Accent,2026,4,petrol,JED
VEH-02245,7866d0163a7e705a3ff8a907bf317197,Kia,K5,2024,4,petrol,RUH
VEH-02246,da7ca3a1ad0bc3484c789d2ec83f0f29,Hyundai,Elantra,2024,4,petrol,JED
VEH-02247,98d74b00be6a223ddaddc11fce6d9af1,Toyota,Camry,2022,4,petrol,RUH
VEH-02248,51dfa47139d8a0f9c4902956988b58dd,Lexus,ES 300h,2022,4,hybrid,RUH
VEH-02249,e26c6b922e8c16b477ec5e182fdc40d6,Hyundai,Sonata,2021,4,petrol,JED
VEH-02250,1130b472b1af3af09b342911fd67e952,Hyundai,Accent,2025,4,petrol,DMM
VEH-02251,7a47dbe4dcc45e7df1aab598772aebcc,GMC,Yukon,2024,7,petrol,DMM
VEH-02252,2d3c2857848de8150ddd93cf83979fe2,Toyota,Hiace,2023,11,diesel,RUH
VEH-02253,9e37e95601490e25d0a3fdfe9344d904,BYD,Han EV,2024,4,electric,RUH
VEH-02254,3e58cd5f7457643d31a8080be296903f,Toyota,Camry,2022,4,petrol,RUH
VEH-02255,e8f42efdf0a80ecfdfc9aa157ce19ede,Hyundai,Sonata,2025,4,petrol,DMM
VEH-02256,67041e156f76252711c935d45ca45418,Hyundai,Sonata,2025,4,petrol,RUH
VEH-02257,18c3ad0832227e32912057d918ac840b,Toyota,Hiace,2020,11,diesel,RUH
VEH-02258,3b3a5184d9512056a321eab377c6eda7,Chevrolet,Malibu,2025,4,petrol,DMM
VEH-02259,8dcc5eccd775b428bc60cf60a5a6845d,Toyota,Land Cruiser,2024,7,petrol,RUH
VEH-02260,64d6fbfdf969b6ce98bab7b22241c431,GMC,Yukon,2018,7,petrol,JED
VEH-02261,be01cc61bfd461ee0c0c78cfe16cbeaf,Kia,K5,2026,4,petrol,DMM
VEH-02262,358ab9dd7e47730fd311080a740b8412,Toyota,Camry,2018,4,petrol,RUH
VEH-02263,480b20f8eee9707c09cdb22e8a4da928,Toyota,Camry,2022,4,petrol,RUH
VEH-02264,3d05b4f5779b3f19d143d95cccc75d0b,Hyundai,Sonata,2022,4,petrol,RUH
VEH-02265,eb8bef9c583bcf14e5cea327d839dcf7,Toyota,Corolla,2026,4,petrol,RUH
VEH-02266,091e6efdf60b81d9dace6b460d635fd7,Toyota,Camry,2020,4,petrol,DMM
VEH-02267,cb1e72b57ae048fab88691430dac3d4c,Nissan,Altima,2024,4,petrol,RUH
VEH-02268,a664c254e0426ceef4301617b1d9efeb,Hyundai,Elantra,2024,4,petrol,JED
VEH-02269,3e8014ec18bbda3ce595fe2e86ab1633,Toyota,Camry,2024,4,petrol,RUH
VEH-02270,fa641943599da2d73e6aff88d6f63093,Toyota,Corolla,2022,4,petrol,JED
VEH-02271,9db48f59b9033486f34492501fba71da,Hyundai,Elantra,2023,4,petrol,RUH
VEH-02272,b96fe7306b1d5222b33297025e1ca382,Toyota,Camry,2025,4,petrol,DMM
VEH-02273,827783c0d2e8186c3cfc394a844a882a,Toyota,Camry,2019,4,petrol,RUH
VEH-02274,ced377c84735765280867e4ac95c0bae,Hyundai,Elantra,2024,4,petrol,RUH
VEH-02275,2b6380e27abb15a08f0843ec09469395,Toyota,Corolla,2023,4,petrol,RUH
VEH-02276,ad2d3a03d75950c4f424268406ceea54,Honda,Accord,2022,4,petrol,RUH
VEH-02277,8715ac8248bf584b5f8eedd5635b85a7,Tesla,Model 3,2025,4,electric,RUH
VEH-02278,6473a2ec2a0ae605bb0c08c92b7d8421,Nissan,Sunny,2020,4,petrol,JED
VEH-02279,716d0c86ed7053dd5f3f01d5900e2782,Kia,K5,2019,4,petrol,JED
VEH-02280,4c187d0719613910495440a6ee3d92d5,Kia,Cerato,2024,4,petrol,DMM
VEH-02281,58d153c090653574fd20de646c50361c,Hyundai,Sonata,2019,4,petrol,RUH
VEH-02282,d2cd53da65bdae1a0c52be273048281d,Toyota,Camry,2023,4,petrol,JED
VEH-02283,b61fa90db2bfd6c58ac5384e122c4bca,Hyundai,Sonata,2025,4,petrol,JED
VEH-02284,5729ac80d1ea3f0e8b5c318153402026,Tesla,Model 3,2021,4,electric,RUH
VEH-02285,04bbcc3b8ad74afad103afbe8ced63e6,Lexus,ES 300h,2022,4,hybrid,DMM
VEH-02286,78c66120eb675a6d224f3abde37a052e,Toyota,Corolla,2024,4,petrol,JED
VEH-02287,cc31886960122b5936f5f7e3a6a7036f,Toyota,Camry,2020,4,petrol,JED
VEH-02288,60a4b3cedb690bd4d1b61576f1981482,GMC,Yukon,2026,7,petrol,RUH
VEH-02289,e80b40b3b1f33e4cebc9c481e885efe3,Honda,Accord,2019,4,petrol,JED
VEH-02290,6df6061208391f0b4de918e12c6c3d53,Hyundai,Accent,2022,4,petrol,RUH
VEH-02291,02bcbc25377779ea15a3aeadc98458dc,Hyundai,Elantra,2024,4,petrol,RUH
VEH-02292,69ba50ca2ace396840cbc3820065353c,Hyundai,Elantra,2026,4,petrol,JED
VEH-02293,257bced16917829ca85b048b284efe25,Kia,Cerato,2021,4,petrol,DMM
VEH-02294,407851e2e6b4b49d45bba0368c9210fd,Toyota,Camry,2026,4,petrol,RUH
VEH-02295,ba8704535ce794675ea1a4e990c4e433,Kia,Cerato,2022,4,petrol,JED
VEH-02296,4da5baaae07488a6cc98b790d056576b,Toyota,Camry,2022,4,petrol,JED
VEH-02297,6fcd7e2bedce57f537bb822cb535c305,Toyota,Hiace,2025,11,diesel,DMM
VEH-02298,796a6a7f414d22ff636c44dfe39ecbfb,Toyota,Camry,2024,4,petrol,DMM
VEH-02299,007e61a44ae8346993c02d40a43a4c4d,BYD,Han EV,2018,4,electric,JED
VEH-02300,6025b3dc81691c54b4ef4f6117875ce5,Nissan,Altima,2019,4,petrol,DMM
VEH-02301,382636e0e44b9d7d5faac3c898249b3a,Toyota,Camry,2023,4,petrol,DMM
VEH-02302,7993e52874dce2c6f87a165fb72402c7,Hyundai,Accent,2021,4,petrol,RUH
VEH-02303,a8bad9824d53b4ef98fb2a85c905261e,Toyota,Corolla,2018,4,petrol,JED
VEH-02304,3a523dce4a2197ee2a4c11c71c2a5f6c,Kia,K5,2026,4,petrol,DMM
VEH-02305,10951e45fe7bf0e248007cdff97251d6,Hyundai,Sonata,2024,4,petrol,RUH
VEH-02306,9668c02a525c8109a131f6c2ca7d9201,Hyundai,Accent,2022,4,petrol,RUH
VEH-02307,75db91241baa0a247ad70e0d75cc8eec,Toyota,Corolla,2021,4,petrol,JED
VEH-02308,9a8ada329cd9091f2c8a6b572e2eb37d,Toyota,Corolla,2021,4,petrol,RUH
VEH-02309,1121ebc2365015e32feca2e6bbb393e8,Hyundai,Sonata,2024,4,petrol,RUH
VEH-02310,5733a71f56955a8023b090584719bc57,Chevrolet,Malibu,2020,4,petrol,RUH
VEH-02311,668e1240853fd33f2ae942ee84da232c,Hyundai,Accent,2022,4,petrol,JED
VEH-02312,8d4f1108bc26d318aeb83d7c80162148,Nissan,Altima,2023,4,petrol,JED
VEH-02313,be389c32317d76276e3409c82ee2f777,Toyota,Camry,2025,4,petrol,RUH
VEH-02314,c4054f14e7f86174ada267273866980d,Hyundai,Sonata,2024,4,petrol,RUH
VEH-02315,6fe86cefedf168c19fd78b5c3a1aaf70,Toyota,Corolla,2025,4,petrol,RUH
VEH-02316,5886f8ff9c6f19986f9671fb5233b7a2,Nissan,Altima,2026,4,petrol,JED
VEH-02317,d21588b8d8f46939cbbad935617e79e3,Nissan,Sunny,2025,4,petrol,JED
VEH-02318,300b6d46658209a7af8cc0aaf0443126,Hyundai,Elantra,2021,4,petrol,RUH
VEH-02319,6beb340f279881546653bfd878a33fb8,Hyundai,Elantra,2025,4,petrol,RUH
VEH-02320,1ba101ffc69bd40eaf56e856a84777e0,Kia,K5,2020,4,petrol,RUH
VEH-02321,263ef338a2a68d5d38b75552b4d44b2a,Hyundai,Elantra,2023,4,petrol,JED
VEH-02322,b155bf871a1d041523b81ca9d9a81277,Toyota,Corolla,2024,4,petrol,JED
VEH-02323,c72d662a0e1cc096adeeaba456a2a452,Hyundai,Elantra,2023,4,petrol,RUH
VEH-02324,c2a9468de807b5cf9899943c2e293d44,Kia,Cerato,2024,4,petrol,DMM
VEH-02325,0c1e418bcb41741d96def9c2abc1e4fc,Nissan,Sunny,2018,4,petrol,JED
VEH-02326,260e71e05273931fad19f7e313680350,Hyundai,Sonata,2022,4,petrol,RUH
VEH-02327,d35474f8716d69d6bde41834a79d795a,Nissan,Altima,2022,4,petrol,DMM
VEH-02328,3b4e8e61ecfad1712ed2cc36449e466a,Kia,K5,2024,4,petrol,RUH
VEH-02329,9846df20019296cc930d632437cbbe1f,Nissan,Sunny,2024,4,petrol,RUH
VEH-02330,e32dc9ccb01b8bab08cea70e9002f062,Nissan,Sunny,2024,4,petrol,DMM
VEH-02331,83412aba98a27f87ceaf883bfd654146,Nissan,Sunny,2018,4,petrol,JED
VEH-02332,553283bdf53da4aac2788edf28418b27,Toyota,Camry,2022,4,petrol,RUH
VEH-02333,f15b0d8da55f949dceb8602fb0fb2fac,Toyota,Corolla,2023,4,petrol,JED
VEH-02334,0a8788320226a051ec74525b72e79eef,Nissan,Altima,2021,4,petrol,DMM
VEH-02335,5d0a40f4afb99d3ad3f5bef3e83d987c,Hyundai,Elantra,2020,4,petrol,RUH
VEH-02336,7728678bd4221e12efc6d97afa2cca6a,Kia,K5,2024,4,petrol,RUH
VEH-02337,b6e75ab5cdcd75dd281b9981918282ab,Chevrolet,Malibu,2022,4,petrol,RUH
VEH-02338,11525976057a500d56ba3d316173893d,GMC,Yukon,2021,7,petrol,JED
VEH-02339,d66ddcedbfa89c3c9c267e3c5ce5b15c,Nissan,Altima,2023,4,petrol,JED
VEH-02340,dea9730c100194080b3f863567639c8b,Toyota,Camry,2023,4,petrol,DMM
VEH-02341,0fcceba918a42014b19ee6c38f437bff,Hyundai,Elantra,2024,4,petrol,JED
VEH-02342,95bf6176f0a9902d826c4fad37679516,Hyundai,Accent,2024,4,petrol,RUH
VEH-02343,6cf64ba82fb035bea62e55076d5b7a29,Hyundai,Accent,2024,4,petrol,RUH
VEH-02344,4d491b68921cc883316dc9b644da1dfc,Toyota,Corolla,2022,4,petrol,JED
VEH-02345,a9e625bb6dd17c8750d53fe4e46c3f0a,Nissan,Sunny,2020,4,petrol,RUH
VEH-02346,c688335ce602c86587a2b8b730fe79e4,Nissan,Altima,2021,4,petrol,RUH
VEH-02347,dfc1805d61359f3cfcb0277c63da0a2c,Hyundai,Elantra,2020,4,petrol,RUH
VEH-02348,92a84d36f2ea9d1eb5a99ba1915de938,Hyundai,Sonata,2024,4,petrol,RUH
VEH-02349,0757458a93dd032d3defab307cd2c1ec,Honda,Accord,2020,4,petrol,RUH
VEH-02350,b6ee39f9a2f16249c2f75509c185c240,Toyota,Camry,2025,4,petrol,RUH
VEH-02351,48d354ef5845a1248a93c7dd1748ef77,Toyota,Camry,2023,4,petrol,JED
VEH-02352,2137c01e960cacba13a13c16df1863ca,Hyundai,Accent,2024,4,petrol,DMM
VEH-02353,24e4985151f107ba5e39b78801f3fdaa,Toyota,Corolla,2020,4,petrol,RUH
VEH-02354,ff7f2b614b894c6307d462defca61f9b,Nissan,Altima,2024,4,petrol,JED
VEH-02355,b0a4a1603daf5724749b9a9594bf6fcf,Honda,Accord,2024,4,petrol,RUH
VEH-02356,e2ca270b25a5f122aa629e3842aed0b8,Lexus,ES 300h,2020,4,hybrid,JED
VEH-02357,0b8f2e3e6dea31e674bd702c49e91d36,Chevrolet,Malibu,2020,4,petrol,RUH
VEH-02358,a5e06fa5b43af8552810121ec274d982,Hyundai,Sonata,2024,4,petrol,RUH
VEH-02359,f9d76a7bca4d908f39f175b3720b71bc,Toyota,Camry,2021,4,petrol,JED
VEH-02360,b2c9a94b48478c5929cad514050df196,Hyundai,Sonata,2022,4,petrol,DMM
VEH-02361,e30292024f24b9c69bb90c1d709eb94d,Toyota,Camry,2022,4,petrol,JED
VEH-02362,eb6d5655a16bbebce6fa6075f8747f64,Hyundai,Accent,2023,4,petrol,DMM
VEH-02363,075e9b2a8082d004b9f83029dc8e4878,Honda,Accord,2024,4,petrol,RUH
VEH-02364,3f690fc5d4b6c0e97d574ba4419285c5,Hyundai,Sonata,2025,4,petrol,RUH
VEH-02365,633cf66b512a12d3ea084d8680dc11e8,Chevrolet,Malibu,2022,4,petrol,JED
VEH-02366,2df920128e006059a2bb104f95757738,Kia,K5,2024,4,petrol,RUH
VEH-02367,bb440d89fba0189b58904162be0bb6a1,Toyota,Corolla,2022,4,petrol,RUH
VEH-02368,9ec2348d94ea070f8ce02b11fc5de02f,Hyundai,Accent,2019,4,petrol,RUH
VEH-02369,2d2fa46073b5bc8fdc59fd52760c5f9b,Hyundai,Sonata,2021,4,petrol,JED
VEH-02370,32103307b9feb31b9d4e3887c7fd9c53,Hyundai,Elantra,2025,4,petrol,RUH
VEH-02371,8c8c73a4b8536e7ef696a80e9cece6ea,GMC,Yukon,2024,7,petrol,RUH
VEH-02372,7404b6e01371a237be6bfa8380aa8d57,Hyundai,Sonata,2021,4,petrol,RUH
VEH-02373,4cb403c9f1942837193b086368895e97,Hyundai,Elantra,2024,4,petrol,RUH
VEH-02374,7232ccf5eefa9789392328d32a820d50,Toyota,Corolla,2020,4,petrol,RUH
VEH-02375,3afb31a8307571937037b722dfdb1533,Hyundai,Elantra,2024,4,petrol,RUH
VEH-02376,0ca9c0b738aa296c07592b249b350eb0,Hyundai,Sonata,2026,4,petrol,DMM
VEH-02377,b9fe7d0b56cb0aa6b313005aee5dab32,Hyundai,Sonata,2025,4,petrol,DMM
VEH-02378,7cdc927cfb57a65fca56dd264554c6a6,Tesla,Model 3,2024,4,electric,RUH
VEH-02379,f211d80e3014c43e8590b2c85461ceda,Hyundai,Accent,2026,4,petrol,RUH
VEH-02380,76c2be5265277daf2ee45bcf82dc5852,Hyundai,Sonata,2025,4,petrol,JED
VEH-02381,e6730a7ecfea6a6f324d960e4092e7eb,Chevrolet,Malibu,2021,4,petrol,RUH
VEH-02382,ca384a71d1e745934090c2812031d604,Toyota,Corolla,2025,4,petrol,RUH
VEH-02383,4ec6929583e0b37192d0566bd7152e59,Kia,K5,2021,4,petrol,JED
VEH-02384,3932bbbea4682eec9046e71320c39f1e,Chevrolet,Malibu,2025,4,petrol,JED
VEH-02385,995810f5e39e7e2f6be2daf59bdd2616,Hyundai,Elantra,2023,4,petrol,RUH
VEH-02386,591bd29241cc166d44a1553d524e3f71,Lexus,ES 300h,2024,4,hybrid,JED
VEH-02387,44184781e02a0631474f9dc04c7ab7f9,Toyota,Land Cruiser,2020,7,petrol,RUH
VEH-02388,307359f7781672e173bcee26a3edadff,GMC,Yukon,2020,7,petrol,RUH
VEH-02389,8c9bcc418684b5d9c45277c542ac41d2,Kia,K5,2023,4,petrol,RUH
VEH-02390,69409b12157d37531456771949df2c4c,Toyota,Camry,2019,4,petrol,RUH
VEH-02391,271b4f1ae53a36c8afddd877f7fe4736,Toyota,Corolla,2024,4,petrol,JED
VEH-02392,dfee9eecf24b0460f5e29ede8176392b,Hyundai,Elantra,2024,4,petrol,RUH
VEH-02393,2e0798b656896a739fce4c92cf542583,Nissan,Sunny,2022,4,petrol,JED
VEH-02394,93c1b8b3064af360ade9b17a578001a2,Hyundai,Sonata,2021,4,petrol,RUH
VEH-02395,7ee9c1a0cca5ae5dfc0c4f34a2a60ade,Toyota,Corolla,2024,4,petrol,RUH
VEH-02396,f2b0a3aef950e0665df8017079a43cb1,Toyota,Corolla,2024,4,petrol,RUH
VEH-02397,4d527aeb89acf9ccd542748765d34bce,Toyota,Camry,2019,4,petrol,RUH
VEH-02398,a0e99ac1f6a84e9241005fa3689fb710,Nissan,Altima,2024,4,petrol,DMM
VEH-02399,3bf81cc6b43f05a5b36b8fd1bb715bfe,Hyundai,Accent,2022,4,petrol,JED
VEH-02400,ff4698f827fc3b3160bbe50f0a3ceff3,Nissan,Sunny,2026,4,petrol,JED
VEH-02401,8bfd52baa21585b9f6ff5267e38c3106,Hyundai,Elantra,2019,4,petrol,JED
VEH-02402,298eb55485ad9a9ce6e9e6d72e8bf504,Toyota,Land Cruiser,2024,7,petrol,JED
VEH-02403,591b4ed2e5c274412ecefe3f624604ae,Toyota,Corolla,2023,4,petrol,RUH
VEH-02404,364e1d9aded1e91b0073be30f56a8f2e,Hyundai,Accent,2024,4,petrol,JED
VEH-02405,39285cb1637cdd5717aec42a85e03582,Toyota,Camry,2023,4,petrol,RUH
VEH-02406,e264bd3fd8e1ed30fd5f40654ddf4494,Toyota,Camry,2024,4,petrol,JED
VEH-02407,76e7fe676bd056f0791322bf03d84c72,Nissan,Altima,2024,4,petrol,RUH
VEH-02408,51e5772dab950d527a26164ba1b17869,Hyundai,Elantra,2018,4,petrol,DMM
VEH-02409,9cb2f861397bd0fe4811d76c6ff22b8b,Kia,K5,2022,4,petrol,RUH
VEH-02410,9781538328559f097d02d34090d6642a,Toyota,Camry,2023,4,petrol,DMM
VEH-02411,51bdb9488b326f1daa604711df6f41b1,Kia,Cerato,2022,4,petrol,RUH
VEH-02412,df67ea7212eb1e5d0d9d7508c36f16fc,Toyota,Hiace,2023,11,diesel,JED
VEH-02413,ae765f6869376e0e85e157f4c1988091,Nissan,Altima,2022,4,petrol,JED
VEH-02414,6bc4faeef52b4c11f7ad396d2470cc37,Hyundai,Accent,2025,4,petrol,JED
VEH-02415,1a16bac906cc7a64bd84be13b6062e9e,Toyota,Camry,2023,4,petrol,RUH
VEH-02416,9254bdc787f8241b8bf966fe968c9626,Lexus,ES 300h,2019,4,hybrid,JED
VEH-02417,b84d24632956733785f23dcde50dbee6,Honda,Accord,2020,4,petrol,RUH
VEH-02418,54793b63c53092569fd70f55d9f12eaa,Tesla,Model 3,2019,4,electric,RUH
VEH-02419,84855211b6e602282fce970678239afc,Kia,Cerato,2023,4,petrol,RUH
VEH-02420,d7f57300ae553cd3faf9bf416405345f,Toyota,Land Cruiser,2021,7,petrol,RUH
VEH-02421,7415ec60328068a86924fff464842e5a,Toyota,Corolla,2022,4,petrol,RUH
VEH-02422,c2ee297eed73c4aa6ca468d5b7f96219,Hyundai,Sonata,2026,4,petrol,RUH
VEH-02423,c01ecf091718d02f8de15b2e0aa90485,Nissan,Sunny,2020,4,petrol,JED
VEH-02424,735a727f71a4de09b5e2bbba8aa582a2,Kia,Cerato,2025,4,petrol,RUH
VEH-02425,66e598845e4d97c723d1cf5d1f06c04a,Hyundai,Accent,2023,4,petrol,RUH
VEH-02426,2bdaab46aa34e91c4898894fdc3c0726,Toyota,Camry,2020,4,petrol,RUH
VEH-02427,8c286f433cc6aff0aec51a4f44abd4c8,Hyundai,Sonata,2026,4,petrol,RUH
VEH-02428,1642b845118bf6b64e16cd927a2fd1d0,Chevrolet,Malibu,2018,4,petrol,JED
VEH-02429,3dad13043c32c83796e69b90d7818a1c,Hyundai,Sonata,2022,4,petrol,RUH
VEH-02430,359e76763ebf98f1976058de65741ab1,Tesla,Model 3,2025,4,electric,JED
VEH-02431,f11199cf4474b70aaf0efe6e6f2c89a3,Toyota,Camry,2024,4,petrol,RUH
VEH-02432,16397b786eff62704f3cad656ea3ab6e,Honda,Accord,2025,4,petrol,DMM
VEH-02433,46c8b03d821d3c6363d340977f1ba323,Toyota,Camry,2024,4,petrol,RUH
VEH-02434,a3283ba42e9fd8331e3ed11a88b1f8f3,Hyundai,Accent,2025,4,petrol,JED
VEH-02435,ed75514ca9e4cdaff84adaf72deaf24c,Hyundai,Accent,2018,4,petrol,RUH
VEH-02436,cc93ac9c26478a1b42dd63f63e954886,Nissan,Altima,2021,4,petrol,RUH
VEH-02437,9015d5a7de25fee403516d564066fe5b,Toyota,Corolla,2023,4,petrol,RUH
VEH-02438,22b56077a7cbf216a0c593f63949a6d4,Lexus,ES 300h,2024,4,hybrid,RUH
VEH-02439,6a27e3831533006980cb4ca904115c17,Hyundai,Sonata,2020,4,petrol,RUH
VEH-02440,be9489bfa733b88d99eda1845a009a95,Toyota,Corolla,2025,4,petrol,DMM
VEH-02441,cbed58f2e68c992e782b3397347bdb83,Tesla,Model 3,2021,4,electric,RUH
VEH-02442,9a3d1eaf393b4c476f6454f153ff50d8,Nissan,Altima,2022,4,petrol,JED
VEH-02443,5319b21094344c96d6c2d77b70f47633,Kia,Cerato,2023,4,petrol,JED
VEH-02444,b0e6e7c662d91716e0931b36b15acf22,Toyota,Camry,2024,4,petrol,DMM
VEH-02445,bfc006f6483f44518ec23b7cb5826dd3,Hyundai,Sonata,2024,4,petrol,RUH
VEH-02446,3e80e151347f58729024a28d85137c75,Nissan,Sunny,2024,4,petrol,RUH
VEH-02447,0a222395990098fd145faf42fb6a9fe5,Lexus,ES 300h,2025,4,hybrid,RUH
VEH-02448,986579c102d240b6eb3d8c8729e2b82c,Toyota,Camry,2024,4,petrol,RUH
VEH-02449,14e78bcca96d3828daff71b7d886fcb5,Kia,Cerato,2024,4,petrol,DMM
VEH-02450,1b7f982b71e02fcdf62ec73b8c2e2bfa,Hyundai,Elantra,2026,4,petrol,JED
VEH-02451,6f8dfb694f56c6fe20a34c631825cd18,Toyota,Camry,2023,4,petrol,JED
VEH-02452,2e26a08743ca56f361e6d8e50a4e5334,Hyundai,Accent,2025,4,petrol,JED
VEH-02453,5a093f1b7dfaafbfc06e0c1477d9881a,Hyundai,Elantra,2022,4,petrol,JED
VEH-02454,3a1c4b0dac47e8560a2cd41aea611c16,Toyota,Hiace,2026,11,diesel,RUH
VEH-02455,dcf84a3474339a41b8395d9429656384,Kia,Cerato,2025,4,petrol,JED
VEH-02456,d62eb91656953b03b3a31ca6a9cf6606,Nissan,Sunny,2019,4,petrol,DMM
VEH-02457,b622babb67b13c02248de7812d994ff0,Hyundai,Elantra,2024,4,petrol,RUH
VEH-02458,dad3836aa0cb3a03e32088f62d679d37,Toyota,Camry,2021,4,petrol,RUH
VEH-02459,b771f153981449c7ef4ade1b0700f834,Hyundai,Elantra,2020,4,petrol,DMM
VEH-02460,bfa0fa2b3333370ce79602c003cd65e0,Hyundai,Sonata,2026,4,petrol,RUH
VEH-02461,e81cfb2f41fcc756523ef6d1a3821b19,Toyota,Camry,2021,4,petrol,RUH
VEH-02462,c66e5beacf715e3040bde3a8bcf2fbae,Kia,K5,2019,4,petrol,RUH
VEH-02463,b78ff7fae889a7f2cd6d2a9c6e8cc018,Hyundai,Sonata,2024,4,petrol,JED
VEH-02464,313d5aa557f21100a35436863a055086,Honda,Accord,2024,4,petrol,RUH
VEH-02465,292086e4e0dc3f4ae5c5de2ad9d12dc2,Kia,Cerato,2021,4,petrol,RUH
VEH-02466,4dc7340c3528fbda5696d0c46b83f621,Nissan,Altima,2025,4,petrol,RUH
VEH-02467,5a63c91c8b51ddd104e257aeda206595,Nissan,Sunny,2026,4,petrol,RUH
VEH-02468,689c72a94d73d4db901a917c542e6275,Hyundai,Elantra,2024,4,petrol,RUH
VEH-02469,1c76b671da1bc33cfc7501fd70e7136d,Hyundai,Sonata,2024,4,petrol,RUH
VEH-02470,5557a34b1c83c5ee5dc3e106f4db073e,Kia,K5,2025,4,petrol,JED
VEH-02471,c70b69b26694437d42e0e64cc96a4aba,Hyundai,Accent,2020,4,petrol,DMM
VEH-02472,4458eff5055ab422f6ce17f18502b1f1,Toyota,Camry,2022,4,petrol,JED
VEH-02473,ee3c6efb9faf48ff0b6a9951ac10a85e,Hyundai,Sonata,2023,4,petrol,RUH
VEH-02474,2187fe6a28feaa1989e604b5ec62d69e,Hyundai,Elantra,2026,4,petrol,RUH
VEH-02475,1dd07db3f700a2f81fcebc03b1d229b5,Hyundai,Elantra,2024,4,petrol,RUH
VEH-02476,92ba5d4f9421ecb9396359b4a83483c7,Nissan,Altima,2023,4,petrol,RUH
VEH-02477,06a6903db11f28a0f0945346b0a6ae57,Toyota,Hiace,2024,11,diesel,RUH
VEH-02478,43bed0ac806a8a135a7a378482d204c4,Hyundai,Sonata,2023,4,petrol,RUH
VEH-02479,354a34ffc1d6ec4148d9a811cb02352c,Hyundai,Elantra,2024,4,petrol,DMM
VEH-02480,d543ff550545803844612e8374d77ad6,Kia,K5,2025,4,petrol,RUH
VEH-02481,eef4d388e2f2a248a7b2672d4e0ea869,Toyota,Camry,2024,4,petrol,RUH
VEH-02482,75ff3fa4b1f43164ff1f1db99522f6f1,Toyota,Camry,2024,4,petrol,RUH
VEH-02483,2e4daa160289c4c94589db5958d01c0f,Nissan,Altima,2024,4,petrol,JED
VEH-02484,8952ab09c6341a5981b27f71f0724f1d,Toyota,Corolla,2024,4,petrol,RUH
VEH-02485,111a44b74c4ea44fa751441d0f19fa19,Hyundai,Sonata,2022,4,petrol,RUH
VEH-02486,5d589180a694267d71be02ed0cdb59f6,Toyota,Camry,2019,4,petrol,RUH
VEH-02487,1acba7c6a951e0da2c3814363b8f6a0f,Toyota,Camry,2021,4,petrol,JED
VEH-02488,1265fa6f78f18a3258fdf60ab8c5ed38,Toyota,Hiace,2021,11,diesel,RUH
VEH-02489,5c20c645bf69c9a0f35f43576f01fc7b,Hyundai,Elantra,2025,4,petrol,JED
VEH-02490,207197a6ab22af9c43b618fca1dfff7d,Kia,K5,2025,4,petrol,RUH
VEH-02491,fe514ddd6aacbbfabdb82588db3c1dc3,Kia,Cerato,2022,4,petrol,JED
VEH-02492,b9d60523a45390373e00272d17d553d6,Kia,K5,2022,4,petrol,DMM
VEH-02493,913f1c6a8daa59ebab8e50b81334cc72,Lexus,ES 300h,2021,4,hybrid,RUH
VEH-02494,4408c29177f0be7c17315c887c14a12d,Kia,K5,2024,4,petrol,RUH
VEH-02495,cf67d78c32e68a2243fbd9b2a92e1886,Hyundai,Sonata,2022,4,petrol,RUH
VEH-02496,d8513c28b81bb2e37ad188434eca0a57,Toyota,Camry,2019,4,petrol,RUH
VEH-02497,e347884d824aca1ab41439d3d77b9dde,Kia,K5,2025,4,petrol,RUH
VEH-02498,1e72f8c32fcee80c1de3e85abfc8de86,Kia,Cerato,2022,4,petrol,JED
VEH-02499,f149280c04e09b55080f9b81dcc40a64,Nissan,Altima,2025,4,petrol,RUH
VEH-02500,fdd774a7b1fa55989b2d27425d7cb791,Hyundai,Accent,2018,4,petrol,RUH
VEH-02501,7ab16e2b0ec35cf7e20878a4ad4d0caf,Toyota,Corolla,2023,4,petrol,RUH
VEH-02502,3506ad9ad1d8b1503a18fc48320a2e0f,Hyundai,Sonata,2023,4,petrol,RUH
VEH-02503,0cec000df2fa196dd42c97e5329143bf,Kia,Cerato,2022,4,petrol,DMM
VEH-02504,22f9ef24d1a5291f99b9fc41a39ef929,Chevrolet,Malibu,2025,4,petrol,RUH
VEH-02505,491eda8ec284d123b83cf7bd9053b6ba,Hyundai,Elantra,2021,4,petrol,JED
VEH-02506,416fd10f55d8e286a87b685fc0c8d2cc,Toyota,Camry,2023,4,petrol,RUH
VEH-02507,e8bffe006d713a2fff7bdcb6e74200c8,Kia,K5,2024,4,petrol,RUH
VEH-02508,855a2ac33858b960494d61512235cbb3,Toyota,Corolla,2019,4,petrol,RUH
VEH-02509,871ef919f087c85ac63e8aacd6a2da7b,Hyundai,Sonata,2025,4,petrol,RUH
VEH-02510,dbe11eb4c41594019aca9ca714ceb124,Kia,K5,2022,4,petrol,RUH
VEH-02511,1d3455cd480622160b8f7ca45f63870f,Toyota,Corolla,2022,4,petrol,RUH
VEH-02512,1201d6e0c9734850bd908cd72f5a91a1,Hyundai,Sonata,2022,4,petrol,DMM
VEH-02513,92e27b3bc6900b5415be387757223661,Nissan,Sunny,2021,4,petrol,JED
VEH-02514,f6feb30220831e8171de0c26e41039cd,Chevrolet,Malibu,2026,4,petrol,RUH
VEH-02515,e999f16ca67e871efe8237875621c63b,Hyundai,Sonata,2026,4,petrol,RUH
VEH-02516,30108db0dc29decc6c45f90f6173382c,Hyundai,Sonata,2023,4,petrol,RUH
VEH-02517,6aa95462b129453534edd06583ddf2eb,Kia,K5,2022,4,petrol,DMM
VEH-02518,45f10e4018e82de9ad5004f737245e7d,Toyota,Camry,2022,4,petrol,JED
VEH-02519,d7fa3037b8aa6e097d1bb3f42e018362,Toyota,Camry,2022,4,petrol,RUH
VEH-02520,2c9c375995bd5acebde0e471a38a6b4b,Hyundai,Sonata,2025,4,petrol,DMM
VEH-02521,dc7aa3d54d039ae731bae613d8458788,Toyota,Camry,2025,4,petrol,RUH
VEH-02522,66750b84c61ce45255995d667a4acc71,Toyota,Land Cruiser,2024,7,petrol,JED
VEH-02523,ba00667d3f5ba77426e4eb4eb9c5afcb,Nissan,Sunny,2022,4,petrol,RUH
VEH-02524,86b5e67a094d455f131902f07363f5b7,Toyota,Camry,2025,4,petrol,RUH
VEH-02525,d317e7e556128ef9a61096b93a3a8ee6,Hyundai,Sonata,2025,4,petrol,DMM
VEH-02526,522b3f55631b3830a546aa4ea5aa482f,Nissan,Altima,2022,4,petrol,RUH
VEH-02527,15eb20e2101710dd75243fcb3273aeb6,GMC,Yukon,2023,7,petrol,JED
VEH-02528,ac68ba2ba70287687850b90c465b69bc,Toyota,Corolla,2021,4,petrol,JED
VEH-02529,3494dbd094082d00b656a6782ec7d879,Toyota,Hiace,2019,11,diesel,JED
VEH-02530,f92568059076470f595e9c37ffc378fd,Hyundai,Elantra,2024,4,petrol,DMM
VEH-02531,52151e8afb04509e67c96374ff5aee0b,Lexus,ES 300h,2018,4,hybrid,JED
VEH-02532,20c6c19dcfc8a7e545fced5e285784a1,Kia,Cerato,2024,4,petrol,DMM
VEH-02533,8d142ffa70f15aad32081cb7e5de866c,Kia,K5,2022,4,petrol,RUH
VEH-02534,41f0544389f76e5e98494ffa53a7ea59,Toyota,Corolla,2024,4,petrol,JED
VEH-02535,4b7ab00bb0c5e5b016f1e25bb7d2efac,Honda,Accord,2024,4,petrol,RUH
VEH-02536,b2ba4fd86d87f2fceb52903ec4e0bdd4,Hyundai,Accent,2021,4,petrol,RUH
VEH-02537,cd1081d5597bd558200bbed48381c837,Toyota,Corolla,2021,4,petrol,JED
VEH-02538,df4804bb9979d079d8aa66284161b747,Toyota,Camry,2020,4,petrol,JED
VEH-02539,7e7f711155c95af6ad46ee303c50dbb9,Hyundai,Sonata,2024,4,petrol,RUH
VEH-02540,8f7b2eee7cd75382fcaf8aedd8f8a952,Toyota,Corolla,2020,4,petrol,RUH
VEH-02541,e63c8e48eb711dc3aa2d20923ccb04a0,Kia,Cerato,2023,4,petrol,RUH
VEH-02542,0bc4d9f1cf5c2ba4c97ad73dd6f8e346,Hyundai,Elantra,2026,4,petrol,JED
VEH-02543,0d88679f803df48df0a1417bc5d21ce4,Toyota,Corolla,2021,4,petrol,RUH
VEH-02544,356f43bd18cb87f738068556bcf16815,Toyota,Camry,2020,4,petrol,JED
VEH-02545,e501ae61938b00125479e4abc995c15d,Hyundai,Accent,2024,4,petrol,JED
VEH-02546,eecb0b8a095d794c544608654d293212,Toyota,Hiace,2024,11,diesel,JED
VEH-02547,a28e7051ab1361cfca782b7dc43182ac,Toyota,Corolla,2022,4,petrol,RUH
VEH-02548,4f5f403f7de8f59b19aa5746a1cf1f0e,Nissan,Sunny,2023,4,petrol,DMM
VEH-02549,24fdded960d57a4805a60705886d8aff,Toyota,Camry,2022,4,petrol,RUH
VEH-02550,6d9fe0c9f306b33e356d5fddd3893da0,Nissan,Altima,2022,4,petrol,JED
VEH-02551,9c5f55d840b549b4e20d3cd9001c0058,Hyundai,Elantra,2023,4,petrol,JED
VEH-02552,34f4765399a90402378b9f8cd00f4494,Kia,K5,2022,4,petrol,JED
VEH-02553,d11b602788031e8cf676e52e00af536d,Nissan,Altima,2024,4,petrol,RUH
VEH-02554,c63e20b8fb652046a9ac05880b225f38,Hyundai,Sonata,2023,4,petrol,JED
VEH-02555,d4059777417d1ba5b288b5d3cd75da45,Hyundai,Elantra,2025,4,petrol,RUH
VEH-02556,d54778aa379ce7dabf4a20ed9ef190fc,Nissan,Sunny,2025,4,petrol,JED
VEH-02557,776380b102fb0fcb9cb62dcda4a10b15,Toyota,Land Cruiser,2025,7,petrol,JED
VEH-02558,aa6e4b0e32a3895eaed20771055c872b,Kia,Cerato,2021,4,petrol,RUH
VEH-02559,4a7e2327fc6fdd2d035a3c1110da1be5,Nissan,Altima,2023,4,petrol,RUH
VEH-02560,919feef4bc5cae5f41ba88a394137c63,Toyota,Corolla,2022,4,petrol,JED
VEH-02561,14cd99b1ab095ffd41fdeb1288c8001e,Toyota,Camry,2025,4,petrol,RUH
VEH-02562,07f913f7dcd3efeb032d5115fe0b93b9,Toyota,Camry,2025,4,petrol,RUH
VEH-02563,718c6cca0b5b908d69c33559336960f8,Hyundai,Elantra,2020,4,petrol,JED
VEH-02564,82b63374696ca0761adff0a505b9fecb,Hyundai,Sonata,2020,4,petrol,RUH
VEH-02565,2100d0c9d9318454c405074b41e2a644,Hyundai,Accent,2025,4,petrol,RUH
VEH-02566,8be2fbc2694b4fbc63354d55979f9ad7,Kia,K5,2024,4,petrol,JED
VEH-02567,2c8f79a004f09b3e1328b2bae3cea8ac,Hyundai,Elantra,2020,4,petrol,RUH
VEH-02568,85c72cc63c71da4e8d86d228fb0b6bf7,Nissan,Altima,2022,4,petrol,JED
VEH-02569,fa88ae807ab75c568905e746996233d9,Hyundai,Sonata,2020,4,petrol,RUH
VEH-02570,c4598b44685714ec0bcb6e947d7c7261,Nissan,Altima,2022,4,petrol,DMM
VEH-02571,a55b6fb26176b58aa1b732bbea6f2876,Lexus,ES 300h,2023,4,hybrid,JED
VEH-02572,283d8c90d99283e63a9735ee12978f4b,Hyundai,Accent,2020,4,petrol,JED
VEH-02573,dd9d2c3bb131311277d61e078696aad3,Toyota,Hiace,2022,11,diesel,RUH
VEH-02574,68371c27f4fea8a976413e31bcc8543c,Hyundai,Sonata,2023,4,petrol,RUH
VEH-02575,dbdbb6c0e3be1da5eef027ee9a55cec6,Kia,K5,2025,4,petrol,RUH
VEH-02576,8f9d0ac61251ee5681d98660704d09c4,Nissan,Sunny,2024,4,petrol,JED
VEH-02577,ff3eda85123ac0f06da8ffcd98ebfb83,Hyundai,Accent,2025,4,petrol,DMM
VEH-02578,5dbaf11108e70ca899611786f51e05a5,Hyundai,Accent,2025,4,petrol,DMM
VEH-02579,5d502cdb32904d34cfc21051f4d4661e,Toyota,Land Cruiser,2022,7,petrol,RUH
VEH-02580,6bce4a4ff120e08a162558b4b2d133da,Kia,Cerato,2020,4,petrol,RUH
VEH-02581,146f2cf710127675321afd54a3d8ec92,Lexus,ES 300h,2025,4,hybrid,DMM
VEH-02582,84f3d64d4aed6dfeeadb828ab2cb7b65,Nissan,Sunny,2025,4,petrol,RUH
VEH-02583,da5e6db2f054ef2ff8dc07719fc08fb9,Toyota,Camry,2025,4,petrol,RUH
VEH-02584,9b905044dacccfddf2b769923294bb68,Hyundai,Sonata,2026,4,petrol,RUH
VEH-02585,3db7104812036d8097998a3763fbc789,Hyundai,Elantra,2019,4,petrol,JED
VEH-02586,5c240250c4ce66a968e785b05c56e84f,Hyundai,Elantra,2023,4,petrol,RUH
VEH-02587,01b8435ae6440fcfcbfeca61ec492ef6,Toyota,Corolla,2023,4,petrol,JED
VEH-02588,c925c29aaea35d9a86ed073ec32e414f,Kia,Cerato,2019,4,petrol,JED
VEH-02589,2e7e67cc5ebcf887c8f81bc3a08bfc7d,Toyota,Camry,2021,4,petrol,RUH
VEH-02590,5ade71dea123e849b6360261b68cc38e,Toyota,Corolla,2023,4,petrol,JED
VEH-02591,e8ce2fc53b895c47a99810f2c04342fd,Hyundai,Accent,2022,4,petrol,DMM
VEH-02592,72f5b248bd3ce2a6d792a5cb329e4788,Kia,Cerato,2025,4,petrol,RUH
VEH-02593,d0ec6c2745477a0ea2898d9361311767,Toyota,Camry,2023,4,petrol,JED
VEH-02594,e88dcc8604344f1585fde169928d3b52,Toyota,Camry,2023,4,petrol,JED
VEH-02595,98cab84881782260e389b53d048d78f8,Nissan,Altima,2023,4,petrol,JED
VEH-02596,f43228c5233a382eb0819951c6f5a78f,Nissan,Sunny,2024,4,petrol,RUH
VEH-02597,91df4fae368612943cec1c5a7dcd8bd0,Toyota,Camry,2022,4,petrol,RUH
VEH-02598,2d469ed9c5bdac49bb25f3ae45b9d0c1,Hyundai,Sonata,2026,4,petrol,DMM
VEH-02599,087965d8de12666aee780ad8cacdc38e,Nissan,Altima,2019,4,petrol,RUH
VEH-02600,197dbfa9e4b7538511f25f16945ee45c,Hyundai,Elantra,2025,4,petrol,JED
VEH-02601,901d4047bfcc9eeff6221cb055f02154,Toyota,Land Cruiser,2022,7,petrol,DMM
VEH-02602,75c0382bb1b39a5831f1d3121c0dad53,Toyota,Corolla,2021,4,petrol,RUH
VEH-02603,d4413055686ee03cce3e76b797908c4f,BYD,Han EV,2024,4,electric,JED
VEH-02604,8c958eb60e700de55f54220c1b8395c8,Hyundai,Sonata,2020,4,petrol,RUH
VEH-02605,037f77dbcdc4a9fe4502e772954d62c7,GMC,Yukon,2020,7,petrol,DMM
VEH-02606,fd6a613b4febb6b4a57fc9e3296a3232,Kia,Cerato,2018,4,petrol,JED
VEH-02607,c88051700b02e9589ed4cd4587f283d3,Hyundai,Accent,2024,4,petrol,DMM
VEH-02608,7c35bbf47437e371d19e3c49880ff8e1,Hyundai,Elantra,2025,4,petrol,DMM
VEH-02609,5ca5e58eac8feed2b69c34dd92a26844,Lexus,ES 300h,2020,4,hybrid,JED
VEH-02610,e030314a1b54e9cdc97a96863b09b745,Honda,Accord,2022,4,petrol,RUH
VEH-02611,ce82b45d7ca323e6b675f82a33f234eb,Hyundai,Accent,2020,4,petrol,JED
VEH-02612,ee860a50e83eaaaa5bdfd0d01e62b489,Kia,Cerato,2022,4,petrol,DMM
VEH-02613,d05a47bad89cd2f6dd3aec06daee2b0d,Toyota,Camry,2022,4,petrol,DMM
VEH-02614,3fcca77aa438f128938254d261cdfe22,Hyundai,Elantra,2021,4,petrol,RUH
VEH-02615,ef9d40c49a613111cc1f84e093d440e6,Toyota,Corolla,2020,4,petrol,JED
VEH-02616,878625d7ee1650453144472202083927,Lexus,ES 300h,2026,4,hybrid,DMM
VEH-02617,db0e31bd6cf5adebf249cb379b43e202,BYD,Han EV,2026,4,electric,RUH
VEH-02618,79d1604001d3f064b886a212fdd196de,Toyota,Hiace,2022,11,diesel,RUH
VEH-02619,eb98a0a61caecc178853c26ace7b56de,Kia,Cerato,2021,4,petrol,RUH
VEH-02620,63650c091879b3adf7240b3b134a7229,Hyundai,Elantra,2024,4,petrol,DMM
VEH-02621,3047c821a1f1d2573319092d469041e3,Toyota,Camry,2021,4,petrol,JED
VEH-02622,0ca738553b051a09e4afcf408ffcb615,Kia,Cerato,2024,4,petrol,RUH
VEH-02623,8332e55f8a2e030d5890a2892412b18f,Toyota,Land Cruiser,2023,7,petrol,DMM
VEH-02624,26b37452660406426d5263c0b78548df,Hyundai,Elantra,2019,4,petrol,JED
VEH-02625,027552e2b44a1ca81cd2b0a92e609af0,Honda,Accord,2026,4,petrol,JED
VEH-02626,123d0aeffc9c7758eb9220077162c927,Hyundai,Elantra,2025,4,petrol,JED
VEH-02627,3d02e22e7db22b417bb8704138750b43,Toyota,Corolla,2023,4,petrol,DMM
VEH-02628,e6c85867f93dd9f1c6fb5350f4c63f91,Toyota,Camry,2022,4,petrol,RUH
VEH-02629,59ca0caf88c13789bb5fac5a95848c16,GMC,Yukon,2024,7,petrol,JED
VEH-02630,13477c6b8cf48fa8c99e96b956acdb87,Toyota,Corolla,2026,4,petrol,RUH
VEH-02631,cd2945cac1b1fc6970554451147377bf,Kia,K5,2021,4,petrol,RUH
VEH-02632,7d1aba998d06155de99263b383e38af0,Toyota,Camry,2021,4,petrol,DMM
VEH-02633,7873146083549c94b17c78fb7d8a7b32,Lexus,ES 300h,2022,4,hybrid,JED
VEH-02634,2c4c3ded5c2e5e755c269688d0946aac,Lexus,ES 300h,2018,4,hybrid,RUH
VEH-02635,842136e9f147a5fa60d0f209d3c049d2,Kia,K5,2024,4,petrol,DMM
VEH-02636,652362d70a176fdc304e92c676f3c8cf,Hyundai,Sonata,2022,4,petrol,DMM
VEH-02637,8a63cad3a478346385bd71cd52f907f6,Toyota,Corolla,2021,4,petrol,RUH
VEH-02638,794d3ee4ee5f13f62bb7debe61b443ad,Chevrolet,Malibu,2025,4,petrol,RUH
VEH-02639,367b831c13aa66e4aa11e5340dda3764,Toyota,Camry,2019,4,petrol,RUH
VEH-02640,90fb6092a542b0cda532fd170b1b14cb,Toyota,Corolla,2023,4,petrol,RUH
VEH-02641,e7897ce8e2ca879d76a02cff97cd5e21,Hyundai,Elantra,2020,4,petrol,RUH
VEH-02642,e35e3a88a5b352e4ddc2e026706d536a,Lexus,ES 300h,2019,4,hybrid,JED
VEH-02643,4d86e2ac8d29a815ef556b038ea2decc,Nissan,Altima,2022,4,petrol,RUH
VEH-02644,0d81881d7730ce149aa261ed8f488307,Hyundai,Elantra,2019,4,petrol,RUH
VEH-02645,0926eb0c83890caeb3abc86e5dc6a993,Hyundai,Elantra,2019,4,petrol,DMM
VEH-02646,1952b5ad7186d514b1a81c6db06c8e35,Kia,K5,2024,4,petrol,RUH
VEH-02647,965543ba4aa5b2c398cbcf2d738d8621,GMC,Yukon,2023,7,petrol,JED
VEH-02648,30f460c0fd42150169653e10479494d2,Toyota,Camry,2022,4,petrol,DMM
VEH-02649,9f6fdad38d0cf905bbb7db306b86803b,Nissan,Sunny,2026,4,petrol,DMM
VEH-02650,b575d16c31bed56902558b74115cbf64,Toyota,Camry,2024,4,petrol,DMM
VEH-02651,7f66e994bd758e4216045d1a1f325398,Toyota,Corolla,2022,4,petrol,RUH
VEH-02652,086b6c03098f5c287cf4faa12a4527d8,Nissan,Sunny,2019,4,petrol,RUH
VEH-02653,58bf6949fd7656405f8f4517573fd847,Nissan,Altima,2019,4,petrol,RUH
VEH-02654,2c91814c1b3d6a5b98582cac52dcc09d,Nissan,Altima,2021,4,petrol,JED
VEH-02655,8913ceb50cc197fb9ae7e29a26444217,Toyota,Camry,2024,4,petrol,JED
VEH-02656,dbb99f9cdb1892d3b76e4d2ae66677d1,Kia,K5,2024,4,petrol,RUH
VEH-02657,70540b0d6ca2f59c6a50f61a53032183,Toyota,Corolla,2025,4,petrol,DMM
VEH-02658,ce5e0f62496314ba7f1252843ed0969f,Kia,Cerato,2025,4,petrol,RUH
VEH-02659,1bf11e4bf539f78a99817d547ba821a0,Kia,K5,2021,4,petrol,RUH
VEH-02660,fdbaac5e74f8fdced5564bb695d2fd27,Hyundai,Elantra,2024,4,petrol,RUH
VEH-02661,08756428fc2715a85709243ea6c31fa1,Hyundai,Sonata,2022,4,petrol,RUH
VEH-02662,8ad73797c61fd059ad362e99e88968a7,Nissan,Sunny,2021,4,petrol,JED
VEH-02663,e7a40fc2c7c3867c92b45b4d35ee7681,Toyota,Corolla,2021,4,petrol,RUH
VEH-02664,7b66eddf32ea99d430ec6fd862d88ed1,Toyota,Camry,2025,4,petrol,JED
VEH-02665,c7cc680c6ce803a2683ebfdb7a869819,Hyundai,Sonata,2026,4,petrol,JED
VEH-02666,c28a9015ac2d2943a4c61914be77174d,Toyota,Camry,2018,4,petrol,RUH
VEH-02667,42ee205a023868e9a15700bef0bce7aa,Hyundai,Sonata,2018,4,petrol,JED
VEH-02668,be2724831bcc2e5c63fd130bc3f8bea1,Kia,Cerato,2018,4,petrol,RUH
VEH-02669,bbba1e879a083bef0668e7b137742a27,Nissan,Altima,2024,4,petrol,RUH
VEH-02670,3919a92d232e9857979196e1c2cd92b3,Toyota,Camry,2023,4,petrol,RUH
VEH-02671,8f7517dacc75e2b5763c84b167130ee6,Toyota,Camry,2026,4,petrol,RUH
VEH-02672,c4d0be0df851c88bc068358e96420aef,Honda,Accord,2024,4,petrol,JED
VEH-02673,e5f8fd38230b3e9e71b96e3f66f69242,Hyundai,Accent,2022,4,petrol,DMM
VEH-02674,2e7afbb9c3f4335c642db68e5cbc593a,Lexus,ES 300h,2024,4,hybrid,RUH
VEH-02675,2d053ec977c223c24bee5f6c65d8449e,Kia,K5,2020,4,petrol,RUH
VEH-02676,39a4f5830e0f8edd4652b47f2d0a35d7,Kia,K5,2023,4,petrol,JED
VEH-02677,8fe1a67aa6a98ba8ca9fc7c14192a86f,Nissan,Altima,2021,4,petrol,RUH
VEH-02678,0e2d392e718b0465c6b509ad29ab0a21,Nissan,Altima,2021,4,petrol,RUH
VEH-02679,dd1e511e9d5e4c22d05da9bb31e62274,Hyundai,Accent,2022,4,petrol,RUH
VEH-02680,5228c01bd376b1dbd57d5ff1ea814b29,Hyundai,Elantra,2023,4,petrol,RUH
VEH-02681,3bb9b9d5ed4a6a777e98fcd24250a5e2,Nissan,Sunny,2025,4,petrol,RUH
VEH-02682,94dbd3e2a9dd630e61a7767a42b393b5,GMC,Yukon,2026,7,petrol,RUH
VEH-02683,bee9d4a7f3a985ab99f07a6983d6b10f,Kia,K5,2021,4,petrol,DMM
VEH-02684,e4a79500368d2d6bcd43eeb087331100,Hyundai,Elantra,2019,4,petrol,RUH
VEH-02685,0ff580668aec7a93da8162ff98abfa04,Toyota,Corolla,2026,4,petrol,RUH
VEH-02686,6a774aaf9bbf18a4b09eaad2c860df76,Hyundai,Sonata,2020,4,petrol,DMM
VEH-02687,830d87b7a380c3cda925bf17b7d78274,GMC,Yukon,2024,7,petrol,RUH
VEH-02688,7b243e3e892849b312253a1ace0d4f5c,Toyota,Camry,2019,4,petrol,JED
VEH-02689,0cbbb34a52c6fcf60c560eb34b660725,Hyundai,Elantra,2024,4,petrol,RUH
VEH-02690,e3f088d99544662d5e49bbf467788c5c,Toyota,Hiace,2023,11,diesel,RUH
VEH-02691,c27e9d188484eb4f637a547ff4cf4187,Toyota,Land Cruiser,2019,7,petrol,RUH
VEH-02692,3de26a2ffa268ecce41389abf36a4d7d,Hyundai,Accent,2021,4,petrol,RUH
VEH-02693,ff63602526f33895b8d597be0f5558e8,Hyundai,Accent,2023,4,petrol,JED
VEH-02694,f7eeae4f31f54e7a761b3e22ae93b287,Chevrolet,Malibu,2024,4,petrol,JED
VEH-02695,956251fc7ec59684037aaaf7534f3a67,BYD,Han EV,2025,4,electric,JED
VEH-02696,676341bece78657e067f3f9a0ea4fbd8,Toyota,Camry,2023,4,petrol,DMM
VEH-02697,d1fa8b7ff1c86a2536a45e07fe2c1554,Toyota,Corolla,2025,4,petrol,JED
VEH-02698,064ecbb12ed41911029c710e14bd3c9f,Hyundai,Sonata,2026,4,petrol,DMM
VEH-02699,e55a02fdd116654185d6acd7b3b05fcc,GMC,Yukon,2025,7,petrol,JED
VEH-02700,9bc53e1a03a038dc37f43ddd4811a9b0,Hyundai,Elantra,2025,4,petrol,DMM
VEH-02701,f8f179e35e2bfd9f1f1df9668cf41737,Nissan,Sunny,2025,4,petrol,RUH
VEH-02702,adbdf24fbc4ed8b9387f12edfca164e5,Toyota,Camry,2024,4,petrol,RUH
VEH-02703,8934edc98f1791e284cb56559f81bb72,Toyota,Camry,2026,4,petrol,RUH
VEH-02704,ac58f875f894c9591529d7e64774e0c7,Tesla,Model 3,2020,4,electric,RUH
VEH-02705,e1f2edb5edaba4925afe5c914cff8090,Honda,Accord,2022,4,petrol,DMM
VEH-02706,af9673bb7dcfb3f86632744e00d2f8c6,Toyota,Camry,2021,4,petrol,RUH
VEH-02707,9874d80601f25b141fa58083c1335b7d,Hyundai,Sonata,2018,4,petrol,RUH
VEH-02708,017966f069748136c46ad79b89395e99,Toyota,Camry,2025,4,petrol,JED
VEH-02709,93b432997eb60782b4cb69624c1aeaf4,Nissan,Altima,2023,4,petrol,RUH
VEH-02710,61fae5faf61ec177013da93423f249ae,Chevrolet,Malibu,2023,4,petrol,JED
VEH-02711,8254e23cfd2baee18856c168735ea0d5,Kia,Cerato,2024,4,petrol,RUH
VEH-02712,9301d8cd554fb35a22b32f0a63e182a5,Lexus,ES 300h,2022,4,hybrid,RUH
VEH-02713,412d899b221d6b7468d6cf66235fbe49,Hyundai,Sonata,2026,4,petrol,JED
VEH-02714,0f939414c6c2663970aaf5ab026da1ca,Toyota,Camry,2020,4,petrol,RUH
VEH-02715,a88ab59cdb2f25715e0da885349af4e3,Toyota,Land Cruiser,2018,7,petrol,RUH
VEH-02716,04906aee54ee53090d0cfc5fd6c037ed,Toyota,Corolla,2021,4,petrol,RUH
VEH-02717,4133a34d71fa84085382138bb16da2be,Hyundai,Elantra,2021,4,petrol,RUH
VEH-02718,782aada18d38f13134569564039976c3,Toyota,Corolla,2024,4,petrol,RUH
VEH-02719,9d9296263242087bf0554c019aceb640,Hyundai,Sonata,2022,4,petrol,JED
VEH-02720,b47223e8ecd7442a58eeb8dc1c17eaab,Nissan,Altima,2022,4,petrol,RUH
VEH-02721,306cccc732378a86a82412cfa78430d8,Hyundai,Accent,2021,4,petrol,JED
VEH-02722,7c699b9e7c89f7edeaf03d51bbacf0e5,Toyota,Camry,2024,4,petrol,RUH
VEH-02723,3157b20d5ef9a8c77d78aa710414f73f,Kia,K5,2021,4,petrol,DMM
VEH-02724,2adf1392e18c1d5919ab62bbb3cc0ead,Kia,K5,2024,4,petrol,RUH
VEH-02725,23dd7da49457407ba625625cba75018a,Nissan,Altima,2024,4,petrol,RUH
VEH-02726,44909bb1125cec29ebf6c5ec3f74e46f,Toyota,Corolla,2023,4,petrol,JED
VEH-02727,c2f45e352b4b4c7b4a40e58803dfc3fc,Hyundai,Sonata,2020,4,petrol,RUH
VEH-02728,a8100c117ee17c26e8d9970910d66d3b,Kia,K5,2022,4,petrol,RUH
VEH-02729,296c47048b1d5d5bbca5ff021b20e53a,Toyota,Land Cruiser,2026,7,petrol,DMM
VEH-02730,2febec7a097504c8748b3e96eea42c6d,Hyundai,Sonata,2022,4,petrol,RUH
VEH-02731,57efaad8f88f040818d6728e83a74422,GMC,Yukon,2021,7,petrol,JED
VEH-02732,fe95c8a97e73d441f5a0cbeb34d4fca8,Hyundai,Elantra,2022,4,petrol,RUH
VEH-02733,f98050f06dfed367637807eb58365986,Toyota,Corolla,2019,4,petrol,JED
VEH-02734,d040ae8f35a1d6055c431eb613e78d4e,Hyundai,Elantra,2019,4,petrol,RUH
VEH-02735,a1f5a130f5d3cf8b162eb3d371a9f6c4,Kia,K5,2020,4,petrol,JED
VEH-02736,8466919dca5bef740b80042a9030bf64,Toyota,Hiace,2018,11,diesel,JED
VEH-02737,44919ff8f139c7bf046e2255008d74e2,Hyundai,Elantra,2020,4,petrol,RUH
VEH-02738,030c94963c387fad65dc8f15dbc880d6,Hyundai,Sonata,2024,4,petrol,DMM
VEH-02739,208a5457d670a213dfb595fd901c65cc,Hyundai,Sonata,2024,4,petrol,RUH
VEH-02740,a0d32d863085f4f9d615e17d20364dbf,Toyota,Corolla,2022,4,petrol,RUH
VEH-02741,412c4ee5eac76ec82f9fe765f11683a9,Toyota,Hiace,2025,11,diesel,DMM
VEH-02742,eb2df3b5b7e432d1352c6864e5f1663d,Toyota,Hiace,2020,11,diesel,RUH
VEH-02743,5cdf063283a9831b86c4a35133559dcd,Toyota,Camry,2025,4,petrol,RUH
VEH-02744,1aef42e982dc3b9c7ded2d6e13232a6f,Toyota,Hiace,2025,11,diesel,JED
VEH-02745,77f41deddbea0791abe64cfd0fb2e737,Nissan,Altima,2024,4,petrol,RUH
VEH-02746,4351b5f6b16fcdbda9876c7ee9642450,Hyundai,Elantra,2021,4,petrol,RUH
VEH-02747,358e1411aa31ea88d4cb08460b34a397,Chevrolet,Malibu,2022,4,petrol,RUH
VEH-02748,15894f9f0eff8b0c0e8df16371b3d5c3,Toyota,Corolla,2021,4,petrol,JED
VEH-02749,5f903fc2f39b2a7f295fd2f4c3222503,Hyundai,Elantra,2021,4,petrol,RUH
VEH-02750,4666d1f4bb3213ad53260ada1a80625c,Kia,K5,2026,4,petrol,RUH
VEH-02751,7e857ca33c6052873adf11edb20227e6,Nissan,Altima,2025,4,petrol,DMM
VEH-02752,bbdd18c0155279d61762b0484645cbb0,Nissan,Altima,2026,4,petrol,JED
VEH-02753,d0ae73f587e512b1a0dbb5c5ce976223,Toyota,Camry,2023,4,petrol,DMM
VEH-02754,02cf7af1dbb3c0a2b5377e947e004869,Kia,Cerato,2021,4,petrol,RUH
VEH-02755,685368c5ea28e91ed41625c0b37fec17,GMC,Yukon,2024,7,petrol,JED
VEH-02756,bb6a4ef02fd211182b53645856a19739,Hyundai,Accent,2026,4,petrol,JED
VEH-02757,e62982e4868a2e03e07237894b897feb,Hyundai,Accent,2023,4,petrol,DMM
VEH-02758,82cb767c8151b44f972222f90a850bfd,Kia,Cerato,2024,4,petrol,RUH
VEH-02759,985b823ff6bcae0d7c41b62ef70a15a5,Kia,K5,2025,4,petrol,JED
VEH-02760,f78758194412c793eb1f03b1063ffd52,Toyota,Corolla,2024,4,petrol,JED
VEH-02761,d2f9a4b752bca323336f122cd400619f,Lexus,ES 300h,2020,4,hybrid,JED
VEH-02762,79cb356b6614ac951388348aa14ccaef,Hyundai,Sonata,2026,4,petrol,DMM
VEH-02763,f816d36e93426ff914bf5a87644be065,Hyundai,Sonata,2024,4,petrol,DMM
VEH-02764,a1937121bed58308975e67b1a09f5e21,Toyota,Camry,2024,4,petrol,RUH
VEH-02765,c3ed714b9009b74f164478b184cb9fec,Hyundai,Accent,2021,4,petrol,RUH
VEH-02766,2496002c83c6e30bfbed23ff106c6c53,Toyota,Corolla,2020,4,petrol,JED
VEH-02767,47abe7e3ad166f7301ac70db624d0bd4,Nissan,Altima,2024,4,petrol,JED
VEH-02768,db87b7a2c7877ad8922392cd2af4037b,Hyundai,Sonata,2022,4,petrol,DMM
VEH-02769,b2298e26a66961ed56061ad7ea1b6d77,Toyota,Hiace,2023,11,diesel,DMM
VEH-02770,4a0bc81d7c98c61afe0cc71311d56d52,Hyundai,Elantra,2025,4,petrol,DMM
VEH-02771,499362611fc924ce907e01e4fc989917,Hyundai,Sonata,2026,4,petrol,JED
VEH-02772,a6566ed95e689b56cd90ea18ba3402f7,Hyundai,Sonata,2023,4,petrol,RUH
VEH-02773,96acb5972d351ccececb68dbc1da66d9,Toyota,Camry,2021,4,petrol,RUH
VEH-02774,e90f0196d7188573f8403378715199fe,Toyota,Camry,2020,4,petrol,RUH
VEH-02775,4e32c96950af34ab0277e0bee3c85c8e,BYD,Han EV,2021,4,electric,RUH
VEH-02776,82e0caf6c220451df1b35d668a8afdcc,Toyota,Camry,2023,4,petrol,RUH
VEH-02777,4b36c60590ace5665819b21b723e2de9,Nissan,Altima,2022,4,petrol,RUH
VEH-02778,f4759fd17730b400673a29177ceca751,Nissan,Altima,2022,4,petrol,RUH
VEH-02779,2437f514470546a362b1b7896a2a3255,Nissan,Sunny,2026,4,petrol,RUH
VEH-02780,481fd4c28cc9e6bbc148aad89bfbbddd,Hyundai,Sonata,2025,4,petrol,JED
VEH-02781,2e2c3ae8468336b030e60814eec9b36f,Honda,Accord,2024,4,petrol,RUH
VEH-02782,d3982dfc262bdfc73df2a003e939598c,Hyundai,Accent,2021,4,petrol,RUH
VEH-02783,8f3a483eca7b1b2fdadcc3030795d960,Hyundai,Sonata,2019,4,petrol,RUH
VEH-02784,17b6cece4cefe03c44d2373fefbdab3a,Nissan,Sunny,2026,4,petrol,JED
VEH-02785,fd93125253840fe220b6385dab264613,GMC,Yukon,2025,7,petrol,RUH
VEH-02786,51bf937a959cb7259c3f1dbf1df4efed,Toyota,Camry,2019,4,petrol,JED
VEH-02787,b3b99aa7db52a6f3b495268cc5052355,Hyundai,Elantra,2023,4,petrol,DMM
VEH-02788,223d7ffd4105edc5f95566131ec126e6,Hyundai,Elantra,2019,4,petrol,RUH
VEH-02789,6679e78711ad8b97dd51f048100a9e6e,Toyota,Land Cruiser,2023,7,petrol,RUH
VEH-02790,291de28d6a465f00e4d190e53cbdf146,Hyundai,Elantra,2025,4,petrol,RUH
VEH-02791,fa77389e2617cc3ff458bd337f7684a6,Toyota,Corolla,2021,4,petrol,RUH
VEH-02792,b483a3ee16ae8ab1e76acd01afb65079,Hyundai,Accent,2024,4,petrol,JED
VEH-02793,e0d7ae28fd33dcbe86795703b02c4c93,Toyota,Camry,2023,4,petrol,RUH
VEH-02794,fc200b59e87f4c881ea899a3eecd4db8,Kia,K5,2019,4,petrol,RUH
VEH-02795,8bbfb946a35da7d95d3c6b80bc9a767a,Toyota,Camry,2024,4,petrol,DMM
VEH-02796,04950cca513eef42e4775edad30d42bb,Nissan,Altima,2025,4,petrol,JED
VEH-02797,a39fcda3a9f46c774289191c7417f0c7,Hyundai,Sonata,2024,4,petrol,JED
VEH-02798,4837da889c0303cc90239115eb07db58,Toyota,Corolla,2026,4,petrol,JED
VEH-02799,e0844ecbc9528f205651d7d1718df11b,Hyundai,Elantra,2025,4,petrol,RUH
VEH-02800,388f916775554f0bc665b9468825b4d8,Chevrolet,Malibu,2019,4,petrol,RUH
VEH-02801,0f04a9ed0b74a155827c022651a25cd5,Toyota,Corolla,2019,4,petrol,RUH
VEH-02802,4dfe1d7ba92bb23a70c647270dcea6bf,GMC,Yukon,2021,7,petrol,RUH
VEH-02803,efe9e87cd261d9b411e7188fa34403ba,Nissan,Sunny,2026,4,petrol,RUH
VEH-02804,1ee7d631ddf81fdad86618a8b7897bb4,Kia,K5,2024,4,petrol,JED
VEH-02805,e8c889fd9a3a388a7fa7318ca3d50285,Hyundai,Sonata,2025,4,petrol,RUH
VEH-02806,1070c37456dd4b0957c60f6c648d4314,Nissan,Altima,2024,4,petrol,JED
VEH-02807,404a59fc5d526171eddc73dbb154e95c,Kia,K5,2020,4,petrol,RUH
VEH-02808,d96585d83d3b6261cf848d726fb76186,Hyundai,Elantra,2024,4,petrol,JED
VEH-02809,44da69e17164087cbb0587951a84669f,Toyota,Corolla,2018,4,petrol,RUH
VEH-02810,efb2899def3be2b69399b4abcbbfafdc,Toyota,Corolla,2024,4,petrol,RUH
VEH-02811,3d087468671d00efcd94cec16ff705c9,Hyundai,Sonata,2025,4,petrol,DMM
VEH-02812,910021a984733e6ec9e582392311466c,Toyota,Hiace,2018,11,diesel,RUH
VEH-02813,d7c884bc8eb8365809fe39eb16b90a9a,Toyota,Camry,2025,4,petrol,DMM
VEH-02814,8744c5db94717c9edb998c805112b237,Nissan,Sunny,2025,4,petrol,RUH
VEH-02815,8052ff9369004963b077d1ab68a70a1e,Hyundai,Sonata,2024,4,petrol,RUH
VEH-02816,4784e89ccfb479691684dc4a3659ed5d,Hyundai,Accent,2022,4,petrol,JED
VEH-02817,8052b14ae46908b1230c376b35267299,Kia,Cerato,2023,4,petrol,JED
VEH-02818,dcc3b580f035e8d1db0098e69e1eb089,Toyota,Corolla,2024,4,petrol,RUH
VEH-02819,b59d22b59470656c7db2955f8eda8842,Honda,Accord,2023,4,petrol,RUH
VEH-02820,ceb57f4231a9a68f76908ffbadb98375,Toyota,Corolla,2018,4,petrol,JED
VEH-02821,889de962971aba3181d0da48d6b205af,Kia,K5,2024,4,petrol,DMM
VEH-02822,a73d94368eb2e2f5f31c2800a6a36eeb,Hyundai,Elantra,2025,4,petrol,DMM
VEH-02823,7b162e617281ff70509b6f612c795b4d,Nissan,Altima,2025,4,petrol,RUH
VEH-02824,a4200186ac559fa121865185c10153c6,Toyota,Camry,2025,4,petrol,JED
VEH-02825,1014fd47495b2805ac1f1cdd4279775d,Toyota,Land Cruiser,2026,7,petrol,RUH
VEH-02826,2730f7726e5d66c8df009f511b1724fc,Nissan,Sunny,2020,4,petrol,RUH
VEH-02827,f0c515358443d06da3c7908d6b0b4577,Kia,Cerato,2024,4,petrol,JED
VEH-02828,3ffa5ac082039ea5a69ac189cd5661e4,Toyota,Land Cruiser,2024,7,petrol,JED
VEH-02829,6f92c9a78fed1be9e32b65d357320035,Hyundai,Elantra,2020,4,petrol,JED
VEH-02830,45f7ed5cd4351dcb3d64cde8dd4c7656,Lexus,ES 300h,2026,4,hybrid,RUH
VEH-02831,8d908744e69a0049022e2326fee18843,Toyota,Corolla,2023,4,petrol,JED
VEH-02832,3c2c85c3c2732c823e86ba407724353f,Hyundai,Sonata,2026,4,petrol,JED
VEH-02833,d059bb97fa7ba7eab81df7de7ad75c4c,Hyundai,Sonata,2020,4,petrol,JED
VEH-02834,6067b3aeaf58f6677db2b9d0161226df,Hyundai,Sonata,2024,4,petrol,JED
VEH-02835,8f6842a0645dec18106857b82fd3edc9,Hyundai,Sonata,2024,4,petrol,RUH
VEH-02836,dc6aff437431de92c19cd095b0f27e38,Kia,Cerato,2022,4,petrol,JED
VEH-02837,e4ee818ca3a5df5a7df0e78fef980cd1,Hyundai,Sonata,2022,4,petrol,DMM
VEH-02838,037c07609f275a664767764db3baae6c,Hyundai,Elantra,2025,4,petrol,RUH
VEH-02839,7382882fb7f1ce20f39b5d69d229760a,Toyota,Camry,2026,4,petrol,RUH
VEH-02840,edcf99c29acae26e541126f4d8cd03a9,Toyota,Land Cruiser,2023,7,petrol,RUH
VEH-02841,7b0574a56f20330b182e73983487a3c2,Kia,K5,2026,4,petrol,RUH
VEH-02842,15f3272ade2d61e698de9cc2888eb28a,Hyundai,Sonata,2022,4,petrol,RUH
VEH-02843,391879b449bc2978e69a83be2a67e7cc,Kia,K5,2023,4,petrol,RUH
VEH-02844,f2db8c89c01eaffa51d09cf1a957214f,GMC,Yukon,2023,7,petrol,RUH
VEH-02845,69c444b025f1a52ed627a1a812c3c50a,Nissan,Altima,2024,4,petrol,JED
VEH-02846,fdc09991a805fef464ed13353dad6de4,Toyota,Camry,2024,4,petrol,JED
VEH-02847,b9fdb13b753250657232aaf318220e8a,Hyundai,Accent,2019,4,petrol,JED
VEH-02848,20ab4a0b7ba234a62320baa1e252f5cd,Honda,Accord,2023,4,petrol,JED
VEH-02849,53269c456d16eab96b94b1f9240f283a,Nissan,Sunny,2026,4,petrol,JED
VEH-02850,a07cc5e228b035654f95ffb847f47672,BYD,Han EV,2026,4,electric,RUH
VEH-02851,d6fb618bc7c03e4457e8c5f68f4d920d,Hyundai,Elantra,2022,4,petrol,RUH
VEH-02852,a697814ffbb9f7690baf75e6684b7abb,Nissan,Altima,2024,4,petrol,RUH
VEH-02853,dfccb9f504306d7656c8c224208c9b94,Hyundai,Elantra,2025,4,petrol,JED
VEH-02854,d0f2e95318787e36d89a885c5314b362,Toyota,Land Cruiser,2022,7,petrol,DMM
VEH-02855,c75cfcfcb173b0bd0b7c500e6ce2b674,Toyota,Corolla,2021,4,petrol,RUH
VEH-02856,281da404e7048bbb5288bab3277f9e67,Lexus,ES 300h,2023,4,hybrid,DMM
VEH-02857,0abc258561921015653cb730a7d5699f,Nissan,Sunny,2025,4,petrol,RUH
VEH-02858,fcee5241734bc5ef9927bdbe80966067,Hyundai,Sonata,2025,4,petrol,JED
VEH-02859,927c5b8cd42d55f71f59f595b5bf7e0e,Hyundai,Sonata,2020,4,petrol,RUH
VEH-02860,0effb064397878554b541622b69786dc,Toyota,Camry,2022,4,petrol,DMM
VEH-02861,efd919965b11beb8d8f8c9b313ab3032,Toyota,Corolla,2021,4,petrol,RUH
VEH-02862,d02cf73e9334f123cff61f9fc0421448,Toyota,Land Cruiser,2023,7,petrol,RUH
VEH-02863,c87e229067d77ba998fdf9df883da836,Toyota,Corolla,2024,4,petrol,RUH
VEH-02864,f09d2a9e5a8b4e84ea4deba52b3dfdf6,Hyundai,Elantra,2018,4,petrol,DMM
VEH-02865,d527597948fbe14b4a20750e6af460b0,Hyundai,Sonata,2019,4,petrol,DMM
VEH-02866,c2af25f14c8c457d0acdce0f0fdaa805,Nissan,Sunny,2025,4,petrol,DMM
VEH-02867,e5b3e602fa0bed9cf93f7188f0a3e66b,Hyundai,Elantra,2019,4,petrol,JED
VEH-02868,2a9be0d7520e961b6415dacc500a026c,Toyota,Corolla,2024,4,petrol,RUH
VEH-02869,cde4af3962862723839e1fcb3c251dc6,Toyota,Camry,2021,4,petrol,JED
VEH-02870,64a86d1e39a087beac1ee1cd44f525c2,Toyota,Camry,2021,4,petrol,RUH
VEH-02871,cad75e1e802e6a252b70e7ccb2484b5c,Hyundai,Accent,2024,4,petrol,JED
VEH-02872,6be23065ec64e72f553b9baf8425f26b,Kia,Cerato,2019,4,petrol,RUH
VEH-02873,7c7499cbdaec5bbdcd1bb499b4774c01,Toyota,Corolla,2024,4,petrol,RUH
VEH-02874,25caba238853caf768772b939f287f32,Kia,K5,2025,4,petrol,RUH
VEH-02875,aec4941c81398da66f7d00c25df2867b,Toyota,Land Cruiser,2022,7,petrol,JED
VEH-02876,be5150f460ddcd82e571a92754583bec,Toyota,Corolla,2021,4,petrol,DMM
VEH-02877,804dfd4b34a70f85849368467c0adbbb,Toyota,Camry,2023,4,petrol,RUH
VEH-02878,e4e354cbc167887d9695d52fec517744,Hyundai,Accent,2021,4,petrol,RUH
VEH-02879,8457fab10990f36bde3e3d45f89b191c,Hyundai,Elantra,2024,4,petrol,JED
VEH-02880,8e284402fe71821706c1b07091a1564a,Nissan,Sunny,2019,4,petrol,RUH
VEH-02881,8d2c9f7d906d2c7c7f8b8e93f7639c4a,Hyundai,Sonata,2018,4,petrol,DMM
VEH-02882,26acb62e41466c701754f608c79e2add,Nissan,Sunny,2023,4,petrol,RUH
VEH-02883,9cf48c0e6ec9c7d8e03d13cb1e3ba97e,Kia,Cerato,2022,4,petrol,RUH
VEH-02884,ab0a3aedb95884f8125bf49cedb41243,Hyundai,Elantra,2023,4,petrol,JED
VEH-02885,5c3544ca5267e9fee090d14ba2032310,Toyota,Camry,2024,4,petrol,JED
VEH-02886,fbb600d24c45cb9cc5f2da7c5fbd2b58,Tesla,Model 3,2022,4,electric,DMM
VEH-02887,5a55e8b9bd4fed7a8af5a8921e843279,GMC,Yukon,2020,7,petrol,RUH
VEH-02888,5772190639648f32fae3536e7217e785,Hyundai,Sonata,2023,4,petrol,RUH
VEH-02889,680b65695200451f806ff165fc707c43,Hyundai,Sonata,2023,4,petrol,RUH
VEH-02890,3cfaa008a746ad8425b2b8f26d2745fc,Toyota,Corolla,2023,4,petrol,RUH
VEH-02891,71ab820681b3c516d2c78f2ae4ed35bd,Kia,Cerato,2022,4,petrol,RUH
VEH-02892,4c6d548a3dbf8966d682fb0aad6a37d0,Toyota,Camry,2020,4,petrol,JED
VEH-02893,f113124b01027d14faecd35e781ad995,Hyundai,Elantra,2020,4,petrol,JED
VEH-02894,803a1c9a3f68916830f5c58d280ecfeb,Kia,K5,2024,4,petrol,RUH
VEH-02895,0c7a9e4bf745fb63bba00b89a2beb0c9,Toyota,Hiace,2025,11,diesel,RUH
VEH-02896,feaae103cd02ae841501cf3a63cea966,Toyota,Camry,2023,4,petrol,RUH
VEH-02897,4dfb1640249f8f325c970c2820850e13,Toyota,Corolla,2026,4,petrol,RUH
VEH-02898,c1c938e33e3b8bf7162dd2c76c1ed728,Toyota,Corolla,2021,4,petrol,JED
VEH-02899,e2c1b540dd757387d3280bdd58cb7d66,Kia,Cerato,2019,4,petrol,RUH
VEH-02900,76e39727a0cf6b523eee45ba047aa67d,Toyota,Camry,2025,4,petrol,RUH
VEH-02901,ab5f969579a7d6143909237e0cc860b5,Honda,Accord,2021,4,petrol,JED
VEH-02902,e5a09e8447f17d9aaf9fe205458193a6,Hyundai,Accent,2020,4,petrol,JED
VEH-02903,e988797393a65a1b8eebb5e91b528c57,Hyundai,Elantra,2025,4,petrol,DMM
VEH-02904,61d5da804b936b20752d23b1ba6c5782,Hyundai,Accent,2026,4,petrol,RUH
VEH-02905,20eb887316223a01f61f08b89989b316,Nissan,Altima,2025,4,petrol,RUH
VEH-02906,6a8e932d264253e63909aab7f298ecb1,Chevrolet,Malibu,2022,4,petrol,RUH
VEH-02907,e15da07638e99780271278ba099b2fff,Hyundai,Elantra,2024,4,petrol,JED
VEH-02908,907cfc0a03f2892f65da155c9d1f38fb,Toyota,Camry,2024,4,petrol,JED
VEH-02909,e138f1feb1f16b1138436959b516787b,Nissan,Sunny,2024,4,petrol,DMM
VEH-02910,d5c84e9066d1ad0873d27fa65fdb4ec5,Hyundai,Elantra,2019,4,petrol,RUH
VEH-02911,b2157f51ed29a2de6f7d09cd9fcc3d93,Hyundai,Sonata,2020,4,petrol,JED
VEH-02912,c00f73464526fbb190b88d47cbea3b6a,Hyundai,Sonata,2023,4,petrol,JED
VEH-02913,7a9f999205403d3d611f70abaebb3654,Hyundai,Sonata,2024,4,petrol,DMM
VEH-02914,440f42ad5a9baf83ee49901a22d8de51,Toyota,Camry,2019,4,petrol,DMM
VEH-02915,3c98c744a06d9e20f5c5293b96e139bb,Toyota,Corolla,2018,4,petrol,DMM
VEH-02916,bfd1ae679c702316eb2fd0e1f206660b,Lexus,ES 300h,2024,4,hybrid,JED
VEH-02917,5a592d3e2377c2cfcb905f224db066f7,Kia,Cerato,2020,4,petrol,RUH
VEH-02918,711b090935d2668962ee5d3dd861f50b,GMC,Yukon,2024,7,petrol,JED
VEH-02919,f20e03422ccbfeb7847c8983c78641b6,Hyundai,Elantra,2024,4,petrol,RUH
VEH-02920,9cb7e7c88664bd808deb1c600ec62f83,Hyundai,Elantra,2025,4,petrol,RUH
VEH-02921,1beb5c7c639f3fc792ab5060e85b4898,Toyota,Camry,2021,4,petrol,RUH
VEH-02922,ec90d3220eb0a0bde8e980e60df22171,Hyundai,Sonata,2023,4,petrol,RUH
VEH-02923,ea4bb810e9251718c904373ef8103127,Kia,Cerato,2025,4,petrol,JED
VEH-02924,f88770da32e857e8d08f2d123142e061,Nissan,Altima,2019,4,petrol,RUH
VEH-02925,5d01541af4a5a7bf46d5c505c14332c6,Hyundai,Accent,2026,4,petrol,JED
VEH-02926,045f5ba8f5bda866acbd61c382f4c36b,Hyundai,Elantra,2025,4,petrol,RUH
VEH-02927,d1df6944c59a6e1fdd9e7a36d61734dd,Toyota,Land Cruiser,2023,7,petrol,RUH
VEH-02928,766fcca71afb17c6545103218cc73fe2,Lexus,ES 300h,2024,4,hybrid,DMM
VEH-02929,a58c181f118604aa6e6572c8a08a84b4,Toyota,Corolla,2023,4,petrol,JED
VEH-02930,5ad04786c517bb16be9d9d8369c13e1c,Toyota,Camry,2020,4,petrol,RUH
VEH-02931,2a0c4fb1f645e0a9480821b95491d7d4,Lexus,ES 300h,2023,4,hybrid,DMM
VEH-02932,e5c2de873bd811dc463c1d3a2485ae41,Honda,Accord,2025,4,petrol,RUH
VEH-02933,2904d904c1336f6c0a2330cdf2f36046,Hyundai,Elantra,2026,4,petrol,JED
VEH-02934,5801f8b07b13c60f39fb7a8f87a6af6b,Nissan,Altima,2020,4,petrol,RUH
VEH-02935,c98141a29b768f4e92e5a153c66c1673,GMC,Yukon,2023,7,petrol,JED
VEH-02936,a8ef2e156b079a68e8c60a44206e298d,Hyundai,Sonata,2020,4,petrol,JED
VEH-02937,658563c996a817e1b92cbcf8fa0cc353,Kia,K5,2023,4,petrol,RUH
VEH-02938,baffc887a6746e99d2051c901e2c04d5,Toyota,Corolla,2021,4,petrol,JED
VEH-02939,0ee43739262d1f36c8de21e424bdd681,Toyota,Hiace,2026,11,diesel,RUH
VEH-02940,77a11e846eaf9c20fdfd91228448641a,Hyundai,Elantra,2022,4,petrol,DMM
VEH-02941,b160e5207b1289b1b90817e95d0039f2,Nissan,Altima,2026,4,petrol,RUH
VEH-02942,e650fb40ece6add79a3b94e8b2b8abd7,Hyundai,Elantra,2020,4,petrol,RUH
VEH-02943,194755829b431c71fe216921d79b08e8,Honda,Accord,2018,4,petrol,RUH
VEH-02944,9609bdcc81309e58945cd814b76797d9,Hyundai,Elantra,2021,4,petrol,JED
VEH-02945,6232da584322202a7eb6b8a6473c1529,Toyota,Corolla,2022,4,petrol,RUH
VEH-02946,4f0944a8ece2116689b0da7bbd974fd6,Toyota,Camry,2021,4,petrol,RUH
VEH-02947,5b90e1dd3f45eff3b303a1d37241e080,Toyota,Corolla,2022,4,petrol,RUH
VEH-02948,7bb60899cbf59c2ed89d9cafd10f5121,Hyundai,Accent,2024,4,petrol,DMM
VEH-02949,223ec3ab57bfdcb28e6773d6de46ca5b,Toyota,Camry,2022,4,petrol,DMM
VEH-02950,f8dbc0b3e26db90693c48e2914e6affe,Toyota,Corolla,2025,4,petrol,RUH
VEH-02951,de693f0d9dfa4eb201da258d3136f95e,Kia,K5,2022,4,petrol,JED
VEH-02952,a6cda5ebaad7c2e56e4e0ab426f1ce54,Hyundai,Elantra,2023,4,petrol,RUH
VEH-02953,508089572571a65383c20deefb19d7ed,Toyota,Corolla,2023,4,petrol,DMM
VEH-02954,3ef4848e1f4bfc0331d88212edaf31fc,Hyundai,Accent,2024,4,petrol,RUH
VEH-02955,3dad250b7f026b0e577e6c596661d0d1,Toyota,Camry,2024,4,petrol,JED
VEH-02956,3a0142bb9b51058455aaacf59480b925,Toyota,Land Cruiser,2025,7,petrol,DMM
VEH-02957,d9e4fc48da390a661cafa470f8c9b7dd,Toyota,Land Cruiser,2022,7,petrol,RUH
VEH-02958,adb2ff22b3c6e0bffe10e60a529e8ffc,GMC,Yukon,2021,7,petrol,JED
VEH-02959,d30d58a590b8dc4804f8a411fe72f140,Kia,K5,2023,4,petrol,RUH
VEH-02960,d56206ef943ff9cd06450e490604d677,Hyundai,Sonata,2022,4,petrol,DMM
VEH-02961,c37f7406a3bc7065a952f448ecc9cc23,Honda,Accord,2022,4,petrol,RUH
VEH-02962,e7e45e467890401830d0c35b21a243e7,Toyota,Camry,2026,4,petrol,RUH
VEH-02963,5551d6dd9e2d102c2684f517e24bbe05,Nissan,Altima,2022,4,petrol,DMM
VEH-02964,412a1887945866bbde8420742139da02,Kia,Cerato,2023,4,petrol,RUH
VEH-02965,4e473fd5222295fe559dbe0c511b7b70,Hyundai,Sonata,2025,4,petrol,RUH
VEH-02966,2f9d392633cb43df7eea787a34fa45e7,Hyundai,Elantra,2020,4,petrol,DMM
VEH-02967,9b0cad4c7177c261e74ff85fb5b9f3ce,Toyota,Camry,2021,4,petrol,RUH
VEH-02968,8671a2f1dcefead9b755fe60bc2b615e,Lexus,ES 300h,2025,4,hybrid,JED
VEH-02969,36290d9faf8de275497dd020f9d75b73,Nissan,Sunny,2026,4,petrol,RUH
VEH-02970,2c3a583d901726d578f7f1921587512b,Kia,K5,2025,4,petrol,DMM
VEH-02971,48834aafb3ee12dc0fe6ec74322bc208,Hyundai,Elantra,2023,4,petrol,RUH
VEH-02972,868ca782143a3a3569b4a3f6839a6b0b,Toyota,Land Cruiser,2026,7,petrol,RUH
VEH-02973,f5e4f00722a49d9a164e0d03f3eba231,Kia,Cerato,2018,4,petrol,RUH
VEH-02974,b68800d3c8a2d68a390425a2fc9b94e0,Toyota,Corolla,2020,4,petrol,JED
VEH-02975,ea0f84f0034f4d053a058f4ebb46fc84,Toyota,Land Cruiser,2022,7,petrol,RUH
VEH-02976,1ab241cd52812105ae7f5669c5d4c8c5,Nissan,Altima,2024,4,petrol,JED
VEH-02977,2b1aede2ba3f8d32fbcd710741fddc72,Hyundai,Sonata,2025,4,petrol,DMM
VEH-02978,3e709f75f06442eb3d4dea122aab8a69,Hyundai,Elantra,2023,4,petrol,RUH
VEH-02979,aae22a33a9f42f1997c5de12956c3307,Chevrolet,Malibu,2023,4,petrol,RUH
VEH-02980,f10b7e69215bee31e43470b331db00cb,Hyundai,Sonata,2019,4,petrol,RUH
VEH-02981,5dca7f229634500a787d0fbadbc686ce,Hyundai,Accent,2023,4,petrol,RUH
VEH-02982,7ebc1bd350c3cab9d86b25f4fafa155a,Kia,K5,2023,4,petrol,DMM
VEH-02983,a3af2be2a5c7b2acd19a7273f6c81a8c,Toyota,Hiace,2019,11,diesel,DMM
VEH-02984,26cd3f34fca044935fb09bfa441909fb,BYD,Han EV,2026,4,electric,JED
VEH-02985,e7bac9beb204e5821294e896387ffb15,Nissan,Sunny,2024,4,petrol,RUH
VEH-02986,50ff962ba2c6cee3e967a85bc9453f5f,Toyota,Camry,2024,4,petrol,JED
VEH-02987,6c5d973393734881beb64c8107bb1362,Kia,K5,2018,4,petrol,RUH
VEH-02988,21b985d74dfccfb6bc99fa0f03e11abe,Hyundai,Elantra,2022,4,petrol,RUH
VEH-02989,adb7e103ce67418b81c7ec68b9536c44,Kia,Cerato,2025,4,petrol,JED
VEH-02990,f5e273196b335d74214df2385d7b0650,Honda,Accord,2022,4,petrol,DMM
VEH-02991,e4a3a5215a48ce7fe818eb66c8588159,Hyundai,Elantra,2019,4,petrol,JED
VEH-02992,5df74c066e664de1d00ad8cba4fdccdf,Hyundai,Accent,2020,4,petrol,DMM
VEH-02993,a0d19ba1be0c22c1d14cd018845a39c5,Kia,Cerato,2025,4,petrol,JED
VEH-02994,0417429ade03c3fcb93802dc0a7840ed,Toyota,Camry,2025,4,petrol,DMM
VEH-02995,5f63ab55d5f2b4bb9d403798cc270cf1,Tesla,Model 3,2025,4,electric,RUH
VEH-02996,90872d8a2665fc90f7576a83730cd025,Hyundai,Elantra,2022,4,petrol,RUH
VEH-02997,1b5b2d3de847f8decb255fa717b2c39d,Nissan,Sunny,2020,4,petrol,JED
VEH-02998,817cf686a0e37b6c3c68eec3efdbc620,Hyundai,Accent,2021,4,petrol,JED
VEH-02999,d9055b046d160c1a36fd742b5962d2ec,Nissan,Altima,2023,4,petrol,RUH
VEH-03000,3994bfec52bab1eae3541064b7beb465,Toyota,Corolla,2025,4,petrol,RUH
VEH-03001,02a043f8314e1e2c857a220171d3fe9c,Hyundai,Sonata,2025,4,petrol,RUH
VEH-03002,aec83b33c288c9964971d9c7e74363e1,Kia,K5,2024,4,petrol,RUH
VEH-03003,511d6cb660ba867081fb372536951ba2,Toyota,Hiace,2019,11,diesel,JED
VEH-03004,8bb32b8654f7ae9ebb5bce844da319cb,Hyundai,Sonata,2023,4,petrol,JED
VEH-03005,1c2887c3b4d8da5ddc9499180516666b,Kia,K5,2024,4,petrol,RUH
VEH-03006,ed42159f114219d2370ced7cbbd8fba8,BYD,Han EV,2020,4,electric,JED
VEH-03007,e16ad8bcb0855fca389ad9b539736dba,Hyundai,Sonata,2023,4,petrol,RUH
VEH-03008,7240c1da673cebe7e704f19cd1c951f2,Kia,K5,2025,4,petrol,RUH
VEH-03009,ebf7aaab4d1745466f68324f29c1b501,Nissan,Sunny,2025,4,petrol,DMM
VEH-03010,083c82dd9c1f8982efd386f05f0abb42,Hyundai,Elantra,2022,4,petrol,JED
VEH-03011,ef68c699ff25162bf8a50335107bd706,Toyota,Corolla,2025,4,petrol,JED
VEH-03012,c79a2d4ba83fbbe034e6d3a390c68fb5,Lexus,ES 300h,2025,4,hybrid,RUH
VEH-03013,74217d0e5f432a83eda3d56801d0710d,Hyundai,Sonata,2024,4,petrol,RUH
VEH-03014,c165ea41f84133e1e7d9db2f8e5a96d9,Toyota,Camry,2023,4,petrol,JED
VEH-03015,dbd214f0f1893e0ce4029e140b036c10,Hyundai,Accent,2019,4,petrol,JED
VEH-03016,565ca1d6fa82ee43f84a7c1f4eee05aa,Kia,Cerato,2024,4,petrol,DMM
VEH-03017,bb314aab692a991fa481ed8002602aa4,Nissan,Altima,2022,4,petrol,DMM
VEH-03018,a398e793daa446209ab7a020e5757ada,Honda,Accord,2023,4,petrol,RUH
VEH-03019,394ed62cace2c8d35b47edb8302f1846,Hyundai,Accent,2023,4,petrol,JED
VEH-03020,1f370bcafdc023f24083b6d96fe595b5,Toyota,Corolla,2023,4,petrol,RUH
VEH-03021,ad6a660cfcea399041c26058e3b16d7d,Hyundai,Sonata,2026,4,petrol,DMM
VEH-03022,a6fe316cb3d938b8d7128e572bb25d6c,Lexus,ES 300h,2023,4,hybrid,RUH
VEH-03023,10a638a6d43afe29c64e53a42a0d5ad1,Toyota,Hiace,2025,11,diesel,RUH
VEH-03024,0c91123ac83383f06dd47b6cf4387c3f,Hyundai,Sonata,2023,4,petrol,DMM
VEH-03025,8c636fc8e66581555fc5775054ccffee,Hyundai,Elantra,2019,4,petrol,DMM
VEH-03026,e117af8e4f839d0ebe77e594bbf9d1a2,Nissan,Sunny,2020,4,petrol,JED
VEH-03027,4c85cca3393f576c3f5325451b299e2c,Toyota,Hiace,2026,11,diesel,RUH
VEH-03028,eb322895ae25d1036fa63e3934638e0b,Hyundai,Sonata,2024,4,petrol,RUH
VEH-03029,ab80a142926898e59e9f923bc13b54ef,Chevrolet,Malibu,2023,4,petrol,RUH
VEH-03030,79d2beac6373185551830aa653b3c0b1,Chevrolet,Malibu,2024,4,petrol,RUH
VEH-03031,7215d5663f0e251f99602ed4542bc535,Honda,Accord,2024,4,petrol,RUH
VEH-03032,822f8baadbcc12fac01293bd9861cf19,Hyundai,Elantra,2020,4,petrol,JED
VEH-03033,800d1d3cdfc0174f975cc637a8ba46a0,Kia,K5,2023,4,petrol,DMM
VEH-03034,3967e66aad580b454c8a0d90187b3c71,Nissan,Sunny,2022,4,petrol,DMM
VEH-03035,2f9140cfa521e9deeb54a78e670cbead,Toyota,Camry,2025,4,petrol,RUH
VEH-03036,a9e1aab94c2c4004d25bfae4541ede04,Hyundai,Elantra,2021,4,petrol,RUH
VEH-03037,390e244fdb45542bbb92820ed720fa1f,Hyundai,Elantra,2025,4,petrol,JED
VEH-03038,b0adac535eb616017d570a5dbbecbe6e,Hyundai,Sonata,2022,4,petrol,JED
VEH-03039,bbde1b9715e8b31dd2a7d74dc62144cc,Hyundai,Accent,2022,4,petrol,DMM
VEH-03040,44d45b2bd7b5d8cf48d4cce18d13528b,Hyundai,Sonata,2023,4,petrol,RUH
VEH-03041,5cd41016bf400335dd6cac8cc5ea97fe,Toyota,Land Cruiser,2024,7,petrol,JED
VEH-03042,06e575d79d958b6b8df29ca4742011cc,Honda,Accord,2020,4,petrol,RUH
VEH-03043,49f2b0968216e8761404cf7c4fbaacdc,Toyota,Camry,2018,4,petrol,RUH
VEH-03044,66f5071410e780aba79cef3ce2a7136d,Kia,Cerato,2024,4,petrol,RUH
VEH-03045,e9c388d1e472b901e4a1b0f860e31f06,Hyundai,Elantra,2021,4,petrol,DMM
VEH-03046,b8707f2e16614694de449dc155a898b2,Toyota,Corolla,2018,4,petrol,JED
VEH-03047,c03d432c4b8bec59d3fed7a1906fc3b3,Hyundai,Elantra,2019,4,petrol,JED
VEH-03048,84fd1618030dcec13b19dcd027ead76e,Toyota,Camry,2026,4,petrol,JED
VEH-03049,e3f7e340558b534cbd5e833c53005869,Hyundai,Sonata,2024,4,petrol,RUH
VEH-03050,c746d0be03eafc038834d87b2376c0b8,Chevrolet,Malibu,2019,4,petrol,DMM
VEH-03051,7efa2fecca8032bf0c6af1a070584e8c,Kia,K5,2022,4,petrol,DMM
VEH-03052,4f6214c731671508f2c64e5fdfed7c48,Kia,Cerato,2021,4,petrol,RUH
VEH-03053,43e47e2e318dff2143ae90f422d440e0,Kia,K5,2022,4,petrol,RUH
VEH-03054,f470874823b2baf1537e708db3a49e04,Chevrolet,Malibu,2023,4,petrol,JED
VEH-03055,67a2c379d4072602d565709625bd3e8d,Kia,Cerato,2022,4,petrol,RUH
VEH-03056,ff89444e320deb49e15ee8e6a9903443,Hyundai,Sonata,2022,4,petrol,RUH
VEH-03057,89f447c11d64062559a516b3faa5a241,Toyota,Camry,2021,4,petrol,RUH
VEH-03058,9c5b7f76b1fea296cd73df9e62b389f4,GMC,Yukon,2023,7,petrol,RUH
VEH-03059,e88ae99925aca06995bddb632bf7367d,Kia,K5,2020,4,petrol,RUH
VEH-03060,df6e2f8ed51cfd7890977348be8262e8,Chevrolet,Malibu,2024,4,petrol,RUH
VEH-03061,25c477112a8412fb64a71f444d36c706,Toyota,Camry,2024,4,petrol,RUH
VEH-03062,90cf7c67ce229fb2e7ac51b3412ff112,Toyota,Corolla,2026,4,petrol,RUH
VEH-03063,897a2909c6a696e325f8b83bb00d89ea,Hyundai,Accent,2020,4,petrol,RUH
VEH-03064,feb69dc5677ecd627832a8567c6dc15c,Kia,Cerato,2025,4,petrol,RUH
VEH-03065,e52cebc770c8afa6ef17756e877ee9e7,Hyundai,Elantra,2024,4,petrol,DMM
VEH-03066,747614973f3e795d824846fa1a86757d,Kia,K5,2023,4,petrol,RUH
VEH-03067,d2c395a71cc7d69681ee10258cbc75a7,Toyota,Corolla,2024,4,petrol,DMM
VEH-03068,7b199e9f41d9eb6440445cdd514087e9,Toyota,Land Cruiser,2023,7,petrol,RUH
VEH-03069,d755e68fc111e8e1d573ce90335bfc85,Nissan,Sunny,2021,4,petrol,RUH
VEH-03070,a225d9b5848ef27e97dfc9111cbad097,Toyota,Camry,2022,4,petrol,DMM
VEH-03071,a92f12391b0ba85b4c8c7162cb6ee96a,Nissan,Altima,2025,4,petrol,JED
VEH-03072,7949cd19ff9f715254b174de278a16e8,Toyota,Corolla,2021,4,petrol,JED
VEH-03073,0ecec116a9d1ddfd822ca92a774552fd,Nissan,Altima,2021,4,petrol,RUH
VEH-03074,7cb789f5e6c1a002a66b906d47658ca1,Kia,Cerato,2025,4,petrol,RUH
VEH-03075,e373b53e78a61b0389eaf1341a9b21ce,Toyota,Camry,2021,4,petrol,RUH
VEH-03076,9006dc29f1210fce76fe68b3473776ff,Nissan,Altima,2025,4,petrol,JED
VEH-03077,dbb6a0d60c73d691b0ca17afb3eaaf00,Nissan,Altima,2023,4,petrol,JED
VEH-03078,cb216a46294d0b97d056021489da5f97,Toyota,Corolla,2023,4,petrol,RUH
VEH-03079,9a8aece3f611b34506698fddb2281514,Hyundai,Sonata,2025,4,petrol,RUH
VEH-03080,732ad07a37871aaa9b252ecfde60bfc1,Chevrolet,Malibu,2023,4,petrol,JED
VEH-03081,5818f58c99bd021e5db2bfc549873843,Toyota,Corolla,2022,4,petrol,JED
VEH-03082,0c2a47ca5c1159e31e36713975b123d7,Toyota,Land Cruiser,2022,7,petrol,RUH
VEH-03083,3925c64ddaf39256dd6a1d6f8cd63511,Hyundai,Accent,2025,4,petrol,DMM
VEH-03084,3ad1cdd1ee5dba93a16f937d449eac56,Toyota,Camry,2020,4,petrol,RUH
VEH-03085,ca5db4ff53465f0ef65d48afde8c7108,Lexus,ES 300h,2021,4,hybrid,RUH
VEH-03086,b205dbb4dd0a2aabbcec2eeb252b5c9b,Toyota,Camry,2025,4,petrol,RUH
VEH-03087,09c41b8980c69ed91556fce3d8fdc3bd,Toyota,Camry,2020,4,petrol,JED
VEH-03088,d7a021f029252c3fa1571b7c4270e4c5,Toyota,Land Cruiser,2023,7,petrol,RUH
VEH-03089,4a5f4f8bddd3f78e4dbbf15e4c4bc6ed,Hyundai,Elantra,2023,4,petrol,RUH
VEH-03090,325040d1fab59d195d58e9b8b7f74952,Hyundai,Sonata,2023,4,petrol,JED
VEH-03091,2189613c27f048e7e5cacd71909d475f,Toyota,Hiace,2020,11,diesel,RUH
VEH-03092,0e1267faf0ee5e44ca79b9c8db1bb561,Toyota,Camry,2021,4,petrol,JED
VEH-03093,6c5bb7b8353d144733737450cb6a3cba,Toyota,Corolla,2020,4,petrol,RUH
VEH-03094,8550f58552e10229fef3c4bf32d85f69,Toyota,Land Cruiser,2024,7,petrol,JED
VEH-03095,b14d8b9d6a4d2446c3e2f032a2b24c37,Toyota,Camry,2021,4,petrol,RUH
VEH-03096,c603cfe17a9a7741af9e9377b0a3e418,Toyota,Camry,2023,4,petrol,JED
VEH-03097,f72344e2ac92dcd0136011a14af41dfd,Toyota,Corolla,2025,4,petrol,RUH
VEH-03098,3f7c58e1fa7f88f17393c7ab756e03d1,Hyundai,Sonata,2019,4,petrol,RUH
VEH-03099,f5c5e875ae5fc3a30da2710fdd694647,Hyundai,Elantra,2025,4,petrol,JED
VEH-03100,5ddcaa24569958d2ff654eb7a43462c8,Hyundai,Accent,2021,4,petrol,JED
VEH-03101,f562ef58c597b24f59e090f09f5310a9,Hyundai,Accent,2022,4,petrol,JED
VEH-03102,ba2e0bcd58818729c3506b15357ceea2,Hyundai,Sonata,2024,4,petrol,JED
VEH-03103,0404f9c153dc723a98ef65c3797e0f15,Nissan,Altima,2024,4,petrol,JED
VEH-03104,f08b065fb05f6d8828fcc4c837109973,Toyota,Camry,2025,4,petrol,DMM
VEH-03105,eba089ff62e770019e8fd12f1aad8cd5,Hyundai,Sonata,2025,4,petrol,DMM
VEH-03106,5d5b712c5827503c78e8f37d298c36bf,Toyota,Hiace,2020,11,diesel,RUH
VEH-03107,eb08cf99a0b49ed94a371b80768af187,GMC,Yukon,2025,7,petrol,RUH
VEH-03108,72a84eb87e02a7ce3018a2855567b92c,Hyundai,Elantra,2025,4,petrol,RUH
VEH-03109,78a1f2152805a77aed4ddf7e64e31bf5,Kia,Cerato,2018,4,petrol,RUH
VEH-03110,4c68f1bbdabaee1e9c26355adf335156,Kia,K5,2020,4,petrol,DMM
VEH-03111,50d7eec45baea758cdfa8f6e72eac91b,Toyota,Camry,2019,4,petrol,RUH
VEH-03112,af2407137206e063535d3aa75f41955c,Hyundai,Sonata,2025,4,petrol,DMM
VEH-03113,912a3ce2a52adc6db1ed52472cbf8329,Hyundai,Sonata,2022,4,petrol,RUH
VEH-03114,a48abc5fd60b2e58945588c0b98cc543,Toyota,Corolla,2020,4,petrol,JED
VEH-03115,8062fcdbdadbd35c6e440109f8a22bc3,Hyundai,Accent,2024,4,petrol,JED
VEH-03116,c91211cbe1e14c72669568cf19fb50b9,Hyundai,Sonata,2024,4,petrol,JED
VEH-03117,b954f01fd7ddc01ef1ffc20b155126f9,Toyota,Hiace,2023,11,diesel,RUH
VEH-03118,ebe67d171589de37e2c5dae08f0939e1,Toyota,Camry,2022,4,petrol,DMM
VEH-03119,a5919dbb1f45000e09aa8049a2048999,Toyota,Camry,2024,4,petrol,DMM
VEH-03120,bd20c63fcc452f84910c4e465ef9b5de,Hyundai,Sonata,2022,4,petrol,RUH
VEH-03121,8eaa4399ef2ef20d90784a23270596df,Hyundai,Elantra,2023,4,petrol,DMM
VEH-03122,22a93a2e87efef114ec070841c5b16aa,Toyota,Camry,2023,4,petrol,RUH
VEH-03123,d38cf5c184ab3712f8648b2070d5a0ed,Toyota,Camry,2025,4,petrol,RUH
VEH-03124,a6f5647aaa5bccbdf6e5a32d35fdc3c6,Lexus,ES 300h,2026,4,hybrid,RUH
VEH-03125,d84aaef4a01ff36b259b2358a25b2c06,Toyota,Hiace,2020,11,diesel,JED
VEH-03126,60b40f9192ea3d9faca56a928044bd0b,Hyundai,Sonata,2020,4,petrol,RUH
VEH-03127,6f53917ede065c50aa07d3337ea43872,Nissan,Sunny,2021,4,petrol,JED
VEH-03128,204b3c3c1b006773181c78586444d275,GMC,Yukon,2024,7,petrol,RUH
VEH-03129,7e000997bf900cad5b9e3352f2ea758a,Hyundai,Sonata,2024,4,petrol,RUH
VEH-03130,8790b211b2eb64369c447c99e60dd470,Hyundai,Elantra,2024,4,petrol,JED
VEH-03131,46ae9d3063e80ba0cfcdc71185ce089f,Hyundai,Sonata,2018,4,petrol,RUH
VEH-03132,3e3ff9e492e5b3984d2e923bc1a75545,Hyundai,Elantra,2026,4,petrol,DMM
VEH-03133,6045cf1164199729dae0d422db131f00,Toyota,Land Cruiser,2023,7,petrol,DMM
VEH-03134,dbda4a4709317457aa3e5e4a47f80527,Kia,Cerato,2024,4,petrol,JED
VEH-03135,ddc47803246f9badf33edce1e529c908,Nissan,Altima,2023,4,petrol,RUH
VEH-03136,04de20db5445d44066d086619e7dda1d,Hyundai,Sonata,2023,4,petrol,RUH
VEH-03137,21763a15f1e3019e3471665d9727009b,Nissan,Altima,2019,4,petrol,RUH
VEH-03138,baef0ecbd3956aa31fa572452faa90b3,Hyundai,Sonata,2023,4,petrol,RUH
VEH-03139,91e1cc499241da9fff380f1adb41b51f,Kia,K5,2026,4,petrol,JED
VEH-03140,55711026ac31fd0c83b21a6203cf188c,Toyota,Camry,2023,4,petrol,RUH
VEH-03141,005a40f1a3ed6a2e0bc2ad1d8254dc68,Tesla,Model 3,2024,4,electric,RUH
VEH-03142,3e3b13452f71bfa84a6d5d79a8051154,Hyundai,Sonata,2024,4,petrol,DMM
VEH-03143,40c53cf36c0dee3f97a3fa8831978e60,Honda,Accord,2024,4,petrol,RUH
VEH-03144,b80dc20b10d9386c093026f949a3fb0d,Kia,Cerato,2026,4,petrol,RUH
VEH-03145,d3856bee0e59c20af8b50879f1bc3512,Kia,K5,2025,4,petrol,DMM
VEH-03146,d7bc84bdd99cd41f2a87dbf18b98c545,Hyundai,Sonata,2023,4,petrol,JED
VEH-03147,c129d52c57050ac0230c69c730bf839a,Hyundai,Elantra,2024,4,petrol,DMM
VEH-03148,95656da7f7394fbdc106ce638e4f393c,Kia,Cerato,2018,4,petrol,RUH
VEH-03149,de4985bf9bdc0ff7366b96e19f1b2614,Toyota,Corolla,2024,4,petrol,DMM
VEH-03150,5da9585f647199a22ceb5a7d23e51810,Kia,K5,2022,4,petrol,RUH
VEH-03151,44290e8d9c139e1aff55abeb857a545f,Hyundai,Elantra,2024,4,petrol,DMM
VEH-03152,13617beaa1e12df574aa74dccf81472e,Kia,K5,2023,4,petrol,RUH
VEH-03153,9ed4bab6a5381fd1a18271a184402c8e,Hyundai,Elantra,2022,4,petrol,RUH
VEH-03154,123782130862d550b5cbf89f1f2aab06,Toyota,Camry,2020,4,petrol,JED
VEH-03155,8b6e4c12678b3d5a3adf02cd9efc609f,Hyundai,Accent,2020,4,petrol,JED
VEH-03156,28a8a8bec3bd5a3f315ac45ae705dc89,Hyundai,Sonata,2021,4,petrol,JED
VEH-03157,d025fdc230d4e9b1bd7c371e9509bad1,Toyota,Camry,2025,4,petrol,RUH
VEH-03158,ed158585e1d87909cd0a164e846e69f0,Toyota,Camry,2024,4,petrol,RUH
VEH-03159,4841f01a62d7cc4c4568c4cf69e825f5,Nissan,Sunny,2025,4,petrol,JED
VEH-03160,8382950c6fdf5e5936ed356ef6505f5d,Hyundai,Elantra,2025,4,petrol,RUH
VEH-03161,61d350b7003739a996524b81c4af5565,Toyota,Corolla,2020,4,petrol,DMM
VEH-03162,36dcda604a2bac218b874b94454b6722,Hyundai,Elantra,2023,4,petrol,RUH
VEH-03163,cd003ae0982365f2f1e30830a0bc9cb7,Kia,K5,2024,4,petrol,RUH
VEH-03164,03bf0ca975f774bf11f5e4628a1fe47d,Hyundai,Sonata,2024,4,petrol,RUH
VEH-03165,53a0899f7734b058861d670e16c2f346,Toyota,Corolla,2025,4,petrol,RUH
VEH-03166,5c1164343066f499ef64cdd7b989b9f4,Kia,Cerato,2020,4,petrol,RUH
VEH-03167,235e610e092bd8d9775b6bfe036a916f,Hyundai,Sonata,2023,4,petrol,RUH
VEH-03168,7bbb3186319646081601834bf2b15dc8,Nissan,Sunny,2023,4,petrol,RUH
VEH-03169,714dc82f53b48918d548e93325e77a8d,Toyota,Camry,2024,4,petrol,RUH
VEH-03170,2fc2555a836810652023fdbfad8afe29,Hyundai,Elantra,2025,4,petrol,JED
VEH-03171,104489cccdb6ebce93f8cc3ba8fc7f49,Toyota,Corolla,2023,4,petrol,JED
VEH-03172,ca3a5cd13a1b2abce83d044244cc0269,Hyundai,Elantra,2025,4,petrol,RUH
VEH-03173,1a935f70835b9916de22fdd0abd1e6f1,Honda,Accord,2024,4,petrol,RUH
VEH-03174,080fa6350153f5cba2bf1a8ed148bc53,Toyota,Corolla,2019,4,petrol,RUH
VEH-03175,889a42a93a9bcaeea1712618266965c5,Toyota,Camry,2021,4,petrol,RUH
VEH-03176,dd31a3bed4771e4ed788c96e67675b0c,Hyundai,Accent,2021,4,petrol,JED
VEH-03177,a4872200cb689dcb08c099cc3651ceb8,Kia,K5,2026,4,petrol,RUH
VEH-03178,d48623c4e4fe1e36168374aad13917d1,Hyundai,Elantra,2023,4,petrol,JED
VEH-03179,746ce2c1633f40252c445745b7e5d07f,Hyundai,Accent,2022,4,petrol,RUH
VEH-03180,5f270eb9d94ba1f8937551d2b063ee61,Honda,Accord,2022,4,petrol,RUH
VEH-03181,b3515295030bb66ed084921c62759976,Hyundai,Sonata,2021,4,petrol,RUH
VEH-03182,fc43eeb7bd61dd5c1828da1eda5e5ee0,Hyundai,Accent,2022,4,petrol,RUH
VEH-03183,6e3f3e7369442912d19ca59b46b8323d,Toyota,Camry,2023,4,petrol,RUH
VEH-03184,a9304b4538cfc061a1b078752575efa3,Kia,K5,2021,4,petrol,JED
VEH-03185,71223d331633a8d2f2ad67c4ce331530,Toyota,Camry,2020,4,petrol,RUH
VEH-03186,d87605e22508b574ab961055fc8125b4,Hyundai,Accent,2026,4,petrol,RUH
VEH-03187,8f05cf1391383e99517ab9b25b2a725d,Nissan,Sunny,2025,4,petrol,RUH
VEH-03188,dc2d251089859aad9cd5f7c662eac86d,Kia,K5,2023,4,petrol,RUH
VEH-03189,9fd3e0527f274d07ea2092dad1d8fedf,Toyota,Corolla,2025,4,petrol,RUH
VEH-03190,702dba5c1d4a5d797e452a0113e929da,Hyundai,Elantra,2026,4,petrol,RUH
VEH-03191,0ac087ce1c934d9c3cdb1bd63c91ef8a,Chevrolet,Malibu,2024,4,petrol,RUH
VEH-03192,529d77a70c88bc40cfaf6eed6fb26403,Toyota,Hiace,2021,11,diesel,JED
VEH-03193,fdd390ae9793ef0d19451e1c4350621d,Hyundai,Accent,2025,4,petrol,RUH
VEH-03194,c5a7e79976e41b4ff8f287588de1e71d,Hyundai,Elantra,2024,4,petrol,JED
VEH-03195,0998e6df83435b2d78eb5e9c43ce46f1,Nissan,Altima,2022,4,petrol,JED
VEH-03196,26ae8946183568d7fbe9a1961f65622d,Toyota,Camry,2024,4,petrol,RUH
VEH-03197,19472aa06f4abbcf156ee58a2913352c,Hyundai,Elantra,2018,4,petrol,JED
VEH-03198,6f607671d7c9b7297d6e5545981a87ab,Hyundai,Sonata,2024,4,petrol,RUH
VEH-03199,c8597d0960666cd514672b3be6526686,Nissan,Altima,2024,4,petrol,RUH
VEH-03200,310e04ca172aadd1b3e0ad7beec20de0,Toyota,Corolla,2024,4,petrol,JED
VEH-03201,978da83e3de469d742857b56269ee9f5,Toyota,Camry,2024,4,petrol,DMM
VEH-03202,27efa142d594d69addbc98970b861821,Hyundai,Elantra,2023,4,petrol,JED
VEH-03203,79fb5f4cf497fa24c4409299f5f62cb8,Kia,K5,2024,4,petrol,RUH
VEH-03204,60393847bdb9c8e80555802a8984c3bc,Toyota,Camry,2019,4,petrol,JED
VEH-03205,7dfbb0bc029de19a7a476d4457b92ffc,Toyota,Camry,2025,4,petrol,DMM
VEH-03206,e8daeafdaf59e04d27efad96d7e1990f,Toyota,Land Cruiser,2023,7,petrol,RUH
VEH-03207,4d456955d34a50831110034fc0eaa58b,Hyundai,Accent,2021,4,petrol,RUH
VEH-03208,885bfbe257c4644038e1943df8d498a3,Toyota,Camry,2022,4,petrol,JED
VEH-03209,34cb270659400474bd7a976a9bb008fe,Hyundai,Elantra,2022,4,petrol,JED
VEH-03210,b4ab3fefa130eb66a23d14067d97f674,Toyota,Corolla,2025,4,petrol,JED
VEH-03211,e7a28dab66661fa7d137eaf960a8abb0,Hyundai,Elantra,2026,4,petrol,DMM
VEH-03212,c75966ed11095d1f01668b9812b78592,Toyota,Camry,2019,4,petrol,JED
VEH-03213,f19ddeebf4c0ddb537b7605c30e4d070,Hyundai,Accent,2021,4,petrol,JED
VEH-03214,435973e177abbc468892b836cba0e4a5,Chevrolet,Malibu,2021,4,petrol,DMM
VEH-03215,0f26b4ceeaa77a7aa8b92ec921c40601,Honda,Accord,2025,4,petrol,RUH
VEH-03216,85732b46b0f6eaf4faf68aafbb5ebf22,Lexus,ES 300h,2018,4,hybrid,DMM
VEH-03217,df467b8cfd477aef0a874518315a0a92,Toyota,Camry,2026,4,petrol,DMM
VEH-03218,c00450f404f280ef6c67aa9abd7f4817,Lexus,ES 300h,2020,4,hybrid,JED
VEH-03219,91c6dddf927f5065124cfbee44ff9a55,Kia,K5,2023,4,petrol,DMM
VEH-03220,824fd59cdc5a2a26d956f5c6110d1453,BYD,Han EV,2023,4,electric,JED
VEH-03221,9631f7c0a3b3f8dc180cadcb236b7c63,Toyota,Corolla,2020,4,petrol,JED
VEH-03222,dbc09133862fe2a5223c797f039b2f25,Nissan,Sunny,2024,4,petrol,DMM
VEH-03223,81d45d2d4e02a1f0465b5fd65ee51232,Honda,Accord,2023,4,petrol,RUH
VEH-03224,4496ac4a9dfd47eb8a06b3017434a5ba,Hyundai,Elantra,2022,4,petrol,JED
VEH-03225,ccb3a262933b9fe37efab38fc1153e55,Hyundai,Accent,2022,4,petrol,RUH
VEH-03226,c9fb03d342057aaa8b23323cbc20f0e4,Toyota,Corolla,2025,4,petrol,RUH
VEH-03227,5d5cfe446afdad9ce612c40031cf1b5a,Toyota,Corolla,2019,4,petrol,RUH
VEH-03228,141e6018b3a9e395d6124d992f806ddc,Kia,K5,2023,4,petrol,RUH
VEH-03229,f12115975e186481fe4a435c318d1ca2,Toyota,Corolla,2023,4,petrol,JED
VEH-03230,e0483899a8e5312cceea656fc0419812,Toyota,Camry,2024,4,petrol,RUH
VEH-03231,48322f26049b0fa92be2d59f6b274429,Toyota,Land Cruiser,2018,7,petrol,RUH
VEH-03232,dcc00a561cd5adec1384e9b4ac106fc5,Tesla,Model 3,2022,4,electric,DMM
VEH-03233,4c693c2eb3fab2eca6ad9279e3025b01,Toyota,Camry,2026,4,petrol,JED
VEH-03234,d19d7297e481172fd6040fa9ba515f15,Nissan,Sunny,2026,4,petrol,JED
VEH-03235,6a35aef5e8dbe194012a20f6edf179fa,Hyundai,Elantra,2022,4,petrol,RUH
VEH-03236,7d4a69cf363ae112bb560e6a7b9a3320,Toyota,Camry,2021,4,petrol,RUH
VEH-03237,480050295cde55cc31d0e197070a3ed5,Kia,K5,2025,4,petrol,RUH
VEH-03238,32fb54ba7ed91aeb496a985074ec4e56,Toyota,Hiace,2026,11,diesel,JED
VEH-03239,6b91697bbd77c30793952646e9b0f9b6,Nissan,Sunny,2019,4,petrol,DMM
VEH-03240,d6d11633e9e4986c6c16e7b62d015114,Toyota,Camry,2021,4,petrol,RUH
VEH-03241,614525c1c12a474e2c69d11ba53c20d0,Toyota,Hiace,2021,11,diesel,JED
VEH-03242,396217b3a8938dc69f8c34471d40b5c9,Toyota,Camry,2026,4,petrol,RUH
VEH-03243,7522767fc9ec35e874b534ee48d676d7,Kia,Cerato,2025,4,petrol,JED
VEH-03244,4651b5e05a2c621e1ebf85cc3bb0d66b,Toyota,Corolla,2026,4,petrol,DMM
VEH-03245,7e26e824135b8d79c3b8cb86ad80cf36,Hyundai,Sonata,2019,4,petrol,JED
VEH-03246,47b2dd944246bd760cdbd4560b785a6f,Toyota,Hiace,2025,11,diesel,RUH
VEH-03247,1e8757e93c6c4e5dd9cd843dd5048c99,Honda,Accord,2022,4,petrol,JED
VEH-03248,fd171fbf2840371aa6a372539bbd2469,Hyundai,Accent,2023,4,petrol,JED
VEH-03249,12771270e296e49ddfeda3291b885c79,Hyundai,Sonata,2023,4,petrol,JED
VEH-03250,e30b46f0167b7a5358349cbf03849dd4,Hyundai,Sonata,2026,4,petrol,RUH
VEH-03251,c7b8d45620bd19469b4ebf2c25991686,Nissan,Sunny,2019,4,petrol,RUH
VEH-03252,73e22975a8cfc05d1c4b2b4ce87637b2,Honda,Accord,2019,4,petrol,RUH
VEH-03253,0bf53b172d2514ce6f8f54f473b2ddc5,Toyota,Corolla,2023,4,petrol,RUH
VEH-03254,68afd9cc7e7000b0b01e46c8093113d9,Hyundai,Sonata,2023,4,petrol,RUH
VEH-03255,2273b3efdc3d6d90512e6a8a66febd50,Hyundai,Elantra,2024,4,petrol,JED
VEH-03256,8c55e1b08c815c413b0852919672a32d,Hyundai,Sonata,2024,4,petrol,RUH
VEH-03257,ccd0d3890d965bb4e29fc19fa5a0e3d2,Kia,Cerato,2026,4,petrol,RUH
VEH-03258,08d086822d600f0a8c1c714ec55a68e8,Toyota,Hiace,2025,11,diesel,RUH
VEH-03259,9366a13a0089a3e0dff40b2dd0881946,Hyundai,Elantra,2024,4,petrol,RUH
VEH-03260,5572de19e77f7a358fc6480aa35e6225,Kia,Cerato,2024,4,petrol,RUH
VEH-03261,b052320d1489bb5d5967a4b6f8d20c74,Toyota,Corolla,2024,4,petrol,RUH
VEH-03262,66af4af321406f7ff886736f768bc2ff,Toyota,Corolla,2020,4,petrol,JED
VEH-03263,e8b4e99fa4542f400093331bdfca58da,Hyundai,Accent,2020,4,petrol,RUH
VEH-03264,58b75683d02779c23512f3c69f37062a,Toyota,Hiace,2021,11,diesel,DMM
VEH-03265,33491d00450c49f07da7f9316be98604,Toyota,Camry,2025,4,petrol,RUH
VEH-03266,2999256b4295e4fa2099a67b5863eb36,Hyundai,Sonata,2023,4,petrol,JED
VEH-03267,ebb51a20121be9bb8f24d36ab202ebd0,Nissan,Altima,2026,4,petrol,RUH
VEH-03268,a30253e3f38e721522cda72c4a844321,Toyota,Camry,2021,4,petrol,JED
VEH-03269,6d5eb7c81e6f41c08103341f5ab8143e,Toyota,Corolla,2021,4,petrol,JED
VEH-03270,c79a66bb51bda16a2877fbb6bb3e3a9d,GMC,Yukon,2025,7,petrol,JED
VEH-03271,a3b903a92d3a8f56d5999839e8ddce8a,Kia,Cerato,2025,4,petrol,DMM
VEH-03272,025af2731a6ea603f8adfde2b48eddde,Toyota,Corolla,2023,4,petrol,DMM
VEH-03273,41aae65648442c6df605b0ebc26fdc1e,Toyota,Camry,2024,4,petrol,RUH
VEH-03274,cab45cc97e8fe2f02336123c06679455,Toyota,Camry,2025,4,petrol,DMM
VEH-03275,884f8fd72ca2908d331c259aa12bb165,Toyota,Camry,2023,4,petrol,RUH
VEH-03276,ecccbc726964d8217c60691cb4915877,Kia,Cerato,2023,4,petrol,RUH
VEH-03277,b077c9cbdcf07f28910bbed9c1b075cf,Nissan,Sunny,2021,4,petrol,RUH
VEH-03278,e6ac91c24f9e50bbb120743c3e888396,Hyundai,Accent,2024,4,petrol,RUH
VEH-03279,26becc2c1bb253accff8ffe69b175998,Hyundai,Sonata,2022,4,petrol,DMM
VEH-03280,5f89df8a514a19a8f10f73d204328620,Hyundai,Sonata,2020,4,petrol,DMM
VEH-03281,7d2aec6664c64b3c973cb8cca5b1c458,Nissan,Altima,2023,4,petrol,JED
VEH-03282,8d61fc528183ae0ac6fa27fa7ad296e2,Toyota,Corolla,2025,4,petrol,JED
VEH-03283,b120b76d9a6e8fd74c561b34ad327097,Tesla,Model 3,2025,4,electric,RUH
VEH-03284,a2f4a8622cb3a5d86c7478bc68252ecc,Hyundai,Sonata,2026,4,petrol,RUH
VEH-03285,0424a124ef5197051d77e7701d0c6703,Kia,K5,2025,4,petrol,JED
VEH-03286,68d7db05b9ce2627a202eb7dac6e8e79,Hyundai,Sonata,2024,4,petrol,JED
VEH-03287,29854280124056a7589c032825b666d3,Kia,Cerato,2024,4,petrol,DMM
VEH-03288,6aef0e5784859269c033abf5bd240349,Nissan,Sunny,2023,4,petrol,DMM
VEH-03289,4a285d683e446c22521801f304605374,Honda,Accord,2023,4,petrol,RUH
VEH-03290,a796fc952358f8f9fcf5d761fab5e981,Hyundai,Accent,2023,4,petrol,RUH
VEH-03291,d3b5955a7390967f507322e12886b7c6,Toyota,Camry,2019,4,petrol,JED
VEH-03292,0a158c390245ea713864622bc9dd0d8c,Nissan,Sunny,2025,4,petrol,DMM
VEH-03293,4be33d41ac41ff3fcfdc411f25cbb740,Hyundai,Elantra,2023,4,petrol,RUH
VEH-03294,49867781ef2953ebedd65098d3dc47ed,Toyota,Camry,2019,4,petrol,RUH
VEH-03295,6057a1c49b740f3122139e9a92953731,Hyundai,Accent,2024,4,petrol,JED
VEH-03296,13a8b6bcb1c45b201ab7955094bfeb9b,Hyundai,Sonata,2023,4,petrol,RUH
VEH-03297,005c7c1ca36b59b94c57d188ce4c6fd6,Toyota,Camry,2018,4,petrol,RUH
VEH-03298,8e93111d588ab8dd8d6d99a272944682,Toyota,Corolla,2025,4,petrol,RUH
VEH-03299,a633bca4b6687880c304e90749934116,Hyundai,Sonata,2023,4,petrol,JED
VEH-03300,598129345a54bc814c4aa5756ea5c527,Toyota,Camry,2024,4,petrol,JED
VEH-03301,20ec943b9a8059bb413634b00bacf586,Nissan,Altima,2024,4,petrol,RUH
VEH-03302,53c4010a262a671119702b17f7c7f2f6,Nissan,Sunny,2022,4,petrol,RUH
VEH-03303,ca0ee1d0ec9426c50805a01cab7887b0,Hyundai,Accent,2024,4,petrol,RUH
VEH-03304,3e2f98547423aa6131ed4b018176baba,Kia,Cerato,2019,4,petrol,JED
VEH-03305,e8ed4fa14f78b624007952cd4824a9ee,Kia,K5,2018,4,petrol,RUH
VEH-03306,4c04578106280ff087e885b429adb343,Lexus,ES 300h,2025,4,hybrid,RUH
VEH-03307,0651b1821e0319070c8fa9adff2fa0d6,GMC,Yukon,2024,7,petrol,JED
VEH-03308,83c86d67af34f0123ce73f52368d6c22,Hyundai,Accent,2020,4,petrol,RUH
VEH-03309,566d0e1d2581c724041c33f8464c778d,Toyota,Camry,2021,4,petrol,JED
VEH-03310,2bd3b3de64fcf18c2912df60b95b0139,Nissan,Sunny,2023,4,petrol,JED
VEH-03311,f3fefc3e7f3fe33c24d6826f4cb0def7,Toyota,Camry,2025,4,petrol,JED
VEH-03312,d8835d9069e9d7c3c85c4fa3f719ac4d,Hyundai,Elantra,2025,4,petrol,JED
VEH-03313,867edbadbbce4dbea2a6821f48877cb5,Kia,K5,2022,4,petrol,RUH
VEH-03314,925cc36b61cd310b1510ae70ef23bc79,Hyundai,Elantra,2021,4,petrol,DMM
VEH-03315,3ea8d709e07dad7dd41ea4d7d8519d4f,Toyota,Corolla,2020,4,petrol,JED
VEH-03316,b944cbb1683fdebcb2f60416da9a3b00,Hyundai,Elantra,2021,4,petrol,JED
VEH-03317,aa80acd09f186c36eb77685be57781f8,Kia,K5,2024,4,petrol,RUH
VEH-03318,e4cf5a41b63cce95f089ebd3dcfb418c,Hyundai,Elantra,2022,4,petrol,DMM
VEH-03319,618f0a42f00e7d08a54e5a475a3cf113,Honda,Accord,2024,4,petrol,JED
VEH-03320,cbc9818769f18b69fd5ea45cb437dad1,Hyundai,Elantra,2019,4,petrol,RUH
VEH-03321,b6021f066bced0d57e80a1e33cace257,Nissan,Sunny,2021,4,petrol,JED
VEH-03322,cd7ae99b8907215a341ade2819f41458,Honda,Accord,2025,4,petrol,RUH
VEH-03323,0b0111c023c0392a826dd09906bea436,Hyundai,Sonata,2026,4,petrol,RUH
VEH-03324,a0ae17e2bd23081835f94074c9aa577c,Kia,Cerato,2025,4,petrol,RUH
VEH-03325,fdc024408404ac472060c12ca38d4676,Toyota,Land Cruiser,2019,7,petrol,RUH
VEH-03326,b963e1a96de0984ea780d964676458a6,Kia,K5,2024,4,petrol,JED
VEH-03327,30f670901c287391ab7c99308578a5fc,Nissan,Sunny,2026,4,petrol,RUH
VEH-03328,fc04cb77769c2c07f2164926a4f374c8,Toyota,Corolla,2019,4,petrol,JED
VEH-03329,6a2222b2f72625b3f4c8b2a4db431f05,Hyundai,Sonata,2021,4,petrol,RUH
VEH-03330,b0eb44b867701cd157d883e6f2471d2b,Lexus,ES 300h,2020,4,hybrid,RUH
VEH-03331,a90cf5adc4ca25a48c78b02651ee7a59,Lexus,ES 300h,2018,4,hybrid,RUH
VEH-03332,a77cafdb6fba8f037da8e7553e14f935,Toyota,Corolla,2024,4,petrol,JED
VEH-03333,f9c3a10224c79d5c37b610dfec924d72,Toyota,Camry,2020,4,petrol,JED
VEH-03334,6c0e4f24b5ea5285c2d4a0e904e92716,Hyundai,Elantra,2022,4,petrol,DMM
VEH-03335,1b489882900c11b5d2ae787b125cbb4a,Toyota,Camry,2021,4,petrol,JED
VEH-03336,f85a8b81116c54c64b5e2ef1b1557c1b,Kia,Cerato,2022,4,petrol,JED
VEH-03337,7b261d2cef2a315367f897a92ee87d30,Nissan,Altima,2020,4,petrol,RUH
VEH-03338,732f16cdbc38cac955407a1b54acbd3d,Hyundai,Accent,2024,4,petrol,JED
VEH-03339,3cea7a2db6684d766d845a369311f425,Toyota,Land Cruiser,2025,7,petrol,RUH
VEH-03340,e665ced99c57315b4261d8c272252ace,Kia,Cerato,2020,4,petrol,RUH
VEH-03341,2727281d5aeb662ae93095a244dade9c,Kia,K5,2024,4,petrol,RUH
VEH-03342,89caf116b9939f8aaf5c64d7be8a957b,Toyota,Camry,2019,4,petrol,RUH
VEH-03343,1577a4a3448919137b80bf20bdf69242,Chevrolet,Malibu,2023,4,petrol,DMM
VEH-03344,2043a5e87ffe19956406514d2aa8f29d,Kia,K5,2024,4,petrol,RUH
VEH-03345,f382e0762e94b85a22b37e729cb5d702,Toyota,Camry,2019,4,petrol,JED
VEH-03346,e6dc7f5f57da1d590ad550d139c3effa,Toyota,Corolla,2022,4,petrol,JED
VEH-03347,b7593e82ba8b86d873e156a4b53e1c1f,Hyundai,Sonata,2020,4,petrol,DMM
VEH-03348,eceafc548d7c32ce7209899ac035c85a,Honda,Accord,2024,4,petrol,RUH
VEH-03349,ce8a12650e488f6ec5e088ad808ce346,Kia,K5,2021,4,petrol,JED
VEH-03350,4d7b0ed493f4823cc8651cb8de41a0a6,Toyota,Camry,2025,4,petrol,DMM
VEH-03351,994586eaf393c83a68f963a79e617c43,Hyundai,Elantra,2020,4,petrol,RUH
VEH-03352,a2bd7460854178f569a61b856697bd87,Toyota,Camry,2018,4,petrol,RUH
VEH-03353,271a10dcd4552af2c2b2a0ad6b127227,Hyundai,Sonata,2025,4,petrol,DMM
VEH-03354,c94b5fedebd15ecc650c548ee8176d84,Hyundai,Accent,2024,4,petrol,RUH
VEH-03355,faf2a4f3dbf7f177f19da075bd9afca2,Tesla,Model 3,2020,4,electric,DMM
VEH-03356,adeba0e410e08d6fdbdb770349f1de5f,Hyundai,Accent,2022,4,petrol,RUH
VEH-03357,ff46c17131bfe10d5b723ef36a1a2ee0,Hyundai,Elantra,2023,4,petrol,DMM
VEH-03358,262a7079fec7a59bbb22d8f350794791,Toyota,Corolla,2023,4,petrol,RUH
VEH-03359,cdebb06c5821b43f2e7653a92c2b7410,BYD,Han EV,2025,4,electric,RUH
VEH-03360,c324df5c074d8fe4e1284461688ec192,Toyota,Corolla,2025,4,petrol,RUH
VEH-03361,d831722299ae98cd286357d47a1adf8a,Toyota,Hiace,2021,11,diesel,RUH
VEH-03362,5a6ad8fd4a635ab35c0a2349a1b9cde7,Hyundai,Elantra,2023,4,petrol,DMM
VEH-03363,0fead207ab30cbb4852ed142a204c484,Kia,K5,2022,4,petrol,RUH
VEH-03364,b919df8bff4ff22d703ae41997f97388,Toyota,Corolla,2025,4,petrol,RUH
VEH-03365,1ee24a078acd6fe5ddfdcd70e731258f,Toyota,Corolla,2021,4,petrol,RUH
VEH-03366,236fb635834ddb58255a30afa325d361,Toyota,Camry,2024,4,petrol,DMM
VEH-03367,5492282719cec482fdaa72423b3d9e14,Hyundai,Sonata,2025,4,petrol,DMM
VEH-03368,655f28678cd1e8e88a107b7a323e37dd,Kia,Cerato,2022,4,petrol,JED
VEH-03369,df592c4a448aefc8a54efd4366e43c7c,Nissan,Altima,2025,4,petrol,RUH
VEH-03370,fc52a9edaf2036762e96d3b61b5587f0,Kia,K5,2022,4,petrol,RUH
VEH-03371,c97ca229639f7682825c411670690363,Kia,K5,2026,4,petrol,JED
VEH-03372,5c53f5305d91d02f22ecacda3a3275ea,Toyota,Corolla,2024,4,petrol,JED
VEH-03373,59a8aa15dc8cbff0b86907b8e6f20c14,Nissan,Sunny,2023,4,petrol,JED
VEH-03374,012de1aeb9e887ba30dc534088d4ae8a,Hyundai,Sonata,2025,4,petrol,RUH
VEH-03375,bdac8bd3eab659d2a08c3281079086c2,Hyundai,Accent,2021,4,petrol,RUH
VEH-03376,4a933e67003f5dc30db1e934df0496f3,Toyota,Camry,2023,4,petrol,DMM
VEH-03377,f81c0a969f23b523f9c559f00daecc57,Toyota,Camry,2023,4,petrol,RUH
VEH-03378,b11b5136924d0cc5c25b97cc43a85108,GMC,Yukon,2026,7,petrol,DMM
VEH-03379,829f67aea93640eab634fd28cdcd69e8,Hyundai,Sonata,2026,4,petrol,DMM
VEH-03380,8c2aa8a0ba8d715f3d4fece75b9e42c7,Hyundai,Accent,2026,4,petrol,DMM
VEH-03381,251a69b8c99ab742d244ac28eb044061,Hyundai,Sonata,2018,4,petrol,JED
VEH-03382,7a6fbf835bafa708b7251f06ab02ed98,Kia,K5,2023,4,petrol,JED
VEH-03383,e8bea6ffabbe36de38c54a548cc60241,Hyundai,Sonata,2020,4,petrol,DMM
VEH-03384,1a6c72b5c2f3482ec4155a476f1d75d8,Toyota,Corolla,2020,4,petrol,DMM
VEH-03385,099380aad923781eae488095cbd45b84,Hyundai,Sonata,2023,4,petrol,DMM
VEH-03386,e3ea0c3fd2696e62c207267a42df9dee,Honda,Accord,2020,4,petrol,RUH
VEH-03387,ada93f546224a782f6b87217c04a7047,Honda,Accord,2026,4,petrol,JED
VEH-03388,10edf688894c1929a9a3e94265c4c455,Hyundai,Sonata,2024,4,petrol,RUH
VEH-03389,0d2e5381e0089a2a20582c9ff9528b54,Toyota,Camry,2022,4,petrol,RUH
VEH-03390,c3246db17845143c928ea5fbdcc2bebe,Kia,K5,2024,4,petrol,RUH
VEH-03391,26468cb637babb9678c5ad360d4426a0,Toyota,Hiace,2023,11,diesel,JED
VEH-03392,c41aa55b0eb3872bc66816997e2e28d5,Nissan,Altima,2024,4,petrol,JED
VEH-03393,9b3d3f603932b8f270563073218dcb3e,Kia,K5,2022,4,petrol,RUH
VEH-03394,43cbc35cceb85ee2fcd1ab947dc0ba7e,Hyundai,Elantra,2024,4,petrol,DMM
VEH-03395,25697ac71e157ad72f976744367863f4,Toyota,Corolla,2026,4,petrol,JED
VEH-03396,81f0f3a30744c43b100605f82906b70b,Toyota,Corolla,2025,4,petrol,RUH
VEH-03397,4bcfbdfdb32a947c69b273d6efbfeda7,Honda,Accord,2021,4,petrol,RUH
VEH-03398,015329633169b8bbd8f53e45343ee7b1,Hyundai,Elantra,2024,4,petrol,RUH
VEH-03399,27bc86dba3949579ea06b77d3c5006ab,Toyota,Hiace,2023,11,diesel,RUH
VEH-03400,bee8f809163dda1cfcd0b077a041f459,Kia,K5,2026,4,petrol,RUH
VEH-03401,0f8beda23b3c22cbb14ffe2dcefa7e97,Toyota,Camry,2025,4,petrol,JED
VEH-03402,f866dbec4f6c66cfd369af161b99fec2,Lexus,ES 300h,2024,4,hybrid,RUH
VEH-03403,c38fd9457324bc0b784406f05576b6c0,Nissan,Altima,2025,4,petrol,DMM
VEH-03404,7f3f921552c29ab9fa0d3810de510c29,Toyota,Land Cruiser,2022,7,petrol,JED
VEH-03405,fd75193267dfac29986624f6ade5c0ac,Hyundai,Elantra,2025,4,petrol,DMM
VEH-03406,17ee98445f95d992009bc064aa56bce0,Chevrolet,Malibu,2024,4,petrol,RUH
VEH-03407,120a8445bfbab3d8210a92033eafd58a,Lexus,ES 300h,2023,4,hybrid,JED
VEH-03408,851041bdb1d076c1535ccae0a05459e9,Chevrolet,Malibu,2021,4,petrol,RUH
VEH-03409,a072e3a79d0920d25bed7bad5d719f60,Hyundai,Accent,2019,4,petrol,RUH
VEH-03410,b79eee7aef55e9db40cdbd028f61d850,Toyota,Camry,2024,4,petrol,RUH
VEH-03411,afcdcc636527e0bcbfa645f8ab9ea680,Nissan,Sunny,2021,4,petrol,RUH
VEH-03412,bc236153703bac9a8da7fd68d47c8bcb,Hyundai,Elantra,2023,4,petrol,JED
VEH-03413,98500ef12f40e34cef8bf7f3d24b91cb,Hyundai,Sonata,2025,4,petrol,RUH
VEH-03414,3b5d5ff73f5a3634859ce3797aba7b02,Kia,K5,2022,4,petrol,DMM
VEH-03415,37b51eaa1befef6b120581cdb9e98715,Toyota,Camry,2018,4,petrol,RUH
VEH-03416,e9d2628b7fdf6030529019fdeade3e03,Kia,K5,2026,4,petrol,DMM
VEH-03417,23fd65621de4c661370d55bddb7d8a0d,Lexus,ES 300h,2018,4,hybrid,DMM
VEH-03418,277a70d7190b5b4b4609bf32e25f640f,Honda,Accord,2025,4,petrol,RUH
VEH-03419,c6c07eee823cfc777f85956af8a6e0cd,Toyota,Corolla,2023,4,petrol,RUH
VEH-03420,b8f1b4b685aedc0f5b5e14c67e1482be,Toyota,Land Cruiser,2025,7,petrol,RUH
VEH-03421,b2828f58192403b9cf9d6513ce6ebf28,Toyota,Camry,2023,4,petrol,RUH
VEH-03422,74e71dd509d4d39387a32cff1eef9002,Chevrolet,Malibu,2019,4,petrol,JED
VEH-03423,d79cb529079272ae9a01c042c00849f5,Toyota,Land Cruiser,2020,7,petrol,RUH
VEH-03424,3d6d8c6676e0ea67e36778b9fc545bc7,Toyota,Corolla,2023,4,petrol,RUH
VEH-03425,ee027a8f5649c210880ef5c0cdb11c99,Toyota,Land Cruiser,2025,7,petrol,RUH
VEH-03426,60b31e4daa997051825fcdd6e079f51e,Nissan,Sunny,2021,4,petrol,DMM
VEH-03427,d5e42e34f9e60e3b1eeb0cd3c1c0a5f2,Toyota,Corolla,2023,4,petrol,DMM
VEH-03428,eede4a7a77b5945c2bb286e6f9f99c15,Hyundai,Accent,2022,4,petrol,JED
VEH-03429,c9fce6554fb0bdea0f6ecba1012a60f3,Hyundai,Sonata,2022,4,petrol,RUH
VEH-03430,674ccfb08584da852181e89160bbfffd,Toyota,Hiace,2022,11,diesel,RUH
VEH-03431,bc7a95a09c70ce1262451ad53457689b,Toyota,Camry,2025,4,petrol,RUH
VEH-03432,fa533a7e7db95ccef3ef5623935033cb,Hyundai,Elantra,2025,4,petrol,JED
VEH-03433,038018da1ebcc00444bd8867a679f8c7,Hyundai,Elantra,2024,4,petrol,RUH
VEH-03434,33468b35666a3b902b58f438a9bf60ea,Chevrolet,Malibu,2024,4,petrol,RUH
VEH-03435,5a0b04540eb7360e80a0c3883d406589,Honda,Accord,2019,4,petrol,JED
VEH-03436,cefdb1a809848c4d0a5a994a406ad595,Toyota,Land Cruiser,2021,7,petrol,RUH
VEH-03437,0688ad111eea094a3da1cb7fcaf57af1,Nissan,Sunny,2024,4,petrol,RUH
VEH-03438,51dff0f8c1f2a058fb8def660da98bad,Toyota,Hiace,2025,11,diesel,JED
VEH-03439,7cac49b69e14a424d861cf4e7a8d8d18,Kia,Cerato,2023,4,petrol,RUH
VEH-03440,90e54ac87548aaa736b9e4475da91da4,Toyota,Camry,2019,4,petrol,DMM
VEH-03441,23c429b5510a2acb98f3699a066fe14b,Toyota,Camry,2020,4,petrol,JED
VEH-03442,dceadb4c2cc5a3c80a4c1d3a535d1445,Nissan,Sunny,2024,4,petrol,RUH
VEH-03443,fa03879d95e40bb886160781c965a982,Nissan,Altima,2025,4,petrol,JED
VEH-03444,2a951a25df5a998bf4cada1242f23311,Nissan,Sunny,2020,4,petrol,JED
VEH-03445,d617dbdf56f93c69edd4f9ec387d0e64,Hyundai,Elantra,2023,4,petrol,RUH
VEH-03446,2629e1a13e0c925571c1a997a90d29a9,Chevrolet,Malibu,2021,4,petrol,RUH
VEH-03447,ab43b397863429a70b7db7aab2e3a7c9,Nissan,Altima,2021,4,petrol,RUH
VEH-03448,6848fd37d06bc153ab559a847528f3ce,Nissan,Sunny,2022,4,petrol,DMM
VEH-03449,b38926a03330071dab5900770f14c9b3,Toyota,Camry,2025,4,petrol,DMM
VEH-03450,a2c894919e6fb57f370bdbdc6613f6ab,Toyota,Land Cruiser,2020,7,petrol,DMM
VEH-03451,c44940b9e608fe3d37e40efab005fa0b,Hyundai,Accent,2021,4,petrol,DMM
VEH-03452,53ae72899a67b26ba1946dc453941cbe,Kia,K5,2026,4,petrol,RUH
VEH-03453,8deb8b8f1087218da39544d83e0bcbe7,Toyota,Camry,2025,4,petrol,JED
VEH-03454,652214b3c343d76098282083964666c9,Toyota,Camry,2018,4,petrol,JED
VEH-03455,3d0c4d327c44c70f56d852fd36dbab76,Chevrolet,Malibu,2025,4,petrol,JED
VEH-03456,4b1097a369a91f2c342ea1b4c59efa73,Nissan,Altima,2026,4,petrol,RUH
VEH-03457,627ae8397cc2d5aab387413dd005bd24,Toyota,Land Cruiser,2025,7,petrol,RUH
VEH-03458,b3ec581c038ec93fff22084e7b4f0aa0,Toyota,Corolla,2025,4,petrol,DMM
VEH-03459,dffa83c4394d08b081ba8271eff380e4,Hyundai,Elantra,2020,4,petrol,RUH
VEH-03460,d1787b79cf375b67c18b23df5e8bfae2,Hyundai,Accent,2021,4,petrol,JED
VEH-03461,2fdae13777f660192c2f8fda493525c9,Hyundai,Elantra,2019,4,petrol,DMM
VEH-03462,fec7011628dcbcda8f026db967251d29,Hyundai,Sonata,2022,4,petrol,JED
VEH-03463,957ad2dc49382ee8a3b1eaffbfac2247,Toyota,Corolla,2024,4,petrol,RUH
VEH-03464,3244a207b5d9be11c3f1541a26ef4c7c,Honda,Accord,2026,4,petrol,JED
VEH-03465,a6b237b7f0ec05d95ef978ea41391b0f,Hyundai,Accent,2023,4,petrol,RUH
VEH-03466,8904df297b9f8147f5daed42ec7922a9,Hyundai,Accent,2021,4,petrol,RUH
VEH-03467,796a5368c40c2a47fd1ae43706778535,Toyota,Land Cruiser,2026,7,petrol,JED
VEH-03468,17544ece74ac7e48718cb3ecef77ac75,Kia,K5,2023,4,petrol,JED
VEH-03469,9fa28ed5478d7b9282c300fd28bce9f6,Toyota,Corolla,2025,4,petrol,RUH
VEH-03470,9bee0f82425293a7eb64db467676cf31,Hyundai,Elantra,2022,4,petrol,RUH
VEH-03471,2a09398dcbbcaef42ccc93d17fcab5a7,Hyundai,Accent,2020,4,petrol,RUH
VEH-03472,0f1924164013d2b66f85bb3ea0e23dfb,Kia,K5,2022,4,petrol,JED
VEH-03473,f5c7935489b72c47891d3805d7635ff2,Hyundai,Sonata,2023,4,petrol,JED
VEH-03474,085c5603b171d455021908888dc51be8,GMC,Yukon,2018,7,petrol,JED
VEH-03475,bb1deb731ea422d6e66569c553007e5e,Honda,Accord,2026,4,petrol,RUH
VEH-03476,3afd580c1634515d0d631765c4469ff9,Honda,Accord,2022,4,petrol,RUH
VEH-03477,1d91f6c436a7325e84d3103d1a465346,Hyundai,Accent,2025,4,petrol,RUH
VEH-03478,0a83501d5e111e193ba1e5f824dd136e,Tesla,Model 3,2024,4,electric,JED
VEH-03479,a52b21e6b0898d95a89012562e505d65,Kia,K5,2019,4,petrol,JED
VEH-03480,1bbb999450709a8202c4ed3799446815,Nissan,Altima,2021,4,petrol,RUH
VEH-03481,9c5f2ee1fa238bb55942e6530d35056a,Toyota,Corolla,2020,4,petrol,JED
VEH-03482,67a4e2c6ae766ee47e3e93b3967f5ec4,Nissan,Altima,2026,4,petrol,JED
VEH-03483,d6f254d262369623a2512edf7f7dd365,Lexus,ES 300h,2021,4,hybrid,JED
VEH-03484,02f4eed61d57e8d38b31ad21c6cb5152,Toyota,Hiace,2021,11,diesel,RUH
VEH-03485,dc9f0d168403ff047a0c435604d2f1f0,Nissan,Altima,2020,4,petrol,DMM
VEH-03486,e13644d2a292143f735d89ab96bef2df,Lexus,ES 300h,2025,4,hybrid,RUH
VEH-03487,bb9a3a3a3c5070001d2b63d0bb4f5695,Toyota,Camry,2018,4,petrol,RUH
VEH-03488,f4a23304050035703ba0b9cc8e56f1a2,Kia,K5,2023,4,petrol,JED
VEH-03489,bcfd49cbfcfd078955ce567f80f69da0,Nissan,Sunny,2021,4,petrol,JED
VEH-03490,bbf0534d4080c62bea8e10e139f3312f,Hyundai,Sonata,2024,4,petrol,RUH
VEH-03491,0a02dfe8971125c5a43cc3e4980757fe,Kia,K5,2021,4,petrol,RUH
VEH-03492,b89c0f8a99b5d6782384b4974f47ec37,Toyota,Camry,2025,4,petrol,DMM
VEH-03493,7d28cbe565613d59ffa4141ddffb474c,Honda,Accord,2018,4,petrol,RUH
VEH-03494,9c9e25d23a7803276053965282373146,Toyota,Camry,2025,4,petrol,RUH
VEH-03495,ca8ce4a865fd02406184eb9f2f8e8dc9,Toyota,Camry,2023,4,petrol,RUH
VEH-03496,06789307979969f60c5e6e8b6cbf7099,Toyota,Camry,2022,4,petrol,RUH
VEH-03497,9f1cd9385f77c6b76f50a7df48de8c0d,Hyundai,Accent,2023,4,petrol,RUH
VEH-03498,c993975c5e0a1841a9a888ee9ea7621c,Kia,Cerato,2022,4,petrol,JED
VEH-03499,d10884f7ba649fcb1e9ef0b7d5ad823b,Toyota,Camry,2019,4,petrol,JED
VEH-03500,b2f26b4bb0f07dd42f309d73edfb6248,Toyota,Corolla,2019,4,petrol,RUH
VEH-03501,6035f247680e2e2f34c5302fceff11f9,GMC,Yukon,2025,7,petrol,JED
VEH-03502,4c183a9532b370cd08bb0dc951f4c145,Toyota,Land Cruiser,2021,7,petrol,RUH
VEH-03503,062d1cf2be10d8221c70bca31c98e17c,Kia,Cerato,2024,4,petrol,JED
VEH-03504,86370add1be4afde47c183f55888a8ef,Toyota,Camry,2023,4,petrol,RUH
VEH-03505,3824d1ae678fbb3340485c8c04763c78,Nissan,Sunny,2018,4,petrol,JED
VEH-03506,329992cae78e9e1c3c2410479a139fdf,Kia,Cerato,2024,4,petrol,RUH
VEH-03507,8579462467d5873c56c29346a48e5f24,Kia,Cerato,2023,4,petrol,JED
VEH-03508,1ed273720986c795852bc6749682a215,Toyota,Corolla,2025,4,petrol,DMM
VEH-03509,feb26febcf112608cc954b34d45ec8d9,Hyundai,Elantra,2023,4,petrol,RUH
VEH-03510,df5677e83f84d9d2b636212d3e37816a,Toyota,Corolla,2024,4,petrol,DMM
VEH-03511,2235059f1aa70790c33f1911c3894556,Nissan,Sunny,2023,4,petrol,JED
VEH-03512,0bbc25e1426ee6899e91b00aac48a76a,Toyota,Corolla,2022,4,petrol,JED
VEH-03513,2bee59ae4470cbc7cbaf3d89e8f73599,Toyota,Camry,2020,4,petrol,RUH
VEH-03514,daaa09732d5098b8bf579d5e6f534ed0,Honda,Accord,2024,4,petrol,RUH
VEH-03515,74725098178a0a045f0e10047a0e766c,Toyota,Corolla,2025,4,petrol,RUH
VEH-03516,fdb7fcc1af29428abdcd4982ae7c2490,GMC,Yukon,2023,7,petrol,RUH
VEH-03517,503efff27c7b36e7a2b5c12a66a12169,Nissan,Altima,2023,4,petrol,JED
VEH-03518,e921a7b6907a9c19e021d7b78154d955,Hyundai,Elantra,2022,4,petrol,RUH
VEH-03519,f16b77676fcd98c18ae56fb9dbc6cab4,Toyota,Camry,2022,4,petrol,RUH
VEH-03520,7ee107408d1b4949dda9a8726a6db58d,Toyota,Camry,2025,4,petrol,RUH
VEH-03521,a89af84c442647a57e5634143611be2c,Toyota,Corolla,2023,4,petrol,DMM
VEH-03522,a31c394f91baddcbfdb9f4777c2355b0,GMC,Yukon,2021,7,petrol,RUH
VEH-03523,05af5482079a41f6e1dc7c9078738637,Hyundai,Sonata,2026,4,petrol,DMM
VEH-03524,4145acc13b331b9f3fd2ae28e29fb797,Toyota,Corolla,2025,4,petrol,JED
VEH-03525,582a13964f9d759ee12d49122339f838,Kia,Cerato,2025,4,petrol,DMM
VEH-03526,34bb8aa8dbe7034384a633bf1e8f0295,Toyota,Hiace,2021,11,diesel,RUH
VEH-03527,c68bb41f87c5f274e4f7bf56adddf1c4,Toyota,Camry,2024,4,petrol,JED
VEH-03528,1808efb0f03aaa5c2167486ff1ce29b5,Toyota,Camry,2026,4,petrol,JED
VEH-03529,ca82eae52a87ff3b13e98ef40bf99203,Toyota,Land Cruiser,2024,7,petrol,RUH
VEH-03530,5c4582327bd800863de888bb99626e84,Toyota,Hiace,2024,11,diesel,RUH
VEH-03531,d0810cf150ef45845a125c4ae78c0b3a,Hyundai,Elantra,2026,4,petrol,RUH
VEH-03532,dab1c1e712a88dbc45260229e0c8bfab,Hyundai,Sonata,2024,4,petrol,RUH
VEH-03533,00796414c613925ccdaee17c1275f6f7,Nissan,Altima,2022,4,petrol,JED
VEH-03534,085f0fa89765b40d38fc54d930a22997,Toyota,Corolla,2022,4,petrol,JED
VEH-03535,31d6cb59c7c982f64a57c368e0e93b71,Hyundai,Sonata,2025,4,petrol,JED
VEH-03536,1f461257255f0428777640da76af8483,Kia,Cerato,2024,4,petrol,JED
VEH-03537,3815d44e070b041ad1edfaa42696b631,Toyota,Corolla,2024,4,petrol,RUH
VEH-03538,1b3ce00ff09d4744dcf19623cabf064f,Hyundai,Elantra,2025,4,petrol,JED
VEH-03539,5056484d22d7a26d761f274d553a9a52,Toyota,Corolla,2023,4,petrol,RUH
VEH-03540,b419e11ca56c7f797aae5e6be64712db,Kia,K5,2024,4,petrol,RUH
VEH-03541,ba31b879f53a4c1b6e647d519b45fc81,Toyota,Camry,2023,4,petrol,RUH
VEH-03542,009210d3e0888802df46057fac2d278d,Toyota,Corolla,2024,4,petrol,JED
VEH-03543,5d1e608c374ea7bcbf1b986f046be7fd,Chevrolet,Malibu,2025,4,petrol,RUH
VEH-03544,b49afdecb11ae5272a46ec9f3bf6b90d,Kia,Cerato,2022,4,petrol,DMM
VEH-03545,d15f8f625da88f7d15f4b98c9d808f61,Chevrolet,Malibu,2025,4,petrol,RUH
VEH-03546,29aacb75007eeb60b96f3d5e5f254704,Chevrolet,Malibu,2022,4,petrol,RUH
VEH-03547,dfb7ac57d5781f74548ad99ad1de7907,BYD,Han EV,2021,4,electric,DMM
VEH-03548,fadd3dab9d74569572a1fc3aa563ae50,Hyundai,Elantra,2021,4,petrol,RUH
VEH-03549,10e2f4e9d7840870dbeb38d2a0c44fa1,Tesla,Model 3,2025,4,electric,JED
VEH-03550,0befb8f5604391834b83c94c5e41f0e9,Kia,Cerato,2025,4,petrol,RUH
VEH-03551,c5ec505655c055890a8d0dbafceb9a03,Lexus,ES 300h,2024,4,hybrid,RUH
VEH-03552,8655aad81d75570e4c8d6ecb63099024,Hyundai,Sonata,2019,4,petrol,RUH
VEH-03553,d31e928f9182f71d3e0e02865c3bfbbe,Toyota,Camry,2025,4,petrol,JED
VEH-03554,732afd6d086d7325cb6ae2e0bc3e3d0a,Toyota,Corolla,2022,4,petrol,JED
VEH-03555,3964a73c13adaafb4b6816d136ec673b,Chevrolet,Malibu,2021,4,petrol,RUH
VEH-03556,aafcec8d1b0ff40c5e451078fc3fd02b,Kia,K5,2023,4,petrol,RUH
VEH-03557,c011b88c9c9bf6fa761bfb1d99f185a2,Toyota,Corolla,2023,4,petrol,DMM
VEH-03558,aa99865e430293b486a4571ef45b264c,Toyota,Camry,2024,4,petrol,RUH
VEH-03559,430fdaad83eebecad472d3cd277c7155,Hyundai,Elantra,2018,4,petrol,JED
VEH-03560,86e1686dc8de6e498f300a61d1ad66f7,Toyota,Camry,2024,4,petrol,RUH
VEH-03561,655a377dd43e49fe1af89b2f5fab1377,Honda,Accord,2020,4,petrol,JED
VEH-03562,2b931ea2791b1cf7df4c18f51f701c11,Kia,K5,2019,4,petrol,RUH
VEH-03563,56f841318b2ed256a10684543525839b,Kia,Cerato,2024,4,petrol,RUH
VEH-03564,f9d533be4978bb1b9fe594990f97155e,Honda,Accord,2026,4,petrol,RUH
VEH-03565,a52465c2181075f2d968a3e4145ed7ac,Hyundai,Sonata,2021,4,petrol,RUH
VEH-03566,655591b616238f9062913f65b6fce34a,Lexus,ES 300h,2020,4,hybrid,DMM
VEH-03567,56d1b59b82ef02e8078fdd59f33d294e,Hyundai,Elantra,2021,4,petrol,DMM
VEH-03568,e2b6f98a4db509ac428ee108fc74a1cb,Kia,K5,2023,4,petrol,JED
VEH-03569,bf95b08d9a60523e656ac1e03cedf023,Hyundai,Elantra,2019,4,petrol,RUH
VEH-03570,8e9fd7259e317e08cbd3db434c33de9e,Nissan,Sunny,2022,4,petrol,RUH
VEH-03571,52db59635ed42f23330e5a43acfcc32d,Hyundai,Accent,2026,4,petrol,RUH
VEH-03572,4ccaad8d5effc3f9acff399826c645e6,Hyundai,Elantra,2022,4,petrol,RUH
VEH-03573,c928790d9867289a02410f374f616227,Hyundai,Elantra,2022,4,petrol,RUH
VEH-03574,7a94a6e5914e28c8088879871518c6bc,Kia,K5,2024,4,petrol,JED
VEH-03575,1033f8cf0a701ee8048ab951d4c2c39a,Toyota,Camry,2025,4,petrol,JED
VEH-03576,d11543dac1c8b724dcff2f33518cdfe8,Toyota,Hiace,2021,11,diesel,RUH
VEH-03577,418c4f9ba923f0bbf015fff7bbef08dd,Kia,K5,2025,4,petrol,JED
VEH-03578,c511e8e9cabd882f1ae7458a9a434639,Toyota,Camry,2021,4,petrol,DMM
VEH-03579,ab3e66b84c83c2ccaa2c836a0a19833d,Toyota,Camry,2020,4,petrol,JED
VEH-03580,8a96a876b597be05b3d888b75e090c9b,Toyota,Land Cruiser,2020,7,petrol,JED
VEH-03581,25ad09038147adeaf4f1d2a4352dd627,Hyundai,Elantra,2023,4,petrol,DMM
VEH-03582,744f1d148a83d52fbfdc67143a98a9cf,Hyundai,Accent,2026,4,petrol,JED
VEH-03583,e49f77d8a4a4de27c447e50c1d5a9746,Toyota,Corolla,2022,4,petrol,JED
VEH-03584,ade84a7bce9594a1d3cc4b0ee48a04ce,Toyota,Hiace,2024,11,diesel,DMM
VEH-03585,6053e646f495af9784b60ac9116e8745,Hyundai,Sonata,2020,4,petrol,RUH
VEH-03586,0977c47db812da95d5694f5e649784f8,Nissan,Altima,2023,4,petrol,JED
VEH-03587,7fbbc4c6706bbf1d8c996d417d6442f9,Toyota,Camry,2019,4,petrol,DMM
VEH-03588,5f912311281834915740694115f05bbf,Toyota,Camry,2021,4,petrol,DMM
VEH-03589,14885369196df25de8348a5617ae3422,Hyundai,Accent,2023,4,petrol,JED
VEH-03590,5ec7288db51d1a0bd945b10c1103fae0,Hyundai,Accent,2022,4,petrol,RUH
VEH-03591,f73db415a85877deb98e0a9caa765d9b,Toyota,Camry,2018,4,petrol,DMM
VEH-03592,43b6b5a48d9b21f3cc25d42b94b9a534,Toyota,Hiace,2023,11,diesel,DMM
VEH-03593,79294b28c3be32d7cc9f3bbd70c42b83,Nissan,Altima,2025,4,petrol,DMM
VEH-03594,0057ea1b1a180595da08c131403a87ed,Toyota,Camry,2024,4,petrol,DMM
VEH-03595,59c77c8b55f1a43eb9155ea06c2c5a45,Toyota,Corolla,2025,4,petrol,JED
VEH-03596,7265644228d188bc02baf972588045c9,Nissan,Sunny,2018,4,petrol,JED
VEH-03597,fabab95e8aff624e3391b3e39899d9ac,Hyundai,Accent,2026,4,petrol,RUH
VEH-03598,d124b1a5ea5499198d852d6e09e80a7a,Toyota,Camry,2022,4,petrol,DMM
VEH-03599,b9f4d6119a93df6f34a797aca63445d2,Honda,Accord,2026,4,petrol,RUH
VEH-03600,a1434ab821213100b8f9c21fcbc22ac0,Nissan,Sunny,2025,4,petrol,DMM
VEH-03601,8ec14ccfd103fa4ed23194b0f6399876,Toyota,Corolla,2025,4,petrol,JED
VEH-03602,fda54328040492dfbdeb2f038027ec30,Hyundai,Accent,2021,4,petrol,RUH
VEH-03603,b14acc3e011d3e0cb4a40a6204692fe7,Toyota,Land Cruiser,2026,7,petrol,JED
VEH-03604,ca9b80679b87fa7affab1bd53af2f32b,Toyota,Land Cruiser,2022,7,petrol,RUH
VEH-03605,c846c67a6bf6d1ecaa6966840781067b,Hyundai,Accent,2025,4,petrol,RUH
VEH-03606,4b11cb37432216a39c61dd4aae48756e,Toyota,Corolla,2026,4,petrol,DMM
VEH-03607,4c5cec6f12d63ad0e480029d8925c858,Lexus,ES 300h,2021,4,hybrid,DMM
VEH-03608,33ee6c7aeb3f31e37d343c7021d016b2,Kia,K5,2018,4,petrol,RUH
VEH-03609,a52678184ff68e3a08b5532bc475a0fb,Toyota,Corolla,2023,4,petrol,JED
VEH-03610,5313f9af9be50b6911e816098210917b,Honda,Accord,2024,4,petrol,JED
VEH-03611,929b8a66a03da08c5efd07fcb8f0ee3e,Toyota,Camry,2026,4,petrol,RUH
VEH-03612,d1703a4e9417fb343751839cf2466b35,Toyota,Corolla,2025,4,petrol,DMM
VEH-03613,99b289f44f63abf561e01e3bf91cc262,Chevrolet,Malibu,2024,4,petrol,RUH
VEH-03614,bdb9a59800b16a0ba78ea57befd54006,Nissan,Altima,2023,4,petrol,DMM
VEH-03615,1c0947d6a7cb40597547dd9168b5ebd9,Toyota,Camry,2024,4,petrol,RUH
VEH-03616,8ccd04a1f7b12894f71ff36f2c83b73e,Hyundai,Elantra,2026,4,petrol,RUH
VEH-03617,2881c46f3a62a46938d29ce6ee2c7aba,Toyota,Hiace,2024,11,diesel,RUH
VEH-03618,4160da1a26627428aa80cba2022147b3,Toyota,Camry,2023,4,petrol,RUH
VEH-03619,0aaa81796effa296bcce3696d6098f8e,Hyundai,Elantra,2023,4,petrol,RUH
VEH-03620,d7846e6260a85aafd2710ba4111a921e,Kia,K5,2023,4,petrol,DMM
VEH-03621,c5f5bd6e1343849ccd8150c84f2a5866,Hyundai,Sonata,2021,4,petrol,RUH
VEH-03622,f63ae545d2e99c074c6010a08b1a82fc,Chevrolet,Malibu,2021,4,petrol,RUH
VEH-03623,88e6087ae639e12be67a4104c9c82ab2,Kia,K5,2024,4,petrol,RUH
VEH-03624,de1df09fa1655d60be23d48298d2ece2,Honda,Accord,2026,4,petrol,RUH
VEH-03625,ef06bbc0da8e3c3caa1bcbafbcfbea43,Hyundai,Elantra,2024,4,petrol,JED
VEH-03626,d6adb21f3ea8e22366631cf916b2f829,Nissan,Altima,2023,4,petrol,RUH
VEH-03627,0cd929273cefc835c7b5f162018bd230,Hyundai,Elantra,2026,4,petrol,JED
VEH-03628,80510baef5f5af4d1d1234920b05f8dd,Toyota,Camry,2024,4,petrol,JED
VEH-03629,926ffd9f3bdf9adcc9eb11fb219ad8c2,Hyundai,Elantra,2026,4,petrol,RUH
VEH-03630,8656a1fe69ada4cbf3438c11396d7b09,Toyota,Camry,2025,4,petrol,RUH
VEH-03631,e71201f1ee604f9e4430d0b1c53b6a1b,Toyota,Camry,2025,4,petrol,JED
VEH-03632,1c244dd6292bdff65aa802e562b51e48,Toyota,Camry,2026,4,petrol,JED
VEH-03633,de0e0aca322c0bd59588de84f68d5b40,Hyundai,Sonata,2023,4,petrol,RUH
VEH-03634,b0560491321bafb1bee90dc7b48d7605,Nissan,Altima,2025,4,petrol,RUH
VEH-03635,a3a110ec5502c7f217d99aa6bf5da73a,Kia,Cerato,2024,4,petrol,DMM
VEH-03636,cf11159e93c08d4774d45794cdf69793,Kia,Cerato,2023,4,petrol,JED
VEH-03637,6eac2922092a3e4370315430ccc493e7,Toyota,Camry,2022,4,petrol,JED
VEH-03638,ccba7b149bac0437f575cf9491612468,Honda,Accord,2025,4,petrol,RUH
VEH-03639,bc7d0e92d9bcfe5f5d6fbbc484f0b146,Toyota,Camry,2021,4,petrol,DMM
VEH-03640,fedafc030eaa0350e94093a0de84c571,Hyundai,Elantra,2022,4,petrol,JED
VEH-03641,9022bf8eaaa379a0595d7b3c8c4d4a6b,Kia,K5,2021,4,petrol,RUH
VEH-03642,970fe4f57eeb67f8cf678c8e3c60b966,Kia,Cerato,2024,4,petrol,RUH
VEH-03643,8764ffcd21d936d51e8c742aee5641d0,Toyota,Land Cruiser,2024,7,petrol,JED
VEH-03644,d2a7d6cd79ad514105baf56cb4c70d00,Kia,K5,2022,4,petrol,RUH
VEH-03645,c3d25a7560290be0f63b55e710afba31,Kia,K5,2020,4,petrol,JED
VEH-03646,ecef8b4356f6d9cf35360aa7efd6430f,Chevrolet,Malibu,2019,4,petrol,DMM
VEH-03647,f2511f5387a39fc836a1cf5d99073408,Toyota,Corolla,2024,4,petrol,JED
VEH-03648,fc595a7c4e233110ef79125176954e0d,Toyota,Corolla,2025,4,petrol,RUH
VEH-03649,adef4c4704860bc3b617ebacf5b96d27,Hyundai,Sonata,2022,4,petrol,RUH
VEH-03650,295ad287cc6fa16f427a26ffb3d6efcb,Toyota,Camry,2025,4,petrol,RUH
VEH-03651,2372b80690583b214f9b8e7d1b142d0b,Toyota,Corolla,2023,4,petrol,DMM
VEH-03652,1a63f03300c19e4099122346ba9d9ba3,Chevrolet,Malibu,2026,4,petrol,JED
VEH-03653,b86dadc0210cf5b549e3f94a63da56ba,Toyota,Camry,2024,4,petrol,JED
VEH-03654,69b4aec9ddb4b34adc2699f27603c854,Nissan,Sunny,2025,4,petrol,JED
VEH-03655,28c29ab9735a487e30eaa1568aa0489e,Nissan,Sunny,2022,4,petrol,RUH
VEH-03656,ce349eb46dfb32d9655fec61eb505596,Toyota,Corolla,2025,4,petrol,RUH
VEH-03657,675f1032e3346a1f8188fa0418ab7496,GMC,Yukon,2024,7,petrol,RUH
VEH-03658,e7e6ce5addaf8cca403d142dd4aaeefd,Hyundai,Elantra,2020,4,petrol,DMM
VEH-03659,171482666da2f70f5d0413f47dd4acc7,Hyundai,Sonata,2026,4,petrol,JED
VEH-03660,d8b04649198b20098f7e609353413e98,Toyota,Corolla,2023,4,petrol,RUH
VEH-03661,d5b81fa67822309176323c5bb11f1680,Toyota,Camry,2019,4,petrol,JED
VEH-03662,bc8e045456b23a50d9ba6e841b5c88a4,Hyundai,Accent,2026,4,petrol,RUH
VEH-03663,31dcc8483bdf9253f930e1314f86afb5,Toyota,Hiace,2024,11,diesel,JED
VEH-03664,adf87f4f1c11aad8db484ae2d12dd3be,Kia,Cerato,2023,4,petrol,JED
VEH-03665,fcbf129ee28b2ad38d46d2a6cae15f27,Toyota,Corolla,2026,4,petrol,RUH
VEH-03666,09b2130c62048923fc367b8416da0562,Hyundai,Sonata,2021,4,petrol,RUH
VEH-03667,8a0f839e43f0d6035d97a6e13fa36757,Toyota,Camry,2024,4,petrol,JED
VEH-03668,d0093895edf49eb71bb8c72c6461c269,Toyota,Corolla,2023,4,petrol,RUH
VEH-03669,f35b59064c1e557380efe90061861383,Chevrolet,Malibu,2022,4,petrol,RUH
VEH-03670,f4c6e004be3c9631897aa7dcc3c1712a,Hyundai,Accent,2019,4,petrol,DMM
VEH-03671,1bb6661a2e992d40a9c2586bac43db3e,Nissan,Altima,2021,4,petrol,RUH
VEH-03672,36cadda4f185a2b8d58767472673397d,Toyota,Camry,2023,4,petrol,RUH
VEH-03673,2ccde594b8426765a595e3ccfef90593,Tesla,Model 3,2023,4,electric,JED
VEH-03674,b129b980c22151add37ba77523f9b230,Toyota,Camry,2025,4,petrol,JED
VEH-03675,8425a1a8f734e59d9949dab54ebe1305,Toyota,Camry,2022,4,petrol,JED
VEH-03676,8f978fde8fa82902e6501c3acd5d0d89,Hyundai,Elantra,2025,4,petrol,RUH
VEH-03677,1588fcb1a9e86f9447e4fe4ee27a8254,Kia,Cerato,2025,4,petrol,JED
VEH-03678,e7472a0a8c060a0fdcad889a302b9f5d,Kia,K5,2024,4,petrol,JED
VEH-03679,51ee5fc43fffa6d56309cb9025030b17,Nissan,Sunny,2025,4,petrol,RUH
VEH-03680,0d187f2b51483d63835c93009834000e,Hyundai,Sonata,2023,4,petrol,RUH
VEH-03681,b32bb5059724b23bef128542e10d8c52,Kia,Cerato,2020,4,petrol,RUH
VEH-03682,766642f0fc33e20685ef75d66eb270e9,Hyundai,Elantra,2023,4,petrol,RUH
VEH-03683,382393f7de547569c9c1020753644df2,Toyota,Corolla,2019,4,petrol,RUH
VEH-03684,37792b7b16945e0ca5fb69bd17533d75,Toyota,Camry,2021,4,petrol,JED
VEH-03685,484a401690809644021b759fcc2a645d,Toyota,Land Cruiser,2024,7,petrol,RUH
VEH-03686,46d3f01d208c43b7019c8ef0b00d97e0,Toyota,Camry,2024,4,petrol,RUH
VEH-03687,08d45ba04b0792fa5ee5cb81bd101062,Kia,K5,2025,4,petrol,DMM
VEH-03688,b8e316b54a3c695e4b9efa13a780f51f,Chevrolet,Malibu,2021,4,petrol,JED
VEH-03689,67119956112d8a660af727086a50ae20,Toyota,Corolla,2022,4,petrol,RUH
VEH-03690,5c5fb9f2fe5916db22548c57946b3782,Hyundai,Elantra,2019,4,petrol,JED
VEH-03691,014f1766a0156d7fa4e67e0a050f510d,Toyota,Corolla,2023,4,petrol,RUH
VEH-03692,bed3464ac888da1f1bc129beee85acaf,Toyota,Hiace,2021,11,diesel,RUH
VEH-03693,a651858d6f10e95a01511966ca2e89bd,Toyota,Hiace,2024,11,diesel,DMM
VEH-03694,24f319d35618510315a3a331ef0e8552,Hyundai,Accent,2026,4,petrol,RUH
VEH-03695,f5ed39351b6a22724018a6628fc6fd78,Toyota,Camry,2022,4,petrol,JED
VEH-03696,a9696318ecaf9273ffd118a25b70ae71,Hyundai,Sonata,2020,4,petrol,RUH
VEH-03697,b2130fac9e21d12647bc48ccb70a9567,Kia,Cerato,2022,4,petrol,JED
VEH-03698,eb80cf122518a67603de064c383e9086,Hyundai,Elantra,2024,4,petrol,RUH
VEH-03699,cabc65cdeab30cc58a1fe4ea99d537b5,Toyota,Camry,2021,4,petrol,DMM
VEH-03700,8af1c5b9f6b5e703eece3ba3431be9a8,Hyundai,Elantra,2022,4,petrol,RUH
VEH-03701,5bed57230835384cb09f5c9129fd493d,Hyundai,Accent,2026,4,petrol,RUH
VEH-03702,5b70c4697d002ca1da8e1bd7c60b2394,Hyundai,Elantra,2026,4,petrol,RUH
VEH-03703,72ac6f21e4ae891145a1b7ef8464eaf5,Toyota,Hiace,2021,11,diesel,RUH
VEH-03704,409fddf55450ad5a0259ecf29c1aac46,Toyota,Camry,2018,4,petrol,JED
VEH-03705,b04ab3b96dac84ef344986423adf67f3,GMC,Yukon,2021,7,petrol,RUH
VEH-03706,223b430b06371be39016b4bb903424e9,Hyundai,Elantra,2025,4,petrol,RUH
VEH-03707,dfef5e14d6a9f42082df5b406423bc31,Nissan,Altima,2021,4,petrol,RUH
VEH-03708,d28cb1c1acecec1736b42852ece3fe7f,Hyundai,Elantra,2021,4,petrol,DMM
VEH-03709,b233b56ff96aa6876023a7b0db52f375,Toyota,Camry,2025,4,petrol,JED
VEH-03710,5f6b7f93ee4bdd6442fc6b2f6e054aee,Toyota,Camry,2024,4,petrol,RUH
VEH-03711,f1116ac5af2e12ad43ed86a5f3dfdaca,Tesla,Model 3,2021,4,electric,JED
VEH-03712,b9c8dc804f969ebca7942d9e6cb0d217,Nissan,Altima,2021,4,petrol,JED
VEH-03713,1303196f4042edfcc650e0dda4395068,Toyota,Camry,2022,4,petrol,RUH
VEH-03714,9e22c4a9b1af00d5954142174f936e19,Hyundai,Elantra,2023,4,petrol,RUH
VEH-03715,d42ff89f5d5f2e49261b72fb6602cc64,Toyota,Land Cruiser,2021,7,petrol,RUH
VEH-03716,d9d52db6374d7ad5def0f38c704ff008,Nissan,Altima,2021,4,petrol,JED
VEH-03717,5162439412ecbbfa1f5698d469db7834,Nissan,Altima,2024,4,petrol,JED
VEH-03718,d9455985f33d79603ec3ae5de0fba09d,Toyota,Camry,2023,4,petrol,DMM
VEH-03719,bd12daad0a4ad4736630850059d59609,Hyundai,Sonata,2026,4,petrol,JED
VEH-03720,2e5d133e11524acab6c91799828cba7d,Toyota,Camry,2022,4,petrol,JED
VEH-03721,b4f003716084416e298aa96dd670ace2,Chevrolet,Malibu,2024,4,petrol,RUH
VEH-03722,64aaf40d302bbafab7ace9ad3d81f4ae,Toyota,Camry,2026,4,petrol,RUH
VEH-03723,fd173a4cd127931cbd49ef875b223aaa,Tesla,Model 3,2021,4,electric,RUH
VEH-03724,b1e71fda35cdc3a7913900491699bbc9,Nissan,Altima,2023,4,petrol,JED
VEH-03725,4e756e139594fa79dcb03c7df2eb0410,Hyundai,Elantra,2021,4,petrol,RUH
VEH-03726,8e96b8e4e64bc3dceecd350413146722,Honda,Accord,2022,4,petrol,JED
VEH-03727,d7d8ba47fa1f1f7b2fff8a213eb59e99,Toyota,Corolla,2023,4,petrol,RUH
VEH-03728,41bb15e2ec9dcb4b32aa222ba8636764,Chevrolet,Malibu,2018,4,petrol,RUH
VEH-03729,3b939af3d5fe5038e708f21c88a12baf,Kia,K5,2026,4,petrol,JED
VEH-03730,54895ce794420f1723c443d5148344b0,Toyota,Camry,2026,4,petrol,RUH
VEH-03731,782100346581558c79de29a3183f6635,Kia,Cerato,2024,4,petrol,RUH
VEH-03732,d6eaeba1789d0b26dcf94af0dda84054,Hyundai,Sonata,2022,4,petrol,DMM
VEH-03733,ff049eab8e8ab0001cd88889211ff647,Hyundai,Elantra,2022,4,petrol,JED
VEH-03734,e54129fc2854b469bb4260fb2b84d160,Toyota,Land Cruiser,2026,7,petrol,RUH
VEH-03735,30ebbe4bebda508ac5a0ede883b52fe7,Toyota,Land Cruiser,2023,7,petrol,RUH
VEH-03736,310732b0fea523a5c3b08a3e484c5e3a,Nissan,Sunny,2021,4,petrol,RUH
VEH-03737,579da162cd16db1df62ea5ecebbfe031,Kia,K5,2026,4,petrol,JED
VEH-03738,368f9e6593c6ac899dd68e2cdf1331cc,Hyundai,Sonata,2023,4,petrol,RUH
VEH-03739,77e57955b1ea5ac05f7dff08db0c61bb,Honda,Accord,2022,4,petrol,RUH
VEH-03740,6592878797a0b60df72b6ad0ab989786,Kia,Cerato,2026,4,petrol,JED
VEH-03741,dd6a79f335486ccb7f1b93586dd67835,Toyota,Hiace,2018,11,diesel,RUH
VEH-03742,5b148aa03c5696717758c56aaf6de657,Hyundai,Elantra,2021,4,petrol,JED
VEH-03743,0e91f7d06a27d5641e0459774749075b,Kia,Cerato,2024,4,petrol,JED
VEH-03744,61b3ca4a147d4b48589e61f02b6f12b7,Hyundai,Elantra,2025,4,petrol,RUH
VEH-03745,f022083112e39f90910966a52f74ba7c,Hyundai,Accent,2024,4,petrol,RUH
VEH-03746,809e20bcf2449c2fed4003dc3b9bc068,Toyota,Camry,2022,4,petrol,DMM
VEH-03747,7842e42d524e849454159d72dc1432b9,Toyota,Hiace,2025,11,diesel,DMM
VEH-03748,8724c490f295ea45d554e7f4597140f2,Toyota,Camry,2025,4,petrol,JED
VEH-03749,d7112e24e168a3e714fd1b7d97c7045b,Toyota,Camry,2019,4,petrol,DMM
VEH-03750,b733b11303025d5db3d70f8a45d3efbc,Toyota,Land Cruiser,2021,7,petrol,DMM
VEH-03751,4a15722ca7170fa246d7bd6d7c0bc7e1,Toyota,Corolla,2022,4,petrol,JED
VEH-03752,2a42943529cd14162cd14c7c1b6efa55,GMC,Yukon,2023,7,petrol,JED
VEH-03753,6514895221e6d1fd0b04d94acdd65abb,Nissan,Altima,2025,4,petrol,JED
VEH-03754,d4b88f28cdba7f439b1086dc8efde0ab,Hyundai,Elantra,2026,4,petrol,RUH
VEH-03755,8261cf1c8f43f79583a01fc5042cad88,Hyundai,Elantra,2021,4,petrol,JED
VEH-03756,b408869cd2dd0db5aad56d1d0f7063ab,Toyota,Camry,2026,4,petrol,RUH
VEH-03757,fb2e7c5f1d9be9f53cc91c97340d145f,Toyota,Hiace,2024,11,diesel,DMM
VEH-03758,04dbccfdc4aeea0fdc8cb3ec25b42597,Toyota,Land Cruiser,2022,7,petrol,JED
VEH-03759,24a5e3ffd2f5a104803eb44843ecc6a1,Hyundai,Sonata,2021,4,petrol,RUH
VEH-03760,737dc66147c6874f10e30ed5bd6ea410,Toyota,Camry,2024,4,petrol,DMM
VEH-03761,77b050e959fec28f355956a718c13331,Hyundai,Sonata,2023,4,petrol,JED
VEH-03762,5cc3b717b98035e859830349f3175034,Toyota,Corolla,2025,4,petrol,RUH
VEH-03763,ea32cea8d563de8b513d22ded9b09c9e,Toyota,Corolla,2021,4,petrol,DMM
VEH-03764,d17e51035e221b57450930556379966a,Honda,Accord,2021,4,petrol,DMM
VEH-03765,e1a4773e67fd4d3dab23a7ddb2757268,Honda,Accord,2024,4,petrol,JED
VEH-03766,a43988b0d7bd964c3a23367956020ffd,Hyundai,Elantra,2025,4,petrol,RUH
VEH-03767,c870fea97026cd7d78676d5a02b90106,Toyota,Camry,2023,4,petrol,JED
VEH-03768,6234329ef3f8898292af714d1bfbf50c,Hyundai,Sonata,2020,4,petrol,DMM
VEH-03769,ceee9019e8420b38c054bb57a6563ad3,Toyota,Corolla,2021,4,petrol,DMM
VEH-03770,23a84e4c84ce752e8007bf1e187eec1b,Toyota,Camry,2024,4,petrol,JED
VEH-03771,1139e7cb9cce410f4b94fa31db9539a8,Nissan,Sunny,2024,4,petrol,RUH
VEH-03772,e88bcd7404e6f98f12c9e96ef64b8507,Toyota,Corolla,2025,4,petrol,DMM
VEH-03773,77efbb21c35830cf21b328237357ed05,Hyundai,Sonata,2020,4,petrol,JED
VEH-03774,ebef9cd08811e47db0efeab3ac154ff1,Lexus,ES 300h,2024,4,hybrid,JED
VEH-03775,da7124a108e2438fad57961030a1c400,Toyota,Corolla,2026,4,petrol,RUH
VEH-03776,43cdfe873ec795d89c59178d58fded8b,Lexus,ES 300h,2020,4,hybrid,JED
VEH-03777,64f48b6e78bc07c49735df2f29503e28,Kia,K5,2024,4,petrol,JED
VEH-03778,81218b37cc9c0d67db663cd01b523ec0,Kia,Cerato,2018,4,petrol,DMM
VEH-03779,64774ab4dac31b3b2cd55d3444e32fbc,Toyota,Camry,2020,4,petrol,RUH
VEH-03780,5d39a97d0f74e5d8fc6a90fe5ae4efa9,Toyota,Camry,2025,4,petrol,JED
VEH-03781,bdfb94b7b3bd70f7d5756f6f4f3c033f,Hyundai,Accent,2019,4,petrol,RUH
VEH-03782,b891660fbd5447f290dda968b9f0273f,Honda,Accord,2022,4,petrol,RUH
VEH-03783,3a76acdfd6e95f3862f2fbed0b6407ec,Toyota,Corolla,2024,4,petrol,DMM
VEH-03784,266f515080f07bc22488de68a36acd60,Nissan,Altima,2023,4,petrol,JED
VEH-03785,42f586866b78c2ef796e7278aa8ca00e,Toyota,Camry,2026,4,petrol,RUH
VEH-03786,2533e645bce9597feaed258bf87b1e17,Hyundai,Accent,2020,4,petrol,RUH
VEH-03787,0f75bf076c43dcbac5097ac9accbd884,Kia,Cerato,2025,4,petrol,RUH
VEH-03788,86668fbb6dd7bb990bef847c1b135cb6,Chevrolet,Malibu,2025,4,petrol,RUH
VEH-03789,cd8587361a72902ab9e59f7ac04157f5,Kia,K5,2018,4,petrol,RUH
VEH-03790,059f1deed811edfbeb434552d83bf60b,Kia,Cerato,2018,4,petrol,RUH
VEH-03791,08316956666c88584fa75e593512e779,Toyota,Corolla,2022,4,petrol,JED
VEH-03792,95dd83845014089be69111bb86e304fa,Toyota,Camry,2020,4,petrol,RUH
VEH-03793,8e7f55cd030a89681ac0b38f9afe3167,Nissan,Altima,2024,4,petrol,RUH
VEH-03794,b8a31a9f1f71b7e923b007775b876e95,GMC,Yukon,2022,7,petrol,RUH
VEH-03795,d04ddb94ce5a60dea1b6b2cfb2666a5e,Kia,K5,2021,4,petrol,RUH
VEH-03796,bc328bcab39133b6a73aec131e319187,Hyundai,Accent,2026,4,petrol,RUH
VEH-03797,d25b9f7310b33321f77e51ab894ad008,Toyota,Corolla,2023,4,petrol,DMM
VEH-03798,2d66b3c9bbfbe43fdc99b07433a86095,Hyundai,Accent,2025,4,petrol,JED
VEH-03799,32ca81a78b9730ddceb0db0a35016a57,Kia,Cerato,2022,4,petrol,RUH
VEH-03800,3717cf1977b84e93476ac35cc8c138d7,Hyundai,Accent,2024,4,petrol,RUH
VEH-03801,087aab03a9a2b3ccbb062737d0173e54,Kia,Cerato,2023,4,petrol,JED
VEH-03802,f2da02ea658689d797d11e0dd6428d01,Chevrolet,Malibu,2026,4,petrol,DMM
VEH-03803,07408141c91fe676ca8e7f27b96fe0dd,Toyota,Corolla,2026,4,petrol,JED
VEH-03804,3059db9dd25c7f0b9489599d922921d5,Nissan,Altima,2026,4,petrol,RUH
VEH-03805,a3725dab090999512d363eb0c5ee868f,Hyundai,Elantra,2022,4,petrol,JED
VEH-03806,c08e90ab063fa37960a0570336d8d8bc,Hyundai,Elantra,2024,4,petrol,JED
VEH-03807,4793f59e1dd4ef8e0d91d8a718a62070,Toyota,Camry,2023,4,petrol,RUH
VEH-03808,72dc7ce2e7b498a37d729c35f3472546,Kia,Cerato,2025,4,petrol,JED
VEH-03809,b5a65ec8d3f7a1f3bdc07bbc7a2bbcf1,Toyota,Hiace,2021,11,diesel,RUH
VEH-03810,13c93687cc90969d9067892ee130f724,Toyota,Corolla,2023,4,petrol,DMM
VEH-03811,db0b1a9f4d47cdb246d700bb2c0eb539,Kia,K5,2022,4,petrol,RUH
VEH-03812,b45ec078f242527a8bcdfa9361eb4743,Hyundai,Sonata,2021,4,petrol,DMM
VEH-03813,2a63cd2cafaf70eef78dd0a9091e9a7d,Kia,K5,2024,4,petrol,RUH
VEH-03814,a13f29bd74eff17601b52a0b2442c49b,Toyota,Corolla,2019,4,petrol,RUH
VEH-03815,4a424abaf46a8c195a7f62d2d76e32f2,Hyundai,Sonata,2025,4,petrol,DMM
VEH-03816,b3c1448e3f1f2c255f4ea53b1efa61e2,Nissan,Altima,2021,4,petrol,JED
VEH-03817,28271e03baefaec1349e6d54efbb3a48,Nissan,Sunny,2019,4,petrol,DMM
VEH-03818,5df54491eda27694e496407878ab2c35,Hyundai,Accent,2026,4,petrol,RUH
VEH-03819,f9d63b88c1994650d615fe312a0cb4e0,Nissan,Altima,2021,4,petrol,RUH
VEH-03820,aa04702a8d3a54fb15d7c3a46b136d3a,Toyota,Camry,2022,4,petrol,RUH
VEH-03821,a99d614dc3fed139274cac62b1321d49,Chevrolet,Malibu,2025,4,petrol,RUH
VEH-03822,38d271cfaa54f8a8149226eb69276245,Nissan,Altima,2021,4,petrol,RUH
VEH-03823,205cb08255068692283778103745d50c,Hyundai,Sonata,2020,4,petrol,DMM
VEH-03824,e41a66a8c6b7ef18875e474f2bf7f174,Toyota,Corolla,2026,4,petrol,DMM
VEH-03825,cba383373ce89fa5e36a7ca50cd49fc3,Chevrolet,Malibu,2026,4,petrol,DMM
VEH-03826,18f75fb0eddb0fef4eb056d755a10422,Chevrolet,Malibu,2024,4,petrol,DMM
VEH-03827,f39bd137ac7802ad58fa149120aea82e,Toyota,Hiace,2023,11,diesel,RUH
VEH-03828,8dc632253ad76a8f0ab54b52a673ac7c,Honda,Accord,2024,4,petrol,JED
VEH-03829,cb9d2a292a28ab21faa282adb08e856e,Nissan,Altima,2024,4,petrol,DMM
VEH-03830,fe760d7c1681a6019adb5b95b56f97be,GMC,Yukon,2024,7,petrol,RUH
VEH-03831,8b76ad2b7516a6bd038a3ce90fbf5e47,Toyota,Corolla,2024,4,petrol,JED
VEH-03832,05b0a64ee374bbda2fc39d2db1126776,Kia,Cerato,2026,4,petrol,JED
VEH-03833,7ebf40c1495e3522b53025a6baeacf93,Toyota,Hiace,2023,11,diesel,RUH
VEH-03834,f85ab6a2ec2623c30d4a9c1896cd180a,Nissan,Altima,2025,4,petrol,RUH
VEH-03835,d81a388ac566789daa401e1be7fae028,Toyota,Camry,2021,4,petrol,RUH
VEH-03836,2ff44ebbf0a83cfbeed10fe5326794c5,Kia,K5,2025,4,petrol,JED
VEH-03837,7096d0f380e3703216eec5db6f082dd6,Toyota,Corolla,2023,4,petrol,JED
VEH-03838,4ce7e0c0409271f57897b5ece5465f61,Nissan,Sunny,2023,4,petrol,RUH
VEH-03839,3fd67f66defb2a365eba00115dab80b2,Hyundai,Accent,2024,4,petrol,RUH
VEH-03840,5c8ce1372b10a2121b3eb1fb20e49652,Toyota,Corolla,2024,4,petrol,RUH
VEH-03841,6b8f0916e0ad5fb23ca1eb087857740a,Kia,Cerato,2025,4,petrol,RUH
VEH-03842,f30b4dc67f4035fa22ef3c1ca0cfc21e,Hyundai,Elantra,2018,4,petrol,RUH
VEH-03843,dafd83b4f3dca3091f2835a932036792,Hyundai,Elantra,2022,4,petrol,JED
VEH-03844,6d29d6f9acfd82d3b6fd74c98cab1cc0,Kia,Cerato,2018,4,petrol,JED
VEH-03845,b2fb742945ba0ad6cb42654eaf3b48e0,Hyundai,Elantra,2026,4,petrol,RUH
VEH-03846,0fcdaf458dcc15999066fae5f8732c7d,Kia,K5,2023,4,petrol,JED
VEH-03847,a4c6a08cfeb08f35edf090d2bddd3371,Hyundai,Elantra,2021,4,petrol,RUH
VEH-03848,cc2d428d44a7555cf05aa48abadce3dd,Toyota,Camry,2024,4,petrol,RUH
VEH-03849,4abf83a1984e049eec645b2b758f05d8,Hyundai,Sonata,2025,4,petrol,DMM
VEH-03850,83f59a0c1b7c2e7aa18ab8e0a93ffd95,Nissan,Altima,2024,4,petrol,JED
VEH-03851,78320484596b302b7083b37b02b6074b,Toyota,Land Cruiser,2024,7,petrol,RUH
VEH-03852,1eb241ba9e4708d7c34decea89ebdc16,Toyota,Camry,2025,4,petrol,JED
VEH-03853,8672595b290d9be4d92efc72b77dc374,Nissan,Sunny,2024,4,petrol,JED
VEH-03854,d067918f42b776ce0724880a5be5bac5,Hyundai,Accent,2025,4,petrol,JED
VEH-03855,3272e4630c3a3c3b7fad9a2d8280e2f8,Nissan,Altima,2022,4,petrol,RUH
VEH-03856,bf6f089ffc7af5cfce5074916c7faaa9,Nissan,Sunny,2025,4,petrol,RUH
VEH-03857,a01c380e6b014a7de747c03c7253f0da,Honda,Accord,2018,4,petrol,DMM
VEH-03858,376de09d77b79bf50e4534502c7ab993,Kia,Cerato,2022,4,petrol,RUH
VEH-03859,7b6c9e8ee760fff218a0e43aebb46586,Hyundai,Sonata,2023,4,petrol,JED
VEH-03860,2d027d944bbe606ba719ae9bb1ebe9ed,Toyota,Corolla,2024,4,petrol,RUH
VEH-03861,569dc0db652e204ebfbcba7d027e04cf,Hyundai,Accent,2026,4,petrol,RUH
VEH-03862,ab455d16bc8e0080214a03757ca15d21,Nissan,Altima,2022,4,petrol,JED
VEH-03863,2c7af2d96b4336a032e9a8967040ea17,Hyundai,Elantra,2021,4,petrol,RUH
VEH-03864,6fdb3a35b982ee7bfe9ce89799f5f8d8,Hyundai,Accent,2019,4,petrol,RUH
